6108 11410
0 2013.53 1731.68
1 3455.03 424.832
2 1724.47 2297.84
3 1353.8 2336.06
4 263.287 544.859
5 728.162 1757.23
6 1634.98 3663.8
7 2585.12 1471.25
8 1834.95 237.801
9 3580.75 3569.86
10 1945 1138.86
11 1100.19 1065.5
12 1772.04 1869.34
13 3098.61 2723.65
14 211.262 1516.41
15 1206.11 798.44
16 2492.6 1169.3
17 1511.75 587.735
18 3196.63 84.4174
19 2420.1 1969.98
20 2592.38 1483.78
21 152.629 1228.86
22 2646.83 3828.81
23 2883.97 1520.45
24 3596.35 310.008
25 1460.81 330.35
26 2977.03 1057.44
27 1134.65 2530.13
28 3198.96 2913.79
29 2772.62 3427.89
30 2385.71 2046.57
31 665.811 3083.69
32 1722.25 289.641
33 2390.96 1690.79
34 229.637 1895.81
35 2099.65 3679.01
36 1407.67 171.866
37 2744.91 1160.5
38 961.864 306.071
39 570.185 206.98
40 3783.06 1395.05
41 2232.22 3639.09
42 3251.18 342.989
43 1270.59 3504.52
44 1495.47 657.544
45 544.502 2594.01
46 3704.74 2165.16
47 3465.49 2119.17
48 1774.48 1879.26
49 2193.19 3015.67
50 2293.02 2560.09
51 3010.61 3588.44
52 2386.66 2780.81
53 1499.32 1458.59
54 98.9334 3357.72
55 1465.99 3013.22
56 572.875 150.949
57 652.303 802.51
58 3735.62 3015.54
59 166.015 1676.7
60 2932.64 3150.77
61 3009.39 2828.71
62 3646.57 1870.68
63 1599.84 287.31
64 2340.46 2612.6
65 3758.96 169.016
66 2001.67 1523.82
67 1186.82 1903.24
68 987.528 2071.12
69 1545.53 1020.89
70 2963.62 307.094
71 1953.84 3412.86
72 2444.23 755.893
73 1702.63 743.561
74 1869.59 1147.56
75 1990.74 2133.75
76 2502.19 863.538
77 2736.21 3516.48
78 1751.34 3406.91
79 1289.69 2888.49
80 3335.99 3343.8
81 1309.43 3655.02
82 2569.23 2161.63
83 3070.38 1003.74
84 726.58 3593.72
85 521.198 2128.27
86 2674.8 2361.61
87 2409.09 2973.76
88 2840.03 856.532
89 950.654 902.166
90 1258.87 2877.96
91 2718.03 132.031
92 2570.09 1302.73
93 2914.23 3804.92
94 1093.61 901.388
95 3773.18 2625.94
96 1144.9 3591.47
97 1012.03 1758.51
98 1526.45 1987.69
99 1065.38 2120
100 3500.04 1069.26
101 2492.12 3465.17
102 1548.28 582.634
103 387.946 313.652
104 2122.42 1698.71
105 322.063 3825.49
106 3482.11 1402.4
107 833.761 2887.65
108 1270.93 616.021
109 1754.85 3472.19
110 672.753 3824.89
111 1808.68 264.196
112 1976.26 1003.39
113 268.638 582.276
114 997.509 2952.22
115 16.8103 685.522
116 1086.97 2200.88
117 1992.4 3723.02
118 2631.3 605.673
119 1279.32 191.071
120 1104.42 396.748
121 1413.03 3595.64
122 3193.01 1176.25
123 3631.75 1191.75
124 3483.28 3692.09
125 1873.39 2641.95
126 3580.8 926.68
127 1914.2 2314.31
128 2226.87 888.967
129 1799.27 223.484
130 872.707 103.201
131 2536.41 3596.2
132 554.099 3063.87
133 1639.85 3831.7
134 2162.46 3305.71
135 1344.1 3052.26
136 2637.7 306.591
137 1165.95 3541.69
138 51.5911 2048.79
139 736.222 3861.13
140 3627.51 2357.59
141 1427.7 2775.29
142 1542.85 827.419
143 1295.29 2793.29
144 2566.59 3809.58
145 3046.4 525.388
146 1792.48 3307.83
147 607.63 3817.18
148 1122.42 1956.55
149 3210.71 2156.41
150 3502.2 1848.04
151 762.548 1100.21
152 710.717 2699.23
153 395.106 1947.31
154 50.9882 3369
155 2389.42 1295.07
156 1050.12 2754.96
157 1961.08 2828.86
158 2962.89 2896.4
159 3054.54 3491.51
160 468.105 3512.81
161 892.019 1800.31
162 3586.47 1040.87
163 2607.51 1782.92
164 2238.53 2619.31
165 3448.7 1091.22
166 3766.57 2042.98
167 1084.25 1740.76
168 1294.43 3432.98
169 640.14 2105.03
170 1442.69 178.751
171 23.8191 3236.54
172 2659.83 2098
173 3487.16 2058.4
174 2085.66 2782.39
175 1354.17 282.088
176 2372 2744.94
177 2322.98 269.713
178 703.402 525.622
179 3174.12 948.693
180 736.955 701.396
181 2103.65 389.24
182 2949.98 3406.96
183 562.38 767.322
184 3111.05 811.49
185 3395.85 130.376
186 3134.81 2197.28
187 1035.92 983.14
188 1489.51 3073.33
189 2438.72 3104.59
190 2750.07 3531.61
191 2570.74 1360.56
192 393.955 2267.68
193 3482.44 582.535
194 541.377 2980.9
195 2452.28 2947.21
196 1694.81 3129.74
197 1002.84 2545.91
198 3813.89 3797.85
199 1860.44 1940.68
200 1004.29 3871.3
201 287.068 3518.34
202 168.641 1723.99
203 2604.65 3821.29
204 1516.2 548.823
205 1515.83 2479.87
206 9.98834 439.487
207 3511.19 415.767
208 3505.63 2726.25
209 1554.85 2389.1
210 1562.42 520.046
211 1965.12 2332.67
212 79.5278 2910.61
213 452.192 2684.59
214 3679.5 1080.9
215 2113.31 2185.59
216 932.871 2906.55
217 3655.6 3314.26
218 2672.49 675.459
219 3234.91 3078.96
220 2390.22 2909.43
221 1622.14 1647.13
222 2315.12 2462.37
223 2883.49 1247.11
224 1220.17 433.18
225 2365.03 2109.31
226 3046.79 3220.92
227 1372.13 1525.92
228 971.3 246.942
229 140.48 1802.3
230 3422.52 2448.17
231 2369.97 438.303
232 3675.6 3686.3
233 2795.62 3844.23
234 605.915 2942.71
235 2962.65 1239.27
236 2373.5 1495.69
237 2324.23 2032.43
238 2221.12 2147.44
239 606.91 2922.91
240 1315.82 714.913
241 2907.5 2011.54
242 1625.11 1844.21
243 3721.31 3655.73
244 3328.34 1238.36
245 545.068 2137.21
246 982.261 1208.36
247 2358.64 2492.22
248 1001.63 2473.9
249 552.371 880.123
250 2439.62 749.477
251 2552.4 750.759
252 3188.23 2827.33
253 3446.9 2869.19
254 1442.73 3072.28
255 2577.67 1126.64
256 3472.64 595.494
257 2428.69 1922.46
258 2605.27 410.632
259 228.916 151.954
260 1001.71 2586.49
261 3288.42 1662.28
262 1228.67 1750.98
263 927.788 2063.74
264 1284.2 1246.75
265 239.465 1624.01
266 3319.35 3619.4
267 3585.29 682.038
268 3792.93 2308.94
269 911.943 1804.38
270 1488.22 3057.61
271 3552.16 378.384
272 3496.46 1674.82
273 2231.56 2414.04
274 2919.16 1760.62
275 3342.45 479.958
276 3482.63 1220.82
277 330.659 1279.21
278 362.085 1482.79
279 3773.51 1895.09
280 968.702 1371.53
281 1739.4 3521.43
282 1297.36 1544.2
283 2444.65 3853.58
284 1756.95 168.703
285 1156.58 687.006
286 250.068 164.642
287 2686 2852.32
288 255.876 178.267
289 182.673 3824.4
290 2625.26 2007.65
291 1499.28 181.078
292 3707.96 1696.36
293 2739.07 3195.95
294 2475.87 3527.71
295 233.644 255.698
296 987.11 774.246
297 3510.37 3684.83
298 2189.78 642.427
299 415.972 2891.22
300 3625.58 1812.89
301 3803.53 3186.02
302 3215.37 1403.85
303 1364.5 1237.27
304 2198.17 2738.34
305 2621.2 589.676
306 3745.77 686.902
307 154.623 1629.56
308 447.26 3829.11
309 3718.04 2281.97
310 1504.68 3661.7
311 3805.97 1714.37
312 2290.31 1438.39
313 2954.64 2167.6
314 3165.15 1113.38
315 511.112 1256.85
316 1269.51 91.7767
317 2251.15 3595.96
318 90.2697 1060.71
319 2527.03 989.826
320 3123.81 3085.46
321 107.943 2858.82
322 3674.88 3676.4
323 914.576 2380.81
324 1584.24 3010.51
325 1067.8 2848.93
326 2545.39 2102.55
327 3561.25 3616.41
328 1757.75 291.066
329 3073.14 1296.05
330 531.571 3146.09
331 3495.87 1797.21
332 1538.07 2197.26
333 3563.98 1258.46
334 2970.02 669.335
335 3043.82 2820.4
336 1539.62 3133.61
337 647.519 485.553
338 896.944 3770.35
339 1514.02 685.045
340 2584.03 1376.88
341 417.086 3305.34
342 1362.09 963.666
343 1558.47 590.486
344 1977.34 3470.35
345 1018.83 2334.67
346 3154.97 548.417
347 3779.25 1995.38
348 3550.21 464.62
349 2291.67 1962.92
350 3129.38 3413.43
351 2375.43 441.352
352 3310.47 3315.85
353 2559.72 1802.36
354 2161.29 549.736
355 2554.22 666.635
356 2330.28 266.776
357 233.055 3035.92
358 2483.09 3280.43
359 2707.38 2686.09
360 2478.56 3603.25
361 165.108 2574.17
362 1869.49 3084.61
363 2796.18 3706.25
364 1525.11 2442.91
365 561.001 985.912
366 269.675 3477.4
367 3873.32 3763.42
368 1554.94 3364.73
369 2981.02 433.05
370 2780.85 3396.15
371 810.787 16.7052
372 2071.82 2713.43
373 2818.51 3679.51
374 110.24 2959.04
375 3739.59 425.859
376 538.568 3427.3
377 3283.08 2294.17
378 454.748 1383.12
379 3786.82 207.145
380 3540.24 3450.13
381 654.632 2913.11
382 2682.01 1636.21
383 3451.58 977.428
384 1692.33 1446.65
385 40.9151 783.982
386 1301.82 1735.99
387 2277.95 3509.92
388 3521.16 3514.48
389 2418.38 2693.35
390 807.657 2240.65
391 301.108 3299.18
392 1218.57 991.79
393 369.924 2695.32
394 676.994 1905.04
395 2330.51 1113.4
396 3287.08 2943.91
397 2642.42 3055.77
398 702.291 3768.27
399 3520.17 372.752
400 476.228 3291.02
401 1232.28 2629.01
402 2487.12 2097.3
403 941.46 1623.78
404 3206.25 817.541
405 358.712 1142.79
406 482.313 13.4623
407 2249.83 3766.3
408 496.742 924.052
409 2766.06 3562.39
410 3247.5 3360.6
411 154.078 3195.91
412 3754 561.227
413 2790.34 3427.17
414 2499.47 1872.42
415 1071.64 3490.53
416 3037.45 1134.08
417 3519.86 3502.94
418 3354.05 2781.43
419 1558.11 3544.22
420 1920.84 142.363
421 46.6089 2072.3
422 604.723 2924.91
423 3397.26 3097.09
424 3052.68 780.956
425 1107.45 3067.54
426 619.653 94.6084
427 930.26 1197.4
428 377.499 3191.77
429 365.292 2228.1
430 2150.65 2326.58
431 17.7904 2914.67
432 757.087 550.116
433 44.6322 2099.59
434 1798.72 3558.43
435 2116.42 1070.82
436 3612.96 1917.48
437 3777.77 2020.19
438 3030.81 237.993
439 2951.44 647.842
440 2358.9 1857.79
441 993.33 3591.22
442 104.617 1771.64
443 3228.02 1309.26
444 175.059 2566.33
445 1947.45 2578.93
446 2231.46 398.378
447 435.25 474.428
448 1896.52 3755.12
449 9.6774 2315.76
450 3394.7 1316.63
451 1205.49 3836.24
452 1241.18 1432.52
453 2838.44 2242.28
454 2570.93 2854.39
455 3356.16 2979.63
456 1374.89 491.959
457 3141.27 2689.93
458 464.202 2515.43
459 1881.36 2344.27
460 690.163 3241.36
461 3512.16 1897.54
462 2824.61 2451.19
463 3685.93 2111.52
464 1341.22 1380.67
465 2452.42 2945.21
466 2202.29 1368.7
467 1802.85 2441.42
468 1485.88 3631.43
469 3536.55 2248.87
470 2483.18 3386.98
471 3123.8 1569.01
472 1160.1 2638.35
473 1257.28 2812.88
474 1462.39 1479.79
475 858.022 1141.01
476 3754.91 615.301
477 1333.76 2304.13
478 3645.71 1842.93
479 3408.79 1127.19
480 2187.55 3767.65
481 3432.74 904.795
482 469.857 2840.54
483 916.945 2956.91
484 2361.84 1790.45
485 3350.74 3164.25
486 573.89 2992.79
487 2363.28 2643.49
488 2617.77 1132.07
489 1928.01 1463.68
490 139.31 647.297
491 3816.63 224.729
492 3775.52 246.279
493 1796.07 131.381
494 503.915 2640.18
495 3320.7 2729.33
496 3093.11 3870.26
497 1102.13 2477.47
498 963.801 3714
499 615.207 754.737
500 1577.03 2120.6
501 966.131 2722.26
502 2034.42 3078.83
503 161.127 584.138
504 2874.82 877.16
505 805.682 3443.72
506 1552.76 3329.78
507 3390.89 567.663
508 3281.28 1075.93
509 3420.85 3553.85
510 939.821 3587.41
511 857.186 1037.64
512 3598.38 376.439
513 3252.04 561.132
514 2157.18 3594.72
515 372.129 2762.1
516 1234.6 1736.57
517 2780.03 711.358
518 1223.88 2538.58
519 3880.11 2291.29
520 889.196 3273.92
521 668.278 2616.37
522 1809.03 1762.63
523 2437.12 1690.94
524 2606.37 1294.59
525 3561.5 3078.41
526 917.766 3780.17
527 1116.03 927.303
528 107.04 2061.44
529 304.053 3146.34
530 273.246 2877.39
531 1732.47 3128.83
532 2899.5 567.417
533 1135.85 1899.79
534 390.141 1415.96
535 3132.33 3723.88
536 915.011 1094.6
537 2358.52 2289.36
538 3090.21 2999.02
539 3790.15 3754.2
540 7.32761 3211.44
541 3685.8 971.62
542 632.91 2023.09
543 2425.45 3371.34
544 1824.76 706.921
545 3803.03 2340.76
546 1686.06 1861.7
547 1106.88 326.082
548 1894.9 2277.73
549 3430.8 1207.09
550 1899.6 733.285
551 3517.46 972.473
552 1727.9 976.34
553 3536.45 2386.28
554 2196.94 3823.71
555 1044.64 2281.96
556 3420.35 1656.06
557 1623.14 2838.68
558 310.221 2244.24
559 3727.85 3548.07
560 568.139 705.288
561 3752.47 1934.62
562 862.785 3286.63
563 1425.09 3360.68
564 2554.52 664.536
565 1556.9 2636.36
566 216.782 2048.53
567 700.235 705.452
568 741.336 2301.76
569 1652.22 2067.39
570 992.1 1364.61
571 446.649 2791.31
572 3379.54 3303.76
573 2750.6 1068.9
574 2042.02 2855.46
575 1171.82 110.569
576 1858.57 596.448
577 2977.78 3605.21
578 2324.5 2700.88
579 1969.54 1762.56
580 1155.29 1515.04
581 1504.93 1859.91
582 2133.97 1238.23
583 2663.67 2783.65
584 1598.85 154.687
585 617.889 2294.06
586 2708.59 3400.54
587 2321 411.766
588 1071.75 1934.1
589 1757.44 2656.89
590 3151.75 2164.23
591 642.997 989.931
592 2698.02 2406.44
593 795.198 2685.1
594 2577.17 1989.93
595 2346.8 2705.89
596 2780.07 1076.18
597 340.142 89.723
598 2418.57 1901.93
599 611.883 1472.55
600 3872.05 1405.78
601 1121.3 3523.35
602 683.951 1759.96
603 3089.73 966.926
604 2314.78 2307.76
605 2492.34 3134.47
606 3574.01 3780.28
607 3537.82 288.596
608 2252.66 1150.08
609 2351.06 2566.73
610 3640.5 1959.89
611 104.39 3149.62
612 3258.06 44.63
613 2241.95 108.601
614 3271.62 412.844
615 3312.47 1401.79
616 1544.97 3528.38
617 3050.05 2966.16
618 54.4346 1922.54
619 2174.7 2754.96
620 233.994 1443.77
621 3545.67 816.979
622 3190.64 1970.03
623 1259.09 1305.98
624 334.981 142.054
625 276.136 298.155
626 2245.58 600.739
627 2338.72 1129.13
628 467.468 2125.77
629 3638.6 519.539
630 3393.52 2082.43
631 1136.37 1084.06
632 3578.67 690.131
633 3286.17 3065.73
634 3107.74 1869.34
635 2894.79 1481.98
636 158.848 1196.51
637 1773.01 1085.19
638 1894.13 2154.59
639 1386.72 2288.8
640 1628.84 2278.35
641 2930.1 1482.16
642 3430.96 2687.53
643 3564.76 3695.57
644 233.222 2250.44
645 1576.32 3698.39
646 2049.02 439.755
647 631.726 324.852
648 2020.47 1162.02
649 1446.69 1912.61
650 824.425 807.23
651 3264.79 1720.47
652 1531.24 962.203
653 798.587 1266.7
654 3029.94 3221.58
655 784.314 3905.34
656 1243.97 2734.18
657 3367.32 2975.46
658 2261.89 2998.1
659 1888.4 2796.63
660 2253.67 113.764
661 3029.14 2730.17
662 3341.29 573.317
663 1824.13 3351.59
664 3632.84 3737.59
665 347.011 3892.76
666 3299.86 2041.29
667 3239.55 2441.1
668 3115.3 2944.63
669 2910 1619.04
670 1943.96 2123.75
671 3445.03 948.282
672 1335.17 3820.41
673 1476.83 1123.67
674 1441.65 1851.79
675 2050.76 2728.65
676 2723.45 3251.2
677 1093.03 3659.84
678 2780.16 2030.76
679 843.24 1817.95
680 2970.66 1356.33
681 2880.91 3757.63
682 3336.42 89.2141
683 2891.51 1295.09
684 3849.62 3315.57
685 1746.79 24.6894
686 593.316 3655.57
687 2538.37 1181.34
688 1745.31 1114.98
689 3513.97 328.085
690 367.226 367.399
691 377.975 1417
692 1163.25 1429.82
693 3675.01 3519.07
694 897.698 1010.28
695 984.979 3717.38
696 3504.49 2361.02
697 2666.74 546.405
698 2884.7 1602.75
699 1131.8 325.317
700 2744.44 621.021
701 645.422 509.658
702 2202.41 3772.75
703 2661.84 3738.78
704 991.688 3704.09
705 3523.05 1544.77
706 2647.77 3756.56
707 2776.15 3720.83
708 469.674 3720.12
709 2159.55 537.86
710 1491.3 3862.61
711 1895.86 730.097
712 3327.04 2284.18
713 3673.5 507.763
714 230.256 1092.85
715 945.68 3466.39
716 2785.67 372.213
717 945.551 659.872
718 1709.93 486.069
719 2106.96 1892.63
720 3402.43 314.308
721 2745.11 1043.45
722 413.362 446.827
723 2022.19 596.767
724 2235.81 1848.7
725 2548.88 413.513
726 138.081 2086.11
727 2351.93 2714.52
728 98.7842 892.027
729 2804.6 187.388
730 3856.8 288.434
731 1032.62 3888.02
732 1227.55 347.555
733 376.411 1474.46
734 3048.84 3533.38
735 2352.54 3886.21
736 2162.68 1130.34
737 928.686 2185.82
738 1795.06 1564.92
739 3265.52 3564.24
740 2862.37 3481.01
741 2300.14 3501.46
742 3156.66 1494.45
743 706.87 3686.3
744 1712.19 2029.07
745 2547.62 3084.1
746 731.532 3334.88
747 3398.12 2735.8
748 728.947 3026.51
749 34.1239 1491.27
750 151.33 2060.91
751 722.754 2200.07
752 3289.75 1161.99
753 2329.28 3711.8
754 1101.43 3557.91
755 2847.24 375.401
756 2926.75 3200.11
757 2198.14 2650.77
758 1547.95 1759.91
759 3352.06 1142.19
760 1227.24 1642.99
761 3815.82 652.627
762 1743.81 2897.3
763 203.874 2084.67
764 1591.1 274.725
765 32.4107 3890.45
766 160.201 893.796
767 1599.75 2438.81
768 1281.62 3577.34
769 3591.49 1236.14
770 3049.81 2322.53
771 1113.87 3555.36
772 2274.4 860.998
773 1145.8 2841.54
774 173.525 3385.86
775 2997.27 3233.44
776 2153.25 2645.02
777 730.167 1157.49
778 2052.2 740.85
779 2243.07 3569.4
780 1240.42 704.065
781 3627.26 3091.25
782 1301.34 2207.49
783 2189 2062.8
784 3584.5 2977.92
785 2652.33 24.0457
786 3640.56 3421.23
787 3505.27 3303.1
788 3224.46 3483.47
789 1594.2 2207.52
790 2295.86 240.72
791 3709.1 2398.29
792 740.139 796.546
793 3282.6 1192.62
794 2491.08 2537.18
795 1280.83 159.842
796 1323.02 3031.09
797 1569.91 1550.49
798 3047.61 319.209
799 2685.96 2873.11
800 1369.77 810.123
801 556.335 1464.23
802 1344.93 1793.88
803 22.2511 1731.28
804 2083 2865.27
805 3649.24 1192.89
806 3673.34 2874.99
807 33.6165 65.9582
808 3137.03 2307.72
809 79.8845 2551.54
810 3418.44 320.17
811 1923.56 1912.18
812 334.274 3207.8
813 3890.55 396.467
814 1323.74 1275.74
815 1514.6 2028.05
816 2663.82 845.303
817 475.358 2653.48
818 619.748 71.0629
819 3220.82 2594.06
820 2069.51 3550.32
821 3304.88 1695.87
822 3394.05 2078.26
823 1148.99 2778.51
824 1482.37 2040.14
825 1192.8 1309.77
826 3525.95 271.647
827 1194.79 1021.29
828 2165.55 633.682
829 966.864 1444.7
830 3111.29 3310.7
831 1299.47 3836.12
832 3483.1 3765.45
833 2252.73 2586.51
834 992.306 3593.18
835 2036.69 2865.91
836 3432.21 654.055
837 187.018 705.052
838 710.497 3794.09
839 1173.64 780.126
840 1136.05 2507.23
841 3752.67 2945.65
842 1202.42 2269.48
843 3596.85 803.294
844 3652.84 3254.03
845 242.846 911.399
846 3461.29 781.624
847 2619.15 1467.74
848 1120.82 1954.42
849 494.348 3097.48
850 2426.04 380.578
851 2537.39 662.506
852 1009.85 223.794
853 3207.54 360.943
854 3523.05 2131.25
855 3185.06 1736.92
856 1648.8 2892.15
857 1235.75 274.203
858 2623.96 3046.08
859 658.745 1131.23
860 3194.59 2439.11
861 1681.94 211.016
862 3148.33 337.808
863 976.562 1464.43
864 2929.38 1148.92
865 3491.77 1917
866 587.495 2823.66
867 3075.1 440.119
868 1434.93 279.284
869 3302.87 2455.86
870 3780.27 1086.87
871 186.419 1649.04
872 1075.27 1564.09
873 3733.73 560.791
874 370.741 2992.32
875 185.483 2740.13
876 1191.97 2352.95
877 2601.39 536.392
878 859.547 1690.24
879 2196.68 669.791
880 1037.81 3438.39
881 2048.33 1702.84
882 553.713 504.864
883 150.415 2432.69
884 591.026 2829.89
885 1745.02 2376.61
886 3244.2 3480.65
887 1570.15 1167.87
888 463.751 1169.99
889 2930.56 2894.06
890 1982.91 3172.19
891 3845.33 1715.29
892 617.112 3659.34
893 274.125 1764.95
894 2403.71 2939.25
895 906.053 3023.88
896 2408.37 2414.9
897 920.754 1362.35
898 2970.42 3430.43
899 635.945 3518.85
900 864.447 3864.02
901 131.545 533.386
902 3235.44 918.068
903 3214.49 102.705
904 316.562 2569.59
905 3662.29 2738.38
906 14.2911 1480.88
907 2163.47 709.125
908 1191.49 3834.43
909 1270.88 2520.97
910 2936.66 2967.69
911 1354 610.459
912 2397.91 2856.26
913 2635.25 1245.05
914 1812.96 650.882
915 1341.79 1646.43
916 3295.47 411.552
917 1396.46 727.137
918 596.351 3162.14
919 2601.54 2852.53
920 536.587 1929.57
921 2019.01 2886.19
922 1732.95 454.802
923 1288.14 2488.94
924 923.978 3297.26
925 2432.92 2138.16
926 1725.46 2616.65
927 3021.14 21.8834
928 3692.31 1566.35
929 2856.79 1698.23
930 1327.76 1306.93
931 736.127 1589.31
932 530.536 2486.13
933 1219.85 229.519
934 1805.86 1868.14
935 1352.38 2352.04
936 1970.17 1326
937 971.151 664.66
938 1978.08 58.419
939 3282.65 581.562
940 19.8466 3740.23
941 3831.66 2089.01
942 3644.87 3811.77
943 639.472 1083.4
944 3317.22 1015.43
945 149.664 3075.42
946 2760.53 1984.91
947 409.165 459.007
948 2570.2 2012.73
949 3870.07 1693.75
950 719.133 1189.56
951 290.582 1642.68
952 3074.8 3118.88
953 2957.65 1530.26
954 5.32425 1819.17
955 2022.88 3093.5
956 845.766 2704.4
957 183.187 1666.57
958 2618.87 1443.51
959 204.019 1106.15
960 412.33 2727.1
961 141.469 2164.87
962 1748.87 1758.21
963 1465.19 3356.01
964 2034.56 3206.08
965 399.355 3888.36
966 2552.17 1335.62
967 848.759 3628.47
968 777.871 2346.1
969 1007.92 2075.21
970 3557.61 633.064
971 2079.19 715.879
972 243.61 2315.84
973 589.366 2124.85
974 3007.9 220.65
975 932.232 3011.78
976 3794 2905.87
977 2135.84 727.189
978 2871.9 1788.42
979 3442.92 1124.18
980 1603.95 3242.91
981 462.629 597.276
982 3098.35 1403.55
983 2389.77 2202.2
984 3319.89 3537.01
985 3337.9 2192.94
986 878.713 3678.63
987 3346.66 1507.56
988 290.869 2129.98
989 1671.82 1002.88
990 3248.8 2389.95
991 1920.21 3868.18
992 1792.15 689.981
993 363.425 1423.56
994 2367.74 1002.5
995 935.882 2722.07
996 799.442 441.034
997 3035.86 3078.72
998 3108.19 534.521
999 250.869 1542.69
1000 3786.54 2444.31
1001 2311.98 2039.55
1002 2489.12 754.193
1003 2812.23 3401.85
1004 3561.59 1609.78
1005 3134.76 3361.12
1006 349.538 3900.92
1007 1181.96 1668.04
1008 1229.67 2950.95
1009 1930.51 508.247
1010 2347.46 2924.13
1011 380.178 2498.21
1012 398.45 2643.89
1013 507.051 1643.09
1014 1677.05 394.985
1015 59.7095 1821.49
1016 3069.33 2303.48
1017 2608.06 2092.74
1018 1450.39 3695.9
1019 2312.3 466.878
1020 1852.98 1770.75
1021 1679.69 2616.95
1022 96.81 3565.01
1023 29.9572 105.119
1024 1313.18 3712.54
1025 771.575 379.017
1026 2044.38 2415.22
1027 1420.82 3121.79
1028 1014.35 2690.09
1029 1341.27 1875.77
1030 2317.25 3765.31
1031 3117.2 256.735
1032 861.235 720.548
1033 1652.09 2725.47
1034 102.921 882.787
1035 3801.62 2067.18
1036 2805.36 552.806
1037 2645.63 2035.05
1038 589.057 1772.39
1039 22.8361 3848.32
1040 305.438 1649.47
1041 778.766 1622.37
1042 266.84 2788.79
1043 3309.84 1322.15
1044 3043.13 3321.97
1045 2994.86 871.539
1046 1432.02 1353.66
1047 1678.39 3516.54
1048 1923.42 3642.66
1049 2311.33 1759.93
1050 1466.01 3553.96
1051 1994.41 2125.18
1052 2725.23 1029.35
1053 544.328 3349.98
1054 17.0777 3488.2
1055 3392.64 2623.51
1056 201.621 3435.29
1057 2244.97 1073.58
1058 138.88 2317.56
1059 1058.04 1453.09
1060 2806.8 2033.78
1061 2869.82 2300.76
1062 2666.18 1015.58
1063 1738.63 3311.9
1064 1700.13 273.589
1065 1933.66 3338.04
1066 2834.26 1317.84
1067 706.973 3300.82
1068 646.366 1329.92
1069 3082.66 1544.97
1070 2674.06 1278.16
1071 2862.94 2532.71
1072 2373.86 2977.54
1073 1332.9 378.958
1074 151.35 1310.01
1075 1574.62 2530.28
1076 722.647 438.556
1077 429.489 1563.05
1078 1031.41 949.494
1079 501.849 1745.64
1080 1326.87 590.113
1081 1485.06 827.548
1082 484.584 1828.05
1083 1486.81 15.4048
1084 3449.15 76.8955
1085 3020.88 2965.48
1086 1137.67 1787.15
1087 2889.8 80.5888
1088 3892.5 680.186
1089 3432.79 1035.8
1090 1189.35 3756.55
1091 3419.15 1235.98
1092 339.223 2896.59
1093 3883.62 3653.49
1094 3900.87 3310.67
1095 1922.98 1096.98
1096 3550.3 3705.67
1097 1979.51 471.373
1098 1290.18 3507.56
1099 1787.81 1982.54
1100 1044.38 1514.08
1101 2609.55 2047.53
1102 787.919 543.934
1103 1760.7 2138.19
1104 2429.12 2630.09
1105 465.921 725.844
1106 3328.03 804.118
1107 2360.59 675.195
1108 2838.66 118.995
1109 803.458 1968.8
1110 1988.12 341.482
1111 1841.77 2538.23
1112 1806.06 1603.36
1113 3608.59 1286.65
1114 2402.27 152.818
1115 2415.01 3108.23
1116 3602.96 2492.93
1117 436.172 916.662
1118 777.669 2918.83
1119 670.824 86.1902
1120 2286.83 3510.14
1121 1555.24 3421.85
1122 1122.45 157.131
1123 2083.9 1858.72
1124 2186.38 459.023
1125 476.862 644.618
1126 2696.4 1998.43
1127 1583.54 2349.42
1128 1501.7 3718.9
1129 411.345 1864.9
1130 750.621 105.122
1131 2552.23 2046.89
1132 1667.65 2535.54
1133 212.374 1441.27
1134 1301.95 1583.52
1135 861.376 1824.3
1136 2311.99 1981.93
1137 3342.31 3439.73
1138 1634.04 86.6995
1139 3817.09 3137.85
1140 3016.47 1006.91
1141 3553.38 1304.19
1142 172.568 3574.1
1143 2699.91 768.205
1144 3604.84 2551.37
1145 1613.48 3277.57
1146 2067.71 1684.73
1147 1482.39 536.459
1148 1868.25 3225.85
1149 962.146 965.494
1150 2799.64 867.213
1151 2566 2567.22
1152 1172.86 492.932
1153 788.684 2658.97
1154 1566.09 473.766
1155 1683.97 2108.11
1156 306.869 1304.08
1157 242.06 3416.89
1158 3438.64 1363.52
1159 372.616 455.381
1160 2744.81 3195.83
1161 2507.42 2376.08
1162 1781.78 2580.45
1163 1527.72 3102.47
1164 529.14 3836.53
1165 3107.38 281.49
1166 1093.79 2059.28
1167 1089.32 2157.59
1168 2936.16 2380.28
1169 1811.2 306.799
1170 1411.48 3298.86
1171 2093.71 3128.45
1172 1770.47 3186.54
1173 363.421 1928.48
1174 3061.38 3039.75
1175 3803.66 170.867
1176 976.488 2611.02
1177 2398.61 2426.88
1178 3163.94 2113.13
1179 527.774 3683.89
1180 897.6 3327.15
1181 507.444 3180.49
1182 2873.08 343.812
1183 19.6062 3447.32
1184 3148.09 555.321
1185 74.2713 1729.94
1186 3864.68 3059.08
1187 2328.27 45.2353
1188 1567.75 3850.97
1189 2190.83 3888.61
1190 1430.03 47.1657
1191 2067.56 3483.34
1192 3894.44 686.015
1193 3451.77 3352.62
1194 3218.42 2311.01
1195 3176.65 2512.04
1196 3083.69 2705.16
1197 2367.66 2955.11
1198 462.436 435.583
1199 1865.24 3448.81
1200 2139.51 2491.35
1201 2316.2 44.8524
1202 3364.14 1029.62
1203 1356.31 2630.33
1204 1957.7 2113.88
1205 1559.56 111.814
1206 1166.53 2661.41
1207 2477.33 235.416
1208 214.011 3618.07
1209 1101.53 2882.95
1210 576.056 2122.31
1211 542.77 1889.11
1212 1243.54 323.683
1213 571.75 1012.14
1214 769.161 1793.81
1215 807.155 3263.93
1216 3126.28 3657.46
1217 843.152 1362.64
1218 1690.23 1783.67
1219 575.192 3462.55
1220 1872.31 464.132
1221 237.068 1303.56
1222 1663.13 3444.26
1223 2149.7 2861.03
1224 613.487 1759.81
1225 1363.79 3329.21
1226 3706.06 3160.1
1227 126.767 2210.48
1228 3499.19 1881.08
1229 2913.34 357.221
1230 2444.03 1343.96
1231 1278.57 3036.53
1232 2427.48 674.617
1233 1483.8 3569.13
1234 1031.71 790.502
1235 677.723 836.403
1236 10.8481 2544.78
1237 826.184 1399.52
1238 787.934 2817.56
1239 965.185 2201.36
1240 2775.85 2000.34
1241 3417.12 3142.45
1242 396.725 456.771
1243 2040.39 1569.48
1244 2610.41 1546.94
1245 2937.63 3624.72
1246 3792.25 365.516
1247 1713.3 2700.02
1248 2929.11 1350.82
1249 1741.54 3037.31
1250 987.562 3597.88
1251 186.681 2968.85
1252 3781.06 35.5487
1253 1373.77 2894.15
1254 3755.12 2015.32
1255 3337.48 473.866
1256 178.081 383.449
1257 316.204 3717.69
1258 2155.67 2421.29
1259 881.524 1196.05
1260 1778.95 92.2909
1261 2148.99 3686.91
1262 2014.12 2962.89
1263 2674.49 551.839
1264 1050.17 1815.37
1265 2265.32 824.567
1266 439.355 2053.78
1267 3774.59 2470.93
1268 1177.02 699.893
1269 1512.74 3779.9
1270 1132.99 2038.11
1271 1611.58 101.948
1272 2123.69 1056.98
1273 1457.54 3103.83
1274 1932.71 2617.44
1275 1621.85 2974.14
1276 3589.76 416.74
1277 1774.19 1261.17
1278 1150.48 1693.31
1279 714.829 643.412
1280 3055.83 1163.96
1281 3240.54 1833.21
1282 615.519 10.2174
1283 3418.43 717.033
1284 2346.63 2354.51
1285 2698.92 2249.25
1286 90.0353 1686.82
1287 1738.7 2690.62
1288 2756.44 2845.46
1289 2065.84 1349.92
1290 265.953 2367.29
1291 2153.65 2344.1
1292 1060.82 208.003
1293 2777.11 106.051
1294 3585.08 1353.73
1295 863.387 3136.41
1296 2653.04 12.3001
1297 834.846 518.834
1298 1889.35 870.189
1299 653.535 2391.65
1300 708.703 1135.11
1301 935.376 2086.31
1302 3517.85 489.179
1303 1367.92 1946.18
1304 3878.98 2476
1305 1435.68 335.063
1306 1173.39 3749.02
1307 3405.43 990.836
1308 3380.14 3351.21
1309 1137.24 3786.03
1310 2481.12 3653.18
1311 3370.61 1680.89
1312 1532.57 2311.41
1313 397.671 2190.31
1314 2339.08 138.962
1315 870.51 2321.93
1316 1184.03 3338.44
1317 2195.6 2249.83
1318 3400.32 2313.34
1319 2844.08 1794.54
1320 3251.37 1431.14
1321 3834.66 2798.86
1322 1227.21 2892.98
1323 3260.58 502.877
1324 309.865 287.668
1325 3486.11 2835.23
1326 820.317 1300.55
1327 1006.64 3425.88
1328 899.649 191.47
1329 1626.45 1926.14
1330 639.978 2701.17
1331 171.932 604.669
1332 2704.48 1245.67
1333 680.942 2306.6
1334 636.626 3637.48
1335 1045.9 182.275
1336 1467.05 2179.91
1337 341.398 2384.13
1338 3757.8 2430.78
1339 3819.07 2478.81
1340 1442.08 2568.83
1341 3500.18 2983.65
1342 3052.53 2907.14
1343 3901.77 3249.95
1344 2418.88 1968.67
1345 456.943 2814.65
1346 3777.14 2363.69
1347 853.034 1263.52
1348 2189.04 2978.76
1349 3476.7 763.636
1350 1488.79 3141.53
1351 2644.31 1060.34
1352 529.739 643.341
1353 2698.28 3271.37
1354 3322.61 1755.79
1355 1941.59 3249.64
1356 3014.7 3365.68
1357 521.836 671.901
1358 1637.69 3406.88
1359 3260.07 3199.11
1360 3353.42 1474.45
1361 2171.66 137.134
1362 3589.8 1531.84
1363 2598.89 2371.23
1364 3065.4 3005.05
1365 3652.49 461.98
1366 1788.46 86.0871
1367 1381.9 2619.49
1368 3742.87 3396.59
1369 1770.15 1648.6
1370 431.037 725.869
1371 2644.24 2703.36
1372 3071.07 3348.17
1373 731.966 1968.96
1374 1303.54 2308.79
1375 2969.51 3717.56
1376 38.0943 424.331
1377 2621.51 2937.53
1378 601.634 3251.25
1379 597.793 532.464
1380 2621.29 148.44
1381 247.501 2775.34
1382 1091.94 1838.91
1383 3085.44 1621.57
1384 2774.87 682.883
1385 709.284 1564.56
1386 2743.67 997.044
1387 1431.08 954.824
1388 1529.18 2832.19
1389 998.353 820.15
1390 252.049 3755.99
1391 2817.26 1610.23
1392 3473.13 3753.09
1393 2584.58 799.879
1394 3075.48 293.117
1395 1778.43 3480.23
1396 1555.32 3550.23
1397 930.408 1032.57
1398 945.19 3031.42
1399 3670.39 2308.25
1400 3622.92 3358.23
1401 2596.36 2087.8
1402 611.575 3018.29
1403 2883.07 2142.54
1404 3502.83 204.77
1405 376.528 3827.14
1406 1042.9 458.624
1407 2137.42 616.793
1408 3740.65 3311.42
1409 343.765 2188.58
1410 755.033 1447.3
1411 1918.09 119.699
1412 2183.84 24.572
1413 3542.01 209.689
1414 251.742 3639.88
1415 261.332 2062.23
1416 1614.51 1230.74
1417 3672.81 2473.33
1418 585.887 3309.29
1419 1670.51 3722.1
1420 1062.06 216.189
1421 2874.92 1938.49
1422 838.651 389.089
1423 3857.27 3216.91
1424 1843.95 2940.12
1425 3182.68 1182.97
1426 2738.31 1029.62
1427 373.945 2616.26
1428 2289.09 796.633
1429 1874.33 956.257
1430 363.808 2201.3
1431 232.558 1591.98
1432 230.946 1955.07
1433 2068.96 2698.11
1434 1773.83 1799.8
1435 1447.54 752.26
1436 461.835 2635.31
1437 244.552 2785.41
1438 15.0749 2262.6
1439 3140.62 3548.1
1440 302.26 3733.14
1441 366.214 1835.73
1442 1173.73 2821.84
1443 3791.76 1678.31
1444 2363.58 2241.91
1445 1528.1 2700.48
1446 3774.25 2005.24
1447 205.329 2233.07
1448 3552.88 2402.2
1449 1213.84 430.552
1450 3868.22 3436.68
1451 746.112 696.363
1452 1244.31 1155.17
1453 2479.23 3544.87
1454 2752.23 2319.31
1455 2853.85 3077.68
1456 562.666 647.463
1457 3813.95 1326.39
1458 511.367 114.975
1459 1765.51 2403.66
1460 482.205 2372.15
1461 2338.25 903.767
1462 2157.04 3358.35
1463 1461.74 3005.38
1464 1106.54 1960.93
1465 2376.61 115.178
1466 1893.23 3065.18
1467 94.7337 1644.83
1468 2305.56 2813.54
1469 472.813 3721.22
1470 896.677 1413.73
1471 1787.24 1108.26
1472 1919.14 3552
1473 2145.09 734.069
1474 1165.04 2913.57
1475 2463.79 3391.9
1476 220.401 3296.5
1477 2371.57 3419.22
1478 2527.23 3699.48
1479 3879.83 2103.88
1480 1272.96 699.463
1481 1676.96 331.506
1482 3516.11 2674
1483 2374.12 1639.96
1484 2564.42 763.988
1485 1699.25 1314.83
1486 730.298 2670.24
1487 3181.69 2008.78
1488 2076.19 1869.56
1489 464.905 2902.35
1490 62.603 1200.97
1491 1563.45 3578.16
1492 1489.57 1099.35
1493 3704.23 3805.48
1494 1960.03 3362.75
1495 163.562 3032.17
1496 2272.25 827.433
1497 1810.32 3123.86
1498 2043.91 2687.23
1499 764.713 1715.44
1500 796.393 3078.19
1501 3346.71 3361.11
1502 3485.6 1627.1
1503 3047.99 2959.13
1504 2146.99 122.784
1505 3868.75 1430.57
1506 3406.75 1965.81
1507 2135.4 2436.15
1508 2586.88 2092.46
1509 3845.27 2100.67
1510 2413.41 1756.54
1511 1883.6 1660.13
1512 3079.34 3500.81
1513 626.794 630.824
1514 904.795 2420.41
1515 3702.21 461.651
1516 3797.92 2919.14
1517 450.112 1156.47
1518 3749.89 2897.7
1519 2868.8 3779.48
1520 2134.17 2838.03
1521 3278.8 3803.13
1522 3381.33 2864.75
1523 2481.24 761.124
1524 941.967 3786.89
1525 1366.94 164.373
1526 1960.12 1395.75
1527 1047.85 535.237
1528 2581.96 2840.97
1529 2677.08 834.264
1530 1079.34 1625.51
1531 883.885 1916.59
1532 1599.76 1661.38
1533 2222.76 338.622
1534 2193.91 2726.9
1535 650.99 1869.36
1536 3459.28 2567.58
1537 2099.58 858.421
1538 1819.51 1968.02
1539 2499.77 1602.84
1540 3278.4 1204.74
1541 3491.72 215.342
1542 3666.66 2588.22
1543 1065.71 291.794
1544 267.689 995.44
1545 2165.25 1648.72
1546 3815.79 3602.98
1547 2473.81 3322.36
1548 3233.36 525.979
1549 3275.13 137.3
1550 3377.17 2125.85
1551 372.272 2070.98
1552 1855.26 2.40069
1553 1731.24 736.827
1554 3668.65 187.162
1555 2174.9 328.552
1556 3151 449.135
1557 1065.75 2472.01
1558 1587.4 2794.21
1559 666.074 1321.55
1560 1441.51 2958.68
1561 2143.98 727.506
1562 1585.42 2173.92
1563 1491.03 2733.24
1564 41.0214 3833.18
1565 1626.07 739.832
1566 3706.84 3583.2
1567 334.444 207.882
1568 3439.86 694.201
1569 2058.73 2391.17
1570 2000.96 2295.1
1571 688.334 62.2543
1572 2055.65 593.661
1573 1010.38 936.819
1574 2496.93 441.995
1575 2056.47 69.823
1576 1320.72 3408.53
1577 2232.3 1744.55
1578 2237.59 458.741
1579 1834.21 641.66
1580 961.131 2410.92
1581 2974.87 2664.62
1582 3884.51 2361.14
1583 1255.96 1674.78
1584 3467.49 3258.86
1585 2830.69 1667.68
1586 2215.02 3471.02
1587 3288.75 2887.61
1588 1195.74 47.4396
1589 1663.6 330.748
1590 3043.34 3442.07
1591 3527.24 643.061
1592 1053.08 1508.38
1593 1148.87 1024.21
1594 619.486 826.222
1595 843.89 3184.14
1596 2281.55 3666.13
1597 2417.72 3512.01
1598 846.912 1283.26
1599 610.753 1739.94
1600 2060.93 3089.67
1601 2955.22 3854.93
1602 3678.75 1979.31
1603 310.765 1606.77
1604 2610.99 2535.37
1605 937.48 232.145
1606 2483.51 86.9099
1607 762.35 716.321
1608 1122 3881.35
1609 485.379 2081.27
1610 23.4391 3573.47
1611 14.5707 1698.32
1612 573.184 2046.03
1613 2436.19 3273.48
1614 1967.77 765.619
1615 1472.67 3021.18
1616 1060.51 361.11
1617 2921.54 2807.71
1618 1943.67 2257.95
1619 1895.91 789.125
1620 115.434 2027.59
1621 942.649 677.997
1622 1914.31 3650.27
1623 2252.51 689.741
1624 541.386 2494.78
1625 1294.78 162.111
1626 469.625 2999.56
1627 1969.96 3322.27
1628 1730.7 1367.83
1629 2418.69 2608.38
1630 1488.65 2673.83
1631 3692.88 1425.17
1632 2636.48 2241.36
1633 2314.74 1541.96
1634 2553.04 655.512
1635 1699.36 2756.97
1636 3472.16 3210.71
1637 2900.08 3143.45
1638 278.898 3243.48
1639 1798.29 592.974
1640 3661.54 2778.1
1641 1026.92 2888.75
1642 1845.37 1079.17
1643 2357.04 2804.98
1644 2509.73 305.838
1645 2784.81 2990.26
1646 3033.44 2779.48
1647 1538.01 106.388
1648 488.507 606.529
1649 3840.23 949.896
1650 695.71 2165.37
1651 176.459 3331.81
1652 1868.08 291.071
1653 1233.71 2636.03
1654 1837.36 2122.75
1655 1021.05 1010.58
1656 2196.87 2754.65
1657 655.76 3144.76
1658 3036.77 2122.67
1659 3863.97 1148.03
1660 2731.39 652.126
1661 1532.94 2405.35
1662 2856.94 1012.58
1663 3245.91 155.417
1664 3590.23 962.68
1665 1492.64 674.062
1666 2212.93 90.8206
1667 3013.12 1920.29
1668 2354.6 2362.42
1669 3031.49 3664.15
1670 2245.7 1162.68
1671 295.556 3393.15
1672 3012.65 69.9138
1673 3271.49 3425.45
1674 2755.96 1558.18
1675 2811.42 941.047
1676 1777.52 712.581
1677 2488.5 227.517
1678 780.635 1357.54
1679 3141.8 3064
1680 845.693 1786.96
1681 393.834 2874.19
1682 1872.22 1699.15
1683 451.535 1566.36
1684 827.799 2629.67
1685 341.057 972.682
1686 2732.63 1987.96
1687 3004.93 674.451
1688 956.984 312.932
1689 2014.36 1831.52
1690 363.493 3890.18
1691 1145.31 38.5968
1692 1327.98 3854.75
1693 269.084 38.4057
1694 3187.57 155.721
1695 2616.12 2402.38
1696 2261.76 3818.32
1697 3533.18 2379.38
1698 1989.68 318.981
1699 1945.6 3482.98
1700 1285.11 1720.12
1701 1043.93 811.506
1702 2819.27 3869.62
1703 2722.57 1146.81
1704 1642.61 3746
1705 2365.15 51.4799
1706 687.078 753.979
1707 3324.86 3424.12
1708 568.302 2518.22
1709 1976.57 2959.85
1710 1568.78 2271.47
1711 20.119 1432.16
1712 1014.61 3203.68
1713 2239.71 79.8044
1714 1425.82 1344.93
1715 3341.62 2122.47
1716 2934.87 2398.75
1717 2164.94 3453.42
1718 3742.93 1815.81
1719 1735.57 1088.26
1720 2366.67 325.767
1721 2376.28 243.458
1722 2292.61 336.45
1723 3118.83 3517.42
1724 2294.08 3617
1725 668.44 2674.36
1726 1009.19 3632.35
1727 1278.24 1889.59
1728 1790.29 3300.77
1729 3795.39 1859.44
1730 3172.55 376.932
1731 762.202 2208.24
1732 614.211 2481.75
1733 1736.59 530.032
1734 1230.01 878.947
1735 2529.53 1867.79
1736 2451.72 1957.6
1737 1643.35 1429.03
1738 1754.59 3353.38
1739 802.997 1029.65
1740 3118.28 2934.45
1741 2005.98 547.739
1742 109.692 2606.28
1743 2452.44 1352.64
1744 3372.3 2420.97
1745 1717 1446.3
1746 3079.57 32.8935
1747 3263.74 2605.77
1748 1052.75 3825.44
1749 1913.68 189.186
1750 1177.39 1011.93
1751 979.647 3765.12
1752 1956.15 1749.93
1753 103.215 823.237
1754 1682.05 2720.11
1755 2912.26 493.883
1756 3156.32 2255.69
1757 3343.64 2752.66
1758 131.26 2371.86
1759 1065.6 1703.08
1760 2149.02 2376.99
1761 719.982 3893.16
1762 3107.38 1216.14
1763 2606.91 101.476
1764 2004.24 1212.74
1765 1498.18 502.179
1766 3586.08 2329.26
1767 2007.7 3089.99
1768 2998.99 2073.2
1769 1861.25 1890.47
1770 1149.5 3316.36
1771 2082.4 1398.72
1772 593.325 1296.58
1773 3114.82 3514.07
1774 3275.01 2188.2
1775 1296.09 2751.3
1776 719.602 358.785
1777 1650.63 2104.72
1778 2063.47 528.697
1779 1148.26 2954.62
1780 1045.65 609.491
1781 1536.48 2163.44
1782 568.02 2625.46
1783 1150.12 2832.91
1784 250.424 541.172
1785 2573.61 2703.53
1786 3690.48 1766.95
1787 1763.05 538.489
1788 241.281 3228.35
1789 2586.01 1676.51
1790 517.155 487.078
1791 1133.81 2871.26
1792 904.211 3597.36
1793 2547.84 1787
1794 771.376 2316.22
1795 1605.74 3122.83
1796 2258.92 1245.21
1797 1154.66 1257.59
1798 2812.24 2608.38
1799 3247.67 1953.78
1800 3584.39 1814.28
1801 1499.82 3569.27
1802 1818.62 3374.6
1803 2942.68 601.475
1804 474.391 70.8958
1805 3568.83 1037.26
1806 2862.33 3828.97
1807 1838.43 41.3987
1808 595.252 1195.87
1809 1891.13 181.023
1810 3194.33 2108.16
1811 1691.78 2142.31
1812 143.023 2621.05
1813 3184.66 3613.49
1814 1680.75 2481.26
1815 3894.23 3271.09
1816 688.985 951.872
1817 3693.48 642.967
1818 1461.29 2148.12
1819 1577.54 2024.47
1820 732.773 3033.39
1821 2054.12 2752.46
1822 2186.51 765.436
1823 629.984 458.964
1824 2001.53 1546.24
1825 2610.47 521.53
1826 1046.31 3451.8
1827 2543.18 2526.28
1828 2702.96 3404.28
1829 3464.63 1760.81
1830 1719.24 939.479
1831 2678.63 2425.38
1832 2738.21 397.215
1833 2491.29 2010.7
1834 1797.56 2463.82
1835 1477.94 2642.59
1836 3900.22 3507.35
1837 3546.99 90.6279
1838 55.8886 964.493
1839 1278.14 3238.49
1840 3579.69 3692.38
1841 750.764 1488.58
1842 1629.83 830.39
1843 545.455 315.888
1844 2181.32 2318.48
1845 1023.11 1009.93
1846 2984.64 3562.8
1847 3433.36 2700.7
1848 3435.68 3601.01
1849 2890.71 82.7211
1850 3135.4 3543.23
1851 1136.13 211.947
1852 653.085 3870.64
1853 2073.71 3809.53
1854 3145.55 2001.82
1855 2308.81 1242.64
1856 1684.25 2197.42
1857 2184.92 2726.76
1858 2552.29 1063.44
1859 3652.69 2064.97
1860 840.928 3037.43
1861 2971.26 954.94
1862 3272.36 1072.35
1863 2295.17 1438.49
1864 282.437 1595.98
1865 424.24 3152.98
1866 2686.5 3276.78
1867 2004.4 2515.31
1868 3369.75 3201.22
1869 2863.14 2444.27
1870 470.028 2525.19
1871 3043.11 1477.51
1872 1185.73 2354.12
1873 3824.64 25.2726
1874 3308.36 387.038
1875 283.034 2221.57
1876 3013.06 2348.57
1877 798.527 685.662
1878 3781.16 1904.13
1879 1973.82 339.873
1880 1169.79 2917.09
1881 3756.41 2975.81
1882 1610.72 2248
1883 3276.62 942.851
1884 3619.04 2806.15
1885 3073.4 1934.31
1886 2333.56 1313.93
1887 2187.52 2608.17
1888 2589.06 273.155
1889 101.595 964.507
1890 835.789 2694.67
1891 2680.39 1635.97
1892 1493.01 2247.8
1893 2035.93 3836.11
1894 3045.83 443.681
1895 1622.2 88.6077
1896 2286.33 2385.7
1897 1329.39 2102.44
1898 2180.4 2204.38
1899 3183.38 2498.24
1900 2953.78 1132.09
1901 31.0307 3089.58
1902 3753.97 3241.86
1903 1067.57 1033.15
1904 3493.88 2039.61
1905 2516.99 249.644
1906 1407.74 3826.03
1907 668.192 1630.76
1908 86.5714 3009.38
1909 1860.77 3344.22
1910 2831.77 773.072
1911 3764.03 3595.8
1912 2429.69 1348.15
1913 2633.82 825.749
1914 868.715 129.327
1915 2524.18 808.621
1916 1706.35 1148.9
1917 2690.91 1771.69
1918 3611.28 1960.18
1919 2586.81 3512.44
1920 2398.84 902.161
1921 551.115 1587.09
1922 2798.98 1406.45
1923 99.1458 1838.08
1924 1846.29 1166.95
1925 3363.19 2203.95
1926 2776.01 1631.44
1927 1394.66 3333.03
1928 3300.89 2030.11
1929 1676.19 1092.07
1930 799.812 131.487
1931 3495.33 3283.92
1932 2939.09 498.281
1933 2734.11 7.13103
1934 2598.42 1829.11
1935 1415.6 507.333
1936 1837.88 3333.85
1937 1834.81 2389.57
1938 578.328 2420.05
1939 282.508 1230.59
1940 211 1712.56
1941 2133.42 2776.4
1942 1294.38 107.672
1943 331.771 1606.67
1944 1099.96 1940.08
1945 1590.64 1141.44
1946 2197.19 443.915
1947 1509.62 1351.37
1948 3097.99 2594.79
1949 769.038 579.794
1950 1151.99 1414.44
1951 1818.33 412.372
1952 2770.98 3120.04
1953 2199.4 1038.7
1954 1460.9 2129.37
1955 1035.64 2764.96
1956 3477.22 1080.78
1957 52.9007 2179.35
1958 897.591 3506.59
1959 1667.02 1026.04
1960 390.991 2766.03
1961 837.589 1061.72
1962 656.411 2027.49
1963 194.157 1491.07
1964 2335 1983.42
1965 1369.64 3623.03
1966 371.743 75.9616
1967 2085.29 23.778
1968 1116.48 692.963
1969 1633.13 1522.99
1970 1902.09 3113.86
1971 2524.41 2053.08
1972 2841.34 367.924
1973 3562.08 1815.26
1974 3320.39 1074.27
1975 793.224 1141.24
1976 2359.19 2021.49
1977 3466.82 3542.59
1978 2987.75 1058.78
1979 3023.1 3421.95
1980 1544.14 3186.48
1981 2605.11 308.188
1982 3723.93 3455.67
1983 3298.14 2002.51
1984 2553.53 3420.23
1985 3521.68 1340.28
1986 2063.59 210.942
1987 310.491 1723.97
1988 512.678 1768.09
1989 1439.72 539.343
1990 1189.93 1687.06
1991 1312.52 2829.39
1992 264.798 1988.37
1993 2699.02 3298.31
1994 3270.28 2514.42
1995 2244.7 3469.05
1996 2451.52 2848.66
1997 185.017 2972.03
1998 318.552 3062.09
1999 138.047 752.552
2000 2572.05 370.843
2001 2709.26 2275
2002 2792.97 400.009
2003 3231.76 2626.52
2004 2047.07 3363.13
2005 3070.11 1190.01
2006 1553.88 1997.14
2007 366.209 1701.87
2008 3620.33 617.746
2009 1979.23 1377.23
2010 2637.34 1663.13
2011 3063.22 2229.25
2012 380.37 60.0969
2013 1298.99 802.685
2014 1015.99 2951.54
2015 1876.45 2425.49
2016 3877.32 2080.08
2017 2132.69 2057.97
2018 345.494 2944.19
2019 853.78 606.079
2020 3394.17 1314.64
2021 3259.22 1208.66
2022 3473.23 1477.9
2023 1449.17 3040.88
2024 299.977 911.05
2025 2140.4 837.442
2026 3565.87 3341.08
2027 3350.63 41.5677
2028 1934.56 187.2
2029 3474.66 1750.32
2030 1876.79 453.017
2031 101.089 3590.89
2032 1405.87 1913.22
2033 3525.26 3085.5
2034 1102.43 1413.96
2035 3434.86 333.211
2036 3518.62 2221.91
2037 1850.03 192.596
2038 783.536 3564.08
2039 3351.3 3453.79
2040 2615.98 176.485
2041 2889.16 3240.48
2042 1785.46 976.583
2043 1276.61 200.584
2044 3323.97 1992.76
2045 1351.83 3659.38
2046 960.527 3473.28
2047 1547.96 594.96
2048 3309.48 1034.03
2049 1274.16 1966.23
2050 204.259 3628.05
2051 1330.87 2380.31
2052 3547.2 2485.03
2053 3444.86 3613.31
2054 2742.43 69.2024
2055 3659.55 1302.1
2056 1581.82 3373.15
2057 1463.81 1970.14
2058 653.841 37.0024
2059 1949.35 61.1152
2060 2043.13 1625.89
2061 2557.84 3884.64
2062 1735.23 2294.23
2063 649.981 1419.4
2064 750.397 3449.46
2065 732.668 898.948
2066 2002.43 1059.82
2067 2026.02 1964.19
2068 470.596 2705
2069 221.703 2965.64
2070 930.605 1480.36
2071 576.433 1577.85
2072 3695.01 339.158
2073 3745.78 1913.08
2074 1821.25 1863.46
2075 2967.4 1916.44
2076 1460.36 429.681
2077 481.211 2213.1
2078 3.56212 1227.73
2079 728.336 472.518
2080 2768.52 770.095
2081 3004.52 2596.94
2082 2995.11 1108.55
2083 1261.55 80.0496
2084 3230.44 2526.69
2085 1983.83 3251.17
2086 1763.41 1455.8
2087 630.164 2350.54
2088 3606.16 584.137
2089 2838.11 911.011
2090 2660.49 1332.91
2091 2140.53 690.815
2092 2394.02 1719.04
2093 3780.26 2205.06
2094 1587.26 1974.35
2095 50.4595 3083.52
2096 2500.81 3817.04
2097 2618.94 1098.71
2098 3723.38 42.839
2099 857.635 194.777
2100 307.316 2613.75
2101 1800.07 3154.97
2102 2864.9 1365.66
2103 2609.4 102.898
2104 2548.1 3884.73
2105 2391.11 1901.97
2106 1928.46 302.393
2107 2307.29 2707.37
2108 3268.17 3298.24
2109 3438.43 379.609
2110 2249.04 1706.78
2111 3673.68 1428.8
2112 2791.05 3195.01
2113 878.498 1678.39
2114 2800.56 1874.59
2115 878.64 477.15
2116 508.195 2145.73
2117 2771 3225.49
2118 3668.59 2098.73
2119 3435.19 1851.38
2120 2359.29 571.367
2121 3781.81 868.273
2122 1147.72 1872.69
2123 2065.08 2733.9
2124 2430.9 985.647
2125 2907.97 277.225
2126 3748.59 1879.14
2127 191.042 2060.14
2128 2725.03 859.814
2129 1936.2 514.251
2130 1824.09 620.612
2131 3281.01 457.952
2132 665.671 3566.1
2133 1818.64 1301.33
2134 3498.02 1214.08
2135 2827.73 2001.58
2136 2170.64 518.273
2137 1453.68 1755.93
2138 290.22 2230.43
2139 1752.13 2071.84
2140 2212.44 65.6097
2141 1363.49 3743.13
2142 2352.08 1120.28
2143 1788.3 1623.94
2144 2398.84 2918.8
2145 184.234 2800.66
2146 3677.77 161.904
2147 635.205 2787.32
2148 2676.17 3381.26
2149 577.357 3198.45
2150 1501.22 1022.78
2151 430.352 1415.19
2152 1976.19 444.128
2153 3640.96 589.706
2154 2861.78 2698.59
2155 1053.5 102.436
2156 237.813 3722.68
2157 1012.59 364.326
2158 289.965 1744
2159 3381.67 1462.77
2160 1762.74 2326.6
2161 2923.26 1999.03
2162 2678.85 2359.15
2163 2009.53 530.889
2164 1717.7 3308.87
2165 2016.73 2758.25
2166 3065.98 2852.44
2167 2969.45 3701.21
2168 1506.39 3472.85
2169 2573.98 114.268
2170 640.561 3382.3
2171 1150.6 1215.5
2172 3889.74 2312.79
2173 3268.42 648.997
2174 1192.76 1548.65
2175 1044.42 3651.14
2176 3426.31 250.251
2177 2782.05 660.808
2178 947.116 2738.43
2179 3455.98 2886.88
2180 2278.71 3855.76
2181 2247.41 2888.67
2182 1680.15 3381.52
2183 1008.53 148.202
2184 3275.47 562.812
2185 2206.75 519.97
2186 2082.02 2200.28
2187 2253.86 3779.5
2188 3760.89 203.17
2189 2842.67 2266.94
2190 847.634 801.357
2191 864.664 2343.77
2192 3302.99 1425.64
2193 897.75 2735.06
2194 2668.39 2570.48
2195 903.727 963.267
2196 1528.02 3221.47
2197 842.052 117.116
2198 2594.13 2595.35
2199 1876.9 370.559
2200 2448.65 784.157
2201 680.124 1862.59
2202 546.925 3139.94
2203 1769.03 2077.31
2204 1351.78 570.967
2205 2607.97 2806.74
2206 2292.84 1334.96
2207 701.005 1995.07
2208 2771.67 319.095
2209 3585.81 1190.78
2210 1839.92 417.434
2211 0.42095 1424.96
2212 3586.27 2071.47
2213 1035.15 3233.71
2214 1008.11 3092.26
2215 938.629 3161.16
2216 1490.92 901.076
2217 3008.28 3167.27
2218 1099.6 2848.35
2219 3193.91 2013.8
2220 2840.51 410.536
2221 3093.66 226.649
2222 3667.23 427.886
2223 883.887 2843.88
2224 3752.01 3377.73
2225 1177.59 784.931
2226 127.58 972.322
2227 339.509 3575.68
2228 2485.4 2569.19
2229 286.731 2748.81
2230 2583.45 3801.14
2231 14.7162 33.5141
2232 1663.92 2447.23
2233 2344.29 1867.81
2234 3560.09 2504.14
2235 1916.74 3856.62
2236 989.588 494.28
2237 237.022 3324.85
2238 3274.89 3797.14
2239 3530.78 3642.48
2240 1565.48 557.307
2241 3148.67 3220.51
2242 959.518 2432.93
2243 791.152 3003.02
2244 1701.58 2541.81
2245 1438.68 424.374
2246 287.533 3536.47
2247 1347.73 2309.93
2248 598.639 2430.76
2249 1182.48 2745.37
2250 2648.67 1233.3
2251 455.805 3304.14
2252 1226.94 3009.53
2253 532.755 2856.63
2254 1521.43 777.149
2255 1246.82 2174.61
2256 3055.95 1866.66
2257 227.522 368.369
2258 1193.58 1364.94
2259 1779.88 214.077
2260 1331.21 1376
2261 3243.92 2749.6
2262 2441.27 1157.38
2263 39.0867 1259.95
2264 76.6838 388.416
2265 2732.37 3826.19
2266 2831.06 1073.88
2267 2920.02 3756.01
2268 217.347 1932
2269 3374.31 626.047
2270 2660 0.944889
2271 3305.37 3229.63
2272 612.641 3418.48
2273 3435.07 1283.11
2274 1253.19 1882.28
2275 2373.1 1432.09
2276 743.813 1573.02
2277 2887.56 742.943
2278 1294.97 2436.78
2279 175.718 3567.65
2280 2865.9 2701.54
2281 203.644 3905.86
2282 3003.48 3217.66
2283 3695.86 1752.82
2284 2573.95 3571.37
2285 3544.41 1065.52
2286 1509.75 2313.31
2287 3618.2 3748.47
2288 356.436 564.128
2289 2662 256.799
2290 3557.57 1692.08
2291 461.659 1510.1
2292 3497.96 3591.83
2293 1619.91 1660.81
2294 3235.23 2067.59
2295 3838.99 2568.67
2296 3132.73 1559.2
2297 1653.84 3180.51
2298 3506.46 3540.63
2299 2092.72 3386.61
2300 3866.06 2788.13
2301 1390.58 2311.6
2302 630.724 1115.5
2303 2961.14 2818.14
2304 2833.65 2289.97
2305 1231.65 32.2081
2306 3560.18 3575.46
2307 1789.25 1841.06
2308 2432.59 27.1489
2309 3042.29 1508.45
2310 1840.71 1032.67
2311 2298.4 2735.7
2312 479.018 2889.34
2313 2239.58 2156.9
2314 708.206 2277.39
2315 1271.6 1334.87
2316 3439.01 457.569
2317 430.705 1195.66
2318 3755.41 3700.61
2319 1508.84 2042.47
2320 2959.82 2483.93
2321 1308.63 3087.02
2322 1291.58 278.15
2323 3631.36 134.46
2324 2692.41 769.367
2325 3239.81 2059.31
2326 2349.02 565.624
2327 489.615 1845.56
2328 277.014 1809.2
2329 3289.63 612.431
2330 2137.26 236.552
2331 3756.7 60.1852
2332 1102.26 589.065
2333 387.164 82.0199
2334 550.222 3589.39
2335 2674.71 2982.04
2336 3026.84 3599.5
2337 3505.99 1086.87
2338 1214.23 3881.16
2339 1461.45 1443.13
2340 3523.08 311.555
2341 3379.25 1059.69
2342 159.672 1967.9
2343 3255.57 3800.82
2344 3759.8 3903.48
2345 2145.45 3856.86
2346 275.777 3085.88
2347 1803.45 3116.69
2348 1261.22 3266.58
2349 706.627 794.096
2350 515.087 1653.23
2351 1293.4 2059.9
2352 1935.53 1162.52
2353 2320.3 2183.23
2354 3125.79 495.455
2355 850.434 1348.91
2356 3171.76 2576.31
2357 6.31539 1722.28
2358 1625.93 3049.28
2359 1798 2741.29
2360 3151.91 1876.45
2361 1343.08 1919.78
2362 2285.59 181.198
2363 818.378 3049.55
2364 3420.6 436.953
2365 2441.2 2054.77
2366 1515.73 885.846
2367 2862.55 154.554
2368 2538.05 1089.58
2369 731.954 2641.52
2370 685.241 1084.18
2371 2850.8 2745.95
2372 809.21 2061.31
2373 2513.01 142.714
2374 2543.29 2433.52
2375 2736.77 77.0631
2376 1045.13 2814.85
2377 263.29 2992.52
2378 1867.27 1156.23
2379 1401.45 1756.34
2380 1125.1 1101.8
2381 2647.12 3083.89
2382 2794.89 1615.8
2383 2786.32 248.418
2384 595.464 1172.92
2385 1486.95 2373
2386 971.524 1175.31
2387 747.511 1789.56
2388 2675.33 2200.23
2389 2734.79 1002.88
2390 1397.71 792.429
2391 174.917 1165.31
2392 2495.9 1650.97
2393 2406.08 7.16608
2394 2146.87 2327.47
2395 3814.34 1169.55
2396 100.568 2239.85
2397 2326.36 468.178
2398 2206.51 3131.52
2399 2340.65 1073.59
2400 1546.63 2188.25
2401 275.61 2754.03
2402 464.468 2084.17
2403 1792.17 2524.59
2404 2656.05 868.845
2405 1709.17 1191.49
2406 1772.38 3584.9
2407 1109.07 2623.36
2408 1515.36 1963.09
2409 3872.32 2023.66
2410 2415.57 622.218
2411 592.712 1857.04
2412 1549.51 929.226
2413 498.139 690.496
2414 1830.16 1319.95
2415 2325.05 345.037
2416 1378.11 1366.58
2417 1533.81 3716.93
2418 2029.01 3120.44
2419 1494.19 3431.4
2420 1691.52 9.98388
2421 2476.89 72.736
2422 2287.74 3610.04
2423 945.152 789.634
2424 3452.35 2926.34
2425 1731.03 1313.42
2426 2524.58 1450.1
2427 2516.51 1207.71
2428 2586.3 2114.36
2429 1775.63 1633.72
2430 3125.14 194.88
2431 1887.76 765.536
2432 2171.41 2807.59
2433 790.914 1715.75
2434 1899.63 322.39
2435 2076.81 416.153
2436 1614.75 3407.54
2437 658.417 3748.63
2438 152.71 3652.05
2439 2661.58 2863.3
2440 1132.12 857.73
2441 3761.19 1296.92
2442 439.562 355.294
2443 2844.35 3537.56
2444 2330 2282.84
2445 2000.83 2754.5
2446 3339.43 3375.85
2447 3589.05 682.583
2448 3746.09 1736.59
2449 3046.13 1864.1
2450 2879.76 848.942
2451 1499.34 2560.09
2452 1483.87 3106.03
2453 709.035 364.785
2454 1131.18 3342.47
2455 2464.72 3117.1
2456 579.928 728.483
2457 2843.11 2773.78
2458 967.071 1300.19
2459 3519.26 1324.96
2460 3781.71 2753.23
2461 1287.46 2959.36
2462 1472.43 1948.55
2463 1792.14 1652.5
2464 2949.74 3495.69
2465 3240.59 31.1128
2466 3270.91 3674.01
2467 561.968 1402.52
2468 1526.56 2401.24
2469 3459.98 1868.47
2470 2257.97 1363.66
2471 3101.34 3509.57
2472 3307.9 2872.2
2473 3345.52 1706.39
2474 3638.71 1819.73
2475 3694.26 72.7678
2476 376.982 3756.05
2477 3189.74 1597.47
2478 951.187 90.8084
2479 996.309 2898.48
2480 775.176 3107.49
2481 1266.58 864.373
2482 3499.8 1777.13
2483 2266.44 961.459
2484 67.0837 3249.32
2485 359.689 90.4812
2486 2389.46 2284.74
2487 1616.45 750.142
2488 3292.59 641.409
2489 3873.91 550.275
2490 3367.59 755.823
2491 3442.04 3567.92
2492 1256.91 1175.57
2493 2012.85 2413.84
2494 1557.97 2975.86
2495 2951.73 3558.84
2496 3803.68 1122.93
2497 1664.31 323.235
2498 1095.34 2750.32
2499 1581.08 1429.01
2500 619.862 782.863
2501 3262.35 1439.66
2502 3142.56 306.427
2503 918.511 1604.38
2504 103.495 3176.53
2505 2342.09 3470.72
2506 3186.53 2759.98
2507 3156.95 3776.38
2508 2651.95 1119.32
2509 2434.1 3223.25
2510 802.078 1483.16
2511 424.419 864.821
2512 402.588 1401
2513 3664.35 650.564
2514 488.276 3594.88
2515 2236.76 2107.19
2516 1084.41 2486.13
2517 3222.35 3143.35
2518 1502.68 658.408
2519 3793.5 1084.21
2520 2170.85 3071.71
2521 755.864 427.746
2522 2158.72 3132.04
2523 3712.87 1523.78
2524 2105.12 1961.47
2525 978.63 911.521
2526 2689.91 1306.76
2527 1944.16 2848.94
2528 341.69 838.116
2529 1257.05 2225.88
2530 563.035 2218.8
2531 2447.01 2704.68
2532 2541.29 2498.35
2533 3751.77 1708.14
2534 28.7685 3341.13
2535 179.696 1693.85
2536 3810.69 3089.58
2537 2481.08 1608.29
2538 500.879 1307.93
2539 2187.02 395.592
2540 3326.05 2191.15
2541 3474.01 959.066
2542 1570.8 2414.64
2543 1641.04 414.831
2544 1878.59 1318.32
2545 1410.62 2194.11
2546 3476.27 732.259
2547 68.6359 2540.48
2548 2391.85 1828.89
2549 1756.96 462.336
2550 3187.49 2592.67
2551 2888.78 1865.84
2552 3023.02 2580.8
2553 2799.81 675.283
2554 2274.94 2068
2555 3518.19 3333.11
2556 2010.99 1653.97
2557 1338.04 3.70685
2558 3589.63 1675.6
2559 3293.09 3769.09
2560 3290.46 3076.38
2561 173.964 1040.86
2562 1274.7 1328.27
2563 2365.06 2927.28
2564 1304.16 1309.09
2565 2098.62 1059.52
2566 1289.54 661.549
2567 207.734 2871.12
2568 2757.02 143.491
2569 686.358 608.41
2570 1884.55 2102.67
2571 3739.68 3479.13
2572 1193.66 1385.17
2573 1812.53 3668.59
2574 1687.62 2972.45
2575 3220.09 3126.14
2576 539.035 1356.85
2577 963.544 513.325
2578 885.279 3537.42
2579 3646.39 1053.63
2580 3382.32 860.992
2581 67.1084 3206.91
2582 3845.48 3863.54
2583 2410.8 2508.42
2584 29.4 782.511
2585 1506.37 1132.61
2586 1318.69 1476.04
2587 2108.7 2102.45
2588 2463.49 1981.61
2589 2662.2 1106.49
2590 3705.09 2704.82
2591 502.196 850.865
2592 386.76 2242.87
2593 3432.91 1119.76
2594 3817.41 3189.22
2595 828.973 3831.57
2596 539.931 1252.31
2597 2072.51 2324.56
2598 1233.61 3263.67
2599 2924 3445.4
2600 1345.32 1426.52
2601 3172.15 425.377
2602 615.358 1868.46
2603 1232.3 3654.68
2604 2191 3272.72
2605 1902.35 691.615
2606 3883.4 1398.35
2607 3077.3 1512.49
2608 2246.29 3459.88
2609 2833.69 3800.48
2610 2211.32 786.037
2611 1231.35 2923.5
2612 3292.78 622.424
2613 3629.08 1035.78
2614 2926.83 3532.81
2615 3116.31 1653.82
2616 1421.98 1175.4
2617 1582.32 1632.11
2618 2854.32 1837.16
2619 1550.22 2291.63
2620 2529.03 2897.91
2621 362.147 855.301
2622 762.02 1192.5
2623 633.698 2530.93
2624 432.159 94.5506
2625 2682.84 2680.97
2626 1747.18 1392.69
2627 3878.81 564.415
2628 3144.78 1582.72
2629 3186.15 2735.53
2630 1532.52 2125.55
2631 3828.38 3498.43
2632 380.711 2025.79
2633 3751.72 338.234
2634 3168.72 2835.55
2635 977.959 1215.14
2636 1865.91 883.626
2637 3330.01 3540.48
2638 3830.76 2844.54
2639 2777.56 2012.5
2640 692.215 2724.79
2641 1911.23 884.471
2642 16.1474 275.043
2643 1349.05 3819.42
2644 2540.21 778.88
2645 251.426 2496.08
2646 3541.76 2912.52
2647 2416.31 663.881
2648 345.572 977.661
2649 2478.77 2397.41
2650 3694.37 2369.72
2651 907.437 1069.25
2652 3794.29 1635.82
2653 1622.53 2129.74
2654 370.617 696.974
2655 1339.24 3031.42
2656 1182.4 3062.59
2657 3851.44 2067.28
2658 2747.06 1730.78
2659 387.229 405.436
2660 3180.74 582.294
2661 3052.02 2785.63
2662 2621.32 2802.25
2663 3527.85 1701.42
2664 461.406 849.734
2665 151.957 1367.73
2666 1957.03 2203.39
2667 1669.12 471.053
2668 2252.24 2936.27
2669 3498.84 705.472
2670 3488.5 1496.96
2671 1953.08 1065.87
2672 1093.31 1643.17
2673 586.882 3812.87
2674 1831.17 2298.13
2675 3171.89 3771.96
2676 1746.37 296.575
2677 1431.92 242.099
2678 1658.15 1183.51
2679 898.64 1059.73
2680 2278.8 2333.9
2681 272.615 1786.27
2682 2118.13 2137.23
2683 3564.11 2385.93
2684 375.234 1290.42
2685 3413.31 462.557
2686 3276.52 2218
2687 3537.49 3826.41
2688 913.74 793.056
2689 2474.06 795.966
2690 1260.57 1907.5
2691 948.71 2646.09
2692 1247.03 1390.31
2693 1710.1 2310.43
2694 1634.43 1955.63
2695 3631.39 3287.64
2696 1936.3 3101.96
2697 117.415 1715.22
2698 2166.97 2533.15
2699 395.226 3245.09
2700 2319.41 1299.45
2701 2099.93 258.217
2702 1649.8 1667.67
2703 2265.1 2602.06
2704 2606.13 1978.93
2705 2605.34 3194.59
2706 2615.18 1384.2
2707 3040.02 1250.38
2708 1606.07 447.669
2709 633.782 426.156
2710 2496.24 1386.47
2711 3648.83 2290.39
2712 4.44515 641.884
2713 1859.66 3462.33
2714 892.68 714.38
2715 2491.34 2322.46
2716 1313.17 3651.15
2717 3303.71 2873.46
2718 734.436 1550.39
2719 3475.13 947.746
2720 1110.11 1077.7
2721 2080.17 388.63
2722 3411.66 3127.04
2723 2065.94 834.279
2724 828.943 2290.73
2725 332.346 3825.03
2726 2251.19 3233.02
2727 24.3692 614.12
2728 1166.48 2182.4
2729 7.62023 1385.49
2730 737.619 3813.05
2731 3326.79 2853.46
2732 494.68 2756.35
2733 1341.81 1949.67
2734 241.277 3455.8
2735 3077.33 3522.02
2736 237.06 957.707
2737 2863.71 3709.49
2738 2705.09 35.0105
2739 810.017 194.038
2740 2753.82 1948.31
2741 118.496 3748.59
2742 120.678 388.561
2743 2657.89 226.673
2744 2684.66 2202.58
2745 2481.28 3151.04
2746 3158.39 2316.57
2747 1701.94 1467.12
2748 1372.65 1113.8
2749 2387.16 1888.07
2750 3189.2 238.12
2751 519.855 817.547
2752 741.588 3774.73
2753 3473.78 277.061
2754 801.669 1712.85
2755 2247.22 563.271
2756 182.453 2660
2757 2449.66 1824.37
2758 2501.7 2305.39
2759 1232.21 2891.67
2760 2071.08 2199.5
2761 1234.46 316.494
2762 678.238 3063.08
2763 3274.44 2410.2
2764 784.43 2105.02
2765 1380.47 2153.96
2766 1069.84 2407.69
2767 3822.65 3561.84
2768 1488.48 2688.51
2769 1093.39 3407.85
2770 1862.95 3737.14
2771 2068.63 1367.36
2772 2002.69 3490.26
2773 1495.43 1412.51
2774 170.337 1812.73
2775 2134.34 2772.9
2776 3405.34 692.859
2777 1832.97 448.164
2778 229.874 2381.56
2779 2532.31 3571.19
2780 2466.45 3347.56
2781 1359 1360.15
2782 2693.92 2589.37
2783 126.17 3217
2784 301.631 3054.46
2785 82.8533 3886.79
2786 2846.66 1915.1
2787 3299.46 468.194
2788 2568.71 1075.98
2789 2125.06 160.807
2790 2139.98 2220.8
2791 1855.4 2453.99
2792 132.147 357.436
2793 2794.78 935.198
2794 2084.69 3070.96
2795 3180.08 971.482
2796 2434.76 3407.77
2797 397.44 2655.23
2798 1059.36 3902.02
2799 3403.19 2876.74
2800 337.178 1711.54
2801 1134.78 3630.95
2802 153.855 49.6856
2803 2716.84 2091.84
2804 976.215 1948.71
2805 3490.58 2046.04
2806 3219.61 1759.77
2807 580.868 1397.42
2808 3299.51 1799.67
2809 3374.49 710.961
2810 85.5359 1017.49
2811 1721.01 2505.01
2812 193.713 533.776
2813 3489.22 2264.03
2814 2622.95 1039.51
2815 3661.66 106.914
2816 235.278 2005.69
2817 3499.19 1954.29
2818 997.32 2830.49
2819 714.424 1512.27
2820 425.886 562.967
2821 19.539 2724.49
2822 3672.15 3408.26
2823 2746.27 3036.57
2824 989.264 116.689
2825 3735.76 2229.28
2826 690.097 2321.5
2827 3833.74 752.311
2828 2390.01 2143.11
2829 2148.52 3333.91
2830 1599.7 2706.15
2831 2855.99 1354.88
2832 2597.21 1118.14
2833 2315.01 1346.35
2834 3511.9 1782.45
2835 2633.94 3752.72
2836 540.856 3508.57
2837 2189.05 850.056
2838 3714.27 3383.6
2839 518.695 1128.04
2840 1099.46 2279.74
2841 1838.98 1469.39
2842 3317.65 1322.55
2843 2303.27 2393.95
2844 494.427 1070.02
2845 3548.02 2713.88
2846 1386.15 2918.61
2847 216.229 702.022
2848 2861.87 2581.72
2849 2282.08 1475.67
2850 3044.11 703.976
2851 1565.1 3766.13
2852 1825.02 1418.82
2853 122.18 2699.06
2854 1521.94 2989.5
2855 745.632 2016.4
2856 1021.63 1971.3
2857 1646.12 2128.96
2858 530.098 742.345
2859 332.223 3351.16
2860 2205.32 3867.79
2861 2588.2 195.347
2862 1493.6 478.577
2863 451.149 1603.88
2864 1537.05 850.586
2865 1006.61 1060.65
2866 2988.01 1945.89
2867 3130.29 3073.71
2868 2713.34 2045.35
2869 231.912 614.697
2870 1361.93 3517.71
2871 510.568 1234.67
2872 1173.08 1650.48
2873 1321.07 42.7019
2874 866.66 1739.31
2875 881.267 978.179
2876 3496.91 944.139
2877 2114.36 867.839
2878 3481.13 54.1655
2879 1760.62 2151.67
2880 1064.79 1359.83
2881 1014.61 1256.8
2882 1411.07 1706.58
2883 3854.11 801.137
2884 221.498 524.318
2885 785.272 1996.07
2886 1390.62 988.05
2887 3658.34 1767.47
2888 3711.89 1071.93
2889 2527.95 245.375
2890 2225.55 1224.31
2891 3897.33 1245.08
2892 2721.03 737.279
2893 13.5559 2482.57
2894 746.465 2334.08
2895 1839.57 2194.48
2896 3217.08 534.812
2897 1332.57 2937.28
2898 116.24 2061.55
2899 335.424 1251.5
2900 1445.77 2659.23
2901 2133.9 1057.97
2902 1757.84 320.14
2903 1455.01 2986.63
2904 3415.75 1786.2
2905 1938.43 425.041
2906 3425.07 3269.2
2907 1723.7 676.217
2908 3892.82 437.678
2909 1881.91 232.955
2910 3561.74 56.1761
2911 541.207 3084.79
2912 1380.11 1536.79
2913 1816.66 3311.94
2914 936.974 1780.48
2915 1829.66 2969.41
2916 1382.9 3523.12
2917 2332.99 1039.8
2918 3557.43 221.037
2919 2445.55 1336.07
2920 3241.65 2024.27
2921 1717.77 2439.43
2922 3017.74 186.304
2923 2941.58 1341.04
2924 3226.24 1206.98
2925 3895.18 1891.43
2926 568.917 206.61
2927 436.681 1913.6
2928 1876.31 1782.7
2929 1941.17 135.127
2930 701.099 2651.75
2931 1819.08 2751.92
2932 3368.79 2546.45
2933 3620.54 1767.54
2934 2584.69 2164.08
2935 349.307 1573.29
2936 2882 3658.47
2937 2697.58 3543.26
2938 1691.94 65.5411
2939 809.004 2891.98
2940 959.95 3801.77
2941 3190.09 3700.74
2942 2862.37 3579.42
2943 2938.59 25.9518
2944 49.9295 1904.95
2945 1433.82 883.974
2946 2473.37 246.979
2947 2086.76 1541.8
2948 1217.71 341.231
2949 1789.83 562.413
2950 351.536 480.326
2951 1899.06 1680.3
2952 1054.01 1939.8
2953 2604.36 1105.06
2954 1474.81 1663.43
2955 2383.73 3025.69
2956 1260.83 326.874
2957 3248.49 3303.31
2958 536.736 1934.62
2959 1489.76 2789.08
2960 3367.02 1447.41
2961 1075.15 1466.49
2962 2464.93 1280.01
2963 2200.32 2805.96
2964 3525.53 2370.22
2965 2336 634.468
2966 3495.5 1231.95
2967 2787.23 129.914
2968 2627.5 3103.96
2969 2251.11 2914.42
2970 3672.82 3558.2
2971 3039.93 462.51
2972 3672.21 2794.21
2973 0.787344 1303.39
2974 1305.61 2732.63
2975 2823.85 3108.58
2976 752.866 1426.23
2977 1998.15 2898.44
2978 3167.95 2381.05
2979 3693.75 3518.83
2980 282.861 2343.17
2981 1782.11 1427.36
2982 1731.2 2951.72
2983 2129.51 1413.83
2984 776.918 3636.28
2985 2043.4 1270.1
2986 987.601 1855.78
2987 3330.12 2202.48
2988 2773.36 3496.01
2989 2599.04 2221.63
2990 3236.7 3497.85
2991 3511.24 1171.05
2992 1888.11 1005.48
2993 1675.47 3144.36
2994 3530.56 1273.25
2995 293.541 3780.03
2996 1367.03 2416.74
2997 2355.37 3197.4
2998 3795.86 281.254
2999 1524.53 1957.01
3000 260.01 2643.62
3001 3246.67 3897.81
3002 549.613 2545.98
3003 557.733 2785.98
3004 3452.63 1697.06
3005 2283.46 1160.42
3006 3492.51 801.148
3007 2289.88 3451.37
3008 2299.11 2521.78
3009 3272.44 1246.22
3010 2258.81 1294.57
3011 1376.7 2722.54
3012 1781.11 291.02
3013 1790.83 1295.03
3014 3387.65 1147.06
3015 1611.15 1797.03
3016 1420.44 56.4873
3017 1455.47 1244.9
3018 3783.7 2215.41
3019 80.3847 100.814
3020 70.7978 1377.95
3021 865.198 2717.24
3022 3065.21 1100.51
3023 2937.46 1029.38
3024 1308.41 3342.26
3025 1870.76 1753.54
3026 85.6846 1021.79
3027 2513.72 1043.29
3028 1345.44 2919.35
3029 352.817 1227.89
3030 802.348 16.8703
3031 311.678 839.177
3032 1265.55 1010.96
3033 307.574 519.993
3034 3306.92 976.117
3035 3577.53 886.491
3036 2230.56 3069.03
3037 3328.6 602.494
3038 1686.09 2336.35
3039 1975.06 3726.86
3040 174.051 167.517
3041 2720.94 3081.49
3042 2418.1 1912.61
3043 565.801 2751.47
3044 1614.57 2458.2
3045 1313.82 2361.44
3046 1817 1523.56
3047 1450.12 2482.54
3048 3079.12 3449.4
3049 1805.18 16.099
3050 143.186 2547.73
3051 895.384 1434.87
3052 581.028 2701.05
3053 2808.36 3038.83
3054 874.531 1500.12
3055 2156.55 487.64
3056 25.0228 2418.35
3057 3058.73 1038.52
3058 168.532 3813.96
3059 713.011 2021
3060 1309.2 3018.79
3061 1002.92 704.834
3062 1831.51 3574.15
3063 1072.52 3229.75
3064 958.384 976.66
3065 214.73 539.318
3066 817.887 819.153
3067 1211.13 3587.22
3068 3665.19 3017.01
3069 3156.96 139.241
3070 1440.01 216.105
3071 3430.94 1609.63
3072 1252.12 215.843
3073 1222.57 2874
3074 2472.87 2014.97
3075 2440.8 1005.6
3076 1889.41 2543.63
3077 2997.47 1758.43
3078 3098.8 192.576
3079 277.895 417.345
3080 2878.5 268.184
3081 2133.48 0.919038
3082 3812.92 1099.66
3083 463.784 2459.03
3084 1900.88 3708.42
3085 1995.56 2220.92
3086 2662.04 1850.67
3087 2060.17 2521.35
3088 2702.85 3502.33
3089 477.511 680.032
3090 2510.97 30.2504
3091 3907.01 1561.21
3092 2018.98 1460.2
3093 3596.31 933.961
3094 859.914 3268.36
3095 477.738 2024.86
3096 356.53 971.35
3097 3195.05 3483.61
3098 54.733 3785.33
3099 864.377 1571.09
3100 2705.62 98.9517
3101 2228.97 2081.72
3102 421.274 419.146
3103 467.63 2330.89
3104 2782.72 1916.22
3105 3212.25 1066.75
3106 3245.55 2231.62
3107 1277.51 2522.95
3108 2155.15 1607.32
3109 2214.42 3245.23
3110 1387.34 2716.6
3111 2795.75 247.777
3112 3847.14 2233.48
3113 3683.08 1617.74
3114 3642.23 3414.61
3115 707.181 3536.63
3116 450.336 1160.61
3117 2041.95 2809.36
3118 2268.9 847.28
3119 524.266 3285.97
3120 1549.99 2659.77
3121 1886.95 2124.48
3122 1838.36 3644.65
3123 1891.64 3898.74
3124 1607.34 1395.24
3125 2075.07 1472.86
3126 1230.31 676.422
3127 3270.08 2083.64
3128 1823.88 1886.72
3129 2631.85 660.193
3130 1684.72 1216.01
3131 3445.73 94.2374
3132 2229.92 3682.63
3133 3175.64 2313.87
3134 2343.84 3522.59
3135 1282.86 3346.86
3136 1457.35 3278.77
3137 2525.14 2286.29
3138 3486.89 845.267
3139 633.489 38.1019
3140 1060.63 2257.42
3141 3437.6 1123.41
3142 1133.26 1666.99
3143 3451.63 3834.41
3144 3741.13 1407.91
3145 2393.26 2118.6
3146 2265.13 1995.19
3147 1568.42 2083.06
3148 1972.36 2972.85
3149 594.416 995.057
3150 310.123 1162.41
3151 3513.96 3448.11
3152 2418.02 2771.51
3153 1660.93 3678.38
3154 1379.23 2627.1
3155 1178.29 684.97
3156 486.8 3284.53
3157 735.693 770.658
3158 12.4549 287.185
3159 2179.53 682.037
3160 1732.28 3054.91
3161 950.284 529.13
3162 1148.25 1077.93
3163 214.049 877.506
3164 2361.73 3733.26
3165 1055.58 2735.1
3166 3538.64 3550.5
3167 1412.15 1851.69
3168 1844.65 1150.31
3169 2721.05 3627.68
3170 585.857 3549.22
3171 349.524 3584
3172 967.487 1045.23
3173 2624.83 301.276
3174 659.343 967.921
3175 705.346 367.348
3176 471.225 737.395
3177 2522.41 2845.12
3178 2362.64 1311
3179 2943.86 521.297
3180 2986.51 3639.62
3181 2405.66 1843.5
3182 2328.63 799.071
3183 3548.2 3327.58
3184 476.869 3094.22
3185 2469.61 1005.17
3186 1821.2 2852.12
3187 3066.48 1720.54
3188 3026.06 1497.81
3189 2578.35 991.098
3190 1782.29 1896.01
3191 2429.34 1402.55
3192 2361.92 2075.66
3193 1278.62 2603.63
3194 2111.72 938.046
3195 749.836 2408.62
3196 2413.15 901.884
3197 2943.98 2014.31
3198 3841.75 3033.93
3199 2322.04 2378.48
3200 3611.82 3365.02
3201 3271.06 3816.97
3202 3648.55 3800.07
3203 620.818 112.698
3204 2240.5 2282.26
3205 1493.46 2269.74
3206 520.111 1638.04
3207 2847.19 3371.28
3208 992.703 339.34
3209 1857.56 1291.17
3210 3675.88 3517.72
3211 217.738 2919.62
3212 3292.31 1310.26
3213 234.658 1472.69
3214 1532.14 3799.99
3215 3676.36 3770.45
3216 49.0638 1653.78
3217 351.4 1906.37
3218 3454.86 3409.24
3219 2900.6 244.296
3220 3420.51 330.26
3221 472.263 1179.95
3222 815.973 258.047
3223 1702.1 1555.01
3224 2589.21 1173.47
3225 3438.2 3732.23
3226 3113.44 3599.04
3227 3844.05 3473.45
3228 247.479 1442.13
3229 1694.89 1371.24
3230 358.707 1549.11
3231 239.449 845.872
3232 1290.41 3280.26
3233 3081.18 2221.58
3234 58.1937 2600.22
3235 579.746 3220.13
3236 237.242 2422.42
3237 1244.44 1547.8
3238 3053.28 2664.28
3239 396.57 2036.52
3240 820.26 1609.55
3241 1016.11 1604.14
3242 462.355 2797.47
3243 875.467 2129.14
3244 3274.23 2478.79
3245 2330.27 42.4205
3246 2274.7 3458.16
3247 1038.15 3585.06
3248 3464.99 2637.69
3249 103.672 1065.92
3250 1443.84 2277.26
3251 3084.1 820.338
3252 3186.05 1645.62
3253 2092.77 26.9351
3254 2364.57 666.312
3255 181.116 3805.96
3256 789.586 3478.09
3257 312.401 2617.77
3258 3215.87 1389.91
3259 1326.92 3522.62
3260 1204.9 2521.6
3261 3371.99 516.337
3262 3342.28 1682.04
3263 895.988 2758.51
3264 2922.44 2598.62
3265 3358.05 2267
3266 1111.96 2517.85
3267 2468.74 1233.51
3268 2186.11 3436.98
3269 1057.26 421.58
3270 1485.53 3903.19
3271 557.986 3068.22
3272 829.066 3875.26
3273 3257.47 2520.58
3274 681.853 1880.18
3275 3675.98 3339.1
3276 2796.62 3335.98
3277 185.771 1126.17
3278 971.246 528.359
3279 723.104 3305.94
3280 150.194 3408.39
3281 2236.5 1448.85
3282 1419.65 3811.83
3283 3775.53 12.5866
3284 1009.56 3711.22
3285 3458.48 3120.35
3286 401.812 56.3999
3287 3250.89 1298.75
3288 1050.77 1250.16
3289 3533.02 254.581
3290 1341.87 3829.31
3291 2313.4 2779.29
3292 1994.85 2655.12
3293 1305.23 516.988
3294 258.041 963
3295 854.844 714.894
3296 906.296 2126.64
3297 23.0882 3286.18
3298 2174.18 1290.52
3299 2803.98 700.591
3300 2830.2 1526.82
3301 1422.45 3199.13
3302 1267.8 634.443
3303 3120.84 2558.64
3304 3601.64 1441.77
3305 2987.73 1710.78
3306 2177.47 1936.28
3307 3434.04 1209.19
3308 1984.62 3744.95
3309 1906.81 1404.52
3310 3399.42 1680.63
3311 2368.61 1647.36
3312 2576.13 637.032
3313 3094.87 1923.6
3314 32.3132 2147
3315 1855.89 3880.11
3316 987.652 295.659
3317 3532.15 1341.22
3318 1946.62 1796.99
3319 2409.31 413.042
3320 2379.09 2016.2
3321 1874.69 3692.86
3322 2160.21 1449.82
3323 3308.36 2987.02
3324 651.086 3655.39
3325 3532.8 3057.72
3326 2675.97 251.062
3327 835.967 1550.43
3328 1990.83 1587.32
3329 2263.24 815.103
3330 95.7366 94.2609
3331 1878.08 2173.56
3332 1926.81 1526.87
3333 1235.75 1672.36
3334 3770.31 939.925
3335 3471.71 1302.34
3336 188.538 3893.9
3337 2922.59 2240.92
3338 1519.8 3378.95
3339 220.648 3007.47
3340 2780.47 3749.43
3341 935.932 1703.85
3342 3826.64 1125.84
3343 3308.91 842.958
3344 2835.47 106.733
3345 3116.6 159.641
3346 3158.05 1658.47
3347 2898.6 258.127
3348 752.183 507.028
3349 384.562 3461.63
3350 2030.98 2077.39
3351 2525.75 3425.93
3352 2281.29 568.085
3353 2799.75 590.837
3354 2242.97 665.679
3355 3429.96 570.731
3356 2114.4 1742.71
3357 1123.6 2020.12
3358 3351.42 3301.57
3359 999.492 2342.68
3360 3508.39 1340.88
3361 2694.75 3468.42
3362 2319.13 3752.76
3363 3814.79 126.355
3364 1594.38 3442.85
3365 3643.26 572.833
3366 3579.11 3319.77
3367 3290.02 3703.11
3368 3178.13 3757.78
3369 1850.68 176.446
3370 2860.1 3622.81
3371 1899.66 3132.88
3372 2233.44 3526.75
3373 3597.54 465.233
3374 800.398 1906.55
3375 2777.58 1096.68
3376 895.412 3880.78
3377 2350.7 562.495
3378 2294.53 3846.13
3379 1858.54 423.626
3380 1556.53 1276.11
3381 1388.7 1481.06
3382 3794.66 1691.48
3383 1835.59 670.05
3384 1821.09 894.426
3385 3700.29 3706.33
3386 1204.61 3697.83
3387 453.178 44.7926
3388 51.8976 3375.55
3389 3630.11 2699.26
3390 3319.03 1035.48
3391 2644.73 3734.19
3392 1179.48 2437.81
3393 65.3443 1927.51
3394 2237.49 951.659
3395 1232.97 1625.46
3396 1739.33 812.734
3397 618.657 718.14
3398 368.57 3117.79
3399 1871.69 3413.92
3400 2900.16 3762.02
3401 951.2 3482.82
3402 1369.07 546.179
3403 3026.06 3126.35
3404 1436.53 300.917
3405 1815.4 327.822
3406 3528.15 1755.92
3407 2839.49 3116.99
3408 956.882 3735.69
3409 2552.9 1709.65
3410 1960.92 3533.7
3411 1419.94 538.288
3412 1818.69 2419.63
3413 2904.93 3254.56
3414 1284.27 2043.5
3415 1687.16 3829.79
3416 1743.29 523.031
3417 1104.93 3075.02
3418 3363.49 2351.39
3419 2503.62 106.488
3420 281.827 335.236
3421 2134.94 640.26
3422 3206.05 671.598
3423 950.852 247.961
3424 140.351 1093.83
3425 879.067 2403.21
3426 3078.83 2625.13
3427 1679 76.3091
3428 1779.72 2210.36
3429 229.151 2065.92
3430 3151.87 3722.56
3431 3672.22 792.546
3432 3903.67 301.19
3433 1374.64 1955.28
3434 3270.65 356.266
3435 76.1128 2254.07
3436 2365.94 1006.34
3437 3396.85 3093.4
3438 3274.13 3268.17
3439 2267.32 3703.52
3440 2772.8 1414.44
3441 1013.48 3070.06
3442 736.232 1877.75
3443 3109.23 2558.97
3444 2069.47 2413.7
3445 3839.13 845.992
3446 1563.95 1956.95
3447 1579.82 1179.14
3448 1657.9 3149.33
3449 1562.15 2751
3450 2254.67 2211.1
3451 2705.82 1126.28
3452 3253.38 2331.86
3453 746.598 938.35
3454 1066.46 3466.35
3455 505.182 2720.86
3456 492.019 3141.14
3457 3582.12 2023.51
3458 3668.91 1535.01
3459 17.8303 3061.32
3460 3666.38 3363.43
3461 2379.2 1055.91
3462 3078.62 172.036
3463 1208.47 86.4012
3464 1799.09 1494.18
3465 1407.74 1431.57
3466 285.058 1401.9
3467 1322.97 952.724
3468 1580.15 120.723
3469 1014.48 2972.15
3470 2680.69 675.33
3471 875.207 3844.38
3472 2820.52 1219.22
3473 2895.02 2623.93
3474 938.953 2532.57
3475 3757.54 913.365
3476 2683.77 1310.82
3477 50.2657 630.388
3478 1935.37 1325.7
3479 81.6832 2904.17
3480 2655.57 2071.63
3481 3330.52 2205.82
3482 1200.42 1260.17
3483 1227.69 1991.38
3484 1856.29 959.957
3485 2680.05 3263.01
3486 2445.32 244.621
3487 2006.04 2832.57
3488 2126.59 1322.58
3489 2338.44 243.161
3490 274.954 203.516
3491 1830.08 3089.63
3492 35.5282 829.687
3493 2163.33 1997.25
3494 3302.31 1666.05
3495 1699.48 1606.57
3496 1529.75 82.2458
3497 3542.24 2304.65
3498 1175.87 2049.26
3499 3097.45 1849.52
3500 1959.2 3652.83
3501 193.808 1062.45
3502 84.2145 3265.61
3503 1862.69 3329.65
3504 2332.15 108.59
3505 1414.29 3324.08
3506 3888.66 772.018
3507 3656.71 3715.97
3508 1387.86 2174.73
3509 131.595 1684.25
3510 1904.83 2654.58
3511 653.142 201.614
3512 1535.35 1102
3513 2869.24 1993.48
3514 488.77 586.913
3515 3598.09 3781.85
3516 2698.83 861.865
3517 2920.35 1135.84
3518 3163.11 2480.32
3519 3443.58 3584.68
3520 2566.24 2454.02
3521 1423.1 2374.57
3522 415.946 492.134
3523 1794.68 2069.61
3524 2.97068 3513.88
3525 1197.2 491.82
3526 1655.35 3636.08
3527 470.381 2083.55
3528 1347.05 3169.96
3529 2083.03 881.312
3530 125.9 1170.74
3531 1253.62 1770.51
3532 98.2927 2190.1
3533 3466.87 2967.11
3534 2327.87 3799.74
3535 3271.43 1675.64
3536 1131.26 1805.7
3537 812.902 1936.62
3538 3125.92 2357.12
3539 2269.88 2053.5
3540 1796.19 1366.35
3541 1847.03 1564.17
3542 1948.9 3073.93
3543 590.278 1137.16
3544 1833.82 3662.26
3545 1744.57 1396.49
3546 3667.52 816.817
3547 1556.5 3692.76
3548 1408.93 2392.75
3549 2707.39 977.682
3550 1173.67 2786.71
3551 156.859 2632.17
3552 3628.19 1134.99
3553 70.314 573.135
3554 1080.08 2287.58
3555 1681.73 3733.41
3556 3280.06 3175.78
3557 2109.63 2402.76
3558 8.3217 3841.09
3559 1601.74 542.317
3560 1684.13 3204.98
3561 464.973 2499.77
3562 171.45 2726.34
3563 376.851 1460.18
3564 1014.11 3831.23
3565 195.302 1590.74
3566 990.685 652.05
3567 3193.37 724.413
3568 2465.59 1116.5
3569 347.444 433.979
3570 1813.64 3134.97
3571 2172.34 1507.05
3572 70.3996 441.846
3573 2928.29 1213.86
3574 3116.77 2544.88
3575 651.339 157.793
3576 1881.19 2933.63
3577 2821.29 3649.07
3578 1289.15 115.47
3579 414.459 472.286
3580 1756.9 963.462
3581 3856.99 2689.76
3582 3286.88 521.089
3583 1827.27 1120.94
3584 3083.51 640.546
3585 731.054 3453.63
3586 3244.86 3396.15
3587 960.444 1218.66
3588 932.84 967.38
3589 2180.09 3893.27
3590 2273.22 510.942
3591 30.1122 2788.75
3592 2438.81 306.369
3593 699.116 218.594
3594 1444.39 2835.85
3595 1924.79 3055.13
3596 2612.51 3292.35
3597 1790.79 3259.43
3598 3319.04 69.5882
3599 921.304 1656.61
3600 816.959 3544.04
3601 2813.66 2838.88
3602 1208.08 1876.79
3603 2070.73 3621.1
3604 906.947 2827.01
3605 1284.9 2785.73
3606 1826.41 2070.01
3607 2770.65 743.798
3608 1190.83 3703.83
3609 802.176 424.439
3610 2138.67 2258.02
3611 2028.78 1201.67
3612 3322.46 308.895
3613 3383.57 3783.16
3614 455.227 3319.88
3615 161.996 646.925
3616 2711.71 2929.45
3617 2840.26 967.792
3618 1788.65 3724.56
3619 1647.37 1481.93
3620 2060.97 2186.04
3621 624.646 3252.56
3622 1700.27 653.968
3623 1645.56 1267.33
3624 171.644 3460.72
3625 3610.38 156.687
3626 703.519 1.40799
3627 3780.43 3118.72
3628 2395.48 3591.52
3629 3806.51 3076.67
3630 104.343 2359.45
3631 669.845 1947.55
3632 2171.43 1536.82
3633 2733.34 625.083
3634 3669.46 1033
3635 3704.17 466.118
3636 2726.93 2685.8
3637 2835.49 3732.79
3638 1441.5 1625.54
3639 2896.19 3578.79
3640 20.1273 2513.35
3641 348.362 1799.74
3642 2734.09 124.823
3643 2003.95 2183.46
3644 622.101 1371.09
3645 467.151 2240.69
3646 406.954 1655.31
3647 468.861 2908.55
3648 3421.95 232.095
3649 2971.79 2471.96
3650 938.083 2047.93
3651 3692.93 2971.3
3652 945.818 2642.26
3653 435.46 1357.44
3654 3191.29 1485.47
3655 3458.11 1799.78
3656 2937.53 1189.81
3657 2142.01 3820.36
3658 1376.69 2910
3659 3897.6 1854.95
3660 2411.96 825.682
3661 1322.16 1983.93
3662 287.661 3009.01
3663 3418 958.497
3664 2816.11 919.147
3665 2147.04 190.25
3666 613.272 375.884
3667 1860.9 3223.13
3668 817.165 463.676
3669 386.086 691.941
3670 1277.08 1612.19
3671 1814.18 3244.68
3672 3292.34 3317.96
3673 2199.18 3628.23
3674 1579.97 110.122
3675 1359.5 3729.76
3676 3698.26 3852.72
3677 1252.13 2234.07
3678 590.156 258.58
3679 2383.42 3827.03
3680 1474.71 2422.52
3681 2704.14 1941.24
3682 3538.02 3490.93
3683 962.249 2581.62
3684 446.104 1662.72
3685 3858.19 246.23
3686 1574 285.69
3687 1968.85 3761.3
3688 2217.54 2995.4
3689 1925.77 3350.46
3690 2692.32 1085.26
3691 1155.26 3416.6
3692 2881.31 2183.75
3693 641.136 1388.16
3694 2749.38 744.487
3695 2272.65 913.342
3696 2123.96 2198.96
3697 895.891 1210.48
3698 3839.53 2862.95
3699 1261.56 519.987
3700 144.161 3815.5
3701 414.548 285.139
3702 2965.2 2347.41
3703 70.7497 1841.01
3704 423.613 1948.37
3705 2684.05 3676.53
3706 1313.13 2415.95
3707 43.4316 2666.25
3708 936.152 1362.59
3709 1390.86 2005.29
3710 1458.5 250.883
3711 2665 2546.21
3712 2406.87 581.616
3713 3207.7 367.398
3714 2583.11 1900.12
3715 1116.19 2311.98
3716 29.1641 2048.55
3717 2738.8 2340.25
3718 1270.63 3871.46
3719 2790.63 2440.8
3720 1088.27 1937.12
3721 1593.04 2076.16
3722 2968 1299.45
3723 2933.44 1094.95
3724 1917.15 1345.58
3725 259.726 440.79
3726 1022.04 841.816
3727 1459.34 90.9357
3728 992.043 198.212
3729 3518.16 3088.97
3730 2362.31 835.039
3731 1991.19 3457.85
3732 1508.25 1618.53
3733 1778.61 1238.69
3734 1849.1 642.493
3735 1735.62 2425.65
3736 3663.23 405.748
3737 2325.54 2378.59
3738 3000.41 3878.76
3739 874.582 2457.1
3740 3549.55 2933.03
3741 2863.74 866.545
3742 2316.71 2143.68
3743 1735.02 2513.21
3744 2973.67 3039.31
3745 644.258 2398.49
3746 2292.26 70.4505
3747 512.014 357.667
3748 1428.19 3412.86
3749 2764 2409.3
3750 3678.85 370.18
3751 1007 1571.18
3752 2056.97 3200.35
3753 2803.87 396.22
3754 1652.49 585.234
3755 1143.81 471.408
3756 2380.16 2099.65
3757 2475.48 1309.5
3758 3316.12 846.954
3759 759.818 3045.38
3760 577.082 1508.87
3761 3528.26 2972.95
3762 2439.64 2465.98
3763 2229.57 501.821
3764 2931.15 2076.17
3765 2031.42 2965.52
3766 179.932 3686.86
3767 1367.46 844.062
3768 3263.93 1209.91
3769 3776.82 1684.01
3770 2860.34 565.664
3771 2687.75 1708.41
3772 1470.75 338.418
3773 3437.75 1248.95
3774 3793.41 3682.32
3775 2906.37 1645.88
3776 950.852 1781.47
3777 3833.98 3861.86
3778 1699.34 1306.9
3779 3441.84 913.465
3780 188.35 568.201
3781 1401.95 2206.67
3782 55.5591 2107.66
3783 1562.43 565.918
3784 3146.28 2784.74
3785 1005.98 2003.54
3786 3070.1 2910.74
3787 270.204 1970.63
3788 1804.59 1517.71
3789 1282.61 2691.88
3790 1187.32 3351.69
3791 3561.76 325.946
3792 2022.46 2706.83
3793 1844.49 3801.65
3794 605.162 621.728
3795 3816.95 1966.37
3796 1647.68 2178.05
3797 3616.36 1185.16
3798 3220.27 1084.92
3799 1108.72 1224.89
3800 520.727 363.772
3801 195.633 1446.08
3802 1516.38 3576.82
3803 3565.86 3378.67
3804 1292.38 2802.03
3805 303.82 1639.02
3806 3530.27 2378.56
3807 3227.73 358.896
3808 1091.9 3805.03
3809 1408.09 3593.27
3810 3452.29 1210.67
3811 615.713 1398.85
3812 2982.94 3182.63
3813 840.772 1136.96
3814 1659.7 1975.29
3815 3013.03 890.169
3816 2529.31 3109.21
3817 627.253 2709.95
3818 3573.76 3070.86
3819 469.085 3015.6
3820 374.901 706.532
3821 1549.88 514.527
3822 802.332 3777.54
3823 3147.3 760.301
3824 89.8419 322.1
3825 1035 1194.08
3826 1348.08 925.796
3827 310.467 1460.15
3828 2867.84 9.38518
3829 1039.74 3518.72
3830 1703.52 3671
3831 2732 355.568
3832 3231.07 1964.47
3833 2978.2 1930.52
3834 1174.92 3175.97
3835 3371.76 3262.12
3836 1778.02 2976.95
3837 2359.33 1491.24
3838 2104.4 3647.77
3839 589.453 2752.85
3840 1569.36 1596.82
3841 3734.47 971.902
3842 1215.21 2268.22
3843 3619.72 3791.72
3844 3510.66 184.19
3845 601.647 2865.23
3846 2452.47 3042.24
3847 3129.51 3669.16
3848 64.8085 591.849
3849 1876.96 1261.84
3850 1235.36 3561.55
3851 2926.91 3318.45
3852 1886.73 1138.56
3853 572.427 615.472
3854 721.182 1812.53
3855 2277.63 3184.19
3856 3559.72 1349.09
3857 695.542 1310.01
3858 2155.58 3431.68
3859 2875.39 784.897
3860 1420.51 2097.16
3861 593.886 3054.17
3862 2670.22 66.1447
3863 2913.75 581.243
3864 2271.96 1539.2
3865 2106.8 198.154
3866 1801.49 1136.24
3867 1728.64 2827.82
3868 1085.16 1103.46
3869 117.744 2858.89
3870 1746.67 2608.68
3871 3539.05 3475.89
3872 3231.38 3067.65
3873 2019.9 3727.27
3874 328.692 3463.42
3875 1621.01 404.286
3876 2269.99 2625.79
3877 1435.27 2643.78
3878 38.1616 604.035
3879 2099.4 2762.88
3880 824.56 3596.39
3881 1102.33 1769.15
3882 2226.37 924.582
3883 3157.95 1846.02
3884 2227.54 2549.47
3885 2485.29 1968.16
3886 2605.34 2573.67
3887 2289.27 2672.54
3888 1661.99 3819.08
3889 2947.19 527.613
3890 2243.71 3277.42
3891 3493.7 1039.38
3892 463.512 1321.24
3893 3231.63 1639.98
3894 1113.5 1343.57
3895 1045.48 3813.43
3896 975.667 1721.8
3897 3895.57 988.784
3898 2265.36 1178.07
3899 3809.72 1985.26
3900 145.38 1077.34
3901 822.574 1478.26
3902 2298.49 3394.23
3903 1432.41 1251.68
3904 1792.53 2508.73
3905 2935.78 947.321
3906 3802.24 1433.39
3907 164.153 1081.72
3908 1455.38 1109.7
3909 2546.53 1633.25
3910 2356.01 114.486
3911 2647.9 2832.83
3912 2615.06 3503.3
3913 3895.38 832.88
3914 3179.43 2444.92
3915 3138.94 1483.34
3916 2588.13 2659.03
3917 2716.78 3547.51
3918 1285.48 2604.68
3919 1928.44 156.352
3920 1070.2 2083.09
3921 1311.68 2639.93
3922 1766.01 386.488
3923 2729.8 162.027
3924 1104.36 722.253
3925 2880.56 831.91
3926 2792.31 2406.96
3927 2951.09 484.658
3928 3149.2 796.621
3929 1883.27 1807.69
3930 2437.34 48.8619
3931 914.473 3607.23
3932 651.14 1301.18
3933 2027.15 3067.3
3934 1709.8 3326.07
3935 2339.27 3278.23
3936 2634.4 977.552
3937 979.198 2970.4
3938 3063.04 1911.95
3939 349.997 718.871
3940 3723.36 192.164
3941 3191.69 1035.14
3942 508.898 3758.96
3943 1856.93 1232.67
3944 3874.38 3092.91
3945 952.421 1798.71
3946 1436.78 2886.29
3947 2253.64 128.469
3948 542.073 3694.32
3949 659.454 2889.12
3950 924.165 497.724
3951 38.6627 2465.36
3952 864.984 866.39
3953 1633.07 3085.33
3954 3075.26 2433.87
3955 3513.72 3103.41
3956 560.425 3068.4
3957 1779.79 823.516
3958 1177.69 826.995
3959 1556.32 2635.34
3960 1848.45 568.274
3961 3346.12 1250.6
3962 3338.93 899.187
3963 979.517 3791.81
3964 9.32134 2950.72
3965 749.147 1964.06
3966 2900.75 3760.35
3967 1644.98 966.771
3968 1883.38 1052.41
3969 3853.97 1388.78
3970 1509.78 2324.41
3971 2819.6 882.853
3972 2340.67 2497.8
3973 3799.9 3141.49
3974 3638.88 2044.39
3975 204.73 259.56
3976 346.028 2908.68
3977 3627.91 648.345
3978 3631.25 2984.61
3979 3044.25 2902.58
3980 2493.01 652.689
3981 1240.59 3360.93
3982 1816.56 199.547
3983 1126.15 2672.56
3984 2315.8 3392.65
3985 2957.51 432.372
3986 688.749 589.191
3987 507.095 2296.91
3988 1020 3401.99
3989 3676.93 3704.46
3990 1052.43 920.197
3991 3515.96 1764.14
3992 1368.82 2291.59
3993 1145.76 3858.08
3994 3316.77 3479.75
3995 458.427 1336.74
3996 819.782 1875.31
3997 2349.7 1176.17
3998 3431.44 352.602
3999 359.431 900.819
4000 2223.58 3569.1
4001 3548.59 3802.18
4002 2372.95 2203.49
4003 247.254 1598.93
4004 1903.01 2747.38
4005 2883.78 1158.9
4006 2528.05 3243.6
4007 2916.4 2444.78
4008 439.186 1638.67
4009 563.668 3274.82
4010 1704.49 586.495
4011 3385.56 319.164
4012 1721.24 3225.34
4013 3278.34 2592.08
4014 2699.55 2434.07
4015 813.536 348.934
4016 270.643 393.522
4017 46.5909 2861.79
4018 3381.23 1374.38
4019 2047.83 3221.97
4020 3504.88 2084.35
4021 1824.09 1958.47
4022 613.611 3552.44
4023 2985.54 2794.29
4024 1633.52 2311.28
4025 988.689 2614.31
4026 1139.44 1819.11
4027 843 3395.69
4028 1915.5 16.1896
4029 2948.39 3298.05
4030 2589.43 3255.95
4031 3320.03 2695.2
4032 3041.73 2496.99
4033 1393.96 725.116
4034 3202.55 1795.99
4035 867.688 2325.27
4036 1892.12 1331.76
4037 1620.94 2399.98
4038 1749.02 1964.28
4039 2884.56 2855.67
4040 2489.81 3520.8
4041 1386.16 1251.62
4042 3499.72 628.443
4043 2712.38 226.408
4044 2357.75 395.988
4045 2138.09 226.984
4046 886.939 2220.25
4047 1411.3 3604.42
4048 3559.35 653.313
4049 2077.25 2617.18
4050 225.267 1048.67
4051 3803.75 167.529
4052 706.915 3241.04
4053 1120.97 349.726
4054 2459.48 2122.75
4055 1013.86 768.843
4056 3111.47 706.979
4057 1407.52 3561.91
4058 1252.14 3388.54
4059 2639.46 818.27
4060 1936.18 2026.2
4061 812.742 493.822
4062 3896.02 1492.43
4063 2342.94 3262.06
4064 1622.01 302.548
4065 1013.67 684.805
4066 421.256 3028.72
4067 1293.55 101.135
4068 2811.68 836.456
4069 3406.77 2370.11
4070 250.908 2924.12
4071 3741.45 49.8344
4072 1510.61 1048.18
4073 799.148 3556.37
4074 1902.16 3338.92
4075 2618.37 3092.67
4076 960.209 447.989
4077 2383.65 204.201
4078 2067.47 2216.86
4079 658.841 822.357
4080 3176.57 761.749
4081 1484.28 2115.84
4082 3225.02 491.406
4083 264.594 2039.54
4084 2820.74 2471.96
4085 2494.75 2239.99
4086 1318.29 3744.71
4087 3681.24 1046.4
4088 116.336 794.608
4089 3466.66 2086.29
4090 3818.24 2516.86
4091 1699.05 2047.31
4092 1583.33 473.116
4093 3269.48 1535.85
4094 3589.27 2158.15
4095 2649.63 529.056
4096 3031.83 1675.28
4097 2700.44 503.689
4098 3850.09 2049.97
4099 521.342 670.616
4100 2744.03 2129.7
4101 1619.27 1883.58
4102 1165.79 3066.75
4103 1580.69 1039.72
4104 1709.58 976.89
4105 1896.13 2901.72
4106 3850.56 3810.31
4107 160.435 178.659
4108 401.135 346.103
4109 1549.23 1504.89
4110 2886.15 3289.35
4111 827.888 3566.73
4112 3803.4 226.563
4113 539.465 598.297
4114 954.787 1565.93
4115 1626.65 123.764
4116 2905.25 3646.83
4117 3595.27 3886.4
4118 1999.03 908.542
4119 2525.55 3110.81
4120 1233.25 3118.31
4121 3458.5 3039.98
4122 16.1445 1309.94
4123 174.751 3472.01
4124 3095.87 3763.39
4125 832.015 1712.75
4126 2761.45 2105.83
4127 1408.03 817.475
4128 1286.07 270.639
4129 1648.14 3586.22
4130 1162.6 313.69
4131 2288.3 1933.12
4132 2171.02 3345.75
4133 2492.76 3844.53
4134 3569.39 320.524
4135 3712.72 1284.78
4136 2481.11 2685.55
4137 2801.2 3554.86
4138 3808.65 3036.02
4139 759.104 1344.48
4140 2456.41 833.082
4141 1836.05 3390.91
4142 987.835 430.159
4143 3420.42 1774.34
4144 36.7607 848.42
4145 230.074 3291.54
4146 2537.69 2088.43
4147 3664.97 1075.21
4148 1461.3 2273.27
4149 2493.25 1027.32
4150 2473.41 1522.27
4151 971.804 359.355
4152 2966.32 3490.95
4153 1535.82 1210.17
4154 1678.83 3026.42
4155 2017.59 1885.93
4156 2743.06 1490.74
4157 1860.65 1008.92
4158 549.838 3057.86
4159 1179.27 1850.48
4160 1567.06 1762.38
4161 286.055 1523.77
4162 1375.14 1333.46
4163 1570.72 342.262
4164 1962.91 3216.18
4165 588.705 2724.85
4166 2696.47 756.542
4167 1626.99 1533.56
4168 3519.12 3360.3
4169 1749.61 1320.96
4170 3286.99 2604.57
4171 577.4 3333.18
4172 3565.88 996.937
4173 150.793 3128.11
4174 198.886 2805.37
4175 3298.15 3082.51
4176 3493.25 3739.94
4177 848.936 1717.42
4178 2425.42 2683.56
4179 57.2248 980.777
4180 1561.15 1730.45
4181 1353.2 2150.37
4182 1440.62 3551.95
4183 859.626 2432.6
4184 1388.71 374.504
4185 3048.85 469.749
4186 2945.84 1638.36
4187 3615.1 2490.55
4188 2156.74 330.008
4189 3379.92 1714.69
4190 670.076 3508.81
4191 732.094 2181.91
4192 1258.11 651.085
4193 1227.32 208.401
4194 3510.6 2362.41
4195 3527.06 3219.14
4196 3226.66 2151.98
4197 2693.65 3138.73
4198 612.179 70.7125
4199 2067.05 284.792
4200 3565.62 1941.74
4201 3633.84 3710.54
4202 2.73246 3125.17
4203 886.248 952.364
4204 540.862 77.9103
4205 1201.18 1730
4206 2930.01 2158.79
4207 2011.99 521.112
4208 2590.83 3416.1
4209 1497.88 1734.28
4210 687.85 1007.36
4211 3173.86 3111.62
4212 2433.99 858.979
4213 2611.88 575.022
4214 3521.99 2398.22
4215 1262.17 3042.83
4216 3600.18 144.775
4217 2477.53 382.192
4218 3265.07 2482.73
4219 2176.14 182.008
4220 307.72 2022.62
4221 2991.8 2977.61
4222 2965.33 2583.34
4223 724.698 1730.58
4224 2365.83 2415.12
4225 1600.48 617.173
4226 2315.79 719.448
4227 2466.04 2842.87
4228 597.304 1873.9
4229 889.645 2102.11
4230 2786.29 3514.67
4231 892.25 2552.48
4232 1102.92 448.681
4233 1229.12 1919.61
4234 2593.81 1867.06
4235 3268.53 1852.38
4236 396.156 1599.79
4237 2289.77 2472.69
4238 1413.49 1134.72
4239 2604.68 2182.66
4240 881.632 1384.28
4241 1714.39 903.616
4242 1141.73 2449.08
4243 963.925 2473.52
4244 2621.62 3141.81
4245 653.119 149.675
4246 511.05 1543.87
4247 474.766 876.519
4248 1993.66 577.85
4249 1703.68 888.697
4250 2349.88 2213.73
4251 213.074 1305.22
4252 1382.96 2898.34
4253 2184.16 3637.25
4254 447.905 3099.84
4255 450.334 2714.1
4256 2651.06 807.531
4257 1030.77 1078.98
4258 1668.73 1124.91
4259 1580.06 2420.74
4260 3535.14 1051.76
4261 473.104 1039.56
4262 431.611 3455.15
4263 2167.87 887.984
4264 1078.26 2282.95
4265 75.3093 3451.32
4266 3487.59 1498.13
4267 2418.01 3102.6
4268 738.768 1961.36
4269 465.003 604.564
4270 700.525 2211.45
4271 3505.14 2066.42
4272 2980.24 882.428
4273 1244.91 2863.76
4274 2969.87 3604.76
4275 1439.95 1188.24
4276 2384.09 2075.52
4277 3244.35 2791.93
4278 1923.15 3382.3
4279 799.261 1592.17
4280 3833.59 2915.76
4281 784.023 2518.52
4282 3891.13 2149.99
4283 1218.15 1834.57
4284 877.221 3698.47
4285 519.928 2343.29
4286 1030.82 952.355
4287 687.126 3262.15
4288 2069.96 1342.94
4289 948.694 1061.53
4290 3577.31 3860.13
4291 70.3842 1557.23
4292 3605.85 221.453
4293 2288.66 141.733
4294 495.761 1929.21
4295 2994.64 251.693
4296 1930.66 3353.65
4297 454 3372.3
4298 3057.95 100.123
4299 2310.03 1233.68
4300 3499.89 94.8909
4301 2787 2029.7
4302 3077.58 3619.56
4303 118.512 3898.5
4304 1342.88 369.319
4305 18.7281 813.558
4306 921.434 3467.49
4307 2272.19 3794.86
4308 2340.74 3512.44
4309 2294.09 1247.07
4310 1992.73 1588.24
4311 2765.77 480.472
4312 1243.92 2783.18
4313 2730.25 1390.8
4314 1565.44 2312.27
4315 1871.44 935.29
4316 2800.85 2424.54
4317 117.502 221.753
4318 3566.58 1864.25
4319 1494.78 3550.4
4320 2541.8 3400.75
4321 444.399 3788.17
4322 563.118 373.542
4323 3402.46 1647.76
4324 2072.11 489.508
4325 3428.61 2929.35
4326 307.063 2783.72
4327 1983.29 1618.11
4328 257.732 127.944
4329 1207.79 1430.67
4330 587.896 3399.34
4331 1164.57 1982.16
4332 2125.56 1510.97
4333 693.075 3668.66
4334 443.361 2847.71
4335 338.028 3158.17
4336 3906.97 3001.53
4337 2215.91 3407.48
4338 2782.97 2052.49
4339 3086.2 111.155
4340 407.092 378.833
4341 2009.19 2808.74
4342 3708.94 1060.63
4343 1629.83 1820.65
4344 68.1829 871.829
4345 2962.12 2179.5
4346 1699.28 1105.37
4347 787.822 1607.79
4348 3907.24 3538.61
4349 1173.44 3297.8
4350 2364.17 2743.41
4351 2590.71 617.036
4352 3046.29 808.814
4353 3490.5 372.038
4354 2083.52 1763.76
4355 871.822 1020.08
4356 2856.65 3059.09
4357 1121.07 405.065
4358 1227.67 3167.75
4359 190.671 589.62
4360 1573.25 56.0037
4361 2975.37 1209.74
4362 2548.57 921.741
4363 2504.31 3275.52
4364 1812.65 3588.28
4365 3615.16 3343.76
4366 1408.48 97.5709
4367 1723.45 3580.89
4368 416.155 749.484
4369 1088.62 752.994
4370 3376.48 399.377
4371 1298.85 1664.76
4372 3182.86 3750.67
4373 414.743 3382.2
4374 541.556 3158.94
4375 1214.02 599.528
4376 2181.01 3881.67
4377 926.806 976.963
4378 628.738 2386.66
4379 2361.09 711.334
4380 3422.67 783.422
4381 1702.64 3192.85
4382 2155.81 3589.17
4383 2019.79 2321.96
4384 3405.1 1798.62
4385 1057.32 1176.75
4386 204.462 3828.27
4387 500.465 38.0305
4388 2006.44 217.013
4389 1229.61 1633.3
4390 2393.54 1092.94
4391 3656.06 2526.51
4392 3576 555.258
4393 2048.41 2656.22
4394 432.501 3517.85
4395 1893.49 2549.24
4396 1866.34 3509.01
4397 579.9 1730.87
4398 1933.15 22.6076
4399 1479.8 3747.57
4400 2207.88 1191.78
4401 2362.73 2565.63
4402 3685 2899.55
4403 2184.22 3136.89
4404 2292.94 1839.64
4405 396.923 3205.12
4406 3804.74 189.299
4407 2822.96 855.59
4408 688.625 2260.75
4409 1242.38 38.1057
4410 3420.09 47.6125
4411 3263.07 3400.2
4412 3868.57 275.563
4413 3794.61 2103.74
4414 35.7965 626.875
4415 1389.65 1408.16
4416 1904.28 2247.15
4417 3683.26 165.804
4418 1461.65 323.814
4419 3172.73 2668.9
4420 729.835 1638.25
4421 993.578 2076.6
4422 1722.21 874.262
4423 557.548 3370.34
4424 1889.86 1930.8
4425 2455.65 1858.26
4426 3374.58 287.002
4427 2221.85 3233.42
4428 3215.73 3368.02
4429 930.628 1137.7
4430 3052.61 2882.87
4431 2843.62 2893.22
4432 1673.37 2293.05
4433 1509.64 1941.69
4434 3297.06 722.732
4435 3392.22 683.059
4436 2347.84 3024.92
4437 3285.58 2555.65
4438 3237.79 751.357
4439 443.662 3101.25
4440 1425.39 1948.48
4441 2314.77 2333.04
4442 1636.13 178.416
4443 2146.99 2303.45
4444 759.536 3159.55
4445 11.8169 768.5
4446 1887.29 3624.44
4447 2364.7 53.4443
4448 3903.82 2133.21
4449 3634.65 2915.88
4450 1747.96 2746.66
4451 3306.16 1725.13
4452 1034.21 1312.92
4453 1269.7 301.089
4454 303.885 931.329
4455 3711.44 944.903
4456 822.607 2820.65
4457 108.781 1690.32
4458 2598.2 1849.71
4459 1112.88 127.231
4460 1857.13 3755.09
4461 3857.26 598.834
4462 140.328 1774.03
4463 2155.03 3648.88
4464 880.728 47.3864
4465 2849.45 3907.56
4466 1489.84 894.25
4467 1728.62 3447.66
4468 3710.79 79.2479
4469 1968.81 1680.88
4470 1814.02 2066.82
4471 487.932 3894.4
4472 940.271 17.5023
4473 2268.46 3006.21
4474 957.438 2893.38
4475 1755.2 2853.06
4476 3053.15 187.574
4477 3427.57 268.273
4478 3173.78 1588.21
4479 599.864 97.3185
4480 1886.25 1325.92
4481 2059.08 3285.18
4482 3870.5 820.857
4483 1584.94 2864.6
4484 356.616 1257.02
4485 1995.75 3487.94
4486 2083.39 2911.93
4487 3421.55 3265.09
4488 1940.78 570.699
4489 2561.73 350.37
4490 2057.1 3206.18
4491 686.069 1287.34
4492 3202.89 2228.58
4493 169.719 541.354
4494 1898.16 2502.21
4495 2326.93 3036.55
4496 1412.26 1433.22
4497 3526.48 2089.17
4498 2882.2 1037.97
4499 3127.98 2306.02
4500 2107.11 1608.04
4501 3013.27 2436.02
4502 3710.91 1456.69
4503 3782.88 2339.29
4504 3575.53 2387.29
4505 383.344 617.833
4506 2481.28 1645.81
4507 3439.42 62.0081
4508 1850.94 980.905
4509 1799.58 1799.92
4510 1780.45 3785.26
4511 690.71 3371.17
4512 896.337 3373.27
4513 2286.8 3849.51
4514 1159.24 3708.29
4515 600.201 2313.61
4516 813.294 2286.66
4517 23.5759 2726.83
4518 3462.69 2608.34
4519 806.111 2024.44
4520 751.539 1781.97
4521 3730.95 2454.83
4522 2659.84 1613.44
4523 2871.95 3767.11
4524 3179.6 1666.17
4525 994.18 3241.05
4526 2472.89 1313.57
4527 1475.37 690.235
4528 3782.33 502.053
4529 672.027 1930.96
4530 892.402 3598.29
4531 1757.7 3316.41
4532 2991.45 569.002
4533 160.117 1877.35
4534 3456.79 3516.76
4535 3214.08 1376.62
4536 2258.65 2546.71
4537 246.937 708.684
4538 3150.58 3392.06
4539 3587.81 384.407
4540 3269.46 3369.91
4541 3322.29 1662.4
4542 726.117 2726.41
4543 1611.98 1194.65
4544 858.449 2137.95
4545 661.801 792.2
4546 3830.97 2518.71
4547 1070.16 2304.06
4548 3881.75 892.901
4549 2037.64 3273.81
4550 1087.77 1532.96
4551 2359.81 3730.4
4552 2162.69 2688.1
4553 2186.01 1452.66
4554 2665.12 30.4755
4555 2779.17 2185.69
4556 1953.37 1069.29
4557 1527 3758.21
4558 710.356 2438.46
4559 3219.69 65.8437
4560 3443.8 737.102
4561 3210.87 3403.33
4562 1931.63 30.7864
4563 656.946 1572.55
4564 446.333 1884.88
4565 1816.2 2508.06
4566 220.939 682.818
4567 2583.08 3256.53
4568 711.142 3217.31
4569 3389.07 498.994
4570 842.913 2447.84
4571 1400.2 145.916
4572 141.635 3341.75
4573 1253.66 2654.49
4574 1187.29 3792.43
4575 762.062 2142.2
4576 2714.44 3393.29
4577 223.032 954.608
4578 287.127 2902.78
4579 1457.33 2413.01
4580 2656.99 1095.11
4581 3855.4 1767.65
4582 860.76 3851.4
4583 2217.34 1437.13
4584 620.332 3183.02
4585 3001.75 2482.6
4586 3152.15 2516.11
4587 2589.9 936.822
4588 3618.5 3297.81
4589 2648.08 625.047
4590 3014.42 2614.73
4591 2278.63 3253.5
4592 3663.26 3538.84
4593 2685.03 13.1002
4594 3685.74 502.422
4595 252.035 324.058
4596 916.349 1714.08
4597 2491.88 1572.13
4598 1303.58 2153.37
4599 1638.8 2404.14
4600 2685.46 2525.47
4601 538.786 2184.57
4602 94.5071 2609.04
4603 618.016 1183.09
4604 1604.46 1742.82
4605 1737.58 2755.68
4606 663.086 2538.24
4607 3731.27 3576.44
4608 780.742 1117.58
4609 424.951 3568.75
4610 1866.92 527.492
4611 3603.45 2317.63
4612 1816.11 500.551
4613 3271.47 2589.85
4614 2935.99 1666.86
4615 624.877 864.474
4616 1400.53 2423.38
4617 3361.57 1358.57
4618 2999.52 63.3203
4619 3078.59 1582.33
4620 2614.29 2083.92
4621 2493.98 439.767
4622 3400.42 1164.55
4623 2435.71 103.165
4624 2277.04 1024.13
4625 2057.12 3282.96
4626 1626.91 3749.73
4627 391.752 1923.76
4628 2365.24 658.298
4629 2370.09 3458.52
4630 1658.62 3801.16
4631 464.453 234.208
4632 1300.4 2655.39
4633 2533.72 2598.57
4634 1724.41 2661.42
4635 1531.03 1569.52
4636 7.22532 1123.26
4637 1983.81 2698.93
4638 2416.94 348.076
4639 2278.23 3170.58
4640 1071.32 3653.59
4641 3573.18 2247.21
4642 2850.2 664.468
4643 1277.52 1379.47
4644 3264.61 3843.03
4645 3778.6 2852.64
4646 2760.61 1631.27
4647 3673.63 3302.45
4648 1861.44 1254.29
4649 772.035 396.315
4650 639.901 2778.26
4651 3103.38 2172.2
4652 340.577 1141.2
4653 1305.7 3469.44
4654 3331.89 1375
4655 2540 1170.92
4656 305.822 1463.29
4657 2316.19 2667.5
4658 1272.14 1981.9
4659 2486 1131.67
4660 402.738 3856.3
4661 3200.9 2193.08
4662 2381.48 2928.15
4663 899.681 876.768
4664 1053 3773.89
4665 1936.38 1470.52
4666 1059.15 2160.37
4667 1898.89 1027.8
4668 3436.24 2514.42
4669 611.915 267.932
4670 1134.8 3870.55
4671 2262.96 2198.47
4672 3832.69 3217.07
4673 1832.01 667.779
4674 1550.99 455.929
4675 3490.39 2257.8
4676 2388.95 633.109
4677 626.841 3630.14
4678 709.332 2311.46
4679 3717.93 440.098
4680 613.435 26.7324
4681 1252.01 3821.03
4682 2573.68 112.035
4683 2961.67 3833.62
4684 759.567 2280.95
4685 2766.11 2096.73
4686 3750.74 1328.19
4687 1438.09 902.563
4688 868.612 1445.04
4689 932.704 814.786
4690 1995.58 754.514
4691 3694.39 1226.64
4692 1311.05 2739.4
4693 675.083 3415.03
4694 2464.08 2957.86
4695 3155.19 176.379
4696 2478.01 3155.18
4697 1098.4 324.286
4698 3635.11 893.43
4699 3705.48 2421.66
4700 787.939 1592.01
4701 780.263 1384.19
4702 2637.42 342.9
4703 1156.81 2875.4
4704 1411.25 281.223
4705 2639.59 1818.51
4706 1734.7 1269.6
4707 928.336 2842.46
4708 2262.14 443.311
4709 3234.57 630.852
4710 1638.8 3259.44
4711 207.902 228.948
4712 974.2 1636.9
4713 1806.63 357.439
4714 3530.11 2875.39
4715 538.141 3400.36
4716 3721.62 119.176
4717 3718.27 2787.59
4718 2553.72 3357.25
4719 905.08 1934.95
4720 2844.08 3601.09
4721 2085.94 2939.71
4722 601.716 101.298
4723 2715.04 510.123
4724 292.561 2358.77
4725 3165.91 2708.67
4726 2993.01 2747.56
4727 2683.08 2686.51
4728 2321.18 3290.09
4729 3860.27 905.261
4730 2895.21 3155.63
4731 10.2472 3518.44
4732 298.889 1105.03
4733 811.281 1934.3
4734 3244.19 49.3399
4735 926.007 255.859
4736 694.396 1675.56
4737 2796.93 3878.36
4738 1402.91 1705.74
4739 2474.55 66.9172
4740 3325.65 1997.92
4741 3747.02 1770.96
4742 2630.55 3255.83
4743 2498.27 1233.45
4744 426.405 2421.19
4745 1181.36 356.094
4746 1755.22 1692.77
4747 1908.14 2285.47
4748 3860.94 280.783
4749 741.134 152.804
4750 3068.69 1868.92
4751 3709.83 1469.93
4752 3877.29 123.56
4753 3893.66 950.251
4754 116.916 865.511
4755 2677.52 1317.78
4756 95.3896 1347.11
4757 1832.01 235.727
4758 2559.16 3163.4
4759 789.152 3865.66
4760 2436.26 2449.53
4761 1236.4 3081.69
4762 3656.11 3195.54
4763 1829.75 3072.75
4764 2403.5 7.48319
4765 2603.11 1008.02
4766 2065.12 276.442
4767 1113.34 3854.11
4768 547.576 3380.12
4769 2798.26 715.624
4770 1586.58 2570.63
4771 764.837 271.698
4772 281.265 1082.75
4773 2603.65 1877.78
4774 1481.04 3795.89
4775 3175.63 3138.41
4776 996.46 2033.16
4777 1815.94 3883.96
4778 688.685 1537
4779 2330.9 706.128
4780 2912.26 3786.47
4781 263.708 371.562
4782 2508.36 1218.87
4783 3301.09 592.471
4784 2146.42 1668.89
4785 2267.14 2870.51
4786 2802.11 3619.05
4787 2098.98 3777.06
4788 139.246 1597.61
4789 1436.61 3553.36
4790 618.856 3747.33
4791 1861.8 493.966
4792 2036.46 14.7618
4793 1423.29 2542.09
4794 147.307 3105.06
4795 1266.62 3894.03
4796 1544.58 269.347
4797 129.721 1710.15
4798 993.253 256.053
4799 1580.2 916.985
4800 3837.86 3897.19
4801 453.139 1643.36
4802 716.244 466.156
4803 877.242 1808.44
4804 2103.74 2441.98
4805 2926.6 550.662
4806 1846.21 2884.52
4807 2205.95 3021.38
4808 23.4273 3039.49
4809 3513.86 413.994
4810 775.517 1742
4811 17.1449 3258.78
4812 3007.8 574.874
4813 3685.53 1382.66
4814 2143.63 228.274
4815 2523.64 665.157
4816 3349.25 2440.95
4817 624.321 1748.73
4818 3281.83 2325.77
4819 49.9481 1944.69
4820 932.753 493.324
4821 2366.09 1793.75
4822 800.198 1193.21
4823 224.629 274.033
4824 2148.25 1786.17
4825 2854.98 1445.55
4826 831.111 2438.35
4827 3565.48 1800.47
4828 786.452 2634.59
4829 99.8161 2459.44
4830 1308.21 527.422
4831 895.156 1774.48
4832 3851.31 196.087
4833 905.475 283.764
4834 1872.89 3899.62
4835 576.348 3448.53
4836 2228.18 740.187
4837 3005.87 2296.36
4838 2809.59 1191.88
4839 3840.52 112.704
4840 2806.87 1690.26
4841 3019.6 1735.76
4842 1393.12 2336.52
4843 3428.14 2460.47
4844 331.48 3227.4
4845 501.893 1753.53
4846 712.831 2733.26
4847 1417.5 284.521
4848 2303.93 2985.62
4849 551.311 1538.27
4850 31.5853 156.165
4851 790.626 2964.53
4852 3679.21 2372.38
4853 3373.52 2048.95
4854 1539.56 3357.73
4855 3815.36 1318.46
4856 598.064 2987.85
4857 2245.28 2975.38
4858 3333.6 3504.19
4859 2883.78 2318.9
4860 1920.71 491.512
4861 2000.69 3102.36
4862 427.895 2154.07
4863 1527 2803.93
4864 3340.28 89.8815
4865 3701.99 782.414
4866 1840.98 3701.06
4867 124.272 751.279
4868 3467.11 27.0935
4869 148.602 0.749563
4870 2262.38 1.29667
4871 3461.48 922.058
4872 3504.16 1482.24
4873 3416.55 1974
4874 3629.13 1299.57
4875 2161.55 1627.94
4876 3528.53 3798.26
4877 3835.01 617.867
4878 2773.31 1374.83
4879 3132.44 2312.21
4880 3839.19 1485.66
4881 2841.36 1628.57
4882 3135.49 1235.91
4883 1092.56 656.794
4884 2474.31 2602.6
4885 2424.08 903.492
4886 1052.78 2050.87
4887 1945.24 2808.52
4888 2399.3 2074.1
4889 1399.27 3556
4890 3482.95 1035.57
4891 3749.33 460.208
4892 192.896 3576.63
4893 2540.34 597.276
4894 1088.38 2300.09
4895 922.586 3511.47
4896 816.68 3521.87
4897 1748.66 1119.48
4898 3414.4 180.218
4899 2282.39 2059.3
4900 1505.52 209.21
4901 3007.93 1258.2
4902 3897.77 1733.01
4903 2201.69 2565.98
4904 2006.27 3506.62
4905 2683.39 2366.21
4906 1163.75 228.095
4907 265.428 47.9671
4908 1947.38 3102.16
4909 2983.58 2203.04
4910 3645.73 3171.41
4911 790.036 1653.57
4912 1496.93 2061.73
4913 2081.08 347.166
4914 860.204 2997.73
4915 2377.92 845.666
4916 168.892 3485.3
4917 2607.48 451.056
4918 414.35 333.478
4919 3081.45 2808.86
4920 2738.14 1664.93
4921 1273.81 2406.11
4922 1241.15 3317.51
4923 69.1563 1331.53
4924 1033.16 333.703
4925 1450.04 87.9288
4926 662.617 56.1507
4927 819.741 1683.81
4928 3265.34 3620.38
4929 2943.14 1593.57
4930 2593.8 1266.54
4931 451.617 2871.01
4932 230.343 3137.56
4933 3536.81 3311.79
4934 126.84 391.249
4935 394.048 2084.98
4936 1329.57 2619.18
4937 2585.8 172.523
4938 919.895 2523.45
4939 2849.18 191.326
4940 2690.06 421.107
4941 134.821 1493.85
4942 1681.9 2992.67
4943 2562 1370.21
4944 3192.13 2667.43
4945 773.119 501.903
4946 3475.61 1956.74
4947 1863.26 3412.88
4948 961.434 1481.31
4949 1733.65 1022.37
4950 1938.63 1659.82
4951 1098.97 2150.88
4952 3476.04 2160.76
4953 2940.67 1093.29
4954 3866.49 813.898
4955 3377.91 741.886
4956 3568.47 2672.72
4957 3369.16 1954.54
4958 286.05 1687.1
4959 465.304 126.317
4960 3861.82 1380.03
4961 2346.66 1240.06
4962 1423.35 167.948
4963 23.8084 500.91
4964 3415.23 500.859
4965 144.289 1334.14
4966 963.916 2606.32
4967 1096.39 2464.68
4968 3486.63 3407.34
4969 88.0575 1988.3
4970 795.233 3382.78
4971 1392.04 2947.41
4972 3035.85 1881.5
4973 2917.4 72.7936
4974 1282.44 1763.2
4975 3754.65 2217.13
4976 1912.11 1004.76
4977 1369.84 3903.77
4978 207.895 68.2516
4979 2261.33 2945.12
4980 919.527 1309.38
4981 2478.51 3532.68
4982 954.918 1909.21
4983 3505.43 1305.39
4984 2381.6 1781.96
4985 1400.04 3875
4986 492.177 3239.45
4987 2919.97 2929.35
4988 2027.31 3233.72
4989 2913.14 3584.2
4990 376.989 1198.92
4991 1130.9 1900.87
4992 815.079 849.118
4993 1707.01 1152.39
4994 2720.43 920.017
4995 3409.75 2848.37
4996 1052.36 2015.85
4997 3127.58 1081.93
4998 1596.03 1422.33
4999 2918.1 2990.33
5000 327.494 38.5745
5001 2538.5 2048.68
5002 3098.71 3043.51
5003 548.562 271.888
5004 2749.61 3843.41
5005 891.558 1933.99
5006 3322.27 2126.78
5007 1436.56 249.126
5008 1951.27 1765.05
5009 708.932 1543.16
5010 1857.99 708.503
5011 1451.22 1415.23
5012 1676.66 71.6252
5013 1001.79 3190.23
5014 3707.88 3480.76
5015 2823.92 3127.08
5016 978.857 2105.88
5017 253.353 3551.11
5018 3604.81 2710.23
5019 2290.41 2970.86
5020 3024.48 3388.59
5021 37.2943 1070.07
5022 3440.51 3668.45
5023 2037.39 3629.44
5024 1568.6 2201.42
5025 2036.84 2215.75
5026 2946.15 3712.29
5027 1045.53 934.959
5028 429.141 2442.85
5029 2783.43 1336.96
5030 1736.1 3114.85
5031 2481.17 507.799
5032 2336.9 3867.2
5033 3666.44 3762.23
5034 1713.57 446.093
5035 2010.09 2583.16
5036 2930.55 25.4439
5037 851.451 1511.58
5038 1809.72 2672.12
5039 1794.98 3165.62
5040 1804.03 54.2354
5041 2994.53 320.341
5042 2843.94 667.348
5043 1851.79 713.923
5044 3628.13 3518.02
5045 3839.78 2555.65
5046 1609.31 2649.55
5047 2384.46 1219.19
5048 750.255 3754.5
5049 173.78 3867.82
5050 3077.77 1214.91
5051 2262.19 2279.88
5052 1367.11 3457.42
5053 1045.78 2642.53
5054 953.253 3383.35
5055 1099.43 1127.79
5056 1841.24 2703.39
5057 1272.45 2486.59
5058 1099.72 3767.9
5059 1130.64 1855.65
5060 3661.77 3290.48
5061 2636.5 2984.83
5062 2340.16 557.31
5063 3340.64 1598.44
5064 2501.68 1632.36
5065 3618.69 54.3849
5066 1838.46 696.811
5067 155.037 1058.77
5068 2287.47 2064.59
5069 1435.59 40.5913
5070 832.843 916.36
5071 2322.6 3246.92
5072 1938.35 1767.28
5073 1028.32 3846.75
5074 1222.7 312.352
5075 2389.3 2525.21
5076 3190.03 3457.36
5077 596.323 2986.23
5078 466.65 2980.77
5079 2839.67 3213.92
5080 1121.16 1502.04
5081 2453.91 3431.98
5082 350.932 3858.14
5083 1640.15 1103.18
5084 1630.89 456.566
5085 1190.18 1493.49
5086 1775.14 1805.68
5087 3734.76 1984.96
5088 432.349 3313.64
5089 413.819 101.179
5090 1754.25 2314.77
5091 1393.77 678.245
5092 1688.47 3168.89
5093 1916.54 3402.64
5094 3228.91 84.9517
5095 2724.52 2281.65
5096 1035.93 1559.48
5097 2768.39 3582.69
5098 3061.75 2446.49
5099 983.712 418.146
5100 3315.77 902.843
5101 1727.54 3634.35
5102 1705.46 3066.92
5103 1593.09 965.094
5104 2961.11 482.556
5105 3588.57 300.095
5106 3855.88 709.362
5107 847.018 32.6802
5108 264.337 2527.36
5109 3516.11 914.405
5110 3291.99 1386.3
5111 398.956 3067.84
5112 2369.37 1891.08
5113 3016.16 2969.63
5114 724.554 3025.93
5115 1627.52 1460.16
5116 8.42797 956.151
5117 1745.3 2588.14
5118 1611.5 3097.14
5119 2926.58 1247.67
5120 998.381 370.534
5121 1911.96 3193.36
5122 3318.89 972.656
5123 3725.78 2538.19
5124 599.878 736.132
5125 813.029 3671.93
5126 3024.17 3600.75
5127 462.878 3798.86
5128 257.643 2890.23
5129 217.937 735.286
5130 2020.85 2255.31
5131 2550.06 3869.43
5132 2423.68 1515.53
5133 987.659 3168.19
5134 1811.31 3286.68
5135 202.735 3076.75
5136 2873.26 1301.67
5137 2063.94 2660.75
5138 1431.7 2478.43
5139 2168.49 1585.5
5140 478.076 647.514
5141 2729.32 2499.56
5142 3566.41 1233.4
5143 2308.93 1521.61
5144 2816.54 1804.79
5145 599.384 2078.12
5146 2893.37 1496.35
5147 482.733 1839.19
5148 3077.97 2017.64
5149 2198.85 2666.2
5150 45.9219 661.098
5151 2274.45 2766.31
5152 727.933 2727.93
5153 1763.17 873.447
5154 2206.65 2035.08
5155 1377.57 3119.91
5156 2288.27 2619.88
5157 1679.02 57.7552
5158 1205.25 3273.41
5159 1633.09 2519.77
5160 2074.2 1368.43
5161 914.26 2617.5
5162 12.6768 812.967
5163 2476.46 2791.77
5164 107.094 2437.21
5165 1262.27 2961.92
5166 2651.45 2737.77
5167 34.5699 439.707
5168 583.679 2730.4
5169 2142.75 1665.7
5170 3421.36 3621.11
5171 261.411 1446.17
5172 2545.9 2967.58
5173 2849.8 2697.09
5174 2372.29 583.109
5175 3884.89 1628.01
5176 1813.19 2060.16
5177 2037.71 3328
5178 3128.19 2674.33
5179 2897.87 3364.21
5180 987.624 836.688
5181 3093.59 2550.74
5182 1464.48 3704.07
5183 3040.66 1266.73
5184 2041.66 937.766
5185 1147.55 2949.51
5186 1307.34 2089.34
5187 607.581 754.451
5188 3340.26 2872.66
5189 2416.53 1081.99
5190 2091.27 3672.26
5191 284.72 1783.86
5192 2150.62 2827.22
5193 1333.57 911.164
5194 1775.25 2547.98
5195 1481.12 109.515
5196 3019.42 3566.06
5197 2244.68 1356.3
5198 2798.84 1797.29
5199 319.018 2579.66
5200 1776.54 324.388
5201 2751.17 3166.06
5202 311.47 1274.11
5203 436.805 2668.66
5204 1022.68 543.831
5205 1135.22 3698.58
5206 22.962 163.293
5207 2074.16 2090.14
5208 2403.96 3151.23
5209 1122.33 41.281
5210 3584.62 2654.34
5211 444.575 3499.28
5212 2454.21 1532.11
5213 831.826 2601.33
5214 209.289 3677.26
5215 1294.94 2836.49
5216 2604.13 1978.37
5217 2002.25 2093.45
5218 3137.99 2371.48
5219 2483.1 2679.2
5220 69.595 3533.54
5221 2877.03 3090.56
5222 2440.64 3601.81
5223 1388.97 1341.19
5224 3786.69 1735.74
5225 2463.6 2838.1
5226 1370.31 666.418
5227 3691.73 3134.48
5228 1729.15 3037.07
5229 868.481 398.461
5230 1505.07 1415.82
5231 3105.95 2665.91
5232 38.6527 3578.79
5233 1271.93 2644.48
5234 654.781 3362.15
5235 335.481 2631.66
5236 1692.36 2330.11
5237 3075.13 134.172
5238 2266.04 1808.71
5239 2544.82 3440.11
5240 92.2395 2215.64
5241 1216.21 734.082
5242 2219.89 1631.77
5243 1862.92 315.223
5244 1204.66 781.359
5245 3384.8 583.298
5246 59.6989 2147.02
5247 3680.12 2792.16
5248 220.494 25.4575
5249 3537.53 3483.94
5250 3682.28 575.208
5251 1344 2947.96
5252 2181.26 3164.15
5253 899.91 3691.46
5254 2331.8 3351.02
5255 2104.2 128.245
5256 1254.79 180.258
5257 3722.18 1610.09
5258 1764.64 1906.24
5259 1276.27 644.455
5260 808.51 1937.58
5261 2543.88 2948.4
5262 3601.31 2232.52
5263 323.678 131.941
5264 920.131 2351.88
5265 2322.84 3270.06
5266 2261.87 842.107
5267 3103.4 175.861
5268 443.98 1498.19
5269 1449.1 1153.6
5270 29.1995 484.406
5271 569.168 2062.42
5272 1552.56 2832.89
5273 990.146 3856.01
5274 3241.4 2000.72
5275 2964.29 3191.62
5276 907.038 1768.74
5277 1888.12 1510.87
5278 1568.84 2085.57
5279 64.3479 220.365
5280 3004.83 2761.41
5281 2624.02 1288.49
5282 3122.23 2438.98
5283 184.16 1915.05
5284 3564.94 495.276
5285 3613.02 1119.59
5286 3415.61 3814.26
5287 1887.94 3416.82
5288 3570.74 1335.19
5289 2509.89 2590.77
5290 518.93 1141.09
5291 1272.51 2720.98
5292 3232.92 3764.27
5293 1399.65 411.626
5294 558.085 2815.41
5295 2012.91 2303.26
5296 823.777 2671.85
5297 3444.19 2826.75
5298 66.5348 642.535
5299 3325.3 11.9756
5300 1392.94 3330.33
5301 3261.97 1246.79
5302 1723.8 223.681
5303 122.517 2569.78
5304 1921.21 1959.13
5305 620.909 915.57
5306 1873.94 187.264
5307 229.287 111.371
5308 1998.57 1619.05
5309 726.126 1643.02
5310 1316.72 418.712
5311 2850.12 378.437
5312 495.772 2900.31
5313 2352.41 1350.36
5314 3732.22 2334.65
5315 1368.53 2216.39
5316 2534.47 431.694
5317 3673.97 1468.69
5318 464.898 1282.74
5319 753.945 1480.36
5320 547.37 3871.48
5321 2997.83 111.721
5322 459.981 1272.52
5323 3620.44 2815
5324 2866.69 113.317
5325 764.748 2912.11
5326 3705.54 482.038
5327 424.492 3217.43
5328 2086.57 3430
5329 2094.02 3357.17
5330 2526.53 1892.69
5331 1095.03 3000.07
5332 57.8867 3759.48
5333 1737.32 1523.61
5334 3509.82 744.187
5335 3772.05 3885.79
5336 873.823 1936.45
5337 1967.16 3633.92
5338 2019.3 2694.9
5339 241.787 2035.63
5340 1019.81 264.016
5341 2696.93 1983.88
5342 2758.15 1803.97
5343 2152.94 1564.35
5344 2608.1 1745.44
5345 2603.93 575.316
5346 970.688 3333.75
5347 764.53 1167.03
5348 3589.25 1154.17
5349 985.245 1688.75
5350 650.202 3040.91
5351 2999.36 578.651
5352 3373.64 2370.07
5353 97.155 984.452
5354 1858.78 1815.23
5355 3313.44 2048.38
5356 486.16 3859.65
5357 2929.11 1580.46
5358 83.9611 1531.16
5359 2993.71 2802.05
5360 1598.27 473.903
5361 3275.28 1748.27
5362 70.9046 2242.78
5363 1289.3 2368.61
5364 3165.86 2511.96
5365 2139.03 2209.98
5366 3104.53 260.362
5367 2706.86 3786.9
5368 2505.79 21.6939
5369 1178.79 3279.17
5370 2159.8 1755.15
5371 1017.97 3077.35
5372 1213.85 2169.34
5373 3442.51 2624.12
5374 3219.44 158.158
5375 1065.96 2640.68
5376 852.772 2829.04
5377 1154.69 356.949
5378 616.975 1433.58
5379 1999.43 1826.9
5380 3794.4 2912.45
5381 2008.72 185.33
5382 2968.16 1250.83
5383 2838.93 3510.79
5384 135.676 317.688
5385 3734.33 3527.45
5386 724.434 2073.33
5387 378.52 2690.2
5388 59.6556 663.281
5389 1825.69 324.306
5390 1202.08 2616.52
5391 2253.12 53.6842
5392 1218.73 3036.45
5393 2884.78 2826.6
5394 2739.47 1949.55
5395 3757.07 1534.81
5396 2612.69 1939.89
5397 193.01 803.52
5398 2676.93 93.1287
5399 3755.86 1758.92
5400 950.866 1257.15
5401 902.337 588.52
5402 833.628 2074.29
5403 3392.89 235.814
5404 2449.76 109.579
5405 3604.19 607.451
5406 1820.21 1887.19
5407 3352.02 1696.15
5408 545.598 274.782
5409 3015.99 3464.49
5410 3528.15 1738.88
5411 3870.4 545.312
5412 2479.64 1917.94
5413 408.705 2185.94
5414 2137.58 3796.22
5415 3154.12 215.405
5416 2035.88 1157.44
5417 3456.05 2497.02
5418 2921.16 1457.35
5419 76.6989 956.02
5420 3638.14 3457.54
5421 124.14 1795.69
5422 2478.6 977.33
5423 3659.69 415.399
5424 1049.72 360.876
5425 2516.69 1892.65
5426 3822.21 2804.36
5427 2477.3 3217.04
5428 264.304 923.363
5429 752.292 3666.53
5430 31.8674 2944.78
5431 1116.92 1632.83
5432 1405.29 1653.11
5433 3339.86 585.273
5434 71.5039 2456.97
5435 2160.9 1.9945
5436 3748 1703.75
5437 597.918 1925.23
5438 1189.13 1495.31
5439 296.115 1169.25
5440 560.328 2370.15
5441 323.877 2216.05
5442 2972.05 152.637
5443 2418.56 1297.66
5444 3852.91 3057.42
5445 2069.09 3381.81
5446 1877.48 287.528
5447 1897.05 3489.44
5448 648.173 1972.07
5449 2145.23 3895.83
5450 900.957 2050.7
5451 242.562 1358.49
5452 3171.51 1183.72
5453 2359.75 1410.75
5454 3851.5 1846.48
5455 894.245 2692.7
5456 249.221 3334.92
5457 632.508 2053
5458 694.068 907.38
5459 3092.71 1048.45
5460 3668.44 3515.67
5461 3804.98 1584.65
5462 3879.59 1765.9
5463 3505.54 1573.62
5464 779.434 3826.93
5465 2708.97 1581.77
5466 2518.15 266.709
5467 3239.18 235.038
5468 553.297 1175.63
5469 3426.23 191.843
5470 192.553 861.519
5471 1605.1 695.896
5472 3523.07 3155.45
5473 2257.9 3365.18
5474 2658.99 488.559
5475 577.916 2228.72
5476 1306.04 702.643
5477 817.649 3744.11
5478 2058.91 899.03
5479 2117.52 294.723
5480 1533.36 1319.75
5481 106.346 3728.13
5482 47.3095 1490.84
5483 137.563 3716.63
5484 324.364 1875.11
5485 986.017 857.622
5486 1304.48 1033.4
5487 3778.85 260.884
5488 1350.73 2210.54
5489 1278.86 2785.7
5490 1001.02 2890.21
5491 3490.75 468.231
5492 2642.14 2697.63
5493 456.048 1763.53
5494 792.311 356.363
5495 2764.27 1714.75
5496 799.527 2543.54
5497 3818.23 583.018
5498 1267.07 1798.68
5499 2274.52 484.253
5500 2426.65 3095.3
5501 836.961 2836.48
5502 1507.15 118.06
5503 2888.14 3525.35
5504 116.566 3505.02
5505 3841.74 1472.95
5506 3101.34 3101.19
5507 3112.07 1881.76
5508 1073.38 3838.49
5509 2559.64 220.382
5510 2285.74 2761.97
5511 3077.97 276.625
5512 3508.44 1696.81
5513 278.454 1314.05
5514 1863.1 259.84
5515 1950.85 3413.7
5516 1620.19 2313.67
5517 1985.93 1916.11
5518 2557 2022.95
5519 1513.6 2385.5
5520 2956.8 2859.89
5521 3290.07 2341
5522 486.597 531.725
5523 932.457 1876.23
5524 3248.89 11.9672
5525 1725.44 826.094
5526 3577.33 2644.76
5527 1935.66 676.733
5528 3662.77 1398.75
5529 2007.49 1437.25
5530 54.3436 2633.69
5531 3088.6 29.0203
5532 1329.89 1535.17
5533 1961.14 3259.57
5534 3178.75 305.214
5535 2623.36 417.96
5536 435.367 3601.88
5537 2589.29 1820.88
5538 2460.83 1515.5
5539 542.154 159.545
5540 1686.88 1656.2
5541 3034.24 3136.08
5542 1923.21 540.09
5543 1289.91 653.505
5544 2404.19 940.86
5545 736.02 916.572
5546 179.443 233.55
5547 2803.52 3674.26
5548 1435.62 97.7416
5549 1671.3 672.84
5550 1802.99 1674.13
5551 3579.43 2905.97
5552 2724.2 2219.11
5553 622.369 2908.53
5554 3719.07 2609.88
5555 1049.67 1643.11
5556 3827.55 2990.54
5557 242.918 1958.78
5558 453.116 1775.73
5559 3783.7 582.108
5560 2341.86 2303.95
5561 381.523 3443.17
5562 1958.23 3685.5
5563 167.561 1735.63
5564 1955.64 983.527
5565 3367.75 143.627
5566 3097.62 2081.41
5567 79.7623 1413.55
5568 2505.61 529.742
5569 497.957 741.056
5570 959.807 3707.11
5571 861.977 1611.06
5572 3777.78 3701.37
5573 714.692 3139.96
5574 3564.24 3077.81
5575 2079.85 1742.25
5576 2467.67 2952.52
5577 1151.41 580.272
5578 850.95 1197.1
5579 2562.21 527.794
5580 2690.38 736.13
5581 1489.66 1454.15
5582 1764.91 388.403
5583 2711.54 656.996
5584 1906.38 753.626
5585 2213.18 3386.53
5586 3728.87 199.918
5587 1408.04 2603.31
5588 372.983 3183.46
5589 3101.11 170.68
5590 867.123 1291.41
5591 1669.08 260.026
5592 2846.57 2124.11
5593 3147.76 2319.74
5594 3370.48 3254.81
5595 1655.32 2021.11
5596 95.1614 2430.13
5597 472.067 100.186
5598 1064.56 1842.44
5599 1004.77 3278.12
5600 229.205 2406.28
5601 1023.03 548.737
5602 3256.38 3461.24
5603 867.374 1431.47
5604 96.4006 3098.4
5605 1952.37 1458.17
5606 63.3362 2559.78
5607 899.808 3417.61
5608 3584.48 3725.02
5609 2758.01 1068.59
5610 1048.55 1362.84
5611 3614.49 924.795
5612 1843.2 3833.19
5613 1566.6 1825.42
5614 3285.5 2012.77
5615 150.836 1426.58
5616 1785.47 3223.77
5617 1153.99 1950.9
5618 1978.53 377.904
5619 2226.64 374.055
5620 3855.66 2914.57
5621 2770.55 564.022
5622 21.4777 3391.47
5623 1131.18 3021.18
5624 2933.34 1830.83
5625 1491.61 669.359
5626 3043.08 1101.3
5627 3441.74 1186.07
5628 943.752 3147.61
5629 549.878 656.517
5630 534.157 70.7776
5631 3694.47 1231.95
5632 2881.4 2509.67
5633 921.665 2989.33
5634 1396.12 1979.96
5635 1366.84 438.298
5636 2502.72 606.008
5637 248.346 1090.31
5638 482.107 470.422
5639 1152.89 1273.14
5640 1596.39 526.404
5641 1417.06 1627.79
5642 2159.72 2544.3
5643 88.9167 1030.87
5644 630.695 2370.47
5645 3590.96 715.148
5646 35.0222 2884.86
5647 1035.62 462.967
5648 2946.07 2565.79
5649 2895.58 783.728
5650 212.076 2909.86
5651 2988.49 3756.35
5652 1582.67 283.929
5653 769.875 2791.95
5654 205.698 3857.26
5655 313.904 3822.3
5656 3451.53 973.598
5657 834.596 1753.69
5658 363.956 2999.7
5659 3568.47 2974.95
5660 1884.03 1789.98
5661 1046.07 2897.61
5662 318.926 3257.75
5663 3318.37 1478.34
5664 898.847 861.517
5665 958.19 3619.25
5666 2570.89 2985.33
5667 937.792 1282.42
5668 3495.18 787.495
5669 2446.48 1896.99
5670 1383.62 633.655
5671 1959.97 3474.85
5672 2354.78 1816.79
5673 3888.61 2302.76
5674 2895.85 191.936
5675 1437.15 3623.26
5676 1996.39 1441.7
5677 3035 1077.42
5678 828.253 2575.74
5679 2770.92 761.586
5680 2810.07 1841.58
5681 2613.53 1442.2
5682 3609.72 1363.2
5683 2147.67 1137.58
5684 1825.08 2629.57
5685 2374.96 974.026
5686 2071.86 129.682
5687 3756.28 3757.47
5688 65.5539 2762.69
5689 2200.3 1566.06
5690 862.174 3879.08
5691 1556.57 3375.03
5692 482.25 2552.05
5693 372.453 1398.45
5694 2625.53 792.419
5695 3159.36 270.591
5696 1990.83 193.517
5697 1971.27 375.241
5698 1071.56 1791.42
5699 2701.14 2082.87
5700 2454.74 2664.4
5701 874.129 1563.72
5702 3216.61 1433.59
5703 1833.76 1628.06
5704 2034.99 3606.42
5705 1708.23 3683.81
5706 784.994 2048.29
5707 148.51 1564.98
5708 1576.17 241.526
5709 3060.74 2208.38
5710 3558.12 1304.15
5711 327.113 3134.8
5712 1688 2666.55
5713 2462.51 3281.95
5714 1989.22 917.487
5715 2951.25 1581.91
5716 2307.17 716.375
5717 2784.39 2157.06
5718 577.473 3307.6
5719 1881.19 3625.43
5720 193.405 1165.06
5721 1142.09 2317.99
5722 827.684 653.429
5723 2541.28 1289.95
5724 593.818 2090.11
5725 3477.37 1014.51
5726 3460.72 2432.04
5727 1127.69 3246.71
5728 2781.6 823.31
5729 901.333 2019.23
5730 100.884 67.3405
5731 987.062 2784.58
5732 1311.42 2443.51
5733 2372.95 433.685
5734 3584.88 969.869
5735 842.739 778.979
5736 741.853 1308.75
5737 2637.09 756.703
5738 983.026 1464.83
5739 3835.07 119.596
5740 2668.61 426.857
5741 837.472 3525.1
5742 2744.34 903.916
5743 137.093 87.6639
5744 941.239 3600.16
5745 608.825 3428.75
5746 739.972 3870.42
5747 1254.88 789.534
5748 2766.92 3255.37
5749 929.855 2384.01
5750 400.636 2897.84
5751 117.237 993.465
5752 3597.8 3060.78
5753 932.99 2062.72
5754 324.129 2365.62
5755 727.284 3642.77
5756 2666.62 570.139
5757 211.236 518.716
5758 906.784 2659.7
5759 1259.16 3021.56
5760 1236.83 2582.35
5761 1564.28 842.598
5762 463.354 3122.88
5763 1172.15 3714.28
5764 3198.9 436.355
5765 1391.08 914.592
5766 2271.04 3086.12
5767 1908.09 3181.61
5768 3717.21 2967.46
5769 3822.13 1555.79
5770 1906.11 2042.22
5771 3196.02 3319.94
5772 2045.37 580.884
5773 3185.67 2396.04
5774 2833.67 445.078
5775 1603.02 437.212
5776 3376 307.888
5777 542.016 2439.47
5778 1803.46 2640.81
5779 3632.65 1029.33
5780 3841.33 2450.28
5781 1842.51 3775.14
5782 2350.6 2406.2
5783 248.077 3613.61
5784 2898.78 2672.47
5785 279.38 3129.19
5786 2435.48 1901.38
5787 1362.83 684.368
5788 2908.02 2213.56
5789 352.586 2213.68
5790 2113.1 3252.81
5791 1443.27 972.023
5792 436.471 1776.58
5793 246.012 2646.07
5794 466.703 1570.46
5795 1851.46 1882.79
5796 2471.06 2284.84
5797 3615.02 3827.55
5798 197.058 3139.28
5799 3000.73 2601.2
5800 1246.06 2068.24
5801 870.64 3836.88
5802 2561.27 2708.57
5803 255.504 3802.83
5804 2123.21 2760.6
5805 2724.53 1629.75
5806 3824.49 1891.86
5807 1816.13 3041.76
5808 641.958 2389.31
5809 2238.4 1132.74
5810 3815.66 2532.43
5811 2634.39 1658.2
5812 302.529 3042.17
5813 1857.11 1052.13
5814 1114.38 2319.02
5815 3108.12 3515.86
5816 2195.82 2924.91
5817 1133.06 257.401
5818 783.836 3303.56
5819 3698.67 2526.73
5820 3526.71 3779.82
5821 3849.72 3179.11
5822 1436.86 2860.22
5823 661.5 723.371
5824 1338.66 382.813
5825 987.036 2259.11
5826 890.326 3516.84
5827 221.103 687.956
5828 3231.04 2904.98
5829 3085.39 3739.15
5830 2239.25 3814.67
5831 2426.53 110.467
5832 2208.4 2378.55
5833 3615.93 55.2999
5834 1718.38 178.347
5835 3874.78 2837.38
5836 960.375 2016.84
5837 111.879 1389.14
5838 2142.34 808.433
5839 1802.01 2780.81
5840 994.549 3328.53
5841 1781.43 2167.94
5842 719.36 1923.69
5843 2117.58 266.863
5844 3784.81 3338.4
5845 3334.89 3713.29
5846 3837.45 1172.3
5847 2997.2 3624.83
5848 99.842 1157.95
5849 262.836 2064.86
5850 2840.26 3711.17
5851 516.382 1133.7
5852 259.358 1777.19
5853 2869.78 632.128
5854 2601.09 448.607
5855 3348.95 2115.42
5856 1597.93 2556.2
5857 3262.97 481.188
5858 1211.4 2474.48
5859 706.945 1505.31
5860 1382.18 2454.55
5861 1644.15 3810.86
5862 151.049 2445.06
5863 347.839 2697.15
5864 1511.68 689.419
5865 2113.61 1816.46
5866 3411.16 173.542
5867 2084 1763.45
5868 3713.41 3297.62
5869 3589.93 332.744
5870 2388.18 2601.44
5871 3696.38 745.476
5872 1680.53 1222.41
5873 1115.79 3594.28
5874 1186.49 3522.09
5875 3175.59 3088.96
5876 2683.82 878.365
5877 58.3873 821.461
5878 2832.63 2714.47
5879 90.6926 3387.19
5880 1548.19 3002.27
5881 1577.42 2205.61
5882 1196.99 3876.41
5883 1183.38 106.357
5884 993.761 2429.72
5885 3063.71 879.118
5886 1049.91 242.545
5887 2167.68 2411.52
5888 1764.83 1782.06
5889 546.102 3699.95
5890 3236.43 1639.3
5891 1276.45 3521.64
5892 1229.3 2832.18
5893 487.614 2022.64
5894 1922.64 939.364
5895 636.941 1283.95
5896 3661.4 2521.12
5897 422.831 3484.8
5898 2293.84 765.822
5899 2035.66 2043.4
5900 536.197 1743.01
5901 3594.49 1892.71
5902 237.703 1943.66
5903 1653.85 1453.25
5904 1409.03 535.935
5905 1169.64 2983.04
5906 1094.15 95.5697
5907 2687.23 1461.38
5908 2378.91 2986
5909 1678.69 2914.96
5910 1952.6 1715.68
5911 2251.45 876.482
5912 2972.44 1407.06
5913 2721.17 1401.67
5914 2426.85 1588.61
5915 1269.24 2715.95
5916 3860.38 1653.42
5917 980.02 1678.65
5918 3588.87 917.204
5919 89.5595 3243.69
5920 558.857 828.988
5921 1464.59 2430.94
5922 583.793 3070.86
5923 1558.3 2864.77
5924 2004.78 53.3974
5925 113.383 2673.38
5926 2580.9 1981.52
5927 1144.18 3284.61
5928 1051.72 1502.55
5929 3473.33 2036.34
5930 1299.72 2897.76
5931 1769.95 811.734
5932 608.833 641.458
5933 625.862 1705.5
5934 3170 351.225
5935 3745.57 1595.44
5936 55.3443 1480.22
5937 3313.59 589.204
5938 1625.46 3353.23
5939 747.339 276.12
5940 1213.05 562.159
5941 541.348 1666.18
5942 855.035 1042.16
5943 320.287 3283.88
5944 1767.44 3379.54
5945 2337.54 1009.95
5946 3827.13 3216.38
5947 1041.01 319.394
5948 1869.34 3830.86
5949 1902.36 3566.64
5950 680.416 2205.33
5951 3904.67 1219.9
5952 3124.58 173.462
5953 1952.55 230.382
5954 1459.04 2929.41
5955 3071.97 1636.45
5956 3201.46 346.796
5957 2534.58 1758.78
5958 734.216 601.092
5959 2865.18 1808.58
5960 3348.11 2787.83
5961 3000.8 1546.32
5962 2218.79 2425.35
5963 176.005 1389.69
5964 843.962 1985.15
5965 3776.53 2078.16
5966 1101.77 1083.17
5967 3057.81 847.31
5968 2173.1 2053.59
5969 3585.83 3275.2
5970 1065.86 2160.07
5971 1918.34 675.606
5972 2755.86 3850.41
5973 1676.3 329.514
5974 2207.62 3875.16
5975 2191.65 3342.33
5976 671.883 2356.57
5977 811.741 1133.8
5978 3437.68 1295.11
5979 1436.84 1683.8
5980 993.524 1399.69
5981 36.1863 3709.89
5982 3196.3 1551.21
5983 1726.69 2801.6
5984 1022.83 3771.44
5985 1501.52 924.178
5986 477.504 3222.84
5987 2822.65 3770.45
5988 1620.07 1047.72
5989 2432.4 1228.07
5990 3442.72 1991.02
5991 1534.41 2120.1
5992 1167.63 410.063
5993 2145.26 2073.52
5994 923.484 1982
5995 3541.66 266.062
5996 2900.31 3743.31
5997 1946.08 1048.85
5998 2710.99 2780.01
5999 2069.6 2401.41
6000 3440.5 376.055
6001 2112.79 2133.02
6002 3764.77 1972.84
6003 887.138 1759.74
6004 3024.57 3883.14
6005 1584.68 1317.64
6006 1000.18 3206.3
6007 3500.27 1427.22
6008 1070.24 410.048
6009 1819.48 2648.24
6010 2958.97 364.1
6011 2765.08 1489.51
6012 1610.56 2416.6
6013 765.783 1102.24
6014 1865.08 537.73
6015 2572.08 974.551
6016 1741.4 1967.08
6017 2902.74 3253.63
6018 3416.19 1629.7
6019 345.26 370.867
6020 3058.47 2795.8
6021 795.738 3006.25
6022 122.01 2556.95
6023 482.135 726.65
6024 3602.47 2432.3
6025 66.2553 3290.78
6026 800.039 1761.71
6027 374.532 2332.99
6028 1620.58 656.394
6029 2221.45 163.784
6030 2990.72 680.938
6031 12.6936 3665.74
6032 2598.5 2060.21
6033 3894.06 2744.64
6034 753.453 2133.93
6035 2985.55 2655.46
6036 1056.8 1017.82
6037 2885.35 3867.1
6038 2410.79 2555.16
6039 1278.19 560.466
6040 3307.9 1177.27
6041 1336.24 163.402
6042 2669.09 746.842
6043 2445.23 3442.13
6044 3771.46 2493.54
6045 3161.31 3302.86
6046 2836.67 1034.36
6047 3497.4 2840.78
6048 801.478 1300.58
6049 2638.18 2872.98
6050 1823.53 1626.14
6051 200.654 3329.55
6052 2814.76 750.262
6053 1755.69 1584.68
6054 945.505 1258.64
6055 3008.8 347.845
6056 1236.11 2205.92
6057 3335.98 1366.95
6058 2198.13 703.017
6059 2191.24 1381.48
6060 325.618 2369.31
6061 218.817 2422.95
6062 1672.14 2938.26
6063 2850.71 2687.77
6064 1300.69 619.695
6065 558.356 3866.93
6066 682.438 3578.92
6067 1868.45 689.73
6068 2962.24 1868.06
6069 2739.74 1964.07
6070 3742.03 1701.8
6071 3021.51 3052.53
6072 2079.91 331.785
6073 1074.46 1176.56
6074 1750.62 2191.19
6075 3215.01 3410.62
6076 608.002 2518.42
6077 2431.89 3.86815
6078 2452.26 518.798
6079 2418.27 830.864
6080 1991.4 1291.32
6081 2508.49 132.371
6082 3726.46 577.907
6083 1308.78 14.416
6084 1511.25 2684.75
6085 2449.81 949.136
6086 1879.12 1932.85
6087 2516.66 1916.77
6088 1199.53 3329.7
6089 584.22 3401.3
6090 3153.27 1872.42
6091 569.746 1284.95
6092 1220.67 1634.97
6093 1017.27 2834.04
6094 830.773 2695.69
6095 1876.51 1827.86
6096 489.115 3744.9
6097 2461.78 347.638
6098 361.487 479.281
6099 3776.04 2582.88
6100 2748.5 1338.77
6101 2393.86 2166.45
6102 271.108 2957.65
6103 2319.21 341.988
6104 3682.27 748.018
6105 2122.71 2157.31
6106 688.889 1603.91
6107 1255.91 2188.83
0 579 100.97
0 881 81.9096
0 1752 84.06
1 2109 58.3391
1 2316 72.5017
1 2364 43.1511
1 5491 94.7368
2 2062 17.0625
2 2160 77.7091
2 2693 27.6773
2 5090 59.6988
3 477 54.3845
3 935 26.1058
3 2247 48.7552
3 4842 44.1164
4 113 53.4367
4 1784 21.9669
4 2884 86.7079
4 3033 58.4363
5 602 79.766
5 2387 73.3113
5 4223 27.1626
5 4520 46.6025
6 645 125.652
6 3153 40.8003
6 3526 51.1758
7 20 27.577
7 847 38.1441
7 958 57.9489
7 1244 90.1744
7 2426 68.3783
7 5681 43.8721
8 111 38.9004
8 2909 71.0502
8 4757 6.22141
8 5514 50.0399
9 327 56.0414
9 2306 29.6824
9 3166 65.3133
10 1095 79.4545
10 2352 28.4321
10 3852 114.991
11 631 71.5573
11 1903 51.0837
11 2720 25.0662
11 5966 29.8359
12 48 20.3774
12 2307 64.9771
12 3190 42.2347
12 5258 41.4424
13 457 84.8855
13 1196 33.1353
13 5178 84.9626
14 999 49.3834
14 1963 57.0768
14 3213 62.8533
15 839 61.942
15 1734 151.204
15 2225 45.6735
15 3958 72.0597
15 5244 34.011
15 5747 91.39
16 687 52.9817
16 2262 86.1031
16 2427 62.9673
16 3568 79.387
16 4655 90.0438
16 4659 42.7282
17 102 58.183
17 204 60.948
17 2047 67.3469
18 903 37.2304
18 4559 30.0524
18 5094 32.8838
19 1344 2.23191
19 1736 62.4575
19 2588 77.2111
20 847 31.8463
20 1244 101.45
20 2426 128.482
20 5681 66.7414
21 636 51.5703
21 2391 115.397
21 3530 81.5647
22 203 46.0266
22 706 136.32
22 2230 86.0691
23 635 74.3109
23 3300 87.3688
23 5146 27.1369
24 4134 56.437
24 5105 16.1717
24 5869 31.0662
25 1305 44.9288
25 3772 21.0357
25 4418 10.3632
26 1978 19.0185
26 3023 58.7296
26 4953 69.6623
27 497 108.754
27 840 36.6855
27 3266 26.0845
28 1740 131.484
28 2634 151.178
28 5828 57.7877
29 370 40.878
29 413 34.2482
29 1003 63.0965
30 1976 69.1567
30 2365 92.4603
30 3320 33.7369
30 4276 37.2449
30 4888 47.583
31 1657 86.9631
31 2762 35.4125
31 5350 69.2409
32 328 53.9728
32 1064 41.9049
32 2676 32.4356
32 5591 61.5482
33 523 65.0433
33 1483 73.858
33 2092 48.0107
33 3311 86.6261
34 2268 42.1702
34 4533 111.723
34 5283 78.0239
34 5902 77.8006
35 1261 90.6522
35 3838 51.7869
35 5190 13.6447
36 170 61.9675
36 1525 60.2587
36 4571 30.2712
36 4962 18.1209
37 1703 30.1857
37 3375 105.273
37 3451 81.5528
37 4838 78.464
38 1688 14.396
38 3208 76.5883
38 3316 35.9682
39 56 75.336
39 2926 1.84464
39 3678 82.4011
39 5539 96.7663
40 3144 79.8312
40 3906 54.4898
40 3969 134.566
41 317 91.8566
41 3132 63.2014
41 3673 55.4592
41 4253 87.0526
42 853 77.9861
42 3434 41.2013
42 3807 29.9762
43 1098 31.1467
43 4653 68.159
43 5891 23.2875
44 1665 29.2018
44 2518 9.69804
44 5625 18.5167
45 494 107.275
45 1782 47.6627
45 3002 55.1676
46 463 87.788
46 2825 82.4494
46 4975 83.6259
47 4020 67.4815
47 4089 59.7575
47 4952 53.0249
48 3190 27.994
48 5258 56.1451
49 1348 49.8163
49 2520 111.158
49 3688 46.4879
49 4807 15.1534
50 833 57.3283
50 3008 45.9227
50 4536 48.4444
51 1846 40.8728
51 2336 19.9476
51 5126 28.1546
51 5196 41.6218
52 176 62.6241
52 1643 63.4417
52 3152 47.637
53 474 83.1686
53 2339 75.064
53 4109 108.282
53 5230 49.7504
53 5581 19.0447
54 154 69.7496
54 4572 49.8176
54 5879 52.4505
55 1463 15.6835
55 1615 16.9911
55 2023 46.4695
55 2903 48.2231
56 2926 58.1761
56 5539 41.9344
57 1235 52.5991
57 1594 42.2848
57 2500 64.8713
57 4079 29.1345
57 4545 15.6498
58 1881 83.0901
58 3068 138.967
58 3651 119.668
58 5768 77.5159
59 871 41.8318
59 957 39.3696
59 2535 25.3226
60 756 68.6078
60 1637 48.8291
60 4730 63.647
61 335 40.5858
61 4023 74.8572
61 5359 49.8994
62 478 36.3838
62 2474 98.8581
62 5901 83.5336
63 764 20.3675
63 3686 43.3584
63 4064 27.9139
63 4163 95.7291
63 5652 22.6773
64 487 51.2722
64 609 80.3185
64 5870 88.9234
65 2188 49.4507
65 3940 70.7143
65 5586 60.4106
66 1243 110.801
66 1824 30.0857
66 3328 70.7423
67 2122 84.3363
67 3602 52.0015
67 4233 81.2553
68 969 22.8353
68 4421 16.0568
68 4776 70.7262
68 5016 54.8424
69 652 83.6567
69 2150 73.319
69 4072 55.9443
69 4103 47.5504
70 4295 97.4784
70 5041 44.0652
70 6010 104.699
70 6055 119.325
71 4278 54.761
71 5093 59.3225
71 5515 4.32011
72 250 9.22756
72 1002 77.7735
72 1523 45.6233
72 2200 43.2315
73 1553 51.7404
73 1565 121.544
73 2907 107.88
74 1924 33.5709
74 2378 16.1728
74 3168 49.4812
74 3852 25.6077
75 670 48.3745
75 1051 11.9293
75 1204 56.8565
75 5217 44.5772
76 1915 77.4633
76 4140 91.3088
76 4212 117.323
77 190 29.5816
77 2937 77.691
77 2988 69.9658
77 3088 42.4003
77 3361 119.984
77 3917 61.2368
78 1738 88.0607
78 4467 82.5942
78 5944 57.2289
79 90 41.4537
79 4273 89.6556
79 5930 17.7497
80 352 53.1956
80 1308 66.9675
80 1501 38.489
80 2446 56.6871
81 1024 95.7696
81 2045 68.455
81 2716 9.35139
82 2428 53.9114
82 2934 18.1987
82 4239 79.2049
83 603 46.3946
83 1140 90.3228
83 3057 51.7101
83 5459 69.2954
84 3115 72.5777
84 5755 83.5394
84 6066 55.5331
85 245 30.8301
85 628 78.2997
85 2116 42.6236
86 592 88.2158
86 1363 128.615
86 1695 86.9765
86 2162 6.98716
86 4905 18.8063
87 894 56.9686
87 1072 44.2574
87 5908 41.2505
88 504 43.9194
88 3741 32.9314
88 3971 50.2424
88 4407 28.702
89 2525 41.3731
89 4663 60.0676
89 5485 59.7453
90 2759 42.7797
90 4273 36.941
90 5930 53.2048
91 3100 64.3396
91 3642 24.8525
91 3923 37.3359
91 5398 93.1634
92 524 41.7412
92 966 49.2256
92 4930 44.3707
92 5723 38.3483
93 1601 64.978
93 3400 81.096
93 3966 85.3487
93 4683 68.1742
93 4780 33.1715
94 527 54.7622
94 2440 93.5805
94 3990 46.5647
95 2295 173.739
95 5554 84.9266
95 6099 43.2888
96 771 71.1387
96 2801 59.9183
96 3067 78.8272
96 5873 51.6247
97 3776 115.974
97 3896 91.6131
97 5698 114.123
98 2006 43.8292
98 2408 39.8951
98 2999 38.5287
98 815 42.0627
99 3920 57.4969
99 4666 79.6406
99 5970 66.4521
100 1956 46.2825
100 2337 23.7081
100 3891 35.5572
100 4260 70.2512
100 4890 66.4062
101 3351 73.4188
101 5081 77.2452
101 6043 98.7342
102 204 81.4787
102 343 21.8998
102 2047 14.8455
102 2240 48.1125
102 3783 32.7172
103 3701 76.2097
103 4108 49.9979
103 4918 49.8514
104 1146 83.0796
104 3356 61.344
104 4784 45.5281
104 5169 54.3564
104 5370 109.083
105 2725 16.0541
105 5082 61.5249
105 5655 15.63
106 1158 68.1872
106 3360 84.392
106 6007 33.8288
107 2939 32.1081
107 5376 110.825
107 5501 68.3689
108 3302 30.66
108 4375 86.2725
108 5259 43.1497
108 6064 52.0589
109 281 65.332
109 1395 31.9864
109 4467 44.316
110 147 84.5633
110 398 118.213
110 838 63.8007
110 1852 54.4771
111 3012 51.0185
111 4757 71.0421
112 2066 73.9151
112 5564 45.1666
112 5997 74.356
113 1784 62.4228
113 2869 52.6142
114 2014 36.1325
114 3469 35.8436
114 3937 33.1535
114 2479 53.7542
115 2712 71.9456
115 5150 74.8731
115 5388 94.4577
116 1167 55.5511
116 4666 58.4395
116 5970 72.5901
117 3039 26.2416
117 3308 41.0667
117 3687 56.759
117 3873 38.28
117 5562 98.6564
118 305 33.1586
118 4213 56.0226
118 4351 45.401
118 4589 47.5086
119 795 50.6577
119 1625 46.4274
119 2043 10.8827
119 5256 44.4512
120 4053 89.437
120 4357 37.1559
120 6008 61.8401
121 3809 9.88301
121 4047 17.722
121 4057 63.1812
121 5675 55.126
122 1425 21.1167
122 2924 58.5293
122 5452 23.2544
123 805 27.0178
123 2209 86.9369
123 3797 28.8554
124 297 49.7193
124 4176 75.1192
124 5022 73.8718
125 1274 90.9194
125 3510 35.3568
125 5684 86.8904
125 6009 73.8481
126 1664 38.7101
126 3035 41.0848
126 3093 27.3562
126 5611 64.4641
126 5918 15.0841
127 211 106.004
127 459 81.0918
127 548 82.2074
127 4747 49.7624
128 2837 106.309
128 3695 73.3072
128 3882 60.8745
128 5911 37.1669
129 2259 23.3417
129 3982 52.7238
129 4757 56.0447
130 1914 34.5177
130 2197 64.7414
130 2478 101.286
130 4464 58.4976
131 360 99.2962
131 1478 192.688
131 2284 86.0223
131 2779 40.8316
132 2911 47.7892
132 3271 9.28705
132 3956 8.97077
132 4158 12.5495
133 1188 99.6238
133 3888 34.31
133 4630 56.053
133 5861 33.9009
134 2604 83.4424
134 2829 60.9708
134 4132 63.0727
135 796 56.4028
135 2321 99.1674
135 2655 37.8278
135 3060 55.9848
135 5155 143.805
136 1888 67.4971
136 1981 36.4367
136 2289 102.636
136 3173 14.2541
136 4702 72.3604
137 601 49.2232
137 771 59.7176
137 3067 116.432
137 5874 28.4665
138 421 33.376
138 433 97.0078
138 3716 22.6037
139 1761 49.8511
139 2730 93.2628
139 5746 12.492
140 1766 78.9888
140 4611 59.9609
140 4852 59.3693
141 2959 101.245
141 3110 127.799
141 3594 90.3572
142 1081 112.147
142 1842 168.258
142 2254 70.275
142 2864 36.3505
142 5761 43.3357
143 1991 80.0085
143 3605 17.1602
143 3804 15.2843
143 5215 49.9453
143 5489 21.1721
144 203 69.0949
144 2061 141.932
144 2096 102.589
144 2230 35.7232
144 5131 77.9036
145 998 112.461
145 4185 79.3015
145 4812 123.897
146 1728 7.77196
146 2913 33.7635
146 4531 59.4099
146 5134 46.7244
147 1852 100.512
147 2673 32.8271
147 4790 76.3424
147 6065 83.5487
148 848 3.22093
148 1464 31.7478
148 1944 53.3533
148 4331 81.8391
148 5617 36.8462
149 1178 101.554
149 1810 81.7659
149 4196 21.8112
149 4661 47.6282
150 461 59.564
150 1228 50.0038
150 2469 69.964
151 1975 98.4327
151 4608 44.8097
151 6013 6.91853
152 1486 61.7228
152 1725 69.5939
152 2640 43.8364
152 4542 59.294
152 5152 39.1643
153 1173 58.6905
153 3704 28.6204
153 4627 47.1093
154 2534 37.8963
154 3388 11.9697
154 5622 44.8294
154 5879 53.3714
155 1886 98.6097
155 3178 33.9479
155 5443 42.1527
156 1955 19.1039
156 2498 53.9595
156 3165 32.6561
157 2527 38.8845
157 3487 89.302
157 4887 49.8911
158 889 37.4695
158 4987 95.9073
158 5520 46.3256
159 734 77.4745
159 1512 32.3997
159 2735 38.8494
159 3048 88.0339
159 5409 60.4596
160 4394 61.5644
160 5211 36.8315
160 5897 78.7511
161 269 33.6838
161 1135 69.8192
161 4803 32.7476
161 4831 45.4954
162 1805 29.4637
162 2613 63.9444
162 5779 70.2073
163 1934 85.9334
163 4705 64.3413
163 5344 73.543
163 5537 79.369
164 833 38.2662
164 2703 38.6472
164 3876 56.5607
165 979 48.7794
165 1956 42.3746
165 2593 52.3194
166 437 41.2863
166 1254 31.7108
166 5965 39.6334
167 1759 83.25
167 3881 63.422
167 5698 87.0431
168 1576 38.4974
168 4058 99.3279
168 4653 69.5035
169 5145 63.5483
169 5457 66.9024
169 5724 72.4721
170 291 89.1343
170 3070 49.6393
170 4962 43.4271
171 540 42.8718
171 2484 61.6354
171 3297 72.2378
171 4811 44.2499
172 3480 35.8342
172 4620 49.6953
172 5699 68.2264
173 1904 32.3389
173 2805 24.9652
173 4020 55.4923
173 4089 68.1777
173 4271 20.654
173 5929 41.6188
174 1821 80.5966
174 3879 24.6701
174 5804 71.5448
175 2322 105.125
175 4704 80.139
175 4847 124.166
176 727 58.4216
176 3152 103.55
176 4350 12.2246
177 356 13.5914
177 790 70.6075
177 3489 59.2048
178 432 71.0313
178 2079 109.563
178 3348 81.3481
179 603 111.055
179 902 98.5866
179 2795 36.0992
180 567 48.1159
180 1451 20.4465
180 1607 34.6764
181 2435 73.245
181 2721 44.1147
181 4913 59.243
182 898 47.8834
182 2599 89.8206
182 5179 101.764
183 2456 79.9954
183 2751 119.25
183 2858 80.8738
183 5187 51.6399
184 424 79.4162
184 3251 51.7388
184 3823 99.9013
184 3928 78.5977
185 4898 60.4269
185 5565 42.1418
185 5866 68.1314
186 590 52.4336
186 3233 75.2698
186 4651 76.4698
187 1655 53.7909
187 1845 45.9905
187 4286 37.3492
188 254 84.2936
188 270 26.7455
188 1163 88.124
188 1273 67.3568
188 2452 51.3096
189 1115 31.0794
189 2455 36.6979
189 3846 111.042
189 4267 33.8672
189 5208 80.0901
189 5500 25.5648
190 409 39.6737
190 2988 54.1532
190 3917 71.7184
190 4230 46.4361
191 340 21.3388
191 966 39.1356
191 2706 96.9125
191 4943 18.7814
192 429 85.903
192 2592 28.0076
192 3645 115.725
192 5789 99.6234
193 256 31.4118
193 3355 77.8825
193 4042 67.5006
194 486 42.4575
194 4856 97.7881
194 5077 75.6475
195 465 3.00185
195 4694 16.1027
195 5576 23.6942
196 531 55.0057
196 2993 43.7048
196 5030 69.4601
196 5092 72.8351
197 260 62.4916
197 3474 72.256
197 3683 67.8452
198 367 109.355
198 539 83.1421
198 3777 125.144
198 4106 50.5076
199 1538 93.3995
199 4021 49.9854
199 4424 48.5067
199 6086 23.4108
200 731 52.7894
200 2798 100.277
200 5073 42.5515
200 5273 35.9195
201 366 82.7938
201 2227 82.8361
201 2246 32.0744
201 5017 72.1888
202 1940 61.8013
202 2535 55.5045
202 4797 44.8929
202 5563 20.7859
203 2230 31.2235
204 1147 56.3017
204 1765 53.1781
205 364 45.6586
205 3047 95.0912
205 3680 96.6152
206 1376 50.6055
206 4963 73.6603
206 5167 28.6986
206 5270 68.3963
207 399 65.0838
207 4353 71.3001
207 4809 3.40341
208 1482 87.8092
208 1847 120.348
208 2845 66.0521
209 1127 84.6756
209 1661 51.4661
209 2468 47.4969
209 2542 47.5231
210 2240 42.4179
210 3559 46.2474
210 3821 18.7543
210 5640 54.2531
211 1570 99.694
211 4383 77.8102
212 321 86.4048
212 374 58.8198
212 3479 6.95892
212 3869 78.6087
212 4017 65.4481
212 5430 68.0345
212 5646 73.5287
213 817 62.517
213 2068 36.3131
213 4255 57.8211
213 5203 29.1078
214 2888 44.6179
214 4087 57.8837
214 4147 29.7565
214 4342 59.4877
215 2186 43.9775
215 3696 30.4958
215 5365 68.0156
215 6105 35.4668
216 483 85.265
216 2479 70.1769
216 4474 41.7796
217 2695 59.1131
217 3275 64.0413
217 4588 45.9097
217 4647 23.3511
217 5060 38.1627
218 3129 45.9014
218 3470 11.6114
218 5583 52.6865
219 633 61.2059
219 2560 81.8553
219 2575 77.5566
219 3872 16.5555
219 4175 100.53
220 894 48.9273
220 912 94.9253
220 2144 17.3659
220 2563 44.765
220 4662 30.9759
221 1532 40.852
221 2293 24.5628
221 2617 52.9454
221 2702 60.4075
221 5540 72.0636
222 247 69.5782
222 3972 57.5758
222 4237 29.0235
223 683 74.2913
223 3472 100.833
223 5119 71.8054
223 5136 66.3261
224 1449 7.02234
224 3525 102.044
224 5992 61.5883
225 2828 45.1008
225 3145 36.1155
225 3192 45.5493
225 3742 101.401
225 3756 27.6771
226 654 32.4955
226 775 71.0019
226 2282 71.2447
227 2912 19.2544
227 3381 56.7752
227 5532 54.1136
228 1605 68.2718
228 3423 22.5431
228 3728 96.0428
228 4798 28.0348
229 442 91.6357
229 2774 42.375
229 4462 33.3973
229 5421 30.1283
230 1744 99.8223
230 4816 103.791
230 4843 20.9691
230 5417 93.5749
230 5726 49.9685
231 351 11.8817
231 587 71.9658
231 2397 90.424
231 4044 55.5665
231 5733 9.88504
232 243 92.0165
232 322 19.6474
232 3385 57.655
232 3989 21.764
233 1702 51.9648
233 4737 58.3434
233 5004 68.6147
233 5972 61.3783
234 239 32.7709
234 422 31.0163
234 5553 44.0605
235 3573 47.9268
235 4361 63.8695
235 5119 48.6159
235 5382 25.5945
236 2275 75.6988
236 3837 24.622
236 5132 63.8008
237 1001 19.1712
237 1976 38.6586
237 5068 81.3716
238 2313 34.6157
238 2515 79.47
238 4671 119.552
239 381 63.5816
239 422 5.40098
239 3949 66.593
239 5553 23.4662
240 1480 53.3175
240 5476 24.6946
240 5787 65.5765
241 2161 24.2654
241 3197 64.9187
241 3513 62.16
241 3764 74.7168
242 546 121.646
242 3015 93.122
242 4101 66.623
242 4343 35.8711
242 5613 65.9687
243 322 67.7562
243 3385 109.256
244 1540 61.2458
244 3009 94.4176
244 3961 31.5787
245 973 55.7653
245 1210 59.4244
245 2116 75.5841
245 4601 85.9093
246 2386 35.9519
246 2635 9.62779
246 2881 58.9245
246 3587 31.1547
246 3825 108.468
247 3972 34.716
247 5075 72.9566
248 2242 84.6895
248 4243 51.1599
248 5884 83.2118
249 408 115.204
249 2591 62.0754
249 2751 121.549
249 5920 63.7341
250 1523 60.8358
250 2200 43.8821
251 1393 75.6357
251 1484 25.5574
251 2644 32.6388
252 2634 31.0744
252 3784 88.1486
252 4277 120.442
253 1325 100.155
253 2179 22.8758
253 2799 54.1843
253 4995 49.3366
253 5297 66.1221
254 1027 107.82
254 1273 50.2009
254 2023 54.7107
255 488 53.314
255 2832 39.7307
255 2953 66.8206
255 3224 50.8422
256 3355 90.4592
256 4042 85.2321
257 598 29.8873
257 3042 23.0015
257 5669 46.1785
257 5786 35.3623
258 725 81.2604
258 2000 61.8724
258 4917 64.4099
258 5535 35.2578
258 5854 51.6073
259 286 31.4717
259 288 39.8035
259 3040 95.0055
259 4328 68.7992
259 5307 58.826
260 1176 41.8402
260 3683 76.3869
260 4025 33.6319
261 821 52.9062
261 3494 25.1441
261 3535 37.4649
261 4541 63.8072
262 516 22.1811
262 3531 47.1207
262 4205 54.4082
263 1301 38.2565
263 3650 31.0157
263 5450 43.1703
263 5753 7.18081
264 623 112.698
264 814 88.5032
264 1452 106.46
264 2492 140.753
264 2564 79.906
265 1431 51.1635
265 1864 78.6182
265 4003 47.3031
266 739 124.276
266 2466 131.736
266 4928 106.869
267 632 11.5106
267 2447 4.38004
267 4048 51.8399
267 5645 48.7918
268 545 34.536
268 1346 102.051
268 4503 51.2494
269 2914 42.272
269 3776 83.4702
269 3945 41.8695
269 4803 67.1781
269 4831 53.735
270 1615 77.8132
270 2023 66.5315
271 399 36.6033
271 512 76.3691
271 4539 54.8358
272 1502 54.5772
272 2663 80.1196
272 3004 53.2563
272 5512 39.2518
273 1896 110.011
273 5832 43.8693
273 5962 33.1525
274 978 74.6584
274 3077 104.236
274 5624 115.952
274 5959 128.604
275 1255 7.99738
275 2787 69.8667
275 3261 51.3961
276 2134 16.8046
276 2966 23.8512
276 2991 75.0312
276 3810 33.4383
277 1156 41.7269
277 2684 75.707
277 2899 29.9591
277 4484 46.6214
277 5202 29.4458
278 733 24.3064
278 3563 50.2199
278 3827 82.8974
278 4656 72.8792
279 1729 47.4535
279 1878 12.5319
279 2073 55.8391
279 2126 42.6509
279 5806 57.5826
280 570 36.9682
280 897 83.8366
280 3708 43.0928
280 5980 59.4938
281 1047 110.869
281 1395 87.0789
281 4367 69.5755
282 1134 48.8348
282 3237 77.5538
282 5532 39.3446
283 2096 101.275
283 3679 122.365
283 4133 71.3784
284 493 58.0141
284 2259 62.9212
284 5834 74.896
285 1268 28.7763
285 1968 58.576
285 3155 30.4953
285 3924 124.756
286 288 29.5468
286 3490 64.2295
286 4328 52.566
287 799 25.1891
287 1288 110.706
287 2439 29.4156
287 3616 82.2954
287 3911 46.6154
287 5998 81.6045
288 3490 52.1822
289 3058 25.4591
289 3255 28.7112
289 3700 51.8656
289 4386 43.8633
289 5049 57.8673
289 5654 61.367
290 1037 64.899
290 2704 67.5035
290 5216 62.3488
291 4900 51.2272
291 5502 90.1216
292 2533 46.3067
292 5436 73.1705
292 6070 42.1964
293 1160 7.9607
293 2117 62.8487
293 5201 33.5181
294 1453 26.8938
294 1597 76.244
294 4040 19.7193
294 4981 7.68598
295 3975 38.9831
295 4711 43.9973
295 4823 30.183
296 1389 93.1489
296 2423 85.1909
296 4055 33.0734
297 1096 51.5913
297 2239 52.6306
298 828 51.29
298 879 33.4408
298 1407 64.3892
298 3159 79.7296
298 3354 67.1505
299 1681 39.0845
299 4931 64.2747
299 5750 26.3517
300 478 56.7807
300 1800 68.7053
300 2474 24.6616
300 2933 62.7041
301 1902 118.811
301 2594 23.8446
301 3973 49.2015
301 4672 45.3566
301 5946 59.5603
302 1320 53.9706
302 3258 23.1485
302 4535 42.6979
302 5702 44.3784
303 814 95.6117
303 3903 79.214
303 4041 30.4247
304 619 43.7424
304 1534 15.0778
304 1656 16.7238
304 1857 22.0813
305 4213 27.9047
305 4351 58.5146
305 4589 57.57
305 5345 32.0038
306 476 106.21
306 1817 102.966
306 5871 105.899
307 871 43.7499
307 957 52.183
307 4788 51.4333
307 5707 65.8648
308 4321 56.6853
308 5127 35.6271
308 5356 72.8585
309 1399 91.8385
309 2711 109.572
309 2825 72.1362
309 5314 84.2445
310 468 49.8907
310 1128 88.6335
310 3547 99.0242
310 5182 90.7417
311 891 70.8575
311 1443 58.3515
311 3382 27.8851
311 5224 37.4041
312 1863 6.54412
312 2849 61.2451
312 3281 93.0694
313 4206 37.9904
313 4345 20.3043
313 4909 46.2081
314 3105 120.576
314 3798 68.0179
314 4997 51.633
315 2538 88.161
315 2596 38.4874
315 2871 36.3242
315 5322 68.294
315 6091 77.745
316 1942 48.172
316 2083 20.885
316 3578 52.731
316 4067 36.383
317 779 48.0615
317 1724 92.3801
317 2422 68.6595
317 4000 55.4996
318 3026 71.3303
318 3249 23.1015
318 5021 78.3228
318 5643 52.9143
319 3189 90.7609
319 4149 59.3227
319 4362 112.595
319 5422 98.7763
319 6015 47.9541
320 1679 32.2756
320 2867 15.9792
320 5506 46.4525
321 3479 52.9877
321 3869 16.5948
322 3385 49.8619
322 3989 45.5215
323 1514 65.9864
323 3425 67.6897
323 5264 37.8062
323 5749 21.7763
324 1275 74.7878
324 2358 109.715
324 2494 72.8371
324 5880 48.1063
325 1209 84.3692
325 2218 45.0446
325 2376 47.1882
325 6093 53.3013
326 1508 45.351
326 2428 61.9344
326 4146 17.8267
327 2239 77.3518
327 2306 42.4979
328 2676 23.0661
328 2902 34.0183
328 3012 27.8513
328 5200 70.1679
329 2707 97.2222
329 4901 94.8077
329 5183 81.5551
330 1181 82.5636
330 2202 18.997
330 3456 73.773
330 4374 24.8282
331 2482 26.7223
331 2834 41.2959
331 3655 70.2092
332 1781 58.0639
332 2400 20.9396
332 5024 33.6503
333 769 67.8471
333 1113 66.7082
333 2994 55.0946
333 5142 33.6379
334 439 29.6854
334 1687 41.4658
334 6030 37.717
335 2166 71.6406
335 2661 38.9845
335 4919 49.0464
335 6020 53.4427
336 1163 54.308
336 1350 90.0206
336 1980 59.2034
336 2196 172.159
337 701 33.9546
337 1379 108.257
337 1823 54.917
337 2709 114.863
338 526 29.8272
338 1524 79.9878
338 3408 105.987
339 1665 42.4027
339 5625 30.811
339 5864 9.13377
340 2706 38.434
340 4943 30.1921
341 2251 40.3819
341 3614 52.3515
341 5088 23.3912
342 2886 70.7648
342 3467 70.3059
342 3826 49.1332
342 5486 165.919
343 2047 21.4799
343 2240 57.6305
343 3783 44.9771
343 4225 93.4993
344 1699 46.3788
344 2772 44.9372
344 3731 23.7263
344 4485 40.9671
344 4904 62.2957
344 5671 29.4942
345 555 89.0989
345 3359 22.943
345 4547 73.7257
346 998 53.8305
346 1184 15.1979
346 2354 80.6228
346 2660 56.8041
347 437 40.1149
347 1446 19.821
347 3795 50.558
347 3899 37.9915
347 6002 38.4096
348 1302 61.1033
348 3373 56.0416
348 5284 38.8605
349 1136 35.1463
349 1964 52.8863
349 3146 53.0341
349 4131 52.0705
350 1005 73.3163
350 3048 120.05
350 4538 58.8203
351 3319 52.4508
351 5733 12.2414
352 3358 44.2963
352 3672 19.6287
353 1793 19.6365
353 1934 83.7147
353 5537 50.6897
353 5957 61.005
354 709 16.0359
354 2136 45.4277
354 2185 72.4772
355 564 4.0861
355 851 25.5922
355 1634 11.9446
355 4815 51.0561
356 790 54.3052
356 1721 75.6304
356 3489 25.8284
357 2377 66.9803
357 3339 45.5904
357 5135 65.914
358 1547 66.7147
358 1613 74.0261
358 4363 39.8571
358 5713 25.2505
359 2625 35.3526
359 3636 33.6419
359 4727 39.862
360 1310 94.5891
360 1478 215.425
360 3628 147.294
360 5222 41.4236
361 444 19.6045
361 3050 65.882
361 5303 65.7845
362 1466 33.5533
362 1970 47.9376
362 3491 73.7488
362 4763 51.3515
362 5807 89.4186
363 373 58.7588
363 707 47.6963
363 3340 58.4136
363 5547 52.9364
364 1661 48.135
364 2468 53.3418
365 591 123.486
365 1213 39.3901
365 3149 51.7941
366 2246 69.3038
366 2734 49.2396
366 3874 71.9183
367 539 127.988
367 4106 85.2479
368 506 41.7072
368 2056 46.1529
368 3338 62.3661
368 4854 24.0824
368 5691 10.4439
369 3927 112.65
369 3985 33.205
369 5104 64.2998
370 413 37.2773
370 1003 49.2221
370 3276 72.3986
371 3030 10.1929
371 4464 141.963
371 5107 43.448
372 675 44.5537
372 1433 30.0528
372 2123 24.2888
373 3577 40.0977
373 5547 28.7864
373 5850 46.9507
374 1908 57.166
374 3479 98.6673
375 1246 121.825
375 1515 70.5945
375 4679 39.1196
375 4891 58.3948
376 1219 99.2459
376 4715 45.5694
376 4768 91.0084
376 4835 47.7116
377 712 62.4063
377 4818 35.8846
377 5521 92.1236
378 2151 76.8215
378 3653 51.2303
378 3995 63.871
379 491 64.5235
379 1175 51.982
379 2188 45.7924
379 4112 27.2778
379 4406 43.4665
380 3151 31.3772
380 3871 28.5334
380 5249 47.3388
381 3949 32.3446
381 5553 49.2338
382 1891 2.71195
382 2010 53.888
382 4522 50.3819
382 5805 84.5599
383 671 35.4831
383 1307 95.4468
383 2541 37.4333
383 5656 5.85885
383 5725 80.3293
384 1745 28
384 2747 30.3573
384 5903 72.9715
385 2584 19.5737
385 4305 45.961
385 4445 36.0489
386 802 92.3654
386 1700 31.1361
386 3531 87.2406
386 4974 35.4717
387 741 44.7566
387 1120 10.7611
387 3372 79.6827
388 417 18.8551
388 2298 32.2962
388 3166 54.3939
388 3682 47.7814
389 2531 45.6461
389 4178 20.8784
389 5700 49.6909
390 1731 72.6673
390 2724 104.765
390 4046 101.147
390 4516 58.2009
391 1638 72.2004
391 2859 114.829
391 5662 79.0187
391 5943 33.2357
392 827 46.5223
392 1750 90.8579
392 3032 66.1288
393 515 88.7863
393 2797 93.0317
393 5387 12.1038
393 5863 28.9508
394 2201 77.346
394 3274 33.6368
394 3631 66.1765
394 4529 41.1982
394 5842 68.1222
395 627 28.0681
395 2142 26.2005
395 2399 59.3025
396 455 104.044
396 1587 56.9697
396 3323 72.2831
396 5828 121.949
397 858 39.6077
397 2381 40.2718
397 4075 65.6085
398 838 49.3176
398 2437 65.2266
398 2752 45.1289
398 5048 87.8582
399 689 49.657
399 4353 35.0243
399 4809 82.1838
400 2251 39.18
400 3119 93.105
400 3156 19.5941
400 3614 45.4511
400 4986 103.546
401 1653 7.25201
401 4573 54.76
401 5390 64.8661
401 5760 47.1385
402 1971 88.7369
402 4054 55.3708
402 4146 58.1049
403 2503 34.4999
403 3599 49.2903
403 4114 93.4306
403 4712 58.1171
404 3928 71.0819
404 4080 77.4036
404 4438 130.729
405 3150 63.3699
405 4652 23.4338
405 4990 78.7602
406 1804 115.26
406 3387 49.9973
406 4387 31.0746
407 702 50.9476
407 2187 20.005
407 4307 64.2692
408 1117 88.1372
408 4247 69.6247
409 3169 89.6058
409 4137 63.1006
409 5097 31.2753
410 3586 53.4543
410 4428 52.2227
410 4540 38.7748
411 2504 65.7747
411 2783 57.7026
411 4173 109.846
412 476 94.0571
412 873 39.6141
412 4528 95.5625
412 5559 63.4942
412 6082 51.3238
413 1003 41.1048
414 1735 33.8925
414 4425 75.4771
414 5330 45.2513
414 5425 34.7937
415 1826 60.2772
415 3454 47.5395
415 3829 58.605
416 1280 58.6844
416 2082 62.163
416 3022 86.328
416 5626 55.8219
417 3682 43.4786
417 5249 44.4615
418 495 119.984
418 1757 43.0327
418 5960 14.0337
419 616 31.9938
419 1396 9.69688
419 1491 49.7119
420 1411 32.8705
420 2929 28.3957
420 3919 22.8844
421 433 35.9273
421 3716 51.0132
421 3782 59.5575
422 5553 29.892
423 1241 83.1249
423 2722 64.5584
423 3437 6.65736
424 3251 60.3387
424 4352 32.6524
425 3417 11.3791
425 4102 95.6692
425 5331 119.916
425 5623 52.624
426 818 26.4755
426 1119 82.4363
426 3203 27.8384
426 4198 34.5728
426 4479 35.7712
426 4722 26.2185
427 1259 57.1375
427 2386 69.1186
427 3587 53.4912
427 3697 58.9254
427 4429 106.651
428 812 73.7643
428 2699 67.7944
428 4405 29.9613
428 5588 17.8856
429 1430 37.3095
429 2592 42.3553
429 5789 37.0752
430 1291 18.0215
430 1844 55.5328
430 2394 6.13348
430 4443 43.7091
431 3964 60.9922
431 5430 47.6482
431 5646 48.9135
432 1102 35.3736
432 1949 63.8533
432 3348 45.6228
433 3314 61.0066
433 3716 93.7152
433 3782 23.5677
434 2406 65.8269
434 3062 57.1364
434 4364 62.5459
435 736 92.3937
435 1272 18.7557
435 2565 35.6544
435 2901 37.4398
435 5683 127.75
436 610 91.8504
436 1918 78.3175
436 4200 97.4185
436 5901 40.1289
437 1254 37.3505
437 1446 19.5454
438 974 46.3161
438 2922 67.3554
438 4295 39.7077
439 1803 68.1001
439 6030 55.4571
440 2233 25.5614
440 5112 67.2588
440 5672 67.8528
441 834 3.78938
441 1250 14.2014
441 1726 65.1917
441 3247 52.4527
442 1185 76.1574
442 4462 37.9516
442 5421 39.63
443 3212 96.1317
443 3287 46.1404
443 4535 71.0736
444 3050 68.4849
444 5303 96.3609
445 1274 68.2422
445 1867 155.045
445 4395 70.8921
445 5035 81.2021
446 1533 96.2304
446 2539 67.3987
446 4708 57.5458
446 5619 33.2731
447 947 50.511
447 1198 74.17
447 3522 38.4065
447 3579 33.0876
447 5638 73.2286
448 2770 48.3945
448 3084 68.2406
448 4460 69.2855
449 1438 71.5861
449 3435 143.044
449 5362 143.428
450 1158 101.501
450 2020 3.86474
450 2273 61.2651
450 5978 76.905
451 908 17.7521
451 2338 89.0179
451 4681 51.9822
451 5882 43.1627
452 2692 51.0056
452 4329 55.8273
452 4643 77.814
453 1061 129.497
453 2189 43.3332
453 2304 66.9857
453 3692 72.5482
454 919 40.3825
454 1528 23.7331
454 2620 105.539
454 3177 70.7358
455 657 22.4752
455 3323 54.4479
456 1935 66.9187
456 3402 81.6873
456 5635 71.9845
457 4419 64.9942
457 4725 51.6742
457 4944 105.768
457 5178 22.188
457 5231 77.1217
458 1011 104.972
458 1870 16.6076
458 3561 30.5506
458 5692 54.2418
459 1937 127.208
459 2674 123.292
459 4747 87.9929
460 4052 17.422
460 4287 22.0261
460 4568 60.9985
461 865 43.8563
461 1228 25.005
461 2817 70.9118
462 1869 45.3317
462 3719 52.7103
462 4084 38.0033
462 4316 66.4703
463 1859 96.2976
463 2118 22.727
464 2260 21.3604
464 2416 41.2719
464 2600 58.5032
464 2781 34.3658
465 4694 20.5647
465 5576 18.7759
465 894 49.0765
466 2470 80.3302
466 3298 157.484
466 5197 82.108
466 6059 27.5072
467 1459 85.7306
467 1834 29.1258
467 1937 76.9636
467 2791 82.2826
467 3412 35.8755
468 1233 69.567
468 5675 77.5502
469 2036 49.9774
469 2813 80.2434
469 3497 101.155
469 4641 63.4609
469 4675 70.1361
469 5262 95.8445
470 1475 27.1658
470 2780 83.5167
470 2796 70.9799
471 1069 60.221
471 2296 21.2434
471 2628 39.2317
471 4619 86.4928
472 1206 31.7389
472 2407 57.2882
472 3983 86.3163
472 5390 64.5969
473 4312 39.0733
473 5489 66.3098
473 5892 57.1551
474 2339 66.4914
474 5581 67.8536
475 3813 28.1563
475 5578 100.425
475 5977 63.7853
476 1817 88.9624
476 5559 57.3968
476 6082 59.2658
477 1374 54.9143
477 2247 29.7841
477 3992 48.3853
478 2474 42.1542
479 2593 44.6223
479 3014 50.8771
479 3141 30.3735
479 4622 75.035
480 554 60.3478
480 702 24.9243
480 5414 89.3288
481 671 51.8713
481 2580 71.6704
481 3779 17.8751
481 4871 36.4582
482 571 83.1324
482 1345 53.2413
482 3242 78.0077
482 4334 52.2349
482 4931 49.9517
483 975 69.4242
483 5633 40.4946
484 1049 107.749
484 4821 9.63635
484 4984 22.3799
484 5672 48.2572
485 1241 121.575
485 1868 46.6407
485 2722 137.264
486 4856 31.3588
486 5077 35.2391
487 4657 89.1815
487 5870 77.8597
488 2097 52.8663
488 2508 58.3703
488 2832 44.8475
488 2953 42.6232
488 3224 73.5433
489 3309 66.7458
489 3332 100.326
489 4665 20.6238
489 5277 82.0173
489 5605 47.1225
490 503 70.5725
490 1331 59.3227
490 3615 25.6655
490 5298 72.9305
491 4112 23.0342
491 4406 73.2474
491 4832 68.417
492 2998 62.4454
492 4112 45.7815
492 5487 21.368
493 1260 79.6475
493 1366 60.0589
494 817 55.3549
494 1436 76.9419
494 1782 109.541
495 1757 42.1001
495 4031 55.3973
495 5960 85.6478
496 3738 172.221
496 4124 176.999
496 6004 88.154
497 840 79.7758
497 1557 65.9437
497 2516 27.433
497 2766 96.4121
497 3266 42.7554
497 4242 61.8298
497 4967 26.9285
498 695 35.8617
498 704 49.8092
498 3284 56.3161
498 3408 24.6648
498 5570 12.1301
499 2500 33.0237
499 3397 52.5076
499 5124 44.6181
499 5187 14.7582
500 2630 80.4871
500 2653 59.0658
500 3147 64.5958
500 3721 69.9949
500 5278 50.2576
500 5991 57.8866
501 995 57.7524
501 1028 70.5647
501 2178 33.831
502 955 24.4126
502 1600 29.8001
502 1767 47.8116
502 2794 53.3707
502 3933 16.1274
503 901 96.2469
503 1331 41.3558
503 3615 104.582
503 3780 41.2357
503 4359 47.6455
504 2450 45.124
504 3741 30.4478
504 3925 78.6798
505 2064 94.9306
505 3256 55.6829
505 4027 104.643
505 4970 118.287
506 4854 53.915
506 5691 56.7033
507 662 61.7997
507 3355 43.543
507 5245 19.7079
508 1862 16.0784
508 1974 48.5667
508 2048 81.0461
509 1977 73.9882
509 2491 31.5117
509 3519 61.8317
509 4534 91.4298
510 1792 73.5532
510 3931 47.7084
510 4530 52.1322
510 5665 38.6447
510 5744 25.0943
511 1739 62.862
511 1961 34.4732
511 4355 25.0269
511 5942 6.83621
512 1276 61.3124
512 4539 21.436
512 5869 54.5938
513 939 47.798
513 1548 40.8533
513 2184 25.7749
513 2896 66.2725
514 3673 96.3696
514 4253 59.011
514 4382 8.00602
515 960 56.7836
515 1960 25.9363
516 1700 64.02
516 3531 74.8196
516 4205 49.8389
517 1384 54.5943
517 3299 52.009
517 4769 23.2905
518 909 67.4825
518 3260 36.5222
518 5760 62.4108
519 1582 113.547
519 2172 45.6241
519 3112 85.2469
519 5673 26.2185
520 562 35.1403
520 924 42.1148
520 3094 54.9189
521 1725 66.206
521 2369 91.2409
521 2930 74.8811
522 1020 55.738
522 4509 43.1029
522 5888 77.4269
523 2092 95.723
523 4506 83.1921
524 4930 53.7775
524 5281 27.6889
525 3325 69.053
525 3818 23.6192
525 5574 3.93772
525 5752 69.9046
526 1524 48.4275
526 2940 94.0276
527 2440 72.4069
527 3990 68.5769
527 5027 95.5153
528 726 59.6382
528 1620 61.9769
528 2898 17.0315
529 4335 39.9003
529 5711 32.0763
529 5785 38.6872
530 4070 63.0766
530 4578 30.8689
530 5128 27.0299
531 2993 65.461
531 5030 17.1494
532 3770 55.514
532 3863 38.0839
532 4805 44.0199
533 2122 42.6168
533 4991 9.44272
533 5059 76.6396
534 691 23.409
534 993 55.0317
534 2151 50.455
534 2512 35.8838
534 5693 29.2669
535 3430 22.6537
535 3847 93.5938
535 4124 55.2779
535 5829 85.5045
536 2651 43.8958
536 2679 44.5076
536 4429 47.553
537 2444 35.2902
537 2486 60.6288
537 5560 25.9322
538 668 74.6125
538 1174 58.6957
538 1364 27.9088
538 1740 134.917
538 5002 76.0712
539 3774 122.809
539 5572 80.1079
539 5687 63.9786
540 2581 85.0464
540 4811 63.3691
541 3634 114.309
541 3841 86.8163
541 4455 71.8487
542 1962 38.5627
542 5448 78.3157
542 5457 49.9849
543 1475 66.1587
543 2780 93.2096
543 2796 55.3386
544 992 64.1457
544 1676 89.1141
544 5010 42.9694
544 5043 35.7766
544 5066 22.4862
545 1346 38.5568
545 4503 38.402
546 4101 80.17
546 4343 77.234
547 699 29.4825
547 4053 27.8424
547 4697 10.9699
548 1618 99.5107
548 2674 78.5702
548 4416 59.4493
548 4747 18.7933
549 1091 41.8214
549 3307 7.41096
549 3810 41.4716
549 5627 31.4718
550 711 6.28249
550 1614 94.9166
550 1619 72.1002
550 2431 40.3548
550 5584 25.3842
551 2541 70.5459
551 2719 76.1059
551 2876 50.7701
552 1830 63.9808
552 2042 88.8684
552 3580 43.9982
552 4104 20.0042
552 4949 50.1905
553 1448 34.0517
553 1697 14.1278
553 2683 38.9985
553 3806 18.9826
553 4214 25.8144
553 4504 55.9999
554 702 94.4668
554 2860 66.8848
554 3657 66.8663
554 5830 66.3358
555 3140 33.3524
555 3359 78.6893
555 4264 34.3724
555 4547 48.5451
555 5825 119.058
556 3004 61.7171
556 3071 55.1302
556 3310 47.4953
556 4323 23.1765
556 6018 40.6638
557 856 116.645
557 1558 99.5065
557 4483 56.2149
558 1875 61.5228
558 2138 45.5327
558 5441 42.4727
559 1566 69.0092
559 4607 36.5724
559 5385 27.0467
560 2456 27.5366
560 5124 86.8717
560 5629 69.4287
561 1878 65.1563
561 2073 38.8881
561 6002 52.692
562 1180 76.4122
562 1215 83.809
562 3094 21.6538
563 963 73.6361
563 1927 52.1101
563 3505 68.4527
563 3748 63.1948
564 851 30.71
564 1634 10.4199
564 3312 62.4321
564 4815 35.6383
565 3120 37.343
565 3959 1.48563
565 5046 54.5772
566 763 39.8888
566 2127 56.0193
566 3429 31.9987
566 5339 39.2667
567 1451 66.31
567 5823 69.5968
568 968 88.1575
568 1794 34.6179
568 2894 34.2305
568 4678 38.5191
568 4684 51.6694
569 1777 45.3074
569 4091 76.7264
569 5595 70.4572
570 3708 58.8822
570 5610 110.225
570 5980 67.0474
571 1345 38.4698
571 1960 100.149
571 3242 22.5042
572 1308 79.0461
572 3358 35.5486
572 3835 81.4917
572 5594 73.4023
573 596 45.5486
573 721 49.5961
573 3375 72.5675
573 5609 7.63222
574 804 82.1032
574 835 22.7415
574 921 73.3508
574 2977 100.299
574 3117 47.8754
574 3487 45.5342
575 3463 84.8871
575 4459 76.6876
575 5883 15.9795
576 2130 77.5722
576 3734 75.9984
576 3960 34.8281
577 1245 78.4908
577 3180 66.8809
577 4274 8.1036
577 5847 36.8857
578 595 26.4656
578 727 44.1035
578 2107 27.6107
578 3887 78.4642
578 4657 62.0726
579 1752 29.2474
579 3318 57.4087
579 5008 24.8702
579 5072 32.5864
580 2174 80.4357
580 5080 60.9876
580 5085 46.3601
580 5438 51.4032
581 649 90.7375
581 674 102.279
581 5613 72.8647
582 3298 95.1677
582 3488 126.79
582 4400 142.539
583 2662 84.4713
583 5166 88.1203
583 5998 64.7254
584 3468 43.0255
584 4115 63.1379
584 4442 78.1597
585 1333 70.2114
585 2087 75.5984
585 4515 28.6041
585 5475 132.043
586 1828 8.195
586 2148 47.3093
586 4576 11.041
587 1019 87.3677
587 4044 49.6671
588 1944 33.7282
588 2952 23.4669
588 3720 26.5466
589 1287 55.4966
589 4634 53.8081
589 5778 59.5564
590 1178 61.256
590 4651 84.9678
591 1213 105.942
591 3149 73.9432
591 3174 28.7668
591 4210 91.3698
592 1831 27.5111
592 2162 63.6047
592 4014 44.8351
592 4905 72.3647
593 1153 28.908
593 4828 71.9828
593 5296 39.8689
593 6094 61.8103
594 948 24.0016
594 2704 40.7404
594 5216 42.5997
594 5926 17.8491
595 727 10.9368
595 2107 54.6768
595 4350 53.8838
596 2266 67.4029
596 3375 40.4578
596 5609 41.3489
597 624 96.858
597 1966 42.5022
597 2485 32.3891
597 5000 105.29
597 5263 47.3152
598 2105 38.9556
598 2749 64.6386
598 3042 13.4224
598 5669 36.091
598 5786 21.446
599 801 86.3498
599 3760 86.8848
599 5378 45.71
600 1505 43.3051
600 2606 26.041
600 3969 43.966
600 4960 46.1498
601 754 61.8356
601 771 49.8413
601 5874 77.1256
602 4223 85.0965
602 4817 70.7807
603 3057 136.844
603 5459 160.695
604 2444 54.3986
604 2680 59.344
604 4441 48.8612
604 5051 74.9914
604 5560 36.3876
605 2455 41.4203
605 2745 34.7788
605 3816 75.6022
605 4119 55.0067
605 4696 41.2574
606 3515 27.2008
606 3843 85.8813
606 4001 48.4319
607 689 91.5618
607 826 41.2397
607 2340 29.4738
607 3289 56.3339
607 5995 42.3102
608 1670 28.3003
608 3005 48.8572
608 3898 50.0137
608 5809 40.5346
609 4401 22.0023
609 5870 82.1639
610 1602 52.4525
610 1918 30.4845
611 2504 38.9403
611 4173 65.4485
611 5604 61.4241
612 2465 33.715
612 4734 24.9369
612 5299 96.2122
612 5524 63.9298
613 660 23.5134
613 1666 63.5322
613 1713 48.1507
613 3947 32.3434
614 916 27.0599
614 1874 81.6995
614 2131 49.0357
615 2192 40.9806
615 4654 39.5958
615 5110 43.0565
615 6057 42.2887
616 1396 30.0383
616 1491 104.859
616 2168 103.402
617 1085 55.5703
617 1364 60.1214
617 1503 9.02356
617 5113 46.9719
618 2944 24.7209
618 3393 17.5553
618 4819 33.6199
619 1656 36.5359
619 1857 40.3376
620 1133 40.9721
620 3213 31.9568
620 3228 21.1057
620 3801 57.688
620 5171 29.5336
621 843 101.194
621 3006 58.6958
621 3138 80.9251
621 5668 59.7046
622 1487 43.4936
622 1799 117.597
622 1854 104.974
622 2219 48.5042
622 3832 76.9685
623 2315 53.5879
623 2562 47.6948
623 2564 85.7221
624 1567 97.1338
624 2485 101.924
624 5263 29.4705
625 1324 69.2516
625 3420 72.1146
625 4595 50.9686
626 2755 64.0366
626 3352 64.7566
626 3354 108.751
627 2142 28.9727
627 3997 94.7577
628 1609 60.2605
628 2116 82.2352
628 2402 77.9686
628 3527 73.72
628 4862 75.2119
629 713 54.3977
629 3365 59.3086
629 4594 69.9868
630 822 7.96088
630 1550 88.8785
630 4853 77.3937
631 2380 21.9624
631 2720 33.4436
631 3162 20.0149
632 2447 13.5964
632 5645 54.9919
633 2560 21.6537
633 3872 57.8161
633 4175 32.5068
634 3499 31.3192
634 3883 102.439
634 4750 42.5189
634 5507 23.2929
635 641 46.58
635 4825 95.6999
635 5146 19.1977
635 5418 57.3258
636 2391 38.4589
636 3530 67.4345
636 5720 72.2765
636 5848 129.006
637 688 63.6612
637 1471 40.3209
637 1719 59.6193
638 2570 96.3964
638 3121 49.6271
638 3331 27.6563
639 2247 74.8708
639 2301 37.0461
639 3992 34.1225
640 1882 53.0439
640 4024 62.6507
640 5516 62.3232
641 953 94.2056
641 5146 57.7119
641 5418 43.2645
642 747 106.339
642 1847 19.8205
642 3248 102.037
643 1096 20.5694
643 1840 23.4549
643 5608 48.9004
644 1447 61.1138
644 1875 110.729
644 2138 87.4944
645 2417 81.8521
645 3547 39.2423
646 2435 44.0101
646 2721 100.581
646 4324 89.8298
647 3666 89.6422
647 3678 146.127
647 4669 67.6266
648 1764 87.0771
648 3611 56.0636
648 5416 26.9673
649 674 77.1059
649 2032 55.8345
649 2462 69.0322
649 3167 118.083
649 4440 82.6517
650 2190 30.084
650 3066 16.7634
650 4992 69.3358
650 5735 47.6331
651 3535 54.459
651 4451 42.7016
651 5361 50.7277
652 2150 124.613
652 2412 64.2265
652 4799 99.8001
652 5985 66.4003
653 1326 72.0079
653 1598 81.6191
653 6048 63.4177
654 775 59.7396
654 2282 46.841
655 1761 66.1109
655 3272 93.9471
655 4759 78.2634
655 5746 95.9472
656 2249 87.7838
656 4312 95.2343
656 5291 46.0581
656 5915 61.4066
657 3323 75.9178
657 4325 148.885
658 4473 18.2617
658 4848 54.8342
658 4857 47.7241
658 5019 62.5
659 2527 90.4193
659 4004 79.963
659 4887 69.3127
660 1713 37.0015
660 3947 27.1154
660 4293 67.2132
661 1646 98.6672
661 4726 54.7912
661 5280 48.2392
662 3037 34.0593
662 5245 67.3611
662 5433 22.2353
662 5937 33.6947
663 1802 45.3433
663 1909 50.3198
663 1936 36.2377
663 4141 62.6215
664 2287 20.9799
664 3507 59.4651
664 4201 37.7485
664 5033 53.2809
665 1006 15.7359
665 1690 18.4049
665 5082 54.3838
666 1928 14.912
666 3127 61.7226
666 5355 25.4041
666 5614 57.9967
667 860 79.3666
667 990 93.9296
667 2763 49.6453
667 4218 73.0687
668 1740 14.3956
668 3786 78.1924
669 698 32.3421
669 3775 43.0878
669 4186 66.2926
669 4614 84.8397
669 4929 49.3776
669 5357 85.3262
670 1051 87.5498
670 1204 17.4153
671 3663 43.5864
671 3779 55.6739
671 4871 58.6219
671 5656 44.1365
672 831 51.4314
672 1692 65.6781
672 2643 25.5876
672 3290 14.366
673 1492 53.1686
673 2585 49.5916
673 3908 44.7939
674 3167 48.3123
675 1433 42.4156
675 1821 45.5348
675 2123 29.8673
675 2165 56.7039
675 3792 63.7596
676 1353 35.971
676 1866 71.4132
676 5748 83.8055
677 2175 70.2583
677 2801 75.4894
677 4640 26.4672
678 1060 49.3857
678 1240 38.538
678 2639 21.3812
678 4301 8.50073
678 4338 27.3148
679 1135 27.5526
679 1680 33.2387
679 4803 38.125
680 1248 75.4334
680 2923 35.8744
680 3722 66.5964
680 5912 75.7316
681 1519 46.7294
681 3400 23.8309
681 3966 38.6899
681 4523 20.8218
682 2027 57.4726
682 3598 33.3606
682 4864 6.73753
683 5119 64.3774
683 5136 37.5846
684 1094 62.9664
684 1815 118.834
684 5844 133.663
685 2420 81.119
685 3049 81.9202
685 5040 66.5912
686 892 40.0714
686 1334 55.9427
686 3948 77.2758
686 4677 49.4024
686 5889 116.808
687 2427 58.2466
687 4655 17.0247
688 1719 47.2615
688 4897 10.8893
689 2340 21.6356
690 2659 43.7787
690 4108 72.0888
690 4340 59.8279
690 6019 26.8907
691 993 23.8097
691 2512 38.0805
691 5693 30.7964
692 1950 25.7171
692 2572 105.052
692 4329 80.4713
693 2970 59.8285
693 2979 32.345
693 3210 2.52643
693 4592 23.59
693 5044 59.2081
693 5460 12.2535
694 1397 58.6746
694 2875 63.8578
694 4355 30.8127
695 704 24.009
695 3284 25.8198
695 3408 41.9626
695 5570 41.5965
696 2964 43.9255
696 3806 50.3909
696 4194 10.993
697 1263 16.8296
697 4095 39.1142
697 4097 76.9444
697 5474 68.7356
697 5756 40.9343
698 3775 95.4843
698 5357 78.9339
699 4053 37.4637
699 4130 34.8223
699 4697 51.5423
699 5377 60.8261
700 1660 47.6441
700 3353 94.4784
700 3633 22.3627
700 5583 63.8104
700 5621 82.6142
701 1379 103.983
701 1823 72.7564
703 706 30.8774
703 2835 58.301
703 3391 17.8487
703 3705 91.6563
703 5367 130.145
704 3284 27.3166
705 1004 139.659
705 1362 107.474
705 2670 73.081
705 4266 116.318
705 5463 50.1595
706 2835 25.9105
706 3391 34.5364
706 5367 104.855
707 3340 44.1016
707 5547 73.6596
708 1469 3.44642
708 3942 71.5342
708 6096 49.534
709 2136 42.8052
709 2185 58.6193
709 3055 71.1613
710 1188 152.397
710 3214 139.652
710 3270 73.7618
710 4774 127.745
711 2431 49.5168
711 5527 85.8025
711 5584 45.3535
712 3265 35.7363
712 4818 71.1517
713 4594 15.015
713 5326 81.8022
714 959 41.4734
714 4050 76.7971
714 4772 94.8167
714 5637 26.5307
715 2046 26.1423
715 3401 24.3066
715 4306 32.5508
716 1832 103.208
716 2002 50.2035
716 2208 105.898
716 3753 38.5067
716 3831 101.885
717 937 32.3443
717 1621 30.8291
717 3566 89.4366
717 5401 163.673
718 922 60.932
718 1733 72.994
718 2549 67.9898
718 2667 43.9461
718 3416 77.7092
718 5034 63.2676
719 1123 72.3206
719 1488 56.6663
719 2524 121.528
719 3306 151.129
720 810 18.4486
720 3220 27.4273
720 4011 33.1685
720 4426 54.7858
720 5776 45.532
721 1052 48.0494
721 1426 28.6972
721 5609 54.2826
722 947 13.1053
722 1242 23.8123
722 3102 34.7094
722 3579 48.6379
723 1572 50.3701
723 4248 49.5988
723 5772 45.934
724 4131 196.113
724 4404 59.2825
724 5238 97.0607
725 1574 70.9697
725 2000 55.1298
725 4489 96.9496
725 5316 33.4894
726 750 55.9369
726 2898 51.0438
727 4350 59.7875
728 1034 15.0304
728 4344 62.5517
728 4754 63.8876
729 2383 107.692
729 2967 107.703
729 3111 68.2594
729 4939 46.4639
730 3432 75.8582
730 3685 69.2395
730 4412 26.7905
730 4748 9.38115
731 2798 59.3685
731 5073 51.7121
732 1212 50.4282
732 2761 44.7123
732 2948 21.1999
733 993 61.5798
733 3563 27.79
734 2735 47.8317
734 5196 81.4132
735 3378 72.7264
735 3679 95.8273
735 5032 38.9517
736 5683 26.4725
736 5809 115.544
737 1239 42.3808
737 3296 92.9344
737 4046 61.0206
738 1112 64.102
738 3046 91.5262
738 3541 90.3485
738 3788 59.4687
738 6053 61.766
739 984 61.6691
739 2637 91.4475
739 4928 91.0764
740 2443 89.3934
740 5383 74.2482
740 5503 59.5487
741 1120 18.0997
741 3134 73.4072
741 4308 74.5489
742 982 109.536
742 2296 125.954
742 3654 69.7376
742 3915 39.8757
743 4333 44.1133
743 5429 64.1335
743 5755 63.5662
744 2139 95.0395
744 4091 37.8119
744 5595 75.5271
745 3816 50.877
745 4075 76.0132
745 4119 41.0462
746 1067 72.3432
746 3279 59.5816
746 4511 78.5876
746 4970 148.267
746 5818 88.0582
747 1757 89.2219
747 1847 51.7589
747 4031 132.535
748 1820 10.2692
748 3759 56.9333
748 5114 4.86533
749 906 42.3099
749 4291 119.029
749 5482 17.815
749 5936 45.3673
750 2127 46.639
750 2898 57.8946
751 1650 80.2464
751 1731 71.9819
751 4191 24.7253
751 4270 36.4031
751 5950 66.3707
752 793 57.0538
752 1540 83.8305
752 6040 46.2584
753 3164 68.5756
753 3362 79.6361
753 3439 99.5506
753 4551 38.8985
754 771 15.9896
754 5873 44.9703
755 1182 68.5725
755 1972 13.9744
755 2220 67.11
755 5311 6.08686
756 4730 73.3791
756 5275 51.3727
757 776 81.6417
757 1887 44.8063
757 5149 16.2021
758 4160 36.6743
758 4180 61.8627
758 4209 66.9736
759 3014 47.8825
759 4622 90.7811
759 6040 98.6425
760 1583 74.5028
760 3333 46.7427
760 3395 32.1403
760 4389 13.886
760 6092 19.0238
761 1088 101.626
761 1192 145.049
761 4461 83.5729
761 4877 44.6891
761 5106 125.119
762 2982 96.2884
762 3867 72.6225
762 4475 47.4734
762 5909 115.68
763 2127 44.2037
763 3429 47.7488
764 3686 24.7257
764 4064 81.6113
764 5652 23.0689
764 5708 49.7203
765 1039 73.6837
765 2785 93.35
765 3558 91.7464
766 3163 65.8644
766 4754 100.149
766 5470 75.4527
767 2542 52.9173
767 3044 29.209
767 4037 79.1003
767 4259 27.181
767 6012 47.606
768 1098 119.499
768 3850 79.8009
768 5891 82.7812
769 2209 72.1531
769 5142 32.12
770 1016 30.8448
770 1876 65.0184
770 4837 72.0853
771 5873 65.0436
772 3118 27.8158
772 5266 40.1744
772 5911 52.3019
773 1442 37.3794
773 1783 18.522
773 1791 38.4886
773 4703 56.763
774 1651 61.2707
774 3280 46.0418
774 4572 84.5286
775 2282 27.6686
776 1887 71.4544
776 4552 87.1915
776 5149 75.3539
777 950 50.5995
777 1300 49.3868
777 5347 43.4814
778 971 55.6963
778 977 124.956
778 4690 110.983
779 3372 53.9596
779 4000 37.8407
780 1480 46.3985
780 3126 57.1497
780 5241 66.0455
781 3818 99.9275
781 5574 111.885
781 5752 56.731
782 2529 86.2341
782 4598 64.2888
782 5488 50.4838
782 6107 93.1235
783 3101 69.6288
783 5154 34.5086
783 5968 30.1948
783 5993 71.1512
784 3761 90.6908
784 3978 90.9076
784 5659 19.5839
785 1296 23.2564
785 2270 41.1532
785 3862 59.3562
785 4554 16.0288
786 2822 45.4402
786 3114 11.6033
786 5420 59.8931
787 1931 27.5347
787 2555 58.4368
787 4933 54.528
788 886 25.4584
788 2990 29.1119
788 3097 34.8882
788 5076 74.3425
788 5602 49.0935
789 1562 40.8536
789 1882 83.5463
789 5024 39.1874
789 5881 27.8014
790 2362 117.941
790 3489 64.0286
791 2650 45.4093
791 4699 32.2418
791 4852 62.712
792 1706 68.3724
792 2349 58.7791
792 3157 42.7784
793 1540 22.9855
793 2021 51.1853
793 3768 25.9124
793 6040 52.4045
794 1827 99.4941
794 2228 41.3116
794 2532 95.0523
794 5289 83.8805
795 1625 25.053
795 5256 49.0131
795 6041 99.0856
796 2321 64.2034
796 2655 20.5866
796 3060 30.8032
797 3840 77.0308
797 4109 52.1835
797 4167 71.0397
797 4635 49.3922
798 1394 60.7213
798 5041 74.752
798 5511 74.2796
798 6055 64.8825
799 1288 140.509
799 2439 29.2198
799 3616 114.037
799 6049 92.7069
800 2013 100.614
800 2390 34.1686
800 3767 39.0394
800 4127 48.0314
801 2467 100.019
801 3760 72.2596
802 2379 88.6135
802 4974 109.195
803 954 96.5465
803 1185 81.6858
803 1611 53.1254
803 2357 34.1977
804 835 54.5385
804 4486 65.5955
804 4721 126.357
805 3797 36.8623
805 4691 80.488
805 5631 63.8348
806 1518 155.206
806 4402 28.4886
806 4449 91.8411
807 1023 46.6807
807 2231 63.288
807 3019 100.8
808 1756 60.1057
808 2746 27.1907
808 3133 44.3219
808 4499 12.9764
808 4879 10.1959
808 5593 28.1602
809 2547 20.9803
809 5606 22.6906
809 6022 50.7223
810 2035 31.5236
810 3220 17.3514
810 4011 46.3626
811 4424 58.8766
811 5304 88.502
811 5517 114.045
811 6086 60.8779
812 4844 33.0093
812 5588 68.8418
813 1246 197.591
813 2908 68.8081
813 3432 120.585
814 930 45.716
814 2564 51.8183
814 4041 120.818
815 824 56.7896
815 2319 17.7048
815 4912 53.4855
816 1529 24.4313
816 1913 56.6268
816 2404 49.0465
816 5876 76.0227
817 1436 28.9131
817 5203 41.993
818 4198 11.0963
818 4479 35.3073
819 1747 80.7235
819 2003 54.4825
819 2356 94.8431
819 2550 38.0229
820 1191 93.1042
820 3603 99.753
820 5704 101.327
821 3494 53.8841
821 3535 76.5493
821 4451 45.7099
822 1550 78.5608
822 4853 62.6048
823 1442 72.3631
823 2249 83.998
823 2498 113.747
823 3550 40.4989
824 2319 26.8423
824 4912 40.7434
825 2258 73.7722
825 3482 88.2405
825 5639 98.9051
826 2340 47.6649
826 2753 89.8004
826 3289 24.8258
826 5995 32.2367
827 1593 65.1351
827 1750 23.024
827 3032 107.807
828 1407 60.0842
828 3421 35.3416
829 863 25.9766
829 2070 54.1267
829 4948 72.3025
829 5738 32.5561
829 5980 68.0799
830 1005 99.2907
830 1044 76.148
830 1372 65.6695
830 2241 173.41
830 6045 76.473
831 1692 66.865
831 3290 61.2395
831 3718 59.9445
831 4681 84.3498
831 4795 122.759
832 1392 27.0778
832 3143 78.3077
832 3225 109.131
832 4176 52.9483
832 5286 136.603
832 5820 56.5889
833 2703 28.9422
833 3884 62.2889
833 4536 46.4064
833 5156 51.4753
834 1250 11.3569
834 1726 67.1047
834 3247 59.9597
835 921 45.4872
835 2977 89.5337
835 3487 76.0953
835 4486 67.8794
836 1568 52.3816
836 2776 78.9073
836 4435 87.929
837 1999 108.457
837 2847 37.9577
837 4566 74.8169
837 5129 69.2407
837 5827 56.6163
838 2437 98.498
838 2730 53.9278
838 2752 68.6541
838 5048 101.384
839 2225 9.40917
839 3958 58.4286
839 5244 56.2029
840 3266 50.138
840 3392 94.4061
841 1518 69.3544
841 1881 47.51
841 5768 53.984
842 876 88.5932
842 2529 106.632
842 3677 65.3492
842 3842 20.5665
843 3431 129.049
843 3546 139.326
844 2695 48.4264
844 4647 93.6814
844 4762 68.9174
844 5060 48.1785
845 2024 79.4154
845 2736 80.4495
845 3163 73.374
845 4577 60.1177
845 5428 30.4816
846 1349 36.1489
846 3006 52.8879
846 4380 75.864
846 5668 55.8313
847 958 35.6283
847 1244 94.5812
847 5681 34.124
847 5907 113.835
848 1464 21.9453
848 1944 41.2325
848 4331 99.2668
848 5617 40.9235
849 3184 33.0084
849 3456 56.4675
849 5762 76.982
850 3319 59.4841
850 4217 60.4554
850 4638 41.9223
850 6097 78.5454
851 1634 30.4965
851 3980 47.752
851 4815 19.5502
852 3728 34.7293
852 4798 45.9842
852 5340 42.1204
853 1730 61.4502
853 3713 8.52442
853 3807 25.498
853 5956 15.7839
854 4020 93.1505
854 4094 116.595
854 4497 65.9128
854 4952 68.1657
855 2806 58.8146
855 4034 114.047
855 4524 140.264
856 5909 63.1027
856 6062 63.2822
857 933 79.6708
857 2322 98.1923
857 2761 71.6525
857 4128 54.7745
857 4453 76.6448
857 5074 56.4454
858 2381 64.686
858 4075 88.4013
858 5061 84.3771
859 943 79.773
859 1300 93.2646
859 2302 39.067
859 2370 91.2777
860 3914 29.6931
860 5773 69.3483
861 4442 106.021
861 5302 57.094
861 5591 65.0142
861 5834 54.4455
862 2502 54.7163
862 5534 62.7377
862 5934 28.1025
863 2070 92.6991
863 4948 26.2645
863 5738 10.0265
864 1900 44.5042
864 3517 30.4551
864 3656 76.6156
864 4005 69.5784
865 1228 47.9413
865 2817 58.3412
865 4946 46.5914
866 884 8.90844
866 2147 91.548
866 3845 76.1585
866 4650 133.501
866 5294 46.8486
867 1894 40.8643
867 2971 50.5461
867 4185 67.511
868 3404 39.0179
868 3710 71.0511
868 4704 32.1847
868 4847 33.5752
868 5007 38.9923
869 2763 88.5211
869 3244 53.2324
869 4218 84.7061
869 4816 59.4239
870 2496 73.4816
870 2519 19.9554
870 3082 63.8873
870 2888 69.9957
871 957 29.8217
872 1100 68.8078
872 4550 37.251
872 5096 66.0975
873 4528 135.025
873 5250 74.4905
873 6082 18.7817
874 2018 102.377
874 4066 106.845
874 5658 10.2818
875 2145 114.437
875 3562 30.8051
875 4174 90.0975
876 1872 8.49454
876 5721 75.2465
877 1825 27.7302
877 4213 43.2377
877 5345 40.9381
877 5579 46.9296
878 2113 44.6063
878 4125 65.9783
878 4177 41.5573
878 4927 47.382
879 3159 32.9407
879 3354 78.9824
879 6058 42.3278
880 1327 59.2135
880 1826 27.4279
880 2769 94.1078
880 3454 45.21
880 3988 46.8955
881 1146 43.2737
881 5575 95.8052
882 1379 93.4807
882 1790 47.1313
882 5522 78.0311
883 1758 116.484
883 5164 85.4944
883 5596 63.2808
883 5862 12.4117
884 3845 41.2589
884 5294 64.5821
885 1459 50.2849
885 2160 66.2672
885 3735 93.2827
886 2990 36.2897
886 5602 45.5988
887 1945 50.5191
887 3447 22.0536
887 4153 78.9064
887 4543 94.5764
888 1517 25.1719
888 2317 74.9685
888 3116 21.946
888 3221 20.3173
889 4039 96.7116
889 4987 72.1387
889 5520 76.819
890 964 65.783
890 2418 81.3155
890 4164 48.6057
891 949 63.3213
891 4581 74.9383
891 5462 121.096
891 5916 123.553
892 1334 56.114
892 3324 64.6553
892 4677 37.0511
893 2158 44.4634
893 2681 26.5698
893 5191 23.1826
893 5852 32.2478
894 2144 38.2466
894 4662 28.343
895 975 56.871
895 1398 48.989
895 4914 65.6943
895 5633 58.329
896 1177 29.4636
896 2649 105.185
896 4224 83.4499
896 4760 71.5732
897 3708 24.9728
897 4240 83.2208
897 4980 83.3066
898 1979 75.3127
898 2599 68.8934
899 2132 107.18
899 3170 93.4372
899 4022 58.4889
899 4190 51.7446
900 3272 52.9885
900 3376 62.7649
900 3471 31.5547
900 4582 20.5404
900 5690 16.146
900 5801 43.6991
901 2812 123.059
901 4493 56.3944
902 1883 78.3703
902 2795 151.566
903 1549 86.4501
903 4559 59.1872
903 5094 44.7132
903 5374 58.1907
904 2100 50.6155
904 3257 71.7479
904 5108 107.906
904 5199 16.3595
905 1640 46.5102
905 2590 66.2837
905 3389 87.5827
906 1711 68.099
906 2211 95.6237
906 5482 61.3601
906 5936 41.0989
907 977 58.9115
907 1473 50.6546
907 1561 42.2697
907 2091 49.7212
907 3159 52.1615
907 6058 48.693
908 2338 85.9473
908 4574 81.0318
908 5882 51.967
909 923 63.5932
909 3107 13.6175
909 3260 126.166
909 5057 63.1971
910 4221 100.912
910 4987 69.4021
910 4999 48.9894
911 1080 38.015
911 2204 69.7505
911 5670 63.0492
912 1996 83.4792
912 2144 124.256
913 2250 31.0839
913 4930 79.9845
913 5281 82.2558
914 992 77.4844
914 1579 25.6582
914 2130 53.21
914 3383 56.4784
914 4673 38.7407
915 3670 129.668
915 4371 72.8086
915 5432 78.6264
916 1874 44.1999
916 2131 93.7989
917 1435 107.825
917 4033 6.11145
917 5091 74.0968
917 5787 73.9819
918 2149 72.5251
918 2202 96.8992
918 4584 42.5985
919 1528 26.3387
919 2205 76.5859
919 6049 62.056
920 1211 80.9354
920 2958 5.19785
920 4294 46.5979
920 5437 89.5143
921 2977 26.1581
922 2549 33.2717
922 5034 42.3527
923 3107 36.5638
923 5057 27.1205
923 5732 53.908
924 1180 60.4397
924 5346 63.5447
925 2828 85.9204
925 3145 58.7221
925 4054 41.299
926 1021 49.7752
926 3870 30.6004
926 4634 65.7212
926 5117 67.338
927 1672 94.1484
927 1746 84.1123
927 4618 68.9578
927 5531 112
928 2523 53.2034
928 3113 74.1619
928 3458 76.3381
928 5257 93.7713
928 5935 65.8125
929 1585 42.9264
929 4840 69.4799
929 4881 108.253
930 2564 32.6989
930 4162 69.6687
931 1385 45.3412
931 2276 30.9508
931 2718 44.3015
931 4420 62.8439
932 1624 26.5331
932 1708 65.0439
932 5777 68.2752
933 3072 51.737
933 4193 27.6533
933 4906 108.336
934 2074 29.3346
934 2307 60.5333
934 3128 40.9455
934 5406 37.5223
935 2051 65.6698
935 3045 71.5518
935 4842 83.7493
936 2009 64.8692
936 3478 45.363
936 6080 47.6029
937 1621 46.4712
937 3061 81.7123
937 3566 36.9757
937 4065 91.1296
938 2059 41.0824
938 4562 107.765
938 5924 50.2989
939 2184 20.9896
939 2329 37.5193
939 4783 21.7625
940 3098 64.9663
940 5332 65.6883
940 5981 37.792
940 6031 101.048
941 1035 56.4905
941 1509 31.7825
941 2657 40.6527
941 4413 43.8736
942 3202 14.4506
942 3676 128.61
942 3843 51.1444
942 5797 51.6194
943 2302 35.2
943 2370 73.8015
944 1202 96.2871
944 2048 34.714
944 3034 50.3094
944 3390 25.8258
944 5122 43.0497
945 1495 84.1288
945 4173 93.6827
945 4794 57.2508
945 5135 59.7514
946 1240 26.5668
946 1686 29.5831
946 2740 41.6974
946 6069 36.5804
947 1242 23.6148
947 3102 44.6886
947 3522 60.724
947 3579 25.7719
948 5518 21.6976
948 5926 44.404
949 4902 87.9307
949 5175 128.304
949 5916 76.869
950 1300 70.0286
950 2622 54.9688
950 5347 92.3864
951 1040 18.9516
951 1603 68.1408
951 1864 84.7719
951 3805 21.1513
951 4958 50.2965
952 3403 61.8289
952 5506 40.9419
952 5541 69.0149
953 5715 80.9372
953 5961 81.2414
954 1015 90.2996
954 3703 121.405
955 1600 72.0069
955 1767 20.7355
955 2418 44.6273
955 3933 51.1812
955 4861 27.1607
956 1890 21.8464
956 3021 30.7967
956 6094 28.0047
957 2535 30.7988
958 5681 5.75416
959 3277 35.9467
959 3501 81.0549
959 5637 78.7458
960 1960 58.9984
960 4255 43.7931
960 5387 68.8737
961 1227 71.1411
961 3532 61.99
961 5240 123.377
962 1218 124.862
962 1434 58.3061
962 5086 87.537
962 5888 54.0137
963 3136 140.671
963 3338 68.2921
963 3505 108.269
963 3748 105.864
964 3752 43.6095
964 4019 38.7108
964 4490 41.3962
964 4988 28.5941
965 1006 75.9767
965 1690 69.0447
965 4660 50.5975
966 4943 39.1909
966 5723 81.8169
967 986 64.6928
967 3880 65.9818
967 4530 98.6129
967 5125 58.2299
968 1794 54.7103
968 2894 46.4172
968 3195 73.788
969 4421 22.8721
969 5016 74.0517
970 1591 54.4361
970 4048 21.8723
970 5405 78.6489
971 977 99.6519
971 1561 95.499
972 1290 65.0574
972 2980 75.1084
972 4724 106.251
973 1210 16.3071
973 5724 42.8552
974 2922 56.064
974 4295 49.5447
974 5442 90.1895
975 1398 44.4639
975 5633 38.7147
976 1516 27.2772
976 1518 86.1543
976 4280 77.9696
976 4645 71.0877
976 5380 12.3675
977 1473 13.0602
977 1561 8.44793
977 2091 60.5521
978 1319 42.1795
978 2618 63.1942
978 5959 31.3887
979 2593 17.7328
979 3141 8.30185
980 1145 62.6869
980 2196 92.4225
980 4710 54.0183
981 1648 29.5655
981 2820 51.887
981 3514 37.9412
981 4269 9.88216
982 1871 170.853
982 3915 92.2942
983 1444 74.6722
983 4002 23.3903
983 4250 73.176
983 6101 54.1067
984 2637 19.3758
984 3994 110.93
984 4858 42.7821
985 1925 30.8567
985 2540 16.4854
985 2987 18.2565
985 3481 26.0701
986 4284 26.1658
986 5253 43.9962
987 1360 64.5841
987 2159 109.574
987 4093 100.555
987 5663 70.6884
988 1409 147.878
988 1415 91.1548
988 5849 103.344
989 1959 30.8194
989 3967 83.3935
989 4104 69.7167
990 2763 50.4756
990 3452 64.429
991 2235 18.9583
991 3123 72.0451
991 4834 73.732
992 1676 30.2587
993 3563 63.0177
993 5693 27.1838
994 3436 7.15516
994 5685 55.2902
994 5945 58.0964
995 2178 34.041
995 2193 51.8893
995 3263 81.515
996 2521 72.1204
996 3609 17.6829
996 3668 30.0509
997 1174 76.2288
997 3403 88.1329
997 3744 79.6367
997 6071 55.0153
998 1184 59.7075
998 2354 80.3257
999 1431 64.711
999 4161 51.4543
1000 1267 35.2995
1000 1338 62.9297
1000 1339 94.43
1000 5780 81.6987
1000 6044 67.4286
1001 4899 55.3172
1001 5068 63.0624
1002 1523 15.2391
1002 2689 59.2596
1003 3207 80.6584
1003 3276 118.246
1004 1362 151.043
1004 2558 135.887
1004 5463 130.299
1005 4538 37.775
1005 6045 66.5919
1006 1690 30.4966
1006 5082 54.6583
1007 1278 47.4678
1007 1990 27.3876
1007 2872 30.1814
1008 1322 59.3316
1008 2611 42.8201
1008 5165 63.9192
1009 2129 16.3965
1009 4860 20.5202
1009 5542 49.7864
1010 1197 62.8426
1010 2563 19.0228
1010 4662 50.8131
1011 3561 115.994
1011 5028 126.846
1012 1427 43.1427
1012 2797 19.7791
1012 5203 71.2895
1013 2350 22.8457
1013 3206 14.5259
1013 5941 70.3383
1013 4801 53.912
1014 2543 49.6497
1014 3875 58.9897
1014 5034 78.8797
1015 1923 54.1799
1015 3703 44.343
1016 4499 94.0459
1016 4837 70.8672
1016 4879 104.05
1017 1401 22.9935
1017 1508 26.0216
1017 2428 47.0352
1017 4620 21.3909
1018 1128 77.5318
1018 4399 118.222
1018 5182 30.761
1019 2397 15.7298
1019 4708 72.4699
1019 5499 47.9331
1020 2928 43.1311
1020 3025 27.3979
1020 5660 55.9846
1021 4634 65.071
1021 5712 73.7006
1022 2031 41.1446
1022 5220 43.7277
1022 5232 97.5471
1022 5504 64.6548
1023 2231 83.619
1023 3019 57.9497
1023 4850 69.0898
1023 5206 90.3158
1024 2141 70.145
1024 2716 78.7733
1024 3675 68.6973
1024 4086 58.2961
1025 1776 88.5941
1025 2453 80.6378
1025 2521 66.7299
1025 3175 79.7423
1025 4015 95.3888
1025 4649 17.8288
1025 5494 44.8983
1026 1569 46.0913
1026 2493 32.8363
1026 3444 41.2221
1026 5999 35.1784
1027 1273 72.0969
1027 3301 114.536
1027 3528 141.083
1027 5155 69.2624
1028 3165 97.5904
1028 5053 74.0942
1029 1727 78.7569
1029 2361 76.863
1029 2733 88.5806
1030 3362 15.5014
1030 3534 51.4924
1030 4307 88.2194
1031 1165 48.392
1031 2221 61.031
1031 5366 20.6881
1032 2714 45.2786
1032 3295 15.5522
1032 5735 114.655
1033 1635 103.912
1033 1754 52.5827
1033 2830 107.309
1034 4344 68.7146
1034 4754 37.643
1035 4413 73.8036
1035 5965 41.1767
1036 3353 59.3721
1036 3770 97.7395
1036 5621 72.341
1037 1101 53.2692
1037 3480 53.7603
1038 1224 51.9143
1038 1599 43.0681
1038 4397 47.0675
1038 4817 54.0604
1039 1564 31.8554
1039 3558 20.5376
1040 3805 18.5592
1040 4958 47.8185
1041 4347 32.4113
1041 4420 58.2549
1041 4700 60.1919
1041 4911 46.0173
1042 1381 26.6339
1042 1437 34.4397
1042 2229 57.0758
1042 2401 43.2726
1042 4326 66.5137
1043 2842 9.07153
1043 3212 32.2976
1043 6057 62.1239
1044 1356 93.9239
1044 1372 55.8085
1045 3815 48.8569
1045 4272 19.6108
1045 5967 77.6111
1046 1714 12.0504
1046 2416 92.1096
1046 5223 48.7496
1047 1222 89.0125
1047 4129 130.331
1048 1622 16.6816
1048 3500 54.0661
1048 4446 62.2022
1048 5337 50.2625
1048 5719 85.3514
1049 2110 97.7864
1049 4821 119.369
1049 5238 81.9298
1050 1233 34.2674
1050 4182 43.0104
1050 4319 49.4372
1050 4789 37.5352
1051 1204 52.3266
1051 5217 63.0908
1052 1386 70.2734
1052 1426 18.0959
1052 2389 55.1181
1052 3549 87.4255
1053 4171 48.3171
1053 4423 40.8815
1053 4768 45.4544
1054 1183 44.3407
1054 3524 37.0775
1054 4731 46.0881
1055 2932 157.54
1055 3248 91.5282
1055 4518 136.7
1055 5373 69.1325
1056 1157 86.2522
1056 2734 52.6528
1056 3280 109.187
1056 3624 40.7333
1056 4123 59.7024
1057 1953 70.2945
1057 4624 108.687
1057 5809 86.7929
1058 1758 108.866
1058 2396 128.177
1058 3630 104.663
1059 1592 86.292
1059 2034 92.3417
1059 2961 29.6917
1059 5928 83.2961
1060 2135 58.6267
1060 4301 28.1946
1060 4338 45.7304
1061 2189 66.2809
1061 2304 63.068
1061 4859 30.8142
1062 1351 77.3966
1062 2814 77.9075
1062 3936 49.7134
1063 1738 66.451
1063 2164 34.44
1063 3934 52.7074
1063 4531 38.9443
1064 2676 80.6428
1064 5302 94.7526
1064 5591 43.3978
1065 1494 38.0722
1065 1627 48.2399
1065 3689 28.8037
1065 4074 54.6198
1065 4296 29.7634
1066 2102 110.686
1066 2831 62.9164
1066 5029 63.6588
1066 5136 52.7864
1067 3279 33.3877
1067 4287 70.257
1068 1559 24.2367
1068 3644 92.4868
1068 3932 53.1744
1068 5895 47.302
1069 2607 44.1354
1069 4619 45.9621
1070 1332 58.7444
1070 2250 96.2848
1070 2526 54.5119
1070 3476 50.2515
1070 4755 75.5882
1071 2848 62.4328
1071 4084 118.017
1071 5632 32.859
1072 1197 28.1052
1072 2955 98.2735
1072 5908 19.4591
1073 4304 27.2595
1073 5310 84.428
1073 5824 9.64794
1074 2665 104.421
1074 4251 68.2614
1074 4965 44.804
1075 2451 96.5976
1075 4770 65.3299
1075 5159 69.0108
1075 5856 46.5131
1076 2079 44.3589
1076 2521 69.6428
1076 4802 32.0712
1077 1683 34.1496
1077 2863 66.4441
1077 4236 54.1378
1077 5268 109.381
1077 5794 57.4794
1078 1573 46.6052
1078 3990 56.9583
1078 4286 4.51843
1078 5027 37.8093
1079 1988 27.2538
1079 4845 8.34959
1079 5900 41.0221
1080 2204 32.6318
1080 6064 75.3949
1081 2254 107.077
1081 2864 110.909
1082 2327 31.3051
1082 5147 17.4499
1082 5558 113.454
1083 1190 68.1375
1083 3016 132.584
1083 5069 65.0753
1084 2878 74.8974
1084 3131 29.2521
1084 4300 100.371
1084 4410 54.1616
1084 4507 27.4503
1085 1503 55.6408
1085 4221 61.8875
1085 5113 6.46826
1086 3536 36.5431
1086 3881 61.4027
1086 4026 39.4378
1087 1849 4.60255
1087 3828 131.174
1087 4973 37.8571
1087 5324 51.3683
1088 1192 10.3221
1088 5106 52.1581
1089 1307 94.6315
1089 2341 97.9658
1089 4890 71.2287
1089 5725 60.1861
1090 1306 19.9006
1090 4574 67.9962
1090 5763 87.0522
1091 3307 46.8268
1091 3773 25.6458
1091 3961 82.4574
1092 2018 55.3292
1092 3976 27.53
1092 4578 53.8588
1093 1546 146.254
1093 2767 149.293
1093 3774 170.68
1094 1343 71.0228
1094 1815 58.5751
1095 2352 94.7328
1095 2671 77.0568
1095 4556 47.7467
1096 1840 45.3273
1096 5608 56.8771
1097 2129 85.6131
1097 2152 43.4948
1097 4207 103.444
1098 3259 71.4521
1098 4653 41.3185
1098 5891 32.5592
1099 1538 46.081
1099 4021 47.3123
1099 4038 72.542
1099 6016 69.5647
1100 1592 13.2534
1100 5096 86.0362
1100 5928 23.5062
1101 4620 48.2937
1101 6032 20.1824
1102 1297 105.794
1102 1949 66.3434
1102 4945 64.2025
1103 2879 18.0889
1103 5841 67.7317
1103 6074 93.8696
1104 1629 46.9026
1104 4884 79.2972
1104 5700 43.8122
1104 5870 56.3348
1105 1370 63.6244
1105 3176 21.5163
1105 4368 102.759
1105 6023 32.076
1106 2490 106.695
1106 3343 70.8559
1106 3758 48.779
1107 2965 82.6054
1107 3254 10.8246
1107 4379 66.951
1107 4628 23.3683
1108 2367 67.9907
1108 2967 88.8358
1108 3344 14.5357
1108 5324 50.1439
1109 2885 54.4884
1109 3537 35.8731
1109 5260 32.9221
1109 5964 68.9673
1110 1698 29.5421
1110 1879 14.6125
1110 5618 52.4872
1110 5697 41.1276
1111 2403 78.8055
1111 3076 65.0014
1111 4395 100.757
1111 4565 55.52
1112 2143 42.2574
1112 3541 101.61
1112 5703 74.219
1112 6050 53.6546
1113 2055 96.5008
1113 4874 32.2789
1114 1465 79.2804
1114 4077 71.8587
1114 5831 70.5463
1115 4267 8.89531
1115 5208 69.7653
1115 5500 18.1082
1116 1144 78.1231
1116 2052 110.041
1116 2234 68.3708
1116 4187 19.1997
1117 2511 86.2816
1117 4247 62.7067
1118 2939 49.814
1118 4851 85.5521
1118 5325 28.6329
1119 1571 41.26
1119 4926 60.4801
1120 3246 55.0167
1121 2056 81.7718
1121 2168 134.203
1121 2419 66.2569
1121 3364 79.9398
1121 5691 70.5775
1122 1851 87.9253
1122 4459 47.7226
1122 5906 114.402
1123 1488 23.9543
1123 5865 55.244
1124 1578 74.7474
1124 1946 21.5004
1124 3055 75.723
1125 1648 73.7528
1125 3089 45.5636
1125 5140 5.9041
1126 1686 55.1402
1126 2868 59.035
1126 5341 19.4455
1127 4314 41.6467
1127 5516 95.6658
1128 2417 51.0311
1128 4399 68.1143
1128 5182 77.4104
1129 1441 72.3279
1129 2927 89.4936
1129 4564 63.8221
1130 1571 130.665
1130 1930 65.5587
1130 4749 64.8124
1131 1971 47.8517
1131 5001 18.3746
1131 5518 33.7798
1132 1814 68.2064
1132 2244 68.198
1132 5159 75.8198
1133 3228 54.7248
1133 3801 18.0302
1134 3237 70.1327
1134 3670 65.0251
1134 5532 102.029
1135 4803 43.1092
1136 1964 26.7866
1136 3146 50.0009
1136 4131 74.2429
1137 1707 23.9324
1137 2039 21.2
1137 3994 77.4638
1138 1271 48.612
1138 1895 21.9304
1138 4115 72.6341
1139 2536 78.7526
1139 3627 67.4607
1139 3973 33.6961
1140 1861 98.6928
1140 1978 73.031
1140 3057 61.8811
1141 2994 58.2774
1141 5288 48.4171
1141 5710 5.16397
1142 1208 88.3746
1142 2279 12.5983
1142 4892 22.8434
1143 2324 9.18742
1143 4166 17.2289
1143 5580 49.4915
1144 4187 105.995
1144 4391 61.2375
1145 4710 51.6648
1145 5938 102.028
1146 5575 84.1104
1147 1765 50.7222
1147 1989 52.9758
1147 2862 68.9124
1148 3667 12.2951
1148 3671 82.0031
1148 5121 102.315
1148 5767 70.0664
1149 3064 16.7226
1149 3588 42.5469
1149 4377 38.1882
1150 3971 45.6015
1150 4068 50.1529
1150 4407 41.4565
1150 5728 59.4762
1151 1604 65.7039
1151 1827 54.6018
1151 2198 78.1659
1151 3886 51.2847
1151 4633 52.329
1152 1449 95.781
1152 3525 34.9354
1152 3755 38.9878
1153 4828 46.1381
1153 5296 49.8347
1154 3821 71.6923
1154 4092 19.7613
1154 4674 41.5624
1154 5360 62.2068
1155 1777 53.383
1155 1811 51.6887
1155 2857 84.213
1156 5202 45.1169
1156 5513 48.0357
1157 1671 86.8824
1157 2734 39.687
1158 4018 81.7337
1159 1242 33.6946
1159 2950 49.6442
1159 3569 44.8979
1159 6098 50.5087
1160 2112 90.1442
1160 2117 76.2406
1160 5201 51.032
1160 5748 101.971
1161 2374 98.3587
1161 2649 70.7077
1161 2715 74.5815
1162 3870 85.7547
1162 5117 52.9287
1162 5194 38.4686
1163 2452 83.2405
1164 2673 79.6637
1164 4471 111.661
1164 5320 65.1423
1164 5356 77.6673
1164 6065 43.2582
1165 1394 54.0937
1165 5366 27.7614
1165 5511 44.5011
1166 1270 46.624
1166 3357 97.6815
1166 3920 43.1622
1166 4886 74.6553
1167 4666 54.1814
1167 4951 20.4009
1167 5970 47.1712
1168 1716 35.4045
1168 3702 80.7958
1168 4007 92.2599
1169 3012 61.0915
1169 3405 32.9389
1169 5389 27.3328
1170 1927 58.2144
1170 3136 98.7466
1170 3505 42.7157
1170 5300 49.2189
1171 1600 70.6561
1171 2522 70.6829
1171 2794 83.0378
1172 2101 73.6439
1172 4012 96.9629
1172 5039 42.7338
1172 5616 70.7697
1173 3217 46.6173
1173 4627 40.1212
1173 5484 120.496
1174 1364 41.8452
1174 5002 73.9701
1174 6071 72.3654
1175 4051 5.04253
1175 4406 23.7076
1176 3683 56.1504
1176 4025 14.6473
1176 4966 14.8929
1177 3762 98.5817
1177 4224 44.3178
1177 4760 77.0179
1178 1810 50.3483
1178 5566 140.834
1179 1469 119.668
1179 3948 27.9727
1179 5889 28.0997
1180 4512 85.6661
1181 3456 77.3925
1181 4374 46.2897
1181 5986 61.3744
1182 1229 76.498
1182 1972 50.246
1182 5311 51.0209
1183 4265 71.6209
1183 5622 83.2808
1184 2660 59.1662
1185 1286 83.9591
1185 2357 69.1877
1185 2697 74.3166
1186 3198 36.9622
1186 3944 56.0053
1186 4336 88.8591
1186 5444 21.33
1187 1201 19.1113
1187 1705 57.7563
1187 3245 3.59342
1187 3746 50.8624
1187 4447 59.2664
1188 3214 75.3347
1188 3270 121.559
1189 2860 49.1142
1189 3589 12.6512
1189 4376 22.3348
1189 5974 26.0406
1190 3016 13.7978
1190 4925 59.5996
1190 5069 9.05044
1191 2772 92.9937
1191 4904 86.4653
1191 5328 88.5445
1192 5106 86.6571
1193 3218 112.063
1193 4168 89.238
1193 4968 84.2165
1194 2746 73.1994
1194 3133 45.5908
1194 3452 54.7357
1195 1899 27.9753
1195 3518 56.4762
1195 4586 46.7312
1195 5364 15.1734
1196 3238 98.7608
1196 5231 75.6514
1197 2563 55.6101
1197 4662 56.7041
1197 5908 60.6452
1198 3102 49.1378
1198 5638 60.6529
1199 2713 26.3566
1199 3399 56.3639
1199 4396 82.3095
1199 4947 38.355
1200 1507 98.1321
1200 2698 83.1796
1200 3087 125.9
1200 5642 88.6889
1201 3245 18.0113
1201 3746 52.6064
1201 4870 127.805
1202 2341 59.4228
1202 3390 79.7606
1203 1367 43.0092
1203 3154 43.4747
1203 4936 32.8293
1204 4060 150.163
1205 1647 43.5205
1205 3468 23.7475
1205 3496 73.8156
1205 3674 27.1
1205 4360 67.306
1206 3983 50.3687
1206 5390 58.3445
1207 1677 26.3783
1207 2946 20.4312
1207 3486 39.2775
1208 1414 58.088
1208 2050 27.1632
1208 2279 116.653
1208 4892 76.1334
1208 5783 54.6897
1209 1791 68.2995
1209 2218 61.7257
1210 5724 37.618
1211 2411 72.1795
1211 2958 60.0672
1211 4228 110.667
1212 2761 19.042
1212 2956 25.1862
1212 4453 59.8195
1212 5074 47.0091
1213 3149 39.5106
1213 4261 108.21
1214 2387 37.4311
1214 3854 65.0416
1214 4520 23.4174
1214 6026 71.5964
1215 1595 111.125
1215 3094 89.632
1215 5818 48.9412
1216 1813 78.7846
1216 3226 73.6407
1216 3847 15.9621
1216 4302 100.261
1217 1237 40.6839
1217 2355 17.4393
1217 4240 88.0114
1218 4343 129.946
1218 5888 128.04
1219 2836 103.939
1219 4835 18.2958
1219 5745 90.4657
1220 2030 22.4482
1220 2777 68.5108
1220 4791 54.9205
1221 4251 46.995
1221 5451 83.9462
1221 5513 67.1796
1222 1358 47.8515
1222 2182 70.2197
1222 2436 74.4264
1223 1520 31.2827
1223 2432 94.6094
1223 5192 58.2225
1224 1599 24.0294
1224 4397 65.1686
1224 4817 30.7153
1225 1927 32.1191
1225 3024 85.9591
1225 3505 83.3597
1225 5300 40.0928
1226 4762 78.6951
1226 4910 98.5491
1226 5227 44.6948
1227 1447 130.521
1227 2396 61.1386
1227 3532 62.7706
1227 5240 40.3378
1228 2469 82.2064
1229 5311 102.56
1229 6010 68.1398
1230 1743 16.5005
1230 1912 21.4994
1230 2710 92.3771
1230 2919 12.8859
1230 3191 102.134
1231 2321 102.149
1231 3060 60.164
1231 4215 26.1267
1231 5759 29.9857
1232 2410 81.6504
1232 2647 28.8877
1232 4676 74.5837
1233 1801 24.4627
1233 3802 63.8993
1233 4319 24.3213
1234 1389 76.71
1234 1701 37.0595
1234 4055 55.9257
1234 4369 108.109
1235 4079 40.4491
1235 4545 49.6105
1236 2547 69.1231
1236 2893 102.62
1236 3640 34.753
1236 5606 60.9038
1237 2355 67.6057
1237 4701 71.5739
1237 5603 74.3836
1238 4456 35.6097
1238 5501 57.3178
1238 5653 49.1892
1239 4046 130.32
1239 5825 88.5673
1240 2639 19.5294
1241 2722 25.7568
1241 3285 56.1136
1241 3437 73.5682
1242 3579 41.3669
1242 6098 76.0458
1243 1824 65.215
1243 2060 76.1867
1243 2947 97.4669
1243 3328 95.5056
1243 4310 87.6581
1245 4116 54.9248
1245 4274 56.6925
1245 4989 50.6104
1246 2633 89.7758
1246 2998 115.951
1247 1287 46.8941
1247 1754 38.1505
1247 4634 51.0405
1247 5712 71.1332
1248 2923 28.4858
1248 3722 76.9036
1248 5912 140.03
1249 3160 20.8781
1249 3836 117.759
1249 5102 55.8628
1249 5228 24.3659
1250 1726 49.614
1250 3247 91.5007
1250 5665 62.1012
1251 1997 4.0086
1251 2069 60.8746
1251 3339 96.5594
1252 1873 80.4248
1252 2331 61.0583
1252 3283 41.4992
1252 4071 78.9232
1253 2846 32.977
1253 3658 16.1397
1253 4252 18.955
1254 1446 24.1392
1254 5087 49.8428
1255 2787 51.0537
1255 3261 96.9226
1256 2257 83.9775
1256 2792 87.4208
1256 4934 80.0097
1257 1440 27.3014
1257 2476 83.6896
1257 2995 106.007
1258 1507 43.0569
1258 1760 83.5582
1258 5887 25.8795
1259 3697 35.6301
1259 5578 51.3852
1260 1366 22.4271
1260 5040 88.5705
1261 3838 74.2662
1261 4463 62.6561
1262 1709 72.7394
1262 3148 75.954
1262 3765 32.9161
1263 4095 67.3595
1263 4723 84.9558
1263 5756 19.9382
1264 1382 53.7445
1264 5598 38.1226
1264 5698 62.2123
1265 1496 10.0844
1265 3329 15.7281
1265 5266 21.2141
1266 2402 60.3503
1266 3095 93.1669
1266 3239 84.7758
1266 3527 69.7285
1266 4935 72.1744
1266 5893 65.0922
1267 1338 76.1668
1267 4521 51.1602
1267 6044 36.2405
1268 3155 17.4806
1268 5241 75.4398
1269 2851 100.156
1269 3214 29.4381
1269 4399 76.0148
1269 4557 30.6687
1269 4774 44.5487
1270 3357 37.2093
1270 3498 77.7767
1271 1895 17.953
1271 3468 54.5835
1271 3674 60.0636
1271 4115 47.1496
1272 1953 151.684
1272 2565 37.8479
1272 2901 19.2194
1273 1350 54.4889
1273 2452 46.201
1274 3510 59.4072
1275 4942 88.8733
1275 6062 79.6955
1276 3373 75.2725
1276 4539 59.7365
1277 3013 66.3243
1277 3733 29.2777
1277 4706 52.8774
1278 1990 62.2572
1278 3142 59.9481
1279 2569 88.1499
1279 3986 68.5682
1279 5958 56.6283
1280 2005 59.3514
1280 5050 62.0317
1281 2808 111.594
1281 4034 68.8438
1281 4235 57.5566
1282 2058 86.7813
1282 3139 46.4231
1282 4680 23.8074
1283 1568 61.9155
1283 2776 39.722
1283 4435 45.1604
1283 4560 39.3102
1283 4955 53.7272
1284 1668 16.9661
1284 3199 46.4835
1284 3737 55.9217
1284 4441 50.9236
1285 2001 53.0544
1285 2388 72.7111
1285 2744 67.7972
1285 5095 46.0699
1285 5552 60.2226
1286 1467 72.8244
1286 2697 65.3361
1286 3216 67.7409
1286 3509 51.4722
1286 4457 22.9019
1287 4634 63.5792
1288 3601 97.1498
1289 2771 18.761
1289 3488 127.218
1289 4288 10.1887
1289 5160 35.2094
1290 2778 67.8523
1290 2980 36.8003
1290 4724 51.1109
1291 1760 54.9747
1291 2394 24.49
1292 1335 34.6618
1292 1420 14.9849
1292 5886 68.1683
1293 2054 84.8493
1293 2568 50.7317
1293 2967 27.4966
1293 3642 76.0775
1294 3856 47.8689
1294 5288 45.7633
1294 5682 27.304
1295 1595 71.7372
1295 2215 90.9925
1295 5628 82.8059
1296 2270 17.0016
1296 4554 22.7822
1297 2115 85.2685
1297 3668 108.46
1297 4061 38.8857
1298 2636 45.4488
1298 2641 29.6415
1298 4315 111.339
1299 3745 14.8375
1299 4378 36.5677
1299 4558 140.183
1299 5808 17.7686
1299 5976 45.5273
1300 2370 104.226
1301 3650 54.1958
1301 5753 37.2564
1302 5284 84.2744
1302 5491 57.6724
1303 2032 62.3941
1303 2361 64.2879
1303 2733 28.4432
1303 3433 21.5958
1303 3709 93.0299
1304 1339 117.968
1304 4546 119.896
1304 5780 61.9528
1305 3404 51.7701
1305 3772 36.0619
1305 4418 38.4732
1306 4514 45.1132
1306 4574 88.5926
1306 5763 52.1987
1307 3663 59.9905
1307 5656 54.0959
1308 1501 35.9037
1308 2446 61.2338
1309 3808 67.0971
1309 4574 61.8947
1309 5058 75.3464
1310 1478 110.137
1310 5222 108.264
1311 3262 53.5947
1311 3310 31.4751
1311 4189 67.1736
1311 5407 47.469
1312 2286 25.5058
1312 2619 32.0704
1312 3970 48.6425
1312 4314 65.484
1313 1430 55.8675
1313 4862 72.6507
1313 5413 21.0225
1314 1465 87.7671
1314 3504 58.5548
1314 3910 37.1888
1315 2191 40.2003
1315 2724 98.6828
1315 4035 6.32842
1316 1770 67.1578
1316 2454 78.4819
1316 3790 17.4974
1316 6088 17.8572
1317 1898 74.2696
1317 3204 95.036
1317 3610 99.6081
1318 3265 66.9234
1318 3418 100.801
1318 4069 80.0201
1318 5352 71.8905
1319 2618 83.8695
1319 5144 39.239
1319 5198 76.4351
1319 5959 45.2625
1320 2501 23.6032
1320 5702 35.9969
1321 2300 40.9615
1321 2460 85.8356
1321 2638 54.7024
1321 5426 13.7858
1321 6033 119.347
1322 2611 33.2339
1322 2759 9.05052
1322 3073 21.3032
1323 1548 39.571
1323 3582 49.6872
1323 4082 38.5357
1323 5857 40.3439
1324 3420 104.443
1324 4595 111.366
1325 5297 44.5756
1325 6047 21.8038
1326 1347 63.4419
1326 1598 57.9499
1326 5590 78.3123
1326 6048 19.1061
1327 1826 67.6416
1327 3988 46.0837
1328 1605 82.7931
1328 1914 100.052
1328 2099 62.7494
1329 2694 36.4073
1329 3814 59.3686
1329 4101 73.6921
1330 1725 41.0952
1330 3817 16.4611
1330 4165 72.1887
1331 2869 91.4474
1331 3615 72.928
1331 3780 42.4598
1331 4359 27.3089
1332 2250 62.468
1332 2526 123.131
1333 2314 49.5269
1333 2826 23.843
1333 4408 89.4502
1333 4678 32.3986
1334 3324 32.4085
1334 4677 13.8495
1335 1420 53.4422
1335 2183 85.1658
1336 1818 42.1711
1336 1954 75.3553
1336 2545 60.175
1337 4724 71.1704
1337 5754 38.9397
1337 6027 98.3602
1337 6060 38.8824
1338 4521 39.9596
1339 4090 46.6241
1339 4546 72.2491
1339 5780 49.6494
1339 6044 67.244
1340 2451 67.113
1340 4793 47.9528
1340 5587 90.7021
1341 3533 54.4211
1341 3761 31.0907
1341 4121 94.3244
1341 5659 103.424
1342 3786 34.686
1342 3979 18.7267
1342 4430 43.0772
1343 1423 82.9551
1343 1815 36.9615
1344 1736 42.591
1344 2588 47.6698
1345 3242 32.4449
1345 4334 67.2738
1346 4503 30.7153
1346 5314 101.797
1347 1598 26.917
1347 5590 57.2551
1348 3688 34.922
1348 4807 50.0978
1348 5816 57.4889
1349 2546 57.2834
1349 3006 61.9024
1349 4380 68.0817
1349 4560 66.4306
1349 5334 59.9134
1349 5668 33.9323
1350 1980 87.9777
1350 2452 52.5411
1351 2097 62.1778
1351 2814 50.1087
1351 4580 53.4832
1352 1357 55.1778
1352 1456 44.2281
1352 4099 38.2385
1352 4113 68.6618
1352 5629 31.3351
1353 1866 14.4137
1353 1993 41.4964
1353 3485 34.1269
1354 2808 77.6309
1354 4451 63.7992
1354 5361 79.3809
1355 2085 80.8442
1355 4164 46.2083
1355 5533 22.3801
1356 1372 104.687
1356 1979 100.76
1356 5020 39.8882
1357 2413 42.0999
1357 4099 2.21485
1358 2182 54.193
1358 2436 41.6528
1358 3364 66.3315
1358 5938 83.8704
1359 2271 54.9723
1359 2517 103.025
1359 3556 45.1858
1360 2159 51.0836
1360 2960 34.4166
1360 5663 63.7436
1361 1504 32.9491
1361 2789 75.2357
1361 4219 71.7851
1361 6029 83.6608
1362 3458 124.476
1363 1695 53.3073
1363 2162 93.0773
1365 1515 74.0884
1365 2222 37.2747
1365 5423 85.6105
1366 5040 52.2659
1367 3154 14.0915
1367 5587 56.7233
1368 1982 82.0433
1368 2224 32.9225
1368 2838 55.1531
1369 2143 48.9229
1369 2429 18.0937
1369 2463 26.295
1369 4746 60.4257
1369 5550 41.6954
1370 3176 44.5771
1370 4368 32.3134
1371 4727 42.3747
1371 5166 49.0692
1371 5492 8.95074
1373 2207 77.314
1373 2855 55.4301
1373 3965 21.5642
1373 4268 17.9107
1373 5842 91.2913
1374 2247 72.3306
1374 3045 69.0784
1375 2167 22.7363
1375 5026 26.2256
1375 5651 44.4226
1376 2264 61.0922
1376 3572 43.0597
1376 5167 18.3611
1377 2335 78.5514
1377 5061 80.0045
1377 6049 126.47
1378 3235 44.3286
1378 3621 24.4903
1378 4009 45.648
1380 2040 32.7069
1380 2103 47.3111
1380 4937 65.1184
1381 1437 20.5516
1381 2401 61.3185
1381 4174 72.141
1382 5059 67.5834
1382 5598 53.1656
1383 2615 75.2296
1383 4619 61.2589
1383 5955 32.8357
1384 2177 34.1994
1384 2553 38.7499
1385 2276 41.8362
1385 2718 39.2307
1385 4563 72.3524
1385 4778 68.3344
1385 5009 40.9475
1385 6106 80.7064
1386 1426 33.0913
1386 2389 11.4454
1386 3549 55.1097
1387 2886 76.7363
1387 4687 88.0136
1387 5791 33.7377
1388 2959 114.783
1388 4863 36.7748
1388 5272 40.6694
1388 5923 66.7765
1389 1701 89.4328
1389 3726 32.956
1389 5180 36.3119
1389 5485 44.1894
1390 1440 101.848
1390 2156 50.4024
1390 2995 59.7717
1390 5803 93.0434
1391 1926 75.8672
1391 2382 43.6233
1391 4881 39.6288
1392 3143 129.571
1392 3225 53.7261
1392 4176 27.6101
1393 1484 44.8832
1393 2644 80.3906
1393 5694 69.5912
1394 5511 23.3516
1395 4467 89.2152
1396 1491 57.0148
1397 2679 74.0115
1397 3172 69.3139
1397 4289 64.2402
1398 3441 108.153
1398 5371 148.494
1398 5633 80.3034
1399 2711 28.0392
1399 4852 82.3682
1400 3200 13.8947
1400 3460 55.4391
1400 4365 29.681
1401 1508 11.2408
1401 2428 28.9291
1401 4620 19.5274
1401 6032 30.5603
1402 3861 72.9556
1402 4856 34.9841
1402 5077 39.1788
1402 5350 56.6872
1403 3692 68.6578
1403 4206 74.7109
1403 5592 62.8758
1404 1413 68.9111
1404 1541 22.1436
1404 3844 26.1907
1405 2476 95.854
1405 2725 84.6284
1405 4660 51.7641
1405 5082 69.5228
1406 3269 77.3606
1406 5647 10.7232
1406 6008 101.696
1407 3421 41.154
1408 1902 73.8315
1408 2224 108.422
1408 5844 67.8572
1408 5868 44.9987
1409 1430 40.6153
1409 5441 66.8557
1409 5789 30.5757
1410 1841 49.4089
1410 2976 23.398
1410 5319 54.6674
1411 2929 29.1612
1411 3919 44.8558
1412 2140 77.5878
1412 3081 73.0054
1412 5435 56.7044
1413 1541 91.7778
1413 2918 29.9127
1413 3844 63.3443
1413 4292 122.902
1414 2050 90.9469
1414 5783 47.7063
1415 3429 58.1344
1415 4083 39.8116
1415 4220 105.432
1415 5849 4.88813
1416 3447 65.6339
1416 3623 94.8847
1416 4543 38.8466
1417 4391 108.042
1417 5819 78.5673
1417 5896 70.7701
1418 4009 62.8989
1418 4171 46.6321
1418 5718 13.7864
1419 1704 43.1755
1419 3153 54.6082
1419 3555 23.3452
1419 4626 87.5804
1420 5886 43.2594
1421 2551 147.166
1421 2786 67.7435
1421 3513 57.1645
1422 3609 70.882
1422 4015 62.9392
1422 5229 56.195
1423 4672 33.4486
1423 5821 77.0861
1423 5946 44.3503
1424 2915 55.897
1424 3576 62.9212
1424 4105 74.8271
1424 4806 64.9946
1425 2924 57.5044
1425 5452 19.3926
1426 2389 43.4408
1427 2797 60.4422
1427 5235 74.2337
1428 1496 60.1074
1428 3182 68.5476
1428 3329 52.9436
1428 5898 41.3385
1429 3484 36.3332
1429 4315 40.3521
1429 4508 62.2571
1429 5894 95.815
1430 5413 63.9846
1430 5789 19.4292
1431 3565 71.4435
1431 4003 28.1055
1432 2268 46.4584
1432 2342 100.323
1432 3787 72.481
1432 5557 12.916
1432 5902 23.7051
1433 1498 29.6278
1433 4393 90.1774
1433 5137 37.8684
1434 4509 33.9766
1434 5086 7.50652
1434 5888 26.3357
1435 2390 90.7533
1435 4033 94.3715
1435 4527 67.9793
1436 5203 67.4219
1437 2145 81.4263
1437 2401 76.8923
1437 4174 62.162
1438 3435 77.2163
1438 5362 72.2232
1439 1723 65.6119
1439 1773 53.4994
1439 1850 9.93321
1439 3226 68.3567
1440 2156 125.701
1440 2995 69.3227
1441 3641 50.7055
1441 5484 105.647
1442 1783 49.3419
1442 3550 65.645
1443 2652 63.9311
1443 3382 21.2723
1443 3769 25.6957
1444 2486 50.6
1444 4002 65.3527
1444 4250 62.0514
1445 1563 88.9119
1445 2768 50.1601
1445 3120 70.382
1445 3449 66.6759
1445 6084 23.7059
1446 3899 62.3241
1446 5087 48.5158
1446 6002 61.8715
1447 1875 138.755
1448 2683 33.4298
1448 4504 40.2689
1448 6024 68.7603
1449 3525 81.8591
1449 5992 73.5835
1450 1836 140.105
1450 2631 131.027
1450 3227 76.4394
1451 1607 31.8186
1451 1877 90.9083
1452 2171 209.754
1452 2492 25.3357
1453 1597 75.8475
1453 2779 86.3165
1453 4040 40.8054
1453 4981 20.5953
1454 2001 92.4861
1454 3717 45.8524
1454 5095 74.4778
1455 2975 77.8813
1455 3053 75.9436
1455 3407 83.1052
1455 4356 36.4194
1455 5221 48.3746
1456 3853 33.6637
1456 5629 24.2628
1457 2441 119.534
1457 4686 109.593
1457 4855 15.2388
1458 4204 82.9701
1458 4959 78.9122
1458 5539 55.3957
1458 5597 81.9176
1458 5630 97.7291
1459 3735 45.9092
1460 3103 77.4278
1460 4285 83.0326
1460 4744 132.62
1461 1920 105.508
1461 3695 84.4519
1461 4915 78.2543
1462 2829 45.1031
1462 4132 25.8488
1462 5975 61.7673
1463 1615 34.2291
1463 2903 37.8514
1464 1944 28.8865
1464 3720 50.5429
1465 3504 53.166
1465 3910 35.9553
1466 1970 91.6471
1466 3595 52.9852
1467 3216 73.0815
1467 4457 67.3089
1468 1643 91.1124
1468 3291 51.2743
1468 5510 77.6598
1469 3942 92.178
1469 6096 31.124
1470 3051 23.6771
1470 4240 64.9585
1470 4688 55.4736
1470 5603 45.1202
1471 3583 66.1417
1471 3866 44.0185
1471 4897 40.4919
1472 3410 68.268
1472 5447 95.8623
1472 5949 23.3167
1473 1561 9.16077
1473 1822 69.515
1474 1880 6.69399
1474 4703 63.3925
1474 5185 41.8102
1475 2780 85.9244
1475 2796 65.2591
1475 5081 74.5014
1476 1788 128.597
1476 2237 50.2859
1476 4145 11.0804
1476 5456 80.8515
1476 6051 55.6818
1477 2505 94.5065
1477 3984 78.8478
1477 4629 68.5636
1479 1509 45.7247
1479 2016 41.5044
1479 4282 59.394
1479 4448 69.3365
1480 2566 55.5485
1480 3126 83.8843
1480 5476 60.8521
1481 1589 18.9306
1481 2497 28.3563
1481 5973 3.79086
1482 2845 80.7023
1482 4956 81.1906
1482 5526 129.436
1483 3311 13.7995
1483 5914 105.38
1484 2644 47.5053
1485 2425 54.4949
1485 3778 12.1042
1485 4169 89.8548
1486 2369 37.5625
1486 2930 63.8969
1487 1854 48.4813
1487 2219 26.3622
1488 1689 107.226
1488 4155 72.5453
1489 2312 30.8034
1489 3647 8.0425
1489 4931 36.3003
1489 5312 32.4709
1490 2078 81.9115
1490 2263 96.1021
1490 4636 188.353
1490 5848 59.6574
1491 3802 63.9499
1492 2585 40.6158
1492 3512 74.9584
1492 3908 45.5658
1492 4072 107.476
1493 3202 93.4067
1493 3215 73.499
1493 3676 49.2744
1494 1627 67.71
1494 3689 45.5541
1494 4296 40.4358
1495 1908 142.268
1495 3339 109.77
1495 5135 113.842
1496 3118 31.0917
1496 3329 21.2233
1496 5266 19.1167
1497 2101 49.3029
1497 2347 12.5137
1497 3491 53.9661
1497 3570 18.794
1498 3792 46.4927
1498 4393 48.2849
1498 5137 44.4856
1498 5338 39.4041
1499 2433 28.2858
1499 2754 73.8151
1499 4223 77.818
1499 4810 49.7493
1500 2363 66.4833
1500 2480 57.0577
1500 3759 75.7534
1501 2446 27.2051
1502 3071 99.5197
1502 5463 99.0441
1503 5113 37.8818
1504 2789 51.9662
1504 5255 83.7543
1505 2606 59.547
1505 3969 77.3746
1505 4062 122.231
1505 4880 87.8777
1505 5505 53.4916
1506 4873 16.1461
1506 4957 69.172
1506 5990 76.0344
1507 4804 61.048
1507 5887 47.3079
1508 2428 23.0815
1509 2016 64.8743
1509 2657 43.4666
1509 4282 98.4127
1510 2092 60.3062
1510 4821 93.504
1510 4984 50.5824
1511 1682 58.2724
1511 2951 43.8873
1511 4950 60.4672
1512 2471 34.338
1512 2735 25.4056
1512 3048 71.2487
1513 3794 23.7409
1513 3853 65.7449
1513 5932 36.6965
1514 3425 42.0051
1514 5749 88.1722
1515 3635 7.92893
1515 4679 29.9661
1515 5326 35.6341
1516 4280 68.3496
1516 5380 15.0447
1516 5620 114.393
1517 2317 81.1754
1517 3116 5.34175
1517 3221 39.9671
1518 4402 86.0101
1518 4645 82.4375
1518 5380 87.4356
1519 1806 80.5013
1519 2609 77.7465
1519 3400 58.7542
1519 4523 23.8849
1519 5987 87.2512
1520 2432 78.562
1520 5192 35.284
1521 2238 10.9864
1521 2343 33.5574
1521 2559 70.956
1521 3201 28.9893
1521 4644 67.1217
1522 2799 35.6022
1522 4995 38.78
1522 5188 52.2844
1523 2689 43.0326
1524 2940 39.7734
1524 3963 68.3336
1525 4571 62.6377
1525 6041 41.2764
1526 2009 49.3957
1526 3309 83.6541
1526 5676 113.698
1527 2236 130.061
1527 5204 44.7471
1527 5601 42.9799
1528 2205 63.6804
1529 2404 64.3146
1529 3516 50.9559
1529 4256 68.0618
1530 2672 36.6167
1530 5431 72.1463
1530 5555 48.5131
1531 4719 43.8533
1531 5005 24.8032
1531 5336 36.8069
1531 5523 95.9885
1532 2293 24.8997
1532 2617 62.7243
1533 1555 57.0152
1533 1722 112.356
1533 4188 116.664
1533 5619 53.1352
1534 1656 42.7501
1534 1857 11.3355
1535 2201 59.4176
1535 2602 55.1872
1535 3274 52.8687
1536 4518 53.0636
1536 4668 99.2828
1536 5373 97.5617
1537 2025 82.1479
1537 2723 48.8066
1537 2877 31.5322
1537 3529 29.3849
1537 5478 100.693
1538 4021 12.4085
1539 2537 22.9802
1539 3909 100.412
1539 4597 35.5846
1539 5064 35.4205
1540 2021 36.1484
1540 3768 20.483
1540 6040 77.9662
1541 3844 55.6779
1542 4391 92.8014
1542 5554 63.257
1542 5896 83.7353
1543 4697 82.8746
1543 5886 88.0088
1543 5947 67.0587
1544 2736 93.959
1544 3294 62.5547
1544 4577 119.088
1545 3108 68.5124
1545 4784 53.8946
1545 4875 22.3848
1545 5169 45.882
1545 5242 74.3908
1546 1911 55.2916
1546 2767 75.7802
1546 3774 130.779
1547 2780 46.4773
1547 5713 63.0505
1548 2896 22.4102
1548 4082 46.0064
1549 1663 41.7561
1549 5374 97.5021
1550 1715 49.7785
1550 5006 76.2418
1550 5855 57.7428
1551 2632 63.5374
1551 3239 50.2832
1551 4935 50.205
1552 1807 66.6339
1552 3049 60.1065
1552 4028 82.6895
1553 1676 76.5739
1553 2907 87.7034
1554 2146 47.2144
1554 3940 70.8922
1554 4417 51.1211
1555 4188 21.8475
1555 5479 88.8459
1556 2354 55.5194
1556 2601 50.471
1556 5764 66.4173
1557 2516 33.9781
1557 2766 117.348
1557 4967 34.8692
1558 3449 95.7935
1558 5272 98.5751
1559 3857 59.2293
1559 3932 49.9219
1559 4491 54.9645
1560 2903 59.3485
1560 4971 95.7434
1560 5954 60.831
1561 2091 72.5383
1562 5024 41.2913
1562 5881 38.8827
1563 2768 67.201
1563 2959 80.5486
1563 6084 57.0303
1564 2785 80.3948
1564 3098 67.9664
1564 3558 55.7763
1565 2487 16.9686
1565 5471 77.2831
1566 1911 115.921
1566 2970 73.0943
1566 4607 39.2932
1567 3490 85.8613
1567 5263 128.049
1568 2669 83.1297
1568 2776 51.784
1569 2493 93.043
1569 2597 127.873
1569 3444 31.7384
1569 5999 20.815
1570 4383 63.9561
1570 5130 57.5912
1570 5295 23.7132
1571 2058 47.3961
1571 3626 111.911
1571 4926 52.7615
1572 4248 79.2905
1572 5772 27.5662
1573 2525 55.0518
1573 4286 45.5748
1573 5027 70.1782
1574 4621 5.94833
1574 5031 131.325
1574 5316 57.8467
1575 1967 86.921
1575 3253 66.5846
1575 5686 88.3644
1575 5924 71.3763
1576 3024 106.495
1576 4653 102.275
1576 5052 106.795
1577 2110 65.6333
1577 5238 72.5864
1577 5370 100.167
1578 1946 53.8438
1578 3763 83.8349
1578 4708 48.1465
1579 2130 30.9678
1579 3383 37.0626
1579 3734 22.2135
1579 4673 50.5869
1580 2242 42.3231
1580 3359 119.101
1580 5749 55.876
1580 5884 45.93
1581 4590 107.222
1581 5799 79.2288
1581 6035 26.0948
1582 2172 51.0023
1582 5673 67.6068
1583 3333 20.8856
1583 4371 65.3104
1584 1636 50.571
1584 1931 51.5214
1584 2906 86.1442
1584 4195 94.8101
1584 4487 87.8619
1585 4840 48.5783
1585 4881 64.1047
1586 1717 58.9911
1586 1995 58.7621
1586 2608 49.5878
1586 3268 78.6532
1587 2472 46.6096
1587 2717 28.5426
1587 2731 87.0568
1587 5828 116.414
1588 1691 83.0369
1588 2305 43.6103
1588 3463 56.0583
1588 4409 49.7989
1588 5209 88.8813
1588 5883 70.8874
1589 2497 10.5313
1589 5973 18.6332
1590 1979 48.9828
1590 3048 43.1918
1590 5020 85.5653
1590 5409 37.9963
1591 4042 55.5397
1591 4048 62.0678
1592 2961 50.8298
1592 4550 56.2079
1592 5928 7.41009
1593 1750 34.0965
1593 3162 91.2591
1594 4079 77.0983
1594 4615 51.8998
1594 5920 78.6774
1595 3094 90.748
1596 1724 58.8699
1596 2422 107.771
1596 3132 72.4516
1596 3439 79.2543
1597 3628 161.534
1597 4981 117.405
1598 5590 29.1342
1598 6048 85.3413
1599 4397 34.9226
1599 4817 23.1534
1599 5933 74.3558
1600 2794 44.8835
1601 3738 53.4613
1601 4683 28.5864
1601 6004 138.782
1602 1918 71.5256
1602 5087 66.0241
1603 1864 46.5945
1603 1943 29.691
1603 2935 65.921
1603 3805 47.1482
1604 3711 105.889
1604 3886 66.8742
1605 3423 38.0693
1605 4735 42.6611
1606 2373 111.314
1606 2421 25.7332
1606 3419 35.0757
1606 4623 79.5172
1606 4739 41.4949
1606 5404 54.0965
1606 6081 77.0212
1607 1877 74.4341
1608 3993 58.328
1608 4670 24.0239
1608 4767 30.1846
1609 2402 40.7475
1609 3095 64.9051
1609 3527 25.2574
1609 5893 105.503
1610 3524 97.1981
1610 4731 75.8723
1610 5220 64.1344
1610 5232 25.4241
1611 2357 47.6512
1611 3216 111.307
1612 5145 56.8799
1612 5271 21.8443
1612 5724 51.4061
1613 2509 54.741
1613 5713 29.0905
1614 4690 44.7225
1614 5584 73.3063
1615 2023 42.1068
1615 2854 102.813
1616 4924 69.7246
1616 5424 14.8769
1616 5947 82.4367
1616 6008 96.5598
1617 2303 60.6171
1617 4039 85.2451
1617 5393 43.4731
1618 2666 102.584
1618 4416 64.2838
1618 4747 74.9757
1619 2431 26.9635
1619 5584 66.7009
1620 2898 60.5414
1620 4969 69.7105
1621 2714 66.5811
1621 3566 68.4248
1622 4446 56.792
1622 5719 64.0153
1623 3354 28.1244
1623 4836 69.0249
1623 6058 66.0125
1624 1708 49.5333
1624 3002 84.3001
1624 5777 92.2989
1625 6041 60.2298
1626 3819 18.0931
1626 4066 69.2555
1626 5078 24.5993
1627 4296 60.5792
1628 2626 45.5266
1628 3229 55.8971
1628 3545 37.3719
1628 4169 96.8536
1629 5870 36.8147
1629 6038 104.414
1630 1835 49.17
1630 2768 29.0336
1630 2900 73.1752
1630 6084 33.4784
1631 2111 29.7943
1631 3144 61.3064
1631 4502 61.1873
1631 4751 64.9923
1631 4813 63.8029
1631 5528 40.465
1632 2388 85.3007
1632 2744 76.5262
1632 2989 56.4015
1633 3837 117.593
1633 3864 61.07
1633 5143 23.3997
1634 3312 46.9062
1635 1754 70.6414
1635 4450 94.2013
1635 4605 69.3052
1635 5983 97.9307
1636 4195 97.9218
1636 4487 147.549
1637 4730 25.4505
1637 5221 75.0933
1638 1788 69.7989
1638 4844 72.731
1638 5662 57.1783
1639 2130 41.9589
1639 2949 46.8554
1639 3960 60.6027
1640 1884 91.1604
1640 2972 27.0581
1640 4717 90.0612
1640 5247 32.7235
1640 5323 63.8226
1641 2479 38.6743
1641 5490 44.9997
1641 5661 35.0709
1642 2310 70.7197
1642 3583 60.138
1642 3968 89.5767
1642 5813 41.4998
1643 3291 73.8829
1644 1905 91.6955
1644 2889 92.321
1644 5466 48.5966
1645 2823 104.741
1645 3053 85.1316
1645 3616 162.485
1646 2661 30.5805
1646 5280 33.8897
1646 6020 35.0287
1647 3496 41.2597
1647 5502 53.3563
1648 3514 26.313
1648 4113 92.4028
1648 4269 46.0941
1648 5140 68.8676
1649 3897 109.272
1649 4729 79.6632
1649 4753 75.223
1650 4191 44.6668
1650 5950 44.0191
1651 4572 60.4585
1651 6051 38.9049
1652 5243 30.4836
1652 5446 19.6427
1652 5514 60.74
1653 4573 27.6335
1653 5233 55.841
1653 5390 43.2032
1654 2570 68.0713
1654 3121 85.514
1654 3606 77.3217
1655 1845 4.15639
1655 2865 54.5523
1655 6036 70.0502
1656 2963 101.242
1657 4584 96.3348
1657 5573 88.3139
1658 1768 124.04
1658 4651 123.897
1658 5566 93.1083
1659 2395 67.9236
1659 2891 146.098
1659 3342 68.1441
1659 5846 39.9605
1659 5951 101.666
1660 3633 37.5237
1660 5583 39.0789
1661 2468 13.1929
1661 5519 46.8886
1662 3617 58.5408
1662 4498 37.1575
1662 6046 41.9326
1663 1694 97.6087
1663 5374 35.9709
1663 5467 80.5445
1664 3093 30.2094
1664 4172 82.5722
1664 5734 13.1467
1665 2518 20.5186
1665 4527 35.9611
1665 5625 6.97472
1665 5864 24.5223
1666 1713 42.7628
1666 2140 46.6023
1667 1885 106.397
1667 2075 69.0147
1667 2866 60.6889
1667 3833 58.0503
1667 4972 58.8865
1668 3199 71.3148
1668 3737 42.7236
1669 3180 97.5005
1669 5126 77.8327
1669 5847 60.9451
1670 3005 62.0072
1670 3898 44.8946
1670 4400 89.0922
1670 5809 48.4819
1671 2859 85.3911
1671 5456 77.5508
1672 4298 77.1675
1672 4618 24.0385
1672 5321 68.2214
1673 3586 54.3611
1673 4411 28.0724
1673 5602 51.2824
1674 4156 90.1964
1674 5465 52.9092
1674 6011 113.024
1675 2089 60.9043
1675 2793 31.4602
1675 3617 42.5099
1675 3664 43.1048
1677 1905 47.7282
1677 2946 26.2334
1677 3486 72.0908
1678 4139 25.8135
1678 4701 49.344
1678 6048 64.1135
1679 2867 28.4491
1679 5875 79.5916
1680 4803 67.9412
1680 5657 62.3556
1681 4334 103.817
1681 5750 43.2475
1682 2951 43.3951
1682 3025 61.8435
1683 2291 73.377
1683 2863 45.8255
1683 5268 133.266
1683 5794 16.8712
1684 4828 54.2095
1684 5213 39.9256
1684 5296 83.9901
1684 5678 107.788
1685 2648 10.5442
1685 3096 26.1142
1685 4454 72.9458
1686 5341 43.3973
1686 6069 39.9123
1687 2850 58.0746
1687 3584 112.945
1687 6030 27.0642
1688 3208 81.6206
1688 3316 62.8349
1688 4833 93.3284
1689 4155 73.6718
1689 5379 25.7657
1690 5082 45.9923
1691 5209 39.4175
1691 5906 94.9295
1692 2643 53.7002
1692 3290 55.493
1692 4977 104.192
1693 4907 18.4945
1693 5000 74.1527
1693 5248 62.1315
1694 3069 65.0912
1694 4695 71.0126
1694 5374 50.8783
1695 1831 84.9011
1695 3520 139.737
1696 2180 48.7724
1696 2187 76.2335
1696 3378 75.6579
1696 4307 39.5085
1696 4513 57.482
1696 5830 42.2689
1697 2964 15.8127
1697 3806 5.97901
1697 4214 23.193
1698 1879 47.0589
1698 5697 70.4412
1699 3410 59.3871
1699 5447 95.5615
1699 5671 23.3081
1700 4974 55.5556
1701 3726 69.2265
1701 4055 98.0895
1702 4465 69.2396
1702 4737 45.1901
1702 6037 103.31
1703 3451 40.4061
1703 3690 68.9958
1704 3555 45.3958
1704 4626 30.224
1705 3245 61.3358
1705 4447 3.54793
1706 2349 46.0289
1706 3157 54.0595
1706 4545 55.0395
1706 5823 57.8291
1707 2039 51.8356
1707 2446 80.8806
1708 3002 45.8474
1708 6076 47.0347
1709 3148 14.83
1709 3765 64.3299
1710 1882 63.6816
1710 2619 40.427
1710 4314 72.7519
1711 2211 21.7169
1711 2729 78.299
1711 5567 119.907
1712 2213 62.2251
1712 3063 67.8729
1712 5013 25.5289
1712 5133 70.626
1712 6006 15.3212
1713 2140 57.8919
1713 5391 41.6595
1714 4162 89.9008
1714 5223 40.5001
1715 5006 24.1239
1715 5855 17.9806
1716 3702 104.281
1716 4007 68.734
1717 3268 30.591
1717 3858 23.7687
1718 2126 79.5077
1718 4741 76.2477
1718 5399 79.4487
1719 4346 58.7649
1719 4897 41.7009
1720 2415 50.9531
1720 4638 55.3103
1720 6103 77.8744
1721 3489 72.1576
1721 4077 54.7742
1722 2415 42.1004
1722 6103 30.0804
1723 1773 8.47516
1723 1850 59.7249
1723 2471 35.5614
1723 5815 14.5819
1724 2422 11.8597
1725 2930 42.1844
1726 2175 55.2365
1726 4640 98.5527
1727 2274 35.0974
1727 2690 41
1727 4233 102.402
1728 2913 33.4182
1728 4531 38.5713
1728 5134 35.5502
1729 1878 74.0215
1729 5454 77.48
1729 5806 75.6308
1730 2601 59.3873
1730 3713 49.4678
1730 5934 51.4618
1731 4191 50.1133
1732 2248 91.7887
1732 2623 81.9712
1732 4606 141.93
1732 6076 54.3217
1733 1787 47.2569
1733 3416 11.6449
1733 4010 70.0666
1734 2481 68.1069
1734 3958 108.909
1735 5330 29.7117
1735 5425 29.1953
1736 2588 39.7154
1736 3885 56.7901
1737 3124 63.304
1737 4998 55.1636
1737 5115 54.4114
1737 5903 31.7276
1738 4531 55.2758
1738 5944 31.6465
1739 1961 84.1831
1739 5942 84.148
1740 3786 66.664
1741 2163 28.0157
1741 4207 32.1066
1741 4248 41.6138
1741 5772 66.9676
1742 1812 61.2155
1742 3551 78.2565
1742 4602 28.5295
1742 5303 41.577
1743 1912 28.7143
1743 2710 60.0331
1743 2919 21.2974
1743 3191 63.6312
1744 4816 54.1855
1744 5352 70.5361
1745 2086 85.7858
1745 2747 43.6661
1746 4298 123.008
1746 5531 17.7746
1747 2003 61.2333
1747 4013 39.3814
1747 4170 33.2311
1747 4613 27.3604
1748 3808 52.7931
1748 3895 21.2937
1748 5073 59.5712
1748 5508 43.3032
1749 1809 38.4703
1749 2028 24.8788
1749 3919 65.3826
1751 2940 74.5044
1751 3408 45.5367
1751 3963 34.1203
1751 5984 55.9277
1752 5008 25.154
1752 5072 37.4992
1752 5910 52.8455
1753 4088 31.6316
1753 4754 69.191
1753 4867 120.162
1753 5877 50.0004
1755 1932 50.76
1755 3179 47.1652
1755 3927 57.2942
1756 4492 91.8018
1756 4499 78.5919
1757 4031 63.3269
1757 5960 68.6067
1758 3630 55.0809
1759 2672 102.702
1759 5555 98.797
1760 5887 52.55
1761 1852 120.12
1761 5746 55.4009
1762 2005 88.8202
1762 4882 66.7598
1762 5050 35.6271
1763 2103 5.33424
1763 2169 58.0175
1763 4682 63.3413
1764 2985 89.7636
1764 3611 51.8665
1764 5416 91.5365
1765 2862 47.2062
1766 3497 57.4633
1766 4611 29.8677
1767 2418 39.6851
1767 3933 41.5712
1767 4861 14.9691
1768 3197 93.7283
1768 3764 72.3881
1769 3128 59.2702
1769 5406 48.3581
1769 5795 14.5609
1769 6086 54.7211
1770 2454 47.5436
1770 3790 77.5058
1770 4349 47.7762
1770 5927 36.1344
1771 2771 48.0299
1771 2983 76.7525
1771 5160 57.2569
1772 3932 64.2893
1772 5895 51.1322
1772 6091 37.855
1773 1850 54.8609
1773 2471 22.4703
1773 5815 7.98797
1774 2540 87.4366
1774 2686 40.3425
1774 3106 91.3602
1775 2974 31.1224
1775 3605 60.5847
1775 4692 37.476
1776 2453 16.3357
1776 3175 22.447
1777 2653 48.2221
1777 2857 43.0773
1778 2163 75.0138
1778 4207 65.6474
1778 4324 57.3249
1779 1880 51.5653
1779 5185 8.73824
1779 5331 118.551
1779 5905 58.6449
1780 2332 63.6199
1780 4883 128.131
1780 5601 121.509
1781 2400 40.5127
1781 2630 64.0914
1781 5991 58.2338
1782 3052 132.949
1783 1791 48.3519
1784 2884 64.0452
1784 3033 61.3117
1784 3065 58.3159
1785 3916 70.3893
1785 5492 78.9392
1785 5802 19.3873
1786 2283 21.0494
1786 2887 53.7622
1786 4741 98.3522
1787 2949 68.7957
1787 3416 41.5219
1788 4145 105.412
1789 2010 54.4447
1789 3409 91.1564
1789 5344 131.217
1789 5811 69.4892
1790 5522 97.4413
1790 5638 74.2924
1791 2218 70.1123
1791 4703 44.6952
1792 3931 15.2359
1792 4530 13.1389
1793 5537 56.4717
1793 5957 38.0366
1794 2894 48.3477
1794 4516 89.7516
1794 4684 66.8535
1795 3448 99.7068
1795 3953 61.2607
1795 5118 33.8817
1796 2890 41.8973
1796 3010 69.2558
1796 4309 35.3879
1797 2171 64.7448
1797 3482 56.1983
1797 3799 96.2019
1797 5639 23.1887
1798 2848 96.6357
1798 3473 114.091
1798 6063 154.192
1799 3832 36.9562
1799 5274 56.7696
1800 1973 41.8029
1800 4318 92.2119
1800 4827 34.7718
1801 3802 21.1488
1801 4319 33.6745
1802 1936 69.7512
1802 4141 40.9061
1802 5944 77.1062
1803 3863 36.0547
1803 4532 103.922
1803 4805 88.126
1803 5351 72.4288
1804 3387 45.8737
1804 4387 67.56
1804 5597 42.8366
1805 2285 46.021
1805 4172 42.6273
1805 4260 54.8667
1806 2609 57.3532
1806 6037 47.7234
1807 3049 72.2141
1807 5040 68.8036
1808 2384 23.939
1808 4603 46.8699
1808 5468 73.571
1809 2028 76.2694
1809 3369 46.539
1809 5306 23.8276
1810 4196 62.8012
1811 1856 110.787
1811 2857 64.4844
1812 2756 88.6553
1812 3551 35.3103
1812 4602 79.0931
1812 5925 89.1068
1813 3226 115.211
1813 3847 102.053
1814 2232 64.702
1814 2811 56.4398
1814 2921 90.6586
1816 3174 35.7547
1816 3453 97.9061
1816 4210 95.5951
1816 5458 78.2057
1817 2513 55.887
1817 3977 109.804
1818 1954 25.7816
1818 3860 87.8895
1818 4081 49.0411
1819 2006 61.8446
1819 2094 84.0392
1819 3721 65.2581
1820 3759 38.1846
1820 5114 16.9883
1821 2123 29.3943
1821 2165 44.7702
1821 2445 61.1006
1822 2610 39.7564
1822 4836 69.0984
1822 5838 96.9654
1823 2709 63.9098
1824 3328 84.0844
1824 4310 47.73
1825 4095 79.029
1825 5579 69.369
1826 3454 30.4505
1826 3988 81.9659
1827 2532 50.8622
1828 2148 43.4088
1828 3361 86.1547
1828 4576 21.1359
1829 2029 25.1202
1829 2482 74.756
1829 3655 43.7939
1830 3580 60.1429
1830 4104 64.354
1830 4241 50.1865
1830 4249 80.2809
1831 4014 45.275
1831 4905 105.356
1832 3831 55.4402
1832 4940 76.6915
1833 2588 66.2227
1833 3074 26.8405
1833 3885 55.3332
1834 3412 84.7644
1834 3904 82.8897
1834 4565 88.1882
1835 2900 66.1506
1835 3877 84.6716
1836 2631 112.312
1836 3227 67.0324
1836 4348 45.395
1837 2878 120.201
1837 2910 72.3508
1837 4300 70.7375
1838 1889 58.4599
1838 4179 20.9095
1838 5116 48.6674
1838 5419 23.7294
1839 2348 50.1341
1839 2598 67.0616
1839 3232 62.0443
1840 5608 44.8437
1841 2510 57.7804
1841 2819 53.1133
1841 5319 13.5098
1842 2487 110.568
1842 5761 109.044
1843 3747 80.3013
1843 3800 84.0228
1843 5003 54.4979
1843 5408 75.2078
1844 2394 63.7607
1844 4443 45.0849
1845 1903 73.0413
1845 6036 45.6466
1846 2495 54.3585
1846 5196 69.5792
1847 3248 86.5089
1848 2053 23.1594
1848 2491 48.6736
1848 3519 19.2951
1848 5170 29.0281
1849 4973 46.1151
1849 5324 73.0221
1851 4906 37.6048
1851 5817 74.8258
1853 1893 61.4252
1853 4787 60.605
1853 5414 130.195
1854 2219 68.8638
1854 5148 121.994
1855 4299 13.9841
1855 4309 27.2949
1855 4961 39.0184
1856 3796 56.3104
1856 6074 104.165
1857 4552 83.6003
1858 2368 39.2904
1858 2788 29.0304
1858 3027 55.49
1859 2118 43.4454
1859 3974 44.2714
1860 2363 34.7907
1860 4914 47.7784
1860 6021 59.833
1861 3905 66.3728
1861 4272 97.9969
1862 1974 51.4618
1862 2048 94.9809
1862 3105 104.011
1862 3798 72.8782
1863 2849 62.6432
1863 3281 65.6076
1864 4003 55.335
1865 4254 76.0818
1865 4439 75.6532
1865 5762 95.0594
1866 1993 41.0148
1866 3485 16.7087
1867 3087 107.344
1867 5035 84.539
1868 3835 67.7491
1868 5594 101.526
1869 4007 100.934
1869 4084 94.9842
1869 5632 77.6056
1870 3561 34.6931
1870 5692 55.8167
1871 2309 40.8636
1871 2607 73.7714
1871 3188 32.7034
1872 5721 89.3904
1872 5814 140.265
1873 2331 79.5233
1873 3283 77.7625
1874 3434 66.3468
1875 2138 15.2756
1875 5441 48.603
1876 3702 79.2474
1876 4837 64.132
1877 3295 78.4734
1877 5722 67.3074
1878 2073 52.5246
1878 2126 51.223
1878 5806 53.178
1879 2106 101.966
1879 5618 53.74
1879 5697 38.4854
1880 5185 63.9821
1881 5768 48.6081
1883 3034 88.4754
1883 5100 69.9979
1883 5122 83.7444
1884 2972 78.6788
1884 5323 11.3665
1885 3313 25.7164
1885 3938 41.7217
1885 5148 126.57
1886 2700 40.3754
1886 2833 50.3715
1886 3178 49.8792
1886 5313 55.6806
1887 4903 75.9326
1888 1981 44.6811
1888 3173 84.5392
1889 2226 51.3989
1889 5353 30.0056
1889 5419 30.5491
1889 5751 41.852
1890 3021 72.0816
1890 5296 42.4136
1890 6094 7.29066
1891 2010 68.9047
1891 4522 48.2586
1891 5805 70.5257
1891 5811 53.581
1892 3205 40.5576
1892 3250 68.6518
1892 4148 70.408
1893 3687 152.895
1893 4787 112.731
1894 2971 36.9206
1894 4185 30.6618
1895 4115 36.8822
1896 2680 61.3159
1896 2843 30.4325
1896 3199 68.524
1896 3737 76.7393
1897 2351 63.9303
1897 4181 59.2288
1897 4598 77.9393
1897 5186 26.911
1898 2790 62.0778
1898 5365 42.7711
1899 2084 76.3714
1899 3518 42.8009
1899 4586 57.5758
1899 5364 25.0404
1900 2082 93.5101
1900 3517 55.204
1900 3723 80.5683
1900 4953 56.4423
1901 2095 39.1213
1901 3459 36.8415
1901 4202 70.5082
1901 4808 84.3278
1902 5868 78.3256
1903 4257 113.067
1903 6036 35.4875
1904 2805 10.3014
1904 5929 36.3045
1905 2889 14.1486
1905 5466 31.8039
1905 5509 81.4377
1906 2643 107.618
1906 3282 33.7764
1906 4985 69.7305
1907 4736 100.135
1907 5309 107.638
1907 6106 38.9115
1908 4808 116.752
1909 1936 33.9851
1909 3503 15.9687
1910 2277 67.3474
1910 3859 57.0158
1910 5679 97.2557
1910 6052 35.3927
1911 2767 84.0072
1911 4607 55.0459
1912 2919 32.4882
1912 3191 83.2136
1913 4059 15.1929
1913 4256 29.4545
1913 5694 35.4967
1914 2099 108.436
1914 2197 37.0342
1915 2644 55.9604
1915 2689 71.4706
1916 2405 84.4929
1916 4346 64.2071
1916 4993 3.75294
1917 2658 134.476
1917 3771 98.2672
1917 4705 91.8771
1918 3457 99.2301
1918 4200 51.2109
1919 2284 75.2171
1919 2779 118.881
1919 3912 48.2126
1920 3196 23.0056
1920 4885 29.9087
1920 5544 49.9226
1921 2071 37.4118
1921 4246 110.369
1921 4849 66.2771
1922 3440 45.5063
1922 4825 126.909
1922 4878 61.6019
1923 3703 45.8678
1923 5421 76.1094
1924 2378 44.2438
1924 3168 30.1837
1925 2987 59.6162
1925 3265 84.6603
1925 3481 34.4987
1926 2382 34.7865
1926 4646 23.7427
1926 4920 74.9806
1927 3505 40.1638
1927 5300 5.71222
1928 1983 29.0113
1928 4740 64.3067
1928 5355 29.0134
1928 5614 33.9033
1929 4258 58.4303
1929 4346 42.0397
1929 5083 42.7183
1930 2197 58.8456
1930 2739 104.556
1930 4749 73.5386
1931 4933 89.1417
1932 3179 41.3109
1932 3889 56.4867
1932 3927 27.6927
1932 5104 31.7455
1933 2054 72.7437
1933 2738 41.3269
1933 4593 62.5414
1934 4234 44.7848
1934 4458 27.7704
1934 4705 71.792
1934 5537 12.4529
1935 1989 52.5682
1935 3411 39.4071
1935 5904 57.9043
1936 3503 43.0336
1937 2015 81.2097
1937 3412 39.2423
1938 2248 28.449
1938 5440 53.1301
1938 5777 57.9436
1939 2899 92.22
1939 5202 88.2662
1939 5439 111.17
1940 2535 68.419
1940 5563 57.4738
1941 2775 5.22049
1941 3879 52.7688
1941 5804 23.4732
1942 2083 81.2631
1942 3578 11.3956
1942 4067 12.3015
1943 2935 40.8281
1943 3230 94.1627
1943 3805 72.3534
1944 3720 12.0674
1945 3447 54.0455
1945 4543 103.289
1946 2539 77.6603
1947 2773 89.332
1947 5230 83.6561
1947 5480 42.5874
1948 3303 77.8682
1948 3426 46.8126
1948 3443 73.2319
1949 2019 92.7204
1949 5958 60.6907
1950 2034 71.8955
1950 2572 61.6494
1951 2210 30.2022
1951 2777 52.8799
1951 3379 70.8895
1951 3922 96.0977
1951 5582 59.0528
1952 2975 54.2458
1952 3041 75.6109
1952 5015 57.2047
1952 5201 79.4321
1953 2901 132.673
1954 3860 99.0697
1954 4081 35.8258
1955 2376 64.9529
1955 3165 39.6299
1955 5731 82.021
1956 2337 35.3848
1957 3314 51.3462
1957 3532 90.4424
1957 5246 52.8776
1958 2578 58.4277
1958 4895 43.4415
1958 5826 16.6955
1959 3967 108.996
1959 5988 97.1556
1961 5942 28.0265
1962 2207 81.5811
1962 5457 51.5598
1963 3213 88.33
1963 3801 54.6577
1963 4941 89.8999
1964 1976 86.6814
1964 3320 66.2555
1965 2045 50.8137
1965 3809 69.3772
1965 4047 83.1401
1966 2012 30.6329
1966 2333 20.3595
1966 2485 28.4345
1966 3286 61.5393
1966 5000 86.0536
1967 3081 97.5465
1967 3253 12.0513
1967 4792 70.3693
1968 3924 33.4657
1968 4369 123.343
1968 4883 52.4043
1969 3619 53.3755
1969 4167 13.1244
1969 5115 63.8463
1970 2696 69.7308
1970 3371 35.2668
1970 4908 77.4345
1971 4146 45.3854
1971 5001 27.9382
1972 5311 19.5544
1973 4318 67.467
1973 4827 23.6837
1974 2048 71.0706
1974 2341 79.777
1974 3390 71.146
1975 3813 90.2145
1975 4608 34.694
1975 5347 40.9402
1975 5977 29.4222
1975 6013 91.6786
1976 3320 29.5983
1977 2298 47.0748
1977 2491 58.737
1977 4534 38.0945
1978 2082 75.3418
1978 3023 106.628
1978 5677 58.6484
1979 5020 47.7496
1979 5409 54.5514
1980 2196 42.2446
1981 3173 36.8988
1981 4489 99.1733
1981 4702 86.5888
1982 2571 44.153
1982 5014 53.375
1983 2044 38.5202
1983 4740 49.0498
1983 5614 25.8059
1984 3351 28.3694
1984 4208 57.6211
1984 4320 24.4405
1984 4718 78.5481
1984 5239 28.3369
1985 2459 25.608
1985 3317 19.8976
1985 3360 16.1248
1986 2701 62.0874
1986 3865 58.0134
1986 4388 76.6152
1986 5381 67.3569
1987 2007 116.374
1987 2158 33.9808
1987 2800 33.0072
1987 4958 47.4347
1988 4845 24.3053
1988 5900 65.3503
1989 3411 21.7594
1989 5904 44.6145
1990 2872 43.9659
1990 4205 64.3526
1991 3804 54.3245
1991 5215 29.074
1992 2816 60.785
1992 3787 20.2141
1992 4220 92.796
1992 5557 42.4876
1993 3485 74.8324
1994 2084 82.2315
1994 3244 49.4856
1994 3273 27.2364
1994 4218 47.9173
1994 4437 82.4805
1995 2608 13.6718
1995 3007 62.1281
1995 3246 38.8076
1996 4227 16.4107
1996 5225 23.6807
1997 2069 39.2195
1997 3339 55.5725
1998 2346 89.5545
1998 2784 19.0923
1998 5812 37.5013
1999 4088 55.5208
1999 4867 25.8667
2000 4489 39.0855
2001 5095 27.474
2001 5552 94.138
2002 2220 81.3277
2002 3753 19.9222
2002 5774 79.8461
2003 2550 77.1536
2003 4613 83.9824
2004 5177 47.2824
2004 5329 63.7769
2004 5445 55.1405
2005 5050 31.5865
2006 2094 63.3713
2006 3446 43.7803
2007 2800 58.6251
2007 3646 102.446
2008 2088 70.1014
2008 2153 57.8957
2008 2513 58.6991
2008 3977 53.0514
2008 5405 19.2222
2009 5529 100.006
2010 5811 6.77345
2011 3233 29.098
2011 4651 106.58
2011 5709 29.3909
2012 2333 32.3876
2012 3286 25.9172
2012 5000 62.5285
2013 2481 129.929
2013 5747 50.6342
2014 3469 27.9068
2014 3937 61.3684
2015 2791 69.2152
2015 3412 68.01
2016 2409 83.8385
2016 2657 53.4486
2016 4098 60.8925
2016 4448 109.195
2017 2587 89.4836
2017 5968 74.6002
2017 5993 33.4798
2018 3976 60.206
2018 5658 112.885
2019 5401 75.6557
2019 5722 106.17
2020 2273 95.9148
2020 5978 57.783
2021 2924 39.9417
2021 3009 40.7457
2021 3768 8.95034
2021 5301 38.7475
2022 2670 46.5492
2022 4266 37.1285
2022 4872 39.1527
2022 6007 63.6404
2024 3999 113.644
2024 4454 37.0956
2024 5428 60.3338
2025 2837 56.7452
2025 2877 55.4514
2025 4263 91.3171
2025 5838 51.272
2026 3183 39.7905
2026 3366 29.0316
2026 3803 55.3489
2027 3598 56.2745
2027 4864 61.875
2027 5299 68.5187
2028 3919 42.1995
2028 5953 75.318
2029 2482 61.9893
2029 3991 46.6864
2030 3379 47.6565
2030 4791 58.3462
2031 5220 107.682
2031 5232 74.8963
2032 3167 91.8009
2032 4440 57.6659
2033 3325 44.8667
2033 3729 14.774
2033 3955 39.9335
2034 2961 62.4715
2034 3894 142.49
2035 2109 59.5644
2035 3220 28.5153
2035 3998 26.1313
2035 6000 68.7941
2036 2813 82.5379
2036 4641 85.6641
2036 4675 85.627
2036 4952 93.2657
2037 3369 31.4117
2037 3982 45.3071
2037 5306 35.2868
2038 3600 53.7166
2038 4073 19.0061
2038 4111 74.8449
2039 3994 83.385
2040 2861 51.2494
2040 4937 57.9116
2041 3413 23.785
2041 4110 93.2103
2041 5079 87.2202
2041 6017 21.8012
2042 3580 62.6951
2042 4508 125.406
2043 3072 52.1585
2043 5256 54.0599
2044 4740 8.15804
2044 4957 101.097
2044 5614 63.6596
2045 2716 44.6957
2046 3401 26.039
2046 4306 65.0679
2047 3783 51.6987
2047 4225 105.104
2048 3390 15.2819
2049 3483 101.429
2049 3661 64.0152
2049 4658 17.9594
2050 2438 109.648
2050 5214 94.4101
2050 5783 78.9382
2051 3045 47.9473
2051 3706 46.9501
2051 5363 55.0648
2052 2234 35.4187
2052 4187 89.0363
2053 2292 61.5157
2053 3519 47.8436
2053 5022 102.475
2053 5170 36.2667
2054 2375 13.6577
2054 3100 75.2291
2055 4135 60.4228
2055 4874 45.5263
2056 2436 76.8833
2056 4854 74.556
2056 5691 45.6236
2056 5938 59.1288
2057 2408 76.9949
2057 2462 37.9195
2057 4440 75.5583
2058 3139 28.4673
2058 3626 62.6445
2058 4680 57.6863
2058 4926 30.1489
2059 4028 92.9062
2059 4398 78.613
2059 4562 61.5363
2060 2556 44.5713
2060 5308 74.1225
2061 2104 15.5058
2061 5131 26.1462
2062 2160 80.7756
2062 2693 50.9552
2062 5090 28.6732
2063 3693 56.2935
2063 3811 66.6343
2063 5378 50.7631
2064 3256 70.8176
2064 3585 27.3298
2065 3453 55.3253
2065 5458 68.928
2065 5545 27.9389
2066 2671 98.3085
2066 4556 80.1157
2066 5997 60.3497
2067 2524 118.183
2067 4155 92.9513
2067 5517 109.92
2068 2732 85.9513
2068 3455 53.4221
2068 4255 30.9724
2069 3211 91.3609
2069 3339 63.8697
2069 6102 52.9593
2070 4948 46.1146
2071 3760 92.3634
2071 4849 55.6993
2072 2633 87.3848
2072 3736 142.668
2072 3750 39.17
2073 2126 55.5701
2074 3128 44.1184
2074 5406 35.2962
2075 2866 39.7571
2075 3833 30.7744
2075 6068 96.031
2076 2245 22.3867
2076 2862 64.8525
2076 5293 124.258
2077 2116 141.782
2077 2530 147.491
2077 3645 50.0797
2077 4601 89.8978
2078 2263 84.73
2078 2973 122.208
2079 3348 73.7543
2079 4802 21.6924
2080 3607 39.7317
2080 3694 54.37
2080 5679 15.0919
2081 2552 36.7621
2081 4222 50.5574
2081 4590 33.8664
2081 5799 8.69201
2082 5626 59.6029
2083 2305 79.5008
2083 4067 44.8716
2083 4409 70.9336
2084 3273 52.6356
2085 4164 52.8204
2085 5533 37.7535
2086 2981 40.0969
2086 3464 68.1851
2087 4378 45.0111
2087 4515 63.6704
2087 5644 27.1967
2087 5808 66.5926
2087 5976 53.4974
2088 2153 53.4591
2088 3365 48.2334
2088 4392 61.6418
2088 5405 44.2606
2089 2793 69.7718
2089 3664 39.5203
2089 3971 46.692
2090 2526 64.8392
2090 3476 41.6703
2090 4755 32.5644
2091 3421 56.4323
2092 3311 150.079
2093 2825 62.9661
2093 3018 12.3696
2093 3112 139.371
2093 4975 45.8706
2094 2694 69.7721
2094 3446 42.6213
2095 3459 63.5236
2095 4202 122.094
2095 4808 60.8185
2095 5604 86.1135
2096 4133 45.9729
2097 2832 50.3281
2097 2953 22.2131
2098 2331 56.1151
2098 2475 77.9984
2098 4071 22.3664
2098 4468 39.6006
2099 2739 60.0346
2100 3000 60.9041
2100 3257 9.23419
2100 5199 40.5748
2100 5235 41.0592
2100 5793 138.13
2101 3570 32.7368
2101 5039 21.1677
2102 2831 26.3094
2102 5136 105.243
2103 2169 63.1049
2103 4682 45.7154
2104 4133 89.8246
2104 5131 25.2942
2105 2749 21.4683
2105 5112 28.7645
2106 2434 41.8847
2106 5446 64.1667
2107 2311 39.2104
2107 3887 67.8338
2107 4657 49.3537
2108 2957 26.3911
2108 3438 50.4044
2108 3672 40.92
2109 3998 46.1078
2109 4370 69.5331
2109 6000 5.05967
2110 5242 136.605
2111 3304 95.149
2111 4813 84.2598
2111 5317 52.9668
2111 5528 56.4959
2112 2117 43.8999
2112 5079 53.3859
2112 5201 65.2368
2113 3599 51.331
2113 4177 70.4426
2113 4596 100.217
2114 2786 99.5607
2114 3104 59.4192
2114 5680 53.8802
2115 3950 88.3662
2115 4820 108.862
2116 4601 63.0096
2117 5079 98.2241
2117 5748 40.9573
2118 3974 112.091
2119 2469 45.3796
2119 3655 61.9451
2119 4384 106.7
2120 2326 21.3161
2120 3377 14.8983
2120 3712 64.4886
2120 5062 38.2341
2120 5174 19.5299
2121 3334 95.3546
2121 3445 104.825
2121 3475 76.1114
2122 4159 53.9235
2122 4991 55.9856
2122 5059 26.3898
2124 3075 38.8402
2124 3185 66.0322
2124 6085 41.19
2125 3080 35.5158
2125 3219 43.4894
2125 3347 41.1269
2127 3429 76.5354
2128 3516 31.9973
2128 5742 55.7788
2128 5876 52.9842
2129 4488 100.839
2129 4860 54.4683
2129 5542 57.2349
2130 3734 64.6866
2131 2787 24.3458
2131 5857 57.6411
2132 3115 89.1453
2132 4022 89.7114
2132 4190 101.307
2132 6066 41.2774
2133 2414 25.493
2133 3013 31.4127
2133 3209 76.4266
2134 2966 30.8418
2134 2991 89.4994
2135 3513 77.3448
2135 4301 66.6729
2136 2185 44.0694
2136 3055 56.1819
2137 2379 97.8926
2137 2882 68.7477
2137 4209 51.2712
2138 5441 41.6894
2139 2203 23.6659
2139 3523 57.2691
2139 4091 96.8075
2140 5391 77.483
2141 3675 17.9656
2141 4086 85.3239
2142 2399 83.628
2142 3997 83.2292
2142 4390 73.8989
2143 2429 28.9213
2143 2463 56.9609
2143 5703 62.2446
2143 6050 38.7607
2143 6053 59.0183
2144 4662 30.4237
2145 4174 18.6957
2146 2323 105.537
2146 4417 11.03
2147 3839 79.7581
2147 4650 10.5991
2148 4576 48.7472
2149 3235 28.4338
2149 4584 55.8189
2150 4072 31.5235
2151 2512 46.0805
2152 2905 82.5948
2152 5618 67.9533
2153 3365 33.5854
2153 5250 84.3706
2153 5405 60.6728
2154 2280 6.50521
2154 5173 22.5829
2154 5784 69.5073
2154 5878 52.0723
2154 6063 29.7297
2155 2183 120.468
2155 2824 82.5814
2155 4459 81.0754
2155 5906 68.6221
2156 5214 103.86
2157 3208 44.2974
2157 4151 74.3797
2157 4924 44.2633
2157 5120 27.0861
2157 5424 54.7117
2158 5191 67.01
2159 2960 26.3792
2160 2674 91.7521
2160 5090 15.9184
2161 3197 28.0528
2161 3513 86.1808
2162 4905 14.2129
2163 4207 12.3819
2163 4248 80.7087
2164 3934 21.9831
2164 4531 40.8272
2165 2445 26.4263
2165 4341 62.899
2166 4430 58.1736
2166 4919 53.4446
2167 5026 50.2999
2167 5651 108.902
2168 2419 57.2504
2169 4682 3.58376
2170 2272 83.9732
2170 4511 81.1153
2170 4693 83.3443
2170 5234 42.9342
2171 3799 45.6245
2171 5639 113.636
2172 5673 19.7483
2173 2488 36.3075
2173 2612 41.7531
2173 3422 119.381
2173 4709 76.7555
2174 3237 78.4249
2174 5085 94.27
2174 5438 65.8081
2175 4640 40.8414
2176 2753 54.5352
2176 3648 28.9924
2176 4477 24.6247
2176 5403 69.0545
2177 2553 34.3003
2177 3299 70.3796
2178 2193 76.6725
2179 2424 44.6475
2179 4325 84.4207
2180 3378 29.4776
2180 4513 15.8487
2181 2668 90.1075
2181 2969 30.523
2181 4785 39.6457
2182 3934 102.038
2182 5938 101.819
2183 2824 66.0883
2183 3728 96.3776
2184 3582 73.8044
2184 4783 50.2104
2185 3763 34.9956
2186 2760 19.1491
2186 3620 43.3261
2186 4078 35.7727
2187 4307 30.6927
2187 5830 52.3512
2188 3940 44.2159
2188 5586 54.9748
2189 2304 34.5568
2189 4859 99.8835
2190 2688 67.7016
2190 3066 45.5373
2190 5735 31.4589
2191 4035 36.0304
2191 5264 81.4767
2192 2501 82.3084
2192 5110 76.746
2192 5663 108.513
2193 3021 48.1631
2193 3263 39.02
2193 5455 73.825
2194 2782 48.2229
2194 3711 41.6545
2194 4600 73.3613
2195 2875 46.2834
2195 4203 22.2299
2195 4377 31.628
2198 3886 42.1288
2198 3916 67.4691
2198 4633 100.686
2199 2434 73.2074
2199 3379 103.529
2199 5243 95.5814
2200 2689 47.3749
2201 3274 35.2674
2201 3442 72.0066
2202 4374 33.6904
2203 3523 52.8601
2203 4470 65.2325
2204 3402 33.1144
2205 2662 28.1531
2206 2470 53.7649
2206 2700 51.9872
2206 2833 44.3884
2206 3010 96.0846
2206 5197 81.837
2207 2855 55.3441
2207 3059 39.2744
2208 2383 95.4813
2208 3111 127.156
2208 3831 98.7629
2209 3797 39.7069
2209 5142 53.3001
2209 5348 51.7475
2210 2777 61.239
2210 3379 22.0065
2211 2729 71.4439
2212 3457 51.1944
2212 3974 94.6457
2212 4094 163.164
2212 4497 80.8344
2213 3063 52.6307
2213 4525 47.1078
2213 5599 61.0131
2214 3441 36.1665
2214 5133 155.261
2214 5371 31.2216
2215 5013 78.7371
2215 5133 98.4232
2215 5628 28.6778
2216 2366 36.677
2216 4466 8.37665
2216 5985 39.2324
2217 3403 66.1502
2217 3812 49.1018
2217 5541 57.0136
2219 2920 76.7327
2220 3753 69.254
2220 5311 65.1289
2220 5774 62.5647
2221 3078 52.68
2221 5366 62.4477
2222 3736 23.3058
2222 5423 15.9447
2223 3604 44.6335
2223 4707 63.3294
2223 5376 43.5994
2223 5501 62.4001
2224 2838 54.0409
2224 5844 55.0116
2225 3958 61.135
2225 5244 42.04
2226 5353 48.6279
2226 5751 39.3863
2227 2246 75.361
2227 3171 20.8197
2228 4633 66.3877
2228 4884 66.1275
2228 5289 42.4051
2229 2401 14.6377
2229 4326 64.0716
2231 5730 148.843
2232 2921 75.3109
2232 3044 57.7893
2232 4599 60.5741
2233 2749 93.4287
2233 4404 86.749
2233 5112 51.1071
2234 4187 77.0086
2235 3123 88.9104
2235 5948 91.2149
2236 2577 60.7532
2236 3161 56.2793
2236 3278 42.1889
2236 5647 92.5135
2237 4145 62.8857
2237 5456 17.4759
2237 6051 68.9805
2238 2343 33.5884
2238 2559 45.4569
2238 3201 20.321
2238 5292 77.2383
2239 2292 93.1268
2240 3559 75.0993
2240 3783 13.5721
2240 3821 88.9972
2240 5640 69.5619
2241 4775 114.296
2241 6045 119.594
2242 4243 57.7561
2242 5884 51.2504
2243 3759 97.5177
2243 4851 69.98
2243 6021 8.26533
2244 2811 64.0993
2244 3743 68.358
2245 4184 117.55
2245 5293 58.3224
2246 3171 123.857
2246 5017 62.2648
2247 3992 47.0941
2248 4378 98.0059
2249 3550 77.1054
2251 3156 44.2898
2251 3614 29.503
2251 5088 46.4831
2252 4215 95.0034
2252 5392 37.5396
2252 5759 48.1647
2253 2312 67.0001
2253 5294 84.5793
2253 5312 69.3004
2254 2864 137.019
2255 5372 56.8634
2255 6056 53.9163
2255 6107 29.4023
2256 2449 19.3183
2256 4750 24.284
2256 4972 25.1999
2257 4016 67.2779
2257 4595 93.1089
2257 4781 44.0291
2258 2572 27.7746
2258 2692 84.6943
2259 3982 41.9563
2260 2416 81.6171
2260 2600 64.5234
2260 2781 49.9184
2261 2506 92.6499
2261 2629 67.8337
2261 4277 64.3794
2262 3568 56.5965
2262 4659 83.806
2263 2973 94.2207
2263 4122 92.5839
2264 2742 77.3129
2264 3572 104.158
2264 3824 133.626
2264 4934 83.4472
2265 5004 29.0988
2265 5367 82.0744
2265 5972 58.5601
2266 3375 109.81
2266 6046 77.2114
2267 3400 23.7817
2267 3966 38.6635
2267 5026 85.6329
2267 5996 43.8773
2268 2342 131.576
2268 5283 72.7391
2268 5557 72.8814
2268 5902 44.9815
2269 3037 88.0027
2269 5245 69.0022
2269 5433 87.1188
2270 4593 40.3427
2271 3438 95.9954
2271 3556 94.8438
2272 4330 51.6522
2272 5745 16.6429
2272 6089 48.9012
2273 3335 67.5678
2273 3773 59.924
2273 5978 24.2158
2274 2690 27.6266
2274 4233 80.273
2274 4283 65.8481
2275 3191 121.711
2275 3837 101.924
2275 5453 44.6507
2276 2718 47.7367
2277 3859 54.9405
2277 5649 43.8817
2278 3706 50.3989
2278 4921 73.9418
2278 5732 31.9848
2279 4892 37.8875
2280 2371 83.1553
2280 5173 31.8297
2280 5784 46.1122
2280 6063 21.0064
2281 3336 26.8103
2281 5049 93.1721
2281 5654 59.1922
2282 3812 75.1541
2282 5275 86.5828
2283 2448 55.5022
2283 2887 57.1808
2284 2779 56.9463
2284 3912 97.155
2285 2337 45.0303
2285 4260 25.2927
2286 2619 48.4134
2286 3205 46.8709
2286 3970 12.4239
2287 3515 64.7959
2287 4201 56.0919
2288 2820 87.3732
2288 3033 122.853
2288 4505 98.8404
2289 2743 34.7474
2289 3326 24.6708
2289 4043 80.9999
2290 2558 39.1279
2290 2663 36.7574
2290 5512 86.0389
2291 4246 113.546
2291 5268 31.5006
2292 2298 59.8803
2292 3519 57.8059
2293 2702 56.3631
2294 2325 11.2794
2294 2920 69.2677
2294 3127 42.0714
2295 4546 60.5303
2295 5045 17.0515
2295 5810 84.5503
2296 2628 26.85
2296 4478 84.3467
2297 3448 41.67
2297 3560 58.056
2297 5092 57.8283
2298 3166 51.4344
2299 5328 72.66
2299 5329 48.7534
2299 5445 40.0237
2300 3581 113.09
2300 5426 48.9346
2300 5835 73.5852
2300 6033 72.9896
2301 3992 58.795
2301 4842 31.0168
2302 3543 58.0243
2303 4023 50.4889
2303 5359 41.7934
2303 5520 80.248
2304 4859 82.9914
2305 4409 23.8273
2306 3166 35.9841
2307 5086 69.6841
2308 2393 63.3298
2308 3930 42.2439
2308 4764 42.9933
2308 6077 38.4549
2309 2607 55.0495
2309 3188 32.0533
2309 5961 103.409
2310 4157 31.1416
2310 5813 41.0183
2311 5151 57.8718
2311 5510 52.6365
2312 3647 40.3029
2312 4931 38.3453
2312 5312 25.8819
2313 2515 61.2643
2313 3450 60.1887
2313 4671 59.9999
2314 4408 37.7503
2314 4678 43.3963
2314 4684 57.0074
2315 2562 9.68764
2315 2564 80.2636
2315 4643 56.1043
2316 2364 52.3821
2316 2685 34.4136
2316 5491 63.0471
2317 3116 55.7031
2317 4990 62.003
2318 3385 98.0708
2318 3774 75.7122
2318 5572 32.817
2318 5687 105.436
2319 4912 38.3913
2320 3649 23.7233
2320 4007 81.4553
2320 4585 44.9664
2322 4128 18.3924
2322 4453 40.8312
2323 2815 52.1346
2323 3625 46.8964
2323 4216 33.1361
2324 4166 19.0742
2324 6042 36.1714
2325 2920 36.9411
2325 3127 73.5622
2326 3377 6.48544
2326 5062 17.948
2326 5174 50.883
2327 4564 100.126
2327 5147 15.08
2328 2681 27.0654
2328 3641 116.537
2328 5191 39.536
2328 5852 48.8525
2329 2488 32.4243
2329 2612 17.299
2329 4709 69.8612
2329 4783 27.4485
2330 4045 14.8124
2330 4814 12.098
2330 5843 52.3269
2331 4071 28.4644
2332 4883 115.89
2332 5577 69.9546
2333 2485 43.6752
2333 3286 54.2295
2333 5089 49.3802
2334 2514 70.7555
2334 3170 64.9161
2334 4022 84.2261
2335 3616 66.8215
2335 5061 54.3994
2336 4302 63.6655
2336 5126 5.16833
2336 5196 56.5411
2338 4795 100.005
2338 5882 34.2818
2339 5011 54.286
2339 5581 44.16
2342 5283 114.012
2343 2559 68.926
2343 3001 182.808
2343 3201 41.1154
2343 4644 80.0845
2343 5292 82.7146
2344 3676 139.272
2344 4800 86.282
2344 5335 31.5331
2345 3657 49.2125
2345 4376 63.3862
2345 5449 73.6073
2346 2784 45.538
2346 5785 51.7136
2347 3491 66.3955
2347 3570 27.0248
2348 2598 53.6427
2348 3232 45.3739
2349 3157 65.9592
2350 3206 24.033
2350 5941 35.2073
2351 3414 24.7834
2351 5186 39.1374
2351 5800 60.2409
2352 3852 82.4676
2353 3742 76.0983
2353 4002 57.1843
2353 4250 79.8931
2353 4671 105.417
2355 4240 92.6071
2356 2550 44.2561
2356 3303 69.981
2358 3953 56.1872
2358 5118 54.2463
2359 2931 25.7673
2359 4450 68.2122
2359 5056 83.8476
2359 5839 45.4605
2360 3883 45.6842
2360 5507 42.9117
2360 6090 6.50366
2361 2733 43.9216
2362 3947 85.0336
2362 4293 56.4817
2363 6021 95.8949
2364 2685 33.9122
2364 4370 100.751
2365 3074 64.6316
2365 4888 80.8058
2366 2864 61.9423
2366 4466 34.7745
2366 5761 104.547
2366 5985 53.5992
2367 4939 63.4942
2367 5324 63.4907
2367 5674 59.5654
2368 2788 49.9611
2368 3027 98.9498
2369 2930 52.407
2369 4828 96.3911
2371 2457 30.5564
2371 5878 68.6062
2372 2764 100.299
2372 4519 44.2179
2372 5402 33.8348
2372 5706 38.6662
2373 3419 47.3645
2373 6081 12.5152
2374 2532 76.3923
2374 3520 43.0135
2375 3100 41.352
2375 3642 78.8461
2376 2818 59.1801
2376 6093 36.1098
2377 3339 82.2608
2377 3662 35.5094
2377 6102 50.0029
2378 3168 42.3891
2378 3852 42.5867
2379 2882 88.4158
2379 4738 94.2241
2380 2720 54.1973
2380 3162 45.4275
2380 5055 38.2669
2380 5966 40.8886
2381 2968 28.4264
2381 4075 51.9484
2381 4197 103.924
2382 4646 39.2553
2382 4881 95.9784
2383 3111 13.2098
2384 3543 58.2644
2384 4603 31.1873
2384 5468 56.0064
2385 2468 72.2478
2385 3680 51.7189
2385 4579 57.4008
2385 5519 38.7313
2386 2635 53.0928
2386 3587 56.8857
2386 4429 89.197
2387 3854 45.5267
2387 4520 13.0143
2388 2744 16.8756
2388 5552 70.7677
2389 3549 62.272
2390 3767 101.85
2390 4127 50.7853
2391 3277 73.1816
2391 3530 69.9409
2391 5720 25.3311
2392 2537 75.5485
2392 3909 100.715
2392 4506 28.0642
2392 5064 25.9693
2393 4764 4.28112
2393 6077 33.7332
2394 4443 26.4632
2395 2496 68.8243
2395 3342 81.6886
2395 5846 24.574
2396 3435 36.0261
2396 5240 28.1241
2396 5362 55.8586
2397 5499 63.9747
2398 2522 74.8979
2398 4403 37.5004
2398 4639 122.802
2398 5252 56.3671
2398 5766 134.476
2399 2917 37.3493
2399 3461 83.5121
2400 5024 31.6095
2401 4326 49.033
2402 3527 7.0129
2403 3904 19.938
2403 4565 52.2001
2403 5194 56.1596
2404 5876 49.023
2405 3130 51.4176
2405 4993 41.8115
2405 5872 58.8725
2406 3062 94.1028
2406 4364 62.396
2406 4367 68.7822
2407 3983 101.983
2407 5375 61.1361
2408 2999 15.1162
2408 4433 37.3896
2409 2657 77.8604
2409 4098 47.3923
2410 2647 64.3171
2410 3712 73.6994
2410 4676 56.8883
2411 2602 35.8083
2411 4228 17.7172
2412 4799 57.0895
2412 5103 67.1405
2412 5985 48.6511
2413 3089 43.0915
2413 4099 36.0588
2414 3013 66.7294
2414 3209 73.5692
2414 3540 102.251
2415 6103 12.9379
2416 2781 29.7686
2416 4162 65.7686
2416 4415 54.2716
2416 5223 42.8993
2417 3547 56.1218
2417 4557 70.9113
2418 4861 60.7176
2419 3338 69.9174
2419 3748 121.692
2420 2938 58.7923
2420 5157 86.3335
2421 3090 71.646
2421 3419 71.8606
2421 4739 11.2052
2421 5368 64.163
2423 2688 52.459
2423 4689 50.3194
2424 3533 84.6568
2424 4325 33.2886
2425 3778 51.8464
2425 4169 31.7537
2425 4706 47.1816
2426 2710 120.63
2427 4655 59.9959
2427 4743 40.2828
2427 4782 19.9962
2428 2934 93.3102
2429 2463 31.5497
2429 5550 63.8193
2429 6053 70.3666
2430 3078 46.6838
2430 4695 54.7327
2430 5267 49.1392
2430 5415 58.8119
2430 5952 27.8581
2431 5584 36.2924
2432 2963 42.1953
2432 5192 49.4579
2433 2754 20.726
2433 4810 39.9163
2434 5243 40.447
2434 5446 64.7112
2435 2721 35.6826
2436 3364 50.0341
2436 5938 85.7213
2437 4790 76.1673
2438 3766 56.265
2438 5214 81.8116
2439 3911 64.1157
2439 6049 44.7535
2440 3958 104.345
2441 4135 56.1012
2441 4686 33.207
2441 4855 62.345
2442 4108 52.0818
2442 4340 68.7178
2442 4918 65.8035
2443 2942 67.0792
2443 5383 34.1939
2443 5503 83.449
2444 5560 29.5418
2445 3792 75.0057
2447 5645 64.4256
2448 2533 30.1616
2448 4741 47.1128
2448 5224 75.7965
2448 5399 39.7799
2448 5436 38.9495
2449 4750 26.5452
2449 4972 32.121
2450 3741 40.5573
2450 3925 19.2564
2451 4793 144.592
2453 3175 6.38345
2454 3691 139.11
2454 3790 101.273
2455 2745 46.0497
2455 4696 55.7256
2456 5124 23.3452
2456 5187 72.0175
2457 3601 116.988
2457 5393 76.3978
2457 5878 98.821
2458 4980 56.955
2458 5400 79.2511
2458 5667 56.1906
2458 6054 90.7502
2459 3317 31.4567
2459 3360 38.2709
2459 4983 44.7394
2460 3581 133.964
2460 4717 92.235
2460 5426 77.0652
2461 2897 82.3059
2461 5165 27.8349
2461 5251 82.9648
2462 4433 52.6359
2463 4746 68.911
2463 5550 25.8568
2464 2599 74.6569
2464 2614 50.0464
2464 4152 25.3195
2465 4734 30.1333
2465 5524 28.0589
2466 3367 64.2112
2466 4928 90.4791
2466 5845 102.283
2467 2576 86.5291
2467 2807 25.4164
2467 3811 54.9026
2468 5519 34.6303
2470 5197 26.3511
2471 2735 48.8703
2471 5815 11.1424
2472 2717 7.62199
2472 2731 31.3079
2472 5188 53.4216
2473 3262 43.2727
2473 4189 56.358
2473 5407 15.7533
2474 2933 97.5598
2475 2815 83.7194
2475 4468 31.9864
2475 4716 63.6228
2476 4321 126.12
2477 2628 63.5613
2477 4478 31.1722
2477 5982 85.738
2478 2824 74.1058
2478 4472 141.849
2479 4474 55.674
2479 5490 16.0327
2479 5661 86.822
2480 3759 69.5132
2480 4444 91.9106
2480 5573 86.1777
2481 5747 147.352
2482 2834 14.0762
2482 3991 37.0886
2483 3394 41.9561
2483 3695 80.4855
2483 3882 104.013
2484 2581 69.2824
2484 3502 29.2114
2484 5919 30.7184
2484 6025 53.2001
2485 5263 67.586
2486 5560 84.1451
2487 5471 105.129
2488 2612 29.5935
2489 2627 19.0274
2489 2908 180.951
2489 4461 79.6498
2489 5411 9.94554
2490 2809 82.5673
2490 4380 90.7268
2490 4434 132.781
2490 4955 29.8732
2491 3519 23.4838
2491 4534 84.0776
2492 3482 144.987
2493 3444 104.657
2494 2854 41.1086
2494 5880 48.3826
2495 2614 44.5173
2495 4989 87.0805
2496 2519 58.9442
2496 3082 39.5627
2496 3342 39.2217
2497 5973 14.1367
2497 4064 47.0871
2498 3165 55.8978
2499 3124 65.4349
2499 4998 30.5204
2499 5115 59.1377
2500 4545 79.6782
2500 5187 48.8413
2501 5702 73.0348
2502 5534 48.9231
2502 5695 72.887
2503 3599 93.413
2503 4114 105.656
2504 2581 90.464
2504 2783 57.7334
2505 3134 92.2391
2505 4308 42.9975
2505 4629 48.3229
2506 2629 26.3216
2506 2634 103.402
2506 3784 52.6343
2506 4277 106.985
2506 4725 86.7586
2507 2675 29.2766
2507 3368 41.8906
2507 4124 83.1733
2507 4372 70.0587
2508 2589 32.1645
2508 4580 35.3385
2509 5427 84.8476
2509 5713 90.0725
2510 3901 28.5161
2510 5319 75.116
2511 2664 51.7762
2511 4247 56.5476
2511 2621 62.9956
2512 5693 37.8869
2513 3977 54.2905
2514 4609 127.202
2514 5536 94.1845
2515 3101 43.0181
2516 4967 30.2302
2517 2575 31.2322
2517 3556 130.759
2517 4211 103.014
2517 4775 78.854
2518 5625 30.5997
2519 3082 34.0868
2520 3036 104.776
2520 4807 114.983
2521 4649 68.9357
2522 4403 49.1741
2522 5252 59.49
2523 3458 64.1719
2523 5395 55.2731
2524 3306 89.4527
2524 3493 114.98
2525 5485 89.489
2526 3476 9.46094
2526 4755 16.9806
2527 3487 116.336
2527 4887 48.6342
2528 2621 42.9775
2528 3031 54.4439
2528 3999 111.64
2529 3677 14.7387
2529 3842 82.2416
2529 6056 37.4592
2529 6107 70.2261
2530 4601 45.0002
2530 5475 26.1689
2531 4136 76.0107
2531 4178 35.3896
2531 5219 70.4442
2532 3520 90.3296
2533 3769 45.4532
2533 5436 8.59334
2533 6070 16.6218
2534 3388 73.2885
2534 5622 85.0655
2535 5563 50.8681
2536 3627 54.2001
2536 3629 22.1289
2536 3944 81.3209
2537 4506 73.8138
2537 4597 65.1726
2537 5064 52.8558
2537 5914 81.7507
2538 2576 73.6849
2538 3892 45.7602
2538 3995 76.463
2538 5318 53.7698
2539 5619 79.1434
2540 2987 20.5889
2540 3481 20.3477
2541 2719 11.6905
2541 2876 49.7754
2541 5656 45.2155
2542 4259 17.9534
2543 3875 43.1843
2543 5084 58.0791
2544 3209 34.4792
2544 4036 28.7919
2544 4480 11.78
2545 2765 96.3872
2545 3508 44.2983
2545 3781 21.9406
2545 5315 90.0015
2546 2669 65.6036
2546 4560 43.0232
2546 5334 55.5047
2547 3640 61.5372
2547 5606 23.8346
2548 2757 64.739
2548 3181 20.2886
2548 4821 78.83
2548 5672 41.8522
2549 5034 68.515
2551 2618 47.9147
2551 5624 94.1288
2551 5959 108.56
2552 4590 56.7792
2552 5799 48.7797
2553 3299 36.884
2553 4642 73.215
2553 5042 69.7553
2554 3101 66.9526
2554 3539 22.2044
2554 4899 15.0074
2554 5068 19.6245
2555 3183 51.4921
2555 4168 43.1067
2555 4933 48.8551
2556 4327 48.1304
2556 4469 90.7211
2556 5308 48.3609
2557 2873 64.1947
2557 3016 148.472
2557 6083 40.2796
2558 2663 116.991
2559 3367 97.3301
2559 5845 95.2976
2560 4175 13.9798
2561 3501 45.4003
2561 3907 80.4517
2561 5067 49.3171
2562 2564 60.3059
2562 4643 93.9864
2563 4662 23.9429
2565 2901 43.5156
2566 4192 47.0186
2566 5259 27.6857
2566 5476 83.1911
2566 5543 11.3396
2567 3211 91.9833
2567 5128 62.6251
2567 5650 42.7511
2568 2967 35.4967
2568 3642 52.3201
2568 3923 52.7848
2569 3986 32.1344
2569 5958 88.2526
2570 3121 35.9576
2570 5770 82.1593
2571 5014 43.6915
2571 5385 76.6844
2572 2692 78.4038
2572 4329 70.7915
2573 3122 46.3424
2573 3544 43.7646
2573 3618 62.8458
2573 4866 46.0884
2574 2982 66.4907
2574 4942 33.3091
2574 5909 105.377
2574 6062 50.4245
2575 3872 98.0102
2575 4211 78.7383
2575 4775 47.592
2576 2807 71.7252
2577 3161 28.891
2577 3278 24.2907
2577 3950 77.7599
2577 4820 42.1983
2578 4895 46.6585
2578 5826 28.06
2579 2613 43.706
2579 3634 31.1068
2579 4147 39.2501
2579 5779 52.33
2580 3758 109.718
2580 3962 96.6399
2581 5919 62.605
2582 3777 20.8319
2582 4106 103.747
2582 4800 53.7965
2583 3762 92.0186
2583 5075 38.9062
2583 6038 69.9456
2584 4305 43.5734
2584 4445 33.4158
2584 5162 58.7936
2585 3512 59.9633
2586 2600 85.4997
2586 3381 105.169
2586 5532 62.5075
2587 2682 63.525
2587 5207 52.012
2587 6001 45.3086
2588 3074 40.7234
2588 3885 46.4962
2589 3451 90.1765
2589 3690 66.5665
2589 4580 14.8448
2590 3389 132.463
2590 4717 136.202
2591 2664 49.2789
2591 2751 65.1113
2591 4247 73.5724
2592 5789 89.2694
2593 3141 11.6255
2594 4672 61.8747
2594 5821 48.4151
2594 5946 47.9613
2595 3272 44.8916
2595 4582 69.1402
2595 5464 86.2708
2595 5801 54.0731
2596 2871 57.9101
2596 6091 56.0781
2597 4383 86.9915
2597 5295 100.426
2598 3232 82.8299
2598 5158 59.6752
2600 4415 73.4714
2601 5764 57.4219
2602 4228 28.3444
2602 5437 85.9757
2603 3067 119.74
2603 3386 75.8631
2603 3608 106.515
2604 3109 61.1134
2604 4427 60.0988
2605 5527 65.9438
2605 5971 43.7703
2605 6067 41.047
2606 3969 59.259
2606 4960 55.3233
2607 3188 54.0126
2607 3915 135.507
2608 3007 73.1222
2608 3246 35.7117
2609 5987 60.3376
2610 3329 90.4024
2610 4836 94.4002
2611 2759 43.6096
2611 5165 84.6955
2612 4783 38.0454
2613 3634 66.8027
2613 5779 12.4531
2614 4152 63.094
2614 5503 72.7199
2615 3346 81.3784
2615 5955 72.4893
2616 2748 138.856
2616 4238 79.6944
2616 4275 30.4325
2616 5269 54.2211
2617 3840 46.9122
2618 5680 79.8082
2618 5959 33.7287
2619 3970 78.8754
2619 4314 45.5993
2620 3177 77.9093
2620 5172 85.6217
2620 5261 66.7002
2621 3031 78.7928
2621 3999 85.0233
2622 4822 66.386
2622 5347 45.6131
2623 4606 52.9295
2623 6076 45.8637
2624 4959 64.925
2624 5089 31.6246
2624 5597 54.7221
2625 3636 79.495
2625 4727 7.044
2625 5492 64.2867
2626 2981 69.359
2626 3229 100.459
2626 3540 110.943
2626 3545 7.74689
2627 4461 61.3808
2627 5411 25.4981
2628 4478 34.4107
2628 5982 93.2148
2629 4725 41.8998
2630 4081 90.3818
2630 5991 8.67794
2631 2767 68.7239
2631 3227 54.5652
2631 4348 174.803
2632 3239 32.8737
2632 4935 103.946
2633 2998 121.31
2634 3784 69.9169
2635 2881 82.3891
2635 3587 33.9386
2636 2641 65.8881
2636 3384 71.8098
2637 3994 90.2991
2637 4858 59.6439
2638 3698 27.7916
2638 4645 81.1503
2638 5426 63.9021
2638 5835 52.3197
2639 4301 38.3979
2640 4542 52.8363
2640 4846 28.3864
2641 5894 103.844
2642 3158 13.4966
2642 3824 128.85
2642 5279 114.638
2643 3290 14.9461
2645 3236 98.2912
2645 5108 63.9764
2645 6061 152.67
2646 3740 31.0208
2646 4714 39.1736
2646 5551 57.1909
2647 4676 77.7969
2648 3096 17.1165
2648 4454 114.312
2649 4760 80.8265
2650 4699 88.3382
2650 4852 25.7564
2650 5314 82.7253
2651 2679 23.0865
2651 4289 74.1825
2652 3769 92.8233
2652 5461 76.0608
2653 2857 31.3877
2653 3796 88.4061
2654 3669 32.3811
2654 3820 19.8079
2654 3939 52.8759
2655 3060 50.651
2656 4102 22.2439
2656 4120 112.877
2656 4761 89.6357
2656 5392 85.5663
2657 4098 29.4526
2658 3771 126.101
2658 4920 67.2935
2658 5495 33.9734
2659 3102 54.822
2659 4340 64.5658
2659 6019 77.4065
2660 2896 61.9638
2661 4919 66.1618
2661 6020 19.2458
2662 3911 48.8152
2663 5410 54.628
2663 5512 30.2007
2664 4247 39.4043
2665 4965 60.7087
2665 5837 85.4648
2665 5963 33.6495
2666 3085 65.6869
2666 3643 74.6673
2667 5034 88.1763
2667 5084 77.2241
2668 2969 40.1225
2668 4785 85.8516
2668 4857 63.2536
2668 4979 15.0752
2668 5816 73.0014
2669 5334 49.2995
2670 4266 2.82677
2670 4872 33.4563
2671 4556 4.16513
2671 5997 34.7614
2672 5431 30.0369
2672 5555 59.3592
2673 4790 131.085
2673 6065 76.2536
2675 3368 18.0757
2675 4372 43.9387
2676 2902 33.294
2677 3070 44.3356
2677 3710 30.0965
2677 5007 15.5721
2678 3130 68.8522
2678 4543 53.6975
2678 5872 72.0741
2680 3204 91.0079
2680 4441 53.6304
2680 5051 86.4957
2681 5191 23.7497
2681 5852 28.0636
2682 6001 9.30392
2682 6105 33.4107
2683 4504 15.8322
2684 2899 110.413
2684 4484 40.4611
2685 4569 57.1916
2685 4964 54.2537
2686 3106 48.8324
2686 3481 87.862
2687 4001 33.8923
2687 4117 97.9755
2687 4290 72.0909
2687 4876 58.2241
2687 5820 90.1547
2688 4689 41.0706
2689 4140 73.9363
2690 4233 44.8744
2691 3652 4.81195
2691 4966 79.7693
2691 5161 79.6575
2691 5758 56.7817
2692 4643 42.8855
2693 3038 55.1064
2693 4432 44.6188
2693 5236 26.9669
2694 3814 33.6032
2695 4588 26.5117
2695 5060 55.6892
2695 5969 93.6776
2696 3371 67.8444
2696 3542 41.343
2696 3595 87.0392
2696 4908 15.511
2697 3509 64.0082
2697 4457 50.5553
2697 4797 18.427
2698 4903 74.3706
2698 5642 25.5858
2699 4405 46.4766
2699 5327 60.6604
2700 3178 66.1935
2701 4199 65.9977
2701 4766 61.5516
2701 5479 44.4763
2701 5843 21.6213
2702 5540 40.763
2703 3876 48.4524
2703 5156 40.6753
2704 5216 3.09622
2704 5396 66.2936
2704 5926 38.3709
2705 4030 68.5239
2705 4244 73.4726
2705 4758 85.1117
2706 4943 87.387
2707 4901 51.8941
2707 5050 77.1622
2707 5183 28.0074
2708 3875 63.2854
2708 4092 35.4984
2708 5084 52.1415
2708 5360 51.2218
2708 5775 18.0313
2709 3666 93.1969
2710 4943 112.052
2711 4611 54.1679
2711 5262 133.583
2712 2727 50.5268
2712 4414 47.6233
2713 4396 72.8329
2713 5447 84.7665
2714 3295 75.2266
2715 2758 20.2779
2715 3137 74.2494
2715 5796 58.6544
2717 2731 33.6736
2717 5188 45.9141
2718 5009 40.0343
2719 2876 31.4385
2719 4871 42.3835
2719 5109 75.4278
2720 3162 68.1082
2720 3868 71.205
2720 5966 11.5829
2721 4913 63.9503
2722 3285 59.1055
2722 3437 52.6045
2723 2877 84.9762
2723 3529 80.8076
2724 4035 60.2868
2724 4516 18.908
2725 5082 74.8501
2725 5655 27.2822
2726 3109 70.9636
2726 3855 98.8157
2726 3890 67.091
2726 4427 38.1618
2726 4591 67.2292
2726 4639 85.7257
2727 3477 56.3559
2727 3878 23.4579
2727 4414 32.6866
2728 4951 113.055
2728 5372 97.8454
2728 6056 94.3595
2729 3020 111.087
2730 2752 62.7748
2730 5464 58.0344
2731 5188 30.4655
2732 3242 92.6722
2732 3455 69.6651
2733 3433 50.4321
2733 3661 51.0759
2736 3294 42.0339
2736 4577 19.5646
2736 5428 45.1794
2737 2936 82.2913
2737 3637 58.2463
2737 5850 27.1012
2737 5996 59.9725
2738 4554 63.3408
2738 4593 32.3774
2739 3222 66.5953
2740 3104 71.2447
2740 5394 23.7107
2740 6069 41.8282
2741 5332 116.878
2741 5481 30.0772
2741 5483 38.997
2742 2792 38.7517
2742 4934 11.3668
2742 5384 106.954
2743 3326 38.8573
2743 4043 76.1497
2744 5552 62.5303
2745 4696 6.85096
2746 3133 20.915
2746 5593 21.8516
2747 5333 110.34
2747 5903 72.0863
2748 3908 151.902
2748 4238 53.4782
2749 3181 85.7571
2749 5112 29.8685
2750 5415 47.6755
2750 5467 64.4166
2750 5695 64.9532
2751 5920 66.5618
2752 5048 42.3893
2753 4477 70.928
2754 4125 51.0843
2754 4927 57.6343
2755 3352 41.6422
2755 3590 65.1573
2756 2853 133.931
2756 3551 69.6388
2756 3562 133.015
2756 5793 111.513
2757 3181 90.1474
2757 4425 36.4904
2758 3137 56.4552
2758 4085 94.0607
2758 5796 63.8091
2759 3073 27.8422
2759 4273 54.9405
2760 3620 32.4993
2760 4078 17.9689
2760 5025 38.9482
2761 2948 35.7128
2761 2956 36.1632
2761 5074 18.1541
2762 5114 92.336
2762 5350 65.265
2764 4575 74.6454
2764 6034 61.6569
2765 3508 34.7504
2765 4181 32.9205
2766 4967 107.701
2767 4348 125.491
2768 6084 24.651
2769 3454 99.2674
2769 3691 111.263
2770 3084 82.1812
2770 3321 73.5871
2770 4460 29.6072
2770 4866 47.3272
2770 5781 47.3867
2771 4288 30.4041
2771 5160 7.26014
2772 3731 52.7808
2772 4485 12.6519
2772 4904 28.0247
2773 5011 57.8389
2773 5230 17.8998
2773 5581 54.7958
2774 4462 55.7975
2774 4533 98.0471
2774 5421 86.3133
2775 3879 47.0629
2775 5804 21.955
2776 2809 44.9297
2776 4435 21.187
2777 3379 63.8741
2777 4612 84.2166
2778 3236 65.7659
2778 5600 44.5137
2778 6061 62.1933
2781 4162 54.6208
2781 5223 49.6051
2782 3711 81.4078
2782 4600 91.8402
2783 5919 45.9562
2784 3662 69.3657
2784 5812 14.216
2785 4303 40.7747
2786 3104 116.476
2787 5857 73.399
2788 2953 67.7119
2789 3665 69.9323
2789 3865 61.0478
2789 5255 41.0843
2789 5686 73.8989
2790 3610 51.9493
2790 3696 43.7519
2790 5365 11.7256
2791 3412 61.0979
2791 4494 67.8966
2792 3824 80.705
2792 4934 44.6066
2792 5384 42.3488
2793 3664 41.7872
2793 5742 81.0831
2794 3933 80.4578
2795 3941 104.219
2796 5081 59.6179
2796 6043 39.8181
2797 5203 73.0209
2797 5387 58.8406
2797 5863 80.1889
2798 5073 103.782
2799 4995 33.8337
2800 4958 90.7349
2801 5873 48.435
2802 4869 83.8531
2802 4978 76.9598
2802 5730 84.9076
2802 5743 77.6897
2803 2868 64.6657
2803 4100 54.9298
2803 4126 89.5348
2803 5699 27.1535
2804 2856 52.66
2804 4982 80.3337
2804 5994 64.7441
2805 4271 36.5361
2805 5929 30.9094
2806 4034 79.7179
2806 5361 102.63
2807 3644 70.5268
2807 3811 36.9476
2808 4235 82.2912
2808 5361 73.4987
2809 4434 138.335
2809 4435 37.12
2809 4955 47.5553
2810 3026 6.31568
2810 5353 36.8957
2810 5643 21.4238
2811 3743 16.7026
2812 2884 57.0675
2812 3065 39.8537
2812 4493 48.7921
2812 5757 25.4393
2813 4675 11.3524
2814 4765 45.9334
2815 4216 110.081
2815 4468 96.6585
2815 5065 129.494
2815 5833 112.234
2816 4083 48.7386
2816 5339 53.7888
2817 4946 23.7292
2818 5731 73.1705
2818 6093 28.2754
2819 4778 46.1085
2819 5009 39.7098
2819 5859 15.3578
2820 3514 88.6292
2820 4269 73.4336
2820 4505 109.866
2821 3591 106.763
2821 3707 74.8053
2821 4517 6.24326
2821 5688 72.2421
2822 2838 86.0037
2822 3114 31.425
2822 3460 51.8671
2822 5420 103.227
2823 3041 52.1455
2823 3053 104.714
2825 3018 79.1012
2825 4975 23.1587
2826 4678 30.1477
2826 5976 59.4412
2827 2883 99.4943
2827 3506 71.583
2827 5106 71.0138
2828 3145 46.7704
2828 3742 114.07
2828 6101 29.0892
2829 4132 27.0648
2829 5975 47.7399
2830 3449 77.4786
2830 5046 86.8512
2831 5136 82.7448
2832 2953 18.4476
2833 5313 53.1509
2834 3406 51.3702
2834 3991 28.2488
2834 4827 96.9627
2835 3391 38.8926
2836 3170 111.959
2836 4835 136.55
2837 4263 60.0092
2837 5838 102.957
2839 2844 124.483
2839 4261 188.366
2839 5290 17.6808
2839 5468 91.0915
2839 5851 12.1644
2840 3554 34.4654
2840 4264 24.4749
2840 4894 24.1701
2841 2852 103.318
2841 3046 106.09
2841 3464 76.4042
2842 3212 50.8431
2842 6057 81.2043
2843 3199 37.1653
2843 3737 45.4606
2844 4261 39.8078
2844 5851 92.6452
2845 4956 58.6206
2845 5018 108.78
2846 3658 13.2013
2846 4252 23.2447
2846 4971 42.8139
2847 4537 51.6878
2847 4566 38.0958
2847 5129 38.2664
2847 5827 23.2029
2848 3473 57.2372
2849 3281 55.7548
2849 3864 79.0956
2849 5143 88.7578
2850 3584 116.654
2850 4056 106.614
2850 6030 95.0879
2851 3214 65.5163
2851 4557 74.0568
2852 2981 71.2296
2852 3540 80.4934
2853 3562 75.5323
2853 5925 39.127
2854 5880 58.3487
2855 2885 73.5538
2855 3059 36.5229
2855 5386 84.3331
2855 5706 91.3333
2856 2952 62.6394
2856 3785 50.6598
2856 4996 67.3891
2857 3796 82.7433
2858 5569 54.6159
2858 6023 74.8658
2859 5943 123.691
2860 4376 51.3444
2860 5974 8.19118
2861 4937 29.5543
2861 5509 66.5535
2863 4008 54.1077
2863 4236 76.5847
2863 4801 65.7953
2863 5794 44.3703
2864 5761 46.3639
2865 3172 83.8594
2865 4257 46.022
2866 3833 33.9083
2867 5002 65.8006
2867 5506 60.7804
2867 5875 74.3218
2868 5699 68.5993
2869 4359 64.8124
2870 2916 27.3919
2870 3259 49.5404
2870 4889 86.8466
2870 5052 63.5367
2871 5322 71.5951
2872 3142 59.6674
2873 4067 81.9106
2873 6083 36.2589
2874 4177 54.0033
2874 5657 62.061
2874 6003 52.3753
2875 4203 40.9708
2876 5109 62.5353
2877 3529 36.7106
2877 4263 71.7156
2878 4300 68.0731
2878 4507 61.7337
2878 4868 59.0705
2879 3428 82.0851
2879 5841 38.686
2879 6074 52.2358
2880 3894 59.2474
2880 4452 76.1096
2880 5610 23.27
2881 3288 71.2584
2881 4452 63.6013
2882 4738 8.71624
2882 5979 57.5905
2883 3445 48.1325
2883 3506 52.106
2883 3913 81.6355
2883 4482 27.8557
2883 4954 34.4047
2884 3065 32.677
2884 5757 22.0281
2885 3965 55.3088
2885 4519 61.5629
2886 5791 104.766
2887 2933 52.2646
2888 4087 63.0086
2888 4342 23.0517
2889 5466 27.2226
2889 5509 76.717
2890 3898 75.5534
2890 4400 58.3471
2891 5846 159.112
2891 5951 33.5765
2892 3694 41.6467
2892 4166 41.6754
2892 5580 58.8063
2893 3056 70.087
2893 3640 42.256
2893 3951 50.9036
2894 3195 89.3416
2895 3331 52.673
2895 3428 65.796
2895 5841 83.3055
2896 4082 44.2249
2897 3028 34.0694
2897 5251 23.6901
2899 3029 45.3919
2899 4484 27.893
2899 5202 51.6091
2900 3877 20.4843
2901 5683 104.689
2902 5200 37.3628
2903 5954 65.3339
2904 3655 82.9581
2904 4143 24.318
2904 4384 30.3954
2905 5618 110.606
2905 5697 99.969
2906 3835 82.0894
2906 4487 9.27796
2907 3622 63.7385
2907 5549 74.8176
2908 5411 129.752
2909 5306 52.2641
2909 5514 40.522
2910 5065 74.7419
2910 5833 100.175
2911 3271 44.9843
2911 3956 44.4639
2912 3381 62.4055
2912 5532 76.4211
2913 5134 43.9507
2914 3776 25.4694
2914 3945 29.2765
2914 5276 61.131
2915 3576 77.3391
2915 3836 74.3456
2916 4057 70.9397
2916 4889 51.9122
2917 3436 63.0471
2917 4624 114.016
2917 5945 41.446
2918 3289 71.7618
2918 4292 90.8957
2918 5995 65.7529
2919 3757 44.3201
2919 4526 61.8061
2919 5443 70.9416
2920 5274 25.2762
2921 3735 42.0249
2922 4476 70.4959
2922 5442 62.3132
2923 3722 74.8287
2924 3768 64.3015
2924 5452 97.9966
2925 3659 57.8025
2925 5454 124.32
2925 5806 88.6498
2926 5539 76.2213
2927 3704 48.9935
2927 4294 81.5233
2927 4564 40.8724
2927 4627 86.7904
2928 3025 54.9238
2928 3929 38.2095
2928 5660 18.1912
2929 3919 33.093
2931 5056 101.086
2931 5839 48.8909
2932 4437 105.671
2932 4668 83.173
2934 2989 65.7431
2934 4239 33.0883
2935 3230 29.2828
2935 4236 66.7018
2936 3370 55.621
2936 4116 32.7605
2937 3088 66.8755
2937 3917 24.265
2938 3427 31.2635
2938 5012 24.8716
2938 5157 29.1481
2939 5325 55.7229
2940 3963 24.6673
2941 3368 74.6756
2941 3430 59.0601
2941 4372 92.6031
2942 3370 66.4735
2942 3639 53.6
2942 4720 50.4108
2943 3828 96.4708
2943 4618 94.0016
2943 4973 59.8574
2943 5036 11.1023
2944 3393 28.3827
2944 3703 71.6595
2944 4819 74.6312
2945 4466 93.0327
2945 4687 31.6036
2945 5765 79.2085
2946 3486 51.7313
2947 3125 101.311
2947 4332 73.2743
2947 4500 111.324
2948 4745 71.3932
2948 5074 42.5531
2949 3960 61.6124
2950 3033 90.4651
2950 3569 78.7977
2950 6098 17.6154
2951 4950 56.2617
2952 3720 35.0124
2954 3638 66.519
2954 3732 86.3678
2954 5979 82.8047
2955 4436 62.633
2955 4495 83.24
2955 5908 58.7123
2956 4453 27.3599
2957 3438 47.8025
2957 3672 49.8967
2957 5771 73.9829
2958 4294 81.5653
2959 4863 42.5186
2960 5663 98.598
2961 5080 92.245
2961 5928 74.3277
2962 3267 80.9399
2962 3757 60.1321
2962 4526 63.7157
2962 5443 69.4604
2962 5989 99.1221
2963 5192 95.79
2964 3806 10.5712
2964 4194 26.7589
2965 3254 70.4412
2965 4628 39.2624
2966 2991 118.377
2966 3810 67.8393
2967 3344 101.768
2968 4075 22.3015
2968 4244 69.5268
2969 4785 72.541
2969 4979 33.443
2969 5816 68.359
2970 3210 80.8632
2970 4592 38.7556
2971 4185 21.1304
2972 4717 58.6828
2972 5247 14.3733
2972 5323 62.1879
2973 4122 23.3907
2973 4923 140.278
2974 3011 75.2863
2974 4692 14.0905
2974 5291 58.914
2975 3407 18.2624
2975 5015 28.4805
2976 4701 73.4687
2976 5319 102.299
2978 3538 91.7347
2978 5218 39.8967
2978 5773 39.7233
2979 3210 34.0868
2979 5014 66.1835
2979 5385 66.6176
2979 5460 35.2355
2980 4724 22.6495
2980 5754 72.9903
2981 3545 59.28
2982 3836 61.0507
2983 3322 51.791
2983 4553 119.214
2984 5125 86.5628
2984 5429 52.8818
2984 5755 79.0018
2985 3611 118.644
2985 6080 57.448
2986 3945 81.6481
2986 4982 121.646
2986 5523 100.835
2987 3481 3.54939
2988 4230 45.3332
2989 4239 70.4037
2990 3097 59.4741
2990 5602 45.5906
2992 4157 28.5915
2992 4667 46.7389
2992 4976 35.3777
2993 3448 27.4358
2993 5092 49.3298
2994 4983 67.2926
2994 5710 53.6548
2995 5655 58.6826
2995 5803 81.5658
2996 3548 87.4309
2996 4616 40.3253
2996 5860 67.2971
2997 4063 88.526
2997 5071 94.2645
2997 5208 122.305
2998 4112 107.775
2998 5487 37.4461
2999 3446 47.3119
2999 4433 30.779
3000 3257 113.032
3000 5793 27.2553
3001 3201 107.626
3001 4644 102.165
3003 3043 68.0338
3003 3839 89.8567
3003 5294 45.4805
3004 3310 70.1635
3005 3898 34.7844
3006 3138 77.0174
3006 5668 24.9359
3007 3246 25.5289
3008 3972 65.2912
3008 4237 57.1643
3008 4536 62.197
3009 3768 73.5333
3009 3961 118.165
3009 5301 16.633
3010 4309 59.2502
3011 3110 12.5134
3011 4692 71.1614
3012 5200 56.5189
3013 3733 68.1128
3013 4169 81.7239
3014 4622 25.2746
3015 4343 55.8132
3015 4604 96.7217
3015 5613 64.7961
3016 4366 82.434
3016 5069 30.0127
3017 3903 33.4266
3017 4041 88.2198
3017 4275 78.4343
3018 3112 130.422
3018 4975 31.6396
3019 3330 22.6176
3019 5730 43.9598
3020 4756 48.4717
3020 4923 90.6563
3020 5567 61.3085
3020 5837 81.1717
3021 3263 83.5663
3021 5455 62.4708
3022 4997 86.9234
3022 5626 28.6063
3022 5677 47.3871
3023 3905 133.274
3023 4498 62.0499
3024 3135 50.4401
3024 3232 112.173
3025 5660 71.3642
3026 5353 41.8556
3026 5643 18.6588
3027 4149 30.2866
3028 3658 33.0791
3028 5251 41.3531
3028 5930 98.4204
3029 4484 34.316
3029 4990 63.0493
3030 4464 166.306
3030 5107 55.8241
3031 3231 97.8707
3032 5486 51.0781
3034 5122 18.0225
3035 3093 67.8299
3035 5918 56.8845
3036 4807 71.3698
3036 5766 68.6176
3037 4783 37.2464
3037 5433 35.2875
3037 5937 20.7473
3038 4432 60.7019
3038 5236 9.08752
3039 3308 35.6153
3039 3687 60.6735
3039 3873 63.0896
3039 5562 89.0546
3040 4107 29.6231
3040 5546 130.467
3041 4197 84.6946
3042 5786 33.944
3043 3839 44.1638
3043 4165 70.1058
3043 5168 42.8207
3044 6012 60.2366
3045 5363 30.8634
3046 3464 59.4986
3046 3541 71.9711
3046 3788 16.0457
3047 3680 94.8477
3047 5138 25.4403
3047 5921 101.375
3049 5040 50.0078
3050 5303 41.2653
3050 6022 33.7407
3051 4688 42.617
3051 5603 28.2412
3052 3817 49.2295
3052 4165 37.4752
3052 5168 56.3745
3053 4356 79.263
3054 3901 73.1273
3054 4688 104.436
3054 5037 27.9836
3056 3951 72.6448
3056 5434 69.373
3057 5459 53.167
3057 5677 53.1221
3058 3255 18.6599
3058 3700 43.2366
3059 5386 87.0075
3061 3566 57.6522
3061 4065 42.8488
3062 4364 37.9086
3063 5727 94.8436
3064 3588 51.9227
3064 4377 39.5577
3065 5757 39.0376
3066 4992 33.1331
3066 5735 89.403
3067 3850 55.6868
3068 3651 85.2663
3068 3978 91.5065
3069 3345 64.4195
3069 4695 40.9501
3070 4900 87.9993
3070 5007 57.7329
3071 4323 88.6267
3071 6018 37.7988
3072 4193 39.6091
3073 4273 31.2067
3073 5892 81.0222
3074 3885 82.9144
3075 3185 33.0021
3075 5422 84.5315
3076 4395 10.403
3076 4494 75.6664
3077 3187 120.832
3077 3305 52.5183
3077 4841 40.7659
3078 3462 46.6235
3078 4476 57.0059
3078 5267 25.2726
3078 5589 41.8979
3079 3725 59.0072
3079 4016 33.8988
3079 4781 73.3767
3080 3219 57.0293
3080 3347 36.7395
3081 3253 93.256
3081 5435 45.7199
3082 3342 34.6316
3083 3561 72.2303
3083 4744 55.957
3083 5028 62.4012
3084 3321 58.1453
3085 3643 40.2212
3085 5025 82.4576
3085 5130 58.1784
3086 4458 80.9167
3086 4705 64.7423
3086 4773 110.167
3087 5035 140.32
3088 3361 48.3396
3089 5140 63.3463
3090 4739 83.8842
3090 5368 13.9377
3091 4062 110.354
3091 5175 133.104
3091 5769 89.0534
3092 3125 76.8349
3092 5529 43.104
3092 5676 57.9419
3093 4698 87.1889
3093 5611 35.0779
3093 5734 47.2817
3093 5918 23.8005
3095 5893 11.4381
3096 4454 82.361
3097 5076 27.4516
3098 5332 32.3749
3099 3327 59.2861
3099 5571 45.2994
3099 5701 14.78
3100 5398 33.2975
3101 5154 66.4579
3103 3987 65.678
3103 4285 55.4505
3104 5394 102.64
3105 3798 34.6207
3105 3941 57.9883
3106 4492 44.996
3107 5057 70.1462
3108 4500 81.545
3108 4875 28.7363
3108 5139 36.7475
3108 5343 52.1279
3109 3890 86.1112
3109 4427 19.7842
3110 4692 153.302
3113 5257 42.7397
3113 5935 89.9396
3114 5420 71.5364
3115 4190 87.7588
3115 6066 94.8196
3116 3221 46.8578
3117 3487 84.3606
3117 4341 35.918
3118 5266 8.90241
3118 5911 51.2058
3119 3156 67.3102
3119 4009 56.8877
3120 3959 28.7425
3120 6084 89.9262
3121 3331 85.1568
3122 3544 32.8267
3122 5719 85.9283
3123 3315 56.5892
3123 4834 28.4202
3124 4998 45.7883
3125 4332 111.707
3126 3155 92.3044
3126 4192 51.2252
3128 5406 4.90988
3128 5795 35.3619
3129 3470 75.7378
3129 4589 73.5431
3130 3623 67.7542
3130 5872 8.44407
3131 4410 74.563
3131 4507 65.2523
3132 3439 55.1308
3133 5593 35.38
3134 4308 11.0589
3135 3981 62.4284
3135 4058 103.397
3135 4922 92.0902
3136 3301 90.1257
3136 3505 102.484
3137 4085 69.0161
3137 5796 87.4812
3138 5668 77.5762
3139 4680 39.5798
3140 3554 36.9107
3140 4264 36.7503
3140 5825 141.492
3142 5431 51.7535
3143 5286 71.0559
3144 4502 113.015
3145 3756 35.261
3145 4054 117.933
3146 3539 116.397
3146 4131 80.7784
3147 3721 29.7906
3147 5278 2.99588
3148 3765 93.4271
3150 4652 60.954
3150 5439 27.4246
3151 3218 88.8354
3151 3871 39.6062
3151 4968 62.5728
3151 5249 52.6103
3152 4350 113.878
3152 5163 84.3221
3153 3526 72.7979
3153 3830 65.2946
3153 5705 59.5352
3154 5587 46.5733
3156 4986 86.6304
3158 3824 163.441
3158 5279 92.4744
3159 6058 31.3299
3160 5102 44.0903
3160 5228 30.1949
3161 3278 32.3575
3161 3950 75.7652
3161 4820 49.5041
3161 5401 125.167
3163 3231 69.4865
3163 5470 40.3132
3164 3362 92.9341
3164 4551 5.12012
3168 3583 46.1048
3168 3852 72.8458
3168 3866 71.7921
3169 3705 78.4047
3169 5097 114.783
3170 4022 28.1435
3171 4609 89.6449
3172 4289 31.5695
3173 4702 50.7488
3174 4210 59.9198
3174 5305 124.63
3176 4368 88.2271
3176 5569 47.4742
3176 6023 22.6123
3177 4227 63.4679
3178 5313 75.7335
3179 3889 7.26815
3179 3927 64.8085
3179 4805 34.3077
3179 5104 60.2026
3180 4274 64.168
3180 5847 35.97
3182 3730 67.4397
3182 5898 83.6349
3183 3366 34.5625
3183 4168 68.9698
3183 4933 26.1209
3184 4254 45.461
3184 4439 36.061
3184 5762 59.5607
3185 4149 33.2386
3185 5422 44.7758
3186 4475 84.6005
3186 4806 71.3561
3186 5839 84.9477
3187 4096 74.545
3187 4841 72.3015
3188 5961 71.7158
3189 3936 83.0274
3189 4587 84.3021
3189 4765 32.1584
3189 6015 30.1626
3190 5258 37.2305
3191 5453 82.6933
3192 3756 43.6673
3192 4276 22.3511
3193 3918 7.71917
3193 5233 49.9231
3193 5760 74.0257
3194 3529 121.073
3194 5184 91.5415
3194 5478 72.7397
3195 4558 51.2951
3196 4885 11.2962
3196 5544 64.8961
3197 3764 101.926
3198 4138 64.3233
3198 4336 77.9521
3198 5444 45.5343
3198 5556 46.1847
3199 3737 4.13958
3199 5782 49.04
3200 3803 64.5652
3200 4365 34.312
3201 4644 41.3812
3202 3215 51.6223
3202 3676 82.1914
3202 3843 40.6064
3202 5033 57.6077
3202 5797 44.8478
3203 3575 68.5738
3203 4245 89.5502
3203 4479 31.2785
3203 4722 28.1353
3204 5051 36.9981
3205 3250 86.8265
3205 4148 64.2916
3206 5941 53.634
3207 3276 82.7816
3207 5179 94.6741
3208 4151 43.7672
3208 5120 48.7129
3209 3849 44.4737
3209 3943 62.9106
3209 4648 65.4104
3210 5460 9.50801
3211 4070 54.7646
3211 5650 20.5656
3212 3287 61.7502
3213 3228 41.6994
3213 5171 46.0056
3214 4557 71.4522
3214 4774 79.167
3215 5033 24.9314
3217 4627 75.5206
3217 5484 51.0457
3218 4968 36.5269
3219 3347 25.1592
3219 5674 90.2507
3220 3998 33.3348
3222 4771 55.17
3222 5939 115.223
3223 3495 66.0619
3223 5333 66.4018
3223 6053 81.7467
3224 4655 77.0061
3225 3613 142.24
3225 4176 89.3277
3226 4302 58.642
3228 3466 106.453
3228 5171 16.5937
3229 3545 76.2129
3230 4236 125.069
3231 5397 64.327
3231 5470 73.1417
3233 4651 95.499
3233 5709 25.7012
3234 4602 62.2793
3234 5530 49.9888
3234 5606 56.8512
3235 3621 84.0617
3235 4584 64.4975
3236 5600 32.0262
3236 6061 29.095
3238 3426 52.6066
3238 5231 81.1034
3239 4935 92.448
3240 4279 31.9235
3240 4347 57.2332
3240 4700 44.9564
3240 5571 81.8276
3241 3751 68.3444
3241 5096 95.7673
3241 5555 76.0478
3243 3296 50.0981
3243 4229 57.2696
3243 4544 23.0586
3244 4218 19.4903
3245 4447 64.7968
3247 3829 105.775
3248 4518 54.9881
3248 5373 30.3214
3249 3900 51.259
3249 5643 50.9283
3250 4148 31.9686
3251 4352 74.1069
3251 5885 73.1278
3251 5967 65.4781
3252 3346 31.1693
3252 3893 88.4261
3252 4524 36.1835
3252 5890 70.1349
3253 4792 103.361
3253 5435 95.3851
3254 4379 74.8864
3254 4628 8.64496
3254 4676 66.7758
3255 3700 57.6871
3255 4386 62.1289
3256 3585 78.2976
3256 4896 102.932
3257 5199 55.477
3257 5235 51.757
3258 4535 16.509
3258 5702 55.7069
3259 5891 62.4867
3260 5858 91.8255
3261 4569 34.2383
3261 4964 89.6084
3262 4541 28.8427
3262 5407 26.1601
3264 3473 46.5555
3264 4222 77.9699
3264 5648 51.6575
3267 4743 47.5367
3267 4782 47.1283
3267 5989 53.175
3268 3858 60.7192
3268 4337 71.0885
3269 5647 75.5796
3269 6008 30.6471
3270 4985 160.455
3271 3861 55.7656
3271 3956 3.86952
3271 4158 22.1754
3271 5922 46.3483
3272 4582 67.3792
3272 4759 64.2099
3272 5690 41.6631
3273 4218 48.0343
3274 3442 82.7041
3275 3460 49.5173
3275 4647 49.9277
3277 5720 60.1481
3278 5204 99.474
3278 5601 100.449
3279 4287 62.6482
3279 5818 96.1134
3280 3624 72.5377
3281 4553 68.9501
3281 4583 26.8554
3282 4774 92.1936
3282 4985 105.205
3283 4071 74.9106
3285 3955 92.2914
3286 5089 61.1526
3287 5301 84.9485
3288 3799 113.27
3288 3825 99.6876
3289 5995 25.807
3290 4977 93.5923
3291 5151 63.5139
3291 5510 55.172
3292 4393 82.7484
3292 4637 50.9366
3292 5035 114.396
3292 5338 67.8227
3293 3699 44.3604
3293 4830 19.3055
3293 6039 83.2934
3294 4577 37.9164
3294 5428 47.5459
3295 5722 89.059
3296 4229 45.4197
3296 4544 76.5585
3297 4811 50.3626
3297 6025 56.4505
3298 3488 106.324
3299 4769 19.1967
3300 5146 125.949
3300 6011 107.067
3301 3528 87.8434
3302 4192 23.325
3302 4375 111.563
3302 5259 21.9371
3302 5543 52.0224
3303 3443 18.1975
3303 3574 15.8896
3303 5181 35.4952
3304 5317 101.416
3304 5528 100.004
3305 4096 86.9484
3305 4841 56.1901
3306 3493 65.5477
3307 3773 60.7593
3307 3810 28.1367
3307 5627 29.4699
3308 3687 37.922
3308 3873 54.1833
3309 3724 93.2663
3310 4323 34.7892
3312 4351 48.7684
3312 4893 93.7445
3313 3938 58.5882
3313 5507 64.6732
3314 3782 81.5583
3314 5246 27.9888
3315 4777 78.3947
3315 4834 50.914
3315 5612 89.7621
3315 5948 98.3219
3316 4798 72.2309
3317 3360 47.152
3317 3856 46.2344
3318 5008 39.1266
3318 5072 48.6793
3318 5379 120.364
3319 5733 45.6798
3321 4866 66.0626
3322 3571 84.3054
3322 4553 50.7309
3322 4583 111.009
3324 4333 55.6856
3324 4677 66.4674
3325 3729 60.93
3325 3955 80.1755
3325 4121 118.854
3325 5574 52.1629
3326 4043 64.4429
3327 5037 82.8308
3327 5701 43.0785
3328 4310 3.05644
3328 4327 43.6049
3328 5308 56.4602
3329 5266 41.5346
3330 5730 29.1297
3330 5743 76.9028
3332 4665 105.466
3332 5277 47.0978
3333 4389 65.6178
3334 3475 33.8674
3334 3841 70.0532
3334 4455 84.752
3335 4983 60.4624
3335 5978 39.2002
3336 4303 71.5832
3336 5049 45.1025
3336 5654 75.1236
3337 3692 93.2013
3337 4909 111.317
3337 5788 46.2473
3338 4854 40.89
3338 5691 57.5699
3340 5987 57.7793
3341 3599 80.2817
3341 3896 84.7634
3341 4596 26.4872
3341 5349 72.7348
3342 5846 77.2201
3343 3758 15.854
3343 5100 99.741
3344 5324 60.718
3345 4339 63.1474
3345 5267 31.9389
3345 5589 33.1572
3345 5952 25.3797
3346 4524 23.9556
3348 4802 95.7995
3348 4945 28.6033
3349 3874 71.5429
3349 4262 82.3743
3349 5561 19.5593
3349 5897 72.637
3350 5207 79.704
3350 5217 37.4515
3350 5899 67.1248
3351 4320 40.0313
3351 5239 37.004
3352 3590 90.7097
3353 5621 64.1872
3355 5245 64.4498
3356 4354 49.1742
3356 4824 59.8129
3356 5370 55.7537
3356 5575 35.8812
3356 5867 39.8122
3357 3498 115.326
3357 4331 100.939
3358 3835 62.8153
3358 5594 63.4493
3360 4983 44.9595
3361 3912 96.095
3362 3534 51.4031
3362 4551 66.1634
3363 4051 84.3435
3363 4752 98.1219
3363 4839 36.8976
3363 5739 40.1141
3365 5250 47.8449
3366 4365 47.2632
3366 4933 77.9322
3366 5969 51.5664
3367 5845 62.3027
3368 3430 85.5518
3368 4372 8.74898
3369 5306 31.4484
3370 4116 91.9654
3370 4720 44.4172
3371 5767 79.7325
3372 4000 79.3746
3373 5284 49.4827
3374 3537 34.3552
3374 3996 42.4726
3374 4733 35.8813
3374 5260 35.4347
3375 5609 39.4724
3376 3471 70.4893
3376 5690 52.762
3377 5062 20.6768
3377 5174 32.4324
3378 4513 13.5005
3378 5032 56.5165
3380 4153 69.4963
3380 5480 60.8788
3380 6005 85.8068
3381 3465 71.4301
3381 4496 56.8616
3382 3769 37.0629
3383 3734 58.0231
3383 4673 4.35419
3383 5066 50.0933
3384 4315 119.28
3384 5153 111.734
3385 3989 35.062
3386 3608 22.2325
3386 4514 46.6218
3386 5763 38.1956
3387 4387 75.48
3388 5622 62.8201
3388 5879 41.4653
3389 5018 31.3305
3389 5210 86.0167
3391 3705 112.558
3392 4242 75.1285
3392 5858 93.4058
3393 4819 28.6123
3393 4969 93.317
3394 3695 53.4361
3394 3882 35.2314
3395 3670 70.0269
3395 4389 12.1998
3395 6092 19.6065
3396 3957 71.3642
3396 5525 36.5079
3396 5931 39.7461
3397 5124 51.6489
3397 5187 46.6473
3397 5823 54.289
3398 4335 75.5628
3398 5111 90.6184
3398 5711 79.012
3399 4947 16.8592
3399 5287 20.2665
3400 3966 2.70593
3400 4523 29.4187
3400 4780 35.2359
3400 5996 35.6464
3401 4306 66.8945
3401 4895 40.7068
3402 3411 98.547
3402 5904 61.3489
3403 5541 14.5788
3404 4704 37.6114
3404 4847 43.6138
3405 4713 42.5769
3405 5389 12.7092
3406 3991 17.5517
3406 5410 19.6949
3407 5015 31.067
3407 5221 49.0285
3408 5570 50.1758
3409 5344 92.4462
3409 5957 66.7614
3410 4904 56.3394
3411 5904 21.5287
3413 4029 83.7606
3413 4110 61.0666
3413 6017 3.55793
3414 5186 96.824
3414 5800 77.6839
3415 3888 33.1557
3415 4630 69.853
3415 5861 52.998
3417 4102 67.0662
3417 5623 66.1766
3418 4069 64.2764
3418 5352 25.3726
3419 6081 44.8199
3420 4595 57.7763
3420 4781 48.8088
3422 3567 64.3712
3422 4709 58.4092
3423 4735 28.8891
3423 4833 85.5426
3424 3900 32.8646
3424 3907 28.8158
3424 5067 75.7624
3425 4183 68.5741
3426 5231 67.6114
3427 5012 9.34214
3427 5157 27.9668
3428 5841 49.2914
3428 6074 57.8826
3429 5849 52.3624
3430 3847 102.468
3430 4372 71.4741
3430 5829 105.721
3431 3546 45.4139
3431 4865 56.1005
3431 5871 85.3404
3431 6104 70.7401
3432 4412 43.7686
3432 4748 74.7582
3433 3709 85.368
3433 5634 60.9066
3434 3807 45.5664
3435 5240 47.8656
3435 5362 16.3241
3436 5685 61.2242
3436 5945 47.1407
3440 4313 85.2113
3440 4878 68.8812
3440 5913 53.8546
3441 5371 14.7982
3442 5842 88.4743
3443 3574 28.3701
3443 5181 25.9843
3444 3557 60.344
3444 4804 80.4857
3444 5999 20.5938
3445 4482 59.0979
3445 4954 43.9146
3447 4153 70.5237
3447 4543 44.8446
3448 5092 64.2097
3450 4671 28.9245
3450 5051 87.1094
3451 3690 68.7357
3452 4818 36.0944
3452 5521 49.7142
3453 5545 27.2087
3454 3829 87.2949
3455 4255 107.938
3456 5762 51.2674
3457 3974 89.9426
3458 5317 104.745
3459 4202 66.1899
3459 4808 23.0885
3461 4390 64.1274
3461 5189 74.1281
3462 4476 49.2493
3462 5237 54.2827
3462 5267 42.3156
3462 5589 24.2342
3463 5883 44.7988
3464 3788 38.9742
3465 4415 53.1262
3465 4496 8.11432
3465 5011 84.5146
3466 5171 58.1414
3466 5451 101.101
3467 3826 59.442
3467 5193 58.7717
3467 5486 84.4895
3468 3674 11.6758
3469 3937 51.966
3470 5583 50.9346
3471 4582 17.0147
3471 5801 13.9958
3472 4005 118.435
3472 4838 52.1894
3473 5784 65.0156
3474 3683 83.0173
3474 4231 83.216
3474 4938 29.9883
3475 4455 95.1398
3476 4755 12.9897
3477 3553 91.4419
3477 3848 52.6907
3477 3878 49.8408
3477 4414 28.4944
3477 5150 36.5963
3477 5298 38.0639
3477 5388 49.8145
3478 3724 36.0579
3478 4036 45.6553
3478 6080 102.929
3479 3869 105.63
3479 4017 73.4193
3479 5646 55.4383
3480 4620 59.1632
3482 5639 85.5274
3483 4331 101.874
3483 4658 78.1731
3484 4315 43.4443
3484 4508 26.8407
3486 3592 75.0227
3487 4341 27.0017
3488 4288 104.48
3489 4077 91.4999
3491 4763 25.4022
3491 5807 79.712
3492 4144 30.6323
3492 4305 23.5572
3492 5162 41.4141
3492 5877 32.2794
3493 5154 80.6626
3493 5968 65.7978
3494 3535 34.9527
3494 4541 32.7204
3494 5063 84.5254
3495 5540 95.8181
3495 6053 69.8622
3496 4360 93.9014
3496 5502 76.3643
3497 4611 101.877
3498 4331 124.257
3499 4750 57.2288
3499 5507 68.0865
3500 5337 24.2463
3500 5562 63.2056
3501 3907 35.5421
3501 4050 50.3461
3502 5919 31.5315
3502 6025 51.9237
3503 4074 42.9308
3504 3910 44.9921
3505 5300 30.0842
3506 4482 60.2675
3506 4954 77.8597
3507 3989 31.7324
3507 4201 32.3188
3508 3781 53.0482
3508 4181 81.621
3508 5315 72.6225
3509 4457 37.0966
3509 4797 51.1331
3510 5056 146.944
3511 3575 81.3243
3511 3593 76.2404
3511 4245 102.168
3512 4072 108.757
3514 4269 54.4655
3514 5522 78.8883
3515 3843 23.8819
3516 5876 34.5571
3517 3723 84.387
3517 4005 86.2736
3517 4953 85.9935
3518 3914 47.2091
3518 5282 63.1856
3518 5364 63.1616
3519 5170 65.0884
3521 3548 25.9739
3521 4579 55.0315
3521 4842 92.0384
3522 3579 28.0002
3523 3606 41.0796
3523 4470 35.3836
3523 5176 31.4074
3524 4731 9.14977
3525 3755 100.617
3526 4129 85.7987
3528 5155 60.0147
3529 5478 32.601
3530 5848 57.9095
3531 4974 43.8902
3531 5498 55.5879
3532 5240 42.9997
3533 4121 111.098
3533 4325 78.8574
3534 3679 122.692
3534 4307 75.1553
3535 3893 74.4375
3535 5890 81.1842
3536 3881 60.0553
3536 4026 17.4491
3537 3996 98.9681
3537 4733 4.3001
3537 5260 5.96678
3538 4879 51.8051
3538 5218 22.7484
3538 5593 67.6389
3539 4899 23.4212
3539 5068 31.3188
3540 3545 92.7671
3542 3595 45.2925
3542 4908 55.7001
3543 4603 96.0479
3543 5468 101.332
3544 4866 40.1348
3546 4865 50.7019
3546 6104 128.852
3548 4616 37.1285
3549 4994 87.1769
3551 5925 81.1831
3552 3797 88.1916
3552 5285 31.5528
3552 5348 59.7462
3553 3848 21.0029
3553 3878 78.7116
3554 4264 6.32427
3554 4547 35.3018
3554 4894 28.9387
3555 4626 95.6282
3555 5705 105.77
3557 4804 51.8815
3557 5999 79.5601
3559 3754 67.6902
3559 5640 22.8338
3560 4012 62.5532
3560 4381 30.9718
3560 4710 80.7335
3560 5092 65.4082
3561 5028 76.7309
3561 5692 82.4901
3564 3895 57.1301
3564 5073 32.3409
3564 5273 55.2861
3565 4003 59.9399
3565 4788 77.9981
3565 5707 96.8382
3566 4065 73.4074
3567 3823 79.0072
3567 4080 63.2811
3567 4438 62.0852
3568 4659 49.5367
3568 5189 94.4134
3569 6098 64.7479
3570 5039 48.1348
3571 3632 56.5935
3571 4332 89.8316
3571 4553 76.0008
3572 5167 60.5316
3573 3656 27.729
3573 5119 42.0161
3574 5181 40.0365
3575 3593 111.933
3575 4245 15.459
3576 4105 54.2653
3576 4806 64.9594
3577 4786 51.2652
3577 5547 39.661
3578 4067 22.5184
3580 4949 103.782
3581 6033 70.5628
3582 5857 81.3931
3583 3866 53.8661
3584 4056 108.89
3585 4693 122.52
3586 4411 36.5877
3586 4428 68.503
3586 4540 59.2487
3586 4561 44.1591
3586 6075 37.1918
3587 5400 78.9664
3587 6054 77.1077
3588 4377 18.7937
3589 4376 20.1628
3589 5449 36.9446
3589 5974 53.9338
3590 3763 71.5101
3590 5499 45.4086
3591 4517 72.4667
3591 5688 62.1601
3592 4638 52.5877
3592 6097 88.9364
3593 4749 90.4798
3593 4771 146.564
3593 5939 124.016
3594 3946 92.7436
3594 5822 42.535
3596 4030 61.9089
3596 4567 89.3251
3596 4742 67.5598
3597 3671 49.6542
3597 5134 52.0309
3597 5616 44.2995
3598 4864 30.9826
3598 5299 107.181
3600 4073 29.4089
3600 4111 32.4313
3600 4896 35.1629
3600 5741 31.2502
3601 4431 112.427
3602 4159 54.2247
3602 4283 50.4358
3603 3838 71.0249
3603 5023 49.6384
3603 5190 97.1063
3603 5704 49.4142
3604 4707 39.9164
3604 5376 70.1568
3605 3804 33.7705
3605 4312 67.9317
3605 5489 8.28598
3606 4470 22.8804
3606 5176 31.3147
3606 5770 156.074
3607 3694 22.3364
3607 5679 25.5724
3607 6052 86.1283
3608 4514 52.3571
3608 5205 57.0503
3608 5763 32.2194
3609 3668 64.0339
3609 4649 75.3591
3609 5229 114.617
3610 4443 53.8733
3610 5365 53.7069
3611 5416 70.7487
3612 4011 70.7432
3612 4426 73.6307
3612 5776 59.5562
3613 5286 69.039
3613 5845 158.614
3614 4297 104.248
3614 5088 34.2218
3617 3664 67.6531
3618 4510 86.9392
3618 4866 85.7575
3619 4167 72.0407
3619 5115 34.0601
3619 5903 52.3789
3620 4078 59.0225
3620 5025 73.13
3621 4287 90.483
3622 4010 129.734
3622 5549 45.5459
3623 5872 110.805
3623 6005 104.868
3624 4123 18.2239
3624 4916 30.1601
3625 4216 15.9116
3625 4292 120.473
3626 4926 134.661
3627 3629 79.1712
3627 3973 35.4435
3628 5222 79.9253
3629 4138 62.4116
3630 5596 80.5945
3631 4529 18.4278
3631 5448 37.7342
3632 4332 94.3573
3632 5343 45.7814
3632 5689 67.0823
3633 5583 59.6585
3634 4087 30.2849
3634 5779 39.7826
3635 4594 64.3897
3635 4679 37.7379
3635 4891 89.5823
3635 5326 27.443
3636 4727 57.2941
3637 5850 35.276
3637 5987 68.6045
3638 5432 88.1048
3638 5641 44.908
3639 4989 29.0646
3639 5503 94.8613
3640 3951 73.474
3641 5191 114.889
3642 3923 64.8236
3643 5025 73.0564
3644 3693 28.7799
3644 3811 51.4383
3645 3987 74.5098
3646 3684 76.3147
3646 4008 66.4932
3646 4801 51.723
3647 5312 42.0424
3648 4477 44.2695
3648 4898 80.9174
3648 5403 46.3342
3648 5469 73.9669
3649 4501 107.827
3649 4585 50.7591
3650 5450 69.3253
3650 5729 76.7524
3650 5753 29.8011
3650 5836 65.5142
3651 3978 120.402
3651 5768 44.4109
3652 4966 68.6538
3652 5161 40.5238
3652 5758 62.5054
3653 3892 78.0994
3653 3995 46.4268
3654 3915 98.2841
3654 5702 114.48
3655 4143 82.8059
3655 4384 97.6721
3656 4005 119.159
3656 4361 48.3581
3657 4787 78.8781
3657 5414 40.8119
3658 4252 26.3348
3658 4971 41.2913
3659 5454 53.8602
3659 5806 122.861
3660 3730 61.1199
3660 4212 46.536
3660 4915 58.3764
3660 6079 10.02
3661 4658 97.9866
3662 5812 57.9
3663 5656 65.9674
3665 3865 48.5474
3665 4045 54.4548
3665 4219 56.3648
3665 4814 42.4013
3666 4322 60.1292
3667 3671 74.5059
3667 5121 84.0793
3668 4061 54.8074
3669 3820 30.401
3669 3939 81.2692
3669 4505 101.401
3670 4371 89.9853
3670 4389 86.137
3671 5134 62.3405
3671 5616 53.6912
3673 4253 25.886
3673 4382 94.5951
3673 4463 75.8129
3674 4360 94.4366
3675 4086 87.4989
3677 3842 67.7699
3677 6056 51.0294
3677 6107 82.5763
3678 4669 32.0236
3678 5003 55.2969
3678 5408 55.6282
3679 5032 86.075
3680 4579 32.928
3680 5921 18.0069
3681 5341 58.2432
3681 5394 44.399
3681 6069 58.7421
3682 3871 21.9019
3682 5249 11.8499
3683 4966 32.7148
3684 4008 31.8224
3684 4801 26.1401
3685 4412 49.4292
3685 4748 56.8721
3685 4832 89.1568
3686 4163 85.0645
3686 4796 62.293
3686 5652 11.3818
3688 4807 56.0824
3688 4857 57.9249
3689 4074 48.9405
3689 4278 59.1622
3689 4296 9.67842
3690 4580 58.0255
3691 3790 120.394
3692 4206 101.151
3692 5592 103.992
3692 5788 73.9909
3693 3811 47.7337
3694 5679 32.3707
3695 3882 55.9741
3695 5911 42.862
3696 5365 37.207
3697 5578 65.2582
3698 4280 69.505
3698 5620 96.0195
3698 5835 44.6873
3699 4830 63.124
3699 5940 84.223
3699 6039 49.6204
3701 4108 107.696
3701 4631 95.8088
3701 4918 50.0726
3704 4627 61.788
3706 4921 61.8984
3706 5732 40.6046
3707 4517 82.7963
3707 5530 53.5654
3708 4980 74.4729
3709 5634 48.9062
3710 4900 112.723
3710 5007 33.8772
3711 4600 56.2127
3711 5141 92.2222
3712 5174 63.637
3712 6078 125.855
3713 3807 22.3147
3713 5956 33.667
3714 4234 65.8364
3714 4773 52.0459
3714 5396 56.9457
3715 4894 30.8631
3715 5721 50.3818
3715 5814 9.0971
3717 4905 101.406
3717 5095 96.0162
3718 4681 89.5167
3718 4795 34.5532
3719 3749 82.3044
3719 3926 40.4408
3719 4084 65.2448
3719 4316 25.0219
3721 5278 33.6997
3722 5382 96.9093
3723 4953 11.1395
3724 4036 50.857
3724 4480 41.023
3725 4016 79.4586
3725 4781 95.8006
3726 5180 41.0001
3726 5485 68.7119
3727 4925 16.6875
3727 5195 44.401
3727 5548 39.9153
3729 3955 21.9111
3729 5472 117.774
3730 4915 25.1162
3731 4485 55.0408
3731 5671 64.608
3732 3840 122.545
3732 4635 85.8507
3733 4706 64.7045
3734 4673 34.7954
3736 3750 46.9233
3736 5423 20.4295
3737 5782 43.0241
3738 4683 82.2885
3738 6004 30.2344
3739 4183 33.8551
3739 4570 40.095
3739 4826 75.6298
3740 3761 48.3512
3740 5551 70.7275
3740 5659 78.6275
3741 3925 69.1838
3743 5194 97.6318
3744 4221 109.901
3744 4999 96.7045
3744 6071 71.63
3745 4378 34.1586
3745 4558 133.897
3745 5808 9.62707
3746 4870 143.409
3746 5391 43.1614
3747 3800 17.8872
3747 4322 81.6953
3749 3926 40.1125
3749 4014 132.177
3749 4316 77.8924
3750 5423 88.1794
3751 4114 99.6589
3751 5096 34.1784
3752 4019 33.2479
3752 4490 6.97696
3753 5774 81.9742
3754 4010 89.6569
3754 4225 92.9883
3755 4232 86.9315
3756 4276 45.1073
3756 4888 35.3603
3757 4526 7.70735
3758 3962 60.2183
3758 5100 63.6981
3759 5114 65.5002
3760 4849 69.4254
3761 5659 63.4549
3762 4760 30.0293
3765 4721 67.06
3766 5214 53.0679
3766 5483 101.443
3767 4127 74.0379
3768 5301 53.4876
3770 3863 74.373
3770 5853 132.118
3771 4920 120.473
3772 4418 22.1695
3773 5978 53.9354
3774 5572 44.4898
3775 4186 47.2281
3775 4614 37.2936
3776 3945 34.0026
3777 4106 103.878
3777 4800 56.5853
3777 5335 95.1168
3778 4706 51.7471
3779 4871 38.8362
3780 4359 37.7827
3780 4493 50.3765
3781 5315 34.8173
3781 5488 101.646
3782 5246 44.5486
3785 4776 51.1297
3785 4996 68.9314
3785 5836 86.2208
3786 3979 30.0412
3786 4430 38.3948
3787 5557 49.3292
3789 4632 66.9918
3789 5291 45.2419
3789 5915 32.8261
3790 6088 32.6841
3791 4134 15.9065
3791 5105 66.7032
3791 5869 43.723
3792 4637 68.6447
3792 5338 12.7748
3793 4510 110.558
3793 5612 56.8875
3793 5781 26.9274
3793 5948 44.9209
3794 3853 56.7075
3794 5932 26.1172
3795 3899 39.8496
3795 6002 96.6375
3797 5285 104.998
3797 5348 54.9134
3798 3941 88.7031
3799 6073 90.2165
3800 4322 45.3288
3801 5615 71.951
3801 5963 115.925
3802 4319 45.0175
3803 4168 73.6812
3804 5215 45.0078
3804 5489 39.6339
3806 4194 39.4705
3806 4214 35.2565
3807 5956 35.8378
3808 5058 59.0189
3808 5508 56.2747
3809 4047 14.4978
3809 4057 36.0104
3809 5675 52.8467
3810 5627 33.1203
3811 5378 47.5055
3812 5275 22.2138
3813 5977 39.4319
3814 5595 88.2999
3815 4272 48.2323
3815 5885 69.5703
3816 4119 6.79216
3816 4758 81.4922
3817 4165 51.7315
3818 5574 15.6775
3818 5752 29.2764
3819 4066 71.4709
3819 5078 46.8405
3820 3939 42.6829
3822 5048 76.0785
3822 5464 107.965
3822 5477 49.622
3823 3928 61.9913
3823 4056 121.05
3823 4080 34.4104
3824 5384 48.2794
3825 4385 34.6708
3825 6073 77.7678
3826 5193 40.8055
3826 5765 65.3304
3827 4161 90.6042
3827 4656 8.43072
3827 5171 54.6011
3828 5036 122.953
3830 5101 66.0767
3830 5705 19.0565
3832 5274 72.8282
3833 6068 99.0005
3834 4120 138.241
3834 4358 54.9575
3834 5727 149.449
3835 4487 66.4128
3835 5594 9.90057
3837 5143 115.854
3838 5190 52.992
3839 4165 34.1183
3839 4650 79.4327
3839 5168 42.7022
3840 4635 90.6307
3841 4455 68.3904
3843 5797 45.2947
3845 5553 68.2753
3846 4267 107.557
3846 5500 97.3379
3848 3878 56.5961
3849 3943 48.21
3849 4648 26.9939
3850 5874 107.807
3850 5891 71.0518
3851 4029 45.8033
3851 4110 75.7828
3851 5179 96.4445
3853 4113 63.3056
3853 5932 83.102
3854 4520 53.6458
3855 4591 126.117
3855 4639 19.6564
3856 5288 24.6525
3856 5682 58.989
3857 3932 71.686
3857 4491 41.5882
3857 5736 49.3655
3858 4337 122.773
3859 5649 23.9027
3860 4081 83.4277
3861 3956 43.6944
3861 5922 34.4231
3862 4554 54.8968
3862 5398 43.1661
3863 4805 46.6194
3864 5143 50.9269
3865 4045 55.0586
3867 4475 40.2212
3867 5983 47.2181
3868 4257 119.253
3868 5055 33.0614
3868 5966 32.7965
3870 5117 41.0078
3871 5249 15.1489
3874 5561 75.102
3875 5775 53.6466
3876 5156 29.0424
3877 5587 74.5403
3878 4414 29.2006
3879 5804 45.4511
3880 4073 88.3839
3880 4111 36.5946
3881 5698 73.2285
3883 6090 52.4567
3884 4536 39.7116
3884 4903 38.161
3887 4657 35.3447
3888 4630 18.3536
3888 5861 36.974
3889 4805 46.4722
3890 4427 75.7174
3890 4591 84.3227
3891 4890 15.6711
3891 5725 32.3907
3892 3995 20.3027
3892 5318 47.8291
3892 5322 88.3074
3893 4524 99.7817
3893 5890 7.83011
3894 5610 126.605
3895 4664 40.3725
3895 5073 62.7389
3895 5508 56.2861
3895 5984 60.646
3896 5349 52.2989
3896 5917 52.5928
3897 4729 110.949
3897 4753 63.4907
3898 4400 117.402
3898 5809 86.4928
3900 3907 34.736
3900 5067 25.4903
3901 5037 87.254
3902 3984 19.83
3902 5254 68.7447
3902 5473 63.2204
3903 4041 57.3045
3903 4275 82.3148
3904 4565 40.3236
3904 5194 56.081
3905 4272 149.882
3906 4880 72.942
3906 5505 69.2141
3907 5067 29.8247
3908 5269 77.1885
3909 5064 73.4822
3911 6049 56.2312
3913 4482 43.774
3913 4548 82.9722
3913 4954 46.2717
3914 5282 90.1598
3914 5773 98.3256
3916 5802 88.587
3918 3921 64.7905
3918 4936 69.1513
3918 5233 76.492
3920 4886 64.8779
3921 4632 34.5054
3921 4936 27.8439
3921 5233 67.584
3922 4713 79.4746
3922 5582 2.60169
3924 4369 35.1622
3924 4883 118.682
3925 5649 75.1069
3926 4316 20.0022
3927 3985 70.9217
3927 5104 20.2476
3928 4080 60.7683
3929 5354 26.9745
3929 5660 25.7151
3929 6095 42.0942
3930 4739 58.8539
3930 6077 79.0661
3931 4530 36.9502
3931 5744 51.0248
3932 4491 58.5435
3932 5895 40.3029
3934 4531 59.428
3935 4063 19.6136
3935 4728 29.0801
3935 5071 41.7867
3935 5265 34.3711
3936 4765 64.7682
3938 4972 62.7837
3940 4417 79.4874
3940 5586 10.358
3942 6096 43.5513
3943 4648 23.5501
3944 5444 68.2419
3946 5822 49.5711
3946 5954 52.8165
3947 4293 56.7593
3947 6029 67.1042
3948 5889 11.1662
3949 5553 48.288
3950 4820 16.4773
3951 5434 43.3605
3952 4663 42.2794
3952 4992 60.0888
3952 5070 73.6504
3952 5664 57.6265
3953 5118 29.5886
3954 4501 98.0118
3954 5098 24.8414
3954 5282 64.8217
3955 5472 61.0787
3956 4158 16.1381
3956 5922 36.48
3957 5153 56.0018
3957 5931 17.4337
3959 5046 64.1178
3960 4610 49.8337
3960 6014 38.3962
3962 5100 27.1248
3964 5430 34.8993
3964 5646 126.354
3965 4268 14.4844
3966 4780 51.216
3966 5996 30.1864
3967 5103 62.7789
3968 4667 38.1905
3968 5813 49.495
3969 4960 21.6823
3971 4407 40.5083
3972 4237 86.161
3975 4711 34.5837
3975 4823 28.7301
3975 5546 68.1823
3976 5750 109.743
3977 5405 82.9753
3979 4430 40.1299
3980 4815 45.6954
3980 5636 92.124
3981 4058 39.5607
3981 4922 76.3466
3982 4757 51.1638
3983 5375 120.84
3984 5254 88.0659
3985 5104 88.7827
3986 5958 57.0733
3987 4285 66.0071
3990 4286 41.451
3990 5027 26.7609
3991 5410 42.0113
3993 4670 21.4925
3993 4767 36.1783
3994 4858 36.7676
3996 4733 97.6651
3997 5047 76.3268
3998 6000 45.592
3999 4454 116.363
4001 4876 29.5727
4001 5820 48.5256
4002 4250 32.8199
4002 6101 78.0009
4004 4887 146.818
4004 5056 148.48
4005 4838 132
4006 4363 71.2618
4006 4567 78.796
4006 5427 101.493
4008 4801 22.0243
4009 5718 66.5302
4011 4426 66.8866
4011 5776 23.678
4012 4381 37.9662
4013 4170 18.8462
4013 4437 42.468
4013 4613 11.885
4014 5141 101.323
4015 5229 142.5
4015 5494 38.303
4016 4781 44.5523
4017 5646 49.9777
4018 4617 29.2467
4018 4654 91.8862
4018 6057 52.5679
4019 4490 34.1453
4019 4988 41.2992
4019 5790 128.587
4020 4089 72.9776
4020 4271 22.834
4020 4497 40.4956
4023 4726 48.5697
4023 5280 39.3374
4023 5359 14.2252
4024 4432 73.8853
4024 5516 26.3747
4025 4966 39.7834
4025 5053 98.8129
4026 5059 74.9824
4027 4512 69.8098
4027 4970 86.6921
4027 5607 100.401
4028 4398 37.5113
4028 4562 23.9942
4029 4110 107.424
4030 4567 10.1032
4030 4742 75.7581
4032 4501 77.5434
4032 4585 61.16
4032 5098 96.4801
4033 5091 67.8663
4033 5787 91.3734
4034 4235 167.975
4036 4480 16.4519
4037 4599 25.3328
4037 6012 32.3633
4038 5258 68.3618
4038 6016 10.8362
4039 4431 67.144
4039 5393 55.3388
4040 4981 31.9865
4044 5733 53.5799
4045 4814 9.89341
4047 5675 39.441
4049 4393 92.9655
4049 5035 85.3194
4049 5137 78.1178
4050 5637 78.3444
4051 4406 22.3968
4052 4287 36.6092
4052 4568 34.5831
4053 4697 57.3592
4053 5377 41.4086
4057 4182 39.1563
4057 4789 36.7459
4057 4889 20.0114
4059 4256 23.465
4059 5694 34.3782
4060 5304 120.748
4060 5770 63.782
4061 4945 77.0153
4062 4880 62.8499
4062 5505 82.5862
4063 4728 52.8735
4063 5071 46.1565
4063 5265 23.6357
4064 5652 55.238
4064 5591 63.4327
4066 5078 75.2179
4066 5111 60.5811
4066 5658 108.249
4068 4407 37.2891
4068 5728 37.5125
4069 5352 48.312
4070 4578 75.4636
4070 5128 65.6803
4070 5650 58.1367
4070 6102 71.5485
4072 4103 100.574
4073 4111 33.4345
4073 4896 48.4419
4074 4296 51.0728
4075 4244 57.9473
4076 4142 64.1352
4076 4820 59.144
4076 5099 73.8796
4078 5025 40.1186
4079 4545 51.0873
4079 4615 89.1265
4080 4438 123.679
4082 5764 115.825
4082 5857 66.5377
4083 4220 88.9683
4083 5339 33.2294
4083 5849 34.8695
4084 5632 137.489
4085 5796 91.5142
4087 4147 50.8499
4087 4342 42.7896
4088 4867 79.5936
4090 4546 15.2102
4090 5810 29.7206
4091 5595 93.4712
4092 4674 41.5055
4092 5360 27.7528
4093 5663 92.9345
4093 5982 136.019
4094 5262 113.697
4095 5474 45.7661
4095 5756 62.5121
4096 5955 61.5389
4097 4311 76.684
4097 4723 21.6737
4097 5474 53.4968
4099 5629 47.5855
4100 4126 40.5188
4100 4555 83.8178
4100 4685 75.458
4100 5717 91.9277
4101 4343 87.1518
4102 5623 82.8211
4103 5988 69.5915
4104 4949 101.382
4105 4806 82.2366
4107 4317 110.916
4107 5546 89.8809
4108 4340 36.6068
4108 4918 34.4211
4108 6019 102.394
4109 4635 89.6163
4110 6017 50.1492
4111 5741 55.389
4112 5487 67.9025
4115 4442 70.7255
4117 4290 36.3504
4117 5797 77.3497
4118 5184 64.2429
4118 5478 78.4029
4118 5714 22.8297
4119 4758 99.1867
4120 4358 78.8951
4120 4761 67.9552
4122 4923 87.5331
4123 4916 17.0241
4124 5829 27.1994
4125 4177 32.3004
4125 4927 56.9733
4126 4685 12.4412
4126 5717 108.397
4128 4453 34.733
4129 4367 100.347
4130 4745 53.6443
4130 5377 73.787
4130 5817 109.29
4132 5975 30.4253
4133 5131 68.2468
4134 5105 53.2245
4134 5869 39.0671
4135 4686 90.2552
4135 4691 75.5789
4135 5631 102.18
4136 5219 9.81916
4136 5700 42.1297
4137 4230 67.7662
4137 5097 58.3829
4138 5444 76.9323
4138 5556 58.7019
4139 4701 57.5648
4139 5736 50.0729
4140 4212 53.7259
4140 6079 62.5805
4141 4947 55.2627
4142 5099 18.4413
4142 5647 98.095
4143 4384 45.1879
4144 4344 75.3364
4144 5877 62.5668
4145 5456 61.7282
4146 5001 59.8623
4150 4597 96.4636
4150 5132 51.1434
4150 5212 27.8171
4150 5538 25.9112
4151 5120 34.9577
4152 5409 83.0261
4154 4942 45.2025
4154 5102 83.806
4154 5228 52.3463
4155 5379 103.901
4155 5517 50.4145
4156 5907 117.981
4156 6011 39.5198
4157 4508 41.2281
4159 4283 78.5719
4160 4180 45.7269
4160 4604 63.9691
4160 5613 114.323
4161 4656 90.3815
4162 5223 21.136
4163 5652 112.252
4164 5121 77.968
4164 5533 75.6052
4165 5168 8.89488
4166 5580 38.9516
4166 6042 43.8353
4168 4968 107.938
4170 4613 29.0758
4171 5718 28.0354
4172 5734 50.7836
4173 4794 33.5993
4173 5798 91.3481
4178 5700 59.4054
4179 5116 82.5576
4179 5353 50.2171
4179 5419 53.6664
4180 4209 73.8121
4180 4604 77.9806
4181 4598 70.1153
4182 4789 5.25845
4183 4570 33.4219
4183 4826 44.1437
4184 4304 67.5172
4184 5293 49.3486
4184 5824 66.7748
4186 4614 45.1122
4187 4391 61.5013
4187 5896 62.0261
4187 6024 101.008
4188 5479 103.936
4189 5407 51.6877
4191 4270 54.2862
4191 4575 67.8759
4191 6034 83.0534
4192 5259 27.3303
4192 5543 36.2421
4193 5256 51.091
4195 5472 127.271
4196 4661 93.3863
4197 5201 70.4652
4198 4479 44.32
4199 4766 9.05639
4199 5479 91.7799
4199 6072 90.153
4200 5901 97.5189
4203 4377 72.0542
4203 5070 94.1113
4204 4387 64.0337
4204 5630 16.1176
4206 4345 47.3044
4206 4909 129.92
4206 5788 97.5353
4207 4324 134.439
4208 4320 78.3522
4208 4718 106.516
4208 5239 97.5743
4211 4775 34.1818
4211 5875 23.8236
4212 6079 57.8312
4213 5345 8.91924
4215 4761 82.4606
4215 5392 50.9509
4215 5759 33.1597
4217 4621 93.3824
4217 6097 48.87
4219 6029 61.6316
4221 5113 43.4827
4222 5648 48.1923
4222 5799 68.8557
4224 5782 22.0553
4225 6028 87.8194
4226 4379 58.2837
4226 4779 21.2202
4226 5716 13.1406
4227 5163 88.5244
4227 5225 6.04365
4228 5437 96.9864
4229 4544 94.2393
4231 4938 64.5791
4231 5678 94.999
4232 4357 89.8468
4232 6008 75.7801
4234 4458 22.3579
4234 4773 23.2717
4238 5269 59.0823
4241 4249 24.2522
4241 4422 60.0696
4241 5153 106.553
4242 4967 95.7809
4243 4938 108.487
4243 5884 66.651
4246 4849 63.4885
4246 5794 75.3515
4248 4488 102.714
4249 4422 38.8835
4251 5451 101.028
4252 5822 92.5537
4253 4382 78.1724
4253 4463 51.6224
4254 4439 7.06404
4254 5762 44.5046
4256 5694 42.9473
4256 5737 72.6572
4258 4346 36.8809
4258 4993 57.6418
4258 5083 60.2636
4259 6012 48.9271
4262 5211 69.2105
4262 5561 68.154
4262 5897 41.7402
4264 4547 26.2256
4264 4894 23.8546
4265 5504 89.102
4265 5879 99.0637
4266 4872 28.0866
4267 5208 84.8412
4267 5500 13.8048
4268 5842 70.9136
4270 4408 95.7835
4270 5950 31.4622
4271 4497 60.4168
4273 5892 58.0446
4274 5847 44.4287
4275 5269 51.1989
4276 4888 16.5815
4278 4296 48.8732
4278 5093 31.2924
4278 5515 68.4256
4279 4347 33.909
4279 4700 22.4305
4280 5380 68.0683
4280 5620 34.822
4281 4570 103.277
4281 5496 50.063
4281 5678 78.8616
4282 4448 23.041
4283 5498 115.55
4284 5125 131.074
4284 5253 38.2336
4285 5440 68.0021
4286 5027 31.6368
4287 4568 76.0213
4288 5160 51.6527
4290 5797 93.3353
4291 5358 48.2162
4291 5482 106.395
4297 4373 46.4809
4297 5088 114.682
4298 4339 41.8803
4298 5237 60.6578
4298 5531 152.927
4299 4309 34.2526
4299 4961 43.5634
4301 4338 31.4479
4302 5126 96.1617
4303 5049 112.189
4304 5824 22.0943
4305 5162 11.4272
4305 5877 79.797
4306 5607 96.4013
4307 5830 72.5633
4308 4629 68.2021
4310 4327 58.0264
4310 5308 38.7179
4311 4723 86.7214
4311 5774 133.908
4312 5489 35.5909
4313 4878 66.3386
4313 5913 22.1184
4313 6100 92.0306
4315 4508 67.963
4315 5894 69.3098
4317 5279 98.8575
4317 5546 75.2881
4318 5901 41.3382
4320 4718 83.3849
4320 5239 66.715
4321 5127 29.8344
4321 6096 66.6084
4323 5063 93.9234
4323 6018 42.2822
4327 5308 27.6519
4328 5307 45.3697
4330 5745 46.3677
4330 6089 7.43241
4331 5617 37.7987
4333 5755 57.8236
4334 4931 47.8571
4335 5588 62.9892
4335 5711 28.7058
4336 5444 88.9972
4337 5473 72.5417
4337 5585 38.6601
4338 4685 53.1196
4339 5237 27.9171
4343 5613 75.8759
4345 4909 37.4799
4347 4700 28.4097
4347 4911 84.6859
4349 5158 57.5597
4349 5369 25.5432
4349 5927 34.9
4349 6088 49.0698
4351 4893 60.5245
4352 5967 64.0673
4353 4809 84.7433
4354 5575 28.7664
4354 5865 97.3336
4354 5867 0.838322
4355 5942 30.6204
4356 5221 71.1842
4357 5992 84.7691
4358 4761 93.3439
4361 5382 44.1642
4362 4587 79.3986
4362 6015 85.0874
4363 5713 81.773
4366 4925 46.2665
4366 5548 33.8279
4367 5101 102.31
4370 6000 84.9102
4372 5292 57.8895
4373 5088 83.236
4373 5561 81.2835
4375 5577 66.0806
4375 5940 42.4073
4376 5449 43.1944
4376 5974 35.5042
4378 5644 25.6185
4378 5808 25.8712
4379 4779 43.1022
4380 4560 60.6534
4381 5092 30.2612
4383 5295 34.6823
4385 5055 96.5892
4385 6073 34.1489
4386 5654 30.6784
4386 5803 112.35
4387 5630 81.1621
4388 5381 49.8585
4388 5696 51.4988
4388 5953 80.2943
4389 6092 14.3206
4390 5189 39.7574
4391 5819 72.3451
4391 5896 11.4595
4392 5284 93.2477
4392 5405 59.7404
4393 5137 27.2241
4394 4609 64.5904
4394 5211 23.4141
4394 5536 111.324
4394 5897 41.8671
4395 4494 78.5223
4396 5447 57.4346
4397 5933 84.8792
4398 4562 10.7567
4399 4774 81.9388
4399 5182 58.1269
4401 5075 81.8854
4401 5870 85.3613
4401 6038 52.0053
4402 4449 77.4696
4403 5252 43.7757
4404 5238 53.3724
4405 5327 49.3266
4405 5588 34.1795
4406 4832 54.4904
4407 5728 61.0831
4409 6083 88.9608
4410 4507 32.0223
4410 4868 66.8295
4411 4540 45.404
4412 4748 15.6311
4413 5965 44.4616
4415 4496 55.2612
4416 4747 43.8588
4417 4716 79.687
4419 4725 52.2604
4419 4944 27.6656
4419 5178 81.4782
4420 4736 83.4991
4420 5309 6.16215
4421 5016 35.5662
4422 5153 78.8246
4422 5525 73.7638
4423 4715 36.8155
4423 4768 21.3767
4424 5304 60.4271
4424 6086 21.4162
4425 5669 64.4105
4426 5776 33.5896
4428 4561 56.4514
4428 5771 76.7081
4428 6075 64.4924
4431 5393 108.717
4432 5236 82.0454
4434 4438 106.606
4436 4495 42.3313
4436 5908 94.7731
4437 4613 63.5038
4439 5111 75.3104
4439 5762 49.3767
4440 5634 65.538
4444 4568 97.6539
4444 5573 52.287
4445 5162 48.5343
4446 5719 11.4349
4446 5949 92.3945
4449 5551 89.9807
4450 4605 21.7471
4450 5839 101.786
4451 5361 46.315
4452 5610 94.3315
4454 5428 68.4011
4456 5376 53.8763
4456 5501 31.4143
4456 5653 89.192
4457 4797 41.8284
4458 4773 38.4772
4458 5537 46.5124
4459 5906 68.2141
4460 5781 37.0998
4461 4877 52.945
4461 5411 110.017
4461 5497 49.0506
4462 5421 38.5221
4464 4472 96.6757
4464 5107 49.5669
4465 4737 80.6913
4465 6037 92.5072
4466 4687 91.7398
4466 5985 50.3454
4468 4716 43.5516
4469 4950 45.4493
4469 5910 50.8324
4470 5176 8.76938
4471 5320 126.673
4471 5356 60.1713
4472 5107 138.619
4473 4848 70.0634
4473 4857 73.8765
4474 4707 80.1068
4474 5490 78.1338
4475 5983 61.8751
4477 5403 51.157
4478 5982 73.7223
4479 4722 8.27202
4481 4549 44.9913
4481 4625 3.11432
4481 5177 77.6498
4481 5790 103.322
4482 4954 14.4962
4483 5272 57.6933
4483 5923 52.032
4485 4904 41.6724
4486 4721 51.3021
4488 5542 43.1915
4490 4988 78.5546
4491 5736 104.604
4492 4661 49.1795
4495 4848 110.082
4495 5766 129.027
4496 5011 44.833
4498 6046 49.8907
4499 4879 9.11984
4499 5593 26.3421
4500 4875 95.0319
4500 5343 102.914
4501 4585 87.4248
4501 5098 72.2535
4502 4751 19.9781
4502 5317 65.1127
4503 5314 66.2923
4504 6024 102.39
4506 5064 41.8998
4507 4868 87.9302
4509 5086 41.7661
4510 5781 115.859
4511 4693 89.569
4511 5234 67.4095
4512 5054 74.1362
4512 5607 59.8379
4513 5032 83.9807
4514 5205 46.2459
4514 5763 26.2084
4515 5440 116.082
4515 5644 77.4278
4517 5688 103.641
4518 5373 40.9889
4519 5402 98.9403
4519 5706 61.0413
4519 5964 70.7575
4521 4699 68.5101
4522 5465 60.336
4522 5811 74.101
4525 5599 41.0076
4525 6006 59.8562
4527 5625 27.8012
4527 5864 61.5841
4528 4891 69.0134
4529 5448 91.39
4532 4812 31.7898
4532 5351 20.9109
4533 5283 65.9779
4535 5702 63.2903
4537 4566 52.1911
4537 5129 40.633
4537 5827 58.2736
4538 4561 122.499
4541 5063 83.7694
4542 4846 23.5389
4542 5152 3.49182
4546 5045 47.1939
4546 5810 39.1881
4547 4894 22.6394
4548 4729 29.1114
4548 4753 73.4652
4549 4625 37.0639
4549 4988 55.9969
4550 5080 48.4536
4552 5149 66.2168
4553 4583 44.2447
4554 4593 29.7432
4555 5552 67.0147
4555 5717 46.9154
4556 5997 40.6034
4559 4734 34.1411
4559 5094 33.5879
4561 6075 10.5501
4563 4778 57.2204
4563 6106 76.5988
4564 5147 66.641
4566 5827 8.91116
4567 4742 92.4434
4569 4964 45.6028
4570 4826 25.8005
4571 4962 32.5279
4573 5233 22.9366
4575 6034 23.5546
4578 5128 43.7235
4579 5921 30.0049
4581 4902 95.766
4581 5462 32.7086
4582 5690 50.707
4582 5801 19.9187
4583 6059 117.42
4586 5364 17.5916
4587 6015 56.678
4588 5969 54.9361
4590 5799 38.4804
4590 6035 74.3929
4591 5071 44.8425
4592 5044 69.4562
4592 5460 26.0057
4594 5326 55.1413
4595 4781 75.8753
4596 6003 67.2874
4597 5914 131.385
4599 6012 55.131
4600 5141 93.251
4601 5475 97.146
4602 5530 65.8993
4605 5983 59.8959
4606 6076 113.341
4608 5977 57.579
4608 6013 37.3929
4609 5536 67.8306
4610 4612 107.566
4610 4791 44.1123
4610 6014 10.6456
4612 4791 60.1016
4615 5305 52.3674
4616 5860 62.9785
4617 4654 37.7222
4617 6057 48.8464
4618 5321 71.216
4619 5955 71.0162
4620 6032 55.5429
4621 5316 42.966
4622 5627 73.5575
4623 5404 29.117
4623 5831 13.4475
4624 5945 100.583
4625 5177 78.0289
4625 5790 97.9085
4628 4676 41.8931
4630 5861 29.4901
4631 5003 134.739
4631 5408 177.194
4632 5233 39.5657
4633 5289 37.0513
4634 5712 38.241
4636 5021 96.4273
4636 5848 180.027
4637 5338 41.6332
4638 6097 49.9021
4641 5262 60.9225
4642 5042 10.4894
4642 5853 39.0014
4646 4920 44.1196
4646 5805 45.1389
4647 5060 28.0549
4647 5868 59.8984
4649 5494 44.8449
4651 5709 97.5657
4652 4732 93.6078
4652 5439 57.4315
4653 5052 69.5416
4654 5110 61.717
4654 6057 9.8016
4656 5171 92.3864
4660 5082 87.4342
4663 5664 25.7406
4664 5058 62.3166
4664 5984 37.9238
4665 5277 111.627
4665 5605 37.3692
4666 4951 45.861
4666 5970 13.2281
4667 4976 46.6005
4667 5997 99.5003
4668 4843 102.761
4668 5417 52.4798
4669 5003 118.337
4670 4767 47.0005
4672 5821 69.4971
4672 5946 5.9403
4674 5360 82.0239
4679 4891 72.154
4686 4855 120.375
4687 5765 65.8958
4687 5791 82.2273
4688 5603 24.9601
4689 5664 96.3894
4690 5584 110.981
4691 5631 6.41194
4692 5291 65.8204
4693 5234 112.514
4694 5576 8.39442
4695 5415 58.7469
4695 5952 57.0002
4696 5427 78.2984
4698 5611 67.5395
4698 5918 71.6893
4704 4847 12.0909
4708 5499 77.9961
4711 4823 50.4414
4711 5546 38.7911
4712 5349 103.689
4712 5917 77.2447
4713 5200 88.1684
4713 5389 42.9161
4713 5582 80.8888
4714 5551 108.972
4714 6047 53.012
4715 4768 33.6313
4717 5247 38.4772
4719 4982 64.6563
4719 5005 17.6061
4719 5336 44.4512
4719 5994 63.8911
4720 4786 51.3062
4724 5754 64.4726
4724 6060 36.3643
4725 4944 80.7561
4726 5280 33.778
4727 5492 72.2001
4728 5254 62.3125
4728 5265 23.4634
4729 4753 111.095
4732 4772 56.3931
4732 5637 54.4553
4733 5260 7.83103
4734 5524 43.3092
4735 4833 37.2534
4736 5309 83.5958
4737 5972 87.5768
4738 5979 42.0975
4739 5368 69.3853
4741 5399 19.652
4743 4782 22.1936
4744 5028 35.942
4745 5377 43.3504
4746 5550 80.9938
4750 4972 40.6338
4751 5317 48.9256
4752 4839 51.7528
4752 5739 78.9396
4756 4923 32.2004
4756 4965 79.1254
4756 5837 88.9878
4759 5464 64.6475
4759 5746 98.4024
4761 5392 58.6479
4762 4910 29.0725
4762 5227 72.408
4763 5807 51.7052
4764 6077 48.3133
4765 6015 70.2654
4766 5843 91.482
4767 5508 42.9026
4769 6052 60.8765
4770 5159 108.056
4770 5856 26.493
4771 5939 25.5551
4772 5637 62.459
4776 5836 77.9077
4777 4834 85.6402
4777 5612 62.184
4778 5009 29.9394
4778 5859 50.816
4779 5716 50.2252
4783 5937 19.0756
4784 5169 5.91727
4786 5097 90.0241
4787 5414 50.9902
4788 5707 52.6246
4789 4889 49.6174
4791 6014 66.9301
4792 5924 93.0077
4793 5138 119.265
4793 5587 88.9191
4794 5604 63.4167
4794 5798 83.8792
4796 5652 59.4442
4796 5708 42.7425
4797 5563 58.355
4798 5340 48.0372
4799 5103 72.1075
4800 5335 123.298
4810 6026 37.5544
4812 5351 14.4555
4813 5528 40.497
4815 5636 79.2512
4817 5933 63.5341
4818 5521 17.7667
4819 4969 84.2848
4821 4984 25.6546
4821 5672 41.9596
4822 5347 85.3688
4822 5578 74.3146
4824 5370 48.6641
4824 5865 72.098
4825 5146 125.982
4825 5418 82.7909
4828 5213 58.5807
4829 5164 30.2259
4829 5434 45.3454
4829 5596 50.9003
4829 5862 82.186
4830 6039 60.9285
4831 5276 21.3984
4831 6003 27.1878
4835 5745 70.3692
4836 6058 61.2417
4839 5739 10.6518
4840 5495 68.8393
4843 5417 46.9299
4843 5726 58.9765
4844 5662 39.8818
4844 5943 84.9528
4845 5493 84.7322
4845 5558 98.4611
4845 5792 133.574
4845 5900 64.6584
4846 5152 22.1919
4848 5019 30.8695
4850 5206 20.0094
4850 5279 112.846
4851 5325 79.8206
4851 6021 69.0375
4853 5355 113.758
4854 5691 47.1102
4856 5077 3.01993
4857 4979 45.28
4860 5542 93.9429
4862 5413 63.7579
4863 5272 66.7493
4865 5871 62.7255
4865 6104 78.1583
4869 5248 100.707
4869 5730 116.71
4870 5391 62.5037
4871 5109 83.2661
4872 6007 68.6484
4873 4957 90.6141
4873 5990 43.9389
4874 5682 67.6366
4875 5169 80.0893
4875 5242 102.789
4876 5820 22.0284
4877 5497 55.3636
4878 5029 64.8634
4878 5913 115.629
4878 6100 83.2732
4879 5593 17.5524
4880 5505 22.7501
4880 5769 78.4223
4882 5050 78.8391
4882 5452 106.726
4884 5289 73.9458
4885 5544 50.7204
4886 4996 64.5994
4890 5725 38.17
4893 5636 58.2492
4894 5721 93.1894
4894 5814 40.4363
4895 5826 49.6919
4896 5741 25.1548
4898 5469 32.5733
4898 5565 95.5174
4898 5866 7.89777
4899 5068 11.3308
4901 5183 36.0707
4901 5382 51.5191
4902 5462 70.6969
4903 5642 48.1069
4906 5817 82.4828
4907 4978 113.062
4907 5248 74.1949
4910 5227 82.6967
4911 4927 56.3584
4913 6072 22.0131
4914 5633 90.7088
4915 6079 58.4144
4916 5504 56.1536
4917 5535 66.6826
4917 5854 10.3508
4919 6020 31.0254
4920 5495 89.5475
4920 5805 70.6975
4921 5363 40.6309
4922 6088 75.9667
4924 5424 47.0802
4924 5947 20.6607
4925 5069 94.5012
4925 5195 60.8283
4925 5548 23.1317
4929 5357 34.2536
4929 5715 17.8496
4930 5281 40.1378
4930 5723 114.522
4932 5135 90.8066
4932 5785 78.1926
4932 5798 40.1253
4939 5674 83.8224
4940 5535 69.2918
4940 5740 28.7088
4941 5358 98.994
4941 5615 88.348
4942 6062 59.1996
4946 5990 74.9332
4947 5287 26.3755
4948 5738 48.4168
4951 5970 61.9723
4956 5018 74.3469
4956 5210 34.1196
4956 5526 43.4794
4959 5597 39.1785
4961 5047 57.6867
4963 5167 87.7519
4963 5270 27.5295
4971 5251 60.1234
4973 5036 58.6685
4974 5498 63.6737
4976 5564 54.7018
4977 4985 63.913
4978 5248 81.1895
4978 5307 92.9714
4979 5019 53.7469
4980 5667 50.9344
4982 5523 46.2151
4986 5986 27.5242
4987 4999 82.4092
4991 5059 55.817
4992 5070 130.459
4994 5742 38.4395
4994 5876 59.8134
4995 5297 52.4419
4997 5459 65.8604
5001 5518 62.7641
5003 5408 6.50917
5004 5972 11.5429
5005 5336 22.9175
5006 5855 34.7692
5008 5072 19.2298
5008 5910 62.9557
5009 5859 60.6624
5010 5043 8.59762
5010 5066 38.817
5010 6067 28.1871
5012 5157 18.0501
5013 5133 44.1498
5013 5628 96.8824
5013 6006 27.5686
5017 5783 96.5818
5018 5210 116.15
5021 5643 96.0916
5022 5170 70.4888
5023 5190 132.855
5023 5704 42.2566
5024 5881 10.9429
5025 5130 68.7004
5026 5651 66.9088
5029 6100 67.1157
5030 5102 79.5293
5031 5568 55.1759
5031 6078 58.3794
5038 5056 67.4165
5038 5684 87.2927
5038 5778 34.1119
5038 6009 34.6007
5041 6010 65.7802
5041 6055 39.5857
5042 5853 72.382
5043 5066 40.8367
5043 6067 31.8225
5044 5460 58.9985
5045 5810 36.1094
5047 5989 66.5315
5048 5477 129.289
5049 5654 59.4602
5053 5375 23.8051
5054 5346 73.0014
5054 5607 88.7013
5054 5840 88.5901
5055 5966 52.0323
5055 6073 101.572
5057 5858 97.3058
5060 5868 58.6672
5061 5666 98.1407
5065 5833 4.30783
5066 6067 58.8402
5071 5265 44.5749
5073 5273 62.3549
5075 6038 46.8057
5076 6075 63.1811
5081 6043 24.6265
5083 5988 84.2669
5084 5360 56.3413
5084 5775 42.8242
5085 5438 3.18718
5086 5888 26.1541
5087 6002 43.6539
5091 5226 44.1495
5091 5670 70.767
5091 5787 62.3585
5093 5287 44.4421
5093 5515 58.0377
5099 5120 64.8222
5101 5705 68.147
5102 5228 67.8976
5105 5869 55.5183
5108 5199 123.77
5115 5903 31.1602
5116 5419 125.133
5119 5382 74.581
5121 5767 15.2277
5123 5819 43.1191
5123 5896 128.95
5123 6044 74.1946
5124 5187 26.1604
5125 5429 83.7824
5125 5477 144.033
5126 5196 50.2969
5127 6096 71.566
5129 5397 123.275
5130 5295 80.3472
5132 5212 38.1742
5132 5538 46.8994
5133 5628 65.5057
5133 6006 59.9122
5138 5860 75.2553
5138 5921 115.456
5139 5343 37.2465
5139 5689 45.6529
5144 5198 20.07
5144 5342 64.4704
5144 5680 54.032
5145 5271 46.1117
5145 5457 75.9684
5145 5724 20.6695
5146 5418 63.5853
5148 5566 119.267
5150 5298 50.1265
5150 5388 23.4096
5151 5510 18.7268
5152 5653 126.168
5154 5968 43.2287
5158 5369 43.5427
5159 5856 53.0824
5161 5758 46.074
5163 5225 94.0811
5164 5434 50.645
5164 5596 20.8635
5164 5862 76.1903
5166 5492 47.945
5166 5998 122.371
5167 5270 61.4061
5172 5261 20.3782
5172 5666 33.5196
5173 5878 28.8766
5173 6063 13.5761
5175 5916 69.3725
5178 5231 23.9933
5180 5485 33.4739
5184 5478 57.0437
5184 5714 101.927
5185 5905 63.0391
5186 5800 102.658
5191 5852 32.7823
5193 5765 73.1059
5195 5502 52.1502
5197 6059 85.2129
5198 5342 75.4955
5202 5513 71.1994
5204 5601 8.26974
5205 5763 77.2116
5206 5279 82.7251
5207 5899 72.6009
5207 6001 107.241
5209 5906 97.9362
5210 5526 12.3835
5211 5897 41.6157
5212 5538 34.2838
5212 5914 65.9305
5213 5496 91.6904
5213 5678 31.4546
5216 5396 70.3946
5216 5926 31.8895
5217 5899 115.777
5218 5593 76.835
5219 5700 49.0731
5220 5232 77.4884
5220 5504 69.7026
5224 5399 76.6991
5226 5670 36.2235
5226 5787 26.9692
5230 5581 69.1198
5232 6031 133.274
5240 5362 67.8518
5241 5244 71.6451
5242 5689 121.892
5243 5446 49.371
5244 5747 83.6779
5250 6082 84.7216
5253 5570 110.14
5255 5686 35.2476
5257 5935 29.4933
5258 6016 110.559
5259 5543 25.3457
5259 6064 50.483
5261 5666 74.3603
5264 5749 45.6389
5267 5589 8.13203
5267 5952 34.241
5271 5724 40.1925
5272 5923 60.0096
5274 5614 69.9375
5276 6003 40.1924
5285 5348 48.9282
5288 5682 65.777
5288 5710 35.7673
5290 5468 95.3647
5290 5851 7.94029
5291 5915 9.70686
5293 5635 79.6991
5296 6094 41.1133
5297 6047 57.5439
5298 5388 40.9098
5302 5834 90.2971
5303 6022 23.0703
5304 6086 95.8983
5305 5458 131.345
5309 6106 67.4071
5310 5635 90.5899
5310 5824 79.2067
5313 5453 71.6491
5315 5488 30.0985
5318 5322 16.9309
5320 5356 80.2897
5320 6065 20.252
5321 5442 71.0328
5327 5986 68.15
5328 5445 91.2521
5329 5445 66.6422
5330 5425 9.9577
5330 6087 26.9236
5331 5623 48.7544
5332 5481 93.1594
5332 5981 68.2543
5333 6053 84.8772
5336 5964 101.605
5337 5562 100.362
5340 5886 56.0545
5342 5680 79.9617
5343 5689 52.7509
5346 5840 45.732
5349 5917 21.8975
5353 5751 35.3611
5354 5660 37.9189
5354 6095 24.0273
5355 5614 77.9145
5357 5715 42.3713
5358 5482 81.5578
5358 5936 86.4566
5360 5775 59.3258
5366 5511 49.965
5369 5727 118.421
5369 5927 69.4318
5372 6056 83.2167
5372 6107 87.8696
5374 5467 113.22
5376 5501 33.3626
5377 5992 108.945
5381 5696 34.0919
5383 5503 84.6542
5386 5706 69.7807
5387 5863 60.6704
5392 5759 77.4124
5394 6069 23.455
5395 5769 88.3209
5395 5935 106.859
5397 5470 59.7406
5400 5667 51.1014
5400 6054 8.39388
5402 5706 90.9054
5404 5831 38.338
5406 5795 44.3362
5410 5512 46.9597
5412 5425 76.0293
5412 5669 41.3819
5412 6087 50.1841
5417 5726 80.7631
5418 5912 119.936
5422 6085 64.9709
5424 5947 44.5411
5425 6087 37.7428
5429 5755 47.9707
5432 5641 40.9841
5432 5979 60.0764
5433 5937 29.3903
5434 5596 41.9618
5436 6070 10.4779
5441 5789 35.7257
5444 5556 128.155
5446 5514 47.829
5450 5729 35.5751
5450 5753 59.3552
5451 5513 83.8688
5454 5806 75.7246
5455 5758 54.5215
5458 5545 75.9343
5461 5769 41.3369
5461 5935 108.833
5465 5805 74.211
5468 5851 95.6748
5469 5866 33.6509
5471 6028 56.7326
5473 5585 78.6253
5474 5740 67.5515
5479 5843 29.148
5479 6072 95.1163
5480 6005 82.6346
5481 5483 59.921
5482 5936 25.0554
5490 5661 63.8722
5492 5802 136.64
5493 5558 23.751
5493 5792 39.4435
5496 5678 82.9858
5497 5559 58.029
5507 6090 78.6921
5522 5638 120.252
5525 5931 82.1817
5527 5971 27.3749
5529 5605 59.6358
5529 5676 19.7664
5534 5695 58.215
5535 5740 62.4186
5535 5854 52.4297
5543 6064 54.9672
5544 5685 55.9861
5544 6085 53.3574
5549 6028 99.8623
5554 6099 121.363
5557 5902 27.679
5558 5792 26.5741
5564 5894 62.9579
5565 5866 87.8797
5567 5837 70.3378
5568 5579 70.4993
5568 6078 85.8431
5569 6023 23.0177
5571 5701 67.907
5572 5687 71.9687
5574 5752 60.4103
5575 5867 26.8034
5577 5940 127.728
5580 6042 43.6116
5585 5975 59.7288
5592 5717 114.934
5598 5698 53.0196
5599 5840 75.9001
5600 6061 25.8006
5605 5676 75.8432
5611 5918 41.0407
5612 5948 47.8125
5615 5837 85.3296
5615 5963 61.9593
5618 5697 10.6273
5623 5905 73.667
5624 6068 78.8487
5625 5864 49.0178
5626 5677 41.3023
5641 5979 114.523
5644 5808 32.4304
5648 5799 111.534
5652 5708 80.3034
5657 6026 57.6981
5660 6095 66.764
5662 5943 28.5076
5665 5744 33.9142
5667 6054 30.2561
5669 5786 21.2937
5684 5778 38.4639
5684 6009 33.0335
5694 5737 62.433
5696 5953 66.0409
5703 6050 12.8351
5711 5785 88.825
5714 5894 111.591
5716 5898 78.6655
5719 5949 117.45
5721 5814 42.4266
5727 5927 57.0905
5729 5994 69.3349
5730 5743 42.397
5731 6093 95.2509
5737 6042 55.4965
5745 6089 67.6286
5754 6027 63.0899
5754 6060 7.92793
5771 6045 76.9772
5778 6009 33.5693
5799 6035 86.5663
5810 6099 88.7036
5819 5896 69.5233
5832 5887 65.3357
5832 5962 71.9234
5836 5994 97.4177
5841 6074 55.9895
5846 5951 121.232
5871 6104 20.3849
5878 6063 55.4531
5885 5967 38.6551
5887 5962 68.2152
5907 5913 114.819
5909 6062 34.658
5934 5956 43.0907
5968 5993 45.2716
5971 6067 76.0063
5981 6031 60.7925
6001 6105 48.2003
6010 6055 90.8641
6027 6060 65.0654
6056 6107 51.849
