4373 8134
0 1641.84 3076.84
1 134.146 949.393
2 1246.25 601.798
3 468.884 3011.96
4 1323.44 3168.79
5 94.5569 3246.6
6 1104.58 324.694
7 2377.56 3257.22
8 975.995 1633.05
9 858.973 1440.14
10 2834.15 680.891
11 968.694 3178.28
12 2395.32 1.69026
13 2317.02 1032.17
14 1331.3 1201.12
15 1453.34 766.456
16 1723.63 3240.71
17 940.626 488.212
18 365.435 2438.96
19 3104.26 1327.02
20 1419.6 2597.34
21 1842.04 1037.84
22 2893.29 2232.31
23 288.605 1440.88
24 531.863 2155.01
25 2240.5 2304.62
26 1897.12 1147.79
27 890.986 941.558
28 1962.96 1503.93
29 2353.67 86.0037
30 2752.23 1049.82
31 140.922 3191.26
32 345.218 3041.7
33 1979.57 233.017
34 669.866 3121.2
35 2275.04 403.086
36 506.226 292.073
37 665.121 149.263
38 1816.85 858.243
39 1549.15 1846.51
40 1329.68 2420.26
41 2346.94 2824.16
42 351.502 468.959
43 1742.07 1136.9
44 2174.77 428.541
45 1803.99 2796.74
46 1309.52 3288.61
47 1548.35 2889.64
48 150.805 1654.28
49 1670.92 1416.05
50 475.93 3183.12
51 3044.32 1812.85
52 861.405 1300.73
53 661.819 3087.21
54 1486.55 761.938
55 2719.81 2314.6
56 3073.01 2928.02
57 533.347 71.4862
58 1261.48 2557.17
59 487.47 1869.82
60 1826.72 2555.69
61 2887.56 445.066
62 587.09 2161.18
63 2712.85 3070.92
64 1480.8 1755.65
65 86.8041 1960.14
66 2096.58 705.348
67 1634.28 1896.52
68 2001.49 1858.58
69 2286.48 149.052
70 864.494 852.593
71 1977.79 66.3309
72 1848.66 2132.26
73 1221.71 2229.1
74 1349.72 1952.55
75 2089.86 80.6343
76 948.563 1899.17
77 1931.89 663.877
78 1517.2 2605.69
79 2355.27 2530.35
80 1939.73 312.873
81 1149.88 120.029
82 1906.34 2868.26
83 1035.59 2423.71
84 1358.07 3087.22
85 293.804 2748.08
86 1639.89 2674.96
87 2730.66 1326.98
88 2387.7 3071.97
89 2349.99 905.69
90 2209.32 186.113
91 1233.63 2709.06
92 1105.93 492.788
93 1738.61 760.013
94 1130.84 2714.06
95 655.715 2569.81
96 201.557 2520.14
97 138.081 577.314
98 2626.12 2529.45
99 1409.72 3264.66
100 1317.78 2232.95
101 2994.23 1738.69
102 2166.37 457.114
103 1589.34 3126.83
104 566.283 662.079
105 766.215 2061.09
106 1695 2161.25
107 1288.96 2623.21
108 1411.7 1032.77
109 3062.85 23.513
110 1651.49 960.94
111 888.018 2216.32
112 1019.82 2302.29
113 1993.02 2167.02
114 2982.48 3208.07
115 2077.49 357.927
116 493.505 2660.27
117 202.737 332.697
118 2311.07 525.221
119 391.376 2116.99
120 481.644 2275.74
121 2489 3177.14
122 319.585 2733.96
123 1028.67 2810.17
124 193.17 1282.33
125 1324.75 2572.13
126 3272.99 1099.59
127 2004.56 3041.38
128 2622.53 303.372
129 1037.2 960.283
130 1168.3 865.078
131 893.007 2968.43
132 2681.69 2221.02
133 1050.97 1213.31
134 661.011 1747.83
135 2335.21 1361.84
136 11.4357 1025.97
137 2368.44 1201.55
138 3243.94 533.102
139 762.744 3229.38
140 2941.76 187.594
141 873.945 1814.45
142 1518.73 2596.99
143 914.132 2015.35
144 1809.34 1582.05
145 1939.9 1416.44
146 762.888 2518.71
147 532.248 2389.72
148 3243.53 294.256
149 3185.45 1660.47
150 3063.94 1498.67
151 468.455 1116.19
152 1956.63 2307.3
153 1838.1 816.918
154 2012.85 2279.96
155 2040.7 797.406
156 2490.57 2594.81
157 2793.82 1707.38
158 172.906 772.674
159 919.406 1680.51
160 1646.28 462.293
161 2367.17 1720.42
162 2767.08 1255.11
163 1429.74 971.174
164 1364.49 1802.72
165 538.189 2608.35
166 2975.26 3047.29
167 944.496 2129.47
168 797.38 2098.86
169 2757.84 2208.35
170 3127.58 2577.27
171 309.055 2623.25
172 772.239 745.651
173 2822.85 185.001
174 2691.16 2179.93
175 845.235 1734.12
176 869.945 2209.67
177 715.348 714.502
178 103.963 1175.21
179 72.1936 3149.68
180 2745.87 1936.24
181 1161.33 852.381
182 3201.14 118.207
183 1785.42 204.939
184 779.376 150.297
185 318.907 2327.23
186 146.008 2962.87
187 973.306 2302.15
188 1465.05 1772.59
189 3019.84 2067.04
190 2521.29 3046.47
191 1344.49 3295.86
192 1880.58 895.969
193 725.912 1496.49
194 2732.21 328.476
195 2409.64 3160.32
196 228.42 3052.8
197 2995.52 1165.12
198 792.094 179.041
199 2330.69 1318.88
200 79.9414 586.51
201 1747.01 2053.25
202 2947.7 679.911
203 2487.9 976.982
204 2293.11 2408.77
205 3264.56 1812.35
206 252.857 696.241
207 3108.45 1606.77
208 3067.74 845.835
209 1713.72 865.454
210 98.5312 894.791
211 2756.09 558.003
212 850.674 2211.97
213 2711.85 2772.98
214 1522.11 2515.29
215 2428.35 2530.68
216 2711.98 167.42
217 1921.02 2771.61
218 2194.48 2443.39
219 1305.9 240.437
220 1744.38 2573.91
221 1491.66 334.679
222 1355.53 2188.02
223 890.186 2116.22
224 99.9194 2519.99
225 553.437 324.61
226 1113.8 650.195
227 3052.18 1077.4
228 2348.17 347.385
229 1571.74 2158.02
230 2514.96 3179.4
231 440.08 2903.83
232 1178.51 10.5982
233 3259.48 56.9176
234 544.724 1681.88
235 2268.98 791.15
236 1441.74 2857.26
237 2895.92 2182.3
238 701.435 2613.68
239 1067.65 1130.34
240 2395.11 924.012
241 137 3181.4
242 368.275 1651.7
243 3041.38 3256.02
244 2994.48 3262.74
245 2775.26 1752.27
246 681.403 2014.67
247 1797.16 988.426
248 1276.11 3137.01
249 77.6992 173.551
250 185.525 501.468
251 3148.25 1539.04
252 2790.5 592.452
253 284.438 2168.34
254 609.458 2349.99
255 1455.89 2029.07
256 207.082 2014.8
257 1722.46 2610.15
258 2964.19 443.099
259 3288.26 140.559
260 3281.69 251.432
261 3090.29 3077.58
262 1410.44 2379.52
263 1414.62 177.575
264 2051.74 295.821
265 10.8304 3230.43
266 2372.86 794.471
267 2778.18 2637.58
268 175.016 3293.18
269 2567.5 522.112
270 2928.22 2810.4
271 263.041 300.683
272 1668.46 765.505
273 1043.46 759.776
274 2798.38 2451.21
275 2614.23 436.987
276 2819.16 3164.24
277 1737.11 2166.94
278 478.544 118.46
279 1837.44 2023.62
280 1751.8 3024.43
281 1057.01 2805.83
282 2070.42 2513.26
283 1753.84 1588.15
284 2559.23 1623.42
285 1484.01 390.248
286 2417.74 2557.85
287 2855.47 1796.39
288 1228.13 2962.23
289 1713.81 1942.64
290 635.125 2504.03
291 3248.2 986.117
292 562.018 829.532
293 2701.32 1602.49
294 3090.49 2542.64
295 1987.28 1778.53
296 2039.94 572.299
297 240.497 3173.76
298 367.355 286.88
299 2602.57 2692.46
300 687.711 2916.4
301 1274.33 3171.39
302 24.3412 2709.79
303 2384.28 2410.64
304 3163.9 1614.77
305 2855.88 450.117
306 1130.34 1997.16
307 2838.09 3007.38
308 1929.89 860.785
309 3226.56 1236.93
310 3229.69 1410.24
311 1660.8 511.709
312 2446.3 583.36
313 2019.81 79.1366
314 2777.26 1678.89
315 326.417 1031.35
316 1561.22 2358.94
317 117.544 1964.1
318 1873.02 2396.88
319 36.3569 1084.55
320 2378.62 770.069
321 1329.26 2996.1
322 1719.98 1650.85
323 59.6727 539.457
324 1267.92 12.5152
325 450.666 3259.55
326 1670.34 345.444
327 753.731 410.165
328 1119.48 2779.63
329 2905.67 1756.67
330 3082.7 738.863
331 3111.43 3239.62
332 3084.34 735.15
333 1518.6 1738.77
334 1074.49 66.1532
335 1186.24 1662.51
336 3148.24 762.364
337 1259.72 1651.99
338 1500.94 3201.51
339 916.857 2921.5
340 2874.63 2717.13
341 85.8213 2488.55
342 3303.28 300.945
343 2641.05 1732.2
344 422.833 209.491
345 1308.75 425.55
346 1436.71 3146.02
347 1503.1 1340.03
348 2125.96 349.668
349 607.309 3146.02
350 2544.84 3278.57
351 2001.15 1006.32
352 538.244 2947.77
353 1564.03 986.296
354 1313.53 2431.13
355 3082.21 1290.41
356 2496.61 2222.99
357 1277.32 393.427
358 1872.59 3078.75
359 707.356 867.205
360 3081.58 1645.49
361 875.701 77.0632
362 701.913 2889.04
363 1880.36 1487.64
364 927.144 1359.6
365 557.125 2137.84
366 459.56 906.095
367 1693.12 2312.15
368 2585.7 2898.09
369 492.954 1706.25
370 2064.43 2543.27
371 2696.18 1999.55
372 904.627 2948.48
373 2754.62 2822.11
374 2305.98 1941.99
375 2770.72 613.934
376 1796.3 1379.13
377 2651.79 357.399
378 352.6 981.371
379 2964.82 2438.59
380 1748.23 2395.53
381 1501.92 2681.69
382 2165.71 2855.28
383 2316.35 1622.59
384 1753.3 2681.92
385 1351.89 2023.21
386 341.012 1191.68
387 2515.88 3272.83
388 960.737 2713.3
389 202.796 2972.61
390 674.836 1396.27
391 2445.53 1970.78
392 1824.8 1303.71
393 1465.54 2426.2
394 627.737 1774.34
395 632.087 1067.07
396 816.902 3118.16
397 191.731 1898.58
398 3137.41 3172.56
399 2561.52 532.97
400 238.344 2518.42
401 2884.83 2353.56
402 2843.41 640.175
403 2810.73 1214.03
404 2767.83 1362.35
405 1832.66 64.3448
406 472.866 2620.3
407 2997.37 974.243
408 1478.35 98.8527
409 2203.91 1918.2
410 886.13 1231.2
411 1241.71 3006.56
412 0.708217 135.46
413 1126.61 3121.52
414 1678.33 1778.12
415 3128.44 2996.98
416 187.876 789.673
417 924.538 290.523
418 845.147 2274.5
419 2393.43 2496.9
420 1462.16 1473.36
421 1011.49 1211.56
422 711.154 223.485
423 1094.79 1498.09
424 374.364 2206.1
425 1834.99 846.455
426 3039.29 3041.48
427 1573.86 163.136
428 2383.09 608.72
429 2805.65 2167.34
430 18.7837 2297.98
431 3174.02 91.2593
432 1138.78 557.49
433 2018.91 1574.31
434 1839.75 3122.95
435 1284.39 97.2981
436 1514.36 3272
437 2830.77 1049.1
438 2703.82 2743.06
439 2323.15 3138.11
440 2861.8 683.137
441 2784.42 2429.09
442 1402.07 127.904
443 2816.74 738.064
444 1314.13 1537.17
445 229.285 1649.28
446 271.141 54.9676
447 1114.73 880.718
448 2639.94 1222.41
449 1414.48 2401.47
450 812 3165.72
451 2988.95 2592.8
452 1035.66 2760.6
453 2495.54 469.572
454 2563.28 1565.42
455 1757.82 2877.08
456 401.014 2554.87
457 2977.75 310.851
458 1315.15 447.849
459 831.89 3184.73
460 367.04 916.536
461 2398.82 2029.39
462 1728.39 1068.9
463 3229.74 2839.43
464 993.489 1106.39
465 1755.62 1291.41
466 2147.4 2422.87
467 2985 2797
468 2725.82 2830.93
469 659.34 752.187
470 1058.34 3217.07
471 2884.5 3173.2
472 2285.34 3104.55
473 1607.69 98.9671
474 2967.98 910.121
475 2912.38 875.657
476 2756.76 2013.2
477 1927.82 2840.01
478 2347.76 1335.03
479 1120.39 2350.89
480 1730.53 2133.85
481 3134.87 419.367
482 1537.51 2143.18
483 1980.05 1427.37
484 200.367 722.086
485 1018.37 3113.32
486 3155.77 2562.18
487 3068.08 1410.79
488 1518.36 765.344
489 1470.97 857.872
490 2169.39 582.134
491 808.835 656.437
492 1957.18 2225.86
493 1066.95 2736.79
494 146.755 940.789
495 726.592 2973.38
496 50.4302 17.0607
497 1631.87 2401.26
498 2889.4 467.914
499 835.31 2273.47
500 2143.98 1566.2
501 729.568 939.632
502 1019.68 1792.83
503 1028.93 3248.78
504 2012.55 1356.25
505 1943.02 1052.28
506 2778.14 3267.36
507 2063.4 2359.8
508 1026.11 87.7435
509 445.033 562.108
510 2964.84 1480.23
511 1085.51 958.222
512 3272.85 3071.02
513 2848.7 3069.09
514 2631.25 2950.4
515 283.643 3169.5
516 761.725 1376.08
517 185.333 1211.71
518 262.405 2906.75
519 1295.08 3047.71
520 1262.29 3208.85
521 3069.46 1923.93
522 1514.47 3110.72
523 173.509 1318.54
524 1452.95 1082.13
525 2936.09 607.323
526 1360.74 3189.33
527 2391.91 2836.65
528 2815.79 2292.02
529 2318.21 2734.97
530 539.12 1144.44
531 858.534 42.1964
532 1754.47 2952.87
533 623.081 675.437
534 24.3902 1519.83
535 2613.36 1933.1
536 1679.73 3084.25
537 20.6507 1329.37
538 281.457 1313.73
539 2073.33 1387.47
540 2121.98 1517.49
541 2794.02 158.759
542 127.493 2224.75
543 140.643 1361.69
544 2677.84 2206.44
545 2899.12 3161.39
546 37.9739 939.788
547 2837.8 1863.06
548 2182.05 2811.78
549 560.687 2576.9
550 868.995 1550.47
551 1862.96 1462.98
552 2648.83 392.858
553 638.509 385.782
554 1940.55 1790.08
555 1599.09 1929.99
556 2722.33 2579.07
557 2082.11 1368.67
558 1908.5 2206.44
559 2033.52 873.74
560 1486.22 146.195
561 2784.22 633.686
562 394.984 976.205
563 1206.83 611.419
564 2892.58 764.953
565 1566.14 2448.28
566 2692.12 826.624
567 435.868 262.684
568 201.395 2179.49
569 1752.61 1135.33
570 1707.85 386.212
571 3108.29 684.775
572 906.399 1282.92
573 3188.71 1287.08
574 3264.36 956.367
575 566.598 511.382
576 1319.28 2020.16
577 328.01 481.743
578 2149.82 1337.5
579 2296.71 87.5417
580 1870.83 2587.16
581 707.262 1261.86
582 908.701 2917.92
583 1430.37 2898.87
584 2163.27 468.5
585 2961.87 2738.95
586 861.029 532.757
587 92.0024 1724.28
588 336.789 2467.13
589 1369.7 1714.74
590 1248.51 2046.68
591 954.916 615.947
592 2121.92 1304.38
593 821.197 3254.6
594 2247.58 2067.81
595 1314.85 2375.19
596 1214.41 2546.41
597 1193.81 2498.34
598 1312.83 3254.09
599 1952.25 1694.64
600 1628.03 2263.74
601 31.3211 596.253
602 2100.18 2949.08
603 208.547 788.922
604 172.356 1597.63
605 2929.32 340.873
606 1277.67 2257.36
607 1269.31 618.308
608 3030.96 3124.82
609 1692.1 1619.27
610 908.202 1469.22
611 2667.27 777.145
612 1799.52 3284.03
613 1992.83 3280.63
614 2581.1 933.443
615 1828.56 3091.93
616 3284.7 1494.43
617 2410.2 1362.23
618 1414.59 1486.13
619 1426.44 658.426
620 1983.71 2701.34
621 3098.42 2332.38
622 1937.21 3054.95
623 805.603 381.584
624 2150.99 1446.53
625 2560.77 2126.21
626 1983.37 2758.75
627 2163.78 1149.56
628 2833.85 2702.57
629 74.9015 3283.36
630 3012.55 1755.26
631 2801 2980.38
632 2782.77 3123.87
633 727.272 945.158
634 1253.98 2018.62
635 489.464 2399.29
636 3062.99 3179.56
637 3047.91 1162.95
638 2643.83 3236.84
639 3022.98 358.403
640 694.407 155.338
641 161.883 524.222
642 2097.99 2958.35
643 2540.54 2324.2
644 1815.02 2416.62
645 1882.69 1193.62
646 1291.59 3270.01
647 2320.41 520.349
648 1918.95 1108.47
649 3287.1 1705.83
650 2289.94 1561.81
651 1510.51 2956.34
652 2711.86 876.737
653 233.355 2715
654 684.34 1759.52
655 3118.95 1211.2
656 1162.96 3183.8
657 710.571 2706.87
658 2109.63 2504.57
659 2561.48 1838.78
660 891.081 850.222
661 1523.2 370.851
662 2313.17 2529.62
663 129.981 2984.88
664 68.5381 281.436
665 287.553 1691.21
666 2211.58 910.283
667 3036.95 314.85
668 968.781 1563.93
669 2598.54 2577.33
670 2902.15 678.441
671 606.362 2882.04
672 3211.45 2812.34
673 789.221 2701.37
674 3252.73 2784.21
675 2057.87 1547.35
676 184.292 2077.38
677 1149.68 295.361
678 2339.78 735.05
679 725.909 321.268
680 1084.68 3145.02
681 187.746 2292.89
682 1897.27 3227.93
683 2973.02 3246.99
684 3190.62 1503.67
685 2349.15 718.016
686 98.1892 715.655
687 25.6671 462.339
688 45.8324 1460.02
689 2910.13 2522.54
690 3271.15 432.934
691 2207.47 2727.68
692 1430.48 1589.91
693 3086.11 769.897
694 640.231 2348.79
695 792.419 227.353
696 1798.19 3191.53
697 2711.56 2070.91
698 1791.79 773.436
699 2301.36 456.041
700 3005.75 799.575
701 2869.62 241.455
702 3268.83 1236.11
703 3184.27 2837.76
704 3206.73 662.23
705 2809.71 683.966
706 938.518 891.137
707 2648.7 3284.88
708 1490.38 539.227
709 1441.27 806.855
710 3035.84 1673.61
711 1720.62 1043.42
712 893.192 2073.15
713 3264.01 2438.02
714 1186.39 2511.16
715 1735.06 2921.6
716 1594.8 2754.94
717 848.093 2415.33
718 2516.05 1847.39
719 3303.21 906.787
720 1183.76 2613.89
721 986.429 1183.66
722 1738.16 705.151
723 142.808 1999.42
724 3168.26 736.794
725 507.368 3205.56
726 1404.67 2333.7
727 2188.51 2340.36
728 1903.91 648.101
729 2298.57 3010.53
730 1358.91 1266.7
731 1152.3 1833.66
732 1156.97 2944.95
733 1569.45 3008.39
734 3207.32 2002.1
735 2442.69 2636.79
736 931.171 2024.54
737 300.203 2728.13
738 1843.85 2892.17
739 702.08 2704.57
740 2780.14 1904.15
741 777.765 2116.57
742 823.181 1736.99
743 1903.71 259.93
744 2692.59 1892.51
745 1590.45 1834.5
746 2665.43 649.65
747 2917.13 2933.87
748 1501.96 1436.36
749 2304.82 1766.54
750 1436.34 2456.21
751 2650.35 975.979
752 810.534 3274.15
753 93.4768 1107.47
754 299.862 3302.11
755 1665.62 209.252
756 1709.01 89.936
757 2962.76 816.072
758 2048.72 1975.67
759 93.0814 1295.42
760 1134.9 160.31
761 383.909 993.947
762 790.445 2555.86
763 434.02 1275.57
764 1094.29 2829.12
765 274.105 836.105
766 2430.43 2090.14
767 320.008 1103.85
768 1035.47 1711.97
769 2777.72 1739.06
770 499.797 2343.27
771 788.708 1741.31
772 1535.75 1891.34
773 2826.67 2680.71
774 2254.26 2512.01
775 463.879 822.332
776 304.756 1732.72
777 813.051 1235.13
778 1826.15 195.917
779 2545.53 931.051
780 222.672 553.658
781 2230.44 2105.12
782 2288.64 734.499
783 1468.69 1324.52
784 2511.55 2579.68
785 1323.59 1985.18
786 1296.55 504.93
787 461.83 748.724
788 666.155 474.733
789 1459.51 2311.07
790 1299.98 1952.73
791 836.931 345.382
792 2901.39 482.333
793 2463.78 2175.55
794 2257.32 2591.67
795 1925.92 3012.31
796 543.604 651.154
797 1064.51 823.402
798 575.913 2716.36
799 3044.69 2456.81
800 1946.61 91.0798
801 1907.46 2052.54
802 659.738 798.857
803 2640.39 283.501
804 1887.11 589.651
805 2564.8 2819.36
806 2245.18 1954.67
807 882.422 2338.77
808 1608.62 1858.6
809 3052.55 2592.55
810 1523.22 3292.1
811 798.758 1555.22
812 2509.4 1979.38
813 302.197 1719.92
814 2223.58 1007.45
815 1137.61 1112.71
816 2033.11 631.623
817 289.713 2623.9
818 1622.59 3026.16
819 2011.07 192.309
820 755.875 1143.23
821 923.058 1015.62
822 273.661 1311.4
823 582.387 2764.32
824 1366.78 1541.5
825 464.47 907.356
826 2165.85 598.232
827 2006.7 1167.28
828 1787.91 1097.21
829 3253.21 2325.64
830 432.559 2159.76
831 204.73 2944.35
832 1437.79 1082.47
833 951.431 1357.36
834 2870.08 276.705
835 611.749 3055.63
836 895.852 2700.16
837 2245.15 2732.79
838 1798.24 421.121
839 738.707 1821.73
840 3301.74 3263.5
841 1138.42 2588.57
842 1071.17 387.618
843 2808.57 200.143
844 2469.47 155.616
845 3075.75 1910.62
846 1904.71 1995.55
847 62.4828 237.696
848 887.992 1477.59
849 304.306 1812.57
850 1881.76 2056.75
851 3285.32 1393.03
852 1418.73 2192.56
853 1120.47 174.112
854 1022.24 1111
855 16.8089 1893.8
856 863.958 3059.74
857 933.306 1855.16
858 1008.44 2092.17
859 89.8161 1044.36
860 2209.63 1857.46
861 1080.87 2283.5
862 1161.33 984.001
863 767.748 162.733
864 1902.77 2629.06
865 798.567 1450.91
866 922.737 2808.76
867 2449.33 1014.39
868 1983 157.417
869 2881.16 887.899
870 2314.2 706.174
871 224.053 2147.11
872 565.984 703.616
873 2675.63 1222.22
874 2310.27 440.855
875 3095.71 3041.6
876 839 2174.04
877 456.678 283.344
878 2597.92 2787.32
879 3227.74 3160.91
880 2719.14 1369.26
881 1808.36 515.385
882 154.365 2384.54
883 2029.64 6.42788
884 1137.39 3009.45
885 2616.28 1007.54
886 2772.27 2924.83
887 3178.02 2938.89
888 1754.3 2240.76
889 1906.87 3062.41
890 261.136 415.726
891 1549.57 759.079
892 3256.39 1648.32
893 2205.52 1912.57
894 3244.25 2776.39
895 1391.59 3299.35
896 2921.56 2852.37
897 1894.24 836.181
898 924.275 1715.92
899 771.245 2948.36
900 510.577 2246.06
901 1886.37 2618.19
902 284.798 465.1
903 764.005 866.835
904 2535.35 2114.72
905 1318.32 1849.31
906 2481.6 1394.45
907 821.8 938.332
908 2056.89 2939.76
909 2863.81 2851.73
910 2495.55 540.454
911 1300.82 1792.55
912 271.691 2174.6
913 2251.11 2165.45
914 811.136 2174.24
915 159.575 1379.19
916 3097.3 426.732
917 2070.73 3290.18
918 2971.23 208.457
919 1115.92 1987.69
920 861.232 3064.71
921 913.988 3218.03
922 2783.89 3286.29
923 2069.14 2884.76
924 1205.5 2337.88
925 3089.66 2794.04
926 820.924 821.303
927 1981.6 1812.43
928 2840.96 2122.45
929 796.026 3130.87
930 712.848 1660.8
931 2128.48 15.5417
932 2867.64 1953.38
933 1777.18 1533.31
934 2709.26 1945.46
935 3020.83 1609.59
936 591.584 873.762
937 694.204 14.7352
938 1959.92 1190.95
939 1881.36 1183.59
940 1350.78 2633.2
941 3161.48 414.083
942 2162.91 1890.31
943 2348.32 129.491
944 751.957 174.526
945 1867.29 1200.06
946 1008.85 2593.71
947 18.8438 1269.87
948 1202.83 2671.99
949 852.574 2039.5
950 614.201 2120.94
951 1919.03 155.619
952 132.539 2469.53
953 1482.17 2723.91
954 2836.61 1159.9
955 2522.55 1739.04
956 2833.24 853.16
957 577.689 970.749
958 659.343 1389.35
959 311.764 2114.64
960 1087.57 3109.51
961 2536.74 2869.38
962 978.68 955.831
963 2254.44 2103.54
964 2021.2 2566.17
965 580.855 1595.83
966 1769.71 2171.65
967 1918.02 996.528
968 3087.25 2181.29
969 2262.96 1582.78
970 1979.94 1414.67
971 1894.83 2370.57
972 1579.64 3267.2
973 163.397 2601.5
974 2377.46 1274.55
975 1834.68 1603.83
976 763.794 2239.01
977 377.615 3007.06
978 1488.2 1287.91
979 1210.94 237.286
980 3292.05 225.994
981 2420.09 480.085
982 1606.54 3054.69
983 1917.41 2566.29
984 2315.44 332.321
985 1054.02 2436.74
986 1696.56 1563.23
987 774.717 128.051
988 2662.51 2495.46
989 1732.46 2605.58
990 2882.27 427.967
991 1968.05 3058.03
992 3265.11 729.807
993 2712.96 3157
994 2717.16 995.68
995 862.058 3052.03
996 2615.72 2743.33
997 2878.33 2521.25
998 2725.73 2927.69
999 1668.31 1202.02
1000 2676.1 1821.8
1001 99.1148 1123.81
1002 170.023 2358.2
1003 1418.91 2533.32
1004 3275.18 2466.85
1005 2973.02 487.855
1006 1893.01 3292.91
1007 3113.98 2786.27
1008 1567.63 800.689
1009 534.974 405.887
1010 609.336 2181.26
1011 1428.55 2067.49
1012 1445.87 2855.52
1013 1264.15 1864.29
1014 2734.72 3118.51
1015 2985.31 2117.96
1016 2122.51 831.319
1017 2940.65 47.1971
1018 3007.9 1792.64
1019 2443.55 1917.5
1020 1846.02 151.629
1021 2611.73 619.263
1022 2624.08 1964.64
1023 1801.85 534.589
1024 3181.76 2373.37
1025 374.288 1111.08
1026 3192.53 593.014
1027 1345.46 2794.47
1028 517.802 795.32
1029 2391.93 1485.31
1030 2565.94 1682.74
1031 2048.33 1713.1
1032 2882.94 1724.86
1033 2537.27 3015.41
1034 1667.84 1008.94
1035 145.366 334.873
1036 280.709 3158.07
1037 1507.28 2981.31
1038 2282.69 2656.38
1039 2518.02 926.143
1040 1301.18 1831.96
1041 1639.47 2853.3
1042 686.226 1225.96
1043 1441.29 174.485
1044 406.194 2280.83
1045 388.955 532.222
1046 2632.19 2803.21
1047 1161.15 2477.47
1048 1834 2106.08
1049 590.51 1502.87
1050 3195.09 1837.25
1051 2036.78 2266.96
1052 1187.61 2705.24
1053 804.869 12.3199
1054 1763.88 32.8512
1055 2660.08 2784.53
1056 371.578 1565.92
1057 2590.26 66.2434
1058 1319.26 2791.17
1059 3110.19 1562.84
1060 2087.01 1847.8
1061 3080.64 569.883
1062 915.681 364.142
1063 62.3534 2428.15
1064 1462.78 2856.18
1065 2444.75 1333.49
1066 2133.53 2233.66
1067 2097.85 1537.03
1068 1648.96 3101
1069 572.134 2178.87
1070 2942.3 816.707
1071 1063.95 1340.68
1072 1755.05 778.703
1073 2675.62 2763.15
1074 2972.5 1414.35
1075 2167.42 39.8573
1076 609.161 2008.49
1077 1427.78 2918.21
1078 3292.24 510.187
1079 2752.53 1385.25
1080 560.355 2266.3
1081 775.19 3288.23
1082 2752.95 3223.12
1083 1744.84 257.16
1084 2366.67 2359.68
1085 3196.94 576.021
1086 535.948 1459.89
1087 2442 3189.09
1088 2155.37 3159.82
1089 3102.36 1920.47
1090 714.111 1707.2
1091 3093.06 2934.62
1092 1029.6 676.544
1093 1312.76 588.865
1094 2682.56 1843
1095 1888.19 573.563
1096 3232.68 2884.52
1097 442.036 1334.49
1098 2419.11 1189.09
1099 2714.61 1367.29
1100 1640.07 2313.45
1101 191.85 2923.92
1102 2304.74 1340.37
1103 464.059 1612.08
1104 2178.05 276.52
1105 1971.16 1830.28
1106 3007.77 805.529
1107 1892.03 313.302
1108 478.706 801.528
1109 296.173 1994.68
1110 2214.98 376.474
1111 1684.44 1836.47
1112 1049.68 2964.4
1113 3111.62 1991.22
1114 197.818 197.96
1115 718.635 1009.33
1116 3198.43 2112.35
1117 916.151 2473.82
1118 2273.62 732.51
1119 3224.41 3052.16
1120 3065.17 2977.11
1121 1941.59 3162.46
1122 2375.99 756.55
1123 206.254 746.599
1124 1069.84 2587.85
1125 2397.87 325.203
1126 3231.55 2995.42
1127 605.693 2260.74
1128 1770.92 2782.13
1129 3165.81 122.434
1130 2112.26 3094.79
1131 1773.59 1811.38
1132 1619.34 2901.31
1133 230.153 1925.33
1134 3033.64 2477.24
1135 483.532 2865.01
1136 3108.79 3035.18
1137 1311.88 2275.38
1138 363.47 2150.58
1139 1479.09 3077.12
1140 1927.06 1050.04
1141 1296.03 2641.58
1142 2689.19 2711.2
1143 3184.29 1565.07
1144 2068.52 715.552
1145 433.91 813.605
1146 2415.03 826.35
1147 2397.8 1953.64
1148 1402.82 2160.85
1149 52.5981 2771.98
1150 1297.24 2907.69
1151 7.71704 297.737
1152 2695.03 3133.35
1153 952.541 2093.24
1154 2488.55 1480.05
1155 1048.83 1131.07
1156 1614.52 1997.64
1157 2481.28 1023.37
1158 1234.15 2855.29
1159 2428.08 194.515
1160 1065.97 2692.59
1161 3298.22 1594.48
1162 1759.85 1917.54
1163 1260.02 153.457
1164 2731.59 579.205
1165 2710.6 1342.08
1166 2098.31 1905.3
1167 2115.8 3301.23
1168 603.933 3193.61
1169 1357.98 2385.09
1170 201.88 1326.67
1171 2875.06 3110.99
1172 1927.83 1504.89
1173 2642.12 402.131
1174 447.526 1004.09
1175 2648.67 601.674
1176 68.2722 2520.2
1177 1975.09 1625.73
1178 3149.07 2504.73
1179 1507.79 1424.63
1180 3026.73 3198.39
1181 1947.22 3159.75
1182 2303 2254.46
1183 2685.33 448.096
1184 840.827 3183.81
1185 337.278 20.8676
1186 324.242 2272.59
1187 903.71 1202.75
1188 2711.41 1574.89
1189 344.301 1140.38
1190 674.067 1916.91
1191 595.472 2647.76
1192 2260.94 2974.99
1193 2133.37 1449.66
1194 884.277 2159.72
1195 2658.56 593.8
1196 250.326 1228.82
1197 1594.89 2902.16
1198 2236.02 2465.65
1199 836.025 1735.57
1200 1842.64 3119.94
1201 855.625 454.387
1202 2335.38 2753.14
1203 336.677 195.371
1204 1195.38 3196.17
1205 1202.88 352.552
1206 980.881 985.62
1207 246.64 503.275
1208 1606.32 1007.7
1209 2696.03 2921.9
1210 2590.9 827.366
1211 2658.74 1055.96
1212 2079.03 2242.41
1213 1848.51 2645.65
1214 1377.96 1624.22
1215 2721.18 2643.49
1216 2327.62 1883.76
1217 1125.77 1229.38
1218 1059.9 2322.7
1219 2051.19 1713.8
1220 1046.06 258.061
1221 728.638 1196.59
1222 1340.36 1914.43
1223 2373.72 3028.56
1224 1780.59 1930.64
1225 72.5606 2023.41
1226 3128.51 789.336
1227 2233.96 2777.76
1228 2633.37 1526.75
1229 1695.8 1041.21
1230 1583.6 1709.99
1231 1867.79 1960.36
1232 1435.63 2578.09
1233 2146.55 1955.69
1234 598.124 679.858
1235 3147.5 1808.76
1236 938.664 1163.04
1237 1307.35 45.2804
1238 1435.45 643.436
1239 1040.81 3097.96
1240 538.39 2759.13
1241 2572.37 1517.11
1242 2584.52 1239.56
1243 3088.42 1086.56
1244 2107.35 1153.9
1245 1445.23 3240.31
1246 1331.98 457.213
1247 2159.22 1483.86
1248 2791.73 998.54
1249 1271.03 1592.51
1250 1248.08 813.867
1251 2054.92 2066.54
1252 1027.95 1951.74
1253 993.44 171.121
1254 10.1378 784.313
1255 1533.21 1257.99
1256 2772.78 1213.68
1257 545.849 1873.06
1258 3286.85 1592.34
1259 823.48 1242.33
1260 930.806 1885.34
1261 1772.47 690.735
1262 326.203 358.874
1263 583.205 874.765
1264 711.56 1144.03
1265 2313.84 1404.1
1266 2400.92 1981.24
1267 2487.7 2852.45
1268 896.873 1674.51
1269 355.311 3211.14
1270 1786.95 2373.15
1271 65.386 299.644
1272 243.496 1347.66
1273 2260.74 2224.57
1274 2217.21 1000.13
1275 477.816 1776.23
1276 2703.73 116.698
1277 191.547 2284.15
1278 812.339 1201.55
1279 1053.01 899.882
1280 1582.92 2810.54
1281 2494.18 1095.8
1282 1246.19 1525.43
1283 553.033 2774.39
1284 85.5959 922.054
1285 1468.84 1345.19
1286 2039.76 1261.62
1287 2884.34 2029.72
1288 1360.17 798.639
1289 625.856 1356.44
1290 1440.82 1909.32
1291 546.674 1072.62
1292 3076.71 1614.13
1293 1626.94 1110.12
1294 1186.75 1116.15
1295 494.545 3218.23
1296 3174.88 1092.66
1297 327.14 437.234
1298 48.2194 2521.33
1299 2787.98 3190.68
1300 1245.2 357.265
1301 2180.91 1051.14
1302 2764.77 1519.18
1303 199.697 675.083
1304 1287.96 410.051
1305 2406.51 227.296
1306 2369.35 972.909
1307 2483.81 965.472
1308 1713.94 1482.85
1309 2179.46 2623.41
1310 2092.62 2278.67
1311 2010.6 1302.06
1312 1670.8 414.37
1313 2029.32 1611.91
1314 2041.03 1562.15
1315 2967.92 3222.02
1316 2032.9 473.89
1317 2308.95 157.137
1318 1464.36 1972.64
1319 2167.63 1250.6
1320 1521.46 1809.67
1321 760.831 1959.86
1322 819.395 2405.55
1323 2611.64 2960.85
1324 1610.58 1253.81
1325 1210.13 2814.69
1326 639.17 2209.07
1327 1092.26 2495.18
1328 3242.6 1023.81
1329 1078.22 3276.99
1330 347.703 1447.61
1331 3140.02 1188.73
1332 2563.59 1876.21
1333 1021.54 3227.42
1334 75.1875 3024
1335 2522.58 932.156
1336 786.181 476.831
1337 1734.16 200.61
1338 807.14 715.644
1339 591.076 2745
1340 1130.1 18.787
1341 2657.37 983.882
1342 815.727 1985.46
1343 1605.5 2338.43
1344 2398.65 2789.85
1345 2176.58 615.604
1346 2107.94 392.815
1347 2015.83 271.13
1348 2193.25 2200.05
1349 534.389 1575.09
1350 1319.98 897.221
1351 1447.26 2836.12
1352 1030.64 1554.56
1353 575.721 843.429
1354 1117.73 1167.97
1355 3146.11 3018.74
1356 1948.28 1567.38
1357 1938.37 2455.52
1358 2006.07 1600.36
1359 2130.16 1197.77
1360 1855.63 886.165
1361 765.594 2842.32
1362 3102.91 1542.34
1363 2595.43 2909.77
1364 339.183 2143.61
1365 109.556 2162.14
1366 3074.03 922.848
1367 3149.96 2706.14
1368 1464.11 590.975
1369 3062.3 3247.46
1370 1011.88 484.501
1371 1258.5 489.102
1372 1476.46 502.722
1373 1707.48 2702.87
1374 2183.53 1438.16
1375 353.053 2170.74
1376 1254.36 2474.7
1377 3281.79 2841.08
1378 2161.31 1042.89
1379 2063.43 1772.02
1380 811.472 1635.27
1381 1652.38 3141.84
1382 1039.16 2395.95
1383 3267.87 2266.47
1384 1007.19 1255.51
1385 3168.84 2212.64
1386 2158.28 2390.77
1387 1979.19 2707.49
1388 1216.42 645.944
1389 1945.72 2775.76
1390 329.257 1557.75
1391 2967.55 21.3945
1392 1032.62 1489.93
1393 2623.66 1669.26
1394 2815.87 1707.48
1395 1343.98 1444.59
1396 0.45885 1502.92
1397 1514.13 121.349
1398 1797.54 2743.73
1399 2172.6 3293.03
1400 2158.09 2448.25
1401 2282.32 3012.53
1402 2737.29 1050.08
1403 2068.27 763.931
1404 3143.73 1206.11
1405 251.224 583.975
1406 329.072 1188.06
1407 3013.71 1455.22
1408 2187.03 438.347
1409 122.359 2480.59
1410 1612.94 1710.4
1411 2209.74 1215.38
1412 2900.16 1665.8
1413 1787.49 2457.85
1414 497.398 2229.75
1415 2384.86 218.936
1416 1906.65 1253.35
1417 1402.41 2766.29
1418 2728.05 715.216
1419 1795.92 1897
1420 1843.89 2951.88
1421 446.941 719.076
1422 1594.46 1955.22
1423 3182.53 2335.06
1424 76.7595 753.606
1425 620.61 1310.55
1426 1100.55 2942.42
1427 2520.17 386.727
1428 1946.55 630.409
1429 2978.18 1095.36
1430 473.631 1587.39
1431 567.93 1669.35
1432 3248.75 1464.01
1433 1399.67 793.118
1434 728.41 2860.87
1435 2287.76 2521.89
1436 2717.83 162.019
1437 70.3103 832.377
1438 747.066 3152.26
1439 888.381 3239.02
1440 2586.41 907.539
1441 1108.75 841.791
1442 2665.16 1205.02
1443 2071.73 1526.04
1444 1151.1 78.6319
1445 639.007 3066.89
1446 621.177 635.674
1447 1609.85 2696.86
1448 2483.68 2601.1
1449 3027.95 2122.18
1450 3190.08 878.035
1451 995.605 661.123
1452 2520.24 2741.69
1453 1628.47 1027.04
1454 152.422 2850.25
1455 1567.65 143.004
1456 1544.86 1145.85
1457 2944.46 2371.18
1458 694.306 2094.24
1459 3157.82 764.682
1460 1759.18 1780.01
1461 970.755 1982.54
1462 1777.59 1245.53
1463 317.87 1491.01
1464 1743.79 2613.62
1465 1520.38 2908.72
1466 1195.2 1521.48
1467 547.197 3204.86
1468 2781.52 211.078
1469 673.255 942.038
1470 271.427 1252.87
1471 1613.78 2738.88
1472 2005.56 326.505
1473 2485.67 2107.86
1474 1718.99 1775.14
1475 221.266 1550.25
1476 49.5023 2463.33
1477 2441.88 652.994
1478 142.464 1387.38
1479 421.208 2012.94
1480 2962.85 2787.93
1481 1060.43 1318.34
1482 1758.03 979.832
1483 460.435 1853.25
1484 618.703 3066.25
1485 2320.9 3241.75
1486 2548.34 2691.27
1487 478.851 101.132
1488 2837.53 860.897
1489 245.214 2657.19
1490 1397.93 126.701
1491 28.2644 1828.63
1492 2743.07 1111.67
1493 2601.38 290.035
1494 1113.21 869.461
1495 2771.88 2322.77
1496 2216.55 1273.78
1497 2836.46 2657.28
1498 401.371 1040.98
1499 750.076 1563.51
1500 3241.92 1301.86
1501 2969.17 1849.47
1502 3005.97 2288.92
1503 2738.68 1925.6
1504 2905.98 2727.71
1505 2798.11 418.361
1506 1189.08 2606.36
1507 624.845 179.719
1508 560.761 767.751
1509 1494.33 1667.28
1510 2535.12 466.164
1511 2999.99 46.6698
1512 1496.46 1880.86
1513 501.943 2050.24
1514 456.732 2244.6
1515 122.169 1251.62
1516 2801.18 324.355
1517 1754.74 841.422
1518 3019.64 2036.11
1519 293.609 1359.64
1520 3241.17 1073.68
1521 2265.43 1905.16
1522 169.965 2943.48
1523 1414 1470.84
1524 1371.42 1410.77
1525 487.613 2402.62
1526 993.78 1480.17
1527 2819.18 1858.99
1528 2361.49 2156.14
1529 793.181 1310.63
1530 2350.51 2362.56
1531 1824.09 2371.51
1532 2961.43 1283.97
1533 987.609 198.468
1534 2053.06 1661.78
1535 308.033 237.47
1536 369.53 2974.32
1537 2072.13 2242.4
1538 2114.83 1241.52
1539 1198.56 149.156
1540 922.265 859.761
1541 2274.91 2289.33
1542 784.517 2106.34
1543 1238.23 2073.98
1544 904.036 1995.73
1545 3117.23 1890.88
1546 1139.78 1273.38
1547 2843.2 2726.54
1548 3181.92 1898.26
1549 923.624 379.746
1550 745.587 3069.59
1551 2235.64 1881.91
1552 801.041 2172.79
1553 3055.83 414.483
1554 1482.33 1267.75
1555 818.276 2047.83
1556 2042.74 3271.07
1557 759.077 2124.28
1558 1729.47 2590.97
1559 921.254 78.4276
1560 2671.12 721.851
1561 1351.36 2516.65
1562 1583.32 1817.28
1563 2145.5 2357.05
1564 2636.9 1836.49
1565 2898.13 1785.53
1566 1551.74 1416.59
1567 2269.6 283.935
1568 1328.6 369.861
1569 1352.63 692.706
1570 3275.96 2144.5
1571 2695.18 2079.85
1572 2480.24 3048.49
1573 1582.33 1497.19
1574 911.292 2160.29
1575 2715.87 1823.62
1576 1261.05 815.622
1577 3296.19 2167.66
1578 1583.56 1191.78
1579 3209.63 3104.55
1580 973.069 3114.69
1581 1709.95 1273.32
1582 1542.24 2794.07
1583 293.731 2619.65
1584 1611.76 1025.89
1585 3245.37 343.298
1586 2698.67 2699.84
1587 1349.83 1877.34
1588 1141.42 579.448
1589 2199.96 1413.8
1590 2931.89 1346.76
1591 963.099 918.637
1592 1933.94 1915.83
1593 1734.2 2270.03
1594 2421.51 128.738
1595 1696.38 2821.74
1596 383.523 1802.26
1597 1645.26 1542.68
1598 1802.99 1037.54
1599 2884.29 820.215
1600 1301.52 774.469
1601 1930 1343.88
1602 1607.29 2910.02
1603 421.959 682.448
1604 1845.02 2248.19
1605 156.487 2262.97
1606 3180.26 1819.01
1607 1187.62 909.452
1608 1303.74 829.734
1609 2600.2 702.818
1610 2523.41 1279.3
1611 191.138 3028.97
1612 2186.19 933.581
1613 3167.29 1675.25
1614 468.007 529.337
1615 1584.25 1984.78
1616 818.982 1297.35
1617 1491.67 1420.06
1618 1289.26 2993.2
1619 1936.49 1602.73
1620 2027.28 2892.27
1621 2192.54 1949.09
1622 648.248 2888.93
1623 1438.18 854.463
1624 1931.56 1777.96
1625 1234.89 2128.92
1626 1229.2 3004.13
1627 2883.95 165.251
1628 2881.34 2046.27
1629 1820.36 2108.65
1630 883.289 2125.26
1631 81.8935 272.941
1632 648.745 1253.32
1633 1922.3 1071.32
1634 1821.55 430.656
1635 1640.58 1584.91
1636 1746.24 1311.02
1637 1194.36 2297.98
1638 2031.47 1507
1639 2670.96 1302.44
1640 2002.24 88.1074
1641 2249.9 1124.75
1642 382.619 2176.01
1643 305.106 1426.33
1644 2458.25 2678.06
1645 1162.38 1058.22
1646 2340.27 763.222
1647 1332.62 414.334
1648 691.843 775.471
1649 923.782 2705.23
1650 997.965 1862.34
1651 1679.2 2912.2
1652 1186.86 2030
1653 2329.3 2748.74
1654 911.412 895.997
1655 1130.05 12.4984
1656 1032.36 960.722
1657 308.798 1524.24
1658 1009.66 882.997
1659 2948.06 933.543
1660 1088.32 3173.07
1661 2637.59 2364.15
1662 1610.28 511.465
1663 1322.23 773.095
1664 706.146 2613.83
1665 1826.26 266.131
1666 938.897 3132.05
1667 2437.22 1265.88
1668 241.585 2767.71
1669 2770.69 1452.94
1670 3204.21 3126.35
1671 890.914 79.8906
1672 562.938 1894.14
1673 1380.41 1591.15
1674 649.849 2756.85
1675 1669.51 2632.53
1676 1515.76 3289.45
1677 201.057 744.261
1678 2299.65 2784.54
1679 990.618 1046.25
1680 2731.8 2878.7
1681 629.837 111.643
1682 2948.8 1201.18
1683 1627.55 2181.04
1684 1494.98 2336.91
1685 1568.71 2710.17
1686 1166.94 1883.29
1687 302.915 1460.33
1688 936.465 1784.15
1689 2411.84 3298.75
1690 884.516 513.441
1691 2644.78 3271.38
1692 3031.19 1296.56
1693 2959.84 2538.31
1694 368.853 2960.21
1695 628.396 886.892
1696 1527.14 1218.74
1697 3037.02 388.652
1698 2315.88 295.117
1699 1402.29 1693.39
1700 461.399 7.66155
1701 363.689 665.487
1702 3122.02 1756.41
1703 80.885 1576.71
1704 2620.05 2154.3
1705 1341.76 220.522
1706 774.045 3150.73
1707 234.126 809.998
1708 2091.97 79.1404
1709 1189.3 2038.28
1710 49.8303 2682.68
1711 2352.92 1437.6
1712 204.585 211.039
1713 3010.38 1732.92
1714 142.037 2000.98
1715 3048.96 488.802
1716 1036.78 2816.7
1717 1487.48 3127.77
1718 652.318 2625.74
1719 3039.1 633.037
1720 2792.2 2496.67
1721 2512.4 162.412
1722 2435.4 887.487
1723 1119.58 1921.62
1724 151.008 3207.04
1725 3201.76 1762.34
1726 2120.46 2220.84
1727 1867.4 2860.86
1728 1427.85 3060.97
1729 1088.96 89.7491
1730 2866.82 1102.09
1731 177.259 1388.6
1732 2235.67 1302.79
1733 2041 50.0173
1734 2063.52 2557.36
1735 832.78 448.65
1736 196.304 480.403
1737 1463.83 696.636
1738 2397.11 2527.29
1739 534.508 1201.51
1740 2098.17 2627.79
1741 1400.05 681.293
1742 3251.37 3164.32
1743 2823.7 804.032
1744 2452.48 1399.27
1745 336.135 581.167
1746 356.518 1471.48
1747 1289.69 2776.63
1748 1350.15 280.88
1749 2853.8 2038.68
1750 1348.45 63.2786
1751 4.15028 3261.33
1752 507.339 1962.41
1753 80.3559 2385.05
1754 1382.32 2783.1
1755 2378.09 1407.41
1756 1781.81 2525.61
1757 559.526 1505.73
1758 1781 2283.81
1759 2528.48 932.147
1760 1278.69 2469.16
1761 3042.8 64.637
1762 1930.88 2656.66
1763 1837.17 751.475
1764 2133.56 419.14
1765 166.444 2876.1
1766 2127.52 2138.35
1767 1081.69 1044.59
1768 1954.39 2149.62
1769 2808.96 3289.99
1770 976.289 2488.83
1771 2778.01 3144.91
1772 2907.28 119.323
1773 1845.49 3134.45
1774 1050.94 1222.08
1775 2765.24 1156.25
1776 80.5155 2069.92
1777 1981.59 1993.79
1778 57.2787 1397.38
1779 452.184 3233.12
1780 205.697 1576.14
1781 252.631 788.215
1782 2656.05 3077.37
1783 2123.94 383.936
1784 853.139 627.86
1785 910.1 760.323
1786 3103.74 2576.24
1787 1890.42 2915.65
1788 2656.78 2804.64
1789 1912.79 2822.77
1790 608.517 1635.8
1791 1804.86 248.327
1792 2766.74 396.991
1793 1871.16 2349.58
1794 2171.66 651.982
1795 878.14 1564.85
1796 721.883 1902.44
1797 819.143 1182
1798 2786.94 2210.99
1799 419.605 1163.61
1800 2632.32 1175.44
1801 2680.55 1078.65
1802 1619.77 2023.86
1803 1193.48 910.179
1804 971.689 2430.19
1805 3128.58 450.812
1806 700.887 2844.02
1807 143.971 1053.24
1808 947.174 685.122
1809 724.448 1219.67
1810 2504.57 439.652
1811 2869.54 238.703
1812 1456.8 2845.21
1813 2200.73 401.417
1814 2792.47 1133.13
1815 2818.69 1996.73
1816 1598.89 2469.9
1817 105.457 956.918
1818 2294.74 38.0336
1819 1901.11 2684.68
1820 2988.65 1826.75
1821 1557.23 2524.71
1822 616.825 1268.5
1823 1691.15 2656.9
1824 2678.39 3300.5
1825 1875.93 402.806
1826 3084.56 3079.73
1827 1096.12 2964.52
1828 2711.83 2480.21
1829 505.309 2204.38
1830 424.71 2848.84
1831 1874.17 1270.43
1832 1244.21 746.783
1833 3234.78 184.544
1834 3045.19 1733.7
1835 1094.61 3042.9
1836 2359.07 3128.41
1837 2913.53 1828.42
1838 3183.8 1727.89
1839 2168.54 1538.04
1840 2088.34 2790.87
1841 70.0271 3182.6
1842 3232.63 3264.5
1843 1446.56 3194.63
1844 3006.99 675.436
1845 3300.61 3049.46
1846 11.0235 819.134
1847 2594.84 2153.52
1848 817.028 742.556
1849 413.886 2503.63
1850 607.988 1800.65
1851 393.239 1873.33
1852 1559.51 3088
1853 403.305 3099.96
1854 488.393 1087.47
1855 694.806 1073.72
1856 2397.85 1824.53
1857 2923.38 2363.15
1858 432.032 408.494
1859 1908.55 2169.81
1860 580.527 2935.98
1861 1558.3 72.814
1862 1703.53 2285.5
1863 109.081 344.717
1864 1712.38 2564.23
1865 295.644 1747.69
1866 3283.52 839.921
1867 2975.45 1175.49
1868 554.683 661.713
1869 919.795 2058.44
1870 2456.73 1426.86
1871 2844.79 2210.77
1872 2587.96 1201.21
1873 1574.66 1693.36
1874 730.42 392.918
1875 414.197 901.941
1876 558.486 2228.77
1877 822.105 2480.54
1878 3151.86 1838.65
1879 2991.16 937.677
1880 3223.31 2598.95
1881 1740.26 1519.51
1882 387.857 64.6829
1883 2534.41 1711.56
1884 1721.8 1291.59
1885 1389.3 1190.37
1886 1715.83 1299.59
1887 393.89 3166.25
1888 1206.4 229.284
1889 779.354 927.119
1890 102.015 2917.97
1891 301.436 1168.33
1892 2816.41 2855.66
1893 2593.08 1600.94
1894 2381.5 3039.86
1895 482.4 1292.19
1896 2353.71 1330.88
1897 1109.55 3013.88
1898 1152.96 811.39
1899 1859.52 2038.52
1900 2639.34 1606.01
1901 2997.69 523.379
1902 2982.63 3284.07
1903 2530.7 2873.03
1904 3203.2 114.421
1905 2379.01 515.311
1906 1448.92 780.479
1907 2315.63 815.8
1908 3062.68 458.744
1909 2387.33 94.3448
1910 93.6437 249.822
1911 1540.81 2973.7
1912 3026.78 742.803
1913 900.312 3047.7
1914 1500.06 300.443
1915 38.6243 2060.33
1916 1640.4 1332.78
1917 2224.22 49.674
1918 3294.25 1437.12
1919 98.8723 2766.62
1920 2536.93 711.854
1921 1922.43 2709.48
1922 1459.02 27.6063
1923 255.564 1973.19
1924 6.92309 1626.89
1925 1262.38 1380.4
1926 1663.58 1557.69
1927 2198.83 796.335
1928 575.973 1668.94
1929 2799.86 737.366
1930 2692.59 2103.38
1931 121.718 3013.57
1932 64.0278 1828.99
1933 1956.92 2404.31
1934 210.969 3001.61
1935 586.205 2441.74
1936 324.977 614.908
1937 1118.41 2278.13
1938 1877.73 280.682
1939 2155.04 465.212
1940 2579.98 3274.55
1941 1701.39 2132.36
1942 1965.3 799.366
1943 847.325 1769.88
1944 643.872 1393.98
1945 2050.4 2840.4
1946 2521.58 2306.6
1947 893.235 1188.75
1948 1275.75 2856.23
1949 1442.28 1479.65
1950 2299.02 2279.55
1951 1198.37 138.456
1952 2336.26 2311.87
1953 834.304 690.358
1954 2153.39 1383.15
1955 2821 2557.4
1956 792.766 2339.74
1957 623.154 1923.83
1958 2817.76 1751.92
1959 842.256 727.876
1960 2424.58 3120.25
1961 916.442 2873.84
1962 125.434 826.339
1963 1168.33 463.716
1964 1055.53 1063.42
1965 620.016 1437.95
1966 987.516 2477.92
1967 351.423 705.288
1968 643.741 530.49
1969 720.918 534.799
1970 1631.11 1037.25
1971 2477.03 2713.59
1972 543.372 1581.41
1973 534.147 3022.78
1974 2940.74 1806.1
1975 1529.85 2356.74
1976 2833.7 2999.36
1977 875.734 610.953
1978 2074.21 1409.71
1979 920.692 3007.66
1980 2000.17 149.2
1981 1833.72 2984.48
1982 961.823 531.286
1983 3244.58 2692.37
1984 3255.6 1613.93
1985 1296.61 1924.13
1986 3214.67 2939.3
1987 905.329 3.2793
1988 3111.82 2078.96
1989 465.688 2451.51
1990 1497.56 2340.38
1991 1669.59 1254.84
1992 2785.52 3121.47
1993 1101.27 477.207
1994 1719.52 2041.88
1995 1413.34 2128.67
1996 2507.27 2966.26
1997 2718.9 2745.3
1998 338.474 2732.31
1999 3163.12 1619.76
2000 2356.52 631.042
2001 1263.67 2865.69
2002 1071.99 362.818
2003 2140.35 1803.75
2004 3032.62 3021.76
2005 3061.91 1158.33
2006 3088.98 2401.56
2007 3150.27 2506.44
2008 2908.17 792.087
2009 2774.18 1835.09
2010 312.707 3246.88
2011 1993.65 1988.52
2012 1996.31 1514.78
2013 2456.34 1895.33
2014 2372.42 1167.25
2015 2808.57 1802.97
2016 1222.08 3039.33
2017 226.631 925.468
2018 2582.4 2206.73
2019 1081.5 2958.56
2020 1636.2 1293.42
2021 2995.93 205.831
2022 1010.46 1947.88
2023 3187.86 939.156
2024 2488.88 1279.92
2025 2581.5 2868.54
2026 2909.1 550.002
2027 103.974 2043.5
2028 1011.92 2016.13
2029 2868.21 2130.07
2030 255.957 324.652
2031 1169.86 2833.78
2032 1964.87 297.303
2033 511.553 2687.88
2034 1796.08 1015.7
2035 1016.35 155.332
2036 607.677 1021.12
2037 459.721 1141.72
2038 1015.58 754.509
2039 871.401 602.53
2040 450.222 3297.87
2041 2954.39 2655.39
2042 2651.06 1293.1
2043 714.474 1721.56
2044 2387.43 786.415
2045 47.3446 297.876
2046 1165.45 2891
2047 3227.31 1909.9
2048 112.858 2451.93
2049 1335.29 2876.44
2050 2762.52 2427.81
2051 2775.4 290.207
2052 2101.5 2863.36
2053 293.467 2573.21
2054 1522.76 2125.57
2055 6.79175 1470.81
2056 284.41 2207.7
2057 409.705 716.421
2058 2199.78 84.5434
2059 983.923 191.458
2060 363.349 1722.89
2061 1921.09 1765.42
2062 2072.78 2771.32
2063 2358.71 1089
2064 3108.71 2566.87
2065 2346.69 891.114
2066 2088.63 1982.37
2067 2263.31 36.6072
2068 622.211 3159.56
2069 2080.74 3123.45
2070 2515.26 1445.39
2071 1795.66 1929.78
2072 2180.31 888.329
2073 1341.62 1252.95
2074 2077.22 1379.24
2075 321.239 3292.06
2076 2721.83 573.952
2077 677.024 1383.16
2078 2673.32 2756.49
2079 281.572 1928.15
2080 2041.29 144.727
2081 2554.65 2378.39
2082 2600.48 1904.62
2083 7.19302 1589.67
2084 1627.06 1385.28
2085 383.734 2235.87
2086 556.299 756.677
2087 3108.67 1679.41
2088 132.663 872.773
2089 621.374 2747.59
2090 2157.79 3083.95
2091 2803.66 2096.75
2092 2655.66 816.392
2093 965.789 488.146
2094 20.1547 1521.69
2095 1733.55 82.6135
2096 111.137 2179.09
2097 374.448 863.199
2098 527.226 1836.52
2099 1812.43 1902.97
2100 2156.56 3043.52
2101 3257.88 181.234
2102 2435.87 1652.7
2103 2737.54 2228.74
2104 1177.6 2829.49
2105 2181.25 589.759
2106 373.645 1407.58
2107 1559.38 1175.7
2108 787.813 1242.03
2109 1769.13 2309.78
2110 2441.52 1635.47
2111 1442.7 2354.51
2112 362.86 1828.47
2113 323.223 838.598
2114 2150.08 2649.93
2115 294.961 1219.64
2116 2672.75 821.667
2117 881.831 590.226
2118 963.567 3098.13
2119 400.39 769.06
2120 1152.75 1883.94
2121 1662.92 787.531
2122 541.025 2684.66
2123 1916.73 547.531
2124 1058.47 342.567
2125 3068.8 527.629
2126 2985.38 648.466
2127 3071.01 2532.93
2128 2240.06 559.778
2129 2813.33 3042.21
2130 1312.88 1913.19
2131 1548.43 1416.98
2132 1848.47 1341.86
2133 2770.26 1203.81
2134 2383.73 921.707
2135 108.512 923.726
2136 417.066 2822.36
2137 2147.58 1884.43
2138 68.5043 1946.52
2139 3290.93 2633.22
2140 2764.74 146.853
2141 2953.7 3085.51
2142 1675.92 1325.75
2143 229.146 803.402
2144 904.655 1297.66
2145 1997.83 2803.94
2146 1510.1 2789.45
2147 3288.36 895.169
2148 1078.78 1827.69
2149 2415.32 3278.21
2150 2960.89 1910.08
2151 1708.6 1570.18
2152 861.83 2010.39
2153 168.824 1897.06
2154 145.438 476.931
2155 26.8643 1907.2
2156 2524.08 1495.42
2157 1443.81 2977.74
2158 1293.89 1498.68
2159 763.176 821.775
2160 1522.24 75.3699
2161 2774.51 2200.79
2162 1980.77 515.395
2163 1137.76 1334.7
2164 1385.66 2104.07
2165 2188.59 1690.88
2166 800.347 2535.43
2167 349.109 906.991
2168 1571.33 2366.09
2169 2892.02 1487.94
2170 707.956 2149.66
2171 1685.94 1313.6
2172 540.021 2914.61
2173 2197.04 2123.02
2174 967.075 943.376
2175 2109.65 799.559
2176 1404.74 1651.65
2177 219.563 548.402
2178 836.25 2754.9
2179 3038.74 2865.58
2180 3282.63 385.32
2181 308.083 1512.55
2182 122.889 3199.25
2183 669.027 1619.72
2184 1836.06 3125.94
2185 358.401 2592.15
2186 2097.41 2376.84
2187 473.77 1043.41
2188 727.368 14.3572
2189 2088.93 838.559
2190 1833.48 3179.75
2191 1027.63 2833.73
2192 680.376 2518.58
2193 793.197 1077.69
2194 341.789 1495.27
2195 3186.49 3212.28
2196 1644.75 1673.46
2197 2938.48 34.6153
2198 542.133 2997.4
2199 1671.92 3217.43
2200 722.062 361.454
2201 864.22 593.022
2202 475.353 575.217
2203 1107.09 2482.75
2204 278.729 636.593
2205 625.226 1011.24
2206 674.333 3059.29
2207 2654.92 2945.93
2208 974.491 2898.97
2209 2257.46 1070.69
2210 2537.34 404.505
2211 40.0592 2517.09
2212 2753.78 2405.97
2213 1103.4 118.75
2214 1942.8 113.878
2215 1311.8 3297.42
2216 2703.15 1860.24
2217 605.416 1282.66
2218 2689.49 337.031
2219 1578.47 1682.9
2220 1249.3 576.739
2221 2412.7 3251.29
2222 2857.39 130.84
2223 2927.41 274.535
2224 797.092 1652.61
2225 1624.58 138.953
2226 2645.75 2122.67
2227 1702.31 3003.74
2228 1677.48 925.831
2229 524.815 3295.95
2230 703.148 1413.73
2231 2027.61 1038.25
2232 2308.67 1797.45
2233 105.721 1309.62
2234 1216.22 0.367853
2235 357.69 2216.82
2236 557.436 677.933
2237 1399.09 1881.78
2238 1365.29 1784.3
2239 1874.29 2757.08
2240 1009.26 2214.12
2241 265.334 464.356
2242 299.85 2790.81
2243 1931.19 966.451
2244 1396.08 1051.24
2245 2675.66 2868.61
2246 663.318 613.292
2247 638.61 3186.5
2248 128.544 3065.89
2249 1589.44 311.116
2250 1800.68 3157.58
2251 272.453 1109.61
2252 1120.69 2276.04
2253 2234 1005.5
2254 2864.07 1455.74
2255 2596.08 1940.02
2256 1102.3 1492.92
2257 112.503 1476.35
2258 2464.57 396.215
2259 3140.6 3115.15
2260 1956.5 1924.19
2261 3117.39 3297.24
2262 3215.44 38.0174
2263 638.112 1111.39
2264 2371.51 208.76
2265 2315.13 1894.02
2266 3226.58 3179.16
2267 452.697 2785.36
2268 2688 0.516103
2269 2788.8 2748.21
2270 3094.49 2520.03
2271 889.226 2056.85
2272 3045.36 1483.78
2273 2862.88 3231.01
2274 859.418 298.431
2275 201.57 2653.89
2276 2490.25 3029.38
2277 579.43 1165.89
2278 401.062 433.269
2279 2518.28 53.2134
2280 1375.77 1920.12
2281 1311.64 585.407
2282 1290.93 3288.12
2283 1255.37 1532.52
2284 1301.06 1566.65
2285 2969.13 2272.51
2286 1924.97 282.253
2287 1924.54 1855.82
2288 487.645 1549.24
2289 2150.86 2548.19
2290 2190.26 1270.06
2291 2978.25 2384.58
2292 1554.65 2124
2293 3095.49 2415.66
2294 3069.8 1145.61
2295 1979.79 1487.03
2296 2431.09 3301.96
2297 1717.28 210.515
2298 1655.67 676.476
2299 720.52 2768.17
2300 1890.56 2688.9
2301 921.383 2186.65
2302 1075.77 2311.45
2303 2199.56 807.208
2304 925.318 1989.91
2305 470.163 1308.2
2306 377.056 2663.67
2307 66.8784 2714.71
2308 2064.07 817.297
2309 1677.69 1368.71
2310 2455.93 3251.76
2311 2241.68 735.019
2312 2119.22 1370.33
2313 729.003 1538.78
2314 1772.31 203.991
2315 2933.41 2290.18
2316 2852.42 2320.52
2317 1774.4 1918.47
2318 3181.86 1256.96
2319 1819.92 195.179
2320 1576.12 719.874
2321 840.463 1447.19
2322 1767.12 959.388
2323 639.891 2574.74
2324 1507.46 1578.27
2325 705.715 3190.74
2326 1060.68 2897.01
2327 2380.87 1210.44
2328 776.625 1569.93
2329 3126.74 3230.11
2330 1922.62 649.158
2331 975.328 3160.04
2332 2705.51 871.328
2333 1129.08 2400.9
2334 862.97 322.51
2335 3029.68 619.252
2336 2637.32 3244.5
2337 2209.51 1735.48
2338 3208.72 1343.71
2339 2202.17 673.797
2340 2495.73 2794.34
2341 109.96 1024.77
2342 2978.78 2907.58
2343 1086.58 1648.72
2344 1848.05 54.1088
2345 2767.49 24.1489
2346 152.139 661.571
2347 561.616 3299.22
2348 2383.84 2695.72
2349 738.266 1276.69
2350 307.12 3281.86
2351 337.224 2641.91
2352 856.275 3158.12
2353 1201.49 2599.3
2354 1692.46 514.728
2355 291.657 2698.55
2356 1112.01 561.283
2357 1546.7 683.363
2358 2118.86 325.503
2359 1341.69 1949.78
2360 2511.78 769.397
2361 2192.79 2030.78
2362 2709.31 1310.47
2363 1336.82 2440.65
2364 1050.83 1903.3
2365 2469.89 12.3361
2366 3121.49 1962.25
2367 2383.45 2823.97
2368 3267.52 856.724
2369 2115.02 1223.63
2370 2154.56 3302.78
2371 1716.91 3174.18
2372 2949.11 1183.04
2373 1217.62 782.994
2374 1826.13 1207.07
2375 501.714 1973.42
2376 518.603 3196.46
2377 997.183 364.544
2378 2590.73 444.174
2379 1264.34 2814.78
2380 882.78 1931.78
2381 2294.1 2034.31
2382 1393.69 5.38305
2383 2911.29 1440.59
2384 2467.26 1802.86
2385 1759.67 906.337
2386 2545.68 1783.03
2387 2935.43 2451.9
2388 268.007 936.533
2389 3230.94 2772.39
2390 2249.13 999.307
2391 506.729 2966.91
2392 2380.82 2957.57
2393 855.74 951.257
2394 3033.56 3252.9
2395 396.186 1441.69
2396 2393.4 2378.62
2397 2976.57 2144.16
2398 1820.48 1331.31
2399 1011.96 2094.63
2400 669.298 924.866
2401 2871.01 749.305
2402 2603.77 159.647
2403 2900.85 3225.03
2404 2564.46 3265.01
2405 2216.07 1196.29
2406 2200.46 1066.91
2407 2700.35 144.211
2408 1521.81 77.0884
2409 2123.42 2220.5
2410 101.643 3000.49
2411 494.096 2341.73
2412 3125.07 307.86
2413 1392.17 1435.56
2414 2698.34 2916.71
2415 675.065 3280.55
2416 2037.7 1745.28
2417 1917.68 2040.3
2418 2315.08 3010.03
2419 1814.26 2918.73
2420 2007.05 984.62
2421 1201.75 1625.62
2422 3265.38 1140.51
2423 1906.12 182.692
2424 2476.88 2885.26
2425 2735.78 3033.28
2426 233.28 426.232
2427 1542.32 2171.34
2428 2634.5 2157.96
2429 1213.96 561.785
2430 3128.78 2427.17
2431 2878.94 57.9946
2432 752.596 2680.29
2433 2303.52 1392.5
2434 1867.54 2015.1
2435 1397.26 981.466
2436 1949.52 1733.86
2437 2230.75 2611.83
2438 1668.76 2324.8
2439 2373.51 588.496
2440 610.601 677.077
2441 3096.95 3083.05
2442 1340.92 2113.83
2443 440.747 1374.15
2444 370.091 2941.12
2445 2250.22 3081.35
2446 1513.72 582.296
2447 1369.38 1015.36
2448 2836.3 165.471
2449 2637.87 3306.05
2450 1482.53 545.912
2451 215.832 2816.26
2452 3120.15 902.964
2453 2007.37 1715.49
2454 109.793 3206.87
2455 1537.94 1400.84
2456 2682.65 2328.14
2457 973.613 2838.96
2458 1378.83 1411.66
2459 45.0945 1002.65
2460 809.635 3080.88
2461 1287.77 1930.2
2462 638.631 2976.66
2463 715.676 1329.15
2464 2435.78 2704.82
2465 160.145 3183.82
2466 2290.71 2127.41
2467 1627.67 2720.6
2468 579.396 2826.25
2469 2081.03 1589.49
2470 282.207 982.377
2471 883.095 1976.79
2472 2735.61 317.285
2473 2057.88 2039.13
2474 1473.76 1920.98
2475 2939.82 1825.15
2476 3182.23 2280.58
2477 2182.66 2408.46
2478 2515.06 1184.29
2479 341.286 658.665
2480 2548.47 1521.71
2481 1825.22 2798.57
2482 3301.14 155.969
2483 246.874 953.728
2484 556.099 2154.87
2485 2720.33 785.054
2486 1793.44 1884.38
2487 1781.28 896.419
2488 1997.11 1085.97
2489 2990.55 1305.99
2490 2484.64 1345.15
2491 1057.63 290.23
2492 668.861 335.466
2493 1993.86 2505.26
2494 167.14 2021.11
2495 1079.04 531.452
2496 1662.46 880.682
2497 2690.81 1313.17
2498 446.829 1358.52
2499 1604.17 1349.17
2500 2513.25 3090.87
2501 3035.01 2868.59
2502 2756.55 1883.65
2503 891.445 39.2258
2504 2997.89 3161.82
2505 2413.76 1049.69
2506 1439.93 2220.6
2507 444.114 1720.97
2508 1566.95 180.181
2509 1524.42 1460.12
2510 503.886 3191.2
2511 1477.08 264.298
2512 435.29 2922.49
2513 3131.41 2584.76
2514 712.5 1401.75
2515 861.839 1701.98
2516 2492.57 2041.79
2517 2534.82 2774.51
2518 2041.58 2478.05
2519 85.0126 2043.2
2520 917.522 3007.09
2521 2760.03 3270.95
2522 2020.23 2877.95
2523 3239.05 518.541
2524 1955.47 1628.31
2525 3027.12 2420.68
2526 73.6783 873.587
2527 761.385 2990.13
2528 370.006 994.651
2529 390.811 2243.1
2530 1637.88 1508.41
2531 87.5686 1781.97
2532 537.061 545.719
2533 2828 2475.76
2534 399.892 1194.31
2535 725.771 1555.03
2536 2677.83 2038.31
2537 1435.64 3299.1
2538 2842.74 1887.19
2539 729.821 862.763
2540 2064.44 756.123
2541 2060.14 2911.8
2542 2727.59 663.922
2543 362.588 3063.7
2544 1691.53 1955.04
2545 408.35 2901.15
2546 2148.38 2522.65
2547 2998.73 2719.15
2548 2653.51 2738.64
2549 3139.32 2429.36
2550 1479.96 1381.71
2551 492.924 932.209
2552 24.6519 1200.73
2553 3292.02 1497.6
2554 866.985 2907.52
2555 1555.8 2567.23
2556 307.047 395.775
2557 2222.3 1064.7
2558 790.393 2692.8
2559 2952.84 2885.24
2560 2097.08 2759.76
2561 3155.29 657.359
2562 1444.58 1878.24
2563 1822.17 777.443
2564 1363.92 1856.11
2565 474.206 2978.36
2566 1259.22 343.994
2567 2908.53 3183.54
2568 1804.36 1678.42
2569 75.7147 1020.7
2570 1297.05 766.642
2571 300.706 2697.07
2572 2132.54 1993.75
2573 2115.63 1914.89
2574 57.6498 2774.46
2575 1542.85 2165.32
2576 1837.65 2395.93
2577 2386.07 3271.66
2578 2093.96 2554.38
2579 2999.47 987.004
2580 1764.8 2079.19
2581 1899.19 576.824
2582 2921.37 2943.04
2583 2455.25 1659.93
2584 1241.75 1809.98
2585 1641.77 2318.96
2586 1532.25 2664.94
2587 1829.8 2008.53
2588 2576.96 2528.4
2589 3125.53 1830.53
2590 1569.1 1783.61
2591 940.539 132.235
2592 2923.95 598.337
2593 1364.16 568.203
2594 975.015 355.847
2595 1192.75 1006.11
2596 2526.22 1493.77
2597 541.261 1731.72
2598 1816.65 169.621
2599 2614.12 2490.34
2600 2798.39 2106.03
2601 84.0273 116.218
2602 525.713 1679.02
2603 826.168 1283.83
2604 117.527 2851.9
2605 45.2105 1395.48
2606 1231.26 1122.09
2607 2046.74 1756.75
2608 3237.51 2722.31
2609 822.53 1015.77
2610 3016.13 2450.76
2611 1882.63 2900.52
2612 1336.74 901.504
2613 200.785 1223.91
2614 1497.24 363.755
2615 2348.83 2027.22
2616 2332.85 513.185
2617 1238.6 1376.51
2618 747.291 887.856
2619 1174.64 330.514
2620 3057.14 2497.93
2621 1015.23 451.355
2622 1201.36 75.6997
2623 3122.28 1412.9
2624 1094.77 178.708
2625 970.115 2537.18
2626 3089.87 1527.64
2627 804.048 1353.75
2628 497.404 587.967
2629 922.456 2738.73
2630 2136.94 110.648
2631 2308.38 25.8037
2632 3170.12 3076.32
2633 1725.68 415.326
2634 2294.76 1004.16
2635 1501.26 976.28
2636 2210.64 2201.74
2637 1210.21 2535.16
2638 1820.03 676.119
2639 2774.48 1915.23
2640 2210.98 3071.48
2641 895.467 180.969
2642 976.57 1501.26
2643 3097.85 575.574
2644 354.595 2914.89
2645 2571.56 1952.23
2646 2817.97 1582.88
2647 1495.71 1577.22
2648 1965.34 2475.35
2649 663.342 139.614
2650 2292.36 1765.97
2651 1816.17 1708.49
2652 1717.41 752.904
2653 2172.82 3038.83
2654 1294.94 2518.5
2655 766.782 1874.43
2656 1628.5 3185.62
2657 2844.07 1996.18
2658 1729.85 2316.1
2659 466.643 1737.83
2660 599.444 2990.45
2661 831.255 322.139
2662 2827.48 1415.34
2663 1243.64 1304.09
2664 3007.85 1077.49
2665 1238.96 3305.77
2666 1428.83 1020.45
2667 1627.64 2855.21
2668 619.491 1756.5
2669 2654.85 3041.93
2670 885.674 361.306
2671 3018.75 1180.06
2672 3028.36 2259.48
2673 2700.22 3253.72
2674 3222.51 544.62
2675 1225.49 2152.75
2676 2488.5 1697.69
2677 2072.1 990.073
2678 237.846 3305.75
2679 1076.26 1425.25
2680 1979.98 2621.52
2681 1957.78 2955.41
2682 2627.87 656.853
2683 1288.61 719.992
2684 996.118 1330.43
2685 1994.79 805.838
2686 866.099 2763.52
2687 639.467 2129.8
2688 1486.89 1672.1
2689 1498.78 2389.51
2690 3301.43 2423.46
2691 1963.27 1561.76
2692 2099.56 1168.06
2693 2965.38 1811.06
2694 1574.87 1917.83
2695 2368.85 3016.2
2696 1219.12 1902.31
2697 949.082 257.118
2698 2651.67 843.751
2699 126.167 375.403
2700 1182.87 245.653
2701 729.814 2759.03
2702 740.767 3007.22
2703 1926.94 2364.53
2704 679.003 255.386
2705 2535.37 241.74
2706 796.466 1944.56
2707 850.039 2100.14
2708 2865.21 969.416
2709 1015.04 3184.97
2710 316.804 2610.76
2711 1977.03 720.074
2712 1758.26 288.301
2713 1295.46 454.583
2714 2839.65 1688.37
2715 2164.86 1670.09
2716 1306.16 1367.92
2717 3090.05 1650.21
2718 2169.93 1117.88
2719 2606.25 1754.92
2720 499.326 1699.78
2721 2136.04 2279.15
2722 2142.12 3133.89
2723 2707.67 3131
2724 2775.36 2771.81
2725 341.794 75.265
2726 1520.16 234.798
2727 3222.36 2518.83
2728 1202.98 629.072
2729 2138.32 750.438
2730 2673.27 707.086
2731 1591.91 393.639
2732 2091.75 1028.4
2733 2635.01 730.386
2734 403.126 1666.75
2735 31.6291 2084.65
2736 1728.66 861.569
2737 643.052 2484.78
2738 2287.26 2745.77
2739 2445.56 3050.56
2740 1670.49 1118.06
2741 1201.63 1564.8
2742 1755.73 2671.65
2743 2078.26 3053.89
2744 1125.53 2714.48
2745 173.907 1995.87
2746 1303.76 2362.61
2747 1755.43 819.961
2748 218.526 1277.21
2749 3238.46 2683.47
2750 3038.9 767.258
2751 3010.12 691.082
2752 76.0418 1446.58
2753 62.2101 1261.61
2754 229.435 2453.51
2755 2945.03 541.987
2756 1638.23 2082.66
2757 2665.91 1413.31
2758 497.148 652.777
2759 2686.84 2838.65
2760 2561.85 686.561
2761 3194.36 2491.72
2762 2889.34 321.368
2763 2685.5 1246.86
2764 3050.74 904.479
2765 1388.19 2332.66
2766 399.778 1890.41
2767 484.688 590.275
2768 825.962 1572.44
2769 1555.9 1865.85
2770 1352.94 506.038
2771 114.812 3126.72
2772 1891 1979.54
2773 242.815 2263.43
2774 2195.8 1528.96
2775 558.845 2901.99
2776 2546.27 2830.07
2777 1233.22 1200.45
2778 326.866 729.006
2779 2126.65 166.16
2780 2756.96 3137.6
2781 1443.83 2216.43
2782 849.137 482.139
2783 713.405 1900.01
2784 2031.95 1301.76
2785 2208.43 661.182
2786 594.014 1988.32
2787 2508.23 356.51
2788 2377.94 2919.25
2789 2415.6 1737.67
2790 160.501 2757.95
2791 3129.35 126.882
2792 365.145 2649.78
2793 1778.43 2769.05
2794 2980.99 2044.64
2795 1355.28 1461.93
2796 2427.4 1038.38
2797 2490.04 1807.75
2798 2917.55 2310.87
2799 1616.67 2562.51
2800 2789.07 2653.23
2801 532.793 1549.74
2802 1729.19 1035.44
2803 3134.69 2930.1
2804 938.107 2527.64
2805 3095.05 787.39
2806 2077.28 2133.69
2807 1052.04 3250.53
2808 1971.88 3217.43
2809 2840.86 2307.68
2810 1359.47 3188.29
2811 929.704 3165.63
2812 1604.7 881.548
2813 1229.69 1958.85
2814 982.633 1279.89
2815 1717.11 2957.05
2816 113.638 1305.07
2817 507.928 225.121
2818 2390.06 2269.95
2819 500.387 1196.19
2820 1049.56 1842.08
2821 2589.29 2236.63
2822 2935.48 2781.27
2823 638.738 890.008
2824 2188.98 1452.59
2825 118.766 1298.47
2826 1918.62 1344.08
2827 1393.95 2603.8
2828 2183.12 961.355
2829 3049.16 1285.71
2830 2911.18 1388.19
2831 285.556 2464.2
2832 752.937 2148.27
2833 3246.23 3148.93
2834 1211.14 2926.39
2835 2276.76 324.88
2836 3245.63 575.209
2837 2306.48 2615.17
2838 723.141 299.65
2839 1480.54 1281.88
2840 87.2444 356.513
2841 1326.74 801.716
2842 2852.27 1141.3
2843 2601.77 2260.53
2844 2056.1 1668.78
2845 2793.11 1101.89
2846 3226.71 2547.65
2847 3292.91 1794.49
2848 102.11 1851.69
2849 2996.1 295.083
2850 1416.09 63.8411
2851 532.363 2529.25
2852 82.6364 2219.36
2853 1920.69 1553.9
2854 3058.67 2666.05
2855 149.371 252.058
2856 2272.69 883.74
2857 1584.25 1752.63
2858 2618.52 1678.4
2859 636.062 3167.38
2860 1326.06 2721.57
2861 1300.72 2665.86
2862 1066.39 963.929
2863 2822.86 3279.05
2864 669.795 3026.83
2865 3266.53 2224.44
2866 2094.87 3158.54
2867 1750.76 125.522
2868 740.276 338.066
2869 305.617 2793.51
2870 1683.81 2192.23
2871 2925.13 3034.91
2872 1520.85 2664.19
2873 31.4521 2616.68
2874 1531.18 3056.95
2875 2186.58 1068.64
2876 1770.05 2242.04
2877 2277.25 3141.2
2878 1477.77 1141.86
2879 1933.05 2730.58
2880 2397.54 2787.12
2881 2483.37 3113.61
2882 871.287 1178.2
2883 1390.28 3100.46
2884 1908.7 2325.01
2885 1984.27 1721.29
2886 749.213 102.546
2887 895.381 1604.81
2888 2290.36 2866.9
2889 1836.22 678.026
2890 756.915 3281.34
2891 1442.65 655.226
2892 2839.97 3301.23
2893 1845.64 1495.39
2894 1929.09 1613.97
2895 2087.64 642.829
2896 46.406 2082.7
2897 2196.85 3030.49
2898 2818.61 2554.36
2899 1573.1 484.825
2900 1990.29 2546.13
2901 1474.34 1008.03
2902 754.97 2695.4
2903 1293.57 1074.14
2904 3259.72 2868.08
2905 182.649 1517.34
2906 1473.47 2434.28
2907 1088.43 1146.25
2908 2810.23 677.008
2909 121.693 1695.57
2910 2672.8 2193.65
2911 444.548 1248.68
2912 1629.15 2652.74
2913 3273.41 839.934
2914 1233.79 3168.39
2915 880.426 3049.62
2916 1984.03 3232.32
2917 3132.65 132.392
2918 3189.51 516.623
2919 1436.09 1972.49
2920 947.771 2919.39
2921 339.587 361.339
2922 2527.48 659.249
2923 1230.41 3180.71
2924 1157.92 11.2422
2925 339.575 810.803
2926 2463.35 2135.86
2927 2631.37 2529.74
2928 3278.34 3247.5
2929 1222.99 2264.92
2930 1578.54 706.384
2931 1156.87 1393.27
2932 1140.12 2354.94
2933 3070.78 1936.17
2934 3085.04 1437.45
2935 987.358 109.207
2936 2779.55 1738.61
2937 1492.54 2350.45
2938 2385.78 321.455
2939 1408.27 852.192
2940 2734.57 1074.7
2941 2161.84 3243.4
2942 487.041 832.997
2943 643.195 62.4577
2944 2013.49 976.94
2945 2178.78 465.594
2946 1412.92 2249.23
2947 2583.99 2612.09
2948 1802.88 319.429
2949 3291.05 3098.89
2950 229.664 2252.49
2951 1399.1 507.005
2952 388.296 68.3785
2953 435.501 1558.91
2954 2781.44 3273.46
2955 2665.51 527.62
2956 1592.2 2495.02
2957 2689.15 400.204
2958 809.849 1797.77
2959 428.085 777.555
2960 1162.84 3104.27
2961 1587.91 898.54
2962 3121.21 1019.47
2963 364.012 2576.19
2964 559.586 3017.63
2965 1045.28 594.583
2966 1632.1 3185.87
2967 833.039 2790.55
2968 2755.04 960.206
2969 1112.64 1658.62
2970 1148.41 13.23
2971 2265.6 1681.82
2972 404.778 1553.18
2973 1550.04 1215.38
2974 847.744 1941.31
2975 100.531 653.023
2976 2049.53 2776.52
2977 1083.82 215.496
2978 613.014 893.477
2979 626.765 1956.79
2980 760.139 2381.29
2981 1348.34 2112.13
2982 420.769 1631.25
2983 1885.38 375.533
2984 1602.14 1627.77
2985 210.978 644.138
2986 2310.8 85.7812
2987 1201.63 2355.55
2988 119.768 868.807
2989 3146.39 2175.25
2990 1860.97 3071.32
2991 2979.1 179.047
2992 615.723 628.522
2993 2657.88 2.55728
2994 1667.5 495.359
2995 3169.49 1049.07
2996 2683.8 1076.13
2997 1989.71 2242.11
2998 2957.99 1718.55
2999 251.24 2728.81
3000 108.538 1872.88
3001 2689.79 69.9485
3002 3295.39 1465.73
3003 455.327 1312.48
3004 1999.31 73.7452
3005 1759.99 1305.17
3006 3011.84 116.053
3007 575.535 2278
3008 1492.46 2878.31
3009 1157.09 1201.48
3010 3068.56 2587.65
3011 1006.42 3142.21
3012 2035.45 317.306
3013 1461.49 39.8359
3014 2282.52 210.073
3015 2671.51 1507.29
3016 1906.38 2723.77
3017 2115.56 926.99
3018 436.842 765.762
3019 2396.82 3072.88
3020 1944.39 1520.85
3021 625.854 1992.05
3022 3027.07 1236.9
3023 264.068 3039.4
3024 598.359 2773.29
3025 1114.88 3069.17
3026 3172.3 2065.09
3027 2163.6 825.983
3028 2471.92 2569.85
3029 1452.24 2457.44
3030 3.00223 1829
3031 309.481 3108.58
3032 3096.59 2500.73
3033 3267.92 2977.42
3034 1390.16 2024.88
3035 2361.22 913.72
3036 3166.11 731.634
3037 26.1095 1934.66
3038 1362.63 1975.7
3039 2626.79 2535.13
3040 1043.19 2714.81
3041 643.352 1330.84
3042 3034.82 161.774
3043 1692.77 604.238
3044 2279.57 2463.43
3045 2482.42 2369.46
3046 3164.34 1147.97
3047 1826.61 2504.41
3048 2654.93 1855.16
3049 1599.84 3028.66
3050 1614.75 101.282
3051 3236.75 572.837
3052 1358.33 2393.05
3053 2305.93 761.031
3054 1190.65 2912.29
3055 3145.82 3006.18
3056 197.175 1733.09
3057 1273.28 846.761
3058 439.529 2116.96
3059 700.249 1196.4
3060 91.1997 1660.66
3061 1898.91 88.7872
3062 414.424 614.852
3063 2145.74 735.938
3064 273.067 584.151
3065 1716.14 2603.99
3066 3170.15 1929.71
3067 1826.1 263.846
3068 1984.64 2404.22
3069 1246.36 2245.26
3070 2433.7 2540.42
3071 1724.97 2066.06
3072 1650.26 635.534
3073 2129.84 65.8002
3074 1047.13 515.243
3075 1285.64 1862.89
3076 1507.75 755.282
3077 1726.16 1059.63
3078 1821.25 1864.34
3079 2695.32 58.0076
3080 2833.4 1682.32
3081 3248.56 2008.81
3082 1910.91 2741.5
3083 458.423 2033.14
3084 1764.13 1556.59
3085 1056.58 1040.81
3086 649.672 1973.75
3087 677.957 2959.33
3088 2716.28 551.37
3089 932.486 2905.3
3090 1241.67 2012.2
3091 1426.4 3084.51
3092 2674.25 1486.12
3093 2884.07 1992.21
3094 749.843 2150.73
3095 2403.56 1690.12
3096 616.378 824.656
3097 1331.83 258.317
3098 1771.36 2550.52
3099 1550.11 291.679
3100 1925.71 3100.3
3101 1601.4 815.617
3102 2530.36 3153.23
3103 2702.08 2612.54
3104 1673.42 2163.81
3105 2541.62 3158.7
3106 2059.37 1335.34
3107 2940.36 925.849
3108 2673.8 2914.7
3109 633.92 1394.72
3110 1676.24 569.823
3111 1964.07 997.485
3112 1628.27 1429.62
3113 2875.61 1987.44
3114 206.595 728.883
3115 2859.97 2159.9
3116 248.306 1015.97
3117 683.119 2620.05
3118 1191.01 1316.72
3119 792.995 2431.1
3120 1267 2574.29
3121 302.418 2789.22
3122 2298.56 152.618
3123 1727.77 1315.23
3124 2686.01 1790.65
3125 1348.94 2037.17
3126 271.109 2938.87
3127 2046.88 1946.77
3128 1433.81 744.739
3129 2465.96 93.8496
3130 331.625 1171.22
3131 349.545 1665.84
3132 2274.56 1319.8
3133 2740.18 2838.49
3134 633.172 1975.99
3135 2222.97 1337.63
3136 2693.32 346.067
3137 1502.91 1742.11
3138 3163.35 604.86
3139 612.032 1944.32
3140 20.2435 2665.68
3141 860.496 3296.19
3142 268.716 3221.37
3143 2105.58 2089.61
3144 195.823 3249.79
3145 2934.97 2757.13
3146 1309.91 1308.39
3147 2827.85 543.832
3148 1861.83 1770.7
3149 1901.82 552.174
3150 3045.28 2073.86
3151 3059.99 719.342
3152 2933.8 3105.05
3153 981.682 1688.9
3154 3138.21 2882.91
3155 1162.92 918.645
3156 1712.77 1673.03
3157 2517.97 1868.65
3158 3020.46 2518.96
3159 2583.52 2890.08
3160 1590.96 2975.73
3161 223.18 2905
3162 530.143 1834.81
3163 34.4359 1834.76
3164 2767.24 1693.89
3165 2926.71 2299.51
3166 541.297 1840.15
3167 2553.73 2471.01
3168 1363.28 1177.77
3169 2864.6 3112.37
3170 3119.55 972.811
3171 2942.43 2127.44
3172 1303.08 942.837
3173 2864.86 336.874
3174 2643.44 2450.09
3175 947 620.326
3176 442.244 1390.65
3177 562.232 300.043
3178 3094.11 2383.48
3179 916.103 1327.45
3180 3281.59 1893.33
3181 1619.12 2225.27
3182 2652.46 1303.54
3183 333.183 3065.59
3184 2832.22 460.672
3185 1763.86 2892.68
3186 1837 32.0327
3187 1720.71 460.945
3188 2833.76 2894.35
3189 2142.83 2451.73
3190 3180.9 3104.66
3191 2344.9 1923.13
3192 2953.76 1518.27
3193 473.094 2449.32
3194 610.26 268.078
3195 3300.9 2510.06
3196 1198.07 2996.11
3197 1665.36 348.896
3198 1991.2 990.824
3199 2453.78 3235.81
3200 2152.49 1268.53
3201 1077.95 3045.37
3202 3111.99 2046.01
3203 1114.49 1415.68
3204 2644.38 40.6321
3205 2543.91 2622.33
3206 1738.84 2487.08
3207 2992.9 3292.34
3208 1345.58 2698.86
3209 1277.09 2602.13
3210 1388.32 1360.79
3211 636.088 1668.91
3212 1593.5 689.915
3213 2426.82 2453.7
3214 3181.3 2995.74
3215 2723.16 2160.05
3216 356.467 837.566
3217 2301.06 1830.8
3218 852.308 146.686
3219 2254.97 3184.39
3220 2599.43 1887.98
3221 2754.52 2591.45
3222 2770.02 2403.36
3223 2470.67 714.71
3224 1129.13 3199.38
3225 85.8003 14.6901
3226 3054.94 2665.65
3227 620.618 1560.48
3228 2855.31 1320.76
3229 909.898 2222.71
3230 2290.05 379.419
3231 2150.62 987.502
3232 1669.77 533.438
3233 1439.48 631.105
3234 370.913 1479.65
3235 1059.69 1963.58
3236 1669.72 2737.27
3237 938.848 1141.69
3238 1224.63 2036.9
3239 828.34 1021.72
3240 2975.13 1620.49
3241 3283.53 61.3542
3242 2573.66 2315.02
3243 1387.12 908.922
3244 84.6335 1840.55
3245 3136.77 3003.92
3246 217.258 2371.99
3247 1099.1 596.863
3248 3108.04 3101.07
3249 584.407 2088.49
3250 2996.65 409.363
3251 2543.26 662.304
3252 424.606 956.721
3253 1016.08 2693.2
3254 1416.27 201.721
3255 1137.5 1532.65
3256 1693.5 1274.68
3257 2039.82 2121.74
3258 488.73 2210.27
3259 1201.92 1125.57
3260 825.834 2960.72
3261 2682.4 591.944
3262 1999.12 1568.86
3263 1074.37 1835.92
3264 1966.75 3073.22
3265 2073.36 2462.04
3266 1095.85 1490.97
3267 1412.84 2234.08
3268 1578.32 809.089
3269 3243.17 2729.11
3270 1064.04 1556.01
3271 798.01 3080.1
3272 584.697 1697.03
3273 297.942 961.476
3274 1845.18 1565.43
3275 724.321 1785.55
3276 2744.89 92.0503
3277 582.641 2074.24
3278 500.19 2545.59
3279 167.413 993.568
3280 526.182 1034.25
3281 891.246 1056.83
3282 901.467 1317.6
3283 1796.98 3286.67
3284 562.315 1575.29
3285 142.576 761.25
3286 2767.42 3032.61
3287 2216.99 2938.27
3288 3300.88 1843.57
3289 1663.14 1471.15
3290 2630.48 253.571
3291 3050.11 3101.57
3292 411.405 1820.2
3293 1110.2 2926.99
3294 2185.5 519.302
3295 2363.3 326.746
3296 1986.6 1123.06
3297 279.032 1985.75
3298 1889.36 274.868
3299 2349 932.934
3300 1557.07 2225.66
3301 1921.46 361.728
3302 3195.55 131.048
3303 212.227 537.849
3304 2262.15 3220.73
3305 73.3899 1214.74
3306 3009.6 1577.51
3307 778.562 3028.45
3308 2572.5 1471.27
3309 638.393 2202.07
3310 1304.1 1889.94
3311 2695.86 1804.12
3312 495.744 2634.47
3313 2996.01 2451.26
3314 61.6043 3191.84
3315 499.294 443.592
3316 1615.24 1317.96
3317 365.102 2125.71
3318 377.056 931.053
3319 3246.39 198.905
3320 495.834 2545.79
3321 2708.96 3190.77
3322 2726.34 803.926
3323 1608.68 2022.74
3324 2327.03 1729.33
3325 2902.5 2560.89
3326 284.88 2020.24
3327 2961.89 97.5426
3328 2558.5 633.007
3329 2187.97 2366.53
3330 1024.56 768.794
3331 238.37 296.994
3332 3120.64 1297.66
3333 1663.58 2101.06
3334 1271.29 1142.56
3335 796.883 1734.38
3336 3001.22 2963.37
3337 2094.05 1206.35
3338 414.71 30.2568
3339 2662.58 1148.78
3340 2272.11 1930.42
3341 2445.93 1770.91
3342 2533.79 2942.96
3343 817.705 2322.81
3344 2934.91 1216.28
3345 1268.29 1634.31
3346 2135.28 345.614
3347 430.775 644.019
3348 2704.19 3038.22
3349 3302.27 625.831
3350 2860.51 2999.36
3351 731.497 2761.44
3352 2753.44 3300.25
3353 3201.11 819.858
3354 326.076 157.658
3355 2583.82 840.492
3356 386.679 2697.56
3357 1224.92 1558.55
3358 3194.4 64.0192
3359 841.507 964.296
3360 1872.9 868.93
3361 2045.77 1883.53
3362 758.885 474.319
3363 391.704 387.17
3364 1867.76 2858.13
3365 624.413 50.6658
3366 929.334 2436.02
3367 2280.57 1408.18
3368 3179.3 1732.13
3369 3254.58 406.247
3370 1513.52 3013.52
3371 789.091 1015.81
3372 1587.65 1772.94
3373 2424.43 3273.32
3374 2444.17 2294.55
3375 457.765 2018.41
3376 443.511 3017.33
3377 3264.85 2187.57
3378 510.866 720.817
3379 2928.94 1260.5
3380 44.3312 2620.21
3381 2294.01 394.358
3382 2472.39 1698.96
3383 156.178 848.726
3384 655.081 1038.62
3385 1676.24 559.243
3386 1894.99 2226.18
3387 3123.15 2396.5
3388 507.95 2347.87
3389 3189.1 2283.18
3390 335.566 127.428
3391 2912.33 2508.79
3392 588.162 3062.79
3393 1898.25 934.373
3394 2782.82 645.43
3395 542.584 2727.43
3396 875.985 2186.63
3397 206.441 2953.42
3398 1807.53 2471.33
3399 990.243 385.28
3400 3262.08 845.234
3401 984.796 1580.89
3402 649.225 1626.12
3403 2900.85 617.466
3404 3082.45 1706.3
3405 436.349 3234.52
3406 2159.15 2904.56
3407 2957.15 1691.54
3408 3226.14 1731.09
3409 1113.23 1378.83
3410 573.745 948.751
3411 1522.82 867.572
3412 3230.88 2461.77
3413 2929.82 2369.47
3414 1323.85 2933.89
3415 766.04 857.94
3416 399.794 2642.59
3417 1887.87 1149.65
3418 1294.32 1968.23
3419 2028.55 3121.87
3420 824.499 2004.45
3421 518.391 2381.16
3422 1852.26 958.245
3423 2076.61 1941.09
3424 699.162 2186.45
3425 2638.78 1835.32
3426 2164.66 2512.97
3427 2061.01 3033.28
3428 590.281 1919.45
3429 2187.89 323.298
3430 3288.73 2273.29
3431 2723.72 560.745
3432 2950.32 920.659
3433 648.355 325.292
3434 2996.56 2378.69
3435 560.71 271.163
3436 657.106 2214.65
3437 2891 731.354
3438 1181.9 809.016
3439 2422.7 1336.38
3440 2038.55 1264.41
3441 36.0269 2225
3442 1166.93 1594.15
3443 1295.79 1012.8
3444 395.193 1526.9
3445 1541.31 982.418
3446 328.421 1228.92
3447 1606.58 450.466
3448 1585.34 2451.05
3449 641.128 2326.02
3450 3004.36 2258.96
3451 751.433 1421.24
3452 313.891 1816.89
3453 1330.06 1029.18
3454 1753.34 2191.76
3455 3252.22 3193.72
3456 311.504 668.736
3457 2981.3 2916.16
3458 2551.49 1059.06
3459 2333.45 236.842
3460 3162.71 863.325
3461 3174.78 809.911
3462 2085.86 2647.44
3463 612.718 3239
3464 1116.71 2995.81
3465 1972.68 1003.39
3466 617.05 469.017
3467 1812.34 3220.07
3468 1614.41 1387.33
3469 2490.46 1922.51
3470 2429.87 1557.62
3471 1508.84 2056.53
3472 2813.46 3204.56
3473 86.2232 2817.35
3474 1806.04 629.524
3475 69.3534 568.623
3476 1048.64 1122.92
3477 1697.96 1166.92
3478 1945.21 2531.06
3479 2960.77 1980.28
3480 2906.32 2846.43
3481 1174.87 1760.22
3482 1831.1 1827.9
3483 1813.76 1523.96
3484 932.586 2163.77
3485 2715.11 890.445
3486 3228.64 2611.79
3487 598.926 927.741
3488 278.981 2416.55
3489 3276.31 2206.42
3490 1346.9 2796.38
3491 537.813 3196.55
3492 258.514 2088.67
3493 273.49 1200.54
3494 375.005 472.992
3495 2756.33 354.363
3496 533.294 902.852
3497 330.145 2408.8
3498 999.184 1743.95
3499 1566.96 1393.62
3500 59.7215 3170.71
3501 3250.85 225.034
3502 1828.06 2744.2
3503 880.538 153.68
3504 2825.57 2142.95
3505 3192.18 1215.48
3506 929.215 3208.91
3507 2575.22 2446.36
3508 3086.16 3019.75
3509 600.296 3009.62
3510 1754.84 2762.09
3511 479.383 3202.49
3512 2548.64 2414.09
3513 3117.18 1165.87
3514 1740.24 1321.35
3515 2395.48 3041.22
3516 2189.3 3133.23
3517 3037.34 2947.73
3518 1184.19 2040.73
3519 987.398 1473.37
3520 3073.21 2642.19
3521 2200.52 196.461
3522 1270.43 1730.83
3523 2783.26 1056.52
3524 929.759 2586.92
3525 1253.72 2017.36
3526 2507.08 1294.75
3527 2152.26 3038.44
3528 3246.13 431.661
3529 1431.68 3103.55
3530 2473.16 248.588
3531 1165.6 1805.4
3532 2506.5 1432.74
3533 53.1818 2121.84
3534 796.69 979.88
3535 1853.82 3287.54
3536 3240.37 2517.43
3537 385.335 2033.19
3538 2957.2 1124.46
3539 2617.23 935.475
3540 2557.4 84.2699
3541 2227.12 1116.51
3542 1845.37 847.957
3543 3032.75 2402.73
3544 2758.89 650.315
3545 2119.88 743.732
3546 640.189 908.156
3547 778.815 2322.61
3548 140.894 3095.2
3549 219.323 919.028
3550 2145.69 1782.14
3551 218.659 2504.57
3552 2756.39 1659.62
3553 3024.14 1640.19
3554 858.189 2231.84
3555 756.019 730.561
3556 3266.7 2502.99
3557 2666.72 2486.59
3558 2515.57 1247.23
3559 96.2796 357.654
3560 3301.28 1809.41
3561 860.283 848.892
3562 145.988 289.678
3563 2720.9 2513.49
3564 1323.51 1230.83
3565 1183.86 1707.22
3566 1348.35 2031.73
3567 29.3537 3197.02
3568 287.297 2060.16
3569 1164.76 1391.69
3570 1462.3 1852.35
3571 3110.04 1419.14
3572 2017.67 2878.33
3573 1716.54 2623.55
3574 2543.48 2393.48
3575 418.28 2745.57
3576 3208.39 725.078
3577 327.123 2250.84
3578 2540.07 328.23
3579 2615.02 3168.39
3580 664.325 1334.87
3581 2688.42 461.991
3582 2346.57 1121.1
3583 569.822 2091.36
3584 2860.35 2313.49
3585 2759.3 1163.27
3586 1655.65 1888.64
3587 1834.06 799.097
3588 170.089 2105.49
3589 2125.11 2539.72
3590 493.368 2499.1
3591 1142.34 1677.5
3592 2535.66 1862.86
3593 3247.87 1857.49
3594 3225.55 958.189
3595 1074.32 2488.07
3596 2985.18 1680.31
3597 3028.72 1453.2
3598 1633.92 1679.31
3599 3238.52 1307.52
3600 3067.49 593.444
3601 1237.79 422.31
3602 2298.16 1915.49
3603 1603.3 410.37
3604 2829.18 2859.74
3605 3012.13 2481.35
3606 616.013 2208.63
3607 1059.43 3042.24
3608 2992.83 1575.71
3609 314.903 2545.76
3610 2363.66 3172.48
3611 1030.48 1590.41
3612 1475.38 2030.38
3613 616.8 418.348
3614 1396.65 3009.23
3615 3238.92 457.154
3616 3273.59 1141.02
3617 1819.88 1458.49
3618 302.951 3062.86
3619 3258.03 1800.61
3620 1693.48 1489.52
3621 390.04 1105.44
3622 870.036 2496.53
3623 2356.48 1796.88
3624 2341.94 2759.71
3625 2507.69 2851.4
3626 2658.75 1376.53
3627 2621.78 1859.37
3628 99.7909 307.262
3629 190.756 514.281
3630 676.239 6.68162
3631 56.0474 2091.18
3632 2249.34 250.813
3633 699.109 1957.14
3634 2282.17 1162.23
3635 1791.61 1446.91
3636 2504.78 606.62
3637 2738.53 1734.88
3638 75.45 3091.3
3639 979.247 1084.52
3640 670.676 3058.08
3641 1022.91 2298.14
3642 773.397 2512.2
3643 1293.32 487.447
3644 2741.71 1303.49
3645 1519.69 2572.39
3646 1246.34 1128.7
3647 2066.92 2225.67
3648 2918.91 2714.7
3649 1416.69 844.66
3650 561.663 45.2706
3651 2337.3 2280.29
3652 574.495 1747.31
3653 2568.45 2797.19
3654 2516.43 323.939
3655 2849.09 427.003
3656 2326.95 1931.25
3657 1380.31 2193.89
3658 599.19 477.598
3659 976.94 2726.23
3660 3267.34 97.1501
3661 2967.64 692.471
3662 2963.22 2466.11
3663 520.741 2512.55
3664 2067.38 38.3138
3665 1515.86 1039.81
3666 1348.83 2230.22
3667 1253.51 2524.29
3668 1959.48 3270.99
3669 198.679 673.924
3670 2605.11 1729.51
3671 1576.95 305.59
3672 2875.45 1488.11
3673 560.191 453.33
3674 3279.24 2687.69
3675 1535.02 3216.65
3676 2839.12 246.954
3677 2291.83 755.66
3678 1099.94 1344.71
3679 2455.64 2781.76
3680 2148.47 2949.07
3681 1223.3 3244.35
3682 712.604 3142.33
3683 1741.79 2711.4
3684 1690.12 3102.43
3685 1304.61 762.815
3686 1457.35 1756.83
3687 258.198 2505.11
3688 2620.93 2246.14
3689 991.217 1114.67
3690 333.783 3221.36
3691 2097.52 1495.48
3692 1531.51 1224.1
3693 304.182 1356.86
3694 1321.63 2969.44
3695 1811.1 2659.78
3696 394.767 216.756
3697 365.539 3104.91
3698 2070.17 586.675
3699 3134.58 2477.76
3700 1939.32 1026.57
3701 1183.74 850.489
3702 2135.02 260.991
3703 3210.62 518.006
3704 777.599 1448.91
3705 606.736 2795.14
3706 2120.07 381.308
3707 1319.1 1744.05
3708 2170.14 1464.79
3709 2531.21 904.241
3710 2121.55 2924.25
3711 1509.62 471.569
3712 1573.47 1482.83
3713 2440.89 186.121
3714 988.736 3203.81
3715 2484.67 940.004
3716 104.837 341.724
3717 2549.48 2217.55
3718 1421.74 895.706
3719 1314.16 2945.92
3720 958.071 2857.45
3721 356.634 2088.03
3722 2655.34 9.70661
3723 2313.46 2854.47
3724 591.162 489.226
3725 1035.11 1799.93
3726 322.908 1278.69
3727 2660.07 1734.95
3728 2408.67 1084.72
3729 1844.75 278.525
3730 1755.02 2529.2
3731 1324.78 1279.15
3732 1788.85 1917.14
3733 1925.07 2015.44
3734 2639.79 1081.57
3735 370.498 556.557
3736 436.779 321.304
3737 2116.69 2096.32
3738 2927.82 1409.25
3739 613.068 898.678
3740 1003.78 2298.26
3741 935.883 2377.6
3742 2100.01 407.108
3743 3234.91 1461.47
3744 1580.1 1900.24
3745 1799.73 385.672
3746 2580.97 1266.8
3747 2413.15 1884.43
3748 725.624 2046.55
3749 2194.37 1939.07
3750 2596.84 1960.9
3751 2444.04 478.797
3752 2768.38 1068.8
3753 2035.53 2157.32
3754 2334.89 2627.12
3755 2101.15 682.643
3756 985.18 2105.21
3757 951.214 1563.72
3758 2263.25 2896.2
3759 1635.86 3031.24
3760 2114.47 1979.99
3761 1061.83 2675.05
3762 703.872 530.674
3763 1126.8 2564.11
3764 566.478 2890.82
3765 122.332 2943.46
3766 137.626 954.983
3767 2641.8 237.325
3768 1935.03 3175.13
3769 2306.8 2831.1
3770 1545.57 1614.71
3771 2520.77 2216.01
3772 2851.95 1684.43
3773 507.412 1896.32
3774 2336.74 2233.48
3775 1894.24 224.442
3776 2723.08 1584.96
3777 1006.76 2240.56
3778 541.677 714.993
3779 1720.34 1856.27
3780 3047.74 1890.96
3781 2422.17 2278.4
3782 428.207 673.946
3783 2406.89 2620.17
3784 2833.93 243.963
3785 2815.07 2949.44
3786 1705.14 1801.35
3787 2105.46 1657.43
3788 2390.04 600.964
3789 1381.08 3304.47
3790 598.122 929.101
3791 2752.5 1883.66
3792 732.401 2288.57
3793 606.452 2973.74
3794 2343.94 2621.74
3795 2978.59 3078.32
3796 3113.54 2077.16
3797 936.056 167.233
3798 871.735 2428.67
3799 128.236 1771.34
3800 2683.08 2511.15
3801 415.096 564.656
3802 509.991 1645.32
3803 2511.36 2110.52
3804 495.802 327.695
3805 1967.49 2098.03
3806 833.54 2147.55
3807 695.378 2740.04
3808 2008.34 2528.56
3809 794.271 720.154
3810 1820.65 1820.61
3811 1595.85 1058.07
3812 1942.79 377.321
3813 1288.94 2217.51
3814 1215.21 1735.32
3815 1343.82 2953.04
3816 1485.52 246.435
3817 2887.93 1406.17
3818 1076.35 74.6496
3819 634.792 1472.08
3820 233.212 2917.09
3821 1998.8 1518.86
3822 1231.27 2627.97
3823 2856.27 766.847
3824 1668.61 599.274
3825 2392.35 2932
3826 1090.73 435.166
3827 2579.03 1516.37
3828 300.762 78.5231
3829 1688.77 2108.59
3830 873.886 2734.94
3831 1150.25 2539.27
3832 1140.4 956.664
3833 1781.12 1453.55
3834 364.395 1166.82
3835 3051.22 1835.56
3836 1644.8 475.084
3837 1361.3 2176.67
3838 1048.74 378.414
3839 1500.81 1456.87
3840 1882 1324.9
3841 989.555 2795.3
3842 2774.74 876.922
3843 1013.07 335.044
3844 388.414 2452.62
3845 1462.27 694.936
3846 1698.45 1823.95
3847 3028.61 1438.38
3848 2819.29 2570.09
3849 1344.49 1048.1
3850 3253.67 3306.41
3851 2322.12 864.106
3852 1064.4 56.2646
3853 451.743 763.038
3854 506.439 1222.67
3855 315.113 1883.36
3856 2732.02 2148.43
3857 2563.77 33.4064
3858 325.368 1870.94
3859 2796.75 1872.02
3860 1202.1 2574.17
3861 2751.36 283.035
3862 1102.8 200.817
3863 1788.52 3010.11
3864 99.7175 1624.8
3865 2757.67 544.099
3866 2158.51 185.94
3867 2208.73 3019.5
3868 1424.54 1947.55
3869 1567.88 1224.35
3870 276.567 926.154
3871 1886.02 3144.4
3872 2084.15 2750.75
3873 1871.18 163.611
3874 2364.73 3048.2
3875 3183.77 2935.51
3876 237.652 818.92
3877 1258.32 3173.34
3878 2216.24 2159.18
3879 392.472 973.555
3880 1900.8 2703.47
3881 1762.35 1588.4
3882 1050.88 2725.42
3883 1276.34 66.4948
3884 325.245 1529.34
3885 2770.66 292.098
3886 322.946 342.703
3887 2624.16 2931.6
3888 3101.87 532.592
3889 803.103 1712.32
3890 2652.19 2564.47
3891 1844.19 3125.56
3892 2318.48 1037.79
3893 150.321 831.026
3894 1113.11 942.263
3895 511.239 2312.33
3896 304.677 1433.03
3897 354.678 1662.47
3898 3023.48 3052.83
3899 1283.93 1181
3900 161.526 1382.64
3901 2857.84 2707.6
3902 2054.31 2437
3903 1375.51 708.123
3904 2640.48 3158.36
3905 2568.44 513.33
3906 2960.45 2731.89
3907 2986.16 1371.85
3908 608.228 1582.05
3909 1857.38 2824.65
3910 140.986 3021.03
3911 632.604 2866.61
3912 2648.83 607.052
3913 413.637 1595.78
3914 2802.02 1548
3915 1962.09 3160.44
3916 2135.55 676.65
3917 2281.39 615.573
3918 3214.47 1490.54
3919 1338.78 474.463
3920 142.693 2090.31
3921 2823.61 1763.37
3922 508.538 1542.31
3923 2929.69 3292
3924 169.304 1479.3
3925 1068.32 349.008
3926 1526.95 708.666
3927 2135.36 1353.01
3928 813.995 467.558
3929 794.406 332.32
3930 3273.39 2531.42
3931 2440.89 2457.65
3932 774.001 1853.07
3933 1443.46 86.1383
3934 1260.54 1317.7
3935 1050.79 2341.96
3936 1731.49 1891.67
3937 1409.31 1169.55
3938 1231.76 1940.91
3939 256.888 2693.89
3940 219.016 803.75
3941 2997.18 1510.61
3942 2861.24 1985.65
3943 1655.91 1925.72
3944 2293.2 3234.77
3945 3120.36 1740.99
3946 983.102 152.149
3947 1222.48 805.187
3948 2561.82 1868.18
3949 2196.83 705.965
3950 1704.62 1688.23
3951 275.549 2043.34
3952 976.395 2963.78
3953 3242.6 960.133
3954 2960.84 823.875
3955 2480.44 1861.28
3956 2997.02 588.488
3957 2503.05 2183.2
3958 3217.72 2587.67
3959 1241.52 1715.82
3960 2040.62 325.081
3961 1441.16 229.665
3962 2509.74 2599.54
3963 873.31 874.08
3964 1387.85 1866.42
3965 24.3639 2714.53
3966 3096.61 210.86
3967 438.938 1692.76
3968 1258.88 1841.7
3969 2377.66 173.458
3970 1617.68 2544.32
3971 1269.81 1373.93
3972 1585.77 2873.11
3973 211.746 441.783
3974 738.612 1932.45
3975 3055.91 2164.33
3976 2432.13 1442.24
3977 876.492 1225.08
3978 135.6 2610.7
3979 1795.76 1053.77
3980 1786.42 3212.89
3981 824.306 890.692
3982 1046.24 2015.78
3983 614.243 2326.53
3984 1527.47 2170.06
3985 1551.02 1596.47
3986 878.085 2041.33
3987 50.8384 1881.75
3988 1899.59 1094.18
3989 2338.62 766.361
3990 2206.36 2381.41
3991 155.413 2576.53
3992 1183.82 1349.82
3993 971.705 3268.37
3994 1426.42 918.724
3995 3143.93 1279.65
3996 1058.56 2553.17
3997 1516.9 821.557
3998 2365.48 930.991
3999 400.684 1861.01
4000 1168.13 1233.64
4001 957.498 1732.35
4002 3155.67 1738.9
4003 3205.66 2325.95
4004 2234.09 913.297
4005 833.174 2627.42
4006 2473.09 1600.54
4007 236.934 224.694
4008 753.244 2271.88
4009 2537.86 3207.67
4010 1113.38 913.274
4011 3218.62 2292.96
4012 409.445 1918.7
4013 284.38 2909.96
4014 2965.16 1106.62
4015 395.618 1490.38
4016 3267.17 2921.91
4017 3086.99 1909.74
4018 3165.04 2235.87
4019 2459.39 2760.97
4020 2447.7 2164.29
4021 1223.27 552.865
4022 2897.7 2917.6
4023 2817.33 1835.62
4024 2403.6 2491.66
4025 1888.99 375.521
4026 3102.16 65.2236
4027 2957.05 927.286
4028 2249.24 799.979
4029 440.902 779.441
4030 1585.25 685.828
4031 1154.03 2902.57
4032 1141.12 2844.22
4033 2536.8 164.913
4034 725.326 1845.98
4035 388.216 3204.22
4036 2367.73 1922.45
4037 3297.16 2262.9
4038 680.577 711.644
4039 2252.46 3240.08
4040 2140.23 1403.16
4041 3019.45 2443.25
4042 2025.29 1649.73
4043 309.546 428.377
4044 607.042 1360.64
4045 791.704 1518.66
4046 3033.29 2923.09
4047 1424.03 413.697
4048 80.8497 2240.25
4049 2982.01 2598.02
4050 2785.38 137.964
4051 1589.05 281.576
4052 2687.64 2650.34
4053 2568.75 1710.51
4054 1543.47 2214.76
4055 1505.2 3007.56
4056 1179.45 1963.98
4057 2798.42 2677.99
4058 2434.63 1450.47
4059 1956.93 1875.23
4060 1329.81 3159.91
4061 976.394 2322.67
4062 2876.34 1504.6
4063 2196.48 1250.74
4064 1374.07 2184.71
4065 2632.22 931.811
4066 511.646 460.658
4067 291.95 227.373
4068 114.004 2523.48
4069 122.627 1102.95
4070 605.673 1782.62
4071 2770.44 1757.64
4072 1545.69 807.93
4073 1968.14 2102.93
4074 1547.36 2238.69
4075 1003.88 625.489
4076 3278.03 2575.92
4077 2601.44 3192.26
4078 112.316 2730.67
4079 1980.7 794.835
4080 250.843 3060.91
4081 2725.23 130.639
4082 318.623 2640.71
4083 1881.47 1562.54
4084 469.432 2829.55
4085 1586.16 2630.91
4086 957.988 494.249
4087 2565.02 1219.39
4088 848.042 2977.35
4089 1021.92 2279.68
4090 1607.86 119.836
4091 2310.69 1678.54
4092 2449.74 2484.88
4093 742.424 249.766
4094 884.99 872.863
4095 1210.92 2245.62
4096 2945.01 1441.74
4097 231.809 776.298
4098 975.444 1089.17
4099 57.0871 441.385
4100 1738.85 1933.75
4101 492.545 854.147
4102 1715.58 1428.84
4103 3023.3 466.364
4104 1002.48 2731.93
4105 147.739 3100.32
4106 485.353 2583.05
4107 1444.86 2693.82
4108 1128.05 675.103
4109 2675.61 1621.32
4110 2150.29 231.938
4111 2395.36 3134.11
4112 431.574 2370.73
4113 2924.22 3151.05
4114 2655.1 674.098
4115 2782.81 3094.92
4116 2889.24 2616.72
4117 673.318 1000.29
4118 1657.07 1941.82
4119 1102.66 2686.8
4120 2832.1 1383.46
4121 205.438 201.163
4122 2410.74 2162.41
4123 1983.92 1560.34
4124 1167.95 3128.08
4125 424.106 1884.49
4126 2948.23 2603.27
4127 1303.88 1493.52
4128 2710.82 3086.9
4129 2468.57 2686.95
4130 952.621 2051.43
4131 2443.84 532.287
4132 1560.04 1054.01
4133 35.1847 1961.41
4134 1068.68 2320.14
4135 3027.11 211.431
4136 1888.6 1296.48
4137 1198.68 2945.4
4138 3259.81 1428.2
4139 511.445 1529.14
4140 1029.62 2877.75
4141 3199.82 220.814
4142 0.361348 2688.47
4143 2922.31 2384.14
4144 3073.04 411.098
4145 1191.18 835.138
4146 347.008 386.516
4147 1214.77 1057.66
4148 3068.39 564.441
4149 3134.53 2574.29
4150 2358.7 237.719
4151 790.219 2372.63
4152 211.679 2694.29
4153 3036.26 341.399
4154 1217.41 3144.88
4155 2672.2 738.184
4156 91.65 1751.99
4157 2036.12 2677.41
4158 2823.37 401.32
4159 1931.07 2673.16
4160 49.902 2232.38
4161 1690.52 1071.24
4162 1236.94 2140.3
4163 3069.75 931.336
4164 2085.15 426.745
4165 1031.87 2222.58
4166 378.889 739.176
4167 540.623 1490.29
4168 382.808 3058.98
4169 2701.58 3009.26
4170 1931.71 3194.34
4171 2580.09 1029.2
4172 346.376 2684.55
4173 467.678 3276.13
4174 896.607 2128.3
4175 3198.36 980.968
4176 2461.28 1597.13
4177 1863.87 909.003
4178 1108.63 1493.71
4179 1503.6 3007.75
4180 2929.32 85.6932
4181 513.226 1677.59
4182 3114.78 763.284
4183 2678.81 1135.77
4184 3125.27 1415.48
4185 753.524 3231.2
4186 2796.11 1819.07
4187 1593 2585.81
4188 2295.04 263.093
4189 2296.82 3291.78
4190 207.429 1885.13
4191 3223.94 1668.09
4192 1901.94 1306.33
4193 321.027 3013.98
4194 82.6307 2029.91
4195 1860.24 2703.67
4196 2237.89 789.085
4197 3304.8 2391.21
4198 2309.47 2905.66
4199 1929.04 1065.71
4200 477.841 202.921
4201 2597.98 1084.99
4202 2676.04 2599.26
4203 175.066 1463.55
4204 64.2514 2658.98
4205 1902.69 1632.82
4206 89.4996 1211.03
4207 1674.97 2846.11
4208 533.983 2315.14
4209 2513.79 215.94
4210 2003.47 727.378
4211 2323.69 67.6123
4212 2235.42 1431.79
4213 582.067 2382.25
4214 2557.82 420.745
4215 364.977 1884.04
4216 862.581 1028.09
4217 3137.5 252.832
4218 2779.01 2421.74
4219 1815.16 934.647
4220 3055.42 1568.7
4221 1943.41 1465.82
4222 2221.9 2434.13
4223 1069.71 315.604
4224 1431.47 2527.99
4225 723.009 2825.28
4226 3012.83 1123.84
4227 2445.87 2744.49
4228 2741.91 92.5795
4229 1697.67 3188.32
4230 2877.01 2675.52
4231 557.68 2636.37
4232 2200.39 1999.22
4233 2206.32 362.954
4234 1598.39 229.437
4235 2767.04 2258.82
4236 2917.1 2764.51
4237 3032.02 1690.41
4238 936.106 2971.1
4239 943.49 1160.88
4240 37.2551 1681.41
4241 937.734 684.236
4242 726.611 888.361
4243 2882.3 125.683
4244 1168.79 2441.46
4245 3166.34 2750.11
4246 148.029 331.345
4247 1005.77 2744.21
4248 2816.94 2392.93
4249 1858.74 711.398
4250 1295.03 1832.69
4251 1801.49 198.814
4252 2793.44 644.36
4253 2622.55 2165.69
4254 723.47 1944.64
4255 2955.96 2712.23
4256 1867.54 763.984
4257 1388.28 23.7784
4258 1428.03 1277.54
4259 2755.23 1629.99
4260 873.284 1817.66
4261 2234.83 1140.98
4262 2233.74 3035.23
4263 1914.16 1232.01
4264 2376.24 2535.34
4265 99.3419 2449.15
4266 710.941 2160.49
4267 2856.76 2845.72
4268 2666.61 315.488
4269 1915.4 2684.22
4270 3180.73 364.869
4271 461.082 298.918
4272 1448.87 261.392
4273 2669.71 2709.94
4274 681.585 663.719
4275 2647.73 646.051
4276 1946.82 2697.37
4277 1606.35 1524.82
4278 1098.34 2702.81
4279 1311.15 1303.97
4280 141.676 344.318
4281 3091.59 1365.65
4282 2810.65 2701.94
4283 996.315 2762.91
4284 2154.73 2761.14
4285 1918.7 3016.16
4286 1240.35 3138.64
4287 630.038 1050.55
4288 1014.33 2951.76
4289 1521.35 1524.07
4290 1637.23 1094.99
4291 1557.37 2054.29
4292 528.225 394.349
4293 1910.67 1103.35
4294 1210.41 558.234
4295 1129.76 1348.43
4296 2264.07 3063.61
4297 83.5554 2994.72
4298 804.978 401.614
4299 194.328 1475.93
4300 2417.96 2023.55
4301 2127.22 1071.06
4302 3182.57 1838.93
4303 158.091 3023.29
4304 452.469 1775.61
4305 1539.56 2667.68
4306 2213.18 2247.87
4307 2970.45 1301.73
4308 2661.27 240.136
4309 303.584 2768.86
4310 422.158 1365.68
4311 2986.6 928.822
4312 825.75 2566.49
4313 1000.92 265.244
4314 401.954 1192.51
4315 2888.34 1461.93
4316 502.192 750.837
4317 92.8628 630.171
4318 917.829 417.727
4319 558.964 2744.25
4320 2631.45 1319.53
4321 2091.72 1641.82
4322 610.666 1496.27
4323 969.656 1804.93
4324 2134.44 2924.06
4325 2886.62 2939.16
4326 3052.27 1144.26
4327 323.409 2879.34
4328 76.3548 2038.49
4329 1789.25 2265.59
4330 2407.47 1992.32
4331 660.259 1618.32
4332 362.907 2475.46
4333 3024.25 2011.95
4334 2472.1 2280.55
4335 3051.98 548.405
4336 1871.59 1810.58
4337 3231.09 3152.68
4338 2986.11 3214.2
4339 1857.75 1769.37
4340 822.208 3093.73
4341 2614.99 2799.79
4342 726.957 3237.43
4343 2403.74 154.038
4344 1765.34 829.05
4345 154.889 2486.09
4346 1712.75 3126.16
4347 1795.49 764.844
4348 2729.25 1293.39
4349 3264.12 1775.25
4350 1963.16 2790.98
4351 2489.28 171.601
4352 1276.35 1359.07
4353 722.3 2660.27
4354 3051.47 494.659
4355 2442.1 1679.33
4356 726.562 499.026
4357 3023.09 35.3018
4358 229.39 2198.06
4359 1321.54 1286.88
4360 2616.5 2721.5
4361 2173.74 2494.48
4362 1524.03 2670.3
4363 67.0214 881.95
4364 2236.57 1655.11
4365 2941.52 774.456
4366 385.92 1841.35
4367 2835.39 829.046
4368 1548.13 704.857
4369 825.102 515.79
4370 2860.67 3304.32
4371 195.767 3224.53
4372 2156.82 150.322
0 536 59.726
0 982 57.1424
0 1068 35.9515
1 494 22.4342
1 1817 29.6833
1 3279 81.1616
1 3766 10.3048
2 563 65.1371
2 607 37.0056
2 1388 72.0306
2 2220 46.5519
2 2728 76.5568
3 2391 60.8577
3 2565 39.9746
3 3376 48.5122
4 526 73.6297
4 2810 65.8876
4 4060 14.1825
4 301 49.1877
5 629 62.3937
5 2182 99.6479
5 2454 68.3983
6 677 87.5812
6 2124 69.7275
6 2619 92.1908
6 3925 45.746
6 4223 53.1895
7 1485 58.7519
7 2149 54.2563
7 2221 63.8502
7 2577 29.9949
8 3153 80.5568
8 3401 102.457
8 3611 83.1622
9 610 68.7277
9 848 49.551
9 2321 20.4162
10 402 42.5081
10 440 45.5995
10 705 26.2934
10 2908 29.6744
11 2331 26.7692
11 2811 51.5107
11 3506 69.2376
11 3714 61.5573
12 1909 129.669
12 2365 93.6894
12 2631 101.882
13 2063 84.091
13 2634 36.4553
13 3892 11.5294
14 1885 94.59
14 3168 52.6884
14 3564 49.4603
14 3899 69.2038
15 54 34.1694
15 709 57.997
15 1906 25.576
15 3128 53.4998
16 2199 90.1444
16 2371 112.364
16 4229 113.765
17 1982 86.0346
17 2093 38.1976
17 4086 31.7198
18 588 60.6404
18 3497 85.5469
18 3844 43.122
18 4332 48.9956
19 355 59.1339
19 3332 45.0281
19 4281 50.8238
20 1003 93.7705
20 1232 31.4669
20 2827 51.8886
20 4224 118.425
21 1598 64.613
21 2034 51.6459
21 3979 61.4528
22 237 76.744
22 1871 85.5495
22 2315 136.357
23 1643 22.0142
23 1687 35.2162
23 3896 33.336
24 365 49.017
24 1069 54.1911
24 2484 44.3832
25 727 113.604
25 1541 66.8821
25 4306 63.8173
26 648 58.1204
26 939 71.8704
26 3417 11.52
27 1654 70.5283
27 2393 45.7231
27 3359 62.0093
28 1172 46.1368
28 2012 45.0319
28 2295 33.6984
28 3020 34.2548
28 4221 42.9046
29 943 52.0378
29 1909 51.137
29 2986 44.5293
29 4211 42.7683
30 1402 22.4854
30 2940 35.0538
30 3523 43.1797
30 3752 27.1902
31 241 15.313
31 1724 30.0975
31 2182 36.0866
31 2454 43.0279
31 2465 35.1073
32 977 54.1716
32 2543 48.727
32 3183 37.9503
32 4168 63.7715
32 4193 72.591
33 819 72.6696
33 1347 62.6365
33 2032 71.5995
34 53 47.364
34 2859 78.2232
34 3682 66.4519
35 699 73.9468
35 874 88.5259
35 3230 30.7042
35 3381 41.2953
36 225 64.4021
36 877 60.0835
36 2817 88.6258
36 3177 109.347
36 3804 57.0905
36 4271 57.8985
37 640 59.1911
37 1507 93.7358
37 1681 69.5537
37 2649 12.7893
38 153 90.8381
38 425 24.8941
38 2487 71.6209
38 3542 41.0579
39 745 49.5171
39 1320 49.7066
39 1562 53.9481
39 2769 39.5229
40 354 38.7504
40 1169 81.0653
40 2363 24.6599
40 3052 60.8773
41 527 90.9037
41 2367 48.1919
41 3723 49.9847
41 3769 61.3012
42 577 33.0999
42 1297 67.2408
42 3494 42.1167
43 569 15.0037
43 828 86.5577
43 3477 72.1219
44 102 38.5759
44 1408 17.9386
44 1813 60.191
44 2945 71.0453
45 1128 55.0219
45 2481 32.6791
45 2793 52.3079
46 191 44.6229
46 598 55.5454
46 646 33.5565
46 2215 17.7458
46 2282 29.285
47 1197 87.6029
47 1465 41.8937
47 3972 72.3023
48 604 85.2195
48 2909 76.8183
48 3060 90.4421
48 3864 84.0643
49 2309 58.4542
49 3112 87.5809
49 4102 72.0675
50 725 39.2043
50 2510 47.6837
50 3511 39.2812
51 1018 47.8641
51 1820 68.1037
51 3835 26.6295
52 1616 81.4664
52 2144 80.9791
52 2603 51.9337
53 1445 57.1764
53 2206 59.7578
53 3640 55.046
54 488 38.824
54 3076 22.3586
54 3128 58.2713
55 1495 55.8669
55 2456 45.8457
55 4235 73.9268
56 1091 23.9482
56 1120 63.014
56 2179 127.816
56 3517 51.1511
56 4046 47.25
57 278 104.25
57 1487 99.0802
57 3650 72.3581
58 2654 97.2143
58 3120 26.3871
58 3209 88.1332
58 3667 46.3524
59 1483 38.9805
59 2098 80.1736
59 3773 48.7567
60 580 69.852
60 1756 79.9919
60 3047 71.394
61 305 36.8163
61 498 39.8503
61 792 47.2408
61 990 21.5574
62 365 73.3745
62 950 91.9597
62 1010 44.6998
62 1069 26.5014
62 2484 35.6532
62 2687 73.3826
63 1782 61.2857
63 2425 64.0859
63 3348 61.2676
63 4128 18.574
64 188 34.9479
64 333 67.4514
64 3137 43.0651
64 3686 33.8285
65 317 58.4844
65 2138 36.9788
65 4133 57.4235
66 1144 48.6404
66 3063 64.9713
66 3545 52.2255
66 3755 41.9901
66 3916 55.7777
67 808 68.7171
67 3586 26.7814
67 3943 50.162
67 4118 95.7437
68 927 64.4626
68 1105 62.684
68 3361 67.5046
68 4059 79.0264
69 1317 47.3217
69 3014 80.861
69 3122 15.5495
70 660 50.1236
70 926 84.5287
70 3561 6.54124
70 3963 31.2749
70 4094 43.6173
71 800 52.2616
71 1640 60.9988
71 3004 36.656
72 1048 54.959
72 1629 38.1412
72 1859 122.827
73 2675 95.7926
73 2929 69.1117
73 3069 29.5685
73 4095 30.5323
74 1222 41.4257
74 2280 66.3406
74 2359 10.6435
74 3038 51.5936
75 1708 3.13947
75 3073 71.4205
75 3664 73.1861
76 857 86.5835
76 1260 38.8497
76 1650 80.552
77 728 63.5818
77 1428 53.4395
77 2330 30.0359
77 2711 89.295
78 142 10.7871
78 2555 94.7377
78 3645 61.3471
79 662 49.759
79 1738 73.1048
79 4264 23.8755
80 1107 87.0016
80 2032 46.1903
80 2286 63.2499
81 760 67.5727
81 1444 47.0289
81 1539 91.6069
81 1951 96.1133
81 2213 63.8617
81 2622 100.695
82 477 54.4489
82 1727 56.2889
82 1787 50.2547
82 1789 48.6091
82 2611 51.1126
82 3364 78.4641
83 985 23.4301
83 1382 33.7568
83 1804 76.0041
84 519 122.144
84 2883 53.0008
84 3091 68.4585
85 122 42.6508
85 737 35.6875
85 1998 75.3651
85 4309 23.7355
86 1447 56.8325
86 2467 56.1185
86 2912 49.2728
87 404 53.3127
87 1165 45.2526
87 2362 29.6818
87 3644 26.2335
87 4348 36.5325
88 1894 55.799
88 3019 16.9297
88 3515 42.9992
89 2065 15.6887
89 3035 17.2409
89 3299 54.0913
89 3851 96.8871
90 3521 22.975
90 3866 56.4393
90 4372 67.8736
91 948 95.27
91 1052 57.5767
91 2861 137.575
92 1963 132.146
92 1993 30.361
92 2495 63.7443
92 3074 122.098
92 3826 69.1189
93 272 128.396
93 698 91.3785
93 722 69.0659
93 1072 41.949
93 2652 40.144
94 328 72.0535
94 1052 75.9388
94 2744 8.59298
94 4119 74.3963
94 4278 63.6732
95 290 73.2591
95 1718 99.9458
95 2192 69.0845
95 2323 26.7737
96 400 40.7935
96 3551 40.0507
96 4345 60.7602
97 200 84.362
97 641 82.8379
97 3475 134.157
98 2588 83.2803
98 2599 45.6022
98 2927 8.92153
98 3039 8.34569
99 895 44.6471
99 1245 83.43
99 2537 77.7015
99 3789 51.6652
100 1137 79.0413
100 3666 54.8733
100 3813 60.4807
101 630 29.262
101 1713 34.2233
101 2998 53.2994
101 3407 119.234
102 584 11.9943
102 1408 35.2275
102 1939 14.4842
102 2945 15.5651
103 1068 65.6447
103 1381 84.2884
103 1852 82.5771
104 796 34.9601
104 1234 39.7682
104 1868 21.5415
104 2236 20.8973
105 168 84.0442
105 1542 59.1888
105 1555 96.3463
105 3748 44.701
106 480 77.8446
106 1941 57.9634
106 2870 42.2847
106 3104 26.4293
107 1141 39.0556
107 2861 45.0675
107 3209 44.5554
108 524 90.3613
108 832 73.8074
108 2244 42.9044
108 2447 88.4825
108 2666 21.9571
109 1761 77.674
109 4026 106.863
109 4357 63.1468
110 1034 93.9427
110 1208 86.4523
110 2228 61.419
111 176 27.7849
111 3229 28.1598
111 3396 36.3477
111 3554 52.1034
112 187 48.3526
112 3641 7.10868
112 3740 22.5414
112 4061 95.1608
112 4089 43.7962
113 1768 42.6098
113 3257 100.532
113 3753 44.9967
113 3805 134.137
113 4073 89.8569
114 683 58.9662
114 1180 67.7789
114 1315 34.3676
114 2504 74.4388
114 4338 13.6465
115 348 56.2143
115 1346 66.0682
115 2358 62.1551
115 3706 67.1301
116 406 84.5354
116 2033 43.2251
116 3312 47.4311
117 271 110.807
117 2030 60.8787
117 3331 51.6353
117 4246 74.8603
118 647 11.161
118 1905 119.695
118 2616 37.0016
119 830 97.3755
119 1138 49.9428
119 3058 82.9587
119 3317 28.76
119 3721 61.7876
120 900 53.6931
120 1514 44.8604
120 3895 66.3445
121 230 42.8585
121 1087 85.7797
121 3102 77.2239
122 737 40.3231
122 1998 30.73
122 2571 59.0716
123 281 47.867
123 1716 10.7968
123 2191 44.8528
123 3841 53.1613
124 517 131.585
124 523 46.0672
124 1170 70.9353
124 2748 49.0708
125 1561 115.32
125 2654 71.8593
125 3120 78.6231
125 3209 109.418
126 1520 44.798
126 2422 61.7741
126 3616 54.1065
127 991 74.556
127 3264 72.488
127 3427 61.5004
128 803 38.3494
128 1493 49.7219
128 4268 74.5961
129 511 83.4686
129 1279 83.039
129 1656 7.42006
129 2862 48.8409
130 181 24.4892
130 1607 61.9686
130 1803 79.5395
130 3701 24.1967
130 4145 69.1078
131 372 27.3716
131 2520 54.1297
131 4088 80.1017
131 4238 66.7316
132 174 47.1857
132 544 25.0801
132 2910 31.8957
133 421 49.1303
133 1384 91.9625
133 1774 16.0987
134 394 75.4716
134 654 30.0987
134 2043 116.235
134 2668 49.2799
135 478 55.7362
135 1102 44.6263
135 1265 63.002
135 1755 117.903
135 1896 63.0846
135 2433 49.3426
136 319 92.7944
136 2459 63.9987
136 2569 81.4399
137 1098 98.1792
137 2014 46.3418
137 2327 26.9855
138 1078 76.8526
138 2523 18.5257
138 2674 38.5107
138 2836 71.73
138 3703 37.2758
139 2890 101.72
139 4185 15.8207
139 4342 46.9856
140 918 65.317
140 2021 88.1154
140 2991 49.7864
141 1943 100.86
141 2958 125.519
141 4260 3.93407
142 2555 81.0822
142 3645 38.6755
143 736 27.3919
143 1544 34.8935
143 2304 40.3929
144 975 35.3105
144 3274 71.009
144 3881 71.308
145 483 58.2103
145 970 53.8737
145 4221 95.7381
146 762 62.6358
146 2166 76.5331
146 3642 21.7807
147 635 49.4004
147 1525 71.1382
147 1935 143.989
147 3421 22.0277
147 4213 70.9778
148 260 68.8368
148 342 77.5076
148 1585 78.6199
149 304 75.8623
149 1613 35.1907
149 1999 77.2659
149 4191 63.4604
150 2272 29.7921
150 2626 77.5904
150 3597 87.9804
151 1799 95.4472
151 1854 56.4972
151 2037 53.2251
152 154 73.3423
152 2703 121.418
152 2884 84.4183
153 425 43.0456
153 3542 39.5777
153 3587 24.7838
154 1051 31.6001
154 2997 51.593
155 559 120.666
155 1403 79.6439
155 2308 35.4915
155 2540 48.8995
155 2685 84.1971
155 4079 61.8005
156 784 44.9103
156 1448 15.0733
156 3028 60.2731
156 3962 36.5887
157 314 50.2062
157 1394 36.1984
157 3164 42.5839
158 416 28.9572
158 603 58.6888
158 3285 46.6284
159 898 71.4209
159 1268 37.8065
159 2515 101.65
160 1312 92.5939
160 2994 44.0235
160 3447 77.8447
160 3603 121.675
160 3836 21.8229
161 2789 59.5484
161 3095 54.611
161 3324 48.8893
162 403 73.2306
162 1256 44.7496
162 2133 87.5489
162 4348 96.9463
163 2435 41.9193
163 2666 60.8173
163 3994 75.1442
164 911 71.0116
164 2238 27.2477
164 2564 61.2633
165 549 72.4578
165 3312 69.2459
165 4231 42.6416
166 2141 76.5723
166 2871 66.1581
166 3795 41.3472
166 3898 83.5449
167 1153 53.9705
167 1574 56.8105
167 3484 68.472
168 741 29.646
168 1542 25.2157
168 1557 80.8281
169 1798 32.9889
169 2103 29.6874
169 2161 28.4663
169 3215 113.643
169 4235 69.9979
170 486 41.6463
170 1786 47.6332
170 2064 31.0169
170 2513 10.7414
170 4149 12.0001
171 817 26.8648
171 1583 20.0049
171 2351 38.8901
171 2710 17.5781
171 4082 24.783
172 1848 88.481
172 3555 24.0151
172 3809 61.7808
173 541 41.9102
173 843 40.6838
173 1468 62.0169
173 2448 42.3342
174 544 56.758
174 2910 40.4438
174 3215 43.9286
174 3856 67.99
175 742 42.6105
175 1199 11.6612
175 1943 58.4224
175 2515 70.3877
176 212 32.4778
176 3229 65.1242
176 3396 27.9955
176 3554 39.3545
177 3555 76.4109
177 4038 44.1224
177 4274 95.0877
178 1001 86.2623
178 3305 75.5304
178 4206 44.9792
179 1841 49.483
179 2771 50.0157
179 3314 56.3442
179 3500 34.5101
179 3638 81.217
180 934 38.0639
180 1503 25.0556
180 2639 51.7454
181 1898 54.0356
181 3701 26.6516
181 4145 37.5088
182 1129 60.709
182 1904 8.31505
182 3302 20.3195
183 1337 81.7238
183 1791 77.9214
183 2314 22.1837
183 2319 55.0634
183 4251 20.5257
184 198 40.9095
184 863 30.9799
184 944 41.6396
184 987 39.4138
184 2886 75.1096
185 1186 107.043
185 3497 96.2913
185 3577 92.454
186 663 28.9122
186 1522 34.873
186 1890 64.1727
186 3765 47.9788
187 3740 59.1623
187 4061 39.1016
188 333 91.0572
188 3137 75.0469
188 3686 27.9573
189 1518 33.5645
189 2794 53.4585
189 3150 51.5582
189 4333 78.1003
190 1033 59.9335
190 1572 48.617
190 2276 40.5607
190 2500 57.6444
191 2215 34.7343
191 3789 41.5974
192 308 87.6311
192 1360 37.867
192 3360 54.5474
192 3393 73.1352
192 4177 34.0016
193 2313 82.9784
193 2535 113.996
193 4045 107.724
194 2472 15.529
194 3136 67.9035
194 3495 55.2148
195 1087 54.6815
195 1960 80.5159
195 3610 70.541
195 4111 50.1797
196 1611 51.3134
196 3023 62.8153
196 4080 37.1154
197 1867 31.0037
197 2671 35.7896
197 4226 69.0601
198 695 68.0433
198 863 32.1936
198 944 70.2806
198 3218 117.974
199 478 39.5555
199 1102 35.7476
199 1896 48.7995
200 323 60.9509
200 601 96.8326
200 3475 36.6393
200 4317 53.4612
201 1994 45.9311
201 2580 54.6982
201 3071 25.7414
202 670 85.134
202 2126 90.4281
202 3661 36.8939
203 1157 76.0048
203 1307 15.8538
203 3715 62.3308
204 1530 136.768
204 3044 94.2972
204 4222 146.023
205 2847 37.9901
205 3288 64.4532
205 3560 68.5968
205 3593 52.1201
205 3619 24.9734
205 4349 73.8315
206 484 94.662
206 1303 63.2767
206 3114 81.5203
207 360 56.5555
207 1059 77.3679
207 1292 51.5188
208 1106 105.924
208 2764 82.5341
208 2805 116.643
209 1517 78.9792
209 2228 85.6499
209 2496 59.053
209 2736 25.8639
210 1284 47.194
210 2088 48.992
210 2135 54.5314
210 2526 35.0173
210 2988 56.2438
210 4363 51.1492
211 252 91.2312
211 1164 34.8726
211 3147 123.775
211 3431 41.4498
211 3865 22.2656
212 3396 44.2502
212 3554 36.9357
213 438 48.2363
213 1073 56.5912
213 1997 56.5119
214 1821 62.5664
214 2555 98.8081
214 3645 99.5378
215 286 54.1941
215 1738 32.71
215 3070 20.5738
216 1436 8.98322
216 2407 36.1461
216 4081 68.0955
217 1389 34.2948
217 1789 96.9911
217 2879 67.9748
217 3082 53.5325
218 1198 58.0867
218 1400 58.2879
218 2477 41.2453
218 3189 85.3492
218 4222 41.3998
219 1705 48.0765
219 1748 99.3303
219 3097 58.5615
220 989 64.2358
220 1558 41.6993
220 1864 62.1267
220 3098 52.3165
221 285 98.5414
221 661 67.4155
221 1914 66.4351
221 2614 39.6884
222 3657 29.3997
222 3666 68.2463
222 3837 19.846
222 4064 19.2312
223 712 52.6064
223 1630 20.1609
223 2707 45.4807
223 4174 15.6679
224 341 57.5282
224 1176 32.1515
224 4068 23.4794
225 3177 41.3565
225 3435 72.6446
225 3804 64.8036
226 1588 97.6438
226 3247 56.3603
226 4108 34.3161
227 1243 60.0073
227 2664 56.5467
227 4226 109.708
228 984 52.1386
228 1125 67.9983
228 2938 77.6515
228 3295 33.8636
229 482 68.3148
229 2292 49.2148
229 2427 37.3605
229 2575 40.5343
230 3102 35.618
230 3105 49.4513
230 4009 44.9599
231 1135 82.5777
231 1830 113.526
231 2512 20.5507
231 2545 60.9828
232 2234 74.0732
232 2924 29.9744
232 2970 56.6255
233 2262 65.5848
233 3241 41.5938
233 3660 51.9152
234 1431 35.3038
234 1928 47.5207
234 2597 96.7823
234 2602 32.4358
234 3272 71.1083
234 3802 89.7878
234 4181 42.7705
235 1907 85.2232
235 3677 51.2142
235 4028 38.3909
235 4196 37.122
236 583 69.0137
236 1012 4.55496
236 1064 30.9032
236 1077 93.046
236 1351 25.8767
236 1812 35.6752
237 1871 77.9866
237 3115 67.2243
237 3171 82.9417
238 1664 8.07383
238 1718 83.9484
238 3117 34.1833
239 1155 21.7685
239 2907 48.5991
239 3476 25.8669
240 1722 78.1965
240 2134 21.5081
240 3035 54.9819
240 3998 56.8469
241 2182 40.7019
241 2454 50.6257
241 2465 45.1986
242 2734 63.1372
242 3131 24.9012
242 3897 25.5463
243 244 50.7035
243 1369 25.2837
243 2394 13.9349
244 683 31.9952
244 1902 32.3405
244 2394 70.8256
244 3207 43.4608
245 769 15.2179
245 2936 22.2171
245 3637 56.8769
245 4071 10.2517
246 3021 82.9332
246 3086 93.8253
246 3748 69.2132
247 1482 67.2989
247 2034 41.5953
247 2322 69.3475
248 301 37.4434
248 3877 49.7898
248 4286 71.2728
249 412 128.477
249 847 106.839
249 1910 109.403
249 2601 114.015
250 641 41.9076
250 1736 42.7895
250 2154 89.9475
250 3629 18.7791
251 684 95.9224
251 1059 72.0815
251 1143 84.7769
251 1362 56.92
252 375 42.1311
252 561 69.7049
252 3147 115.68
253 912 16.2269
253 1364 75.3735
253 2056 47.3403
254 694 53.1825
254 3449 45.2079
254 3983 35.8458
254 4213 80.3942
255 1011 86.6989
255 1318 102.32
255 2919 70.3404
255 3471 67.5561
255 3612 29.8715
256 1923 76.7316
256 2494 70.6354
256 2745 63.0969
257 989 14.7235
257 1464 22.8228
257 1558 30.0028
257 3065 17.3016
257 3573 23.0455
258 1005 51.8551
258 3250 77.3825
258 4103 77.1668
259 2101 92.8466
259 2482 20.2736
259 3660 57.1333
260 342 96.9734
260 980 39.1689
260 3501 45.4432
261 875 39.5055
261 1826 9.17417
261 2441 16.5845
261 3248 42.0983
261 3291 52.7519
262 449 30.1996
262 726 69.6685
262 2111 73.3266
262 2765 100.909
263 442 91.6265
263 1043 48.2122
263 1490 85.2602
263 3254 28.1591
264 1347 64.5092
264 3012 32.129
264 3960 61.4577
265 629 104.096
265 1751 33.0349
265 3314 93.393
265 3567 69.7197
266 320 37.1964
266 1122 66.8988
266 1146 91.1535
266 2044 24.2319
267 1215 84.304
267 2800 29.7299
267 3221 53.1205
267 4057 64.1891
268 2678 77.7735
268 3144 61.0404
268 4371 122.918
269 399 22.0524
269 1510 96.6376
269 3905 12.0134
270 467 61.1479
270 896 52.8221
270 1480 41.708
270 2822 39.7209
270 3480 77.981
271 2030 25.2948
271 3331 33.9279
272 2121 38.181
272 2652 98.4802
273 797 103.663
273 2038 29.9977
273 3330 29.7181
274 441 41.6116
274 1720 57.5775
274 2533 57.7527
274 4218 41.3844
275 552 87.5217
275 1173 66.0627
275 2378 47.2624
276 1299 46.5208
276 1771 77.8702
276 3472 47.3981
277 480 50.3403
277 966 36.9694
277 3454 38.1294
278 1487 19.3948
278 4200 130.862
279 1899 47.57
279 2434 57.2358
279 2587 24.7992
280 532 132.92
280 2227 106.419
280 3863 47.0834
281 764 71.2742
281 1716 39.3765
281 2191 71.3528
282 370 40.9336
282 658 70.1547
282 1734 83.8484
282 2518 55.2313
282 3265 98.3623
283 2151 61.3743
283 3084 46.1532
283 3881 16.2086
284 454 74.4582
284 1030 86.4548
284 1893 61.4365
285 661 68.7452
285 2614 45.5998
285 4047 70.1965
286 1738 51.6089
286 3070 42.4507
286 3783 82.8183
287 1565 87.0052
287 2015 50.8494
287 3921 74.2932
288 1626 77.7977
288 2834 73.3393
288 3196 53.9366
288 4137 51.4416
289 1162 80.1467
289 2544 48.2988
289 4100 42.1049
290 2192 75.8148
290 2737 41.0652
291 574 33.8908
291 1328 67.4902
291 3594 53.5893
291 3953 34.0222
292 936 89.8961
292 1263 72.6523
292 1353 26.0423
292 3096 58.5121
293 1188 35.6887
293 1900 92.1543
293 3776 54.6397
293 4109 47.5547
294 2064 42.9872
294 2127 35.4252
294 2270 24.9917
295 554 59.3582
295 927 62.981
295 1105 64.0776
296 816 89.8206
296 2162 107.206
296 3698 51.6837
297 515 51.7107
297 1036 55.7373
297 3142 104.805
298 567 92.8566
298 3696 147.529
298 3886 142.491
299 996 76.3079
299 1486 65.9459
299 4360 58.7754
300 362 41.7345
300 1622 69.7781
300 3087 84.5172
301 520 78.3438
301 3877 28.4327
302 1710 50.9963
302 2307 44.9659
302 3140 58.0488
302 3965 8.81762
302 4142 44.6857
303 1084 64.9855
303 1530 68.233
303 2396 35.2479
304 1143 66.9585
304 1999 6.47736
305 498 62.4487
305 792 95.3912
305 990 41.8065
305 3184 32.062
305 3655 33.425
306 919 20.9958
306 1652 71.1793
306 4056 106.124
307 631 55.8815
307 1976 13.6881
307 2129 76.6223
307 3350 30.3786
308 897 52.3214
308 1942 116.59
308 3360 97.36
309 702 57.6594
309 2318 77.6465
309 3505 62.4275
310 851 106.412
310 1432 89.7626
310 3743 102.356
310 4138 51.3281
311 1662 57.8187
311 2354 40.7496
311 2994 29.6526
311 3232 37.82
311 3836 55.5364
312 910 90.9287
312 1477 116.789
312 3636 94.5107
312 3788 93.8347
312 4131 88.9909
313 883 90.3934
313 1640 26.1953
313 1733 39.0109
313 3004 23.8792
314 3164 30.041
314 3552 34.2225
314 4259 66.9381
315 378 110.885
315 2470 126.182
315 2528 59.4249
316 1343 80.9546
316 1975 50.8031
316 2168 22.4534
317 723 57.1964
317 1714 83.6912
318 971 62.3166
318 1793 53.4684
318 2576 53.9851
319 753 107.308
319 859 106.918
320 1122 24.7138
320 2044 23.3524
321 519 96.327
321 1618 67.1045
321 3614 96.1409
321 3694 53.4116
321 3815 82.722
322 609 62.3135
322 2568 166.736
322 3156 24.484
322 3950 62.8051
323 601 93.999
323 687 108.926
323 3475 60.7984
324 1237 70.0738
324 2234 96.2677
324 3883 81.6951
325 1779 37.6747
325 2040 67.8746
325 3405 40.6846
325 4173 27.7843
326 570 108.588
326 1312 117.208
326 3197 7.00642
327 1874 38.3818
327 2200 85.9576
327 4298 69.2764
328 764 99.9789
328 2744 72.357
329 1032 76.1166
329 1565 59.1634
329 1974 91.72
330 332 7.59194
330 693 38.1252
330 3151 47.9419
331 1369 86.8258
331 2261 94.3549
331 2329 23.3907
332 571 60.4662
332 693 56.9885
332 3151 37.9039
333 2688 87.7452
333 3137 23.6351
334 1729 53.8439
334 3818 15.4967
334 3852 27.3942
335 2421 61.3964
335 2969 97.8669
335 3565 58.8141
335 3591 74.7534
336 724 32.8633
336 1226 47.5828
336 1459 11.3671
336 3036 55.9166
337 1249 103.613
337 2421 90.6285
337 3345 23.8851
338 1245 68.7522
338 1843 93.7346
338 3675 60.0025
339 372 43.6841
339 582 12.9818
339 2554 102.847
339 2920 39.3497
339 3089 25.2725
340 1504 57.6592
340 1547 33.8548
340 3648 64.9778
340 3901 34.1965
340 4230 45.7024
341 1176 43.9081
341 1298 79.5694
341 1409 48.0043
341 1476 71.5278
341 2211 87.3266
341 4068 54.303
342 1585 92.8964
343 2719 57.2769
343 3670 43.1217
343 3727 27.5723
344 567 70.412
344 3696 37.2331
344 4200 99.6922
345 357 72.4656
345 458 25.0669
345 1304 30.0943
345 1647 37.5494
345 2713 55.6391
346 1717 95.3917
346 1843 66.3909
346 3529 74.6734
347 783 41.4586
347 1285 44.4983
347 2550 87.7141
348 2358 30.0749
348 3346 11.3748
348 3706 42.9414
349 1168 87.1484
349 2068 20.6133
349 2859 50.7943
350 387 47.1745
350 1940 64.4466
350 2404 29.4878
351 2231 67.7378
351 2420 29.2905
351 2944 61.8021
351 3111 54.986
351 3198 19.0283
351 3465 35.7285
352 1860 70.9163
352 2172 53.0595
352 2391 52.0317
353 1208 67.3144
353 1584 113.858
353 2635 88.5196
353 3445 45.6838
354 1760 51.7771
354 2363 33.4775
355 1692 67.8052
355 2829 36.2914
355 3332 45.0199
356 3717 99.636
356 3771 49.8766
356 3957 65.5055
357 1300 53.0785
357 1304 21.4975
357 1568 70.3498
357 2566 79.1718
357 3601 84.1227
358 615 85.4062
358 889 49.27
358 2990 18.2808
359 2539 28.9113
359 2618 72.9911
359 4242 31.5442
360 1292 57.4327
360 2087 49.7194
360 2717 15.3214
361 531 67.0617
361 1559 84.8192
361 1671 18.9734
361 2503 42.2983
362 1434 41.8426
362 1806 84.0808
363 551 32.5259
363 1172 90.8297
363 2893 70.8647
364 833 38.4691
364 3179 47.5018
364 3282 65.7856
365 2484 24.8059
365 3583 88.9187
366 825 7.75382
366 1875 46.565
366 2551 54.8322
367 1862 53.7686
367 2438 33.0886
367 2658 68.6265
368 1363 21.8087
368 2025 46.9302
368 3159 11.6402
368 3342 79.7925
369 2507 58.2847
369 2659 80.8197
369 2720 9.99668
369 4181 56.2462
370 1734 16.2901
370 2578 57.5248
371 476 120.957
371 934 79.6208
371 2536 44.055
372 582 46.2419
372 2554 82.6782
372 4088 111.799
372 4238 68.2549
373 468 47.8508
373 2724 58.7814
373 3133 26.5857
374 3340 60.4552
374 3602 46.0266
374 3656 39.1142
375 561 33.8401
375 3394 44.7577
376 2132 78.0335
376 2398 69.4033
376 3635 89.6274
377 552 43.7672
377 1173 86.9721
377 2218 45.6096
377 3136 60.1083
378 761 41.1039
378 2528 40.0218
378 3879 51.7796
379 2387 38.2017
379 3313 64.5488
379 3662 52.7491
380 644 77.1554
380 1270 54.0235
380 1413 101.069
381 953 68.0028
381 2586 43.655
381 2872 45.2377
381 4107 116.399
381 4362 25.8365
382 548 84.9276
382 2052 74.9402
382 3406 67.8014
383 650 92.228
383 969 69.8072
383 4091 96.4128
384 1373 56.4252
384 2742 18.2602
384 3683 56.8949
384 3695 67.046
385 576 52.3581
385 3034 50.0053
385 3125 21.5235
385 3566 14.7063
386 1406 14.5924
386 3130 34.3535
386 3446 42.7825
386 3834 54.0685
387 1940 65.9062
387 2310 112.431
387 2404 55.8298
388 1649 72.1356
388 2629 63.093
388 3659 29.0705
388 4104 65.7556
389 831 55.2973
389 1934 48.999
389 3397 36.8911
390 958 23.1631
390 1944 44.8762
390 2077 20.5394
390 2230 36.9165
390 2514 66.3813
391 812 74.4394
391 1147 84.4947
391 1266 84.7642
391 4330 57.7809
392 1831 85.6638
392 2132 55.5478
392 2398 47.8254
393 449 71.2722
393 750 56.0887
393 2906 16.2378
393 3029 46.3421
394 1850 60.6336
394 2668 39.0751
394 4070 36.269
395 1855 92.5584
395 2263 61.1336
395 3384 50.9644
395 4287 19.718
396 929 48.2624
396 2460 66.1673
396 3271 47.7929
396 4340 29.309
397 1133 77.5023
397 2153 24.9752
397 4190 32.9334
398 2195 104.694
398 2259 82.868
398 2329 86.6871
399 910 123.658
399 3905 30.6496
400 3551 39.8207
400 3687 27.3139
401 1857 71.8758
401 2316 73.8603
401 3584 64.9968
402 440 64.7664
402 2908 87.6681
403 954 105.49
403 1256 52.9389
403 2133 78.2198
404 880 93.9628
404 1079 39.0278
405 1054 149.6
405 2344 34.7082
405 3061 114.728
405 3186 44.9731
406 3312 28.2476
406 4106 66.3702
407 1879 47.6304
407 2579 14.4798
407 4311 81.9092
408 560 73.0628
408 1397 56.5766
408 3933 60.0486
409 893 7.05914
409 942 84.1951
409 1621 54.1745
409 3749 42.0791
410 1187 56.4353
410 1947 63.4182
410 3977 14.3765
411 519 99.9502
411 1618 98.5251
411 1626 16.7961
411 2016 74.394
411 3196 59.9232
412 496 239.081
412 847 191.522
412 2601 95.2171
412 3225 244.19
413 680 91.9975
413 960 75.0895
413 2960 61.8587
413 4124 74.8177
414 1474 79.2106
414 3786 53.9549
414 3846 72.892
415 1355 47.192
415 3055 36.0453
415 3245 14.0467
416 603 27.5969
416 3285 58.8476
416 3940 59.9322
417 2274 93.7291
417 2334 71.0291
417 2697 53.2367
418 499 19.547
418 807 76.442
418 3343 78.293
418 3554 78.6593
419 1738 31.294
419 4024 12.8186
419 4264 80.1842
420 618 77.2853
420 1523 75.1892
420 1949 37.0866
420 3839 45.3593
421 721 50.2874
421 1384 67.5817
421 1774 79.1044
421 2814 107.963
422 944 121.617
422 2704 87.8072
422 4093 56.9423
423 2256 10.4722
423 3255 94.9628
423 3266 8.96595
423 3270 123.194
423 4178 25.3669
424 1642 59.4708
424 2085 56.5867
424 2235 39.3437
424 2529 67.5135
425 3542 11.0961
425 3587 67.4691
426 2004 28.5166
426 3508 72.612
426 3898 34.8114
427 1455 41.7008
427 2508 20.9405
427 4090 85.2168
428 2000 43.4242
428 2439 33.5295
428 3788 16.6864
429 1798 93.2385
429 2161 65.3081
429 3504 60.9568
430 3441 86.4455
430 4048 106.281
430 4160 86.4582
431 1129 47.9209
431 1904 60.3246
431 2262 123.721
431 2791 81.7616
431 2917 84.7373
431 3358 65.782
432 1588 39.2187
432 2356 39.746
432 3247 70.9219
433 1313 41.4546
433 1314 27.2114
433 1358 42.393
433 3262 36.1055
434 615 64.8036
434 1200 8.07084
434 1773 15.1683
434 2184 5.69167
434 3891 9.72291
435 1163 108.004
435 1237 92.1687
435 3883 47.1936
436 810 28.5934
436 972 120.257
436 1676 34.1532
436 3675 109.264
437 1248 99.9803
437 1730 83.5995
437 2708 94.2668
437 3523 63.3286
438 1142 45.4214
438 1586 66.7728
438 1997 27.1574
438 2078 45.9933
439 472 88.7197
439 1836 66.0102
439 2877 69.8576
440 670 61.9128
441 2050 41.8847
441 2533 103.946
441 4218 14.6188
441 4248 76.7027
442 1490 6.09217
442 3933 67.8117
443 705 79.531
443 1929 30.8742
443 3823 64.6079
444 824 85.0548
444 2158 65.2459
444 2284 44.9658
444 4127 64.9348
445 604 153.002
445 665 101.875
445 1780 128.969
445 3056 112.559
446 1185 111.488
446 2725 135.479
446 3828 52.9541
447 1441 65.2365
447 1494 18.1896
447 4010 49.4832
448 873 63.6888
448 1442 39.3743
448 1800 76.3895
448 2763 99.5685
449 2111 103.469
450 459 37.7757
450 929 57.6219
450 1184 63.7093
450 1706 54.3959
450 2352 57.0792
451 1693 107.196
451 4049 17.275
451 4126 60.0211
452 493 61.085
452 3882 53.7218
452 4247 36.3072
453 1510 66.0642
453 1810 53.0383
453 3751 90.0984
454 1241 81.157
454 1893 60.3761
454 2480 54.9213
455 715 61.1981
455 2419 95.5272
455 3185 19.586
456 1849 91.5972
456 2185 107.643
456 2963 53.1797
457 605 68.6105
457 667 111.14
457 2223 84.6897
457 2849 48.3728
458 1246 27.7228
458 1647 39.1941
458 2713 21.9762
458 3919 66.4119
459 1184 11.2756
459 2352 70.0383
460 1875 88.4612
460 2097 69.7277
460 2167 38.2896
460 3318 35.135
461 1266 88.7187
461 2615 85.8576
461 4300 29.5343
461 4330 52.1562
462 711 47.0559
462 2802 41.8685
462 3077 18.2571
462 4161 64.6604
463 672 58.0451
463 703 70.4081
463 1096 48.8496
463 1377 92.0108
463 2904 69.1459
464 854 55.8494
464 1679 108.789
464 3639 44.3897
464 3689 9.95496
464 4098 40.4849
465 1462 72.0789
465 1636 25.295
465 3005 24.7233
465 3514 40.2499
466 1386 59.8091
466 1400 47.4762
466 3189 33.359
467 1480 38.6062
467 2822 72.5518
468 1680 78.282
468 2759 68.4264
468 3133 32.3639
469 802 57.8636
469 1648 54.5784
469 4038 64.8227
470 503 70.3368
470 1329 109.902
470 1333 44.2769
470 1660 88.3347
470 2807 62.4249
471 545 26.9405
471 2273 100.635
471 2403 75.9424
471 2567 50.2877
471 4113 75.8412
472 2445 59.2153
472 2877 71.9317
472 4296 78.4919
473 1861 86.2577
473 2225 55.2313
473 3050 10.5611
473 4090 27.8716
474 1879 70.03
474 3432 35.7013
474 4027 35.9867
474 4311 31.4221
475 869 40.5967
475 3107 98.1375
475 3432 59.3385
476 697 81.3233
476 1815 111.054
477 1789 30.9636
477 4350 97.3936
478 1896 14.2159
479 2302 63.7532
479 2333 75.346
479 2932 24.5551
480 966 54.5612
480 1941 35.4372
480 3829 71.8471
481 916 55.6764
481 941 36.3301
481 1805 43.3751
481 4270 103.137
482 2054 23.1097
482 2292 36.9488
482 2427 35.6212
482 2575 44.2915
482 3984 50.4142
483 970 13.2028
483 4221 81.9022
484 1123 33.8008
484 1303 60.378
484 1677 30.8368
484 3114 14.7627
485 1239 53.2891
485 1580 73.8075
485 2118 73.803
485 3011 51.8552
486 2513 53.0528
486 4149 41.4525
487 2934 55.761
487 3571 67.9149
487 3847 59.0493
487 4281 91.7746
488 891 59.598
488 3076 28.614
489 1623 35.0383
489 3411 65.9662
489 3649 98.7647
490 826 17.9982
490 1345 52.1008
490 2105 26.6037
491 1338 74.5277
491 1784 101.958
491 1953 43.8687
492 558 61.8189
492 2997 45.4521
492 3386 69.8685
493 3040 56.561
493 3882 35.0565
494 2135 76.3654
494 3279 62.0957
494 3766 17.2305
495 899 94.6394
495 2527 48.3929
495 2702 55.696
495 3087 79.4065
496 2601 195.49
496 3225 62.425
497 1343 98.6825
497 2168 95.3246
497 3448 135.366
498 792 33.847
499 3343 73.9134
499 3554 77.4228
500 540 91.9258
500 1067 71.323
500 1839 52.1977
500 2774 125.227
501 633 11.3098
501 1889 73.4582
501 4242 95.272
502 3498 60.5541
502 3725 30.7121
502 4323 95.0361
503 1329 105.323
503 1333 26.7446
503 2807 34.0742
503 3993 90.6068
504 1311 104.56
504 2784 93.5518
504 3106 58.4748
505 1140 25.7754
505 1633 47.39
505 2488 111.745
505 3700 46.6149
505 4199 32.7159
506 922 23.89
506 1082 82.8085
506 2521 21.8193
506 2954 10.3932
507 1563 111.449
507 2186 48.9021
507 3902 148.313
508 2935 70.598
508 3818 70.22
508 3852 66.5581
509 1614 59.2741
509 2202 40.7306
509 2767 66.8131
509 3801 31.5696
510 3192 63.2742
510 3941 76.6294
510 4096 44.9993
511 1656 96.3168
511 2862 29.5112
511 3894 60.4626
512 1119 58.7698
512 1845 40.5754
512 2949 61.2813
513 1171 74.0549
513 2129 56.6691
513 3169 68.3515
514 1323 24.2483
514 2207 26.0412
514 3887 32.9437
515 1036 12.7302
515 3142 75.1582
516 2463 80.3988
516 2514 73.1766
516 2627 63.2097
516 3451 74.2945
517 1196 97.7511
517 2613 20.6822
518 3126 35.5452
518 3161 51.4405
518 3820 45.5787
518 4013 24.9514
518 4327 105.4
519 1618 86.5975
520 2923 79.4025
520 3681 82.8465
520 3877 45.5501
521 845 23.3612
521 1089 41.8201
521 2933 21.2188
521 3780 54.405
521 4017 36.5059
522 1139 70.7884
522 1717 48.3423
522 1852 67.786
523 543 61.546
523 1170 36.9355
524 832 26.8068
524 2878 122.359
525 2026 70.9713
525 2592 23.5319
525 3403 71.6295
526 2810 2.26251
526 4060 69.9444
527 1344 76.5812
527 2367 25.9721
527 2880 66.2563
528 1495 71.2292
528 2316 52.6615
528 2809 48.8902
528 3584 85.8581
529 1202 36.0079
529 1653 34.2163
529 2738 58.7686
529 3624 40.5601
530 1291 141.065
530 1739 61.1315
530 2277 47.1884
530 2819 66.3366
531 1053 81.0618
531 1671 73.8688
531 1987 118.787
531 2503 42.7108
532 715 72.3045
532 2815 65.2846
532 3185 86.1493
532 3863 132.749
533 1234 48.4234
533 1446 68.0259
533 2440 15.7801
533 2992 75.2456
533 4274 98.5344
534 1396 45.0993
534 1703 85.2788
534 2055 81.299
534 2083 141.109
534 2094 5.0739
535 1022 53.0327
535 2082 47.3416
535 2255 23.764
535 2645 70.575
535 3750 52.0962
536 1068 62.0293
536 3684 32.4025
536 4346 91.0485
537 947 73.3877
537 1778 125.721
537 2605 70.9309
538 822 8.2818
538 1272 81.0893
538 1519 71.5974
538 3693 62.2693
538 3726 55.6608
539 557 26.4939
539 1978 37.5701
539 2074 15.9779
540 1067 52.3562
540 1247 72.5774
540 1839 53.2309
540 3691 49.7798
541 843 44.976
541 1468 88.5146
541 2140 42.1573
541 2448 71.4272
541 4050 36.4234
542 1365 110.865
542 1605 95.6047
542 2096 64.4475
542 2852 81.8022
543 915 31.0517
543 1478 32.0404
543 3900 52.925
544 2910 26.2331
545 1171 101.734
545 2567 26.5979
545 3169 69.8066
545 4113 31.9087
546 1284 64.0449
546 2459 63.4731
546 4363 78.7808
547 1527 19.8764
547 2538 34.1734
547 4023 44.3639
548 1227 79.8646
548 4284 81.2202
549 2851 110.104
549 4231 117.605
550 1795 27.0976
550 2768 75.9423
550 2887 64.2327
551 2893 61.109
551 3617 64.0292
552 1173 16.8301
552 2957 80.6512
553 2492 70.7
553 3433 86.051
553 3613 63.4931
554 927 89.987
554 1624 16.0471
554 2061 47.2526
555 1422 49.19
555 2694 33.6234
555 3744 48.1468
556 3103 49.7984
556 3221 45.4026
556 4202 100.287
557 1978 73.9703
557 2074 17.3021
557 2312 47.024
557 3106 52.6722
558 1859 40.7848
558 3386 33.0519
559 2189 92.2014
559 2308 118.169
560 1043 80.7465
560 1397 44.5781
561 3394 12.9834
561 3544 54.7147
561 4252 24.7138
562 761 34.5743
562 2528 38.6779
562 3252 38.3424
562 3879 3.71329
563 1388 37.0308
563 2728 22.8843
564 1599 97.6544
564 2008 53.2783
564 2401 50.1547
564 3437 58.6189
564 3823 51.2492
565 1816 45.8738
565 2956 75.2797
565 3448 37.6411
566 652 101.164
566 2092 65.7017
566 2116 36.4026
566 2332 48.2845
566 2485 80.3301
566 2698 69.3792
566 3322 73.299
567 877 44.2
567 3696 93.6211
567 3736 86.1659
567 4200 116.688
567 4271 62.4443
568 871 52.5584
568 912 110.996
568 4358 61.0266
569 828 69.5306
569 3477 81.6443
570 1312 73.2912
570 2633 35.5099
570 3197 99.891
571 2561 70.1051
571 3151 106.839
572 2144 29.694
572 3179 66.0114
572 3282 67.5024
573 1500 60.2979
573 2318 48.9742
573 2338 116.578
573 3599 55.4774
573 3995 69.7355
574 719 97.2431
574 3594 66.6038
574 3953 23.3593
575 2532 65.6741
575 3658 65.8189
575 3724 62.3354
576 785 39.6332
576 3125 54.7264
576 3566 37.9541
577 902 78.6676
577 1297 69.7845
577 3494 51.4567
578 592 68.9925
578 2312 83.1541
578 3927 33.989
579 1818 67.5146
579 2986 21.7075
579 4211 66.699
580 864 90.4587
580 901 66.6698
580 983 74.6884
581 1042 78.5474
581 1809 67.8977
581 2349 63.1168
582 1961 84.7248
582 2554 79.3567
582 3089 45.0112
583 1012 84.9022
583 1077 21.8568
584 1939 17.0199
584 2945 20.4559
584 3294 93.1436
585 2547 67.2971
585 3145 44.027
585 3906 13.9345
585 4255 50.9447
586 1690 32.8136
586 2782 67.2529
586 4369 46.1481
587 2531 65.0783
587 2909 55.4313
587 3799 61.0761
587 4156 44.4981
587 4240 93.9561
588 2831 94.5441
588 3497 85.5815
588 3844 95.2195
588 4332 45.0576
589 1699 39.6061
589 2238 71.3474
589 3707 80.7872
590 634 48.6109
590 1543 44.3832
590 3238 40.8949
590 3525 57.9723
591 1451 109.513
591 3175 14.4164
591 4075 65.4202
592 3200 59.441
592 3927 77.2644
593 752 37.1146
593 1081 81.3194
593 3141 79.717
594 781 55.3891
594 963 44.5488
594 2361 127.672
594 2381 67.9063
595 1169 67.3319
595 2746 30.4378
595 3052 48.3967
596 2637 17.386
596 3667 76.7335
596 3860 37.2047
597 714 15.6508
597 1047 72.1412
597 2637 45.8573
597 4244 122.243
598 646 37.4494
598 2282 54.6631
599 2436 61.3254
599 2453 72.45
599 2885 61.0224
600 1100 63.6579
600 2585 57.7713
600 3181 67.9142
601 3475 76.7293
602 642 18.4303
602 908 78.0969
602 3710 45.1215
602 4324 50.5814
603 2143 45.0556
603 3940 30.6026
603 4097 35.7699
604 1475 106.936
604 1780 44.2521
605 2762 67.9193
605 3173 122.684
606 1137 57.7344
606 3069 59.7838
606 3813 70.6121
607 1093 92.0442
607 2220 91.3892
607 2281 58.2627
608 636 77.466
608 2504 86.0132
608 3291 33.1853
609 986 71.355
609 2151 83.2217
609 3156 104.886
610 848 36.0247
610 2321 141.169
611 2092 70.9831
611 2116 48.3659
611 2485 77.1819
611 4155 53.1639
612 3283 6.66657
612 3467 126.39
612 3535 56.5588
613 917 154.352
613 1556 77.092
613 2916 59.6998
613 3668 54.6863
614 779 48.2599
614 1440 45.558
614 3539 52.1939
614 4065 81.9353
615 1200 46.098
615 2184 40.0067
615 2990 73.6023
616 1432 61.8092
616 2553 13.769
616 3002 56.3233
617 1065 88.5716
617 1755 78.381
617 3439 45.7082
618 1523 28.5021
618 1949 53.9358
619 1238 24.4169
619 1737 59.6256
619 1741 49.8003
619 2891 31.8315
619 3233 53.4974
619 3845 57.8292
620 626 105.796
620 1387 15.1853
620 4157 68.9719
620 4276 50.686
621 2006 75.1103
621 3178 100.442
621 3387 86.9405
622 795 83.9613
622 889 54.557
622 991 46.2119
622 3100 89.3844
622 3264 37.6605
622 4285 68.8907
623 791 85.4131
623 3929 52.8124
623 4298 29.7486
624 1193 28.0048
624 1247 48.8229
624 1374 65.939
624 2824 67.8746
624 3708 39.4912
624 4040 58.0306
625 904 30.0215
625 1847 85.6175
625 3803 53.7183
626 1387 101.982
626 1389 80.2414
626 2145 50.0676
626 4350 65.4515
627 1244 98.485
627 1359 117.319
627 2718 32.9809
628 773 23.0461
628 1547 28.3614
628 3901 34.2924
628 4282 24.2117
629 1751 108.414
630 1018 46.4809
630 1713 35.838
630 1834 39.4408
631 1976 43.1226
631 3286 101.557
631 3350 81.3542
631 3785 65.8374
632 1771 39.6322
632 1992 4.0547
632 2780 56.8674
632 4115 50.4187
633 1115 125.868
633 1469 91.2379
633 1889 97.4026
634 3090 22.6217
634 3238 63.599
634 3525 2.4773
635 1525 6.85559
635 3193 68.8191
635 3421 42.5316
635 4112 107.888
636 1180 41.3643
636 2504 96.7395
637 2005 15.6737
637 2294 28.9389
637 2671 50.973
637 4326 36.5824
638 707 73.0804
638 1691 48.5671
638 2336 15.5023
638 2673 114.835
638 4077 110.833
639 667 84.7675
639 1697 65.1339
639 3250 74.0594
639 4153 22.1614
640 944 105.917
640 2649 49.8442
641 2154 99.1279
641 3629 44.6022
642 908 58.6718
642 3710 42.2341
643 1946 36.1702
643 2081 84.7033
643 3045 96.6745
643 3242 59.2922
644 1270 69.1264
644 1413 73.2578
644 1531 64.1756
644 2576 39.0042
644 3398 57.4749
645 939 10.7946
645 945 30.7087
645 2374 96.5293
645 3417 80.5478
645 4263 95.7202
646 2282 34.3169
646 2665 106.888
647 1905 60.172
647 2616 14.938
648 1633 73.9023
648 3296 121.455
648 3988 42.8935
648 4293 10.9339
649 892 111.852
649 3408 128.837
649 4349 131.116
650 969 49.3184
650 2774 179.978
651 1037 29.5534
651 1465 78.2435
651 1911 62.0317
652 2332 10.5333
652 3485 17.4122
652 3842 104.119
653 1668 56.9361
653 2999 26.3402
653 3939 35.55
653 4152 58.3025
654 1090 97.3656
654 2043 88.0298
654 3275 85.8433
655 1331 55.8454
655 1404 28.8337
655 3513 54.8333
656 1204 38.425
656 3224 43.0179
656 4124 103.212
657 739 13.1453
657 2902 77.9033
657 3807 65.532
657 4353 51.7084
658 2546 48.3161
658 3589 40.7448
659 1332 49.0978
659 2386 94.1408
659 3592 40.8151
659 3948 45.9183
660 1540 49.7858
660 3561 48.0711
660 3963 44.3398
660 4094 35.2356
661 2614 33.6975
661 2731 142.442
662 774 106.832
662 1435 47.1212
663 1931 57.456
663 2410 45.1779
663 3765 60.0398
663 3910 50.2386
664 847 63.949
664 1151 81.4192
664 1271 29.4136
664 1631 17.5101
664 1910 77.0183
664 2045 39.0006
665 776 48.2119
665 813 63.496
665 1865 58.3098
666 1612 57.9088
666 2072 47.4279
666 2856 69.0514
666 4004 40.9681
667 2412 176.482
667 2849 81.1178
667 4153 49.4311
668 1352 103.911
668 3401 33.2893
668 3757 19.7433
669 2588 70.8141
669 2947 59.1589
669 3039 78.8746
670 3403 87.3229
670 3437 103.286
671 1622 45.5895
671 3764 76.2884
671 3911 33.869
672 674 97.2944
672 703 72.664
672 2389 51.0626
673 2432 49.2068
673 2558 10.6377
673 2902 44.8888
674 894 18.4963
674 1377 118.173
674 2389 45.1673
675 1067 60.7163
675 1314 27.9439
675 1443 38.1448
675 2469 78.1275
676 2494 84.156
676 3588 39.014
676 3920 48.8739
677 979 119.834
677 2619 85.6089
677 2700 117.368
678 685 19.4985
678 870 76.8126
678 1646 43.0325
678 3989 35.1444
679 2200 51.184
679 2492 65.9271
679 2838 42.0726
679 2868 27.5454
680 960 65.2378
680 1660 39.327
681 1002 127.307
681 1277 10.7766
681 1605 69.0401
681 2773 78.8454
681 2950 97.7
682 1006 116.133
682 3768 103.058
682 4170 95.9769
683 1315 36.314
683 1902 39.6179
683 3207 64.6399
683 3923 71.1514
683 4338 46.5703
684 3743 67.2144
684 3918 43.892
685 870 73.2556
685 1646 52.7411
686 1424 65.5807
686 2975 86.1547
686 3285 72.9263
687 3475 219.464
687 4099 46.8322
688 1396 86.5775
688 1778 79.3193
688 2055 70.7424
688 2605 82.779
688 2752 60.5055
689 997 51.5196
689 1693 97.7577
689 3325 54.8034
689 3391 23.6805
690 2180 78.3352
690 3369 35.8746
690 3528 33.9446
690 3615 45.9758
691 837 68.6941
691 1227 78.6885
691 4284 65.5107
692 1214 112.918
692 1673 71.3029
692 2647 92.6336
693 2750 65.296
693 2805 32.6815
693 4182 32.5567
694 3449 39.2983
694 3983 40.0451
695 944 66.9039
695 4093 80.3708
696 2190 39.7021
696 2250 39.8007
696 3467 38.6356
696 3980 43.5943
697 1571 32.2953
697 1930 56.1565
697 2536 77.5014
698 1072 45.5504
698 2563 50.5977
698 4347 13.0172
699 874 28.5349
699 3381 120.884
700 757 61.0132
700 1106 7.78646
700 2750 67.9246
701 834 58.9815
701 1811 4.22742
701 3676 60.1865
701 3784 62.8132
702 1500 110.6
702 3599 89.0366
703 1007 121.731
703 3154 69.9396
704 992 98.367
704 1026 92.9924
704 2561 82.2725
704 3349 161.393
704 3576 84.7246
705 1929 79.8737
705 2908 13.4797
705 4252 74.9829
706 1540 64.2252
706 1591 64.8725
706 1654 32.9078
706 1658 133.759
707 1691 17.8545
707 1824 48.7515
707 2336 69.2107
707 2449 41.551
708 1372 67.7755
708 2446 59.8366
708 2450 17.4071
708 3711 90.4629
709 1433 61.1029
709 1906 36.3201
709 3649 59.0696
710 3553 68.2821
710 3596 65.5278
710 4237 19.8144
711 1229 49.6116
711 2802 22.2463
711 3077 21.6309
712 1869 40.6477
712 2271 31.9489
712 3986 45.0419
713 1004 59.267
713 2690 75.2018
713 3412 58.0786
713 4197 105.226
714 1047 66.5388
714 2637 36.554
714 3831 73.5293
715 1651 80.9417
715 2815 61.7533
715 3185 79.3252
716 1280 76.5676
716 1471 37.6647
716 1582 66.3138
716 1685 52.144
716 2467 66.7992
717 1322 42.3077
717 3119 101.371
717 3798 51.4574
718 2797 71.0247
718 3157 30.2499
718 3592 43.1205
718 3955 49.6
719 2147 35.2568
719 2368 85.0605
720 841 78.2956
720 1506 18.0661
720 2353 42.2924
720 3822 86.4372
720 3860 71.0623
721 1236 56.1407
721 4239 80.0256
722 1261 49.1485
722 2652 76.3073
723 1714 2.37754
723 2494 54.5506
723 2745 48.7385
724 992 158.838
724 1459 43.2619
724 3036 6.98121
724 3576 44.5847
725 1295 23.3507
725 1467 55.9315
725 2376 28.9029
725 2510 23.9376
725 3491 42.5999
726 2111 73.6368
726 2765 28.5584
727 1563 49.6366
727 3329 41.4576
727 3990 62.5109
728 1428 75.8891
728 2330 24.1376
729 1192 68.4863
729 1401 19.2822
729 2418 21.6097
730 2073 38.3209
730 3731 49.2993
730 4359 60.5777
731 1686 86.4901
731 2120 90.8146
731 3531 45.0372
732 3054 71.5811
732 4031 51.831
732 4137 66.8807
733 1911 61.915
733 3049 66.4643
733 3160 55.2742
734 3026 90.0456
734 3066 109.73
734 3081 83.3638
735 1448 68.5979
735 1644 56.9408
735 3783 62.8012
736 2304 64.9145
736 4130 43.6428
737 1998 72.4009
737 2355 57.8691
737 2571 44.4434
738 1727 41.4589
738 1787 62.5984
738 2419 45.6195
738 2611 54.7934
739 3807 59.2126
739 4353 67.6443
740 2502 39.8565
740 2639 16.8989
740 3791 46.6842
740 3859 37.4921
741 1542 18.3277
741 1557 22.2073
741 2832 70.3713
742 771 60.7117
742 1199 20.1965
742 1943 64.9832
742 2958 72.0818
742 3335 39.5313
742 3889 60.5689
743 1938 42.729
743 2286 45.5396
743 3298 27.0122
743 3775 68.9181
744 934 56.577
744 1094 95.7885
744 2216 51.2922
744 3048 89.6666
745 808 31.5689
745 1562 24.1892
746 2682 70.4766
746 4114 35.7788
746 4275 26.3356
747 2582 10.3549
747 4022 26.5028
747 4325 57.7554
747 2559 60.3325
748 1179 19.91
748 1617 26.2081
748 2509 39.3913
748 3839 29.1937
749 2232 34.6787
749 2650 20.7664
749 3217 83.5459
749 3324 69.8364
749 3623 67.9974
750 2906 82.9188
750 3029 29.6204
751 885 49.9739
751 1341 20.6797
751 4065 85.834
752 1081 61.9345
752 2890 103.873
752 3141 102.452
753 1001 19.7643
753 4069 37.2683
754 2010 110.035
754 2075 45.7224
754 2350 36.74
754 2678 65.7621
755 1337 119.291
755 2297 74.7213
755 4234 78.4856
756 1054 126.565
756 2095 35.8592
756 2867 60.8317
757 1070 23.4008
757 1106 81.3204
757 3954 9.17714
757 4365 77.3882
758 1777 91.7133
758 2011 100.924
758 2066 56.9846
758 2473 87.8268
758 3127 49.4469
758 3423 78.5315
759 1515 64.817
759 2233 25.568
759 2753 51.3623
759 2816 29.0387
759 2825 42.1809
760 853 39.1748
760 2624 62.0034
761 1498 80.4485
761 2528 27.5918
761 3879 30.6914
762 2166 41.0335
762 3642 59.385
762 4005 161.501
762 4312 58.5153
763 1895 51.5783
763 2305 86.1864
763 2911 46.5723
763 3003 74.6448
764 4032 53.1763
765 1707 95.2654
765 2113 52.8595
765 3876 49.1872
766 1473 90.3516
766 2926 101.637
766 4300 113.95
767 1025 56.3451
767 1189 76.4834
767 2251 59.301
768 3153 94.6218
768 3498 56.6164
768 4001 83.789
769 1958 77.5756
769 2936 2.89682
769 3637 44.9737
769 4071 36.8034
770 2411 9.95894
770 3388 13.6716
770 3895 42.2422
770 4208 50.2506
771 2958 108.092
771 3335 11.8233
771 3889 50.0387
772 1512 67.3482
772 2769 40.7035
772 3744 69.2626
773 1497 46.248
773 2800 89.833
773 4057 46.1089
773 4282 31.9736
774 1198 70.096
774 1435 54.3381
774 3044 107.571
775 1108 27.9542
775 1145 61.2797
775 2942 47.7832
775 4101 82.8622
776 813 15.7968
776 1865 23.9666
776 2060 111.172
777 1259 21.7586
777 1278 43.8997
777 1797 61.4113
777 2108 37.7269
778 1020 96.0799
778 2319 7.44495
778 2598 47.8233
778 4251 36.2178
779 1039 28.6883
779 1335 25.6513
779 1440 55.6614
779 1759 32.0195
780 1405 45.4104
780 2177 9.87685
780 3064 114.403
780 3303 31.613
781 963 35.4568
781 2173 44.658
781 2466 108.07
782 870 50.5163
782 1118 29.912
782 2311 73.3243
782 3053 52.8156
782 3677 26.2586
783 978 70.3373
783 1285 33.8131
783 2839 73.7562
784 1448 70.0084
784 3028 58.0253
784 3205 81.438
784 3962 24.004
785 2359 77.5838
785 3038 75.9018
785 3418 45.3952
786 1371 59.3593
786 2713 99.997
786 3643 23.0412
787 1421 45.985
787 3018 55.3282
787 3378 86.2728
787 3853 22.0978
787 4316 43.7352
788 1968 114.79
788 3466 56.6539
788 4356 70.1093
789 1684 50.0928
789 1990 57.8973
789 2111 57.7311
790 1985 44.425
790 2461 40.4359
790 3418 17.2762
791 2274 73.872
791 2334 44.8805
791 2661 31.8513
791 3929 81.0802
793 2926 42.5215
793 3957 68.8889
793 4020 32.7075
793 4122 67.4462
794 1038 78.3576
794 2437 40.884
794 2837 55.4615
795 889 79.8829
795 2681 101.291
795 4285 15.3222
796 1868 30.4476
796 2236 60.0237
796 2758 70.3317
797 1441 77.357
797 1494 114.587
797 3330 77.3963
798 1339 49.1503
798 2122 67.0031
798 3395 66.5763
798 4319 53.2623
799 1134 24.5018
799 2610 30.4645
799 4041 44.3085
800 2214 44.6767
800 3061 79.4074
801 850 51.7249
801 2417 16.5298
801 3733 63.6935
802 1648 65.0395
802 3096 68.1402
803 1493 62.4477
803 3290 50.8877
803 3767 67.7748
803 4268 63.2648
803 4308 63.6425
804 1095 27.1072
804 2581 22.8409
804 3149 61.8984
805 878 71.875
805 2776 30.3814
805 3653 36.3699
806 1621 69.8901
806 3340 50.1028
806 3749 55.2287
807 3343 115.891
807 3741 127.48
808 1562 64.4298
809 1786 72.6319
809 2854 136.598
809 3010 25.4751
809 3226 104.965
809 3520 87.7401
810 972 106.965
810 1676 12.2566
811 2328 44.6854
811 2768 33.673
811 4045 69.7525
812 2516 87.1725
812 3469 105.183
813 1865 33.3212
814 1274 9.78805
814 2253 11.9282
814 2390 50.3776
815 1294 66.268
815 1354 111.256
815 1645 114.116
815 2907 105.349
816 2895 74.4989
816 3698 80.6595
817 1583 11.5699
817 2710 46.4725
818 982 38.568
818 3049 36.1866
818 3759 24.7741
819 868 66.7305
819 1980 73.4603
819 2080 100.574
820 1221 64.3835
820 1264 55.1757
820 1797 127.554
821 1206 75.4285
821 3281 55.2975
821 4216 113.263
822 1272 53.6531
822 1519 93.8121
822 3693 93.8021
823 1283 52.5767
823 1339 24.5099
823 3024 24.9845
823 3705 53.9802
823 4319 53.5195
824 1673 61.7833
824 2284 134.739
825 1875 80.6725
825 2551 38.9148
826 1345 20.6366
826 2105 31.9903
827 938 67.9246
827 2488 139.659
827 3296 59.7229
828 3979 45.5343
829 1383 83.5328
829 4003 62.2377
829 4011 55.827
830 1642 82.1919
830 3058 67.466
831 1101 40.7371
831 1522 45.569
831 3397 10.1663
831 3820 41.6616
832 2244 57.7565
832 2878 86.3284
833 2684 77.407
833 3179 70.9911
834 1811 74.9248
834 2223 88.2598
834 2762 83.715
834 3173 65.6302
834 3676 65.7788
835 1445 40.8315
835 1484 17.5174
835 3392 46.995
836 1649 40.3691
836 2629 50.5395
836 3830 74.1258
837 1227 62.0781
837 2738 87.6108
838 881 157.417
838 1634 34.8466
838 2633 127.463
838 3745 55.1797
839 3275 58.3199
839 3932 91.829
839 4034 43.3228
840 1842 124.236
840 2928 45.014
840 3850 123.114
841 3763 43.1574
841 3831 51.8212
842 2002 35.5374
842 3826 92.9499
842 3838 27.1546
842 3925 51.2087
843 1468 57.8672
844 1594 84.3141
844 1721 65.3568
844 3129 105.709
844 3713 69.8511
844 4351 45.2411
845 1089 53.0215
845 1545 60.4753
845 2933 42.9213
845 3780 52.597
845 4017 19.3769
846 1231 69.6057
846 2434 70.8839
846 2772 27.6298
846 3733 36.1258
847 1631 65.4483
847 1910 43.91
848 2321 83.768
849 2112 85.9875
849 3452 12.9215
849 3858 101.632
850 1048 91.166
850 1899 42.8853
850 2417 49.2555
851 1918 52.798
851 4138 83.6694
852 1148 40.9328
852 2506 43.9993
852 2781 37.6246
853 2624 49.92
853 2977 60.7956
853 3862 44.6914
854 1155 50.9598
854 1964 70.3612
854 3476 36.0895
854 3689 47.3895
855 2155 21.5633
855 3037 80.9183
855 3987 38.4563
856 920 8.34272
856 995 8.10866
856 1913 64.3176
856 2915 25.4615
857 1260 52.2886
857 4323 77.9387
858 1153 75.3708
858 2399 5.97742
858 3756 46.8832
859 1807 81.8013
859 2341 33.6612
859 2459 94.7505
859 2569 47.9504
860 893 76.616
860 942 62.3398
860 1551 59.9373
861 1937 47.573
861 2252 48.807
861 2302 46.7136
861 4134 73.5646
862 2595 57.3639
862 3832 35.825
862 3894 88.2131
863 944 24.5479
863 987 46.9446
863 2886 67.5254
864 901 29.7513
864 1213 57.2125
864 1762 43.291
864 4159 85.0799
865 2321 50.3014
865 3451 65.0931
865 3704 21.1674
866 1961 91.7261
866 2457 107.859
866 3720 69.6518
867 1157 52.2822
867 2505 80.3399
867 2796 63.6138
868 1980 33.619
868 2080 79.5946
868 2214 80.6443
869 956 61.2724
869 1488 93.0958
869 2708 132.826
871 912 108.253
871 3588 115.082
871 4358 60.7551
872 1234 70.56
872 2086 71.9512
872 2236 31.7933
872 3778 53.6011
873 1442 21.2425
873 2763 38.3365
874 3381 91.0894
875 1136 26.3895
875 3508 33.3106
876 914 39.7131
876 1552 55.9515
876 3806 27.3525
877 3736 67.69
877 4271 22.2908
878 996 94.2916
878 1046 65.6905
878 3653 40.7243
878 4341 32.9521
879 1742 46.2553
879 2266 30.9227
879 2833 35.8081
879 3455 49.7343
879 4337 13.3125
880 1079 54.1609
880 1099 5.80637
880 1165 36.4419
880 2757 134.357
880 3626 104.916
881 1023 30.0909
881 1634 95.2299
882 1002 39.2079
882 1753 75.0058
882 3246 114.279
883 1733 87.9348
883 3664 88.0174
884 1835 60.9521
884 1897 49.392
884 3464 27.0461
885 1341 54.1969
885 4171 57.4826
886 998 66.8846
886 1680 109.922
886 3785 93.1824
887 1986 47.7837
887 2803 75.5478
887 3875 12.5052
888 1593 66.7853
888 2876 30.1526
888 3454 64.5813
888 4329 65.6187
889 2990 82.1649
889 3100 63.5085
889 4285 51.5456
890 2241 71.9074
890 2426 29.9302
890 3973 58.7066
890 4043 51.7369
891 1008 60.3105
891 3076 45.3739
892 1161 80.6264
892 1258 123.54
892 1984 36.5504
892 4191 58.4345
893 942 64.714
893 1551 78.5726
893 1621 76.0925
893 3749 32.5645
894 2389 16.3235
894 3269 83.8891
895 2537 79.4314
895 3789 11.8193
896 2559 45.6353
896 3480 21.9803
897 3360 57.8056
897 3542 90.9172
898 1268 53.5236
898 1688 98.7877
898 4001 53.8791
899 2527 56.4497
899 3260 80.3965
900 1414 31.2582
900 1829 80.9912
900 1876 99.6607
900 3258 71.3329
901 983 65.2858
901 1213 61.4841
902 2241 31.7785
902 4043 85.1173
903 2159 55.0123
903 2539 67.992
903 2618 37.3627
903 3415 18.2412
904 1473 83.1495
904 3803 46.0019
905 1040 36.8699
905 3075 62.7895
905 4250 36.0942
906 1744 35.0841
906 1870 66.4632
906 2490 84.6199
906 3532 55.6549
907 1889 48.2389
907 2393 44.1969
907 3359 46.3027
907 3981 87.5209
908 2541 33.534
909 3188 66.7973
909 3480 57.6589
909 3604 56.3458
909 4267 15.4318
910 4131 86.0444
911 1040 74.5887
911 2238 101.985
911 3707 56.6918
911 4250 66.5652
912 2056 37.023
912 4358 64.5272
913 2466 62.2348
913 2636 90.5651
913 3878 61.6237
914 1552 10.912
914 3806 39.8661
915 1478 30.4439
915 1731 37.0108
915 3900 6.37427
916 1553 71.6063
916 1805 59.8948
916 4144 51.948
917 1167 79.7898
917 1556 50.4611
918 2021 36.4019
918 2991 52.2827
918 4135 58.1033
919 1723 118.914
919 3235 65.8824
920 995 21.3418
920 2915 42.9046
921 1439 59.7861
921 2811 79.0953
921 3506 26.766
922 1769 36.9349
922 2521 29.8002
922 2863 70.0441
922 2954 19.476
922 3352 64.961
923 1620 52.888
923 1945 91.884
923 2052 43.0647
923 2541 46.4614
924 1637 53.7499
924 2932 84.1934
924 2987 26.7862
925 1007 50.2115
925 2179 166.552
925 4245 122.309
926 2159 74.5148
926 3561 74.8374
927 1105 20.7746
928 2029 43.8976
928 2091 45.8178
928 2600 72.1979
928 3115 59.6818
928 3504 42.5889
929 1438 56.7846
929 1706 44.7115
930 1090 50.3301
930 2043 81.1906
930 2183 77.2849
931 1075 81.9864
931 3073 94.8153
931 3664 70.9266
932 3093 66.2672
932 3113 65.7291
932 3942 39.675
933 1881 77.7024
933 3084 29.9537
933 3483 66.3219
934 1503 68.282
935 3240 48.7079
935 3306 36.3834
935 3553 61.4572
935 3608 71.5031
935 4220 87.0582
936 1263 15.113
936 1353 36.3194
936 2978 50.9359
936 3739 58.6713
937 2188 64.0853
937 2943 102.936
937 3630 29.6056
938 3296 121.964
938 4263 101.584
939 945 28.2469
939 2374 100.408
939 3417 68.3235
940 1141 65.0065
940 2827 66.016
940 2861 86.9543
940 3208 126.38
941 1805 62.5994
941 4270 53.2151
942 2137 19.2283
943 1317 52.6136
943 1909 83.8019
943 3122 79.3343
945 2374 78.8177
946 1124 73.5766
946 2625 75.0999
946 3524 129.06
946 3996 86.866
947 2552 118.805
947 2753 81.1188
948 1052 63.9325
948 3822 53.2316
949 1555 64.4846
949 2152 31.9572
949 3986 39.1647
950 2687 37.5837
950 3249 48.9053
950 3277 62.8509
951 2214 93.2944
951 2423 35.857
951 3873 62.6535
952 1409 15.695
952 2048 27.4118
952 4265 57.8608
952 4345 46.2249
953 2146 82.9649
953 4107 92.5235
953 4362 103.882
954 1730 71.4761
954 1814 98.5566
954 2842 46.9087
955 1883 32.9268
955 2386 98.7318
955 2676 81.0841
956 1488 17.5742
956 1743 71.6008
956 3842 78.7992
956 4367 47.7211
957 3410 43.9851
957 3487 49.6076
957 3790 90.725
958 1944 30.0508
958 2077 26.2897
958 3109 29.6342
959 1364 57.1476
959 3317 72.7844
959 3492 112.567
959 3721 86.5921
960 1239 85.758
960 3025 93.5429
961 1903 11.7814
961 2776 71.3314
961 3625 45.0616
962 1206 35.4759
962 1591 50.5921
962 2174 17.6257
963 2173 107.263
963 2381 143.361
963 2466 64.0376
964 1734 56.6792
964 2680 126.027
964 2900 56.7675
964 3808 74.4281
965 1972 58.9214
965 3227 78.0036
965 3284 51.5743
965 3908 38.9133
966 3454 31.9366
967 2243 42.3843
967 3111 65.3838
967 3700 39.8375
968 1449 144.33
968 2989 108.189
968 3975 68.8687
969 4364 134.558
970 4221 117.876
971 1793 37.4576
971 2703 63.348
971 2884 85.6509
972 1676 129.583
972 3675 80.6596
973 2275 91.8555
973 3978 32.1307
973 3991 47.4768
974 1667 79.4904
974 1896 80.1245
974 2327 76.0698
975 2568 156.098
975 3274 48.8179
975 4083 79.0322
976 1552 115.515
976 3792 91.6289
976 4008 52.5118
977 1536 39.1055
977 1694 53.4172
977 3376 80.9928
978 1554 31.2734
978 2839 10.2785
978 4258 119.613
979 1888 14.1618
979 2700 38.0183
980 3319 80.1827
980 3501 74.3003
981 1905 90.5906
981 3751 29.1613
981 4131 66.5829
982 3049 42.1518
982 3759 62.2644
983 3478 64.1976
984 1698 40.3374
984 2835 65.965
984 3230 65.6274
985 1382 69.3081
985 3595 107.461
986 1597 94.9025
986 1926 58.6058
986 2151 23.1876
987 2886 56.5644
988 2927 46.4682
988 3174 55.6322
988 3557 13.5606
988 3800 39.7956
989 1464 18.3581
989 1558 19.9247
989 3065 32.7142
989 3573 42.5961
990 3655 44.9862
991 3264 19.7552
992 3576 85.6205
993 1152 32.8224
993 2723 41.8129
993 3321 34.5001
994 1341 105.086
994 1402 75.0556
994 2968 102.056
995 1913 43.7576
995 2915 20.5338
996 2548 40.35
996 4360 33.3871
997 3325 82.2895
997 3391 54.1411
998 1209 55.3599
998 1680 49.7106
998 2414 35.1359
999 1991 74.9296
999 3256 88.8978
999 3477 47.3908
1000 1094 28.9815
1000 3124 52.2555
1000 3311 46.3395
1001 4069 44.7581
1002 3246 81.7174
1003 1232 95.1025
1003 1561 74.4215
1003 4224 19.1056
1004 2690 61.617
1004 3195 65.4889
1004 3412 86.7568
1004 3556 63.4515
1004 4197 88.86
1005 1901 46.0499
1005 4103 106.125
1006 3535 70.7914
1006 3668 101.653
1007 1367 160.721
1007 4245 107.162
1008 3101 49.8936
1008 3268 18.2298
1008 3997 93.0999
1008 4072 23.365
1009 3315 73.3001
1009 3673 71.7949
1009 4066 74.9849
1009 4292 18.7926
1010 1069 37.9999
1010 2687 67.5901
1010 3309 39.603
1010 3606 28.3374
1011 1995 98.8185
1011 2164 77.1174
1011 3034 100.401
1012 1064 23.6383
1012 1351 21.7644
1012 1812 24.0967
1013 2584 66.9274
1013 3075 25.2598
1013 3968 26.8823
1013 4250 76.4796
1014 1152 50.8108
1014 2723 48.7546
1014 2780 48.4268
1014 4128 61.8048
1015 1449 67.619
1015 2397 52.9322
1015 3171 58.9049
1016 2175 59.1054
1016 2189 62.9877
1016 3027 81.6112
1017 1391 67.5235
1017 2197 16.3681
1017 2431 111.399
1017 3327 59.0331
1017 4180 52.5734
1018 1820 63.0877
1018 3835 114.689
1019 2013 38.8848
1019 3469 66.6969
1019 3747 83.5343
1020 2598 53.8487
1020 3873 44.5765
1021 1175 80.7304
1021 2682 70.0789
1021 3912 51.3535
1022 2255 51.0306
1022 3750 44.2606
1023 1095 111.01
1023 3474 120.302
1024 1423 57.4514
1024 3387 74.6541
1024 4003 79.8126
1025 1189 54.6319
1025 3621 29.398
1026 1085 35.0808
1026 3051 86.5866
1026 3138 39.5106
1027 1058 50.6699
1027 1417 91.6901
1027 1747 101.618
1027 1754 50.838
1027 3490 3.55411
1028 1108 40.7237
1028 1508 79.2259
1028 2942 73.2543
1028 4316 56.0768
1029 1711 101.188
1029 3976 99.6095
1029 4058 97.2144
1030 1393 104.992
1030 1883 79.9259
1030 2858 72.3229
1030 4053 53.4578
1031 1219 3.15404
1031 2416 55.2611
1031 2453 64.9247
1032 1412 112.3
1032 2714 104.546
1032 3772 93.9391
1033 1996 103.803
1033 2276 49.4275
1034 1229 78.7747
1034 1453 80.8579
1034 1970 51.7963
1035 1863 72.6322
1035 3562 82.2851
1035 4246 4.43024
1035 4280 11.0948
1036 3031 91.8142
1037 1911 67.1364
1037 2157 82.5145
1037 3370 38.2623
1037 4055 48.7481
1037 4179 49.2316
1038 2437 107.647
1038 2837 61.2962
1038 3754 67.0345
1039 1335 9.15288
1039 1759 18.9042
1039 3709 44.8887
1039 3715 52.2677
1040 3075 56.0148
1040 4250 7.01978
1041 1132 71.0568
1041 1595 99.9864
1041 2667 22.0659
1041 4207 45.9056
1042 1221 64.9523
1042 1632 54.7553
1042 1809 44.5839
1042 3059 56.1577
1043 3254 58.3331
1044 1514 91.4739
1044 2085 87.2117
1044 2529 68.3895
1045 3494 115.523
1045 3735 47.2427
1045 3801 77.6797
1046 1055 54.9045
1046 1788 45.9871
1046 4341 24.5567
1047 2203 93.7876
1047 4244 44.3463
1048 1629 25.0651
1049 1086 82.3881
1049 1757 37.7773
1049 3819 79.6685
1049 4167 59.4377
1049 4322 35.246
1050 1606 43.7663
1050 1878 48.4998
1050 4302 13.6986
1051 1212 74.3993
1051 1537 75.6898
1051 2997 86.0499
1051 3647 91.7009
1053 2188 102.571
1053 2503 176.156
1054 2095 69.3967
1054 3186 100.109
1055 1073 28.4502
1055 1788 36.7482
1055 2078 47.0494
1056 1390 74.6571
1056 2972 63.6579
1056 3444 61.2062
1057 3204 88.696
1057 3540 44.1514
1057 3857 52.2881
1058 1747 48.054
1058 3490 53.9849
1059 1362 40.2782
1059 2626 72.3862
1060 1166 113.455
1060 2003 96.6681
1060 3361 96.121
1061 2643 25.5633
1061 3600 45.0085
1061 3888 44.0196
1061 4148 23.7927
1061 4335 51.2118
1062 1549 27.5151
1062 2670 53.5758
1062 4318 84.2539
1063 1476 48.4987
1063 1753 67.6758
1063 4265 82.7775
1064 1812 21.5299
1064 3008 37.5261
1065 1667 101.731
1065 2490 46.132
1065 3439 24.7883
1066 1726 31.2982
1066 2409 30.9908
1066 2721 48.8828
1067 1443 52.5293
1067 3691 53.0234
1068 1381 44.9296
1068 3684 79.722
1069 1876 59.8123
1069 2484 32.8198
1070 2008 55.4712
1070 3954 27.3162
1070 4365 71.4318
1071 1481 22.6178
1071 3409 81.0511
1071 3678 66.6152
1072 2652 81.162
1072 2747 65.6284
1072 4347 50.3006
1073 2078 13.524
1073 2548 63.9209
1074 3738 77.7013
1074 3907 66.625
1074 4096 51.8363
1075 1917 108.913
1075 2058 68.7074
1075 3073 73.1592
1076 2786 49.8208
1076 3021 46.3919
1076 3134 43.3304
1077 2157 111.63
1078 2523 84.7634
1078 3615 105.694
1079 1099 62.0724
1079 1669 119.973
1080 1127 57.9675
1080 1876 72.9552
1080 3007 36.0162
1081 2890 35.0989
1082 1299 73.0135
1082 2521 85.0501
1082 3321 66.5959
1083 1337 75.7769
1083 2297 83.8868
1083 2712 65.1537
1084 1530 32.3598
1084 2396 47.1512
1085 2674 56.0238
1085 3051 66.2039
1085 3138 88.0364
1086 1757 56.9529
1086 4167 31.022
1087 3199 56.2796
1088 2722 53.9223
1088 2866 100.474
1088 3516 77.2943
1089 1545 43.9241
1089 2366 74.549
1089 4017 29.9085
1090 2043 27.47
1091 1120 84.6528
1091 2803 50.5963
1091 3154 74.2725
1092 1451 56.692
1092 2038 158.004
1092 4075 97.4224
1093 2281 3.65275
1093 2593 57.3559
1094 1575 56.9565
1094 2216 30.6035
1094 3048 44.939
1095 2123 66.3597
1095 2581 17.5176
1095 3149 25.4767
1096 2904 61.5444
1096 4016 97.7621
1097 2305 74.5451
1097 2498 25.5034
1097 3003 49.2552
1097 4310 56.7488
1098 2014 65.2427
1098 2327 61.029
1099 1165 30.9271
1099 2757 92.7641
1099 3626 102.532
1100 1343 61.976
1100 2438 31.4441
1100 2585 8.24825
1101 1522 36.4769
1101 1765 104.986
1101 3161 54.6473
1101 3397 61.5921
1102 3132 39.0748
1103 1430 34.6899
1103 2982 78.3247
1103 3913 95.4409
1104 3429 48.6876
1104 3702 51.2649
1104 4110 58.9668
1105 2287 79.8286
1105 4059 78.7678
1106 2750 77.7211
1106 3954 70.4055
1107 1938 63.8803
1107 2286 82.6491
1107 3298 69.5036
1108 2942 50.5568
1108 4101 66.6806
1109 1923 53.3952
1109 3297 27.8386
1109 3326 49.5003
1110 1813 50.0355
1110 3429 104.524
1110 4233 21.1848
1111 3779 68.9794
1111 3786 69.6089
1111 3846 31.6835
1112 1827 61.4827
1112 2019 33.2101
1112 4288 53.9915
1113 2366 57.0606
1113 2933 78.8617
1113 3202 61.4526
1114 1712 24.9874
1114 4007 50.7159
1114 4121 10.1959
1115 1855 121.785
1115 4117 90.5546
1116 1570 135.421
1116 2989 91.2433
1116 3026 61.5282
1117 2804 62.804
1117 3366 57.8607
1117 3622 77.8697
1118 2311 40.5874
1118 3677 39.1558
1119 1126 70.6837
1119 1579 88.6337
1119 1845 146.873
1120 3508 53.9367
1120 3517 70.5406
1121 1181 11.9684
1121 3768 15.5092
1121 3915 21.4628
1121 4170 46.0158
1122 1646 68.0907
1122 2044 34.649
1123 1677 7.24027
1123 3114 26.1962
1124 3763 119.557
1124 3996 51.8184
1125 2938 15.341
1125 3295 58.9539
1126 3033 72.0532
1126 3214 90.3373
1127 3007 58.1868
1127 3606 96.4761
1128 2793 24.8086
1128 3510 36.0093
1129 2791 49.4282
1129 2917 55.2381
1129 3302 45.9776
1130 2069 44.253
1130 2090 75.1621
1130 2722 72.1027
1130 2743 68.3993
1130 3427 157.219
1131 1460 48.8625
1131 3482 83.8463
1131 3810 66.436
1132 1197 41.5649
1132 1602 26.3207
1132 1651 115.834
1132 2667 76.9637
1132 3972 63.3287
1133 2079 78.4554
1133 4190 61.0276
1134 2620 44.569
1134 3158 74.7489
1134 3605 29.7301
1135 1830 112.8
1135 4084 65.2241
1136 1355 56.8707
1136 3508 29.5855
1137 3666 104.148
1138 1364 27.0873
1138 1375 31.7995
1138 1642 43.0931
1138 3317 39.4398
1139 1717 52.6076
1139 1728 104.158
1139 3091 66.6019
1140 1633 42.5156
1140 3700 46.5066
1140 4199 17.0807
1141 2861 39.4791
1141 3209 81.666
1142 1586 23.3702
1142 1997 83.0519
1142 4273 35.6873
1143 1999 84.1131
1144 1403 51.474
1144 2540 50.457
1144 3755 52.8409
1144 4210 92.9212
1145 2959 47.2834
1145 4029 60.8228
1146 1722 89.0249
1146 2044 95.1478
1147 1266 47.3712
1147 4036 83.2034
1147 4330 52.3542
1148 1995 42.1647
1148 4064 55.8302
1149 1919 67.102
1149 2574 9.46168
1149 3473 76.6018
1150 2049 90.4973
1150 3414 45.0993
1150 3719 56.1939
1151 1271 104.745
1151 2045 75.2948
1152 2723 16.6918
1152 3321 76.5657
1152 3904 79.0855
1153 2399 64.7908
1153 3756 39.2357
1153 4130 57.8317
1154 2070 73.6561
1154 2156 63.7039
1154 2596 50.8628
1155 2907 69.9419
1155 3476 8.96065
1156 1615 36.0615
1156 1802 51.6319
1156 3323 42.0635
1157 1281 129.977
1157 2796 105.863
1158 1325 85.3812
1158 1948 80.5235
1158 2001 47.4196
1158 2379 83.4509
1159 1305 71.3505
1159 3713 29.9353
1159 4343 66.0559
1160 3040 42.4944
1160 3761 19.885
1160 3882 47.0823
1160 4119 72.22
1160 4278 62.8141
1161 1258 21.9322
1161 1984 59.8169
1162 1224 38.8058
1162 2317 25.2344
1162 3936 74.6324
1162 4100 33.2414
1163 1539 73.6606
1163 1951 123.698
1164 2076 19.2202
1164 3088 44.3662
1164 3431 22.6401
1165 2497 67.8959
1166 2137 59.0762
1166 2573 32.9516
1166 3361 111.943
1166 3423 47.7102
1167 1399 93.7827
1167 2370 39.2674
1167 2941 138.874
1168 2068 64.0654
1168 2247 47.4509
1168 2859 48.6342
1168 3463 73.0249
1169 2746 79.8086
1169 3052 11.2415
1170 1272 89.5308
1170 2748 80.6246
1171 3169 14.6289
1172 3020 26.5349
1172 4221 58.9468
1173 1183 91.6175
1173 2957 92.8619
1174 1498 80.4394
1174 2187 50.0089
1174 3252 55.625
1175 1195 19.3427
1175 3261 62.9347
1175 3912 7.07447
1176 1298 22.1458
1176 2211 51.1306
1177 1358 65.2476
1177 1619 80.7944
1177 2524 29.7725
1178 2007 2.73377
1178 2761 81.195
1178 3699 40.352
1179 1617 30.4861
1179 2509 73.5612
1179 3839 46.4534
1179 2455 38.411
1180 2504 67.7476
1180 4338 72.5184
1181 3768 34.8455
1181 3915 22.8278
1181 4170 42.6457
1182 1273 69.8364
1182 1541 85.6435
1182 1950 49.0597
1182 3651 51.5238
1182 3774 77.6731
1183 2957 59.7482
1183 3581 20.0481
1184 2352 42.6628
1185 1882 67.6524
1185 2725 101.882
1185 3828 112.544
1186 2235 101.379
1186 3577 25.4314
1187 1947 29.6683
1187 2882 62.3051
1187 3977 37.595
1188 1302 107.99
1188 3015 79.0564
1188 3776 27.4213
1188 4109 78.1482
1189 2251 131.505
1189 3130 47.5985
1189 3621 57.5905
1189 3834 37.1902
1190 1796 61.4147
1190 2783 51.0193
1190 3633 76.0261
1191 1718 101.216
1191 2122 103.345
1191 4231 71.5522
1192 1401 53.563
1192 3287 94.5043
1193 1247 85.719
1193 3708 54.3275
1194 1574 47.7987
1194 1630 52.4264
1194 3396 29.3925
1194 4174 47.0903
1195 2955 104.744
1195 3261 28.9176
1195 3912 22.2545
1196 1470 34.867
1196 2115 52.0991
1196 2613 98.9053
1196 3493 40.1148
1197 1602 21.1383
1197 3972 35.2172
1198 3044 48.3172
1198 4222 40.2022
1199 1943 41.8346
1199 2515 73.674
1200 2184 17.0247
1200 3871 53.3776
1200 3891 11.0436
1201 1735 23.6486
1201 2782 30.3885
1201 3928 69.705
1202 1653 13.2037
1202 2348 93.6911
1202 3624 16.5876
1203 1535 94.5512
1203 3354 55.2634
1203 3696 80.5063
1203 4067 77.5346
1204 2914 74.0169
1204 2923 41.9677
1204 3224 74.3623
1204 3681 60.9478
1205 1300 52.637
1205 2566 89.3443
1205 2619 56.0713
1206 1656 60.5748
1206 2174 79.374
1207 2177 69.317
1207 2241 73.1896
1207 3303 58.7717
1208 1453 30.9459
1208 1584 25.8645
1208 1970 65.9412
1209 2414 9.56158
1209 3108 28.3029
1210 2092 70.4571
1210 2698 68.2958
1210 3355 28.3918
1211 1801 41.4327
1211 2996 38.9675
1211 3734 46.2769
1212 1310 49.7557
1212 1537 12.3933
1212 1726 68.0026
1212 2409 71.1266
1212 3647 25.3122
1213 3695 65.2726
1214 1673 61.9716
1214 1699 102.479
1214 2176 39.0716
1215 3103 57.66
1215 4052 55.9031
1216 2265 29.028
1216 3191 54.7879
1216 3217 115.798
1216 3602 74.8129
1217 1546 48.3193
1217 3009 72.3018
1217 4000 45.9955
1218 2302 35.452
1218 3935 40.0685
1218 4134 10.8242
1218 3641 44.405
1219 1379 107.329
1219 2416 34.8887
1219 2607 81.3793
1220 2491 42.3973
1220 2977 78.1177
1220 4313 89.6599
1221 1264 59.0762
1221 1809 23.8432
1221 3059 44.0452
1222 1587 63.1937
1222 2130 46.114
1222 2280 64.4577
1222 2359 53.2548
1223 1894 22.373
1223 2695 23.9097
1223 3515 46.5551
1223 3874 25.1069
1224 2071 15.2439
1224 2317 17.33
1224 3732 21.0626
1225 2519 43.6145
1225 4194 20.6557
1225 4328 24.3246
1226 2805 63.4872
1226 3461 97.1346
1226 4182 43.0708
1228 3015 56.8354
1228 3092 67.2203
1228 3827 94.0353
1229 2802 54.713
1229 4161 41.6259
1230 1410 38.0688
1230 1873 31.5595
1230 2219 40.514
1230 2857 59.5362
1231 2434 85.7069
1231 2772 39.507
1232 2827 60.1018
1232 4224 99.9044
1233 1621 89.2894
1233 2572 60.8117
1233 3760 45.4791
1234 2440 23.4957
1235 1606 54.6166
1235 1702 88.4487
1235 1878 44.6736
1235 2589 49.6028
1236 3237 37.4291
1236 4239 8.84217
1237 1750 48.9389
1237 3883 42.8562
1238 2891 26.7859
1238 3233 20.1083
1239 3011 61.136
1240 1283 24.1688
1240 3395 46.8215
1240 4319 49.7944
1241 2480 41.0363
1241 3308 53.3671
1241 3827 11.8369
1242 1872 57.9077
1242 3746 32.1751
1242 4087 30.1403
1243 2294 67.4904
1243 2962 137.642
1243 4326 96.8033
1244 1359 88.6143
1244 2692 30.9617
1244 3337 88.8593
1245 1843 77.3107
1245 2537 117.554
1246 1647 68.3469
1246 2713 70.7809
1246 2770 105.948
1246 3919 26.7062
1247 2774 69.5337
1247 3708 37.213
1248 2708 108.043
1248 2968 88.0355
1248 3523 98.1292
1249 2284 40.7921
1249 3345 74.5687
1249 3357 95.3627
1250 1576 16.4218
1250 2373 70.6881
1250 3057 45.2872
1250 3947 33.9017
1251 2473 47.5885
1251 3143 73.0733
1251 3257 111.148
1252 2022 22.2794
1252 2028 124.661
1252 2364 95.131
1252 3235 52.3275
1252 3982 118.665
1253 1533 50.8068
1253 2035 47.5425
1253 2059 40.8068
1253 3946 39.6611
1254 1424 133.914
1254 1437 114.163
1254 1846 41.8322
1255 1554 56.7564
1255 1696 78.6744
1255 2973 79.4549
1255 3692 50.2326
1256 2133 11.8218
1257 1672 53.1708
1257 2098 48.1878
1257 3162 64.6114
1257 3166 48.6923
1257 3773 87.3839
1258 1984 53.1773
1259 1278 74.6247
1259 2108 39.9231
1259 2603 60.9347
1260 2380 118.702
1261 2638 76.2559
1261 2889 76.2251
1261 3474 85.0775
1262 2556 59.9268
1262 2921 16.0804
1262 3886 25.9442
1262 4146 47.8253
1263 1353 37.2863
1263 2978 65.7562
1263 3496 57.7244
1264 3059 95.0208
1265 1711 54.4178
1265 2433 22.9795
1265 3367 50.9074
1266 4300 58.8747
1266 4330 16.8502
1267 1903 78.7459
1267 2424 48.2978
1267 3625 38.8467
1268 2515 55.8686
1269 1887 109.657
1269 2010 74.3079
1269 3690 28.8506
1269 4035 58.7812
1270 1531 57.917
1271 1631 53.2839
1271 2045 29.2952
1271 3628 45.4924
1272 1519 80.9932
1273 2636 103.279
1273 4306 69.9033
1274 2253 19.1109
1274 2390 59.4359
1274 2828 96.6927
1275 2507 82.1526
1275 2659 78.7482
1275 4304 43.3579
1276 2407 53.7749
1276 3001 49.6616
1276 3276 94.2663
1276 4081 26.4128
1276 4228 62.6688
1277 1605 64.7812
1277 2773 66.9926
1277 2950 98.7949
1278 1797 30.125
1278 2108 69.8279
1279 1658 50.2815
1279 4010 110.59
1280 1582 83.9079
1280 2146 97.8345
1280 3972 122.866
1281 3458 118.618
1281 3728 99.0752
1282 1466 96.0498
1282 2283 17.1654
1282 3357 59.693
1283 2468 112.34
1283 4319 30.8587
1284 1817 63.95
1284 2135 40.5273
1284 4363 63.1544
1285 2550 43.5648
1286 1311 90.7153
1286 2784 81.4364
1286 3440 4.89062
1287 1628 19.1279
1287 1749 42.9065
1287 3093 41.7536
1288 1433 44.9207
1288 1663 65.6836
1288 2841 63.7174
1289 3041 61.5039
1289 3109 64.163
1289 3580 79.9623
1289 4044 36.7786
1290 2474 63.0311
1290 2562 48.8492
1290 3570 114.831
1290 3868 46.2546
1291 1854 95.493
1291 3280 44.1933
1292 2717 59.9102
1292 4220 67.3754
1293 2740 48.2486
1293 3811 100.825
1293 4290 18.6745
1294 2606 62.1592
1294 3259 34.6704
1294 4147 88.2882
1295 2510 45.5811
1295 3511 30.229
1296 1520 73.2656
1296 2995 57.0755
1296 3046 109.222
1297 4043 32.7029
1298 2211 11.7545
1299 1771 75.2153
1299 3472 51.3672
1300 2566 19.8306
1300 3601 74.2253
1301 1378 40.9505
1301 2406 43.1773
1301 2875 24.213
1301 4301 93.3826
1302 1669 74.192
1302 2646 152.255
1302 3914 93.2042
1303 2346 65.9824
1303 2985 53.1298
1303 3669 2.57062
1304 1568 64.4879
1304 1647 77.4136
1304 3601 70.5157
1305 1415 34.7294
1305 2264 74.5492
1305 3530 116.077
1306 2134 102.056
1306 3299 46.152
1306 3998 54.4471
1307 1335 68.0358
1307 3715 27.791
1308 1881 71.1847
1308 3289 56.7083
1308 3620 42.8974
1308 4102 91.6168
1309 2114 75.5393
1309 2289 96.1886
1309 2437 102.117
1310 1537 72.1997
1310 2721 53.1379
1311 2784 22.1396
1311 3440 60.3164
1312 2633 106.318
1312 3197 121.711
1313 1358 26.4659
1313 4042 61.8037
1314 2469 69.9146
1314 3262 48.7576
1315 4338 38.5408
1316 2162 75.9149
1316 3742 127.486
1316 4164 130.537
1317 3122 12.5229
1318 2474 75.3558
1318 2919 34.6677
1318 3612 112.257
1318 3868 84.9637
1319 1411 82.1045
1319 2290 59.5165
1319 3200 44.7059
1319 4063 39.8513
1320 1562 80.0568
1320 2590 60.5672
1321 2706 47.4913
1321 3974 51.9785
1321 4254 51.0141
1322 3119 55.9742
1322 3798 84.6861
1322 4151 66.2979
1323 2207 67.9336
1323 3887 44.7976
1324 1991 99.7827
1324 2020 89.152
1324 3869 72.9678
1325 2031 89.0276
1325 2104 49.6674
1326 3309 9.49402
1326 3436 28.3846
1326 3606 24.1848
1327 2203 31.77
1327 3595 21.9245
1327 3996 83.433
1328 1520 66.8746
1328 4175 113.968
1329 2807 45.7327
1330 1746 46.3317
1330 2106 89.6411
1330 3234 65.119
1330 3896 67.5769
1331 1404 26.3309
1331 3046 53.7195
1331 3513 35.6405
1332 3220 53.9705
1332 3592 52.6543
1332 3948 12.002
1333 2709 47.8127
1333 2807 70.7164
1333 3714 41.5307
1333 3993 91.5835
1334 1931 93.3248
1334 2410 56.1602
1334 4297 35.9275
1335 1759 10.4066
1335 3709 31.298
1336 1735 102.571
1336 3362 34.5927
1336 3928 36.7258
1337 2297 26.7239
1337 2314 58.3209
1337 2867 97.4696
1338 1848 31.2927
1338 1953 58.1547
1338 1959 44.1726
1338 3809 24.8756
1339 2089 39.4814
1339 3024 53.5399
1340 1655 10.2966
1340 2924 42.6904
1340 2970 22.3957
1341 4065 58.1909
1342 2152 58.0255
1342 2706 54.6164
1342 3420 25.8341
1343 2168 84.4834
1343 2585 62.3593
1344 2367 63.803
1344 2880 3.83591
1345 1794 56.1579
1345 2105 36.96
1346 1764 62.636
1346 1783 27.5899
1346 3706 25.9359
1346 3742 26.7552
1346 4164 44.5072
1347 3012 93.5077
1348 2636 26.3881
1348 3878 58.1439
1348 4306 57.2345
1349 1972 21.8071
1349 2801 37.3952
1349 3284 32.582
1350 2612 29.5024
1350 3172 73.8435
1350 3243 105.348
1351 1812 22.8323
1352 3270 56.0779
1352 3401 54.6991
1352 3611 36.8776
1353 3096 64.4158
1354 2907 40.7594
1354 3009 95.6984
1355 3055 22.2759
1355 3214 54.8617
1355 3245 19.1221
1356 1619 42.6375
1356 2691 24.071
1356 2853 45.4603
1356 4123 41.0156
1357 1933 88.1042
1357 2648 64.2513
1357 3068 93.7792
1358 3262 43.9648
1359 2369 56.2006
1359 2692 63.869
1359 3337 54.1829
1360 3360 29.333
1360 4177 34.3192
1361 1434 55.1887
1361 1806 81.1478
1361 4225 81.4283
1362 2626 29.0426
1363 2025 59.1309
1363 3159 37.2593
1363 3887 37.347
1364 1375 43.1321
1364 3317 61.8898
1365 2096 31.9531
1365 2852 92.5205
1366 2452 72.8092
1366 2764 47.422
1366 3170 97.4588
1366 4163 13.4499
1367 2608 163.884
1367 4245 50.3043
1368 2446 94.7976
1368 2450 82.8798
1368 3233 72.855
1369 2261 132.918
1369 2394 44.5874
1370 2093 65.1088
1370 2621 33.4882
1370 3074 50.7206
1371 2713 69.454
1371 3643 69.4496
1372 2450 71.9758
1372 3711 49.0211
1373 1823 74.2574
1373 3236 51.5081
1373 3683 69.6346
1374 1589 52.5952
1374 2824 20.2401
1374 3708 51.4454
1375 1642 30.3858
1376 1760 43.5478
1376 2654 79.5033
1376 3667 96.3538
1377 2904 38.0632
1378 2875 66.3699
1378 3231 59.2631
1378 4301 63.2924
1379 2416 70.1163
1379 2607 27.1519
1379 3550 99.835
1380 2224 31.9762
1380 2328 92.8054
1380 2768 88.2908
1381 2656 71.9979
1381 2966 94.299
1382 3935 99.0861
1383 2865 71.9768
1383 3430 41.1009
1383 4037 36.4315
1384 1774 89.8783
1384 2814 65.7094
1385 2476 96.8335
1385 2989 74.7609
1385 4018 27.3357
1386 1563 54.8417
1386 2186 82.4636
1386 2477 32.2261
1386 3329 69.4043
1387 4157 70.5181
1387 4276 44.0451
1388 2728 22.6446
1389 4350 38.9654
1390 1657 76.2131
1390 3884 38.4085
1391 1511 76.6535
1391 2197 63.2809
1392 1526 55.4544
1392 2642 89.2024
1392 3519 77.5798
1393 2858 12.9059
1393 3670 101.506
1394 2714 38.2992
1394 3080 42.5692
1394 3772 77.4942
1395 1524 85.6018
1395 2458 93.615
1395 2795 21.6048
1396 2055 33.7463
1396 2094 40.7452
1397 2160 77.6366
1397 2408 79.1721
1398 2793 39.926
1398 3502 59.4754
1398 3510 51.9151
1399 2370 28.4721
1399 2941 73.6413
1400 3189 24.6809
1400 4361 77.489
1401 2418 34.3672
1402 2940 29.7529
1402 3523 90.5591
1402 3752 46.6857
1403 2540 11.1079
1404 3505 70.9095
1404 3513 54.055
1405 2177 62.9008
1405 3064 26.5732
1406 1891 55.0237
1406 3130 28.6942
1406 3446 53.4596
1407 2272 43.4246
1407 3597 27.6472
1407 3847 35.5633
1408 2945 52.7084
1409 2048 55.2402
1409 4068 59.9724
1409 4265 53.1147
1409 4345 35.7958
1410 1873 61.7925
1410 2196 88.5771
1410 2219 62.5776
1410 3598 48.9422
1411 2405 24.3519
1411 4063 57.3972
1412 3407 112.993
1412 3772 81.5985
1413 3206 95.6113
1413 3398 30.1314
1414 1514 78.5874
1414 1829 41.9846
1414 3258 29.9669
1415 2264 18.0972
1415 3969 51.4725
1415 4150 34.5691
1416 1831 51.8793
1416 4136 53.4585
1416 4263 28.3509
1417 1754 51.8925
1417 3490 63.9938
1418 1560 111.029
1418 2542 61.4318
1418 2730 84.4623
1419 2099 22.507
1419 2486 18.7017
1419 3732 31.2877
1420 1787 108.147
1420 1981 51.8784
1420 2419 62.982
1421 2057 62.7699
1421 3853 63.8462
1422 1615 44.5768
1422 2694 51.3496
1423 3389 89.4998
1423 4003 33.7351
1424 3285 118.969
1425 1822 68.1525
1425 2217 46.0785
1425 3041 49.6113
1426 1827 25.3652
1426 2019 49.8599
1426 2326 87.7301
1426 3293 20.7577
1427 2210 30.2603
1427 2258 57.3567
1427 2787 36.092
1427 3578 78.6533
1427 3654 99.6611
1427 4214 63.5164
1428 2330 53.0661
1429 2664 57.461
1429 3538 62.9707
1429 4014 26.1341
1429 4226 70.4741
1430 2288 68.733
1430 2953 74.1353
1431 1928 10.3104
1431 3272 61.6255
1432 2553 101.266
1432 3743 16.9978
1432 3918 64.6533
1432 4138 68.266
1433 1906 99.9682
1434 1806 47.1322
1434 4225 57.5229
1435 3044 93.3465
1436 2407 44.6719
1436 4081 45.3779
1437 1846 99.3468
1437 1962 109.432
1437 2526 57.784
1437 4363 61.3872
1438 1706 43.3035
1438 2325 67.2014
1438 3682 46.0223
1439 3141 104.831
1439 3506 84.5934
1440 3355 112.209
1440 3539 61.6863
1441 1494 37.9063
1442 1800 48.4088
1442 2763 91.2438
1442 3339 109.154
1443 1638 84.1798
1443 3691 51.1818
1444 2213 95.6497
1444 2622 72.1938
1445 1484 33.7857
1445 2864 60.4804
1445 3392 78.9748
1446 2246 77.9468
1446 2440 75.1169
1446 2992 9.78409
1447 1471 53.2488
1447 1685 64.1647
1447 2467 31.5476
1447 2912 68.0352
1448 3028 51.4452
1448 3962 50.2374
1449 2397 104.405
1449 3150 60.4412
1449 3975 74.8524
1450 2023 112.155
1450 3353 106.158
1450 3460 48.3474
1451 1808 76.9836
1451 3175 116.586
1451 4075 63.2784
1451 4241 78.8606
1452 1486 103.425
1452 1971 54.7634
1452 2517 46.2506
1453 1584 31.0296
1453 1970 12.9667
1454 1765 37.7542
1454 2451 116.837
1454 2604 55.0448
1455 2508 59.3491
1455 4090 77.2902
1456 1578 119.035
1456 2107 64.5673
1456 2878 82.0098
1457 1857 34.5259
1457 2291 53.8875
1457 3413 26.2716
1457 4143 48.6934
1458 2170 93.8542
1458 2687 104.402
1458 3748 72.3035
1459 3036 57.7475
1459 3461 78.4517
1460 1474 76.365
1460 3786 80.769
1461 2022 99.5112
1461 2028 68.8628
1461 2304 68.9498
1462 2374 108.936
1462 3005 78.7943
1463 1657 54.9344
1463 1687 58.15
1463 2181 43.1539
1463 2194 45.3262
1464 1558 44.0205
1465 3008 45.0433
1466 2741 56.246
1466 3357 48.6749
1467 2347 170.258
1467 2376 57.7234
1467 3463 140.822
1467 3491 14.3024
1469 2400 29.1832
1469 3546 87.3959
1470 2115 73.344
1470 3493 69.8677
1470 3726 98.6517
1471 2467 24.3046
1471 3236 56.8876
1472 2032 93.5307
1472 3012 33.4446
1472 3960 41.5538
1473 2516 99.7318
1473 2926 70.5118
1473 3803 47.7243
1474 3786 44.1843
1475 1780 54.5638
1475 2905 66.5795
1476 4265 96.1752
1477 3223 86.339
1477 3788 124.504
1478 1731 35.7126
1478 3900 21.1917
1479 3083 72.945
1479 3375 64.3336
1479 3537 81.1273
1480 2822 36.407
1481 2684 103.555
1481 3678 69.9149
1482 2034 69.1268
1482 2322 34.5413
1483 3292 90.0979
1483 4125 51.4222
1484 3392 41.2196
1485 3944 32.1774
1485 4189 71.7439
1486 3205 76.589
1487 1700 150.252
1488 4367 46.4058
1489 2275 84.7587
1489 3939 74.6323
1489 4152 78.8146
1490 3933 88.1264
1491 1932 46.4775
1491 3030 46.3627
1491 3163 15.6225
1492 1775 78.266
1492 2940 58.8989
1492 3752 96.6533
1493 3290 48.8806
1494 4010 87.165
1495 2456 140.395
1495 4235 72.3295
1496 1732 50.8887
1496 2290 33.4132
1496 3135 108.765
1496 4063 43.1421
1497 4057 60.2269
1497 4230 87.2901
1498 2528 105.497
1499 2313 42.2897
1499 2328 38.6423
1499 2535 45.124
1499 4045 88.7877
1500 2338 106.258
1500 3599 11.3261
1501 1820 46.0319
1501 2150 113.028
1501 2475 52.014
1501 2693 60.3886
1502 2285 46.0773
1502 2672 49.4489
1502 3450 37.1682
1503 2639 71.6759
1504 3648 36.0527
1504 4236 55.4767
1505 1792 54.618
1505 3184 89.4007
1505 3655 97.0583
1505 4158 31.7443
1506 2353 16.3595
1506 3822 63.973
1506 3860 63.1198
1507 1681 115.261
1507 2649 97.858
1508 2086 12.0656
1508 3778 80.5557
1509 2688 11.5885
1509 3137 125.032
1509 3770 103.102
1510 1810 43.9948
1510 2378 96.4051
1510 3905 64.7042
1510 4214 79.2921
1511 1761 69.4244
1511 4357 26.7287
1512 2474 75.1928
1512 3570 47.0529
1513 2375 112.646
1513 3083 69.639
1513 3375 86.2134
1514 3258 80.7281
1515 2825 85.0635
1515 4206 88.6767
1516 2051 80.4153
1516 3495 56.8744
1516 3885 68.3159
1517 2736 51.0972
1517 2747 30.8739
1517 4344 17.7871
1518 2794 41.3075
1518 3150 54.1951
1518 4333 45.2625
1519 3693 20.8079
1520 2422 98.0229
1520 3616 119.866
1521 1551 41.7429
1521 3340 50.041
1521 3602 48.279
1523 1949 53.5595
1523 2413 66.05
1524 2413 53.1466
1524 2458 7.84859
1524 2795 61.6343
1524 3210 96.732
1525 1989 74.2744
1525 3193 75.9812
1525 3421 58.355
1525 4112 110.281
1526 2642 46.3032
1526 3519 11.8072
1527 2538 37.8973
1527 3859 47.047
1527 4023 24.0088
1528 2466 100.785
1528 3774 145.644
1528 4122 95.9531
1529 1616 37.9677
1529 2603 50.114
1529 2627 71.3671
1530 1952 59.4197
1530 2396 71.4564
1531 2576 52.7825
1532 2489 70.3912
1532 3379 73.5997
1532 4307 35.0571
1533 2059 8.71622
1533 2697 90.5954
1533 3946 62.6034
1534 2844 10.4811
1534 3787 76.0278
1534 4042 38.4793
1534 4321 71.4268
1535 4007 73.902
1535 4067 22.0449
1536 1694 21.4852
1536 2444 44.4371
1537 3647 27.25
1538 2369 22.7516
1538 3200 90.755
1538 3337 47.1522
1539 1888 113.039
1539 1951 19.0901
1540 1654 43.9984
1541 1950 50.7969
1542 1557 43.1125
1543 1625 92.8781
1543 3238 45.6722
1543 4162 88.0513
1544 2304 28.7302
1544 2471 45.2768
1545 4017 36.7175
1546 2163 89.9616
1546 4000 78.3859
1547 2269 58.5955
1547 3901 34.1144
1548 2047 75.9521
1548 3066 50.9408
1548 4302 117.995
1549 2670 75.613
1549 4318 65.6078
1550 2702 121.987
1550 3271 70.7297
1550 3307 87.4751
1552 3806 64.3036
1553 1697 61.1001
1553 4144 25.5256
1554 2839 20.4013
1554 4258 67.5223
1555 3420 79.5711
1556 2916 131.684
1557 2832 37.4959
1557 3094 53.9013
1558 1864 31.7459
1558 3065 21.152
1559 1671 31.9669
1559 1987 116.002
1559 2503 89.1719
1560 2730 19.5692
1560 2733 63.8301
1560 4155 23.9816
1561 2654 102.481
1562 2590 51.3525
1562 3372 78.9785
1563 2186 98.1242
1563 3329 86.2408
1564 3048 37.8802
1564 3425 3.07897
1564 3627 29.9591
1565 1837 66.3422
1566 2131 6.51402
1566 2455 41.4923
1566 3499 27.9644
1567 1698 75.2687
1567 2835 82.4138
1567 3632 55.4798
1567 4188 41.5607
1568 1647 46.9661
1569 1741 95.534
1569 2683 134.575
1569 3903 54.3571
1570 1577 51.6234
1570 3377 47.7408
1570 3489 97.2235
1571 1930 43.7447
1571 2536 45.4889
1572 2276 25.5019
1572 2500 62.0795
1572 2739 47.7949
1573 2530 74.8823
1573 3712 21.1035
1573 4277 45.2303
1574 2301 56.416
1574 3484 26.3208
1575 2216 39.9927
1575 3124 66.4998
1575 3311 29.6421
1576 1608 50.952
1576 3057 57.004
1576 3947 58.4776
1577 3377 50.4573
1577 3489 68.0804
1578 2107 33.0744
1578 2973 72.9668
1578 3869 54.6396
1579 1670 24.0932
1579 2632 64.9462
1579 3190 38.5972
1580 1666 62.6239
1580 2118 24.7321
1580 2331 77.1147
1580 3011 63.5569
1581 1884 37.4653
1581 1886 30.3977
1581 1991 71.71
1581 3256 24.7681
1582 2146 53.9751
1583 2053 79.9031
1583 2710 45.019
1584 1970 28.41
1584 3811 58.9577
1584 4132 101.084
1585 2180 68.6306
1585 3369 97.2531
1585 4270 93.6634
1586 4052 99.1829
1586 4273 39.764
1587 2564 32.7501
1587 3964 79.0787
1588 2356 48.4853
1588 3247 75.1914
1589 2824 42.8817
1589 4212 64.5915
1590 2830 81.6403
1590 3228 120.542
1590 3907 97.8036
1590 4307 97.4021
1591 1658 109.761
1591 2174 31.5339
1592 2260 38.6425
1592 2287 115.642
1592 4059 86.3589
1593 1862 66.3754
1593 2876 58.9811
1594 1909 78.4145
1594 3129 56.5249
1594 4343 60.3958
1595 2667 105.004
1595 4207 63.256
1596 2112 49.3791
1596 3292 41.2007
1596 4366 51.1742
1597 1635 44.0083
1597 1926 37.2433
1597 2530 67.9722
1597 4277 73.7085
1598 2034 24.8878
1598 3979 32.6765
1599 2008 41.7495
1599 4367 55.596
1600 1663 39.313
1600 2570 16.4388
1600 3685 22.6127
1601 2826 15.9593
1601 3840 61.5261
1601 4192 48.3595
1602 3972 72.4436
1603 2057 38.5213
1603 3347 53.0191
1603 3782 15.5377
1604 1758 138.466
1604 3386 80.7122
1604 4329 78.6903
1606 2589 85.4312
1606 4302 26.4772
1607 1803 10.631
1607 3155 41.6546
1608 2841 36.3602
1608 3057 57.4704
1609 2682 87.1465
1609 2733 55.2048
1609 2760 49.9414
1610 2024 58.9167
1610 3526 44.6187
1610 3558 65.6875
1610 3746 107.676
1611 1934 41.6298
1611 4303 41.9112
1612 2072 84.6262
1612 2828 38.9341
1612 3017 116.872
1612 3231 71.601
1612 4004 59.3199
1613 1838 70.0019
1613 1999 58.5557
1613 4191 81.2193
1614 2202 48.6618
1614 2767 125.489
1615 1802 67.658
1615 3323 56.7304
1616 2603 27.0882
1616 2627 86.1319
1617 2550 60.0139
1617 3839 73.4746
1618 3694 57.0414
1619 2524 54.4094
1619 2894 15.6978
1619 4205 55.7369
1620 2522 22.5334
1620 2541 48.0882
1620 3572 29.7714
1621 3749 13.6214
1621 4232 91.9274
1622 3911 51.3424
1623 2939 41.2815
1623 3649 37.8478
1623 3718 86.2549
1624 2061 26.2996
1624 2436 75.985
1625 2675 39.5262
1625 4162 21.9228
1626 2016 63.565
1626 3196 39.8651
1627 2222 84.2518
1627 2448 83.0701
1627 4243 60.2416
1628 1749 56.1483
1628 3093 96.7096
1629 2580 90.6211
1630 2707 55.6895
1630 4174 23.5975
1631 1910 34.4361
1632 1822 53.3373
1632 2217 92.1326
1633 3988 42.2673
1633 4199 8.99231
1633 4293 40.0869
1634 1825 67.8414
1634 3745 50.2427
1635 1926 43.2085
1635 2984 78.6783
1636 3005 28.5852
1636 3123 29.7619
1636 3514 20.5902
1637 2929 77.8112
1637 2987 82.9488
1637 4095 87.8918
1638 2012 70.9357
1638 3821 54.5916
1639 2042 23.3802
1639 2497 38.8667
1639 3182 24.7358
1639 4320 72.9108
1640 3004 22.5196
1641 2209 96.8135
1641 3541 37.5388
1641 3634 52.8446
1641 4261 27.8518
1643 1687 44.8029
1643 3896 9.7309
1644 1971 50.5008
1644 2464 40.5165
1644 4129 20.6514
1645 1767 101.542
1645 2595 88.6695
1645 4147 102.414
1646 3053 61.388
1646 3989 3.88986
1647 4047 154.381
1648 4038 94.6121
1649 2629 50.7909
1650 2820 73.3501
1650 4323 80.5542
1651 2815 81.7855
1652 1709 17.0284
1652 3238 66.6563
1652 3518 16.7545
1653 1678 77.7395
1653 2348 91.0719
1653 2738 82.1562
1653 3624 23.1712
1654 4094 39.3631
1655 2924 35.3591
1655 2970 36.4585
1656 2862 48.2421
1657 2181 16.4219
1657 3884 21.0227
1659 3107 20.4583
1659 3432 14.768
1659 4027 16.7135
1660 3224 86.704
1661 2081 94.43
1661 2456 71.6612
1661 3242 121.262
1662 2899 56.0959
1662 3836 68.9181
1663 2570 45.2508
1663 2841 37.9213
1663 3685 32.5598
1664 3117 40.176
1664 4353 49.9351
1665 1791 45.718
1665 2948 89.546
1665 3067 3.82441
1665 3729 42.7373
1666 2118 77.2881
1666 2811 46.2173
1667 2024 99.3175
1668 2451 105.227
1668 2999 47.4062
1669 2662 106.651
1670 3190 51.3951
1670 4337 53.7129
1671 2503 63.5266
1672 3428 66.2522
1672 3773 69.7958
1673 2176 112.737
1674 2089 52.1226
1674 3024 54.9538
1674 3807 80.1476
1675 1823 57.7161
1675 2912 74.5077
1675 3573 76.8829
1677 3114 27.6167
1677 3285 82.0065
1678 2738 47.2388
1678 3769 48.351
1679 3085 90.707
1679 3639 52.162
1679 4098 46.2645
1680 3133 62.8232
1681 2649 63.8018
1681 2943 78.0101
1681 3365 100.737
1682 1867 55.6299
1682 2372 35.4197
1682 3344 33.8529
1683 2870 67.0986
1683 3104 82.4439
1683 3181 83.1212
1684 1975 62.5241
1684 1990 6.13924
1684 2937 23.6826
1685 4305 52.8858
1686 1723 117.468
1686 2120 24.6349
1686 2696 74.233
1687 3896 44.3675
1688 4001 88.1998
1688 4323 41.8188
1689 2149 21.7992
1689 2296 22.6073
1689 3373 53.9544
1690 2782 48.345
1690 4369 67.1584
1691 1824 60.6659
1691 2336 43.2971
1691 2449 43.8905
1691 2673 63.7247
1692 2489 47.6736
1692 2829 36.6084
1692 3022 96.4113
1693 3325 118.721
1693 3391 81.3284
1694 2444 30.0046
1694 2644 73.9849
1695 2823 20.9143
1695 2978 30.5575
1695 3546 45.5262
1695 3739 32.7407
1696 2973 39.0559
1696 3692 13.2419
1697 3250 65.1894
1697 4144 68.1044
1697 4153 86.11
1698 2835 72.2075
1698 4188 73.1053
1699 2176 63.5339
1700 1882 166.562
1700 2952 169.334
1700 3338 69.9217
1701 1967 60.3368
1701 2479 44.1529
1701 3456 99.2375
1702 3945 26.2529
1702 4002 61.5507
1703 1924 115.534
1703 2083 100.003
1703 3864 52.6576
1704 1847 37.6606
1704 2226 62.2144
1704 2428 20.0703
1704 4253 14.1001
1705 1748 78.1958
1705 3097 70.9981
1705 3254 76.8454
1707 1781 41.9693
1707 2143 13.7726
1707 3876 18.1162
1707 3940 20.2381
1708 2630 66.0774
1708 3073 49.0916
1708 3664 89.3377
1709 3238 67.3105
1709 3518 7.00165
1710 2307 58.9687
1710 3140 51.7118
1710 3965 64.8455
1710 4204 45.5936
1711 1755 71.6616
1712 2855 70.1198
1712 4007 43.0204
1712 4121 14.8642
1713 1834 62.3614
1713 4237 65.8889
1714 2494 57.6541
1714 2745 35.5246
1715 1908 38.7472
1715 4103 45.3147
1715 4354 10.7478
1716 2191 34.3585
1718 2323 82.7542
1718 3117 52.1976
1719 1844 98.3431
1719 2335 21.2412
1719 3600 56.826
1719 3956 117.972
1720 1955 76.0356
1720 2533 82.7462
1720 2898 80.264
1721 4033 25.1833
1721 4351 35.1603
1722 2134 81.0279
1723 2120 95.2497
1724 2182 36.1659
1724 2465 41.8011
1724 3144 101.288
1724 4371 66.1804
1725 1838 41.258
1725 3368 40.029
1725 3408 49.1678
1726 2409 3.48069
1727 3364 4.81605
1727 3909 74.2334
1728 3091 34.4641
1728 3529 57.623
1728 3614 73.2266
1729 2213 36.2974
1729 3818 30.1484
1729 3852 48.8471
1730 2842 61.3283
1731 3900 32.631
1732 3132 44.407
1732 3135 40.7865
1733 3664 41.1887
1734 2578 33.3974
1735 2782 38.6564
1735 3928 46.7893
1735 4298 66.4671
1736 2154 88.2791
1736 3629 41.5134
1736 3973 49.3652
1737 2891 88.5264
1737 3845 2.34599
1738 3070 68.3868
1738 4024 65.7631
1738 4264 38.1102
1739 2277 59.187
1739 2819 43.3825
1739 3854 70.2435
1740 2114 97.3092
1740 2578 118.067
1740 3462 43.5176
1741 3903 65.0255
1742 2266 30.4974
1742 2833 20.5765
1742 3455 50.3606
1742 4337 30.5979
1743 3823 75.8037
1743 4367 51.6802
1744 1870 32.6103
1744 3976 59.3023
1744 4058 94.7903
1745 1936 50.4389
1745 3064 125.682
1745 3735 84.3088
1746 2194 32.6168
1746 3234 24.9962
1746 4015 52.7691
1747 2379 48.4811
1747 2860 76.0757
1748 3097 49.6713
1749 1815 95.9063
1749 2657 50.5513
1750 2850 99.2921
1750 4257 96.9726
1751 3567 112.732
1752 2375 17.5823
1752 3375 127.038
1752 3773 132.144
1753 4265 109.075
1754 3490 45.071
1756 3047 86.2085
1756 3098 48.264
1756 3206 57.9546
1756 3730 53.5038
1757 2801 95.4658
1757 4167 45.5511
1757 4322 88.4725
1758 2109 47.216
1758 2876 51.8518
1758 4329 36.209
1759 3709 40.113
1760 2654 74.673
1761 3006 80.1435
1761 4026 116.871
1761 4357 53.5826
1762 2680 85.5038
1762 4159 23.5043
1762 4269 38.4262
1763 2563 49.4115
1763 4249 70.3321
1763 4256 61.4917
1763 4347 73.6752
1764 1783 42.7698
1764 3742 41.5757
1764 4164 86.8899
1765 2451 107.275
1765 2604 98.3671
1766 2806 62.5828
1766 3143 63.45
1766 3737 46.9854
1767 1964 45.9215
1767 3085 49.8122
1768 1859 79.9566
1768 3805 81.3845
1768 4073 54.8835
1769 2863 34.7668
1769 2892 61.2977
1769 2954 42.6023
1769 4370 102.178
1770 1804 103.507
1770 1966 26.8976
1770 2625 62.0234
1770 2804 107
1771 1992 32.01
1771 2780 35.9181
1772 2222 88.2801
1772 4180 52.6639
1772 4243 36.6715
1773 2184 25.3434
1773 3871 60.9243
1773 3891 11.8178
1775 1814 44.1404
1775 2133 67.6098
1775 3585 12.9068
1776 2519 32.8655
1776 3631 32.5981
1776 4328 43.9088
1777 2011 25.8528
1777 2260 144.88
1777 3733 92.6909
1778 2605 21.6512
1778 2752 105.232
1779 2040 88.0254
1779 3405 22.7696
1779 3511 70.2592
1779 4173 59.5965
1780 2905 82.4094
1781 2143 44.8208
1781 4097 42.9314
1782 2669 44.3705
1782 4128 60.6888
1783 3706 7.49956
1783 3742 52.8769
1784 1977 36.1792
1784 2039 61.0957
1784 2201 70.8901
1785 1808 105.65
1785 1959 99.3047
1785 4241 161.184
1786 2064 16.081
1786 2513 45.6081
1786 3010 58.3426
1787 2611 17.8926
1787 2681 108.099
1788 2759 66.2927
1788 4341 57.6913
1790 1928 61.5255
1790 3211 82.253
1790 3402 49.6909
1790 4331 79.1705
1791 2712 61.4679
1791 3067 37.1491
1792 3495 85.458
1792 4158 105.715
1793 2884 54.0301
1794 2339 49.0769
1794 2785 72.5156
1794 3916 68.9695
1795 2768 98.651
1795 2887 70.397
1796 2655 53.3421
1796 2783 11.6435
1796 3974 35.1167
1796 4254 61.4486
1797 2882 76.0335
1798 1871 75.6911
1798 2161 31.5162
1798 4235 82.3513
1799 2037 55.6804
1799 2534 61.5819
1799 3621 96.0023
1799 4314 51.6535
1800 1872 99.8067
1800 3339 51.0115
1801 2996 4.5191
1801 3734 59.8396
1801 4183 83.5131
1802 2756 104.58
1802 3323 15.2611
1802 4291 78.2228
1803 3155 41.2455
1804 1966 56.7422
1804 3366 63.7054
1804 3741 122.64
1806 4225 39.8112
1807 2341 77.5545
1807 4069 69.6697
1808 3175 78.4756
1808 4241 13.6759
1809 2349 78.6813
1809 3059 62.8965
1810 2210 75.2023
1810 2258 72.6589
1811 3676 50.6582
1811 3784 61.6563
1812 3008 65.0764
1813 4233 74.0772
1814 2842 90.9048
1814 2845 53.0041
1814 3585 74.6408
1815 2657 27.8535
1815 3942 74.2945
1816 2956 48.1301
1816 3448 41.4808
1817 2135 46.5021
1817 3766 53.1438
1818 2067 43.3758
1818 2631 28.4
1818 4211 79.8645
1819 2300 14.6016
1819 3880 21.7252
1819 4195 68.4317
1819 4269 19.2541
1820 2693 29.8481
1821 2555 55.4398
1821 2956 80.5929
1822 2217 19.8502
1823 3573 45.8814
1824 2449 70.2244
1824 2673 95.3378
1825 2983 45.1778
1825 4025 34.5496
1826 2441 25.472
1826 3248 46.3908
1826 3291 71.0441
1827 2019 25.8425
1827 3293 57.2336
1827 3464 54.2804
1828 3557 71.5318
1828 3563 54.3968
1828 3800 72.5406
1829 3258 34.2446
1830 2136 39.1284
1830 2545 96.4509
1830 4084 71.656
1831 4136 51.1661
1831 4192 86.6683
1831 4263 101.866
1832 2373 82.6145
1832 2570 93.8145
1832 2683 78.9011
1833 2101 44.8449
1833 3319 22.8595
1833 3501 54.9118
1833 4141 78.3304
1834 3404 70.7748
1834 4237 46.097
1835 1897 51.526
1835 3025 49.8189
1835 3201 26.5077
1835 3607 68.0215
1836 3610 63.7517
1836 4111 71.4205
1837 1974 55.2466
1837 2475 27.6717
1838 3368 9.78667
1838 3408 42.9957
1838 4002 35.1079
1839 2774 44.2377
1840 2062 27.9697
1840 2560 62.7799
1840 2976 44.562
1840 3872 47.4835
1841 3314 15.2205
1841 3500 18.1005
1842 2928 78.0038
1842 3850 89.0317
1844 2126 35.7222
1844 2751 22.3831
1844 3661 63.8482
1845 2949 83.8439
1846 2526 144.803
1847 2018 88.9155
1847 2428 66.3116
1847 4253 33.226
1848 1959 48.4781
1848 3809 35.3049
1849 3844 69.595
1849 4332 99.7666
1850 2668 77.2101
1850 4070 34.2882
1851 2766 31.5442
1851 3999 17.965
1851 4012 63.9806
1851 4125 61.2492
1851 4215 49.3659
1851 4366 42.0801
1852 2874 55.6946
1853 1887 119.188
1853 2543 63.5426
1853 3697 65.89
1853 4168 57.2354
1854 2037 108.81
1854 2187 91.1272
1854 3280 65.5413
1855 2263 127.357
1855 3384 81.6409
1856 3341 95.3796
1856 3623 85.4295
1856 3747 73.6351
1857 2798 63.317
1857 3413 9.65763
1857 4143 38.9705
1858 2278 56.3346
1858 3315 140.612
1858 3363 77.1845
1859 3386 59.0086
1860 2172 46.7375
1860 2775 46.7267
1861 2160 49.6382
1861 2408 65.5193
1862 2658 57.1988
1863 2699 64.2795
1863 2840 33.2019
1863 3559 24.8027
1863 3628 52.4138
1863 3716 9.53183
1863 4246 56.9615
1863 4280 42.5094
1864 3065 67.6697
1866 2147 106.559
1866 2368 32.3881
1866 2913 11.3624
1866 3400 22.7349
1867 2372 34.0892
1867 2671 64.6222
1867 3538 69.2936
1868 2236 27.0221
1868 2758 88.5107
1869 2271 42.4131
1869 4130 48.5302
1870 3532 54.9259
1870 3976 57.6357
1870 4058 37.9901
1871 3115 73.2332
1872 2478 142.509
1872 4087 30.9514
1873 2219 16.901
1874 2200 35.767
1874 2868 60.5904
1875 3318 73.0515
1876 3007 71.9025
1877 3119 62.5281
1877 3622 68.615
1877 3642 101.917
1878 2589 35.8608
1878 4302 42.1775
1879 2579 95.314
1879 4027 47.2509
1879 4311 16.0289
1880 2846 67.0003
1880 3486 20.0392
1880 3958 21.9925
1881 3084 48.5878
1881 3620 87.4401
1882 2725 76.2858
1882 2952 4.17483
1882 3338 49.8907
1883 2676 90.6924
1883 4053 59.7391
1884 1886 10.3077
1884 3123 27.3323
1884 3256 59.9046
1885 3168 32.9986
1885 3937 36.1461
1886 2171 51.2559
1886 3123 32.1101
1887 4035 73.1865
1888 2700 53.2685
1889 2618 51.9997
1890 2604 105.847
1890 3765 37.1412
1891 2251 65.5588
1891 3130 37.8072
1891 3493 71.8324
1892 3188 43.9489
1892 3604 15.7151
1892 4267 76.7063
1893 1900 59.7748
1894 2695 49.7596
1894 3019 57.8277
1894 3515 23.0052
1894 3874 18.9054
1895 2305 29.5685
1895 2911 71.4389
1895 3003 61.0633
1897 3464 32.9723
1897 3607 70.2998
1898 3438 51.7654
1898 4145 46.8926
1899 2434 37.8448
1899 2587 43.1081
1900 4109 47.7316
1901 2755 77.2507
1901 4335 79.7947
1902 3207 18.9494
1902 3923 74.357
1903 2424 66.6988
1903 2776 91.0161
1903 3342 98.4972
1903 3625 34.4103
1904 3302 34.3564
1904 3358 61.9379
1905 2616 71.8492
1906 3128 66.1355
1907 3851 84.3549
1907 3989 62.2177
1908 4103 59.6757
1908 4354 53.1688
1910 2855 66.2631
1911 3160 94.8967
1912 2750 30.9581
1912 2751 85.3522
1912 3151 60.9263
1913 1979 78.151
1913 2520 55.7195
1913 2915 34.5888
1914 2511 49.0717
1914 3099 87.3933
1915 2735 43.2265
1915 2896 40.2223
1915 3631 48.5609
1916 2020 43.1589
1916 2142 48.657
1916 2309 65.7089
1916 2499 75.5651
1916 3316 37.4252
1917 2058 67.149
1917 2067 71.2449
1918 3002 33.9011
1918 4138 64.7692
1919 2574 60.4878
1919 2790 116.645
1919 3473 73.4012
1919 4078 75.6321
1920 2360 66.7727
1920 2760 65.3141
1920 2922 78.9445
1920 3223 79.2832
1920 3251 98.5174
1921 2879 30.2858
1921 3016 41.155
1921 3880 33.5075
1921 4276 50.4879
1922 2382 82.7413
1922 2850 99.1135
1922 3013 15.0604
1922 3933 113.023
1923 2079 69.1878
1923 3297 44.7233
1924 2083 63.35
1924 4240 94.0431
1925 2617 47.7002
1925 2716 83.6495
1925 3971 10.03
1925 4352 28.7504
1926 2151 75.1046
1927 2303 13.8531
1927 3027 68.6411
1927 4196 56.8363
1928 3272 57.5685
1929 2908 116.307
1930 2226 66.9156
1930 3856 85.9325
1931 2410 28.5489
1931 3910 31.6254
1931 4297 51.1521
1931 4303 64.5003
1932 2531 64.0556
1932 2848 57.3812
1932 3030 113.867
1932 3163 36.9152
1932 3244 36.072
1933 2703 85.5543
1933 3068 50.0366
1934 3397 77.9032
1935 2737 85.3757
1935 4213 108.013
1936 2204 98.5899
1936 2479 51.387
1937 2252 5.58019
1937 2302 82.3222
1938 3298 20.1015
1938 3729 35.4242
1939 2945 45.8033
1939 3294 65.0893
1940 2404 21.4801
1941 3104 79.6555
1941 3333 85.8773
1941 3829 33.2262
1942 2685 39.7067
1942 4079 25.0818
1943 2958 54.4595
1943 4260 71.8865
1944 1965 81.0495
1944 2077 40.4112
1944 3109 15.9034
1945 2052 94.1806
1945 2522 54.151
1945 3572 56.2602
1946 3242 100.886
1946 4334 80.3711
1947 2882 32.6733
1947 3977 45.1452
1948 2001 21.9958
1948 2049 93.4097
1948 2379 78.0514
1950 1952 97.74
1950 3651 42.9619
1950 3774 115.521
1951 2622 75.5567
1952 3651 46.7637
1953 1959 57.8486
1954 2312 47.3673
1954 3927 66.0663
1954 4040 33.851
1955 2898 4.16731
1955 3848 15.0082
1956 2980 86.626
1956 3343 39.1908
1956 3547 26.3359
1956 4151 52.8494
1957 2979 51.0784
1957 3139 34.8492
1957 3428 47.3171
1958 2936 77.7793
1958 3921 18.742
1960 2881 78.4253
1960 3019 60.4986
1960 4111 33.409
1961 3089 40.1365
1961 3720 67.515
1962 2988 46.2828
1962 3383 70.8674
1962 3893 43.8398
1963 1993 106.072
1963 3601 145.25
1964 3085 34.4091
1965 3109 83.5701
1965 3819 69.1493
1966 2625 79.5973
1967 2778 52.0233
1967 4166 76.1665
1968 3724 109.267
1968 3762 73.4277
1969 3362 110.781
1969 3762 17.7808
1969 4356 63.0929
1970 3811 62.2483
1971 2464 81.2064
1971 4129 41.2846
1972 2801 66.2171
1972 3284 30.4349
1973 2198 46.2233
1973 2391 62.5205
1973 2964 45.0277
1974 2475 21.5956
1974 2693 28.5288
1975 1990 69.0589
1975 2168 62.9079
1975 2689 58.6428
1975 2937 43.3184
1976 3350 45.3346
1976 3785 65.7591
1977 2039 15.3202
1977 2117 42.7327
1977 2201 42.178
1978 2074 48.7386
1979 2520 3.55698
1979 4238 42.9777
1980 2080 82.2815
1981 2419 80.3532
1981 3863 79.5625
1982 2093 66.9437
1982 4086 70.8839
1983 2608 42.1178
1983 2749 14.9387
1983 3269 68.1602
1983 3674 39.5485
1985 2130 34.6493
1985 2461 14.356
1985 3310 68.5853
1986 3033 69.267
1986 3875 45.4407
1986 4016 61.7017
1987 2503 62.2999
1988 3026 89.0846
1988 3202 62.9148
1988 3796 4.4414
1989 3193 12.7392
1989 3590 86.0785
1990 2689 92.2455
1990 2937 18.9401
1991 2020 74.3038
1991 3256 54.7288
1992 4115 42.4475
1993 2495 85.2015
1993 3826 48.4627
1994 2580 64.4297
1994 3071 33.3639
1995 2164 38.4371
1996 2276 95.0804
1996 3342 57.4755
1997 2724 99.9724
2000 2439 61.5548
2000 3788 68.7353
2000 3917 139.093
2001 2379 83.5446
2002 2124 45.7184
2002 3838 44.0804
2002 3925 18.5278
2003 2137 129.632
2003 3550 31.881
2004 3508 55.4412
2004 3898 62.092
2005 2294 29.9417
2005 4326 23.4445
2006 2293 20.5267
2006 3178 30.9012
2006 3387 43.5034
2007 2761 92.3427
2007 3699 60.6626
2008 4365 61.444
2009 3859 74.9237
2009 4023 63.09
2009 4186 27.3413
2010 2075 81.4163
2010 2350 65.6185
2010 3142 89.8918
2010 3690 65.8642
2011 3127 105.372
2012 2295 33.212
2012 3821 5.77193
2013 3469 44.3643
2013 3747 48.0726
2013 3955 47.6724
2014 2327 83.7266
2014 3582 72.5987
2015 3921 68.9457
2015 4023 40.8452
2015 4186 20.5096
2016 3196 62.6148
2017 2388 78.7558
2017 2483 52.7652
2017 3549 11.3014
2018 2821 39.1618
2018 2843 58.6108
2018 3688 95.183
2018 3717 41.0607
2019 3293 54.3999
2020 3316 43.0972
2021 2991 50.7611
2021 4135 61.8158
2022 2364 66.0485
2022 3235 68.8169
2023 3594 66.9439
2023 3953 67.3186
2023 4175 75.5661
2024 3526 45.7172
2024 3558 44.7
2025 3159 30.2643
2026 2592 55.5583
2026 2755 73.2772
2027 2519 29.4297
2027 3920 102.747
2027 4194 41.0832
2027 4328 51.4111
2028 3982 61.8512
2029 3115 53.6401
2029 3504 79.4509
2030 3331 43.3201
2031 2104 17.3607
2031 4032 51.0684
2032 2286 75.4873
2033 2122 46.3666
2033 3395 88.4214
2034 3979 44.5404
2035 2059 51.5685
2035 3946 62.3483
2036 2205 33.5928
2036 3384 57.8337
2036 4287 43.575
2038 3330 22.7476
2039 2117 27.0363
2039 2201 12.7266
2040 2229 133.445
2040 4173 33.4131
2041 4049 123.143
2041 4126 98.4877
2041 4255 112.677
2042 3182 19.2887
2042 4320 50.3566
2046 3054 45.7159
2046 4031 24.6787
2046 4032 97.6778
2047 3066 71.727
2047 3081 103.865
2047 3180 89.2065
2047 3593 105.052
2048 4265 15.0115
2048 4345 55.0723
2049 3414 100.529
2050 2212 45.6111
2050 3222 43.7941
2050 4218 19.3082
2051 3861 31.3523
2051 3885 6.0388
2052 2541 86.256
2053 2710 62.7672
2053 3609 42.8541
2054 2292 32.7049
2054 2575 58.8108
2055 2094 73.5659
2056 4358 76.9735
2057 3782 77.2964
2057 4166 54.3399
2058 2630 87.0412
2059 3946 41.2974
2060 3131 65.8442
2060 3897 98.9154
2061 2436 54.6384
2061 3148 86.2197
2062 2560 36.1687
2062 2976 27.4912
2062 3872 32.3897
2063 3582 60.9549
2063 3728 73.3058
2063 3892 67.4413
2064 2513 41.5292
2064 3010 61.1942
2064 4149 39.8391
2065 3035 44.0868
2065 3851 36.6411
2066 2473 121.575
2066 2572 51.2195
2066 3127 106.804
2066 3423 82.5753
2066 3760 26.4433
2067 2631 91.6473
2068 2247 35.6156
2068 2859 16.8206
2069 2743 75.6915
2069 2866 53.1809
2069 3419 59.6734
2070 2596 94.5066
2070 3532 29.7884
2071 2317 40.2548
2071 3732 23.0755
2072 3017 121.324
2072 4004 77.5267
2073 3564 37.6279
2073 3731 55.8551
2074 3106 81.4999
2075 2350 24.9237
2076 3088 41.2325
2076 3431 14.7343
2077 2230 48.7801
2077 2514 60.551
2077 3580 59.8249
2078 2548 44.1975
2079 3855 78.4414
2081 3045 123.694
2081 3512 52.914
2081 3574 32.9993
2082 2255 42.8551
2082 3220 19.2601
2083 2094 125.256
2084 2499 62.8684
2084 3112 70.4037
2084 3468 15.5147
2085 2235 54.5193
2085 2529 13.891
2085 3577 66.1353
2086 3778 51.2005
2087 2717 64.29
2087 3404 41.7872
2088 2988 23.4996
2088 3383 60.8348
2088 3893 84.4934
2089 3024 58.647
2090 2100 45.5789
2090 3516 90.588
2090 3527 91.5577
2091 2600 11.483
2091 3504 55.0814
2092 2116 23.6748
2092 2698 33.2447
2093 2621 85.074
2093 4086 10.3812
2095 2867 77.5812
2096 2852 90.462
2097 2167 75.0565
2097 2925 113.562
2097 3216 58.9785
2098 3162 6.31921
2098 3166 20.7296
2099 2486 41.5851
2099 3078 51.826
2099 3732 54.7564
2100 2653 17.7753
2100 3527 12.6582
2101 2482 96.4703
2101 3319 29.9887
2101 3501 50.956
2102 2110 20.9663
2102 2583 30.9346
2102 4355 46.4682
2103 2161 61.0082
2103 4235 58.0532
2104 4032 46.9793
2105 2128 84.9661
2106 2395 55.6464
2106 4310 101.286
2107 2973 54.8995
2109 2658 49.1744
2109 4329 89.0088
2110 2583 36.2099
2110 3470 85.1644
2110 4006 56.3198
2110 4176 75.5559
2111 2765 91.4386
2112 3292 70.2579
2112 3452 73.2776
2112 4366 30.6504
2113 2925 50.8694
2113 3216 61.6637
2114 3462 109.78
2115 3446 66.58
2115 3493 55.3478
2116 2698 53.6775
2116 3322 94.7061
2117 2201 19.7353
2119 2959 30.6142
2119 3018 72.6216
2119 4166 51.4335
2121 2652 108.644
2121 3101 103.705
2122 3395 57.5369
2122 4231 59.2181
2123 2162 81.4207
2123 2581 66.2693
2123 3149 28.6397
2124 2491 90.9318
2124 3843 68.1427
2124 3925 16.2947
2124 4223 45.3417
2125 3888 49.7462
2125 4148 63.9419
2125 4335 30.214
2125 4354 64.6795
2126 2751 91.8714
2126 3661 90.3097
2126 3956 116.613
2127 2270 48.6854
2127 2620 51.9318
2127 3032 55.5918
2128 3294 110.679
2128 3917 99.5185
2129 3286 59.9334
2130 2461 54.0624
2130 3310 41.9863
2131 2455 26.8314
2131 3499 48.1225
2132 2398 56.7726
2132 3840 71.9748
2133 3585 47.9521
2134 3035 29.9486
2134 3998 29.0011
2136 2267 65.1955
2136 3575 103.799
2136 4084 77.3685
2137 2573 50.2405
2138 3037 80.9207
2138 4133 62.7546
2139 3486 118.473
2139 3674 109.178
2139 4076 77.2463
2140 4050 37.2948
2140 4081 44.9979
2141 2871 102.291
2141 3152 41.3548
2141 3795 50.8794
2142 2171 18.1919
2142 2309 48.9797
2143 3876 18.8882
2143 3940 15.9364
2143 4097 37.3781
2144 3179 55.7594
2144 3282 35.4703
2145 2976 83.8695
2145 4350 51.3434
2147 2368 71.4127
2148 2820 54.9929
2148 3263 17.1585
2148 3725 102.317
2149 2221 29.3409
2149 2296 55.1164
2149 2577 50.4436
2149 3373 18.2902
2150 2475 143.2
2150 3479 99.1302
2152 2471 55.9393
2152 3420 74.0585
2152 3986 52.1214
2153 3000 87.5736
2153 4190 63.0131
2155 3037 33.4056
2155 3987 50.8385
2156 2480 65.5581
2156 2596 4.81462
2157 3614 102.058
2158 2283 58.5052
2158 4127 14.8663
2159 2539 65.954
2159 3415 70.7291
2160 2408 2.11906
2163 3118 85.0294
2163 3678 73.5206
2163 3992 95.7078
2163 4295 16.1736
2164 2442 54.0127
2164 2981 68.6115
2165 2337 98.0592
2165 2715 38.0522
2165 2971 138.244
2165 4364 65.1284
2166 3642 47.865
2166 4312 58.8844
2167 3318 63.7661
2169 2254 64.2771
2169 3192 127.675
2169 3672 24.433
2169 4062 43.5029
2169 4315 28.7155
2170 3094 82.0535
2170 3424 63.8209
2170 4266 17.0597
2171 3256 71.3948
2172 2775 27.2589
2172 3764 62.8051
2173 3878 61.6527
2175 2189 52.0002
2175 2308 64.9344
2175 2729 71.1508
2177 3303 14.16
2177 3629 83.8544
2178 2686 35.8661
2178 2967 60.6563
2178 3830 44.8749
2179 2501 7.00963
2179 4046 58.6926
2180 3369 58.8143
2181 3884 34.2081
2182 2454 18.2355
2183 3211 61.561
2183 3402 27.8947
2183 4331 10.7687
2184 2250 92.838
2184 3891 12.7422
2185 2351 91.5751
2185 2710 78.5753
2185 2963 32.9768
2185 3609 109.533
2186 3902 95.2566
2187 3280 58.8269
2188 3630 65.082
2189 2308 49.1771
2190 2250 44.8585
2190 3467 67.2121
2191 2457 90.6795
2191 4140 63.3926
2192 2737 67.3204
2193 2609 84.8856
2193 3239 70.1907
2193 3371 97.0088
2194 3234 57.151
2195 2266 74.8073
2195 2329 86.7821
2196 3598 24.198
2196 3950 75.8812
2197 2431 77.5909
2197 4180 99.4056
2198 2391 71.7648
2198 2964 29.3211
2199 2371 120.025
2199 2656 81.5149
2199 2966 87.8168
2199 4229 64.0651
2200 2868 56.9392
2202 2532 118.836
2202 2628 29.991
2202 2767 24.9981
2203 3595 34.4501
2204 3064 65.128
2204 3456 78.3826
2205 3384 69.6215
2205 4117 49.5419
2205 4287 45.5798
2206 2864 44.1339
2206 3640 6.66691
2207 3108 40.1096
2207 3887 51.5159
2208 2920 62.5727
2208 3089 83.2325
2208 3720 49.5973
2208 4140 110.969
2208 4288 91.8784
2209 2557 51.6411
2209 3541 75.5338
2210 4214 36.6547
2212 3222 19.762
2212 4218 45.624
2213 3818 52.3673
2214 3061 84.2076
2215 2282 40.9297
2218 3136 10.6086
2218 4268 42.8366
2219 3598 65.53
2220 2429 72.4408
2220 4021 43.9806
2220 4294 78.2159
2221 2310 79.7546
2221 2577 41.3485
2221 3199 45.914
2221 3373 34.4456
2222 2448 77.9691
2222 4243 33.9358
2223 2762 67.7102
2224 2515 157.921
2224 3889 66.8473
2225 3050 76.7065
2225 4090 46.7796
2226 2428 39.7805
2226 4253 85.4458
2227 2815 76.055
2227 3759 93.616
2228 2496 72.5395
2229 2347 41.7772
2229 4173 94.7062
2230 2514 15.6624
2231 2420 105.62
2231 2488 111.675
2231 2732 101.283
2232 2650 67.8215
2232 3217 43.4295
2232 3623 83.8228
2233 2816 14.4087
2233 2825 30.5119
2234 2924 94.7728
2235 2529 52.1094
2235 3577 68.1225
2236 3778 71.4438
2237 2280 83.9587
2237 2562 76.7174
2237 2564 87.0473
2237 3964 35.9047
2238 3707 117.227
2239 3016 67.5524
2239 3082 68.9161
2239 3502 59.7088
2240 3777 40.8395
2240 4089 75.4605
2240 4165 40.0842
2241 2426 90.1885
2242 2869 10.282
2242 3121 5.30561
2242 4309 40.0972
2243 3111 65.5721
2243 3393 90.0969
2244 2447 76.2161
2244 2666 61.3517
2244 3849 100.029
2245 2414 83.4115
2245 2759 59.2052
2245 3108 80.5906
2246 2992 68.6343
2246 4274 70.0363
2247 2859 27.0377
2247 3463 106.898
2248 3548 56.5739
2248 3638 63.3006
2248 3910 62.0967
2248 4105 69.9792
2249 3099 87.6261
2249 3671 14.4795
2249 4051 50.9252
2250 3980 58.7567
2252 2302 110.696
2253 2390 24.3743
2254 2662 97.4794
2254 3672 38.1377
2254 4315 32.5508
2255 2645 43.5657
2255 3750 25.763
2256 3255 92.1357
2256 3266 13.3064
2256 4178 6.65721
2257 2752 51.4917
2257 3924 75.594
2257 4203 95.8609
2258 2787 105.902
2259 2632 82.0514
2259 3190 48.3473
2259 3248 69.2414
2260 4059 70.8858
2261 2329 74.6975
2262 3241 110.447
2262 3358 38.9181
2263 2277 108.181
2263 4287 95.4026
2264 3459 79.6747
2264 3969 51.1545
2264 4150 54.3371
2265 3191 73.6541
2265 3602 47.7922
2265 3656 64.3583
2266 3455 58.901
2266 4337 35.7321
2267 3575 92.0048
2267 4084 47.5857
2268 2993 30.8344
2268 3079 85.3675
2268 3722 43.2021
2269 2724 35.2917
2269 4282 63.5302
2270 3032 32.1687
2271 3986 36.8032
2272 3597 64.9261
2272 3941 75.6397
2273 2403 49.8212
2273 3472 101.744
2274 2334 35.4471
2274 2661 59.2692
2275 3978 96.7976
2275 4152 45.5826
2276 2739 98.0333
2278 3363 80.4454
2278 3494 83.825
2279 2365 109.571
2279 3129 68.2203
2279 3540 80.4682
2279 3857 69.7536
2281 2593 64.0057
2282 2665 68.8133
2283 2284 73.9922
2283 3357 70.2601
2285 2315 46.6797
2285 2672 96.6808
2285 3165 80.2546
2285 3450 68.7233
2286 3298 64.9022
2287 4059 71.9622
2288 3922 22.748
2288 4139 44.3307
2289 2546 45.448
2289 3426 66.7057
2289 3589 51.0716
2290 3200 51.954
2290 4063 26.0678
2291 3413 99.7323
2291 3434 21.1686
2293 2430 37.969
2293 2549 84.8157
2293 3178 51.7675
2293 3387 65.1762
2294 4326 24.9269
2295 3821 61.1906
2295 4221 66.633
2296 3373 38.3
2298 3072 52.5746
2298 3212 118.971
2298 4030 107.121
2299 2701 25.0681
2299 3351 14.5338
2299 3807 60.2708
2300 3880 26.5573
2300 4195 66.0965
2300 4269 31.7162
2301 3229 66.1418
2301 3484 36.2997
2302 3935 58.2108
2302 4134 14.504
2303 3027 70.0492
2303 4028 65.7651
2303 4196 60.6601
2304 2471 47.7428
2305 3003 19.6986
2306 2792 35.2563
2306 3356 51.8834
2306 3416 42.9012
2306 4172 43.9633
2307 3965 67.8471
2307 4078 90.4625
2310 3199 25.1556
2310 3373 47.8294
2311 3949 103.958
2312 3927 26.6634
2312 4040 62.2207
2313 2535 23.5219
2314 4251 33.111
2315 2798 49.2383
2315 3165 19.8857
2316 2809 30.2217
2316 3584 19.3477
2317 3732 20.7199
2317 4100 70.9461
2318 3505 63.0325
2318 3995 48.4686
2319 2598 31.7741
2319 4251 27.2378
2320 2930 23.0967
2320 3212 64.6528
2320 4030 56.2597
2320 4368 61.5917
2321 3704 97.6073
2322 2385 68.2077
2322 4219 99.8129
2323 3117 117.97
2324 2647 23.3054
2324 3770 67.4554
2324 3985 84.7648
2324 4289 65.2119
2325 3682 91.6224
2325 4342 87.1619
2326 3293 91.5994
2326 4140 38.5343
2328 2535 103.604
2328 2768 52.4524
2328 4045 106.013
2331 3011 49.6905
2332 3485 31.7092
2333 2932 65.4353
2333 4244 85.8338
2334 2661 32.2787
2334 2670 88.7544
2335 3600 51.4368
2335 3956 83.2962
2337 2971 107.398
2337 3550 99.3295
2338 3599 65.9421
2339 2785 17.4202
2339 3949 43.5702
2340 2517 70.879
2340 3679 79.867
2340 4019 93.953
2341 2569 35.4723
2342 2501 110.185
2342 2559 41.9947
2342 3457 10.7382
2342 4046 64.1617
2343 2969 52.1736
2343 3591 77.59
2343 3611 97.9534
2344 3061 70.9758
2344 3186 39.0818
2345 3079 118.105
2345 3276 88.0997
2345 4228 86.8673
2346 2975 60.8245
2346 2985 67.7309
2346 3669 57.5278
2347 3463 111.688
2348 2464 59.7128
2349 2463 96.5656
2351 2792 51.7639
2351 4082 20.938
2353 3822 49.3581
2353 3860 43.9377
2354 2994 39.0305
2354 3187 79.4189
2354 3232 51.0982
2355 2571 12.4039
2355 3939 53.2846
2356 2495 75.2378
2356 3247 50.9204
2357 3926 53.5822
2357 4030 49.7504
2357 4368 23.3139
2358 3346 35.4526
2358 3702 96.0981
2359 3038 37.8733
2360 2760 184.416
2360 3223 109.49
2361 2572 132.954
2361 4232 61.7751
2362 2497 25.5106
2362 3644 54.6752
2362 4348 39.2675
2363 3052 79.9559
2364 3235 101.324
2365 3129 100.429
2366 2933 91.9409
2366 3066 99.2567
2367 2880 53.9823
2368 2913 35.1713
2368 3400 22.2666
2369 3337 39.5255
2370 2941 110.283
2371 4229 26.2294
2371 4346 77.0577
2372 3344 64.8748
2373 3438 53.4
2373 3947 44.1599
2375 3083 78.3787
2375 3375 74.2169
2376 2510 18.5162
2376 3491 35.4879
2377 2594 40.8061
2377 3399 37.2381
2377 3843 45.571
2378 4214 47.7287
2380 2471 89.3497
2380 2974 70.3259
2381 2615 96.2507
2382 2850 86.1198
2382 4257 36.3244
2383 3738 55.6581
2383 3817 50.4489
2383 4096 36.4692
2383 4315 39.598
2384 2797 25.7864
2384 3341 43.118
2384 3955 74.5144
2385 2487 27.1291
2385 2736 64.8386
2386 2797 88.7723
2387 3313 115.459
2387 3662 58.3121
2388 2483 32.3637
2388 3273 60.663
2388 3549 52.4163
2388 3870 24.4703
2389 3269 47.9078
2389 4245 100.394
2390 2634 47.9379
2391 2565 36.5468
2392 2695 84.1119
2392 2788 69.8173
2392 3825 32.0179
2393 3359 24.2825
2395 3234 83.9004
2395 4015 95.1513
2397 3171 52.0187
2397 3975 143.76
2399 3756 36.9582
2400 2823 51.2935
2400 3546 59.9869
2401 3437 44.154
2401 3823 39.7812
2402 3540 139.525
2402 3767 140.07
2402 4033 109.279
2403 2567 55.3258
2405 4063 86.7151
2405 4261 115.52
2406 2557 25.9533
2406 2875 22.9183
2407 4081 49.8187
2409 2721 115.705
2410 4297 26.0275
2411 3388 25.542
2411 3895 58.1567
2411 4112 113.552
2412 4217 97.3447
2412 4270 110.711
2413 2458 28.631
2413 2795 72.569
2413 3210 114.316
2414 3108 36.8437
2415 2890 107.947
2415 3463 111.085
2415 4342 109.118
2416 2453 49.3352
2416 2607 15.186
2417 3733 46.0754
2418 2695 70.09
2419 3185 95.1233
2420 2677 116.638
2420 2944 12.5079
2420 3198 25.2607
2421 2741 99.8279
2421 3345 67.8543
2421 3442 88.7423
2422 3616 11.0099
2423 3775 80.935
2423 3873 42.6817
2424 3625 83.1645
2425 3286 48.9169
2425 3348 38.5672
2425 4169 54.6006
2426 3973 47.51
2427 2575 7.36076
2427 3300 111.199
2427 3984 28.5758
2427 4054 66.8258
2427 4074 129.354
2428 4253 14.6053
2429 4021 19.1841
2429 4294 7.06382
2430 2549 13.2684
2430 3387 46.9378
2431 4180 97.9977
2432 2558 75.0831
2432 2902 24.4105
2432 4353 68.4203
2433 3367 53.4126
2434 2587 66.2526
2434 2772 82.2049
2435 2447 49.1097
2435 2666 67.5697
2436 2885 39.6106
2438 2585 39.5717
2439 3788 36.715
2440 2992 55.7746
2441 3248 24.2995
2442 2981 13.2406
2442 3837 106.801
2443 2498 27.9046
2443 3176 27.3549
2443 4310 31.452
2444 2512 98.015
2444 2644 41.1972
2445 2640 79.8863
2445 4296 35.797
2446 2450 61.2173
2447 3453 42.8693
2447 3849 58.9822
2448 4050 81.6233
2451 2790 87.8861
2452 3460 77.8173
2452 4163 96.4645
2453 2885 26.8759
2455 3499 41.1385
2457 3720 41.3885
2457 3841 72.886
2458 3210 74.249
2459 2569 44.7097
2460 3271 17.4846
2460 4340 25.9242
2461 3418 64.363
2461 3938 110.608
2462 2660 63.2771
2462 3087 67.4805
2462 3793 54.702
2463 3580 102.957
2464 4129 45.4075
2464 4227 65.6787
2465 4371 105.244
2467 3236 61.1151
2468 3024 77.4742
2468 3705 66.4801
2468 3911 93.0162
2469 4321 106.009
2470 2483 79.8549
2470 3116 54.5097
2470 3273 35.557
2471 2974 65.8804
2472 3495 73.4028
2472 3861 65.6348
2472 3885 57.1933
2474 2562 68.3644
2475 2693 44.9953
2476 3389 9.94793
2476 4011 42.5851
2476 4018 58.1855
2477 3990 37.8523
2477 4222 54.0305
2478 3558 69.0411
2478 4087 95.5054
2479 3456 57.8644
2480 2596 70.2166
2480 3827 39.443
2481 3502 68.3244
2481 3909 78.887
2482 3660 104.696
2483 3116 89.6979
2483 3549 44.8358
2483 3870 72.6015
2485 3322 32.7586
2486 3078 52.8973
2486 3732 51.3308
2487 4219 92.1121
2488 3296 60.7945
2489 3907 89.2091
2489 4307 28.7956
2490 3439 66.6177
2490 3526 76.0487
2491 4223 51.6265
2491 4313 106.117
2492 3433 43.848
2493 2648 53.477
2493 2900 65.0659
2493 3478 98.2476
2493 3808 28.6321
2494 2745 37.6604
2495 2965 113.339
2495 3074 56.9173
2496 2812 113.965
2496 2961 84.562
2498 3176 51.2355
2498 4310 41.6404
2499 3316 38.2217
2499 3468 43.0541
2500 2881 60.5819
2501 4046 81.5713
2502 2639 48.0949
2502 3791 4.51862
2505 2796 18.6092
2505 3728 58.5455
2506 2781 10.1598
2506 2946 64.0063
2506 3267 53.6334
2507 2659 28.7469
2507 3967 46.5072
2507 4304 80.2598
2508 4234 63.5457
2509 3712 82.8316
2509 3839 36.2867
2509 4289 94.5459
2510 3511 41.9283
2511 2726 98.1718
2511 3816 29.0891
2511 4272 38.0428
2512 2545 44.8879
2513 4149 12.5684
2514 3451 64.8466
2516 3803 104.72
2517 3653 78.1368
2518 3265 65.4821
2518 3902 80.4602
2519 4194 24.9562
2519 4328 10.503
2520 4238 51.1993
2521 2954 23.9687
2521 3352 39.6332
2522 3572 4.10734
2523 2674 50.5769
2523 2918 78.1651
2523 3703 39.4492
2524 2894 30.4841
2524 4205 72.8789
2525 2610 61.7152
2525 3434 64.573
2525 3543 19.7812
2525 4041 43.4752
2526 4363 14.951
2527 2702 38.2644
2527 3307 50.4584
2528 3879 55.9079
2530 3289 57.1261
2530 4277 43.8441
2531 3799 42.1948
2531 4156 52.0621
2532 2628 68.7059
2534 3834 81.2159
2534 4314 4.75089
2537 3789 88.5124
2538 3859 86.4846
2539 2618 54.5022
2539 4242 25.8186
2540 4210 103.396
2542 3394 106.034
2542 3544 40.7746
2543 3183 43.8498
2543 3697 54.1155
2543 4168 39.254
2544 3943 47.8406
2544 4118 47.3258
2546 3426 36.5513
2546 3589 45.5337
2546 4361 38.0467
2547 3906 41.6794
2547 4255 54.124
2548 4273 51.1735
2548 4360 80.8465
2549 3387 55.2964
2551 3496 88.0117
2552 3305 96.7913
2552 4206 89.5916
2553 3002 59.6404
2554 3260 70.2738
2555 2799 117.971
2555 3645 67.9186
2555 4187 57.1425
2556 4043 42.1754
2556 4146 68.8311
2557 2875 65.7909
2557 3541 75.0723
2558 2902 56.4263
2558 4005 115.178
2559 3457 48.8177
2560 3872 20.4195
2560 4284 96.6948
2561 3138 95.5712
2562 3570 56.4503
2563 3587 49.0856
2563 4256 66.1031
2563 4347 40.8261
2564 3964 43.2913
2565 3376 96.7641
2567 4113 47.7776
2568 2651 59.6256
2570 2683 59.9118
2570 3685 11.0437
2572 3760 38.4218
2573 3423 59.4492
2574 3473 91.9145
2575 3984 28.0726
2578 3589 59.2692
2579 4311 82.4181
2580 3071 65.118
2581 3149 35.0692
2582 4022 62.1741
2582 4325 44.7069
2583 3382 48.4332
2583 4355 46.1488
2584 3531 110.658
2584 3968 47.7851
2584 4250 78.8583
2586 2872 13.3209
2586 4305 14.6517
2586 4362 18.96
2588 2599 84.5103
2588 3039 96.8294
2588 3167 95.8955
2590 2857 64.7378
2590 3372 35.8891
2591 2935 83.1792
2591 3797 41.0384
2591 3946 75.0812
2592 2755 110.467
2592 3403 36.1978
2593 2770 92.9092
2593 2951 91.3306
2594 3399 43.0185
2594 3843 73.3495
2595 4147 88.4015
2596 3308 72.012
2597 2720 97.6606
2597 3652 52.8726
2598 4251 37.0954
2599 2927 71.9032
2599 3039 68.4794
2599 3174 50.1895
2599 3507 102.415
2600 3504 85.5516
2601 3225 121.097
2602 2720 49.1275
2602 3802 52.2086
2602 4181 21.747
2604 3473 67.5727
2605 2752 101.585
2606 3259 45.7383
2606 3334 73.4119
2606 3646 32.6416
2608 2749 63.8993
2608 3269 17.3384
2608 3674 62.1704
2609 3239 16.6289
2609 3371 57.5187
2609 3534 73.3323
2609 4216 55.7031
2610 3313 25.0327
2610 3605 57.3628
2610 4041 14.7015
2612 3172 105.883
2612 3243 88.5088
2613 2748 66.693
2614 4047 135.755
2615 4330 72.3698
2617 3971 46.0493
2617 4352 45.5905
2618 3415 58.0517
2618 4242 34.982
2620 3032 78.5662
2620 3158 74.651
2621 3399 84.2258
2623 2934 69.6972
2623 3571 13.928
2623 4184 4.13741
2623 4281 72.4136
2624 2977 53.7397
2624 3862 23.6419
2625 2804 49.4231
2625 3524 73.7455
2628 2767 13.4289
2630 2779 107.054
2630 3073 77.891
2630 4372 62.6912
2631 4211 82.4343
2632 3190 34.2662
2633 3187 55.0809
2634 3892 53.6934
2635 2901 55.9272
2635 3445 75.4959
2636 3878 68.1764
2636 4306 60.7166
2637 3667 53.9625
2637 3860 60.8796
2638 2889 26.8868
2638 3474 69.2336
2638 4249 101.653
2639 3791 59.6752
2640 2897 51.0548
2640 4262 49.6574
2641 3218 105.681
2641 3503 51.5397
2641 3797 83.6512
2642 3519 36.3871
2642 3757 120.915
2643 3600 58.2394
2643 3888 77.6089
2643 4148 36.4147
2644 4327 90.6452
2645 3750 43.3149
2646 3914 75.8001
2646 4259 122.56
2647 3985 62.3754
2647 4289 75.5219
2648 3478 83.9458
2650 3324 83.7313
2651 3148 133.232
2651 4339 120.426
2653 2897 42.6615
2653 3527 39.42
2653 3867 44.825
2654 3667 61.7385
2655 3932 29.6114
2655 4034 68.2845
2656 2966 5.59962
2657 3113 39.8164
2657 3942 35.9042
2659 3967 53.6971
2659 4304 66.3275
2660 3509 24.0609
2660 3793 30.6599
2661 3929 56.9124
2662 3817 66.0869
2662 4120 40.3116
2663 3118 71.802
2663 3934 32.053
2663 4352 90.7745
2664 4226 65.5367
2665 3681 117.111
2666 2901 47.8195
2667 3972 55.0927
2667 4207 89.7717
2668 3652 49.6046
2668 4070 41.3464
2669 3348 93.5366
2669 4169 60.4921
2670 4318 101.815
2671 3022 72.3346
2672 3450 30.4503
2674 2836 58.899
2674 2918 77.4615
2674 3051 31.8949
2674 3703 45.1101
2675 4162 33.6449
2676 3382 16.5024
2676 4355 97.6533
2677 2732 65.6712
2677 2944 98.3775
2678 3144 114.456
2679 3203 73.4423
2679 3266 98.389
2679 3409 65.7346
2680 4159 118.158
2681 4285 74.3075
2682 4114 46.9396
2682 4275 39.2351
2683 3685 82.9189
2684 2814 56.5441
2685 4079 28.3854
2686 2967 78.4136
2686 3830 40.7601
2688 3137 141.678
2689 2937 48.8921
2690 4197 54.3128
2691 3262 41.1648
2691 4123 31.2047
2692 3337 76.8324
2694 3744 27.1689
2695 3874 38.5708
2696 2813 107.795
2696 3938 44.3334
2697 4313 55.3266
2698 3355 131.564
2699 3559 40.9453
2699 4280 35.6845
2701 3351 4.27581
2701 3807 55.7973
2702 3307 77.5956
2703 2884 75.3434
2703 3068 111.917
2704 2838 65.6854
2704 4093 98.3907
2705 3530 73.9226
2705 4033 99.6591
2705 4209 64.7019
2706 2974 58.7562
2707 3806 70.818
2709 3011 83.7895
2709 3714 52.1458
2710 4082 32.7415
2711 4079 81.2275
2711 4210 30.4322
2712 2948 95.461
2713 3643 44.5682
2714 3080 11.8757
2714 3772 20.9374
2715 3787 99.4878
2715 4364 82.9289
2716 3971 44.4824
2716 4352 48.0194
2718 2875 69.1677
2718 3541 109.995
2719 3670 26.2862
2719 3727 84.5173
2720 4181 38.978
2722 2866 54.8163
2722 3516 80.314
2723 4128 58.5702
2725 2952 71.3242
2725 3390 52.5397
2725 3828 78.4146
2726 3099 116.501
2726 3816 69.952
2727 2761 71.164
2727 2846 46.6236
2727 3536 18.504
2728 4108 94.4715
2729 3063 17.8033
2729 3545 30.4521
2730 4114 60.1726
2730 4155 39.1066
2731 3447 86.6505
2731 3603 25.1592
2732 4301 81.144
2733 4155 52.4189
2734 2982 68.1012
2734 3131 55.7227
2734 3897 96.7907
2734 3967 64.8957
2735 2896 27.109
2735 3533 65.8299
2735 3631 46.2278
2736 4344 78.6358
2739 3515 53.1784
2740 3477 96.7929
2740 4161 92.8133
2740 4290 76.4704
2741 3357 26.0882
2741 3442 55.1823
2742 3683 66.5862
2742 3695 63.4678
2743 3427 49.4511
2744 4119 71.6041
2744 4278 55.9419
2746 3052 69.5378
2747 4344 16.1298
2749 3674 77.5423
2751 3661 69.2145
2753 3305 60.2197
2754 2831 112.467
2754 3488 89.5076
2754 3551 102.089
2754 3687 62.2899
2756 3333 41.5659
2756 3829 62.4816
2757 3092 89.2601
2757 3626 74.1993
2758 2767 68.6629
2760 2922 75.6891
2760 3251 33.2209
2760 3328 105.202
2761 3412 88.6401
2762 3173 56.307
2764 4163 50.1654
2766 3999 34.3343
2766 4012 56.4115
2766 4125 31.8951
2766 4215 63.1502
2769 3744 61.3081
2770 2951 59.9739
2770 3919 51.5055
2771 3548 52.3429
2771 3638 53.6962
2771 4105 47.4407
2773 2950 31.3551
2775 3764 21.036
2776 3653 78.9662
2777 3334 120.098
2777 3646 109.108
2777 3899 68.2502
2778 3456 107.386
2778 4166 67.5922
2779 3866 45.9007
2779 4372 59.8304
2780 4115 92.5556
2781 2946 83.61
2781 3267 62.9772
2782 3928 73.14
2782 4369 68.8326
2783 3974 46.3949
2784 3106 67.8763
2784 3440 73.1387
2785 3917 87.4035
2785 3949 91.5071
2786 3021 43.7356
2786 3134 78.5097
2787 3578 81.8196
2787 3654 41.9441
2788 3825 32.0301
2788 4198 91.1522
2789 3095 49.5409
2789 3341 50.3718
2790 4078 66.9257
2791 2917 10.6012
2791 4026 111.056
2792 3356 56.158
2792 3416 64.3447
2792 4172 40.0224
2793 3510 37.1903
2794 3479 88.5641
2794 4333 70.8647
2795 4127 77.1852
2796 3728 75.2619
2797 3341 92.8355
2797 3955 71.8761
2798 3165 27.8549
2799 3970 24.4279
2799 4187 66.0736
2800 4057 52.355
2801 3922 27.1942
2801 4139 50.6814
2802 3077 25.1435
2803 3154 69.1919
2803 3875 60.2
2804 3524 91.2974
2805 4182 53.6933
2806 3143 98.6195
2806 3257 76.797
2806 3737 54.7003
2806 3753 87.9606
2808 2916 21.6135
2808 3668 63.216
2808 4170 50.1176
2809 3584 28.7865
2810 4060 67.8107
2811 3506 75.7721
2812 2961 38.3678
2812 3101 105.755
2813 3090 83.9643
2813 3938 22.0464
2813 4056 61.6282
2816 2825 16.366
2817 3435 113.361
2817 4200 66.9424
2818 3374 101.399
2818 3651 66.7682
2818 3781 35.7885
2819 3854 42.1596
2820 3263 32.6878
2820 3725 59.8113
2821 2843 46.4666
2821 3688 35.0416
2821 3717 72.2687
2822 3145 37.1963
2822 4236 42.3124
2823 2978 42.8018
2823 3546 27.956
2823 3739 29.7443
2824 3708 26.7243
2824 4212 84.1151
2826 3840 70.6074
2826 4192 48.2748
2828 3231 64.1397
2829 3022 80.337
2830 3228 154.078
2830 3738 46.6948
2830 3817 48.3043
2831 3488 52.1765
2831 3687 63.1469
2832 3094 4.38682
2833 2949 125.847
2833 4337 30.5416
2834 3054 40.2508
2834 4137 44.7914
2836 3051 9.36451
2836 3349 119.819
2837 3754 59.9483
2837 3794 49.2636
2838 2868 68.2952
2838 4093 61.7505
2839 4258 81.5016
2840 3559 11.4025
2840 3716 37.7271
2840 4099 167.793
2843 3242 81.3224
2843 3688 25.9797
2844 3787 57.1812
2844 4042 50.1312
2844 4321 50.6897
2845 3523 91.5188
2845 3752 52.4888
2846 3536 46.6219
2846 3958 46.0528
2846 4076 74.8209
2847 3288 95.2625
2847 3560 21.8153
2847 3619 53.137
2847 4349 61.6928
2848 3000 22.7273
2848 3244 40.5955
2849 4153 80.094
2850 3013 101.305
2850 3933 66.9401
2850 4257 65.006
2851 3278 52.0651
2851 3320 56.9489
2851 3663 21.6407
2852 3441 59.3795
2852 4048 37.4055
2852 4160 39.9061
2853 3020 57.1823
2853 4083 41.1416
2854 3226 5.44361
2854 3520 39.0523
2855 3562 59.5511
2856 3851 73.1992
2856 4004 49.9536
2857 3372 37.7073
2858 3670 53.0847
2860 2861 114.21
2860 3208 39.4105
2861 3208 97.9308
2863 2892 30.0141
2863 4370 73.0224
2864 3640 59.8823
2865 3377 46.4793
2865 3430 100.36
2865 3489 39.8139
2865 4037 83.0754
2866 3419 79.5323
2869 3121 8.98226
2869 4309 45.5899
2870 3104 34.7809
2871 3795 99.5245
2872 4107 91.212
2872 4305 28.4437
2872 4362 11.8037
2873 3140 51.8896
2873 3380 15.5577
2873 4204 55.7075
2874 3370 53.5278
2874 4055 106.752
2876 4329 56.789
2877 3219 73.7442
2878 3937 136.731
2879 3016 40.8566
2879 3082 49.2982
2881 3102 109.89
2882 3977 57.7525
2883 3091 59.939
2883 3529 64.1204
2887 3757 86.8068
2888 3723 34.5319
2888 3758 63.2957
2888 3769 70.8808
2888 4198 82.9197
2889 3474 95.3198
2889 4249 61.9032
2890 4185 86.3377
2891 3233 32.3459
2891 3845 80.8762
2892 4370 36.6153
2893 3483 50.243
2894 4205 40.6672
2895 3698 78.9267
2895 3755 74.7874
2895 3916 100.108
2896 3533 49.3085
2896 3631 20.4734
2897 3527 60.1513
2897 3867 21.2239
2897 4262 37.651
2898 3848 20.8551
2899 3447 60.414
2899 3711 71.1498
2900 3478 82.788
2900 3808 50.0129
2901 3665 88.2422
2902 4353 91.0026
2903 3443 110.96
2903 3453 72.9048
2903 3849 83.659
2904 4016 58.1661
2905 3924 76.6206
2905 4203 83.4976
2905 4299 75.3438
2906 3029 53.7137
2908 4252 47.6474
2909 3056 164.629
2909 3060 49.3427
2911 3003 65.3723
2911 3854 121.649
2912 4085 79.6721
2913 3400 13.7784
2914 2923 17.6718
2914 3877 37.9502
2914 4154 41.2234
2914 4286 56.8091
2916 3668 74.0169
2918 3703 22.6968
2919 3868 50.7915
2920 3089 22.5792
2920 3952 63.1177
2921 3886 45.3371
2921 4146 28.959
2922 3251 18.5827
2922 3328 60.998
2922 3636 98.4974
2923 3877 52.4949
2923 4154 65.6903
2924 2970 13.0915
2925 3216 43.3106
2926 4020 42.3236
2927 3039 7.54115
2927 3890 59.7331
2928 3455 88.1879
2928 3850 114.379
2929 3069 39.976
2929 4095 37.4047
2930 3212 23.9776
2930 4030 39.0657
2930 4368 45.4203
2931 3203 79.5739
2931 3409 89.4549
2931 3569 12.6331
2932 2987 74.4259
2933 4017 31.2607
2934 3571 55.934
2934 4184 58.2097
2935 3946 54.7381
2936 4071 22.6219
2938 3295 25.757
2939 3649 21.2112
2939 3718 77.7017
2940 3752 58.5875
2942 4101 28.6458
2943 3365 36.7355
2943 3630 69.8033
2943 3650 101.67
2944 3198 39.1933
2945 3294 78.0434
2946 3267 21.3196
2947 3205 66.6536
2947 3962 107.902
2948 3729 85.2004
2948 3745 95.0696
2950 4358 71.8375
2951 3919 124.454
2952 3338 62.7091
2953 2972 61.2506
2953 3913 60.195
2954 3352 46.2006
2955 3088 68.2123
2955 3261 99.1556
2955 3581 97.4326
2956 3448 50.166
2956 3970 81.3352
2957 3581 68.6211
2958 4260 84.8886
2959 3018 15.6592
2959 3853 42.9559
2959 4029 20.5023
2960 3025 74.464
2960 4124 47.9795
2961 3411 75.0656
2962 2995 82.8133
2962 3170 80.7107
2963 3609 85.1441
2964 3509 81.7686
2965 3247 86.1671
2965 4075 80.6412
2967 3830 105.121
2968 3485 114.169
2969 3591 45.9412
2971 4091 85.6065
2971 4364 47.3487
2972 3444 55.6916
2972 3913 61.6938
2973 3692 23.4699
2973 3869 37.204
2975 4317 27.7146
2976 3872 70.1885
2977 3862 40.9656
2978 3739 6.27645
2979 3086 34.9641
2979 3134 25.5503
2979 3139 26.4083
2980 3119 87.2365
2980 4151 53.1544
2981 3837 67.5037
2982 3913 56.2176
2983 3301 61.2865
2983 3812 102.433
2983 4025 3.73801
2984 3770 89.9032
2984 3985 91.3766
2985 3669 56.5705
2986 4211 23.7064
2988 3383 79.9435
2989 4018 91.9491
2991 3042 60.4505
2993 3204 62.1436
2993 3722 9.4196
2994 3187 76.8166
2994 3836 33.0969
2995 4175 105.757
2996 3734 54.7601
2996 4183 97.0179
2998 3407 53.122
2998 3596 81.8247
2999 3939 41.941
3000 3244 76.9056
3000 3987 68.6832
3001 3079 19.7573
3001 3204 65.8758
3005 3514 44.5994
3006 3042 96.9788
3006 3327 94.5435
3009 4000 49.6933
3012 3960 18.575
3013 3933 72.6982
3014 3459 97.747
3014 3632 96.2338
3014 4188 82.9733
3015 3092 29.9672
3016 3082 27.309
3016 3880 29.3159
3017 3231 89.6146
3018 3853 16.2415
3018 4029 23.6548
3019 3515 34.0484
3021 3086 52.6956
3021 3134 28.9607
3023 3618 65.1316
3023 4080 28.259
3024 3705 46.2089
3025 3201 58.5255
3026 3081 159.335
3026 3796 105.559
3030 3163 56.4226
3031 3183 62.1806
3031 3618 88.8333
3031 3697 71.7099
3032 3699 82.5087
3033 4016 96.8191
3034 3125 60.798
3034 3566 43.3492
3035 3299 31.0206
3035 3998 28.7141
3036 3576 48.0999
3037 4133 44.6026
3039 3890 62.2748
3040 3253 45.8004
3040 3761 85.9215
3040 3882 23.8347
3041 3580 31.0575
3041 4044 81.8022
3042 3966 120.612
3042 4135 98.3953
3043 3072 86.4628
3043 3110 58.5109
3043 3385 84.4525
3043 3824 43.7435
3045 3574 90.3116
3046 3513 95.3743
3047 3398 59.6759
3048 3425 50.8853
3048 3627 58.8586
3049 3160 67.0726
3049 3759 55.1883
3050 4090 30.6241
3051 3349 85.9314
3053 3677 29.1224
3053 3989 60.323
3054 4031 53.9715
3054 4137 54.7374
3055 3214 63.8102
3055 3245 17.838
3056 3799 111.706
3058 3317 148.486
3060 3864 72.3011
3060 4240 65.2419
3062 3347 35.7006
3062 3782 84.6688
3062 3801 56.8473
3063 3545 40.5974
3065 3573 19.9088
3067 3729 38.2532
3069 3813 82.2951
3069 4095 48.8247
3072 3824 43.359
3075 3310 45.3555
3075 3968 61.4041
3075 4250 45.1563
3076 3926 63.102
3077 4161 61.4043
3078 3482 60.481
3078 3810 75.1659
3079 3204 71.337
3080 3772 21.9674
3083 3375 23.4293
3083 3537 74.3734
3084 3881 58.6692
3086 3134 21.9664
3088 3431 13.2858
3088 3865 76.0619
3090 3238 48.3429
3090 3525 14.9515
3091 3529 21.5403
3093 3113 14.5499
3093 3942 36.1426
3094 4266 74.7142
3095 4355 70.9428
3098 3730 44.292
3099 3671 31.9518
3099 4051 52.8476
3100 3264 60.2882
3101 3268 33.0344
3101 4072 97.6616
3102 3105 17.3541
3102 4009 62.32
3103 3221 66.2819
3103 4052 51.7307
3103 4202 51.3641
3105 3579 109.748
3105 4009 62.3693
3107 3432 16.2578
3107 4027 21.8152
3109 4044 75.5585
3110 3232 48.2907
3110 3385 11.7173
3110 3824 33.1522
3111 3198 30.9097
3111 3465 20.2168
3112 3468 62.305
3113 3942 24.1039
3115 3504 48.7061
3116 3273 83.8077
3118 3992 65.954
3120 3209 57.9331
3120 3667 65.1151
3121 4309 38.4718
3123 3514 16.0281
3124 3311 26.0865
3125 3566 6.6314
3126 3820 78.5217
3126 4013 57.8039
3127 3423 42.8099
3128 3903 76.8965
3130 3834 58.6086
3131 3897 9.18538
3132 3135 93.2378
3136 4268 66.1824
3137 3686 95.2899
3139 3428 56.964
3140 3380 76.1611
3140 4142 35.7516
3140 4204 80.5748
3143 3737 17.1033
3144 4371 47.3994
3145 3906 57.9086
3145 4236 21.2088
3146 3731 52.0704
3146 3934 93.0015
3146 4279 7.15439
3146 4359 45.9563
3147 3865 81.9604
3148 4336 44.6055
3148 4339 5.95325
3152 3795 97.2345
3152 4113 66.4377
3153 3498 107.423
3153 4001 97.8319
3155 3832 66.5897
3156 3950 31.9111
3157 3592 36.6799
3157 3955 39.3817
3158 3605 58.602
3161 3820 25.1048
3162 3166 19.4556
3163 3987 70.8931
3164 3552 51.6426
3167 3507 46.1346
3167 3512 72.6872
3168 3937 66.2519
3170 4163 86.7886
3172 3443 119.065
3174 3557 46.8947
3175 4075 67.8581
3175 4241 116.114
3176 4310 36.077
3177 3194 93.1347
3177 3435 46.8911
3178 3387 43.682
3179 3282 25.7817
3180 3288 91.8281
3180 3593 50.3355
3181 3300 76.4553
3182 4320 38.5054
3183 3618 59.7976
3183 4193 62.6844
3184 3655 64.7829
3188 3604 54.5831
3191 3656 38.9357
3191 4036 26.1147
3192 3941 65.8189
3194 3433 114.507
3194 3435 60.0946
3195 3556 56.7092
3195 3930 59.2273
3198 3465 24.8119
3199 3373 48.9611
3201 3607 28.3185
3202 3796 58.0336
3203 3409 57.4286
3204 3722 56.2307
3205 3962 63.121
3206 3730 74.4129
3207 3923 88.5118
3211 3402 67.8501
3211 4331 74.1148
3212 4030 15.0994
3213 3931 26.1773
3213 4024 67.7633
3213 4092 41.581
3214 3245 76.9061
3215 3856 26.3075
3218 3503 33.378
3219 3304 69.8032
3219 4039 88.4324
3220 3627 50.3675
3221 3848 122.972
3222 4218 37.5858
3222 4248 56.1659
3226 3520 31.318
3227 3284 105.102
3227 3908 35.2339
3228 4120 95.9579
3230 3381 16.595
3232 3385 40.1278
3234 4015 53.0344
3235 3982 63.0959
3237 3689 90.7097
3237 4239 39.0502
3238 3518 78.6319
3239 3281 115.089
3239 3371 73.3377
3239 4216 62.4017
3240 3553 81.1373
3240 3608 94.5403
3241 3660 61.6072
3243 3718 53.3429
3243 3994 77.7797
3246 3488 114.241
3247 4108 86.5744
3249 3277 20.9947
3249 3583 19.1488
3251 3328 33.6439
3252 3879 67.1297
3253 3882 93.5968
3253 4104 68.0967
3254 3961 58.8258
3255 4178 85.337
3257 3753 39.3218
3259 3646 51.1628
3260 4088 37.8755
3261 3912 38.3047
3262 4123 29.2169
3263 3725 97.4418
3265 3902 32.3291
3266 4178 13.8086
3268 4072 40.509
3270 3611 67.0578
3271 4340 44.9893
3273 3870 77.7363
3274 3483 87.0981
3274 4083 68.2556
3275 4034 99.1516
3276 4081 71.3869
3276 4228 3.9576
3277 3583 37.3193
3278 3320 8.4497
3278 3590 73.043
3278 3663 49.8977
3278 4106 47.0686
3279 3766 83.7064
3281 4216 51.613
3283 3467 93.0309
3283 3535 96.6718
3284 3908 54.7442
3287 3406 88.7536
3287 3758 81.9584
3288 3560 46.2604
3288 3593 87.6323
3289 3620 59.4812
3290 3767 25.2771
3290 4308 61.1262
3292 3999 79.7133
3292 4366 46.8973
3297 3326 65.5021
3298 3775 81.5308
3299 3998 22.8584
3300 4054 30.4959
3300 4074 25.3978
3301 3812 41.7759
3301 4025 69.8792
3303 3629 33.7657
3304 3944 66.8015
3304 4039 39.7267
3305 4206 26.2874
3306 3608 28.0898
3306 4220 47.6237
3308 3827 78.0925
3309 3436 36.5963
3309 3606 28.8637
3313 3605 38.8121
3313 3662 60.6549
3313 4041 43.0759
3314 3500 38.2568
3314 3567 58.2423
3315 4066 37.5957
3315 4292 106.868
3317 3721 52.3804
3318 3879 47.02
3319 3501 43.821
3319 4141 88.6097
3320 3590 54.6421
3320 4106 57.7547
3323 4291 112.887
3324 4091 98.8374
3325 3391 74.8758
3325 4116 104.036
3326 3568 44.9817
3326 3951 48.1486
3327 4180 59.3197
3328 3636 87.1142
3329 3990 26.6805
3332 3995 46.2323
3333 3829 33.1339
3334 3646 49.5513
3334 3899 73.8746
3335 3889 37.598
3336 3457 66.2292
3336 3517 40.7331
3336 4046 62.9714
3339 4183 35.6463
3340 3602 44.1799
3343 3547 45.8902
3344 3379 87.9061
3346 3429 106.186
3346 3706 52.1481
3347 3782 51.2641
3348 4169 29.8525
3351 3807 44.9674
3353 3460 109.91
3353 3461 46.6559
3354 3390 56.8356
3354 4067 150.255
3356 3416 75.2128
3356 3575 57.6275
3356 4172 70.4177
3357 3442 129.043
3359 3534 88.4607
3360 3542 46.0576
3360 4177 52.5774
3362 3928 91.6581
3362 4356 78.2765
3363 4146 50.7593
3364 3909 64.3305
3365 3650 108.305
3366 3741 59.4732
3366 3798 112.321
3367 4212 80.3453
3368 3408 49.3016
3368 4002 25.1901
3369 3528 44.3721
3369 3615 71.7137
3370 4055 16.9125
3370 4179 18.1731
3371 3534 43.9864
3374 3781 38.1507
3374 4334 45.9763
3377 3489 36.9806
3378 3778 35.0378
3378 4316 31.5125
3379 4307 95.8442
3380 4204 60.1411
3382 4355 66.1552
3383 3893 22.8643
3384 4117 51.0936
3384 4287 32.8497
3385 3824 45.225
3388 3421 58.8887
3388 4208 53.4614
3389 4003 87.387
3389 4011 42.0351
3389 4018 73.0392
3390 3828 68.2309
3393 3422 65.301
3393 4177 81.3739
3394 3544 29.435
3394 4252 10.8275
3395 4319 23.487
3399 3843 80.6102
3401 3611 81.4341
3401 3757 64.1004
3402 4331 24.6686
3404 3945 91.6145
3405 4035 95.5684
3405 4173 88.4362
3406 3680 69.6169
3406 3710 70.1695
3406 4324 42.7433
3407 3596 45.406
3409 3569 65.1557
3409 3678 39.2715
3409 4295 60.5282
3410 3487 34.6572
3410 3496 97.8458
3410 3790 47.2318
3411 3997 74.6489
3411 4072 96.338
3413 4143 19.3876
3414 3694 37.0672
3414 3719 18.6527
3414 3815 45.7249
3419 3915 78.9255
3422 4177 72.8338
3422 4219 50.1776
3424 3436 75.5958
3424 4266 39.8285
3425 3627 30.1164
3426 4361 21.2338
3429 4233 86.5236
3430 4037 25.1379
3431 3865 45.8157
3432 4027 13.9132
3434 3543 79.2795
3436 3606 68.4112
3437 3823 63.1706
3438 3947 53.5384
3438 4145 31.915
3441 4048 50.4617
3441 4160 23.9711
3443 3453 50.3782
3443 3849 67.6071
3444 4015 58.4414
3445 3665 70.0562
3446 3726 50.1645
3447 3603 61.1205
3447 3836 80.8751
3449 3983 49.1409
3451 3704 59.4744
3452 3858 63.9124
3453 3849 31.231
3458 4171 65.6913
3458 4201 82.7244
3459 4150 32.6977
3459 4188 74.7059
3460 3461 98.9311
3462 4157 96.77
3466 3613 71.2391
3466 3658 22.3568
3466 3724 36.2845
3467 3980 43.1164
3470 4006 99.5938
3470 4176 87.1856
3471 3612 46.196
3471 4291 94.0312
3475 4317 97.8729
3479 4333 136.037
3481 3531 62.7434
3481 3565 75.2855
3481 3814 58.309
3482 3810 24.8297
3482 4336 64.72
3485 3842 112.366
3486 3958 36.3698
3486 4076 82.9883
3487 3739 46.8761
3487 3790 1.80546
3488 3497 55.8719
3492 3568 43.7496
3492 3951 60.1124
3498 4001 69.8725
3500 3567 63.7166
3501 4141 65.1961
3502 4195 69.3713
3503 3797 100.019
3507 3512 72.4167
3507 3574 64.8408
3509 3793 37.9013
3512 3574 27.0934
3515 3874 57.3625
3517 4046 33.067
3521 3866 58.9187
3521 4110 99.1281
3522 3707 53.0943
3522 3814 76.0291
3522 3959 62.3951
3523 3752 21.111
3526 3558 57.4212
3528 3615 26.5858
3530 4209 81.6862
3533 3631 48.7082
3536 3556 55.0744
3536 3930 57.9633
3537 3721 79.3588
3538 4014 32.8897
3539 4065 26.8418
3540 3857 75.4196
3541 3634 73.4738
3541 4261 44.5643
3543 4041 65.195
3544 4252 51.2141
3546 3739 55.255
3547 3792 90.3223
3547 4008 97.5062
3547 4151 66.3006
3548 4105 15.562
3551 3687 48.3888
3552 4259 29.975
3553 4237 64.2106
3555 3809 77.7513
3556 3930 29.5007
3557 3563 72.4793
3557 3800 29.5293
3559 3716 32.9989
3559 4099 101.116
3561 3963 45.4154
3561 3981 94.2682
3562 4246 76.943
3563 3800 38.0689
3564 3731 79.9517
3565 3591 98.9356
3565 3814 61.5248
3565 3959 113.759
3568 3951 36.8844
3569 3992 83.3878
3571 4184 17.3706
3578 3654 34.9675
3579 3904 41.2277
3579 4077 44.0389
3582 3728 95.2097
3586 3943 59.1971
3586 4118 57.4211
3587 4256 48.6523
3588 3920 46.4575
3590 3663 45.1672
3592 3948 27.1056
3594 3953 24.8008
3594 4175 57.208
3595 3996 101.117
3596 4237 56.7474
3597 3847 19.8187
3600 4148 35.9686
3602 3656 57.5376
3604 4267 57.8308
3610 4111 90.378
3613 3658 120.477
3617 3635 43.3298
3617 3833 46.0602
3618 4080 64.7054
3618 4193 73.0117
3619 4349 33.6065
3620 4102 72.2656
3622 3798 101.217
3628 3716 55.4598
3632 4188 49.3381
3633 3974 51.0391
3633 4254 31.0711
3634 4261 88.3479
3635 3833 23.9057
3637 4071 39.1976
3639 3689 42.4223
3639 4098 9.23452
3641 3740 23.764
3641 4089 19.4683
3644 4348 27.0596
3648 4255 49.5524
3651 3774 63.4853
3652 4070 92.6138
3655 4158 59.0898
3656 4036 58.0492
3657 3666 56.0212
3657 3837 42.2575
3657 4064 21.2506
3658 3673 74.0185
3658 3724 20.6481
3659 4104 32.142
3659 4247 44.509
3665 4132 88.5487
3670 3727 66.6262
3670 4053 56.0409
3671 4051 40.3236
3672 4062 32.8805
3672 4315 53.2122
3673 3724 80.3517
3673 4066 74.0926
3673 4292 68.8567
3676 3784 10.5002
3678 4295 47.253
3679 4019 35.0012
3679 4227 76.2985
3680 3710 45.8684
3680 4324 36.6552
3684 4346 33.3156
3689 4098 48.4381
3690 4035 108.193
3692 3869 59.951
3694 3719 44.621
3694 3815 28.9818
3697 4168 92.6965
3701 4145 26.5097
3702 4110 64.57
3706 3742 39.2815
3710 4324 18.196
3712 4277 97.8608
3713 4343 58.7274
3714 3993 132.298
3717 3771 42.6884
3718 3994 40.5307
3719 3815 38.1938
3723 3769 37.6667
3723 4198 64.5784
3731 4279 52.3421
3731 4359 16.6657
3734 4201 48.1436
3735 3801 82.3983
3736 4271 36.8131
3738 3817 72.0606
3738 4096 54.9762
3739 3790 61.9868
3740 4061 48.758
3740 4089 44.9564
3742 4164 38.2694
3743 3918 55.9132
3743 4138 82.5668
3746 4087 96.1127
3747 4036 71.6903
3749 4232 69.236
3751 4131 83.7726
3754 3794 14.0755
3755 3916 50.85
3758 4198 70.1952
3761 4119 68.9116
3762 4356 55.7057
3763 3831 60.6148
3767 4308 33.1249
3768 3915 51.6437
3768 4170 24.3452
3770 3985 21.7312
3771 3957 53.9162
3776 4259 89.7018
3777 4089 67.9047
3777 4165 36.0968
3779 3846 71.7514
3779 3936 65.8418
3780 3835 101.026
3780 4017 79.9864
3781 4334 84.6593
3783 3794 82.5495
3786 3846 43.3257
3787 4321 33.3314
3792 4008 52.2402
3795 3898 71.2095
3797 3946 95.6726
3799 4156 63.9528
3802 4181 62.0378
3804 4271 52.9365
3805 4073 8.00467
3810 4339 65.1194
3811 4132 49.6722
3811 4290 80.7245
3812 4025 66.4771
3814 3959 53.9185
3816 3961 65.0187
3816 4272 50.5559
3817 4120 65.2556
3818 3852 27.3118
3819 4322 52.6772
3825 4198 97.9525
3832 3894 58.5842
3833 4102 87.0036
3834 4314 56.5865
3837 4064 29.2055
3838 3925 55.2384
3840 4136 36.4924
3840 4192 28.8176
3841 4283 65.6787
3844 4332 38.7828
3853 4029 37.5674
3855 3858 29.6608
3855 4215 66.632
3858 4215 72.7367
3859 4023 46.6353
3861 3885 28.2706
3866 4110 64.137
3866 4372 60.5308
3867 4262 37.7145
3871 3891 75.5458
3876 3940 47.279
3880 4195 46.0076
3880 4269 40.4495
3886 4146 69.1531
3890 4202 55.4987
3894 4010 36.616
3895 4208 30.9532
3901 4230 63.1946
3904 4077 96.2821
3906 4255 32.9088
3910 4303 22.3419
3914 4062 166.198
3922 4139 18.9731
3924 4203 31.7007
3924 4299 48.3172
3925 4223 60.8819
3926 4368 35.8486
3928 4369 68.8989
3930 4076 73.381
3931 4024 72.235
3931 4092 44.5838
3932 4034 78.2209
3934 4352 82.2697
3935 4134 31.3219
3936 4100 58.0672
3938 4056 95.3799
3939 4152 53.8873
3943 4118 16.4662
3944 4039 80.212
3944 4189 67.8288
3945 4002 69.5368
3952 4238 64.2715
3952 4288 78.9325
3953 4175 64.8484
3961 4272 59.3378
3963 3981 58.1342
3963 4094 21.5025
3965 4142 60.9679
3966 4135 114.186
3966 4217 70.3981
3969 4343 49.257
3970 4187 58.4279
3971 4352 20.466
3974 4254 23.3777
3976 4058 12.3913
3978 3991 45.1468
3988 4293 21.5658
3991 4068 130.429
3997 4072 62.0379
3999 4125 39.8514
3999 4366 26.1108
4003 4011 48.9473
4005 4312 75.2212
4006 4176 19.4761
4007 4067 56.523
4007 4121 73.9654
4012 4125 57.7456
4013 4327 66.3483
4014 4226 86.7643
4019 4227 33.1342
4020 4122 60.7688
4021 4294 27.4075
4022 4325 38.6717
4023 4186 48.3425
4024 4092 76.632
4027 4311 50.6688
4028 4196 23.2284
4033 4209 81.4726
4033 4351 54.5973
4038 4274 75.7122
4039 4189 92.2783
4048 4160 46.6722
4049 4126 55.2316
4051 4234 59.1888
4054 4074 33.1136
4055 4179 2.2
4057 4282 50.4439
4062 4315 85.4441
4081 4228 74.7423
4085 4187 51.7969
4085 4305 83.4181
4089 4165 115.773
4103 4354 62.692
4104 4247 15.5382
4104 4283 36.6743
4114 4275 32.4147
4116 4126 91.5406
4116 4230 107.295
4119 4278 18.9245
4124 4154 57.7954
4136 4192 26.4788
4139 4167 76.4425
4141 4217 124.342
4148 4335 42.1713
4154 4286 42.7321
4159 4269 38.0578
4159 4276 38.7702
4171 4201 111.319
4185 4342 41.127
4194 4328 16.6159
4203 4299 40.4914
4209 4351 56.5716
4218 4248 87.5083
4226 4326 59.8107
4246 4280 23.6145
4247 4283 25.7488
4262 4296 74.0186
4279 4359 31.5686
4300 4330 38.619
4305 4362 18.0346
4336 4339 67.826
