4296 8032
0 254.704 2066.18
1 3048.98 2610.18
2 2501.29 2611.31
3 1146.68 1824.21
4 572.268 1600.7
5 681.709 2839.67
6 306.91 1950.67
7 2539.21 49.8575
8 2217.94 542.47
9 2120.15 3167.46
10 715.902 2854.23
11 498.181 1848.3
12 3215.38 2311.24
13 1703.73 2478.12
14 1828.88 2311.77
15 977.093 1578.14
16 1482.72 2089.35
17 1998.69 2966.74
18 980.585 14.134
19 2717.79 2110.05
20 2841.4 2127.11
21 2766.1 2292.38
22 1292.37 2211.37
23 3086.65 3198.21
24 2054.43 991.503
25 1260 2811.31
26 2747.53 2752.79
27 1050.76 147.919
28 2098.87 2959.17
29 766.254 389.252
30 1635.15 1767.49
31 1069.09 2921.59
32 2044.96 2207.82
33 2891.04 163.616
34 1852.65 407.955
35 2664.19 1401.95
36 1935.35 2626.56
37 1721.35 3212.98
38 436.3 2121.74
39 774.539 152.733
40 2159.8 2649.45
41 1245.91 1077.64
42 188.877 650.161
43 1226.26 2958.87
44 1566.11 2103.16
45 1079.08 1689.88
46 244.048 472.229
47 1905.5 365.661
48 2229.55 3175.03
49 1035.01 1037.76
50 757.011 2583.5
51 1200.8 1496.85
52 2717.04 2744.48
53 643.763 69.737
54 360.814 1660.73
55 312.053 114.055
56 2569.94 1439.85
57 1490.33 2484.07
58 483.355 104.969
59 408.656 2964.76
60 693.187 63.7676
61 168.4 2973.53
62 1348.73 3161.35
63 3141.04 439.71
64 764.403 2918.3
65 771.983 2718.03
66 1011.31 3118.96
67 1608.23 758.405
68 2044.29 644.487
69 2346.09 712.615
70 2503.48 1096.93
71 1998.08 299.676
72 837.455 315.814
73 456.726 1929.51
74 978.183 681.645
75 461.414 1130.9
76 2527.79 2001.03
77 2527.66 59.8134
78 3165.06 2022.56
79 528.02 43.9203
80 1961.63 1077.87
81 209.746 2623.78
82 2546.91 2786.02
83 1020.89 888.871
84 2605.79 1151.45
85 1286.92 2548.82
86 23.8524 2071.48
87 1069.44 2227.02
88 2646.42 360.635
89 2785.21 1529.24
90 2537.28 2113.31
91 1411.08 236.632
92 671.322 435.318
93 2168.65 968.676
94 1006.56 2945.31
95 2655.32 911.827
96 2624.52 2831.45
97 2457.31 746.12
98 585.121 1489.38
99 2377.83 2522.95
100 2057.53 2340.23
101 2056.93 2661.26
102 1492.1 3173.27
103 1727.01 2105.39
104 949.252 647.487
105 1752.28 1271.48
106 1878.16 3220.96
107 84.8009 1251.5
108 795.533 2593.79
109 214.353 2095.84
110 608.696 2066.1
111 2859.37 801.862
112 1677.05 2822.9
113 937.658 2273.87
114 1784.21 2752.01
115 2185.77 716.503
116 2902.69 979.346
117 2348.92 824.716
118 2724.31 990.472
119 2648.88 1889.2
120 2022.26 2386.18
121 3178.39 2413.69
122 65.9617 1945.64
123 249.842 2051.76
124 2155.05 371.625
125 1109.43 291.12
126 1820.99 2057.34
127 2205.42 2675.15
128 1237.83 1557.17
129 1155.27 1410.27
130 2105.38 1993.07
131 1666.29 1804.88
132 2392.41 2079.79
133 1524.71 2590.38
134 1457.38 3200.84
135 1360.44 1764.09
136 2858.59 519.697
137 3222.96 2123.62
138 2241.05 1208.42
139 2482.11 48.8184
140 926.746 2739.82
141 1277.96 527.592
142 2038.38 2034.8
143 276.759 820.762
144 1147.14 2997.72
145 12.6137 1447.93
146 2939.86 2233.57
147 1354.11 681.5
148 1542.46 2845.79
149 1242.48 1441.74
150 1384.96 900.748
151 2792.36 1951.83
152 1582.79 684.361
153 2698.72 2692.48
154 1937.56 1714.9
155 949.355 1034.64
156 516.592 1694.27
157 3082.42 2546.17
158 2438.53 1787.16
159 73.9695 1489.48
160 2188.38 511.704
161 443.269 3029.91
162 2468.55 1687.01
163 2215.35 513.12
164 6.74009 3020.65
165 1135.95 1984.05
166 1476.44 364.226
167 914.769 2250.52
168 1862.89 2702.53
169 1081.87 437.283
170 2411.38 2377.47
171 675.369 974.196
172 3159.38 1057.21
173 2827.79 11.3799
174 384.863 1886.28
175 5.43942 2609.19
176 1076.3 358.929
177 948.454 1710
178 195.016 710.141
179 1103.87 989.131
180 2084.73 3167.89
181 2659.58 3095.23
182 1857.7 2551.97
183 825.518 1797.95
184 1958.29 2345.86
185 1931.14 172.926
186 2874.07 2984.13
187 2425.93 1072.41
188 883.449 2190.92
189 1760.36 2529.97
190 705.186 414.998
191 781.85 2135.23
192 2020.38 974.956
193 1853.72 664.655
194 1390.43 390.868
195 622.106 1706.86
196 2713.69 103.571
197 653.306 703.674
198 603.44 1340.19
199 714.237 2308.57
200 2935.74 2937.02
201 1751.84 1132.31
202 108.646 1593.18
203 3027.04 2851.83
204 1955.46 2516.93
205 310.82 2919.19
206 1452.18 2415.26
207 980.335 1969.63
208 1468.89 435.752
209 2346.68 1319.53
210 2066.45 1975.65
211 2604.74 3049.32
212 1991.88 3225.45
213 1820 1362.08
214 2009.69 2622.81
215 1881.8 1423.13
216 1082.93 51.9357
217 2431.68 1146.24
218 1455.7 311.347
219 1845.53 3197.39
220 827.041 616.998
221 1974.82 2360.11
222 1511.64 2753.36
223 3018.18 68.1648
224 1943.51 990.297
225 2113.09 1675.34
226 1414.29 1822.64
227 2925.03 2631.64
228 230.267 2325.09
229 344.255 587.771
230 2403.98 366.44
231 2120.26 183.059
232 3073.57 110.408
233 1221.65 3210.92
234 334.043 1987.38
235 2551.64 545.563
236 521.614 2628.72
237 808.129 2474.91
238 1131.43 516.252
239 1288.51 1244.81
240 785.14 1007.91
241 1361.59 1242.71
242 1043.54 2273.85
243 1502.98 1307.79
244 2049.89 794.017
245 1358.13 1517.91
246 964.601 1710.99
247 1852.64 572.951
248 23.1606 685.157
249 162.073 690.117
250 164.534 3219.35
251 2331 573.926
252 2782.36 1424.4
253 393.743 1283.18
254 2101.43 1841.89
255 724.518 444.879
256 153.303 2917.63
257 559.344 1474.2
258 3247.19 3229.93
259 2678.73 372.183
260 1693.99 718.385
261 997.206 1863.41
262 3139.91 1238.88
263 428.802 1713.42
264 363.266 2792.77
265 771.953 1670.32
266 1057.51 1882.83
267 695.796 897.412
268 1693.74 2776.93
269 1455.62 1115.66
270 1903.9 1263.71
271 215.028 1705.51
272 2719.67 2103.96
273 366.832 267.161
274 3111.3 1054.6
275 2863.64 2767.96
276 2755.83 493.198
277 2525.15 1252.38
278 2434.67 3100.58
279 3158.58 282.45
280 2678.36 2764.65
281 830.201 844.526
282 3037.18 1187.21
283 76.8708 3195.39
284 285.017 2539.14
285 3112.59 3149.5
286 1430.02 1617.68
287 1146.23 1807.56
288 1962.73 3266
289 1394.98 981.508
290 3050.53 2886.21
291 1113.01 2978.55
292 903.51 1920.58
293 3027.46 2023.2
294 1802.09 786.714
295 327.452 559.689
296 1967.19 771.219
297 1211.41 2662.78
298 730.399 1730.81
299 2608.06 3079.33
300 198.391 3133.68
301 282.231 1732.54
302 482.695 278.63
303 137.965 468.436
304 1700.12 1891.26
305 168.194 2395.06
306 563.051 1568.81
307 1643.37 1731.88
308 451.776 1857.61
309 737.005 1923.17
310 690.613 1011.83
311 248.56 690.621
312 2018.61 1921.35
313 1193.92 700.508
314 1720.96 2699.85
315 1336.06 3047.21
316 2640.97 955.861
317 1754.18 262.276
318 1422.74 304.886
319 2696.61 2164.56
320 2408.13 555.786
321 1500.92 3232.07
322 1775.51 17.9991
323 1641.61 1718.07
324 1891.26 1095.28
325 2772.93 3217.74
326 626.978 2098.78
327 1164.3 1245.85
328 2937.1 1514.62
329 257.726 1019.88
330 229.086 2759.26
331 813.989 900.306
332 914.995 1985.42
333 1785.06 1031.24
334 2922.48 1599.6
335 1837.27 2783.62
336 2789.14 1273.89
337 1140 2107.18
338 2276.15 741.271
339 3083.48 1834.47
340 354.849 1906.28
341 393.064 683.693
342 1024.54 3199.21
343 2279.15 776.602
344 2240.92 3058.39
345 902.322 210.572
346 2952.68 1599.01
347 2698.75 1959.59
348 1622.23 824.03
349 2323.03 2352.2
350 1972.1 208.742
351 2828.26 2112.81
352 572.342 2040.7
353 2557 2795.26
354 3245.55 1106.15
355 3201.7 7.77409
356 3082.42 866.115
357 2990.23 2912.67
358 1607.83 3259.48
359 754.059 2163.72
360 388.018 2355.51
361 1190.85 2402.24
362 736.89 3250.48
363 202.248 961.191
364 979.054 2378.84
365 2717.45 764.252
366 1153.79 78.0434
367 425.063 775.915
368 1642.47 2780.27
369 3.91613 2201.89
370 664.672 2053.59
371 1465.18 2380.58
372 1.54261 3046.73
373 30.3565 2684.31
374 2758.08 2502.79
375 1759.05 2150.74
376 529.739 1740.08
377 1915.4 2272.13
378 833.783 1268.11
379 2811.46 104.502
380 2685.16 1072.87
381 2752.96 440.638
382 2226.61 1057.64
383 251.807 2116.47
384 159.046 2834.12
385 442.811 828.738
386 2946.38 389.778
387 2248.82 1961.25
388 2723.64 1208.96
389 1584.16 2958.32
390 1915.98 1113.53
391 2295.62 2187.75
392 1921.62 1652.26
393 898.814 213.835
394 530.248 1117.8
395 2248.41 898.52
396 826.389 96.9827
397 2409.09 1204.31
398 251.886 862.778
399 2626.39 2922.48
400 1749.83 1235.18
401 281.037 1996.68
402 2088.86 2163.74
403 1481.22 3185.25
404 101.099 453.09
405 2944.02 647.715
406 397.415 201.361
407 1198.68 770.304
408 651.473 835.228
409 1219.66 537.016
410 2303.78 14.6694
411 2998.75 2609.51
412 932.712 2497.47
413 1887.03 2245.79
414 1381.33 3257.2
415 2349.78 2767.19
416 510.058 909.943
417 493.52 2422.16
418 1738.59 2302.41
419 2106.72 1922.78
420 928.311 851.064
421 1660.38 59.131
422 792.986 2933.5
423 1504.71 552.485
424 952.683 240.454
425 2114.36 326.667
426 1008.43 3177.49
427 1431.57 2564.27
428 369.483 433.461
429 2462.14 770.062
430 1091.13 2323.18
431 1216.43 1545.87
432 2627.18 1424.47
433 2151.17 82.1622
434 423.423 820.35
435 3137.4 605.481
436 597.703 1418.38
437 1940.57 2078.31
438 1287.98 2837.2
439 1590.52 3224.15
440 1450.56 2032.08
441 1480.52 3091.34
442 2927.6 2823.72
443 66.4426 630.187
444 642.829 471.347
445 1800.95 1024.87
446 2678.62 2684.64
447 1878.78 505.887
448 575.137 1611.24
449 1923.23 3098.17
450 99.4453 597.529
451 2700.4 2034.66
452 912.1 1182.4
453 1625.22 3212.94
454 2178.77 2275.83
455 2509.17 3225.22
456 904.635 2512.47
457 1861.4 2711.14
458 280.309 3268.85
459 770.849 158.613
460 1588 1266.35
461 320.669 1866.79
462 2243.86 139.792
463 1652.63 2922.46
464 151.115 717.681
465 1077.51 3060.6
466 3226.46 1693.97
467 129.198 1699.49
468 1519.2 1747.95
469 1261.99 925.18
470 1601.5 754.531
471 1486 477.878
472 2847.51 405.824
473 1974.5 410.537
474 2394.06 2742.74
475 1285.42 1469.5
476 3084.28 2247.31
477 3219.11 2919.65
478 132.342 3263.63
479 2448.94 836.843
480 436.589 3168.2
481 3015.06 1158.56
482 1085.07 1709.89
483 752.453 2544.17
484 1915.87 1305.71
485 3017.55 1949.21
486 2561.3 119.048
487 2738.62 584.205
488 2738.4 12.74
489 2550.22 345.702
490 1667.08 2002.15
491 2037.6 306.502
492 253.818 3154.32
493 1039.04 1590.54
494 2725.13 2831.68
495 2746.29 2715.04
496 1664.6 2420.98
497 1612.11 2230.36
498 440.494 2847.64
499 1336.75 1927.36
500 1008.51 101.721
501 2633.86 86.2231
502 634.594 2273.39
503 256.165 2406.15
504 2459.47 518.699
505 1856.48 2965.25
506 784.258 1008.07
507 1068.7 1331.37
508 2613.39 1207.89
509 2663.24 2081.12
510 2848.23 1534.18
511 2379.82 2866.37
512 464.965 268.826
513 2407.85 728.922
514 269.188 1657.84
515 1804.74 2801.3
516 2268.74 1655.76
517 1311.94 968.877
518 68.5046 1934.21
519 2640.41 896.237
520 3137.9 2827.51
521 1114.17 930.469
522 2265.53 3081.45
523 284.539 868.435
524 1400.42 1090.02
525 863.556 3043.18
526 2724.71 1096.22
527 1332.83 1647.44
528 2732.12 387.424
529 611.435 58.4057
530 2474.72 1555.11
531 2571.56 375.783
532 913.975 2281.28
533 2699.64 2183.95
534 2325.89 1027.64
535 439.709 3123.75
536 10.2867 2672.01
537 1052.77 1791.99
538 889.953 2760.04
539 673.383 900.575
540 1178.04 2354.65
541 23.1628 2767.34
542 2156.13 1072.57
543 545.73 42.2062
544 2913.16 2027.95
545 294.861 984.998
546 202.387 605.296
547 2646.89 2879.28
548 2243.85 1941.72
549 2265.31 756.215
550 760.962 2285.87
551 473.818 2484.17
552 644.389 137.806
553 2011.44 142.192
554 2589.64 144.05
555 2779.38 48.1578
556 1184.69 191.555
557 1669.25 911.657
558 2108.94 2713.13
559 2589.19 1003.52
560 2650.94 686.882
561 958.651 615.452
562 65.4876 3200.01
563 1308.17 685.6
564 2404.42 998.75
565 621.955 2015.92
566 2617.23 466.73
567 1360.79 1695
568 1842.54 1495.94
569 510.276 1497.37
570 2410.27 1062.89
571 2352.92 935.994
572 223.954 807.687
573 1164.99 1796.22
574 131.274 2209.47
575 357.475 3066.31
576 539.346 14.5165
577 480.671 1413.44
578 2891.25 2426.3
579 1145.39 2158.91
580 1324.53 337.807
581 1125.32 1507.92
582 2662.83 2157.16
583 1900.29 1322.51
584 2635.96 658.956
585 2264.2 1993.31
586 2757.75 1975.8
587 1713.18 697.227
588 1904.05 942.166
589 2128 725.391
590 496.454 2594.42
591 619.149 3180.98
592 1372.43 1673.78
593 792.823 2833.52
594 1465.08 2535.84
595 2171.06 2643.27
596 2871.99 1082.41
597 1764.43 1549.19
598 3135.33 2091.57
599 287.756 2471.32
600 1166.34 2299.46
601 1724.81 1252.28
602 1668.07 1616.95
603 1505.94 2239.31
604 976.533 683.355
605 663.769 1665.09
606 1327.93 1625.33
607 716.225 2606.48
608 1582.75 197.677
609 2318.34 900.853
610 1450.08 3118.46
611 2916.75 2609.49
612 1776.75 2013.08
613 2693.89 680.367
614 92.2153 1746.89
615 3129.15 1094.12
616 1915.09 1956.44
617 664.016 1778.69
618 591.667 1797.98
619 1506.11 2442.97
620 2838.05 2752.94
621 1732.94 3094.91
622 2542.83 2106.24
623 1738.05 2438.54
624 2754.77 1962.22
625 1420.63 1109.89
626 1844.99 2037.53
627 1668.55 847.154
628 404.493 1620.33
629 2376.03 12.9232
630 3227.67 2003.92
631 871.259 1004.69
632 1488.23 1812.36
633 2473.3 1571.46
634 2441.42 174.051
635 2853.63 410.982
636 2016.5 141.439
637 2044.84 3041.69
638 1831.03 1949.72
639 966.713 2842.96
640 887.482 345.452
641 2153.03 3157.89
642 534.864 2356.88
643 39.0972 1829.73
644 1974.52 1096.12
645 2899.83 1900.37
646 348.566 1751.8
647 338.531 318.566
648 3039.4 3227.79
649 1339.81 1244.3
650 3114.11 414.957
651 2079.26 1855.01
652 2740.64 2293.06
653 2159.59 1892.87
654 1137.93 2023.25
655 997.989 1861.69
656 2462.19 2287.77
657 1435.52 2909.34
658 492.919 2841.86
659 1454.91 2985.86
660 550.884 1407.59
661 2797.48 539.507
662 171.105 3000.45
663 743.174 1749.53
664 192.923 1746.66
665 2912.92 1545.75
666 2691.34 2739.92
667 3074.33 3082.17
668 3269.64 1349.39
669 1257.47 2936.8
670 970.144 3178.02
671 2404.59 1503.67
672 715.329 903.748
673 1428.3 2965.15
674 3112.3 1216.6
675 1330.57 2389.75
676 371.479 747.487
677 419.19 2509.72
678 44.5495 3102.97
679 2951.83 2017.27
680 2178.52 1589.66
681 486.414 287.031
682 1791.66 448.27
683 1238.81 1162.37
684 2398.85 2832.05
685 1382.28 2550.44
686 846.824 1081.69
687 2597.81 327.705
688 2209.39 2059.01
689 1240.83 124.006
690 668.574 2131.98
691 1689.1 2191.41
692 2378.54 2690.1
693 151.67 910.685
694 69.8096 140.773
695 195.735 358.435
696 395.851 1878.73
697 1070.75 770.693
698 2220.03 521.27
699 526.336 2632.19
700 1062.95 2551.03
701 946.615 2909.12
702 499.933 1317.47
703 532.651 1845.68
704 2267.46 1087.43
705 2523.81 2071.65
706 2916.95 2009.22
707 3266.84 2965.15
708 558.943 457.351
709 1530.18 3110.02
710 1264.67 237.253
711 1356.91 618.399
712 3259.71 2463.68
713 2018.88 1321.73
714 422.473 1207.37
715 2302.79 332.297
716 1544.18 2029.59
717 2770.76 1670.45
718 2577.6 2653.91
719 2314.13 46.8999
720 3030.5 2637.23
721 1421.56 2063.43
722 2736.54 1307.54
723 1272.96 1365.78
724 2250.39 1811.5
725 2198.74 297.78
726 1480.27 2646.76
727 3108.08 2989.99
728 2719.26 2382.98
729 2483.87 631.947
730 1371.82 235.249
731 1082.14 1018.79
732 1649.85 1927.35
733 2306.53 2213.33
734 2466.72 2823.95
735 1957.33 714.005
736 1745.72 1594.51
737 1767.42 667.115
738 1991.89 2702.53
739 2407.31 380.015
740 23.199 2010.4
741 2560.38 1781.95
742 1208.3 2662.81
743 2171.89 447.959
744 1984.12 1184.28
745 1964.62 2186.16
746 359.853 1771.07
747 2020.32 2467.27
748 1848.06 2232.5
749 445.166 2857.77
750 1907 380.893
751 2670.07 696.846
752 2145.23 2891.66
753 1407.27 159.921
754 230.608 871.897
755 2724.43 1245.52
756 328.363 2249.52
757 992.441 2925.21
758 115.712 3133.21
759 2440 660.525
760 6.05513 2306.2
761 108.039 1448.16
762 1583.9 1371.51
763 1263.51 820.034
764 3039.77 2232.32
765 709.708 2037.95
766 404.102 2787.23
767 243.374 671.609
768 1176.67 1115.68
769 1978.94 1216.37
770 2464.93 2600.62
771 2446.19 2234.41
772 2616.43 501.031
773 559.863 953.61
774 2682.5 444.833
775 762.767 2891.94
776 2001.83 2327.53
777 777.121 2013.61
778 72.0863 1385.29
779 2553.95 1958.3
780 1400.12 3212.03
781 2365.07 2800.14
782 2332.17 662.783
783 1436.22 1363.46
784 2871.9 2786.94
785 981.844 2545.79
786 363.62 193.661
787 2352.89 2406.08
788 3041.45 1209.24
789 1407.86 166.662
790 88.7982 2342.88
791 2306.08 2952.59
792 773.544 1311.32
793 3070.29 2171.59
794 773.622 2633.28
795 434.034 2003.37
796 2969.6 2942
797 2756.38 1525.86
798 13.0123 683.751
799 510.47 3190.44
800 1124.2 2393.93
801 1338.86 1862.85
802 1934.11 1422.16
803 3171.16 2661.4
804 142.624 173.042
805 1833.12 1210.3
806 2047.58 696.736
807 337.317 609.788
808 1387.44 3266.82
809 3186.34 131.098
810 2759.27 2740.38
811 2971.26 1829.58
812 2016.22 2835.37
813 696.412 2764.49
814 1743.17 3121.17
815 819.21 374.365
816 2644.19 1938.18
817 1828.15 159.229
818 1797.06 3128.6
819 971.228 2892.45
820 2025.08 529.486
821 2816.07 515.658
822 1880.39 2221.82
823 1811.64 754.14
824 2141.38 1.46236
825 1165.7 2692.68
826 549.509 2646.53
827 2362.32 3099.46
828 467.717 1740.6
829 1896.47 2787.17
830 3135.96 2577.67
831 2484.86 1595.5
832 21.9844 938.791
833 1496.2 379.306
834 3121.09 2285.07
835 222.534 944.866
836 1102.74 1189.17
837 2119.78 1883.29
838 937.991 2525.44
839 858.003 2825.68
840 298.802 1747.67
841 3023.96 1125.16
842 1063.14 146.64
843 1789.73 628.779
844 618.948 507.654
845 2303.55 652.43
846 1380.81 1558.98
847 2671 670.027
848 2919.24 1147.73
849 2125.81 147.133
850 751.172 1105.56
851 1376.31 996.742
852 2784.08 2600.47
853 776.578 297.605
854 3133.99 2296.72
855 3092.16 2831.76
856 1079.12 600.346
857 2301.99 1788.47
858 490.239 3030.5
859 3185.7 2237.53
860 1396.51 1865.71
861 2143.26 261.235
862 2390.6 576.702
863 2171.36 810.519
864 2309.04 3021.76
865 2063.02 2859.97
866 1640.53 1044.74
867 97.9925 2756.23
868 303.459 84.1788
869 1961.42 1656.76
870 2327.03 130.089
871 2369.61 1568.57
872 2050.89 2790.11
873 1839.43 47.9278
874 178.032 2835.72
875 2359.53 386.324
876 1256.06 1053.18
877 2524.22 2050.59
878 2606.17 427.26
879 1188.2 1113.73
880 850.804 833.011
881 330.546 1129.01
882 866.357 3089.54
883 566.647 1395.08
884 301.227 2587.44
885 2208.53 3049.01
886 2080.09 169.424
887 2213.74 1476.79
888 356.887 665.269
889 566.872 100.067
890 2249.12 1135.99
891 72.1179 1364.12
892 996.65 584.905
893 568.118 924.141
894 1612.67 51.8695
895 2594 1019.2
896 603.359 527.568
897 2281.7 2953.55
898 1265.92 2738.6
899 2609.78 1529.12
900 231.791 1917.94
901 2329.82 595.595
902 580.357 3008.72
903 367.82 2466.82
904 185.386 808.49
905 2201.74 2379.28
906 1783.84 1044.91
907 1018.38 3273.8
908 1788.59 3064.35
909 2643.71 43.8318
910 795.249 2697.73
911 17.0025 1030.7
912 2508.78 2916.14
913 363.971 2574.83
914 766.042 160.761
915 422.229 2888.14
916 1112.13 1385.75
917 2608.77 257.669
918 1060.94 1631.3
919 2229.72 1224.61
920 3016.17 1146.03
921 933.145 1373.94
922 27.0935 2254.95
923 1704.74 3019.3
924 1421.08 2227.01
925 2688.84 1623.4
926 1428.44 676.341
927 733.583 2556.9
928 2362.92 18.6949
929 1138.83 3046.03
930 3077.96 1824.13
931 1376.69 2602.2
932 1180.49 2441.78
933 1230.76 2182.18
934 654.284 3260.83
935 2384.08 1712.55
936 1881.54 3212.78
937 2991.13 72.4464
938 3106.96 2419.49
939 1068.65 1753.91
940 2002.14 485.352
941 52.0521 3066.63
942 631.656 2984.05
943 494.714 3227.4
944 1788.95 2318.07
945 994.998 953.192
946 522.473 1514.4
947 293.424 2975.83
948 2826.55 2701.62
949 3209.28 2077.23
950 1785.98 2853.69
951 3160.01 1105.49
952 666.446 1517.8
953 850.601 988.53
954 2406.15 583.33
955 2928.76 2644.69
956 111.577 3091.64
957 1926.38 3078.05
958 862.815 773.011
959 293.871 363.394
960 2028.44 1634.22
961 2957.3 946.196
962 1348.23 1152.59
963 194.921 3069.36
964 1680.37 2539.72
965 317.906 745.264
966 2268.78 3120.2
967 774.853 1417.79
968 2483.44 2777.97
969 2300.83 1060.34
970 1358.83 769.132
971 877.917 441.396
972 1046.33 1410.95
973 1824.06 1944.54
974 1249.91 1945.15
975 2433.88 3217.25
976 2660.06 749.384
977 2644.01 1569.97
978 1865.21 677.802
979 1590.53 1830.77
980 1075.63 2683.05
981 1908.55 1852.76
982 2001.78 820.251
983 1074.77 550.856
984 431.966 1025.59
985 189.827 2508.19
986 2118.96 1502.09
987 409.969 913.337
988 2565.05 1818.17
989 576.382 2648.86
990 2324.63 1957.1
991 996.5 3166.4
992 1268.89 411.243
993 1699.76 1348.07
994 1198.38 1828.16
995 393.348 1149.04
996 1476.69 1630.04
997 1101.08 1306.1
998 1123.63 130.235
999 104.257 2749.38
1000 2625.06 1425.12
1001 1263.99 2192.25
1002 1202.91 2544.22
1003 2072.39 2227.7
1004 3188.39 341.699
1005 1235.23 1404.92
1006 337.375 1986.18
1007 1393.7 837.505
1008 1042.15 1874.95
1009 2532.7 1820.81
1010 1002.07 1947.04
1011 1629.33 1178.98
1012 1001.21 1880.62
1013 459.584 2659.42
1014 2256.93 2964.16
1015 2158.74 1303.95
1016 1908.34 2288.7
1017 3146.61 910.451
1018 584.428 2395.73
1019 155.377 1571.98
1020 1275.96 1946.64
1021 679.846 2386.35
1022 796.568 1409.24
1023 66.9001 1036.31
1024 885.86 2727.54
1025 2989.61 3204.66
1026 3000.2 822.566
1027 2142.64 760.23
1028 1036.27 2632.68
1029 3221.54 2237.69
1030 2739.79 2712.9
1031 2899.78 2042.33
1032 2283.25 2395.47
1033 2978.77 188.753
1034 1485.56 1687.37
1035 2094.34 2332.22
1036 389.827 47.2276
1037 105.275 1356.2
1038 2228.69 1542.72
1039 463.332 1928.49
1040 3198.57 2562.37
1041 2066.25 2415.33
1042 652.284 2360.12
1043 1437.52 2711.34
1044 86.911 1640.28
1045 2031.54 1628.68
1046 2168.06 391.516
1047 481.635 2922.82
1048 305.08 1328.93
1049 130.366 37.9887
1050 2939.85 3134.98
1051 1877.8 1299.18
1052 2308.7 2570.58
1053 1735.87 1130.38
1054 1762.97 1786.94
1055 1102.96 1419.98
1056 1245.44 453.565
1057 1882.79 2940.13
1058 3239.27 1182.44
1059 2521.96 101.031
1060 3196.36 517.178
1061 1601.69 2956.71
1062 1325.71 2668.03
1063 813.1 701.612
1064 810.596 2788.94
1065 2029.27 1369.17
1066 2021.12 68.7898
1067 231.252 1596.51
1068 3172.96 1914.57
1069 2427.64 2870.77
1070 1513.67 3167.12
1071 460.96 1170.58
1072 2199.5 682.651
1073 2784.09 1682.91
1074 453.028 3092.92
1075 562.286 873.51
1076 259.559 1279.47
1077 894.153 2470.89
1078 3038.62 3233.79
1079 2647.03 1912.16
1080 96.9803 2966.26
1081 1600.41 1539.97
1082 1365.34 1169.25
1083 914.138 2220.15
1084 935.165 2883.96
1085 3192.64 2211.69
1086 1389.41 773.582
1087 2684.86 1178.79
1088 1192.06 2517.97
1089 2324 898.54
1090 509.481 2473.53
1091 2988.29 222.723
1092 1514.1 2574.99
1093 2888.12 718.594
1094 187.111 246.676
1095 8.0599 626.647
1096 636.753 471.66
1097 746.088 1001.77
1098 715.058 239.433
1099 2941.01 2808.44
1100 921.093 2571.68
1101 2299.29 100.966
1102 402.606 1765.9
1103 2464.57 340.511
1104 2990.7 52.5329
1105 1226.91 2039.89
1106 813.182 2064.05
1107 2732.69 1746.18
1108 1785.7 593.111
1109 273.856 2450.68
1110 3130.99 1375.28
1111 3014.84 461.396
1112 754.684 2753.99
1113 863.173 428.812
1114 1292.2 1789.92
1115 2280.42 372.57
1116 2934.23 732.778
1117 2668.68 50.0365
1118 2902.1 3256.71
1119 357.259 123.788
1120 2882.29 834.884
1121 839.296 2323.66
1122 2024.62 2347.84
1123 1636.65 736.674
1124 3049.77 1883.89
1125 1278.95 870.943
1126 1641.75 89.0275
1127 1153.34 3052.37
1128 637.121 144.772
1129 3251.72 1934.6
1130 3075.53 1366.13
1131 2362.95 682.863
1132 1138.71 3054.88
1133 2786.94 1890.48
1134 1091.15 2497.84
1135 1758.02 2932.52
1136 2696.95 563.695
1137 854.254 2117.21
1138 238.074 2628.75
1139 2591.3 638.342
1140 2771.19 2389.55
1141 2017.84 387.198
1142 1732.54 1728.1
1143 474.395 308.669
1144 802.707 31.8752
1145 1615.23 2577.29
1146 3003.82 595.266
1147 2239.48 2195.16
1148 2651.33 373.816
1149 1817.6 1172.5
1150 1893.84 2824.03
1151 2371.29 2682.62
1152 1742.76 1141.98
1153 2610.82 1394.88
1154 2519.82 2246.38
1155 2731.94 3093.26
1156 2637.23 1970.33
1157 200.492 201.924
1158 2535.66 518.098
1159 2613.86 2272.2
1160 3165.92 956.683
1161 2951.85 3109.94
1162 1009.1 3075.68
1163 801.745 2048
1164 3183.61 170.306
1165 1872.04 345.538
1166 259.564 51.626
1167 2235.48 2809.86
1168 1330.73 618.814
1169 3200.6 2818.24
1170 284.66 2862.54
1171 3186.46 1729.89
1172 2330.37 317.1
1173 222.703 929.093
1174 2325.56 1711.92
1175 1156.83 2726.13
1176 1519.71 1537.2
1177 2701.14 985.587
1178 536.971 176.188
1179 396.274 2367.18
1180 1943.87 1223.29
1181 199.592 2027.25
1182 2430.07 2104.44
1183 2213.27 906.108
1184 2022.19 471.024
1185 2254.71 2822.61
1186 2698.82 1249.13
1187 3259.8 550.677
1188 1554.1 669.885
1189 1556.31 2196.84
1190 1485.28 243.053
1191 1043.79 367.855
1192 818.572 973.609
1193 843.242 660.22
1194 919.229 993.362
1195 3057.59 1657.15
1196 1443.85 2123.05
1197 1026.51 1388.24
1198 2955.77 2790.31
1199 3225.57 1241.56
1200 2573.04 524.342
1201 1128.99 3099.12
1202 2553.56 759.731
1203 2412.44 3087.31
1204 1370.86 815.455
1205 562.522 1386.23
1206 1126.87 584.326
1207 3215.24 3070.77
1208 538.302 1231.99
1209 2401.28 2146.63
1210 2055.45 2585.05
1211 385.315 58.7532
1212 2882.89 2784.08
1213 2827.04 2962.63
1214 2980.57 2778.22
1215 2412.95 170.765
1216 2757.04 1181.42
1217 430.117 2133.29
1218 2849 1729.84
1219 2453.23 1849.03
1220 1487.22 1227.35
1221 2919.7 586.038
1222 966.37 2454.2
1223 405.205 18.939
1224 16.3616 3145.74
1225 2375.63 2189.31
1226 567.595 2455.03
1227 516.762 2566.73
1228 2759.98 199.252
1229 1287.35 2121.34
1230 2866.38 371.093
1231 1472.54 1694.99
1232 420.135 2610.06
1233 2611.34 1569.24
1234 1043.91 1501.06
1235 2475.29 2153.72
1236 1678.22 2269.69
1237 1245.66 3218.76
1238 2028.22 463.704
1239 2622.33 2857.83
1240 2227.55 309.719
1241 913.147 2257.72
1242 150.623 2830.46
1243 2523.29 947.807
1244 616.057 717.589
1245 2652.51 1560.55
1246 1537.37 1458.67
1247 2771.16 2970.61
1248 1793.33 2447.46
1249 901.998 2362.47
1250 2048.23 2257.48
1251 1027.78 1384.6
1252 2686.68 1154.28
1253 3008.01 531.844
1254 595.086 1625.15
1255 837.717 2009.85
1256 747.274 3056.36
1257 1090.52 525.611
1258 1707.54 2419.56
1259 2936.05 1356.14
1260 1450 590.668
1261 1194.51 159.335
1262 1570.85 176.281
1263 2906.53 2974.24
1264 794.077 1977.68
1265 246.597 1925.11
1266 107.811 832.914
1267 777.236 3263.17
1268 1681.35 277.301
1269 1417.99 3115.24
1270 3150.99 591.054
1271 29.7244 1574.99
1272 3058.27 769.45
1273 1331.36 3186.47
1274 3217.6 63.716
1275 676.861 3006.67
1276 441.912 1944.13
1277 1719.71 2966.27
1278 2527.35 3185.67
1279 2589.57 2885.34
1280 940.606 427.711
1281 2430.11 953.002
1282 3022.31 417.62
1283 751.496 816.75
1284 503.491 3263.37
1285 1573.98 2780.18
1286 2267 1589.15
1287 1820.01 80.6528
1288 2509.64 2778.84
1289 504.111 2503.98
1290 1915.11 1348.12
1291 2893.72 0.633604
1292 873.303 1987.16
1293 1273.68 979.396
1294 606.603 785.505
1295 2134.16 2017.96
1296 1625.48 400.724
1297 2163 368.661
1298 2815.22 1605.12
1299 2974.42 997.322
1300 2368.34 3072.85
1301 1945.71 2090
1302 912.048 1741.99
1303 2983.29 315.682
1304 3162.35 292.985
1305 2115.36 2084.2
1306 200.111 2419.71
1307 3034.28 905.002
1308 3066.6 2809.66
1309 1501.48 843.625
1310 847.717 2300.07
1311 2627.21 849.723
1312 539.315 71.6797
1313 456.139 2554.51
1314 612.613 1712
1315 807.536 2358.52
1316 1794.9 3100.8
1317 671.72 1291.6
1318 1177.62 416.958
1319 1589.36 2976.53
1320 565.212 2051.27
1321 306.442 2327.84
1322 1912.03 3153.18
1323 915.385 2776.77
1324 1690.71 1006.72
1325 2034.17 1543.77
1326 190.756 3029.96
1327 80.9786 1385.76
1328 681.698 2111.5
1329 2630.65 2763.79
1330 1912.97 2956.4
1331 862.3 221.062
1332 2225.1 22.6421
1333 1907.94 911.816
1334 68.9077 705.465
1335 976.803 1153.62
1336 683.593 3162.58
1337 614.73 2588.18
1338 207.483 1543.07
1339 1923.74 3036.39
1340 695.922 2923.45
1341 2820.63 139.869
1342 1002.66 1663.96
1343 2892.57 2544.62
1344 2404.03 252.085
1345 1403.22 2125.24
1346 2224.95 1786.24
1347 964.967 2346.42
1348 1100.11 2264.06
1349 1685.92 2130.13
1350 3166.04 1785.96
1351 282.763 1572.99
1352 2116.64 2321.41
1353 1176.39 1830.26
1354 1576.3 2031.82
1355 105.764 312.466
1356 2809.16 2750.06
1357 546.524 3064.03
1358 2548.74 1798.87
1359 1863.33 1814.41
1360 704.348 245.053
1361 457.405 597.596
1362 2120.69 2537.22
1363 478.875 238.274
1364 681.486 3117.64
1365 784.437 2643.97
1366 2400.76 216.399
1367 2137.99 3213.45
1368 144.816 2935.91
1369 2528.89 1944.22
1370 1561.77 1545.29
1371 2648.63 3026.2
1372 1650.42 532.449
1373 903.127 28.0143
1374 1921.47 3104.79
1375 1757.13 1620.12
1376 694.177 252.858
1377 976.708 1313.09
1378 3119.2 343.981
1379 1916.87 1279.16
1380 314.022 2562.19
1381 45.1219 409.772
1382 986.117 1110.75
1383 2805.46 2332.62
1384 566.038 512.294
1385 109.055 609.126
1386 58.9088 2320.83
1387 778.057 2717.25
1388 1836.95 504.97
1389 937.294 1073.59
1390 689.729 2376.87
1391 2143.69 993.17
1392 1085.81 712.617
1393 54.0902 2984.39
1394 69.0917 2085.8
1395 1136.14 1420.38
1396 2743.16 1378.13
1397 1417.12 3148.27
1398 1640.56 2727.22
1399 963.856 2014.87
1400 1916.97 97.8222
1401 2306.35 147.353
1402 2974.09 547.925
1403 1882.65 544.972
1404 2454.73 921.943
1405 1621.78 3203.78
1406 1928.58 1503.85
1407 259.523 1628.72
1408 227.036 1215.83
1409 1566.98 3131.47
1410 1968.48 2068.31
1411 2165.84 1840.86
1412 961.852 373.644
1413 3238.91 1501.99
1414 772.821 2277.95
1415 2372.86 396.283
1416 1830.47 583.222
1417 1749.22 2853.82
1418 3195.85 1668.5
1419 1015.37 1739.14
1420 1674.15 2229.13
1421 1310.56 222.998
1422 1491.16 2163.98
1423 2713.87 1075.81
1424 11.9733 2646.25
1425 2524.82 3006.08
1426 2403.63 1070.1
1427 3124.15 831.661
1428 289.975 2063.28
1429 2537.91 239.806
1430 553.169 1397.12
1431 1758.09 2313.14
1432 3042.28 2831.44
1433 2638.24 155.433
1434 3247.61 1861.09
1435 2786.98 2911.09
1436 726.711 1268.3
1437 1829.74 2219.89
1438 2631.31 1757.61
1439 660.533 391.275
1440 1392.28 2374.16
1441 2194.81 3169.97
1442 588.703 300.641
1443 1592.68 3239.95
1444 1790.52 1502.17
1445 1534.68 3150.96
1446 827.56 2911.5
1447 2388.64 3252.52
1448 609.195 317.211
1449 2345.15 1264.62
1450 805.997 1564.29
1451 895.163 1532.77
1452 760.999 3148.37
1453 2538.58 81.4064
1454 3032.91 2897.45
1455 3215.27 3081.81
1456 2171.48 1869.52
1457 2222.25 332.333
1458 3257.77 3150.58
1459 132.015 420.109
1460 336.357 1182.96
1461 2696.7 1922.57
1462 1197.65 2326.86
1463 718.201 1740.64
1464 865.428 1739.36
1465 2595.7 1676.24
1466 2311.13 236.498
1467 3000.73 1246.24
1468 2305.95 987.994
1469 705.685 2414.03
1470 2651.04 872.105
1471 933.36 1953.21
1472 1983.3 3054.98
1473 1893.91 3106.63
1474 1210.17 1176.13
1475 561.825 2866.54
1476 1162.28 648.57
1477 95.8157 1605.74
1478 478.765 1298.51
1479 1615.05 1453.02
1480 2904.07 1046.52
1481 563.426 1108.77
1482 1382.93 2875.45
1483 166.992 1275.34
1484 2643.42 2223.1
1485 1600.6 2423.32
1486 2059.5 1962.9
1487 3163.42 3001.71
1488 760.733 450.939
1489 2770.13 765.977
1490 1238.86 467.241
1491 2680.59 2333.72
1492 1495.34 2268.39
1493 2327.36 834.005
1494 2192.07 1252.79
1495 1696.33 2294.12
1496 3213.78 1069.45
1497 275.019 1618.88
1498 2574.49 1871.07
1499 760.731 3010.94
1500 290.75 2332.17
1501 505.66 2886.71
1502 2524.73 2295.03
1503 3203.6 1357.57
1504 567.153 1118.32
1505 2617.93 784.163
1506 695.21 222.65
1507 2268.6 1922.96
1508 2152.97 2227.68
1509 2165.33 3261.37
1510 1700.93 1355.55
1511 1352.55 564.791
1512 1526.54 1453.95
1513 116.3 632.035
1514 1942.31 1352.93
1515 1486.66 202.411
1516 2274.36 5.0263
1517 774.816 2055.92
1518 1869.48 2572.44
1519 1574.32 2953.37
1520 915.997 1654.14
1521 3033.15 1756.55
1522 2175.63 1475.13
1523 1681.52 798.071
1524 1201.86 1681.59
1525 1545.14 881.89
1526 276.663 2426.81
1527 2839.28 1502.76
1528 2518.54 2829.64
1529 2589.4 69.5152
1530 1397.37 701.34
1531 2040.35 288.684
1532 2673.85 3204.13
1533 2457.94 756.701
1534 2115.74 2161.5
1535 1846.84 1398.87
1536 324.622 3102.89
1537 2890.96 236.104
1538 503.571 822.743
1539 2374.46 2670.67
1540 1900.3 92.5558
1541 1763.2 2702.95
1542 2775.89 3052.2
1543 681.442 2923.14
1544 849.475 1440.52
1545 2161.49 870.439
1546 1804.45 182.188
1547 2309.18 1138.97
1548 654.412 3113.52
1549 2476.61 2355.14
1550 3054.27 2351.52
1551 1494.49 1388.64
1552 2246.8 509.795
1553 703.533 207.359
1554 3064.09 2063.04
1555 717.219 3138.87
1556 2167.93 2630.94
1557 1460.22 168.74
1558 1243.55 1049.79
1559 969.798 2269.35
1560 237.793 1035.76
1561 2865.97 2595.5
1562 805.817 1436.57
1563 2894.26 1700.2
1564 1053.7 2016.29
1565 345.592 2648.38
1566 1765.45 340.366
1567 607.07 2567.66
1568 146.716 2465.39
1569 506.182 1919.9
1570 1865.03 1062.48
1571 3264.77 978.193
1572 2119.09 1712.2
1573 943.062 1618.71
1574 404.958 365.321
1575 1181.19 2139.82
1576 342.128 850.443
1577 2631.35 2013.24
1578 2845.43 264.062
1579 2161.56 898.166
1580 3202.5 734.255
1581 43.7719 183.069
1582 3139.72 218.922
1583 371.341 1142.61
1584 1606.81 510.597
1585 2573.73 507.78
1586 712.061 1635.18
1587 1752.32 2211.31
1588 1448.62 2343.5
1589 748.674 1543.1
1590 1458.81 1227.88
1591 526.453 2350.73
1592 1045.98 520.975
1593 2922.15 1833.65
1594 1815.71 1335.96
1595 3179.47 1908.08
1596 2869.57 2759.13
1597 1968.78 1589.68
1598 1501.72 1776.45
1599 1422.85 2883.97
1600 3170.01 3165.32
1601 1158.44 2816.37
1602 349.852 3019.32
1603 1817.57 2448.02
1604 375.217 1057.45
1605 3132.35 3156.69
1606 2139.77 1222.9
1607 1609.75 2770.49
1608 2136.06 997.366
1609 2730.9 1455.98
1610 2441.93 1644.14
1611 764.656 403.804
1612 2608.78 2513.38
1613 2040.73 717.183
1614 2243.2 2912.76
1615 2970.27 1899.81
1616 2291.51 594.594
1617 372.524 784.284
1618 3182.53 2647.87
1619 423.908 1857.75
1620 3152.65 825.766
1621 3134.59 1498.71
1622 751.438 3250.31
1623 1247.57 3030.71
1624 108.925 2525.54
1625 2230.57 201.611
1626 1703.48 2195.85
1627 1528.37 1942.22
1628 3130.77 1873.78
1629 1356.46 2057.02
1630 2516.89 18.1603
1631 1946.73 2942.1
1632 2139.28 2286.69
1633 2643.3 1976.19
1634 732.559 2337.84
1635 2541.5 770.594
1636 1192.35 102.242
1637 2029.74 1694.54
1638 308.709 2185.57
1639 2100.86 473.774
1640 551.188 2450.53
1641 389.973 1044.65
1642 3179.17 2886.6
1643 2414.41 2839.69
1644 1680.44 1356.03
1645 2336.67 2570.68
1646 1363.05 1088.79
1647 1539.28 1534.08
1648 2829.18 571.847
1649 1798.79 2729.98
1650 1073.5 1664.06
1651 2677.64 1880.96
1652 276.469 851.576
1653 1784.54 1531.34
1654 3122.84 2832.36
1655 1430.07 2310.35
1656 601.677 1288.84
1657 759.394 2089.05
1658 2028.74 3019.02
1659 2750.75 2844.9
1660 849.163 704.614
1661 2054.34 2775.91
1662 1321.24 1994.31
1663 1980.57 471.809
1664 802.529 2058.78
1665 1609.77 2163.25
1666 2305.87 2945.68
1667 2893.99 1199.94
1668 1647.11 2880.63
1669 2588.7 2314.34
1670 379.604 695.881
1671 1898.74 2970.45
1672 340.583 568.024
1673 2918.28 288.42
1674 3084.14 798.468
1675 1878.65 2975.24
1676 993.522 1880.26
1677 118.297 580.053
1678 217.196 1991.24
1679 1053.3 2745.54
1680 720.196 3176.79
1681 826.067 3080.14
1682 1574.33 1959.55
1683 1210.88 165.166
1684 1530.31 1294.27
1685 2364.12 2574.47
1686 3149.94 2228.07
1687 778.153 380.66
1688 2984.96 1981.69
1689 1247.75 2224.67
1690 3134.99 1550.67
1691 1593.56 627.21
1692 129.312 212.016
1693 978.428 404.863
1694 1735.07 2107.51
1695 2825.2 1028.77
1696 241.942 901.725
1697 1584 2620.3
1698 732.04 1065.96
1699 2956.09 1181.2
1700 1707.28 2460.6
1701 3254.76 1162.51
1702 1215.78 798.538
1703 1465.01 1111.71
1704 1145.22 439.072
1705 689.477 1352.34
1706 3045.9 2466.1
1707 1328 2015.73
1708 2810.23 1816.75
1709 3116.46 1598.56
1710 2025.21 1587.85
1711 768.782 251.814
1712 1113.45 1094.55
1713 2183.58 3259.73
1714 246.416 1888.79
1715 3.42531 226.691
1716 2545.95 1279.81
1717 2611.86 2356.03
1718 537.287 1302.79
1719 1928.93 3162.08
1720 1048.09 1195.51
1721 940.505 2285.97
1722 1206.18 1826.68
1723 713.323 695.776
1724 1212.62 737.864
1725 1190.11 2538.48
1726 2.09852 346.991
1727 2364.13 1028.01
1728 2032.83 3169.83
1729 1659.83 1254.1
1730 2023.55 856.505
1731 1475.23 1542.16
1732 2961.29 1372.45
1733 1497.41 2760.3
1734 1994.31 1631.34
1735 878.089 828.012
1736 2338.8 1361.95
1737 2156.21 1461.1
1738 2514.33 55.9685
1739 1293.7 2442.49
1740 201.186 2193.85
1741 1446.43 403.741
1742 2493.8 2112.86
1743 1851.27 2051.72
1744 1682.6 1861.74
1745 2778.43 1429.86
1746 1838.02 931.286
1747 1681.7 2842.25
1748 3006.7 335.841
1749 3130.84 2142.62
1750 2180.11 2671.28
1751 1813.28 391.154
1752 2843.68 1053.27
1753 876.45 1200
1754 831.613 949.198
1755 86.8557 3050.85
1756 1345.34 1471.41
1757 684.379 653.141
1758 221.004 523.448
1759 2380.44 2131.37
1760 2877.71 3094.15
1761 1939.46 1663.1
1762 2844.71 518.652
1763 1660.75 3025.21
1764 712.673 3248.06
1765 1312.39 96.2552
1766 3073.24 2074.13
1767 3208.11 2077.42
1768 1316.7 2343.79
1769 1822.87 2464.84
1770 913.26 2141.83
1771 2119.89 2743.29
1772 2530.19 356.115
1773 2880.88 2640.68
1774 2538.88 946.652
1775 2144.6 2878.19
1776 2000.28 1235.9
1777 92.4476 2151.17
1778 1940.59 170.18
1779 716.887 2787.27
1780 2930.9 2384.23
1781 1889.75 3135.1
1782 1880.57 3227.36
1783 1738.09 1316.79
1784 2438.6 275.14
1785 2167.77 2417.2
1786 1955.4 836.971
1787 1685.79 297.796
1788 1501.81 1774.13
1789 2874.66 2027.64
1790 1254.03 2599.4
1791 1054.87 1696.27
1792 2002.16 2943.77
1793 2919.8 2310.98
1794 1454.72 161.47
1795 775.404 856.488
1796 1026.54 1897.4
1797 1461.52 602.114
1798 833.185 1243.65
1799 215.608 1608.67
1800 1723.78 1424.79
1801 2796.17 803.091
1802 1143.83 490.695
1803 1898.5 976.274
1804 2570.93 3140.42
1805 3145.87 2085.93
1806 1141.34 1861.98
1807 3003.07 1930.96
1808 2646.54 1215.85
1809 1682.12 872.242
1810 3137.85 3181.61
1811 699.98 2545.4
1812 1895.62 3092.6
1813 945.587 1265.31
1814 696.465 2143.71
1815 1874.52 1198.75
1816 2876.87 1778.17
1817 1977.47 663.297
1818 509.448 2051.53
1819 3108.74 2947.8
1820 3257.18 1380.57
1821 2002.62 2342.68
1822 62.5053 1259.8
1823 738.284 1023.32
1824 661.371 2623.06
1825 2491.02 875.255
1826 898.887 1716.62
1827 220.25 2895.12
1828 2612.5 2324.65
1829 567.62 2755.66
1830 2297.75 221.435
1831 2314.21 338.946
1832 1995.3 676.553
1833 2183.96 874.483
1834 155.064 1388.39
1835 3162.41 1533.74
1836 975.446 1002.53
1837 802.457 1658.51
1838 3138.15 504.242
1839 1195.4 3234.81
1840 1396.93 465.403
1841 1683.77 2292.23
1842 1867.44 1537.77
1843 2425.04 524.744
1844 2097.53 2887.65
1845 562.342 1288.76
1846 2316.78 2549.1
1847 1976.17 3184.39
1848 2717.68 807.369
1849 677.448 3058.84
1850 555.992 1971.17
1851 1875.53 2174.16
1852 2430.97 1581.92
1853 1533.95 2908.15
1854 2326.29 1878.77
1855 1594.62 2131.82
1856 3255.15 2672.72
1857 2563.48 964.715
1858 2161.28 1602.99
1859 1483.44 2721.39
1860 234.896 2503.87
1861 1228.18 1087.48
1862 927.222 2468.12
1863 2844.42 1956.3
1864 3088.12 357.834
1865 1010.19 1557.83
1866 2781.92 108.128
1867 1967.31 604.103
1868 311.179 1036.31
1869 153.214 710.24
1870 2326.31 838.128
1871 325.466 988.912
1872 1375.18 885.445
1873 2368.61 1979.99
1874 2917.36 1808.8
1875 1024.9 2958.81
1876 1050.78 3129.55
1877 762.893 2080.3
1878 575.9 3124.55
1879 1875.46 1181.51
1880 2938.74 1536.07
1881 416.562 1673.1
1882 3182.95 1078.66
1883 1283.44 3110.83
1884 456.607 1435.01
1885 2700.68 1104.81
1886 1006.14 674.1
1887 581.695 1670.09
1888 1797.89 524.112
1889 95.325 311.103
1890 2722.02 1032.69
1891 2653.59 2295.1
1892 2063.25 1805.42
1893 1437.76 1883.48
1894 1478.91 2540.96
1895 1262.56 1460.5
1896 520.063 3202.99
1897 475.315 444.093
1898 127.942 1828.79
1899 2247.32 2802.17
1900 1079.44 870.012
1901 44.4523 2307.52
1902 3022.56 2918.03
1903 1307.69 2019.64
1904 128.014 2566.89
1905 2493.84 1908.35
1906 861.479 1213.83
1907 2401.29 251.042
1908 632.734 3119.12
1909 1871.82 1237.39
1910 1555.73 1368.72
1911 1815.73 1266
1912 1641.16 1107.23
1913 1739.32 143.848
1914 299.964 1351.02
1915 486.309 1229.32
1916 176.219 767.07
1917 159.319 1294.46
1918 2450.11 2461.44
1919 1292.29 286.691
1920 2758.68 3026.98
1921 2802.91 1402.29
1922 1917.38 3219.71
1923 538.684 533.125
1924 1735.65 1574.05
1925 398.435 2821.98
1926 1858.04 1886.14
1927 195.482 2030.92
1928 2182.53 2859.3
1929 1769.2 3002.97
1930 1136.47 618.676
1931 3053.19 1726.59
1932 1545 3167.38
1933 221.651 2012.94
1934 315.651 2746.69
1935 651.628 2379.39
1936 2380.37 1825.62
1937 752.292 2274.04
1938 732.205 1455.17
1939 490.565 1831.85
1940 618.865 2290.25
1941 2413.59 2444.36
1942 403.97 2538.03
1943 1743.3 2103.04
1944 2494.04 1300.02
1945 2544.47 41.0231
1946 213.548 861.674
1947 531.418 1158.52
1948 335.487 722.957
1949 1598.54 220.007
1950 1062.35 516.411
1951 1987.56 3068.21
1952 339.296 2626.1
1953 1256.79 567.2
1954 994.829 583.255
1955 1719.02 1501.07
1956 728.304 1018.62
1957 851.855 383.809
1958 1000.17 799.449
1959 757.527 921.569
1960 1409.57 3033.26
1961 193.706 1795.15
1962 191.469 1661.8
1963 259.983 182.967
1964 2266.08 406.324
1965 1635.5 1261.31
1966 133.634 289.638
1967 872.913 2214
1968 250.691 511.436
1969 682.671 66.5696
1970 131.585 804.633
1971 1195.25 502.826
1972 678.11 2855.26
1973 2813.25 699.932
1974 3257.12 2849.16
1975 761.392 2436.53
1976 879.715 53.8045
1977 831.41 668.07
1978 1593.9 591.429
1979 1549.89 2953.2
1980 2119.77 1665.75
1981 828.215 1641.61
1982 648.136 1362.57
1983 2227.23 1035.28
1984 2315.71 529.259
1985 1151.36 2717.87
1986 1958.67 1645.85
1987 2407.5 704.845
1988 168.539 1977.3
1989 1314.73 584.43
1990 2149.99 2166.26
1991 2920.64 2624.55
1992 1777.65 203.138
1993 2801.65 2689.67
1994 206.386 658.095
1995 187.449 2973.16
1996 2505.18 423.647
1997 1232.69 1452.48
1998 1705.99 1851.75
1999 1667.68 1170.38
2000 1013.93 709.874
2001 2563.35 1652.45
2002 1824.97 979.094
2003 2593.44 1220.28
2004 1634.68 1381.45
2005 2876.07 827.996
2006 1528.31 2806.23
2007 1376.07 2501.46
2008 1534.49 3255.19
2009 2989.72 1744.02
2010 1951.63 2546.87
2011 3083.03 1861.61
2012 165.726 1338.76
2013 1891.31 1381.29
2014 2156.57 688.372
2015 2593.23 874.054
2016 1118.82 342.747
2017 3101.72 1774.9
2018 2565.43 1202.52
2019 2007.26 1268.96
2020 1451.63 1946.02
2021 1884.18 234.366
2022 23.4536 2663.15
2023 1767.89 142.6
2024 757.063 639.379
2025 3140.84 160.476
2026 1168.53 881.639
2027 2657.6 302.947
2028 2393.81 1397.33
2029 3164.69 2410.74
2030 385.344 1778.78
2031 1298.36 1325.85
2032 1734.74 2226.49
2033 2100.74 956.087
2034 635.713 1092.5
2035 1323.55 1507.53
2036 1874.25 3046.32
2037 1852.38 1558.63
2038 1680.43 2584.33
2039 1330.52 2305.01
2040 2727.49 571.597
2041 914.478 2338.11
2042 1454.68 2752.23
2043 3142.45 2535
2044 3140.27 1145.1
2045 2436.02 2629.06
2046 191.218 731.505
2047 1517.09 675.544
2048 1016.38 352.728
2049 3253.97 1385.52
2050 267.469 1895.11
2051 303.387 952.093
2052 2260.77 1209.54
2053 1414.39 2863.53
2054 2073.29 655.711
2055 1594.56 944.344
2056 146.892 2760.19
2057 2546.95 3052.29
2058 1751.59 2253.67
2059 533.228 2342.64
2060 2303.18 35.6474
2061 126.938 114.178
2062 3192 2398.03
2063 424.103 376.548
2064 2258.12 676.81
2065 1103.8 2401.93
2066 618.521 959.523
2067 3189.06 1462.08
2068 591.56 522.449
2069 585.776 2024.77
2070 2924.51 579.547
2071 1180.97 2749.83
2072 716.498 307.974
2073 2303.85 2275.94
2074 2289.77 2213.66
2075 2305.66 2672.28
2076 1285.76 1365.34
2077 3237.22 1171.96
2078 3123.31 1182.4
2079 2255.72 3103.95
2080 1855.79 1165.46
2081 356.458 1111.42
2082 141.681 2030.08
2083 2119.47 115.292
2084 2702.87 2352.18
2085 741.943 541.509
2086 2458.81 1315.9
2087 2055.88 1955.52
2088 1576.36 2409.09
2089 581.148 1986.58
2090 2526.17 2200.03
2091 819.609 3101.37
2092 1957.46 872.255
2093 1793.73 144.483
2094 3006.36 566.939
2095 451.54 3192.59
2096 2899.77 1031.53
2097 194.624 2959.04
2098 1123.52 899.822
2099 2788.35 1233.92
2100 52.2788 739.965
2101 2511.16 304.155
2102 1759.99 543.155
2103 2645.19 1292.25
2104 2516.7 1943.55
2105 449.81 1365.71
2106 185.224 1965.39
2107 1342.77 2527.96
2108 3187.39 3217.8
2109 2057.29 2132.99
2110 1653.12 2225.48
2111 1219.25 1083.75
2112 1092.24 761.027
2113 1223.81 2744.55
2114 3175.94 2658.73
2115 2248.57 571.532
2116 623.787 1295.66
2117 147.245 1920.58
2118 1071.85 676.721
2119 2503.15 795.112
2120 156.677 208.53
2121 1432.14 3235.46
2122 1085.33 2532.08
2123 2517.59 1097.83
2124 56.0508 455.482
2125 1057.34 961.773
2126 860.211 2308.67
2127 2984.85 2129.81
2128 2251.2 2927.14
2129 2480.17 1557.55
2130 1501.01 2180.14
2131 56.3407 3130.53
2132 1027.36 1044.54
2133 797.162 2527.25
2134 138.95 2826.51
2135 2912.72 2792.28
2136 1845.23 2574.3
2137 1923.39 1138.47
2138 2162.65 1614.76
2139 2967.46 2953.61
2140 1464.48 450.781
2141 510.914 97.4467
2142 770.075 2175.93
2143 2241.83 1480.85
2144 1521.16 2377.99
2145 497.125 1240.94
2146 172.143 241.641
2147 3185.33 2157.91
2148 15.2914 66.9616
2149 53.2399 2665.47
2150 19.04 301.97
2151 1688.82 1739.07
2152 2719.46 851.763
2153 1621.09 1208.04
2154 293.221 2799.37
2155 2868.85 3070.87
2156 616.382 2774.48
2157 2848.97 1960.97
2158 932.184 667.209
2159 2758.67 280.946
2160 2924.06 739.439
2161 1983.03 2430.58
2162 1231.88 2047.09
2163 2316.49 1958.75
2164 1189.27 2693.41
2165 1578.44 1031.09
2166 2965.27 500.843
2167 3249.63 1851.71
2168 121.674 2553.38
2169 2735.57 1710.42
2170 1990.31 2377.59
2171 876.824 111.497
2172 1037.1 1529.67
2173 1442.65 3028.54
2174 2311.41 3044.07
2175 298.517 1503.39
2176 221.523 2627.3
2177 632.825 505.697
2178 328.507 2950.54
2179 2477.19 931.427
2180 2595.38 2393.28
2181 2180.96 2171.63
2182 417.454 1397.46
2183 2612.05 412.038
2184 1536.38 2525.4
2185 1254.78 1107.84
2186 1275.11 520.402
2187 1281.62 2724.55
2188 2772.92 524.495
2189 3159.3 51.8032
2190 909.596 1596
2191 1557.4 1550.09
2192 2346.98 2271.38
2193 2318.43 930.616
2194 1011.82 2058.79
2195 1787.4 460.52
2196 2568.99 1556.09
2197 947.586 3201.56
2198 1797.95 493.735
2199 2971.88 1217.97
2200 2899.15 453.881
2201 3013.94 3042.25
2202 2063.42 3255.16
2203 1609.14 1963.16
2204 2957.79 3140.81
2205 1196.72 3275.06
2206 817.482 2656.67
2207 814.365 1452.29
2208 1328.29 882.651
2209 2225.61 2255.05
2210 1219.62 138.404
2211 385.403 1688.51
2212 1364.94 669.189
2213 2958.18 2083.62
2214 2144.35 2558.06
2215 2233.38 113.571
2216 2121.37 2781.47
2217 1530.92 3100.45
2218 857.359 1455.94
2219 552.313 2882.79
2220 1756.49 253.954
2221 3225.87 989.491
2222 2983.5 2725.07
2223 2367.56 448.507
2224 1022.44 1211.17
2225 949.93 2521.14
2226 2434.55 1148.12
2227 2783.32 1032.33
2228 245.651 2103.87
2229 1464.59 2435.28
2230 2138.75 2874.24
2231 2186.94 1038.22
2232 1630.06 2781.05
2233 84.413 175.559
2234 125.366 2116.93
2235 1870.11 1480.7
2236 2253.99 1106.09
2237 2307.69 3183.76
2238 2060.34 1316.34
2239 65.0713 2469.61
2240 225.226 2115.39
2241 2328.52 2580.93
2242 1711.46 1012.64
2243 2919.73 2529.31
2244 1098.26 1425.04
2245 2074.46 3093.66
2246 1300.76 521.486
2247 2723.38 3200.92
2248 1652.78 2190.85
2249 1898.63 20.3317
2250 1125.94 3119.36
2251 2987.66 2268
2252 623.053 1518.23
2253 891.753 3046.39
2254 659.141 2377.51
2255 2349.56 1979.48
2256 289.129 3243.16
2257 225.859 858.759
2258 2545.66 393.588
2259 2564.63 1493.77
2260 1697.41 1744.75
2261 2819.4 1073.65
2262 3233.35 1870.68
2263 2250.83 3027.75
2264 3179.82 1274.95
2265 1674.19 1764.22
2266 2731.34 381.626
2267 2534.39 372.867
2268 1040.1 2521.29
2269 2900.97 2009.56
2270 2742.55 1230.95
2271 2152.45 1484.68
2272 2922.2 2840.84
2273 957.495 3155.68
2274 3013.66 3164.6
2275 2886.84 616.729
2276 2479.66 968.071
2277 2067.65 1160.67
2278 2024.21 1113.73
2279 544.308 2546.69
2280 1812.87 1352.43
2281 165.627 3142.69
2282 1800.08 160.343
2283 2356.37 1878.19
2284 1367.38 2453.2
2285 1362.06 163.272
2286 905.268 2372.53
2287 470.296 1145.53
2288 979.542 1230.3
2289 957.742 2724.74
2290 1014.55 1529.02
2291 1376.58 1622.22
2292 2684.49 2637.05
2293 363.922 3039.04
2294 2897.34 968.846
2295 813.259 2551.26
2296 2825.16 1510.01
2297 1682.58 3100.83
2298 3228.62 742.929
2299 1443.24 1831.03
2300 1762.59 3009.29
2301 2025.14 869.804
2302 220.203 38.3215
2303 196.614 1139.31
2304 223.297 990.752
2305 912.808 1326.39
2306 1263.64 2562.09
2307 2895.69 2140.92
2308 1304.73 25.3436
2309 685.036 210.475
2310 1902.41 2690.83
2311 2324.25 861.132
2312 1254.7 3045.46
2313 2508.96 980.039
2314 1534.12 1868.78
2315 247.504 2199.35
2316 1180.7 2578.26
2317 2857.67 697.418
2318 408.799 512.75
2319 1588.48 868.154
2320 3120.52 3040.9
2321 2650.53 3195.38
2322 2337.8 2581.26
2323 2992.08 2937.4
2324 2015.75 895.023
2325 910.19 2710.01
2326 87.2117 2135.85
2327 926.047 1519.2
2328 2728.21 28.7489
2329 1669.32 2568.94
2330 5.78131 826.689
2331 2435.39 1843.72
2332 2960.07 1805.71
2333 1994.28 2582.7
2334 17.5275 3145
2335 541.203 2390.14
2336 3046.31 628.737
2337 1977.81 864.389
2338 821.549 2566.5
2339 891.087 2243.02
2340 1636.23 2185.85
2341 536.391 2807.04
2342 2597.26 833.69
2343 814.938 3052.05
2344 395.496 1917.01
2345 1552.37 9.54855
2346 1638.25 2457.25
2347 903.845 49.4049
2348 1782.48 2463.9
2349 1255.77 957.204
2350 1046.85 1361.84
2351 511.849 3059.84
2352 463.006 2543.78
2353 307.376 2644.34
2354 1024.98 825.182
2355 1293.56 2814.23
2356 934.402 3145.09
2357 181.585 3187.2
2358 1003.88 3148.64
2359 764.063 2850.64
2360 2873.96 2922.17
2361 2803.16 1484.92
2362 1233.4 772.053
2363 273.492 2325.26
2364 891.778 3088.89
2365 2627.41 3144.31
2366 475.401 2891.49
2367 798.15 2035.71
2368 1207.69 2746.15
2369 519.993 1036.7
2370 1956.1 2168.53
2371 3014.59 725.985
2372 2696.65 718.209
2373 2842.92 2945.96
2374 2574.11 217.247
2375 129.641 92.6524
2376 2888.05 2414.02
2377 2938.58 862.735
2378 850.676 18.4829
2379 761.878 2822.29
2380 2230.22 2482.48
2381 1681.1 657.796
2382 553.461 2610.57
2383 57.8833 269.223
2384 1256.87 1161.51
2385 2712.69 2962.87
2386 2581.97 1944.84
2387 767.665 1158.38
2388 2649.83 1520.01
2389 1711.21 3203.06
2390 2205.92 71.4008
2391 2051.6 2424.07
2392 1767.12 1049.04
2393 2949.23 2803.27
2394 2035.79 2455.17
2395 1151 2347.93
2396 2441.13 2578.19
2397 1878.85 2798.2
2398 101.408 1882.42
2399 1627.44 2935.32
2400 2005.06 1954.98
2401 2466.61 910.455
2402 194.687 1896.86
2403 1524.09 1287.61
2404 3075.31 2647.12
2405 3263.71 824.648
2406 2096.17 2964.22
2407 496.748 84.9744
2408 86.0776 3018.22
2409 2713.62 1770.75
2410 506.941 2399.79
2411 1850.1 1302.68
2412 2712.89 2391.3
2413 2100.76 1250.63
2414 2210.02 1258.09
2415 1561.63 1054.08
2416 477.95 2276.67
2417 1001.97 1269.97
2418 992.64 3100.45
2419 2232.28 2074.04
2420 1410.75 750.191
2421 1443.9 2251.41
2422 3144.46 32.5601
2423 2344.26 615.713
2424 86.4778 2597.01
2425 1291.46 1997.29
2426 2610.39 3247.8
2427 3241.68 3105
2428 3259.31 1494.49
2429 1216.56 1651.95
2430 42.1224 2386.88
2431 3015.97 2581.75
2432 3236.05 2376.65
2433 886.676 618.029
2434 1532.72 2765.62
2435 2751.1 2536.18
2436 3131.9 1168.01
2437 3256.66 2411.09
2438 1643.27 151.23
2439 1362.86 1793.64
2440 2331.63 1580.3
2441 2063.8 2090.41
2442 3275.13 238.727
2443 18.1741 1221.31
2444 3128 1979.78
2445 1720.36 2242.09
2446 2618.67 1363.08
2447 807.906 1484.38
2448 762.617 1483.2
2449 698.027 2332.9
2450 1096.28 426.856
2451 1773.61 1386.41
2452 2845.9 107.104
2453 2113.04 3056.63
2454 3178.31 1317.49
2455 2941.8 1952.22
2456 580.737 3270.18
2457 2798.34 2176.75
2458 1618.43 3047.86
2459 1694.77 2158.47
2460 3135.25 174.786
2461 875.2 1161.69
2462 125.038 607.228
2463 1476.27 80.5188
2464 146.025 3189.98
2465 1845.91 1638.46
2466 1829.39 791.576
2467 1552.68 2201.22
2468 1970.23 1966.37
2469 1546.96 2997.14
2470 2859.93 276.628
2471 2731.63 139.037
2472 1669.3 2861.28
2473 1787.23 2127.57
2474 427.453 1013.29
2475 2372.25 789.32
2476 865.504 1883.93
2477 1236.07 2509.08
2478 2624.56 3116.68
2479 2150.44 651.474
2480 949.197 978.566
2481 2573.49 880.554
2482 114.262 3206.05
2483 319.135 1184.26
2484 2008.15 1935.98
2485 1087.54 2897.66
2486 10.549 2347.54
2487 1100.91 3246.5
2488 605.188 1891.85
2489 2091.93 637.822
2490 3183.54 1270.92
2491 19.3096 1738.67
2492 1745.59 737.29
2493 2810.7 2744.09
2494 1596 2350.12
2495 66.9329 2137.65
2496 2654.76 137.751
2497 427.718 1627.85
2498 323.515 2183.32
2499 2894.01 2506.27
2500 774.647 3105.25
2501 1111.31 296.252
2502 822.903 557.407
2503 1277.99 365.577
2504 943.979 1520.1
2505 1664.58 325.494
2506 432.096 777.027
2507 470.255 941.196
2508 2846.04 366.708
2509 2837.37 1724.03
2510 184.013 3134.13
2511 3100.04 1138.38
2512 351.161 557.705
2513 15.479 1896.28
2514 493.754 2212.03
2515 1010.3 1334.64
2516 1791.25 513.572
2517 3159.48 804.814
2518 103.211 3200.39
2519 2459.26 689.763
2520 2561.17 1411.89
2521 2050.77 1652.55
2522 110.703 1749.16
2523 173.94 943.835
2524 1790.92 584.398
2525 199.217 1786.04
2526 2562.12 660.07
2527 1774.86 1643.44
2528 1422.38 574.504
2529 2884 993.861
2530 2647.94 36.8841
2531 2444.93 1435
2532 1889.82 2026.68
2533 2704.49 2394.63
2534 1836.63 2807.44
2535 2439.44 2496.53
2536 417.689 1291.09
2537 417.473 2075.22
2538 1885.45 3140.09
2539 2729.2 1668.84
2540 1252.15 1242.83
2541 72.8222 2281.33
2542 2145.04 1217.62
2543 847.278 2295.76
2544 291.247 1793.18
2545 1192.65 2618.1
2546 1445.15 1294.82
2547 1289.26 382.207
2548 2966.47 720.265
2549 2056.48 2673.57
2550 2340.59 2040.75
2551 1315.75 2266.84
2552 2534.59 1583.12
2553 834.262 2372.69
2554 2460.24 1058.16
2555 146.833 2762.64
2556 2843.66 633.633
2557 2974.63 2674.5
2558 290.421 285.073
2559 2952.6 835.055
2560 1331.56 2828.87
2561 934.519 2261.23
2562 1096.83 2670.59
2563 2975.89 2539.45
2564 369.134 1844.44
2565 1021.86 1158.11
2566 980.115 589.657
2567 406.936 661.763
2568 2529.28 1517.66
2569 1993.63 1069.56
2570 3083.59 1020.89
2571 529.152 850.612
2572 3152.51 2679.05
2573 3138.09 747.81
2574 1795.8 2467.85
2575 673.191 2687.27
2576 513.533 1035.28
2577 1985.56 767.201
2578 1291.95 38.2435
2579 689.728 1541.41
2580 1497.88 229.299
2581 2113.01 1506.72
2582 3104.01 792.871
2583 873.467 2646.32
2584 401.895 1795.24
2585 692.18 1441.35
2586 2203.23 2375.21
2587 1628.22 1567.96
2588 1970.12 2236.61
2589 3164.97 1041.54
2590 2546.51 883.204
2591 1022.6 575.099
2592 314.546 1187.59
2593 1055.58 2946.79
2594 1012.74 1459.79
2595 2677.2 1225.28
2596 2088.25 1085.29
2597 2213.83 1907.5
2598 755.243 1758.59
2599 0.932808 1427.48
2600 2872.11 2121.64
2601 1294.65 1173.22
2602 2075.27 884.389
2603 2692.2 2062.47
2604 1343.87 313.552
2605 1460.16 2747.44
2606 275.352 2813.97
2607 3244.04 2756.34
2608 1261.23 1333.2
2609 194.663 389.824
2610 411.766 1751.15
2611 439.79 849.323
2612 755.115 795.559
2613 1869.57 1244.16
2614 995.382 285.593
2615 382.42 912.852
2616 214.135 279.809
2617 1951.69 1510.09
2618 1977.98 30.2408
2619 2162.92 1652.65
2620 689.848 1153.12
2621 632.97 655.074
2622 297.54 1961.1
2623 484.973 982.99
2624 2960.45 293.027
2625 317.454 2577.55
2626 364.535 107.826
2627 1781.53 3268.34
2628 2729.47 2162.3
2629 3179.09 3150.29
2630 196.965 914.942
2631 1823.98 2285.62
2632 1684.16 880.937
2633 1519.4 3140.4
2634 2416.47 2507.91
2635 1578.94 942.979
2636 1442.99 2467.83
2637 2064.65 1942
2638 585.48 538.363
2639 2498.27 376.283
2640 1228.59 2529.56
2641 103.751 1960.01
2642 1083.11 2354.97
2643 1940.5 2805.58
2644 119.975 2662.76
2645 1932.24 1338.16
2646 1086.02 737.888
2647 315.198 916.874
2648 1975.7 1840.63
2649 2427.37 3193.81
2650 2381.58 1372
2651 496.415 1121.32
2652 1981.08 631.216
2653 1950.89 3023.32
2654 2489.49 2701.67
2655 1968.21 2343.39
2656 624.577 2218.24
2657 3245.64 865.128
2658 1190.99 2853.33
2659 2418.05 191.304
2660 1782.18 1882.35
2661 1362.93 2856.47
2662 1096.32 919.654
2663 1237.2 1615.93
2664 2250.65 1013.76
2665 319.236 3255.28
2666 1421.64 750.648
2667 2649.28 3079.16
2668 2581.39 507.517
2669 501.993 1831.26
2670 1887.37 1942.44
2671 2941.94 2192.53
2672 2552.24 2409.6
2673 3267.28 94.7582
2674 1521.53 3158.42
2675 2496.19 183.583
2676 1869.23 1813.9
2677 1936.46 2376.93
2678 1938.09 3089.74
2679 1207.56 1271.84
2680 1687.47 2352.93
2681 1921.29 3117.12
2682 641.597 1529.72
2683 2098.86 648.342
2684 1719.89 1780.59
2685 1581.82 502.777
2686 491.425 2825.48
2687 3150.11 3068.97
2688 1479.6 727.505
2689 2377.62 1611
2690 902.387 553.956
2691 1837.56 771.934
2692 557.063 372.797
2693 715.961 1900.42
2694 2715.62 2466.17
2695 2619.93 2637.03
2696 3084.82 604.045
2697 3214.84 2586.15
2698 2436.88 883.35
2699 1133.48 987.232
2700 1166.5 2064.79
2701 3066.57 1467.97
2702 2909.36 2757.25
2703 2335 2636.99
2704 2339.26 2060.12
2705 2892.92 251.924
2706 1232.26 381.516
2707 743.744 2847.29
2708 1431.82 2185.18
2709 67.9575 970.165
2710 3212.4 181.887
2711 50.9351 1732.15
2712 167.773 12.3129
2713 1695.88 1994.46
2714 2815.47 123.537
2715 783.744 32.7379
2716 3029.82 1983.26
2717 841.514 1680
2718 2108.81 3187.6
2719 2713.67 1527.37
2720 1802.12 3173.08
2721 777.819 909.992
2722 3136.4 2244.94
2723 667.09 2696.84
2724 827.489 2031.89
2725 1019.12 250.49
2726 1854.94 68.5329
2727 1126.32 612.202
2728 3021.52 1015.34
2729 2186.45 2576.84
2730 1266.34 2213.41
2731 1494.68 2417.63
2732 410.085 1773.13
2733 1527.24 117.234
2734 2477.52 267.617
2735 2365.16 366.823
2736 1337.05 3042.45
2737 2278.35 1017.45
2738 2713.59 1326.86
2739 2760.22 3243.92
2740 2862.24 3081.8
2741 609.831 460.423
2742 3238.77 3252.19
2743 623.962 288.315
2744 3138.21 904.418
2745 3118.32 146.347
2746 2964.77 4.05973
2747 624.966 1671.38
2748 156.106 417.361
2749 1472.47 400.846
2750 2377.83 2173.75
2751 279.238 1193.79
2752 3110.92 1647.83
2753 295.1 468.51
2754 2556.9 812.598
2755 446.658 2649.38
2756 2089.74 1377.98
2757 2693.73 504.732
2758 2507.33 22.5274
2759 2085.83 2241.19
2760 764.864 1345.88
2761 175.775 1653.03
2762 825.968 2457.15
2763 2046.91 1173.59
2764 1508.72 1908.9
2765 442.004 1804.61
2766 1683.22 1567.91
2767 206.393 3249.54
2768 882.921 1685.2
2769 2681.55 3052.08
2770 719.792 2572.25
2771 1688.23 3095.2
2772 158.83 1681.07
2773 1669.5 2871.25
2774 2270.03 3171.22
2775 2413.45 416.343
2776 1482.13 2224.26
2777 3087.81 2493.08
2778 3130.9 116.07
2779 827.713 15.534
2780 1778.02 1904
2781 144.762 2130.95
2782 1206.45 1829.46
2783 1142.82 554.708
2784 397.31 1604.52
2785 1985.64 3096.62
2786 1754.78 344.598
2787 2034.39 213.975
2788 2851.87 1007.39
2789 2976.05 1296.67
2790 2806.92 295.337
2791 1198.22 1789.91
2792 2202.16 3140.12
2793 2811.54 1287.93
2794 2853.58 493.755
2795 2626.24 2284.47
2796 1756.15 68.7688
2797 1342.69 297.632
2798 2599.18 2823.86
2799 1935.44 2140.9
2800 2972.88 1035.44
2801 2126.1 2854.41
2802 1840.53 2896.81
2803 1372.79 718.622
2804 3196.56 2496.2
2805 2250.56 2178.86
2806 298.958 1904.64
2807 3082.44 103.553
2808 3254 2107.53
2809 2158.69 2856.87
2810 2897.97 1836.64
2811 3071.01 540.982
2812 606.839 1349.08
2813 793.36 3173.52
2814 1834.08 362.6
2815 801.665 3033.57
2816 2739.33 27.879
2817 1352.14 1853.23
2818 2784.51 3203.5
2819 2572.49 3184.23
2820 2784.84 155.2
2821 818.343 2458.53
2822 194.167 1329.23
2823 1705.38 1762.98
2824 1580.05 3218.57
2825 1304.42 2281.53
2826 2574.47 1926.2
2827 2293.75 3060.09
2828 815.831 2788
2829 1824.85 1236.55
2830 3041.8 1773.09
2831 2638.06 1910.39
2832 2516.15 493.304
2833 1409.23 2402.22
2834 608.754 1827.51
2835 2904.14 1615.64
2836 1165.27 141.196
2837 1810.94 1924.11
2838 2005.79 1891.96
2839 2467.24 2929.55
2840 2799.77 862.775
2841 277.367 1821.54
2842 3172.29 713.88
2843 2860.89 301.387
2844 10.6012 1038.53
2845 1474.82 1456.97
2846 2174.72 797.324
2847 1895.46 2696.01
2848 930.393 1169.35
2849 1515.53 3127.39
2850 740.419 2842.63
2851 2320.56 457.909
2852 104.18 447.409
2853 270.809 2611.85
2854 437.785 2187.65
2855 1715.94 2893.58
2856 2560.57 1030
2857 2210.99 2114.75
2858 3189.78 1243.84
2859 1408.46 2454.5
2860 2898.46 1204.53
2861 427.318 784.382
2862 1892.23 1168.56
2863 2596.65 2156.76
2864 3170.73 1857.45
2865 2129.05 1266.13
2866 201.914 1931.5
2867 3162.85 1518.53
2868 1003.94 1139.99
2869 355.072 2487.86
2870 1573.52 1544.51
2871 2785.6 2160.08
2872 1656.96 888.736
2873 3158.29 2766.56
2874 1667.06 3272.42
2875 2679.25 122.877
2876 2641.35 2483.17
2877 2224.89 1900.64
2878 2769.18 3117.73
2879 2660.22 2960.28
2880 2508.76 2071.57
2881 1801.51 1022.15
2882 2617.52 242.009
2883 3124.85 600.542
2884 1753.85 1649.49
2885 2462.39 2389.48
2886 2045.27 2732.41
2887 1822.27 1917.2
2888 2294.38 261.653
2889 3099.38 1078.19
2890 2064.39 2807.89
2891 904.661 795.173
2892 1366.12 390.512
2893 3252.91 1643.81
2894 3173.75 872.962
2895 3010.62 2576.29
2896 1101.86 932.58
2897 197.484 2665.11
2898 2703.74 2278.61
2899 415.349 354.47
2900 109.679 721.548
2901 2135.79 813.605
2902 1136.06 3146.27
2903 1894.44 938.226
2904 239.808 2795.3
2905 1034.91 508.101
2906 2698.83 2340.44
2907 1790.83 109.95
2908 1732.62 53.5853
2909 1942.16 1894.65
2910 369.875 667.066
2911 1117.66 2555.6
2912 480.861 899.37
2913 2206.8 482.984
2914 830.668 3169.61
2915 2670.64 583.833
2916 596.218 2010.29
2917 2121.81 171.125
2918 2029.25 1927.3
2919 963.174 2957.85
2920 1519.47 819.349
2921 3274.87 2165.74
2922 2793.68 2906.7
2923 222.135 1775.21
2924 318.749 2981.67
2925 427.281 2807.25
2926 878.248 208.167
2927 1523.76 320.164
2928 354.55 552.941
2929 1381.51 2169.92
2930 1043.41 2881.2
2931 1830.25 2059.54
2932 1556.42 669.718
2933 2040.26 2202.33
2934 1278.57 597.817
2935 503.113 3140.25
2936 1646.01 2309.95
2937 2626.76 3008.95
2938 2711.98 2649.51
2939 2249.62 3128.81
2940 288.648 295.653
2941 145.135 2904.51
2942 33.3267 76.3057
2943 745.092 2704.35
2944 1521.46 2335.68
2945 2580.63 2640.64
2946 839.033 800.482
2947 2290.98 2039.59
2948 1815.13 380.761
2949 216.254 2671.22
2950 1709.13 1441.78
2951 519.619 1143.07
2952 1534.98 1649.7
2953 820.247 2849.7
2954 811.598 1373.81
2955 1802.41 766.492
2956 1318.81 3065.89
2957 901.922 3176.97
2958 3013.68 1166.72
2959 550.278 578.107
2960 1670.54 724.793
2961 3190.08 1972.42
2962 1791.33 2199.29
2963 2459.88 2530.58
2964 785.496 1196.67
2965 1129.95 1815.34
2966 2074.67 906.263
2967 1966.2 1800.07
2968 331.101 472.039
2969 1479.22 624.032
2970 3053.57 2695.72
2971 2521.61 315.582
2972 3057.33 928.089
2973 213.424 774.413
2974 3074.59 2784.92
2975 2656.04 365.858
2976 1826.23 1325.55
2977 647.366 1847.57
2978 1844.22 1066.23
2979 795.604 611.973
2980 2665.57 872.342
2981 1090.73 1966.68
2982 446.107 1260.34
2983 804.76 58.605
2984 1311.32 2933
2985 2679.33 2828.28
2986 2628.07 1962.38
2987 1018.55 2997.17
2988 2247.34 90.3793
2989 561.982 546.503
2990 2895.36 576.109
2991 2630.28 2796.85
2992 240.984 1965.62
2993 1677.65 1020.73
2994 1651.8 186.182
2995 2686.54 1229.71
2996 486.745 1617.1
2997 1799.44 2735.02
2998 2235.56 2420.63
2999 2236.29 396.149
3000 1429.86 154.099
3001 1098.56 117.029
3002 930.605 625.033
3003 2936.83 515.66
3004 111.445 2952.2
3005 34.2288 2887.04
3006 2505.46 427.445
3007 138.423 1945.97
3008 1993.63 1007.48
3009 137.102 1434.35
3010 2508.26 1835.47
3011 2898.25 3211.64
3012 1625.08 3255.7
3013 1502.16 1934.05
3014 2403.21 837.61
3015 2729.83 344.332
3016 2594.69 2630.25
3017 1307.14 1159.53
3018 3242.93 446.575
3019 2880.26 3163.59
3020 2211.43 2778.33
3021 1280.84 3246.5
3022 2325.16 1131.66
3023 2693.3 727.153
3024 690.617 516.685
3025 2391.54 2741.07
3026 3118.95 1592.01
3027 2999.09 2884.59
3028 1311.59 2850.43
3029 2323.65 1031.51
3030 1564.84 1371.44
3031 2594.44 2050.71
3032 1957.7 2742.06
3033 3014.12 1609.04
3034 144.31 874.737
3035 2214.81 3039.96
3036 962.66 2805.57
3037 2350.31 228.589
3038 1878 2692.28
3039 2025.16 951.619
3040 1883.95 810.494
3041 2836.22 428.653
3042 3131 2247.89
3043 2293.72 382.714
3044 197.025 198.911
3045 2582.36 2393.25
3046 21.9091 948.823
3047 2543.98 654.27
3048 1075.08 2889.56
3049 2364.85 2637.81
3050 739.198 2046.37
3051 1037.49 2322.74
3052 2155.65 1495.84
3053 1279.9 171.431
3054 940.846 84.7333
3055 3065.52 1704.46
3056 889.09 94.0487
3057 900.02 1493.54
3058 582.935 3126.62
3059 2327.58 1707.53
3060 291.482 2498.45
3061 59.2967 2741.32
3062 1681.67 2193.62
3063 1925.22 810.459
3064 1266 964.215
3065 2911.24 394.484
3066 264.152 2366.39
3067 364.454 2864.17
3068 2597.79 801.881
3069 2338.87 2952.61
3070 893.321 1977.16
3071 159.599 795.252
3072 2554.61 2040.03
3073 1740.98 2084.85
3074 1581.66 489.947
3075 1695.4 2782.43
3076 294.105 783.024
3077 3226.92 207.103
3078 1139.97 571.82
3079 1350.19 3000.53
3080 1463.16 1235.41
3081 2699.1 15.7384
3082 528.767 1050.23
3083 633.711 2533.97
3084 2281.51 2709.95
3085 1390.36 2113.81
3086 1284.55 1584.75
3087 3216.98 1576.71
3088 1393.21 1873.48
3089 88.246 339.149
3090 706.149 1907.13
3091 1855.87 2898.26
3092 2641.68 2560.56
3093 2625.19 138.143
3094 311.475 658.909
3095 1431.64 2232.69
3096 914.483 1855.1
3097 2156.94 1667.83
3098 2597.83 3065.52
3099 405.061 3148.73
3100 976.761 539.35
3101 1323.37 997.194
3102 1969.49 3149.08
3103 1147.12 876.4
3104 454.704 183.704
3105 2698.86 2089.66
3106 2323.8 2960.36
3107 812.015 3239.97
3108 3088.36 2541.64
3109 1912.47 2972.42
3110 445.605 3098.62
3111 976.118 1915.5
3112 1058.25 886.259
3113 169.57 565.681
3114 951.557 283.936
3115 3155.88 2950.31
3116 2394.12 3227.82
3117 2001.52 248.425
3118 822.019 870.252
3119 754.932 283.401
3120 2965.98 2461.97
3121 3037.82 1262.39
3122 724.254 157.411
3123 2731.52 24.8488
3124 1064.74 1379.66
3125 156.557 2340.18
3126 980.343 1153.29
3127 2848.08 210.011
3128 938.629 771.122
3129 1932.28 1641.66
3130 2557.03 2247.32
3131 2700.68 32.4863
3132 424.366 1630.42
3133 2327.43 541.923
3134 2406.52 2767.87
3135 841.813 2182.78
3136 3251.23 1090.87
3137 2066.63 3226.67
3138 3112.4 3155.52
3139 2201.76 2879.82
3140 325.839 1026.99
3141 554.964 1498.55
3142 141.57 1537.5
3143 764.977 1472.85
3144 1449.87 2703.3
3145 1786.7 685.208
3146 2355.96 1276.51
3147 2745.76 591.09
3148 141.346 963.927
3149 1443.66 2403.2
3150 1690.73 1995.63
3151 2123.51 97.533
3152 14.6364 1131.13
3153 1354.56 168.733
3154 1730.41 158.911
3155 38.0086 2077.98
3156 2798.13 274.609
3157 3269.06 1423.9
3158 2377.57 614.917
3159 2327 2019.85
3160 1520.94 366.02
3161 551.694 1670.66
3162 1737.23 2827.56
3163 194.829 1767.48
3164 2103.49 2923.56
3165 1219.76 1553.76
3166 192.999 1107.01
3167 2864.17 600.97
3168 943.083 430.019
3169 1967.1 1115.83
3170 1161.38 2052.51
3171 1760.34 2751.34
3172 2823.52 2439.51
3173 1455.52 2491.81
3174 2699.92 322.722
3175 31.8599 1637.83
3176 632.118 3094.41
3177 1102.82 3274.98
3178 1222.49 115.311
3179 698.67 445.25
3180 803.065 2196.9
3181 466.177 2310.78
3182 2336.49 957.597
3183 271.782 1019.15
3184 2844.4 2146.68
3185 3008.21 1925.48
3186 1783 2297.37
3187 845.895 1395.65
3188 819.526 249.09
3189 1642.06 1473.41
3190 925.901 3014.26
3191 2825.07 2710.68
3192 1274.18 524.557
3193 1038.52 1653.63
3194 2300.22 32.5295
3195 154.84 1849.68
3196 1218.92 483.598
3197 817.02 3023.22
3198 2984.49 3238.31
3199 2792.46 285.504
3200 2013.61 1751.76
3201 358.91 63.4719
3202 486.283 1601.07
3203 341.118 734.602
3204 2192.81 2713.09
3205 1039.13 546.14
3206 1395.69 3243.74
3207 1177.96 1855.08
3208 463.736 1347.28
3209 1362.43 2904.46
3210 677.801 937.869
3211 188.401 3090.81
3212 2453.42 607.545
3213 1567.81 3142.16
3214 935.855 1575.78
3215 909.831 316.048
3216 3159.81 64.4795
3217 2965.65 1559.5
3218 627.172 1313.27
3219 1257.27 3270.72
3220 2036.83 3213.58
3221 68.864 2226.51
3222 1047.68 759.379
3223 2414.59 2224.4
3224 890.057 94.7232
3225 3102.23 2483.81
3226 462.728 2530.65
3227 2348.87 265.564
3228 37.1897 1136.7
3229 1402.25 3099.02
3230 967.186 75.9658
3231 202.076 2968.51
3232 2123.37 2507.26
3233 2229.68 3031.35
3234 96.108 1116.64
3235 395.69 2087.16
3236 2285.65 178.741
3237 2515.29 113.259
3238 2763.07 3189.94
3239 654.701 2703.24
3240 50.6558 2170.29
3241 2411.62 1698.47
3242 925.635 1599.1
3243 24.5362 906.337
3244 2218.78 349.054
3245 1910.56 2183.27
3246 3239.17 2426.46
3247 2526.35 480.059
3248 2051.26 1154.63
3249 2497.06 661.179
3250 705.344 1974.72
3251 319.506 2357.9
3252 447.59 533.813
3253 615.253 1596.79
3254 1455.59 1912.08
3255 2129.01 1452.06
3256 2137.09 1415.02
3257 245.366 2603.01
3258 747.368 1331.5
3259 646.761 2429.44
3260 133.021 408.531
3261 1708.53 3222.93
3262 474.367 3146.97
3263 598.296 78.9385
3264 1321.68 626.249
3265 145.967 1136.84
3266 3048.42 1963.03
3267 2341.26 1465.11
3268 2144.71 2486.67
3269 2674.02 2851.7
3270 110.534 1803.76
3271 981.679 1594.75
3272 1756.16 1890.91
3273 3126.57 1379.35
3274 520.342 2896.71
3275 1348.69 1710.68
3276 2897.57 3239.8
3277 2523.6 2962.63
3278 262.773 647.45
3279 1999.92 861.393
3280 635.814 2602.46
3281 634.745 3070.27
3282 708.88 659.177
3283 3164.29 2215.44
3284 2097.3 630.468
3285 2515.3 1488.79
3286 767.89 2095.68
3287 3266.79 1356.61
3288 1617.96 402.848
3289 1178.95 1417.6
3290 1408.76 1131.39
3291 657.516 2056.3
3292 3215.54 2081.65
3293 973.996 2545.16
3294 2319.52 827.144
3295 1652.09 1858.96
3296 1752.08 2414.84
3297 3259.46 1980.9
3298 2680.04 680.838
3299 219.131 1749.99
3300 1823.33 2494.72
3301 1999.78 1603.49
3302 278.96 277.25
3303 2815.5 2478.74
3304 343.741 1231.51
3305 67.0781 61.3169
3306 3123.67 2384.52
3307 1092.54 608.717
3308 2441.03 2046.25
3309 2442.25 27.0261
3310 1305.21 185.955
3311 1716.43 2158.53
3312 790.348 576.266
3313 2546.51 2436.03
3314 23.8071 601.311
3315 10.2957 2304.26
3316 2937.24 3188.24
3317 888.14 128.682
3318 2811.7 3228.96
3319 3229.67 3274.17
3320 2534.49 547.283
3321 2631.31 876.595
3322 293.455 1800.18
3323 2231.15 2772.87
3324 843.672 3145.18
3325 1131.46 926.378
3326 3260.61 412.993
3327 1660.4 2536.63
3328 1289.91 3073.99
3329 3276.8 897.736
3330 2070 776.621
3331 7.52493 2295.23
3332 1034.53 2634.98
3333 87.7004 379.477
3334 2.62987 570.8
3335 313.204 1142.08
3336 2855.01 1689.54
3337 520.344 2629.81
3338 337.8 2317.21
3339 3123.36 2205.74
3340 2415.5 2149.07
3341 1731.09 1808.52
3342 313.501 1219.8
3343 258.005 2640.47
3344 3059.38 701.576
3345 2387.53 1038.16
3346 1772 2582.61
3347 2211.35 445.496
3348 449.359 199.593
3349 3057.81 3249.39
3350 2328.49 1818.6
3351 2977.72 2060.55
3352 1457.81 351.718
3353 3061.53 599.981
3354 406.245 2044.52
3355 373.955 2724.59
3356 752.519 893.216
3357 806.651 3125.85
3358 2776.36 2305.69
3359 2803.17 2437.28
3360 2935.08 2799.84
3361 1964.55 1345.14
3362 659.389 2619.32
3363 3179.76 789.798
3364 2608.11 252.699
3365 2523.66 1146.34
3366 78.6062 176.148
3367 2841.47 1031.78
3368 1686.41 2477.35
3369 1673.48 1691.8
3370 1170.62 2768.48
3371 269.287 271.318
3372 200.373 2493.61
3373 2121.35 2799.13
3374 1328.93 2300.93
3375 214.535 1749.03
3376 860.806 2473.66
3377 277.006 1781.51
3378 2634.08 1346.01
3379 303.424 1995.8
3380 23.5558 892.562
3381 2379.26 1542.21
3382 1457.03 780.39
3383 2011.12 3172.48
3384 722.15 23.5883
3385 551.082 651.757
3386 196.474 3081.3
3387 2593.22 2002.54
3388 1840.24 2257.46
3389 2728.53 3257.04
3390 1526.54 2623.37
3391 246.411 808.872
3392 2130.58 2828.59
3393 1635.06 2696.14
3394 2705.74 2247.68
3395 3049.48 3254.57
3396 1238.28 462.155
3397 211.879 3233.45
3398 24.005 2023.72
3399 2473.8 546.02
3400 1216.15 2466.28
3401 388.171 1267.86
3402 2210.89 2352.42
3403 1715.35 105.948
3404 2987.98 526.783
3405 1404.26 1754.34
3406 1943.05 782.612
3407 802.868 2090.95
3408 28.262 2251.61
3409 1968.96 1119.24
3410 3015.93 1737.9
3411 1566.63 217.466
3412 3150.65 721.005
3413 614.165 1164.14
3414 2295.55 1461.76
3415 3145.88 568.44
3416 1769.34 2109.97
3417 692.837 1331.03
3418 1906.3 2948.02
3419 1039.38 1629.52
3420 2781.24 113.79
3421 2456.01 2798.07
3422 784.483 2389.36
3423 1815.05 2971.63
3424 2013.67 299.03
3425 2412.08 1969.18
3426 376.152 1737.6
3427 2240.03 540.737
3428 2934.16 2688.52
3429 2619.88 1876.98
3430 192.268 3035.57
3431 2663.67 1117.33
3432 627.752 2447.73
3433 2482.05 909.602
3434 338.073 2000.95
3435 2894.28 306.232
3436 1789.44 233.395
3437 2712.05 603.08
3438 1565 876.604
3439 2480.52 2732.11
3440 287.404 428.801
3441 483.967 1030.8
3442 1300.38 161.049
3443 1407.6 500.017
3444 2607.75 619.631
3445 1252.65 2388.77
3446 1103.23 1558.63
3447 2112.93 1927.16
3448 1221.84 944.796
3449 2834.24 859.6
3450 1766.15 327.359
3451 991.883 1664.07
3452 2837.06 2938.11
3453 2401.32 2925.91
3454 370.183 3060.66
3455 2406.01 1163.41
3456 903.423 2065.87
3457 3214.34 1442.77
3458 2677.06 493.723
3459 1787.25 2658.47
3460 2428.64 1521.11
3461 776.697 1094.32
3462 1902.66 2994.2
3463 2785.74 1040.66
3464 737.857 511.696
3465 1815.35 3011.03
3466 2064.63 3054.96
3467 181.473 792.026
3468 2984.3 1282.64
3469 2598.38 1721.95
3470 581.533 603.165
3471 719.571 2179.29
3472 1762.52 947.84
3473 3200.4 170.567
3474 1487.29 2862.42
3475 476.922 2614.96
3476 1444.72 1263.39
3477 1952.68 1005.74
3478 74.9465 2185.28
3479 2388.31 672.293
3480 1229.26 2999.91
3481 1102.11 2600.73
3482 276.396 3150.07
3483 1580.47 3270.7
3484 560.882 300.246
3485 2511.78 1016.79
3486 583.401 160.136
3487 1401.04 1087.45
3488 2687.15 2149.09
3489 1301.14 1178.05
3490 414.337 968.533
3491 827.719 577.507
3492 1120.42 2508.16
3493 1965.86 2923.97
3494 1550.83 1750.34
3495 1304.42 2151.36
3496 150.628 2964.38
3497 2620.11 2537.26
3498 1206.08 2456.75
3499 1151 2218.86
3500 2981.18 481.801
3501 237.564 1721.02
3502 1658.58 1835.35
3503 1110.28 1172.28
3504 0.00900135 684.707
3505 3274.6 2684.53
3506 2106.22 91.3823
3507 501.786 467.019
3508 917.995 3128.37
3509 914.801 1123.61
3510 391.766 2092.14
3511 1054.84 2885.71
3512 1995.15 2047.36
3513 605.575 1335.82
3514 260.627 1958.35
3515 1025.62 2050.8
3516 3092.03 2110.57
3517 939.171 561.387
3518 2920.41 910.806
3519 2616.53 1115.1
3520 171.088 2136.18
3521 364.378 902.993
3522 1234.6 288.844
3523 84.2551 287.814
3524 1252.24 2962.55
3525 2536.8 1490.61
3526 65.015 1683.76
3527 294.218 2031.55
3528 1340.75 1990.12
3529 2718.77 927.212
3530 481.732 140.334
3531 487.13 3146.65
3532 2205.76 2899.1
3533 1348.79 101.908
3534 3184.36 2405.55
3535 3204.15 2734.57
3536 2650.42 2457.59
3537 220.721 1941.21
3538 2199.32 2494.86
3539 991.833 865.07
3540 1624.43 2337.36
3541 910.157 423.67
3542 1237.73 2084.7
3543 2540.26 2655.89
3544 1115.17 509.475
3545 2592.46 944.961
3546 2855.59 2302.92
3547 355.484 1961.46
3548 1402.28 2829.84
3549 3268.58 1826.1
3550 1230.78 556.176
3551 2345.89 2964.39
3552 721.08 2940.91
3553 2932.02 2338.99
3554 1147.13 1876.11
3555 3203.3 3198.3
3556 1410.67 2164.88
3557 2200.67 1494.28
3558 1865.55 2880.14
3559 1837.32 2753.93
3560 1099.13 523.229
3561 2245.45 2322.94
3562 255.41 3011.82
3563 967.263 1030.49
3564 2157.39 1797.27
3565 1469.01 1268.64
3566 859.751 1760.92
3567 2761.14 1240.31
3568 962.481 2220.93
3569 494.312 2125.85
3570 1645.96 1268.42
3571 772.304 1831.16
3572 346.314 108.306
3573 3065.22 2868.61
3574 3042.91 736.993
3575 602.215 2322.78
3576 483.445 254.993
3577 1417.24 174.013
3578 1778.18 1145.43
3579 1138.02 757.55
3580 1846.06 2076.4
3581 2829.05 1739.62
3582 3215.38 48.0828
3583 3220.27 2628.27
3584 333.936 831.53
3585 804.935 1362.76
3586 2988.84 135.458
3587 374.228 545.987
3588 388.947 2093.23
3589 565.863 2623.3
3590 2811.36 2184.76
3591 1874.33 2704.95
3592 1464.23 4.38697
3593 725.528 2741.02
3594 2406.87 1040.47
3595 688.242 962.751
3596 383.527 3252.93
3597 2831.45 2877.96
3598 2307.72 1285.44
3599 3176.12 3066.09
3600 2873.46 754.628
3601 441.725 426.899
3602 1324.06 301.791
3603 569.656 2690.5
3604 2426.96 294.861
3605 669.625 3045.95
3606 2595.23 2291.79
3607 2644.38 2426.62
3608 2068.97 173.069
3609 171.883 1660.3
3610 2919.39 2543.57
3611 3131.12 1440.65
3612 2050.85 1500.82
3613 2032.81 22.0102
3614 413.641 1553.73
3615 2580.09 862.653
3616 2500.36 3108.84
3617 402.522 1241.14
3618 2527.16 1471.89
3619 2789.06 2921.95
3620 1365.81 3155.95
3621 921.025 3123.59
3622 252.642 2431.12
3623 2586.32 1193.89
3624 1100.54 1778.74
3625 1976.55 38.7444
3626 158.318 2458.86
3627 1700.91 1010.77
3628 2114.8 1044.55
3629 260.203 2477.36
3630 3011.43 441.156
3631 669.958 1189.89
3632 3211.72 1544.73
3633 3011.68 1053
3634 434.586 2302.02
3635 1148.36 2288.12
3636 2590.44 2667.39
3637 1007.07 1258.12
3638 668.379 3017.51
3639 676.468 1258.21
3640 1431.01 2027.3
3641 1935.1 1189.35
3642 933.048 1512.79
3643 866.047 889.841
3644 1800.05 693.172
3645 2634.81 268.706
3646 714.234 2846.63
3647 337.755 1878.82
3648 2357.4 2473.09
3649 1892.83 2416.6
3650 2753.26 1864.27
3651 2350.59 954.741
3652 2343.54 2965.42
3653 3200.65 3077.98
3654 1157 2045.4
3655 1536.08 1537.83
3656 1542.58 1141.02
3657 338.893 1223.27
3658 1379.07 2033.46
3659 322.004 1731.11
3660 3025.95 1084.96
3661 1360.68 2540.15
3662 2324.88 2355.33
3663 1682.29 1799.07
3664 2471.18 1986.22
3665 1167.44 3228.58
3666 363.861 767.587
3667 1751.05 1360.23
3668 959.404 384.257
3669 2268.81 2147.76
3670 1802.44 711.716
3671 1585.77 1415.76
3672 1586.2 844.538
3673 2458.49 2346.01
3674 1889 2487.4
3675 2507.72 1815.1
3676 1342.95 2140.36
3677 1671.67 3181.41
3678 433.119 2191.55
3679 2454.88 2499.96
3680 2222.9 684.88
3681 891.496 2101.02
3682 3141.77 1434.58
3683 375.42 22.0195
3684 1901.97 1534.33
3685 2025.97 1151.82
3686 2370.06 264.659
3687 1770.25 626.148
3688 2504.79 3055.04
3689 489.527 2267.88
3690 1141.64 940.684
3691 2804.91 2124.84
3692 1730.55 2720.46
3693 1283.97 1251.36
3694 103.238 227.756
3695 1952.26 1301.33
3696 1902.95 2136.91
3697 627.464 1003.07
3698 969.291 1465.45
3699 3033.6 941.928
3700 531.358 2346.48
3701 1178.62 1061.17
3702 211.713 593.651
3703 177.5 2245.2
3704 2003.98 2585.08
3705 2478.86 1508
3706 1287.24 1245.01
3707 1201.08 1856.53
3708 3062.8 3119.18
3709 3089.51 2660.55
3710 1059.48 1462.21
3711 2436.61 1412.37
3712 343.343 651.462
3713 289.705 2549.77
3714 1357.7 40.4203
3715 838.353 2963.12
3716 3146.14 1155.97
3717 2180.92 2048.78
3718 84.3978 1102.18
3719 2031.72 1170.66
3720 3213.56 2116.22
3721 1072.12 40.6663
3722 1111.45 1901.33
3723 1263.56 2049.56
3724 901.542 1148.35
3725 1015.94 946.848
3726 2841.54 1394.76
3727 119.537 778.594
3728 2445.51 2075.85
3729 1696.01 2337.58
3730 846.635 3217.25
3731 2777.16 915.771
3732 87.2956 2425.01
3733 2647.16 2587.81
3734 3118.11 1080.12
3735 828.242 1523.33
3736 1538.5 2920.61
3737 2122.76 1625.95
3738 480.482 1984.21
3739 1831.1 1573.26
3740 1498.64 1195.62
3741 1075.92 3045.32
3742 3223.74 1887.54
3743 1506.38 935.177
3744 216.536 3032.78
3745 982.098 1028.56
3746 2450.4 1159.71
3747 2607.94 406.859
3748 1457.1 2443.26
3749 3241.52 2186.28
3750 3242.43 2899.36
3751 2203.21 2044.14
3752 1350.92 464.614
3753 967.707 3065.85
3754 546.596 2085.95
3755 161.071 2740.6
3756 1.03334 1536
3757 2891.26 896.474
3758 2615.24 3165.14
3759 1216.2 1682.23
3760 65.9354 276.644
3761 2764.15 1402.32
3762 2363.41 2170.48
3763 244.794 1235.06
3764 2673.92 924.465
3765 1700.95 333.219
3766 2292.41 2341.35
3767 2237.32 171.891
3768 678.777 1690.47
3769 2615.96 80.6675
3770 188.551 1864.45
3771 2892.5 2858.21
3772 433.604 2865.78
3773 2999.02 2375.81
3774 3181.33 2237.72
3775 1207.5 611.222
3776 353.365 82.0541
3777 1638.19 3215.41
3778 1228.52 1753.51
3779 1017.81 2685.56
3780 2068.41 1886.24
3781 179.605 2685.12
3782 3014.38 659.839
3783 859.083 1460.88
3784 2720.13 322.158
3785 3259.41 2153.56
3786 1050.78 511.974
3787 2087.03 1374.64
3788 2558.64 421.452
3789 2248.91 3105.46
3790 2455.73 1850.46
3791 1692.04 2675.67
3792 3083.35 1272.97
3793 1042.21 3014.94
3794 1788.28 708.805
3795 183.756 1694.32
3796 431.403 1418.82
3797 1903.79 119.455
3798 2654.74 1566.4
3799 2242.92 2912.25
3800 1389.08 2608.2
3801 969.599 1966.96
3802 563.847 3097.58
3803 1815.24 462.154
3804 2755.68 1933.58
3805 2789.07 1762.57
3806 1996.38 991.196
3807 2455.31 1396.61
3808 1534.2 2425.98
3809 2785.14 2638.63
3810 1290.6 2174.07
3811 941.128 2313.38
3812 3139.97 691.466
3813 653.132 919.327
3814 188.529 1029.54
3815 1885.08 188.323
3816 286.032 163.645
3817 3191.39 1781.94
3818 3192.92 939.655
3819 688.042 1293.34
3820 2229.19 3143.09
3821 940.533 385.81
3822 425.355 2889.15
3823 3203.84 1877.6
3824 2085.96 2228.09
3825 1946.51 2447.61
3826 3211.08 1102.67
3827 2950.22 1291.72
3828 1724.59 1389.68
3829 770.675 146.055
3830 809.87 1517.43
3831 2862.35 3158.34
3832 2146.33 1256.49
3833 3098.47 1222.45
3834 1843.33 2563.52
3835 2471.17 1474.47
3836 1486.27 885.743
3837 1896.88 380.392
3838 1731.55 85.2754
3839 185.396 1025.45
3840 722.953 1902.68
3841 429.399 228.009
3842 616.378 221.286
3843 1239.11 1106.66
3844 1967.42 725.584
3845 2722.56 1719.2
3846 561.565 222.722
3847 2953.55 2921.57
3848 25.9553 41.2146
3849 2032.56 2838.65
3850 77.3569 1599.34
3851 2739 2331.05
3852 2060.77 2503.88
3853 110.035 2390.66
3854 2388.29 1322.1
3855 1698.82 940.644
3856 1912.5 601.439
3857 2258.72 2454.04
3858 164.16 2048.68
3859 2520.16 84.9913
3860 1377.04 2955.25
3861 2599.44 2995.29
3862 824.021 846.078
3863 1998.25 3096.95
3864 1893.75 2259.47
3865 1147.28 1389.39
3866 3009.43 2665.18
3867 102.116 1702.24
3868 3228.66 107.341
3869 3117.37 1126.88
3870 1506.26 2172.11
3871 2883.9 2081.14
3872 1898.09 2311.27
3873 2475.08 3045.08
3874 388.508 1770.93
3875 344.201 110.647
3876 1557.32 2495.44
3877 2445.96 612.005
3878 1141.79 202.03
3879 2992.13 3269.66
3880 131.603 1007.78
3881 1242.23 2640.2
3882 338.35 847.896
3883 687.246 574.395
3884 3168.99 201.251
3885 2868.18 2785.6
3886 2194.59 125.708
3887 1167.27 3070.69
3888 392.287 576.379
3889 1835.07 2322.67
3890 571.074 1742.53
3891 2842.99 564.479
3892 2055.55 2771.74
3893 526.349 203.184
3894 1355.61 1532.06
3895 1757.48 877.529
3896 1888.73 2046.38
3897 2287.29 424.502
3898 970.071 1133.94
3899 3081.55 2978.47
3900 539.13 1737.7
3901 2381.45 3247.06
3902 109.066 484.195
3903 2045.78 2136.14
3904 2901.49 2787.98
3905 2763.95 1615.55
3906 3148.58 700.591
3907 1292.24 1485.09
3908 2999.77 2568.2
3909 2949.45 672.252
3910 755.706 2643.48
3911 692.318 2898.28
3912 1254.38 2470.31
3913 3095.13 1895.42
3914 2697.06 2137.18
3915 952.357 2461.43
3916 2310.61 2555.51
3917 590.422 2214.65
3918 2442.44 312.967
3919 2077.67 687.479
3920 1046.09 2100.36
3921 492.052 416.368
3922 1547.47 2613.81
3923 1419.71 1769.56
3924 928.61 2234.59
3925 1411.74 137.632
3926 3059.58 1662.85
3927 1242.75 1258.39
3928 924.987 1305.91
3929 1563.97 1062.35
3930 3275.54 943.225
3931 197.447 2962.66
3932 1125.44 1395.83
3933 3163.34 1524.28
3934 2991.22 1500.05
3935 2861.86 228.566
3936 1502.11 1360.44
3937 2065.94 1708.78
3938 2116.37 1176.62
3939 1656.62 1854.28
3940 404.728 1590.95
3941 364.431 1474.44
3942 2159.86 1287.42
3943 3075.56 785.547
3944 2771.69 2788.04
3945 2303.82 282.636
3946 2447.23 853.416
3947 246.251 2954.06
3948 1014.63 1896.57
3949 1362.08 1596.76
3950 3087.13 2948.92
3951 2468.55 1987.62
3952 2660.76 2523.68
3953 2260.29 164.514
3954 2229.14 1950.07
3955 174.149 2159.68
3956 2999.14 1556.85
3957 97.191 3214.06
3958 1116.89 1129.6
3959 940.887 176.367
3960 3228.52 1494.55
3961 1201.72 780.2
3962 1463.89 1535.21
3963 793.527 1017.87
3964 2366.09 472.404
3965 585.485 1994.01
3966 2357.45 1789.04
3967 3268.04 2156.16
3968 1956.9 1163.66
3969 2629.11 1911.61
3970 67.5501 2324.32
3971 1040.16 984.55
3972 285.316 2582.41
3973 894.842 1754.15
3974 2106.34 2584.94
3975 1407.68 3093
3976 82.8192 1206.47
3977 3012.28 2293.35
3978 1035.69 1253.39
3979 2239.88 113.185
3980 2778.57 327.548
3981 2166.34 411.41
3982 2131.69 1639.87
3983 420.909 608.236
3984 2363.78 1494.84
3985 29.1862 2897.07
3986 3235.12 2418.4
3987 1372.92 2495.78
3988 23.3984 2451.5
3989 1186.74 1416.14
3990 1375.28 452.594
3991 1487.9 3102.67
3992 43.5649 1972.7
3993 586.626 2122.58
3994 2380.11 578.942
3995 727.737 2097.44
3996 48.7724 1049.94
3997 1085.3 1755.76
3998 1485.25 1723.65
3999 2302.39 677.754
4000 3031.29 609.236
4001 2992.57 2532.5
4002 881.229 2014.54
4003 2145.34 1669.59
4004 1825.14 979.775
4005 808.705 285.697
4006 949.286 1135.91
4007 1794.25 2681.89
4008 3248.67 1629.81
4009 1636.7 279.034
4010 1104.94 245.982
4011 264.162 322.913
4012 1308.21 597.191
4013 2438.73 1273.97
4014 1922.52 2840.73
4015 693.516 1229.85
4016 360.165 2309.98
4017 1351.81 2502.35
4018 2043.2 180.337
4019 3061.05 916.965
4020 2522.37 502.777
4021 1442.25 2886.77
4022 1738.63 2284.98
4023 1644.74 619.175
4024 2223.23 2192.62
4025 2614.12 1992.2
4026 2804.01 1125.12
4027 563.666 1581.36
4028 693.703 364.195
4029 86.1091 897.326
4030 2.20549 1080.74
4031 1543.92 1810.73
4032 1644.96 1864.48
4033 2373.67 1625.9
4034 1332.07 2250.39
4035 1996.22 2684.35
4036 2241.01 1447.84
4037 1318.65 341.589
4038 2625.15 1346.41
4039 3244.67 3188.92
4040 1219.92 2375.44
4041 2426.29 2405.81
4042 2421.66 1848.22
4043 499.197 1428.87
4044 403.007 2485.92
4045 2090.09 447.479
4046 2610.3 1049.71
4047 1507.68 1115.63
4048 2030.98 2038.15
4049 2631.94 1426.61
4050 2207.08 1852.04
4051 2598.5 681.79
4052 14.0979 1749.86
4053 3171.92 117.555
4054 1550.87 2691.28
4055 273.785 1925.76
4056 3135.25 2615.17
4057 1874.29 246.589
4058 2810.34 2043.88
4059 3110.01 2235.35
4060 894.123 3095.02
4061 1572.01 2653.06
4062 2179.57 2073.89
4063 1887.23 390.639
4064 1946.89 1826.16
4065 1115.62 2659.71
4066 2996.34 628.341
4067 1298.32 3232.8
4068 916.453 641.045
4069 856.713 1561.97
4070 589.096 1227.7
4071 538.988 1635.72
4072 2354.1 310.099
4073 416.755 1276.62
4074 2464.75 1229.25
4075 3223.15 2289.82
4076 555.086 1286.93
4077 1032.95 713.044
4078 1763.99 178.377
4079 1983.26 2393.57
4080 723.502 2775.04
4081 3266.11 2906.61
4082 2648.67 1152.32
4083 176.049 795.684
4084 2404 783.026
4085 983.427 2525.94
4086 2343.5 665.949
4087 927.655 1258.42
4088 463.273 102.778
4089 1458.27 1198.72
4090 444.887 255.534
4091 1838.4 2621.42
4092 651.933 2943.12
4093 1148.77 648.859
4094 350.938 145.464
4095 249.529 790.228
4096 553.753 31.6875
4097 719.374 1442.64
4098 2521.56 750.529
4099 550.806 1848.33
4100 1223.86 342.485
4101 1774.54 2747.8
4102 1250.89 2053.59
4103 3260.67 2573.99
4104 394.578 1432.86
4105 2223.48 719.318
4106 2676.86 2200.14
4107 1956.34 2673
4108 1732.83 885.354
4109 382.545 1415.65
4110 808.817 645.836
4111 2204.81 1052.18
4112 899.547 2023.02
4113 3002.03 2948.16
4114 633.282 12.6704
4115 1985.1 2095.64
4116 2149.85 815.119
4117 20.9516 1239.16
4118 2969.97 1667.59
4119 685.418 237.451
4120 1054.34 435.18
4121 655.387 519.81
4122 309.023 2982.01
4123 1835.58 329.126
4124 1810.68 434.731
4125 1758.14 2475.17
4126 1911.84 800.549
4127 433.76 801.221
4128 921.004 1297.24
4129 1295.38 439.216
4130 1784.23 2844.04
4131 1909.47 2618.68
4132 231.67 2354.61
4133 1262.73 1479.86
4134 2056.12 1484.49
4135 574.194 2457.19
4136 1156.88 1679.72
4137 2003.24 2513.08
4138 647.454 278.06
4139 1693.91 1504.09
4140 2888.1 2538.24
4141 1289.09 2158.44
4142 2223.4 2524.43
4143 480.47 730.378
4144 571.658 647.782
4145 2957.64 1087.46
4146 1090.07 2788.14
4147 2688.52 1224.1
4148 1767.05 1673.52
4149 1382.85 603.439
4150 2155.65 733.976
4151 3070.86 2307.02
4152 407.079 2931.43
4153 220 3022.35
4154 230.284 1362.84
4155 2395.76 1521.74
4156 3139.79 2223.05
4157 3223.8 1381.65
4158 933.156 1224.53
4159 1579.17 1121.55
4160 2196.19 662.982
4161 1672.8 1360.18
4162 981.22 1520.33
4163 2292.92 527.615
4164 2713.94 1117.37
4165 2474.96 1345.15
4166 2924.94 1350.19
4167 3274.01 2146.94
4168 2441.61 1566.65
4169 1354.25 91.2841
4170 170.678 2788.45
4171 796.488 2497.98
4172 43.8998 1154.45
4173 2970.59 2116.7
4174 980.25 1949.74
4175 1089.32 569.757
4176 2826.61 2495.44
4177 1958.29 1227.44
4178 2068.89 1285.59
4179 3215.32 2215.74
4180 1341.07 1201.88
4181 215.326 2705.06
4182 445.098 630.173
4183 1896.76 402.253
4184 1262.98 1507.64
4185 332.765 1299.87
4186 2072.58 2746.7
4187 425.461 1394.5
4188 2041.44 1357.94
4189 1399.78 759.778
4190 2342.79 837.579
4191 1494.69 1697.79
4192 1316.4 1588.78
4193 164.69 2721.77
4194 1643.03 3198.06
4195 59.153 2415.76
4196 526.561 764.138
4197 2294.65 1762.73
4198 1294.52 1166.26
4199 2943.51 579.468
4200 1358.95 2580.5
4201 2421.33 2271.27
4202 3115.35 1567.76
4203 796.297 2981.94
4204 1482.7 2022.85
4205 517.257 784.834
4206 2983.18 1531.59
4207 1290.09 1031.79
4208 2293.51 194.835
4209 2286.16 2197.57
4210 3084.78 511.433
4211 2443.42 2490.47
4212 1289.38 1928.95
4213 2906.92 2980.44
4214 1605.85 812.251
4215 442.538 258.017
4216 1597.88 1322.19
4217 1406.68 1955.54
4218 875.643 2481.47
4219 2610.34 770.674
4220 2196.63 1060.71
4221 1469.85 1743.88
4222 847.158 2034.88
4223 2921.26 1380.46
4224 2570.21 1034.57
4225 1998.79 1311.19
4226 886.983 835.273
4227 1202.74 2144.85
4228 2752.25 1403.77
4229 1334.17 650.632
4230 68.0746 2024.8
4231 2677.01 1600.59
4232 2460.41 3118.3
4233 2842.06 279.044
4234 246.141 1316.96
4235 2525.47 2127.49
4236 491.097 2608.22
4237 1367.64 481.506
4238 1449.06 1534.14
4239 2644.87 1446.25
4240 2368.25 555.835
4241 3177.34 2833.48
4242 2846.9 2196.14
4243 42.8856 2492.41
4244 3123.83 242.873
4245 908.062 2107.93
4246 1021.24 2863.64
4247 2451.79 1777.73
4248 464.612 130.386
4249 2733.21 1984.9
4250 3059.72 2423.95
4251 2063.04 2287.94
4252 2846.61 1126.17
4253 155.085 427.48
4254 1352.61 738.901
4255 2674.75 822.414
4256 2925.1 1075.14
4257 66.5115 1699.46
4258 361.649 1024.54
4259 2098.21 378.886
4260 2797.44 1199.22
4261 1488.07 3049.52
4262 2306.44 644.39
4263 2588.02 2878.3
4264 85.1711 2692.28
4265 797.039 148.043
4266 1192.24 36.8462
4267 1929.44 1408.16
4268 203.423 1975.33
4269 1567.58 2792.3
4270 225.417 1683.51
4271 975.066 1043.69
4272 1250.43 2991.68
4273 158.134 1070.95
4274 47.5561 2810.09
4275 1248 2053.28
4276 1755.66 997.942
4277 491.562 987.552
4278 510.596 450.128
4279 682.869 73.5667
4280 1512.75 1054.4
4281 2969.28 437.084
4282 506.06 162.011
4283 1012.7 1191.67
4284 407.569 2256.49
4285 127.795 423.827
4286 126.885 1982.19
4287 2555.75 561.378
4288 433.053 33.7225
4289 3085.94 289.358
4290 1997.37 679.919
4291 2116.46 987.414
4292 3013.01 2402.9
4293 3226.09 2538.6
4294 850.851 3217.77
4295 1981.23 2560.18
0 123 21.0187
0 1428 39.8738
0 2228 61.4397
1 720 51.9093
1 2404 65.314
1 2431 45.2252
2 770 59.4195
2 2045 107.224
2 3543 89.445
3 287 30.3302
3 573 40.7921
3 1353 45.9317
3 1806 56.8391
3 2965 24.5981
4 306 60.7459
4 448 17.6416
4 1254 58.239
4 3253 56.8958
4 4027 26.2315
4 4071 75.6366
5 10 58.2772
5 1972 28.8601
5 3646 34.0338
6 2622 25.0499
6 3379 49.0662
6 4055 52.3533
7 77 22.6583
7 1738 46.549
7 1945 16.467
8 163 42.5981
8 698 31.748
8 2115 61.0817
8 3427 40.4576
9 180 44.1599
9 641 53.782
9 1367 66.4444
9 2718 42.2698
10 1972 41.3616
10 2707 43.6754
10 2850 53.9829
10 3646 8.68437
11 308 52.517
11 703 55.4504
11 1939 35.2594
11 2669 32.1223
11 4099 77.3877
12 1029 117.285
12 2432 95.1668
12 4075 30.8059
13 623 99.0857
13 1700 33.8434
13 3368 30.4677
14 944 68.9023
14 2631 33.8945
14 3889 13.3277
15 1865 44.5849
15 3214 61.1326
15 3271 21.013
16 440 111.616
16 721 117.909
16 1196 59.0016
17 1631 59.9952
17 1792 38.0198
17 3493 87.8803
18 1373 152.623
18 3054 131.425
18 3230 81.9571
19 272 9.2318
19 3105 45.5798
19 3914 62.2482
20 351 25.1561
20 2307 61.4289
20 2600 54.2366
20 3184 23.4175
20 3691 54.1798
21 652 38.0767
21 1383 74.3803
21 3358 33.5469
21 3851 55.888
22 1001 44.4522
22 2730 32.7087
22 3810 67.6521
23 285 102.924
23 1810 92.1205
23 3138 61.8141
24 192 70.4561
24 3039 81.4599
24 3806 103.959
25 438 65.6189
25 2355 67.241
25 2658 141.455
25 3028 125.218
26 52 58.1209
26 495 40.8478
26 810 19.3074
26 3944 75.8395
27 500 84.2756
27 842 16.3367
27 3001 96.281
28 1844 131.219
28 2406 9.24195
28 3164 61.1549
29 815 55.8738
29 1488 65.9758
29 1611 19.2179
29 1687 15.4908
30 131 58.3476
30 307 72.8407
30 323 93.5607
30 2265 55.6765
31 291 80.5813
31 2485 39.947
31 2593 29.0957
31 3048 35.8496
32 1003 53.4945
32 2933 8.41012
32 3824 72.1544
33 1033 104.421
33 2452 77.3726
33 3127 120.402
33 3935 111.405
34 1751 47.1239
34 2948 55.3155
34 4063 47.7483
34 4183 68.5313
35 432 45.1862
35 1000 76.0153
35 4049 49.146
36 2310 88.8117
36 4107 68.5193
36 4131 36.7629
37 2389 21.8481
37 2627 124.565
37 3261 21.018
37 3677 116.469
38 1217 23.5403
38 2537 77.0851
38 3235 73.1182
38 3569 77.9214
39 459 10.0684
39 914 22.0983
39 3829 14.443
39 4265 30.6696
40 595 15.5234
40 1556 24.2873
40 1750 46.2334
41 876 46.0386
41 1558 31.653
41 1861 38.2303
41 2111 52.9705
41 2185 46.3332
41 3843 32.3554
42 249 80.7517
42 546 92.7806
42 1994 34.2943
42 3702 110.773
43 669 50.4134
43 3480 56.2424
43 3524 51.6637
43 4272 58.91
44 1354 134.856
44 1665 86.5677
44 1855 70.0091
45 482 24.6495
45 1650 42.2906
45 1791 37.223
46 1758 71.6532
46 1968 54.6356
46 2753 83.9925
46 3440 109.756
47 750 29.9631
47 1165 76.3384
47 3837 32.0356
47 4063 38.7715
48 1441 47.5687
48 2237 97.101
48 2774 53.9028
48 2792 72.1477
48 3820 51.778
49 731 71.0277
49 2132 10.6246
49 3971 76.8611
50 108 51.1333
50 483 44.764
50 607 83.5095
50 927 53.3437
50 2770 68.5879
51 431 69.7066
51 581 127.306
51 1997 59.8694
51 3165 68.2608
52 280 86.2372
52 666 48.379
52 1030 44.0158
53 529 41.9705
53 552 132.361
53 1128 141.2
53 1969 65.1776
53 3263 64.1195
53 4114 65.1882
53 4279 72.1025
54 628 104.805
54 1881 71.9812
54 2211 71.5993
55 868 38.5531
55 1166 150.589
55 3572 66.3582
55 3816 64.6437
55 3875 50.8638
56 2259 107.858
56 2520 49.7009
56 3618 88.7407
57 619 65.4814
57 2636 87.3354
57 3173 49.1711
57 3876 70.8329
58 2141 49.0563
58 2407 26.5818
58 3530 45.6055
58 4088 32.8933
58 4248 49.6886
59 161 95.8093
59 3822 100.867
59 4152 34.439
60 1969 13.6841
60 3384 82.8507
60 4279 21.8181
61 662 38.5774
61 1995 38.0172
61 3496 38.3719
62 1273 47.3253
62 1397 132.745
62 3620 22.2121
63 650 40.8831
63 1838 103.631
63 3018 134.464
63 4210 166.567
64 422 44.7081
64 775 42.5433
64 3552 72.9382
65 910 59.4476
65 1112 65.2744
65 1387 7.65736
65 2943 45.7731
66 1162 61.1279
66 1876 77.8805
66 2358 32
66 2418 34.0085
67 470 10.7002
67 1123 56.5843
67 4214 66.3129
68 806 93.7808
68 2054 55.1352
68 2489 86.9526
69 782 94.53
69 1131 61.3924
69 4086 79.5225
70 2123 17.5731
70 2554 115.58
70 3365 75.3053
71 491 78.3787
71 1531 47.292
71 3117 89.0403
71 3424 26.7693
72 640 87.3501
72 815 97.139
72 3215 85.0853
72 4005 42.1057
73 1039 7.19911
73 1276 33.3499
73 1569 80.2659
74 104 59.1768
74 604 4.27713
74 1886 32.8327
74 2000 75.2576
75 1071 41.0793
75 2287 27.9211
75 2651 58.3919
76 779 53.8449
76 877 68.9258
76 3072 48.4124
76 3664 113.205
76 3951 69.3422
77 1453 26.5697
77 1738 18.0641
77 1945 34.3894
77 3859 33.7416
78 630 66.6581
78 2444 69.6943
78 2961 60.551
79 543 30.9416
79 576 53.8533
79 1312 37.389
79 4096 37.1313
80 644 24.6852
80 2569 39.5207
80 3169 67.2768
80 3409 78.9255
81 1138 43.3699
81 2176 14.6215
81 2897 53.2709
81 3257 59.4683
82 353 17.6517
82 1288 69.2346
82 1528 97.808
83 2354 81.23
83 3112 67.4966
83 3539 59.1294
83 3725 98.1502
84 3519 43.707
84 3623 83.8157
84 4082 57.4042
85 1790 71.8214
85 2107 102.217
85 2306 28.654
86 1394 62.7522
86 3155 20.9634
86 3398 90.867
87 242 91.9759
87 1348 79.6548
87 3499 108.479
88 259 38.2629
88 687 59.3105
88 1148 24.3621
88 2027 77.4864
88 2975 18.7586
89 510 110.969
89 797 46.9422
89 2296 55.6967
89 2361 58.5284
90 622 12.5077
90 1742 77.7389
90 2863 101.242
90 4235 30.6227
91 318 97.4398
91 730 44.2817
91 3577 119.27
92 190 58.527
92 1439 69.8837
92 3179 45.712
93 1391 66.9565
93 1608 44.6605
93 4291 106.64
94 757 44.696
94 1875 34.8902
94 2593 68.5439
94 2919 65.2351
94 2987 82.1685
95 316 51.008
95 519 26.136
95 1470 40.8549
95 3764 42.1953
96 1239 26.9723
96 2798 39.0144
96 2985 71.93
96 2991 45.7872
97 429 37.4912
97 513 60.1331
97 1533 12.2274
98 257 37.2518
98 2252 55.5932
98 3141 45.5264
99 1685 94.8296
99 2634 50.6995
99 3648 106.726
100 1035 46.5532
100 1122 61.613
100 1352 123.21
100 4251 90.4209
101 214 74.3979
101 2549 21.9708
101 4035 72.5403
102 134 57.4871
102 403 21.6291
102 1070 25.3722
102 2674 39.3154
103 1349 64.9041
103 1694 13.8942
103 1943 28.1592
103 3073 40.4765
104 561 40.0253
104 604 56.8913
104 2158 45.203
104 3002 32.5133
104 4068 39.7156
105 400 36.9594
105 601 57.3275
105 1783 90.4738
106 219 71.2903
106 936 14.6131
106 1782 12.3565
106 1922 70.2257
107 1822 34.6717
107 3976 87.9255
107 4117 108.707
108 794 47.5192
108 2295 91.9525
108 2338 67.6204
109 383 51.2326
109 2228 61.9208
109 2240 35.4553
110 326 41.7529
110 352 63.0364
110 1320 58.062
110 3291 85.2219
110 3993 94.4852
111 1120 47.1583
111 1801 74.5197
111 2005 34.9512
111 3600 54.2239
112 268 67.9502
112 1747 21.922
112 2472 45.9424
112 3075 80.421
113 532 25.2153
113 1559 56.6223
113 1721 16.9904
113 2561 24.8684
113 3811 78.6694
114 1649 43.4772
114 2997 36.3173
114 3171 26.9584
114 4101 20.6855
115 1072 61.023
115 2014 57.0312
115 4105 63.1601
115 4150 36.2627
116 961 98.9273
116 2096 59.2824
116 2294 12.2876
116 2529 34.3623
117 1493 31.2573
117 1870 36.5552
117 2475 70.169
117 4190 20.7078
118 1177 47.2251
118 1890 49.1273
118 3529 112.157
119 1079 24.8315
119 1651 35.1063
119 2831 39.165
119 3429 46.2127
119 3969 33.0911
120 1041 99.1249
120 1122 58.8687
120 2170 64.6976
120 2391 79.5397
120 4079 53.8757
121 2029 22.1075
121 2062 38.8882
121 3306 82.7467
121 3534 13.011
122 518 23.0955
122 2513 72.2104
122 2641 55.8916
122 3992 56.8744
123 1428 76.0402
123 1933 86.9332
124 425 90.919
124 1046 24.5396
124 1297 13.6114
124 3981 58.3486
124 4259 78.3605
125 2016 84.5632
125 2501 9.45099
125 4010 90.5421
126 612 71.1111
126 626 39.0822
126 1743 59.1164
126 2931 17.3862
126 3580 49.3467
127 595 64.8433
127 1750 35.6949
127 3084 119.105
127 3204 76.3521
128 431 33.7669
128 2663 111.293
128 3086 107.662
128 3165 24.0562
129 1395 27.7786
129 3289 35.77
129 3865 39.6071
129 3989 35.9167
130 210 74.3581
130 1295 45.9484
130 1486 68.9493
131 2265 50.0039
131 3502 55.6838
131 3663 23.1389
132 1182 49.871
132 1759 57.1937
132 3308 87.0325
132 3728 73.7509
133 726 127.412
133 1092 35.649
133 3390 42.7101
133 3922 45.8371
134 321 101.658
134 403 56.1572
134 2121 60.8228
135 1114 124.177
135 2439 58.4344
135 3275 60.4713
135 3405 89.4592
136 821 53.5214
136 1762 19.7228
136 2794 50.3529
137 2147 70.4371
137 2808 68.8953
137 3292 56.152
137 3720 18.5044
138 919 24.4327
138 2052 38.112
138 2414 76.9822
139 1738 52.7455
139 2758 47.0035
139 3309 85.4281
140 538 45.7542
140 1024 69.9489
140 1323 59.281
140 2289 67.9521
140 2325 39.9149
140 3036 107.03
141 1953 70.508
141 2186 8.67195
141 2246 29.8002
141 3192 7.30351
142 2441 107.655
142 3512 84.683
142 4048 14.2158
143 523 66.7905
143 1652 61.1309
143 3076 44.1446
143 3391 62.8215
143 3584 88.3985
143 4095 69.9478
144 291 54.0145
144 929 91.6955
144 1127 82.9358
145 159 145.451
145 778 137.397
145 2599 34.1962
145 3756 173.735
146 1793 98.9186
146 2251 60.3714
146 2671 73.0628
147 563 58.8276
147 2212 22.2827
147 2803 78.0974
147 4229 49.202
148 2006 79.9616
148 3474 109.158
148 4269 72.446
149 1005 71.7458
149 1895 34.702
149 1997 23.054
150 289 98.2851
150 1007 69.928
150 1872 33.3858
150 2208 59.9435
151 586 42.5209
151 624 76.7006
151 1133 112.022
151 1863 77.1174
151 2157 61.1714
151 3804 72.3662
152 1188 48.391
152 1691 93.6369
152 2932 33.1384
153 446 23.7571
153 666 75.6384
153 1030 66.7657
153 2292 58.3218
153 2938 51.4339
154 392 128.622
154 869 99.8464
154 1761 92.1523
155 1194 68.4173
155 1389 55.1832
155 3563 22.6752
155 3745 42.4596
155 4271 39.3341
156 376 88.0833
156 3161 70.802
156 3900 49.3127
157 2043 116.896
157 2777 105.337
157 3108 11.9062
158 2331 85.5023
158 4042 114.348
158 4247 25.7688
159 761 105.318
159 3142 158.716
159 3756 120.406
160 163 45.6214
160 698 43.2378
160 2913 46.7914
161 858 91.522
161 1074 118.626
161 3110 99.6598
162 935 168.571
162 1610 64.7958
162 3241 69.709
163 698 11.8429
163 1552 55.0548
163 2913 57.569
164 372 43.6599
164 941 94.3413
164 1393 62.5853
165 654 43.4131
165 2981 94.788
165 3654 89.9548
166 218 109.955
166 833 42.8348
166 1741 78.1586
166 2749 58.3106
166 2927 123.998
166 3160 83.9611
166 3352 27.0367
167 1083 36.8389
167 1241 12.0657
167 2339 30.9452
167 2561 33.6924
167 3924 41.6741
168 457 13.289
168 3038 26.9561
168 3591 12.2895
169 1704 113.456
169 2450 26.2161
169 4120 38.0809
170 787 115.923
170 2885 88.3794
170 3673 91.4007
170 4041 38.163
171 310 48.3548
171 2066 93.0118
171 3210 53.6339
171 3595 32.3455
171 3697 108.66
172 1882 32.3614
172 2589 30.1475
172 3734 70.4799
173 488 165.081
173 555 67.6983
173 1291 125.313
174 340 64.5683
174 696 19.0439
174 1619 70.0416
174 2344 63.9603
174 2564 54.6312
175 536 83.767
175 1424 42.2842
175 2022 76.8029
176 1191 61.6967
176 2016 52.9075
176 2048 98.9908
177 246 26.8551
177 1302 56.8025
177 1826 64.5653
178 249 56.0672
178 1869 43.994
178 2046 28.0932
179 731 54.0733
179 2125 90.0033
179 2699 34.9236
180 1728 68.8756
180 2718 41.568
181 2478 56.5229
181 2667 20.3204
181 2769 51.4954
182 1518 32.421
182 2136 41.9321
182 3834 27.1747
183 1464 139.893
183 2476 160.244
183 3566 74.0534
183 3571 99.0276
184 221 30.9355
184 2655 11.7579
184 2677 53.2414
185 350 77.4736
185 1778 14.709
185 2021 80.4021
185 3797 95.4386
185 3815 58.5736
186 1213 86.852
186 1263 43.3176
186 2155 121.413
186 2373 90.0336
186 4213 63.8624
187 570 21.8096
187 1426 41.6908
187 2554 44.1173
188 1083 75.9392
188 1770 82.0016
188 1967 28.567
188 3135 43.1131
189 2348 127.791
189 3346 69.4942
189 4125 91.9621
190 255 65.9576
190 1439 60.2457
190 3179 33.4543
190 4028 62.2961
191 359 68.0199
191 2142 45.1761
191 3286 46.1733
192 3008 74.1858
192 3039 39.054
192 3806 48.3242
193 978 32.4552
193 3644 121.421
193 3670 129.473
194 1741 60.509
194 2892 41.6391
194 3990 69.2078
195 1314 16.7549
195 1887 99.6496
195 2747 56.7405
195 3768 59.8761
196 2471 69.3486
196 2496 119.509
196 2875 44.0264
197 1244 55.0301
197 1723 94.4207
197 1757 114.619
197 2621 61.0861
198 1982 95.0592
198 2812 10.593
198 3218 50.5452
198 3513 6.60137
199 550 75.9612
199 1414 107.684
199 1634 66.938
199 1937 91.9509
199 2449 53.7672
200 796 41.8696
200 1263 93.1817
200 2139 45.617
200 3847 46.779
200 4213 81.612
201 1053 29.6188
201 1152 25.5346
201 3578 40.0284
202 1019 60.7933
202 1477 18.7226
202 3142 115.954
202 3850 48.1767
203 290 46.5552
203 1432 29.6351
203 3573 59.998
204 2010 49.2389
204 4137 63.8434
204 4295 66.2422
205 947 101.85
205 1170 67.1728
205 2178 52.3703
206 371 38.126
206 2229 25.0398
206 2833 68.9254
206 3149 16.2725
206 3748 36.1138
207 1010 57.3577
207 1399 80.7982
207 3801 11.2669
207 4174 19.9658
208 471 45.5235
208 1741 73.8181
208 2140 30.6854
208 2749 44.4881
209 1449 68.8689
209 1736 68.3399
209 3146 58.889
209 3598 67.2965
209 3854 52.5199
210 1486 20.1817
210 2087 42.1798
210 2637 57.9116
211 299 43.0959
211 1371 71.3925
211 2937 69.7076
211 3098 25.103
211 3861 102.371
212 288 69.3986
212 1847 46.9554
212 2202 138.909
212 3220 77.1461
213 1535 56.043
213 1594 51.4866
213 2280 19.5686
213 2976 40.3383
214 1210 88.7467
214 2333 50.9465
214 3704 45.8951
215 802 63.797
215 1535 67.023
215 2013 58.686
215 2235 117.069
215 4267 69.4521
216 366 109.773
216 3001 93.7315
216 3721 19.206
217 2226 5.67491
217 3455 34.9327
217 3746 39.5396
218 318 61.3358
218 1190 128.453
218 3352 66.3141
219 936 73.9375
219 1782 61.1939
219 2627 140.188
219 2720 79.5413
220 2433 101.644
220 2502 63.4264
220 2979 45.1018
220 3491 62.0642
220 4110 53.6108
221 1821 63.6895
221 2170 34.7383
221 2655 31.3048
221 2677 78.5976
221 4079 66.6467
222 1733 23.721
222 1859 72.7593
222 2434 35.6116
222 4054 118.8
223 232 127.28
223 937 49.1429
223 1104 39.9251
223 3586 125.538
224 1803 80.9449
224 3477 19.8049
224 3806 101.701
225 1572 66.3995
225 1980 13.0243
225 3937 60.7595
225 4003 56.2349
226 860 59.4297
226 2299 35.454
226 2439 107.679
226 3923 58.9688
227 611 27.9942
227 955 19.2662
227 1773 45.7322
227 1991 15.4553
227 3428 110.572
228 2363 60.1317
228 3066 78.3529
228 4132 41.429
229 807 37.2615
229 1672 38.9658
229 2512 58.247
230 739 14.2975
230 1415 76.5415
230 2735 61.5578
230 2775 81.0644
231 849 39.9523
231 861 108.278
231 886 72.9671
231 2917 16.4778
231 3608 78.9241
232 2745 62.7156
232 2778 59.0575
232 2807 13.9833
233 1237 45.0016
233 1839 61.8826
233 3665 99.9626
234 1006 3.70145
234 3379 58.0064
234 3434 16.1232
234 3547 42.3976
235 1200 36.9056
235 3320 29.8821
235 4287 27.8011
236 699 8.64781
236 826 46.9916
236 3337 1.83964
237 1975 66.0563
237 2762 48.1566
237 2821 25.0489
237 4171 39.8005
238 1802 33.8835
238 2783 52.8428
238 3544 19.3931
238 3560 65.1297
239 241 114.151
239 649 62.0054
239 2540 48.3399
239 3693 15.1997
239 3706 1.6069
240 506 1.69031
240 1097 65.5089
240 1192 68.2723
240 3963 16.8303
241 649 41.8789
241 4180 50.5963
242 1348 65.6745
242 3051 82.8288
243 1684 34.5757
243 2403 43.867
243 2546 87.6392
243 3565 84.8393
243 3936 64.2596
244 982 59.2659
244 1730 74.6251
244 3330 41.3736
245 846 60.1021
245 1756 85.9588
245 2035 50.0595
245 3894 17.7185
246 1419 93.8504
246 3451 75.506
247 447 108.197
247 1403 46.1773
247 1416 48.81
247 2524 75.1968
247 3856 88.0265
248 798 10.8194
248 1334 61.765
248 2100 62.6481
248 3504 27.4667
249 464 53.3597
249 1869 35.938
250 478 64.7502
250 2357 44.5941
250 2464 47.6016
250 2767 61.5638
250 3397 71.3265
251 901 35.4167
251 1616 83.5107
251 1984 66.1207
251 2423 44.402
251 3133 47.6575
251 4240 79.7875
252 1609 91.697
252 1745 11.7763
252 1921 30.2454
252 3726 131.984
252 3761 32.9595
252 4228 44.7028
253 2536 33.7286
253 3401 30.6245
253 4073 36.1259
253 4185 107.957
254 651 47.2476
254 837 54.3753
254 1892 85.6913
254 3564 117.447
255 1488 70.9582
255 3179 43.963
256 1368 28.7198
256 1827 98.1727
256 2941 26.6049
256 3496 49.5005
257 569 92.5049
257 946 69.4365
257 3141 39.384
258 2108 80.4717
258 2742 24.8503
258 3319 71.9456
258 4039 49.4868
259 528 109.93
259 1148 52.6239
259 2266 79.268
259 2975 34.3188
260 587 51.6686
260 2381 93.9019
260 2492 76.9887
260 2960 29.1302
261 655 2.82673
261 1012 20.0745
261 1676 34.2929
262 674 43.0525
262 2858 55.5742
262 3833 81.4995
263 828 69.5569
263 1881 77.2783
263 2610 78.9576
264 766 67.3046
264 1925 85.6536
264 1934 91.1214
264 2925 110.559
264 3355 120.581
265 1586 134.41
265 1837 41.2348
265 1981 103.298
266 1008 30.2992
266 1796 44.5547
266 3722 83.3455
266 3948 81.3518
267 408 128.513
267 539 35.0966
267 672 32.6356
267 3210 85.9265
267 3813 60.2865
268 368 89.7472
268 3075 10.1958
269 625 57.2083
269 1703 16.187
269 3290 74.3807
269 4047 83.6595
270 1379 30.363
270 1909 43.1208
270 2613 66.2986
271 3501 46.1255
271 3795 38.0033
271 4270 31.4807
272 3105 50.4308
272 3914 52.5552
273 406 112.539
273 647 90.8103
273 786 132.87
274 615 83.4937
274 2570 46.7977
274 2589 100.07
274 2889 32.976
274 3734 52.5801
275 620 48.2779
275 784 32.887
275 1596 13.9996
275 3885 29.2475
276 381 64.6721
276 661 84.8217
276 2188 69.1956
277 1716 40.8517
277 1944 85.1472
277 2018 70.1503
277 4074 91.594
278 827 132.966
278 1203 43.1637
278 3616 116.498
278 4232 43.9235
279 1004 105.141
279 1304 18.7097
279 1582 92.2218
279 4244 66.5093
280 666 55.6415
280 1329 78.7096
281 880 46.2034
281 2946 47.2895
281 3118 40.1128
281 3643 75.5493
281 3862 8.38061
282 481 52.5717
282 788 40.1082
282 2958 61.537
283 562 16.2764
283 2518 44.954
283 3957 37.3838
284 1380 66.289
284 3060 76.1357
284 3713 13.4177
285 1605 21.1306
285 1810 60.8021
285 3138 8.76115
285 3708 114.328
286 996 90.3795
286 2291 57.0813
286 3949 106.759
287 573 43.1933
287 2965 31.2563
288 1847 116.874
288 1922 68.3283
289 851 31.1413
289 3101 98.1808
290 1454 26.7205
290 3573 23.0017
291 2593 101.393
292 1471 82.6232
292 2476 89.7543
292 3070 65.8501
292 3096 119.184
293 1554 85.4209
293 1688 113.527
293 2716 79.9231
294 823 56.389
294 2466 50.6179
294 2955 22.78
295 1672 22.2368
295 2512 29.9293
295 2928 50.582
296 2577 29.2882
296 3406 51.3414
296 3844 76.0871
297 742 5.08435
297 2164 73.0095
297 2545 64.6566
297 3881 39.2293
298 663 31.1898
298 1463 16.719
298 2598 58.486
299 2478 57.5551
299 2667 62.9607
299 3098 25.3984
300 492 111.266
300 2281 57.2444
300 2510 27.7458
300 3211 49.8273
300 3482 143.047
301 840 42.7576
301 3501 56.8938
301 3659 54.703
302 512 23.934
302 681 16.5778
302 1143 55.3835
302 3576 43.2161
303 404 63.8581
303 2852 75.1779
303 3902 57.2211
304 732 76.0382
304 1744 58.4922
304 1998 51.1441
304 3272 94.1155
305 1306 71.8383
305 3125 91.0952
305 3853 84.6308
306 448 70.9312
306 4027 14.6292
307 323 23.1496
307 2265 61.4679
307 3369 71.0437
308 1619 37.9309
308 1939 64.6749
308 2765 81.1068
309 2693 58.2311
309 3090 36.8955
309 3250 80.8275
309 3840 47.1714
310 1823 76.6738
310 1956 57.6704
310 3595 72.8773
310 3697 104.709
311 767 34.2783
311 1994 69.7243
311 3278 86.9569
312 2400 59.6044
312 2484 28.35
312 2838 32.5005
312 2918 16.9944
313 1476 70.7009
313 1724 81.4801
313 4093 101.425
314 1541 70.4187
314 3692 32.8233
314 3791 43.9989
315 2736 7.35618
315 2956 44.311
315 3079 94.7147
316 3545 89.355
316 3764 88.9522
317 1992 105.423
317 2220 13.2787
317 3436 81.7438
318 3352 86.8645
319 533 31.7848
319 582 51.7282
319 2628 45.4278
319 3488 29.9287
319 3914 32.1746
319 4106 75.0542
320 862 40.9301
320 954 31.9907
320 1843 67.2621
320 4240 54.0812
321 403 74.8648
321 2008 48.4546
322 873 105.699
322 2796 73.2208
322 2908 59.6004
323 3369 52.2859
324 390 37.1826
324 1570 71.5053
324 2137 92.5014
324 2978 106.801
325 2247 97.7454
325 2739 29.91
325 2818 30.9773
325 3238 46.3649
325 3318 60.139
325 3389 108.524
326 690 99.1705
326 3291 101.615
326 3993 67.5327
327 1474 100.141
327 2679 97.2378
327 3927 134.999
328 665 50.6218
328 1880 26.2679
328 3934 101.094
328 4206 74.6752
329 1560 37.9455
329 2304 85.6468
329 3183 22.8347
330 2904 66.4413
330 4170 128.944
330 4181 83.0003
331 1754 70.6748
331 2721 72.1866
331 3118 31.5106
331 3643 93.0209
332 1292 46.5067
332 1399 88.8177
332 1471 66.8294
332 3070 34.8879
332 4112 76.1245
333 445 26.5706
333 906 26.9297
333 2392 41.9263
333 2881 34.6758
333 4276 76.0487
334 346 40.0599
334 665 73.0385
334 2835 46.2406
335 515 56.9365
335 2534 31.9363
335 3559 35.1524
336 722 99.6581
336 2099 51.4649
336 2793 37.49
336 3567 47.8153
337 579 92.4671
337 1575 61.5737
337 2700 60.029
338 343 46.5197
338 549 29.4335
338 4105 106.165
339 930 17.6457
339 1124 101.836
339 2011 52.4804
339 2017 107.622
340 461 63.267
340 2344 47.0476
340 3647 39.8323
341 1670 32.8606
341 2567 31.3229
341 2910 54.3626
342 426 50.9581
342 907 136.998
342 991 82.3118
342 2358 78.564
343 549 40.7106
343 3294 112.465
344 522 54.6409
344 885 53.5052
344 2263 36.1624
344 3035 35.4936
344 3233 52.0272
345 393 5.12366
345 424 88.7556
345 1331 57.3489
345 2926 37.8017
345 3959 100.989
346 2835 79.8589
346 3033 71.2076
346 3217 82.9322
346 4118 106.596
347 624 64.0296
347 1461 59.051
347 4249 43.1043
348 627 76.2808
348 1523 113.565
348 3672 60.2845
348 4214 34.1928
349 787 61.7228
349 1032 62.842
349 3662 3.76289
349 3766 61.512
350 1778 66.5835
350 3117 75.0663
351 3184 47.0122
351 3691 31.2627
351 4058 83.9079
352 1320 20.0314
352 1818 72.8074
352 2069 29.9471
352 2916 47.0598
352 3754 103.044
353 1288 90.0313
353 1528 66.7198
353 2798 74.088
354 1496 63.2911
354 1701 93.0594
354 2077 98.4631
354 3136 23.7026
354 3826 45.3598
355 1274 66.4242
355 2189 86.9654
355 2422 120.806
355 3582 64.6335
356 1307 121.169
356 1427 68.7771
356 4019 72.9735
357 1902 40.495
357 2323 24.8748
357 3027 40.3731
358 1443 29.368
358 2874 108.381
358 3012 18.3711
358 3483 33.0608
359 2142 27.9492
359 3180 78.0144
359 3471 52.6403
360 1179 19.4766
360 3338 118.061
360 4016 91.8203
361 540 92.1791
361 932 75.4142
361 3445 75.1299
361 4040 74.3687
362 934 112.987
362 1267 66.7792
362 1622 18.6257
362 1764 27.0384
363 835 26.9905
363 2304 58.6956
363 2523 62.9641
364 1347 53.7593
364 2286 138.452
364 3811 100.11
365 1489 67.1962
365 1848 67.3901
365 2372 63.7681
365 3023 83.1794
366 998 113.876
366 1636 68.0848
366 4266 65.2699
367 1617 92.4775
367 2506 7.66329
367 2861 11.0826
367 4127 42.9483
368 1398 103.2
368 1607 45.1657
368 2232 17.0551
368 3075 63.9293
369 922 97.4367
369 3240 57.3678
369 3408 93.9014
370 565 96.342
370 765 66.6645
370 3291 12.4443
371 1588 43.4858
371 2944 129.981
371 3149 36.9092
372 678 139.786
372 941 54.462
373 536 27.8452
373 2022 30.5808
373 2149 34.6113
373 4264 74.7908
374 2435 47.0409
374 2694 97.9436
374 3303 101.425
375 2473 58.5705
375 2962 115.245
375 3311 65.9884
375 3416 83.2437
376 828 99.9233
376 3890 51.3569
376 3900 14.7998
377 413 45.3492
377 1016 22.127
377 2588 95.894
377 3864 28.1137
377 3872 62.9852
378 792 139.92
378 1798 30.0367
378 1906 117.821
379 1341 53.3378
379 1866 58.5207
379 2452 35.0692
379 2714 28.6475
379 3420 39.5053
380 526 64.6292
380 1423 33.5194
380 1885 51.1721
381 528 105.629
381 2266 93.5831
382 704 67.8197
382 1983 33.5676
382 2236 87.1223
382 2664 59.1137
382 4111 41.071
382 4220 43.1634
383 2228 26.2403
383 2240 50.7022
384 874 35.4043
384 1242 15.7718
384 2134 36.94
385 434 39.5349
385 1538 107.523
385 2611 23.0876
385 4127 57.6352
386 1748 122.621
386 2200 149.441
386 3065 38.8961
386 4281 101.074
387 548 30.6761
387 585 36.6243
387 1507 67.9287
387 3954 35.0367
388 755 63.1262
388 1216 47.192
388 2270 33.9726
388 4147 41.4512
389 1061 23.0264
389 1319 30.881
389 1519 14.8926
389 1979 40.4401
389 2399 87.189
390 1570 81.7049
390 2137 27.9182
390 3169 80.5312
391 733 53.1783
391 2074 29.8204
391 3669 91.9481
391 4209 17.1945
392 1761 34.9065
392 1986 67.636
392 2465 82.5739
392 3129 29.3517
393 424 68.4294
393 1331 49.1816
393 2926 32.9191
393 3959 108.237
394 1481 50.0985
394 1504 38.349
394 1947 68.1848
394 2651 41.108
394 2951 29.6365
395 609 111.811
395 1183 39.7795
395 1833 89.2815
396 2171 104.641
396 2983 71.5875
396 4265 66.7537
397 3455 58.0494
397 3746 70.4783
397 4074 116.881
398 523 56.8288
398 754 38.6328
398 1652 53.1323
398 1696 64.0255
398 1946 43.0679
398 2257 35.976
399 547 77.3653
399 1279 88.0439
399 2879 100.47
400 601 32.724
400 1911 97.6514
401 2622 48.9513
401 3379 32.4402
401 3527 43.0895
402 1534 52.4535
402 1990 84.5309
402 2109 46.3858
402 3903 74.3491
403 1070 39.1483
404 2124 57.1782
404 2852 12.8825
404 3902 56.8173
404 4285 77.48
405 2275 98.3239
405 3909 40.2735
405 4066 105.475
406 786 53.0657
406 3348 89.5194
406 3841 63.5041
407 1702 34.8704
407 1724 68.0665
407 2362 67.9124
407 3579 120.776
407 3961 11.082
408 539 90.9499
408 1294 112.684
409 1953 84.4805
409 1971 75.1178
409 3550 30.2988
410 719 36.0578
410 928 82.8793
410 1516 47.4018
410 2060 27.7083
410 3194 33.915
411 720 51.9442
411 2431 62.292
411 2895 50.7605
411 3908 82.3539
412 456 58.751
412 838 54.5097
412 1222 56.1975
412 1862 33.0393
412 2225 54.994
412 3915 49.0076
413 822 29.8383
413 3864 26.5172
414 780 55.8398
414 808 22.0001
414 3206 25.0474
415 474 95.8222
415 781 65.5108
415 3025 89.2241
416 773 122.067
416 893 97.1481
416 1075 122.705
416 2507 94.8646
416 2571 107.839
416 2912 32.5926
417 1090 93.7691
417 2335 59.6934
417 2410 30.1711
418 1431 29.2423
418 1495 70.3957
418 4022 18.5101
419 837 54.3233
419 2637 77.3458
419 3447 10.9633
419 3780 98.4353
420 1735 60.9853
420 2891 82.6253
420 3539 123.939
420 4226 56.4612
421 894 76.3435
421 1126 44.6552
421 3403 90.6441
422 1446 55.6285
422 3715 82.9678
422 4203 59.1144
423 471 101.526
423 1260 124.996
423 1797 126.368
423 2969 132.684
424 2614 89.5585
424 2725 78.1669
424 3114 49.9834
424 3959 117.585
425 861 128.63
425 1297 76.5919
425 4259 71.7286
426 991 21.8556
426 1876 78.7074
426 2358 38.7653
427 594 73.5126
427 685 101.854
427 1894 78.8567
428 1574 92.1033
428 2968 60.9545
428 3601 132.069
429 1533 17.9265
429 2119 85.5024
430 1348 101.647
430 2642 63.7843
430 3051 76.4962
431 3165 11.3355
432 1000 4.2785
432 1153 41.0183
432 4049 5.2496
432 4239 37.8955
433 824 106.676
433 2083 59.6195
433 3151 49.2898
433 3506 70.0691
434 2611 63.0648
434 4127 26.774
435 1270 30.3607
435 2883 24.4642
435 3415 49.5471
436 660 77.0032
436 883 69.8837
436 1205 69.0702
437 1301 22.8923
437 1410 32.453
437 4115 63.6089
437 3896 60.892
438 2355 39.4421
438 3028 29.7807
439 453 58.6846
439 1443 29.2133
439 2824 20.3871
440 721 69.9908
440 3640 40.0312
440 4204 35.7217
441 610 65.9162
441 3991 26.6175
441 4261 42.6379
442 1099 35.5014
442 2272 30.3141
442 3360 32.1411
442 3771 80.7634
443 450 82.7746
443 1385 50.5157
443 1513 60.3903
443 3314 98.5467
443 3334 173.659
444 1096 7.06778
444 2177 37.6163
444 2741 36.4625
445 906 31.4916
445 2392 50.408
445 2881 3.7041
445 2978 64.8961
446 2292 73.9428
446 2938 61.146
447 1388 78.9794
447 1403 61.6096
448 1254 45.5304
448 3253 84.4478
448 4027 39.4231
448 4071 86.4185
449 957 33.2355
449 1374 10.8418
449 1812 33.3468
449 2678 24.9466
449 2681 24.0277
450 1385 21.1058
450 1513 41.6269
450 1677 50.9155
450 2462 34.0633
451 509 83.9544
451 2603 35.8535
451 3105 74.4595
452 1753 43.2891
452 2461 63.9011
452 2848 44.6102
452 3724 56.1328
453 1405 19.1838
453 3777 15.5283
453 4194 41.7363
454 1508 93.7937
454 1632 51.7493
454 2209 98.4868
455 975 130.827
455 1278 44.2947
455 2819 139.868
456 838 56.2872
456 4218 55.5972
457 3038 35.2787
457 3591 23.0627
458 2256 35.5245
458 2665 59.1657
458 2767 106.236
459 914 9.47571
459 3122 72.8629
459 3829 13.5028
459 4265 40.3236
460 1684 86.3398
460 1965 89.617
460 3570 68.2853
460 4216 67.3409
461 2806 51.4996
461 3647 39.7879
462 2215 35.3455
462 3767 44.8882
462 3886 90.8232
462 3953 39.0944
462 3979 30.8678
463 1668 45.9534
463 2399 29.22
463 2773 72.4541
464 1869 7.74155
464 2046 60.5827
464 2900 59.8372
465 1132 73.7815
465 3741 15.7267
465 3793 74.5026
466 1171 65.3245
466 1418 76.9833
466 2893 104.083
467 2522 66.5724
467 2772 54.1937
467 3867 54.1408
468 1598 53.7914
468 1788 53.8077
468 3494 33.764
469 1125 103.253
469 2349 56.8611
469 3064 60.7502
469 3448 83.016
470 1123 48.0947
470 4214 65.4004
471 2140 50.826
472 635 10.187
472 1230 69.5859
472 2508 72.9407
472 3041 39.4131
473 750 112.379
473 1141 75.249
473 1663 98.0117
474 3025 5.42681
474 3134 49.4431
475 1895 29.8844
475 3907 31.3434
475 4133 39.6466
475 4184 64.1627
476 764 84.3207
476 3042 63.5897
476 4059 28.7678
477 707 120.005
477 1642 80.5489
477 3750 51.1352
477 4081 56.9622
478 2482 106.02
478 3957 69.7106
479 2698 93.8597
479 3014 60.8122
479 3946 21.1604
480 2095 45.0952
480 3099 50.7689
480 3262 56.4781
481 841 58.9773
481 920 15.1447
481 2958 10.242
482 1791 44.1973
482 3997 60.9129
483 927 33.6906
483 1811 76.7313
483 2770 74.8962
484 583 26.3304
484 1051 67.4004
484 1379 49.0848
484 2645 53.2674
484 3695 65.5801
485 1688 52.5261
485 1807 35.6523
485 2716 47.3276
485 3185 39.5904
485 3266 55.9623
486 554 53.332
486 1059 51.768
486 1453 59.9277
487 2040 24.3044
487 3147 17.4747
487 3437 35.6932
488 555 74.5402
488 2328 24.2983
488 2816 16.9024
488 3123 20.7031
489 531 52.1041
489 687 69.7137
489 1772 25.0497
489 2267 60.5855
489 2971 56.3583
490 2203 105.865
490 2713 50.6417
490 3150 40.409
491 1531 24.1817
491 3424 44.2829
492 2510 74.7905
492 3482 31.2436
493 918 64.5065
493 1865 50.0144
493 3419 70.3809
493 3446 74.1237
494 1659 32.3671
494 2985 66.0095
494 3269 72.501
495 810 49.6318
495 1030 13.281
496 1258 52.8492
496 1485 92.8778
496 1700 60.9353
496 2346 66.8952
497 2110 47.9386
497 2248 85.3618
497 2340 54.2856
498 749 21.3892
498 2686 91.4227
498 2925 84.6543
498 3772 21.2658
499 1020 114.653
499 3528 111.372
499 4212 82.1198
500 3054 108.466
500 3230 69.4576
500 3721 111.376
501 909 84.7944
501 1529 54.5176
501 2530 72.7011
501 3769 29.0826
502 1940 24.5466
502 2656 92.8841
502 3575 92.4276
502 3917 88.8714
503 1526 54.7143
503 3066 42.1092
503 3622 35.4899
504 1843 37.7628
504 2832 109.448
504 3399 45.9311
505 1057 52.8828
505 1675 48.5286
505 3423 53.654
506 1097 68.6612
506 3963 24.4183
507 997 78.8039
507 2350 39.3122
507 3124 59.3275
508 1808 51.4969
508 2003 25.2565
508 2018 55.98
508 3623 36.6448
509 2603 53.7048
509 3105 49.8769
510 1298 149.673
510 1527 62.3712
510 2296 56.6326
511 684 50.0206
511 1069 92.7831
511 1643 53.327
511 3453 71.6525
512 681 48.3512
512 1143 49.4156
512 1363 48.2838
512 3576 26.5549
512 4090 31.8045
512 4215 27.0245
513 1533 82.4065
513 1987 31.8901
513 4084 97.9417
514 1407 46.9426
514 1497 46.907
514 4270 53.1156
515 2534 35.019
515 4130 64.223
516 1174 100.296
516 1286 93.0094
516 3059 114.3
517 851 78.9746
517 1293 66.0084
517 3064 65.2843
517 3101 49.3185
518 2398 69.9175
518 2513 93.7603
518 2641 64.8373
518 3992 67.0775
519 1470 46.1793
519 2980 34.7627
519 3321 29.9388
519 3764 76.3612
520 855 78.4219
520 1169 63.7721
520 1654 19.7172
520 2873 102.363
520 4241 75.5396
521 2098 57.296
521 2662 38.3654
521 2699 91.2014
521 2896 24.6058
521 3325 28.6358
521 3690 33.7795
522 2079 40.9611
522 2174 103.881
522 2827 50.8908
522 3789 43.3916
523 1652 19.48
523 2647 61.5244
523 3882 85.2375
524 625 37.5562
524 1646 54.0249
524 3290 51.3903
524 3487 5.06897
525 882 54.7971
525 2253 31.4573
525 2343 77.7238
526 1423 26.2374
526 1885 27.8485
526 4164 38.7001
527 567 104.963
527 592 53.6497
527 606 28.8943
527 2291 74.9224
528 2266 8.18395
528 3015 64.8542
529 3263 31.7131
529 4114 98.5223
530 633 22.0899
530 831 76.4496
530 1852 61.2775
530 2129 6.90812
530 3705 53.3243
530 4168 61.6328
531 687 78.8558
531 2258 56.3927
531 2267 48.8348
531 3747 79.4101
531 3788 92.9859
532 1241 44.7379
532 1721 32.3958
533 2628 42.3165
533 4106 34.1489
534 969 70.0878
534 1468 69.771
534 1727 45.2444
534 3029 4.84971
535 1074 60.0824
535 3099 78.6036
535 3110 39.3792
535 3262 57.2146
536 1424 47.6656
536 2022 29.7799
537 939 48.7168
537 3624 72.2218
537 3997 94.5961
538 1024 46.0129
538 1323 30.8707
539 672 74.3862
539 3210 57.0826
539 3813 41.5267
540 1462 60.3265
540 2395 33.3301
540 4040 52.3153
541 867 135.155
541 3061 83.4154
541 4274 76.0102
542 2231 76.7965
542 2596 102.56
542 3628 87.7919
542 4220 66.1437
543 576 44.3796
543 1312 49.5411
543 4096 23.6456
544 679 47.6784
544 706 34.6499
544 1031 32.8066
544 1789 41.1294
544 2269 29.728
545 1871 59.5634
545 2051 61.1855
545 3183 73.6213
546 1994 82.4536
546 3113 71.3389
546 3702 16.5458
547 1239 59.9217
547 3269 77.131
548 585 98.7778
548 1507 46.3245
548 2597 62.456
548 2877 81.0871
548 3954 24.4836
549 4105 110.531
550 1414 20.2309
550 1937 24.5278
551 1090 51.6764
551 1289 57.5716
551 3226 86.8668
552 1128 18.01
552 3486 85.4814
553 636 9.3553
553 3608 99.7061
553 4018 61.4749
554 1433 57.0095
554 3093 70.5694
555 2816 50.0333
555 3123 64.0289
556 1261 41.3148
556 1683 47.2567
556 3878 54.6897
557 2632 54.714
557 2872 48.2698
557 3855 72.4928
558 1771 37.3414
558 2549 127.06
558 4186 91.6324
559 895 21.1389
559 2856 71.9098
559 4046 86.9872
559 4224 62.662
560 584 46.6105
560 751 40.5946
560 847 37.6678
560 3298 45.8363
561 2566 37.7256
561 3002 55.0703
562 2518 57.541
562 3957 42.4009
563 2212 61.7447
563 4229 45.5741
564 1727 67.6408
564 3345 60.7154
564 3594 55.1509
565 2069 61.3616
565 2916 26.8898
565 3965 47.4134
566 772 58.6556
566 774 74.7066
566 878 61.4433
566 2668 83.0323
567 592 39.5101
567 3275 25.4117
568 1444 83.5572
568 1842 92.1651
568 2235 33.6404
569 946 40.9684
569 3141 65.3394
570 1426 14.857
570 2554 56.0775
570 3345 55.6994
570 3594 33.5877
571 2193 56.0406
571 3182 52.5082
571 3651 26.3622
572 2973 48.6568
572 3391 35.4987
572 4095 60.1895
573 2791 49.4136
573 2965 76.9437
574 3221 83.4732
574 3478 74.3254
574 3703 92.2089
575 1536 78.4016
575 1602 62.1397
575 2293 31.7291
575 3454 21.7167
576 4096 29.5243
577 1884 50.1671
577 3796 52.7275
577 4043 35.0768
578 1780 89.4807
578 2376 22.5705
578 3172 77.1469
579 1575 42.1618
579 3499 112.922
579 4227 72.4028
580 2604 45.9629
580 2797 55.1654
580 2892 115.209
580 3602 71.6556
580 4037 9.86816
581 3446 87.9044
581 3710 101.169
582 2863 99.2658
582 3488 45.0151
582 3914 61.5533
583 1051 39.969
583 1290 36.4994
584 847 51.8193
584 3444 92.0268
584 4051 63.0852
585 2947 102.962
586 624 24.9271
586 3804 46.3867
586 4249 38.0546
587 2381 78.2848
587 2492 64.0368
587 2960 98.5351
588 1333 47.2365
588 1803 46.4059
588 2903 14.6194
589 1027 52.4884
589 2014 65.9615
589 4150 53.3601
590 1227 55.0972
590 3475 42.0481
590 4236 25.919
591 1336 81.0118
591 1908 120.271
591 3058 69.5886
592 3275 53.6803
593 1064 79.4765
593 2359 60.5361
593 2379 45.8661
593 2828 100.781
593 2953 56.8256
594 1894 23.5254
594 3173 75.1076
595 1556 21.2987
595 1750 53.3065
596 1480 61.1853
596 1752 58.0197
596 4252 89.1078
597 736 88.0147
597 1444 94.5593
597 1653 49.8901
597 1924 40.0513
597 1955 70.8729
598 1749 91.259
598 1766 97.8505
598 1805 21.5828
598 3516 65.5394
599 1109 45.9747
599 3060 39.2124
599 3629 29.5779
600 1462 43.5288
600 2395 64.3279
600 3635 35.4827
601 1729 95.6288
602 2587 75.6344
602 2766 57.0936
602 3369 144.994
603 1492 47.8097
603 2130 94.6205
603 2776 48.8748
604 1886 38.2106
605 1586 104.975
605 2747 55.8588
605 3768 43.9836
606 2291 73.6816
606 3949 76.7577
606 4192 50.8158
607 927 102.306
607 1824 89.7609
607 2770 67.5029
607 3910 88.3173
608 1262 36.1223
608 1949 43.1134
608 2438 136.058
608 2994 71.3122
608 3411 49.9796
609 1089 9.44606
609 2193 53.8892
609 2311 54.8662
610 1269 41.2086
610 1397 48.9676
610 3975 95.0847
610 3991 56.086
611 955 68.6391
611 1561 67.6469
611 1773 81.6766
611 1991 21.4084
612 626 76.2409
612 2931 88.1611
613 751 50.2802
613 847 30.8239
613 2372 55.4049
613 3298 23.2708
614 2522 33.8048
614 2711 61.6469
614 3270 65.9127
614 3867 82.9241
615 951 62.4288
615 2889 37.6266
615 3734 21.9714
615 3869 56.0893
616 2468 71.6801
616 2670 39.4833
616 2909 102.892
617 1463 69.5096
617 2834 75.7764
617 2977 78.4913
618 2834 50.3228
618 3890 96.4751
618 4099 126.17
619 2229 57.5024
619 2731 48.1941
619 3808 44.653
620 1356 50.1681
620 2493 54.6603
621 814 29.2066
621 2297 74.6609
621 2771 88.0878
622 705 55.2194
622 2863 95.2234
622 4235 36.0053
623 1258 42.1669
623 1700 67.4714
623 3296 48.0347
623 4125 82.6325
624 3804 33.2762
624 4249 43.235
625 1646 68.621
625 1703 88.5928
625 3290 47.4144
625 3487 58.861
626 1743 30.5677
626 2532 46.8307
626 2931 29.971
626 3896 54.8026
627 1523 55.2213
627 1809 50.8164
627 2632 65.2353
627 2872 85.644
628 2497 44.5518
628 2784 32.6762
628 3132 31.8246
628 3614 98.6662
628 3940 47.8252
629 719 80.7176
629 928 25.3801
629 3309 104.981
630 2961 95.4718
630 3297 78.3756
631 686 97.4752
631 953 41.6976
631 1192 75.4022
631 1194 81.2972
632 1598 75.2361
632 1788 55.0483
632 2299 70.0314
632 4031 67.2155
633 831 51.821
633 1852 49.1986
633 2129 22.265
633 4168 62.4592
634 1215 37.9568
634 2659 51.2796
634 2675 86.284
635 1230 65.7179
635 2200 107.457
635 2508 66.4187
635 3041 29.3085
635 3065 118.277
636 3608 120.588
636 4018 53.012
636 1066 72.7955
637 1658 55.4408
637 2245 94.2824
637 2453 108.814
637 3466 30.1848
638 973 10.126
638 2670 68.9448
638 2837 50.2153
638 2887 58.3495
639 819 97.8928
639 1084 59.5907
639 3036 74.0588
640 1957 90.554
640 3215 55.8097
641 1441 68.6772
641 2792 74.0524
642 1591 18.5639
642 2059 27.0546
642 2335 44.6974
642 2410 77.6581
642 3700 13.0867
643 2398 82.5921
643 2513 130.523
643 3270 117.444
644 2278 81.3179
644 2569 48.7401
644 3169 38.0753
644 3409 30.9895
645 1593 84.6072
645 2455 100.605
645 2810 103.64
646 746 36.3465
646 3426 42.8253
646 3659 57.8136
647 959 69.3322
647 2558 95.2998
647 2940 67.9847
648 1078 8.73739
648 3349 29.6897
648 3395 47.9333
649 4180 61.9787
650 1378 139.094
650 1864 66.9328
651 837 78.3992
651 1892 62.3865
651 3780 41.4831
652 2898 72.1893
652 3358 61.0117
652 3394 71.0564
652 3851 41.7099
653 837 50.7687
653 1411 79.5605
653 1456 30.9844
654 3170 70.1
654 3654 32.0002
655 1012 22.7989
655 1676 27.8258
656 771 102.468
656 1502 97.5479
656 1549 117.285
656 3673 104.879
656 4201 49.9459
657 673 90.0766
657 1599 56.1684
657 2053 53.027
657 4021 32.2488
658 749 60.3682
658 1501 66.6764
658 2341 75.1256
658 2686 18.9383
659 673 49.4849
659 1960 122.174
659 2173 54.3211
660 883 35.0061
660 1205 32.5677
660 1430 12.7778
660 4043 82.8048
661 821 31.3998
661 1648 71.5238
661 2188 52.4775
662 1326 51.4645
662 1995 46.1896
663 1463 37.783
663 2598 16.5229
663 3571 123.636
664 3163 33.8487
664 3299 51.6241
664 3375 35.9996
665 1880 30.8791
665 2835 80.6173
665 3217 85.5171
666 1329 105.292
667 2201 126.37
667 2320 121.814
667 3708 75.8676
668 1820 45.274
668 2049 75.4157
668 3287 15.0022
669 2984 104.276
669 3524 39.0117
670 991 31.2129
670 2197 64.8034
670 2273 26.5922
671 3267 97.2222
671 3381 79.3962
671 3460 48.6374
671 3984 80.8165
671 4155 31.6872
672 1959 81.6283
672 3356 66.8987
673 3860 61.1383
674 2078 46.8603
674 3792 81.5606
674 3833 15.6353
675 1440 107.657
675 1739 126.966
675 1768 52.1981
676 1617 54.4433
676 1948 61.5251
676 3203 55.3192
676 3666 29.7871
677 903 87.7418
677 1942 57.9312
677 2352 71.181
677 3226 84.7002
677 4044 44.4137
678 941 37.1803
678 1224 83.3584
678 2131 35.9587
678 2334 66.6076
679 706 57.4699
679 1688 72.7855
679 3351 56.9015
680 1858 32.4107
680 2138 56.5471
680 2619 93.9149
681 1143 44.0188
682 2195 21.4922
682 3803 42.4575
682 4124 45.4287
683 1474 35.2173
683 2384 21.3308
683 3843 69.7318
684 781 91.4398
684 1069 80.6413
684 1643 17.6443
685 931 101.698
685 2107 45.9427
685 3661 32.7067
685 3800 70.025
685 4200 55.6431
686 3461 114.593
686 3509 138.795
688 2419 50.4695
688 2857 96.8959
688 3717 31.544
688 3751 29.0657
688 4062 54.2803
689 1683 96.5084
689 2210 30.9569
689 3178 37.7698
690 1328 36.3549
690 1814 58.4248
691 1420 78.7437
691 1626 24.3227
691 2459 33.6375
691 3062 12.0496
692 1151 20.7536
692 1539 35.478
692 3025 86.3494
693 2523 51.5984
693 2630 58.9472
693 3034 56.787
693 3148 87.0015
694 1581 77.8801
694 2061 93.4047
694 2233 48.9936
694 3366 51.2845
695 2609 41.8032
695 2748 118.625
695 4011 84.1757
696 1619 37.4307
696 2344 51.4872
696 2564 48.9789
697 2112 42.309
697 2646 53.9712
697 3222 50.8042
698 1552 44.501
698 3427 40.1721
699 826 50.469
699 2382 52.1462
699 3337 11.1667
700 2122 43.4974
700 2268 59.0056
700 2911 60.7167
700 3481 94.01
701 757 92.747
701 819 42.5698
701 1084 40.7775
701 2919 62.8599
702 1478 37.9811
702 1718 53.8994
702 3208 57.6472
703 1939 61.4766
703 2669 38.1431
703 4099 26.6531
704 890 68.6027
704 969 49.1706
704 2236 32.5744
704 3022 131.877
705 877 24.5547
705 2880 24.2193
705 3072 69.3218
706 2269 16.5289
706 2455 100.439
707 3750 114.42
707 4081 99.1391
708 1384 82.9141
708 2741 69.1411
708 4278 65.7688
709 2217 15.6112
709 2633 56.5647
709 2849 22.8732
710 1421 93.2574
710 1919 60.5425
710 3522 80.3476
711 1168 47.8236
711 1511 63.587
711 3264 50.872
711 4149 41.2322
712 2437 84.4845
712 3246 80.9081
712 3986 95.5577
713 1065 57.2413
713 2019 82.5121
713 2238 45.711
713 4178 82.4663
713 4188 61.3568
713 4225 36.8448
714 995 129.203
714 1071 76.2878
714 2982 105.58
714 3617 39.2673
715 1115 69.9427
715 1172 40.2138
715 1831 14.2069
716 1354 48.3066
716 1682 115.726
716 4204 88.6585
717 1073 31.0579
717 1298 88.2036
717 2169 99.7018
717 2539 43.5563
717 3905 70.135
718 2945 21.0932
718 3016 47.2
718 3543 46.0681
718 3636 30.1371
719 928 81.1067
719 2060 21.5771
719 3194 39.1667
720 2404 59.7343
720 3709 65.1471
720 3866 68.1848
721 3640 64.2192
721 3658 87.1269
722 755 64.3725
722 2738 48.2595
723 2031 76.8441
723 2076 13.1722
723 2608 55.9101
723 1005 54.3582
724 857 67.4051
724 1346 61.4102
724 4050 76.5299
725 861 118.892
725 1240 50.6284
725 1457 67.0218
725 3244 109.098
726 3144 118.12
726 3390 87.01
727 1487 56.9935
727 1819 71.0543
727 2320 64.7749
727 3115 95.5976
727 3899 46.0146
727 3950 91.0326
728 1140 55.1065
728 2084 63.0498
728 2412 14.2598
728 2533 33.2719
729 759 81.6647
729 3212 67.9502
729 3249 42.8834
729 3877 76.4398
730 1421 96.6211
730 3153 108.762
731 3971 73.2539
732 2203 64.9862
732 2713 114.098
732 3150 153.764
732 4032 122.858
733 2073 122.753
733 2074 17.2331
733 2192 94.1386
733 4209 30.9353
734 968 53.671
734 1528 74.1098
734 3421 37.0784
735 1832 70.6205
735 3844 17.8696
735 4290 68.1278
736 1375 53.8878
736 1924 23.6872
737 843 84.036
737 3145 45.2283
737 3644 67.566
737 3687 81.6793
738 3032 59.5774
738 4035 28.6914
738 4107 63.4438
739 875 87.1049
739 1415 67.3625
739 2775 53.2166
740 3398 21.6208
740 3992 57.3513
740 4230 53.594
741 988 48.5266
741 1009 91.0188
741 1358 22.3843
741 1438 102.075
741 3469 122.746
742 2164 58.419
742 2545 65.063
742 3881 68.6341
743 1639 77.3853
743 2913 57.1179
743 3347 57.954
743 3981 46.6176
744 769 51.6768
744 3641 62.0503
744 3968 47.4587
745 2370 27.0299
745 2588 73.7277
745 2799 62.2296
746 2030 36.5484
746 3426 50.5962
746 3874 47.4026
747 2161 76.1173
747 2394 35.8926
747 3852 78.1618
747 4137 63.7639
748 822 38.5462
748 1437 32.7183
748 3388 31.6184
749 915 50.2568
749 3772 17.9075
749 3822 45.2667
750 3837 15.9024
750 4063 25.8353
750 4183 41.7054
751 847 30.9432
751 976 70.7506
751 2372 64.2716
751 3023 63.6061
751 3298 19.7474
752 1775 22.0758
752 2230 29.2533
752 2809 38.8955
753 789 13.5016
753 2285 56.3102
753 3000 39.7517
753 3577 31.1056
753 3925 36.4736
754 1696 42.4695
754 1946 20.5605
754 2257 21.2873
755 1186 48.7245
755 2270 28.6203
755 3567 62.2967
756 1638 123.249
756 2498 115.182
756 4016 100.804
757 819 46.2105
757 2919 79.4787
758 956 63.3574
758 2131 93.9088
758 2281 51.6593
759 2519 38.7652
759 3877 95.2603
760 1901 44.7784
760 2486 60.6168
760 3315 6.94155
760 3331 11.2344
761 1327 83.8002
761 3009 34.7382
762 1910 29.5817
762 2004 88.5632
762 3030 27.1901
762 3671 48.4279
762 4216 65.6231
763 1125 73.6397
763 1702 103.24
763 2362 96.9829
764 2251 112.438
764 3977 92.1781
765 3050 49.465
765 3250 108.072
765 3291 84.2658
766 1925 52.5477
766 2925 44.6976
766 3355 86.8051
767 1994 42.2203
767 3278 33.3165
768 879 18.3586
768 1712 85.4825
768 2111 84.5746
768 3701 103.956
769 1180 54.5379
769 1776 33.9356
769 4177 40.3744
770 2045 60.9835
770 2396 36.0295
771 3223 45.8246
771 4201 45.0574
772 1585 68.468
772 2668 49.3563
772 3458 105.282
773 893 58.6346
773 2066 108.384
774 2757 67.8364
774 3458 73.6085
775 2359 44.893
775 2707 59.4864
776 1122 55.6894
776 1821 16.7967
776 2655 48.4476
777 1163 60.6655
777 1264 42.0619
777 2367 42.3699
778 891 21.9992
778 1037 65.8338
778 1327 9.63093
778 2599 134.029
779 1369 47.3516
779 2104 71.1166
779 2386 44.2278
779 2826 47.517
780 2121 50.0303
780 3206 36.9595
781 3134 86.108
782 845 58.2536
782 3999 34.5514
782 4086 12.2232
782 4262 54.4229
783 1551 87.663
783 2546 76.6924
783 3936 101.655
784 1212 20.1952
784 1596 51.9611
784 3885 6.01641
784 3904 44.2173
785 2225 44.1198
785 3293 10.8992
785 4085 32.2901
786 1119 121.718
786 4094 97.1807
787 3648 117.032
787 3662 115.001
788 2958 100.11
788 3121 90.2732
789 2285 58.2689
789 3000 31.1571
789 3153 56.4995
789 3577 13.7353
789 3925 42.5501
790 1386 43.1312
790 3125 120.163
790 3853 92.3444
790 3970 39.0635
791 897 26.4902
791 1014 85.3289
791 1666 12.343
791 3106 37.4338
792 2760 44.578
792 3258 35.5033
792 3585 102.509
793 1749 72.8168
793 3339 75.5513
793 3516 114.479
794 1365 16.2742
794 2206 83.1833
794 3910 40.813
795 1276 93.6115
795 3354 80.9326
795 3738 92.7119
796 2139 13.1833
796 2323 43.5053
796 3847 43.0332
796 4113 38.239
797 2361 76.8194
797 2719 42.7627
798 1095 109.542
798 3504 24.8116
799 943 50.5662
799 1284 116.409
799 1896 20.8051
799 2935 87.0614
799 3531 55.3699
800 2065 32.835
800 2395 67.6174
800 2642 72.1475
801 860 103.242
801 2817 22.7582
801 3088 88.7422
802 2013 113.156
802 4267 20.394
803 1618 20.1914
803 2114 10.2184
803 2572 50.0557
803 4056 82.0941
804 1692 71.8377
804 2061 64.4807
804 2120 42.4272
804 2233 86.6173
805 1149 46.4717
805 1815 43.6969
805 2829 44.3594
806 1613 21.7727
806 2054 50.7394
806 3919 53.1861
807 1672 56.3543
807 3712 57.3739
808 2121 75.7629
808 3206 41.937
809 1164 48.852
809 3473 57.919
809 3868 72.1097
809 4053 24.752
810 1030 53.9052
810 3944 56.4951
811 1593 56.2523
811 1874 86.9091
811 2332 35.0026
812 865 68.8021
812 2890 69.1488
812 3849 18.8863
813 1779 50.8968
813 2156 142.477
813 3239 134.747
813 3593 45.7687
813 4080 44.3276
814 818 71.6582
814 1316 76.7375
814 2297 83.4341
814 2771 100.762
815 1687 60.6963
815 1957 62.7209
816 1079 33.424
816 2831 44.4443
816 2986 48.6277
817 1546 33.1383
817 2093 56.0587
817 2282 37.4341
818 1316 48.9561
818 2720 55.1554
819 1084 64.6569
819 4246 92.0688
820 940 79.1111
820 1184 65.479
820 1238 69.2124
821 1762 29.9087
821 2188 59.5088
821 2794 86.3569
822 1851 58.9299
822 3864 43.5223
823 2691 39.6107
823 2955 22.4886
824 1332 157.237
824 2390 142.164
825 1175 36.7113
825 1985 48.4234
825 2164 24.8481
825 4065 81.0332
826 989 37.2857
826 2382 59.3629
826 3337 41.4024
826 3589 30.624
826 3603 57.8491
827 1203 92.9321
827 1300 46.9318
828 2610 64.3219
829 1150 41.7678
829 2397 38.093
829 2643 58.6014
829 4014 98.0903
830 2043 44.0908
830 3108 84.9777
830 4056 66.7605
831 2129 45.8119
831 2552 84.3554
832 2709 103.46
832 3046 11.6217
832 3243 64.4985
832 3380 78.7546
833 2749 62.744
833 2927 123.285
833 3160 49.4589
833 3352 92.6568
834 854 26.339
834 2722 65.78
834 3042 69.5256
834 4151 103.414
835 1173 23.4986
835 2304 76.6879
835 2630 74.1347
836 1720 73.0456
836 3503 20.9413
836 3958 75.5534
837 3447 86.5573
837 3780 84.0554
838 1100 86.8233
838 2225 21.1347
839 1064 108.039
839 2828 104.679
839 2953 66.5636
840 3377 66.5247
840 3659 33.2307
841 920 43.2104
841 3660 59.9444
842 998 108.008
842 3001 91.1424
843 1108 45.5782
843 2524 85.9964
843 3687 30.7031
844 896 45.6313
844 2068 51.0718
844 2177 14.6346
844 2741 81.6088
844 4121 75.5984
845 2064 96.9171
845 3999 43.6367
845 4086 62.8122
845 4262 8.65117
846 3894 48.4503
846 3949 57.719
847 3298 17.096
848 1667 74.1616
848 1699 50.3186
848 2860 107.523
849 2083 49.2383
849 2917 43.6192
850 1698 75.2446
850 2387 70.9768
850 3461 37.2577
851 3101 70.0763
852 1561 120.627
852 2435 72.4519
852 3809 53.7554
853 1711 70.6135
853 3119 45.0494
853 4005 44.7093
854 2722 69.3914
854 3042 86.9279
855 1308 44.0497
855 1654 58.6484
855 2974 52.6038
855 3573 90.2051
856 2727 64.077
856 3307 16.0437
856 4175 33.6777
857 3350 48.5384
857 3966 88.5815
857 4197 46.7142
858 1357 124.844
858 2351 43.3463
859 1029 60.0489
859 1085 34.2853
859 3283 60.0636
859 3774 4.77548
859 4075 101.965
859 4179 65.5577
860 1893 73.29
860 2817 60.5972
860 3088 16.1081
862 954 21.3167
862 3158 55.1216
862 3994 12.2539
862 4240 49.7394
863 2846 23.521
863 2901 36.9709
863 4116 34.6748
864 2174 27.583
864 2263 75.8051
864 2827 77.4907
865 1844 84.4402
865 2890 90.7506
865 3849 67.7085
866 1324 94.8359
866 1912 109.77
866 2165 126.436
866 2993 69.9506
867 999 17.9808
867 2056 50.0407
867 3061 59.2086
867 4274 114.409
868 1166 76.2686
868 3572 70.8011
868 3875 66.2746
869 1761 36.7784
869 1986 14.0777
869 3129 46.525
870 1101 43.8346
870 1401 37.0036
870 3236 66.0376
871 2440 49.4017
871 2689 51.8001
871 3381 49.9642
871 4033 87.5691
872 1661 19.7949
872 2890 31.9279
872 3892 19.7492
873 1287 51.2368
873 2249 86.275
873 2726 31.6296
874 1242 35.9009
874 2134 51.4962
875 1415 16.7501
875 2735 26.5313
876 1558 17.465
876 4207 42.4012
877 2880 50.3854
877 3072 41.8765
878 2183 30.0479
878 3747 40.21
878 3788 88.4769
879 1474 81.5064
879 1861 87.9353
879 2111 83.4042
879 3701 90.589
880 1735 33.5082
880 2946 46.4155
880 3862 41.3169
880 4226 41.1207
881 1583 66.1835
881 2081 43.0165
881 3335 24.9485
882 1681 58.7011
882 2364 37.6644
882 4060 47.6685
883 1205 14.8524
883 1430 20.1647
884 1380 45.4954
884 1565 116.338
884 2625 34.0825
884 3972 29.8926
885 3035 21.4999
885 3233 48.3532
886 2917 82.5536
886 3608 22.7221
886 4018 65.8172
887 1522 72.3438
887 2143 48.714
887 3557 38.0875
887 4036 52.2015
888 1670 57.3777
888 2910 18.6002
888 3094 66.5568
888 3712 26.9595
889 1312 39.8381
889 2141 82.2489
889 3263 47.1097
889 3486 74.0505
890 1547 114.338
890 2236 47.3883
891 1037 36.614
891 1327 46.3871
892 1954 3.38965
892 2566 28.7095
892 2591 52.2281
892 3100 60.5794
893 1075 80.3235
894 1126 50.9549
894 2345 75.1457
895 2856 68.619
895 4046 59.9473
895 4224 48.4878
896 2068 18.9358
896 2638 39.9806
897 1014 52.5166
897 1666 37.4227
898 2113 70.6985
898 2187 35.038
898 2368 60.6502
899 1233 51.3607
899 2196 77.7459
899 2388 62.3232
900 1265 19.3436
900 1714 48.2882
900 2402 83.4356
900 2866 35.0222
900 3537 42.6046
901 1616 62.0933
901 2423 26.7002
902 942 96.5819
902 1357 90.0576
902 3281 92.4693
903 2869 40.5132
903 4044 64.3099
904 3071 50.6241
904 3467 25.3284
904 4083 24.121
905 1785 61.6552
905 2586 5.04395
905 2998 80.7932
905 3402 29.0583
906 2392 17.4112
906 2881 49.9335
907 2487 154.271
907 3177 105.191
908 1316 49.5991
908 2300 100.295
908 3465 97.1517
909 1117 48.1704
909 2530 10.1043
909 3769 62.2809
910 1387 36.656
910 2206 88.5264
911 1023 58.3515
911 2844 19.2722
911 3996 54.9919
911 4030 59.2214
912 1279 170.131
912 2839 68.4524
912 3277 53.5732
913 1380 52.0863
913 1942 76.1257
913 2625 68.1158
914 3122 64.9089
914 3829 25.7274
915 3067 110.288
915 3772 36.5219
915 3822 3.56454
915 4152 49.0566
916 997 103.049
916 1055 61.9093
916 3865 62.9532
916 3932 23.7197
917 2882 18.8084
917 3364 8.0341
917 3645 36.1901
918 1650 44.8575
918 3193 35.247
918 3419 33.4866
919 1494 60.4843
919 2052 68.3131
919 2414 54.6865
920 2958 39.2685
920 3660 83.739
921 1377 137.743
921 2305 98.8695
921 3928 91.8403
922 3221 77.0721
922 3331 87.0018
922 3408 4.49845
923 1277 82.1238
923 1763 55.0604
923 2300 81.5166
924 2421 53.9781
924 2708 86.3408
924 3095 17.1297
925 2539 66.3369
925 3798 127.925
925 4231 32.8375
926 1530 60.2636
926 2212 118.126
926 2803 127.665
927 1811 48.4837
927 2770 39.9071
929 1127 26.3775
929 1132 14.964
929 3741 65.2557
929 3887 72.0934
930 2011 47.0691
930 2017 97.1588
931 1062 161.948
931 3800 14.486
931 4200 30.9823
932 3400 63.0659
932 3498 38.5446
933 1001 38.5513
933 1689 57.1709
933 4227 65.1768
934 1764 115.12
934 2456 106.878
935 1174 106.805
935 3059 111.589
935 3241 52.3133
936 1782 20.7053
936 1922 72.9504
937 1104 28.4829
937 2746 116.899
937 3586 111.646
938 2029 99.1031
938 3306 40.8047
938 4250 92.6892
939 1419 79.7643
939 3624 63.9786
939 3997 20.6809
940 1184 45.623
940 1238 33.8884
940 1663 37.7894
941 956 78.3708
941 1755 53.1793
942 1275 92.0637
942 3638 75.7404
942 4092 72.7559
943 1284 44.695
943 1896 35.9633
943 2095 65.8574
944 1431 55.6146
944 3186 40.512
944 3889 60.6537
945 1836 88.0981
945 2480 102.393
945 3725 26.2965
946 3141 36.3941
947 2178 55.2981
947 2924 27.3192
947 3562 64.2235
947 4122 27.2022
948 1993 51.5315
948 2493 69.7121
948 3191 12.1692
949 1767 1.60295
949 3292 10.9974
949 3720 59.17
950 1417 63.75
950 3162 55.4397
950 4130 13.9086
951 1882 49.6054
951 2044 85.4429
952 2252 80.4846
952 2579 44.8699
952 2682 39.084
953 1192 36.7939
953 1754 61.5542
954 3212 104.961
954 3994 32.7505
955 1991 24.5475
955 3428 81.5906
956 1755 76.5332
957 1339 76.7246
957 1374 42.2532
957 2678 23.0495
958 1735 113.812
958 2891 50.8783
958 2946 38.3889
958 3128 136.063
959 3440 87.0135
959 4011 92.883
960 1045 10.2337
960 1734 34.7317
960 2521 36.4892
961 1299 71.3642
961 3518 80.3857
962 1082 26.9907
962 3017 82.5147
962 4180 91.8313
963 3211 43.3353
963 3386 12.3979
963 3430 54.0806
964 2038 87.7765
964 2329 38.6196
964 3327 25.7338
965 1948 48.7252
965 3076 86.423
965 3203 26.8485
966 2079 38.3273
966 2237 81.2408
966 2939 41.1705
966 3789 48.2384
967 1022 42.3517
967 1562 50.2494
967 2207 66.6965
968 1288 46.0333
968 2654 85.6507
968 3421 63.0483
968 3439 79.4274
969 3022 141.877
969 3029 64.4543
970 1086 59.1641
970 1204 68.8522
970 4189 78.6712
970 4254 60.9103
971 1113 21.1517
971 1957 95.0964
971 3541 43.532
972 1197 41.1962
972 1251 50.0311
972 3124 71.0418
972 3710 74.2324
973 2670 71.3297
973 2837 47.2866
973 2887 48.1499
974 1020 30.1191
974 2425 95.5928
974 4212 74.1489
975 1447 84.3153
975 2649 25.5801
975 3116 65.3557
975 3901 61.5369
976 2372 70.3548
976 3023 41.5531
976 4219 78.0615
977 1233 50.6577
977 1245 20.8658
977 3798 14.9015
977 4231 76.2546
978 3644 88.8324
978 3670 102.076
979 2314 116.549
979 3295 129.714
979 4031 82.6258
979 4032 117.54
980 1028 112.62
980 1679 113.821
980 2562 37.3101
980 3332 105.879
980 3779 89.2944
980 4065 92.4234
981 1359 112.394
981 1926 103.831
981 2676 107.944
981 2909 66.1419
981 4064 80.2254
982 1730 71.2294
982 1786 61.3108
982 3279 47.6884
983 1257 50.2624
983 3205 50.2624
983 4175 27.9282
984 1641 81.3703
984 2474 18.8455
984 3441 95.2863
984 3490 92.1218
985 1568 71.394
985 1860 65.9717
985 3372 21.2968
985 3626 92.5115
986 2271 52.5708
986 2581 10.2116
986 3052 54.9426
987 2615 37.5189
987 3490 104.149
987 3521 69.745
988 1009 50.7484
988 1358 41.3068
988 1498 105.961
989 3589 31.9135
989 3603 80.9867
990 1873 58.509
990 2163 14.0334
990 2255 43.1796
991 2273 51.3009
991 2358 33.3474
992 2503 47.6096
992 2547 53.1359
992 2706 61.2243
992 4129 73.7208
993 1510 10.8036
993 1644 30.0544
993 1783 81.0803
993 4161 40.5716
994 1353 33.3669
994 1722 13.4892
994 2782 15.303
994 2791 57.7369
994 3207 33.9433
994 3707 36.9597
995 1583 41.2205
995 2081 91.5803
996 1034 85.8744
996 2952 61.8334
997 2350 135.467
998 2836 80.3046
998 3001 49.6584
999 2056 73.3126
999 2555 81.737
999 3061 75.8487
1000 1153 46.1118
1000 2520 123.683
1000 4049 12.5383
1000 4239 46.8152
1001 1689 62.6521
1001 2730 39.7381
1001 3810 40.6119
1002 1088 29.2127
1002 1725 27.7418
1002 2316 67.9096
1002 2640 50.3008
1003 1250 56.7458
1003 2759 27.9549
1003 2933 77.2306
1003 3824 21.5506
1004 1304 82.883
1004 1378 110.765
1004 3326 129.04
1005 1997 87.114
1005 3989 75.7222
1006 3434 20.4732
1006 3547 53.5349
1007 1204 61.5998
1007 1872 88.0426
1008 1796 43.8944
1008 3948 59.9725
1009 1358 50.7268
1009 3010 54.8323
1009 3675 36.7126
1010 3111 64.5936
1010 3801 53.2393
1010 4174 35.5115
1011 1912 88.9584
1011 1999 53.8164
1011 2153 60.0198
1012 1676 9.75034
1012 1796 38.7647
1012 3948 22.4133
1013 1232 109.307
1013 2755 17.8968
1013 3475 64.4011
1013 4236 96.4957
1014 2128 49.619
1015 2865 54.7806
1015 3832 88.13
1015 3942 26.2764
1016 3864 62.2328
1016 3872 37.7118
1017 1160 89.0054
1017 2744 17.5905
1017 2894 49.2343
1017 3818 57.1456
1018 1226 103.565
1018 2335 47.3532
1018 4135 118.496
1019 1338 97.3928
1019 3142 54.8345
1020 2425 105.201
1020 4212 39.5742
1021 1042 40.036
1021 1390 26.2105
1021 1469 42.7445
1021 1935 57.1968
1021 2254 33.4893
1022 1562 51.1718
1022 2954 46.9995
1022 3187 63.7417
1022 3585 87.1944
1023 2709 93.9129
1023 2844 102.931
1023 3996 25.6743
1024 2325 55.5046
1024 2583 128.855
1025 2274 62.7025
1025 3198 42.3443
1025 3316 73.068
1026 1272 97.1797
1026 2377 124.57
1026 2559 88.311
1027 2846 81.9567
1027 3330 114.342
1027 4150 33.712
1028 3332 3.8762
1028 3779 82.3107
1029 1085 45.7687
1029 4075 59.404
1029 4179 35.5838
1031 1789 42.5729
1031 2269 40.2107
1031 3871 75.7426
1032 2998 55.3328
1032 3662 92.5094
1032 3766 74.6953
1032 3857 70.0101
1033 1091 45.1026
1033 3586 76.9828
1034 1231 26.8116
1034 2952 101.203
1034 3998 66.4239
1034 4191 18.3421
1035 1352 29.0056
1035 4251 89.2443
1036 1211 22.0179
1036 1223 34.0063
1036 3201 51.0081
1036 3683 43.8763
1036 4288 49.5604
1037 1327 75.9951
1037 1834 71.8484
1038 1286 111.885
1038 2143 84.9294
1038 3557 84.4427
1039 1276 28.6993
1039 1569 67.391
1039 3738 76.0945
1040 2043 82.7391
1040 2697 34.2067
1040 2804 114.557
1040 4103 94.3932
1040 4293 64.8551
1041 2391 32.1671
1041 2394 54.2828
1042 1935 24.9595
1042 2254 30.512
1042 3575 81.0493
1043 2042 54.6758
1043 2605 45.9607
1043 3144 20.4689
1044 1477 55.5673
1044 3175 71.2177
1044 3526 63.2855
1044 3850 71.7177
1045 1710 59.7304
1045 1734 50.5688
1045 2521 41.7829
1046 1297 42.9326
1046 3981 20.0907
1047 1501 66.6272
1047 2366 50.9888
1047 3274 62.6032
1048 1076 119.569
1048 1914 33.6899
1048 4185 57.9582
1048 4234 71.5318
1049 2302 135.059
1049 2375 82.8375
1049 2712 63.3038
1049 3305 69.2281
1050 1161 49.524
1050 2204 20.1776
1050 3316 92.124
1051 2411 44.3083
1052 1846 44.0935
1052 2241 22.6042
1052 3916 17.6892
1053 1152 15.1347
1053 3578 81.0054
1054 2684 66.2362
1054 2823 71.9767
1054 3341 43.1195
1055 1395 66.0225
1055 2244 13.3955
1055 3932 64.5054
1056 1490 29.5535
1056 3196 63.9679
1056 3396 14.5918
1056 4129 92.9121
1057 1330 57.6885
1057 1671 43.17
1057 2802 69.3707
1057 3091 77.2589
1057 3418 47.7736
1057 3558 79.5478
1058 1199 63.2453
1058 1701 49.3536
1058 2077 19.5853
1059 1453 43.3195
1059 3237 25.1878
1059 3859 17.4148
1060 1187 82.9227
1060 1838 98.5193
1060 3018 95.7931
1060 3326 179.78
1060 3415 126.755
1061 1319 25.6608
1061 1519 39.8397
1061 2399 59.434
1062 2187 135.532
1062 3800 163.619
1063 1193 97.8255
1063 1660 50.026
1063 1977 52.7798
1064 2379 81.8671
1064 2828 10.3579
1065 3787 67.6198
1065 4188 31.3133
1066 2618 114.391
1066 3613 96.1907
1066 3625 65.2575
1067 1338 59.0464
1067 1351 109.274
1067 1407 77.0515
1067 1497 85.4446
1067 1799 33.2429
1068 1595 15.2343
1068 2444 152.706
1068 2864 68.8457
1068 2961 68.2719
1068 3823 75.796
1069 1643 61.4426
1069 3453 103.911
1070 1445 42.4972
1070 1932 49.3838
1070 2674 21.7066
1071 2287 39.044
1072 2014 48.9255
1072 3680 46.7651
1072 4105 57.6855
1072 4160 31.4816
1073 2169 59.8072
1073 2539 86.1248
1074 3110 15.91
1074 3262 71.3416
1075 2571 51.5523
1076 1408 132.909
1076 3763 67.7926
1076 4234 63.851
1077 1862 64.9433
1077 3376 65.4783
1077 4218 30.7063
1078 3198 69.5914
1078 3349 43.4216
1078 3395 42.1216
1078 3879 78.1958
1079 1461 82.3012
1079 1651 52.5041
1079 2831 11.0131
1079 3969 35.2611
1080 1393 80.6015
1080 2408 64.3817
1080 3004 38.2572
1081 1370 51.2907
1081 2587 70.1597
1081 2870 45.7064
1082 3290 103.698
1082 4180 57.0661
1083 1967 56.3011
1083 2339 61.3005
1083 3568 55.8178
1083 3924 29.1351
1085 2147 65.2792
1085 3774 53.3618
1085 4179 39.352
1086 1204 85.2858
1086 2420 32.1926
1086 2666 57.9774
1086 4189 24.9724
1086 4254 76.3937
1087 1252 27.9753
1087 4082 82.1892
1087 4147 72.3842
1088 1725 25.9223
1088 2477 62.0739
1088 2640 72.5805
1089 2193 51.246
1089 2311 62.321
1090 1289 60.2857
1090 1640 52.8797
1091 2624 118.917
1091 3586 128.256
1092 1894 92.9855
1092 2184 103.128
1092 3390 83.3579
1093 1116 81.4793
1093 1973 140.217
1093 2160 42.6207
1093 2317 58.0583
1093 3600 68.927
1094 1157 72.754
1094 2146 17.8549
1094 2616 65.7491
1094 3044 91.5938
1095 3314 52.6269
1095 3334 61.722
1095 3504 102.745
1096 2177 64.7223
1096 2741 41.0889
1097 1823 41.2904
1097 1956 26.3887
1097 3963 69.4606
1098 1360 22.5409
1098 1376 27.5524
1098 1506 51.9614
1098 1553 60.7855
1099 1198 37.2016
1099 1214 62.4086
1099 2272 44.4124
1099 2393 10.585
1099 3360 18.6172
1100 2225 59.761
1100 3293 80.8947
1101 1401 79.6837
1101 2988 96.5118
1102 2030 31.11
1102 2610 23.7117
1102 2732 14.8997
1102 3874 23.2563
1103 2101 86.628
1103 2639 60.0928
1103 3918 68.279
1104 1291 217.367
1104 2746 84.2074
1105 2162 11.6822
1105 4102 28.4159
1105 4275 34.8953
1106 1163 34.7319
1106 1664 15.4589
1106 3407 30.1238
1107 2169 40.2132
1107 2409 46.7703
1107 3805 106.705
1107 3845 45.5887
1108 1416 57.8887
1108 2524 15.4381
1108 3687 62.141
1109 1526 33.201
1109 3622 43.3595
1109 3629 49.3022
1110 1130 87.1618
1110 3273 11.6377
1110 3682 102.536
1111 1282 79.7571
1111 3500 73.5448
1111 3630 26.1819
1111 4281 57.8046
1112 3593 61.2782
1112 4080 58.3979
1113 1957 87.4494
1113 3541 91.5164
1114 2439 106.273
1114 3778 134.383
1115 1831 58.8432
1115 1964 58.3654
1115 2999 54.7998
1115 3043 21.76
1116 2160 19.4565
1116 2548 44.782
1116 3909 66.3103
1117 2530 31.0073
1117 3131 70.1854
1118 3011 77.2015
1118 3276 17.6513
1118 3316 107.232
1119 2626 25.5061
1119 3572 33.4052
1119 3875 23.7958
1119 4094 26.1922
1120 2005 12.6725
1120 2559 105.383
1120 3449 103.377
1120 3757 91.4686
1121 1310 33.2644
1121 1315 52.3869
1121 2126 49.6512
1121 2543 48.2417
1121 2553 61.87
1122 1821 35.485
1123 2960 57.6933
1124 2011 65.0623
1124 3185 64.9405
1124 3913 52.4566
1125 2208 65.7581
1126 2438 97.5492
1127 1132 28.4008
1127 3887 28.569
1128 3486 78.7674
1129 2262 94.5827
1129 3297 83.1466
1129 3742 84.2373
1130 3273 101.942
1130 3611 164.752
1131 1987 72.5138
1131 3479 29.106
1131 4086 45.2148
1132 1201 58.7011
1132 3887 36.1467
1133 3650 57.07
1133 3804 74.1728
1134 2122 56.2409
1134 2268 67.8833
1134 3492 50.3607
1135 1277 66.8574
1135 2855 80.9048
1135 3423 93.5191
1136 2040 51.6934
1136 2757 63.9531
1136 2915 57.2145
1136 3437 64.9785
1137 3407 75.8287
1137 3681 60.9249
1137 4245 70.6468
1138 2176 19.9445
1138 3257 40.7646
1138 3343 28.9792
1139 2526 46.1327
1139 3047 75.9987
1139 3444 46.9104
1139 4051 72.3465
1140 2412 83.9669
1140 3359 81.636
1141 1238 102.329
1141 4259 143.681
1142 2151 78.5296
1142 2260 50.0461
1142 2823 48.2128
1143 2899 108.327
1144 2378 68.0458
1144 2715 32.157
1144 2779 46.0579
1144 2983 43.1896
1145 1697 92.4551
1145 2329 96.5502
1145 3327 66.6939
1146 2094 32.2648
1146 4000 33.726
1146 4066 64.9603
1147 2209 89.2639
1147 2805 36.5203
1147 4024 28.4245
1147 4209 87.0772
1148 2975 16.4191
1149 2080 43.0151
1149 3578 53.754
1150 2397 48.7273
1150 2643 51.4685
1150 4014 60.5113
1151 1539 15.3565
1151 2075 123.103
1151 3049 77.1971
1152 3578 60.8239
1153 2446 43.0332
1153 2520 99.7564
1153 3378 84.5953
1153 4038 62.1028
1154 1502 93.006
1154 2090 53.5525
1154 3130 42.7816
1155 1542 70.1655
1155 1920 91.2913
1155 2769 89.6855
1155 2878 55.2283
1156 1633 13.9181
1156 2986 22.8009
1156 4025 42.1825
1157 1963 90.6402
1157 2120 76.3597
1157 2146 97.2345
1157 3044 5.03872
1158 1585 54.3172
1158 2832 60.855
1158 3247 54.7713
1158 3320 31.4094
1158 4020 22.0818
1159 1484 60.8743
1159 1891 78.6811
1159 2795 32.604
1159 3606 33.3165
1160 2744 65.8232
1160 3818 46.7512
1161 1760 79.531
1161 2201 156.06
1161 2204 35.1421
1162 2418 52.1724
1162 3753 53.0067
1163 1517 28.6483
1163 1664 17.3216
1163 2367 24.7721
1164 2025 58.3874
1164 2710 38.9498
1164 3077 76.7553
1164 3473 24.0271
1164 3884 45.2924
1165 2814 81.1988
1165 4123 64.6833
1166 2302 72.9768
1167 1185 23.6451
1167 1899 25.9436
1167 3020 63.4985
1167 3323 40.2178
1168 1989 74.7319
1168 3264 20.7807
1168 4012 39.3284
1168 4229 37.7964
1169 1974 88.4196
1169 2607 107.196
1169 2873 128.288
1169 4241 34.1783
1170 2154 83.3842
1170 2606 88.7015
1171 1350 88.3531
1171 1418 110.548
1171 3817 91.6159
1172 1831 40.849
1172 3945 61.358
1172 4072 26.4927
1173 1696 50.9745
1173 2630 51.1416
1174 3059 5.39306
1174 4197 115.393
1175 1985 15.9202
1175 2071 38.3896
1175 3370 74.3536
1176 1647 37.4639
1176 1731 57.5125
1176 2191 44.6165
1176 3655 21.5894
1176 3962 80.8277
1176 4238 97.8695
1177 1890 89.7423
1177 3529 73.6532
1178 3486 56.6355
1178 3846 67.1485
1178 3893 55.3118
1178 4282 53.8453
1179 3634 133.879
1179 4016 125.63
1180 3641 45.5315
1180 4177 22.9087
1181 1678 71.7598
1181 1927 9.51165
1181 1933 40.8723
1181 3858 69.7553
1182 3308 73.8946
1182 3340 47.154
1182 3728 48.365
1183 1579 80.08
1183 1833 77.1341
1184 1238 11.7896
1184 1663 42.5532
1185 1899 33.1506
1185 3323 98.0363
1186 2103 75.9051
1186 2995 33.0258
1186 4147 45.7976
1187 3018 125.517
1187 3415 135.636
1188 2047 40.2294
1188 2932 4.26254
1189 2130 72.5321
1189 2467 5.92698
1189 3870 102.999
1190 1515 77.5424
1190 2580 29.1375
1191 2048 33.8426
1191 4120 89.9444
1192 1754 50.7163
1193 1660 72.8838
1193 1977 19.5951
1193 4110 50.2526
1194 2480 60.9466
1195 2752 59.7306
1195 3033 124.79
1195 3055 55.3955
1195 3926 7.32502
1196 1345 71.6771
1196 3085 57.0081
1196 3556 63.8188
1197 1251 5.1373
1197 2350 37.624
1198 1214 49.2095
1198 2393 25.9048
1198 3360 23.7778
1199 2264 89.9408
1199 2490 86.3635
1199 2858 50.5727
1200 1585 29.9269
1200 2668 30.669
1200 4287 65.2889
1201 2250 27.6284
1201 2902 76.1822
1202 1635 22.2832
1202 2754 101.557
1202 4098 60.3928
1203 1300 50.4119
1203 4232 98.2926
1205 1430 18.591
1206 1930 49.9965
1206 2727 50.7402
1206 2783 50.605
1206 3078 33.4253
1207 1455 17.3852
1207 2427 70.4092
1207 3599 52.6232
1207 3653 22.6116
1208 1915 60.5194
1208 2145 44.4715
1208 4070 96.9794
1209 1225 69.7405
1209 1759 31.324
1209 2750 68.5501
1209 3340 22.4581
1210 3704 56.579
1210 3974 100.875
1211 3201 35.9257
1211 3683 50.1823
1211 4288 100.287
1212 2135 51.8206
1212 2702 48.9235
1212 3885 21.2999
1212 3904 31.4683
1213 1247 104.146
1213 2373 43.0666
1213 3452 27.1645
1214 2222 60.3765
1214 2393 67.4177
1215 1366 75.3984
1215 2659 37.6933
1216 2270 89.9575
1216 4026 91.1768
1216 4260 64.7876
1217 2854 78.0584
1217 3510 66.1872
1217 3569 101.921
1217 3678 88.6134
1218 1563 102.191
1218 1816 98.194
1218 2509 13.9422
1218 3336 66.0315
1218 3581 42.8003
1219 2331 32.8458
1219 3790 4.61215
1219 4042 36.1529
1220 1590 39.7041
1220 3080 42.035
1220 3740 41.7949
1221 2070 11.7964
1221 2275 52.4955
1221 2990 44.3446
1221 4199 35.4043
1222 1862 49.8544
1222 3915 23.6414
1223 3683 31.7605
1223 4288 42.1478
1224 2131 48.2129
1224 2334 2.61552
1225 2750 27.2266
1225 3223 57.7324
1225 3762 43.3715
1226 1640 20.4468
1226 3432 113.889
1226 4135 12.9418
1227 2279 34.5145
1227 4236 54.8437
1228 2159 154.336
1228 2471 90.3048
1228 2820 67.5942
1229 3495 63.3935
1229 3810 88.9502
1229 4141 71.711
1230 2508 28.79
1230 3065 54.6666
1231 3998 53.7465
1231 4191 23.8705
1232 2755 55.2241
1232 3475 106.617
1233 1245 66.2639
1233 2196 69.8239
1234 2172 55.7225
1234 2290 67.4041
1234 2594 94.6408
1234 3710 67.7346
1235 1742 77.0408
1235 2090 134.478
1235 3340 77.6395
1235 4235 75.2573
1236 1420 68.2036
1236 1495 30.6959
1236 1841 42.9245
1236 2936 58.5041
1237 1839 63.6155
1237 3021 51.1691
1237 3219 56.5366
1237 4067 81.8768
1238 1639 134.025
1238 1663 73.8377
1238 4045 68.0351
1239 1279 46.2412
1239 2798 64.6189
1239 3269 59.4943
1239 4263 48.9912
1240 1457 35.419
1240 3244 44.2116
1241 2339 27.4715
1241 2561 35.9184
1242 2134 16.4964
1242 4170 69.0907
1243 1774 20.7026
1243 1857 81.8386
1243 2276 50.2511
1243 2313 42.5019
1244 1294 69.5971
1244 2621 107.979
1245 2388 76.7886
1245 2719 115.592
1245 3798 10.4955
1246 1512 12.117
1246 2845 110.608
1246 3671 65.8317
1247 1920 90.3876
1247 2385 59.8722
1247 3619 78.8738
1248 1603 25.9246
1248 2348 33.036
1248 2574 27.5429
1248 3296 70.6062
1249 2041 29.6178
1249 2286 20.4825
1249 3811 89.0362
1250 2759 41.0367
1250 4251 56.1943
1251 2350 53.465
1251 2515 100.991
1251 3124 68.2767
1252 3431 83.6681
1252 4082 56.5288
1253 1402 58.6487
1253 2094 37.6125
1253 2811 102.673
1253 3404 30.4855
1253 4210 109.394
1254 1887 84.2406
1254 3253 58.1268
1255 1264 81.8227
1255 1292 78.626
1255 2724 28.8182
1255 4222 51.1159
1256 1499 59.4728
1256 2500 67.6674
1256 2815 95.9387
1257 1950 48.5846
1257 3544 33.8128
1257 3560 12.1714
1258 1700 42.7051
1258 3296 82.6609
1259 1732 41.7146
1259 4166 20.6257
1259 4223 45.7495
1260 1797 25.6097
1260 2528 58.5902
1260 2969 65.6691
1261 1683 29.3358
1261 2210 55.9931
1261 2836 65.9174
1262 1949 68.1659
1262 2733 88.6776
1262 3411 63.3855
1263 4213 10.4281
1264 2367 60.1625
1265 1714 71.8812
1265 3514 38.5325
1265 3537 37.1569
1265 4055 52.9014
1266 1970 40.9294
1266 3034 102.665
1266 3727 99.9769
1267 1622 45.0797
1267 3107 73.4938
1268 1787 32.0891
1268 2505 82.3216
1268 4009 67.6963
1269 1397 64.7226
1269 3229 41.884
1269 3975 45.2564
1270 2883 37.9333
1270 3415 36.4556
1271 3175 69.3706
1271 3756 78.0849
1271 3850 99.8509
1272 1674 50.2126
1272 3574 68.6972
1272 3943 31.0102
1273 3620 46.7139
1273 4067 80.1927
1274 2673 86.8742
1274 3216 71.5423
1274 3582 18.549
1274 3868 67.4844
1275 3605 69.6603
1275 3638 18.7623
1276 1569 98.7086
1276 2344 62.9629
1276 3738 60.8399
1277 2300 67.831
1278 1804 85.8371
1278 2819 82.9507
1279 4263 12.4928
1280 3168 4.37416
1280 3541 55.9147
1280 3821 53.4924
1281 1404 55.4544
1281 2179 57.7494
1281 2276 58.9391
1282 3630 34.5049
1282 4281 84.5757
1283 1795 67.0917
1283 2612 37.2875
1283 3356 137.774
1284 1896 103.063
1284 2456 80.981
1285 1607 50.0955
1285 2434 66.2821
1285 4269 18.0383
1286 2440 123.312
1287 2726 62.6729
1287 2907 53.5017
1288 1528 82.9506
1288 3421 72.8573
1288 3439 106.78
1289 2279 111.058
1289 3226 53.9769
1290 1514 43.7879
1290 2013 54.9854
1290 2645 27.8897
1291 2746 108.918
1292 3070 42.9653
1292 4002 44.9752
1293 2349 34.2312
1293 3064 29.767
1293 3101 96.7162
1294 4196 97.6274
1295 1305 129.657
1295 3717 73.3482
1296 2505 88.6925
1296 3074 131.944
1296 3288 10.7209
1297 3981 73.2881
1297 4259 122.662
1298 3905 73.4015
1299 2728 88.6172
1299 2800 46.8492
1300 2174 70.3156
1301 1410 35.7777
1301 4115 72.1712
1302 1464 83.1759
1302 1826 41.9304
1302 3973 30.0363
1303 1673 105.239
1303 1748 44.5942
1303 2624 59.1427
1304 1378 73.3907
1304 4244 118.168
1305 2441 73.2244
1305 4062 127.403
1306 3622 78.3178
1306 3626 68.3571
1307 2972 49.9418
1307 3699 51.5663
1307 4019 51.3645
1308 1432 64.279
1308 2974 41.4613
1309 1525 76.1926
1309 2920 41.4697
1309 3836 63.8586
1310 2126 16.2602
1310 2543 7.90424
1311 1470 61.6864
1311 2342 57.2409
1311 3321 29.2527
1312 2141 74.68
1313 1942 81.2495
1313 2352 24.7072
1313 3226 25.6679
1314 2747 56.2001
1314 3890 88.3718
1315 2553 51.3829
1315 3422 49.4619
1316 2720 82.4943
1317 3417 70.045
1317 3639 49.2203
1317 3819 29.7775
1318 1704 74.9892
1318 2706 90.282
1318 3396 104.669
1319 1519 38.1947
1319 2458 114.002
1319 2469 90.3812
1320 1818 89.1381
1320 2069 48.1378
1320 3754 55.5909
1321 1500 28.0825
1321 2363 60.1316
1321 3251 58.168
1321 3338 46.3081
1321 4016 85.8976
1322 1719 19.7139
1322 1781 42.2676
1322 2538 48.5286
1323 2289 73.8494
1323 3036 85.8175
1324 2242 22.9181
1324 2993 34.4788
1324 3627 12.5044
1325 1710 60.0811
1325 3612 72.6972
1325 4134 71.4462
1326 3430 11.0439
1326 3744 31.645
1326 4153 45.629
1327 2599 109.51
1327 3009 92.9958
1328 1814 69.3354
1328 3995 78.2825
1329 2991 36.793
1330 1631 62.1711
1330 1671 25.6926
1330 3109 20.9012
1330 3418 20.406
1331 2926 36.4718
1331 3188 94.0713
1332 1516 60.9352
1332 2390 71.1581
1332 2988 123.021
1333 2092 122.352
1333 2903 39.896
1334 2100 49.7142
1334 2900 80.2033
1335 2868 44.818
1335 3126 3.96836
1335 3898 33.7221
1335 4006 64.4297
1336 1364 82.8012
1336 1555 59.7822
1336 1680 76.278
1337 1567 36.2064
1337 3083 83.6702
1337 3280 46.8232
1337 3362 83.7181
1338 1799 70.5986
1338 2175 104.358
1338 3142 88.1656
1339 2036 89.4107
1339 2653 38.4527
1339 3462 86.4785
1340 1543 25.5185
1340 3552 34.577
1340 3911 39.2104
1340 4092 65.3096
1341 2452 82.6123
1341 2714 30.5261
1341 2820 66.0207
1342 3193 59.6448
1342 3419 74.141
1342 3451 14.6279
1343 1561 66.7921
1343 2243 55.2752
1343 2499 63.3222
1343 3610 38.3673
1343 4140 7.83949
1344 1366 50.958
1344 1907 3.4145
1344 3604 76.8415
1344 3686 46.3204
1345 2929 87.8003
1345 3085 23.1106
1345 3556 75.1062
1346 3564 83.6919
1346 4050 94.1639
1347 2041 51.8742
1347 2286 123.681
1347 3811 48.7741
1348 3499 98.5422
1348 3635 105.712
1349 2459 53.7821
1349 3311 75.2843
1350 2017 112.711
1350 3817 34.0441
1351 1407 69.1257
1351 1497 80.4726
1351 2175 138.349
1352 1632 42.9684
1353 1722 38.7937
1353 3207 42.0468
1354 1682 84.1123
1355 1889 15.9785
1355 1966 68.9891
1355 3089 42.0097
1355 3523 50.6779
1356 2493 9.88916
1356 3191 78.0176
1356 3944 61.1683
1357 2351 52.1839
1357 3802 51.9571
1358 3010 91.1172
1358 3675 58.3581
1359 1926 132.43
1359 2676 9.28809
1360 1376 18.1098
1360 4119 21.9711
1361 3252 83.1116
1361 3983 69.3471
1361 4182 47.9431
1362 2214 47.1251
1362 3232 52.1147
1362 3268 67.1557
1362 3974 96.8703
1363 3348 83.2931
1363 3576 33.6657
1363 4090 76.0761
1364 1548 29.8927
1364 1555 71.4821
1364 1908 50.9007
1365 2206 36.5442
1365 3910 52.179
1366 1907 55.668
1366 2659 47.312
1367 1509 74.328
1367 1713 88.6877
1367 2718 40.7806
1368 2941 56.3466
1368 3004 73.629
1368 3496 43.8549
1369 1905 73.2444
1369 2104 21.2484
1369 2826 65.0237
1370 1647 32.4234
1370 2191 8.66915
1370 2870 15.9737
1371 2769 52.8198
1371 2937 48.8576
1371 3861 58.1535
1372 1584 50.0172
1372 1978 159.473
1372 2685 116.78
1372 3074 113.653
1373 1976 68.4804
1373 2347 41.0187
1373 2378 78.364
1374 1473 28.095
1374 1812 36.4168
1374 2678 35.2483
1374 2681 16.2055
1375 1924 55.3488
1375 2527 49.283
1375 2884 58.7481
1375 4148 67.6089
1376 2072 109.044
1376 4119 32.1872
1376 4138 60.3621
1377 2417 54.537
1377 2515 72.441
1377 3928 82.7856
1378 1864 48.478
1378 4289 74.4827
1379 3695 55.7701
1380 2625 26.4108
1380 3713 28.492
1381 1726 93.4518
1381 2124 74.609
1381 2852 81.7399
1381 3333 78.1469
1382 2868 61.1174
1382 3126 82.8884
1382 3898 40.1866
1383 3358 64.4638
1383 3546 75.9586
1384 1923 41.6508
1384 2068 28.3336
1384 2638 61.4751
1385 1513 38.7499
1385 1677 31.0003
1385 2462 21.2148
1386 1901 21.7212
1386 2541 79.5036
1386 3970 11.6088
1387 2943 64.2705
1388 1403 118.091
1388 1888 59.1769
1388 2198 73.7022
1389 3563 71.027
1389 4271 64.9549
1390 1469 52.6268
1390 1634 113.008
1390 1935 61.3639
1390 2254 60.0907
1390 2449 68.974
1391 1608 15.7736
1391 4291 50.7738
1392 2112 49.9212
1392 2118 58.6622
1392 2646 42.9454
1393 2408 66.5617
1393 3005 140.666
1393 3985 160.444
1394 2495 102.366
1394 3155 42.3093
1395 2244 66.6657
1395 3865 50.1221
1395 3932 47.8837
1396 2738 76.7459
1396 3761 48.4585
1396 4228 33.1768
1397 3229 88.713
1397 3620 77.1659
1398 1607 64.0344
1398 2232 61.8792
1398 3393 48.6697
1399 3801 94.7481
1400 1540 22.8706
1400 2726 128.86
1400 3797 44.4651
1401 3236 48.6677
1402 2094 49.0589
1402 3003 98.0569
1402 3404 30.0286
1402 4199 69.7955
1403 3856 89.6464
1404 2179 29.3929
1404 2401 26.5699
1404 2698 72.8928
1404 3433 52.6354
1405 2824 82.0231
1405 3777 34.3867
1405 4194 35.1294
1406 2235 116.197
1406 2617 30.024
1406 3684 44.6391
1407 1497 31.4851
1407 1799 71.7788
1408 2751 68.86
1408 3763 38.9386
1409 1445 65.0952
1409 1932 57.7853
1409 3213 18.957
1410 3512 37.663
1410 4115 63.2849
1411 1456 40.7724
1411 3564 55.5462
1411 4050 52.6804
1412 1693 53.0038
1412 2048 72.3707
1412 3668 13.4111
1412 3821 25.302
1413 2428 29.3372
1413 3632 57.3454
1413 3960 23.1704
1414 1937 30.6982
1415 2223 102.104
1415 2735 48.3026
1415 2775 75.1007
1416 2524 54.3845
1417 2855 85.9262
1417 3162 42.5642
1417 4130 39.1877
1418 2893 78.5478
1418 4008 110.342
1419 1791 103.16
1420 2110 40.8234
1420 3062 63.1768
1421 3053 94.2956
1421 3310 45.8357
1422 2130 37.481
1422 2776 115.26
1422 3870 27.5328
1423 1885 49.7313
1423 1890 68.4674
1423 4164 79.3496
1424 2022 40.4104
1425 2057 83.2928
1425 3277 48.0158
1425 3688 79.0853
1425 3873 119.514
1426 3594 54.2131
1427 1620 31.5672
1427 2517 82.18
1427 2582 81.4427
1428 3527 43.883
1429 2101 74.3438
1429 2374 75.9303
1429 2675 106.997
1429 2734 92.4751
1431 3186 54.3589
1431 4022 52.0333
1432 2974 100.572
1432 3573 80.218
1433 2496 38.6786
1433 2875 91.3064
1433 3093 34.2046
1434 2167 14.651
1434 2262 26.8455
1434 3549 68.0213
1434 3742 67.6912
1435 2922 9.74482
1435 3597 56.9034
1435 3619 17.288
1436 3639 53.2606
1436 3819 87.1724
1436 4015 81.0521
1437 2962 70.395
1437 3388 63.089
1438 1465 99.8895
1438 2409 158.314
1438 3469 87.9424
1439 4028 71.2015
1440 1655 78.5744
1440 2833 53.1963
1440 3149 106.669
1441 1713 114.901
1441 2792 49.9795
1442 1448 52.0527
1442 2743 55.4629
1442 3484 28.7071
1443 2824 29.9211
1443 3012 46.4894
1443 3483 40.2714
1444 1653 40.3142
1445 1932 33.2779
1445 2633 23.1177
1445 2674 28.0969
1445 2849 32.2765
1445 3213 62.5472
1446 2953 71.6407
1446 3715 81.9383
1447 3116 27.277
1447 3901 14.9917
1448 2692 120.031
1448 2743 40.6086
1448 3484 61.7875
1448 4138 67.4671
1449 3146 26.1242
1449 3598 69.9188
1450 1589 81.6258
1450 3735 89.7414
1450 3830 73.3876
1450 4069 77.0504
1451 2327 37.8723
1451 3057 61.5741
1451 3642 70.3276
1451 4069 89.1785
1452 1555 53.2155
1452 1680 88.6769
1452 2500 73.9971
1452 2813 68.1172
1453 1529 90.7028
1453 3237 62.164
1453 3859 19.8736
1454 1902 30.717
1454 3027 65.1316
1454 3573 69.6271
1455 2427 37.9847
1455 3653 30.0155
1456 4050 69.4433
1457 3244 23.0878
1458 2427 62.8295
1458 3555 134.508
1458 4039 58.839
1459 2748 29.9253
1459 3260 20.6484
1459 4253 43.0352
1459 4285 8.43391
1460 2483 30.8061
1460 2592 44.5221
1460 3304 87.8321
1460 3657 73.5921
1461 1651 85.5477
1462 2395 98.8644
1463 2598 76.5088
1464 1826 44.3087
1464 3566 28.1637
1464 3973 50.0463
1465 2001 57.9785
1465 3469 71.9842
1466 1830 39.7757
1466 2888 58.734
1466 3037 40.6269
1466 3945 70.2197
1467 2199 45.8177
1467 2789 104.266
1467 3121 49.0615
1467 3468 46.3707
1468 2737 54.0026
1468 3182 74.2479
1469 1975 63.6321
1469 2254 108.791
1470 2980 26.8711
1470 3321 31.3427
1471 3801 53.8373
1472 1658 90.6911
1472 1951 21.7442
1472 2653 67.2985
1472 2785 48.0514
1472 3863 53.3075
1473 1781 42.0454
1473 1812 19.1522
1473 2538 59.8098
1473 2681 44.4645
1474 2384 66.5114
1475 1501 60.8855
1475 2219 30.0561
1475 3274 55.2261
1476 1930 57.0045
1476 2727 56.3864
1476 3775 65.1322
1476 4093 22.4835
1477 3850 28.866
1478 2982 93.1717
1478 3208 59.436
1479 2004 104.269
1479 3189 44.778
1479 3671 52.6229
1480 2096 20.8963
1480 4256 41.3599
1481 1504 17.0211
1481 2034 126.409
1481 2951 59.994
1482 2053 39.4351
1482 2661 43.7469
1482 3209 66.3657
1482 3548 81.4401
1483 1917 21.3724
1483 2012 76.6225
1483 2822 109.265
1484 2795 90.0957
1484 4106 57.4334
1485 2088 47.9678
1485 2346 95.6967
1486 2087 15.308
1486 2637 35.2893
1487 2320 96.1853
1487 3115 56.2437
1488 1611 59.4424
1488 3464 96.4452
1489 1801 87.8509
1489 1848 110.716
1490 3196 39.4785
1490 3396 7.43383
1491 1891 74.79
1491 2084 53.121
1491 2906 23.0547
1492 2421 63.0326
1492 2776 54.1787
1492 2944 116.077
1493 1870 7.78848
1493 2311 37.3501
1493 3294 15.0662
1493 4190 23.7898
1494 2414 34.0563
1494 3832 80.5461
1495 1841 21.4449
1495 2680 98.2518
1495 3729 49.0529
1496 1882 52.3608
1496 3136 82.0052
1496 3826 46.1961
1498 2826 104.588
1498 3429 56.5646
1499 2815 67.103
1499 4203 78.3226
1500 2363 27.7497
1500 3251 74.5465
1501 2219 63.3936
1501 2366 45.8891
1501 3274 31.9619
1502 3130 60.3841
1503 2049 105.385
1503 2454 66.4159
1503 4157 57.1872
1504 2034 124.893
1504 2951 100.746
1504 3413 130.099
1505 2342 73.1383
1505 3068 47.2733
1505 4219 24.1527
1506 1553 22.6865
1506 2309 19.2062
1506 4119 31.4825
1507 1854 93.8562
1507 2877 93.9963
1507 3954 68.8849
1508 1632 86.678
1508 1990 120.007
1508 2181 99.6417
1509 1713 21.8369
1509 2718 166.055
1510 1644 38.8634
1510 3828 75.3841
1510 4161 42.3841
1511 1989 53.5688
1511 4149 51.4477
1512 2845 88.6468
1512 3671 116.802
1513 2462 27.1926
1514 2645 22.6499
1514 3361 32.4481
1515 1557 67.8172
1515 2580 51.7148
1516 2060 66.1611
1516 3194 62.0682
1517 1664 49.6611
1517 1877 39.1151
1517 3050 58.7026
1518 2136 24.493
1518 3834 46.3468
1518 4091 93.9257
1518 4131 69.8167
1519 1853 75.4106
1519 1979 27.1748
1519 2469 63.8965
1519 3736 78.7292
1520 1573 79.987
1520 2768 67.4894
1520 3242 104.836
1521 1931 60.4748
1521 2009 52.9168
1521 2830 31.1867
1521 3410 38.8599
1522 1737 29.8314
1522 2271 39.0787
1522 3052 34.5013
1522 3557 31.6215
1523 2960 95.7838
1524 2429 59.1892
1524 3759 22.5426
1524 4136 75.3868
1525 2319 73.6435
1525 2635 72.3168
1525 2920 85.9305
1525 3438 40.75
1525 3672 102.27
1525 3743 115.503
1525 3836 91.2435
1526 3622 37.0271
1527 2296 20.2977
1527 2361 58.1452
1529 3769 54.2968
1530 2212 77.8117
1530 2803 57.4911
1531 3424 47.3225
1532 2247 93.8426
1532 2321 40.942
1532 2426 86.315
1532 3758 84.366
1534 1990 67.1978
1534 2109 101.777
1535 2013 88.9347
1536 3454 90.5728
1536 3482 101.2
1537 2705 20.9921
1537 3127 94.537
1537 3935 49.3994
1538 2571 42.7175
1538 4196 76.2621
1538 4205 59.3427
1539 2703 57.3995
1539 3049 57.7922
1540 2249 132.175
1540 2726 86.1107
1540 3797 38.9211
1541 3459 89.2407
1541 3692 71.3021
1541 4007 52.1002
1542 1920 49.6047
1542 2878 112.209
1543 3552 66.9627
1543 3911 50.4944
1543 4092 43.8662
1544 2207 37.2228
1544 2218 33.6063
1544 3187 53.877
1544 3783 35.0485
1545 1579 34.1329
1545 1833 45.5165
1545 4116 91.6097
1546 1992 54.8348
1546 2282 31.9103
1547 2236 117.536
1547 3022 25.2222
1548 1908 40.8857
1548 3176 53.3026
1549 2885 51.9122
1549 3673 33.3303
1550 3773 97.7913
1550 4151 87.5178
1550 4292 96.2629
1551 1910 116.985
1551 2845 92.5836
1551 3936 40.6007
1552 3427 53.7228
1552 4163 67.3629
1553 2309 20.9249
1554 1766 15.775
1554 3516 98.8854
1555 1680 62.798
1556 1750 57.7772
1556 2729 108.646
1557 1794 14.7944
1557 2733 138.095
1557 3000 50.2784
1558 1861 69.7243
1558 4207 75.438
1559 1721 40.055
1559 2561 38.0394
1559 3568 51.5722
1560 2304 85.5878
1560 3183 40.4019
1560 3814 61.1447
1561 1773 94.5998
1562 2207 30.3871
1563 2509 116.186
1563 3336 63.7939
1564 2194 106.202
1564 2981 79.6925
1564 3515 88.7888
1564 3920 149.77
1565 1952 28.5563
1565 2353 40.8893
1566 2786 22.8657
1566 2948 87.8641
1566 3450 17.4043
1567 3083 71.8052
1567 3280 69.4449
1568 1624 125.014
1568 3372 106.034
1568 3626 19.2116
1570 2978 24.6409
1571 2221 56.4045
1571 3329 158.476
1571 3930 64.2408
1572 1980 66.6511
1572 3937 106.18
1572 4003 63.4626
1573 2190 62.4018
1573 3214 83.4284
1573 3242 42.7472
1573 3271 81.6932
1574 2063 28.8211
1574 2899 24.6192
1574 3601 130.937
1575 4227 37.0189
1576 3521 91.812
1576 3584 36.799
1576 3882 4.87557
1577 1633 77.5807
1577 3031 67.8586
1577 3387 51.3634
1577 4025 43.9217
1578 2470 37.3585
1578 3127 55.4013
1578 3935 73.6448
1578 4233 18.0081
1579 1833 38.5539
1580 2298 38.4364
1580 2842 71.1128
1580 3412 72.0432
1581 1715 104.66
1581 2233 72.7212
1581 3366 38.594
1582 2460 75.1939
1582 3884 62.5138
1582 4244 30.7425
1583 2081 48.6584
1584 2685 49.9952
1584 3074 34.3405
1585 2668 13.5262
1586 3768 98.4643
1587 2032 26.0429
1587 2058 58.3216
1587 2445 87.9164
1587 2962 69.2449
1588 1655 52.0289
1588 3149 108.952
1589 2448 65.8685
1589 2579 81.4722
1590 3080 13.3408
1590 3740 95.6655
1590 4089 29.4922
1591 2059 20.19
1591 2335 77.6116
1591 3700 8.24934
1592 1950 29.955
1592 2905 25.7119
1592 3205 38.2065
1592 3786 18.3875
1593 1874 38.8572
1593 2332 57.8509
1593 2810 37.2695
1594 2280 22.5992
1594 2411 91.2195
1594 2976 28.188
1595 2864 101.599
1595 3742 51.0164
1595 3823 71.2917
1596 3885 39.124
1597 1710 59.7828
1597 1734 86.8868
1597 2617 156.675
1597 3301 59.2114
1598 1788 4.58178
1598 3494 107.698
1598 4031 84.4585
1598 4221 79.2681
1599 2053 27.2639
1599 4021 31.4689
1600 1605 73.2096
1600 1810 59.3127
1600 2108 65.2903
1600 2629 32.7922
1600 3555 54.5061
1601 2071 97.1084
1601 2658 51.9087
1601 3370 82.5196
1601 4146 121.817
1602 2293 37.6369
1602 3454 64.3136
1603 1769 31.539
1603 2574 34.1946
1603 3300 86.0875
1604 1641 27.78
1604 2081 65.1614
1604 4258 60.8432
1605 1810 27.1885
1605 2629 51.0917
1605 3138 31.1021
1606 2542 13.9659
1606 2865 64.1008
1606 3832 38.9773
1606 3938 57.1881
1607 2232 40.7768
1608 2033 67.1803
1608 3628 71.9974
1608 4291 43.7242
1609 1745 88.67
1609 4228 82.7994
1610 1852 73.0867
1610 3241 112.07
1611 1687 40.218
1612 2876 60.3122
1612 3497 37.0466
1612 3952 60.3802
1613 3330 106.661
1613 3919 76.7923
1613 4290 80.0427
1614 2128 23.4469
1614 3532 63.8355
1614 3799 1.01362
1615 1807 70.6452
1615 2455 117.368
1615 3185 66.729
1616 2115 80.2063
1617 3666 23.8187
1618 1856 104.55
1618 2114 21.2269
1618 2572 52.0136
1618 3583 75.0589
1618 4056 83.736
1620 2517 29.6449
1620 2894 61.0226
1620 3363 66.3092
1621 1835 48.9667
1621 2701 85.9396
1621 2867 35.9384
1621 3611 110.338
1621 3933 39.7481
1622 1764 39.2725
1623 2312 24.5164
1623 3480 47.6598
1623 4272 41.9203
1624 1904 88.517
1624 2168 30.626
1624 4243 100.374
1625 3236 115.763
1625 3767 40.154
1625 3953 73.2344
1626 2459 70.105
1626 3062 23.548
1626 3311 65.6006
1627 1682 76.3616
1627 2764 75.1659
1627 3013 45.8129
1628 2011 61.8912
1628 2864 76.7784
1628 3913 66.2684
1629 1707 65.9702
1629 1903 107.56
1629 3658 34.8104
1630 1738 69.2755
1630 1945 50.7402
1630 2758 13.6707
1631 1792 91.6555
1631 3418 63.119
1631 3493 30.179
1633 2986 34.4502
1633 4025 66.2367
1634 2449 45.1924
1635 2119 85.2723
1635 2754 71.2888
1635 4098 32.9117
1636 2210 52.173
1636 2836 58.824
1636 3178 45.2615
1636 4266 73.1985
1637 2521 91.6814
1637 3200 117.422
1637 3937 48.3023
1638 2315 104.249
1638 2498 16.9695
1639 4045 42.3823
1640 4135 44.5976
1641 2474 73.223
1641 4258 67.9885
1642 3750 108.508
1642 4241 63.5921
1644 2004 91.9797
1644 4161 10.3907
1645 1685 43.2919
1645 1846 48.1502
1645 2241 23.159
1645 2322 12.9284
1645 3916 32.6893
1646 3487 44.0596
1647 2191 26.9398
1647 3655 7.52045
1648 2556 68.3954
1648 3167 77.6529
1648 3891 22.2573
1649 2997 9.09837
1649 3559 79.3011
1649 4007 56.4152
1649 4101 36.2997
1650 1791 49.266
1650 3193 48.8758
1653 3739 124.21
1654 4241 75.8754
1655 2421 83.4397
1656 1845 44.4871
1656 2116 36.0688
1656 3218 65.0564
1656 4070 76.875
1656 4076 88.7463
1657 1877 17.3814
1657 3286 14.5569
1657 3995 41.8889
1658 3466 89.5496
1659 2985 113.629
1659 3944 65.7654
1660 1977 71.7929
1661 2886 51.3118
1661 2890 40.0373
1661 3892 7.18578
1661 4186 56.324
1662 1707 39.8664
1662 1903 45.0907
1662 2425 38.7778
1662 3528 30.1335
1664 2367 41.3565
1664 3407 53.5529
1665 1855 54.9872
1665 2248 68.4386
1665 2340 68.6662
1666 3106 25.6735
1667 1699 106.035
1667 2860 11.4555
1668 2472 47.1701
1668 2773 28.933
1669 1717 87.2452
1669 1828 34.4259
1669 3606 37.3293
1670 2567 84.3634
1670 2910 52.329
1671 1675 37.9379
1671 3109 16.3474
1671 3418 46.7762
1671 3462 38.1693
1672 2512 25.6757
1672 2928 32.2957
1673 2624 52.3735
1673 2705 44.7256
1673 3435 53.7348
1674 2582 30.4555
1674 3943 23.494
1675 3462 52.8936
1676 3096 86.7151
1676 3111 39.3575
1676 3948 49.9195
1677 2462 34.0244
1677 3113 85.9936
1678 1933 25.5432
1678 2992 36.2179
1678 4268 38.7923
1679 3779 138.469
1679 4146 111.085
1681 2091 27.5364
1681 2343 31.7795
1682 2203 39.0353
1683 2210 49.1879
1684 2403 13.5107
1685 2241 43.5584
1685 2322 29.8899
1686 2722 24.105
1686 3283 25.736
1686 3339 58.7304
1686 4156 16.3419
1688 2455 72.9922
1688 2716 71.0501
1689 2730 38.504
1690 1835 57.9271
1690 3026 62.5376
1690 3933 47.9072
1690 4202 38.7088
1691 1978 58.1702
1691 2932 75.4758
1691 4023 78.698
1692 2120 45.8222
1692 3694 30.9077
1693 3168 50.7338
1693 3668 31.4324
1693 3821 80.9923
1694 1943 9.97548
1694 3073 27.8683
1694 3416 46.3967
1695 1752 31.269
1695 2227 51.4729
1695 2261 57.9129
1695 2788 61.4182
1695 3367 29.8331
1695 3463 59.7267
1697 3922 60.6593
1697 4061 43.4887
1698 1823 60.7483
1698 1956 63.1012
1698 3461 101.733
1699 2199 40.7813
1699 2860 120.488
1699 2958 101.867
1700 3368 28.9977
1701 2077 20.2914
1702 2362 41.6759
1702 3961 37.7244
1703 4047 62.9927
1704 1802 59.5806
1704 2450 50.978
1705 1982 67.8147
1705 3417 26.9546
1705 3819 92.6297
1706 2777 51.5393
1706 3225 101.419
1706 4250 58.7233
1707 1903 33.2567
1707 2425 72.8381
1707 3528 37.0521
1708 1816 84.9548
1708 3650 82.9719
1708 3805 104.878
1709 2752 69.5432
1709 3026 13.3476
1709 4202 47.0149
1710 3301 47.4225
1711 3119 62.025
1711 3188 89.06
1712 3701 133.028
1712 3958 49.0742
1714 2050 39.9014
1714 3770 93.6841
1715 2150 147.406
1715 2383 78.457
1716 1944 66.3419
1716 2003 105.866
1717 1828 35.036
1717 2180 78.2984
1717 3045 50.345
1718 1845 35.1276
1718 4076 28.6873
1719 2681 62.3778
1719 3102 50.0725
1720 2224 54.6613
1720 2565 63.3758
1720 3503 131.034
1720 4283 70.1625
1721 2561 40.8227
1721 3811 39.0617
1722 2782 5.43357
1722 2791 37.8113
1723 1757 82.6469
1723 3282 47.8705
1724 2362 55.9196
1725 2316 77.6029
1725 2640 75.2481
1726 2150 75.6391
1726 3089 141.875
1727 3029 75.0875
1727 3345 27.5415
1728 3220 83.2185
1728 3383 23.7896
1729 1965 44.6602
1729 2153 72.4907
1729 3570 28.373
1730 2301 21.0943
1730 2324 58.8261
1730 2602 63.847
1730 3279 46.8436
1731 3962 23.0882
1731 4238 37.8379
1732 4166 55.7533
1732 4223 46.0866
1733 1859 63.4578
1733 2042 59.662
1733 2434 69.2558
1733 2605 78.6328
1734 3301 52.6288
1735 2891 71.365
1735 4226 14.6186
1736 2650 51.5005
1736 3854 93.9769
1737 2271 41.0448
1737 3052 59.941
1737 3255 46.661
1737 3256 72.1387
1738 1945 56.1743
1738 2758 45.0014
1738 3859 31.6801
1739 3445 107.324
1739 3912 85.519
1740 2315 92.4373
1740 3703 108.819
1740 3955 71.0448
1741 2140 97.7412
1741 2749 48.2111
1742 2880 65.3316
1742 4235 58.4035
1743 2532 70.2292
1743 2931 40.3918
1743 3580 27.8911
1743 3896 39.449
1744 1998 26.776
1744 3295 48.289
1744 3939 53.3825
1745 1921 40.2007
1745 3726 103.526
1745 3761 51.5492
1746 2002 78.2119
1746 2903 93.7319
1746 4004 90.3248
1747 2472 34.1136
1747 2773 52.7506
1748 2624 98.7529
1749 1805 68.8374
1749 2147 99.5886
1749 3516 83.5186
1750 3204 44.7415
1751 2814 66.0947
1751 2948 17.3409
1752 2261 42.3995
1752 3367 29.1396
1753 1798 86.2819
1753 1906 38.8757
1753 2461 51.2451
1755 2408 35.0699
1756 2035 50.2006
1756 3907 106.725
1757 2621 81.0014
1757 3282 42.2238
1758 1968 43.51
1758 3113 74.1703
1759 2750 43.6909
1759 3340 75.1483
1759 3762 67.9392
1760 2155 30.9981
1760 2740 23.8842
1760 3831 111.842
1761 1986 29.9629
1761 3129 37.5753
1762 2794 45.4166
1762 3891 49.0267
1763 2458 67.3572
1763 2771 117.463
1765 2308 75.2628
1765 2578 111.485
1765 3533 48.232
1765 4169 80.9593
1766 3516 43.5308
1767 3292 15.8365
1767 3720 72.3669
1768 2039 47.7413
1768 3374 64.7477
1769 2574 33.9499
1769 3300 51.3106
1769 3674 127.207
1770 3681 49.9303
1770 4245 44.5233
1771 2216 73.3051
1771 4186 74.4229
1772 2101 61.755
1772 2267 25.0193
1772 2639 70.285
1772 2971 58.3494
1773 1991 61.9339
1774 1857 52.6623
1774 2313 70.3752
1774 3545 83.9322
1775 1928 46.6092
1775 2230 12.9604
1775 2801 59.6729
1775 2809 31.5028
1776 2019 52.8323
1776 4177 54.3233
1777 2234 86.9842
1777 2326 21.8063
1777 2495 35.6235
1777 3240 65.8264
1777 3478 49.7936
1778 3815 93.4059
1779 3593 66.7668
1779 4080 26.2933
1780 1793 107.667
1780 2376 95.2175
1780 3553 63.1879
1780 3773 112.37
1781 2538 12.8997
1782 1922 65.2746
1783 3667 71.5529
1784 2734 75.0301
1784 3604 34.4447
1784 3918 61.8529
1785 2586 83.7576
1785 2998 115.256
1786 2092 66.1389
1786 2337 59.3274
1786 3063 54.1648
1787 2505 42.4615
1787 3765 58.0837
1787 4009 89.0149
1788 3494 88.3047
1788 4221 51.1398
1789 1863 84.1557
1789 2269 63.4945
1789 3871 54.7794
1789 4058 93.8897
1790 2306 55.1999
1790 3881 66.7059
1792 3493 80.9004
1793 3546 106.741
1793 3553 35.008
1794 2463 84.7889
1794 3000 27.9026
1794 3577 75.5914
1795 2612 77.3227
1795 3118 71.5673
1795 3356 57.8587
1796 3948 15.6819
1797 2528 87.2648
1797 2969 36.8148
1798 1906 48.2032
1798 2964 75.0459
1799 1962 111.499
1800 2451 125.234
1800 2950 33.4279
1800 3828 40.2075
1801 2840 90.0847
1802 1971 84.4211
1802 3544 44.2351
1803 2903 53.256
1804 2365 98.0224
1804 2819 53.9233
1804 3758 101.169
1805 3516 64.2947
1806 3207 41.1643
1806 3554 27.3812
1806 3722 84.7436
1807 3185 11.9055
1808 2595 53.2791
1808 2995 58.1906
1809 2632 9.47537
1809 2872 59.5737
1809 4108 83.2817
1810 2629 67.8868
1810 3138 61.8417
1811 2770 59.2824
1811 3083 131.374
1812 2036 64.3488
1813 3928 58.631
1813 4087 25.1925
1813 4128 78.1363
1813 4158 45.5614
1814 3471 78.3638
1815 1879 32.6266
1815 1909 63.8513
1815 2080 44.5883
1815 2862 52.1211
1816 1874 72.3478
1816 2810 113.284
1816 3581 67.4857
1817 1832 23.6476
1817 1867 109.187
1817 2652 33.9867
1817 4290 35.1137
1818 3754 53.5195
1819 3115 67.6129
1819 3899 67.3002
1819 3950 33.7324
1820 2049 8.08848
1820 3157 89.4366
1820 3287 32.7978
1820 4157 36.6701
1821 2655 48.5372
1822 2443 90.4823
1822 3976 110.72
1822 4117 66.5376
1823 1956 20.8412
1824 2575 117.98
1824 3280 54.509
1824 3362 5.27791
1825 2401 72.1258
1825 3433 58.6039
1825 3946 74.7515
1826 2768 46.2762
1826 3973 49.273
1827 2097 110.433
1827 3947 124.134
1828 3606 37.6551
1829 2156 67.7215
1829 2341 118.044
1829 3603 65.8657
1830 2888 43.5555
1830 4208 34.4034
1832 2652 81.5003
1832 4290 5.96274
1834 2012 71.0565
1834 3009 57.1474
1835 2867 16.3746
1835 3087 112.196
1835 3632 70.5497
1835 3933 10.5269
1836 2480 41.3203
1836 3563 55.4696
1836 3745 31.9437
1837 1981 44.6729
1837 2717 49.5023
1838 4210 85.5137
1839 2205 49.022
1839 3665 40.2711
1840 3443 62.7133
1840 3752 62.4091
1840 3990 37.6695
1840 4237 61.2493
1841 2936 80.9242
1841 3729 54.7998
1842 2037 44.1994
1842 2235 105.073
1842 3684 46.6403
1842 3739 74.2614
1843 3399 69.3063
1844 2230 82.6305
1844 2406 145.921
1844 2801 46.4355
1844 3164 41.1495
1845 4070 82.8237
1845 4076 14.3895
1846 3916 8.93353
1847 3102 69.8215
1847 3383 67.32
1848 2152 57.378
1848 4255 74.505
1849 3281 46.9859
1849 3605 25.5297
1849 3638 61.3349
1850 2089 51.2898
1850 2916 90.6899
1850 3965 55.9081
1851 3245 39.2751
1851 3696 83.1708
1852 4168 31.338
1853 1979 93.397
1853 3474 118.773
1853 3736 16.4876
1854 2283 44.6498
1854 3350 73.1036
1855 2340 86.4491
1856 3505 35.9745
1856 3583 79.9069
1857 3545 46.7941
1858 2138 14.6025
1858 3737 46.664
1859 2042 63.0614
1859 2605 35.7165
1859 3144 40.7801
1860 3372 45.6325
1860 3629 36.7063
1861 2111 13.3515
1861 2185 57.7152
1861 3843 43.1365
1862 3915 40.5817
1863 2157 7.17542
1864 4289 105.345
1865 2172 73.4742
1865 2290 57.9704
1865 3271 61.8359
1865 4162 74.8185
1866 2714 50.3583
1866 3420 11.017
1867 2652 49.4608
1867 3856 90.3581
1868 1871 69.4273
1868 3140 34.3626
1868 3183 64.8415
1869 2900 63.1486
1870 2311 34.4385
1870 3294 21.7586
1870 4190 28.9449
1871 2051 69.7275
1871 3140 52.7886
1872 2208 56.1906
1873 2163 101.971
1873 2255 26.2974
1873 3425 88.1148
1874 2332 50.5095
1874 2810 54.7752
1875 2593 49.5424
1875 2987 47.7604
1876 2358 89.9658
1877 3050 71.8447
1877 3286 20.5636
1877 3995 59.1847
1878 1908 98.6194
1878 3058 11.2275
1878 3802 57.9224
1879 2080 44.464
1879 2862 38.7729
1880 3217 70.3112
1881 2211 52.8526
1881 3132 44.9447
1882 2589 60.5366
1882 3826 70.8431
1883 2312 126.415
1883 2956 79.9166
1883 3328 47.5092
1884 3796 43.7407
1884 4043 81.7452
1885 3431 65.1244
1885 4164 24.4457
1886 2000 55.0165
1886 4077 56.0218
1887 2747 78.3902
1887 3161 59.1554
1888 2102 51.4754
1888 2198 36.3495
1888 2516 15.1623
1889 1966 52.5493
1889 3089 43.345
1889 3523 33.348
1889 3760 46.1888
1891 2795 51.5684
1891 2898 93.1668
1892 3200 107.345
1893 2299 69.5733
1893 3088 85.4159
1893 3254 58.1223
1894 2184 118.164
1895 1997 31.7664
1895 4133 38.7093
1896 2456 177.501
1897 3507 68.9643
1897 3601 66.2887
1897 3921 58.0035
1897 4278 49.6126
1898 2398 64.9837
1898 3195 65.8051
1898 3270 56.9412
1899 3020 45.1736
1899 3323 54.8445
1900 2098 76.7295
1900 2662 82.1496
1900 3112 29.207
1901 2541 61.1361
1901 3315 37.9733
1901 3331 44.3885
1901 3970 53.6795
1902 2323 46.2828
1902 3027 57.7812
1903 2425 54.6915
1903 3528 48.4688
1903 3723 53.3236
1904 2168 20.672
1904 2424 78.2451
1905 2104 68.6676
1905 3790 76.7471
1906 2461 60.103
1906 2964 120.141
1907 3686 59.093
1908 3058 56.2937
1908 3176 36.0504
1909 2613 8.76049
1910 3030 14.3131
1910 3936 94.2488
1911 2411 81.2806
1911 2613 99.5022
1911 2829 58.6658
1912 1999 108.316
1912 4159 88.5558
1913 2023 34.7256
1913 3154 32.3142
1913 3403 52.2663
1913 4078 78.4258
1914 4185 101.434
1914 4234 98.0878
1915 2145 21.3713
1915 2982 58.906
1916 2046 60.6134
1916 2973 74.948
1916 3071 32.9553
1916 3467 39.7391
1916 4083 32.826
1917 2012 86.525
1917 2822 52.3175
1918 1941 53.3188
1918 2535 39.8604
1918 3679 40.9096
1918 4211 36.6095
1919 2797 67.9229
1919 3522 72.2711
1919 3602 42.2178
1920 2385 122.794
1921 3726 50.7334
1921 3761 67.8151
1923 2959 80.6476
1923 2989 34.4642
1924 2766 101.612
1925 2925 55.3259
1925 3067 80.8933
1926 2676 97.0323
1926 2837 90.5805
1926 2887 84.4987
1927 1933 57.4163
1927 2082 96.728
1927 3858 53.9892
1928 2809 38.337
1928 3139 48.2764
1929 2300 16.967
1929 3423 67.8425
1929 3465 67.8875
1930 2727 14.3748
1930 4093 61.1016
1931 2830 79.7624
1931 3055 38.2904
1931 3410 70.1339
1932 2674 33.9425
1932 3213 46.0456
1934 2154 91.0112
1934 3355 117.953
1935 2254 8.53726
1935 3259 85.7507
1936 2283 59.3826
1936 3350 63.9572
1936 3966 78.0135
1936 4042 67.5165
1938 2448 65.0693
1938 2585 64.1104
1938 3143 70.1029
1938 4097 26.9396
1939 2669 18.084
1940 2656 78.921
1940 3575 54.6008
1940 3917 122.529
1941 3648 84.215
1941 4041 56.0177
1941 4211 92.6042
1942 4044 78.6673
1943 2473 83.5226
1943 3073 29.6775
1943 3416 39.1756
1944 2086 43.3248
1944 4013 87.4018
1944 4165 79.3861
1946 2257 24.1014
1947 2651 92.931
1947 2951 33.8526
1948 3203 17.7872
1949 2994 119.336
1949 3411 45.8569
1950 2905 55.7848
1950 3786 24.5701
1951 2785 48.4109
1951 3863 54.0715
1952 2353 66.9613
1952 2625 86.967
1953 2934 74.0627
1953 3550 28.8326
1953 3775 124.808
1954 2566 24.2224
1954 2591 38.8826
1954 3100 52.5616
1955 2950 110.798
1955 4139 34.5589
1958 2354 46.8291
1958 3128 69.5493
1958 3222 62.4157
1958 3539 92.7032
1959 2721 29.4041
1959 3356 47.1424
1960 2173 49.5166
1960 3975 91.7375
1961 2525 14.3096
1961 2923 41.9188
1961 3163 42.5149
1962 2761 24.8952
1962 3609 21.7946
1962 3795 46.9732
1962 4270 76.4539
1963 3044 124.925
1963 3816 49.7668
1964 2999 44.0388
1964 3043 49.6682
1964 3897 52.4774
1965 2153 77.0652
1965 3570 23.5292
1966 3523 77.6258
1967 2339 38.7893
1967 3135 49.4264
1968 2753 119.357
1969 3384 101.756
1969 4114 141.256
1969 4279 12.5364
1970 3071 45.0924
1970 3727 46.7689
1971 3196 35.733
1972 3646 55.8949
1972 3911 71.3288
1973 2317 54.498
1973 2556 114.641
1974 3750 85.286
1974 4081 116.2
1975 3422 95.254
1976 2347 42.9546
1976 2378 76.629
1976 3056 58.1099
1977 4110 34.4803
1978 4023 95.6811
1979 2469 67.139
1979 3736 43.8629
1980 3097 47.9032
1980 3737 42.1808
1980 3982 54.8326
1980 4003 48.0974
1981 2717 54.7708
1982 2812 52.3988
1983 2231 52.8153
1983 2664 45.4034
1983 4111 37.7042
1984 3133 30.3656
1984 4163 25.4592
1985 2071 80.1293
1986 3129 31.8087
1987 2519 96.0142
1987 3479 67.7086
1988 2106 38.6806
1988 4268 46.81
1988 4286 53.1188
1989 2934 74.6671
1989 4012 14.797
1990 2181 60.1032
1992 2220 97.7406
1992 3436 41.7316
1992 4078 39.6145
1993 3191 38.9952
1993 3809 70.5526
1995 2097 23.0779
1995 3231 25.1778
1995 3496 64.8325
1995 3931 18.7464
1996 2258 94.5142
1996 2639 75.8231
1996 3006 7.27936
1997 4133 74.8536
1998 3939 97.6122
1999 2153 89.0054
2000 4077 25.5058
2001 2552 84.0013
2001 3469 92.5851
2002 2881 64.769
2002 4004 1.31425
2003 2018 38.2732
2003 3623 51.0382
2004 4161 44.4737
2005 3449 86.4802
2006 2434 52.5567
2006 4269 45.6884
2007 2107 83.6365
2007 2284 83.0236
2007 3661 57.2582
2007 3987 10.1784
2007 4017 26.2455
2008 2824 96.5632
2008 3483 89.1052
2009 2830 105.211
2009 3410 45.1695
2009 4118 134.105
2010 2333 67.1926
2010 4295 58.4527
2011 3913 45.6602
2012 2822 42.4306
2012 4154 132.348
2013 4267 91.0865
2014 2479 70.4575
2014 4160 59.5076
2015 2481 24.689
2015 2590 94.9847
2015 3321 58.8215
2015 3615 23.851
2016 2501 76.4646
2017 2830 114.689
2018 3365 73.5187
2018 3623 27.0642
2019 4225 85.2031
2020 3013 91.883
2020 3254 43.1421
2020 4217 54.8851
2021 3815 59.1782
2021 4057 25.8533
2022 2149 52.4682
2023 2093 33.2025
2023 2907 70.9835
2023 3154 60.6052
2023 4078 52.0494
2024 2979 50.9575
2024 3282 74.7446
2024 4110 80.3186
2025 2460 18.1948
2025 2745 40.1594
2025 2778 74.718
2025 4053 85.3467
2026 2098 75.8536
2026 3103 22.088
2026 3325 86.1041
2027 3174 66.0861
2027 3645 80.194
2028 2650 46.0595
2028 3711 62.336
2028 3807 66.5522
2029 2062 52.4967
2029 3306 64.8855
2029 3534 38.0711
2030 2584 43.3595
2030 3874 14.9745
2031 2076 66.4403
2031 2608 62.2456
2032 2058 46.7499
2032 2445 41.9551
2033 2966 69.4943
2033 4291 55.6924
2034 3413 142.879
2035 3894 55.4478
2035 3907 42.1
2036 3462 73.5311
2037 3684 65.6658
2037 3739 48.6264
2038 2329 28.7116
2038 3327 70.5155
2039 2551 57.2347
2039 2825 55.8479
2039 3374 7.78149
2040 2915 61.8411
2040 3147 50.0957
2040 3437 37.7856
2041 2286 66.9847
2041 3811 59.0018
2042 2605 8.06188
2043 2804 129.291
2043 3108 86.7822
2044 2436 32.3135
2044 2511 72.9046
2044 3716 16.8688
2044 3869 45.25
2045 2396 56.7938
2047 2688 120.724
2047 2932 44.7309
2047 2969 77.6891
2049 3157 72.2476
2049 3287 37.663
2049 4157 30.5964
2050 2806 63.9649
2050 4055 35.5945
2051 2647 69.6076
2052 2414 71.8105
2053 3548 60.5419
2053 4021 71.5393
2054 2489 30.1006
2054 2683 32.2545
2054 3284 61.7073
2054 3919 45.4677
2055 2319 98.8034
2055 2635 18.5143
2055 3438 134.632
2056 2555 4.09136
2056 3755 28.4713
2056 4170 49.8741
2056 4193 84.1558
2057 3098 58.6738
2057 3688 71.5328
2058 2445 50.0325
2058 4022 46.1245
2059 3700 6.8447
2060 3194 8.06914
2061 2375 29.4967
2062 2432 90.4748
2062 3534 20.181
2063 2899 29.973
2063 3601 92.2467
2064 3680 44.5933
2064 3999 83.6093
2065 2395 107.427
2065 2642 87.4928
2066 3697 52.8936
2066 3813 81.8658
2067 3457 48.5369
2067 3682 76.1379
2067 3960 87.483
2068 2638 29.6047
2069 2916 24.6738
2069 3965 60.5893
2070 2990 56.1188
2070 4199 20.4156
2071 2113 69.9257
2071 2368 46.1263
2071 3370 38.8566
2072 3119 58.4991
2072 4028 79.024
2073 2074 118.73
2073 2192 79.4597
2074 4209 29.5181
2075 2703 74.8894
2075 3084 79.5361
2076 2608 46.0227
2078 2436 18.8922
2078 3716 49.8188
2078 3833 66.4732
2079 3789 12.1026
2080 2862 36.8817
2082 3858 56.9488
2082 4286 88.078
2083 3151 19.2245
2083 3506 31.8124
2084 2412 41.5603
2084 2533 63.3956
2084 2906 15.9011
2084 3851 74.0899
2085 3024 95.6679
2085 3312 105.812
2085 3464 57.814
2085 3883 123.941
2086 4013 51.1612
2086 4165 41.4523
2087 2637 29.8044
2088 2494 85.7709
2088 3808 87.7218
2089 2916 53.0746
2089 3965 14.3466
2090 3130 72.1524
2091 2500 73.1092
2091 3324 99.3203
2091 3357 52.7529
2092 2337 30.6821
2092 3279 77.3452
2093 2282 23.6455
2093 2907 39.1396
2095 3099 80.7827
2095 3262 101.956
2095 3596 103.393
2096 2529 68.1748
2096 4256 54.1181
2097 3231 21.19
2097 3931 8.81848
2097 3947 99.302
2098 2662 62.4115
2098 3103 37.8042
2098 3325 39.8705
2099 2793 110.129
2099 3567 53.6913
2099 4260 36.6176
2100 2330 111.727
2100 2900 114.877
2101 2734 99.1677
2101 2971 16.8523
2102 2516 82.6951
2102 2524 73.5273
2103 2738 108.807
2103 3378 57.0511
2103 4038 105.222
2105 2182 62.6293
2105 3208 44.7747
2105 4187 48.0008
2106 2866 59.8242
2106 4268 25.7329
2107 3661 32.2137
2107 4017 51.6284
2108 2742 116.086
2108 3319 94.0438
2108 3555 46.9323
2109 2441 57.2768
2109 3903 22.0169
2110 2248 60.3339
2110 2340 65.804
2111 3701 91.3524
2111 3843 47.0178
2112 2646 44.1447
2112 3222 62.1937
2112 3579 47.8504
2113 2187 116.158
2113 2368 19.9894
2114 2572 49.0221
2114 3583 87.0518
2115 3427 59.7704
2116 3218 26.5582
2116 3513 63.4669
2117 2398 90.3991
2117 2402 85.528
2117 2866 99.2625
2117 3007 41.4048
2118 2646 64.9231
2118 4077 60.9381
2119 4098 79.0876
2120 2146 58.9228
2120 3044 68.9491
2120 3694 71.3683
2121 3206 55.6711
2122 2268 92.0427
2122 2911 74.8889
2122 3492 44.6835
2123 2554 123.519
2123 3365 77.2587
2124 2852 73.4045
2125 2896 57.6901
2125 3725 86.4104
2125 3971 52.4652
2126 2543 18.9186
2127 2213 94.9126
2127 2671 143.925
2127 3351 120.413
2127 4173 24.6061
2128 3799 26.1037
2129 2552 111.833
2130 2467 64.3077
2130 2776 90.2495
2130 3870 14.3841
2131 2334 82.1719
2132 3745 93.1699
2132 4271 100.559
2133 2295 33.1764
2133 2338 61.8549
2133 4171 40.6736
2135 2702 37.7223
2135 3360 24.3232
2135 3904 18.6761
2136 3346 140.088
2136 3834 14.5091
2136 4091 79.821
2137 2862 59.7901
2137 3968 72.5153
2138 2619 65.9697
2138 3737 57.4127
2139 2323 49.9665
2139 3847 39.3604
2139 4113 40.7663
2141 2407 32.5085
2142 3180 42.8217
2142 3471 97.2615
2143 3414 75.1134
2143 3557 59.389
2143 4036 37.215
2144 2731 85.5392
2144 2944 74.0115
2144 3808 54.3459
2145 2982 70.7486
2146 2616 78.4958
2147 3720 94.7359
2148 2942 33.4521
2148 3305 79.7466
2148 3848 39.6086
2149 2644 121.529
2149 4264 50.328
2150 2383 91.3494
2150 3760 63.6985
2151 2260 14.0428
2151 2265 29.7423
2151 2823 37.4232
2151 3369 59.4592
2152 2980 104.296
2152 4255 56.0897
2154 2606 33.511
2154 2904 104.877
2155 2740 18.1859
2156 3239 121.106
2157 2269 91.7943
2158 3002 82.6485
2158 4068 49.896
2159 2790 67.3805
2159 3156 62.3298
2159 3199 43.716
2159 3784 56.5213
2159 3980 86.5564
2160 2548 91.0518
2160 3600 69.2629
2161 3825 59.3469
2161 4079 49.2869
2162 3542 68.657
2162 3723 47.6611
2162 4102 26.5093
2162 4275 22.7371
2163 2255 47.5216
2165 2415 34.3854
2165 3929 61.5269
2166 3003 45.929
2166 3404 60.1931
2166 3500 31.3184
2167 2262 37.4552
2167 3549 35.1209
2168 2424 65.4067
2169 2409 70.2916
2169 2539 80.9393
2169 3845 16.7873
2170 4079 24.138
2171 3056 21.8282
2171 3224 38.8067
2171 3317 24.1215
2172 2290 24.7707
2172 3446 107.39
2173 4261 66.341
2174 2827 25.1686
2175 3941 116.441
2176 3257 48.545
2176 3343 41.26
2177 4121 50.9451
2178 2924 60.4908
2178 4122 37.3329
2179 2276 54.5246
2179 2401 36.9324
2179 3433 38.5569
2180 2672 84.9747
2180 3045 13.9904
2180 3313 111.638
2180 3607 69.0282
2181 4024 73.8762
2182 3796 32.3246
2182 4104 83.1978
2182 4109 63.7853
2182 4187 14.5866
2183 3747 13.0808
2183 3788 77.8554
2184 3876 49.9465
2185 3843 22.4426
2186 2246 32.0929
2186 3192 7.90115
2189 2422 46.6997
2189 3216 15.7346
2189 3582 60.9678
2190 3214 42.5186
2190 3242 23.4482
2191 2870 25.9353
2191 3655 28.1472
2192 4201 87.7892
2193 3182 35.4622
2193 3651 69.1486
2194 3515 30.1683
2194 3920 107.203
2195 2198 55.9015
2195 3803 51.3054
2195 4124 46.1916
2196 2552 58.6744
2197 2273 83.8959
2197 2957 58.9927
2198 2516 35.2383
2199 3468 105.298
2200 2794 84.2967
2200 3065 99.2723
2201 3708 134.29
2202 3137 55.1426
2202 3220 86.9889
2204 2274 68.4103
2204 3316 53.3677
2205 3219 65.1735
2205 3665 84.7012
2206 2583 63.2822
2207 2218 58.3796
2207 2447 63.994
2207 3783 64.2987
2209 4024 90.1853
2210 3178 42.5491
2211 3426 80.1031
2212 4229 49.0768
2213 3351 40.9627
2213 4173 65.6618
2214 2729 88.3048
2214 3232 80.3106
2214 3974 69.5578
2215 2390 68.1322
2215 2988 46.2004
2215 3886 62.0578
2215 3979 9.47942
2216 3373 29.9835
2216 3392 93.2659
2217 2633 65.7471
2217 2849 35.6862
2218 3783 10.0769
2219 3274 34.914
2220 3436 61.3007
2221 3818 60.4943
2221 3930 117.235
2222 2557 92.0172
2222 3428 115.109
2223 2851 53.4791
2223 3964 44.3464
2224 3978 62.0511
2224 4283 30.1945
2225 3293 50.7409
2225 4085 44.9346
2226 3455 53.0737
2226 3746 37.5681
2227 2261 71.3079
2227 3463 10.0749
2228 2240 44.7858
2229 2731 44.5055
2229 3748 17.4772
2230 2801 40.1267
2230 2809 41.9887
2231 4111 28.5809
2231 4220 47.2933
2233 3366 8.21639
2233 3694 82.2753
2234 2326 60.2147
2234 2781 37.6669
2234 3520 91.4083
2237 2774 77.3985
2238 4178 35.4066
2238 4188 54.0421
2239 3732 99.1632
2239 3988 49.6079
2239 4243 36.7429
2241 2322 10.945
2242 2993 38.1179
2242 3627 11.0988
2242 4276 58.6519
2243 2499 41.0116
2243 3610 27.1568
2243 4140 61.3381
2244 3932 79.7748
2245 2453 97.5228
2245 3466 53.6995
2246 3192 52.6595
2247 3238 79.8469
2247 3389 59.9109
2248 2340 25.0771
2248 3062 46.1068
2249 2726 81.9616
2250 2902 36.2479
2250 3887 76.8252
2251 3977 55.6375
2252 2682 36.4799
2253 2364 80.4843
2253 3190 63.5379
2254 3259 60.6347
2256 2665 34.0421
2256 3397 153.644
2256 3596 175.43
2258 2267 44.3379
2258 3006 93.65
2258 3788 61.0512
2259 2568 73.1764
2259 3525 31.3953
2259 3618 65.3785
2260 2265 53.765
2260 2823 38.4821
2261 3463 90.8651
2261 4026 54.0303
2261 4252 73.8298
2262 3549 73.7661
2262 3742 35.673
2262 3823 55.6183
2263 3035 45.7262
2263 3233 24.9977
2264 2454 46.5298
2264 2490 7.18716
2264 2858 53.2281
2265 2823 59.8171
2265 3663 58.5972
2266 3015 38.2005
2267 2639 64.1671
2270 3567 30.2502
2271 2581 87.2611
2271 3052 18.4264
2271 3255 78.7736
2272 3771 50.7318
2273 2356 50.3422
2274 3708 110.657
2275 2556 48.9992
2275 2990 82.3344
2275 3167 31.4884
2276 2313 55.8128
2276 3485 79.9736
2277 2763 46.7412
2277 3248 34.4591
2277 3719 61.3537
2277 3938 94.3701
2278 2596 88.6135
2278 3248 59.789
2278 3685 44.5113
2279 2382 64.7514
2280 2451 76.3977
2280 2976 39.8695
2281 2357 78.2697
2281 2510 36.86
2283 3350 71.1465
2284 2859 44.2069
2284 3987 71.3081
2285 3153 14.1081
2287 2651 36.8973
2288 2417 76.1762
2288 3637 77.1666
2288 4158 84.4907
2289 2325 75.6087
2290 4162 50.8197
2291 3949 45.3713
2292 2938 40.8049
2293 3454 42.8423
2294 2529 38.4048
2294 2788 90.377
2295 2338 28.2762
2296 2361 54.5235
2297 2458 137.452
2297 2771 15.7823
2298 2405 158.001
2298 2842 72.1142
2298 3363 108.719
2300 3465 67.0836
2301 2324 28.424
2301 2602 62.4987
2301 3279 30.4613
2302 2712 82.8245
2303 3166 61.1985
2303 3265 78.4284
2303 4273 135.711
2304 3839 99.0617
2305 3928 44.1716
2305 4128 59.92
2306 2640 74.8404
2307 2600 39.3918
2307 2671 138.59
2307 3184 59.436
2308 2578 32.8921
2308 3714 87.2396
2309 4119 46.3279
2310 2847 15.8752
2310 3038 28.9618
2310 3591 40.4315
2311 4190 43.5682
2312 3328 57.6213
2312 3480 72.0061
2313 3485 65.0764
2314 2764 58.3506
2314 4031 78.7133
2315 2498 87.1314
2315 3703 140.194
2316 2545 69.3079
2317 3600 103.735
2318 3252 73.5963
2318 3587 57.7181
2318 3888 126.775
2319 3438 49.0357
2319 3672 27.2576
2320 2687 41.3516
2321 2365 88.4856
2321 2426 93.2389
2321 3758 69.0445
2323 4113 14.8849
2324 2966 84.3651
2324 3279 71.7096
2325 2583 137.513
2326 2495 33.2411
2327 2504 26.6764
2327 3057 59.373
2327 3642 10.3015
2328 2816 14.9361
2328 3081 53.2563
2328 3123 7.48132
2328 3131 33.6553
2329 3327 39.3596
2330 3243 106.061
2330 3380 82.1918
2331 3790 29.9421
2331 4042 15.5827
2331 4247 103.14
2333 3704 10.0575
2333 4295 49.7221
2335 2410 48.2661
2336 2696 67.9341
2336 3353 44.4324
2336 3782 88.038
2336 4000 39.1245
2337 3279 23.3394
2341 2686 62.283
2342 2754 66.0858
2342 3068 48.9317
2342 3615 60.133
2343 2815 28.4041
2343 3197 46.0945
2345 2463 188.216
2345 3592 142.491
2346 3368 82.2543
2347 3054 68.0852
2347 3056 90.1667
2348 2574 16.1612
2348 4125 53.194
2349 3064 23.5694
2349 3448 45.7437
2350 2515 47.8815
2350 3124 37.8261
2351 3802 74.0221
2352 3226 25.3191
2353 2853 91.213
2354 3539 99.1587
2355 2560 66.0126
2355 3028 41.3111
2356 2957 48.1534
2356 3508 37.1202
2356 3621 35.5371
2357 2464 57.4773
2357 2767 90.7168
2357 3397 72.7066
2359 2379 28.6555
2359 2707 35.7909
2359 2850 26.5625
2359 2953 70.568
2360 2373 60.7191
2360 3452 78.7244
2360 3597 103.775
2362 3961 40.1726
2363 3066 78.2666
2363 4132 57.0581
2364 4060 10.2429
2365 2478 40.1808
2365 3758 39.3583
2366 3274 61.6631
2367 2724 41.1848
2368 3370 81.1163
2369 2576 8.97875
2369 3082 28.8792
2369 3441 37.5318
2370 2588 92.2897
2370 2799 49.309
2370 3245 48.7068
2371 2548 72.2485
2371 3344 56.7607
2371 3574 53.3445
2372 3023 10.1855
2373 3452 10.9148
2374 2882 52.2154
2374 3364 53.1148
2375 2712 99.9316
2375 3305 103.823
2376 3172 121.939
2377 2559 43.3033
2377 3518 93.5028
2377 3757 102.183
2378 2779 35.125
2379 2707 37.3163
2379 2850 53.3422
2380 3538 45.5143
2380 3857 47.8873
2380 4142 64.2238
2381 4023 67.1376
2382 3589 32.0681
2383 3523 48.6347
2383 3760 16.158
2384 2601 70.8385
2384 4198 51.6586
2385 2879 97.9112
2386 2826 31.5167
2386 2986 61.2917
2387 2964 69.7807
2387 3461 90.3877
2388 2719 73.0819
2388 3798 87.9052
2389 3261 39.3558
2389 3677 84.9402
2390 2988 57.6716
2391 2394 60.7162
2393 3360 15.8909
2394 3852 89.7022
2395 3635 71.1802
2396 2963 54.6988
2397 2534 84.6092
2400 2468 58.8831
2400 2484 28.9079
2400 2918 42.41
2401 2698 42.702
2401 3433 22.4013
2402 2866 55.3633
2402 3195 73.0884
2402 3770 55.2474
2403 3565 83.9372
2404 2970 75.5167
2404 3709 24.0063
2405 2657 81.5185
2405 3329 135.471
2406 3164 71.6406
2407 4088 55.2546
2409 3845 93.4217
2411 2976 52.4126
2412 2533 13.9225
2413 2865 53.2441
2413 3832 79.933
2413 4178 67.8877
2414 3942 76.3528
2415 3929 15.9032
2415 4280 76.9242
2416 3181 63.3582
2416 3634 91.6398
2416 3689 15.2737
2417 3637 23.6782
2417 3978 73.4324
2418 3753 84.4948
2419 2857 61.477
2419 3751 65.7505
2420 2666 15.5001
2420 3382 89.7705
2420 4189 19.1949
2421 2776 62.6372
2421 3095 39.3776
2422 3216 53.9578
2423 3158 46.8384
2424 2644 126.901
2426 2819 81.0848
2428 3457 89.7816
2428 3960 50.5096
2429 2663 73.853
2429 3759 44.6749
2429 4136 131.207
2430 2486 100.514
2430 3732 114.787
2430 4195 34.5413
2431 2895 14.932
2431 3908 40.8748
2432 2437 46.0707
2432 3986 55.3026
2433 2690 71.0006
2433 3002 86.2343
2433 4068 68.9425
2434 4269 72.7169
2435 2694 138.458
2436 2511 45.7378
2436 3716 21.7818
2437 3246 33.8758
2437 3986 32.2931
2438 2994 58.4778
2439 3405 74.2598
2440 2689 105.623
2440 3381 77.4884
2440 4033 83.1788
2441 3903 79.1115
2441 4048 76.5098
2442 2710 125.143
2442 3077 114.469
2442 3473 146.723
2443 3976 73.5191
2443 4117 25.0141
2444 2961 70.8652
2446 3378 42.9638
2446 4038 29.1141
2447 2448 80.344
2447 3143 70.3041
2447 3735 79.58
2447 3830 50.4493
2448 3143 19.0326
2450 4120 52.503
2451 3667 58.4387
2451 3828 78.7668
2452 2714 54.07
2453 3466 70.9101
2454 2490 85.8695
2457 2871 23.7797
2457 3590 26.0419
2457 4242 64.7751
2459 3311 31.0241
2460 2745 63.116
2460 3884 48.6914
2461 3724 48.2433
2463 2733 100.435
2463 3592 151.531
2464 2482 53.3667
2465 2527 132.765
2465 3739 107.664
2466 2691 38.4484
2466 2955 36.9815
2466 3040 109.497
2467 3870 65.6956
2468 2484 65.2427
2470 2705 79.8987
2470 2843 48.0566
2470 3435 86.3535
2470 4233 25.2737
2471 2820 79.8604
2471 2875 101.048
2472 2773 17.8832
2472 2855 68.5024
2473 3416 47.0313
2474 3490 67.7633
2475 4084 47.9502
2475 4190 102.113
2476 3096 63.9385
2477 2640 30.9554
2477 3912 75.4361
2479 2683 72.3149
2479 4160 83.2382
2481 2590 35.2902
2481 3615 33.4668
2482 2518 18.7763
2482 3957 24.7152
2483 2592 7.50442
2483 2751 66.5269
2483 3335 84.5485
2483 3342 48.3208
2484 2838 75.6991
2484 2918 35.907
2485 3048 26.44
2485 3511 56.3208
2486 3315 58.1583
2487 3177 40.4414
2487 3665 118.167
2488 2834 65.3248
2488 2977 116.777
2488 4099 118.493
2489 2683 18.8288
2489 3284 13.1096
2490 2858 48.9356
2491 2711 62.675
2491 4052 12.3688
2491 4257 113.342
2492 3794 66.5154
2493 3191 58.5769
2494 2936 118.627
2494 3540 34.3961
2495 3240 45.4186
2496 2875 51.5581
2496 3093 55.0424
2497 2784 72.9996
2497 2996 69.3915
2497 3132 5.95883
2497 3202 64.8084
2499 4140 37.6281
2500 3357 39.9802
2501 4010 58.8406
2502 3312 54.9732
2502 3491 37.852
2503 2547 23.6571
2503 2706 62.7662
2503 4037 53.788
2503 4100 107.069
2504 3642 25.7277
2504 4162 42.4711
2505 3288 128.044
2505 3765 49.3278
2505 4009 66.4954
2506 2861 11.7764
2506 4127 43.2558
2506 4143 69.4778
2507 2623 51.9024
2507 2912 82.4625
2507 4277 55.0108
2508 3041 108.182
2509 3336 60.1636
2509 3581 34.8453
2510 3211 77.6525
2511 3869 21.808
2512 2928 7.11301
2512 3587 38.1266
2514 2854 105.374
2514 3678 89.4832
2514 3689 95.0921
2517 3363 39.4039
2518 3957 27.3408
2519 3249 93.0115
2522 3270 62.5267
2522 3867 56.4402
2523 2630 45.5392
2523 3148 57.606
2525 2923 41.1284
2525 3163 29.6328
2526 3047 22.1569
2526 3444 94.5417
2526 4051 55.1109
2527 2884 43.6454
2527 4148 38.223
2528 4149 86.435
2529 2788 56.9053
2531 3711 24.706
2531 3807 53.8505
2531 3835 53.2172
2532 3896 22.7397
2533 2694 98.3117
2535 2634 35.4019
2535 2963 44.4043
2535 3679 30.2194
2535 4211 12.715
2536 2982 55.9313
2536 3401 54.1634
2536 4073 23.6471
2537 3235 43.4294
2537 3354 59.8165
2537 3510 42.4544
2537 3588 50.3858
2539 3845 81.8395
2539 3905 76.0992
2540 2679 91.2566
2540 3693 58.0705
2540 3706 68.0029
2540 3927 25.99
2541 3970 71.1992
2542 3832 53.0804
2542 3938 60.8272
2544 2841 53.1542
2544 3322 12.6128
2544 3377 24.8316
2546 3476 42.3832
2546 3565 54.6429
2547 4037 61.1079
2547 4129 77.6026
2548 3909 74.762
2549 2886 91.2321
2549 4035 63.0366
2550 2704 37.955
2550 2947 93.0132
2550 3159 41.9725
2551 2825 22.1014
2551 3374 63.295
2551 4034 33.0569
2553 3422 77.1843
2554 3594 58.2351
2555 3755 37.0877
2555 4170 43.9195
2556 3167 45.2871
2557 3428 53.6277
2557 3866 56.8952
2558 2940 19.8125
2558 3302 19.1489
2558 3371 28.0358
2558 4011 54.857
2560 2661 60.7549
2560 3028 37.4959
2561 3924 47.2543
2562 3481 74.6878
2562 4065 21.7836
2563 2895 58.0628
2563 3120 90.2467
2563 3908 65.9229
2563 4001 23.515
2564 3647 72.502
2565 2868 29.1077
2565 3126 70.6941
2565 4283 69.1513
2566 3517 91.0104
2567 2910 64.008
2567 4182 53.0618
2568 3285 52.8555
2568 3525 38.0724
2569 3169 94.0754
2570 2728 95.4768
2570 2889 81.4646
2572 3535 140.088
2573 2842 67.529
2573 3363 63.0298
2573 3412 37.9466
2573 3906 82.402
2574 3300 65.7193
2574 4125 49.1382
2575 2723 14.6812
2575 3239 42.2129
2576 3082 39.8512
2576 3441 35.92
2577 3406 50.6357
2577 3844 58.9808
2578 3714 86.7782
2579 2682 93.7187
2580 3411 108.414
2581 3052 68.4586
2581 3612 114.687
2581 4134 65.2987
2582 3943 45.4118
2584 2732 42.5365
2584 2765 74.0563
2584 3874 41.3943
2585 3143 89.6206
2585 4097 52.6351
2586 3402 33.219
2586 3561 75.9497
2587 2766 97.3634
2587 2870 74.5636
2590 3615 65.9226
2591 3205 33.4918
2592 2751 42.2499
2592 3335 60.4091
2592 3342 33.2846
2594 3698 76.417
2594 3710 47.7122
2595 2995 16.9927
2595 4147 12.1249
2596 3628 92.7787
2597 2877 13.9087
2597 3954 75.4543
2598 3571 131.791
2600 3184 52.4512
2600 3871 56.7403
2601 3017 32.4495
2601 3489 13.2825
2601 4198 7.2181
2602 2966 29.1206
2603 3105 39.8192
2604 2797 23.6852
2604 3602 29.0295
2604 4037 50.0661
2605 3144 68.1735
2606 2904 71.9927
2607 3505 150.024
2607 3535 67.4869
2609 2748 64.5044
2609 4253 102.29
2610 2732 36.8351
2610 3874 42.0606
2611 2912 127.42
2611 4127 54.7541
2612 2946 93.4349
2613 2829 78.6997
2614 2725 43.9435
2614 3114 53.6465
2615 3490 80.4995
2615 3521 37.6909
2616 3371 82.9693
2617 3684 93.8301
2618 3613 68.8561
2618 3625 10.9264
2619 3097 26.2035
2619 3982 36.9149
2619 4003 40.2091
2620 3413 133.347
2620 3631 41.8421
2620 4015 89.0281
2621 4144 69.0291
2622 3379 64.426
2622 3514 68.14
2623 3441 52.9398
2623 4277 9.86939
2625 3972 41.3348
2626 3572 30.3925
2626 3776 29.8597
2626 3875 35.0225
2627 3261 142.77
2628 3914 68.168
2631 3186 83.0684
2631 3388 36.2689
2631 3889 59.4002
2632 2872 54.3446
2632 3855 118.842
2632 3895 136.761
2632 4108 74.0015
2633 2674 21.3836
2633 2849 15.7829
2634 3679 55.2442
2634 4211 43.3447
2635 3438 73.6385
2635 3743 123.139
2636 2859 49.2577
2636 3173 42.3923
2636 3748 45.5585
2637 3447 98.5176
2638 2989 43.854
2639 3006 54.138
2641 3007 37.4782
2641 4286 41.6473
2642 3051 91.4064
2643 3032 120.563
2643 4014 63.7769
2644 3781 80.9081
2644 4264 63.1203
2645 3361 62.8142
2645 3695 51.3652
2646 3222 67.1666
2646 3579 75.6968
2647 3521 74.8299
2648 2838 95.2438
2648 2909 97.3308
2648 2967 73.4952
2648 4064 35.2314
2649 3116 57.7584
2649 3901 132.561
2650 3854 75.2287
2651 2951 56.1957
2652 4290 102.034
2653 3462 66.3753
2654 3439 46.377
2654 3543 136.414
2655 2677 81.1739
2656 3917 49.2851
2657 2894 107.715
2657 3329 81.4112
2658 3370 113.907
2660 2780 40.2474
2660 2837 62.2485
2660 3272 40.1511
2661 3209 49.7588
2661 3548 56.7574
2662 2896 22.7442
2662 3112 67.3721
2663 3086 57.1027
2664 2737 52.3527
2665 3596 126.764
2666 2688 78.1464
2666 3382 54.2492
2666 4189 32.5239
2667 2769 57.5052
2669 4099 56.0334
2672 3045 50.9887
2672 3313 31.8597
2673 3582 100.457
2673 3868 62.8467
2675 3237 117.645
2677 3649 75.223
2679 3927 66.2586
2680 2936 82.2237
2680 3540 101.516
2680 3729 27.8793
2683 3284 34.844
2683 3919 47.971
2684 2823 28.0967
2684 3341 41.1548
2684 3663 48.4294
2685 3074 19.2551
2687 3599 44.9033
2687 3653 68.0052
2688 3382 110.448
2689 4033 26.6214
2690 3100 93.7993
2690 3517 57.5781
2691 2955 51.7519
2692 3484 90.9065
2692 3921 124.369
2693 3090 16.4415
2693 3840 13.4271
2694 3536 117.525
2695 2945 72.1
2695 3016 38.9558
2695 3636 66.3304
2695 3733 65.5594
2696 2883 67.4342
2696 3353 36.3835
2697 3583 66.3988
2697 4103 68.6834
2697 4293 55.6794
2698 3946 46.37
2699 3690 61.2432
2700 3170 26.3416
2700 3654 36.4178
2701 3611 82.6438
2701 3934 153.19
2702 3904 42.8387
2703 3049 34.8764
2704 2947 61.4671
2704 3159 83.4605
2705 3935 67.7379
2706 4100 69.3327
2707 2850 8.75315
2707 3646 37.851
2708 3095 84.2325
2708 3556 53.4247
2709 3046 96.009
2710 3077 37.2329
2710 3473 32.7597
2711 4052 58.7291
2711 4257 64.5656
2713 3150 9.18849
2714 2820 47.4719
2714 3420 39.3475
2715 2779 83.0212
2715 2983 45.5259
2715 3384 105.557
2716 3266 48.952
2717 2768 64.5195
2718 3137 114.799
2721 3356 33.3978
2722 3042 10.4986
2722 4059 51.0583
2722 4156 27.613
2723 3239 21.7698
2723 3593 73.3202
2724 4222 26.0945
2725 3114 78.3432
2727 3078 59.7525
2727 3307 50.2796
2727 4093 57.4544
2728 2800 82.7864
2728 3633 54.7649
2729 4142 126.685
2731 3808 53.0709
2732 2765 57.4213
2732 3874 34.9001
2734 3918 81.133
2736 2956 43.1947
2736 3079 49.9787
2737 3029 70.9286
2739 2818 87.8238
2739 3318 80.2706
2739 3389 47.8455
2740 3831 121.571
2742 3319 41.5777
2743 3484 102.652
2743 3842 114.374
2743 4138 37.3715
2744 2894 91.5359
2745 2778 65.4344
2745 2807 83.4364
2747 3768 70.6783
2748 3260 48.0474
2748 4253 15.2163
2750 3340 65.7788
2750 3762 16.245
2751 3342 45.8172
2751 3763 70.8336
2752 3926 81.0672
2753 2968 38.2822
2753 3440 48.3842
2754 3068 45.425
2755 3475 47.5597
2756 3256 86.0297
2756 3787 4.38207
2756 4188 76.7362
2757 3458 27.752
2758 3309 110.665
2759 3824 14.2345
2759 4251 84.4387
2760 3258 33.5606
2760 3585 55.8343
2761 2772 57.388
2761 3609 12.7697
2762 2821 9.37003
2762 3376 45.7457
2763 3248 35.8211
2763 3685 43.6822
2763 3719 30.4464
2764 3013 49.691
2767 3397 18.711
2772 3609 42.8172
2772 3795 40.8494
2773 2855 88.1081
2774 2939 77.1501
2775 3964 140.492
2777 3108 49.1883
2777 3225 34.0847
2778 2807 62.8163
2778 4053 70.4365
2780 2837 59.2981
2780 3272 50.7066
2781 3520 50.7938
2781 3955 71.9892
2782 3707 39.8725
2783 3078 26.0998
2784 3132 67.4372
2784 3614 95.4285
2784 3940 17.3417
2785 3863 24.4696
2786 3450 31.5694
2786 3765 85.0674
2787 3117 54.0166
2787 3608 67.3808
2787 4018 56.8234
2788 3367 34.4507
2789 3468 22.9455
2789 3827 42.0222
2790 3156 25.7894
2790 3199 31.5695
2790 3980 62.4303
2790 4233 43.4299
2791 3778 53.9135
2792 3820 47.9577
2793 3567 122.991
2795 3606 51.8472
2796 2907 89.858
2796 2908 37.1067
2796 3838 39.1702
2797 3602 19.774
2798 2991 79.5474
2798 4263 106.178
2799 3245 91.7855
2799 3696 60.0697
2800 3633 46.5079
2800 4145 88.1833
2801 3373 107.431
2801 3392 42.2658
2802 3091 22.9261
2802 3558 30.9971
2803 4254 42.0818
2804 4293 101.623
2805 3669 68.3346
2805 4024 51.3781
2806 4055 64.0775
2808 3720 71.4543
2808 4167 75.7924
2809 3139 57.0285
2809 3392 55.6056
2811 3353 105.804
2811 4210 42.106
2812 3218 63.1208
2812 3513 25.8126
2813 2914 53.3351
2813 3357 84.4708
2814 2948 29.2049
2814 4123 36.4878
2815 3197 30.356
2816 3123 10.8497
2817 3088 75.0373
2818 3238 40.0763
2818 3318 48.3527
2819 3758 61.1324
2820 3420 49.4956
2821 3376 87.4742
2821 4171 57.2632
2822 4154 84.7542
2822 4234 53.542
2825 3374 42.2095
2825 4034 54.4474
2830 3410 80.0255
2831 3429 43.927
2831 3969 10.2894
2832 3247 30.4806
2832 4020 22.5917
2833 3149 45.538
2834 2977 58.9535
2834 4099 73.2225
2836 3878 98.011
2837 2887 23.1919
2838 2909 90.2823
2838 2918 59.7818
2839 3277 74.6619
2839 3453 99.2396
2840 3449 57.452
2840 3731 73.4313
2841 3322 32.5351
2841 3377 71.2748
2842 3412 28.4795
2842 3812 59.5683
2842 3906 45.414
2843 3435 64.4221
2843 4233 36.2393
2844 3996 53.3297
2844 4030 53.8847
2846 2901 66.3846
2846 4116 31.3008
2847 3038 24.1211
2847 3591 41.7494
2848 3509 86.8505
2848 3724 71.3458
2848 4006 41.6862
2849 3991 59.0425
2850 3646 49.6165
2851 3897 79.399
2851 3964 85.0416
2852 3902 44.3792
2852 4285 37.1398
2853 3257 49.4859
2853 3343 45.7497
2853 3972 38.3981
2854 3678 9.86846
2856 3485 100.692
2856 4224 14.7067
2857 4062 91.0456
2859 3748 56.1024
2861 4127 30.4673
2864 3817 104.056
2864 3823 42.937
2865 3832 23.7116
2865 3942 53.8531
2866 3537 37.908
2867 3933 6.34066
2868 3126 30.3111
2869 3060 123.092
2869 4044 92.3733
2871 3590 41.0565
2871 3691 60.6214
2873 3535 104.168
2874 3012 62.0439
2874 3777 64.865
2876 3536 37.9967
2876 3607 108.322
2876 3952 60.3622
2877 4050 97.6967
2878 3238 79.4038
2879 2937 83.2543
2881 4004 69.7559
2882 3364 20.6921
2882 3645 31.9936
2883 3415 39.6461
2884 4148 31.4454
2885 3673 86.4151
2885 4041 45.6829
2886 3892 42.2015
2886 4186 32.7703
2888 3945 34.9822
2889 3734 19.0584
2890 3849 87.3977
2890 3892 71.2887
2891 3128 45.6538
2891 4226 56.0178
2892 3990 118.883
2893 4008 16.4038
2895 3908 20.1861
2895 4001 91.8078
2896 3325 38.087
2896 3690 68.4603
2897 2949 30.4329
2897 3781 48.6782
2897 4181 78.8193
2898 3394 50.2417
2901 4116 27.8045
2902 3887 134.537
2905 3786 20.7977
2906 3851 59.4707
2908 3403 59.3315
2908 3838 50.3687
2910 3712 33.037
2911 3481 90.1623
2911 3492 62.4973
2913 3347 54.0362
2914 3324 44.3171
2914 3357 52.1601
2914 3730 65.1341
2914 4294 103.623
2915 3437 54.9101
2916 3965 25.1242
2919 3190 74.9358
2920 3672 118.68
2921 3749 66.8824
2921 3785 37.8655
2921 3967 22.7325
2921 4167 22.753
2922 3597 61.4151
2922 3619 28.1002
2923 3299 34.0179
2923 3375 28.7751
2924 4122 11.7516
2927 3160 66.7444
2928 3587 27.5845
2928 3888 52.664
2929 3556 50.2387
2929 3676 77.3329
2930 3048 58.96
2930 3511 14.0731
2930 4246 39.1582
2931 3580 31.6406
2933 3824 85.1092
2934 4012 46.8473
2935 3262 44.8978
2935 3531 33.7571
2936 3540 54.3997
2937 3861 35.4366
2938 3809 108.032
2939 3789 24.5759
2939 3820 35.1933
2940 3302 31.8777
2940 3371 41.8115
2940 4011 42.1543
2941 3004 102.198
2942 3305 65.701
2942 3848 65.8682
2943 3593 68.7715
2945 3016 23.4301
2945 3543 57.692
2945 3636 40.867
2947 3159 78.82
2948 4123 100.818
2949 3781 51.7533
2949 4181 63.9255
2950 3189 109.361
2950 3828 65.9711
2950 4139 122.104
2952 4191 74.1776
2954 3187 81.2245
2954 3585 19.103
2956 3328 45.585
2957 3508 53.5151
2959 2989 47.3703
2959 3385 146.717
2959 3470 73.1489
2961 3297 128.56
2963 3679 54.8899
2963 4211 81.1678
2965 3624 70.2233
2967 3200 115.025
2967 4064 33.0322
2968 3440 100.022
2970 3709 98.7021
2970 3866 57.859
2972 3699 47.0658
2972 4019 11.8427
2973 3467 57.6195
2973 4095 70.457
2979 3312 40.3606
2979 4110 45.2176
2980 3321 59.7352
2980 4255 81.6839
2981 3722 104.517
2982 3617 86.5722
2982 4073 50.0374
2984 3209 96.3432
2984 3524 99.942
2985 3269 47.2974
2987 3793 36.0837
2988 3979 39.1431
2990 3167 46.7382
2992 3514 21.395
2992 3537 32.9271
2993 3627 31.2696
2995 4147 7.417
2996 3202 20.975
2996 4071 69.9153
2997 3171 58.0208
2997 3559 62.0589
2997 4101 47.2372
2998 3857 62.098
2999 3244 93.157
2999 3347 96.602
3000 3577 42.4278
3000 3925 34.7364
3001 3721 99.5621
3002 4068 31.2234
3003 3404 57.7056
3004 3496 64.9886
3005 3985 21.2813
3005 4274 124.313
3007 4286 61.4067
3008 3477 70.4557
3008 3806 20.514
3010 3675 34.2452
3011 3019 92.7508
3011 3276 52.4899
3011 3316 88.9586
3011 3831 123.414
3012 3483 48.4746
3012 3777 76.8129
3013 3254 55.382
3014 3946 61.1515
3014 4084 96.2632
3015 3174 52.6138
3015 3784 45.3041
3016 3636 53.4859
3017 3489 33.1724
3017 4198 18.8493
3018 3326 70.3309
3019 3316 102.103
3019 3831 20.8304
3020 3204 79.4551
3020 3323 32.7634
3021 3219 43.8483
3021 4067 31.3442
3024 3464 86.017
3024 3883 99.1598
3024 4121 49.229
3025 3134 46.7977
3026 4202 40.7268
3030 3671 53.6785
3030 4216 116.459
3031 3072 71.2801
3031 3387 51.1323
3032 4107 135.78
3033 3956 81.9524
3033 4118 124.979
3034 4029 106.221
3035 3233 28.433
3037 3227 55.0692
3037 3686 79.8735
3038 3591 15.952
3039 3806 76.8557
3040 3063 81.6805
3040 4126 38.2013
3042 4059 40.9011
3042 4156 46.2094
3043 3897 49.0329
3045 3313 58.731
3046 3243 64.3977
3046 3380 75.875
3047 3249 83.3117
3048 3511 20.8288
3053 3310 36.1667
3053 3442 30.0695
3054 3224 76.8574
3054 3230 34.1686
3055 3926 80.4711
3056 3224 1.70809
3056 3317 50.5562
3057 3642 39.0108
3058 3802 39.1161
3059 4197 83.2954
3060 3629 51.558
3061 4274 102.439
3063 3406 34.515
3063 4126 28.9826
3064 3448 48.438
3066 4132 59.568
3067 3822 122.462
3068 4219 34.076
3069 3106 26.6902
3069 3551 25.4625
3069 3652 22.8684
3070 4002 76.2792
3071 3467 38.3166
3071 3727 56.7085
3071 4083 29.7502
3074 3288 166.613
3076 4095 45.7347
3077 3473 66.2657
3079 3860 66.0548
3080 3476 58.4084
3080 3565 39.5803
3080 4089 73.0251
3081 3123 66.3721
3081 3131 28.1104
3082 3441 93.5516
3084 3323 116.961
3085 3676 71.6745
3086 4192 35.4578
3087 3632 49.0986
3087 4008 110.099
3089 3333 71.9964
3090 3250 85.1916
3090 3840 31.9333
3091 3558 22.2592
3092 3497 43.0865
3092 3733 41.9413
3092 3952 59.9167
3094 3278 70.5417
3094 3712 62.2382
3097 4003 15.6102
3100 3517 47.5
3101 4207 83.0474
3102 3383 81.4074
3103 3325 93.1529
3104 3348 22.6645
3104 3530 65.6457
3104 3841 97.5642
3106 3551 42.7893
3106 3652 24.4502
3107 3730 53.0174
3107 4294 61.6747
3108 3225 73.6155
3109 3462 36.3885
3110 3262 98.9014
3111 4174 37.9043
3113 3702 74.3127
3114 3215 64.0873
3116 3901 41.4375
3118 3643 70.96
3118 3862 38.3499
3120 4001 137.532
3120 4292 132.334
3121 3792 62.1893
3122 3829 72.2464
3123 3131 51.8839
3125 3853 86.2472
3126 3898 41.3268
3126 4006 47.3612
3127 3935 36.4134
3133 4163 68.6467
3135 3180 51.2715
3136 3826 82.0973
3137 3220 45.2746
3138 3708 93.0106
3139 3532 28.462
3140 4258 63.2731
3143 4097 63.7417
3145 3644 22.6702
3145 3670 56.64
3145 3794 31.3215
3146 3598 68.444
3146 3854 76.7027
3147 3437 55.6703
3148 3880 71.2528
3151 3506 24.3124
3152 3228 26.693
3152 4030 61.555
3152 4172 52.9844
3153 3310 71.0067
3153 3442 80.731
3154 3403 107.861
3154 4078 59.3036
3155 3398 101.085
3156 3199 14.3169
3157 3457 80.7998
3158 3994 59.0997
3161 4071 57.5787
3162 4130 81.3532
3163 3375 47.7799
3166 3265 87.365
3166 4273 96.2277
3167 3891 66.599
3168 3541 44.7782
3169 3409 7.27801
3170 3654 15.7444
3171 3692 66.239
3171 4101 23.5531
3172 3303 44.2104
3172 3359 31.4774
3172 4176 59.1126
3174 3784 38.3487
3175 3526 108.638
3175 3850 81.8741
3176 3281 33.9129
3177 3665 113.829
3178 4266 116.451
3181 3634 37.9148
3181 3689 65.2479
3182 3651 22.2114
3184 4242 72.1927
3185 3266 97.3063
3188 4005 48.8706
3189 4139 89.4937
3190 3753 69.7477
3192 3550 93.4745
3193 3419 31.2883
3193 3451 71.3671
3195 3770 55.8973
3196 3396 55.2633
3197 4203 90.4643
3198 3879 62.5648
3199 3980 51.5574
3200 3937 71.0833
3201 3776 29.9557
3202 4071 120.195
3203 3666 77.743
3207 3554 55.0198
3207 3707 31.722
3209 3860 77.1271
3210 3595 43.1066
3210 3813 33.5313
3211 3386 13.9349
3212 3877 14.309
3214 3242 40.9033
3216 4053 103.712
3217 3956 44.1706
3217 4206 33.195
3218 3513 53.2091
3219 4067 76.8049
3221 3408 76.3567
3221 3478 54.9701
3222 4077 73.7733
3223 4201 68.815
3224 3317 65.1292
3227 3686 39.9354
3227 4072 49.8434
3228 3234 87.2331
3228 3718 70.9538
3228 4172 31.9972
3229 3975 11.838
3231 3931 9.81942
3231 3947 61.588
3232 3268 43.349
3234 3265 97.8963
3234 3718 28.3051
3234 4172 66.228
3235 3354 73.829
3235 3510 9.59624
3235 3588 9.43735
3236 3953 51.7643
3236 4208 24.789
3237 3859 54.2603
3240 3478 50.8318
3243 3380 27.2827
3243 4029 76.8601
3245 3696 84.8851
3246 3986 17.4211
3247 4020 26.7254
3248 3685 29.2593
3248 3719 38.0113
3251 3338 64.992
3252 3888 136.002
3254 4217 71.7224
3255 3256 68.6564
3258 3417 79.3835
3259 3432 46.028
3260 3333 62.3661
3260 4285 24.0512
3261 3677 104.191
3262 3531 12.9313
3264 4012 50.5225
3264 4229 35.8354
3267 3414 57.3852
3267 3984 53.644
3268 3538 73.1363
3273 3611 66.6733
3273 3682 114.446
3276 3316 126.298
3280 3362 46.1862
3281 3605 47.9598
3283 3774 45.6224
3283 4156 43.4018
3285 3525 34.6573
3285 3618 35.1529
3285 3705 78.8416
3285 3835 66.7225
3286 3407 61.1479
3286 3995 64.7893
3289 3865 83.4345
3289 3989 10.2456
3290 3487 65.1274
3292 3720 59.954
3293 4085 30.1591
3294 4190 28.7704
3295 3502 48.6151
3295 3939 12.9176
3295 4032 9.64135
3299 3375 6.75505
3299 3501 64.3192
3300 3674 94.025
3302 3371 13.2322
3302 4011 91.2014
3303 3359 75.6379
3303 4176 29.9375
3304 3342 39.8622
3304 3657 10.5226
3305 3848 60.6194
3307 4175 72.9099
3308 3728 45.7133
3310 3442 38.6947
3312 3491 63.5544
3314 3334 68.8358
3315 3331 15.3689
3320 3399 102.472
3320 4287 26.9169
3322 3377 48.4105
3324 3357 67.121
3325 3690 30.3949
3329 3930 48.2083
3331 3408 69.8688
3332 3779 97.4312
3337 4236 47.3312
3338 4016 46.0264
3339 4059 33.7555
3339 4156 40.763
3341 3663 50.4378
3342 3657 30.4291
3344 3574 61.2498
3344 3782 75.9673
3345 3594 22.3823
3346 3834 91.4583
3348 3841 59.353
3349 3395 15.491
3350 3966 65.1406
3351 4173 62.6194
3353 4000 55.9115
3358 3546 158.033
3359 4176 109.005
3361 3695 90.2434
3364 3645 47.7939
3370 4146 155.68
3372 3626 97.2226
3373 3392 43.8137
3374 4034 60.0135
3375 3501 63.1668
3376 4218 19.5583
3378 4038 9.56635
3379 3434 53.2344
3379 3527 72.5261
3380 4029 81.5888
3381 4155 27.8682
3385 3470 72.3779
3385 4144 35.4774
3386 3430 46.2915
3387 4025 37.0721
3390 3922 32.7482
3390 4054 142.854
3391 4095 26.7806
3393 3791 65.8009
3393 4061 149.388
3394 4106 65.4312
3395 3879 95.5247
3398 4230 74.671
3400 3498 19.4626
3400 3912 42.551
3401 3617 40.8819
3401 4073 47.8613
3402 3561 87.2052
3403 3838 52.4921
3404 3500 64.4587
3405 3923 24.4921
3406 4126 48.8341
3412 3812 50.2252
3412 3906 24.5224
3413 3631 106.172
3413 4070 83.9044
3414 4036 99.1992
3417 3819 53.0471
3423 3465 53.3197
3425 3664 107.079
3425 3951 80.9966
3426 3874 45.7634
3429 3969 39.8868
3430 3744 29.51
3430 4153 31.6998
3431 3519 61.3719
3431 4082 46.6358
3432 4135 69.4361
3434 3547 69.4629
3436 4057 106.536
3438 3672 49.5848
3441 4277 55.353
3443 3990 70.1254
3443 4237 77.1227
3445 4040 54.74
3449 3731 99.0883
3450 3765 116.217
3452 3597 87.075
3452 3619 77.8884
3455 3746 71.435
3456 3681 68.8974
3456 4112 74.9372
3456 4245 82.6122
3457 3960 69.4017
3459 4007 32.4897
3459 4091 86.8255
3460 4155 34.4939
3460 4168 66.2501
3467 4083 10.0455
3468 3827 41.887
3470 4144 85.8524
3472 3855 119.425
3472 3895 134.037
3472 4108 78.8485
3472 4276 75.1957
3474 4021 88.4614
3475 4236 23.4423
3476 3565 38.0999
3477 3806 82.8722
3479 4086 47.8913
3480 4272 44.7229
3481 4065 86.2671
3488 3914 30.6127
3489 4198 19.5105
3495 3676 68.4749
3495 3810 28.1134
3495 4141 22.6626
3497 3733 111.679
3497 3952 66.3895
3498 3912 88.7177
3499 3635 122.932
3500 4281 48.848
3501 4270 39.9401
3502 3939 26.0073
3502 4032 41.7732
3503 3958 79.256
3505 3583 84.5564
3507 3921 93.3103
3507 4278 35.5807
3508 3621 7.80563
3508 4060 78.6819
3509 3724 48.2837
3509 4006 69.1736
3510 3588 5.33582
3511 4246 66.07
3512 4048 40.3066
3514 4055 59.9968
3515 3920 90.1663
3518 3757 37.2264
3519 4082 70.4304
3520 3955 27.1385
3522 4100 76.785
3523 3760 38.826
3524 4272 54.6799
3525 3618 22.3374
3526 3867 46.073
3526 4257 27.0254
3528 4217 103.621
3529 3731 63.0566
3529 3764 62.5576
3530 4248 34.8176
3530 4282 45.9581
3532 3799 50.027
3533 3714 79.3455
3533 4169 16.2167
3536 3607 61.3756
3538 4142 69.4615
3542 4102 55.9737
3542 4275 64.8096
3543 3636 78.506
3544 3560 29.7909
3550 3775 100.716
3551 3652 4.27642
3553 3773 125.179
3554 3722 47.5264
3555 4039 76.5813
3561 3766 88.2843
3562 3744 75.5876
3562 4153 52.1897
3563 3745 18.506
3563 4271 26.2608
3566 3973 60.3196
3567 4260 94.0568
3568 3924 43.7048
3569 3754 119.338
3572 3776 48.474
3572 3875 4.67813
3572 4094 56.5198
3581 3805 74.8069
3584 3882 28.9402
3587 3888 69.0643
3590 4242 64.2923
3592 3714 143.543
3593 4080 59.3173
3597 3771 114.85
3599 3653 44.2765
3601 3921 81.3609
3602 4037 45.3314
3604 3918 27.6643
3605 3638 52.2563
3608 4018 37.1984
3610 4140 55.2017
3611 3682 13.5158
3612 4134 30.7004
3613 3625 90.6569
3614 3940 68.7053
3616 3688 96.5658
3616 3873 132.892
3616 4232 55.0084
3617 4073 73.7267
3621 4060 41.6034
3624 3997 50.4586
3630 4281 53.1526
3631 4015 46.9892
3633 3660 61.0892
3633 4145 82.3898
3634 4284 104.751
3637 3978 31.3502
3639 3819 46.3282
3639 4015 39.7215
3640 3658 103.51
3640 4204 64.4967
3641 3968 46.5517
3641 4177 68.2607
3642 3698 82.7627
3644 3670 28.6168
3644 3794 34.3448
3649 3674 129.851
3649 3825 89.9108
3650 3804 98.5171
3656 3740 95.9675
3656 4047 58.1591
3656 4159 53.42
3661 4017 42.0705
3661 4200 46.8255
3662 3766 51.5274
3664 3951 3.41415
3667 3828 78.8189
3668 3821 26.2455
3669 4209 95.0468
3670 3794 28.8532
3672 4214 49.3691
3674 3825 79.9506
3675 4247 69.1876
3677 3777 55.3102
3677 4194 41.667
3678 4284 127.636
3679 4211 19.2709
3680 4105 45.1606
3680 4160 46.6027
3681 4245 28.2396
3685 3719 35.5224
3686 4072 64.8344
3688 3873 40.7585
3691 4058 130.123
3692 3791 85.5301
3693 3706 13.5641
3693 3927 65.374
3695 4225 67.4758
3698 4162 56.5948
3699 4019 51.8456
3704 4295 52.8681
3705 3835 44.1073
3711 3807 35.9161
3713 3972 63.7516
3714 4169 93.4699
3715 4203 77.5367
3717 3751 25.086
3717 4062 37.8224
3718 3996 77.0719
3723 4102 18.364
3723 4275 19.2462
3725 3971 73.7483
3730 4294 7.68403
3732 3853 76.4802
3732 4195 32.0884
3735 3830 20.0354
3735 4069 82.4421
3737 3982 27.4962
3740 4089 78.8944
3741 3793 86.7494
3742 3823 34.7052
3743 3836 74.9496
3744 4153 13.3553
3745 4271 22.8812
3749 3785 57.8217
3749 4179 68.7292
3750 4081 46.4077
3751 4062 41.4594
3752 3990 50.4012
3752 4237 34.7565
3754 3993 106.293
3755 4193 19.5447
3759 3778 99.9706
3759 4136 106.954
3761 4228 23.9238
3767 3953 39.9834
3772 3822 44.2689
3773 4292 40.3387
3777 4194 28.0669
3781 4181 75.4576
3781 4193 75.1001
3782 4000 82.0239
3782 4066 45.8465
3785 3967 17.2423
3785 4167 27.6538
3787 4188 61.351
3790 4042 52.7349
3792 3833 93.4231
3796 4104 39.7093
3796 4187 30.8424
3798 4231 61.8018
3800 4200 81.2642
3801 4174 36.0129
3803 4124 51.4021
3807 4165 102.886
3808 3876 82.1524
3810 4141 26.5956
3812 3906 22.9203
3814 3839 5.65533
3814 3880 95.4325
3814 4273 78.9486
3815 4057 71.0988
3816 4094 127.273
3822 4152 87.08
3825 4079 85.8762
3827 4166 64.8517
3829 4265 42.6917
3832 3942 54.7674
3834 4091 99.8235
3837 4063 19.8463
3837 4183 23.808
3839 3880 82.6824
3839 4273 103.384
3841 4090 39.5537
3841 4215 60.644
3842 3846 59.2884
3842 4138 99.7733
3846 3893 42.1119
3852 4137 115.469
3853 4195 113.327
3864 3872 62.4764
3865 3932 34.365
3865 3989 90.6025
3867 4257 69.7009
3875 4094 57.6988
3878 4010 62.4654
3883 4121 85.2389
3886 3979 83.3426
3888 3983 84.3854
3890 3900 38.4485
3892 4186 59.5128
3893 4282 46.8115
3895 4108 36.0566
3898 4006 31.7899
3899 3950 41.2441
3907 4133 49.7693
3907 4184 60.5148
3908 4001 59.3831
3921 4278 42.4009
3922 4061 65.2072
3923 4221 93.3911
3928 4128 17.8058
3929 4159 92.2711
3929 4280 73.5237
3931 3947 90.6232
3934 3956 74.4541
3934 4206 42.6454
3939 4032 16.7122
3941 4104 81.727
3941 4109 118.527
3949 4192 49.1393
3953 4208 87.7721
3956 4206 45.979
3962 4238 19.6136
3967 4167 14.7551
3976 4172 86.3158
3977 4151 81.9877
3982 4003 50.9684
3983 4182 59.7541
3984 4155 83.4745
3985 4274 173.4
3987 4017 27.8061
3988 4195 96.6521
3988 4243 61.1207
3990 4237 32.452
3991 4261 91.9765
3992 4230 70.9039
3994 4240 33.8841
3998 4191 49.141
3998 4221 31.7554
3999 4262 37.7335
4000 4066 42.3629
4002 4112 30.1848
4002 4222 43.703
4013 4074 91.1611
4016 4284 98.4914
4026 4252 66.8615
4035 4107 50.063
4045 4259 69.4198
4046 4224 75.6796
4047 4280 119.625
4049 4239 24.8733
4052 4257 90.4369
4054 4061 54.5783
4063 4183 23.2313
4087 4128 50.3745
4087 4158 51.1861
4088 4248 40.4215
4090 4215 4.67505
4091 4131 75.0585
4102 4275 5.61523
4103 4293 90.2478
4104 4109 36.4425
4109 4187 50.1191
4111 4220 12.0221
4133 4184 30.2916
4137 4295 79.9128
4143 4196 82.2474
4143 4205 110.082
4145 4256 59.3959
4154 4234 74.0062
4166 4223 39.243
4196 4205 38.9336
4244 4289 82.1427
4250 4292 61.6361
4253 4285 34.5952
