4072 7621
0 1887.13 2454.61
1 71.8872 3081.65
2 1533.31 3053.8
3 2024.09 2394.72
4 180.864 849.141
5 2669.34 2959.37
6 852.059 2516.3
7 1663.02 1006.34
8 125.317 1292.85
9 512.939 118.347
10 410.873 486.51
11 1655.44 933.797
12 3174.77 3051.75
13 2344.3 2882.32
14 2112.44 487.138
15 2081.76 964.425
16 1554.55 758.114
17 2309.98 2657.02
18 245.692 2595.14
19 757.244 2639.92
20 2596.18 406.729
21 2150.24 1611.14
22 2832.49 761.656
23 2570.87 2458.73
24 1587.02 1473.02
25 2934.17 2200.57
26 531.606 2220.91
27 119.62 1727.92
28 915.576 2009.05
29 2239.27 6.97887
30 573.64 2092.04
31 2977.84 2561.64
32 2213.31 2676.82
33 2279.56 1282.18
34 1844.46 1167.76
35 1609.63 2793.32
36 1458.63 1139.55
37 2295.85 571.211
38 482.03 2660.44
39 1381.98 2854.46
40 1580.8 975.795
41 2934.97 842.967
42 2655.15 2973.44
43 650.497 2592.02
44 1936.04 641.347
45 1013.68 340.723
46 1194.74 2838.18
47 557.077 898.045
48 2381.89 696.079
49 1455.59 2900
50 1911.96 1337.54
51 2140.17 1762.95
52 3128.21 2309.27
53 1949.64 273.693
54 250.264 2591.45
55 2516.71 2610.63
56 1877.01 2812.5
57 2394.2 217.476
58 277.609 2058.2
59 412.918 255.853
60 2694.66 1403.31
61 3020.57 1321.13
62 1052.6 54.8328
63 729.741 3043.09
64 2432.71 534.003
65 155.754 1441.48
66 2432.36 141.292
67 2693.57 323.424
68 342.598 1172.96
69 474.652 1094.73
70 278.659 2871.78
71 2866.31 2244.43
72 340.694 187.083
73 3160.38 3116.58
74 2083.21 1473.46
75 1778.68 1685.88
76 199.056 2414.88
77 2868.96 1660.79
78 1808.66 763.396
79 1470.91 1106.67
80 2762.51 135.665
81 1149.24 0.229933
82 1365.48 779.784
83 86.8163 1017.18
84 3035.35 1641.06
85 821.214 1323.28
86 3063.17 2732.67
87 2123.06 1999.58
88 714.323 99.5609
89 1281.44 1008.67
90 694.924 1310.96
91 1359.56 1505.95
92 868.251 564.656
93 2484.27 3084.1
94 1547.14 2486.15
95 2095.56 2740.79
96 436.317 680.299
97 2036.3 2513.49
98 479.1 2645.5
99 1440.22 848.315
100 74.5231 489.298
101 1976.42 2947.29
102 1278.48 2945.4
103 3135.16 896.78
104 409.579 3015.7
105 2468.31 2354.22
106 833.601 3035.65
107 1100.65 1965.45
108 2345.96 2859
109 1653.59 2438.18
110 2134.74 870.83
111 777.471 676.989
112 2496.43 2978.01
113 345.741 1611.26
114 135.541 719.716
115 2479.9 2138.7
116 2258.37 171.397
117 1685.39 866.071
118 2176.11 1885.25
119 597.47 825.533
120 1153.04 995.504
121 1674.16 15.9864
122 2410.7 2745.36
123 1357.98 1771.45
124 1215.6 1995
125 1521.35 1971.69
126 1161.44 2620.59
127 1250.25 1485.84
128 1438.79 296.117
129 634.48 119.674
130 323.994 2803.92
131 3122.92 1609.07
132 2246.7 201.152
133 1090.35 834.443
134 979.326 1255.94
135 933.369 1974.37
136 1518.11 2715.84
137 782.754 2483.68
138 2851.53 975.37
139 1590.48 584.49
140 1563.42 1572.45
141 315.046 1465.95
142 686.687 740.326
143 518.009 1369.81
144 2316.92 1270.44
145 2783.44 2565.44
146 1920.4 2873.75
147 3129.24 27.646
148 2571.29 3096.83
149 1847.29 6.94021
150 1977.99 2364.7
151 88.1968 688.669
152 1354.28 832.532
153 888.623 327.104
154 1237.57 0.15001
155 1560.66 981.955
156 1860.56 2292.01
157 612.922 621.809
158 363.537 1529.25
159 1268.73 202.991
160 2785.97 1583.29
161 2944.02 1313.68
162 2626.11 459.308
163 1053.15 1802.69
164 1484.85 2578.32
165 511.089 1472.58
166 2093.85 1901.2
167 3066.02 2513.41
168 833.992 2562.58
169 1769.47 2320.14
170 875.908 1445.45
171 2607.83 2572.59
172 2172.12 464.572
173 1077.9 1855.15
174 395.518 1521.48
175 276.018 3006.85
176 2367.54 712.808
177 361.058 1439.63
178 1587.4 1546.12
179 2958.96 1119.33
180 3055.79 658.347
181 389.375 2121.75
182 2281.42 2648.46
183 3187.98 3105.78
184 484.209 1579
185 344.9 3109.59
186 2365.62 835.998
187 144.329 2214.68
188 366.515 3030.83
189 2995.97 1567.9
190 788.101 1498.08
191 1466.11 923.26
192 241.161 1360.14
193 2121.23 2242.76
194 2933.37 2340
195 805.321 1902.06
196 1108.52 3016.93
197 1573.72 304.062
198 640.576 973.392
199 430.294 2342.02
200 3001.35 2807.23
201 154.08 2426.77
202 2304.56 3065.98
203 468.543 408.886
204 124.04 961.117
205 2488.27 3135.33
206 1436.39 1798.47
207 2662.41 2312.97
208 1659.12 990.23
209 2197.37 26.703
210 3016.26 2319.43
211 2985.64 1898.91
212 2125.94 1330.3
213 3018.57 2355.36
214 2900.71 1450.81
215 2599.74 2403.01
216 2956.95 438.71
217 1948.78 1351.48
218 1829.45 988.845
219 1041.31 1967
220 699.155 2629.31
221 2070.84 720.207
222 2938.24 1997.12
223 883.919 2527.7
224 2956.86 1406.2
225 2769.19 230.602
226 500.097 2435.13
227 1780.99 2874.95
228 3057.5 113.724
229 1747.76 1932.12
230 2096.61 1684.4
231 32.5019 2364.02
232 2820.34 2715.95
233 2521.97 546.885
234 2902.36 1221.46
235 1458.28 1834.95
236 2356.68 2618.98
237 1081.52 2390.9
238 1400.34 2318.18
239 514.944 502.413
240 381.179 1287.19
241 2797.61 133.787
242 1877.89 2048.29
243 256.803 2602.4
244 796.12 917.107
245 874.618 2602.63
246 1309.84 2543.22
247 467.076 902.59
248 1452.7 2686.45
249 818.466 2220.52
250 1812.7 1802.8
251 837.261 968.859
252 2978.66 466.928
253 1416.41 3116.38
254 2910.17 2247.14
255 2542.66 1364.6
256 2222.78 2978.8
257 1943.78 1237.76
258 652.928 2362.84
259 2148.11 2460.78
260 1932.42 1844.88
261 108.131 1309.16
262 1983.32 202.206
263 1724.65 693.408
264 3027.1 802.204
265 2410.04 347.603
266 2469.99 451.938
267 2294.1 2209.73
268 2540 1041.93
269 1843.79 123.853
270 2581.2 869.816
271 2320.61 2865.87
272 2843.39 214.429
273 229.215 2173.31
274 17.4061 298.786
275 1551.35 1457.07
276 2167.75 1671.06
277 1021.3 2845.1
278 1808.59 694.873
279 265.131 1814.47
280 2385.46 2033.29
281 317.671 306.752
282 1289.54 1449.65
283 50.9931 697.699
284 3028.76 941.019
285 1167.22 910.068
286 1874.45 575.833
287 1136.45 2760.04
288 2407.68 2354.68
289 2527.13 1878.75
290 2254.43 2200.76
291 878.083 515.993
292 2580.26 1625.08
293 2824.36 1941.06
294 879.337 814.729
295 2534.93 1396.05
296 2133.94 201.564
297 214.95 402.382
298 2159.06 2995.97
299 1841.21 702.533
300 1101.35 1160.17
301 2059.71 861.819
302 1482.07 2460.61
303 3039.41 1173.39
304 1364.13 507.653
305 3010.44 1253.38
306 2017.75 1279.29
307 1413.95 1026.89
308 835.499 2158.79
309 1518.78 593.772
310 2377.15 3090.65
311 2802.77 571.687
312 1857.71 1042.44
313 974.562 3083.79
314 362.679 2081.09
315 627.705 2061.98
316 2000.84 219.611
317 2060.79 836.771
318 2099.55 354.931
319 1653.17 1211.99
320 2838.44 14.7849
321 880.51 1292.19
322 716.696 453.522
323 1064.63 1085.75
324 565.543 747.714
325 633.693 707.53
326 1569.39 2903.76
327 1364.72 3147.04
328 272.565 169.303
329 2709.08 1199.14
330 1896.67 1544.26
331 1860.08 682.777
332 181.298 2906.03
333 1668.99 1949.72
334 472.82 1173.99
335 1473.69 1389.49
336 2149.4 250.669
337 1054.77 1564.75
338 1962.59 1744.96
339 1591.9 1343.6
340 2329.29 2914.26
341 477.493 2849.76
342 250.718 397.692
343 875.183 936.812
344 3013.55 220.407
345 2919.01 1950.08
346 1754.3 1150.86
347 1099.44 1193.77
348 1073.9 2508.52
349 574.325 1037.54
350 161.535 2951.22
351 1619.74 3075.42
352 648.764 2993.54
353 2208.38 1943.78
354 1734.09 2820.35
355 3113.78 1003.36
356 2146.74 357.337
357 2366.39 941.445
358 2507.12 1590.67
359 1245.82 452.871
360 1725.59 2310.39
361 3096.84 2104.32
362 546.891 3179.99
363 1438.7 959.013
364 2450.42 2964.62
365 1141.87 2658.25
366 2177.98 670.571
367 782.21 2404.17
368 934.863 2063.53
369 2430.5 3150.54
370 3002.18 586.44
371 494.558 664.22
372 826.652 134.458
373 1780.41 1401.48
374 1058.26 51.5013
375 87.3136 268.896
376 2292.24 2253.88
377 295.288 2765.02
378 3095.91 1486.1
379 1074.31 2832.56
380 2594.19 1398.51
381 1338 1610.77
382 750.202 2536.34
383 1928.13 1789.91
384 2098 2208.58
385 1395.44 1737.81
386 2757.45 2843.4
387 2196.61 1831.32
388 1964.56 521.999
389 34.4628 1224.11
390 3152.99 2129.23
391 169.785 740.237
392 537.228 1974.87
393 2599.86 42.12
394 2875.84 2667.38
395 1761.59 3113.87
396 2912.19 661.609
397 2403.02 1715.94
398 78.7331 2092.69
399 1801.2 2386.81
400 618.798 2166.71
401 2897.34 737.155
402 1716.79 2235.82
403 2146.33 1177.25
404 1470.86 830.304
405 174.226 2182.29
406 2699.41 1911.06
407 1702.61 1770.34
408 504.542 1331.47
409 31.7844 1306.28
410 1163.51 580.926
411 2846.93 755.194
412 2524.24 321.635
413 452.732 1862.93
414 1521.09 103.094
415 2565.27 2321.81
416 2322.87 2585.14
417 2344.1 254.272
418 2252.43 1865.55
419 893.942 2982.51
420 2134.44 2158.4
421 2996.39 2731.78
422 3120.48 1165.33
423 2815.44 1897.45
424 1052.24 1893.09
425 34.9421 557.647
426 2487.52 1197.24
427 2329.83 2204.28
428 448.557 2992.63
429 746.601 87.2256
430 1481.4 1641.01
431 2055.56 2008.17
432 2749.26 2381.65
433 2352.49 686.486
434 906.486 1276.96
435 1330.37 2718.24
436 406.193 905.348
437 2896.44 2190.92
438 1682.82 227.74
439 119.252 1895.42
440 2154.42 1784.29
441 1045.36 1417.35
442 3059.29 2773.54
443 666.158 1819.92
444 2643.76 873.339
445 2116.54 3070.48
446 1020.65 1665.43
447 2067.12 2877.14
448 1548.12 2059.98
449 620.284 2568.2
450 1449.87 1157.6
451 1259.21 1074.55
452 648.392 580.393
453 2143.29 1775.35
454 248.944 2425.04
455 1107.78 277.692
456 2754.23 1952.43
457 710.711 2851.59
458 682.077 86.9531
459 207.648 2928.9
460 1114.53 3183.81
461 1151.38 2865.16
462 309.944 90.9145
463 947.135 1098.37
464 2541.11 1720.48
465 2657.01 806.621
466 715.303 620.531
467 2561.05 2376.32
468 1815.82 1728.29
469 2182.81 2601.89
470 2234.1 629.209
471 2288.14 643.337
472 604.521 2201.36
473 2929.68 411.367
474 541.206 408.394
475 608.233 1212.17
476 1227.26 771.649
477 341.862 893.32
478 3134.4 1286.76
479 263.572 2747.38
480 1312.99 1425.32
481 83.8713 2640.47
482 1560.5 405.638
483 72.6612 1253.62
484 2104.27 1201.48
485 2452.74 67.9095
486 1628.27 604.823
487 3175.84 27.4152
488 315.215 900.328
489 1111.76 2176.82
490 3047.97 1675.04
491 2075.26 1856.23
492 94.1101 2454.76
493 1098.82 1632.15
494 1269.33 3169.57
495 1530.91 1497.19
496 1809.46 2273.09
497 510.066 953.687
498 2059.02 2914.26
499 411.545 1761.42
500 718.783 1840.36
501 2992.11 1946.91
502 989.083 964.426
503 3170.84 309.248
504 2564.81 1156.1
505 2543.44 421.519
506 559.872 2604.54
507 444.47 1427.03
508 2135.07 2261.73
509 1335.98 1350.04
510 1597.83 3056.21
511 978.02 640.983
512 2106.57 238.885
513 2125 2210.36
514 2549.34 1178.28
515 2967.54 1183.33
516 583.907 1526.51
517 2544.57 2225.75
518 1977.18 2100.96
519 1619.75 2469.8
520 949.877 3185.14
521 576.857 374.402
522 760.748 1246.15
523 162.632 3049.93
524 86.9324 899.047
525 1082.01 2262.19
526 111.735 491.692
527 2303.16 926.252
528 2016.51 2480.46
529 2398.07 1956.84
530 1624.61 2189.99
531 1127.64 2843.36
532 2890.28 950.092
533 257.245 94.0757
534 274.46 261.747
535 2958.61 99.1195
536 631.448 973.283
537 1242.14 2846.02
538 1657.97 1670.46
539 3164.5 375.168
540 2630.54 556.293
541 3164.39 943.6
542 135.876 1665.2
543 651.711 146.082
544 1626.66 1766.1
545 1371.5 839.186
546 564.199 2584.33
547 1696.69 1460.82
548 2382.77 3175.89
549 729.573 2576.47
550 36.3063 1455.55
551 1672.39 2246.6
552 243 619.297
553 430.16 1345.4
554 1765.12 602.501
555 2213.26 1816.6
556 2391.42 1638.32
557 3058.54 2238.99
558 2159.52 2247.73
559 2533.8 2476.37
560 2999.12 193.76
561 2110.42 147.54
562 1084.81 3079.19
563 992.961 149.284
564 684.698 1246.24
565 2539.27 469.982
566 3119.14 665.563
567 2298.66 807.261
568 1416.55 3059.19
569 3136.7 1991.08
570 207.731 732.062
571 1745.87 1335.19
572 1344.78 1920.23
573 2627.17 3147.49
574 1955.97 2922.94
575 1096.39 607.432
576 2929.72 2957.98
577 2205.87 2021.97
578 215.452 2934.03
579 1571.66 1563.35
580 2746.21 129.285
581 2499.12 2081.17
582 1152.97 1436.93
583 1762.2 1550.67
584 2190.54 1751.4
585 6.33137 110.536
586 2852.99 1626.41
587 2374.26 1164.64
588 98.3366 105.168
589 1216.52 91.4953
590 1651.96 686.836
591 20.786 1637.34
592 2295.98 2190.07
593 2225.57 3181.84
594 473.756 2510.53
595 2624.12 1361.77
596 1521.79 839.408
597 140.725 784.781
598 74.2892 2738.07
599 971.124 2826.41
600 1589.19 49.9691
601 1704.69 348.74
602 2200.95 1989.06
603 534.301 1729.22
604 628.511 346.102
605 957.42 835.405
606 473.428 91.788
607 1350.23 1798.22
608 2064.18 3136.91
609 977.785 740.51
610 2816.68 454.472
611 1749.1 2927.75
612 964.204 3187.63
613 849.162 2824.79
614 1232.87 2173.09
615 1305.42 1190.37
616 2460.67 2565.82
617 233.528 306.708
618 1258.96 1475.24
619 1448.66 3176.68
620 1810.4 976.986
621 566.563 597.729
622 2226.6 287.702
623 1145.38 2130.33
624 780.72 2151.31
625 1610.76 2979.48
626 1849.11 106.837
627 667.516 85.6947
628 2336.99 476.109
629 2123.35 1177.93
630 1960.85 1409.35
631 48.3113 673.504
632 813.399 2415.72
633 1409.4 2617.27
634 1299.26 1951.06
635 916.633 448.922
636 474.055 2693.5
637 555.483 1591.42
638 1758.49 2290.69
639 836.328 668.83
640 824.057 82.0447
641 2329.7 3049.46
642 1374.46 2595.52
643 1744.28 1034.33
644 2155.27 1163.02
645 997.092 1221.04
646 656.576 2097.63
647 3119.69 256.602
648 3174.66 1.47945
649 1690.75 3028.82
650 2554.98 1087.04
651 1796.83 1459.72
652 731.159 70.3043
653 174.749 1.78733
654 3026.61 2628.07
655 1306.78 824.575
656 913.416 1703.37
657 1970.08 2300.45
658 2831.06 790.023
659 941.752 35.0546
660 427.06 2207.78
661 859.342 618.268
662 1797.42 867.182
663 2756.24 737.252
664 2207.39 1195.11
665 678.109 1988.48
666 153.998 3103.84
667 2143.58 878.318
668 412.6 1358.28
669 1060.95 1499.25
670 3018.29 1426.61
671 1675.56 550.035
672 2161.89 1041.34
673 3063.02 2855.6
674 300.586 2692.22
675 1078.47 700.381
676 615.032 483.763
677 529.282 154.75
678 546.667 1614.9
679 2797.63 2223.08
680 1884.38 1301.59
681 1626.32 3111.32
682 989.244 1278.09
683 2409.19 1381.54
684 1000.84 828.024
685 883.847 137.763
686 1049.24 1442.88
687 2164.05 720.087
688 676.839 1889.3
689 2337.65 1470.07
690 2313.96 34.159
691 1250.15 1686.18
692 2006.9 781.091
693 3173.81 2861.21
694 2370.62 811.605
695 621.302 431.922
696 2572.25 1413.59
697 1556.48 2783.15
698 2664.6 2638.59
699 563.946 2622.7
700 541.407 428.417
701 632.492 1779.67
702 2463.97 2959.1
703 965.892 3040.67
704 2530.67 543.652
705 380.291 778.112
706 2780.27 805.392
707 1291.99 2751.58
708 2969.3 2169.6
709 2351.57 738.331
710 1409.01 2150.6
711 473.383 1138.39
712 3140.93 2253.23
713 978.743 2208.7
714 2787.42 2656.69
715 1850.88 2692.92
716 1687.59 56.4796
717 2794.41 763.363
718 1035.84 2451.24
719 1036.79 3182.43
720 1938.9 1130.56
721 2807.2 3081.15
722 19.5268 3073.2
723 2990.68 1859.64
724 494.67 1878.69
725 2352.51 1339.89
726 394.626 1285.58
727 550.577 113.812
728 3165.11 1548.76
729 2870.8 2106.73
730 3147.96 24.3688
731 1536.48 1351.19
732 1557.58 1756.86
733 865.786 2526.98
734 712.593 2123.83
735 2631.87 959.129
736 196.8 1269.58
737 967.142 2187.66
738 1492.09 1994.81
739 467.638 2185.75
740 1834.8 297.159
741 748.948 683.983
742 3184.96 2789.26
743 2880.67 1358.18
744 2342.66 1172.11
745 2323.12 2525.15
746 2719.67 177.441
747 3138.03 157.974
748 1023.41 818.456
749 1586.64 1668.57
750 1279.44 1011.09
751 2645.44 369.314
752 2526.4 710.97
753 973.897 1957.55
754 1151.39 94.1734
755 1337.9 1026.44
756 1372.14 2440.74
757 621.763 1596.32
758 569.803 2682.35
759 631.576 1399.91
760 2574.86 2320.72
761 1351.44 2692.48
762 2875.82 1154.71
763 3024.27 2712.68
764 2250.35 1719.95
765 346.326 273.521
766 2183.76 1697.11
767 1068.93 3172.19
768 2082.62 1763.97
769 2382.39 2216.97
770 2622.87 2042.45
771 1836.03 170.989
772 2650.6 867.123
773 1800.98 892.953
774 2855.98 2123.64
775 1536.13 1682.27
776 1278.34 198.245
777 2069.98 1018.97
778 2605.43 2278.41
779 2242.16 1590.36
780 3059.25 324.782
781 3112.96 1962.78
782 146.873 2515.24
783 538.303 712.543
784 1749.3 62.9292
785 1928.3 2618.2
786 1076.06 2634.09
787 2282.42 1751.86
788 1572.79 852.299
789 183.596 2141.48
790 2374.01 3130.67
791 740.199 545.277
792 69.2709 1335.67
793 1811.24 1074.1
794 1422.81 2357.57
795 134.994 2232.48
796 220.762 1966.99
797 1441.73 328.282
798 980.087 1139.23
799 479.251 2451.21
800 996.835 1028.21
801 997.395 2026.34
802 120.07 1245.47
803 816.337 3057.56
804 339.903 671.559
805 3075.53 2623.16
806 1950.07 3034.86
807 1704.16 1399.53
808 1810.46 618.76
809 1381.67 1868.54
810 2037.36 1042.91
811 446.793 2715.72
812 1658.5 481.396
813 2264.17 1775.89
814 2091.82 2086.14
815 3006.24 269.318
816 244.223 2572.97
817 2369.58 2803.34
818 2254.84 2849.68
819 2076.78 2852.15
820 3160.28 217.678
821 2438.49 1017.39
822 355.539 1121.9
823 1449.89 2569.38
824 2937.38 2737.19
825 1131.27 660.358
826 502.766 1798.35
827 1941.56 2621.03
828 3135.1 1188.67
829 2570.99 2049.43
830 2323.61 2759.37
831 2460.05 2514.48
832 91.493 2624.38
833 2927.28 2864.66
834 842.789 525.561
835 3121.95 2359.09
836 514.68 507.288
837 1993.97 616.881
838 1529.66 1546.78
839 2383.91 1180.62
840 2827.64 2589.7
841 2910.72 28.6881
842 1815.13 1763.88
843 164.681 2736.28
844 3179.89 2651.52
845 2119.42 2824.9
846 1055.35 2925.64
847 2615.22 1323.81
848 15.3432 1289.53
849 2806.87 2213.3
850 1742.19 2189.15
851 301.31 2365.54
852 896.923 2270.75
853 775.386 1759.58
854 3063.84 200.56
855 328.221 1431.21
856 2035.65 2029.65
857 3002.7 2527.6
858 1962.99 321.484
859 703.063 2289.45
860 1514.7 233.788
861 321.528 206.563
862 118.758 1012
863 2881.83 2025.42
864 1304.53 1876.92
865 1133.93 1628.33
866 2243.51 339.598
867 713.443 2003.51
868 1588.57 2213.22
869 2733.88 1541.37
870 2697.82 98.6741
871 667.879 798.554
872 1014.07 2897.86
873 59.098 849.703
874 1956.96 623.147
875 2986.54 2732.16
876 1170.91 2452.43
877 2033.61 385.162
878 1634.49 1242.32
879 2867.79 1217.72
880 1368.86 137.216
881 176.518 743.331
882 232.905 2770.27
883 887.591 569.483
884 2512.59 1417.4
885 82.2884 3081.59
886 1684.68 2129.61
887 262.509 2561.95
888 53.2701 150.741
889 2104.21 1806.49
890 2629.85 502.759
891 2780.09 2197.13
892 3115.59 2619.42
893 2309.12 1797.52
894 869.895 2779.73
895 505.13 2407.36
896 1290.9 1650.21
897 3031.52 3017.3
898 1202.83 2715.81
899 2711.19 711.003
900 884.261 454.207
901 2548.84 2421.52
902 2531.88 2336.1
903 2308.08 239.647
904 2286.57 2959.83
905 1905.32 2912.07
906 982.236 70.1045
907 2425.34 1087.26
908 1765.62 470.953
909 2835.83 2504.27
910 1543.17 780.399
911 664.945 72.2
912 2303.07 1975.63
913 2713.55 1023.37
914 2759.54 1143.59
915 755.639 195.749
916 436.972 2566.65
917 2419.24 3161.91
918 1209.01 1432.56
919 2110 836.225
920 623.13 761.231
921 2797.46 548.71
922 1123.65 868.392
923 1734.58 1701.97
924 1024.94 2252.12
925 2015.97 1866.71
926 1583.89 782.448
927 2898.71 346.152
928 185.198 3097.25
929 3094.66 2994.92
930 2572.68 2446.86
931 226.865 603.25
932 2422.78 2901.43
933 219.796 2376.42
934 259.646 3166.91
935 2572.44 1303.85
936 2481.91 1365.01
937 2622.41 219.226
938 778.638 3129.36
939 818.996 198.451
940 2702.99 2089.2
941 2877.59 104.773
942 1255.51 439.332
943 1401.72 1434.17
944 336.949 2734.6
945 142.542 651.432
946 3187.56 458.708
947 3074.34 2308.78
948 1806.89 298.517
949 346.648 1152.95
950 1746.87 2788.33
951 610.876 2989.28
952 1758.53 2152.39
953 1006.2 2465.55
954 2307.29 156.104
955 2063.46 2660.4
956 1553.39 2006.68
957 3111.08 419.616
958 1728.53 206.098
959 1911.56 330.552
960 2435.47 2496.1
961 1811.35 1038.9
962 3132 1404.98
963 804.318 1752.54
964 3120.69 891.04
965 1890.82 354.967
966 389.815 1462.88
967 2359.29 1834.94
968 3022.03 1385.82
969 2206.6 2529.92
970 1210.93 2531.27
971 2398.88 2338.12
972 1973.3 2355.69
973 2750.61 660.33
974 1169.4 1126.76
975 1425.78 3000.69
976 445.482 2659.41
977 2923.96 1085.32
978 3180.63 1698.78
979 2546.94 493.753
980 2522.59 133.411
981 341.513 2580.21
982 59.9359 297.727
983 1700.66 357.093
984 348.354 874.389
985 467.895 480.624
986 445.51 3106.87
987 2998.28 3139.15
988 1420.01 167.644
989 1211.1 3136.59
990 2744.86 2332.65
991 615.481 2703.9
992 1336.88 222.326
993 947.039 2540.22
994 1936.37 3019.1
995 2958.11 717.635
996 1550.47 48.2868
997 1255.78 1950.1
998 3141.69 1081.48
999 1057.5 2899.92
1000 2378.57 64.1783
1001 2744.29 604.151
1002 2610 1760.59
1003 1723.43 77.2227
1004 1921.01 1626.47
1005 2718.65 2298.45
1006 1748.98 1386.5
1007 1390.44 1945.69
1008 2314.69 1927.04
1009 469.403 3001.94
1010 3022.59 1347.07
1011 239.537 2265.06
1012 967.029 279.21
1013 1596.31 10.8611
1014 221.853 2568.16
1015 838.078 2602.71
1016 1049.44 1791.05
1017 1460.51 486.982
1018 2295.82 83.951
1019 1125.36 1250.21
1020 420.806 2759.05
1021 623.513 2922.65
1022 13.9264 2043.35
1023 1183.14 298.66
1024 2242.88 3004.75
1025 2714.53 118.951
1026 2844.36 1781.69
1027 1649.12 1589.76
1028 1797.73 995.36
1029 1259.7 660.902
1030 801.676 3028.04
1031 406.147 2390.7
1032 2157.92 1113.6
1033 2172.64 86.734
1034 2674.84 3102.9
1035 462.55 767.665
1036 1406.82 796.023
1037 1348.73 2728.56
1038 2568.54 1917.81
1039 3156.06 1601.16
1040 888.165 1806.95
1041 2162.17 2043.6
1042 808 2561.04
1043 1682.5 242.045
1044 1503.46 2809.78
1045 2480.47 372.933
1046 943.884 712.866
1047 651.04 446.767
1048 2620.08 377.075
1049 216.49 2464.18
1050 2292.21 570.561
1051 2619.63 1791.3
1052 1543.87 2474.7
1053 1572.86 2735.5
1054 2307 74.3153
1055 2783.35 1231.3
1056 1720.05 1841.5
1057 718.484 1535
1058 3099.03 821.431
1059 1827.53 587.884
1060 561.721 1963.62
1061 2177.42 2540.52
1062 2.38941 515.376
1063 2995.2 3035.79
1064 1703.52 1327.15
1065 54.8129 47.1836
1066 962.018 733.486
1067 442.067 2571.85
1068 2736.09 2336.96
1069 198.593 2404.37
1070 1072.59 680.27
1071 1776.72 206.395
1072 2765.33 7.28971
1073 1510.24 561.036
1074 386.963 2128.99
1075 700.043 1253.25
1076 2252.6 1849.65
1077 1231.53 2173.05
1078 3153.84 163.657
1079 860.904 1124.11
1080 1661.85 2507.62
1081 573.016 1071.07
1082 451.182 3016.54
1083 1821.9 903.56
1084 2958.3 2905.86
1085 1090.85 1365.25
1086 640.332 338.194
1087 2762.89 2516.68
1088 134.064 1165.78
1089 427.547 46.0495
1090 210.118 2208.82
1091 1356.76 1825.57
1092 2596.79 1259.69
1093 2235.1 1911.67
1094 484.936 2022.37
1095 1102.77 2138.68
1096 1942.46 2900.47
1097 1998.34 24.9329
1098 1396.21 1565.96
1099 2370.06 949.863
1100 701.461 1534.67
1101 2808.6 1505.05
1102 707.331 1137.39
1103 1463.53 990.129
1104 2441.58 2286.12
1105 1169.97 917.259
1106 279.228 1348.86
1107 100.48 87.7427
1108 1069.59 2031.44
1109 2697.66 2507.44
1110 109.799 208.254
1111 134.863 2216.97
1112 1866.42 67.9165
1113 1781.95 1772.57
1114 2444.3 1569.93
1115 2757.26 557.531
1116 2705.49 1146.47
1117 581.33 2417.41
1118 1121.89 2847.82
1119 2793.88 2005.78
1120 913.438 522.315
1121 1359.38 1056
1122 1562.06 301.103
1123 2340.04 654.445
1124 2170.72 1113.32
1125 2755.17 2299.93
1126 3142.94 1348.57
1127 2499.41 1491.25
1128 2390.04 1783.28
1129 1293.36 1000.49
1130 552.071 2148.59
1131 850.734 120.509
1132 2974.6 936.507
1133 1133.56 600.096
1134 419.318 2701.5
1135 2899.1 466.436
1136 2534.78 2538.24
1137 1047.67 1279.42
1138 293.944 456.106
1139 1790.36 186.788
1140 2680.26 1340.03
1141 1083.47 1678
1142 188.079 1583.27
1143 860.569 2717.29
1144 2343.37 399.075
1145 1916.87 1576.94
1146 987.862 2968.39
1147 528.941 306.62
1148 1797.49 1988.04
1149 2133.31 1100.37
1150 2599.67 2798.8
1151 341.788 1915.45
1152 1323.31 2352.92
1153 1729.37 690.922
1154 3037.45 2141.65
1155 2646.69 1238.85
1156 724.026 940.897
1157 2173.32 3132.14
1158 893.213 1078.24
1159 2201.96 843.113
1160 2874.2 2466.28
1161 871.426 1396.91
1162 585.586 309.023
1163 1063.19 2473.09
1164 2523.21 1898.17
1165 2391.03 1530.53
1166 2479.17 1672.26
1167 2754.52 1667.88
1168 448.985 3095.83
1169 433.528 1432.74
1170 2798.78 1375.26
1171 3132.71 3077.27
1172 1835.7 642.209
1173 2822.17 466.216
1174 2266.7 2197.93
1175 49.8022 1064.31
1176 2634.72 1021.77
1177 2371.88 1489.96
1178 942.02 385.565
1179 741.594 2957.66
1180 2629.04 2680.65
1181 33.5367 69.7872
1182 1293.93 2752.53
1183 226.669 2287.03
1184 852.536 467.32
1185 2786.7 2906.2
1186 2174.64 1224.55
1187 1476.61 1065.03
1188 2113.57 2319.15
1189 1811.05 592.167
1190 2821.34 2660.66
1191 1352.72 51.8991
1192 1204.15 493.386
1193 145.039 2214.58
1194 872.728 270.208
1195 2517.18 1419.17
1196 422.175 50.537
1197 1713.82 10.9494
1198 614.059 72.1599
1199 2521.23 1344.36
1200 1306.21 2369.33
1201 2113.28 432.443
1202 1854.44 2152.73
1203 619.049 1257.41
1204 870.198 1070.2
1205 340.124 1576.88
1206 2572.18 1829.6
1207 1570.91 1768.35
1208 279.323 558.287
1209 380.206 3114.68
1210 2007.05 2139.41
1211 720.121 2885.79
1212 2.28686 1665.3
1213 1101.33 1432.69
1214 1108.75 1315.72
1215 2977.52 3050.44
1216 1564.01 2909.85
1217 2801.96 2964.26
1218 2614.84 632.846
1219 2611.1 2483.57
1220 1108.33 946.926
1221 2000.52 893.29
1222 949.618 2097.62
1223 313.599 1411.9
1224 1830.36 1339.79
1225 96.948 456.819
1226 3169.07 1090.02
1227 1858.8 871.302
1228 3018.22 135.248
1229 2314 1853.28
1230 141.92 1566.63
1231 1197.94 2258.08
1232 3101.23 227.181
1233 3002.09 1602.82
1234 526.64 1116.99
1235 386.373 390.309
1236 2146.67 1030.42
1237 2475.97 2041.55
1238 933.567 36.0556
1239 1406.65 3141.19
1240 2219.91 1998.9
1241 2869.08 2591.44
1242 3178.05 891.607
1243 1701.66 3020.37
1244 1002.05 339.621
1245 1807.85 412.432
1246 2259.52 2871.5
1247 2754.84 2987.49
1248 2580.82 2328.7
1249 1911.51 254.382
1250 1551.18 736.261
1251 3168.49 817.404
1252 1982.57 2599.25
1253 1874.91 3073.65
1254 601.433 2739.31
1255 509.824 81.3716
1256 1369.63 929.733
1257 212.124 2182.48
1258 928.698 2009.73
1259 2588.53 223.837
1260 1839.61 1266.64
1261 1450.77 2306.36
1262 2158.33 1026.79
1263 3120.31 1602.33
1264 2984.68 242.783
1265 1318.55 978.173
1266 522.166 1139.82
1267 2662.94 1206.01
1268 1370.02 263.364
1269 2037.63 182.205
1270 1488.56 1726.4
1271 351.078 1017.68
1272 1558.75 1322.43
1273 3122.89 1557.85
1274 567.24 2107.66
1275 2095.83 3133.34
1276 2659.08 1651.76
1277 1265.31 1143.25
1278 2297.63 1363.75
1279 151.527 1111.29
1280 2636.88 166.409
1281 2795.87 1784.22
1282 931.845 2273.54
1283 1764.54 2100.99
1284 2963.35 1113.63
1285 2604.82 1651.55
1286 512.426 1623.61
1287 2111.48 1645.8
1288 2459.51 634.782
1289 153.868 1158.07
1290 506.346 297.236
1291 1666.77 221.698
1292 2908.98 99.7778
1293 10.2448 2657.03
1294 2564.72 214.566
1295 1895.15 1539.79
1296 31.7275 2159.32
1297 665.031 2564.87
1298 615.844 2122.54
1299 1681.48 242.902
1300 1399.54 1766.19
1301 2841.75 2875.13
1302 1630.53 2417.38
1303 771.762 3188.82
1304 2167.3 1015.24
1305 838.628 1894.13
1306 685.804 1417.75
1307 2636.64 861.487
1308 20.6559 289.619
1309 212.839 226.315
1310 130.487 1726.38
1311 272.01 1052.79
1312 854.246 156.266
1313 1239.92 3145.84
1314 2334.65 2642.17
1315 1415.7 2121.79
1316 145.872 2568.72
1317 1479.37 731.271
1318 2003.81 2319.4
1319 270.62 728.837
1320 2359.83 1314.6
1321 2917.23 653.675
1322 2970.75 2967.91
1323 653.277 2460.24
1324 1236.59 1574.14
1325 2502.94 2738.33
1326 1517.5 233.789
1327 2857.19 2447.56
1328 2022.65 2011.46
1329 403.333 123.721
1330 708.1 2665.39
1331 397.329 841.193
1332 623.49 1031.29
1333 1982.14 2591.19
1334 301.312 1503.17
1335 1679.76 3013.81
1336 1428.99 1448.43
1337 1196.7 2590.41
1338 109.895 665.233
1339 701.84 1005.75
1340 819.317 399.908
1341 2024.65 199.447
1342 1785.94 3002.15
1343 2638.16 2338.03
1344 1515.61 1519.89
1345 10.9606 1133.49
1346 1144.33 2067.63
1347 1108.66 795.762
1348 1481.13 1925.19
1349 717.742 1947.01
1350 1470.87 2186.41
1351 2143.58 3172.25
1352 1614.2 2331.69
1353 1085.06 2285.26
1354 815.492 2468.76
1355 1467.27 2378.97
1356 2129.77 897.758
1357 1706.5 1439.7
1358 35.4298 1963.52
1359 1675.03 706.726
1360 799.882 2527.49
1361 319.135 1461.01
1362 2554.18 832.241
1363 1634.87 945.989
1364 532.395 1159.48
1365 187.085 485.371
1366 563.937 1915.59
1367 3093.54 1006.71
1368 2596.82 11.6774
1369 2346.82 2828.33
1370 2572.92 3019.5
1371 273.737 2364.62
1372 428.991 1860.05
1373 2359.34 525.784
1374 607.135 2905.73
1375 2823.52 2822.17
1376 1401.4 2742.89
1377 2106.86 2886.82
1378 2608.54 1212.12
1379 2629.81 115.29
1380 1343.28 418.152
1381 117.817 2618.49
1382 2336.05 1558.47
1383 2323.7 863.667
1384 1329.22 2182.33
1385 564.326 1279.67
1386 2701.98 255.123
1387 1329.67 1099.68
1388 3056.74 1270.45
1389 889.957 1291.91
1390 172.167 1146.12
1391 130.349 979.526
1392 165.496 2217.07
1393 2456.2 519.632
1394 3003.22 256.779
1395 2455.15 788.223
1396 853.334 2749.08
1397 311.967 1990.79
1398 3162.5 776.04
1399 24.9657 1395.78
1400 2214.01 969.018
1401 1733.85 2291.56
1402 366.847 1958.42
1403 1066.47 1846.08
1404 3024.63 108.747
1405 1413.46 2137.21
1406 1575.01 344.988
1407 2870.2 2632.55
1408 2405.44 1448.91
1409 1137.44 720.367
1410 1956.55 648.119
1411 1448.8 1357.5
1412 2724.17 3053.19
1413 2231.57 981.92
1414 1888.89 882.749
1415 2997.57 2452.02
1416 2631.57 2640.01
1417 2829.82 2409.44
1418 3138.79 2158.89
1419 1800.68 2468.2
1420 1675.71 637.626
1421 1572.46 2681.52
1422 233.514 1107.87
1423 2359.42 3035.14
1424 1763.89 2101.9
1425 2767.05 3089.58
1426 2994.88 2252.04
1427 342.346 1395.49
1428 1431.44 2033.45
1429 2007.17 2970.65
1430 2728.16 1251.71
1431 1169.97 1039.2
1432 1714.13 1353.07
1433 937.856 1737.44
1434 1966.91 2360.91
1435 2020.95 2218.16
1436 100.326 2502.94
1437 2547.9 1864.85
1438 1207.82 110.155
1439 2227.54 50.0141
1440 829.495 153.75
1441 1020.48 691.287
1442 2550.48 2297.14
1443 2527.18 752.636
1444 2032.97 2703.42
1445 898.2 1.55136
1446 35.3038 642.374
1447 380.956 1340
1448 116.165 676.177
1449 2064.69 2108.9
1450 543.633 1785.21
1451 478.373 2772.82
1452 1749.88 1005.69
1453 1190.47 1289.44
1454 1741.5 1213.36
1455 825.713 2377.31
1456 2835.29 914.484
1457 773.428 761.072
1458 1490.43 1540.93
1459 535.685 1362.97
1460 696.975 60.2264
1461 438.165 2292.62
1462 2439.58 917.116
1463 2289.34 2958.52
1464 1813.55 1751.88
1465 346.953 1005.93
1466 2994.13 2075.71
1467 38.9867 360.221
1468 1071.11 976.462
1469 430.577 7.27998
1470 125.07 395.074
1471 909.406 3173.47
1472 2164.71 896.513
1473 2330.65 182.341
1474 1661.67 1239.01
1475 2451.71 1105.25
1476 2396.13 2342.21
1477 1417.83 917.441
1478 3039.01 1263.46
1479 2952.42 2777.97
1480 2717.24 1847.37
1481 112.432 2826.29
1482 1404.86 1590.38
1483 1965.25 526.272
1484 749.594 702.149
1485 2310.57 2352.52
1486 513.538 3042.1
1487 1803.41 1349.39
1488 1100.07 1289.75
1489 774.051 1250.69
1490 1282.51 206.305
1491 2445.86 1475.7
1492 2609.52 1104.37
1493 2698.39 2380.46
1494 2326.87 2475.86
1495 783.042 295.906
1496 1631.68 2696.71
1497 1465.67 2964.48
1498 2454.57 1631.69
1499 2785.23 539.831
1500 2862.41 2216.68
1501 179.235 1126.69
1502 1291.63 1795.79
1503 1807.37 1131.7
1504 1878.17 2645.77
1505 83.3949 1577.2
1506 689.139 2267.67
1507 1735.83 654.398
1508 2937.21 2924.84
1509 1226.13 2849.71
1510 2366.17 2654.54
1511 790.549 190.521
1512 2892.97 1531.55
1513 2368.57 2537.25
1514 485.866 2459.52
1515 2011.95 1910.51
1516 2591.57 1503.77
1517 2088.38 1658.06
1518 1865.24 522.649
1519 1040.71 1909.96
1520 3074.38 2549.63
1521 2599.21 2400.63
1522 370.908 2930.29
1523 888.145 1502.64
1524 841.638 1870.87
1525 473.788 2926.59
1526 1846.43 274.09
1527 2045.87 2586.19
1528 379.765 2954.21
1529 3004.04 1841.86
1530 727.36 2798.77
1531 1787.55 30.0615
1532 308.155 609.896
1533 1.99133 2704.68
1534 2255.12 386.891
1535 773.054 2079.48
1536 83.3457 482.496
1537 862.442 321.847
1538 202.456 191.662
1539 512.529 2473.89
1540 1941.5 2403.53
1541 2290.88 2343.51
1542 342.91 151.285
1543 1679.16 1873.25
1544 1926.61 2808.27
1545 1303.67 213.502
1546 2637.56 1679.88
1547 1592.21 2646.26
1548 2899.34 2073.59
1549 569.982 3128.91
1550 1238.68 2777.76
1551 1368.27 1085.14
1552 1739.25 277.652
1553 1020.85 1638.39
1554 3118.45 111.406
1555 422.216 1139.45
1556 3040.9 665.226
1557 2292.28 1979.75
1558 2180.66 2647.32
1559 1897.45 578.611
1560 1546.14 911.065
1561 1080.9 2651.5
1562 52.8351 2057.49
1563 566.818 347.086
1564 2976.89 226.112
1565 1784.17 63.0275
1566 1230.49 1510.83
1567 2451.59 319.915
1568 2246.33 1348.84
1569 208.693 2455.08
1570 575.425 84.1111
1571 1308.51 1309.29
1572 1661.21 2817.78
1573 1847.64 47.7331
1574 694.792 374.54
1575 2806.81 841.879
1576 2857.27 2781.07
1577 1972.82 1913.89
1578 2397.98 300.154
1579 2421.24 234.176
1580 3130.99 1247.62
1581 1366.34 3150.9
1582 1664.54 2545.46
1583 190.138 787.695
1584 5.64687 1187.84
1585 2391.71 2527.95
1586 3181.41 778.923
1587 259.011 3146.18
1588 2276.55 1605.28
1589 1233.66 234.655
1590 921.805 447.499
1591 2302.31 2779.93
1592 431.168 420.717
1593 1891.11 1573.73
1594 788.186 1819.21
1595 1233.27 2014.5
1596 1483.14 972.716
1597 1366.05 2602.45
1598 2460.65 2968.65
1599 474.64 2072.17
1600 1509.46 806.703
1601 2838.04 1189.95
1602 1451.56 659.248
1603 2597.92 3153.73
1604 1719.74 22.7205
1605 836.785 1156.92
1606 2716.65 92.7147
1607 88.0513 2452.7
1608 2881.6 2263.25
1609 2311.01 3077.85
1610 661.385 301.42
1611 3118.29 283.784
1612 651.556 2781.11
1613 104.463 1081.21
1614 2392.02 1797.86
1615 1709.94 1510.01
1616 1094.79 230.864
1617 2878.54 943.646
1618 32.4294 99.8026
1619 2714.59 2493.52
1620 1739.19 1836.01
1621 1755.19 2726.85
1622 1768.76 2991.32
1623 2159.22 2530.87
1624 512.591 1387.73
1625 241.993 3025.28
1626 208.089 376.722
1627 806.488 470.25
1628 2879.01 1343.65
1629 3005.63 1860.56
1630 3075.57 634.626
1631 671.425 2497.48
1632 2500.17 2145.59
1633 2649.31 80.9309
1634 1255.18 2175.15
1635 446.412 3044.34
1636 1459.56 113.626
1637 1082.92 2241.45
1638 473.526 897.076
1639 708.718 1664.69
1640 798.067 1423.67
1641 2064 1393.03
1642 2310.96 312.446
1643 2534.59 3111.36
1644 2271.52 132.531
1645 2821.99 1304.96
1646 2657.7 956.161
1647 2543.69 1274.93
1648 2110.9 3162
1649 703.304 2978.39
1650 2864.1 3138.83
1651 2402.72 1100.01
1652 3097.99 39.739
1653 1503.83 1644.52
1654 1583.64 2472.6
1655 1707.39 1736.6
1656 1169.58 1542.67
1657 2209.89 1920.79
1658 1571.51 2853.19
1659 1638.86 85.6601
1660 254.705 2852.6
1661 482.25 600.203
1662 547.482 831.923
1663 1251.08 2965.62
1664 1819.19 1490.5
1665 1390.75 1680.43
1666 2993.03 871.83
1667 199.519 678.654
1668 2410.17 661.156
1669 1610.06 349.475
1670 2269.62 862.006
1671 3175.56 840.032
1672 266.807 2186.92
1673 1736.67 3128.54
1674 1320.45 112.746
1675 2336.04 2305.37
1676 2181.5 1619.4
1677 2816.38 1941.34
1678 1337.78 1342.2
1679 1538.58 2241.11
1680 2951.93 1505.89
1681 583.599 2781.07
1682 1677.78 426.842
1683 2631.92 420.994
1684 1083.69 1693.19
1685 460.094 2833.64
1686 858.974 59.2871
1687 1140.2 442.874
1688 487.543 1551.6
1689 1924.48 1677.95
1690 648.702 1568.83
1691 2798.92 1493.92
1692 2816.54 436.218
1693 1984.41 698.659
1694 1917.72 3016.48
1695 1396.15 2192.7
1696 1462.8 1273.01
1697 1692.86 3100.27
1698 570.629 474.109
1699 3082.23 1513.83
1700 500.858 886.837
1701 606.636 1074.07
1702 1707.1 701.355
1703 460.952 816.921
1704 2877.39 302.063
1705 1534.28 2325.92
1706 436.969 2833.5
1707 322.03 1891.58
1708 1426.45 2142.85
1709 3052.12 1684
1710 593.227 154.072
1711 959.773 539.446
1712 20.5802 2389.96
1713 2002.96 1614.42
1714 778.171 1194.14
1715 1809.2 901.791
1716 1690.84 896.34
1717 140.073 1969.67
1718 933.602 64.7623
1719 2160.25 2895.4
1720 78.2015 3167.92
1721 468.862 414.361
1722 199.689 720.926
1723 1863.67 1669.89
1724 2448.19 3170.71
1725 1645.72 1860.88
1726 2876.96 628.33
1727 364.341 1451.63
1728 1449.55 814.688
1729 1038.72 1609.36
1730 1838.28 1587.85
1731 102.157 2467.2
1732 2996.16 3089.36
1733 2044.45 544.283
1734 2444.01 1299.95
1735 1278.08 677.012
1736 2952.88 2686.15
1737 573.958 9.93557
1738 2577.41 1084.83
1739 1992.5 1367.1
1740 1601.2 452.349
1741 1008.73 3031.2
1742 1047.06 2608.5
1743 2619.25 2693.24
1744 728.138 174.951
1745 352.415 193.984
1746 3182.23 1965.69
1747 2557.86 3171.05
1748 348.143 1902.36
1749 671.865 1942.57
1750 37.6381 951.082
1751 1757.7 106.222
1752 3065.47 2788.23
1753 1055.02 1127.61
1754 2528.5 1548.68
1755 108.997 2268.76
1756 5.13897 2191.51
1757 956.581 1982.72
1758 2534.46 743.023
1759 573.552 48.0551
1760 1923.03 1555.36
1761 2971.48 1615.23
1762 2137.3 1031.44
1763 577.701 238.743
1764 2234.14 2585.64
1765 1546.28 2722.83
1766 3163.74 2558.13
1767 702.156 1907.47
1768 1088.08 550.397
1769 2059.2 715.783
1770 345.78 1830.31
1771 2848.68 1448.54
1772 2030.27 3002.67
1773 798.394 1940.61
1774 1608.26 1738.56
1775 586.342 1728.12
1776 754.639 1997.43
1777 1107.21 387.391
1778 1184.95 2227.84
1779 2982.29 1674.85
1780 1222.5 1097.28
1781 2598.4 2276.22
1782 3007.18 402.565
1783 1424.14 959.569
1784 2945.28 391.911
1785 524.505 1838.74
1786 2297.03 1135.22
1787 1950.62 1213.67
1788 2846.52 2217.68
1789 1129.39 596.02
1790 2403.31 3086.7
1791 1541.16 2287.41
1792 1554.71 1634.52
1793 1157.1 1755.91
1794 2009.43 2893.84
1795 1577.92 659.578
1796 1018.05 475.117
1797 2245.86 1783.35
1798 2880.88 642.482
1799 2563.86 2112.24
1800 1954.14 771.776
1801 3100.91 1719.17
1802 2053.59 344.642
1803 2487.53 2228.57
1804 385.146 2458.21
1805 1666.08 549.195
1806 1489.53 1041.82
1807 2577.33 2547.02
1808 1917.71 3147.14
1809 1951.39 2371.89
1810 1516.75 796.437
1811 2548.63 2753.68
1812 3161.44 1118.35
1813 1526.63 3005.23
1814 1361.13 3150.04
1815 3101.29 400.439
1816 2665.45 1950.67
1817 769.65 2859.27
1818 1467.47 71.6727
1819 2129.83 1965.21
1820 2683.43 1056.22
1821 1318.49 2435.77
1822 2107.05 1626.34
1823 1640.43 2649.85
1824 2282.3 1527.72
1825 115.699 2996.74
1826 2794.57 1605.21
1827 165.083 1171.56
1828 3008.41 2418.68
1829 3077.27 2392.3
1830 284.908 1429.38
1831 2196.11 629.622
1832 2714.06 855.58
1833 1953.38 1571.45
1834 37.8376 688.485
1835 76.6646 2614.74
1836 191.542 278.771
1837 2273.15 3127.94
1838 796.359 3037.46
1839 182.276 2493.39
1840 1769.94 3060.93
1841 1839.61 858.085
1842 2161.84 2606.24
1843 904.459 1247.53
1844 2436.58 1699.14
1845 2608.97 1862.89
1846 323.309 2121.96
1847 2953.42 2243.39
1848 706.966 1965.39
1849 2373.33 1221.09
1850 2137.15 351.905
1851 802.599 1734.65
1852 830.378 1294.27
1853 418.603 1337.41
1854 2023.74 2837.41
1855 2169.2 1588.63
1856 1123.95 1634.1
1857 1722.55 1111.18
1858 1679.23 964.007
1859 954.728 1136.26
1860 2260.11 592.643
1861 1118.26 703.572
1862 2958.59 1514.83
1863 2057.11 2325.25
1864 3108.74 2602.63
1865 3097.42 1403.74
1866 2969.14 2720.4
1867 859.167 1825.82
1868 1721.47 1132.72
1869 40.8144 2115.99
1870 1818.18 2374.57
1871 2023.57 2846.27
1872 841.731 2037.59
1873 3064.13 490.509
1874 2471.12 3073.99
1875 1679.21 94.402
1876 67.4885 2435.67
1877 601.804 916.797
1878 2505.48 3157.73
1879 2322.15 1842.97
1880 601.596 1552.72
1881 2850.45 2398.77
1882 2272.74 2950.44
1883 2935.1 1157.46
1884 346.92 437.217
1885 636.976 901.191
1886 949.983 825.332
1887 2843.91 2621.96
1888 999.245 252.124
1889 528.181 1250.47
1890 1099.26 2234.43
1891 2339.51 333.498
1892 927.277 414.542
1893 2563.54 2356.34
1894 207.173 2015.87
1895 1325.99 1665.81
1896 2490.23 35.1128
1897 400.928 3142.96
1898 692.599 1973.66
1899 2107.88 1737.05
1900 981.036 786.666
1901 1640.85 2410.12
1902 431.17 1666.24
1903 1210.9 3086.88
1904 2106.58 2734.5
1905 3113.38 3048.5
1906 2129.18 1833.41
1907 868.085 1538.92
1908 650.016 774.733
1909 1482.08 682.632
1910 246.621 2874.99
1911 2326.03 406.405
1912 2566.98 2867.67
1913 3172.83 3080.02
1914 1719.22 3133.17
1915 995.68 468.021
1916 1201.12 2799.28
1917 1510.55 34.0562
1918 1179.77 3180.89
1919 96.7765 434.591
1920 246.283 507.685
1921 403.03 3091.33
1922 1672.77 2225.82
1923 627.715 946.014
1924 1343.14 1167.88
1925 2430.61 2191.67
1926 1173.98 3019.76
1927 1425.27 1562.35
1928 2509.33 779.488
1929 2663.25 1351.04
1930 2697.5 1073.15
1931 869.862 624.565
1932 1699.06 1686.64
1933 1966.77 440.075
1934 902.84 597.961
1935 811.895 1807.43
1936 926.638 391.112
1937 2687.79 2958.85
1938 1052.07 431.527
1939 1516.83 2835.62
1940 2918.19 2716.22
1941 2787.67 2685.82
1942 830.924 2669.62
1943 213.627 2126.75
1944 1712.45 1830.5
1945 3143.19 2880.71
1946 356.926 2771.89
1947 710.609 1878.51
1948 1592.43 1433.67
1949 1559.49 905.736
1950 214.507 1887.52
1951 1413.18 955.454
1952 1427.19 324.58
1953 2002.3 10.0748
1954 2977.2 332.217
1955 1156.95 2104.93
1956 62.2651 1117.54
1957 3096.77 656.592
1958 2170.03 2680.48
1959 1418.06 2894.86
1960 2149.56 1781.25
1961 1079.7 2944.76
1962 1839.16 2040.09
1963 619.379 741.592
1964 1432.12 2103.7
1965 1788.73 619.827
1966 2593.34 26.0444
1967 2999.92 470.651
1968 325.867 1704.05
1969 1229.93 865.146
1970 3183.75 405.073
1971 2179.59 49.6776
1972 2412.83 1026.41
1973 3014.79 2390.84
1974 1246.05 496.879
1975 1515.98 269.254
1976 722.75 2097.49
1977 349.997 1747.54
1978 2915.59 488.657
1979 865.867 1658.15
1980 1567.18 313.021
1981 1437.77 2743.49
1982 70.0372 2719.07
1983 2736.36 1403.92
1984 1429.22 203.966
1985 2266.79 3087.73
1986 2201.03 2479.28
1987 673.678 2565.04
1988 2434.04 2147.79
1989 2699.91 1941.57
1990 2458.08 831.275
1991 2088.13 384.529
1992 1396.94 1556.37
1993 2912.35 3151.03
1994 1710.86 2897.96
1995 105.349 1946.42
1996 776.659 1770
1997 2659.19 2559.61
1998 1213.37 1218.12
1999 1654.92 656.892
2000 2597.38 3132.89
2001 236.503 1371.18
2002 443.138 1208.15
2003 2532.43 2318.75
2004 881.523 463.395
2005 2242.37 2181.75
2006 1844.2 402.645
2007 1396.51 719.438
2008 1534.14 581.483
2009 1936.88 1615.08
2010 2364.4 3061.19
2011 780.194 1362.96
2012 1223.58 1675.46
2013 1945.36 501.572
2014 1559.67 511.612
2015 2871.48 1247.99
2016 2982.19 1621.07
2017 1410.87 2296.08
2018 1962.42 1511.35
2019 1304.27 814.252
2020 1831.14 927.587
2021 2091.05 1033.68
2022 2881.53 1104.34
2023 1395.02 1280.66
2024 1352.54 613.843
2025 2891.99 1732.82
2026 2785.78 776.745
2027 1166.87 2165.27
2028 2265.01 2511.71
2029 1237.46 515.958
2030 1041.86 2778.25
2031 1430.66 1432.7
2032 1929.39 2111.61
2033 2019.8 2276.52
2034 1739.24 1961.95
2035 3106.95 1071.13
2036 1631.56 2797.91
2037 3154 2209.58
2038 117.298 2101.21
2039 2097.04 2264.74
2040 3055.6 848.776
2041 993.933 1549.94
2042 2529.59 1078.73
2043 110.894 108.367
2044 402.248 295.293
2045 956.027 3047.84
2046 2507.8 1696.04
2047 2867.51 201.989
2048 2939.64 214.523
2049 1366.26 1427.68
2050 3051.69 2535.78
2051 351.493 1853.13
2052 1808.85 956.389
2053 2374.32 1002.72
2054 1084.2 1105.15
2055 3130.08 241.306
2056 2001.9 1166.15
2057 2645 2254.97
2058 557.796 3019.41
2059 107.74 1001.5
2060 1826.81 1995.93
2061 1043.45 397.33
2062 1755.29 303.939
2063 2010.59 1457.41
2064 3112.83 1727.17
2065 698.384 441.245
2066 1687.64 2534.14
2067 727.794 1711.29
2068 947.056 2669.15
2069 3134.67 174.702
2070 1756.93 3129.98
2071 1948.28 2387.57
2072 1095.34 3112.74
2073 1204.06 694.457
2074 980.689 3183.45
2075 526.924 246.371
2076 3026.41 1161.82
2077 38.8563 462.494
2078 3085.52 654.76
2079 2272.82 324.773
2080 1680.11 1663.96
2081 1869.33 2818
2082 2444.92 2045.06
2083 1723.74 653.982
2084 2979.41 738.472
2085 2637.46 1665.11
2086 139.069 1750.22
2087 406.979 2662.86
2088 2980.22 1691.17
2089 805.108 266.44
2090 1567.23 258.131
2091 272.804 2386.22
2092 1884.78 1479.85
2093 1982.37 2388.63
2094 338.273 243.796
2095 1722.11 2347.2
2096 1033.68 1407.33
2097 924.956 1313.62
2098 1043.58 1084.59
2099 2952.03 1257.49
2100 652.461 1437.14
2101 2124.55 1485.31
2102 1862.53 2389.75
2103 1253 2195.77
2104 2391.77 1298.97
2105 1262.62 112.972
2106 1144.52 2176.35
2107 3023.54 2300.17
2108 1569.74 2429.89
2109 496.474 791.902
2110 3017.76 1046.23
2111 3189.35 3026.92
2112 1252.93 1804.94
2113 757.823 800.686
2114 2074.34 373.957
2115 2042.76 3086.41
2116 1631.48 3101.09
2117 2967.42 282.428
2118 769.368 194.592
2119 3138.28 200.574
2120 784.226 2223.18
2121 1686.72 1290.98
2122 428.781 3014.24
2123 638.25 2162.9
2124 1495.47 930.52
2125 2553.89 2597
2126 2685.75 103.548
2127 2941.95 2965.34
2128 2389.91 1310.49
2129 1151.8 579.086
2130 459.368 3096.93
2131 166.624 2611.79
2132 2533.87 2940.91
2133 512.599 1744.04
2134 315.411 631.553
2135 746.582 94.1135
2136 927.55 2845.77
2137 438.721 285.687
2138 977.597 60.4399
2139 3038.9 1744.38
2140 824.91 741.672
2141 556.806 2623.29
2142 1433.37 1241.06
2143 1300.64 3113.25
2144 2890.95 2271.99
2145 2521.7 1411.32
2146 599 1725.97
2147 2372.67 2103.19
2148 2876.89 290.155
2149 1430.3 841.171
2150 2225.42 1082.56
2151 2544.95 2794.33
2152 2954.22 2321.79
2153 2560.34 1707.55
2154 2547.27 880.699
2155 963.079 688.916
2156 2664.5 2057.92
2157 2948.58 1725.88
2158 297.758 2553.76
2159 584.616 3003.19
2160 1005.34 1792.64
2161 1045.39 887.376
2162 2655.58 849.133
2163 2414.99 2663.75
2164 2296.58 1759.28
2165 1318.63 2379.47
2166 2625.97 1713.44
2167 2231.7 869.028
2168 1935.24 2428.04
2169 1027.99 500.791
2170 1735.42 1558.38
2171 3145.38 1498.26
2172 1567.88 599.34
2173 169.379 519.702
2174 3057.42 1472.53
2175 585.05 264.098
2176 2242.66 2393.35
2177 3139.59 1532.4
2178 2220.7 1519.15
2179 2334.72 2933.01
2180 1232.55 915.131
2181 565.154 2014.58
2182 220.632 2721.15
2183 1469.5 2989.53
2184 866.35 3124.26
2185 121.59 1195.87
2186 186.664 2559.7
2187 1383.58 3060.77
2188 2558.47 2447.67
2189 1373.3 2564.9
2190 1334.22 902.822
2191 32.0903 3162.45
2192 980.377 2713.43
2193 2892.02 1694.4
2194 2233.65 1611.6
2195 3185.06 1880.92
2196 2149.77 743.937
2197 1587.59 800.526
2198 2459.18 16.2819
2199 2110.05 2891.74
2200 3119.41 2976.34
2201 963.125 2156.98
2202 132.306 2771.28
2203 1708.44 2722.87
2204 2654.97 625.167
2205 2299.62 1890.68
2206 5.28477 511.98
2207 2445.41 92.9018
2208 1942.41 2288.66
2209 40.064 1095.38
2210 1648.33 1091.94
2211 223.654 1785.56
2212 3043.71 2810.74
2213 1924.93 2194.27
2214 628.394 74.7781
2215 1408.32 1065.86
2216 418.146 2441.19
2217 2396.04 813.497
2218 2771.2 805.457
2219 131.259 1831.66
2220 667.855 361.405
2221 2314.87 1425.87
2222 2856.28 1619.11
2223 2728.87 50.2384
2224 285.355 1133.4
2225 1095.72 2020.66
2226 533.895 1110.86
2227 1501.46 2525.58
2228 692.276 1457.48
2229 45.58 612.597
2230 2162.45 2632.02
2231 2747.03 2644.31
2232 2927.34 1418.14
2233 2260.76 1286.6
2234 2565 803.005
2235 1306.29 1294.25
2236 2.93764 2166.24
2237 1816.97 774.612
2238 1949.74 257.153
2239 1053.66 209.559
2240 74.7929 634.887
2241 1992.52 304.206
2242 377.03 1264.29
2243 698.635 1950.53
2244 20.7951 1961.31
2245 2434.56 1902.87
2246 2275.69 2898.36
2247 270.529 2640.4
2248 2461.63 1423.53
2249 2170.53 1125.02
2250 966.774 2622.22
2251 759.438 2462.46
2252 1093.48 556.406
2253 2454.46 1628.46
2254 1967.78 765.013
2255 3108.94 1514.09
2256 428.077 2963.23
2257 2898.8 3159.52
2258 2895.93 2416.26
2259 1491.97 810.03
2260 1914.74 2656.1
2261 71.4793 488.813
2262 546.66 3137.95
2263 1713.73 664.92
2264 791.447 1288.35
2265 1892.49 2625.38
2266 2338.69 589.558
2267 320.48 1986.58
2268 339.426 2838.83
2269 754.808 1824.3
2270 2650.95 2001.29
2271 2638.64 2607.51
2272 1092.89 2309.36
2273 2832.55 2667.27
2274 1454.48 1677.64
2275 1689.31 2529.82
2276 377.097 2815.47
2277 2097.96 2084.28
2278 2703.41 2387.65
2279 2871.65 1228.74
2280 2667.88 2983.7
2281 2297.02 3084.79
2282 3047.59 997.541
2283 1986.64 1729.16
2284 312.179 1598.3
2285 497.763 2983.14
2286 1772.53 1293.01
2287 3055.7 232.854
2288 291.256 794.419
2289 1593.89 127.074
2290 2878.35 2348.06
2291 872.703 2910.86
2292 776.563 2962.01
2293 2528.06 2857.68
2294 2032.33 513.719
2295 2209.94 2330.52
2296 900.326 1677.5
2297 1462.69 2178.15
2298 4.64449 1153.77
2299 2770.79 2959.46
2300 687.604 354.277
2301 903.826 2111.2
2302 2473.09 1219.75
2303 3081.25 294.968
2304 2482.77 2112.5
2305 2179.8 1151.95
2306 3039.31 1143.7
2307 1360.54 1665.86
2308 1288.68 851.87
2309 327.054 2093.08
2310 1660.32 3103.64
2311 1651.76 1337.08
2312 474.526 710.6
2313 559.214 1021.06
2314 1863.7 498.663
2315 1902.65 2823.25
2316 1038.76 1038.76
2317 2886.16 497.169
2318 1638.54 2271.68
2319 1380.26 2575.93
2320 80.6131 862.858
2321 785.821 1792.09
2322 37.0571 2020.64
2323 1669.8 3015.6
2324 826.877 2679.05
2325 216.566 616.962
2326 2235.24 2652.91
2327 960.391 2550.46
2328 3014.18 3016.23
2329 2430.08 2078.84
2330 481.791 1872.9
2331 2775.69 1671.93
2332 915.835 1741.01
2333 479.414 1897.48
2334 974.623 955.744
2335 1047.83 2663.37
2336 2276.97 961.686
2337 3095.02 786.745
2338 732.972 3033.5
2339 1091.81 2912.05
2340 2574.34 343.213
2341 1195.93 622.084
2342 2863.15 228.424
2343 469.829 3049.89
2344 1568.82 467.913
2345 2771.66 1148.45
2346 2529.93 1986.93
2347 1120.21 2039.2
2348 1026.21 717.851
2349 1234.37 1149.86
2350 2987.46 853.388
2351 2427.97 1509.82
2352 1653.67 2681.52
2353 131.701 2383.29
2354 2889.58 678.331
2355 2267.91 2496.95
2356 1703.3 278.204
2357 172.577 2967.64
2358 1634.68 518.243
2359 886.134 254.419
2360 1351.13 1200.18
2361 745.512 2423.89
2362 2440.94 1635.69
2363 2451.97 1328.78
2364 1235.61 2579.25
2365 2380.68 2170.25
2366 68.2019 525.708
2367 2965.67 400.476
2368 1996.76 1141.5
2369 2643.4 1841.47
2370 2544.03 2491.49
2371 1791.83 2323.89
2372 2148.22 1103.22
2373 154.826 457.395
2374 1748.39 2738.61
2375 983.956 610.277
2376 2949.49 2919.35
2377 1496.95 1023.32
2378 2803.86 1011.31
2379 1513.82 2965.48
2380 134.301 3065.41
2381 1270.9 2069
2382 163.776 1020.31
2383 1231.39 763.546
2384 2670.72 408.492
2385 952.856 2833.57
2386 1429.04 2524.12
2387 2642.44 2412.22
2388 554.784 2226.82
2389 1552.32 2878.08
2390 1954.08 697.54
2391 457.928 1648.05
2392 462.986 2288.63
2393 1300.82 1350.11
2394 2323.72 2699.89
2395 735.994 1768.4
2396 278.406 2086.88
2397 2220.67 1277.36
2398 74.3199 1451.1
2399 2933.44 2511.51
2400 1190.57 3108.04
2401 2036.23 260.475
2402 1655 892.435
2403 740.66 1616.63
2404 315.624 1362.77
2405 1331.47 895.501
2406 1658.95 2180.72
2407 3152.43 11.7343
2408 1782.37 503.822
2409 1382.65 380.078
2410 1016.89 1298.71
2411 2539.12 634.523
2412 2232.48 542.704
2413 2748.56 2212.79
2414 1339.47 266.671
2415 1816.95 2946.62
2416 2136.78 1245.29
2417 904.55 2252.74
2418 2417.37 3163.98
2419 56.2531 94.2095
2420 936.828 1961.24
2421 2925.82 3089.15
2422 1238.41 182.35
2423 2951.96 2552.93
2424 2221.37 1652.91
2425 2609.29 181.967
2426 372.568 3120.97
2427 2192.51 116.514
2428 623.761 739.653
2429 592.843 168.224
2430 1412.99 478.603
2431 2876.26 2281.21
2432 737.199 791.037
2433 284.269 1014.69
2434 1683.21 2344.53
2435 1486.47 1209.55
2436 1898.67 278.301
2437 2428.08 2916.85
2438 990.884 2814.42
2439 1386.84 1950.01
2440 223.551 508.352
2441 2333.45 1693.67
2442 2230.78 136.301
2443 354.819 2538.74
2444 2272.48 2651.08
2445 836.777 1378.57
2446 1899.62 1976.26
2447 2964.26 1792.75
2448 1364.65 1102.33
2449 277.303 1018.77
2450 1943.34 2849.37
2451 98.418 288.194
2452 1103.08 1335.04
2453 2966.67 130.264
2454 2524.69 2263.35
2455 1635.7 2739.68
2456 86.0254 405.908
2457 2795.07 2834.26
2458 2801.4 2157.64
2459 1194.82 1802.24
2460 914.549 2887.17
2461 2814.85 1719.47
2462 1505.9 2639.82
2463 2886.93 1057.34
2464 333.253 1452.13
2465 137.338 2727.28
2466 1325.29 67.1405
2467 1654.46 1600.9
2468 1511.84 1568.55
2469 942.191 178.067
2470 2273.81 250.27
2471 1709.43 801.528
2472 2067.73 168.954
2473 2296.33 2128.71
2474 1211.09 690.635
2475 355.755 1702.47
2476 129.792 2395.06
2477 897.581 3129.32
2478 1351.95 848.184
2479 3034.69 2418.94
2480 1694.87 199.645
2481 2084.48 2949.64
2482 148.256 494.431
2483 826.679 145.415
2484 407.607 1295.65
2485 1616.72 609.135
2486 154.023 2119.85
2487 1501 2121.44
2488 1772.26 2773.29
2489 762.838 1312.58
2490 2476.32 985.277
2491 2182.58 243.771
2492 1518.55 2416.32
2493 1644.18 375.612
2494 385.144 2067.37
2495 1327.4 465.091
2496 549.72 2384.44
2497 2483.17 1711.56
2498 237.336 300.832
2499 1796.38 2815.87
2500 2457.71 1448.68
2501 591.559 2089.73
2502 1397.46 2665.4
2503 2241.07 1496.26
2504 2695.29 144.636
2505 2320.36 2965.2
2506 2022.52 565.885
2507 1232.32 2449.95
2508 2620.75 1554.14
2509 320.137 2778.2
2510 1578.78 3046.81
2511 2954.92 2710.15
2512 1690.06 2051.97
2513 2071.1 2942.04
2514 2554.64 2407.33
2515 2650.59 792.572
2516 1163.01 1185.16
2517 957.142 681.316
2518 129.981 1356.88
2519 2265.14 2476.41
2520 1020.14 224.174
2521 2612.01 19.9576
2522 2505.68 1896.75
2523 2772.6 166.137
2524 1094.98 604.806
2525 83.4798 1949.83
2526 1414.55 490.784
2527 138.628 951.049
2528 393.52 2495.63
2529 2250.61 2743.3
2530 530.716 1534.01
2531 2596.83 1169.53
2532 2909.5 2839.87
2533 1418.88 2346.16
2534 2312.84 3183.37
2535 2050.14 2466.13
2536 582.825 1898.69
2537 3122.69 3008.72
2538 1163.89 1725.51
2539 1557.4 1347.39
2540 73.7159 1015.54
2541 2417.25 1191.93
2542 1463.64 2086.61
2543 1518.83 230.602
2544 1154.52 1432.64
2545 616.437 1156.42
2546 1488.55 744.704
2547 1737.81 937.187
2548 196.687 2498.47
2549 446.518 1206.12
2550 561.25 173.248
2551 2499.46 1875.04
2552 1251.18 278.25
2553 2127.5 2055.25
2554 891.895 2463.88
2555 942.215 164.029
2556 920.768 2135.21
2557 991.849 518.718
2558 178.697 1537.23
2559 3173.19 252.08
2560 2986.97 185.581
2561 166.079 1537.54
2562 392.588 2200.01
2563 1002.62 1983.83
2564 2532.63 1994.85
2565 2798.85 916.676
2566 3091.5 1647.22
2567 496.36 164.245
2568 3124.94 2953.08
2569 2210.07 1165.89
2570 705.788 2810.19
2571 46.8095 3132.45
2572 1127.2 1151.26
2573 1823.06 317.322
2574 622.78 1344.79
2575 619.836 699.509
2576 2845.88 968.952
2577 295.535 404.427
2578 765.162 1386.68
2579 265.263 414.777
2580 2841.26 1056.33
2581 2998.93 1071.67
2582 1779.24 108.619
2583 2712.95 3067.4
2584 939.409 1464.91
2585 175.401 2604.62
2586 1106.33 956.246
2587 2877.43 2959.95
2588 1725.11 2895.85
2589 2256.66 1295.75
2590 2189.02 1661.24
2591 1066.41 1444.33
2592 601.291 937.64
2593 772.1 1810.42
2594 329.84 2841.2
2595 3164.79 2502.38
2596 1390.55 796.882
2597 3137.41 1873.79
2598 2412.39 2957.89
2599 2572.33 450.246
2600 1596.74 724.324
2601 549.201 1189.03
2602 766.329 1409.02
2603 238.309 2992.86
2604 543.61 2767.68
2605 848.338 2376.21
2606 612.921 462.695
2607 3012.02 193.537
2608 2532.62 2508.14
2609 1099.62 772.491
2610 2965.52 2834.73
2611 2321.78 2919.97
2612 1960.37 1172.88
2613 2305.97 154.679
2614 2668.76 757.207
2615 1872.9 2071.2
2616 1504.53 1150.87
2617 2723.58 3176.31
2618 2540.63 2693.12
2619 129.816 1205.73
2620 1449.82 3089.95
2621 1882.57 280.984
2622 2886.66 110.917
2623 1494.77 376.81
2624 2092.67 772.839
2625 141.203 460.458
2626 1102.06 1709.98
2627 1322.08 540.453
2628 47.3783 1737.36
2629 415.236 1490.14
2630 1517.72 2290.34
2631 1714.59 2730.03
2632 1648.95 2795.55
2633 1354.59 2156.78
2634 224.619 3115.96
2635 862.096 3189.24
2636 2048.12 2959.73
2637 318.173 1952.91
2638 238.496 2241.61
2639 777.381 3052.46
2640 1157.77 344.004
2641 2742.78 148.039
2642 1265.6 1861.16
2643 226.122 2574.99
2644 2491.82 3033.34
2645 270.182 3115.53
2646 2690.29 1411.1
2647 2342.52 760.58
2648 2688.7 223.484
2649 597.638 637.434
2650 757.491 555.265
2651 1438.9 2923.11
2652 265.472 1126.04
2653 2225.95 2798.89
2654 1546.07 2278.08
2655 815.123 1878.54
2656 2140.81 1938.86
2657 2248.38 3130.02
2658 561.028 2428.76
2659 2993.09 436.221
2660 2446.57 1834.15
2661 3066.59 486.279
2662 1879.06 753.063
2663 289.257 604.305
2664 2609.43 358.861
2665 2974.87 2921.61
2666 787.617 3153.9
2667 1477.35 783.379
2668 324.662 2569.9
2669 1631.59 2533.6
2670 154.326 2186.8
2671 517.092 173.624
2672 2298.15 1131.75
2673 3053.36 2457.7
2674 1782.41 354.504
2675 1544.43 595.86
2676 1430.3 1277.59
2677 213.49 1041.26
2678 2210.05 2212.97
2679 2039.36 3016.29
2680 1744.13 872.349
2681 2751.5 465.886
2682 2858.78 1484.32
2683 2611.35 1703.58
2684 1227.47 980.864
2685 2213.79 2723.1
2686 2644.09 707.208
2687 751.279 1654.99
2688 2823.33 513.952
2689 948.995 1879.1
2690 1283.82 3161.85
2691 2162.36 1821.02
2692 166.308 2935.59
2693 468.7 2558.73
2694 464.653 2740.31
2695 1916.12 1296.05
2696 2428.4 1996.9
2697 832.212 2970.99
2698 1825.07 2925.61
2699 190.429 3097.99
2700 2796.38 755.565
2701 3026.86 2289.81
2702 3130.23 2834.36
2703 363.473 2628.5
2704 1883.27 2080.42
2705 986.56 1006.57
2706 6.98156 1808.64
2707 17.652 2038.08
2708 2149.61 2842.23
2709 1755.43 2087.61
2710 1596.58 3045.18
2711 944.1 499.656
2712 1420.69 2744.3
2713 899.818 2173.98
2714 2554.39 1497.48
2715 1035.58 2398.03
2716 2324.58 2526.4
2717 2575.18 1256.02
2718 1219.65 306.7
2719 773.489 113.561
2720 2174.72 2510.18
2721 1630.73 1619.15
2722 2209.96 517.191
2723 997.888 895.568
2724 420.671 1814.22
2725 47.2772 2267.49
2726 2747.85 2627.76
2727 1434.88 3061.14
2728 1717.94 1293.79
2729 38.8571 314.073
2730 2819.52 3127.31
2731 2015.1 483.542
2732 2314.41 2923.79
2733 824.153 2313.03
2734 188.129 372.895
2735 2933.49 1179.01
2736 2199.52 1279.15
2737 245.074 2989.18
2738 506.048 2808.76
2739 1856.94 2897.51
2740 1169.09 1916.26
2741 2320.88 3062.34
2742 2565.71 2245.62
2743 244.203 564.847
2744 1688.24 3154.65
2745 435.909 1918.59
2746 1403.1 3145.18
2747 3077.28 707.069
2748 250.654 657.57
2749 1169.59 421.749
2750 2820.71 3168.31
2751 199.045 3031.83
2752 392.056 587.706
2753 2296.04 2430.48
2754 2495.78 2036.45
2755 1881.48 774.473
2756 2060.37 2719.94
2757 3003.37 455.212
2758 119.6 270.645
2759 2689.69 1872.64
2760 2875.76 1786.5
2761 2946.56 2849.11
2762 2475.38 1251.28
2763 2979.95 2196.14
2764 2249.82 2818.37
2765 2385.49 2940.97
2766 55.7756 681.618
2767 1827.07 1357.44
2768 2664.98 1337.13
2769 2052.06 2622.73
2770 820.559 3135.58
2771 364.758 285.035
2772 1563.48 2550.48
2773 2669.23 732.79
2774 2509.72 434.608
2775 688.611 1724.54
2776 868.177 2666.77
2777 1712.86 36.5962
2778 889.388 1305.22
2779 1519.05 858.204
2780 1242.18 2804.76
2781 2697.62 2329.91
2782 906.018 1138.47
2783 2320.19 2036.81
2784 1645.21 2893.18
2785 2014.94 2452.81
2786 1327.13 2938.81
2787 3037.79 724.554
2788 477.081 221.125
2789 335.956 2935.41
2790 634.302 602.165
2791 1243.7 1664.79
2792 2513.97 706.019
2793 835.852 1414.96
2794 123.95 1347.79
2795 156.795 223.994
2796 410.124 2399.76
2797 2342.23 2553.75
2798 2175.3 1956.06
2799 1776.21 1475.99
2800 3179.12 2137.44
2801 148.583 2892.84
2802 2426.38 2578.06
2803 1204.55 2651.11
2804 290.478 2876.61
2805 2822.56 2703.84
2806 1568.49 717.744
2807 3141.61 781.008
2808 1764.29 1549.6
2809 652.086 2975.75
2810 1695.75 969.867
2811 1642.74 2542.18
2812 2711.05 235.433
2813 1308.69 1795.05
2814 1290.46 454.042
2815 1699.29 1420.73
2816 2157.43 2415.53
2817 1048.2 2251.4
2818 3172.01 2548.02
2819 2727.18 2626.75
2820 2621.03 696.895
2821 2153.03 2850.64
2822 984.718 49.4793
2823 956.144 18.2993
2824 3106.07 1731.87
2825 3038.84 1966.65
2826 530.756 771.158
2827 2256.04 1652.12
2828 500.456 2094.59
2829 1785.71 3034.33
2830 1068.61 1686.8
2831 3086.49 1468.8
2832 2080.2 2784.45
2833 2443 1362.82
2834 813.123 377.776
2835 2738.49 2846.22
2836 1865.83 840.56
2837 2941.5 2481.16
2838 241.556 541.412
2839 1547.88 1835.55
2840 697.404 2010.69
2841 3165.94 2471.9
2842 2633.78 2682.67
2843 1758.83 844.73
2844 1.84383 2088.75
2845 129.575 1953.9
2846 1160.83 2360.77
2847 2358.1 1230.4
2848 1773.19 1393.04
2849 830.358 864.336
2850 3129.57 536.163
2851 1440.69 232.145
2852 1914.74 2599.61
2853 480.47 2926.6
2854 725.384 2486.36
2855 2442.06 291.985
2856 2327.98 2053.67
2857 954.821 49.955
2858 1605.91 2549.48
2859 3160.58 2668.58
2860 2154.58 2260.29
2861 1963.41 2660.06
2862 917.423 1342.69
2863 2238.1 2431.93
2864 739.849 1079.13
2865 828.456 2559.5
2866 1503.93 1488.43
2867 1551.63 264.869
2868 2973.19 1611.92
2869 1254.78 1004.2
2870 1407.95 2489.65
2871 1499.8 433.92
2872 2609.09 1620.36
2873 57.5535 765.155
2874 1712.73 22.9274
2875 2416.17 2736.2
2876 1936.54 2958.72
2877 2035.63 286.436
2878 43.8738 142.833
2879 2214.53 1750.39
2880 3176.31 1984.72
2881 1543.93 3025.87
2882 2873.23 1671.98
2883 2304.33 2781.39
2884 203.057 2957.66
2885 1586.16 2368.38
2886 1256.05 695.779
2887 2885.73 2.68741
2888 2575.82 1987.77
2889 2546.32 1492.46
2890 390.776 3163.22
2891 613.384 785.058
2892 2314.57 2570.24
2893 1162.39 1531.08
2894 2466.71 1895.6
2895 993.162 1636.02
2896 159.005 246.016
2897 2910.07 2948.5
2898 248.82 558.322
2899 1087.16 3025.97
2900 29.8419 1157.34
2901 894.698 1178.25
2902 338.684 2018.1
2903 2240.34 2084.25
2904 128.231 935.129
2905 498.53 989.253
2906 711.702 1087.49
2907 1750.75 1479.41
2908 122.584 441.913
2909 1291.44 551.174
2910 79.1351 868.649
2911 2620.58 1916.51
2912 2877.03 2409.17
2913 424.071 2214.75
2914 2893.53 2172.3
2915 1141.09 2512.09
2916 1703.68 1088.01
2917 2814.21 919.772
2918 1199.27 1840.31
2919 48.3069 189.373
2920 1597.18 845.025
2921 1862.47 2327.05
2922 1487.06 2281.26
2923 1943.74 2332.24
2924 1274.99 859.823
2925 2221.92 684.748
2926 976.913 2423.52
2927 946.024 3106.83
2928 2576.31 216.953
2929 2857.62 2637.82
2930 652.898 2134.64
2931 2125.7 2358.57
2932 2930.46 2956.9
2933 1418.23 2204.42
2934 2313.49 1437.34
2935 2345.15 1323.55
2936 2053.83 1177.78
2937 60.9618 439.899
2938 2535.93 956.168
2939 3016.74 2421.68
2940 2659.78 1354.35
2941 658.888 1132.58
2942 139.841 1703.39
2943 2983.63 2729.5
2944 421.207 2883.43
2945 2068.99 2486.44
2946 53.3101 3132.49
2947 2432.97 2256.37
2948 1888.46 535.617
2949 506.643 1123.39
2950 590.073 522.92
2951 1345.38 2284.21
2952 236.935 2672.07
2953 2365.99 2722.8
2954 3048.16 1771.56
2955 864.544 1394.66
2956 875.84 685.513
2957 2522.47 2993.53
2958 965.289 2804.67
2959 3025.63 1757.62
2960 1514.97 175.072
2961 2228.58 2182.03
2962 2718.14 2291.85
2963 1079.98 714.729
2964 2764.37 1509.25
2965 3094.05 1339.16
2966 1172.77 1437.11
2967 1101.42 2321.79
2968 622.556 1355.25
2969 1618.61 2240.68
2970 3138.83 361.935
2971 3028 1063.51
2972 1406.36 391.485
2973 1217.13 247.922
2974 1541.57 2219.73
2975 1895.02 2524.73
2976 1994.2 2086.24
2977 1723.23 2911.77
2978 411.599 2441.73
2979 505.357 614.812
2980 2085.17 795.437
2981 1312.95 392.818
2982 2149.28 3081.11
2983 1147.06 995.243
2984 320.436 1203.89
2985 2759.75 3009.48
2986 898.697 929.333
2987 831.96 2621.06
2988 2044.49 2152.01
2989 208.097 181.914
2990 2817.22 510.753
2991 1302.07 2730.78
2992 244.935 2480.56
2993 1213.48 2817.75
2994 18.6907 3116.12
2995 2611.14 1747.19
2996 466.383 1407.23
2997 2040.68 2212.74
2998 2537.33 2459.97
2999 1289.5 1652.41
3000 814.808 1861.72
3001 1904.54 353.411
3002 1828.23 56.478
3003 2294.81 2590.58
3004 1105.42 2751.19
3005 202.61 976.876
3006 1316.07 1976.03
3007 1894.17 3143.68
3008 247.657 723.249
3009 2614.08 302.69
3010 1961 1045.57
3011 2283.18 186.769
3012 2929.81 2463.59
3013 432.366 1989.47
3014 1527.42 1181.75
3015 837.47 2593.9
3016 1168.99 1486.51
3017 496.552 3016.09
3018 1562.67 217.648
3019 571.947 2408.37
3020 3029.84 2678.69
3021 949.558 504.726
3022 1606.41 2860.14
3023 3183.08 2143.21
3024 2329.29 1593.41
3025 2931.77 1608.77
3026 1454.46 1876.02
3027 2602.93 486.246
3028 2091.83 1077.44
3029 854.326 2232.48
3030 780.222 725.166
3031 884.663 2719.82
3032 2761.54 2503.44
3033 3016.53 1019.99
3034 695.943 1571.72
3035 538.262 3163.54
3036 447.276 1867.96
3037 859.156 1540.61
3038 554.998 2695.33
3039 967.118 397.362
3040 318.905 2810.4
3041 449.608 1056.17
3042 151.481 531.582
3043 1341.47 509.443
3044 854.155 432.675
3045 1642.99 2478.2
3046 2710.6 1004.51
3047 609.119 779.096
3048 2842.19 1366.36
3049 1281.56 2307.66
3050 1789.13 2542.04
3051 2949.9 2919.12
3052 1940.55 718.203
3053 1864.61 2182.25
3054 2111.87 2521.25
3055 2846.13 687.402
3056 1967.33 926.185
3057 2263.1 2484.23
3058 2798.41 181.241
3059 1420.49 2817.04
3060 1292.86 1888.18
3061 1120.72 2655.93
3062 2918 1318.33
3063 80.0674 408.475
3064 4.60628 2940.19
3065 1500.05 1813.73
3066 1138.84 1725.93
3067 730.778 1110.1
3068 3000.43 1932.9
3069 1962.3 2903.37
3070 1974.72 2496.08
3071 2783.64 2831.78
3072 2638.17 2465.81
3073 2052.27 1096.25
3074 1936.27 1111.26
3075 2431.67 1037.09
3076 1216.2 430.777
3077 1149.76 2760.97
3078 807.796 1661.63
3079 2822.41 98.9057
3080 1717.43 2002.74
3081 1088.76 2400.34
3082 826.702 2091.76
3083 1482.29 3127.46
3084 2489.46 1304.41
3085 2270 2126.8
3086 674.971 2075.93
3087 1724.13 55.3052
3088 1233.44 1236.34
3089 2155.6 274.948
3090 280.228 271.281
3091 2280.39 1555.01
3092 732.619 2020.56
3093 826.402 2574.51
3094 3165.3 1852.28
3095 1432.1 2001
3096 1924.99 311.527
3097 1456.72 2525.83
3098 102.207 962.594
3099 1917.62 3181.9
3100 1401.04 2096.55
3101 1142.24 2626.06
3102 1752.13 1604.75
3103 318.888 1829.69
3104 198.208 1807.84
3105 2565.95 384.632
3106 1883.36 2602.89
3107 2861.16 1859.24
3108 2492.48 773.248
3109 1070.19 1487.25
3110 158.184 2638.95
3111 2137.94 2295.56
3112 2828.94 3090.71
3113 235.475 2620.74
3114 626.94 794.093
3115 1233 2431.37
3116 748.532 1389.4
3117 1268.86 2360.76
3118 362.006 2542.63
3119 3025.55 116.582
3120 1997.99 5.29845
3121 2708.12 2007.43
3122 1851.8 1369.93
3123 2877.09 3013.41
3124 1771.05 3011.77
3125 1968.52 1074.8
3126 1283.28 106.584
3127 458.575 1933.14
3128 2407.55 1577.3
3129 2630.23 1443.02
3130 3026.01 2642.15
3131 95.8799 2573.71
3132 214.095 1364.13
3133 1248.43 2434.51
3134 597.861 2636.33
3135 887.202 2329.73
3136 2759.13 679.592
3137 1923.51 3176.41
3138 3011 2379.29
3139 2795.91 541.967
3140 1690.3 2181.35
3141 1522.23 701.227
3142 573.568 50.8205
3143 243.66 333.798
3144 410.663 839.622
3145 1301.07 2005.5
3146 141.352 783.348
3147 3009.07 1995.48
3148 293.628 757.758
3149 1377.12 3021.57
3150 115.657 1524.37
3151 1325.46 3106.03
3152 3025.98 1580.03
3153 298.837 2284.1
3154 3114.58 2530.55
3155 424.639 635.452
3156 2303.66 893.738
3157 134.328 2978.32
3158 3078.55 1253.08
3159 1149.21 1070.61
3160 2567.02 884.264
3161 905.269 15.4136
3162 378.44 88.9038
3163 2047.04 627.67
3164 1474.46 2532.59
3165 2298.63 210.27
3166 2025.2 3026.97
3167 1090.62 205.638
3168 1136.59 3057.86
3169 251.6 2246.7
3170 1067.75 334.769
3171 1607.56 1372.61
3172 3176.52 1698.14
3173 1005.63 1666.26
3174 2104.34 189.47
3175 2635.82 797.579
3176 2285.26 3044.84
3177 2751.19 2180.45
3178 1128.76 190.305
3179 286.852 1323.7
3180 382.79 1755.63
3181 2710.02 1719.68
3182 750.444 310.326
3183 1020.4 1679.54
3184 933.719 14.6297
3185 1901.98 2279.44
3186 3090.26 2821.53
3187 1787.32 1927.05
3188 747.671 2149.15
3189 2976.27 2694.21
3190 1211.45 147.283
3191 2327.7 1903.22
3192 1988.23 930.932
3193 995.546 1404.21
3194 953.585 645.156
3195 234.839 2536.83
3196 411.389 581.745
3197 510.509 2356.98
3198 1185.11 738.662
3199 440.653 1158.54
3200 1818.94 2297.21
3201 18.29 667.605
3202 926.635 1927.72
3203 2338.67 1840.04
3204 139.942 2519.26
3205 2338.11 460.709
3206 193.792 548.041
3207 2563.76 48.4168
3208 2294.93 2969.59
3209 1418.96 2130.98
3210 211.395 502.775
3211 209.077 1904.68
3212 2803.05 624.83
3213 2985.52 2328.56
3214 1855.48 1333.04
3215 2860.63 2715.17
3216 1037.79 3034.19
3217 2347.75 98.9169
3218 778.452 2285.12
3219 784.297 457.829
3220 852.293 193.062
3221 851.64 2921.32
3222 231.677 578.449
3223 114.506 239.358
3224 1278.42 3066.07
3225 2373.63 1970.67
3226 1725.89 2164.96
3227 1715.15 521.821
3228 1725.49 2371.82
3229 505.024 459.7
3230 1830.91 47.2617
3231 229.973 2765.5
3232 2374.95 1654.78
3233 2442.05 2703.19
3234 3161.3 2971.22
3235 1304.85 486.512
3236 2308.05 1753.54
3237 1604.56 896.333
3238 2612.79 923.204
3239 300.587 1377.35
3240 1856.41 1100.35
3241 424.464 3053.27
3242 2309.67 1813.04
3243 2507.31 1513.44
3244 20.4935 1625.22
3245 108.743 2638.36
3246 749.567 2412.95
3247 2204.92 2233.49
3248 1475.59 3030.31
3249 1105.91 1093.15
3250 526.362 1663.75
3251 1110.47 953.546
3252 1262.17 2780.56
3253 1387.39 106.294
3254 222.306 1736.95
3255 2591.2 177.433
3256 3134.22 514.886
3257 230.073 1023.41
3258 119.754 1894.37
3259 207.169 1866.59
3260 2958.77 1473.69
3261 736.982 660.057
3262 802.543 2472.39
3263 1626.24 2849.41
3264 2084.06 353.895
3265 2870.39 1619.47
3266 559.645 3178.87
3267 2682.48 2523.98
3268 3016.5 1009.37
3269 220.016 770.585
3270 1713.28 1424.64
3271 345.226 695.939
3272 1548.14 1932.19
3273 831.55 2993.46
3274 1159.01 1647.61
3275 2129.15 2411.86
3276 1927.62 1164.78
3277 1647.25 1721.13
3278 989.439 2889.69
3279 2869.74 3173.08
3280 1866.64 282.512
3281 2491.2 631.891
3282 2903.13 1610.86
3283 226.025 685.398
3284 1491.11 996.9
3285 2041.79 628.709
3286 2205.18 2911.07
3287 964.499 2905.62
3288 1628.96 1822.14
3289 83.8682 346.899
3290 546.575 3158.41
3291 2589.88 1.38673
3292 1837.42 1040.51
3293 714.862 2974.35
3294 2411.57 1165.14
3295 2589.17 1943.52
3296 178.632 2420.53
3297 638.057 1218.27
3298 1923.85 3016.6
3299 3120.41 1314.55
3300 1856.26 429.98
3301 1259.27 1495.81
3302 1266.52 2596.1
3303 1777.62 1757.75
3304 2837.7 2311.81
3305 1382.17 2439.24
3306 379.047 1652.48
3307 389.312 3146.78
3308 492.002 237.053
3309 2724.25 185.031
3310 2372.76 1685.47
3311 1900.39 2081.85
3312 1789.09 1198.01
3313 996.744 1406.67
3314 257.478 1670.4
3315 721.632 1242.29
3316 2144.28 2120.54
3317 3039.63 2137.58
3318 839.199 700.9
3319 1467.58 3085.54
3320 17.1175 33.2414
3321 1814.04 2640.27
3322 1812.84 65.9487
3323 1631.28 40.8152
3324 3044.85 2580.44
3325 1569.94 380.402
3326 2248.32 1789.04
3327 1893.4 1889.44
3328 787.378 1957.25
3329 429.381 746.274
3330 1220.67 873.624
3331 2496.85 1875.07
3332 2260.45 1717.52
3333 1483.45 2181.02
3334 1869.27 959.579
3335 1045.47 2391.28
3336 25.4344 1107.38
3337 1776.17 1761.65
3338 376.994 1336.55
3339 97.8617 1845.91
3340 2773.06 1271.99
3341 2488.97 176.686
3342 1124.51 787.289
3343 2021.35 2225.07
3344 1256.27 864.896
3345 1315.4 1766.14
3346 1841.05 1899.88
3347 2848.07 2265.53
3348 1868.86 836.971
3349 782.708 3060.4
3350 2674.08 2944.67
3351 1147.68 2220.78
3352 840.509 1139.26
3353 1023.01 2836.7
3354 820.157 2237.14
3355 1315.72 2250.26
3356 767.571 1504.15
3357 928.626 2500.22
3358 673.126 85.0648
3359 2656.49 2664.36
3360 1857.6 295.531
3361 1432.46 954.532
3362 2464.96 2930.57
3363 820.219 2257.55
3364 987.464 2586.11
3365 483.089 2353.21
3366 2183.89 1311.93
3367 62.4541 1664.7
3368 1402.27 2465.07
3369 2319.47 1813.14
3370 160.772 2109.12
3371 1246.48 306.956
3372 753.111 313.394
3373 668.783 549.449
3374 2647.58 2508.47
3375 1330.12 199.807
3376 1003.58 2650.13
3377 364.924 1606.09
3378 1467.31 1313.61
3379 2638.72 1230.81
3380 660.318 640.196
3381 2999.06 2954.6
3382 2724.8 632.931
3383 2405 990.413
3384 1882.44 3040.89
3385 1706.26 1665.78
3386 1872.35 3051.82
3387 234.463 336.559
3388 1487.86 461.665
3389 787.909 2644.74
3390 1320.43 2734.42
3391 1474.33 679.071
3392 2458.47 2405.63
3393 2799.84 3106.16
3394 3056.44 2794.84
3395 31.2343 468.189
3396 1457.19 2602.64
3397 56.6509 2660.87
3398 2233.37 2567.79
3399 2295.58 389.566
3400 1519.19 2843.27
3401 1816.38 1507.23
3402 1329.14 450.462
3403 1386.87 910.51
3404 2718.05 224.153
3405 302.366 2743.77
3406 2263.63 1042.16
3407 1376.93 126.733
3408 2667.41 1476.79
3409 2879.35 1922.01
3410 950.466 2465.65
3411 1373.4 2202.37
3412 321.708 2438.81
3413 1859.14 995.595
3414 3055.94 689.038
3415 1753.3 2769.01
3416 1950.28 2454.58
3417 3164.63 2352.34
3418 3147.88 191.291
3419 2557.17 2100.1
3420 1223.37 2025.85
3421 1109.31 333.614
3422 2329.91 789.979
3423 1537.67 2148.33
3424 58.2008 1387.39
3425 2751.04 1046.13
3426 241.828 2685.08
3427 1931.02 1867.83
3428 2269.2 2267.51
3429 2181.61 840.693
3430 1644.75 2730.15
3431 1068.66 2926.61
3432 2277.72 2349.15
3433 2247.14 1646.71
3434 142.169 2972.74
3435 1110.67 659.995
3436 2654.02 2212.54
3437 1251.26 2867.8
3438 2766.93 3065.47
3439 2990.16 1738.45
3440 2059.85 2828.37
3441 330.109 716.346
3442 1969.62 2128.88
3443 1509.63 1337.4
3444 3075.59 1596.86
3445 2624.62 1132.41
3446 1054.09 1476
3447 1100.46 1488.91
3448 2492.87 3127.67
3449 593.734 2811.83
3450 2209.92 2021.28
3451 92.983 940.9
3452 1770.15 2487.08
3453 1342.41 1635.19
3454 2820.33 1933.75
3455 2768.98 1723.53
3456 78.8093 378.641
3457 1641.91 1812.39
3458 2614.17 2857.27
3459 670.924 2745.05
3460 1932.49 791.936
3461 1588.15 1911.84
3462 1670.88 32.8536
3463 1105.29 1256.86
3464 2885.92 622.245
3465 3169.1 1911.41
3466 2482.83 2392.95
3467 1348.65 1122.24
3468 790.165 454.056
3469 317.908 2775.34
3470 1802.55 828.16
3471 640.391 2819.03
3472 1477.8 1387.62
3473 1940.41 1483.89
3474 1921.09 2797.48
3475 2673.32 1448.48
3476 1618.45 70.0481
3477 1950.02 2968.29
3478 1239.66 2590.28
3479 1264.25 854.255
3480 1534.07 1455.75
3481 1351.63 2179.51
3482 3101.77 172.544
3483 124.57 2495.18
3484 130.088 2366.45
3485 944.427 3086.52
3486 2653.97 2077.34
3487 239.799 1657.22
3488 2850.13 384.377
3489 93.0471 153.658
3490 699.123 2022.03
3491 435.138 1864.51
3492 2252.22 366.763
3493 2772.39 1441.72
3494 2163.14 2541.96
3495 1273.43 1023
3496 447.708 3186.09
3497 1428.2 2927.53
3498 441.454 2718.87
3499 1050.28 2299.29
3500 127.524 2418.75
3501 1415.71 1685.34
3502 3058.33 333.719
3503 170.137 782.063
3504 542.693 2581.22
3505 1595.5 2354.89
3506 44.9923 455.119
3507 1245.32 175.563
3508 2138.75 3051.3
3509 829.323 711.342
3510 2172.52 2648.17
3511 2853.35 792.184
3512 2843.68 833.32
3513 405.336 453.283
3514 1102.79 1620.86
3515 3184.92 1187.67
3516 1899.03 183.487
3517 3088.47 2162.32
3518 1469.44 1298.03
3519 2464.15 214.082
3520 2453.9 1555.08
3521 2053.44 209.487
3522 2529.8 2751.25
3523 2482.24 3013.53
3524 2438.54 1562.88
3525 245.308 1108.12
3526 972.512 1258.36
3527 2288.51 1399.88
3528 2084.48 2648.76
3529 2847.62 2315.37
3530 2520.2 169.719
3531 1178.35 199.765
3532 1570.06 2043.66
3533 2818.4 739.245
3534 2129.99 369.533
3535 921.412 1541.45
3536 1178.59 2108.75
3537 744.593 205.665
3538 702.778 2919.16
3539 2624.78 2458.83
3540 351.592 1051.83
3541 1459.97 1799.33
3542 2316.08 680.626
3543 811.577 2705.32
3544 3126.97 536.221
3545 1419.76 1678.71
3546 621.316 2773.55
3547 2467.92 2597.22
3548 2342.29 767.446
3549 207.109 1094.83
3550 140.192 1836.82
3551 2211.35 1387.29
3552 3094.53 1623.67
3553 1111.12 2536.35
3554 1780.32 1075.4
3555 5.58916 2204.18
3556 2577.55 502.425
3557 1362.06 2489.28
3558 1754.56 1523.41
3559 2584.79 722.754
3560 1321.27 1376.28
3561 2224.19 2460.04
3562 1830.67 13.3497
3563 415.26 293.555
3564 2300.84 1384.97
3565 2348.62 437.344
3566 1568.12 3047.32
3567 2894.77 344.983
3568 173.74 1031.15
3569 531.963 1222.95
3570 2017.05 2899.35
3571 1135.38 2385.15
3572 2845.58 1231.16
3573 1906.64 876.427
3574 437.309 3064.01
3575 909.163 2397.89
3576 1582.19 901.515
3577 865.765 2292.94
3578 1117.79 1369.75
3579 1298.79 686.12
3580 1260.61 2151.26
3581 2235.68 3073.3
3582 3179.76 1145.53
3583 3161.88 72.801
3584 148.431 2815.28
3585 3023.33 1304.1
3586 1847.84 355.946
3587 554.457 415.388
3588 2492.49 2247.55
3589 2206.94 1021.82
3590 277.742 443.401
3591 656.402 2567.54
3592 1430.71 3061.07
3593 2803.69 2074.47
3594 2191.53 1686.36
3595 3103.52 1172.12
3596 1678.59 893.747
3597 886.112 2516.79
3598 1635.22 470.042
3599 241.134 3080.96
3600 29.8642 50.9121
3601 69.7011 943.094
3602 2528.84 3150.19
3603 509.241 2791.08
3604 1657.15 1791.61
3605 3047.34 2862.78
3606 1715.61 1889.8
3607 2348.73 1531.69
3608 1882.24 1391.25
3609 3161.8 2260.86
3610 1262.08 1462.97
3611 2950.24 807.771
3612 2502.87 478.061
3613 2385.57 2948
3614 2230.23 1939.95
3615 380.781 1605.92
3616 2434 1672.26
3617 2769.82 2149.08
3618 2974.95 682.749
3619 2335.6 3136.06
3620 1566.8 209.472
3621 3123.43 2225.89
3622 45.9861 2157.09
3623 15.268 1070.66
3624 2018.22 1575.67
3625 1187.94 2926.63
3626 2872.65 776.454
3627 1513.53 2129.71
3628 222.753 2862.24
3629 177.424 1723.05
3630 115.518 1901.11
3631 2426.53 1692.2
3632 1296.02 1393.43
3633 1508 1396.19
3634 589.658 760.189
3635 1681.75 2866
3636 263.537 3118.04
3637 447.216 2183.23
3638 1800.87 2058.19
3639 3107.23 592.876
3640 1968.05 1362.61
3641 3075.67 2398.06
3642 2651.74 2786.09
3643 2646.84 2431.26
3644 1463.36 1678.27
3645 1572.6 1494.52
3646 2100.44 2267.51
3647 1332.3 44.9928
3648 1309.1 2759.26
3649 817.844 951.725
3650 1162.26 1747.57
3651 47.4672 654.236
3652 2492.84 911.925
3653 1464.58 2432.3
3654 680.252 323.024
3655 59.7152 1005.73
3656 2536.67 3026.12
3657 2769.7 2211.91
3658 658.866 1525.38
3659 1390.62 2354.35
3660 1065.29 2800.39
3661 1467.15 2756.3
3662 3178.58 1636.99
3663 2325.22 582.251
3664 2515.86 2116.64
3665 2673.65 1901.01
3666 447.061 2978.46
3667 1399.11 3020.46
3668 1936.5 227.274
3669 1544.37 1229.49
3670 3152.4 48.0237
3671 619.473 2341.89
3672 2217.36 2948.89
3673 982.817 697.61
3674 2559.59 1902.76
3675 1683.87 2921.04
3676 1296.81 1510.75
3677 1422.23 859.71
3678 974.427 2537.2
3679 154.44 590.715
3680 372.227 1078.39
3681 2760.92 1359.67
3682 778.735 2163.43
3683 341.761 279.383
3684 179.515 2868.01
3685 2055.78 2842.81
3686 2749.35 120.552
3687 2114.84 1641.48
3688 1002.92 1521.61
3689 1133.7 1510.19
3690 2463.98 1759.42
3691 773.565 874.314
3692 2491.51 2647.82
3693 1319.97 2154.18
3694 2125.36 1067.93
3695 1819.44 2911.87
3696 2254.34 399.578
3697 924.61 1374.09
3698 1479.87 1098.92
3699 680.08 2128.55
3700 1699.65 2.55825
3701 1840.72 1533.78
3702 1969.61 2090.74
3703 2707.02 3080.28
3704 151.488 120.339
3705 1323.75 1424.76
3706 2785.3 2656.02
3707 2079.97 986.849
3708 2234.1 217.371
3709 377.368 1917.94
3710 1261.51 1345.58
3711 1049.27 2148.12
3712 791.223 794.677
3713 1164.66 1754.82
3714 1236.11 2852.6
3715 172.986 1054.08
3716 2496.56 1550.09
3717 2344.39 144.307
3718 343.367 3136.41
3719 264.784 1713.81
3720 464.111 2985.18
3721 1437.63 1450.68
3722 1433 1007.52
3723 2360.6 1614.32
3724 2609.66 407.06
3725 529.228 1457.85
3726 472.801 198.278
3727 840.988 604.027
3728 182.567 2916.1
3729 484.931 132.86
3730 2694.63 850.648
3731 2857.76 49.4911
3732 1659.99 1793.38
3733 2581.02 1575.83
3734 159.033 2341.68
3735 2647.25 3175.62
3736 1862.55 2493.34
3737 1226.71 1245.29
3738 1525.29 1348.68
3739 3112.18 115.211
3740 1865.56 16.9475
3741 752.669 2045.54
3742 2123.22 2177.4
3743 961.738 207.747
3744 1297.71 395.507
3745 614.028 1130.22
3746 584.079 1693.77
3747 2043.74 152.759
3748 4.07312 1258.09
3749 1392.41 1716.66
3750 320.24 3167.98
3751 2415.57 194.006
3752 209.785 2817.84
3753 3015.75 757.229
3754 2136.59 1256.75
3755 2272.67 1887.66
3756 2984.03 2712.8
3757 2602.77 1291.87
3758 2507.07 328.913
3759 3076.24 782.798
3760 519.554 2066.35
3761 1094.38 1174.07
3762 2783.27 1094.76
3763 2954.82 690.015
3764 1857.44 2932.15
3765 293.723 2656.37
3766 1386.66 2475.96
3767 2803.02 228.563
3768 853.068 1982.72
3769 603.703 1773.46
3770 2618.57 1613.33
3771 2518.36 2940.44
3772 1903.61 3087.77
3773 2482.57 2604.43
3774 3024.96 2610.85
3775 308.013 66.0229
3776 2123.28 129.497
3777 969.826 2968.86
3778 1578.95 2468.95
3779 404.382 1291.57
3780 1880.22 2664.34
3781 240.799 3107.2
3782 2831.59 696.497
3783 2953.93 712.804
3784 260.718 1520.77
3785 641.933 954.868
3786 2197.9 2599.07
3787 378.359 1630.33
3788 30.7768 2440.66
3789 2686.8 2936.58
3790 1323.75 1601.63
3791 2422.03 3190.26
3792 1134.4 1318.79
3793 923.2 2908.82
3794 188.111 259.719
3795 14.3893 1755.71
3796 148.712 902.636
3797 1334.24 409.359
3798 3184.33 1371.28
3799 2671.25 845.422
3800 1412.82 867.728
3801 509.635 2385.11
3802 2339.14 1803.49
3803 313.423 1412
3804 1578.33 1525.19
3805 1286.13 3044.09
3806 2478.55 1100.95
3807 2489.99 869.961
3808 329.393 536.816
3809 1403.76 2420.95
3810 2625.77 237.967
3811 568.078 1140.61
3812 202.217 1720.92
3813 1329.08 3044.09
3814 2839.4 1524.2
3815 2358.89 1300.14
3816 342.524 243.225
3817 2805.34 1789.09
3818 2260.93 1526.9
3819 132.61 2144.14
3820 1343.85 2697.61
3821 2724.3 35.1432
3822 927.279 3012.13
3823 2962.39 1603.38
3824 2521.99 1516.98
3825 19.8885 924.834
3826 980.189 2020.44
3827 1533.06 624.881
3828 1558.98 1430.75
3829 2058.53 577.837
3830 213.104 863.419
3831 2704.39 1995.31
3832 2563.77 2003.48
3833 407.397 2214.92
3834 492.052 2813.48
3835 2666.9 1337.31
3836 572.822 1094.5
3837 2771.26 2413.52
3838 2826.87 1520.75
3839 205.779 1193.55
3840 2692.45 2967.12
3841 1457.12 1830.09
3842 1637.72 2180.6
3843 2616.74 614.826
3844 1094.74 2205.82
3845 1198.64 3121.84
3846 1060.54 1670.13
3847 1494.08 2016.81
3848 1567.04 525.536
3849 1771.88 1084.88
3850 552.284 277.91
3851 351.703 2585.36
3852 3110.92 1186.05
3853 580.729 3000.53
3854 883.588 2491.92
3855 1973.93 2520.75
3856 1400.23 2663.06
3857 563.765 506.639
3858 1783.13 98.8759
3859 2307.6 3076.49
3860 763.454 939.914
3861 2289.43 2682.4
3862 827.22 1476.25
3863 930.678 2484.35
3864 1394.57 2147.09
3865 2824.93 3116.24
3866 1618.58 292.706
3867 626.472 2883.34
3868 772.253 1075.02
3869 1946.47 1457.87
3870 770.603 1833.16
3871 2444.03 980.889
3872 373.656 2375.33
3873 2348.01 2426.75
3874 1820.34 1768.62
3875 2105.54 564.198
3876 363.927 1242.79
3877 1860.54 3127.51
3878 53.1935 245.368
3879 790.921 369.761
3880 1404.01 1029.02
3881 663.903 571.66
3882 1182.73 2501.01
3883 2686.14 2086.4
3884 3077.21 19.8183
3885 2079.59 2995.48
3886 495.819 174.531
3887 2800.56 144.273
3888 2332.58 40.977
3889 327.641 2444.94
3890 1309.76 641.853
3891 1233.35 2076.86
3892 2313.28 486.35
3893 1675.93 2863.69
3894 1987.63 1571.21
3895 2270.98 2003.45
3896 1502.59 1016.25
3897 453.025 2030.3
3898 1643.32 1898.23
3899 2133.4 839.227
3900 204.949 81.9042
3901 1472.55 421.457
3902 1999.01 2634.65
3903 2655.43 118.591
3904 2660.46 3083.45
3905 2762.87 1058.37
3906 926.331 1558.5
3907 1508.3 2967.23
3908 1487.71 789.168
3909 306.534 723.416
3910 1521.66 1160.77
3911 2760.53 206.395
3912 3146.14 1104.92
3913 2003.01 1083.66
3914 2424.86 1788.33
3915 1135.72 242.383
3916 1333.6 322.261
3917 2273.94 245.626
3918 885.282 125.757
3919 1316.38 949.011
3920 1272.6 1934.07
3921 884.23 585.099
3922 2796.11 2357.35
3923 22.6532 1000.58
3924 2798.77 2661.81
3925 256.186 1416.15
3926 987.246 1143.7
3927 77.1409 1147.26
3928 1117.22 2415.65
3929 1116.12 2946.37
3930 2083.89 848.157
3931 2420.12 1740.76
3932 2567.72 1007.04
3933 2393.37 2257.45
3934 173.085 544.808
3935 503.742 2926.61
3936 1035.27 1081.67
3937 1706.66 1280.04
3938 1505.05 1328.8
3939 1644.72 550.215
3940 241.829 1229.01
3941 2615.86 727.379
3942 2157.71 2741.31
3943 1655.26 739.432
3944 426.572 1814.2
3945 1358.44 1657.05
3946 404.982 646.166
3947 3052.41 1126.68
3948 2106.01 2137.3
3949 296.486 286.858
3950 3115.66 875.009
3951 2159.81 1655.73
3952 851.025 1148.67
3953 2120.92 2604.45
3954 2047.61 3151.19
3955 2663.74 740.09
3956 2799.87 70.3412
3957 1527.99 450.47
3958 2099.95 2073.18
3959 470.969 678.325
3960 1983.12 1611.23
3961 601.225 12.823
3962 156.392 1587.89
3963 2173.81 3018.01
3964 219.873 928.541
3965 1963.19 444.8
3966 423.753 329.676
3967 1492.04 2526.63
3968 925.318 1162.67
3969 1523.06 1141.3
3970 586.454 1834.93
3971 402.345 2022.3
3972 1440.71 390.83
3973 1373.01 1500.21
3974 3039.27 2888.73
3975 2509.17 831.636
3976 1723.04 302.501
3977 2155.3 342.625
3978 2615.92 325.878
3979 1518.23 2975.94
3980 486.962 176.157
3981 1221.8 1379.51
3982 1682.83 1572.91
3983 2543.84 407.906
3984 3046.15 1118.87
3985 1033.79 1938
3986 979.747 2309.02
3987 2741.57 65.3012
3988 1297.41 3114.5
3989 30.9504 1922.39
3990 470.204 50.4286
3991 2763.01 382.966
3992 2083.46 1161.94
3993 1455.42 2183.24
3994 1979.72 980.886
3995 1904.56 2831.98
3996 2161.83 2176.97
3997 2081.37 2454.31
3998 1190.92 2546.73
3999 3083.06 1876.04
4000 2675.36 1277.46
4001 449.633 1414.04
4002 1942.33 2719.74
4003 1480.26 1634.33
4004 2134.9 2817.08
4005 1638.57 604.382
4006 1137.05 24.7244
4007 432.542 3006.61
4008 1613.87 1862.75
4009 2023.91 956.188
4010 2518.52 1869.78
4011 1391.79 1476.42
4012 2204.35 2941.61
4013 1829.24 3178.46
4014 1493.18 404.089
4015 2287.07 1183.35
4016 2560.57 493.368
4017 3037.15 550.194
4018 733.567 2568.95
4019 662.14 2768.52
4020 1792.2 2452.97
4021 308.228 230.948
4022 870.331 368.925
4023 2514.23 2921.78
4024 2784.88 791.33
4025 237.203 121.209
4026 3177.92 2848.7
4027 1171.69 2863.64
4028 96.1601 908.738
4029 2364.96 2188.03
4030 2459.62 2090.27
4031 558.049 3068.85
4032 602.283 1602.49
4033 2227.85 2206.64
4034 358.46 1970.76
4035 1986.28 2660.68
4036 1165.23 2848.35
4037 1469.1 1870.69
4038 833.34 2944.43
4039 718.686 1351.73
4040 2210.71 2970.64
4041 792.179 3091.5
4042 3087.26 1626.62
4043 2456.14 2030.99
4044 1436.75 2407.6
4045 172.554 525.085
4046 2976.07 2143.34
4047 479.659 3090.56
4048 1301.84 173.844
4049 2027.74 28.373
4050 2082.21 2377.32
4051 296.992 1962.19
4052 2661.07 1648.68
4053 36.2312 1942.92
4054 1345.84 334.933
4055 2701.36 1704.37
4056 125.762 490.447
4057 1231.51 1057.91
4058 1484.03 412.228
4059 1076.2 1244.29
4060 352.928 3032.68
4061 1699.69 2573.51
4062 173.199 308.449
4063 2460.28 2713.52
4064 3138.7 2579.51
4065 3031.96 2173.43
4066 2713.47 1294.98
4067 54.4809 3178.55
4068 2290.76 211.256
4069 174.373 2389.59
4070 304.998 1620.22
4071 1901.21 2377.79
0 2168 82.3513
0 2975 127.61
0 3416 90.1203
0 3736 52.5349
1 722 70.1934
1 885 13.778
1 2946 63.4147
2 2510 88.6411
2 2881 53.1826
2 3566 59.295
3 150 61.5913
3 2093 68.2985
3 2785 77.369
4 1583 115.324
4 3796 106.409
4 3830 46.285
5 42 25.5501
5 1937 26.3558
5 2280 45.3848
5 3350 19.7135
5 3789 55.6435
5 3840 37.5007
6 223 54.6711
6 733 19.5585
6 3597 38.3778
7 208 19.0139
7 1858 64.8213
7 2810 82.5317
8 261 40.3894
8 483 129.571
8 736 144.448
8 802 75.9879
8 2518 76.7259
8 2794 66.7204
9 727 43.0922
9 1255 50.2836
9 3729 45.7306
10 985 92.0921
10 1592 127.695
10 3513 50.5879
11 1363 42.907
11 1858 49.4732
11 2402 49.7064
12 183 81.2268
12 1171 92.8609
12 1913 48.5011
12 2111 31.2164
13 108 31.5806
13 271 41.1962
13 340 55.7739
14 172 85.364
14 1201 82.3331
14 3875 99.5944
15 777 61.3147
15 3707 44.1726
15 4009 81.3128
16 910 30.8029
16 926 61.1789
16 1250 35.0326
16 2600 89.0106
16 2806 47.969
17 182 57.2801
17 1314 55.5286
17 2394 80.9011
17 3861 39.3008
18 54 6.74998
18 243 16.115
18 816 42.2817
18 2643 43.2884
18 3113 48.7264
19 220 111.013
19 1330 92.6463
19 3389 44.2
20 1048 51.959
20 1683 66.7489
20 3105 73.9077
20 3724 23.6861
21 1676 61.9171
21 1855 43.9394
21 3951 56.5267
21 1822 45.7868
22 411 22.9279
22 658 56.2082
22 3511 60.8588
22 3533 38.235
22 3626 66.4814
23 930 19.9471
23 2188 18.786
23 2998 63.8082
24 275 64.0574
24 1948 73.5404
24 3645 40.3827
25 437 55.403
25 708 93.6461
25 1847 60.4651
25 2763 65.7959
25 2914 70.2127
26 739 126.907
26 1130 104.82
26 2388 43.8302
27 542 123.305
27 1310 15.2552
27 2086 58.2133
27 2628 99.8819
27 2942 36.5324
28 135 69.7175
28 1258 14.7386
28 1757 78.754
28 1872 108.355
28 3768 130.959
29 209 64.9549
29 1439 51.7505
29 1971 102.333
30 1130 116.1
30 1274 23.8579
30 1298 98.2496
30 2501 34.6525
31 857 75.1203
31 2399 106.579
31 2423 42.0752
32 1558 63.9415
32 1958 57.5644
32 2326 47.7953
32 2685 72.9937
33 144 76.9038
33 2233 37.3467
33 2589 45.425
34 1503 77.3733
34 3240 123.537
34 3312 107.833
35 697 77.6882
35 2036 35.1811
35 2632 54.2455
36 79 42.7514
36 450 26.8312
36 3698 48.4312
37 1050 4.67961
37 1860 58.9935
37 2266 68.385
37 3663 42.9901
38 98 17.6778
38 636 46.5274
38 976 66.1901
39 1959 70.7108
39 3059 69.2084
39 3497 150.916
40 155 25.6411
40 1363 73.6618
40 1949 92.3454
41 1666 82.0312
41 2350 59.2099
41 3611 44.6458
42 2280 22.1278
42 3350 55.6371
43 449 43.2372
43 1297 58.8621
43 1987 70.6686
43 3591 43.7727
44 874 33.092
44 1410 31.1432
44 2390 68.138
45 1244 19.3097
45 2061 69.0026
45 3170 80.328
46 1509 47.0003
46 1916 66.7938
46 2993 42.5644
46 4027 51.2732
46 4036 54.7161
47 1700 81.4518
47 1877 65.094
47 2592 109.312
48 176 34.9888
48 433 40.1242
48 1668 62.8718
49 1959 41.1775
49 2651 42.9266
49 3497 68.1149
50 217 51.0408
50 680 75.9047
50 2695 57.8905
50 3608 103.87
51 440 33.4617
51 453 12.8522
51 768 78.4409
51 1899 68.7059
51 1960 38.6066
52 835 97.1843
52 947 60.8089
52 3417 73.3428
53 858 50.9714
53 1249 43.1612
53 2238 23.5619
53 2241 76.9927
53 3096 45.9962
53 3668 88.3684
54 243 19.1333
54 816 38.291
54 887 34.3733
54 3113 59.7388
55 2125 63.0784
55 3692 63.6256
55 3773 56.7219
56 2081 16.4792
56 2315 36.6291
56 3995 57.6737
57 417 75.8656
57 1579 54.2991
57 3751 50.1032
58 1894 127.914
58 2309 89.694
58 2396 31.5717
58 2902 114.41
59 2044 75.6291
59 2137 66.4893
59 3563 69.7957
60 1983 60.0594
60 2646 14.2224
60 3475 61.5232
60 3681 82.5707
61 968 100.22
61 1010 50.91
61 1478 73.6945
61 3585 24.9086
62 374 8.75616
62 906 138.471
62 2822 112.933
63 2338 15.8435
63 2639 89.9204
63 3349 109.85
64 1373 98.2903
64 1393 29.3169
64 3612 92.0803
65 2398 115.085
65 2518 146.776
65 3150 153.916
66 2207 56.0884
66 3341 75.3582
66 3751 63.2165
67 751 125.881
67 1386 72.7097
67 3978 111.968
68 822 94.2375
68 949 34.0865
68 2984 59.0359
69 711 49.7852
69 2949 71.1855
69 3041 86.5513
70 1660 53.9072
70 1910 63.4152
70 2804 17.9147
71 1500 42.3131
71 1608 42.5204
71 1788 59.6329
71 3347 42.5786
72 861 29.4224
72 1542 66.9252
72 1745 15.6993
73 183 59.1693
73 1171 64.2004
73 1913 40.1765
74 1641 99.7284
74 2063 145.856
74 2101 65.123
75 468 80.7308
75 923 76.318
75 3303 81.3774
76 933 79.5929
76 1069 10.9258
76 1569 70.1073
76 3296 29.9262
76 4069 57.3889
77 586 44.3038
77 2193 70.7439
77 2222 63.6632
77 2882 14.5884
78 278 129.884
78 2237 15.8567
78 3470 68.0456
79 450 89.9761
79 1187 72.2046
79 3698 20.1156
80 241 66.7866
80 580 19.0187
80 2523 32.6722
80 2641 37.5675
80 3686 35.6778
81 154 138.21
81 754 173.377
81 4006 28.607
82 152 73.6994
82 1036 75.4201
82 2007 97.8119
82 2596 36.4536
83 862 46.8045
83 2059 51.3916
83 2540 20.9213
83 3655 56.603
84 490 45.1367
84 1233 77.2903
84 1709 86.4129
85 1852 49.3912
85 2011 112.868
85 2264 87.9599
86 442 42.508
86 763 65.8283
86 1752 66.5999
87 431 87.6381
87 1041 67.7193
87 1819 51.0994
87 2553 67.5747
88 429 41.2886
88 652 59.7056
88 2135 43.906
89 750 4.55196
89 1129 17.0627
89 1265 67.0002
89 2684 65.1708
89 2869 41.8886
89 3495 21.455
90 564 75.428
90 1075 70.5053
90 2574 93.2751
90 2968 156.69
90 4039 58.1354
91 1992 78.5099
91 3973 24.7455
91 4011 49.7292
92 291 68.2273
92 834 67.2216
92 883 22.449
92 3921 50.6686
93 1874 27.2894
93 2644 58.9283
93 3448 47.3637
94 1052 19.1295
94 1654 69.6851
94 2772 115.345
94 3778 47.3027
95 1904 20.9592
95 2756 74.7219
95 2832 50.7531
96 2312 76.8081
96 3155 90.8801
96 3946 50.6473
96 3959 54.8779
97 528 72.7733
97 2535 74.1464
97 2945 65.293
97 3855 122.678
98 636 81.6171
98 976 54.1335
99 404 50.6049
99 1728 40.762
99 2149 16.4221
99 3677 26.7028
99 3800 39.8484
100 1536 12.6881
100 2261 3.12936
100 2366 61.2463
101 574 43.619
101 1429 57.8078
101 2876 75.7079
101 3069 55.7989
101 3477 50.9445
102 1663 64.045
102 2786 58.2224
102 3437 106.049
103 541 104.035
103 964 25.3168
103 1242 62.8685
103 3950 43.3316
104 188 68.9045
104 2122 19.9626
104 3241 43.3866
104 4007 26.6069
104 4060 99.7952
105 288 82.3051
105 3392 59.6839
105 3466 57.8556
106 803 32.1217
106 1030 34.5459
106 1838 67.0154
106 3273 50.4447
107 219 95.2396
107 2225 76.2997
107 2740 90.7035
107 3985 83.4075
108 271 46.241
108 817 94.2779
108 1369 60.1818
109 1302 60.4385
109 1901 41.6788
109 3045 75.2888
110 667 13.9891
110 919 55.8129
110 1356 42.6228
110 1472 46.7961
110 3899 42.5253
111 741 51.368
111 1484 73.2146
111 3261 64.2729
112 702 73.8172
112 1598 51.1049
112 2132 84.7027
112 2957 51.1431
112 3523 43.7931
112 3771 47.5545
113 1205 52.4803
113 2284 69.6128
113 3377 26.3733
113 3615 46.2961
113 4070 55.9604
114 391 58.1137
114 881 94.3314
114 1448 74.5907
115 1632 31.9598
115 1988 59.8056
115 2304 34.4049
115 3664 43.8654
116 132 45.8997
116 1644 41.281
116 2442 67.6814
116 3011 30.3221
117 1716 48.7459
117 2402 68.7393
117 2471 114.373
117 3596 35.5069
118 387 79.3644
118 1657 65.3832
118 2656 110.467
119 1662 63.1701
119 2891 60.0386
119 3047 75.0427
119 3114 79.8545
120 1431 59.9851
120 2983 7.71993
120 3251 69.7746
121 2874 69.881
121 3462 28.5826
121 3700 35.3085
122 2875 19.1304
122 2953 98.5616
122 3233 59.38
123 385 68.4497
123 607 47.1896
123 1091 77.3276
123 1300 52.1874
123 3345 72.8462
124 997 85.6195
124 1595 43.4596
124 2740 102.387
124 3420 40.6304
125 738 38.3248
125 956 66.2229
125 1348 62.1013
125 3272 68.0264
125 3847 79.2066
126 365 66.504
126 1337 63.7077
126 2803 91.6215
126 3101 28.9491
127 618 21.9469
127 1566 49.477
127 3301 19.4385
127 3610 40.1599
127 3676 75.6497
128 797 40.6977
128 1952 44.6909
128 2851 67.1572
129 543 59.8841
129 627 79.3808
129 1710 91.4437
129 2214 87.9803
130 2268 75.06
130 2509 26.0752
130 2594 67.6713
130 3040 15.8012
130 3469 47.3007
131 1039 45.0123
131 1263 9.76455
131 2566 70.8539
131 3552 44.6888
132 3011 57.1547
132 3708 40.4945
133 922 88.1065
133 1347 58.5857
133 2161 74.262
133 3342 114.3
134 645 52.204
134 682 40.6125
134 2410 104.741
134 3526 11.6932
135 1258 67.5967
135 1757 40.5572
135 2420 16.8602
135 3202 70.5063
136 1053 88.113
136 1421 88.1222
136 1765 49.5439
137 1354 70.8862
137 1360 79.853
137 2251 45.9405
137 3262 40.2975
138 532 88.0382
138 1617 64.8681
138 2378 93.7447
138 2576 11.8978
139 486 48.2375
139 2172 38.5052
139 2485 49.0025
139 3848 67.6281
140 178 60.2831
140 579 21.3269
140 838 48.9524
141 855 42.2458
141 1334 53.7313
141 1361 12.786
141 2464 22.8852
141 3784 93.9112
142 325 111.081
142 871 63.4113
142 1908 55.3565
143 408 63.4865
143 1459 33.867
143 1624 28.0162
144 2847 77.1519
144 3815 67.9874
145 840 78.4065
145 1087 66
145 3032 117.128
146 905 57.4911
146 1096 60.6379
146 2450 60.1184
147 730 24.092
147 1652 36.2349
147 2407 35.7205
147 3670 36.676
147 3884 82.6744
148 1370 146.824
148 1603 108.296
148 1643 77.41
148 2000 50.0085
149 1573 64.5284
149 3562 26.4417
149 3740 24.6976
150 972 17.1089
150 1434 11.7277
150 2093 34.5388
151 1338 35.9358
151 1448 58.0302
151 2766 59.5831
151 2873 92.1933
152 545 33.0861
152 655 65.0461
152 2019 68.3031
152 2478 17.2846
153 1194 80.7893
153 1537 41.1782
153 4022 77.3375
154 589 117.356
154 4006 204.82
155 3284 111.133
155 3896 77.5223
156 2921 46.5634
156 3185 81.0816
156 3200 74.1821
157 621 102.175
157 2649 25.4639
157 2790 31.6603
157 3380 87.6761
158 174 41.0497
158 1205 83.8476
158 2629 101.809
159 776 17.3727
159 1490 21.5472
159 1589 54.1493
159 2422 54.0625
159 3507 54.0803
160 869 123.361
160 1826 43.8544
160 3838 86.7798
161 1628 94.2751
161 2099 74.1868
161 3062 34.9741
162 890 55.8212
162 1683 54.1889
162 3027 49.8112
163 173 68.9771
163 1016 23.8935
163 1403 64.6642
163 2160 88.8239
164 823 42.8594
164 2462 74.2333
164 3164 71.5896
164 3396 65.8198
165 2530 85.96
165 2996 83.2671
165 3725 36.1871
166 491 95.1126
166 1515 85.672
166 1819 85.051
166 2656 89.7062
167 1520 61.3213
167 2050 49.5865
167 3154 70.7754
168 1042 36.1942
168 2865 9.53585
168 3093 14.7701
169 360 57.2683
169 638 40.0593
169 1401 50.2721
169 2371 38.0136
170 1161 72.0188
170 2584 74.4527
170 2793 91.7212
170 2955 89.8489
170 3862 59.674
171 1807 63.2695
171 1997 88.6995
171 2125 106.522
171 2271 69.2903
172 1201 125.146
172 2722 79.4657
173 424 57.9617
173 1403 27.6977
174 966 72.5847
174 2629 52.7715
175 1625 46.8063
175 2603 64.4277
175 2737 59.2446
176 433 53.4441
176 709 48.8538
177 855 59.3113
177 966 73.5825
177 1727 19.0718
177 2464 38.0174
178 579 37.7982
178 3804 23.0377
179 977 50.8251
179 1284 11.0624
179 1883 60.2855
180 1556 19.5415
180 1630 48.0259
180 2078 36.1341
180 3414 30.7659
181 314 61.6623
181 1074 10.418
181 2494 79.9505
182 2326 51.3439
182 2444 11.2849
182 3003 107.272
182 3861 68.5571
183 1913 37.4893
184 1286 97.4668
184 1688 31.5744
184 2530 89.4878
185 1209 47.6664
185 2426 54.8473
185 3718 48.3604
185 3750 104.789
186 694 37.4579
186 1383 98.8578
186 2217 55.2718
187 795 20.2579
187 1111 18.2478
187 1193 1.23676
187 1392 28.983
187 2670 33.0116
188 3241 66.1923
188 4060 15.2831
189 1233 57.5793
189 1862 122.468
189 3152 47.2718
189 3823 94.2596
190 1640 108.571
190 3356 23.1273
190 3862 68.9352
191 363 70.1817
191 2124 55.8112
191 3361 73.1557
192 1106 75.0996
192 2001 22.3122
192 3132 34.2891
193 384 59.706
193 508 40.1826
193 513 44.9441
193 558 39.7771
193 2039 43.4797
193 2860 70.5887
193 3646 57.45
194 2152 53.8813
194 2290 84.9716
194 3213 80.3753
195 1305 56.5917
195 1773 58.167
195 2655 29.1672
195 3328 100.52
196 1926 71.2678
196 2899 32.9091
196 3168 98.0423
197 1122 18.0379
197 1406 42.9087
197 1980 11.2441
197 3866 90.2674
198 536 15.3455
198 1339 103.233
198 1923 41.5652
198 3785 32.3858
199 1031 83.4899
199 1461 86.7491
199 2392 102.583
199 3365 92.5408
199 3872 75.2388
200 1479 110.54
200 2212 54.7821
200 2610 81.4423
200 3394 67.8278
201 2476 66.6822
201 3296 48.857
201 3500 44.2464
202 641 51.8392
202 1609 20.697
202 2281 22.3705
202 2741 32.1887
202 3176 56.6025
202 3859 17.0423
203 1592 46.3073
203 1721 5.87323
203 3229 75.3717
204 1391 31.3336
204 2527 30.4357
204 2904 48.7728
204 3098 43.4599
205 1878 31.4731
205 3448 13.6821
205 3602 83.2814
206 235 49.9407
206 1300 79.7902
206 3541 41.3721
206 3841 57.1377
207 1005 63.0014
207 1343 42.8619
207 2781 71.8993
208 1363 56.2571
208 1858 60.9509
208 2810 68.0498
209 1033 107.624
209 1439 53.4881
209 1971 50.6027
210 213 51.2086
210 2107 28.5451
210 2152 96.7231
210 2701 44.6523
210 3213 36.0432
211 501 90.3954
211 723 56.692
211 1529 111.712
211 1629 82.5267
211 3068 63.7667
212 2416 102.01
212 3366 71.0592
212 3754 89.4355
213 1973 49.3501
213 3138 34.6748
213 3213 47.6352
214 1771 68.804
214 2232 79.0792
214 2682 101.263
214 3260 85.6305
215 1521 2.66667
215 2387 64.1583
215 2514 66.7404
216 252 44.9438
216 473 40.4718
216 1784 67.7763
216 1978 107.282
216 2367 49.0971
216 2659 62.3979
217 1739 61.9032
217 2695 106.722
217 3640 29.8197
218 620 31.7889
218 1028 40.6765
218 2052 42.2161
218 3334 59.866
218 3413 53.8084
219 1108 122.729
219 1519 87.6328
219 2563 45.2135
219 3985 34.6902
220 549 83.8383
220 1330 69.2072
221 1769 16.9643
221 2624 107.019
221 2980 128.166
222 345 52.1211
222 863 66.1281
222 3147 75.7199
223 733 27.8527
223 3597 11.5941
223 3854 42.0836
224 670 86.7898
224 2232 50.5137
224 3260 119.863
225 3404 102.285
225 3767 51.9384
225 3911 30.9188
226 799 51.4827
226 895 31.9839
226 1514 52.7208
226 1539 78.6648
227 2499 115.309
227 2588 71.2136
227 3695 95.8678
228 1228 58.0603
228 1404 62.4683
228 3119 63.2612
228 3739 82.0493
229 2034 36.2749
229 3187 40.081
229 3606 98.0365
230 1287 50.6572
230 1517 39.1457
230 3687 68.2118
231 1712 32.1686
231 1876 110.331
231 3788 88.1879
232 1576 123.285
232 1941 84.0043
232 2805 21.8543
232 3215 75.76
233 704 12.5436
233 979 103.835
233 4016 105.419
234 879 68.2527
234 2015 62.5514
234 2099 112.007
234 2279 38.9911
234 2735 56.5462
235 3026 73.0362
235 3065 68.2609
235 3541 46.4212
235 3841 6.30812
235 4037 69.0411
236 416 48.2132
236 1314 36.7611
236 1510 73.5799
237 2715 72.5687
237 3081 18.0592
237 3335 61.904
237 3928 53.6079
238 794 65.763
238 2017 34.5418
238 2533 41.7587
238 2951 103.816
238 3659 45.6775
239 836 5.58343
239 985 81.4662
239 3229 61.8454
239 3857 82.4981
240 726 25.1942
240 2242 35.5225
240 2484 28.4176
240 3779 29.3033
240 3876 64.702
241 2523 57.7443
241 3079 51.9342
241 3887 20.4079
242 1962 62.9089
242 2446 130.57
242 2615 28.7875
242 2704 35.9203
242 3311 75.8013
243 2247 44.0652
243 3113 38.7581
244 251 117.396
244 1156 95.6557
244 2849 121.33
244 3649 54.6309
244 3691 62.0713
244 3860 57.8749
245 1015 68.179
245 2987 75.146
245 3015 39.7185
246 2189 73.7745
246 3302 123.757
246 3557 139.484
247 436 83.7265
247 497 91.0511
247 1638 14.3516
247 1700 37.8954
248 1981 85.3467
248 2462 118.865
248 2502 85.1355
248 3856 95.6274
249 308 119.418
249 2120 53.679
249 3029 51.4938
249 3354 17.9354
249 3363 66.5215
250 842 58.2237
250 1113 82.2397
250 3874 69.9002
251 343 68.7666
251 2986 130.161
251 3649 43.2044
252 1967 27.119
252 2659 64.0809
252 2757 47.2399
253 1239 29.1876
253 2620 54.2515
253 2746 38.5172
254 1608 41.8094
254 1847 66.9012
254 2144 51.5726
255 295 35.4465
255 1199 32.972
255 2145 64.3425
256 1024 51.329
256 3672 37.4577
256 4040 19.3952
257 306 145.488
257 1787 37.9797
257 2612 133.038
257 2695 117.057
258 859 136.498
258 1117 167.326
258 3671 67.4448
259 1986 94.083
259 2816 63.6413
259 3275 63.6769
260 383 67.0318
260 3327 75.8254
260 3427 23.2317
261 792 57.0353
261 2518 102.104
261 2794 41.7553
262 316 39.7635
262 1341 80.8391
262 3668 68.1767
263 1153 9.87747
263 1702 32.0699
263 2263 52.1518
264 2040 67.5196
264 3753 87.4636
264 3759 72.4138
265 1567 67.6441
265 1578 68.481
265 2855 77.4355
266 1393 73.7455
266 2774 84.0382
266 3612 60.6728
267 376 79.8952
267 427 57.9103
267 592 28.885
267 1174 53.3386
267 3428 77.7887
268 650 69.811
268 2042 68.2861
268 3932 59.145
269 626 18.1331
269 771 64.3085
269 1112 79.3253
270 1362 64.2626
270 2154 60.2511
270 3160 38.7113
271 1369 55.6669
272 2047 48.8126
272 2342 43.4162
272 3767 84.398
273 1090 74.6709
273 1257 27.3894
273 1672 74.9309
273 1943 56.6083
274 982 69.4972
274 1308 12.9558
274 2729 45.3053
275 1948 92.7651
275 3480 29.3376
275 3828 50.7737
276 766 44.1803
276 2590 40.9585
276 3594 51.7339
276 3951 34.3759
277 872 53.9852
277 2438 70.0637
277 3278 94.6049
277 3353 11.8222
278 299 40.0411
278 331 94.413
278 1172 95.0849
279 2211 79.0347
279 3103 73.6335
279 3104 102.422
280 2082 86.6776
280 2696 76.0019
280 2856 76.8028
280 3225 114.116
281 765 85.9785
281 3683 56.595
281 3949 41.1939
282 480 35.8854
282 618 55.8694
282 3610 36.4566
282 3705 46.1036
283 631 36.4882
283 1834 27.9982
283 2766 29.2323
283 2873 75.2278
284 1132 77.4093
284 2282 85.0947
284 3268 89.966
285 922 73.4206
285 1105 10.8907
285 3330 83.966
286 1059 65.0796
286 1518 80.1954
286 1559 37.8481
286 2948 55.3341
287 1916 120.809
287 3004 58.6004
287 3077 20.8148
288 971 20.2105
288 1476 18.3805
288 3392 87.3321
289 1164 34.4859
289 1437 31.236
289 4010 23.6889
290 1174 17.4706
290 2005 25.2469
290 2961 35.1417
290 3428 83.1824
290 4033 34.8059
291 834 37.6219
291 1120 58.5076
292 1285 40.5984
292 2872 39.7878
292 3733 98.3842
292 3770 52.3957
293 423 77.4826
293 1677 11.8014
293 3409 71.5572
293 3454 15.3289
294 605 138.49
294 1886 120.514
294 2849 94.2693
295 696 72.8662
295 884 54.997
295 1195 30.3999
295 2145 31.2736
296 336 63.4139
296 512 72.1621
296 3174 34.4477
297 342 67.6468
297 1626 46.8576
297 2734 48.2882
298 3508 73.4015
298 3963 42.7272
298 4040 80.1781
299 331 41.2517
299 1172 80.9359
299 2662 93.3218
300 347 63.4502
300 2572 41.9362
300 3761 18.1847
301 317 30.227
301 919 60.5369
301 1221 106.059
301 3930 35.6296
302 1052 124.666
302 2492 70.2171
302 3653 59.6079
303 2076 30.8184
303 2306 36.1818
303 3947 72.1168
304 2430 106.56
304 2526 78.3581
304 2627 96.2764
304 3043 28.259
305 1388 64.6043
305 1478 34.3942
305 2099 94.9354
305 3585 58.1183
306 1739 162.192
306 1787 174.796
307 2215 69.7707
307 3722 49.4499
307 3880 15.6724
308 624 85.8957
308 3082 67.818
308 3682 112.568
309 1073 53.3424
309 2008 37.2995
309 2675 42.7235
309 3827 45.9869
310 790 42.2385
310 1790 48.8592
310 2010 51.4468
310 3619 102.664
311 921 28.7234
311 1499 52.1723
311 3139 37.6955
311 3212 55.799
312 961 50.7344
312 3240 79.9417
312 3292 39.4577
312 3413 85.4389
313 703 52.7726
313 2045 71.3241
313 2927 61.9975
313 3485 45.2734
314 1074 104.319
314 1846 104.367
314 2309 71.9435
314 2494 42.0007
315 646 49.6842
315 2501 81.8103
315 3086 93.4757
316 1269 57.2114
316 1341 52.1944
316 2401 66.2193
317 2980 82.5651
317 3930 44.5046
318 1991 54.2928
318 2114 49.4765
318 3264 20.5881
318 3534 58.2729
319 878 50.6805
319 1474 54.3234
319 2121 171.62
320 2887 95.4507
320 3731 63.9143
320 3956 87.7648
321 434 54.3484
321 1389 18.1876
321 1843 56.7768
321 1852 97.8881
321 2778 25.6466
322 1047 110.107
322 2065 43.4067
322 3219 69.3328
323 1753 66.5858
323 2054 40.3253
323 2098 36.4395
323 3249 45.3213
323 3936 42.3345
324 783 59.2757
324 2826 44.7642
324 3634 46.7718
325 1963 58.5292
325 2428 35.5083
325 2575 27.1444
326 1216 11.5444
326 1658 89.1233
326 2389 32.0284
327 1581 6.47274
327 1814 6.53074
327 2746 61.1452
328 861 64.8644
328 2989 76.6266
328 4025 107.497
329 1116 70.4218
329 1267 66.4933
329 1430 65.2335
330 1295 7.78457
330 1593 46.9583
330 1730 109.688
330 1760 44.1042
330 2092 101.369
331 1172 93.6852
332 459 55.9018
332 2692 39.8085
332 2801 58.0417
332 3684 74.6403
332 3728 12.4937
333 2034 139.399
333 3080 127.035
333 3898 97.9772
334 711 50.5573
334 1555 72.269
334 2002 63.7627
334 2549 69.8322
334 3199 44.0067
335 1411 47.9476
335 3472 7.03088
335 3633 50.5415
336 512 47.3308
336 2491 45.8666
336 3089 30.2552
337 669 89.2944
337 1729 72.9109
337 2041 67.8032
337 3688 123.481
338 383 111.843
338 1689 91.296
338 2283 56.0501
339 1272 61.7191
339 2539 66.7603
339 3171 59.3518
340 2179 20.4912
340 2611 13.2366
340 2732 28.6285
341 1685 39.0217
341 1706 74.5278
341 2944 101.536
341 3834 69.3536
342 1626 93.6751
342 2577 70.1023
342 2579 34.7315
343 2986 47.941
343 3649 96.1371
344 560 33.3999
344 1264 46.8195
344 1394 48.3285
344 1564 52.7443
344 2287 80.8456
344 2607 44.5681
345 501 100.612
345 3409 53.1448
346 1454 78.0554
346 1503 66.2066
346 1857 73.0919
346 1868 54.0533
346 3312 70.7345
347 2572 73.2911
347 3761 29.5868
348 1163 68.5041
348 2915 88.7819
348 3553 76.806
349 1081 36.7657
349 1332 81.2749
349 1701 54.5946
349 2313 32.5476
350 2357 24.863
350 2692 23.883
350 3157 51.6605
350 3434 29.3795
351 510 51.6832
351 681 67.7755
351 2116 42.0445
352 951 59.5884
352 1649 103.96
352 2809 24.985
353 1093 63.2619
353 1657 42.7711
353 2798 69.3753
353 3614 44.2747
354 950 62.9983
354 2488 96.4966
354 3415 106.201
355 1367 35.1042
355 2035 121.648
355 2282 116.405
356 1850 20.0193
356 3534 23.3964
356 3977 32.8513
357 527 91.8378
357 1099 16.5103
357 2053 111.38
357 3383 107.148
358 1754 82.3637
358 3520 94.2768
358 3716 77.7964
359 942 24.0882
359 1192 113.3
359 1974 74.1203
359 2029 85.4943
359 3076 72.6448
360 638 52.9828
360 1401 35.511
360 2095 42.331
360 2434 73.6461
360 3228 96.6275
361 390 87.4587
361 3317 110.795
361 3517 80.1398
362 3035 20.181
362 3266 18.9429
362 3290 34.9381
363 1783 18.179
363 1951 42.723
363 3361 10.8067
364 702 23.2459
364 1598 11.8479
364 2598 56.7318
364 3362 44.0533
365 2803 109.857
365 3061 31.4982
365 3101 32.9005
366 687 56.7406
366 1831 86.453
366 2196 95.1824
366 2925 90.4413
367 632 38.4672
367 1455 74.3888
367 2361 57.4934
367 3246 47.3644
368 1222 38.1546
368 1258 54.6702
368 2301 85.8796
369 917 28.2103
369 1724 33.1174
369 2418 28.8486
370 1556 132.967
370 1630 120.844
370 4017 97.5394
371 1661 67.3967
371 2312 99.2505
371 2979 84.5859
371 3959 31.8383
372 640 68.0546
372 1131 34.1943
372 1440 34.465
372 2483 14.2893
372 2719 68.0407
373 1006 65.426
373 1487 61.5483
373 2848 13.0139
374 906 152.666
374 2822 145.735
374 4006 163.272
375 982 70.8777
375 2451 38.7385
375 2758 52.9542
375 3223 58.7761
375 3878 54.5204
376 1174 84.9298
376 1675 89.8196
376 3428 40.9529
377 479 59.1932
377 2509 39.2033
377 3405 35.5673
377 3469 44.3411
378 1699 50.539
378 2171 88.3954
378 2174 61.1752
378 2255 33.0581
378 2831 23.936
379 1118 88.5204
379 3353 65.0494
379 3660 57.0699
380 595 90.8613
380 696 46.9062
380 3129 88.1313
381 3453 34.2762
381 3790 30.9017
381 3945 85.786
382 549 77.8006
382 1360 59.9552
382 2854 93.5042
382 4018 64.6072
383 2283 99.7299
383 3427 90.4603
384 513 32.7233
384 2997 110.027
384 3742 53.4904
385 1300 37.2319
385 3749 26.0342
386 2457 55.9934
386 2835 38.0948
386 3071 48.1423
387 555 26.6781
387 2691 39.1689
388 1483 5.8874
388 2013 38.5306
388 2731 116.94
389 483 87.2605
389 1584 63.8351
389 3748 54.1574
390 1418 44.6438
390 2800 50.1107
390 3023 33.951
391 570 62.7107
391 881 10.5238
391 1722 61.1672
392 1060 43.1185
392 1366 79.3643
392 2181 54.4191
393 1368 45.3459
393 1966 28.378
393 2521 35.9647
393 3207 40.0478
393 1633 62.8643
394 1407 64.6469
394 2273 56.9109
394 2929 51.1726
394 3215 73.8896
395 1673 44.0251
395 1840 57.9921
395 1914 85.2844
395 2070 21.1069
396 1321 17.7896
396 1798 52.5245
396 2354 43.4715
397 1844 56.6408
397 3310 68.08
397 3631 35.9233
397 3931 33.0561
398 1562 54.0776
398 1869 86.4549
398 2038 68.7007
399 1870 34.5217
399 2102 93.9172
399 2371 115.085
399 4020 104.725
400 472 64.3477
400 1298 79.3072
400 2123 30.5902
401 411 85.9848
401 2354 81.5802
401 3626 76.7978
402 551 81.5792
402 850 102.123
402 1922 51.7834
403 484 94.3096
403 629 29.046
403 644 17.7766
403 2305 54.15
404 1728 51.9926
404 2259 34.902
405 1257 46.9079
405 1392 64.1998
405 2670 35.3466
406 1480 95.6321
406 1816 95.1941
406 1989 45.0034
406 2759 40.719
406 3665 35.1076
407 1655 49.4613
407 3604 96.2248
407 3732 65.258
408 1459 49.0763
408 1624 113.348
409 792 55.6991
409 848 23.6954
409 3748 60.7501
410 1133 57.7874
410 1789 67.4812
410 2129 17.7626
410 2341 83.5385
411 658 45.0683
411 3533 44.7099
411 3626 57.2085
411 3782 81.3972
412 1045 124.368
412 2340 94.4363
412 3758 24.5557
413 724 83.7465
413 1372 41.2832
413 2330 31.9341
413 3036 10.8865
413 3491 26.7062
414 996 119.752
414 1636 87.7372
414 1818 108.745
414 1917 98.3567
414 2289 105.019
415 760 18.399
415 902 58.9281
415 1248 17.7265
415 1442 32.3075
415 1893 43.6776
415 2003 34.6378
416 2797 65.8798
416 2892 19.4972
416 3003 51.8661
417 903 60.0308
417 1642 86.4744
417 3165 98.9917
418 1076 20.3716
418 1093 64.3
418 3755 59.94
419 2697 122.933
419 3273 122.789
419 3822 45.9799
420 3316 61.5309
420 3742 28.4704
420 3948 39.8493
420 3996 37.9587
421 763 48.3246
421 875 12.7378
421 2943 24.0432
421 3756 37.6443
422 828 45.0557
422 3515 95.6123
422 3595 25.6308
422 3852 33.2286
423 1677 71.4431
423 3107 63.5174
423 3454 42.9863
424 1403 80.4698
424 1519 22.1634
424 3985 89.6997
425 1062 104.549
425 2206 56.4323
425 2366 91.4612
426 514 90.3889
426 2302 48.0749
426 2762 62.6566
427 592 66.1677
427 4029 55.2283
428 1009 34.7179
428 2256 68.7414
428 3666 17.5362
428 3720 25.6921
428 4007 34.6856
429 652 44.0685
429 2135 10.4341
429 2719 69.941
430 1653 22.81
430 3644 61.7637
430 4003 9.05749
431 856 52.495
431 1328 51.5882
432 1068 74.4432
432 1493 64.2048
432 2278 82.0048
432 3837 73.1573
432 3922 88.8638
433 1123 59.8414
433 1668 118.531
433 3542 62.0771
434 1389 32.925
434 1843 56.5431
434 2097 50.502
434 2778 58.3139
435 761 63.9922
435 1037 38.6481
435 3390 28.4004
435 3820 28.3534
436 477 70.0001
436 488 104.026
436 1331 123.539
436 3144 106.713
437 1500 42.8821
437 2914 31.0176
438 958 98.7201
438 1043 18.7689
438 1291 23.732
438 1299 24.0987
438 2480 54.5976
439 1995 103.768
439 3258 2.22083
439 3630 9.23667
440 453 24.3348
440 584 67.649
440 1906 85.2723
440 1960 7.58646
440 2691 38.7407
441 686 44.3607
441 2096 22.7843
441 2591 58.8171
441 3193 52.2087
441 3313 76.953
442 1752 17.4717
442 2212 77.1783
442 3394 34.598
443 500 112.094
443 688 82.1403
443 701 62.0517
444 772 9.52757
444 1307 20.5346
444 2162 45.1279
444 3238 71.453
445 1275 117.11
445 2982 63.9467
445 3508 29.8784
446 1553 32.7028
446 2895 56.5912
446 3173 15.813
446 3183 19.4572
447 498 62.0329
447 819 30.7715
447 1377 41.9438
447 2199 89.9107
447 3685 62.1937
448 956 63.0363
448 3532 39.0981
448 3847 124.444
449 1297 49.6379
449 3591 52.4876
450 2616 103.577
451 1780 43.193
451 3495 71.537
451 4057 53.6197
452 2790 30.4604
452 3373 37.8942
452 3881 25.2728
453 889 68.5101
453 1899 97.5606
453 1960 14.383
454 1049 81.5194
454 1569 81.6316
454 2091 78.5862
455 1616 59.9663
455 3421 86.6859
455 3915 71.349
456 1119 77.1566
456 1677 111.058
456 1989 106.777
456 3831 108.073
457 1211 65.4267
457 1530 85.1829
457 1817 73.7598
457 2570 50.972
458 627 17.6673
458 911 38.5269
458 1460 49.2712
458 3358 9.94273
459 578 15.5043
459 2884 42.432
459 3728 39.8715
460 767 49.6671
460 1918 100.253
460 2072 132.734
461 531 35.4259
461 1118 51.4713
461 3625 84.2967
461 4027 32.875
461 4036 35.5027
462 533 82.3527
462 3162 91.5509
462 3775 25.1371
463 798 70.7324
463 1158 72.3162
463 1859 68.1031
463 2782 70.0189
463 3926 62.8361
464 2046 63.1952
464 2153 28.7678
464 2497 93.7869
465 2515 17.4115
465 3175 25.742
465 3799 61.826
466 791 150.658
466 2650 142.336
466 3261 56.5607
466 3380 69.3059
466 3881 91.9962
467 1521 59.6435
467 1893 20.849
467 2514 36.6545
468 842 64.9376
468 1464 37.2092
468 1723 120.227
468 3874 75.9947
469 1764 97.2558
469 1842 34.4924
469 2230 61.7986
469 3786 27.2574
470 471 95.7665
470 1831 66.4862
470 1860 80.5136
470 2925 110.443
471 1123 76.0006
471 3542 84.1397
472 2123 82.7211
472 2388 89.9043
473 1135 99.6973
473 1784 27.5577
473 2367 49.9052
474 521 81.8814
474 700 24.3627
474 3587 21.7126
475 1203 76.5753
475 2545 96.6114
475 3297 54.5592
476 2073 129.032
476 2383 16.7212
476 3198 86.7403
477 488 43.7472
477 984 22.9356
478 1126 67.7782
478 1580 44.6914
478 3299 52.0149
479 882 42.9056
479 2182 77.6263
479 3231 66.3761
480 2049 82.0266
480 3632 52.6804
480 3705 12.1174
481 832 32.8046
481 1293 126.671
481 1381 69.4599
481 1835 42.1605
481 3245 48.2666
481 3397 44.4596
482 1740 80.8207
482 3325 29.7058
482 3957 102.05
483 802 58.7633
483 848 103.429
484 629 47.229
484 2416 78.5434
484 2936 93.964
484 3754 102.57
484 3992 80.2543
485 1896 83.3564
485 2198 58.8708
485 2207 34.0947
486 2485 19.7127
486 4005 18.5809
487 648 34.072
487 730 29.7826
487 2407 40.0091
487 3583 65.6424
488 984 56.8405
489 1095 44.6347
489 2027 108.481
489 2106 42.311
489 3711 130.429
489 3844 47.3942
490 1709 14.6678
490 2566 93.824
491 889 70.5026
491 925 114.237
491 1906 66.4462
492 1607 11.8888
492 1731 23.5958
492 1876 43.5696
493 865 47.8142
493 1856 44.0046
493 3274 79.7925
493 3514 15.0286
493 1141 48.352
494 1313 72.7567
494 2690 29.5939
494 3988 103.843
495 1344 30.9783
495 2866 33.1493
495 3480 69.6203
495 3645 67.917
496 638 78.7837
496 2371 80.287
496 3200 50.6156
497 1638 77.8698
497 2905 46.8433
498 2481 44.8419
498 2513 47.1013
498 3570 59.8968
499 2724 65.2364
499 3180 51.7068
499 3944 77.4283
500 1947 64.6523
500 2269 74.4057
500 3870 66.3658
501 2825 92.023
501 3068 30.906
501 3147 100.94
502 800 116.85
502 2334 33.5125
502 2705 83.1003
503 539 129.079
503 1611 80.3597
503 2559 60.0111
503 2970 73.2732
504 514 48.5294
504 2531 42.1887
504 3445 81.5366
505 2599 79.386
505 2774 37.6496
505 3983 26.6629
506 546 37.6298
506 699 31.5917
506 2141 30.8268
506 3134 84.0244
506 3504 53.796
507 1169 19.7298
507 2996 40.1017
507 4001 22.1851
508 558 29.1002
508 2039 68.4438
508 2860 27.5042
508 3111 41.4095
508 3646 57.6414
509 1678 16.0461
509 2393 36.0483
509 3560 56.098
510 2510 31.2169
510 2710 15.4445
510 3566 45.0196
511 2375 43.8598
511 2517 76.5497
511 3194 47.9691
512 3089 104.519
512 3174 59.3631
513 3742 45.7448
513 3996 60.5696
514 2531 86.5442
515 1883 49.9172
515 2076 86.3917
515 2735 56.9262
516 637 76.7302
516 1880 53.4926
516 2530 67.8137
517 1803 89.0402
517 2454 74.9306
517 2742 56.8888
517 3588 75.2649
518 1210 56.8748
518 2976 42.2661
518 3442 49.1691
518 3702 14.7933
519 1302 87.3084
519 1654 56.5142
519 1901 126.418
519 3045 25.0896
519 3778 43.4158
520 612 17.2651
520 1471 83.4706
520 2074 38.8152
521 1563 32.2752
521 3587 83.0824
522 1489 20.7894
522 1714 71.7945
522 2264 69.9593
522 3315 69.6514
523 928 84.9448
523 2380 55.9232
523 2751 45.2899
524 873 91.745
524 2320 45.2112
524 2910 48.5202
524 3825 83.0492
524 4028 21.7105
525 924 89.6111
525 1353 36.3917
525 1637 28.9098
525 1890 33.2315
525 2817 50.4735
526 1536 34.4002
526 2482 48.4455
526 4056 14.9362
527 2336 75.8417
527 3156 37.1591
528 2535 38.257
528 2785 43.3246
528 3070 80.4299
528 3855 67.2958
529 2245 69.5543
529 2696 86.767
529 3225 40.6722
530 868 47.0696
530 2406 49.042
530 2969 87.1697
530 3842 31.8391
531 1118 8.58368
531 4036 68.5562
532 1617 21.5641
532 2576 55.8072
533 3775 62.3864
533 3900 82.7119
533 4025 34.6947
534 3090 17.5238
534 3949 50.4163
534 4021 68.9973
535 1292 67.2654
535 1404 104.228
535 2453 38.0295
536 1332 106.657
536 1339 116.004
536 1923 36.2362
536 3785 37.0544
537 1509 25.1261
537 3437 42.575
537 3714 17.2164
538 1932 52.0568
538 2080 28.2717
538 2721 81.6843
538 3277 92.0565
538 3385 87.9917
539 957 72.2996
539 1815 101.984
539 1970 65.594
539 2970 40.5673
540 890 70.6286
540 2204 105.661
540 3843 110.941
541 964 124.419
541 1242 101.289
542 1310 75.2623
542 2942 76.125
543 627 79.5151
543 1710 64.4515
543 2429 114.059
544 732 73.1924
544 1207 97.6207
544 1774 48.6266
544 3277 54.5993
544 3604 45.134
544 3732 67.7843
545 2478 27.6029
545 2596 48.8179
546 699 60.3478
546 2141 67.4929
546 3504 23.4658
547 1357 37.5811
547 1615 89.3441
547 2815 77.2301
547 3270 74.3102
548 790 82.5268
548 917 75.7783
548 2418 41.503
548 2534 98.5438
548 3791 44.7279
549 1987 83.7237
549 4018 11.0911
550 1399 61.9064
550 2398 72.0355
550 3424 79.0232
551 1922 21.8396
551 2318 44.5504
552 931 28.2422
552 2325 28.554
552 2748 73.8507
553 668 29.3891
553 1447 96.8032
553 1853 16.7741
554 808 48.5607
554 1189 84.0691
554 1965 54.4899
555 1076 71.0067
555 1797 63.0531
555 3326 75.7571
556 2362 83.2741
556 3232 46.283
556 3723 67.0235
557 1426 129.948
557 2701 76.7744
557 3621 106.325
558 2860 14.9181
558 3247 62.0578
559 2370 28.6661
559 2608 56.1644
559 2998 20.2163
560 2560 28.8563
560 2607 14.814
561 2472 56.686
561 3174 69.5748
561 3776 25.6377
562 2072 69.4485
562 2899 105.546
562 3168 66.1253
562 3216 65.4839
563 2469 111.797
563 2555 53.7684
563 3743 118.811
564 1075 24.1157
564 3297 64.5412
564 3315 52.8131
565 979 42.873
565 2599 68.5863
565 3612 42.1344
565 4016 45.0154
566 1630 59.1033
566 1957 43.6906
566 2078 46.5276
567 1383 78.2492
567 3422 58.9451
567 3548 116.874
568 2187 62.2406
568 2727 18.5407
568 3592 15.3543
568 3667 46.8202
569 781 68.7458
569 1746 53.9148
569 2880 49.6609
570 881 43.8579
570 1667 104.313
570 1722 14.7337
570 3008 66.4978
570 3269 60.7033
571 1064 57.0289
571 1432 58.87
571 2286 57.7006
572 634 70.0877
572 809 95.9973
572 864 74.5724
572 1007 79.6531
572 2439 61.0894
573 1603 44.2786
573 2000 54.9463
573 3735 57.0096
574 1096 40.1405
574 2876 62.8868
574 3069 35.8662
574 3477 48.3367
575 1133 55.4629
575 1768 70.6005
575 1789 38.7148
575 2252 85.638
575 2524 4.91884
576 2127 18.8283
576 2587 90.2481
576 2897 29.0624
576 2932 1.71108
576 3123 129.931
577 602 58.0628
577 1041 65.1436
577 1240 43.0935
577 2903 118.004
577 3450 4.20598
578 2884 27.9177
578 3728 64.6935
579 3804 65.3087
580 2641 34.9947
580 3686 10.6968
581 2304 69.6424
581 2754 62.4427
581 3664 48.6642
581 4030 53.525
582 1213 90.7812
582 2544 7.95184
582 2966 31.8884
583 2170 40.5793
583 2808 3.78817
583 3102 93.2983
583 3558 49.8733
584 1960 54.0683
584 2879 26.0747
585 1181 76.6841
585 1618 48.1321
585 2878 90.8304
586 1826 71.3858
586 2222 13.7601
586 2882 57.0401
586 3265 37.3273
587 744 52.18
587 839 29.4329
587 2541 78.2178
587 3294 40.3678
588 1107 18.0321
588 2043 22.503
588 2419 59.737
588 3489 67.6759
588 3704 70.0197
589 754 115.287
589 1438 21.4039
589 2105 60.1681
589 3190 91.0732
590 1359 60.6597
590 1999 41.83
590 3943 67.2013
591 1212 41.4438
591 3244 18.5701
591 3367 96.9167
592 1174 52.419
592 2473 72.0205
593 1157 126.3
593 1837 101.566
593 2657 102.102
594 916 84.9266
594 1067 96.3754
594 1514 84.9467
594 1539 68.7602
594 2693 92.439
595 847 43.5392
595 1929 67.0273
595 2940 47.2878
596 788 86.4449
596 1600 42.5222
596 2259 74.345
596 2779 20.451
597 1583 95.1336
597 3146 1.59915
597 3503 50.567
598 1982 23.088
598 2202 104.009
598 2465 116.704
599 2136 94.6778
599 2385 21.0621
599 2438 36.8223
599 2958 35.0988
600 996 39.6043
600 1013 49.1773
600 3323 49.6797
600 3476 45.9993
601 983 11.7016
601 2493 112.082
601 3976 81.9759
602 1240 40.3958
602 2798 58.3193
602 3450 38.1796
603 1450 76.888
603 1775 63.4395
603 2133 49.5364
603 3746 99.8153
604 1086 26.6152
604 1610 110.359
604 2220 75.5503
605 684 65.2243
605 748 88.983
605 1886 18.006
605 1900 63.1877
606 1255 74.039
606 3729 67.7505
606 3990 52.0579
607 1091 50.4075
607 2813 73.5745
608 1275 50.3678
608 1648 87.1338
608 2115 79.896
608 3954 22.1304
609 1046 47.4096
609 1066 28.0714
609 1900 63.9308
609 2348 64.1165
609 3673 68.9953
610 1173 25.1736
610 1692 27.3928
610 2681 68.8335
610 2990 69.6228
611 1994 70.8328
611 2588 75.5242
611 2977 47.8444
612 719 106.056
612 1471 76.9554
612 2074 23.587
613 894 66.5061
613 1396 130.109
613 2136 114.264
614 1077 2.19651
614 1634 41.2037
614 2103 42.0093
614 3580 56.3237
615 1277 115.656
615 1924 68.6045
615 2360 59.8748
616 831 70.6365
616 960 89.2277
616 2802 60.9243
616 3547 57.603
616 3773 55.1752
617 2498 9.16448
617 3143 50.2241
617 3387 40.8188
617 4062 99.142
618 1566 85.7876
618 3301 23.8287
618 3610 20.363
618 3676 57.8125
619 1239 59.4553
619 2746 80.5308
619 3083 117.728
620 1028 32.3546
620 2052 25.6447
621 2649 69.4668
621 2979 72.6962
622 866 71.9209
622 2079 66.0085
622 2470 61.0452
623 1095 71.5693
623 1955 49.2406
623 2027 77.9305
623 3536 56.6689
624 3188 35.9251
624 3682 19.4109
625 2323 80.4448
625 2510 147.088
625 2710 80.5869
626 1112 65.6981
626 3002 62.4027
627 911 21.6781
627 2214 56.5735
627 3358 7.9793
628 1373 69.2552
628 3205 30.8477
628 3565 71.3649
628 3892 32.4835
629 644 39.4587
629 3992 52.8421
630 1739 65.033
630 2063 98.3978
630 3640 88.086
630 3869 83.4179
631 1834 29.2918
631 2766 21.2394
631 3201 39.1755
631 3651 36.2452
632 1354 80.7427
632 1455 56.3057
632 2605 79.0814
633 642 80.0526
633 1597 57.589
633 2502 87.4593
633 3396 93.5409
633 3856 90.4032
634 997 56.1064
634 3006 57.7444
634 3145 89.715
634 3920 39.345
635 900 32.8347
635 1590 9.7504
635 1892 59.3112
635 2004 50.2227
636 811 36.5658
636 3498 66.1989
637 678 29.885
637 1286 57.4186
637 2530 96.5147
637 4032 73.5946
638 1401 47.4384
638 2371 79.3622
639 2956 85.0517
639 3318 48.5409
639 3509 56.346
640 1131 52.4898
640 1686 48.8527
641 1423 47.6949
641 2010 64.7454
641 2741 16.3238
642 1597 15.622
642 2189 42.8892
642 2319 28.3457
643 1452 49.1293
643 3554 56.1613
643 3849 68.4903
644 2305 29.7897
644 2569 102.984
645 682 92.5992
645 3526 75.3841
646 2930 61.463
646 3086 31.5319
646 3699 67.7679
647 1232 68.5858
647 1611 35.6778
647 2055 21.5722
647 2559 97.5843
648 730 43.5188
648 2407 45.3982
649 1243 18.2143
649 1335 36.021
649 2323 39.5098
650 1492 104.457
650 1738 44.5251
650 2042 44.8147
651 1664 49.9665
651 2799 43.841
651 2907 84.8219
652 2135 32.0086
653 1107 206.766
653 3704 165.961
653 3900 140.29
654 805 80.5801
654 3020 95.1365
654 3130 23.4716
654 3774 29.7265
655 2019 19.3991
655 2308 54.7298
655 2478 53.2097
655 2924 71.3364
656 1433 68.3345
656 1979 76.1054
656 2296 35.8074
656 2332 46.5624
657 1318 75.8761
657 2033 55.8472
657 2208 54.0231
657 2923 51.6035
658 3511 40.5236
658 3512 77.6032
659 1238 10.8417
659 1718 41.5549
659 2823 40.1816
659 2857 36.0571
659 3184 39.7705
660 739 80.7311
660 2562 66.2937
660 2913 13.5881
660 3637 37.4326
660 3833 26.3184
661 1931 24.3593
661 3727 34.994
661 3921 79.4437
662 773 46.7574
662 1715 58.5344
662 2680 76.4327
662 2843 52.2284
662 3470 60.2038
663 717 51.7862
663 899 83.3706
663 2026 53.9315
663 2700 84.0418
663 3136 98.9315
664 1186 66.5274
664 2305 53.615
664 2569 56.2433
665 1848 42.3024
665 1898 27.2307
665 2840 53.6903
666 928 37.5285
666 2380 73.6206
666 2699 72.0383
667 1356 30.9216
667 1472 33.2525
667 3429 92.8295
667 3899 72.8924
668 1447 54.3123
668 1853 29.0969
668 3338 65.3535
669 3109 25.6798
669 3446 30.8019
669 3447 50.5687
669 3688 112.268
670 968 41.8402
670 2174 100.435
671 1805 13.4076
671 3227 76.4535
671 3939 48.2368
672 1236 19.7258
672 1262 27.3229
672 1304 33.9991
672 1762 34.5314
673 3186 48.2836
673 3605 24.7032
673 3974 64.4336
674 944 99.8835
674 3405 62.9913
674 3765 47.6111
675 1070 25.3851
675 1861 60.3758
675 2963 23.1569
676 695 93.3248
676 1698 53.9814
676 2606 22.6764
676 2950 61.6755
677 727 67.6724
677 2550 57.3864
677 2567 42.2547
677 2671 42.5862
678 1286 59.1776
678 3250 81.6489
679 849 14.7747
679 891 37.1409
679 3657 36.4022
680 1260 73.7283
680 2695 64.1493
680 3214 58.3834
681 2116 19.5667
681 2310 59.4041
682 2410 62.569
682 3526 44.5405
683 1408 122.067
683 2248 92.1421
683 2833 42.2734
684 748 35.946
684 1886 84.4763
684 1900 61.4247
684 2723 131.297
685 1131 64.6455
685 1312 65.1979
685 3918 15.5343
686 1213 80.4192
686 2591 26.6545
686 3446 56.405
687 2196 42.6245
687 2925 68.5853
688 1749 66.356
688 1767 52.3663
688 1947 40.2017
689 1177 74.1806
689 2221 67.0963
689 2934 49.199
690 1000 80.2777
690 1018 63.6499
690 1054 60.2023
690 3888 36.3385
691 2012 52.5445
691 2791 27.1344
691 2999 71.8836
692 1800 62.9713
692 2254 65.4598
692 3460 107.06
693 742 132.756
693 1945 41.5169
693 2702 96.033
693 4026 18.5953
694 2217 40.2417
694 3422 90.3187
695 1047 36.1137
695 2606 43.1567
696 2145 99.6967
697 1044 63.3544
697 1053 59.3708
698 1416 43.5285
698 2271 43.3414
698 2819 90.9088
698 3359 42.0582
699 2141 12.3251
699 3134 47.5345
700 3229 95.5207
700 3587 29.9279
701 2146 124.718
701 3769 45.7629
702 1598 18.736
702 3362 47.1618
703 1741 73.9098
703 2045 17.5683
703 3822 60.1905
704 979 67.6586
704 4016 91.9611
705 1331 104.146
705 3144 122.573
705 3329 89.8293
706 1575 73.9658
706 2026 32.4434
706 2218 15.7485
706 4024 24.9134
707 1182 3.23942
707 2991 31.3641
707 3252 81.6676
707 3648 25.7787
708 2763 34.2096
708 4046 37.3095
709 2647 34.861
709 3548 50.6754
710 1405 23.3456
710 1695 66.0995
710 1708 34.6798
710 3864 27.2665
711 1555 94.718
711 2949 48.9076
711 3199 44.0619
712 2037 66.5857
712 3609 23.1632
712 3621 33.3734
713 737 26.3547
713 924 104.498
713 2201 68.0429
714 1190 53.5479
714 1941 56.7678
714 3706 4.12614
714 3924 22.0835
715 1504 69.8837
715 3321 89.2387
715 3780 56.7408
716 1003 61.1648
716 1875 44.1907
716 2777 38.597
716 3087 69.1495
716 3462 47.3065
717 2026 31.7462
717 2700 11.8968
717 4024 47.2076
718 953 35.8081
718 1163 61.3617
718 2715 82.2118
719 767 34.8956
719 2074 69.9205
720 2612 59.1407
720 3074 30.5495
720 3276 66.2991
721 1425 57.6626
721 3112 28.6487
721 3393 37.711
721 3438 76.3244
721 3865 52.093
722 885 98.3025
722 2994 76.6886
722 3064 169.552
723 1529 26.1595
723 1629 28.4363
724 1785 70.1735
724 2330 26.5936
724 2333 25.2707
725 1320 33.0248
725 2935 33.364
725 3815 47.6996
726 2242 51.2738
726 2484 19.2778
726 3779 14.0274
726 3876 74.1307
727 1570 75.4165
728 1039 103.737
728 1273 75.5793
728 2177 37.917
729 774 33.3325
729 863 102.966
729 1548 56.9807
729 2914 120.012
729 3593 145.06
730 1652 95.9969
730 2407 18.1583
730 3583 89.4046
730 3670 45.5154
730 3884 118.396
731 1272 46.5765
731 2539 35.8882
731 3443 34.3577
731 3738 17.5227
731 3938 52.5509
732 1207 19.9262
732 1774 101.866
733 3597 25.5954
734 1976 38.5466
734 3188 53.6301
734 3699 32.9129
735 1176 80.3913
735 1646 43.5146
735 3238 47.6633
736 3839 114.849
736 3940 61.8357
737 2201 51.4118
737 2713 106.132
738 3095 91.7958
738 3847 22.6464
739 2913 68.4359
739 3637 22.3692
740 948 36.454
740 1526 51.3587
740 2573 30.0451
740 3360 36.0947
741 1484 24.4419
741 3261 52.3684
742 2702 76.0142
742 4026 67.4483
743 1628 18.1416
743 3048 68.6707
743 3062 79.204
744 839 50.8534
744 1786 107.252
744 2672 67.0583
744 4015 88.6797
745 1494 92.8106
745 2716 2.3072
745 2797 58.0567
745 2892 57.5997
746 2504 56.5962
746 2641 64.4441
746 3309 16.4949
747 1078 25.1069
747 1554 66.5732
747 2069 20.6915
747 3418 62.151
747 3482 44.5783
747 3739 92.8779
748 1900 97.605
748 2161 95.6945
749 775 76.8632
749 1792 86.3873
749 2721 95.2227
750 1129 19.9061
750 2684 88.9536
750 2869 26.5226
750 3495 18.7003
751 1048 41.9703
751 2384 78.9687
751 2664 63.2078
752 1443 59.455
752 1758 34.9001
752 2792 17.1986
753 1757 49.8749
753 2420 37.9311
753 2563 44.4107
753 2689 146.481
754 1438 96.0796
754 4006 105.476
755 1121 47.96
755 1129 97.5673
755 1265 87.8343
756 1821 91.9033
756 3305 19.1299
756 3766 71.5327
756 3809 47.5972
757 1690 67.1233
757 1880 52.989
757 4032 20.5033
758 991 69.821
758 3038 20.5949
758 3134 69.1263
759 1306 71.6552
759 2100 74.3696
759 2574 67.2615
759 2968 71.3444
760 1248 14.3451
760 1442 34.6219
760 1781 88.4111
761 1037 66.5839
761 2502 75.7942
761 3820 9.96213
761 3856 76.2995
762 1601 92.1796
762 1883 77.3756
762 2022 62.4144
763 3020 38.8484
763 3756 54.6747
764 787 54.816
764 2879 80.8057
764 3332 14.9164
765 2094 41.6069
765 2771 24.1443
765 3683 10.7648
765 3816 52.0261
766 2590 42.3904
766 3594 21.9764
767 2072 105.069
768 889 80.3052
768 1899 60.9643
769 1925 60.915
769 2365 48.2322
769 3933 46.6124
769 4029 66.544
770 829 100.13
770 2156 81.5029
770 2270 56.8453
770 3486 80.3803
771 1071 93.8854
771 1139 84.7945
771 3516 118.228
772 1307 27.1008
772 2162 23.0671
772 3799 48.9374
773 1083 39.8188
773 1715 19.3493
774 1548 72.5347
774 2458 92.5186
774 2914 99.0269
774 3593 93.5146
775 1270 74.5101
775 1653 53.5951
775 1792 87.6891
776 1490 14.8755
776 1545 41.4844
776 2422 61.2668
776 3507 71.7252
776 4048 61.4116
777 810 46.2366
777 2021 31.8192
777 3707 34.1465
778 1781 7.88295
778 2057 89.6731
778 2742 77.0949
778 3436 153.973
779 1588 62.4112
779 2194 35.0632
779 3091 68.7685
780 1611 107.152
780 2303 42.1865
780 3502 10.2863
781 1746 102.225
781 2880 130.902
782 1839 79.9312
782 3204 12.4104
782 3483 55.7012
783 2312 101.14
783 2826 62.8307
784 1003 36.8655
784 1565 38.6932
784 1751 54.267
784 3087 42.5293
785 827 15.0571
785 2265 62.8721
785 2852 24.2618
786 1561 32.701
786 1742 45.9232
786 2335 42.7977
787 813 42.7777
787 2164 22.5805
787 3236 26.256
787 3332 41.1288
788 2779 86.9758
788 2920 49.5194
788 3576 98.9687
789 1943 54.3023
789 2486 42.6037
789 3370 78.4529
790 1790 74.6698
790 3619 66.4408
791 2650 31.6066
791 3373 74.0596
792 3424 66.0028
793 961 49.1764
793 1503 101.824
793 3240 63.8619
793 3292 42.6179
793 3554 38.9622
793 3849 63.2932
794 1355 84.107
794 2533 16.8272
794 3659 33.7692
795 1111 28.0757
795 1193 39.2893
795 1755 88.797
796 1894 78.2566
796 1950 122.146
796 3211 117.784
796 4051 112.448
797 1952 27.0425
797 3972 92.8862
798 1859 31.4292
798 3926 11.7288
799 1514 18.6885
799 1539 72.2336
800 2316 75.3712
800 2705 24.0274
801 1757 108.265
801 2563 52.5269
801 3826 19.4012
802 2185 64.2615
802 2619 58.8414
803 1030 38.6085
803 1838 43.0078
803 4041 55.3902
804 2134 47.2953
804 3271 35.9713
804 3441 54.4667
805 892 50.8719
805 1864 71.8752
806 994 26.3106
806 1694 57.4464
806 3298 35.4416
807 1006 88.5413
807 1357 67.2623
807 1432 58.0392
807 2815 25.6062
807 3270 28.098
808 1059 52.3734
808 1172 42.619
808 1189 49.4051
808 1965 42.9553
809 1091 64.7874
809 3026 111.158
810 2021 75.6279
810 3073 70.9367
810 3913 96.7927
811 1020 55.9997
811 1134 52.7327
811 2694 46.4239
811 3498 9.76706
812 1682 64.7141
812 2358 80.9078
812 3598 40.4632
813 1797 35.9473
813 2164 68.582
813 3326 38.2258
814 1449 36.704
814 2277 8.23776
814 3958 26.0104
815 1264 45.5529
815 1394 25.672
815 2117 68.542
816 887 36.952
816 1014 23.8977
816 2643 35.4044
816 3195 64.2826
817 830 65.4052
817 1369 49.4836
818 1246 30.2495
818 2246 101.786
818 2653 110.024
818 2764 33.3424
819 1377 89.6731
819 3440 31.0797
819 3685 27.0024
820 2055 63.5354
820 2119 51.9762
820 2559 63.7487
820 3418 57.3318
821 1972 35.2685
821 2490 69.4959
821 3075 34.9229
821 3871 52.4618
822 949 63.8375
822 3680 72.7438
823 3097 67.9192
823 3396 45.9013
824 1479 71.9595
824 1866 41.3661
824 1940 30.1104
824 2511 36.1992
825 1133 87.1082
825 1861 63.5868
825 3435 38.526
826 1450 50.2531
826 1785 61.4465
826 2133 85.4982
827 1252 61.9146
827 1333 72.3395
827 2260 72.4646
827 2852 51.1703
827 2861 63.3011
827 4035 75.2597
828 1580 81.5012
828 3515 84.5463
828 3595 53.9805
828 3852 25.9875
829 1799 98.5201
829 3419 61.5106
829 3832 54.7555
830 1591 39.3133
830 2883 49.1039
830 2953 90.0672
831 960 51.483
831 1585 123.033
832 1381 52.5258
832 1835 34.3161
832 3245 33.7571
833 2532 60.0711
833 2610 54.1121
833 2761 45.8463
834 1184 91.569
835 1829 95.9696
835 3417 85.5023
835 3641 64.1871
836 985 81.0916
836 3229 61.0598
836 3857 52.6978
837 874 70.3354
837 1410 93.6963
837 3163 91.5959
837 3285 91.8549
838 1344 30.7461
838 1458 42.9372
838 2468 53.8383
839 1849 76.2041
839 2541 69.4436
839 2847 87.8722
839 3294 62.1862
840 1241 47.4758
840 1887 54.0859
841 1292 92.1338
841 2887 58.5823
841 3731 73.5764
842 1113 66.3384
842 1464 20.8072
842 3874 7.49637
843 2182 65.588
843 2202 54.9287
843 2465 29.3225
844 892 72.9011
844 2859 46.079
844 4064 105.044
845 2708 42.7383
845 2821 50.1262
845 2832 105.565
845 4004 22.4098
846 872 95.9104
846 999 49.5256
846 1961 52.5176
846 3431 20.4004
847 935 79.59
847 3757 57.0031
848 3748 38.6877
849 891 44.0413
849 1788 76.3383
849 3657 37.4098
850 952 41.9367
850 3140 56.6699
850 3226 48.0291
851 1371 29.573
851 2091 57.8823
851 3872 112.799
852 1282 68.2528
852 2417 25.8388
852 3135 64.0498
852 3577 46.5711
853 963 47.3038
853 1851 42.2535
853 1996 19.5307
853 2321 68.2005
853 2395 52.1975
854 1232 66.3546
854 2287 39.1826
854 3482 66.4699
855 1223 42.0324
855 1361 49.4474
855 1427 65.7099
855 2464 32.0717
855 3803 42.4519
856 1328 36.514
856 2976 121.217
857 2050 53.2087
857 2423 72.2199
858 2241 38.59
858 3096 53.8554
859 1506 27.6714
859 3218 99.3
860 1326 4.20937
860 1975 65.4395
860 2543 10.3962
860 2960 114.199
861 1542 93.567
861 1745 63.04
861 4021 48.7324
862 1391 68.2574
862 2059 23.6245
862 2382 48.5266
863 1548 81.4656
864 2642 76.7607
864 3060 27.0374
865 1856 22.9899
865 3274 54.8916
865 3514 48.8054
866 1534 66.9703
866 2079 38.6748
866 3492 34.4754
867 1776 78.2268
867 2840 20.4026
867 3092 29.162
867 3490 43.3633
868 2969 77.3694
868 2974 64.2383
869 1691 124.059
869 2964 70.7429
870 1025 31.4662
870 1606 31.8913
870 2126 17.6463
871 1908 48.7954
871 2891 70.4268
871 3114 76.2121
872 999 72.7853
872 3278 29.7852
872 3287 96.2923
873 2320 43.8851
873 2910 46.016
874 1410 37.9716
875 1479 111.567
875 2943 5.55007
875 3756 32.1745
876 2507 102.648
876 3115 86.8829
876 3882 99.324
876 3928 123.578
877 1802 53.2604
877 1991 60.4057
877 2114 70.5637
878 1474 33.1924
878 2121 107.906
879 1601 48.3265
879 2015 40.7634
879 2279 22.0129
879 3572 31.581
880 988 60.7201
880 1674 83.3957
880 3253 52.1138
880 3407 15.8199
881 1583 75.126
881 1722 53.1876
882 2182 87.6409
882 3231 8.54516
882 3752 65.9209
883 1934 59.5936
883 3921 21.963
884 1195 7.84521
884 2145 20.9311
884 2248 79.5569
885 2380 105.101
885 2946 85.3928
886 2406 90.0652
886 2512 115.671
886 3140 77.2295
886 3226 91.4995
887 2158 37.8891
887 3195 57.6245
888 2878 21.048
888 2919 75.8201
888 3489 51.9386
889 1906 52.5096
890 3027 43.232
890 3556 66.1429
891 2413 40.7823
891 2458 76.253
891 3177 59.9279
891 3617 92.0494
891 3657 25.5432
892 1864 33.9285
892 2859 102.332
892 4064 75.2158
893 3236 47.6214
893 3242 26.2988
893 3369 31.9661
893 3802 40.424
894 1396 48.6246
894 3031 93.6898
895 2496 55.948
895 3801 27.6762
896 1895 66.7439
896 2791 72.3586
896 2999 3.30888
896 3790 91.4413
897 1063 64.6182
897 1215 97.4131
897 2328 32.2747
897 929 66.9866
898 1550 117.699
898 2803 83.7012
898 3077 108.774
899 2773 73.1792
899 3136 105.241
899 3955 100.265
900 1184 67.1826
900 1590 55.7215
900 2004 16.6858
900 3044 55.128
901 930 59.2823
901 2188 33.2436
901 2514 19.212
901 3466 127.749
902 1893 58.5402
902 2003 24.6751
903 2470 56.8109
903 3165 54.9646
903 3917 66.8071
903 4068 38.2358
904 1463 6.04009
904 1882 25.0224
904 2505 52.3294
904 3208 22.5543
905 1096 60.2755
905 2739 100.636
906 2138 19.5775
906 2822 23.1729
906 2857 39.7677
907 1475 32.8741
907 1651 39.2789
907 3075 53.1048
907 3806 106.869
908 1245 113.285
908 2408 70.8599
908 3227 74.4958
909 1087 135.967
909 1160 91.1868
909 1327 93.1792
910 926 43.3553
910 1250 73.8363
910 1810 33.6036
910 2197 95.3168
911 1460 64.9731
911 2214 65.8079
911 3358 23.075
912 1008 65.5386
912 1557 15.5354
912 3895 67.4025
913 1820 69.4059
913 1930 84.9955
913 3046 31.6894
913 3425 57.3341
913 3905 100.384
914 1116 73.5109
914 2345 22.2788
914 3762 106.399
915 1511 57.9099
915 1744 45.6053
915 2118 21.1139
915 3537 28.2002
916 1067 13.2997
916 2693 51.4781
917 1724 41.3355
917 2418 2.88772
917 3791 49.4605
918 2544 69.5968
918 2966 36.9496
918 3981 91.4363
919 2980 81.8595
919 3899 35.6095
919 3930 42.631
920 1908 33.9983
920 1963 29.3884
920 2428 42.5096
920 2891 44.8498
920 3047 34.2487
920 3634 46.4152
921 1115 58.7861
921 1499 19.1597
921 2688 83.9428
921 2990 81.4724
921 3139 8.56007
922 1105 122.55
923 1655 60.7536
923 1932 42.9492
923 3385 73.8859
924 2817 44.3289
924 3499 100.736
924 3986 76.8552
925 1515 81.0762
925 1577 121.645
926 2197 36.5567
927 1704 72.431
927 2148 113.353
927 3488 87.7473
927 3567 6.91907
928 2634 53.7329
928 2699 10.0871
929 1905 85.7599
929 2200 39.4174
929 2537 44.9634
929 2568 79.6659
930 2188 27.8918
931 2325 31.9109
931 3222 28.2247
932 2437 30.8302
932 2765 61.1996
932 3362 82.8612
933 1069 39.0042
933 1371 91.3775
933 4069 76.3982
934 1587 34.2362
934 2645 60.4202
934 3636 92.7962
934 3750 86.5343
935 1647 43.8671
935 3757 52.0808
936 1199 73.1059
936 2363 52.2331
936 2833 61.7816
937 1259 49.0203
937 2425 70.7729
937 3810 36.1448
938 1303 88.4144
938 2666 51.4355
938 2770 82.1767
938 4041 58.2202
939 1440 58.125
939 1511 56.7236
939 2089 89.1781
939 3220 47.7138
940 2156 77.4691
940 3486 53.2694
940 3883 23.5566
941 1292 38.521
941 2622 14.6121
941 3079 82.0009
942 2814 39.3741
942 3076 61.2047
943 1336 47.073
943 2031 49.6002
943 2049 58.6726
943 3721 55.14
943 4011 76.1253
944 1946 78.9789
944 3405 65.0072
944 3469 51.5303
945 1338 61.8109
945 1448 70.3385
945 3679 87.2396
946 957 127.606
946 1970 63.9409
946 3256 108.573
947 2107 81.2057
947 2701 94.8847
948 1526 81.275
948 2062 94.8832
948 2573 43.2286
948 2674 67.182
949 2984 60.6125
950 2488 44.6459
950 2499 104.442
950 3415 37.5894
951 2159 44.6943
951 2809 70.6305
951 3853 39.3063
952 1283 74.6709
952 1424 88.5065
952 3226 50.2132
953 1163 84.0254
953 2926 56.4118
953 3410 99.4475
954 1473 50.0444
954 2613 2.19144
954 3717 76.8463
955 1444 89.1285
955 2769 58.7284
955 3528 38.7977
956 3532 64.0582
956 3847 117.355
957 1815 25.9005
957 2970 90.5997
958 1071 84.7243
958 1139 89.2732
958 2480 38.9143
959 965 59.0903
959 3001 44.5331
959 3096 32.2298
960 1585 72.7541
961 1028 87.6498
961 3292 37.4942
961 3554 68.0814
962 1126 62.843
962 1865 45.3952
962 3798 82.1468
963 1851 25.9622
963 1996 49.9075
964 1242 57.9046
964 3950 30.7709
965 3001 26.3396
965 3586 55.1602
966 1727 31.8377
966 2629 52.1577
967 1614 59.0727
967 1879 74.4543
967 3203 31.8359
967 3802 60.2011
968 1010 39.6448
969 1061 55.8886
969 1986 79.8349
969 2720 44.5991
969 3398 64.8164
969 3494 53.1713
970 2364 74.8971
970 3882 54.4252
970 3998 43.9784
971 1104 108.058
971 1476 6.17287
972 1318 50.8812
972 1434 15.8506
972 1809 31.8899
972 2923 37.929
973 1001 85.5832
973 3136 22.5688
973 3212 124.495
973 3382 61.9424
974 2349 79.7519
974 2516 66.7723
974 2572 52.4473
974 3159 73.6411
975 2183 71.4929
975 3149 79.178
975 3667 48.4017
976 2087 74.2075
977 1284 77.226
977 2022 87.6099
977 2463 89.9098
978 2064 140.998
978 3172 7.27063
978 3662 81.4007
979 3556 41.8807
979 4016 26.8878
980 3255 111.481
980 3341 57.0455
980 3530 60.2865
981 2158 73.1181
981 2443 70.5245
981 2668 29.2128
981 2703 78.5774
981 3118 48.4121
981 3851 14.5529
982 1308 66.2706
982 2451 48.7928
982 2729 33.4978
982 3289 69.317
982 3878 96.6568
983 2493 112.911
983 3976 102.808
984 1331 86.6995
985 3229 83.0988
986 1168 14.1544
986 2130 30.3589
986 4047 46.4069
987 1732 71.095
987 1993 124.109
987 2421 150.467
988 1636 85.2549
988 1984 47.743
988 2851 105.037
988 3407 63.2655
989 1313 49.736
989 1903 55.5487
989 1918 107.472
989 2400 56.1979
989 3845 21.9841
990 1005 63.7806
990 1068 11.3051
990 1125 42.0308
990 3922 99.954
991 1254 57.3968
991 3038 109.542
992 1268 54.238
992 1545 36.184
992 2414 62.5809
992 3375 38.2498
993 2327 27.6755
993 3357 76.1628
993 3678 34.3444
994 1694 25.2764
994 3298 21.6439
995 2084 37.0985
995 3618 65.2136
995 3763 28.1933
995 3783 9.78744
996 1013 101.582
996 1917 67.8068
997 3920 41.0152
998 1226 44.4442
998 2035 66.4439
998 3912 38.031
999 2339 69.6505
999 3431 50.0916
1000 2207 128.026
1000 3217 77.5698
1000 3888 56.7353
1001 1115 84.2325
1001 3212 67.944
1001 3382 40.7798
1002 1051 40.6742
1002 2166 51.8809
1002 2995 13.7772
1003 1875 80.3616
1003 3087 41.7308
1004 1145 79.9613
1004 1689 64.2096
1004 1723 110.744
1004 2009 23.7167
1005 1125 57.8261
1005 2781 70.6095
1005 2962 6.95755
1006 2848 44.9851
1007 2439 9.87626
1007 3095 90.0336
1008 1557 113.349
1008 2205 42.901
1008 3191 29.156
1009 1082 29.1069
1009 2285 64.866
1009 3017 58.4793
1009 3720 20.4879
1010 3585 43.2742
1011 1183 38.1653
1011 2638 43.3122
1011 3153 121.019
1011 3169 43.6437
1012 1244 127.982
1012 1888 82.2549
1012 3743 97.6972
1013 3323 84.8903
1014 2186 64.3125
1014 2643 16.1041
1014 3195 48.62
1015 2987 35.4211
1015 3015 12.3021
1015 3093 59.8031
1016 1403 65.1121
1016 2160 44.8166
1017 2430 63.2738
1017 2526 70.5556
1017 3388 70.2167
1018 1054 17.3634
1018 3217 54.4689
1019 1488 69.7605
1019 3463 31.4992
1019 4059 90.7448
1020 2694 64.7338
1020 3498 84.9289
1021 1374 30.416
1021 2809 110.619
1021 3867 50.8198
1022 1562 82.0519
1022 2322 64.8204
1022 2707 12.6509
1022 2844 75.8754
1023 2640 63.7941
1023 2718 65.9056
1023 2973 99.3302
1023 3371 104.798
1024 3176 79.7549
1024 4040 61.1487
1025 1606 45.5588
1025 2126 34.543
1025 2504 62.8718
1026 1281 85.7623
1026 2760 56.5572
1026 3817 57.7092
1027 2467 23.5903
1027 2721 64.3915
1027 3982 50.5537
1028 1452 97.5265
1028 2052 65.0484
1029 1735 39.1102
1029 2886 69.8903
1029 3579 52.389
1030 1838 21.5554
1030 2639 57.6824
1030 3273 70.387
1031 2796 13.5063
1031 2978 82.9269
1031 3872 71.84
1032 1124 21.5429
1032 1149 48.7024
1032 2249 32.2611
1032 2372 19.871
1033 1971 47.3226
1033 2427 41.9541
1033 3776 66.7311
1034 2583 83.4536
1034 2617 158.285
1034 3703 68.7434
1034 3904 25.8016
1035 1703 62.1003
1035 2109 68.3654
1035 3329 54.5727
1036 1728 55.1348
1036 2007 113.239
1036 2596 17.3322
1037 1376 63.926
1037 3390 36.9303
1037 3820 45.6758
1038 1164 75.2448
1038 2911 54.153
1038 3295 43.2386
1038 3674 31.6841
1039 1263 51.3667
1039 3662 69.3244
1040 1867 55.7199
1040 1935 122.566
1040 2332 106.789
1041 2553 71.2112
1041 3450 63.5979
1042 1360 48.2233
1042 2865 27.3408
1042 3093 39.0416
1043 1291 45.2927
1043 1299 2.09026
1044 1939 39.1633
1044 3400 50.0478
1044 3661 110.821
1045 1567 94.4476
1045 3758 85.7088
1046 1066 35.3593
1046 2155 32.3604
1046 2517 51.3093
1047 2065 77.3862
1047 2606 81.6806
1048 2384 102.37
1048 2664 39.3569
1048 3724 61.6031
1049 1569 17.5368
1049 1839 52.7444
1049 2548 52.6514
1049 2992 62.291
1050 1860 60.755
1050 2266 51.2514
1050 2412 120.498
1050 3663 40.0937
1051 1206 117.661
1051 2369 75.2131
1051 2995 75.4568
1052 1654 54.895
1052 2108 102.552
1052 3778 38.709
1053 1421 101.707
1053 1765 49.6078
1054 3217 65.4595
1054 3888 62.3738
1055 1430 93.5901
1055 3340 66.7865
1055 3572 110.217
1056 1620 28.8957
1056 1944 26.1599
1056 3606 73.5966
1057 1100 18.3933
1057 3034 63.0843
1057 3356 78.2946
1058 2040 80.3587
1058 2337 48.8033
1058 3759 50.9434
1058 3950 110.307
1059 1189 21.6481
1060 1366 85.8876
1060 2181 62.3246
1060 2536 92.9922
1061 1623 40.4534
1061 2720 52.6959
1061 3494 25.6204
1062 2206 7.04781
1062 3395 101.099
1063 1215 34.8054
1063 1732 96.7205
1063 2328 30.0679
1064 1432 53.7957
1064 2121 46.6281
1064 2311 77.857
1064 2728 40.1212
1064 3937 80.2184
1065 1181 36.3708
1065 3320 68.0655
1065 3600 39.5391
1066 3673 79.923
1067 2693 33.2114
1068 1125 46.6927
1068 2781 77.1392
1069 3296 28.9915
1069 4069 38.4574
1070 1441 68.8733
1070 2963 49.2587
1070 3435 59.3029
1071 1139 34.4603
1072 2223 109.302
1072 3821 72.2358
1072 3987 85.7997
1073 2008 61.7404
1073 2675 74.5928
1074 2494 115.26
1075 3315 34.3847
1076 3755 56.1603
1077 1634 44.9936
1077 2103 41.7329
1077 3580 56.4642
1078 2069 36.7417
1078 3418 42.1326
1079 1158 63.9274
1079 1204 67.3021
1079 1605 81.396
1079 2782 74.2126
1079 3352 29.0005
1079 3952 26.5222
1080 2066 72.9984
1080 2275 62.6897
1080 3045 56.1856
1081 1701 43.231
1081 2313 68.6097
1081 3836 29.3165
1082 2122 32.0365
1082 2343 39.6526
1082 4007 27.1946
1083 1715 13.2696
1083 2020 26.7971
1084 1508 50.4692
1084 2376 20.8761
1084 2665 42.4744
1084 3051 28.1946
1085 1214 102.267
1085 2452 48.2022
1085 3578 27.6963
1086 1610 75.3323
1086 2220 50.0869
1087 1619 74.2724
1087 3032 24.0801
1088 1289 39.5191
1088 1827 61.1042
1088 2185 39.3134
1088 2619 54.6029
1088 3927 104.353
1089 1196 10.891
1089 1469 74.7667
1089 3162 98.4667
1089 3990 63.827
1090 1257 29.4552
1090 1672 88.8407
1090 2638 56.7203
1092 1378 91.8755
1092 1647 79.9035
1092 2717 41.6966
1092 3757 54.2815
1093 1657 47.8564
1093 3614 50.7678
1094 1599 82.3327
1094 3013 98.6876
1094 3760 89.103
1094 3897 51.8847
1095 3711 100.826
1096 3069 29.9136
1097 1953 27.9409
1097 3120 35.3873
1097 4049 49.5213
1098 1482 28.6108
1098 1927 48.8653
1098 1992 13.3901
1099 2053 103.903
1099 3383 85.4359
1100 3034 39.5312
1100 3658 51.2494
1101 1691 24.0927
1101 2964 80.8681
1101 3814 66.1233
1101 3838 26.9932
1102 2906 72.9419
1102 2941 63.2033
1102 3067 44.4328
1103 1596 35.0211
1103 3284 44.7474
1103 3722 68.3193
1104 2947 43.8844
1104 3588 85.8047
1104 3933 88.1125
1105 2180 93.0986
1105 3330 85.5369
1106 2001 87.2185
1106 2404 69.9837
1106 3132 93.5129
1106 3179 43.7693
1106 3239 36.726
1107 2043 33.3002
1107 2419 59.3684
1107 3704 105.395
1108 2225 28.9139
1108 2347 54.5913
1109 1619 37.3906
1109 3032 110.685
1109 3267 23.5108
1109 3374 54.72
1110 2795 96.9737
1110 3223 31.5455
1110 3489 91.7575
1111 1193 11.147
1111 1392 32.1774
1111 1755 71.3442
1112 1573 30.2833
1112 3002 75.2402
1112 3230 56.1533
1113 3303 24.2224
1113 3337 17.4664
1114 3128 39.3522
1114 3520 29.3248
1114 3524 11.447
1115 1499 54.7465
1115 3139 81.0755
1116 2345 128.746
1117 1323 95.4177
1117 2496 90.9426
1117 2658 26.4057
1117 3019 24.9165
1118 4036 81.4978
1119 1677 104.073
1119 3593 95.6711
1120 2711 39.891
1120 3021 47.7841
1121 1551 44.4722
1121 2448 53.1534
1122 1980 15.1668
1122 2090 85.5385
1122 2867 41.1362
1122 3866 82.0441
1123 3542 43.5623
1124 2150 79.0838
1124 2249 18.7686
1124 2372 45.5615
1125 2962 73.9716
1126 2965 70.0641
1126 3299 53.2189
1126 3798 62.8522
1127 2889 82.9611
1127 3243 24.8049
1127 3824 50.3906
1128 1614 20.4773
1128 3914 69.4764
1128 3931 96.9148
1129 1265 37.5452
1129 3495 53.3258
1130 1274 60.0748
1130 1298 79.1091
1130 2388 149.76
1131 1686 103.34
1131 2483 60.1855
1131 3918 68.8624
1132 1666 80.3863
1132 3268 94.81
1133 1789 8.19351
1133 2129 29.8433
1133 2341 126.401
1133 2524 64.2293
1134 2087 63.6788
1134 3498 45.096
1135 1978 30.9801
1135 2317 57.274
1136 1807 78.0957
1136 2370 47.9182
1136 2608 42.6888
1137 1488 92.9466
1137 2410 70.3177
1137 4059 82.017
1138 1884 105.515
1138 2577 102.279
1138 2579 95.6274
1138 3590 38.0963
1140 1929 31.4081
1140 2768 15.8974
1140 3835 24.0533
1140 4066 109.986
1141 1684 28.844
1141 2626 42.6368
1141 2830 28.0829
1141 3846 40.0241
1142 1230 96.6107
1142 2558 65.4115
1142 2561 59.2365
1142 3962 55.7465
1143 1396 42.7021
1143 2776 59.5983
1143 3031 24.7768
1143 3543 59.4122
1144 1891 101.242
1144 1911 25.0412
1144 3399 63.622
1144 3565 61.5718
1145 1593 43.4984
1145 1760 28.7044
1145 1833 57.3794
1145 2009 69.2965
1146 1741 114.049
1146 3287 124.79
1146 3777 24.2965
1147 1290 44.5113
1147 1563 92.665
1147 3850 44.8164
1148 2034 78.81
1148 2060 30.4919
1148 3187 120.457
1149 2372 23.7273
1149 3694 39.8799
1150 2151 106.484
1150 3458 79.9418
1150 3642 87.6655
1151 1707 57.6158
1151 1748 15.1581
1151 3709 37.8143
1152 1200 35.8213
1152 2165 45.1839
1152 3049 86.7225
1152 3117 98.4234
1153 1507 66.1476
1153 1702 24.5944
1153 2083 64.1124
1153 2263 56.5582
1154 1466 132.922
1154 3317 7.95208
1154 3517 93.9578
1154 4046 63.5621
1154 4065 40.2871
1155 1267 59.3738
1155 1378 92.1341
1155 3379 18.3038
1155 4000 51.8094
1156 1339 122.94
1156 3860 42.5667
1157 1351 81.7926
1157 1648 130.777
1157 2982 99.0846
1158 1204 47.2838
1159 1472 71.4069
1159 2167 45.4782
1159 3429 22.5199
1160 1327 31.6013
1160 2258 81.1972
1160 3012 100.124
1161 2445 68.4987
1161 2793 66.5954
1161 2955 7.63285
1161 3697 87.1124
1162 1563 49.185
1162 2175 85.8582
1162 3850 76.028
1163 3553 88.1288
1164 2522 18.3174
1164 3674 42.0817
1164 4010 44.4835
1165 1177 50.8447
1165 2351 51.8353
1165 3128 69.9449
1165 3607 70.8887
1166 2046 47.0212
1166 2497 63.6726
1166 3616 76.4268
1167 2331 36.1079
1167 3181 103.49
1167 3455 102.259
1167 4055 108.006
1168 2130 10.461
1168 3574 64.2214
1168 4047 57.9754
1169 2629 102.031
1169 2996 74.4061
1169 4001 42.3191
1170 1983 97.0644
1170 3048 72.9619
1170 3681 46.1269
1171 1905 66.0764
1171 1913 40.8382
1172 1965 58.9814
1173 1692 30.5531
1173 2681 89.1321
1173 2990 48.4674
1174 2005 29.4411
1175 1613 102.767
1175 2209 39.5772
1175 3336 76.7452
1175 3623 68.5106
1176 1646 117.518
1176 1820 109.461
1176 3932 127.484
1177 1408 102.045
1177 3607 90.9429
1178 1892 39.4075
1178 1936 25.8897
1178 3039 51.903
1179 1649 57.8908
1179 2292 59.4096
1179 3293 33.73
1179 3538 79.9209
1180 1743 21.9066
1180 2842 7.83403
1180 3359 59.1876
1181 1618 53.3297
1181 2419 47.1679
1181 3320 40.2186
1181 3600 34.9433
1182 2991 38.993
1182 3648 19.298
1183 2638 56.9536
1183 3153 124.715
1183 3169 52.516
1184 1627 77.9178
1184 2004 49.8949
1184 3044 36.6262
1185 1217 64.02
1185 1301 103.145
1185 2299 77.7965
1186 2416 77.3096
1186 3754 93.0238
1187 1806 45.0438
1187 3698 44.4572
1188 1863 85.2717
1188 2931 58.0988
1188 3111 59.2052
1188 3646 62.7577
1189 1965 57.025
1190 2273 14.2724
1190 3924 34.1449
1191 2466 38.7194
1191 3253 83.6373
1191 3647 27.5873
1192 1974 59.8941
1192 2029 56.6135
1193 1392 29.0564
1193 2670 36.6226
1194 1537 95.7731
1194 2089 134.57
1194 2359 29.8355
1195 2145 11.1462
1196 1329 96.3384
1196 1469 51.7065
1196 3162 66.0915
1196 3990 57.1668
1197 1604 21.9445
1197 2874 23.4578
1197 3700 17.3775
1198 1570 49.3707
1198 2214 20.4017
1198 3142 85.7595
1199 3084 76.5221
1200 2165 16.8133
1200 3049 75.0201
1200 3117 65.2609
1201 1991 88.3817
1201 3534 65.3932
1202 2213 143.191
1202 2704 91.9753
1202 3053 56.1396
1203 1385 82.6388
1203 3297 68.8572
1204 3352 101.714
1205 2284 69.5132
1205 3377 49.886
1205 4070 68.1982
1206 1437 47.5532
1206 1845 80.7483
1207 1774 89.212
1207 2839 124.487
1208 1532 103.422
1208 2663 91.5377
1208 2743 70.2882
1208 2838 50.4657
1208 2898 46.1832
1208 3808 82.0579
1209 1897 61.511
1209 1921 43.0012
1209 2426 10.1209
1209 3307 43.7907
1210 2988 72.9798
1210 3442 74.7299
1211 1817 102.392
1211 3538 47.3313
1212 3244 53.5919
1212 3367 85.4386
1212 3795 92.7983
1213 2544 98.1619
1213 2591 46.2513
1214 1488 43.524
1214 2452 29.9221
1214 3792 27.109
1215 1732 53.6214
1215 2328 64.472
1215 2421 121.014
1216 1658 65.3965
1216 2389 48.3471
1217 1247 75.834
1217 2299 51.2745
1218 2204 42.45
1218 2411 91.8385
1218 2820 103.374
1218 3843 29.9844
1219 3072 51.604
1219 3374 81.7322
1219 3539 34.5493
1220 1468 92.8607
1220 2586 12.8431
1220 3251 13.1939
1221 3056 80.1309
1221 3192 68.2228
1222 2301 47.8927
1222 2556 60.6475
1223 1427 50.6852
1223 1830 50.8174
1223 3239 66.3099
1223 3803 0.282451
1224 1487 34.8833
1224 2767 26.5688
1224 3122 63.6514
1224 3214 43.0553
1225 1536 30.5147
1225 1919 23.9024
1225 2908 43.5176
1226 1812 42.2454
1226 2035 74.3737
1226 3912 33.1797
1227 1414 52.0316
1227 1841 43.2149
1227 2836 32.9693
1227 3348 44.877
1227 3573 56.4208
1228 1404 30.175
1228 2453 85.9386
1228 3119 34.6286
1229 1879 25.7079
1229 2205 58.7212
1229 3191 79.6212
1229 3203 51.2235
1230 1505 107.443
1230 2558 74.1415
1230 2561 57.9856
1230 3150 66.3297
1230 3962 29.0927
1231 1778 60.3456
1231 2103 165.049
1231 3351 118.066
1232 2055 48.8338
1232 2119 82.861
1232 2287 90.7321
1233 2016 32.7684
1233 2868 40.7606
1233 3152 33.0461
1234 1266 37.7575
1234 2226 18.7608
1234 2949 38.6654
1235 1592 107.256
1235 1884 92.9937
1235 3513 124.174
1236 1262 18.3398
1236 1304 41.9804
1236 1762 16.7217
1237 2082 43.0426
1237 2754 30.262
1237 4043 42.0766
1238 1445 87.0255
1238 1718 51.6729
1238 2823 47.6497
1238 2857 40.6781
1238 3161 45.0381
1238 3184 26.9089
1239 1581 44.2862
1239 2746 7.6618
1240 3450 34.8015
1240 3895 57.1909
1241 1407 68.5535
1241 1887 43.9214
1242 1671 75.1012
1243 1335 29.3617
1243 2323 47.308
1244 3039 89.6625
1244 3170 114.995
1245 2006 53.8461
1245 2674 93.9807
1245 3300 83.6605
1246 2246 49.5087
1246 2764 77.3874
1247 2299 42.1669
1247 2985 24.4351
1247 3840 65.6369
1248 1343 112.21
1248 1893 59.7625
1249 2238 54.0703
1249 2436 31.4408
1249 3516 142.259
1249 3668 41.0513
1250 2600 64.6109
1250 2806 28.6861
1250 3141 87.4484
1251 1398 44.1502
1251 1586 72.1386
1251 1671 32.1115
1251 2807 65.424
1252 1333 14.3788
1252 1527 97.7873
1252 3902 59.2126
1253 3384 41.4701
1253 3386 32.9753
1253 3772 32.9126
1253 3877 74.9903
1254 1681 75.601
1254 3038 114.006
1254 3546 60.3534
1255 3990 52.5339
1256 1477 71.3742
1256 2190 56.6498
1256 2405 99.8791
1256 3403 29.141
1257 1672 83.2909
1258 1757 68.3283
1259 1294 30.6486
1259 2928 18.3018
1259 3810 58.4579
1260 2286 103.712
1260 3214 132.555
1261 2017 75.161
1261 2533 62.041
1261 2922 70.2842
1262 1304 17.8395
1262 1762 36.6757
1262 3589 72.2148
1263 1273 47.1099
1263 3444 87.0892
1263 3552 52.8993
1264 1394 33.4344
1264 1564 25.2167
1264 2048 59.3523
1264 2117 79.116
1265 3919 31.9705
1266 1364 29.7915
1266 2226 43.6745
1266 2949 24.2065
1266 3811 77.0279
1267 3379 41.5383
1268 1984 129.932
1268 2414 54.4176
1268 3916 105.938
1269 1341 39.8464
1269 2472 53.1269
1269 3521 33.9019
1269 3747 43.3958
1270 2274 67.3701
1270 3644 62.0935
1271 1465 24.1181
1271 3540 59.909
1271 3680 111.834
1272 2539 47.237
1273 2177 58.3148
1274 2501 45.6966
1274 2828 134.572
1275 1351 70.401
1275 1648 46.6116
1275 3954 67.345
1276 1546 66.8202
1276 2085 40.8667
1276 4052 6.9895
1276 4055 116.737
1277 1780 90.8579
1277 2349 39.5019
1278 1568 88.6002
1278 3527 69.7632
1278 3564 29.9107
1279 1289 72.4414
1279 1390 67.2852
1279 1501 36.0576
1279 1613 65.9061
1280 1379 82.9164
1280 2425 49.5568
1280 3255 63.9078
1280 3903 83.0716
1281 2461 85.2557
1281 3455 91.9965
1281 3817 13.7271
1282 2417 63.1126
1282 3986 99.9936
1283 1424 2.0063
1283 2709 22.2936
1283 3638 60.0969
1284 1883 62.7329
1285 2085 42.5992
1285 2872 48.3074
1285 3770 55.5525
1286 1688 96.0973
1286 2391 110.137
1286 3250 48.0262
1287 1517 48.1404
1287 1822 30.2996
1287 3687 10.6448
1288 1668 107.628
1288 2411 87.9975
1288 3281 38.1821
1289 1390 22.5884
1289 1501 52.348
1289 1827 21.6082
1290 2075 86.952
1290 3850 80.4772
1291 1299 33.6986
1291 2480 66.3652
1292 2622 42.0644
1293 1533 85.7885
1293 3397 79.9877
1294 2928 16.8635
1294 3255 63.1641
1294 3530 72.3875
1295 1593 37.7622
1295 1760 47.8209
1295 2092 69.6906
1296 1756 46.4006
1296 1869 44.7938
1296 2236 32.9219
1296 3555 83.6409
1296 3622 22.8154
1297 1987 17.2775
1297 3591 15.7201
1298 2123 70.2917
1298 2501 63.8098
1298 2930 50.3036
1299 2356 72.1001
1301 1375 83.1823
1301 2457 73.3874
1302 1901 24.9911
1303 2666 44.8058
1303 2770 77.6795
1304 3589 43.7358
1305 1524 39.0872
1305 1773 63.0169
1305 2655 28.4894
1305 3000 48.0722
1306 2100 46.3611
1306 2228 71.081
1307 2162 39.1035
1308 2729 37.4264
1308 3878 80.8338
1309 1538 50.8486
1309 2989 53.7221
1309 3794 49.0956
1310 2086 35.9716
1310 2942 49.5359
1311 2433 78.3224
1311 2449 37.802
1311 3257 81.8548
1312 1440 33.3095
1312 2483 52.9991
1312 3220 38.9581
1312 3918 78.5116
1313 2690 90.0085
1314 1510 37.4657
1315 1405 21.8235
1315 1708 41.1855
1315 1964 35.6527
1315 2542 64.6685
1315 3100 42.2498
1315 3209 16.0579
1316 2131 60.3185
1316 2186 46.851
1316 2585 52.7737
1316 3131 89.3963
1317 1602 146.592
1317 1909 87.3088
1317 2546 32.3764
1317 2667 72.0908
1317 3391 54.7421
1318 1863 82.3139
1318 2033 71.5965
1319 2288 102.925
1319 3008 35.9304
1319 3148 47.0889
1319 3909 72.592
1320 2104 36.1197
1320 2128 30.9699
1320 2935 22.9681
1320 3815 17.0569
1321 1726 81.2865
1321 1798 71.9212
1321 2354 73.7575
1321 3464 44.4133
1322 2127 42.7521
1322 2932 54.9973
1322 3381 47.2052
1323 1631 57.7564
1323 2854 146.995
1324 1566 70.6355
1324 1656 81.4357
1324 3301 82.497
1325 1811 48.2094
1325 2618 108.234
1325 3522 40.1867
1325 4063 81.1868
1326 1975 37.4065
1326 2543 5.76987
1326 2960 79.2848
1327 1417 73.7013
1327 2258 90.7732
1327 2912 72.3638
1328 2976 106.046
1329 1542 82.4116
1329 3162 78.3881
1330 3389 118.427
1331 3144 23.1909
1332 1701 81.194
1332 2313 75.332
1333 1527 108.417
1333 3902 52.4759
1334 1361 74.8109
1334 3784 44.4736
1335 2323 17.913
1336 2031 23.428
1336 3721 10.0048
1337 2364 61.9338
1337 2803 119.778
1337 3478 53.9123
1337 3998 48.139
1338 1448 22.0267
1340 2834 33.2005
1340 3044 90.4209
1340 3219 80.24
1340 3468 85.0663
1340 3879 80.7135
1341 3521 37.2347
1341 3747 91.387
1342 1622 22.939
1342 2829 48.4487
1342 3124 22.4147
1343 2781 61.6609
1344 1458 59.3884
1344 2468 87.2318
1344 2866 62.2115
1345 2298 23.6344
1345 2900 52.5729
1345 3336 47.7422
1346 1955 76.2359
1346 2347 66.4432
1346 3536 69.1252
1347 2609 38.6054
1347 3342 25.9431
1348 3026 64.5548
1348 3272 68.6406
1348 4037 100.061
1349 1767 79.9382
1349 1848 27.0866
1349 1898 69.1615
1349 2243 22.1185
1350 2297 17.3889
1350 3333 16.9306
1350 3993 27.3863
1351 1648 54.8743
1352 2318 116.308
1352 2885 90.7773
1352 3505 51.5635
1353 2272 50.6063
1353 2967 45.0701
1353 3499 47.7326
1354 3262 18.5881
1355 3653 100.417
1355 4044 77.8796
1356 1472 46.2586
1357 2815 38.8164
1357 3270 25.9747
1358 2244 20.2597
1358 3989 81.2811
1358 4053 27.8471
1358 2322 57.142
1359 1702 44.5918
1359 1999 59.1744
1359 3943 74.7169
1360 2865 66.2875
1361 2464 25.2998
1361 3784 122.841
1362 2154 66.6616
1362 2234 34.878
1362 3160 93.2476
1362 3975 79.1149
1363 1858 91.6597
1364 2601 66.7448
1364 3569 94.6845
1364 3811 61.6009
1365 2173 40.7174
1365 2482 78.258
1365 3210 42.7013
1366 2536 27.6202
1367 2035 116.26
1367 2282 65.8493
1368 1966 14.8268
1368 2521 32.9869
1368 3207 60.4493
1368 3291 14.3264
1369 2883 122.078
1370 2957 78.1658
1370 3656 59.6631
1371 2091 24.6808
1372 2724 90.7603
1372 3036 39.6599
1372 3491 9.4736
1372 3944 60.1075
1373 3663 103.645
1373 3892 75.4246
1374 2809 138.439
1374 3867 55.3681
1375 1576 96.3434
1375 2457 34.0908
1375 3071 75.9478
1376 1981 60.5498
1376 2712 28.2104
1377 2199 10.3395
1378 2531 70.57
1378 3379 41.2895
1379 1633 63.8027
1379 3903 37.0798
1380 2409 71.7765
1380 2972 103.089
1380 2981 40.433
1380 3402 66.5986
1380 3744 54.3899
1380 3797 13.4588
1381 3110 84.0224
1381 3131 90.8034
1381 3245 42.7356
1382 3024 53.5066
1382 3091 56.5662
1382 3607 50.0951
1383 1670 54.9118
1383 3156 45.1802
1384 2633 51.7318
1384 3355 95.3882
1384 3481 42.4077
1384 3693 39.9278
1385 1889 85.6905
1385 3569 100.179
1386 2648 38.3154
1386 2812 35.9224
1386 3404 36.7268
1387 1551 64.3213
1387 2448 55.329
1387 3467 50.7198
1388 1478 34.2401
1388 3158 52.8925
1388 3585 71.6046
1389 1843 66.8674
1389 2778 23.1322
1390 1501 24.712
1390 1827 51.7277
1390 3839 89.4615
1391 2059 56.254
1391 2527 41.838
1391 3098 35.0059
1393 3612 111.162
1394 2117 76.5357
1395 1928 89.4984
1395 1990 67.9986
1395 2217 100.076
1395 3108 74.1091
1396 3031 47.6561
1397 2267 11.8758
1397 2637 50.5834
1397 2902 75.9597
1397 4051 59.2551
1398 1586 28.8378
1398 2807 30.8679
1399 2398 116.612
1399 3424 40.7239
1400 1413 25.5318
1400 2336 105.472
1400 3589 95.041
1402 2637 85.0968
1402 3709 47.2338
1402 4034 19.7687
1403 2160 161.681
1404 3119 15.5137
1405 1708 21.2848
1405 3209 9.4997
1405 3864 35.5126
1406 1669 41.2323
1406 1980 39.7288
1406 3325 37.0988
1407 1887 35.3318
1407 2929 26.1814
1408 1491 56.9948
1408 2500 67.6965
1409 1861 44.7428
1409 2963 70.6855
1409 3198 95.8238
1410 1693 79.9077
1410 2390 53.1183
1411 3378 53.995
1411 3472 66.1168
1412 2583 27.2574
1412 2985 103.854
1412 3438 74.219
1412 3703 64.0271
1413 2336 87.8137
1413 3406 89.8274
1413 3589 57.0556
1414 2836 48.8687
1414 3573 31.5085
1415 1828 43.1877
1415 2479 72.9026
1415 2673 70.6352
1415 2837 120.183
1415 2939 57.2866
1416 2271 35.3613
1416 3359 39.3974
1417 1881 23.9566
1417 2912 60.0009
1417 3837 102.631
1418 2800 69.6634
1418 3023 53.7748
1418 3517 59.6849
1419 3050 141.41
1419 3452 49.2191
1419 3736 102.562
1419 4020 34.6172
1420 1999 44.7896
1420 2263 53.267
1420 4005 69.1975
1421 1547 68.8202
1421 1765 94.4587
1422 2224 107.595
1422 2652 70.5618
1422 3525 22.8859
1422 3549 42.1061
1423 2010 36.2577
1423 2741 90.6491
1424 2709 16.6408
1425 2617 141.218
1425 3393 70.9246
1425 3438 24.4588
1426 1847 53.4345
1426 2107 102.917
1426 2701 83.9999
1427 2404 68.0257
1427 3803 46.4693
1428 2542 81.6146
1428 3095 42.3894
1428 3847 103.277
1429 1772 57.2854
1429 2636 52.6046
1429 3166 114.7
1430 3340 65.1056
1430 4000 85.4944
1430 4066 59.9533
1431 2983 89.4858
1431 3159 75.0486
1433 2296 82.6012
1433 2332 23.068
1434 1809 28.6344
1434 2071 39.5822
1434 2093 44.836
1434 2923 67.0165
1435 2033 109.965
1435 2997 37.3233
1435 3343 9.98765
1436 1731 67.7815
1436 3204 78.0863
1436 3483 27.3277
1437 3674 67.6229
1437 4010 51.2946
1438 2105 56.1905
1438 3190 62.741
1439 1971 76.5451
1440 2483 15.296
1440 3220 61.6367
1441 2348 43.7787
1441 3673 74.7498
1442 2003 28.9038
1442 2454 50.5367
1443 1758 19.8636
1443 1928 54.0968
1443 2792 84.8529
1443 3108 80.0059
1444 2756 57.6349
1444 4035 84.785
1445 3161 23.739
1445 3184 43.9827
1446 2229 62.6295
1446 2240 78.5141
1446 3201 46.2493
1446 3651 30.1274
1447 1853 56.8701
1447 3338 10.3221
1449 2277 49.2512
1449 2988 75.43
1450 2133 90.0164
1451 2694 69.5865
1451 2738 83.824
1451 3603 66.7765
1451 3834 45.4147
1452 2810 81.1519
1453 3088 73.3033
1453 3737 91.528
1453 3792 95.4083
1454 3312 88.0766
1454 3937 101.46
1455 2605 33.8242
1456 1617 87.9275
1456 2565 68.5647
1456 2917 41.5936
1457 2113 54.6706
1457 2432 80.6995
1457 3030 67.866
1457 3712 62.0346
1458 2468 39.1512
1459 1624 60.331
1460 3358 42.016
1461 2392 47.276
1461 3365 109.306
1462 3652 92.4466
1462 3807 91.8456
1462 3871 104.96
1463 1882 19.0461
1463 2505 52.0924
1463 3208 19.8415
1464 3303 66.5742
1464 3337 73.1285
1464 3874 27.7644
1465 2433 117.862
1465 3540 83.0866
1466 3317 103.028
1466 4046 94.7791
1467 2729 91.118
1467 3289 49.8543
1467 3456 84.1792
1468 2586 75.1701
1468 3251 78.992
1469 3990 114.772
1470 2456 66.0652
1470 2908 74.1991
1470 3063 50.0627
1471 2477 56.655
1471 2635 82.3026
1473 2613 53.7138
1473 3717 70.1106
1474 2121 58.6521
1475 1651 83.8895
1475 3806 33.0299
1476 1675 72.8529
1477 1951 45.3944
1477 3361 64.6419
1477 3403 47.9476
1478 3158 59.627
1478 3585 66.421
1480 2759 55.8684
1480 3665 104.556
1481 2202 115.701
1481 2801 81.3737
1481 3584 41.513
1482 1927 35.8238
1482 1992 69.1462
1483 2013 55.949
1483 2731 87.7073
1484 3030 67.8013
1484 3261 60.1553
1485 1541 32.486
1485 1675 63.9185
1485 3432 58.7152
1485 3873 127.59
1486 2058 72.6449
1486 2343 81.0001
1486 3017 42.5745
1486 4031 63.3191
1487 2286 91.0897
1487 2767 40.0551
1487 2848 82.4736
1487 3122 62.9367
1488 3463 65.4496
1488 3792 52.9112
1489 1714 63.908
1489 2264 48.7649
1489 3315 105.091
1490 1545 33.2776
1490 4048 40.3065
1491 2248 82.5965
1491 2351 61.3906
1491 2500 50.6656
1492 1738 66.8493
1492 3445 63.6291
1493 2278 9.37397
1493 2781 51.4117
1494 2716 65.5327
1494 2753 67.4712
1494 3873 79.9144
1495 2089 70.9318
1495 3182 37.7886
1495 3372 66.2762
1496 1547 86.4794
1496 1823 88.0566
1496 2352 29.9351
1496 2455 58.8407
1496 3430 61.726
1497 2183 27.2131
1497 2379 95.0414
1497 3907 53.1932
1498 2253 4.06718
1498 2362 19.1946
1498 3616 83.3392
1499 3139 14.8406
1500 1788 15.9288
1500 2914 71.3744
1501 3549 77.1145
1502 2112 43.5664
1502 2813 18.099
1502 3345 53.131
1503 3240 114.573
1504 2260 46.7754
1504 2265 39.4511
1504 3106 51.007
1504 3321 123.736
1504 3780 29.4428
1505 3150 81.9853
1505 3962 113.902
1506 3218 147.427
1506 3671 195.659
1507 2083 19.7887
1507 2263 24.8151
1508 2376 19.807
1508 3051 26.5892
1509 3437 41.0993
1509 3714 17.1929
1510 2163 68.5673
1511 2118 36.2315
1512 1680 103.11
1512 2682 86.0908
1512 3814 96.2618
1513 1585 32.5439
1513 2716 66.7693
1513 2797 35.2199
1514 1539 34.5439
1515 1577 76.4759
1516 2508 109.219
1516 2714 63.2737
1516 2889 52.0507
1517 1822 41.3064
1517 3687 32.4615
1518 1559 114.083
1518 2314 33.0797
1518 2948 50.3723
1519 3985 54.8055
1520 2050 41.5922
1520 3154 60.2986
1520 3324 78.3731
1521 2387 61.019
1521 2514 74.7965
1522 1528 45.1785
1522 2256 122.061
1522 2789 48.3783
1523 1907 78.504
1523 2584 76.1908
1523 3037 50.7075
1523 3535 67.4873
1523 3906 70.5885
1524 1867 58.587
1524 2655 32.7817
1524 3000 55.6393
1525 2853 12.3782
1525 3666 108.647
1525 3935 30.2513
1526 3280 34.4622
1526 3360 36.4326
1527 2769 73.3662
1528 2256 57.2539
1528 2789 78.5033
1529 1629 31.685
1529 2447 66.9172
1530 1817 85.103
1530 2570 27.1765
1530 4019 96.1566
1531 1565 51.2716
1531 3322 80.3842
1531 3562 69.8898
1532 2134 37.3626
1532 2663 38.5213
1532 3808 124.297
1533 1982 104.837
1533 3397 114.198
1534 3399 77.5399
1534 3492 27.1936
1534 3696 13.7526
1535 1976 91.733
1535 3082 97.1002
1535 3741 76.9826
1536 2261 15.0168
1536 2366 75.8818
1537 2359 85.5373
1537 4022 77.3599
1538 2795 89.0235
1538 2989 12.7296
1540 1809 42.3494
1540 2071 34.3934
1540 2168 33.8021
1540 3416 53.3255
1540 4071 52.1465
1541 1675 73.3046
1541 3432 20.8917
1542 1745 53.6418
1543 1725 70.1986
1543 1944 81.8466
1543 3606 53.3323
1543 3898 61.4344
1544 2315 54.3587
1544 2450 87.7042
1544 3474 13.4475
1544 3995 56.5219
1545 3375 43.2204
1546 2085 16.52
1546 2166 63.5243
1546 2683 48.9606
1546 4052 51.7955
1547 1823 72.5901
1549 2262 43.1791
1549 3035 69.0518
1549 3290 46.8546
1549 4031 78.0494
1550 1916 68.8646
1550 2780 31.181
1550 3252 24.5348
1551 2215 64.6895
1551 2448 34.0062
1551 3467 80.6272
1552 2062 45.8312
1552 2356 61.7722
1552 3976 49.1114
1553 1729 53.7445
1553 2895 34.9296
1553 3173 62.52
1553 3183 74.1974
1554 3583 86.9134
1554 3739 12.051
1555 3199 35.2674
1556 2078 66.217
1556 3414 29.0149
1557 2783 119.242
1557 3895 62.8427
1558 1958 43.0246
1558 2230 32.0386
1558 3510 12.2286
1559 2948 48.5105
1560 1949 26.4734
1560 2124 79.7591
1560 3576 54.8127
1561 1742 62.2961
1561 2335 56.3835
1561 3061 75.8599
1562 2322 46.2822
1562 2707 61.1101
1564 2048 57.5941
1564 2560 61.9143
1565 2582 87.2051
1565 3322 49.6049
1565 3858 60.152
1566 3301 44.5537
1567 1578 89.478
1567 2855 35.4564
1567 3758 73.8475
1568 2589 57.1935
1568 3551 75.443
1569 2548 76.3891
1569 2992 74.719
1570 1759 60.4378
1570 3142 51.7381
1571 1678 48.1854
1571 2235 18.0241
1571 2393 63.3117
1572 2036 48.5139
1572 2632 36.5802
1572 3263 86.8073
1572 3893 58.4323
1573 3002 22.4338
1573 3230 24.4186
1573 3740 64.374
1574 2065 83.9403
1574 2220 58.2683
1574 2300 36.0663
1574 3654 86.9121
1575 2218 68.2169
1575 3512 59.9023
1576 3215 121.929
1577 3427 81.7099
1578 2855 56.987
1579 2855 111.936
1579 3519 72.0505
1579 3751 52.5492
1580 3158 78.2272
1581 1814 5.97407
1581 2746 72.6641
1582 2066 40.1829
1582 2275 47.3352
1582 2669 42.6311
1582 2811 26.2902
1582 4061 51.7991
1583 3146 87.4472
1583 3269 34.6653
1583 3503 28.7497
1584 2298 54.0131
1584 2900 53.8935
1585 2797 110.775
1585 2802 115.613
1586 1671 83.0909
1586 2807 54.5448
1587 2645 59.6333
1587 3636 48.8581
1588 2194 66.8178
1588 3024 62.2504
1588 3091 66.2831
1589 2552 83.228
1589 2973 36.5435
1590 1892 55.5622
1591 2529 116.15
1591 2883 3.68541
1592 1721 68.0444
1592 3513 56.1293
1593 1730 79.0628
1594 1935 47.9901
1594 2269 62.6374
1594 2321 42.5677
1594 2593 24.5898
1594 3870 26.7271
1595 2381 105.425
1595 3145 81.673
1595 3420 27.7059
1595 3891 120.827
1596 2124 58.4298
1596 3284 38.4295
1597 2189 46.6123
1597 2319 37.8448
1598 3362 51.7071
1599 2828 42.5169
1599 3760 54.0959
1599 3897 89.0169
1600 1810 14.4469
1600 2259 18.6788
1600 2667 63.8438
1600 2779 78.7196
1600 3908 33.0796
1601 2279 68.9951
1601 3572 59.2257
1602 1909 65.7696
1602 3391 32.2869
1603 1747 86.843
1603 2000 40.9097
1603 3735 73.8383
1604 2777 27.3578
1604 2874 8.89558
1604 3700 38.7385
1605 1714 133.614
1605 3352 18.9166
1605 3952 24.8246
1606 2126 58.7398
1606 2223 57.3928
1606 3987 43.0754
1607 1731 37.1604
1607 1876 29.7031
1607 3788 93.0802
1608 2144 20.2413
1608 2431 23.5701
1608 3347 59.1494
1609 2281 20.1646
1609 2741 25.0913
1609 3859 4.07094
1610 3654 28.6829
1611 2055 81.2589
1611 2303 42.6594
1611 3502 130.362
1612 3459 62.406
1612 3471 40.0943
1612 3546 43.0391
1612 4019 25.2203
1613 1956 96.4683
1614 3914 62.6588
1615 2907 57.3481
1615 3558 75.0565
1616 2239 60.8816
1616 3167 27.6941
1616 3915 44.1497
1617 2576 69.7365
1618 2419 25.6339
1618 2878 52.2198
1619 3032 48.0245
1619 3267 84.0583
1620 1944 51.1179
1620 3606 102.622
1621 2203 85.4698
1621 2374 16.5105
1621 2631 45.4515
1621 3415 50.8619
1622 2829 89.6255
1622 3124 28.0274
1623 2720 43.6339
1623 3054 67.6257
1623 3494 13.3943
1624 2996 90.9664
1624 3725 101.318
1625 2603 46.0201
1625 2737 64.1783
1625 2751 65.9831
1626 2734 26.954
1627 3219 44.8576
1627 3468 41.3265
1628 1645 120.988
1628 3048 75.7128
1628 3062 46.6946
1629 3999 112.326
1630 1957 35.2992
1630 2078 32.8454
1630 3639 63.6509
1631 1987 88.1223
1631 2854 70.5991
1632 2304 47.2806
1632 3664 55.8691
1633 2126 60.0054
1633 3903 64.6237
1634 2103 20.9594
1634 3580 47.5969
1635 2343 39.4802
1635 3241 30.7757
1635 3574 39.0705
1636 1818 78.3244
1637 1890 18.3765
1637 2817 36.3011
1637 3844 43.8071
1638 1700 45.4741
1639 2067 73.6074
1639 2403 94.8861
1639 2687 87.1185
1639 2775 77.3359
1640 2578 73.5911
1640 2602 66.5701
1640 2793 53.765
1640 3862 84.7164
1641 1739 79.3355
1641 2063 89.1768
1641 2101 142.699
1642 1891 70.1705
1642 2079 48.4394
1643 3448 78.7617
1643 3602 45.3828
1644 2442 60.6152
1644 2613 45.1089
1645 3048 124.668
1645 3340 83.2114
1646 3238 57.1493
1647 2717 50.1823
1648 3954 100.307
1649 2809 54.652
1649 3293 15.0735
1650 1993 63.1829
1650 2257 65.7807
1650 3279 40.0862
1650 3865 60.2318
1651 3294 83.0214
1652 3884 48.1682
1653 1792 74.1566
1653 4003 43.139
1654 2108 52.0086
1654 3778 8.24546
1655 1932 96.4898
1656 2893 17.5525
1656 3016 83.3044
1656 3689 96.6543
1657 3614 37.9423
1658 2389 38.6479
1658 3022 49.5617
1659 1875 62.3514
1659 2289 116.607
1659 3323 76.6415
1659 3476 43.7296
1660 1910 30.2674
1660 2804 59.8413
1660 3628 60.5512
1661 2979 50.9723
1661 3155 115.643
1662 2109 64.9027
1662 2826 111.074
1663 2786 105.181
1663 3625 122.77
1664 2799 69.2831
1664 3401 19.9763
1664 3701 86.2653
1665 2307 62.4032
1665 3501 36.4301
1665 3545 47.9163
1665 3749 36.8588
1666 2040 102.074
1666 2350 22.522
1667 1722 60.6418
1667 3283 49.6449
1669 2493 75.8098
1669 3325 97.8098
1670 2167 67.378
1670 3156 69.018
1673 1697 75.3794
1673 1914 27.2334
1673 2070 40.1866
1673 2744 74.4098
1674 2466 66.6705
1674 3126 53.5666
1674 3407 104.818
1674 3647 85.9992
1676 1855 48.7209
1676 3951 78.5804
1677 3454 8.61365
1678 2235 69.2195
1678 2393 42.2673
1678 3560 43.2749
1679 1791 65.0444
1679 2654 71.3677
1679 2974 32.2912
1680 1862 21.0022
1680 3260 43.5272
1681 2604 62.8824
1681 3449 56.0575
1681 3546 62.5035
1682 2493 103.643
1682 3598 64.8814
1683 2384 71.2902
1683 3724 28.4045
1684 2626 30.125
1684 2830 26.5307
1684 3846 45.3685
1685 1706 25.3025
1685 2944 125.416
1685 3834 67.1973
1686 3161 71.6008
1687 1777 78.8881
1687 2749 39.3721
1687 3076 137.684
1688 2530 51.1726
1689 1723 66.092
1689 2009 125.642
1689 2283 146.559
1690 3034 72.5142
1690 3658 86.7555
1691 1771 72.9134
1691 2964 65.0741
1691 3493 86.8978
1691 3838 60.9158
1692 2681 123.434
1692 3488 102.691
1692 3991 144.122
1693 1769 89.1183
1693 2390 40.037
1693 3052 61.9612
1694 3298 12.1718
1694 3384 55.6005
1695 2933 38.9777
1695 3411 34.6998
1696 2023 112.973
1696 2142 59.0269
1696 2676 59.3814
1696 3378 65.2461
1696 3518 29.752
1697 1914 73.8483
1697 2310 39.0778
1697 2744 83.0686
1698 2606 50.5685
1698 2950 92.4103
1698 3857 54.9002
1699 2174 81.3069
1699 2255 30.2074
1699 2831 46.2477
1701 3836 71.3577
1703 2109 66.2231
1703 3144 59.0154
1704 2148 17.2879
1704 3567 65.7034
1705 1791 77.029
1705 2630 60.9056
1705 2654 65.5225
1705 3505 128.64
1706 2944 74.7807
1707 1748 54.5565
1707 1770 94.1252
1707 2051 87.9
1708 3209 15.8038
1709 1801 84.5175
1709 2566 69.1661
1710 2429 25.5845
1710 2550 56.3736
1711 2375 90.1393
1711 2557 64.87
1711 2711 58.3421
1711 3021 54.2261
1712 1876 111.821
1712 3788 95.0744
1713 3624 76.5052
1713 3894 64.7027
1713 3960 30.5672
1715 2020 64.0595
1716 2402 41.7939
1716 2547 79.0035
1716 2680 74.2654
1716 3596 16.9502
1717 1894 119.481
1717 1995 68.4996
1717 2525 108.443
1717 2845 23.9858
1718 2857 28.3504
1719 2199 58.3818
1719 2821 77.8442
1719 3286 62.6349
1720 2191 54.0833
1720 2946 82.0863
1720 4067 26.5716
1721 3229 97.9778
1724 2418 32.8713
1724 3791 55.4328
1725 3288 56.9985
1725 3898 41.086
1725 4008 37.0084
1726 1798 22.2711
1726 3464 11.0751
1727 2464 46.1661
1728 2149 62.2945
1729 2895 83.6735
1730 3701 86.5777
1732 2421 98.1517
1733 2294 41.4181
1733 2506 34.0072
1733 3829 43.0048
1733 3875 87.7711
1734 2104 82.8237
1734 2363 53.6677
1734 3084 69.4023
1735 2886 39.2268
1735 3579 37.6215
1735 3890 91.5432
1736 1866 41.856
1736 1940 58.4811
1736 2511 34.9752
1736 3189 34.8668
1737 1759 60.5137
1737 3142 57.9164
1737 3961 44.1584
1738 2042 56.176
1739 3640 26.2982
1740 2344 62.1921
1740 3598 59.0921
1741 2045 73.9205
1741 3216 56.3026
1742 2335 103.785
1743 2842 26.6334
1743 3359 84.9942
1743 3642 136.514
1744 2118 47.6407
1744 3537 65.7341
1746 2880 30.182
1746 3465 85.4081
1747 1878 70.1553
1747 3602 56.6819
1748 3709 35.1951
1749 1848 71.0089
1749 1898 60.5352
1749 2243 30.8144
1750 3601 46.5634
1750 3825 57.3395
1750 3923 71.1619
1751 2582 26.8297
1751 3858 48.7269
1752 2212 43.5973
1752 3186 50.3735
1752 3394 11.7446
1753 2054 49.4709
1753 2098 74.169
1754 3243 45.8065
1754 3716 52.5059
1754 3824 39.3181
1755 2725 120.999
1756 2236 28.7603
1756 2725 88.6224
1756 3555 18.5584
1757 2420 39.7544
1757 3826 48.8442
1758 1928 51.6106
1758 2792 76.8565
1758 3559 75.0854
1759 3142 3.86375
1759 3961 63.7745
1760 1833 39.0019
1760 2018 63.7779
1761 1779 75.8072
1761 2016 14.5101
1761 2868 7.14835
1761 3025 66.6245
1761 3823 19.6916
1762 2021 69.5909
1762 3694 51.4075
1763 2075 87.1967
1763 2175 49.0874
1763 3850 80.127
1764 3398 34.1874
1764 3786 70.3913
1766 2595 70.6567
1766 2818 20.9797
1766 4064 65.1811
1767 1947 38.8312
1768 2252 10.7051
1768 2524 108.172
1769 2624 101.199
1770 2051 40.3666
1770 3103 51.9919
1771 2682 41.4092
1772 2679 28.8818
1772 3166 45.4728
1773 3328 24.3406
1773 3768 123.377
1774 3277 45.1612
1775 2146 22.3542
1775 3746 63.1229
1775 3769 94.5932
1776 3092 39.6266
1776 3328 56.9673
1776 3741 65.7359
1777 2061 75.3447
1777 2640 95.6866
1777 2749 138.989
1777 3170 75.4605
1777 3421 91.6666
1778 2027 92.7421
1778 3351 74.1849
1779 2016 69.5368
1779 2088 31.0489
1780 2349 83.459
1780 4057 74.0619
1781 2057 81.4401
1781 2742 85.4105
1781 3436 129.625
1782 2367 79.738
1782 2659 50.4136
1782 2757 83.2261
1783 1951 13.6413
1783 3361 12.0311
1784 1954 91.5643
1784 2367 25.0303
1785 2330 76.0822
1785 3970 69.4524
1786 2672 5.87867
1786 4015 68.4737
1787 2612 44.3025
1787 3276 92.2135
1789 2129 34.2308
1789 2524 46.0131
1790 2010 74.2681
1791 2630 34.8237
1791 2654 14.2607
1791 2922 73.532
1793 2538 59.245
1793 3066 43.5815
1793 3650 11.1114
1793 3713 13.4119
1794 1871 84.2126
1794 3069 71.1883
1794 3570 9.97503
1795 2172 81.3746
1795 2806 73.3714
1795 3827 79.3347
1796 1915 24.342
1796 1938 74.9732
1796 2169 43.1138
1796 2557 74.7418
1797 2879 76.6763
1797 3326 6.83509
1798 2354 68.1482
1798 3055 98.0114
1798 3464 27.4931
1799 3419 17.8945
1799 3664 55.6263
1800 2254 18.1717
1800 3460 59.1175
1801 2064 21.885
1801 2824 14.6156
1802 2114 56.6563
1802 2877 98.5495
1802 3264 32.3274
1803 2454 77.4743
1803 3588 23.3025
1804 2216 68.8676
1804 2528 64.275
1804 2978 45.7351
1804 3412 80.084
1804 3889 74.541
1805 2358 82.8941
1805 3227 73.1967
1805 3939 26.4477
1806 2377 19.9648
1806 3896 46.4653
1807 2125 80.8214
1808 3007 42.6654
1808 3099 41.1954
1808 3137 47.0895
1809 2071 18.0749
1809 2923 53.7175
1810 2259 49.4843
1810 3908 54.1502
1811 2151 74.5877
1811 2618 77.5894
1811 3522 20.6378
1812 3582 64.4893
1812 3912 29.8734
1813 2379 75.4148
1813 2881 51.3253
1813 3907 59.9723
1813 3979 45.0605
1814 2746 71.761
1814 3151 68.4643
1815 2970 90.7366
1816 1989 36.6462
1816 2270 102.464
1816 3665 79.5937
1818 1917 66.319
1819 2656 42.4846
1819 2798 85.2467
1820 1930 42.7845
1820 3046 104.92
1821 2165 57.8375
1821 3133 119.709
1821 3305 104.983
1822 3687 19.1357
1823 2352 60.3225
1824 2178 92.0354
1824 2503 59.7305
1824 3091 33.4168
1824 3818 33.2087
1825 2357 70.0323
1825 3064 169.948
1825 3157 40.0084
1825 3434 48.9783
1826 2222 76.6387
1827 3839 75.8802
1828 1973 32.1801
1828 2479 44.389
1828 2939 15.2881
1828 3138 71.0933
1829 2479 96.1546
1829 3641 10.4846
1830 3803 62.0904
1830 3925 47.1832
1831 2925 97.1806
1832 2162 114.46
1832 3730 27.6359
1832 3799 87.9689
1833 3894 35.6233
1834 2766 28.8479
1834 2873 140.58
1834 3201 34.7583
1835 3131 54.0031
1835 3245 41.1975
1835 3397 57.9579
1836 2896 74.7955
1836 3794 29.3631
1836 4062 68.4163
1837 1985 78.546
1837 2281 92.4657
1837 2534 98.3507
1837 2657 31.5307
1838 2639 29.894
1838 3349 51.1899
1839 2548 17.5506
1840 2829 56.9361
1840 3124 76.7335
1841 2836 45.3182
1841 3348 60.1072
1841 3470 84.9123
1842 2230 50.4698
1842 3786 63.1589
1842 3953 68.3375
1844 2497 50.3699
1844 3616 48.5576
1844 3631 17.7599
1844 3931 57.6299
1845 2369 65.2517
1845 2911 67.0223
1846 2309 50.2039
1846 2396 100.826
1848 1898 29.8952
1848 2243 17.0965
1849 2541 79.084
1849 2847 31.3548
1850 3534 19.9028
1850 3977 21.1692
1851 1996 46.8586
1851 3078 106.894
1852 2264 66.4428
1853 3338 80.357
1853 2484 43.1824
1854 1871 15.2349
1854 3440 66.4455
1854 3685 50.6365
1855 3951 125.895
1856 3274 53.9428
1856 3514 33.1015
1857 1868 40.856
1857 2210 79.4042
1857 2916 37.0488
1857 3849 69.0424
1858 2547 74.8616
1858 2810 24.0492
1859 3926 41.0157
1859 3968 66.3383
1860 2412 58.5345
1860 2722 96.3375
1861 2963 68.3237
1861 3435 75.4725
1862 3260 55.1284
1863 4050 106.622
1864 2859 89.282
1864 4064 45.7652
1865 2831 67.8003
1865 2965 79.1549
1866 2511 27.3276
1866 2943 23.6013
1866 3756 23.7769
1867 1935 98.9795
1868 2210 119.52
1868 2916 72.7069
1869 2844 50.5842
1869 3622 66.8227
1870 2102 65.581
1870 2371 100.475
1871 3440 70.8195
1871 3570 55.7841
1871 3685 39.1129
1872 3082 96.1897
1872 3768 77.1733
1873 1967 129.087
1873 2661 9.45637
1873 4017 130.712
1874 2644 55.807
1874 3448 76.9063
1876 3788 73.7023
1877 1885 40.1814
1877 1923 57.1308
1877 2592 20.8741
1878 3448 51.7873
1878 3602 28.6844
1879 3203 19.1653
1879 3369 55.9454
1880 4032 84.051
1881 2258 73.6135
1881 2912 54.2237
1882 3208 55.7987
1883 2735 26.9385
1884 2577 121.142
1884 3513 74.1289
1885 1923 84.9544
1885 2592 61.5353
1886 1900 58.8276
1887 2929 35.1632
1888 2520 63.5226
1888 3743 96.9105
1889 2601 100.474
1889 3569 30.3308
1890 3351 68.3027
1890 3844 41.9673
1891 2079 128.536
1892 1936 25.682
1892 3039 71.0301
1895 2307 62.4123
1895 2999 55.8717
1895 3453 65.3647
1895 3945 66.9078
1896 2198 59.2638
1896 2207 134.296
1897 2890 36.9608
1897 3307 21.88
1897 3496 122.941
1898 2243 34.1581
1902 2391 49.1418
1902 3306 103.34
1902 3787 101.813
1903 1926 92.5569
1903 2400 39.5052
1903 3845 41.3377
1904 2756 55.3252
1904 3942 73.5122
1905 2537 55.6339
1906 2691 70.1768
1907 3037 11.7095
1907 3535 105.082
1907 3906 76.297
1908 3114 43.2257
1909 3141 55.4613
1909 3391 11.0104
1910 2804 69.8999
1910 3628 41.935
1911 3399 64.7994
1911 3565 76.2181
1912 2293 55.6564
1912 3458 50.855
1912 4023 95.5394
1913 2111 98.9308
1914 2070 40.4653
1914 2744 58.1891
1915 1938 101.586
1915 2169 87.7978
1915 2557 87.4468
1916 2780 76.281
1916 2993 39.4751
1916 3077 76.7776
1918 3845 121.33
1919 2456 58.5176
1919 2908 51.8858
1919 2937 45.3025
1919 3063 55.5116
1920 2440 23.8266
1920 2838 53.0573
1920 3210 37.2848
1921 2426 61.2544
1921 3241 83.5862
1922 2318 101.029
1922 2406 68.5021
1922 3140 54.0664
1923 2592 48.7056
1923 3785 29.0578
1924 2360 52.592
1924 3467 84.329
1925 1988 47.7095
1925 2365 84.5933
1926 3168 79.9723
1927 1992 52.2246
1928 2234 119.891
1928 3108 34.5525
1929 2768 17.3794
1929 2940 6.83716
1929 3835 21.4025
1930 3425 109.075
1931 1934 74.1588
1931 3727 59.8661
1931 3921 66.7895
1932 2080 55.1886
1932 3385 26.3279
1933 2013 120.276
1933 2731 124.521
1933 3965 8.40137
1934 3921 35.562
1935 2321 54.271
1935 2593 54.9129
1936 3039 77.2108
1937 3350 31.9057
1937 3789 24.7477
1937 3840 13.878
1938 2061 54.4226
1939 2389 110.217
1939 3400 11.2963
1940 2511 37.8849
1941 2805 44.7623
1941 3706 58.9166
1941 3924 38.7926
1942 2324 12.5159
1942 2776 72.3268
1942 3389 95.6481
1942 3543 42.3232
1943 3370 70.467
1945 2702 86.7675
1945 4026 47.9139
1946 2276 53.7175
1946 2509 57.0208
1946 3469 58.9749
1948 3828 50.0822
1949 3237 53.4528
1949 3576 26.6346
1950 3211 23.0556
1950 3259 34.2358
1951 3361 35.1453
1952 3972 79.1369
1953 3120 8.93544
1953 4049 47.8048
1954 2117 82.2982
1954 2367 138.351
1955 3536 40.7944
1956 2209 62.7171
1956 3336 43.3804
1956 3927 51.5136
1957 2078 19.1128
1958 3510 60.5882
1958 3942 98.4245
1959 2651 68.603
1959 3497 46.2851
1961 2339 68.2212
1961 3431 33.3762
1961 3929 55.0122
1962 2060 79.215
1962 3638 82.683
1963 2428 4.96715
1963 2575 82.2343
1963 3634 44.408
1964 2542 64.3349
1964 3100 37.9983
1964 3209 52.1257
1966 2521 27.4586
1966 3207 44.6121
1966 3291 34.8975
1967 2659 46.5991
1967 2661 119.055
1967 2757 19.966
1968 1977 62.5223
1968 2475 51.6818
1968 3719 117.766
1969 2180 52.3131
1969 3330 21.622
1969 3344 39.5601
1969 3479 37.0315
1970 2970 117.334
1971 2427 89.8709
1972 2053 72.6336
1972 3075 27.2312
1972 3383 68.3337
1973 2479 46.4288
1973 2939 60.7141
1973 3138 12.5838
1974 2029 25.8152
1975 2543 41.4177
1975 2867 42.7791
1976 3086 58.6992
1976 3699 92.7651
1977 2475 82.8145
1977 3180 36.553
1978 2317 60.2231
1979 2296 73.0323
1979 3078 103.937
1980 3866 55.7222
1981 2712 24.9004
1981 3059 131.732
1981 3661 54.4391
1982 2465 77.2258
1982 3397 68.2971
1983 2646 77.0953
1983 3493 87.227
1983 3681 62.973
1984 2851 50.4239
1985 2281 53.7977
1985 2657 87.8302
1985 3581 53.6162
1986 2720 64.4956
1986 3561 43.3708
1987 3591 34.5358
1987 4018 99.8571
1988 2365 102.35
1989 3121 105.912
1989 3665 56.2524
1989 3831 86.676
1990 3807 75.3082
1990 3975 63.9958
1991 2114 24.2581
1991 3264 47.3067
1992 3973 117.175
1993 2257 26.681
1993 2421 80.274
1993 3279 78.5767
1994 2588 27.0884
1994 2977 27.5252
1994 3635 77.2304
1994 3675 50.6902
1995 2525 34.3355
1995 2845 30.5851
1995 3630 78.1572
1996 2321 39.955
1996 2395 47.9291
1997 2271 96.223
1997 3267 84.7935
1997 3374 102.92
1998 2516 80.1408
1998 3088 49.9489
1998 3737 45.1328
2000 3735 87.1153
2001 3132 34.8909
2001 3925 82.8737
2002 2549 4.58462
2002 3199 91.0186
2004 3044 81.4641
2005 2961 17.0285
2005 3085 69.0651
2005 4033 44.2271
2006 3300 30.6456
2006 3586 70.6589
2007 2596 124.729
2008 2172 59.9342
2008 2675 20.4682
2009 3960 70.1522
2011 2489 94.8756
2011 2578 48.8705
2011 2602 92.1712
2011 3116 48.9988
2012 2791 38.6935
2012 2999 70.8429
2013 3965 82.7202
2014 2344 51.621
2014 3848 22.8488
2014 3957 87.164
2015 2279 27.9007
2015 3572 43.7458
2016 2868 23.4037
2016 3823 39.9689
2017 2533 91.9239
2017 2951 123.808
2018 2063 109.644
2018 3473 63.5306
2018 3869 105.144
2019 2308 54.0805
2020 2052 55.0399
2020 3334 76.3886
2021 3028 51.5637
2021 3707 82.9227
2022 2463 54.8892
2022 2580 81.6592
2023 2142 99.3067
2023 2676 47.2489
2024 2627 141.262
2024 2909 157.216
2024 3890 101.754
2025 2157 88.5273
2025 2193 71.5764
2025 2760 110.423
2026 2218 50.6106
2026 2700 46.7891
2026 4024 20.052
2027 2106 41.5271
2028 2355 19.5606
2028 2519 42.966
2028 3057 40.0349
2029 2909 83.6675
2030 2438 101.831
2030 3353 93.5154
2030 3660 49.6196
2031 3721 23.1705
2032 3053 137.767
2032 3311 56.9616
2032 3442 65.5933
2032 3702 90.0812
2033 3343 84.6066
2034 3080 82.1369
2034 3187 67.9491
2035 3912 86.3818
2036 2632 31.8942
2037 3609 93.5948
2037 3621 66.9089
2038 2486 80.897
2038 3370 69.9774
2038 3819 60.7312
2039 3646 6.58789
2040 3950 113.548
2041 3688 49.2332
2041 3906 85.2832
2042 3806 66.6245
2043 3489 65.7171
2043 3704 67.6037
2044 2137 62.6353
2044 2771 75.3489
2044 3563 21.3625
2044 3966 54.3536
2045 3485 71.8361
2045 3822 54.7702
2046 2153 68.8521
2046 2497 57.7387
2047 2342 27.0413
2047 3767 107.059
2048 2560 89.8682
2049 3705 57.9724
2050 3324 83.0303
2051 3103 47.9952
2053 3383 39.5142
2054 3249 37.4441
2055 2559 64.4194
2056 2368 28.2146
2056 2612 57.8618
2056 2936 59.9559
2057 3436 79.5422
2058 2159 44.573
2058 3853 34.2851
2058 4031 62.591
2059 2540 71.2354
2060 2446 104.469
2060 3638 76.5045
2062 2674 103.489
2062 3976 39.233
2063 3869 103.796
2064 2824 8.52592
2064 3172 103.343
2066 2275 5.46408
2066 4061 45.6329
2067 2395 100.78
2067 2775 77.571
2068 2192 62.159
2068 2250 64.8731
2068 3376 77.6523
2069 2119 27.9216
2069 3418 25.5385
2069 3482 61.0727
2070 4013 168.363
2071 2093 61.7362
2071 2168 76.9468
2071 4071 55.8179
2072 3168 109.637
2073 2474 10.4844
2073 2886 96.4326
2073 3198 79.9429
2075 3308 54.0491
2075 3850 64.5178
2076 2306 35.5624
2076 3947 55.0246
2076 3984 66.5101
2077 2937 45.2492
2077 3395 13.3269
2077 3506 12.2523
2078 2747 93.0984
2079 3492 61.828
2080 3385 34.9744
2081 2315 60.2409
2081 3995 48.2077
2082 2329 57.9533
2082 2696 78.5248
2082 4043 35.7886
2083 2263 15.7219
2084 3611 76.4557
2084 3753 62.6355
2084 3783 36.1654
2085 4052 44.7283
2086 2942 84.0164
2087 2703 105.007
2088 2157 76.8538
2088 3439 75.8724
2089 3182 76.7645
2090 2867 17.5332
2090 3018 56.2559
2090 3620 79.4558
2091 3412 78.9065
2091 3889 94.5122
2092 3473 77.2997
2094 3683 60.0638
2094 3816 5.32285
2094 4021 46.8953
2095 2434 77.1808
2095 3228 44.9776
2096 3193 55.056
2096 3313 51.0906
2097 2778 54.2449
2097 2862 50.0277
2097 3697 87.57
2098 2316 57.4466
2098 3936 12.3142
2100 2228 73.7216
2101 2178 162.954
2102 4071 49.7208
2104 2128 11.7257
2104 3815 53.1071
2105 3126 35.685
2106 3351 58.5254
2107 2701 12.3255
2107 3213 70.1845
2108 2492 97.9699
2108 2885 102.647
2108 3778 50.1461
2109 2826 65.3053
2110 2581 37.0219
2110 2971 37.4238
2110 3033 35.5904
2110 3268 68.8959
2111 3234 89.3112
2112 2459 75.9426
2112 2642 89.2829
2112 2813 81.3971
2112 2918 108.506
2113 2432 34.0734
2113 3712 62.1554
2114 3264 37.482
2115 3166 98.8294
2115 3954 80.0731
2116 2310 34.8819
2118 3537 48.1702
2119 3418 25.9845
2119 3482 83.7982
2120 3218 91.9142
2120 3354 68.9498
2120 3363 72.6728
2121 2311 74.1067
2121 2728 58.3289
2121 3937 28.0971
2122 3241 67.2975
2122 4007 15.4048
2123 2930 40.4792
2126 2504 56.4714
2126 3903 55.2198
2127 2932 28.1631
2127 3381 83.9632
2128 3815 36.962
2129 2341 71.223
2130 4047 38.4277
2131 2585 15.4742
2131 3110 49.1704
2132 3771 20.047
2132 4023 36.4511
2134 2663 67.9511
2135 2719 37.4584
2136 2385 30.8606
2136 2460 65.2595
2137 3563 42.0371
2137 3966 47.1686
2138 2822 25.0911
2138 2857 36.4868
2139 2824 71.563
2139 2954 45.2722
2139 2959 21.0729
2139 3439 55.7966
2140 3030 49.1364
2140 3318 61.7047
2140 3509 54.5629
2141 3134 66.659
2141 3504 78.4775
2142 2676 48.0329
2143 2690 77.9408
2143 3151 45.8961
2143 3224 102.326
2143 3805 141.303
2143 3988 5.55284
2144 2431 22.3779
2146 3746 35.985
2146 3769 51.6318
2147 2329 72.2367
2147 2365 131.833
2147 2856 75.2539
2148 3567 79.4425
2149 3677 32.1391
2149 3800 47.8723
2150 3406 101.735
2150 3589 91.0813
2151 2293 67.4304
2151 3522 46.958
2152 3213 51.7879
2153 2683 64.2618
2154 3160 32.0047
2155 2517 12.5229
2155 3194 61.1096
2155 3673 26.5397
2156 3486 24.1092
2156 3883 49.0356
2157 2447 98.015
2157 3439 59.002
2158 2668 51.6155
2159 3853 6.86057
2161 2723 74.6847
2162 3730 44.9673
2162 3799 18.7372
2163 3233 75.7892
2163 4063 81.8846
2164 3236 19.4042
2164 3332 107.776
2165 3117 68.7782
2166 2683 29.2514
2166 2995 72.0057
2167 3429 90.1726
2168 3416 50.5196
2169 2557 49.6726
2170 2808 50.739
2170 3102 62.6461
2170 3558 70.4688
2170 3982 105.27
2171 2177 61.0357
2171 2255 76.9456
2172 2675 31.5864
2172 3827 69.2901
2173 2482 55.4366
2173 3042 23.2319
2173 3206 65.3781
2173 3934 46.4093
2173 4045 10.2742
2174 2831 45.2929
2175 3850 69.6727
2176 2295 109.482
2176 2753 83.5187
2176 2863 43.4236
2176 3432 62.3562
2177 2255 47.3837
2178 2503 51.3703
2178 3818 72.5372
2179 2611 33.7034
2179 2732 33.2002
2179 2505 35.2524
2180 3330 84.9641
2180 3344 81.7176
2181 3760 136.1
2182 3231 74.1533
2182 3426 46.5372
2183 3248 50.5494
2183 3907 79.8876
2184 2477 61.2399
2184 2635 81.1079
2184 2770 69.0327
2185 2619 19.2221
2186 2585 56.1989
2186 2643 56.6918
2187 3149 77.9978
2187 3667 84.4064
2188 2514 80.1653
2188 2998 33.984
2189 2319 16.9411
2190 2405 12.4188
2190 3919 69.8637
2191 2571 34.3249
2191 2946 66.7768
2191 4067 47.5875
2192 2335 125.627
2192 3376 93.0366
2193 2882 49.0622
2194 2424 74.7823
2194 2827 92.1241
2194 3433 51.8462
2195 2597 60.6242
2195 3094 63.3619
2195 3465 61.5152
2196 2624 100.778
2197 2920 46.6771
2198 2207 91.137
2200 2537 64.3153
2200 2568 40.465
2200 3234 63.8679
2201 2556 84.9355
2201 2713 69.4198
2202 2465 62.6416
2202 3584 51.6949
2203 2374 72.8194
2203 2631 18.0441
2204 3382 86.8081
2204 3843 66.2692
2205 3191 34.3539
2205 3755 45.7665
2206 3395 74.3071
2208 2923 59.3114
2208 3185 59.6346
2209 3336 19.6093
2209 3623 66.8563
2210 2916 101.434
2211 3104 62.4617
2211 3254 59.3058
2212 3394 22.443
2212 3605 63.1031
2213 3053 88.6737
2213 3442 143.591
2215 3880 58.6409
2216 2796 43.5228
2216 2978 7.5448
2218 4024 22.0552
2219 3258 100.168
2219 3339 69.6332
2219 3550 19.0087
2220 2300 38.0339
2220 3654 74.7974
2221 2934 22.2698
2221 3527 73.9212
2221 3564 77.6122
2222 3265 21.2188
2222 3282 94.8924
2223 3821 28.0906
2223 3987 37.8155
2224 2652 25.2522
2224 3525 53.6393
2225 2347 59.2723
2226 2949 56.1315
2226 3811 66.7287
2226 3836 78.0589
2227 2772 109.732
2227 3097 52.6814
2227 3164 52.1319
2227 3967 15.728
2228 3658 90.375
2229 2240 65.8557
2229 3651 74.425
2230 3510 27.6594
2230 3953 96.8772
2231 2726 23.0021
2231 2819 36.6486
2231 3706 51.9885
2232 3260 119.155
2233 2397 65.7073
2233 2589 19.6999
2234 3975 116.168
2235 2393 96.4004
2236 3555 75.1265
2236 3622 87.82
2237 2662 107.192
2237 2755 112.231
2237 3470 101.658
2238 3668 52.0641
2239 2520 37.5602
2239 3167 45.1125
2240 3651 41.3382
2241 2877 87.9378
2242 3876 39.6469
2244 3989 51.4482
2244 4053 45.2157
2245 2894 33.3237
2245 3331 122.751
2246 2611 95.3592
2246 2732 51.7872
2247 2952 69.1704
2247 3113 48.6145
2247 3426 57.9854
2247 3765 34.4554
2248 2500 30.3624
2249 2305 39.9995
2250 3364 53.031
2250 3376 60.7023
2251 2361 60.8496
2251 2854 77.8884
2251 3246 69.3524
2251 3262 70.1656
2252 2524 50.7888
2253 2362 21.637
2253 3616 78.8075
2254 3052 85.2469
2254 3460 81.5478
2256 3666 42.0046
2256 3720 71.4268
2257 3279 34.7578
2258 2912 32.5129
2259 2667 35.5652
2259 3908 26.675
2260 2265 62.3508
2260 3780 39.7452
2260 4002 72.0661
2261 2366 38.7247
2262 3035 48.2525
2262 3290 24.5072
2264 2489 64.0613
2265 2852 56.3898
2265 3106 45.9821
2265 3780 70.9439
2266 3663 24.4895
2267 2637 66.2939
2267 2902 66.7865
2267 4034 47.6598
2267 4051 56.2366
2268 2276 64.0283
2268 2594 11.0383
2268 3040 41.5608
2269 2593 36.2449
2269 3870 18.9579
2270 3121 58.2385
2270 3831 91.7496
2272 2967 15.7723
2272 3499 86.547
2273 2805 60.31
2273 3924 66.2487
2274 3501 45.0311
2274 3545 35.4361
2274 3644 9.20372
2275 4061 51.105
2276 2594 96.9397
2277 2553 70.9521
2277 3316 59.347
2277 3958 15.3857
2278 2781 87.3005
2279 3572 49.695
2280 3840 48.609
2281 3859 23.9951
2282 3033 53.8189
2282 3268 33.5983
2284 4070 23.9415
2285 2853 99.5344
2285 3017 63.1379
2285 3720 36.9964
2285 3935 76.6305
2286 2728 101.015
2288 3148 53.1932
2288 3909 139.851
2289 3476 72.4006
2290 3304 70.2126
2290 3529 74.0837
2291 2460 84.9374
2291 3221 36.6194
2291 3793 94.8774
2292 2697 111.742
2292 4038 86.6926
2293 4023 74.5897
2294 2506 83.6058
2294 2731 60.5321
2295 3111 145.862
2295 3432 70.6128
2296 2332 117.211
2297 3333 26.8044
2297 3993 9.36941
2298 2900 36.7188
2299 2985 54.6911
2300 3654 53.7105
2301 2556 57.2384
2301 2713 123.718
2302 2541 63.7427
2302 2762 44.0151
2303 3502 68.1096
2304 3664 43.3063
2304 4030 34.5782
2305 2569 51.2463
2306 3947 22.2829
2306 3984 35.6695
2307 3945 17.0936
2308 2924 20.7868
2308 3479 27.6299
2309 2396 79.8131
2311 3171 65.5505
2312 3329 113.123
2312 3959 41.7955
2313 2905 74.8781
2314 2408 146.719
2314 2948 70.9772
2314 3300 105.127
2315 3474 42.6519
2315 3995 9.11649
2316 3936 48.0537
2317 2688 70.3421
2318 2969 48.4306
2320 2910 10.4613
2321 2395 58.5413
2321 2593 30.9211
2322 2707 29.4906
2324 2776 67.4668
2324 3543 45.7611
2325 2748 93.7206
2325 3222 66.3451
2326 2444 59.0491
2327 3364 49.7333
2327 3678 31.6085
2329 4030 45.1876
2329 4043 106.327
2330 2333 34.0965
2331 2461 106.089
2331 3455 66.8209
2333 2745 56.0409
2333 3127 53.2604
2334 2705 66.2304
2334 2723 66.0931
2334 2986 121.388
2335 3376 90.0279
2337 2807 63.8462
2337 3759 29.2649
2338 2639 76.8421
2338 3349 92.6666
2339 3431 40.1323
2339 3929 79.9425
2340 2664 55.4259
2340 3009 100.433
2340 3105 42.9816
2340 3978 52.517
2342 3767 91.9802
2343 3574 67.8278
2344 3848 73.5403
2344 3957 67.0373
2345 3762 57.5307
2346 2564 15.5232
2346 2888 69.0004
2346 3832 38.0406
2348 3673 95.0562
2350 3611 97.8583
2351 3520 79.2017
2352 3430 49.4694
2353 2476 19.5295
2353 3484 28.5888
2353 3500 71.1167
2353 3734 83.6276
2354 3055 48.3533
2355 2519 36.1812
2355 3057 13.8226
2356 3976 56.5981
2357 2692 33.32
2357 2884 53.1561
2357 3434 54.048
2358 3598 92.687
2358 3939 49.389
2359 3220 94.2493
2360 3467 92.1543
2361 3246 21.8217
2362 3616 60.5396
2363 2833 37.9287
2363 3084 45.0907
2364 3302 46.1324
2364 3478 16.075
2365 4029 28.9179
2368 2612 78.5207
2368 3913 79.1851
2369 2759 105.327
2370 2608 31.5773
2370 2998 54.7812
2371 3200 63.0648
2373 2482 66.6537
2373 2625 26.7098
2373 2908 46.5704
2374 2488 76.2406
2374 2631 56.1826
2374 3415 52.5805
2375 3194 65.5226
2376 2665 50.0419
2376 3051 0.528517
2377 3284 27.6531
2377 3896 11.7944
2378 2576 111.815
2378 2580 91.1745
2379 3907 7.32903
2379 3979 11.8687
2381 3420 93.2532
2381 3891 56.2529
2382 3005 89.3521
2382 3568 24.4766
2382 3715 64.4611
2383 2886 131.092
2383 3198 58.2278
2385 2958 36.0369
2386 2870 63.1787
2386 3097 27.8381
2386 3164 58.8632
2387 3643 20.5383
2389 3400 82.5453
2390 3052 42.982
2391 3250 132.408
2392 3365 130.881
2393 3560 60.1557
2393 3710 39.5821
2394 2953 51.398
2394 3861 46.6915
2395 2775 116.81
2397 2589 42.3885
2397 2736 29.201
2397 3366 98.917
2398 3424 75.3316
2399 2423 49.446
2399 2837 54.4049
2399 3012 92.1477
2400 3845 18.9512
2401 2877 37.6928
2401 3521 56.1496
2402 3237 80.76
2402 3596 30.9086
2403 2687 40.8654
2403 3034 119.975
2404 3179 58.8505
2404 3239 22.4763
2405 2478 61.421
2405 3919 90.5294
2406 3140 58.6656
2406 3842 33.5667
2408 3227 93.8704
2409 2972 33.7107
2409 3797 58.6483
2409 4054 63.0251
2411 2792 100.984
2411 3281 51.677
2412 2722 65.266
2413 3177 56.1569
2413 3657 34.3148
2414 3916 98.2743
2415 2698 32.0341
2415 3695 54.4689
2415 3764 67.5528
2416 3754 12.9988
2417 3029 74.9078
2418 3791 28.0167
2420 2689 88.1133
2420 3202 53.4259
2422 3190 74.9338
2422 3507 12.8535
2424 2590 41.6309
2424 2827 46.9531
2424 3433 46.1891
2425 3255 22.7745
2426 2890 71.0212
2426 3307 48.5902
2426 3718 50.1366
2427 2442 54.0919
2428 2575 46.7911
2429 2550 47.4924
2430 2526 16.0504
2431 3304 57.4966
2431 3347 63.8639
2431 3529 74.0995
2432 3712 74.6914
2433 2449 10.1761
2433 3257 72.4324
2434 3228 67.5267
2435 3014 85.6553
2435 3669 103.086
2435 3910 61.3619
2436 2621 17.3237
2436 3096 51.8226
2436 3280 43.1093
2437 2598 50.5462
2437 2765 73.0083
2437 3362 49.2388
2437 3613 88.1352
2438 2958 43.4868
2438 3353 50.7767
2439 3095 105.27
2440 2838 67.2702
2440 3210 18.7977
2441 3232 83.7722
2441 3236 94.4602
2441 3310 41.7611
2443 2668 61.4913
2443 3118 10.2722
2444 3861 56.8549
2445 2793 64.7364
2445 2955 36.0748
2446 3327 107.145
2447 3439 99.9579
2448 3467 42.824
2449 3257 70.1317
2450 3995 79.2847
2451 2758 54.202
2452 3578 58.5946
2452 3792 46.6007
2453 2560 96.0462
2454 2742 88.8379
2454 3588 54.8771
2455 2632 60.5599
2455 3430 15.4836
2456 3063 8.98422
2456 3456 29.4454
2457 2835 63.5772
2457 3071 22.3507
2458 3177 104.274
2458 3617 55.9102
2459 2918 49.2726
2459 3713 58.7764
2460 3793 37.5603
2461 3455 54.6776
2461 3817 130.574
2462 3396 109.894
2463 2580 89.5772
2466 3126 110.321
2466 3647 41.5846
2467 2721 51.3117
2467 3982 42.758
2469 2555 22.2151
2469 3743 69.9977
2470 3708 68.7491
2470 3917 5.46194
2470 4068 65.4469
2471 2680 121.063
2471 2843 112.807
2472 3174 83.6362
2472 3521 80.2833
2472 3747 37.3143
2473 2903 98.0874
2473 3085 50.8208
2474 2886 78.2502
2474 3198 62.1616
2475 3180 99.1632
2475 3306 85.7485
2476 3484 38.9557
2476 3500 32.2236
2477 2927 85.5571
2479 2673 54.1461
2479 2939 33.4281
2479 3641 81.3813
2481 2513 25.3347
2481 2636 73.6543
2481 3885 59.6055
2482 2625 37.5901
2482 4056 25.8923
2484 3779 9.87099
2485 4005 28.8674
2486 3370 14.6704
2486 3819 57.6727
2487 2542 96.8667
2487 3423 78.2587
2487 3627 17.9757
2488 2499 51.6761
2488 3415 36.2794
2489 4039 83.2249
2490 2938 83.2671
2490 3871 64.3042
2491 3089 53.5677
2491 3708 86.6316
2492 3653 76.8076
2494 3971 67.3996
2495 2814 70.2532
2495 3235 59.2801
2495 3402 20.9296
2496 2658 57.8302
2496 3019 62.4013
2496 3197 57.3927
2496 3671 102.981
2496 3801 60.718
2497 3690 60.7213
2498 3143 65.3533
2498 3387 41.6805
2502 3856 5.84611
2503 3818 56.3302
2505 3208 45.8417
2506 3829 48.9667
2507 3115 33.9037
2507 3133 26.518
2508 3733 50.5212
2508 3770 61.3763
2509 3040 55.7441
2509 3469 3.906
2510 2710 20.3974
2510 3566 12.3641
2511 3189 36.5334
2512 2709 110.206
2512 3080 70.1206
2513 2636 33.5433
2515 2614 58.4463
2515 3175 17.4709
2516 2572 63.1574
2517 3194 68.981
2517 3673 49.6055
2518 2794 11.3542
2519 2753 61.3828
2519 2863 60.1488
2519 3057 16.1351
2519 3561 61.313
2520 3743 120.49
2521 3291 33.6984
2522 2551 30.8781
2522 3331 28.6825
2523 2641 63.8582
2523 3058 36.9778
2523 3887 47.7224
2523 3911 59.7242
2525 2845 81.5713
2525 4053 83.2832
2527 2904 37.0829
2527 3796 50.5531
2528 2978 94.1368
2528 3118 102.55
2529 2653 70.0425
2529 2685 73.8857
2530 3725 135.47
2531 3445 60.9714
2532 2610 84.9475
2532 2761 42.4744
2533 3659 35.708
2534 3619 94.7995
2535 2785 61.5561
2535 2945 45.1044
2535 3997 34.0711
2536 3970 65.6348
2537 3234 61.3211
2538 3066 37.2912
2538 3650 42.3204
2538 3713 34.6426
2539 3171 72.3046
2539 3738 45.9407
2540 3655 33.1141
2540 3923 91.0325
2541 3294 33.1516
2543 2960 81.0195
2543 3018 60.4907
2543 3620 87.846
2544 2966 35.9151
2545 2941 95.5163
2545 3745 26.5612
2545 3811 63.8546
2546 2667 64.6168
2546 3908 79.6916
2547 2810 89.9521
2548 2992 98.6013
2549 3199 54.2397
2551 2894 70.454
2551 3331 3.07701
2551 4010 23.6715
2552 2718 75.9296
2552 2973 81.9864
2552 3371 51.4127
2553 3958 59.57
2554 3357 93.0036
2554 3575 122.887
2554 3854 47.8312
2554 3863 64.4837
2555 3743 64.9306
2556 2713 85.2286
2557 3021 51.4542
2558 2561 17.7043
2560 2607 37.0909
2561 3150 58.932
2561 3962 97.6504
2562 2913 48.339
2562 3833 31.9974
2563 3826 69.708
2564 2888 78.3279
2564 3832 50.421
2565 2576 93.5853
2565 2917 19.739
2566 3552 30.484
2566 4042 21.0462
2567 2671 39.5751
2567 3729 35.5453
2567 3886 13.6859
2567 3980 21.7786
2568 3234 66.8713
2570 4019 94.7239
2571 2946 9.97426
2571 2994 55.6821
2572 3761 50.4599
2573 2674 85.4664
2573 3360 72.5868
2573 3586 57.6325
2574 2968 16.3587
2576 2917 72.1359
2577 2579 54.735
2577 3590 49.7743
2578 2602 36.1626
2578 3116 18.2453
2578 4039 79.0294
2579 3590 47.4884
2581 2971 43.341
2581 3033 62.2488
2582 3858 12.4366
2583 3703 25.0623
2583 3904 88.5644
2584 3535 140.156
2585 3110 71.9522
2586 3251 5.04708
2587 2897 69.1119
2587 2932 60.311
2587 3123 68.7155
2588 2977 24.9062
2589 2736 79.3926
2590 3594 40.8383
2590 3951 35.6064
2591 3446 50.1566
2592 3785 75.5545
2593 3870 38.9262
2594 3040 60.3849
2595 2818 82.7931
2595 2841 49.9383
2597 3094 56.3386
2597 3465 75.5534
2597 3999 104.931
2598 2765 32.2908
2598 3613 34.4966
2599 4016 88.6748
2600 2806 42.6442
2600 3943 100.335
2601 3569 52.9905
2601 3811 63.1239
2602 3116 40.9534
2603 2737 9.36367
2603 2751 82.1186
2604 2738 110.987
2604 3603 56.444
2605 3135 84.2568
2605 3575 87.622
2609 2963 87.993
2609 3342 43.9857
2610 2761 31.015
2611 2732 14.477
2612 3276 54.9405
2613 3011 61.0926
2613 3717 42.4771
2614 2773 28.4048
2614 3175 70.8299
2614 3955 34.3456
2615 2704 15.871
2615 3311 35.8501
2616 3014 64.1418
2616 3910 25.483
2616 3969 36.615
2617 3735 100.408
2618 3522 98.5071
2620 2727 41.6661
2620 3083 68.669
2620 3319 27.5471
2620 3592 37.5115
2621 3280 24.2947
2621 3360 41.789
2622 3079 106.101
2623 3901 64.9528
2623 4014 30.7636
2623 4058 54.4263
2624 2980 26.9823
2625 2908 39.4614
2625 4056 41.7674
2626 3066 62.9134
2627 2909 56.0361
2627 3043 67.0147
2628 2706 104.682
2628 3367 115.181
2628 3795 66.869
2630 2654 59.111
2630 2922 46.578
2633 3481 36.938
2633 3693 63.1621
2634 2699 54.2653
2634 3599 51.8188
2634 3781 32.1991
2635 2770 95.3933
2636 3885 69.7045
2637 4034 71.7435
2637 4051 33.3822
2638 3169 20.287
2639 3349 12.0422
2640 3421 72.0399
2641 3309 76.0386
2641 3686 49.3655
2642 2918 106.847
2642 3060 57.9135
2644 3523 26.5074
2644 3656 85.7045
2645 3636 8.382
2645 3781 30.6647
2646 3408 100.579
2646 3475 61.2572
2647 3422 57.6763
2647 3548 8.29697
2648 2812 47.5135
2648 3404 47.7575
2649 2790 65.9694
2650 3373 114.125
2651 3497 20.0531
2652 3525 27.967
2653 2764 51.3209
2654 2974 85.0136
2655 3000 23.5118
2656 2798 48.7913
2657 3581 64.803
2658 3019 29.7238
2659 2757 28.8318
2660 2894 122.677
2660 3331 70.3787
2660 3914 88.6743
2661 3256 105.53
2661 4017 88.9279
2662 2755 22.0463
2663 3808 153.596
2664 3009 67.5579
2664 3978 38.1987
2665 3051 48.7154
2665 3381 78.1665
2665 3974 129.267
2666 2770 68.2968
2667 3908 17.2944
2668 3851 54.8575
2669 2811 17.5096
2669 2858 52.4046
2671 3886 31.5245
2672 4015 96.389
2673 2939 59.4938
2675 3827 55.6611
2676 3518 63.8031
2677 3257 30.9777
2677 3568 60.9852
2677 3715 73.9883
2678 2961 38.2111
2678 3247 35.8085
2678 4033 32.9434
2679 3166 17.8262
2679 3885 90.1381
2680 2843 33.9541
2681 3991 104.508
2682 3814 44.4622
2682 3838 54.9701
2683 2995 73.1119
2684 2869 49.9954
2685 3942 102.308
2686 2773 36.648
2686 2820 26.3926
2686 3941 43.6367
2686 3955 44.8967
2687 3078 98.9093
2688 2990 12.2858
2688 3139 75.1885
2689 3202 64.4065
2690 3988 59.3936
2692 3728 37.7044
2694 3498 46.8648
2696 3225 89.4902
2696 4043 77.5926
2697 3221 78.1866
2697 3273 24.0528
2697 4038 45.7386
2698 2739 73.7177
2698 3695 18.428
2698 3764 59.4201
2700 3533 39.0878
2702 3186 74.249
2702 4026 59.0661
2703 3851 84.87
2704 3311 31.6476
2706 3339 102.668
2706 3795 84.4673
2707 2844 54.3728
2708 2821 15.4078
2708 4004 32.0894
2709 3638 74.6699
2710 3566 39.2026
2711 3021 9.93131
2712 3059 95.3373
2712 3661 53.6962
2714 2889 16.6417
2714 3824 40.6623
2715 2926 124.438
2715 3335 22.0971
2716 2797 35.9116
2716 2892 84.5496
2717 3757 80.4292
2718 2973 75.864
2718 3371 43.3235
2720 3494 39.2418
2724 3491 55.1309
2724 3944 8.53618
2725 3555 126.629
2726 2819 31.9766
2726 3706 65.6068
2727 3248 92.9534
2727 3319 73.0285
2727 3592 6.61448
2728 3937 34.2702
2730 2750 77.7219
2730 3112 60.9562
2730 3393 57.5658
2730 3865 22.7293
2731 3965 71.7954
2733 3218 93.6235
2733 3363 66.1818
2733 3577 69.81
2734 3387 72.673
2736 3366 47.2647
2738 3603 18.4174
2738 3834 24.1432
2739 3695 61.7531
2739 3764 40.1018
2740 2918 161.978
2741 3176 78.1746
2743 2838 44.3091
2743 2898 8.29378
2743 3222 29.1901
2745 3036 102.969
2745 3127 28.7515
2747 2787 76.9107
2747 3414 45.9648
2748 3283 45.2291
2749 3076 59.0506
2750 3279 97.8926
2750 3865 65.759
2752 3155 102.44
2752 3196 31.17
2752 3946 109.652
2753 3873 91.5132
2754 4043 58.1648
2755 3348 82.1517
2755 3460 86.336
2758 3223 41.2204
2759 3665 32.6795
2760 3107 118.681
2760 3817 123.302
2762 3084 65.7026
2763 4046 78.3821
2763 4065 98.6827
2765 3613 13.7237
2766 3651 49.5029
2767 3122 33.5741
2767 3214 74.1973
2768 2940 32.1769
2768 3835 3.27537
2769 3528 80.4106
2771 3683 45.8175
2772 2858 56.4708
2773 3955 10.5162
2774 3612 76.8416
2774 3983 75.0649
2776 3031 68.2191
2777 2874 25.6262
2777 3087 35.1197
2778 2862 79.1426
2780 2993 48.7815
2780 3252 40.0643
2781 2962 59.3906
2782 2901 54.7838
2782 3968 38.3171
2783 2856 29.2443
2783 3895 81.9714
2784 3022 67.5162
2784 3263 66.1037
2784 3635 71.7003
2784 3675 65.7519
2784 3893 46.6547
2786 3149 153.329
2787 3414 57.5586
2787 3753 67.3113
2788 3308 23.4605
2788 3726 43.0256
2788 3980 56.275
2789 2804 81.2421
2790 3373 79.9851
2790 3380 72.7425
2790 3881 73.5761
2791 2999 64.8208
2792 3281 82.6248
2793 2955 42.5163
2795 2896 42.5363
2795 3223 82.663
2795 3794 93.8574
2796 2978 53.0677
2796 3872 68.1746
2797 2892 51.3557
2799 2907 30.2644
2799 3401 78.3288
2800 3023 10.1568
2801 3684 63.1252
2801 3728 43.9409
2802 3547 52.4363
2805 3215 57.1527
2806 3141 94.1168
2808 3102 59.3737
2808 3558 43.8887
2811 2858 49.7756
2812 3404 23.6843
2813 3345 53.7228
2814 3235 53.3142
2814 3402 47.9487
2815 3270 14.6202
2816 2931 87.6551
2816 3275 51.2797
2817 3499 74.6559
2818 2841 87.3834
2818 4064 46.9618
2820 3559 85.6827
2820 3941 51.4837
2821 4004 48.786
2822 2857 39.8401
2823 3184 36.2596
2825 3068 98.9181
2825 3147 71.7632
2827 3433 20.5413
2828 3760 55.6229
2829 3124 44.3086
2830 3846 29.0954
2832 3440 84.7265
2834 3879 31.2786
2834 4022 69.4186
2835 3071 65.4997
2836 3348 9.12658
2836 3573 93.2559
2837 3012 34.1974
2838 2898 19.7357
2839 3065 84.1211
2839 4008 87.4381
2840 3490 11.5843
2841 3154 147.348
2842 3359 31.8923
2843 3470 58.159
2846 2967 85.6517
2846 3571 42.2454
2846 3928 90.469
2849 3691 67.01
2850 3256 32.8683
2850 3544 4.24127
2850 3639 72.0792
2852 2975 86.6179
2852 3106 46.0838
2853 3935 34.9512
2860 3111 57.2765
2861 3902 81.4647
2861 4002 71.8159
2861 4035 43.6255
2862 3697 39.1498
2863 3561 32.5229
2864 2906 31.1053
2864 3067 44.3246
2864 3868 46.5382
2865 3093 21.7603
2866 3480 85.5399
2868 3823 19.2754
2869 3495 37.6914
2870 3368 26.6574
2870 3557 48.9301
2870 3766 46.6961
2871 3388 60.4039
2871 3901 48.4513
2871 3957 54.9069
2871 4058 40.7611
2872 3733 79.3135
2872 3770 20.374
2874 3700 35.2581
2875 2953 62.225
2875 3233 77.3096
2875 4063 75.3531
2876 3477 22.7521
2878 2919 72.6922
2881 3566 32.6773
2885 3505 27.9516
2886 3579 66.1187
2887 3731 89.508
2888 3295 74.0797
2888 3832 24.7627
2889 3243 51.1679
2889 3824 42.5307
2890 3307 21.1709
2890 3496 91.8002
2891 3047 8.07712
2891 3114 19.0407
2892 3003 48.7192
2893 3016 71.6602
2893 3689 38.0341
2894 3331 65.1511
2895 3173 37.1195
2896 3223 50.629
2896 3794 41.1086
2897 2932 41.7186
2897 3123 110.012
2898 3222 46.6245
2899 3216 55.4365
2900 3927 83.0369
2901 3952 55.2075
2901 3968 62.342
2902 4034 75.7751
2903 3085 77.0165
2903 3450 135.539
2904 3451 51.2578
2904 3796 55.9451
2904 4028 45.8246
2905 3041 158.468
2906 3067 46.3559
2906 3868 95.1228
2907 3558 48.4885
2909 3043 80.121
2911 3295 51.8426
2913 3637 45.066
2913 3833 26.6078
2915 3553 70.1929
2915 3882 82.2918
2915 3998 77.1007
2919 3878 93.5198
2920 3237 101.013
2921 3185 91.0195
2921 3200 68.3327
2924 3344 24.5736
2924 3479 22.7507
2926 3410 52.0083
2927 3485 26.0525
2928 3255 80.7654
2928 3810 103.793
2930 3699 54.3762
2931 3275 71.8049
2931 4050 49.2779
2933 3411 74.9565
2933 3993 71.1937
2934 3527 88.6503
2935 3815 51.3347
2936 3992 44.4531
2937 3395 75.557
2937 3506 30.9981
2938 3652 64.1108
2938 3932 66.0924
2940 3835 24.1237
2941 3745 75.2728
2942 3629 71.999
2943 3756 32.6387
2945 3054 85.5399
2945 3997 68.5278
2946 2994 64.9726
2946 4067 55.4558
2947 3588 72.7132
2947 3933 42.2913
2950 3857 48.746
2951 3355 78.337
2952 3113 85.5361
2952 3426 17.2409
2952 3765 71.9974
2954 2959 44.2779
2954 3439 111.666
2956 3318 47.2171
2956 3509 91.4822
2957 3523 68.9758
2957 3656 69.9268
2959 3439 80.4214
2961 4033 32.8163
2964 3493 76.6086
2965 3299 63.471
2966 3016 90.3494
2967 3499 95.6159
2971 3033 77.7132
2972 3972 39.3331
2973 3531 104.195
2975 3736 46.8201
2976 3442 73.7873
2976 3702 48.3629
2977 3675 69.5656
2981 3744 28.7935
2981 3797 52.9209
2981 4054 101.208
2982 3508 35.4951
2983 3251 78.2419
2984 3876 71.4706
2984 3940 119.357
2987 3015 35.0847
2987 3389 57.7646
2988 2997 71.7011
2990 3139 43.7587
2991 3390 21.815
2996 4001 18.4127
2997 3343 25.8716
3001 3096 53.2775
3002 3230 12.9701
3002 3322 25.9419
3004 3077 85.6151
3004 3660 100.748
3005 3257 97.4603
3005 3964 79.3044
3006 3145 64.6065
3006 3920 109.697
3007 3099 84.5246
3007 3137 76.45
3007 3877 62.496
3007 4013 132.348
3008 3283 66.9177
3009 3978 44.0895
3010 3125 54.2869
3010 3913 83.1215
3010 3994 133.254
3011 3165 54.5506
3011 4068 49.431
3013 3127 81.005
3013 3897 83.4161
3013 3971 84.36
3014 3669 57.554
3014 3910 34.9977
3014 3969 45.7575
3015 3093 26.5903
3016 3689 66.3849
3018 3620 16.405
3019 3671 157.139
3020 3130 55.5206
3022 3263 35.3336
3024 3723 60.9201
3025 3282 40.9563
3025 3823 32.5509
3026 3841 85.4025
3026 4037 25.0669
3027 3556 54.4746
3028 3073 48.8328
3028 3694 62.5689
3029 3354 60.7231
3029 3363 53.2892
3033 3268 17.6211
3034 3658 66.9739
3035 3266 48.2019
3035 3290 10.8769
3036 3491 22.4541
3037 3535 90.4338
3041 3680 159.071
3042 3679 97.2918
3042 3934 43.51
3042 4045 32.6602
3043 3235 55.3544
3046 3425 58.4564
3047 3114 26.7718
3047 3634 43.8672
3049 3117 84.8273
3049 3355 78.1843
3050 3452 100.396
3050 3736 120.558
3054 3494 59.3394
3055 3782 23.5809
3056 3192 38.3262
3056 3994 98.7864
3058 3767 81.0986
3058 3887 45.8359
3058 3911 74.8629
3060 3920 76.5146
3061 3101 46.0782
3063 3456 48.3545
3064 3157 148.952
3065 3541 50.8051
3065 3841 74.1743
3066 3650 49.252
3067 3868 99.1444
3068 3147 113.976
3070 3416 62.1222
3070 3855 43.4724
3072 3374 81.4092
3072 3539 28.96
3072 3643 64.1839
3073 3913 96.9426
3074 3125 84.3099
3074 3276 99.7992
3079 3887 74.7757
3079 3956 63.9343
3081 3335 74.1635
3081 3571 77.1372
3081 3928 57.9615
3083 3319 85.6227
3088 3737 12.699
3090 3949 41.0387
3090 4021 79.1054
3091 3818 64.5457
3092 3490 52.157
3092 3741 34.5276
3094 3465 95.1195
3094 3999 142.978
3095 3847 102.318
3097 3164 20.9186
3097 3967 63.4079
3098 3451 44.0693
3098 3601 63.9916
3099 3137 11.5372
3100 3209 62.4498
3104 3259 102.677
3104 3550 104.783
3105 3983 53.8052
3107 3409 105.044
3109 3446 32.4836
3109 3447 53.2166
3112 3393 58.8281
3112 3865 30.7076
3115 3133 24.2103
3116 4039 66.7585
3118 3851 82.1141
3120 4049 42.0797
3121 3831 15.503
3122 3214 43.7511
3122 3608 43.9586
3125 3913 52.9231
3128 3524 52.7643
3129 3408 78.3272
3129 3475 48.379
3130 3774 33.694
3135 3575 94.7685
3135 3577 53.2277
3136 3382 62.5723
3140 3226 78.1962
3140 3842 56.5122
3142 3961 91.2491
3143 3387 15.6691
3146 3503 44.0817
3148 3909 43.8478
3149 3667 34.4463
3149 3813 86.4516
3151 3988 46.0209
3152 3444 91.3214
3153 3169 72.1472
3154 4064 55.6094
3155 3196 69.3191
3155 3946 22.5199
3157 3434 18.3974
3159 3249 82.7841
3161 3184 52.8501
3162 3775 127.094
3163 3285 5.77821
3163 3829 58.8919
3164 3967 31.9551
3165 4068 14.3647
3167 3178 76.7197
3170 3421 48.226
3172 3662 120.776
3173 3183 22.5352
3174 3776 108.928
3176 3581 114.244
3176 3859 63.03
3177 3617 66.2931
3178 3531 55.7264
3178 3915 77.1635
3179 3239 76.8478
3181 3455 70.3653
3181 4055 30.8061
3182 3372 5.59377
3186 3394 44.0094
3187 3346 106.671
3188 3682 54.1054
3189 3756 29.5247
3190 3507 55.5521
3192 3994 52.5835
3192 4009 79.813
3193 3313 3.89163
3196 3946 100.878
3197 3365 47.2883
3197 3801 55.144
3204 3483 32.6766
3205 3565 49.6535
3205 3892 58.1021
3206 3679 112.307
3206 3934 22.8919
3206 4045 35.0634
3209 3864 45.3232
3211 3259 51.2513
3214 3608 67.6227
3217 3717 56.0593
3218 3363 70.7568
3219 3468 13.9512
3221 4038 45.2184
3224 3805 26.9151
3224 3813 107.378
3224 3988 82.9387
3230 3322 48.4551
3230 3562 37.3964
3231 3752 56.1101
3232 3310 37.0777
3232 3723 77.228
3233 4063 28.3182
3237 3576 34.0857
3241 3574 26.1465
3241 4060 103.133
3242 3369 18.8311
3242 3802 43.1044
3243 3716 74.3494
3243 3824 25.4783
3244 3367 82.4209
3247 4033 68.3192
3248 3592 105.087
3250 3746 99.4453
3253 3407 25.621
3254 3629 88.0632
3254 3719 68.3115
3254 3812 47.2998
3256 3544 28.1402
3258 3339 93.655
3258 3550 109.389
3258 3630 11.8141
3265 3282 49.2638
3266 3290 42.5322
3267 3374 46.8582
3269 3503 61.9179
3271 3441 35.8408
3271 3909 89.3796
3272 3461 89.5059
3273 4038 55.3384
3275 3997 124.629
3275 4050 64.1922
3278 3287 50.9278
3280 3360 29.7299
3284 3896 35.581
3285 3829 55.9776
3286 3672 42.3073
3286 4012 32.7815
3287 3777 66.3439
3287 3793 76.2907
3288 3457 20.2856
3288 3604 62.903
3288 3732 74.5885
3288 4008 53.3474
3289 3456 45.455
3293 3538 61.8743
3296 4069 49.3415
3299 3798 91.8605
3301 3676 53.0996
3302 3478 44.391
3303 3337 4.43639
3304 3347 60.9628
3304 3529 20.7459
3305 3368 64.8847
3305 3809 46.5347
3306 3377 52.622
3306 3615 77.007
3306 3787 27.5296
3307 3496 134.934
3308 3726 82.0831
3309 3404 66.8677
3309 3911 71.6922
3314 3487 39.4922
3314 3719 68.9897
3314 4070 113.766
3316 3948 81.8564
3317 3517 97.4103
3317 4065 67.5503
3318 3509 23.0558
3319 3592 61.8207
3320 3600 36.3018
3321 3780 113.555
3323 3462 42.1648
3323 3476 43.0645
3324 3774 71.0515
3327 3346 103.76
3327 3427 60.4697
3330 3344 49.6271
3331 4010 31.4205
3333 3423 65.1768
3333 3627 86.2597
3333 3993 44.9264
3334 3413 59.9013
3336 3623 56.4611
3339 3550 53.2539
3341 3519 88.8811
3341 3530 46.9086
3344 3479 17.3018
3346 3427 129.502
3349 4041 38.216
3350 3789 20.1759
3350 3840 33.643
3352 3952 14.4808
3353 3660 90.4567
3354 3363 30.7914
3356 3862 80.5312
3357 3410 76.4809
3357 3863 31.1436
3362 4023 76.5476
3364 3678 51.1746
3365 3801 68.0782
3366 3551 82.6649
3368 3557 55.5754
3368 3766 34.8797
3369 3802 36.4274
3370 3819 51.4647
3372 3879 96.9063
3373 3881 25.798
3375 4048 73.3108
3377 3615 21.1171
3377 3787 44.7036
3378 3518 24.0009
3378 3938 66.2297
3383 3871 50.8114
3384 3386 29.0776
3384 3772 81.8889
3386 3772 73.7996
3388 3957 48.4433
3390 3648 44.7549
3392 3466 49.7759
3393 3865 52.8099
3395 3506 23.9698
3398 3786 74.0457
3399 3696 84.678
3401 3701 59.252
3403 3800 67.3293
3405 3469 57.2169
3406 3589 69.4882
3408 3475 40.5129
3409 3454 85.8324
3410 3863 47.5929
3411 3481 55.6323
3412 3889 10.953
3417 3609 180.04
3419 3664 54.3626
3420 3891 52.5593
3422 3548 43.9915
3423 3627 46.428
3425 3905 31.393
3429 3899 50.7672
3431 3929 59.668
3437 3714 31.844
3440 3685 22.8146
3441 3909 46.4739
3442 3702 49.0167
3443 3738 19.9363
3443 3938 13.6976
3444 3552 38.2315
3444 4042 41.3797
3447 3689 42.6701
3448 3602 64.0266
3449 3471 51.8804
3449 3546 53.4218
3451 3601 36.9578
3451 4028 44.6454
3452 4020 53.1091
3453 3790 75.8112
3453 3945 48.2456
3457 3604 26.0795
3457 3732 41.0372
3458 3642 95.0936
3459 3546 77.3391
3459 4019 28.1751
3461 3898 66.8903
3461 4008 72.8475
3463 4059 56.263
3471 3546 81.5299
3471 3867 113.529
3472 3633 35.7272
3473 3869 39.8609
3474 3995 72.5242
3480 3828 68.6028
3481 3693 75.9984
3484 3734 46.041
3486 3883 45.4783
3487 3719 90.2908
3487 3812 132.243
3488 3567 113.995
3488 3991 127.682
3491 3944 61.5957
3492 3696 47.2467
3495 4057 70.7794
3499 3986 95.0412
3501 3545 11.2506
3501 3749 69.3638
3508 3963 78.7059
3511 3512 79.9117
3511 3626 39.1538
3515 3582 74.5586
3516 3668 97.976
3519 3751 60.9845
3520 3524 34.3109
3520 3716 74.8085
3525 3549 50.1833
3527 3551 140.222
3527 3564 35.6233
3528 3953 77.9419
3531 3915 104.097
3532 3847 146.014
3533 3782 59.2242
3534 3977 57.9449
3535 3906 25.1775
3539 3643 58.3546
3540 3680 56.5985
3541 3841 40.6992
3544 3639 109.65
3545 3644 53.1288
3546 4019 59.5762
3547 3692 92.0228
3547 3773 20.6648
3552 4042 9.64959
3554 3849 14.4797
3556 4016 25.9336
3557 3766 52.0459
3559 3941 39.5429
3560 3632 58.7641
3562 3740 54.2026
3563 3966 44.2065
3565 3892 73.6213
3568 3715 26.3554
3571 3928 66.5152
3578 3792 65.4358
3579 3890 82.4374
3582 3912 60.2811
3583 3670 40.654
3584 3684 96.0631
3595 3852 28.0313
3597 3854 44.1604
3599 3636 58.6427
3599 3781 42.7283
3601 3825 73.1211
3603 3834 30.185
3604 3732 6.54414
3605 3974 31.8885
3609 3621 64.0393
3615 3787 40.67
3616 3631 39.6469
3618 3763 42.3464
3618 3783 51.3151
3624 3894 36.3009
3624 3960 82.7583
3625 4027 90.2732
3628 3684 78.762
3628 3752 66.9331
3629 3812 31.0925
3632 3705 43.0243
3632 3710 68.9347
3632 3981 104.941
3633 3738 73.3685
3633 3828 61.597
3635 3893 10.8956
3636 3781 31.6176
3644 4003 56.2958
3645 3804 48.3903
3649 3860 76.3848
3650 3713 11.9419
3652 3807 81.4932
3653 4044 67.9439
3655 3923 63.0606
3666 3720 24.1338
3669 3910 135.277
3672 4012 26.8682
3672 4040 34.2149
3677 3800 13.7531
3679 3934 98.9286
3683 3816 47.6661
3690 3914 87.9488
3690 3931 59.202
3691 3860 114.475
3692 3773 65.469
3703 3904 85.0529
3704 3900 92.6462
3706 3924 26.6066
3708 3917 63.157
3710 3981 57.6638
3711 3844 119.573
3716 3824 82.3824
3718 3750 62.446
3719 3812 85.2138
3722 3880 47.442
3726 3886 58.3616
3726 3980 38.3424
3727 3921 68.515
3730 3799 45.9253
3731 3956 101.59
3734 4069 89.5117
3738 3938 48.094
3742 3948 65.1378
3742 3996 40.1938
3744 3797 44.0156
3745 3811 52.9935
3747 4049 125.411
3762 3905 71.5438
3763 3783 45.1083
3769 3970 115.959
3771 4023 28.3198
3772 3877 72.1597
3777 3822 97.4292
3794 4062 84.1786
3796 3830 111.434
3796 3964 120.2
3796 4028 56.2168
3803 3925 110.48
3805 3813 72.1134
3807 3975 70.0577
3809 4044 63.1599
3814 3838 17.0914
3816 4021 46.9454
3821 3987 62.209
3829 3875 80.2096
3830 3964 122.106
3837 3922 71.4269
3839 3940 51.7499
3841 4037 55.7959
3877 4013 71.8818
3882 3998 65.6534
3886 3980 9.07493
3894 3960 62.0115
3897 3971 58.9939
3898 4008 48.8131
3900 4025 58.6174
3901 3972 55.2761
3901 4014 36.1902
3901 4058 19.5239
3902 4035 35.6742
3907 3979 25.3152
3910 3969 30.3426
3914 3931 88.0039
3916 4054 21.8913
3917 4068 50.4084
3934 4045 26.052
3947 3984 18.4868
3956 3987 63.3167
3963 4040 114.123
3972 4058 86.6092
3973 4011 42.0188
3989 4053 42.0444
3994 4009 87.4202
4000 4066 73.7952
4002 4035 120.246
4012 4040 49.7106
4014 4058 17.7069
4027 4036 25.5354
