5684 10623
0 892.03 2541.36
1 2617.32 3271.97
2 678.156 653.784
3 873.952 1514.68
4 248.273 2178.34
5 1867.18 2523.53
6 1835.51 114.558
7 2382.81 1196.57
8 576.584 3150.16
9 1098.5 2973.61
10 1573.06 289.625
11 41.8023 2829.75
12 3483.17 798.313
13 3164.59 1391.27
14 3144.69 2818.71
15 1833.23 1299.06
16 1388.41 1879.81
17 1387.73 2123.35
18 3410.94 1973.23
19 1947.9 1638.69
20 3140.62 405.35
21 1799.39 1222.64
22 3679.75 2023.34
23 489.099 2375.49
24 2024.68 1087.21
25 1785 577.03
26 1152.68 3676.19
27 130.495 2953.39
28 381.789 2190.75
29 2326.22 2204.19
30 1436.01 1980.94
31 2998.73 1952.81
32 189.826 545.33
33 2050.56 3273.96
34 1557.11 3763.4
35 583.666 1498.17
36 1786.09 3544.92
37 451.792 2476.52
38 3632.48 1567.31
39 2253.42 1187.94
40 2345.17 45.033
41 3624.71 3044
42 3719.49 3320.39
43 1564.98 1091.03
44 2237.19 1518.33
45 1698.88 1924.39
46 1153.72 2806.83
47 1054.2 3660.49
48 975.048 2730.66
49 1929.91 2267.06
50 975.77 85.898
51 3189.1 3426.43
52 3424.05 608.82
53 1018.24 2352.28
54 176.043 588.28
55 2383.13 3063.45
56 1434.36 559.795
57 641.698 834.778
58 643.011 1722.7
59 3674.52 630.239
60 1136.66 3635.78
61 2803.4 2700.25
62 3417.31 64.9241
63 785.463 1833.31
64 2075.25 1320.39
65 2005.42 1184.67
66 1424.44 1986.84
67 1571.02 889.27
68 1596.65 2953.14
69 1029.92 1803.25
70 2275.09 765.742
71 2770.14 1629.71
72 977.813 3193.97
73 2721.81 697.593
74 3507.37 2492.76
75 1070.44 1034.12
76 2179.68 1969.21
77 2094.52 2079.41
78 585.199 1348.43
79 2791.6 1961.96
80 1083.42 424.082
81 3235.23 1035.04
82 277.729 2327.33
83 3691.26 3418.49
84 1195.51 3080.28
85 2115.81 2779.33
86 3029.9 3598.35
87 1586.81 770.525
88 802.367 2085.11
89 873.722 1043.93
90 1694.26 2183.17
91 875.943 3122.85
92 3342.51 1620.82
93 1038.26 623.464
94 2878.09 3227.77
95 3757.29 1553.64
96 2791.67 911.364
97 1827.63 448.043
98 2794.2 3513.68
99 3658.44 2992.47
100 1787.05 65.2743
101 1461.73 123.856
102 3121.36 3662.09
103 989.9 2047.11
104 1425.37 3740.23
105 1819.08 2877.75
106 905.328 3542.92
107 25.701 895.249
108 843.537 2792.14
109 2896.26 3567.06
110 1405.36 1383.11
111 2476.13 3684.4
112 1368.08 165.406
113 1172.71 3342.61
114 875.676 3437.15
115 1837.81 173.665
116 567.388 3336.43
117 2167.43 1529.46
118 1072.43 1843.61
119 566.83 2416.77
120 303.569 2004.78
121 830.396 921.907
122 2856.01 2792.22
123 447.684 2781.89
124 2859.84 644.621
125 1838.96 3739.87
126 1268.72 1013.21
127 3657.17 514.95
128 751.631 3261.95
129 3161.14 1504.7
130 2293.02 2581.7
131 728.96 2784.84
132 1818.31 2192.43
133 1121.36 3085.52
134 3520.95 2068.44
135 425.67 3108.37
136 1099.07 367.307
137 2931.44 290.296
138 2315.2 1808.23
139 1413.35 352.23
140 896.23 648.245
141 620.851 1314.99
142 1479.69 1071.27
143 184.618 3487.95
144 2938.74 594.404
145 2826.83 1305.98
146 745.264 601.468
147 1119.66 1416.54
148 734.227 1880.67
149 1242.56 1479.33
150 444.955 1610.19
151 2771.26 2997.68
152 2211.48 579.894
153 3734.07 420.257
154 718.428 3565.39
155 691.633 3154.12
156 1694.04 3201.34
157 2312.46 2937.51
158 2311.66 2516.49
159 3742.08 894.387
160 592.676 1848.47
161 3171.23 3355.89
162 2597.82 2058.93
163 462.581 1389.64
164 3274.9 1207.14
165 1850 3481.36
166 285.641 678.631
167 3420.54 2648.61
168 303.249 3078.49
169 2806.29 3308.14
170 3220.74 2543.47
171 1794.4 1545.96
172 3195.29 814.483
173 3334.07 3276.52
174 1699.68 2295.06
175 492.077 702.281
176 2734.5 2317.35
177 1199.7 102.904
178 205.261 3224.96
179 3756.13 3480.89
180 3358.13 1046.32
181 3190.72 1304.29
182 1366.23 1978.28
183 1395.22 3445.47
184 2299.69 124.053
185 2808.55 2114.93
186 1431.51 2749.01
187 55.858 3596.32
188 3720.99 2076.05
189 2713 69.9956
190 2794.01 612.558
191 1105.88 101.687
192 772.737 1910.5
193 102.487 2084.06
194 3602.02 2986.89
195 1786.38 295.338
196 2604.7 1249.73
197 712.227 1143.38
198 3718.78 2696.78
199 230.42 1967.51
200 2276.51 3306.68
201 2979.91 860.852
202 1529.15 913.558
203 620.425 3228.15
204 1968.83 1790.02
205 2487.13 770.91
206 3378.9 1054.74
207 1980.64 3326.95
208 799.579 1838.29
209 889.597 3712.91
210 2641.36 3282.71
211 2446.86 3502.68
212 1076.27 2428.52
213 191.548 2869.18
214 1075.18 1793.03
215 434.328 53.6369
216 1262.1 2287.21
217 1989.91 219.195
218 1788.49 2421.52
219 3734.65 2839.69
220 2082.55 3730.48
221 3466.26 841.273
222 3324.58 1180.78
223 2592.03 665.28
224 2472.86 339.884
225 2880.03 2533.99
226 2748.48 3492.45
227 3187.17 910.533
228 1403.04 2365.31
229 3209.52 2965.82
230 1463.94 1808.29
231 2617.77 1567.58
232 2723.34 239.143
233 2336.82 1859.72
234 761.037 257.248
235 3384.41 1804.19
236 1657.19 1533.76
237 1724.34 234.344
238 1377.32 1414.94
239 3204.23 84.45
240 1381.63 1841.52
241 2578.63 13.2157
242 2672.88 603.446
243 1137.93 1405.82
244 2113.85 1701.94
245 3361.75 1076.31
246 401.068 3306.99
247 3665 1186.13
248 1996.14 2118.94
249 3555.91 3766.35
250 3548.15 3164.31
251 2696.39 3290.87
252 1492.46 1129.54
253 1563.98 3448.15
254 3118.75 2021.55
255 3759.74 707.664
256 1796.66 1896.68
257 2290.53 1633.44
258 94.4397 704.195
259 1627.86 2200.97
260 2332.54 15.8996
261 834.077 1715.65
262 468.539 768.077
263 2959.77 695.248
264 3404.67 3180.33
265 464.852 2096.02
266 2538.12 480.672
267 830.405 1823.43
268 235.352 3358.24
269 3253.87 403.546
270 2642.3 698.63
271 323.894 1495.65
272 1559.46 969.103
273 2013.18 2303.68
274 947.514 2708.53
275 1862.14 1697.08
276 2203.91 1505.12
277 1851.26 554.725
278 2481.97 350.881
279 2275.94 2984.47
280 2209.33 3200.32
281 123.098 1227.93
282 3585.65 3481.96
283 2704.43 421.846
284 3275.63 3472.28
285 199.211 333.715
286 1257.16 1769.32
287 3187.23 3377.24
288 195.906 1003.66
289 2588.55 1069.41
290 2649.03 1435.93
291 3576.21 577.75
292 3658.13 202.609
293 3233.44 2658.55
294 158.006 1468.69
295 3358.8 1169.44
296 3565.05 2842.41
297 1370.75 3529.83
298 3551.15 2869.79
299 3664.36 2213.18
300 32.39 2161.89
301 2903.27 2630.34
302 2496.28 3671.67
303 1100.49 2787.56
304 687.432 1588.92
305 3688.69 1875.46
306 112.749 2505.86
307 1973.23 3230.05
308 113.34 1419.82
309 1380.94 354.966
310 2278.18 2678.31
311 2154.63 998.144
312 313.968 569.649
313 3729.31 1193.86
314 3249.54 1297.66
315 487.364 635.401
316 1775.21 2786.16
317 963.763 780.72
318 944.814 398.758
319 2555.54 806.255
320 2823.1 2400.33
321 1486.64 2562.35
322 3714.19 767.231
323 1039.18 2267.87
324 3206.17 3639.83
325 923.718 2509.86
326 370.676 3659.04
327 2095.55 3475.67
328 3233.82 1180.1
329 1881.12 2122.98
330 3693.74 365.711
331 2027.74 463.728
332 3400.63 1814.28
333 1753.57 3272.45
334 783.08 3450.75
335 306.143 1304.65
336 2377.83 3583.42
337 1372.57 154.091
338 2802.68 1472.27
339 707.055 3283.88
340 3024.6 158.027
341 3712.15 2176.53
342 3170.2 2520.82
343 3273.37 3620.57
344 150.18 176.434
345 1129.49 238.887
346 1843.92 69.7861
347 3268.91 1519.66
348 1573.7 1642.12
349 1023.99 2453.01
350 3292.78 2594.68
351 2713.66 1117.92
352 97.5056 36.4639
353 1638.81 1045.3
354 2021.99 3239.58
355 954.177 998.389
356 2349.52 1005.13
357 647.102 3630.91
358 3695.54 1417.82
359 1773.11 1957.24
360 1179.96 3586.71
361 3617.51 1680.53
362 2619.03 807.579
363 3063.35 3621
364 848.701 977.067
365 3207.35 446.038
366 2825.72 1234.75
367 1060.43 200.669
368 9.63922 3343.57
369 1535.5 1113.28
370 433.105 1973.85
371 2862.31 3564.14
372 3013.28 1850.85
373 686.231 1209.31
374 2171.56 3367.42
375 654.291 2025.68
376 315.316 1544.66
377 1578.91 3380.21
378 2146.02 652.385
379 3528.96 221.43
380 2793.93 71.4189
381 3544.76 3127.67
382 260.413 1510.91
383 332.11 1042.89
384 1684.71 1485.75
385 3318.8 57.6563
386 270.915 1335.97
387 3644.95 522.685
388 1835.21 2930.53
389 2990.59 3312.41
390 2018.16 2317.8
391 3348.93 1370.31
392 2837.73 1663.94
393 1115.78 2351.61
394 3430.49 3755.15
395 1057.66 1955.21
396 231.552 2968.73
397 2444.44 797.398
398 53.6966 2541.13
399 642.615 1296.29
400 294.48 1941.51
401 3066.3 2444.78
402 2517.51 1363.23
403 1084.86 550.301
404 3050.66 3324.1
405 3323.02 1372.16
406 460.866 3663.74
407 3084.51 1433.59
408 341.421 2740.32
409 3166.95 3018.28
410 845.688 663.015
411 2112.47 290.008
412 2198.44 1048.63
413 1591.36 2772.59
414 2766.38 786.225
415 1177.31 404.419
416 297.324 1769.12
417 1592.99 3021.99
418 3719.66 3261.86
419 2064.02 418.349
420 3502.37 2756.62
421 3256.91 1386.73
422 3500.57 3495.3
423 203.132 1124.59
424 385.955 850.742
425 778.028 2079.71
426 1212.26 1460.48
427 2633.86 747.355
428 1530.36 2043.2
429 2327.53 933.633
430 2383.17 3294.02
431 2248.3 2298.63
432 1369.39 859.193
433 3291.26 3564.03
434 3450.25 3351.17
435 326.063 753.582
436 1953.65 1903.75
437 2239.87 2248.81
438 3571.61 3046.85
439 2197.14 1462.24
440 1920.65 2257.44
441 710.856 2418.63
442 3573.89 2783.14
443 414.221 3158.07
444 3229.91 26.4506
445 3118.94 1482.2
446 2939.98 3105.04
447 64.6474 535.637
448 395.345 2664.22
449 3185.8 3594.55
450 245.521 2348.27
451 1189.1 979.006
452 2928.63 585.036
453 1943.1 2880.76
454 1277.69 1838.69
455 3156.1 668.118
456 1062.09 653.34
457 1882.05 232.008
458 1564.68 2894
459 3229.48 2646.53
460 2054.07 2353.29
461 24.0984 904.759
462 2630.51 2000.65
463 2138.08 1542.08
464 2083.2 1621.48
465 1594.87 3539.77
466 1558.41 1405.61
467 3501.27 1341.95
468 2293.45 2511.77
469 2552.13 2425.53
470 1668.76 3231
471 3423.34 2165.9
472 1816.85 2990.07
473 555.302 14.38
474 3013.29 2968.41
475 1967.93 1603.55
476 330.65 3380.68
477 3649.41 498.742
478 545.041 257.138
479 888.473 1702.25
480 1694.71 2780.65
481 134.115 940.211
482 2855.3 2336.91
483 883.631 3267.75
484 532.978 524.332
485 3341.32 310
486 201.558 2189.57
487 1720.52 1460.37
488 2075.58 3182.62
489 2074.23 2305.79
490 3718.63 2640.54
491 1757.61 2804.9
492 615.075 507.686
493 3165.62 806.311
494 1132.53 1525.48
495 3736.72 3118.24
496 2015.62 882.19
497 2024.98 2876.23
498 1449.83 304.359
499 672.509 2207.85
500 952.22 436.348
501 3390.19 1100.34
502 1209.16 1297.27
503 2593.1 3307.95
504 1876.43 3263.3
505 93.242 3251.94
506 690.085 1795.79
507 2902.94 3100.95
508 171.411 473.107
509 2929.16 1807.89
510 3283.94 3643.35
511 567.157 725.439
512 2052.67 868.92
513 2452.11 1910.77
514 2539.78 1443.39
515 764.69 1775.5
516 3735.15 2662.07
517 1595.74 1057.21
518 823.75 608.811
519 2022.14 2049.76
520 491.866 3719.36
521 2384.05 1484.6
522 812.556 269.533
523 708.165 2054.52
524 2687.58 867.987
525 3140.04 797.893
526 389.582 223.646
527 1119.88 428.019
528 191.32 382.095
529 96.6229 1829.51
530 2150.24 1494.65
531 1259.26 1517.54
532 1122.4 508.903
533 2805.12 2014.12
534 927.26 2608.44
535 650.84 2438.04
536 1441.73 1805.92
537 1821.03 952.679
538 296.725 2202.75
539 3347.97 3239.93
540 2485.71 582.841
541 3608.06 3188.45
542 2103.52 2980.67
543 1136.92 17.3469
544 1832.76 600.652
545 3417.12 807.581
546 921.956 2415.16
547 1113.81 1819.49
548 852.14 2811.51
549 1337.54 583.488
550 2266.04 1102.44
551 2136.98 3125.59
552 300.727 1020.49
553 1159.32 2596.85
554 2611.98 1469.09
555 3309.98 2672.39
556 1825.71 3646.52
557 1623.7 609.056
558 127.566 2213.49
559 224.112 1754.42
560 2182.6 1561.12
561 1464.45 3678.46
562 2259.72 2839.78
563 3621.51 1173.39
564 1925.49 1627.73
565 1045.67 6.28881
566 1338.8 2302.14
567 3022.35 2237.61
568 1855.25 1917.15
569 1624.13 3652.31
570 2459 559.403
571 3549.75 3393.6
572 1221.11 171.438
573 1462.04 1730.79
574 1702.31 128.072
575 1947.27 1793.01
576 2800.45 660.925
577 1844.24 2737.55
578 974.638 3756.32
579 2370.04 2311.58
580 895.295 3482.55
581 2423.99 3756.67
582 1778.53 2884.79
583 902.898 1065.58
584 956.286 1285.57
585 1567.19 2010.26
586 3598.64 716.778
587 1281.76 3655.97
588 3542.48 312.31
589 2340.37 1681.25
590 1508.63 3674.26
591 2807.6 636.749
592 2390.26 2192.27
593 1640.26 1734.62
594 3234.02 164.03
595 2796.95 258.026
596 1781.98 3672.23
597 2983.95 697.995
598 3319.01 255.917
599 572.23 810.601
600 3482.83 2966.5
601 207.101 3020.8
602 3467.36 125.863
603 3710.94 3377.68
604 3447.69 3212.63
605 3762.75 3254.84
606 2793.45 2125.96
607 666.064 923.927
608 29.1761 746.433
609 1284.53 3411.6
610 3336.41 2559.97
611 334.239 759.308
612 1140.47 3134.35
613 1128.22 325.751
614 766.386 857.975
615 2299.55 1668.48
616 1528.71 1875.34
617 2655.72 1146.78
618 3670.31 2540.08
619 1515.1 3003.48
620 3113.52 1690.14
621 1339.99 3165.69
622 1073.44 731.633
623 2937.38 3433.3
624 3581.49 252.037
625 233.363 552.159
626 1902.83 2425.62
627 2378.05 973.361
628 2887.66 1986.06
629 2070.91 215.76
630 1227.99 3032.32
631 3727.81 1556.99
632 1974.36 3455.4
633 813.11 3075.14
634 2154.81 1029.16
635 2543.8 2886.97
636 2290.19 456.298
637 434.069 1875.54
638 78.4439 1896.87
639 1859.36 314.98
640 484.8 1061.63
641 2035.16 153.035
642 879.11 2167.31
643 927.121 975.368
644 3528.99 1888.37
645 125.154 2403.43
646 3410.08 2902.89
647 2731.71 2566.22
648 1579.82 1524.17
649 2074.5 3653.85
650 899.748 278.838
651 518.39 786.185
652 2688.55 1189.12
653 3577.88 3463.04
654 3524.28 2272.37
655 1283.23 616.316
656 1068.16 2287.38
657 2994.2 2238.46
658 2828.99 2184.69
659 2835.1 1619.9
660 365.352 1981.78
661 16.5154 131.845
662 2276.29 223.633
663 1183.71 479.753
664 3283.27 67.3243
665 1417.73 1539.82
666 3012.9 2813.77
667 120.185 3379.55
668 338.873 2115.11
669 238.079 2178.9
670 86.2665 189.058
671 1578.96 1212.56
672 2411.29 3526.74
673 1588.75 2728.95
674 3430.84 3592.21
675 1408.07 3214.54
676 2204.22 2588.59
677 2286.5 2338.32
678 132.997 3372.27
679 3018.53 353.329
680 3278.79 3716.22
681 2896.65 203.92
682 3041.56 3659.43
683 1786.7 920.539
684 331.866 2946.2
685 2537.22 2747.54
686 2917.49 3436.6
687 3739.71 2062.38
688 856.572 1612.38
689 3103.39 3666.96
690 3361.17 2818.91
691 175.142 799.034
692 967.111 1131.67
693 2893.78 2796.84
694 1175.86 503.537
695 3527.87 3382.14
696 1802.29 2518.32
697 2822.97 2588.61
698 94.5113 3145.97
699 766.288 2347.05
700 1863.84 2464.82
701 3189.21 630.154
702 1692.91 2154.67
703 899.941 429.439
704 2626.67 109.687
705 3714.31 1604.89
706 2906.08 42.1189
707 1413.98 3512.19
708 3698.01 2165.89
709 62.2233 1455.41
710 2717.81 235.334
711 2353.09 2070.35
712 1297.16 1381.01
713 363.025 695.754
714 72.2832 1625.12
715 2925.59 1450.93
716 1074.34 484.248
717 3647.1 1380.72
718 1611.67 3291.49
719 2355.14 2957.17
720 2661.37 3047.62
721 3700.65 2617.4
722 2827.05 3111.91
723 437.51 496.788
724 1167.9 180.268
725 2010.95 476.07
726 1298.89 2835.38
727 544.536 189.045
728 3463.47 251.013
729 22.8513 377.047
730 354.677 757.858
731 191.426 83.5686
732 116.115 1716.37
733 1540.19 3710.21
734 1803.86 362.937
735 3596.51 1822.62
736 179.443 3394.73
737 3140.03 2425.39
738 2639.94 1399.18
739 2806.52 3204.01
740 2299.27 3559.48
741 868.233 637.998
742 2417.14 1893.53
743 761.119 2324.57
744 2435.49 1782.57
745 2346.9 884.653
746 2614.31 3446.15
747 2050.05 102.772
748 2243.02 2476.35
749 385.806 766.344
750 3633.55 410.402
751 3464.32 2637.62
752 2054.42 2777.33
753 3679.9 1046.74
754 1772.73 3315.14
755 177.066 2476.85
756 1405.33 727.13
757 1958.81 689.025
758 92.0089 272.868
759 3697.63 1019.59
760 1683.88 1473.94
761 883.114 462.854
762 2348.02 555.424
763 1990.94 1306.64
764 1267.36 1190.26
765 2931.13 399.56
766 257.583 3351.49
767 532.064 3350.64
768 3433.4 1364.16
769 441.449 172.292
770 1321.38 1466.99
771 1372.5 999.415
772 12.3819 316.909
773 1135.42 3576.78
774 2492.25 2526.2
775 2688.96 2085.11
776 1981.07 1705.43
777 2797.27 2837.35
778 2028.96 1551.68
779 1962.67 714.347
780 2653.84 2104.92
781 1368.32 847.469
782 3093.34 1867.23
783 984.216 470.808
784 1308.51 1199.51
785 3570.6 1417.66
786 3444.54 3575.62
787 262.647 1470.8
788 1058.65 2467.53
789 348.536 1178.38
790 2800.23 852.126
791 477.175 673.507
792 421.975 2815.81
793 773.071 2491.1
794 2615.55 1038.13
795 921.602 1931.11
796 389.891 3119.12
797 1489.06 1200.66
798 1597.55 3471.06
799 2850.43 1341.81
800 1169.28 3754.18
801 2531.46 337.683
802 1152.6 875.063
803 172.599 1048.34
804 1120.27 2586.93
805 54.8614 1290.37
806 3044.63 1588.65
807 2531.48 309.479
808 2161.28 2234.57
809 1173.47 1739.99
810 3429.25 2001.72
811 3089.63 747.383
812 1887.1 1086.78
813 1342.31 466.994
814 2671.48 3347.68
815 2041.02 1290.64
816 681.863 3259.12
817 2267.73 2648.01
818 3127.61 1219.11
819 2997.77 438.834
820 3334.09 1397.01
821 223.884 3586.82
822 2751.66 510.146
823 437.294 1956.63
824 3227.47 395.303
825 591.824 2021.61
826 2794.05 1515.34
827 1041.25 2533.54
828 2292.43 2102.73
829 2621.6 443.916
830 123.797 3237.31
831 3117.56 1241.66
832 517.772 3711.43
833 1629.51 2696.73
834 3376.48 467.841
835 17.4041 2758.14
836 417.619 1277.77
837 2393.47 2788.38
838 2342.56 1277.47
839 2187.93 1924.17
840 2738.48 1357.07
841 2766.59 3624.57
842 2871.34 777.463
843 2624.4 3168.51
844 827.742 488.481
845 784.603 2787.14
846 2792.5 2305.14
847 2238.01 2079.31
848 1680.71 1571.52
849 2770.91 2898.33
850 3684.49 2076.1
851 679.196 1054.07
852 1356.46 1228.65
853 3352.18 2665.02
854 3661.73 914.79
855 2957.31 1066.59
856 2826.77 2260.05
857 3530.74 2384.98
858 2925.08 67.8102
859 2657.33 2212.37
860 2349.95 1383.45
861 1031.67 3222.56
862 2199.02 1847.69
863 3528.24 1882.51
864 3330.16 2814.95
865 9.94279 3244.98
866 2045.29 1311.49
867 1369.18 968.623
868 555.49 261.609
869 3755.51 773.851
870 3157.26 1938.91
871 2670.9 690.453
872 2215.3 2653.61
873 1495.21 67.2592
874 268.088 2191.99
875 1546.98 3680.79
876 1951.39 1979.6
877 959.329 357.759
878 1110.42 725.311
879 1531.11 2181.46
880 2834.13 2013.67
881 568.596 793.877
882 3096.76 1069.99
883 2289.95 1909.6
884 932.843 2584.94
885 367.635 636.174
886 974.527 473.107
887 800.406 601.262
888 3313.86 1155.83
889 1068.27 815.856
890 1376.05 588.848
891 834.169 17.4555
892 1003.46 232.782
893 3276.93 2281.87
894 356.294 1480.36
895 1151.11 1694.54
896 2487.06 647.871
897 1530.14 1640.58
898 2932.98 1128.4
899 1360.96 2671.32
900 635.753 3506.48
901 174.997 3281.96
902 1752.94 69.2046
903 1237.96 3598.98
904 979.803 312.408
905 1818.78 56.3916
906 2502.37 1194.15
907 2592.56 1616.46
908 436.858 2298.68
909 883.743 84.4324
910 990.256 3692.13
911 3134.41 1147.01
912 974.406 2440.25
913 2765.67 2755.2
914 3129.61 1513.74
915 1030.46 1805.45
916 3453.57 2666.53
917 2647.93 2328.52
918 1908.28 3167.98
919 230.131 427.133
920 3600.55 3271.16
921 1479.07 2536.68
922 3084.53 2532.21
923 1307.49 1824.58
924 62.5451 3464.64
925 1470.72 995.235
926 3324.34 717.432
927 1891.79 2171.47
928 2774.98 3077.25
929 137.207 610.444
930 2091.31 2860.91
931 3097.75 3637.71
932 102.371 363.685
933 353.583 3281.78
934 816.425 2271.12
935 3624.91 6.97272
936 35.8147 3450.59
937 2878.69 2021.69
938 3649.21 1440.79
939 1939.27 782.29
940 2903.13 809.059
941 3605.47 1130.22
942 1726.16 3444.53
943 1456.27 750.703
944 3042.94 2630.29
945 1735.44 293.44
946 2814.91 1263.03
947 2114.35 1838.63
948 1948.54 3189.14
949 1911.17 3133.17
950 1924.35 1310.53
951 1979.13 3707.66
952 3390.46 115.705
953 189.516 3690.84
954 1360.25 3005.14
955 3476.9 423.014
956 363.604 834.643
957 2060.09 489.083
958 561.47 2206.85
959 1098.21 3430.22
960 1415.98 911.483
961 1090 3522.01
962 1193.34 2690.07
963 1673.96 1154.55
964 961.265 2678.17
965 1701.56 3484.44
966 1035.43 2342.92
967 2367.11 312.546
968 3211.7 740.851
969 989.488 1173.77
970 2827.55 2048.72
971 3204.3 1068.76
972 3572.08 1289.98
973 1827.76 3047.25
974 1091.26 525.425
975 2765.26 3119.64
976 2284.01 381.044
977 2563.06 2358.21
978 1320.98 3196.32
979 2416.2 1183.26
980 665.436 1310.07
981 2055.21 2136.63
982 3660.33 1907.4
983 3496.67 2681.17
984 2896.71 400.198
985 2879.41 1587.64
986 1033.06 2471.02
987 2629.75 2857.86
988 2533.82 2719.06
989 3010.88 1374.27
990 1461.62 1878.48
991 3106.48 1199.57
992 102.858 1380.58
993 482.256 1291.6
994 3175.43 576.286
995 3064.18 2015.12
996 2761.57 3257.62
997 3258.63 965.338
998 1684.45 1336.37
999 683.928 2590.47
1000 71.5686 3110.32
1001 737.469 852.751
1002 2571.7 3187.98
1003 2215.23 1118.89
1004 3329.47 657.165
1005 3247.36 361.697
1006 1602.9 686.43
1007 3502.75 3325.28
1008 3749.73 2152.09
1009 483.132 1523.68
1010 1209.76 3599.37
1011 2748.29 1718.26
1012 3447.32 3707.38
1013 84.5287 46.8496
1014 3108.82 90.2592
1015 3223.48 3677.79
1016 1416.67 375.189
1017 3652.48 3186.09
1018 1453.99 2482.36
1019 2561.44 2270.41
1020 122.19 3526.73
1021 3716.14 1243.24
1022 2400.25 2764.75
1023 2171.76 956.834
1024 2223.89 1442.85
1025 3065.54 1157.2
1026 2938.46 2537.36
1027 3197.68 1606.03
1028 3044.86 2517.56
1029 1920.51 2549.01
1030 1247.86 1344.17
1031 2852.17 687.669
1032 1505.97 1938.95
1033 3376.33 1543.36
1034 1775.29 325.554
1035 222.424 2106.16
1036 3556.24 1004.17
1037 3606.43 1468.36
1038 2156.59 2414.46
1039 69.0527 2564.54
1040 2705.42 87.7618
1041 2266.2 1589.41
1042 917.944 3721.1
1043 902.956 567.891
1044 392.65 3434.36
1045 2755.8 374.852
1046 2532.04 2643.73
1047 1991.16 421.875
1048 1549.83 1929.87
1049 139.655 1395.8
1050 702.502 2400.74
1051 3234.51 1744.02
1052 1715.94 2064.53
1053 2671.98 1700.32
1054 275.457 2765.99
1055 3442.6 118.724
1056 2140.79 844.509
1057 35.6811 669.257
1058 3548 3073.24
1059 3294.7 1872
1060 3394.01 1964.53
1061 2343.2 2791.99
1062 1723.45 3180.55
1063 3243.61 2317.03
1064 3756.47 26.7677
1065 288.934 1325.73
1066 1191.75 461.625
1067 2810.25 650.09
1068 2190.1 135.849
1069 589.267 1962.88
1070 2527.2 81.6027
1071 3757.61 3728.16
1072 707.71 2684.72
1073 1704.56 393.746
1074 3663.78 3188.21
1075 3472.27 1403.72
1076 3728.31 2214.9
1077 3082.75 3641.19
1078 127.539 1646.16
1079 1624.96 1549.53
1080 212.842 509.941
1081 1550.5 740.403
1082 2612.94 2536.97
1083 1354.57 1513.87
1084 3366.17 2176.38
1085 243.918 1159.02
1086 3673.84 13.598
1087 1177.86 405.895
1088 442.653 1103.54
1089 2423.4 2110.67
1090 2338.81 1234.24
1091 1377.34 121.629
1092 3670.12 3395.17
1093 1565.55 2606.92
1094 416.108 2921.82
1095 3218.23 1885.42
1096 1686.37 3586.73
1097 2520.82 1758.05
1098 3302.75 1387.47
1099 2852.25 2241.73
1100 2069.52 2416.3
1101 2004.51 984.323
1102 718.241 2922.81
1103 81.9693 2049.99
1104 1143.54 1202.02
1105 2764.03 1714.4
1106 1721.96 3221.14
1107 43.5759 3001.28
1108 3428.85 1524.68
1109 1098.4 885.12
1110 963.72 1855.9
1111 2266.85 502.96
1112 3478.64 3372.99
1113 2801.69 2067.4
1114 2371.03 1930.13
1115 2119.3 769.217
1116 680.67 2205.07
1117 3756.01 1137.75
1118 2320.83 903.043
1119 1727.12 2322.56
1120 3040.18 1008.02
1121 1882.33 1651.7
1122 2035.72 3591.74
1123 2416.78 544.995
1124 2109.68 705.334
1125 1822.56 3462.99
1126 379.057 3673.93
1127 1083.87 473.489
1128 3329.81 456.897
1129 186.897 960.593
1130 546.754 1597.86
1131 1251.78 2124.58
1132 2378.48 2578.04
1133 810.667 2501.31
1134 3709.89 2157.6
1135 800.766 1097.01
1136 1486.48 477.304
1137 3070 3.39286
1138 77.7722 482.718
1139 1331.03 2853.39
1140 2685.52 1125.67
1141 3125.97 631.994
1142 3051.23 393.56
1143 254.827 3575.25
1144 568.804 3469.53
1145 1622.51 1510.33
1146 1834.76 1417.82
1147 265.329 317.681
1148 1397.79 337.781
1149 979.78 3611.39
1150 3598.29 159.366
1151 2699.92 532.001
1152 2918.91 3331.94
1153 3441.45 2653.72
1154 777.069 2604.75
1155 569.163 1342.41
1156 2291.75 2357.34
1157 2751.41 1636.23
1158 3417.35 3733.36
1159 2368.96 2997.4
1160 1438.5 858.669
1161 1996.24 905.031
1162 887.123 2521.83
1163 1577.76 2128.56
1164 1646.47 148.566
1165 477.07 3601.88
1166 2035.88 531.7
1167 770.875 2541.85
1168 1102.49 250.795
1169 735.443 3348.86
1170 3394.92 1959.98
1171 1150.27 115.562
1172 3078.73 1912.68
1173 149.809 1638.75
1174 1828.26 1020.16
1175 36.1887 3544.46
1176 3751 922.517
1177 1865.56 595.873
1178 1542.6 3256.13
1179 314.726 2777.63
1180 2508.28 956.783
1181 837.181 60.1509
1182 1357.82 1913.26
1183 598.557 630.032
1184 3143.5 3664.05
1185 1214.12 3039.81
1186 3541.02 3471.74
1187 742.712 2174.43
1188 1987.63 917.063
1189 1433.88 510.388
1190 3174.33 3125.49
1191 2294.52 2799.61
1192 4.76855 962.241
1193 1912.08 2997.68
1194 2609.05 2997.1
1195 1332.15 1248.08
1196 1456.79 116.57
1197 3562.85 2547.93
1198 3376.68 3697.71
1199 1437.5 1628.97
1200 1706.59 3012.57
1201 975.388 2651.87
1202 1530.95 157.988
1203 2142.56 1591.54
1204 2710.31 3557.22
1205 3212.08 378.833
1206 2222.04 161.577
1207 2032.32 207.397
1208 1904.92 2619.56
1209 1077.46 1549.38
1210 1349.24 1053.35
1211 2392.7 2225.16
1212 3535.27 1835.75
1213 2103.49 176.213
1214 2474.43 2626.44
1215 2273.05 3430.69
1216 988.249 231.565
1217 3569.4 328.057
1218 2966.81 2928.27
1219 1576.33 2436.34
1220 894.57 3000.04
1221 2263.19 2311.65
1222 1921.02 1287.3
1223 194.609 204.356
1224 2654.77 204.777
1225 3722.61 3317.03
1226 305.944 900.762
1227 1549.09 2553.21
1228 119.416 1098.71
1229 1228.73 138.03
1230 1614.25 1218.78
1231 3543.04 2353.09
1232 1812.92 193.753
1233 1186.97 968.467
1234 258.005 2060.83
1235 1980.25 1330.41
1236 3716.55 2523.69
1237 112.753 2704.06
1238 3328.28 3192.15
1239 3668.94 454.994
1240 1548.17 1639.47
1241 865.335 194.969
1242 3284.34 2139.11
1243 529.168 569.636
1244 608.321 2939.71
1245 903.315 3215.85
1246 393.771 3427.98
1247 196.525 2116.35
1248 540.886 918.392
1249 137.671 1181.72
1250 1496.3 3112.34
1251 3074.77 2079.3
1252 1299.94 3534.68
1253 1602.78 1216.61
1254 247.857 2094.69
1255 221.977 3053.24
1256 2102.62 2855.82
1257 604.885 98.9685
1258 2521.34 240.724
1259 2925.04 3447.49
1260 3699.27 2236.58
1261 871.159 3010.1
1262 1158.16 796
1263 764.955 1923.66
1264 849.67 1924.67
1265 2251.9 372.029
1266 3571.71 2381.41
1267 1548.14 1832.56
1268 1893.84 1672.03
1269 196.791 371.303
1270 3088.3 1463.38
1271 2540.22 2316.26
1272 1013.04 1936.97
1273 703.096 547.946
1274 3280.02 497.139
1275 3268.94 2060.83
1276 2979.61 3326.67
1277 2188.48 492.208
1278 1723.44 478.013
1279 1906 3310.77
1280 3633.51 3423.64
1281 3615.08 3292.03
1282 888.713 780.374
1283 903.649 2273.52
1284 2622.18 2359.67
1285 1971.07 1511.11
1286 865.784 3388.74
1287 2614.76 3482.73
1288 3350.58 2468.31
1289 3726.99 2218.18
1290 3301.93 3313
1291 2769.59 241.59
1292 3140.05 3596
1293 2588 801.909
1294 157.331 322.054
1295 3535.86 1947.58
1296 632.837 2568.36
1297 2165.05 1152.83
1298 2233.86 77.8768
1299 1131.38 1966.34
1300 2625.3 2973.37
1301 2080.89 3088.68
1302 3060.26 1365.42
1303 2668.98 2777.63
1304 1450.69 1748.12
1305 1115.99 2281.11
1306 2567.55 2577.26
1307 1622.57 449.491
1308 2568.48 608.75
1309 881.275 3712.59
1310 1181.71 3403.99
1311 721.618 3539.2
1312 3618.79 3135.31
1313 15.5271 1676.69
1314 1423.66 750.693
1315 113.875 1610.12
1316 2839.2 1078.06
1317 62.8572 2337.03
1318 1927.83 3372.28
1319 1961.9 32.7202
1320 762.223 331.698
1321 2244.23 37.8784
1322 2945.24 736.922
1323 1181.27 2656.6
1324 105.88 3360.76
1325 818.962 228.371
1326 2524.23 2815.57
1327 2839.53 1740.25
1328 1789.33 694.834
1329 233.721 658.505
1330 1757.66 3753.08
1331 344.416 165.545
1332 2778.64 481.145
1333 511.391 2353.5
1334 2963.98 592.4
1335 2987 2022.9
1336 3364.42 716.529
1337 1744.18 707.518
1338 21.1229 3362.37
1339 2014.01 283.677
1340 1425.05 2320.3
1341 339.41 541.509
1342 3157.03 3052.26
1343 3643.54 1268.81
1344 2931.2 1038.85
1345 1302.54 2555.05
1346 1041.3 3470.49
1347 1283.22 2732.31
1348 3116.37 2461.42
1349 2726.54 274.081
1350 968.91 2729.52
1351 1138.22 1985.69
1352 2660.93 3053.99
1353 126.469 2407.89
1354 1380.54 3465.21
1355 1136.14 2015.77
1356 2357.75 585.155
1357 577.985 829.959
1358 1056.25 2733.21
1359 660.996 3009.76
1360 2363.31 3167.98
1361 1318.82 2179.91
1362 581.072 3438.02
1363 20.1472 1166.05
1364 525.94 1201.61
1365 566.874 2978.69
1366 867.701 1438.54
1367 1028.59 2832.61
1368 1344.66 1209.38
1369 869.391 590.806
1370 1946.49 2162.84
1371 447.004 1652.57
1372 2268.4 2627.17
1373 681.147 2684.91
1374 3177.25 2739.12
1375 580.994 1177.3
1376 3403.66 2002.93
1377 1801.88 3118.08
1378 3249.28 815.742
1379 2836.68 2257.97
1380 3095.92 718.687
1381 1973.4 1662.55
1382 202.019 2368.04
1383 3051.9 1834.94
1384 1746.08 185.628
1385 2048.81 3343.98
1386 2465.33 2640.62
1387 1751.7 3209.91
1388 1982.98 2544.88
1389 2816.85 898.001
1390 3201.4 1318.9
1391 138.563 3249.75
1392 761.014 180.131
1393 1086.95 2464.13
1394 3383.09 1947.64
1395 307.143 889.095
1396 432.771 1146.7
1397 2849.09 2797
1398 859.861 2115.4
1399 2442.28 2736.04
1400 2940.04 2541.83
1401 3619.75 2297.07
1402 1971.44 1711.85
1403 2250.82 1066.89
1404 187.265 3467.91
1405 534.983 425.355
1406 716.976 2677.49
1407 943.918 175.829
1408 1211.76 3574.47
1409 52.9006 1553.9
1410 1247.87 467.031
1411 2069.69 3184.56
1412 3739.13 3173.36
1413 96.5295 2595.09
1414 1824.47 1178.35
1415 3688.32 2309.54
1416 1927.53 2540.56
1417 930.616 3735.38
1418 3122.96 1331.58
1419 2206.9 1848.27
1420 877.759 32.195
1421 2567.47 2976.71
1422 2589.86 3047.44
1423 3184 705.728
1424 2461.93 117.744
1425 173.607 2459
1426 2773.04 1524.18
1427 3164.26 754.095
1428 1803.99 1255.84
1429 3573.2 2237.93
1430 2379.15 2905.7
1431 3181.71 508.791
1432 667.356 382.455
1433 3345.18 1085.34
1434 1120.99 1691.67
1435 517.863 2204.88
1436 2317.74 3682.37
1437 1581.12 2425.7
1438 2975.73 451.092
1439 3417.91 1806.68
1440 1513.08 889.209
1441 2669.7 1452.97
1442 2316.67 506.387
1443 3584.01 2740.21
1444 2317.18 1555.7
1445 1134.19 3291.15
1446 1083.42 788.488
1447 2910.24 2842.08
1448 824.953 1646.93
1449 2763.14 1581.85
1450 2211.75 143.745
1451 3308.28 1656.28
1452 2484.97 3087.93
1453 3553.51 914.754
1454 2064.74 330.197
1455 220.898 2874.15
1456 3536.15 1936.59
1457 1762.6 28.5653
1458 166.143 1216.91
1459 761.789 1928.26
1460 1546.39 150.538
1461 1752.52 878.323
1462 2838.3 1541.91
1463 2387.58 439.052
1464 458.886 1031.38
1465 391.297 158.051
1466 2426.76 1470.19
1467 324.786 3254.29
1468 688.476 3034.56
1469 2441.5 981.862
1470 415.175 1047.2
1471 473.443 1997.69
1472 3420.55 1815.18
1473 3670.09 442.902
1474 3638.26 2619.03
1475 3421.51 2171.95
1476 3576.44 883.375
1477 1978.65 1460.8
1478 1597.27 1642.79
1479 2970.66 392.328
1480 3001.01 1962.87
1481 2031.43 2343.56
1482 467.47 3363.81
1483 640.432 2040.22
1484 1660.63 2873.71
1485 250.582 79.8554
1486 1198.62 2286.26
1487 1042.41 1676.15
1488 1499.09 3159.24
1489 314.294 485.14
1490 2498.6 1447.32
1491 370.499 2025.84
1492 1634.44 3479.66
1493 463.368 2898.39
1494 3655.14 2791
1495 703.791 324.745
1496 2145.07 1373.69
1497 1486 1626.95
1498 2218.93 2108.59
1499 3253.2 1083.63
1500 3441.23 1113.58
1501 2938.86 2114.51
1502 3399.9 1523.93
1503 1715 3493.73
1504 2804.86 3050.32
1505 1483.61 242.658
1506 2938.52 482.451
1507 2500.41 2274.03
1508 2369.21 2875.25
1509 843.951 2815.35
1510 449.697 1909.63
1511 575.439 2105.08
1512 1139.61 3537.28
1513 2250.24 43.3472
1514 128.084 334.336
1515 2768.95 1111.89
1516 992.042 1511.62
1517 285.298 2490.26
1518 2469.32 1701.96
1519 3530.63 2556.97
1520 784.316 1412.19
1521 694.758 271.2
1522 724.583 3635.59
1523 3269.76 2120.2
1524 1965.25 2474.39
1525 1777 2908.74
1526 343.947 655.167
1527 905.135 3379.29
1528 2135.68 2538.29
1529 1052.97 1324.44
1530 2980.82 2010.77
1531 2545.08 1392.76
1532 2675.8 3073.73
1533 1800.71 3684.29
1534 1361.44 3155.07
1535 117.785 716.41
1536 1117.01 2681.16
1537 979.586 1523.47
1538 1706.86 1141.1
1539 552.299 3365.07
1540 829.741 884.691
1541 3305.32 1762.16
1542 2660.63 452.986
1543 2139.84 916.144
1544 310.867 718.383
1545 2680.34 2691.03
1546 204.188 2276.19
1547 2420.77 3031.5
1548 2343.69 3658.69
1549 632.78 488.473
1550 1929.2 1102.49
1551 908.142 531.807
1552 929.267 1387.96
1553 2683.81 1511.96
1554 1678.07 1996.7
1555 593.436 34.9469
1556 3419.75 3722.13
1557 999.644 2879.54
1558 2236.53 2067.84
1559 2050.8 887.223
1560 331.27 903.412
1561 1081.91 1725.37
1562 1315.3 2081.82
1563 2444.23 3475.68
1564 1515.01 721.313
1565 355.479 1542.57
1566 3259.92 1544.88
1567 3378.24 1584.17
1568 1324.57 2186.85
1569 2023.7 3128.98
1570 499.721 1100.97
1571 76.1065 684.307
1572 866.193 3266.88
1573 1113.59 2607.96
1574 2387.25 811.095
1575 3504.67 3740.48
1576 2115.96 1310.19
1577 2630.5 1589.99
1578 726.867 1344.21
1579 2533.24 2391.56
1580 3265.12 587.667
1581 562.353 3296.71
1582 2447.76 3453.58
1583 1101.86 718.393
1584 2055.03 796.569
1585 2336.02 3495.7
1586 1339.56 3448.82
1587 3530.1 931.403
1588 829.793 2107.16
1589 1134.15 3436.67
1590 246.189 2368.53
1591 3411.49 2579.02
1592 659.098 1192.37
1593 2111.3 1438.32
1594 1729.43 1810.06
1595 3707.43 487.673
1596 46.8457 2559.77
1597 1048.07 1763
1598 997.12 1600.15
1599 2776.27 523.934
1600 1183.94 3314.24
1601 1716.66 3614.75
1602 776.528 141.131
1603 729.901 2730.36
1604 31.2386 1801.14
1605 3347.72 89.1724
1606 2891.3 1376.96
1607 801.954 2078.62
1608 3359.61 568.521
1609 2452.02 2972.12
1610 657.246 3612.24
1611 689.923 1708.41
1612 1219.25 1026.9
1613 3179.38 1809.3
1614 1649.75 2510.23
1615 1590.93 244.429
1616 2522.97 3280.7
1617 2754.3 3690.96
1618 16.5816 2372.13
1619 416.055 349.242
1620 1463 1873.7
1621 838.84 3478.25
1622 858.245 215.971
1623 3125.08 3658.83
1624 772.096 3046.95
1625 355.381 3085.07
1626 2157.71 3306.56
1627 2777.08 1729.09
1628 2788.91 3408.01
1629 2618.46 351.246
1630 429.781 1306.29
1631 621.438 99.7752
1632 419.924 1572.29
1633 340.035 99.618
1634 1613.45 1967.11
1635 1182.9 366.614
1636 1468.82 1318.96
1637 2327.57 1702.81
1638 41.229 1314.73
1639 1277.1 1352.21
1640 1000.61 1271.94
1641 2658.02 3296.78
1642 2782.35 2434.22
1643 394.848 2764.12
1644 3043.5 3587.38
1645 2315.33 2772.7
1646 3085.3 244.273
1647 1984.66 149.584
1648 633.755 2851.32
1649 2004.75 1052.93
1650 1988.48 3126.17
1651 41.5312 3393.8
1652 2563.82 2866.78
1653 54.6639 2875.46
1654 276.182 2897.73
1655 3173.42 3596.64
1656 3102.65 1307.12
1657 3512.52 3323.69
1658 1420.53 576.488
1659 739.795 1942.09
1660 2071.25 334.853
1661 3276.08 1471.8
1662 708.561 37.1324
1663 2077.31 3067.99
1664 2066.28 267.865
1665 3264.96 3157.16
1666 192.609 486.551
1667 2595.65 2761.93
1668 599.923 20.5691
1669 1387.61 666.157
1670 1118.31 499.852
1671 27.8583 2837.92
1672 3050.3 858.5
1673 3380.74 143.062
1674 31.2799 3725.16
1675 480.849 759.309
1676 3691.17 3719.78
1677 1735.46 432.935
1678 1578.86 1950.94
1679 1441.08 1208.96
1680 977.175 2160.25
1681 2182.51 3413.12
1682 1931.04 3270.86
1683 2329.76 1215.34
1684 3155.52 887.954
1685 1045.03 3304.68
1686 2689 1096.26
1687 1548.06 220.313
1688 1824.95 2194.27
1689 415.016 2108.85
1690 2814.54 2877.52
1691 2274.78 1689.08
1692 1207.49 1258.65
1693 1531.31 2498.94
1694 156.95 3287.43
1695 920.223 2093.75
1696 696.335 70.5571
1697 488.742 150.524
1698 1103.98 781.088
1699 3231.11 535.765
1700 2088.07 2330.82
1701 957.471 1465.8
1702 2001.4 181.16
1703 2071.3 1224.66
1704 2489.01 1526.08
1705 3279.98 2322.18
1706 1149.24 935.422
1707 3329.01 3767.89
1708 206.211 1425.65
1709 397.403 1653.84
1710 1213.56 2498.3
1711 3617.28 1055.71
1712 1784.96 2806.43
1713 2279.2 1630.33
1714 3208.05 2272.19
1715 973.232 504.263
1716 2368.69 3591.32
1717 521.954 880.995
1718 1446.33 1433.59
1719 706.182 3367.88
1720 652.78 1885.74
1721 2174.04 851.339
1722 1924.86 1953.09
1723 2486.04 1977.37
1724 1465.57 506.739
1725 2119.36 644.921
1726 193.551 1720.71
1727 3507.53 1259.22
1728 2969.74 2331.48
1729 1233.75 3319.46
1730 2247.45 668.864
1731 169.07 622.914
1732 1720.23 2040.7
1733 1264.2 3320.78
1734 150.744 3114.4
1735 568.675 2986.94
1736 3199.82 1260.41
1737 3481.29 2059.83
1738 3186.03 2273.67
1739 2316.1 2173.3
1740 3003.06 2187.96
1741 2331.36 289.395
1742 2381.34 272.142
1743 3641 2597.98
1744 2329.56 2157.04
1745 311.244 1555.8
1746 3263.2 987.328
1747 530.957 2742.23
1748 3372.7 2059.48
1749 1975.08 1226.79
1750 3383.61 1725.61
1751 818.423 3286.29
1752 1363.21 3315.48
1753 1329.74 1388.32
1754 1930.8 1493.96
1755 1613.53 2910.66
1756 1407.02 1439.45
1757 3012.59 641.726
1758 3549.53 1558.89
1759 2395.91 1726.47
1760 541.251 3288.25
1761 1494.66 2217.83
1762 1393.3 2899.6
1763 2099.14 1665.1
1764 1186.06 1611.63
1765 2979.87 2516.04
1766 3678.94 2489.05
1767 2018.3 2290.16
1768 978.269 2353.22
1769 3214.73 2404.8
1770 2987.42 880.903
1771 1176.61 1656.73
1772 825.849 2021
1773 306.895 683.698
1774 2504.57 3556.05
1775 3733.4 1015.14
1776 404.892 3324.32
1777 722.541 2722.45
1778 2118.19 3643.49
1779 306.113 1343.8
1780 2486.01 2306.51
1781 3377.87 784.593
1782 632.729 3203.61
1783 2875.23 2579.44
1784 1150.05 194.024
1785 2449.16 1178.82
1786 556.04 3014.47
1787 3273.85 1997.29
1788 184.767 2484.53
1789 1173.83 1686.21
1790 376.149 1753.97
1791 1813.61 921.653
1792 2092.88 1908.59
1793 2825.83 588.333
1794 2220.41 2239.32
1795 2099.37 2701.88
1796 2996.75 1079.66
1797 1122.22 3058.26
1798 2176.6 487.098
1799 3370.09 972.461
1800 1554.51 1553.59
1801 586.687 1043.9
1802 999.299 1269.51
1803 2557.97 818.076
1804 3039.12 174.467
1805 1957.86 2405.55
1806 996.701 3598.88
1807 1335.79 1899.48
1808 867.481 2421.98
1809 2423.21 1627.78
1810 2645.64 1952.19
1811 530.657 134.532
1812 1292.73 3006.6
1813 1464.05 143.456
1814 1264.57 1755.72
1815 3346.12 1431.99
1816 1835.36 814.376
1817 1770.02 2822.22
1818 2310.46 1317.99
1819 3519.14 2146.97
1820 3000.86 702.435
1821 3249.67 1687.37
1822 3513.91 2036.36
1823 2012.51 1623.43
1824 1740.07 910.262
1825 3578.06 700.686
1826 3058.85 2201.53
1827 1940.17 3277.91
1828 2491.75 166.054
1829 285.969 806.978
1830 1147.63 1047.58
1831 2915.2 2009.54
1832 3212.08 179.06
1833 3762.49 2841.07
1834 3699.49 365.872
1835 1507.68 1291.74
1836 2089.31 1366.34
1837 3225.9 3367.26
1838 3552 2261.79
1839 2618.16 462.821
1840 3255.34 1142.37
1841 3664.48 3512.09
1842 556.187 713.807
1843 2641.89 200.432
1844 2766.9 2176.99
1845 1004.05 230.13
1846 1027.71 1976.63
1847 142.006 3690.15
1848 3033.96 3700.16
1849 39.8163 605.165
1850 544.637 1250.01
1851 1927.54 1735.49
1852 263.435 2388.21
1853 651.364 69.0471
1854 2282.68 105.659
1855 1930.56 1564.79
1856 371.478 2189.99
1857 2087.84 2691.29
1858 2854.54 2365.17
1859 1000.71 1756.07
1860 1750.2 3052.69
1861 3690.66 3430.53
1862 1489.28 2742.6
1863 3519.04 858.144
1864 1653.99 1801.49
1865 270.672 3557.94
1866 1363.59 1979.55
1867 1131.02 2589.5
1868 1025.39 3712.04
1869 1788.84 1587.02
1870 2889.96 2872.03
1871 2088.08 270.807
1872 745.29 1097.62
1873 3063.61 1131.14
1874 3577.5 1979.84
1875 2247.05 483.785
1876 2732 1033.95
1877 3745.27 2661.65
1878 2653.38 2855.99
1879 2859.67 1503.81
1880 1535.62 3205.86
1881 478.091 1507.31
1882 1991.47 1938.2
1883 1510.04 2189.22
1884 315.193 2508.82
1885 1128.47 542.175
1886 1514.01 1299.03
1887 1306.73 2423.02
1888 1535.49 2795.15
1889 1175.84 3158.03
1890 1131.26 1975.05
1891 1330.49 3166.38
1892 431.475 2556.97
1893 3525.3 351.512
1894 795.397 1198.6
1895 2366.58 2112.89
1896 2528.39 1597.43
1897 1520.81 3549.4
1898 1211.9 1988.46
1899 1190.23 1315
1900 2641.51 1712.5
1901 1468.12 2733.95
1902 1510.3 386.748
1903 893.617 1438.04
1904 1758.9 349.574
1905 2527.47 2139.62
1906 2033.02 1228.22
1907 13.4313 377.18
1908 2018.25 1879.21
1909 1745.07 399.424
1910 3064.5 2822.22
1911 3445.82 600.062
1912 3055.18 46.8537
1913 2808.88 684.816
1914 3342.42 287.829
1915 1000.98 3137.62
1916 3302.19 3408.75
1917 1649.9 550.182
1918 2758.83 3019.94
1919 3399.55 628.565
1920 2175 657.447
1921 1625.41 1172.11
1922 1857.05 2287.3
1923 1805.51 1411.58
1924 1452.01 956.067
1925 2203.44 1295.74
1926 1020.24 315.753
1927 2348.11 1097.55
1928 2270.26 1549.34
1929 175.98 3455.56
1930 2872.92 1823.94
1931 3694.26 3197.05
1932 1390.73 3458.73
1933 3030.3 1341.74
1934 2918.08 2804.86
1935 1251.88 1936.49
1936 3103.24 739.016
1937 3567.71 17.327
1938 1503.34 2821.41
1939 1941.45 67.4669
1940 785.407 2935.47
1941 706.458 3683.02
1942 1455.36 1235.04
1943 2754.68 2588.33
1944 1340.81 3391.67
1945 1851.5 433.752
1946 1904.23 2666.63
1947 445.815 1342.14
1948 3138.43 2857.53
1949 2233.02 154.697
1950 2402.97 459.729
1951 241.236 3536.92
1952 2502.83 3009.72
1953 3599.69 2171.31
1954 3173.02 1389.04
1955 2410.15 639.788
1956 2626.7 2381.79
1957 1433.09 2319.86
1958 3404.82 2069.88
1959 1921.55 542.309
1960 113.805 398.14
1961 3624.37 703.484
1962 2449.25 370.379
1963 334.245 2218.71
1964 1860.09 1387.63
1965 1568.5 383.992
1966 2623.57 2384.16
1967 3668.27 1537.67
1968 873.884 1265.07
1969 1792.5 789.55
1970 61.4972 1925.7
1971 882.742 1576.2
1972 2947.01 2366.41
1973 1510.25 2506.4
1974 2210.39 3423.65
1975 675.168 2241.58
1976 401.516 1429.21
1977 1950.42 113.643
1978 401.346 1503.23
1979 7.84088 3354.76
1980 3716.19 1496.24
1981 748.963 2135.84
1982 3636.69 1855.07
1983 1723.78 1869.52
1984 1276.85 2702.53
1985 1749.17 1205.54
1986 488.048 807.677
1987 2642.5 122.426
1988 1371.07 1440.94
1989 725.166 388.341
1990 1978.08 790.588
1991 313.506 2650.08
1992 286.302 545.866
1993 935.208 1832.29
1994 3355.72 1455.85
1995 743.111 1507.05
1996 1751.88 2124.5
1997 888.103 269.753
1998 161.054 639.843
1999 804.356 2367.92
2000 31.3668 3071.07
2001 1876.53 3445.26
2002 3226.23 1136.9
2003 3162.61 2448.42
2004 2734.49 96.8354
2005 3116.07 3602.02
2006 2895.01 1926
2007 2991.06 1227.18
2008 3101.83 1510.08
2009 921.729 1608.5
2010 681.135 708.926
2011 1039.91 817.987
2012 490.008 2657.3
2013 3624.51 3003.88
2014 2460 2487.51
2015 1746.76 3458.43
2016 1990.44 3035.46
2017 800.871 1390.48
2018 1114.91 1211.81
2019 941.12 3387.01
2020 3665.32 3135.43
2021 2749.96 770.839
2022 1253.02 1232.48
2023 3753.88 3101.72
2024 590.028 737.483
2025 3638.99 3.82047
2026 678.399 295.917
2027 1741.29 987.236
2028 994.952 1800.07
2029 979.255 97.2273
2030 2124.59 2522.11
2031 2285.64 2936.73
2032 2568.9 1822.89
2033 2959.68 3607.29
2034 2091.38 1933.42
2035 3509.2 1041.32
2036 1954.53 2821.59
2037 859.797 1997.01
2038 2509.13 2814.35
2039 3745.83 3274.18
2040 2155.3 3074.76
2041 3302.59 2111.28
2042 1648.26 1761.73
2043 727.884 3179.69
2044 1644.91 1132.57
2045 3694.45 1213.63
2046 3509.16 1099.9
2047 853.47 1712.62
2048 1192.85 733.789
2049 2025.64 2672.13
2050 2814.6 985.588
2051 1456.02 2412.87
2052 1638.11 1644.17
2053 642.936 2299.96
2054 2594.82 1589.26
2055 138.632 2976.59
2056 3744.73 684.67
2057 274.543 793.075
2058 3521.32 3011.96
2059 117.878 2842.45
2060 3521.5 2847.36
2061 3630.8 38.6434
2062 1186.97 2975.32
2063 871.507 3490.22
2064 71.4617 3040.42
2065 2935.54 2665.3
2066 881.456 291.545
2067 325.39 838.107
2068 2694.08 3127.54
2069 2724.74 1528.81
2070 1351.68 2437.1
2071 2531.88 2591.55
2072 2782.69 3244.38
2073 1684.14 340.17
2074 3462.84 3528.27
2075 1518.61 2195.13
2076 2400.83 1427.91
2077 1780.17 273.916
2078 347.101 2875.02
2079 3609.91 2895.68
2080 1647.36 2000.78
2081 226.178 141.502
2082 492.829 3118.1
2083 2888.27 2078.89
2084 2773.4 1169.8
2085 3541.72 3302.96
2086 1697.18 1622.54
2087 3511.12 1542.66
2088 468.833 487.059
2089 639.279 510.919
2090 2774.42 1260.09
2091 830.163 370.994
2092 2368.87 3438.46
2093 3087.45 1907.86
2094 2534.77 2763.69
2095 3538.65 3401.22
2096 2086.7 289.51
2097 1897.72 3029.08
2098 1651.49 1719.29
2099 2047.21 3759.73
2100 1500.2 2.89846
2101 3701.85 3737.8
2102 2704.2 1103.99
2103 3517.81 1519.78
2104 2321.25 3762.9
2105 667.777 2202.62
2106 145.978 2956.68
2107 870.428 2367.39
2108 1062.26 2466.22
2109 123.819 2540.09
2110 2638.67 2955.51
2111 3543.04 896.014
2112 2222.73 1905.56
2113 3765.83 1010.67
2114 3289.18 3638.73
2115 3687.67 146.659
2116 1356.19 452.143
2117 1086.27 691.321
2118 1960.28 583.192
2119 883.66 1237.55
2120 3416.61 1009.06
2121 1702.62 1347.44
2122 2957.14 1190.2
2123 2166.59 2685.33
2124 812.228 647.681
2125 1239.32 439.241
2126 864.945 498.077
2127 1941.77 2720.99
2128 536.002 1332.59
2129 349.107 2817.48
2130 3477.75 1345.74
2131 1336.38 1117.02
2132 2857.68 989.53
2133 2737.35 2106.62
2134 1509.68 1919.23
2135 979.986 3350.5
2136 3272.51 103.987
2137 2798.21 2338.55
2138 3138.22 1712.29
2139 1763.53 1854.18
2140 3180.66 3428.97
2141 2717.46 123.474
2142 751.038 2157.51
2143 3078.68 450.668
2144 789.063 1876.13
2145 980.616 2597.03
2146 1796.87 288.639
2147 679.819 909.802
2148 1650 2356.07
2149 3005.2 2431.6
2150 1003.33 2081.27
2151 62.3674 2507.48
2152 1663.45 2454.02
2153 3524.89 2844.31
2154 2907.8 2867.61
2155 1145.41 295.126
2156 3308.19 848.484
2157 2216.37 3735.62
2158 3202.96 1943.14
2159 2063.37 3751.22
2160 2721.04 578.869
2161 284.777 280.708
2162 1197.47 2537.36
2163 641.801 1213.95
2164 3682.09 3007.7
2165 3757.43 1593.32
2166 2345.66 2130.72
2167 189.761 1653.91
2168 2442.51 2850.73
2169 3448.73 904.425
2170 442.411 2948.57
2171 3569.03 3750.91
2172 193.663 1259.77
2173 699.581 1100.06
2174 490.173 1173.92
2175 3164.26 1189.55
2176 83.4197 708.286
2177 236.209 638.965
2178 1237.12 528.188
2179 2447.24 1410.89
2180 828.304 1934.53
2181 2391.34 2916.64
2182 724.185 2994.78
2183 3216.32 1790.25
2184 3765.91 3459.98
2185 112.387 10.2621
2186 2479 1038.07
2187 2267.05 3090.98
2188 3764.09 41.8245
2189 2771.33 3585.32
2190 1125.01 1167.76
2191 3370.74 1328.07
2192 1286.05 2223.07
2193 2983.84 2154.17
2194 3456.08 2323.27
2195 87.1171 3091.79
2196 3657.91 2855.67
2197 2448.37 759.34
2198 2441.6 3248.69
2199 640.557 1086.03
2200 196.979 1326.27
2201 56.2494 376.742
2202 816.927 197.109
2203 1.21766 3603.55
2204 2760.05 1308.15
2205 161.319 1294.5
2206 254.972 2694.04
2207 3435.02 1894.25
2208 1481.95 1491.39
2209 823.614 267.642
2210 1023.42 1315.25
2211 137.373 3055.96
2212 2417.95 2541.1
2213 3707.56 2418.48
2214 1163.86 309.75
2215 2949.11 1837.37
2216 2101.42 3382
2217 1287.75 1718.73
2218 1990.79 3374.05
2219 2536.57 2394.65
2220 1155.79 3013.99
2221 703.104 40.1891
2222 3182.01 1248.54
2223 1617.87 2036.32
2224 895.731 1265.02
2225 472.964 2495.9
2226 1263.21 2472.14
2227 802.587 2538.83
2228 979.525 611.023
2229 1865.06 2724.78
2230 2410.28 1828.8
2231 102.407 3690.34
2232 163.586 523.472
2233 534.092 3038.28
2234 2142.62 2061.51
2235 1186.32 1913.65
2236 824.208 103.139
2237 2401.84 2487.93
2238 273.155 946.189
2239 2117.73 2624.88
2240 2546.86 1791.22
2241 1955.66 3639.65
2242 2550.08 1418.13
2243 304.17 453.542
2244 2695.05 3069.75
2245 3426.41 3340.07
2246 1790.1 2427.34
2247 3344.8 1683.15
2248 2278.26 2345.69
2249 1845.95 2527.73
2250 534.992 2048.68
2251 894.142 2638.19
2252 1005.78 315.703
2253 3110.92 1203.81
2254 454.531 3060.76
2255 2669.24 1485.93
2256 491.11 1385.71
2257 3113.32 3579.33
2258 3372.86 2406.69
2259 1974.22 615.495
2260 145.889 2848.69
2261 2945.19 1587.02
2262 3349.03 3484.09
2263 1174.99 1401.61
2264 1864.23 3337.72
2265 3540.57 3032.08
2266 2192.23 2635.86
2267 295.581 2070.01
2268 1345.35 2671.18
2269 344.712 110.018
2270 2999.94 1768.22
2271 41.857 1544.57
2272 568.444 3266.81
2273 3498.48 2592.49
2274 2665.41 3351.03
2275 76.8364 351.649
2276 3078.17 1422.74
2277 2425.78 1120.75
2278 1643.02 3560.17
2279 721.017 1885.21
2280 3493.94 309.86
2281 3515.13 320.174
2282 366.827 167.917
2283 2556.14 1424.48
2284 1205.13 2440.11
2285 3764.41 1623.51
2286 849.354 912.838
2287 1910.79 2608.19
2288 2642.39 333.426
2289 3242.87 972.583
2290 437.553 799.568
2291 3752.8 2114.97
2292 643.72 47.8836
2293 517.727 720.135
2294 2651.54 3700.55
2295 1379.7 802.692
2296 2170.55 2801.4
2297 607.268 2885.52
2298 557.231 593.462
2299 2439.94 274.703
2300 1604.22 2498.01
2301 183.345 2328.24
2302 956.128 2676.58
2303 2303.58 3701.57
2304 3013.04 896.573
2305 2562.98 263.563
2306 1532.8 2716.34
2307 3509.05 754.575
2308 2392.49 724.86
2309 640.948 2286.83
2310 2041.28 135.116
2311 808.591 1289.17
2312 3670.02 2643.48
2313 3358.16 2197.07
2314 3386.85 1346.18
2315 340.312 680.494
2316 2582.61 2556.9
2317 1089.51 554.833
2318 2629.28 508.083
2319 3537.91 1431.86
2320 3602.73 2058.82
2321 1530.98 290.378
2322 721.427 512.058
2323 3641.75 2518.53
2324 2924.3 960.384
2325 945.427 2472.8
2326 721.223 1704.54
2327 1348.89 3221.4
2328 1807.33 1615.3
2329 2668.2 833.615
2330 1962.85 985.403
2331 1967.68 989.055
2332 570.841 1719.38
2333 2461.17 192.741
2334 1978.64 1410.42
2335 2659.38 1952.36
2336 2178.8 2804.04
2337 3213.95 1652.03
2338 706.955 2055.09
2339 3179.04 2290.96
2340 889.383 1461.61
2341 93.6006 2190.83
2342 391.12 1231.17
2343 596.439 1741.07
2344 2762.96 2008.4
2345 2583.31 2024
2346 2723.56 1381.07
2347 3394.86 3509.74
2348 853.272 636.327
2349 2191.51 3240.88
2350 1769.41 2233.52
2351 3664.66 3666.28
2352 1359.47 898.352
2353 2367.44 1594.16
2354 2810.59 1738.62
2355 3686.09 574.38
2356 2239.97 2878.27
2357 2415.94 1250.75
2358 1371.93 657.853
2359 2085.34 3698.92
2360 2697.36 1773.98
2361 249.842 315.805
2362 511.651 3471.94
2363 2411.67 495.599
2364 2417.06 1113.83
2365 2936.05 2652.12
2366 3175.41 171.109
2367 3155.76 862.175
2368 785.189 3597.05
2369 3447.98 2399.21
2370 1593.75 1237.36
2371 2707.15 2578.93
2372 1405.04 662.455
2373 893.45 213.897
2374 3169.17 2263.13
2375 918.229 2744.12
2376 1600.51 935.629
2377 3309.83 1626.03
2378 1304.91 1179.07
2379 1567.73 1514.32
2380 1567.98 3177.73
2381 1663.32 1359.63
2382 683.107 273.714
2383 1787.02 1881.66
2384 126.629 2952.36
2385 997.038 3752.42
2386 388.545 2991.79
2387 1292.19 1108.35
2388 799.061 1518.87
2389 2231.08 2050.27
2390 1307.56 1686.7
2391 2451.97 2113.2
2392 269.049 2967.7
2393 1925.83 3515.57
2394 3628.57 3439.45
2395 1474.3 3274.47
2396 155.32 1301.71
2397 3631.95 657.033
2398 2333.65 1096.16
2399 2318.98 2566.05
2400 2902.34 2301.42
2401 2485.34 1786.67
2402 729.532 2215.65
2403 1765.2 3228.57
2404 1998.31 280.404
2405 919.222 3287.37
2406 255.244 2002.35
2407 2933.88 3236.54
2408 2562.79 1571.41
2409 2617.77 2132.51
2410 3205.28 1013.23
2411 3107.38 791.667
2412 807.509 904.717
2413 1867.13 2213.52
2414 42.2122 228.432
2415 75.3426 3005.53
2416 737.236 881.923
2417 1581.48 467.017
2418 662.86 2047.74
2419 3358.63 3688.55
2420 374.087 2427.41
2421 216.347 782.275
2422 1759.45 1242.54
2423 1849.34 2533.41
2424 3629.2 542.271
2425 2757.08 2630.48
2426 1503.38 958.768
2427 2176.89 2330.03
2428 1408.62 357.858
2429 2423.38 3119.66
2430 1285.36 963.656
2431 1150.29 3170.95
2432 2654.27 2399.59
2433 2622.65 689.761
2434 2052.18 3019.33
2435 77.7554 2649.04
2436 436.446 3351.03
2437 2839.91 3456.69
2438 1932.82 3413.68
2439 2052.53 532.824
2440 1432.08 2542.96
2441 2689.63 2458.99
2442 285.563 1780.59
2443 653.295 3571.42
2444 2178.14 2514.82
2445 1302.28 2965.54
2446 2079.83 3036.94
2447 522.464 2981.87
2448 1354.9 1069.11
2449 1496.28 3492.34
2450 1858.78 2973.9
2451 1805.18 448.772
2452 2699.85 895.122
2453 2786.63 3736.38
2454 365.45 3069.81
2455 2793.25 1164.43
2456 3695.87 361.274
2457 2698.44 2326.53
2458 3581.51 1907.54
2459 1773.25 9.13458
2460 2137.81 3657.26
2461 453.043 3306.45
2462 536.379 2624.11
2463 1182.89 58.9267
2464 3301.44 2381.14
2465 2747.25 131.777
2466 2337.86 833.522
2467 2916.7 2973.02
2468 645.86 1745.57
2469 1221.35 2988.72
2470 2707.09 838.102
2471 470.846 1217.31
2472 503.212 86.8858
2473 1823.97 1019.78
2474 756.371 1547.67
2475 503.618 2741.94
2476 483.257 2668.51
2477 3128.24 3491.31
2478 2093.37 2673.46
2479 2550.39 694.71
2480 2153.95 1586.89
2481 1903.35 3473.77
2482 1308.57 923.961
2483 1787.51 1873.66
2484 707.039 3216.62
2485 1463.13 391.313
2486 406.45 2525.88
2487 865.979 3136.4
2488 1941.5 2423
2489 55.145 3259.51
2490 1229.84 3484.92
2491 1548.41 3725.84
2492 104.273 1804.11
2493 3140.03 1583.22
2494 2980.96 2297.28
2495 1780.71 2179.63
2496 3671.48 3465.26
2497 2345.18 3640.59
2498 2383.93 2540.36
2499 1631.87 41.26
2500 1464.75 2832.21
2501 285.716 2281.64
2502 2495.82 649.875
2503 501.103 2304.97
2504 638.693 2888.27
2505 2282.82 75.0543
2506 2127.75 3143.83
2507 74.0067 2766.54
2508 1677.28 452.561
2509 721.129 74.3435
2510 542.907 1453.27
2511 450.441 1264.62
2512 1100.58 1948.21
2513 1620.42 3310.07
2514 2023.02 1440.79
2515 2217.7 455.378
2516 1605.64 3626.73
2517 988.227 2535.28
2518 3173.18 700.593
2519 1203.38 1032.74
2520 3519.12 3452.13
2521 2703.31 1340.59
2522 2133.49 2013.18
2523 2112.01 3491.59
2524 3124.64 178.79
2525 3218.21 783.234
2526 376.554 357.178
2527 3741.92 1455.54
2528 2120.95 1780.2
2529 2458.55 1400.92
2530 943.273 1543.74
2531 2450.93 111.639
2532 77.3749 2130.09
2533 2281.71 791.079
2534 1256.41 1410.46
2535 1784.52 604.934
2536 445.382 2176.77
2537 1738.44 1295.35
2538 1445.67 3293.17
2539 1435.31 3466.21
2540 1892.51 239.86
2541 2169.46 3211.82
2542 1757.91 3013.67
2543 2840.42 70.0115
2544 3485.61 2794.31
2545 3058.04 3593.69
2546 939.612 1492.48
2547 3452.5 84.1976
2548 420.469 1139.91
2549 364.663 1811.32
2550 1514.57 2728.65
2551 2971.35 1744.11
2552 1844.14 3619.68
2553 2518.22 2045.67
2554 2128.71 607.229
2555 571.719 660.995
2556 3194.28 3104.37
2557 3681.48 2446.13
2558 1792.61 863.969
2559 1239.22 1851.54
2560 2848.18 3736.47
2561 1308.5 2450.32
2562 2782.19 801.561
2563 2227.31 3093.12
2564 571.491 200.612
2565 3058.23 3041.49
2566 699.682 3676.35
2567 2602.45 998.986
2568 78.6051 2386.36
2569 2922.66 689.147
2570 746.109 163.305
2571 1280.72 283.322
2572 7.50121 2280.81
2573 2389.81 1411.84
2574 1812.04 3577.92
2575 1392.92 2521.76
2576 528.263 2682.38
2577 1207.95 2189.82
2578 3754.33 1262.99
2579 320.587 3416.22
2580 1702.14 781.805
2581 1795.18 378.799
2582 1974.38 1976.54
2583 3180.98 205.675
2584 2863.39 796.923
2585 2740.76 918.99
2586 429.585 2374.68
2587 1319.3 1551.86
2588 2937.09 3238.68
2589 2789.7 145.301
2590 3717.19 30.1509
2591 321.13 2589.15
2592 1777.72 2642.94
2593 1305.18 2155.66
2594 379.688 1753.25
2595 2707.65 2867.79
2596 2148.97 105.206
2597 2405.08 2067.47
2598 332.688 3188.25
2599 3720.06 1672.55
2600 2588.72 1519.83
2601 949.491 1652.16
2602 1034.1 1129.71
2603 822.846 3305.2
2604 1426.43 3216.86
2605 950.382 1170.33
2606 977.879 2509.24
2607 2385.95 3173.99
2608 1350.72 3417.37
2609 2013.47 2672.48
2610 2781.82 542.988
2611 905.727 3665.13
2612 3758.48 3699.06
2613 2634.59 633.615
2614 300.374 2022.16
2615 2738.9 2786.03
2616 2327.97 846.851
2617 802.289 896.631
2618 125.417 229.919
2619 693.769 123.172
2620 146.103 274.204
2621 214.138 1049.47
2622 806.853 1715.64
2623 2828.01 3767.71
2624 444.639 1049.02
2625 2422.81 3705.87
2626 1353.99 1844.88
2627 1879.56 1076.37
2628 3455.96 1206.76
2629 3012.33 1955.22
2630 1900.71 2128.32
2631 847.991 150.197
2632 1049.62 684.607
2633 2040.57 3661.86
2634 2109.96 3027.28
2635 107.644 2314.6
2636 3190.83 3339.84
2637 1106.4 3145.67
2638 1858.65 1609.08
2639 3768.02 1112.27
2640 2120.23 1408.24
2641 1471.23 2035.58
2642 2025.6 939.076
2643 3289.86 3439.07
2644 737.813 2083.56
2645 940.722 1380.33
2646 1164.99 483.306
2647 2397.82 1694.96
2648 1180.41 2137.33
2649 2453.27 2405.18
2650 3499.22 1129.63
2651 1408.56 3751.22
2652 2517.86 3201.24
2653 1433.48 2855.56
2654 1905.81 3433.71
2655 2012.38 3518.31
2656 2212.08 3566.91
2657 395.637 2159.04
2658 173.651 203.695
2659 3041.16 2282.36
2660 3565.87 1255.6
2661 1167.7 1923.86
2662 1076.86 1265.14
2663 2082.87 561.039
2664 3538.11 1120.34
2665 1245.15 355.469
2666 3752.19 3604.73
2667 3601.04 2284.74
2668 2411.55 2627.35
2669 3408.2 1776.98
2670 514.327 1422.28
2671 852.044 944.117
2672 3208.16 215.151
2673 3218.88 533.459
2674 2823.87 2892.58
2675 232.216 3694.7
2676 952.149 2398.75
2677 3174.18 930.649
2678 3435.75 2044.42
2679 1642.92 1980.94
2680 903.596 137.485
2681 968.464 675.322
2682 3584.6 1734.28
2683 2802.37 1458.43
2684 774.426 2970.69
2685 256.773 3200.5
2686 2787.62 828.344
2687 1474.64 1918.29
2688 1832.64 1195.83
2689 2716.52 2043.1
2690 3765.52 2820.46
2691 1474.66 667.03
2692 3205.87 1798.94
2693 2204.74 1648.69
2694 3209.01 1185.97
2695 903.887 2165.87
2696 2772.16 3576.18
2697 1126.78 3727.29
2698 2522.37 3099.29
2699 1112.33 2879.32
2700 3696.59 90.4984
2701 1512.38 1950.97
2702 2134.41 525.765
2703 1675.4 2025.7
2704 2495.5 793.886
2705 3718.32 1698.36
2706 3668.19 1868.12
2707 2588.89 3280.07
2708 1888.01 1583.56
2709 2961.65 74.7107
2710 2850.03 2438.35
2711 1890.92 501.738
2712 3596.2 925.021
2713 163.504 1967.82
2714 1691.18 660.245
2715 1597.74 3200.98
2716 247.015 1496.02
2717 1458.91 1399.37
2718 280.696 1372.52
2719 1968.01 89.3186
2720 1061.52 3760.46
2721 590.323 2782.84
2722 1049.19 3658.69
2723 367.386 3320.89
2724 3492.1 2602.72
2725 574.232 120.737
2726 3658.33 3758.49
2727 3629.12 2585.16
2728 2273.43 779.367
2729 30.3369 2699.51
2730 1254.53 2932.36
2731 2891.93 12.2832
2732 2006.73 923.49
2733 3014.99 2154.43
2734 3354.99 3490.81
2735 1043.46 931.87
2736 3001.05 3720.49
2737 227.12 2210.18
2738 2939.05 1325.25
2739 945.748 1207.59
2740 1015.11 3128.06
2741 917.92 1582.46
2742 2971.44 831.436
2743 2923.22 3536.47
2744 60.4327 1247.34
2745 2076.8 3622.9
2746 1387.77 2493.73
2747 3055.28 209.838
2748 255.155 2819.26
2749 882.546 1274.17
2750 410.232 2458.66
2751 438.561 1222.15
2752 1867.41 79.6426
2753 3166.8 1916.13
2754 1450.72 2458.62
2755 527.438 1119.46
2756 578.742 2112.02
2757 696.644 2213.55
2758 421.089 2018.81
2759 3233.77 570.756
2760 1486.96 2172.7
2761 2256.02 1978.6
2762 3049.14 3179.3
2763 1364.25 2753.3
2764 1163.4 862.387
2765 3617.06 3203.91
2766 1386.18 861.298
2767 3631.71 1771.22
2768 2552.7 2240.99
2769 820.555 1670.37
2770 755.963 156.578
2771 2002.47 1663.74
2772 1412.09 21.2511
2773 1872.63 3690.8
2774 878.866 3729.86
2775 2563.18 667.258
2776 2777.7 1682.24
2777 2909.41 2482.96
2778 1429.68 1752.77
2779 928.1 3361.92
2780 3699.79 3585.85
2781 922.308 1529.44
2782 3415.69 3551.51
2783 1521.6 657.252
2784 1970.67 3101.46
2785 3041.35 1324.24
2786 483.616 2942.61
2787 123.029 3500.21
2788 239.524 834.242
2789 3740.04 3745.67
2790 812.771 399.048
2791 3504.62 2601.01
2792 488.785 966.427
2793 3106.96 2782.58
2794 3397.31 475.862
2795 1068.43 2447.98
2796 267.041 692.977
2797 1643.59 113.484
2798 30.9928 2775.67
2799 33.7505 1453.64
2800 1056.87 2782.96
2801 2988.53 3370.73
2802 2026.48 1583.8
2803 916.994 1910.84
2804 1310.21 792.204
2805 3003.51 665.417
2806 2554.82 3027.07
2807 415.723 713.086
2808 2025.29 1064.6
2809 3328.21 1606
2810 441.241 565.956
2811 3256.32 1187.96
2812 115.547 3308.56
2813 570.718 3014.22
2814 2086.26 3388.91
2815 1125.48 1068.97
2816 1136.26 239.748
2817 201.63 1361.25
2818 2941.6 1762.7
2819 1081.65 585.01
2820 2926.94 279.264
2821 2125.84 471.166
2822 3706.83 2733.92
2823 615.274 1470.94
2824 433.074 2633.84
2825 2424.66 3539.53
2826 2133.24 412.177
2827 648.973 741.81
2828 1066.64 189.792
2829 3552.8 3754.71
2830 2617.55 2631.39
2831 455.052 3170.5
2832 2523.94 2321.09
2833 2228.85 3589.91
2834 3585.49 942.494
2835 741.365 2866.64
2836 3056.43 443.173
2837 2453.1 3611.09
2838 26.6208 3026.95
2839 240.332 3761.83
2840 2995.14 3471.15
2841 564.85 1069.94
2842 1784.23 1802.58
2843 3546.34 3421.86
2844 62.7229 817.547
2845 1588.42 2405.49
2846 949.861 3170.2
2847 3683.39 1667.26
2848 2720.03 886.298
2849 2015.98 1215.73
2850 1285.76 2177.64
2851 2441.02 23.9139
2852 1686.65 2011.84
2853 20.9056 1447.63
2854 522.851 912.433
2855 2857.48 2172.55
2856 3011.63 769.457
2857 3451.87 2056.97
2858 1814.51 3326.16
2859 3620.65 1275.86
2860 1798.19 1697.11
2861 3468.82 165.224
2862 108.129 3215.95
2863 2916.62 1833.5
2864 1719.98 245.039
2865 724.439 96.3228
2866 1883.83 3074.78
2867 3006.02 394.821
2868 2927.95 3381.48
2869 2051.55 2739.08
2870 1259.37 1679.63
2871 1713.88 3595.18
2872 711.63 3268.58
2873 2328.53 2259.91
2874 2074.63 2634.66
2875 1590.74 2025.07
2876 2978.1 1056.22
2877 1081.68 3326.37
2878 257.493 2466.39
2879 2381.91 2343.94
2880 1692.9 1851.23
2881 2035.5 1854.04
2882 1177.14 2154.62
2883 1359.53 3444.07
2884 1506.73 297.193
2885 316.222 1020.53
2886 2232.85 2818.57
2887 306.095 1719.42
2888 770.238 2270.87
2889 1884.21 410.3
2890 3342.43 3089.63
2891 3232.21 3414.61
2892 1896.84 746.23
2893 2493.12 2285.08
2894 2677.12 3475.85
2895 2093.52 1410.11
2896 361.956 2744.26
2897 3204.43 2626.08
2898 3628.74 3052.61
2899 3761.96 566.244
2900 824.531 2351.32
2901 2446.72 1727.79
2902 1837.31 1660.61
2903 2403.06 2340.63
2904 3638.53 2060.11
2905 3560.51 3278.53
2906 3314.17 2930.55
2907 1880.23 110.206
2908 1284.56 3320.99
2909 3509.1 1047.46
2910 2195.63 1256.74
2911 2952.19 2135.27
2912 2399.96 2848.31
2913 1752.3 2981.27
2914 2561.33 758.179
2915 1179 3059.93
2916 3242.22 3588.41
2917 310.145 2937.83
2918 557.444 2363.2
2919 2283.37 537.257
2920 776.563 1398.72
2921 539.22 1999.77
2922 3224.47 3316.64
2923 1147.55 2550.09
2924 637.655 1007.27
2925 2221.15 2785.22
2926 2698.26 1438.85
2927 2922.1 2646.12
2928 3442 3686.2
2929 883.674 1499.73
2930 3093 2705.06
2931 3202.17 1407.53
2932 1707.62 1102.07
2933 3638.67 1404.5
2934 2687.88 2304.69
2935 1954.1 3211.34
2936 2607.38 3493.29
2937 593.552 399.983
2938 2189.1 3093.56
2939 1196.1 373.077
2940 3386.78 411.702
2941 2599.43 2032.51
2942 3321.78 3442.8
2943 1655.25 3341.31
2944 64.9178 345.352
2945 358.124 1736.72
2946 2214.07 1191.88
2947 1617.21 750.566
2948 1053.91 668.918
2949 3273.76 2410.44
2950 3506.62 2834.68
2951 3495.49 2782.69
2952 145.173 2339.41
2953 2700.71 3537.21
2954 2581.48 2865.04
2955 2631.07 3247.9
2956 2759.2 1496.59
2957 1347.62 477.344
2958 375.791 2516.92
2959 2201.86 2754.97
2960 1758.44 667.429
2961 1209.44 1216.17
2962 3717.7 1393.9
2963 419.757 2646.9
2964 2943.62 1674.08
2965 219.807 1615.21
2966 2428.51 634.953
2967 2047.54 2985.11
2968 1151.16 369.839
2969 2133.54 3354.67
2970 1647.15 113.407
2971 3173.32 1714.93
2972 2415.61 1632.4
2973 2528.18 1830.65
2974 2237.07 2007.68
2975 1900.93 3184.04
2976 2676.01 2998.48
2977 2347.29 1327.8
2978 1568.48 3341.55
2979 81.5887 2417.64
2980 1067.12 525.471
2981 1052.64 813.811
2982 1843.28 262.45
2983 1095.74 1304.95
2984 3360.6 111.147
2985 2909.16 853.222
2986 2446.23 2038.37
2987 3462.43 436.56
2988 350.885 3327.72
2989 2415.21 722.451
2990 1041.6 3592.31
2991 2718.01 638.273
2992 1247.53 3710.45
2993 2753.19 848.207
2994 1640.16 1634.58
2995 2923.2 2106.48
2996 3332.99 3432.17
2997 462.579 1014.86
2998 2065.82 1630.66
2999 1712.31 1318.64
3000 661.502 2036.37
3001 293.187 1006.2
3002 3314.2 1103.05
3003 2902.11 467.969
3004 3244.34 413.147
3005 2165.93 3644.42
3006 2298.43 3558.09
3007 3459.32 1830.4
3008 1730.43 2847.02
3009 2057.8 22.0411
3010 3133.49 443.519
3011 854.241 1179.78
3012 222.736 1369.9
3013 1950.85 2334.24
3014 3325.07 3269.58
3015 1840.99 1162.89
3016 3501.26 3698.77
3017 2169.4 446.737
3018 2457.52 2598.87
3019 2205.03 984.058
3020 3702 2504.18
3021 3015.72 3688.94
3022 522.023 156.595
3023 1928.61 1246.46
3024 2940.21 1869.66
3025 39.5299 3164.62
3026 2896.54 3567.14
3027 1749.37 753.086
3028 2497.34 1638.05
3029 3109.94 1943.57
3030 1559.14 2468.5
3031 2780.67 2407.06
3032 766.534 1555.38
3033 2642.05 2425.12
3034 292.284 715.289
3035 2930.24 2588.71
3036 168.475 2795.41
3037 3054.15 3225.83
3038 1965.69 2722.26
3039 1363.73 2582.43
3040 704.247 1778.7
3041 983.311 1287.56
3042 977.504 1961.93
3043 214.314 1573.62
3044 1312.14 3612.03
3045 1079.67 576.552
3046 3258.36 3570.73
3047 1576.98 70.7904
3048 3211.3 523.724
3049 400.565 1309.02
3050 3440.01 3057.57
3051 3205.3 3653.13
3052 2345.83 2691.44
3053 2301.22 2378.42
3054 1227.11 1497.29
3055 1480.34 3192.01
3056 3070.15 1792.25
3057 3055.52 331.422
3058 29.7989 2604.88
3059 3731.7 1429.26
3060 1654.89 616.706
3061 3634.71 2774.01
3062 229.676 3578.81
3063 1683.38 2524.55
3064 534.101 56.8435
3065 2510.5 2444.01
3066 2115.25 1101.09
3067 1850.55 3370.24
3068 1017.31 1717.22
3069 3263.11 823.945
3070 765.831 2053.08
3071 3316.42 2514.1
3072 1709.61 846.189
3073 2259.41 486.608
3074 808.681 1845.45
3075 2651.35 43.245
3076 471.067 2938.04
3077 3322.38 2820.93
3078 2411.54 2731.19
3079 2833.99 828.331
3080 2554.09 1613.54
3081 217.966 1376.76
3082 1100.68 3350.31
3083 623.773 3520.88
3084 2722.98 1980.45
3085 2997.47 2898.42
3086 349.548 3152.96
3087 2027.02 117.394
3088 3132.32 1901.23
3089 2138.35 2907.16
3090 704.752 2601.29
3091 1055.07 1952.99
3092 487.323 982.569
3093 3056.12 1530.99
3094 1815.25 3094.23
3095 2796.69 2089.66
3096 3139.76 3590.34
3097 892.612 3074.45
3098 2693 3481.16
3099 1264.46 2396.98
3100 1441.94 1011.07
3101 1252.52 1046.32
3102 2458.3 945.567
3103 1061.54 1795.76
3104 3174.93 2393.63
3105 2100.82 1847.53
3106 708.508 3421.05
3107 1173.07 904.574
3108 79.6563 2210.05
3109 1839.65 480.392
3110 2388.85 462.772
3111 1724.03 1718.38
3112 2153.28 342.468
3113 426.27 2657.17
3114 144.827 2327.03
3115 3482.85 1861.63
3116 964.679 1915.19
3117 2309.88 2410.98
3118 1615.11 3395.45
3119 261.57 1014.21
3120 2129.9 1513.81
3121 2538.04 3645.03
3122 2669.67 3699.24
3123 3121.17 1772.1
3124 2000.01 573.329
3125 3727.5 537.309
3126 1510.01 3243.46
3127 2786.86 788.004
3128 2460.28 1620.63
3129 2513.6 1879.86
3130 1855.94 2516.38
3131 2598.18 1770.37
3132 3231.01 3733.64
3133 2317.59 3207.33
3134 206.678 3117.06
3135 2053.52 3041.56
3136 1061.67 2842.75
3137 1246.09 542.017
3138 3197.02 1544.35
3139 120.213 2635.5
3140 1904.43 2960.12
3141 1029.93 596.461
3142 2547.99 1458.87
3143 887.49 2110.96
3144 2314.83 1422.99
3145 1802.98 1634.76
3146 2077.04 3677.61
3147 3149.25 805.819
3148 1503.18 1226.14
3149 960.83 2364.26
3150 679.11 1689.55
3151 1771.07 3740.64
3152 293.781 1173.33
3153 3383.08 3499.14
3154 2450.4 1408.39
3155 3174.14 2054.05
3156 2369.39 3644.93
3157 2357.26 1096.76
3158 2478.97 3314.65
3159 429.239 2168.81
3160 1124.37 3385.5
3161 3078.01 3133.02
3162 117.766 2163.82
3163 2815.12 1241.51
3164 2047.26 953.311
3165 792.406 3209.44
3166 1714.7 1780.74
3167 467.058 204.871
3168 1403.19 2586.75
3169 863.999 498.947
3170 332.401 2402.64
3171 2224.1 3225.66
3172 3282.75 1516.87
3173 2205.05 727.951
3174 3651.86 3210.1
3175 2853.03 2219.56
3176 2698.43 289.53
3177 881.058 1556.15
3178 2534.71 3060.28
3179 303.141 1780.06
3180 491.826 1546.47
3181 65.4134 3381.12
3182 982.952 2438.68
3183 3543.56 958.209
3184 315.95 3061.69
3185 2698.66 3141.38
3186 1791.43 3564.46
3187 2448.53 3170.26
3188 2820.86 2597.18
3189 2584.29 3444.81
3190 1985.99 21.9466
3191 1951.32 3375.65
3192 915.325 3251.29
3193 693.622 3122.11
3194 1024.21 3703.91
3195 3627.46 1122.9
3196 1753.03 3170.23
3197 860.779 246.106
3198 1173.66 1601.27
3199 63.4807 3088.99
3200 3271 3322.39
3201 3234.15 1949.7
3202 878.068 1225.29
3203 756.154 1580.74
3204 8.69224 3557.85
3205 2320.6 28.0925
3206 3515.01 3032.12
3207 2042.03 2471.85
3208 3052.26 2509.49
3209 1560.5 2882.54
3210 2098.54 691.095
3211 618.6 1672.39
3212 284.428 1593.62
3213 230.13 796.953
3214 500.253 2264.17
3215 437.513 2408.06
3216 739.825 3477.79
3217 2068.59 1712.38
3218 17.3658 1129.98
3219 124.349 2601.95
3220 3464.09 19.1897
3221 1338.95 426.949
3222 3607.2 2830.46
3223 1417.06 2731.34
3224 727.985 1913.32
3225 3095.26 1157.19
3226 960.174 2866.16
3227 622.654 2182
3228 1578.88 3564.69
3229 2763.1 3247.19
3230 2268.67 3359.48
3231 1758.64 1711.97
3232 791.054 58.282
3233 731.375 2456.18
3234 3542.49 2641.84
3235 1646.33 3661.92
3236 3098.49 1227.54
3237 424.262 2628.79
3238 856.436 3567.14
3239 1136.99 3246.93
3240 726.002 2088.78
3241 1408.44 3633
3242 2058.97 771.643
3243 1731.59 484.781
3244 874.652 2689.36
3245 2325.94 1211.78
3246 1282.62 3461.08
3247 851.93 662.295
3248 2929.55 242.176
3249 3268.98 1769.85
3250 2536.08 2765.49
3251 1511.79 1276.64
3252 1670.41 180.368
3253 1453.63 2727.63
3254 574.396 2552.15
3255 1971.46 3378.71
3256 657.693 1436.95
3257 3523.54 877.074
3258 1175.3 1010.1
3259 2298.41 23.5764
3260 545.54 95.2716
3261 2859.21 1263.11
3262 139.104 3447.99
3263 425.965 1169.99
3264 1234.29 3274.29
3265 2602.76 1161.39
3266 258.711 3704.75
3267 318.354 838.113
3268 57.2959 2374.47
3269 1484.69 2626.83
3270 3143.74 1416.56
3271 1115.44 1325.68
3272 3392.44 1983.38
3273 1035.04 80.806
3274 1538.67 2656.33
3275 115.542 3034.13
3276 3122 1762.58
3277 294.806 3485.35
3278 1323.17 3227.39
3279 2601.54 124.015
3280 1579.88 948.368
3281 2346.08 2387.68
3282 587.027 2558.77
3283 2609.9 3392.52
3284 2744.73 134.467
3285 68.7853 1572.6
3286 1025.9 1228.79
3287 2262.04 1809.23
3288 841.997 3466.84
3289 892.988 1835.32
3290 345.78 3226.19
3291 3462.22 2324.85
3292 880.449 978.369
3293 2075.54 715.454
3294 3393.55 1167.25
3295 655.649 1389.69
3296 3304.86 3743.56
3297 2866.55 3684.31
3298 2325.28 1134.13
3299 2788.91 643.145
3300 1116.51 1922.85
3301 2093.54 532.624
3302 2460.84 526.908
3303 1280.46 3658.04
3304 2227.61 2062.22
3305 2727.49 1106.11
3306 2031.53 3487.24
3307 1133.62 2860.03
3308 351.838 1813.74
3309 1915.31 1718.08
3310 2830.36 38.546
3311 1677.76 1484.58
3312 3226.55 66.4899
3313 3116.74 3587.42
3314 38.8576 3630.74
3315 101.522 186.663
3316 2418.42 3594.17
3317 3260.34 1286.5
3318 1735.97 2098.52
3319 1066.24 1057.67
3320 1899.02 641.041
3321 2458.32 2647.79
3322 2078.62 1829.82
3323 1191.34 2490.45
3324 1233.19 2087.69
3325 989.603 1584.37
3326 954.294 1271.9
3327 1466.82 552.516
3328 3604.62 324.509
3329 2489.69 2578.23
3330 805.101 2968.17
3331 1128.21 1987.01
3332 1265.77 2351.89
3333 3589.31 2062.74
3334 1622.53 1483.35
3335 3480.28 1538.9
3336 1376.5 280.802
3337 312.97 25.7263
3338 333.125 3299.04
3339 3572.07 3665.76
3340 317.939 3762.64
3341 3207.37 2721.27
3342 1816.59 2269
3343 1363.48 2434.69
3344 3249.5 2252.01
3345 319.416 2277.04
3346 619.79 3704.79
3347 1731.45 414.638
3348 3066.26 3367.6
3349 1583.61 2960.73
3350 2183.49 190.367
3351 1318.68 3253.89
3352 3391.01 2115.81
3353 1928.19 1580.26
3354 1526.47 3227.13
3355 2335.12 1502.74
3356 664.647 2863.16
3357 2846.99 2582.41
3358 1530.5 867.249
3359 3259.24 2032.51
3360 2172.05 337.092
3361 2003.9 1489.87
3362 1450.42 2072.56
3363 748.812 751.389
3364 3556.2 3610.4
3365 1034.65 1043.47
3366 2357.58 1018.4
3367 1599.4 435.952
3368 943.496 3692.04
3369 1713.13 483.334
3370 3058.4 3639.68
3371 1634.96 2396.13
3372 2080.86 3017.7
3373 176.492 663.707
3374 382.404 1769.34
3375 2123.34 3549.82
3376 1998.38 3459.53
3377 1374.96 1613.07
3378 930.655 2061.69
3379 1402.7 3714.58
3380 1902.52 533.289
3381 1070.34 1681.68
3382 105.6 1285.18
3383 2038.04 695.534
3384 297.143 2800.01
3385 2475.55 3752.13
3386 110.974 1466.31
3387 2755.48 1430.25
3388 2804.33 1138.99
3389 1374.15 788.832
3390 3266.64 3357.98
3391 2983.98 1713.35
3392 1854.6 866.439
3393 3632.82 591.747
3394 1901.29 1033.89
3395 1206.62 538.103
3396 2228.92 573.626
3397 2296.48 303.442
3398 604.388 1984.3
3399 3442.61 1680.95
3400 1570.65 1908.91
3401 3014.91 1528.63
3402 2757.56 2399.58
3403 1912.1 2218.39
3404 861.214 859.536
3405 767.648 1332.01
3406 631.568 2945.86
3407 1789.22 2832.05
3408 3399.85 3339.47
3409 1219.83 428.617
3410 1659.68 1277.47
3411 3159.54 3179.57
3412 3727.93 266.828
3413 1227.2 541.09
3414 2703.18 2113.67
3415 3442.54 2345.03
3416 2715.27 2562.41
3417 1765.29 2074.43
3418 764.506 3036.29
3419 3415.98 502.612
3420 769.629 3086.06
3421 2272.38 3045.16
3422 807.577 265.069
3423 1221.99 2674.32
3424 2628.05 2084.28
3425 2161.3 3192.76
3426 346.262 2532.91
3427 2253.06 981.462
3428 3583.11 1443.35
3429 448.484 3734.24
3430 1515.37 275.807
3431 3724.22 2609.07
3432 3604.48 1396.31
3433 2677.06 2755.14
3434 1506.32 326.796
3435 918 1453.69
3436 1960.83 3551.91
3437 2012.84 3569.39
3438 2379.19 1191.22
3439 47.7597 63.9351
3440 449.656 2165.18
3441 485.359 3742.43
3442 2624.34 3722.11
3443 3139.7 1105.93
3444 1581.42 3045.47
3445 2379.5 226.893
3446 1357.93 710.772
3447 97.7854 3323.07
3448 2335.97 1035
3449 3589.37 2194.18
3450 2105.32 1534.24
3451 137.197 2034.78
3452 821.085 2005.11
3453 412.849 3173.52
3454 1011.05 1528.67
3455 273.676 2454.15
3456 3295.41 1416.39
3457 324.113 3336.56
3458 3714.29 3165.63
3459 44.5053 310.384
3460 1111.29 1534.01
3461 2806.28 2252.71
3462 1845.86 2632.56
3463 1098.92 2627.39
3464 1915.51 2812.41
3465 793.251 3631.17
3466 2930.58 2804.08
3467 164.797 1881.75
3468 3428.19 3711.51
3469 2090.71 1854.71
3470 1202.37 1360.85
3471 3256.17 1974.23
3472 3478.72 339.04
3473 571.994 3318.83
3474 2501.38 3186.63
3475 2190.41 2807.56
3476 524.05 3438.18
3477 2546.85 3699.86
3478 3638.33 3216.81
3479 2312.47 2956.8
3480 429.569 2679.52
3481 3692.64 2099.06
3482 1115.44 2087.67
3483 2785.75 1683.15
3484 1727.82 3469.84
3485 1695.57 3355.21
3486 1265.79 2146.89
3487 3611.6 1635.1
3488 1417.03 295.196
3489 1918.15 1864.14
3490 556.743 3065.87
3491 3537.91 2471.85
3492 3132.8 2255.56
3493 2535.86 2613.45
3494 3514.79 2427.61
3495 2151.51 2426.18
3496 3558.54 83.1155
3497 716.157 3073.57
3498 1003.73 655.803
3499 163.922 1963.3
3500 317.43 2398.87
3501 564.896 1436.03
3502 1558.26 1032.76
3503 1513.12 3753.9
3504 1049.16 1408.04
3505 2898.61 580.578
3506 3468.2 1752.94
3507 1760.95 1004.02
3508 3557.11 391.211
3509 2627.15 1488.37
3510 2450.51 1600.99
3511 54.8261 575.451
3512 1433.2 3059.65
3513 2517.72 88.875
3514 942.2 3619.65
3515 3293.75 340.028
3516 105.754 540.861
3517 2208.99 3271.26
3518 1127.85 175.857
3519 1546.52 2635.27
3520 1716 2019.1
3521 774.855 2491.4
3522 3627.68 3498.69
3523 1110.05 3145.15
3524 1479.28 1939.27
3525 2353.19 1304.5
3526 1660.1 1386.64
3527 3629.75 163.142
3528 2357.89 1899.22
3529 2328.38 3384.59
3530 3250.92 2507.87
3531 2921.48 1974.12
3532 1686.77 1464.92
3533 1426.79 596.892
3534 173.638 1501.23
3535 1254.39 1724.9
3536 139.133 1939.74
3537 3010.04 2273.26
3538 483.817 3024.67
3539 916.062 3048.55
3540 3345.15 826.043
3541 1677.71 1121.28
3542 1990.78 2789.15
3543 573.771 1427.97
3544 1618.65 342.976
3545 82.5715 122.321
3546 1533.51 3084.07
3547 3066.18 143.201
3548 2330.8 1316.03
3549 2660.46 1715.29
3550 605.493 344.314
3551 2966.23 502.728
3552 2225.33 539.051
3553 2914.26 3305.64
3554 2043.65 2746.16
3555 1954.75 1762.2
3556 729.634 2547.85
3557 979.79 1592.43
3558 3575.56 543.517
3559 2580.29 2791.47
3560 1055.48 215.217
3561 548.14 992.875
3562 1681.83 1789.8
3563 2986.97 1124.65
3564 1521.19 1032.34
3565 454.022 168.079
3566 2300.32 2796.3
3567 10.9466 1431.99
3568 709.527 3115.08
3569 525.544 3030.35
3570 353.62 2934.2
3571 2765.08 3069.96
3572 3681.58 3715.47
3573 1730.14 1896.33
3574 765.795 2561.29
3575 3551.35 3525.86
3576 3224.77 3365.41
3577 4.13638 1032.22
3578 2440.01 2880.11
3579 519.757 3619
3580 3754.8 2192.17
3581 1185.76 1372.59
3582 1035.26 2665.48
3583 536.035 3371.13
3584 3305.63 1117.53
3585 1434.87 3740.76
3586 1341.88 3594.24
3587 1425.25 2426.82
3588 1365.36 980.069
3589 1367.32 3759.24
3590 1217.03 2962.22
3591 2466.21 929.435
3592 3177.8 1600.12
3593 1425.04 1527.9
3594 2174.37 3732.31
3595 3711.71 1760.3
3596 1923.1 960.599
3597 997.181 1972.88
3598 3041.36 1743.35
3599 3192.8 3161.06
3600 3393.75 790.658
3601 2751.45 3505.44
3602 2957.39 3724.5
3603 1576.89 1874.61
3604 844.869 3399.72
3605 3445.19 3158.46
3606 357.51 2525.39
3607 3314.9 377.6
3608 92.5513 2485.02
3609 2149.43 1155.07
3610 658.253 1957.75
3611 2096.35 1821.9
3612 2024.91 240.632
3613 227.38 1084.17
3614 2775.94 2739.12
3615 2003.19 2040.64
3616 2007.62 1512.67
3617 2269.6 2919.4
3618 803.519 600.816
3619 2075.58 974.864
3620 2715.57 592.981
3621 2607.79 3532.37
3622 75.716 1525.26
3623 1549.36 1662.2
3624 2017.06 2728.32
3625 2039.37 3388.2
3626 2181.77 2797.69
3627 1158.88 1904.27
3628 623.56 3518.28
3629 2428.73 12.8442
3630 1876.17 1330.1
3631 3130.63 3096.63
3632 3729.29 3244.73
3633 1832.45 2369.17
3634 2976.46 1295.36
3635 976.74 238.939
3636 20.9582 409.063
3637 730.904 785.776
3638 3389.63 2486.04
3639 1921.15 2639.55
3640 3497.32 3583.2
3641 3208.44 2018.24
3642 1749.74 2751.02
3643 1748.24 3046.36
3644 3534.59 82.2149
3645 2053 1853.94
3646 1275.8 3523.7
3647 1447.66 3162.15
3648 176.919 3014.04
3649 2674.87 2953.91
3650 1951.21 2689.92
3651 645.792 2102.46
3652 2928.7 643.911
3653 2680.58 2385.01
3654 2348.6 877.337
3655 1023.74 850.705
3656 2709.43 2704.86
3657 3035.86 51.705
3658 3180.45 3511.15
3659 2918.63 596.835
3660 2382.26 287.777
3661 1125.65 2246.13
3662 2797.02 2082.94
3663 445.61 710.188
3664 2719.86 3311.61
3665 485.915 2440.41
3666 2297.56 521.563
3667 293.132 245.244
3668 3767.21 1259.31
3669 360.861 3462.64
3670 2114.45 1940.41
3671 1757.52 2536.88
3672 238.289 2912.13
3673 2352.73 2438.81
3674 2670.96 572.554
3675 750.613 1947.62
3676 673.127 3048.03
3677 2929.67 423.466
3678 2692.84 3749.48
3679 2421.88 587.916
3680 239.959 3479.84
3681 2513.43 2261.89
3682 1915.26 3166.68
3683 2689.29 500.183
3684 2131.86 3621.77
3685 1170.36 3310.72
3686 1899.26 1158.43
3687 30.8435 495.792
3688 2598.95 1586.43
3689 1229.03 859.887
3690 3713.54 2862.3
3691 3454.09 3287.4
3692 1424.71 2598.97
3693 2096.58 2155.77
3694 854.123 2004.42
3695 1216.47 3228.05
3696 2516.18 2217.22
3697 3513.35 2627.53
3698 3138.33 1782.91
3699 190.594 1330.13
3700 1296.36 207.684
3701 3123.26 241.37
3702 1351.34 2546.97
3703 1871.92 583.318
3704 3098.6 1522.38
3705 2309.03 2176.06
3706 1143.86 2273.14
3707 1640.23 849.548
3708 2358.95 1339.51
3709 3552.85 644.195
3710 3393.96 1067.11
3711 712.58 137.299
3712 538.178 62.627
3713 405.443 1773.6
3714 1070.87 2066.36
3715 148.022 2081.9
3716 3209.64 1418.81
3717 1627.78 504.985
3718 2862.87 1784.1
3719 1185.13 2530.04
3720 1532.75 1541.03
3721 3251.06 1629.83
3722 3614.65 903.812
3723 3560.55 2360.91
3724 2049.17 1005.56
3725 2092.86 800.844
3726 1657.75 2622.66
3727 794.472 1254.13
3728 1904.03 2320.85
3729 2468.39 3104.52
3730 1410.78 2587.57
3731 2232.3 1513.15
3732 1103.44 1157.5
3733 154.892 1155.29
3734 708.408 1530.75
3735 400.731 1641.92
3736 3110.12 1886.94
3737 925.056 265.493
3738 398.639 3573.35
3739 605.976 2733.9
3740 2774.73 2446.66
3741 3187.39 1238.33
3742 813.399 2594.17
3743 1825.46 1827.34
3744 514.302 2417.42
3745 1544.98 276.096
3746 766.497 788.738
3747 1848.03 291.78
3748 1374.82 3190.43
3749 1278.28 1137.92
3750 1446.51 631.146
3751 330.885 817.121
3752 1317.04 3354.45
3753 1523.86 441.269
3754 2526.97 3482.84
3755 3664.98 1972.14
3756 2175.82 1040.79
3757 1450 288.996
3758 815.519 2872.4
3759 706.31 817.862
3760 2705.5 3734.65
3761 3573.78 1112.56
3762 1942.79 239.381
3763 730.814 3738.91
3764 380.826 962.661
3765 1663.86 2608.59
3766 771.102 3368.88
3767 2907.06 1624.78
3768 1976.16 1959.04
3769 3533.94 540.188
3770 3701.96 2456.63
3771 1646.63 2708.65
3772 1689.62 2585.63
3773 2054.71 2308.59
3774 299.801 230.023
3775 156.284 735.089
3776 2783.1 988.702
3777 3526.49 1259.28
3778 1621.65 3672.21
3779 616.011 1634.12
3780 1253.25 3515.46
3781 1946.49 2843.81
3782 1448.59 2952.66
3783 1678.46 6.85532
3784 1840.44 700.651
3785 326.521 60.0763
3786 1145.83 1941.08
3787 3407.43 1225.71
3788 2271.62 1978.9
3789 1457.15 1800.77
3790 426.318 1833.46
3791 3484.84 2996.56
3792 1757.81 1474.42
3793 2845.92 2984.92
3794 3580.38 317.873
3795 372.213 1577.21
3796 2830.84 1066.53
3797 413.873 730.878
3798 1583.77 611.888
3799 897.941 2186.7
3800 645.036 2547.78
3801 2496.52 1556.65
3802 2348.47 1977.48
3803 708.651 3195.26
3804 477.346 3539.38
3805 1528.38 1486.9
3806 1292.01 2931.72
3807 3323.99 1564.34
3808 3630.19 2775.44
3809 1637.72 675.633
3810 3107.02 727.78
3811 2061.69 2311.81
3812 3469.93 768.518
3813 1068.38 1656.98
3814 439.194 3571.07
3815 1232.87 1729.65
3816 1592.14 853.847
3817 3341.5 2926.13
3818 1440.32 601.606
3819 1427.1 2109.3
3820 77.7069 1743.84
3821 3510.99 731.608
3822 1883.52 1496.58
3823 3585.35 623.176
3824 418.826 3362.16
3825 1319.23 363.178
3826 1312.45 2854.58
3827 477.29 1181.81
3828 2174.82 2173.46
3829 458.359 3096.07
3830 3689.23 2206.95
3831 989.99 3240.01
3832 832.579 3706.54
3833 436.48 2924.02
3834 2663.92 147.925
3835 1691.01 3558.33
3836 986.561 3405.32
3837 1435.6 2755.03
3838 395.41 1799.79
3839 2827.39 2060.81
3840 2176.88 2956.54
3841 1001.1 2682.01
3842 1585.42 3597
3843 265.009 579.829
3844 3404.75 92.6034
3845 1987.1 115.356
3846 3055.49 475.946
3847 3725.59 832.671
3848 328.591 13.0797
3849 822.149 2453.66
3850 2687.7 3258.6
3851 1137.02 1371.29
3852 3332.77 890.547
3853 3277.05 2074.73
3854 949.166 2815.15
3855 2710.41 2140.72
3856 2541.33 2079.02
3857 1740.09 858.347
3858 1743.88 468.313
3859 1884.96 1814.06
3860 3705.79 1196.64
3861 3182.31 332.939
3862 347.867 245.123
3863 1714.32 2963.97
3864 639.065 2646.08
3865 1301.13 3432.29
3866 941.099 290.538
3867 2743.15 1223.7
3868 3761.39 1057.97
3869 295.725 3225.55
3870 167.616 270.986
3871 1864.77 1068.99
3872 1919 3032.09
3873 3038.52 2844.42
3874 110.495 2321.07
3875 2505.54 3430.73
3876 185.378 2077.16
3877 1607.77 1665.78
3878 2924.6 1535.62
3879 453.674 48.4487
3880 733.358 832.404
3881 826.392 3466.68
3882 1500.55 1992.92
3883 1710.05 3502.12
3884 1111.7 2872.74
3885 1748.05 1526.61
3886 2547.52 3765.19
3887 2687.52 2688.37
3888 1433.23 240.096
3889 2736.16 1218.53
3890 1825.69 2028.46
3891 242.704 452.03
3892 2787.17 2172.39
3893 1718.02 1386.05
3894 969.196 1289.11
3895 210.362 1614.46
3896 1510.67 908.535
3897 917.637 1657.04
3898 1318.54 144.24
3899 2491.43 2864.7
3900 2914.67 305.774
3901 541.262 832.631
3902 1100.54 2665.24
3903 2972.37 1571.22
3904 3117.08 1294.72
3905 3411.32 2256.6
3906 3178.06 2224.98
3907 440.205 1192.9
3908 991.299 1032.04
3909 606.83 1835.26
3910 2042.81 557.866
3911 3159.07 2675.26
3912 24.1418 3017.2
3913 339.788 3245.6
3914 3624.53 1302.52
3915 2509.34 1331.45
3916 3697.99 2453.41
3917 762.883 2866.39
3918 2223.73 1925.28
3919 1119.61 3034.01
3920 3450.83 2185.88
3921 1790.49 2969.5
3922 1196.54 1003.47
3923 2622.94 827.439
3924 297.259 2323.42
3925 970.561 1239.02
3926 700.405 1735.63
3927 372.879 2962.51
3928 2410.99 357.202
3929 2153.44 1908.34
3930 1314.9 2011.43
3931 2876.73 2903.54
3932 3124.9 341.599
3933 3427.81 576.247
3934 3551.98 2929.21
3935 2772.73 332.364
3936 149.313 1006.76
3937 3574.47 995.901
3938 2781.07 2716.71
3939 825.391 2675.09
3940 3710.19 1108.9
3941 2797.16 1901.45
3942 3378.65 2501.89
3943 3060.36 1999.53
3944 2114.39 2832.98
3945 276.666 71.2443
3946 920.189 2039.44
3947 262.922 3288.75
3948 1618.08 1520.55
3949 1930.04 68.3349
3950 306.528 1682.15
3951 2144.01 3380.67
3952 3176.57 1940.17
3953 1070.83 3285.23
3954 2484.78 1195.29
3955 1562.52 3693.67
3956 1310 2243.91
3957 2457.18 1598.42
3958 3598.39 2821.33
3959 58.1615 878.051
3960 3176.19 1294.14
3961 434.976 2187.97
3962 1504.91 103.149
3963 2413.39 998.226
3964 1661.13 1009.84
3965 1439.47 3026.21
3966 2072.99 1116.05
3967 826.042 2417.26
3968 3582.03 1290.52
3969 2265.62 1065.45
3970 2282.66 208.98
3971 1157.05 616.767
3972 3475.99 1725.11
3973 1261.21 2497.59
3974 1278.12 2952.17
3975 730.86 398.951
3976 2119.35 3614.65
3977 1759.69 783.706
3978 261.436 797.301
3979 285.306 3728.87
3980 363.088 2313.91
3981 3030.77 1739.58
3982 534.825 1465.58
3983 3055.41 1340.72
3984 590.779 1867.12
3985 1904.72 1743.82
3986 402.468 2625.97
3987 1299.38 3420.48
3988 3707.24 1062.15
3989 301.948 2901.89
3990 834.201 1419.56
3991 1957.92 2397.97
3992 3304.76 3036.44
3993 3496.41 717.972
3994 1290.05 2928.36
3995 3580.6 1354.61
3996 2444.43 1489.13
3997 865.704 139.607
3998 1731.67 1689.41
3999 2328.77 901.143
4000 1091.82 2884.94
4001 3447.26 3001.31
4002 1325.04 2043.71
4003 3166.51 2876.47
4004 1044.03 295.54
4005 3760.03 3710.65
4006 245.393 486.846
4007 286.483 1835.09
4008 3365.47 260.01
4009 476.936 535.324
4010 1462.49 1628.95
4011 487.834 1544.95
4012 1346.21 461.625
4013 1916.72 2615.02
4014 3280.49 3557.85
4015 2105.55 978.212
4016 1232.62 2455.85
4017 836.969 44.9985
4018 1147.8 3008
4019 500.133 112.491
4020 1438.77 1932.9
4021 1456.91 2099.61
4022 1742.32 345.905
4023 109.76 478.541
4024 821.673 1033.35
4025 3764.36 1993.97
4026 1568.56 1965.62
4027 301.689 1761.62
4028 1802.03 2048.56
4029 614.01 1152.3
4030 2359.87 3623.04
4031 1735.12 1207.28
4032 3265.22 1603.98
4033 816.106 2607.92
4034 2172.54 1199.7
4035 486.634 793.553
4036 3207.88 1496.54
4037 1269.69 1127.16
4038 1456.12 3180.16
4039 2500.9 3306.28
4040 3133.96 1846.91
4041 773.345 3050.14
4042 2331.69 2273.41
4043 3018.46 2991.57
4044 379.058 3349.44
4045 961.37 3041.7
4046 2538.22 2551.37
4047 1379.07 373.92
4048 1250.41 329.604
4049 1487.09 3581.03
4050 2146.8 3380.31
4051 3671.04 1557.49
4052 1632.71 3050.18
4053 508.83 3414.23
4054 112.63 2635.55
4055 1727.88 2998.29
4056 1396.51 696.667
4057 1657.02 1573.79
4058 2982.19 1904.32
4059 3266.19 254.921
4060 168.035 2900.36
4061 85.5854 532.277
4062 717.393 1410.12
4063 3201.41 1665.1
4064 224.286 1896.52
4065 1048.89 86.9867
4066 2987.63 1850.65
4067 3161.07 2541.29
4068 1944.27 3499.29
4069 942.026 1772.88
4070 2509.27 3317.62
4071 643.443 2033.81
4072 2381.34 1860.63
4073 2558.9 1922.56
4074 3550.83 2965.16
4075 81.5034 3373.39
4076 2751.47 178.792
4077 2132.95 2675.71
4078 897.397 1842.1
4079 2397.17 3208.82
4080 1735.3 900.744
4081 3523.87 2690.85
4082 3446.17 2060.39
4083 768.843 636.017
4084 302.909 3209.19
4085 1808.16 3471.78
4086 316.595 1682.6
4087 1793.59 579.003
4088 548.62 1412.34
4089 1947.97 2675.25
4090 465.275 1402.85
4091 3043.91 1873.56
4092 1251 1576.87
4093 1273.94 1743.74
4094 3037.14 3065.94
4095 3125.6 1383.32
4096 308.71 66.9104
4097 1591.11 342.707
4098 64.3034 965.372
4099 2450.67 83.5004
4100 2425.62 3135.6
4101 677.161 661.484
4102 2866.13 2863.61
4103 837.76 1851.39
4104 1859.27 1862.99
4105 1647.91 818.543
4106 3286.84 1975.59
4107 457.051 802.212
4108 2862.06 2380.71
4109 1888.02 1813.67
4110 1286.05 2315.03
4111 3131.66 2293.11
4112 3708.08 1270.24
4113 3516.15 2914.72
4114 2893.99 1143.61
4115 1044.36 2123.34
4116 3524.7 2869.14
4117 2767.5 1131.49
4118 3446.1 3685.3
4119 1967.27 3712.56
4120 742.839 3257.58
4121 3455.39 1168.24
4122 490.839 233.238
4123 1260.21 3539.62
4124 1579.37 2230.98
4125 2735.06 2483.56
4126 336.42 512.516
4127 2486.04 1511.44
4128 133.73 1093.89
4129 1416.03 3368.66
4130 3169 3190.29
4131 3595.27 3669.56
4132 1694.17 2771.75
4133 368.914 130.351
4134 2715.39 1183.66
4135 3598.23 2866.91
4136 3040.27 422.06
4137 1539.63 1775.88
4138 92.8852 205.514
4139 1142.51 1414.78
4140 522.05 3551.53
4141 3470.89 3563.84
4142 2286.02 2680.14
4143 2381.01 3007.63
4144 3727.68 2211.57
4145 2349.14 3592.28
4146 1039.44 3190.71
4147 1520.61 3737.8
4148 2457.43 118.22
4149 150.945 2536.19
4150 3117.47 104.436
4151 785.904 441.159
4152 711.756 3432.75
4153 255.243 3240.57
4154 1357.58 3298.47
4155 1146.15 713.737
4156 351.101 3589.56
4157 696.564 1326.69
4158 539.566 2900.72
4159 1112.55 2727.69
4160 3232.45 181.374
4161 2890.19 3415.54
4162 3182.24 3716.86
4163 1218.27 2617.25
4164 2664.55 2037.67
4165 3378.59 1806.43
4166 3725.06 3238.57
4167 900.192 556.991
4168 794.342 2716.11
4169 2480.13 3760.96
4170 3320.33 862.639
4171 3633.7 2044.94
4172 1022.69 792.847
4173 3403.85 1585.51
4174 556.893 1674.12
4175 1475.19 2760.44
4176 2970.69 2999.08
4177 2.17398 3103.08
4178 3516.84 2578.37
4179 2797.48 914.251
4180 3349.74 2587.9
4181 1811.07 3763.53
4182 1465.04 2152.82
4183 1382.5 2881.55
4184 2682.69 419.109
4185 478.799 496.104
4186 833.665 781.125
4187 1547.9 3675.14
4188 3686.44 433.125
4189 2014.99 59.1217
4190 3476.09 1019.22
4191 2966.14 2217.62
4192 663.341 1356.76
4193 2379.98 1164.84
4194 990.165 654.368
4195 3063.01 698.159
4196 2962.03 1304.96
4197 3510.15 2185.63
4198 514.549 1981.35
4199 1617.05 648.149
4200 2925.37 1799.33
4201 2238.34 1948.37
4202 2940.49 0.199557
4203 938.356 1054.04
4204 1706.21 77.1673
4205 1985.03 2025.07
4206 2342.38 11.3021
4207 312.451 3096.83
4208 2241.58 1829.76
4209 487.075 2345.69
4210 2934.05 1387.09
4211 309.657 2267.83
4212 1391.13 1086.51
4213 878.893 1687.32
4214 2795.23 3179.12
4215 2322.47 57.3297
4216 253.511 3529.88
4217 2861.14 1863.39
4218 2807.86 3197.58
4219 945.723 2801.07
4220 757.044 3551.19
4221 1847.57 1071.72
4222 2964.24 2169.46
4223 605.468 2349.06
4224 3415.24 2269.06
4225 653.293 2538.78
4226 784.584 1988.59
4227 3347.73 1579.59
4228 459.313 887.28
4229 1755.64 1641.02
4230 1614.7 764.407
4231 2140.75 201.623
4232 933.927 2205.64
4233 2023.6 1713.49
4234 1304.23 1606.57
4235 3255.05 2257.32
4236 562.167 1499.96
4237 3343.17 33.4394
4238 489.245 616.355
4239 1257.08 3712.31
4240 1537.91 1237.36
4241 751.653 726.018
4242 898.319 1177.91
4243 1837.91 1720.51
4244 726.359 3643.97
4245 1783.64 1041.27
4246 3393.07 1492.86
4247 1251.98 3364.04
4248 2637.74 740.797
4249 916.636 961.761
4250 108.861 3011.04
4251 3753.91 1485.14
4252 3205.47 3724.33
4253 1060.54 3716.11
4254 215.289 2912.67
4255 2914.32 942.31
4256 3765.27 3485.16
4257 898.976 2461.39
4258 2275.62 2588.35
4259 3447.66 1493.41
4260 2478.56 3632.42
4261 512.346 3259.67
4262 2335.42 1621.75
4263 1889.72 828.425
4264 807.155 1857.83
4265 3689.57 3558.79
4266 2131.97 3275.79
4267 3694.28 519.447
4268 760.403 2350.83
4269 3730.57 2417.34
4270 245.733 1408.29
4271 3011.91 769.789
4272 2524.06 3199.76
4273 3658.46 1931.5
4274 460.143 3455.29
4275 255.697 2876.8
4276 3066.24 2804.51
4277 1252.99 2208.75
4278 1734.9 1754.4
4279 3619.09 2423.31
4280 1852.14 503.414
4281 2438.47 2524
4282 2356.38 1055.83
4283 3556.54 1205.88
4284 3036.04 885.221
4285 2151.62 2178.7
4286 2616.87 1264.44
4287 149.843 2640.45
4288 432.132 949.639
4289 2679.09 1226.2
4290 3411.08 2411.66
4291 665.861 491.867
4292 3005.12 3253.89
4293 1996.78 2212.93
4294 604.292 2227.49
4295 1569.21 3258.88
4296 1235.66 2761.7
4297 3713.6 18.6501
4298 1979.68 3307.68
4299 709.227 2091.13
4300 2075.56 66.4153
4301 319.197 1013.27
4302 3112.61 3513.4
4303 3208.96 2142.33
4304 3703.68 3209.93
4305 293.044 3556.09
4306 3057.57 3700.25
4307 3185.99 3604.43
4308 3767.79 353.439
4309 138.199 3031.25
4310 1286.47 3051.81
4311 2467.97 2820.7
4312 2824.62 2016.39
4313 3024.8 3039.98
4314 2925.48 201.536
4315 2076.86 917.533
4316 1383.78 2533.34
4317 1200.72 2193.4
4318 3198.57 1581
4319 473.417 2063.88
4320 1155.24 970.471
4321 1190.84 1009.79
4322 1611.81 3129.82
4323 1755.98 420.957
4324 71.8047 1463.48
4325 866.883 643.314
4326 790.355 1442.71
4327 2900.59 2175.77
4328 965.466 3038.93
4329 2112.88 3392.11
4330 1111.6 1629.5
4331 3318.44 2190.45
4332 269.898 2747.99
4333 484.699 2032.77
4334 2346.56 3565.36
4335 2965.25 1038.33
4336 195.361 2741.59
4337 3745.92 3415.61
4338 2086.98 2780.97
4339 2205.72 88.2646
4340 704.81 1530.37
4341 1928.48 3647.7
4342 3660.28 3025.67
4343 2650.66 1450.07
4344 2711.82 655.933
4345 1369.9 1534.14
4346 1405.33 1949.31
4347 3067.21 2205.96
4348 1032.11 469.448
4349 1295.31 1832.19
4350 2562.93 3366.47
4351 2286.07 2312.2
4352 2210.13 433.573
4353 1910.77 1047.51
4354 810.084 1730.26
4355 38.887 1375.16
4356 834.502 3266.98
4357 3726.33 1880.7
4358 2782.14 2924.12
4359 1180.89 1962.36
4360 3582.01 42.1599
4361 3282.84 3155.45
4362 2976.65 317.009
4363 488.075 553.4
4364 2790.38 905.324
4365 2660.32 1880.74
4366 3164.48 3526.19
4367 2658.04 1471.38
4368 3332.71 2093.17
4369 3020.58 2535.96
4370 521.932 939.275
4371 3242.46 835.848
4372 2286.16 3479.37
4373 3328.96 3656.19
4374 1177.45 1079.75
4375 2169.93 289.724
4376 3603.57 2213.52
4377 1788.04 2199.27
4378 490.414 1975.43
4379 2219.34 3500.88
4380 1256.47 3092.86
4381 1483.32 1530.71
4382 3224.6 2681.11
4383 3246.63 1814.51
4384 1233.95 1268.25
4385 3244.46 3515.37
4386 2904.2 1801.26
4387 1422.7 2986.14
4388 3224.95 1452.14
4389 885.136 3430.49
4390 3464.22 1987.96
4391 78.3137 1012.61
4392 3265.83 2456.61
4393 2314.7 999.783
4394 2566.17 3257.37
4395 3285.5 1880.9
4396 3206.51 2839.26
4397 995.137 947.434
4398 171.609 2177.82
4399 3299.24 3122.17
4400 2089.62 1560.93
4401 919.608 3533.14
4402 2424.02 2354.3
4403 2416.43 3328.24
4404 3438.35 2689.56
4405 1791.62 1109.88
4406 3699.57 2169.44
4407 2813.56 3715.18
4408 3644.59 2263.02
4409 276.647 3697.56
4410 3323.32 1321.67
4411 853.283 2727.13
4412 1172.27 2732.11
4413 3226.22 1035.34
4414 128.1 3715.28
4415 1506.33 2597.12
4416 2318.12 1508.23
4417 2989.05 3327.06
4418 3648.62 2291.14
4419 3472.79 3494.34
4420 1445.14 1170.16
4421 2764.9 3303.75
4422 1645.99 1463.04
4423 2753.2 3535.86
4424 2260.97 1765.24
4425 2982.74 2685.89
4426 2429.05 3188.88
4427 1565.92 2056.66
4428 1544.62 3619.35
4429 2221.23 2609.28
4430 2422.47 1038.12
4431 3719.44 117.845
4432 3505.9 944.202
4433 3738.56 844.888
4434 3741.96 1035.52
4435 680.982 1523.94
4436 2941.54 3575.69
4437 438.667 61.1003
4438 2443.55 3034.1
4439 3128.41 3055.24
4440 1670.72 862.949
4441 1663.16 357.725
4442 2089.38 1440.75
4443 3239.4 3457.1
4444 2509.81 1035.58
4445 907.275 3543.95
4446 1857.13 2372.15
4447 2371.97 1967.67
4448 348.367 249.942
4449 1652.62 1895.84
4450 2429.42 2913.1
4451 3401.69 2292.22
4452 1495.9 2759.22
4453 2521.48 2628.51
4454 2215.48 128.62
4455 1718.77 1926.46
4456 1734.71 3519
4457 2456.02 1204.97
4458 2812.65 1571.8
4459 1076.24 2532.97
4460 925.268 1756.54
4461 2960.14 2825.95
4462 2270.21 3348.25
4463 3608.68 3733.9
4464 2446.52 1872.31
4465 2701.43 1546.89
4466 18.1841 938.595
4467 2843.61 2773.3
4468 2109.58 1872.58
4469 600.834 3284.83
4470 1805.6 752.642
4471 710.297 3538.17
4472 3343.79 2668.75
4473 3647.35 2499.43
4474 3203.86 2805.01
4475 3497.26 309.464
4476 1051.84 1112.43
4477 257.891 427.565
4478 568.881 1607.47
4479 1095.34 666.83
4480 593.283 458.989
4481 3273.07 3096.42
4482 3547.5 864.488
4483 1118.44 2228.88
4484 3259.65 3404.72
4485 1797.44 1675.06
4486 52.2991 3600.33
4487 1182.53 533.919
4488 1443.96 1796.58
4489 2784.05 3428.45
4490 2756.73 2139.16
4491 866.212 2969.28
4492 2562.53 2358.41
4493 3101.4 1671.62
4494 1053.63 2982.5
4495 1446.24 809.64
4496 3375.5 2820.01
4497 982.357 3424.14
4498 534.774 2984.3
4499 832.242 840.702
4500 3014.89 595.432
4501 2490.67 1186.25
4502 1729.66 2481.16
4503 612.242 1323.01
4504 3573.57 1091.34
4505 180.199 3749.82
4506 2289.39 758.927
4507 1738.77 2641.08
4508 2431.95 2069.64
4509 1550.87 3332.26
4510 2388.79 2378.59
4511 2663.6 1386.3
4512 2051.28 2093.9
4513 3363.18 666.574
4514 2614.96 2394.31
4515 856.815 1748.91
4516 989.965 3715.3
4517 247.359 1382.6
4518 3238.95 713.248
4519 2369.72 1177.72
4520 1083.26 2715.28
4521 960.303 1103.71
4522 737.896 813.68
4523 2338.67 442.384
4524 3225.06 3488.27
4525 898.814 3099.52
4526 635.302 3254.13
4527 409.899 1319.05
4528 3602.54 2338.83
4529 1222.72 1226.74
4530 2687.35 2389.15
4531 282.037 2123.49
4532 586.598 2854.7
4533 2404.98 2515.48
4534 3096.27 2833.29
4535 1330.91 3622.51
4536 1491.98 1418.7
4537 301.252 950.418
4538 908.514 997.817
4539 674.231 3757.21
4540 1437.84 3725.99
4541 3617.68 3267.11
4542 543.925 3548.67
4543 228.716 1786.1
4544 2754.67 2871.68
4545 873.908 3324.2
4546 3153.59 1254.95
4547 3510.45 913.429
4548 877.26 3086.14
4549 3073.76 1468.26
4550 3747.27 2083.85
4551 595.42 2463.02
4552 480.006 258.389
4553 3044.56 274.839
4554 988.848 903.691
4555 2081.29 1940.51
4556 3545.79 3149.07
4557 919.191 451.032
4558 150.46 2421.19
4559 3415.98 3239.77
4560 2595.48 1070.48
4561 2973.95 2112.43
4562 1233.02 463.02
4563 358.515 1731.65
4564 798.903 410.208
4565 1042.31 543.975
4566 2553.31 1751.36
4567 3160.23 3285
4568 1242.11 2029.81
4569 1533.07 2596.07
4570 3338.02 2483.48
4571 3224.54 172.303
4572 3208.46 2038.5
4573 1069.79 22.391
4574 3382.9 2339.74
4575 1122.67 3105.33
4576 2974.95 1162.65
4577 3661.41 1140.85
4578 2753.93 970.377
4579 2277.86 1235.23
4580 3023.73 3220.78
4581 3243.4 1448.14
4582 699.909 1071.85
4583 138.602 752.79
4584 58.4011 1392.68
4585 2934.1 3514.02
4586 196.032 3071.77
4587 1670.12 1798.25
4588 824.707 2173.06
4589 1975.46 2136.1
4590 1304.52 3581.79
4591 2020.42 3404.95
4592 16.9421 1796.35
4593 3306.22 791.956
4594 733.945 467.258
4595 152.115 2108.66
4596 1280.54 1543.78
4597 17.9369 1693.38
4598 1868.41 1138.87
4599 2453.47 835.25
4600 1510.04 3532.94
4601 206.086 3734.79
4602 1722.96 1701.89
4603 2416.17 66.7422
4604 1137.14 1871.45
4605 1145.64 3569.24
4606 3714 96.1495
4607 1721.14 997.789
4608 833.41 1363.13
4609 2143.6 1212.89
4610 2912.2 1586.5
4611 1711.11 2297.45
4612 3152.57 1862.83
4613 1456.07 2858.76
4614 285.595 145.45
4615 1160.54 2155.74
4616 37.3933 2404.01
4617 2472.94 365.877
4618 1401.31 3648.35
4619 547.039 1979.77
4620 36.9626 1192.4
4621 3064.61 3681.12
4622 3766.01 3661.82
4623 3378.86 437.782
4624 1491.64 3538.08
4625 1588.92 1188.78
4626 2.01236 1294.79
4627 2595.88 3052.47
4628 3445.32 1163.24
4629 456.05 2173.06
4630 3526.36 3245.93
4631 2419.99 173.999
4632 1271.25 293.126
4633 3536.16 2608.08
4634 656.147 1085.74
4635 1237.09 2048.95
4636 2076.33 2549.59
4637 2799.57 2224.08
4638 1513.13 1930.15
4639 2917.24 675.963
4640 2621.5 2934.86
4641 2494.87 3735.84
4642 1972.93 1893.66
4643 1465.41 510.327
4644 780.354 1954.05
4645 2701.78 3758.84
4646 3606.14 2425.71
4647 399.188 1643.35
4648 329.413 1849.15
4649 581.522 12.7832
4650 3717.66 3552.04
4651 3756.71 863.634
4652 1518.14 892.819
4653 1352.5 3277.17
4654 3539.05 2854.26
4655 142.277 1250.65
4656 877.651 535.227
4657 782.885 1526.43
4658 901.549 1082.17
4659 3684.53 3706.45
4660 156.641 1665.5
4661 1057.04 3067.44
4662 66.5272 2387.23
4663 2415.98 1740
4664 193.283 2545.95
4665 1719.55 2276.81
4666 1078.75 340.368
4667 3428.89 392.915
4668 3279.62 3390.15
4669 1881.17 3659.94
4670 214.095 3707.37
4671 646.139 183.103
4672 2108.67 2476.13
4673 10.9647 1738.07
4674 2697.33 692.984
4675 2800.22 3744.78
4676 93.1264 1778.91
4677 344.415 3764.09
4678 3146.75 2010
4679 956.09 2984.97
4680 1434.31 3169.08
4681 2615.21 2062.48
4682 3275.06 2135.68
4683 1138.19 1769.69
4684 2243.33 956.888
4685 447.707 3619.7
4686 1660.03 138.072
4687 411.836 254.68
4688 2985.55 3557.19
4689 1385.86 1244.79
4690 1617.04 2843.2
4691 854.393 2743.36
4692 2959.12 1093.34
4693 1156.23 988.522
4694 2474.17 2791.23
4695 3704.35 943.501
4696 157.033 2065.88
4697 3262.89 1193.73
4698 3071.7 2737.61
4699 2182.55 3621.22
4700 1921.83 787.205
4701 74.6993 2051.82
4702 1496.06 1472.59
4703 3166.89 2333.62
4704 2864.03 166.589
4705 2745.25 2279.17
4706 2630.41 1695.44
4707 1358.42 1062.35
4708 2392.88 2712.33
4709 272.932 123.786
4710 1721.38 2554.75
4711 1624.29 1400.97
4712 2635.77 2968.36
4713 2740.7 1208.74
4714 3601.27 3235.93
4715 322.125 2038.47
4716 2952.12 2126.3
4717 2621.89 116.958
4718 844.552 925.039
4719 2845.19 1183.13
4720 1907.14 2700.44
4721 2329.06 1950.82
4722 2417.47 204.161
4723 2545.47 2959.45
4724 1444.61 478.234
4725 3642.25 330.842
4726 1580.29 501.845
4727 327.135 1964
4728 2597.75 2710.69
4729 845.227 1211.07
4730 256.19 1308.39
4731 2801.81 1602.28
4732 1074.56 1256.27
4733 3378.45 3212.81
4734 311.674 1703.31
4735 2471.18 1934.29
4736 3053.45 30.7961
4737 3583.34 1221.66
4738 1403.8 2907.13
4739 1669.2 91.9043
4740 2312.56 2456.01
4741 875.97 1338.2
4742 2953.83 2882.14
4743 1857.6 172.06
4744 907.739 1940.88
4745 3310.94 1456.12
4746 993.001 1340.2
4747 3629.93 734.138
4748 26.966 3242.41
4749 1784.22 3187.53
4750 1707.51 721.827
4751 174.076 1327.19
4752 1956.9 2768.27
4753 1902.63 3131.81
4754 2555.2 3677.92
4755 1636.36 3667.5
4756 1696.42 3448.04
4757 1395.63 1602.71
4758 1359.32 1968.46
4759 1296 3005.55
4760 2347.62 737.899
4761 984.984 3560.45
4762 732.939 1235.75
4763 2622.22 3130.13
4764 1986.86 1505.59
4765 3456.69 423.456
4766 3108.72 917.063
4767 1263.72 1655.6
4768 2420.72 1684.45
4769 3692.31 3431.73
4770 1651.14 590.053
4771 2896.87 329.279
4772 2520.65 1931.22
4773 108.444 573.881
4774 3284.67 2764.64
4775 3646.87 2514.82
4776 2665.71 665.952
4777 572.32 413.182
4778 335.868 1125.79
4779 1565.1 2040.02
4780 1150.13 3445.75
4781 3172.71 586.805
4782 2305.93 2771.79
4783 2338.65 3680.54
4784 2979.85 1747.67
4785 3502.24 844.643
4786 2438.9 3759.81
4787 3670.09 99.5645
4788 3188.84 3379.06
4789 1763.33 161.637
4790 2161.14 543.555
4791 1373.96 1178.87
4792 2023.17 33.572
4793 3047.94 586.841
4794 2795.39 549.8
4795 2808.47 2568.42
4796 790.891 188.711
4797 3326.57 3109.34
4798 3310.24 2401.64
4799 132.387 2272.62
4800 1348.59 1192.71
4801 872.825 1598.84
4802 2503.89 2395.73
4803 3205.75 2434.36
4804 2845.85 160.225
4805 3160.55 3607.71
4806 474.118 1317.01
4807 1299.51 527.054
4808 3758.26 1945.61
4809 3680.71 545.479
4810 3606.74 184.513
4811 3207.66 1404.72
4812 2563.6 1894.15
4813 826.079 2828.96
4814 3140.22 211.522
4815 159.989 3378.3
4816 574.375 690.798
4817 1307.74 2515.64
4818 462.616 1657.47
4819 464.849 2226.65
4820 1421.25 1454.37
4821 1472.79 168.402
4822 3349.23 1239.76
4823 186.15 1786.38
4824 1276.25 2667.97
4825 966.835 2619.35
4826 1358.84 3142.32
4827 1051.8 3579.27
4828 663.971 3560.47
4829 3166.84 424.629
4830 1755.67 3020.51
4831 2109.8 3224.03
4832 687.442 451.035
4833 963.995 1704.15
4834 2207.96 620.978
4835 2560.44 791.721
4836 2529.04 429.11
4837 2249.08 929.208
4838 2710.33 604.188
4839 1698.33 3366.28
4840 474.548 3245.32
4841 927.103 69.2556
4842 3097.44 1203.12
4843 1225.48 3258.42
4844 964.518 2335.63
4845 1136.41 3105.39
4846 113.256 484.096
4847 2819.51 1393.96
4848 3688.81 2439.81
4849 3440.45 1451.47
4850 3223.48 691.423
4851 658.063 2596.27
4852 2184.14 3405.44
4853 2230.55 1763.58
4854 1957.59 652.825
4855 1966.29 3700.01
4856 3066.28 3345.19
4857 1150.14 477.793
4858 3756.17 3274.02
4859 2851 3557.14
4860 160.485 1654.97
4861 3229.55 1198.53
4862 1675.47 530.199
4863 1633.47 2519.74
4864 2541.73 2569.33
4865 2226.7 1283.43
4866 190.458 2807.28
4867 1405.42 3678.8
4868 2913.26 3158.6
4869 289.139 2648.46
4870 2572.75 2816.12
4871 83.5589 937.532
4872 584.376 1588.68
4873 2990.21 3017.25
4874 1323.65 592.307
4875 1795.52 3010.07
4876 2049.96 1518.42
4877 1505.87 178.548
4878 2428.25 738.811
4879 3493.72 2479.88
4880 693.977 590.184
4881 3587.18 2709.89
4882 98.8184 1401.81
4883 1240.53 81.0948
4884 2278.67 3340.63
4885 2244.41 3044.37
4886 2287.79 3225.07
4887 1594.38 744.013
4888 2750.79 453.619
4889 1678.4 3344.02
4890 550.739 1935.7
4891 1069.85 426.586
4892 3650.15 1950.52
4893 615.793 770.375
4894 3529.36 3156.39
4895 590.724 3554.41
4896 3131.12 1323.09
4897 122.151 428.607
4898 3680.54 1293.73
4899 1288.13 1171.3
4900 3231.26 568.989
4901 2697.17 2741.26
4902 2597.78 486.6
4903 2566.16 1615.66
4904 865.384 3417.38
4905 2887.04 881.659
4906 1964.85 3463.42
4907 3651.12 1855.03
4908 3680.82 1025.57
4909 236.413 239.774
4910 186.993 464.667
4911 2748.8 926.602
4912 395.371 1988.52
4913 142.488 2046.86
4914 491.892 3181.58
4915 1723.12 2547.66
4916 508.538 2287.51
4917 3055.27 1943.39
4918 1458.96 3338.63
4919 2276.7 304.034
4920 3565.47 566.322
4921 1746.95 1489.86
4922 2103.88 1879.45
4923 3233.15 1692.48
4924 2356.65 3738.85
4925 1893.12 2996.53
4926 2004.19 2888.29
4927 100.857 2175.98
4928 3199.1 1727.89
4929 1846.09 1449.22
4930 2990.39 729.553
4931 2320.51 2518.34
4932 962.922 2601.22
4933 2135.72 2878.16
4934 1781.86 3117.39
4935 3499.35 3752.85
4936 2537.33 1319.06
4937 318.694 103.778
4938 1512.06 1084.64
4939 3058.86 537.506
4940 2882.82 1166.63
4941 3495.63 2537.16
4942 2990.65 415.867
4943 346.606 2088.14
4944 591.442 3181.81
4945 413.087 200.599
4946 2882.3 1162.17
4947 3578.02 1461.18
4948 512.398 3247.83
4949 855.48 1673.71
4950 947.345 2652.63
4951 2582.87 1745.39
4952 2012.01 2378.17
4953 467.286 73.4462
4954 1297.93 47.268
4955 1235.41 1204.19
4956 3505.41 1558.16
4957 1383.86 514.808
4958 620.941 1955.88
4959 299.576 1405.18
4960 902.46 2193.72
4961 1767.66 447.245
4962 365.545 3437.75
4963 363.647 1140.37
4964 2551.74 1016.16
4965 1038.11 1949.98
4966 1929.28 3163.87
4967 3668.23 172.655
4968 3121.48 3104.31
4969 24.6335 3593.43
4970 2738.39 869.635
4971 1869.62 1825.81
4972 3700.05 489.56
4973 2063.46 3178.56
4974 1845.05 3749.43
4975 2498.4 1153.64
4976 629.58 2831.11
4977 2491.55 1257.68
4978 1727.28 1034.67
4979 2567.39 1344.05
4980 521.735 1473.77
4981 1659.57 2920.44
4982 1491.96 1596.1
4983 292.577 1202.4
4984 2537.19 1812.67
4985 3065.45 2440.21
4986 1925.81 3594.57
4987 682.091 3506.97
4988 697.876 2956.77
4989 1272.7 2177.63
4990 374.32 3529.84
4991 3179.99 2748.87
4992 3198.14 2901.64
4993 989.547 1159.89
4994 1649.5 354.031
4995 2925.54 2319.79
4996 259.621 90.1015
4997 1920.86 3570.68
4998 1236.36 3402.77
4999 1749.14 1818.21
5000 460.017 2093.65
5001 2250.6 842.26
5002 2854.65 133.89
5003 978.048 565.148
5004 2812.52 1116.12
5005 177.649 3323.79
5006 716.893 3627.81
5007 1463.03 1716.4
5008 2390.54 1542.24
5009 2062.83 786.548
5010 1286.25 3290.05
5011 1386.47 3561.94
5012 1383.98 3133.92
5013 1691.33 3075.53
5014 470.029 3218.47
5015 3320.49 983.752
5016 3224.39 1892.34
5017 1136.96 1855.07
5018 2188.09 2995.55
5019 137.338 878.875
5020 2447.52 642.744
5021 766.166 2492.76
5022 228.559 2832.22
5023 1920.67 2756.17
5024 2471.65 1871.19
5025 1375.03 2123.42
5026 1324.64 2006.69
5027 1171.56 797.676
5028 1416.19 384.97
5029 2255.44 3595.81
5030 847.22 20.3643
5031 3459.39 3404.81
5032 272.688 39.3381
5033 1983.05 847.466
5034 47.0495 449.575
5035 981.636 2297.01
5036 2545.31 2232.47
5037 3316.29 3331.05
5038 1172.02 122.109
5039 1504.01 149.933
5040 3608.89 934.428
5041 3166.03 2370.49
5042 2143.61 1263.72
5043 2764.63 475.111
5044 3131.19 1382.48
5045 2447.34 2428.4
5046 2803.71 2566.44
5047 82.459 1457.37
5048 2600.73 1348.76
5049 1997.59 1931.61
5050 64.6215 2253.33
5051 1042.61 932.929
5052 2377.06 3050.49
5053 1280.07 1721.69
5054 2097.85 3101.76
5055 568.074 208.735
5056 3147.69 2080.14
5057 278.566 3355.01
5058 1175.35 678.347
5059 308.76 1199.8
5060 1753.72 3394.95
5061 2171.3 1377.67
5062 538.412 2955.23
5063 3514.94 3628.98
5064 3599.68 767.033
5065 1262.82 797.748
5066 214.203 110.041
5067 2700.71 563.499
5068 1805.2 1666.28
5069 2160.63 507.809
5070 1122.52 192.781
5071 266.588 3488.87
5072 701.25 779.934
5073 1871.56 3571.41
5074 2657.7 1421.35
5075 1899.89 3350.2
5076 1464.71 3332.53
5077 1070.78 3260.1
5078 2986.31 86.4226
5079 2858.16 491.393
5080 1743.4 2918.82
5081 2718.74 1279.62
5082 2073.63 3337.61
5083 236.068 240.807
5084 264.999 850.021
5085 119.689 1296.62
5086 100.098 1482.35
5087 3154.96 713.145
5088 2944.01 2044.07
5089 72.0964 575.982
5090 2311.29 696.263
5091 224.309 203.704
5092 869.365 3118.6
5093 2046.36 909.207
5094 1657.37 470.006
5095 557.973 100.348
5096 2925.67 934.301
5097 1039.86 3244.43
5098 1073.5 1887.77
5099 1110.81 3350.39
5100 3035 3318.32
5101 2229.99 2117.01
5102 2231.38 1981.38
5103 1383.47 3320.07
5104 2532.17 3210.1
5105 2496.83 2602.08
5106 1823.08 1369.42
5107 2886.2 3611.11
5108 32.2728 1733.1
5109 2491.28 996.712
5110 437.205 1271.41
5111 2487.25 2586.87
5112 867.252 2764.76
5113 127.145 1278.43
5114 1038.25 2442.65
5115 2444.13 2928.02
5116 2678.81 406.156
5117 310.698 1494.64
5118 3644.05 3556.21
5119 1994.02 2204.9
5120 2275.28 764.258
5121 923.953 2006.1
5122 1215.46 3337.59
5123 1352.04 2665.38
5124 2087.47 510.201
5125 583.528 813.639
5126 3389.82 3401.21
5127 2014.97 777.318
5128 3662.96 700.189
5129 2388.8 1070.39
5130 3000.8 3507.68
5131 1378.26 1491.46
5132 582.467 1941.75
5133 1503.67 378.615
5134 1605.04 2841.98
5135 1348.95 10.2024
5136 2187.03 367.292
5137 3344.5 2869.12
5138 3046.21 2600.03
5139 365.873 670.566
5140 3560.06 2650.12
5141 3478.65 3592.33
5142 1276.59 2740.94
5143 3380.79 1569.73
5144 2189.22 1501.5
5145 762.035 1657.26
5146 2872.39 1218.43
5147 313.621 1093.03
5148 2012.38 1242.43
5149 3280.63 3423.95
5150 2476.84 532.744
5151 1250.48 3644.04
5152 2000.23 841.807
5153 2573.6 1004.78
5154 1267.26 1068.69
5155 2754.27 3160.1
5156 1891.72 489.57
5157 283.596 1976.94
5158 2407.93 894.545
5159 2435.83 3450.66
5160 1759.8 2888.56
5161 2391.45 1401.64
5162 359.601 626.142
5163 1983.71 1909.04
5164 5.90279 1339.26
5165 949.27 1856.66
5166 3423.57 743.797
5167 1494.55 3595.51
5168 1196.03 2370.18
5169 1242.5 2743.35
5170 1656.17 885.319
5171 3412.81 3179.07
5172 867.275 2752.07
5173 2896.68 2195.93
5174 927.701 761.019
5175 494.149 1502.4
5176 2896.79 963.302
5177 3035.92 2262.18
5178 1180.65 3585.88
5179 2687.18 370.201
5180 2891.44 1544.29
5181 1565.45 1108.67
5182 2777.88 3464.61
5183 1790.83 3109.78
5184 1319.79 2646.03
5185 3286.08 1900.08
5186 2281.84 1720.5
5187 345.006 2663.37
5188 3561.22 3723.87
5189 2416.77 88.7957
5190 2120.54 246.458
5191 823.081 1491.62
5192 1137.21 1736.38
5193 944.608 2409.73
5194 2908.16 3243.21
5195 833.178 1630.09
5196 2029.05 1103.62
5197 2392.73 677.635
5198 271.354 2740.11
5199 1609.74 768.851
5200 2374.84 1311.26
5201 3635.12 1887.77
5202 285.79 3586.47
5203 2087.43 1698.31
5204 3393.5 1731.32
5205 2290.42 3353.68
5206 1174.08 681.878
5207 3208.71 2497.54
5208 1108.62 112.978
5209 3626.99 1682.23
5210 3510 1804.01
5211 2873.54 2683.33
5212 1434.46 3302.31
5213 94.8499 2100.8
5214 1040.12 2795.35
5215 2267.65 3336.93
5216 1833.8 536.019
5217 637.813 2597.82
5218 209.565 3154.53
5219 335.394 2459.94
5220 776.813 3350.43
5221 907.455 458.918
5222 145.462 1352.07
5223 2621.78 2307.68
5224 2529.46 3523.16
5225 2210.23 994.245
5226 3141.43 1538.49
5227 2298.54 1655.9
5228 1611.74 1364.6
5229 1992.98 1828.63
5230 978.554 3709.04
5231 2725.27 211.422
5232 3742.79 73.1662
5233 29.8519 902.021
5234 626.05 1637.76
5235 427.737 1093.38
5236 2666.47 2405.84
5237 3721.66 2518.35
5238 2344.64 1109.89
5239 2140.95 15.9679
5240 2587.73 3303.37
5241 3650.97 3620.42
5242 3220.68 2105.83
5243 2122.15 2396.1
5244 1609.35 2957.54
5245 191.383 1941.16
5246 301.452 1292.67
5247 460.57 751.148
5248 63.4923 2820.97
5249 817.171 336.789
5250 13.5352 3470.57
5251 1913.12 2927.06
5252 690.519 43.8548
5253 493.739 1732.36
5254 2516.21 1101.88
5255 2229 3585.96
5256 3720.12 2364.95
5257 1549.77 1001.89
5258 1533.43 2004.66
5259 3555.87 2810.05
5260 1286.04 2098.91
5261 2515.22 1217.9
5262 3588.91 764.539
5263 1263.22 3662.69
5264 580.747 1921.7
5265 66.234 3665.09
5266 302.81 3562.77
5267 983.988 3552.42
5268 2720.97 407.656
5269 1762.27 1571.2
5270 23.3908 1313.73
5271 3262.61 2491.14
5272 2936.12 1011.88
5273 2131.87 2987.24
5274 1668.57 1575.36
5275 1661.65 1840.11
5276 1555.91 2000.71
5277 31.4386 1228.32
5278 477.184 1800.07
5279 3354.32 3043.94
5280 3686.44 983.998
5281 3544.79 1651.62
5282 2123.1 3336.97
5283 2182.02 700.656
5284 3696.02 1966.56
5285 362.161 1671.81
5286 2901.49 3739.42
5287 478.804 1354.66
5288 1006.87 1054.38
5289 2008.09 2114.13
5290 1439.9 494.204
5291 1327.23 573.359
5292 1917.02 1866.18
5293 558.642 2565.25
5294 1922.74 2987.91
5295 3592.82 2425.03
5296 3554.78 2101.29
5297 11.2857 692.487
5298 1783.37 76.1253
5299 686.893 2834.19
5300 2703.22 2928.99
5301 2766.51 1640.57
5302 2782.86 203.445
5303 3655.97 220.218
5304 21.8404 569.166
5305 192.753 2184.45
5306 368.092 1445.16
5307 3441.38 2516.92
5308 2345.57 3604.15
5309 1900.72 1359
5310 1819.2 1243.15
5311 3478.04 2280.39
5312 2336.7 3101.68
5313 792.321 3058.85
5314 3566.97 2933.65
5315 823.532 3098.96
5316 1298.64 820.213
5317 222.678 537.779
5318 2729.52 189.465
5319 984.705 1046.65
5320 1476.33 1515.83
5321 1696.77 1559.32
5322 684.414 3008.19
5323 428.723 2752.88
5324 2449.77 3592.06
5325 3544.58 577.986
5326 2051.47 1101.84
5327 3564.46 1289.07
5328 2075.34 941.592
5329 2029.37 1223.56
5330 2258.09 519.605
5331 2548.3 2852.81
5332 1178.72 3141.46
5333 3527.04 1997.38
5334 133.873 1494.36
5335 437.942 1828.68
5336 3619.62 2623.29
5337 965.374 2830.64
5338 3089.69 1069.87
5339 397.892 3607.71
5340 2351.46 2608.46
5341 729.065 1435.22
5342 221.469 1787.02
5343 2458.01 2416.53
5344 240.92 1372.59
5345 3431.22 65.9015
5346 3127.06 684.109
5347 2294.05 2530.5
5348 2001.35 113.005
5349 3372.35 1342.56
5350 2373.42 1735.53
5351 2023.24 3700.29
5352 2889.36 152.151
5353 1713.68 3639.04
5354 1959.75 738.248
5355 641.87 175.898
5356 664.717 3660.42
5357 3741.7 528.782
5358 641.134 98.2088
5359 3211.43 2539.34
5360 963.302 929.981
5361 1986.56 139.287
5362 3616.93 732.492
5363 2562.11 843.561
5364 1106.03 3209.67
5365 1405.08 663.234
5366 1559.48 1131
5367 437.98 158.976
5368 3515.33 2129.13
5369 1321.88 3676.63
5370 1003.24 1741.86
5371 2274.64 1297.15
5372 2137.24 3342.49
5373 556.466 463.2
5374 1990.76 85.201
5375 1751.18 2078.04
5376 2896.95 448.643
5377 268.193 3565.09
5378 475.695 1171.76
5379 2719.89 682.081
5380 3162.88 3068.21
5381 1977.14 2687.12
5382 3321.5 919.446
5383 2501.9 515.545
5384 1123.35 69.372
5385 3011.08 359.044
5386 845.842 3632.02
5387 1842.7 1553.31
5388 3535.39 2724.41
5389 801.54 2927.59
5390 2629.43 1173.81
5391 3226.65 2501.83
5392 2517.92 3760.99
5393 784.313 3134.98
5394 3386.8 1375.21
5395 2057.06 2075.78
5396 2198 1513.39
5397 1396.77 2371.88
5398 5.28768 1833.13
5399 323.171 1842.04
5400 976.319 2585.44
5401 2456.34 790.224
5402 2349.84 1578.56
5403 1602.45 2368.29
5404 1965.99 1759.18
5405 2545.31 3074.68
5406 3087.42 1539.98
5407 2548.64 2598.7
5408 3643.19 1725.75
5409 2004.43 2595.44
5410 3288.4 1118.87
5411 3467.54 3769.52
5412 3299.58 1835.99
5413 982.462 564.445
5414 3090.47 3196.17
5415 2751.32 971.269
5416 801.068 2022.56
5417 2803.6 936.525
5418 3444.87 3484.16
5419 1001.53 952.194
5420 2081.8 1399.05
5421 3158.19 3542.63
5422 2988.62 756.867
5423 2892.07 3126.18
5424 2246.29 868.728
5425 749.301 616
5426 90.1586 3444.61
5427 1044.45 845.9
5428 1318.64 682.785
5429 3060.81 3086.7
5430 2388.06 3151.21
5431 3662.13 3726.75
5432 1796.53 2518.93
5433 1234.47 1676.89
5434 1600.95 2690.96
5435 874.084 155.9
5436 2984.72 164.124
5437 2861.39 38.7395
5438 1836.24 1013.87
5439 3271.09 1883.13
5440 2140.03 3155.36
5441 3658.71 2229.91
5442 1652.12 3754.49
5443 1967.77 2219.06
5444 610.266 473.131
5445 3406.75 2242.67
5446 3159.94 3574.41
5447 3385.42 3419.74
5448 3441.01 2896.37
5449 2116.58 3216.48
5450 3381.22 751.596
5451 2757.06 1336.27
5452 3018.62 1363.56
5453 1826.78 1376.7
5454 2304.83 449.609
5455 3376.11 894.954
5456 248.116 1453.21
5457 3242.4 2887.65
5458 1768.11 1227.44
5459 2180.95 2181.14
5460 2873.79 1733.6
5461 1280.63 3720.39
5462 3111.96 3527.9
5463 87.0696 3038.01
5464 1478.25 3120.67
5465 1375.4 1731.95
5466 1695.39 1278.78
5467 1206.44 2016.23
5468 1130.36 1812.27
5469 450.648 1337.45
5470 3532.84 3287.64
5471 2228.62 3495.28
5472 1831.32 3408.34
5473 2086.64 2595.32
5474 2205.34 1708.11
5475 601.16 439.756
5476 2940.71 371.244
5477 1292.59 1112.07
5478 1503.47 2040.36
5479 868.005 253.728
5480 725.557 696.808
5481 1708.82 3118.01
5482 3715.67 1232.24
5483 3621.86 2232.15
5484 1572.77 700.557
5485 1697.28 1775.03
5486 1094.86 3055.96
5487 2639.2 2246.16
5488 2272.5 1029.07
5489 2819.12 251.789
5490 3004.04 413.896
5491 2266.41 2320.65
5492 3046.99 3111.98
5493 2585.69 617.176
5494 1507.79 2030.23
5495 3035.26 2615.03
5496 732.277 1324.23
5497 3120.73 1251.1
5498 2492.03 3675.09
5499 2665.37 926.641
5500 1683.87 936.617
5501 2453.83 865.607
5502 2070.72 45.1614
5503 2725.32 3316.34
5504 3347.78 812.698
5505 3720.86 2743.49
5506 180.498 3301.24
5507 2707.11 2455.65
5508 1368.26 661.205
5509 798.189 2605.29
5510 1368.28 3293.78
5511 3068.6 2068.36
5512 961.647 2042.87
5513 2964.67 706.004
5514 1548.59 236.82
5515 1523.42 3221.45
5516 692.87 1144.51
5517 1877.41 2371.11
5518 1317.19 725.615
5519 3091.5 2618.02
5520 885.092 1143.1
5521 2163.05 1837.41
5522 2269.36 2468.4
5523 2237.86 2870.54
5524 613.26 3204.18
5525 3400.14 905.609
5526 278.618 2545.98
5527 1517.38 1761.45
5528 3627.96 2948.92
5529 1874.76 406.165
5530 1112.96 731.894
5531 3561.23 1613.12
5532 3444.28 857.952
5533 352.143 1512.46
5534 891.554 1641.58
5535 2995.44 451.1
5536 3351.1 1056.74
5537 2317.31 2466.34
5538 1156.37 793.956
5539 460.692 3080.02
5540 769.142 3189.49
5541 732.178 931.794
5542 1316.45 551.637
5543 3152.29 2113.94
5544 2606.5 2846.51
5545 3758.74 2329.59
5546 3554.1 3466.19
5547 1157.33 1890.15
5548 176.015 1718.7
5549 2849.09 2347.74
5550 3518.08 3244.08
5551 2806.23 1198.25
5552 2562.09 291.468
5553 2766.12 1998.81
5554 465.654 3025.61
5555 2868.77 2635.97
5556 2776.95 802.964
5557 789.279 3623.07
5558 2969.94 1134.33
5559 3591.13 308.518
5560 1711.94 449.855
5561 2232.94 1647.78
5562 2696.7 1924.02
5563 1887.62 3456.06
5564 3747.21 2830.38
5565 128.97 971.527
5566 427.978 2940.68
5567 2694.11 2793.39
5568 398.626 3073.43
5569 3095.55 473.307
5570 2007.08 2601.86
5571 1973.69 2747.59
5572 462.687 1543.78
5573 1423.96 2609.29
5574 1662.27 1789.44
5575 3239.02 592.054
5576 682.212 2526.97
5577 3681.99 2446.49
5578 2051.21 237.266
5579 1103.6 2158.28
5580 3540.96 1652.33
5581 1696.07 158.597
5582 2717.81 3765.67
5583 3735.21 2012.24
5584 1203.22 2188.05
5585 2773 2643.08
5586 1450.75 511.054
5587 286.511 1163.37
5588 1289.18 3425.1
5589 1880.49 313.099
5590 3219.96 1588.91
5591 3382.24 1608.05
5592 2378.11 2871.3
5593 2747.82 1860.75
5594 492.736 2578.07
5595 3677.17 2462.45
5596 817.708 2253.27
5597 1909.06 2436.44
5598 396.434 3071.43
5599 3585.28 528.873
5600 3590.17 1607.66
5601 3310.45 2284.57
5602 34.7162 341.293
5603 3593.19 2852.45
5604 2354.56 3426.72
5605 3071.75 69.5484
5606 852.26 1974.25
5607 1729.1 1542.99
5608 736.088 2837.94
5609 656.271 224.184
5610 673.839 53.0732
5611 1201.86 673.813
5612 1445.08 3766.11
5613 2953.81 955.834
5614 423.064 730.08
5615 3022.55 1256.81
5616 2873.36 1792.22
5617 1046.49 2753.85
5618 965.279 2014.06
5619 498.522 1970.71
5620 1757.98 2924.71
5621 2836.74 3127.85
5622 3649.66 419.648
5623 3669.82 1121.67
5624 80.7236 2104.75
5625 1468.9 2312.75
5626 2728.79 1267.45
5627 2119.64 2359.63
5628 2859 2527.89
5629 1445.49 1454.49
5630 938.346 371.731
5631 2515.38 1874.24
5632 1289.97 1056.89
5633 1572.22 1897.25
5634 314.527 3528.32
5635 2528.26 1540.71
5636 2212.09 380.361
5637 3317.13 2603.97
5638 1231.57 1618.54
5639 340.022 3235.33
5640 561.578 3662.69
5641 1915.49 3615.92
5642 1259.44 1203.15
5643 2291.5 2927.46
5644 1416.89 3337.73
5645 930.316 3317.85
5646 2376.43 691.835
5647 1142.54 2950.37
5648 1366.32 929.799
5649 2969.1 926.147
5650 331.52 1602.69
5651 3454.29 3359.14
5652 1263.63 1128.24
5653 379.627 1228.82
5654 1846.91 2439.26
5655 2356.48 730.302
5656 978.541 3680.45
5657 3236.35 1980.86
5658 568.525 2483.51
5659 3728.14 251.997
5660 2863.24 3768.68
5661 1694.88 3206.57
5662 2682.48 2735.99
5663 3464.6 3557.81
5664 392.071 1996.86
5665 861.277 1538.13
5666 1091.76 3453.17
5667 926.081 1267.88
5668 2620.14 1202.06
5669 3093.8 544.647
5670 2428.54 489.357
5671 2008.77 723.864
5672 3492.75 1330.36
5673 1638.54 321.782
5674 567.002 2218.97
5675 2289.58 584.372
5676 1773.86 1559.89
5677 1877.6 1154.17
5678 3401.47 2919.22
5679 3325.19 870.641
5680 2441.74 3119.72
5681 631.84 2396.56
5682 2734.53 1581.96
5683 3741.46 1298.16
0 325 57.1322
0 884 103.258
0 1162 26.0694
1 210 32.8131
1 503 69.7663
1 1641 64.6236
1 2707 34.5146
1 2955 48.3959
1 5240 72.5199
2 2010 67.3283
2 4101 8.62404
2 5480 102.844
3 2929 20.4475
3 3177 58.7143
3 5191 61.7008
3 5665 31.4509
4 538 83.1613
4 669 10.5519
4 874 42.9509
4 2737 42.1539
5 1029 89.8263
5 1416 92.7327
5 2249 40.4108
5 2423 39.4991
5 3130 16.2065
6 115 74.9645
6 346 78.6753
6 2752 59.1432
6 2907 79.8491
6 4743 99.6863
7 979 48.2694
7 2357 104.102
7 3438 11.2664
7 4193 32.1465
7 4519 35.8224
8 1782 81.6335
8 4944 46.2962
8 5524 105.272
9 4018 84.6851
9 4494 80.7437
9 5647 74.9827
10 1615 95.8552
10 2321 60.0678
10 3745 55.6556
11 1653 90.4666
11 1671 26.4499
11 2798 79.5361
11 5248 45.2496
12 221 81.7102
12 3812 33.1041
12 4785 71.5786
13 1954 17.138
13 3270 32.8606
13 4095 73.2911
13 5044 54.7923
14 1948 65.4666
14 2793 91.0228
14 4474 109.409
14 4534 85.0835
15 1428 94.9524
15 3630 76.2951
15 5310 65.7398
16 240 71.0528
16 1182 46.9911
16 1807 61.9211
16 2626 81.0781
17 3819 43.8471
17 4021 136.814
17 5025 24.9772
18 810 42.7414
18 1060 19.2026
18 1170 27.193
18 1376 51.5164
18 3272 35.4494
18 4390 109.94
19 475 41.0522
19 564 43.8493
19 1381 43.6458
20 3010 63.97
20 3932 104.793
20 4829 47.2956
21 1414 100.685
21 1428 47.6728
21 2688 71.6611
21 5310 43.577
21 5458 47.9009
22 850 57.6525
22 3755 93.8202
22 4171 86.0261
22 5583 84.3543
23 1333 44.6712
23 2586 101.907
23 3744 76.2351
23 4209 57.9632
24 1649 77.0271
24 2808 37.1268
24 5196 28.4407
24 5326 60.621
25 544 84.3777
25 2535 54.3161
25 4087 15.619
26 60 51.7316
26 800 156.438
26 2697 102.009
27 2055 46.7359
27 2106 31.5999
27 2384 5.92419
28 1856 17.726
28 2657 53.4988
28 3159 98.2215
29 592 77.9673
29 1211 95.306
29 1739 54.8319
29 1744 91.183
29 2873 100.071
29 3705 63.3731
30 66 17.2845
30 4020 80.1544
30 4346 56.7861
31 1480 15.3493
31 2629 14.333
31 4058 64.3554
32 54 50.27
32 625 57.4347
32 1080 58.2294
32 2232 35.8965
32 5317 64.4974
33 354 52.5759
33 1385 79.2385
33 5082 108.213
34 2491 75.3605
34 3503 61.9227
34 4147 62.7468
35 2823 54.9827
35 3982 67.8414
35 4236 40.6029
36 2574 42.1885
36 3186 30.2476
36 4456 87.8141
37 2225 34.239
37 2750 73.9378
37 3665 50.8236
38 1967 53.5385
38 4051 66.5597
38 5600 69.5575
39 2946 60.1353
39 3245 85.3641
39 4579 101.911
40 260 61.2463
40 3205 51.9892
40 4206 53.5269
40 4215 50.0219
41 438 82.4537
41 2013 61.0156
41 2898 14.3211
41 4342 69.9041
42 603 64.1597
42 1225 8.16108
42 2039 64.8402
43 369 57.895
43 517 79.3771
43 5181 27.8963
43 5366 71.0809
44 276 50.6226
44 1928 76.4705
44 3731 11.4893
44 5396 68.3331
45 3573 56.7866
45 4449 61.5458
45 4455 35.6524
46 303 105.89
46 3307 104.976
46 4412 141.815
47 2722 5.57278
47 3194 102.997
47 4253 74.5079
48 274 44.3673
48 964 104.686
48 1350 7.54537
49 440 16.6243
49 3403 73.4281
49 3728 89.5018
50 2029 13.5824
50 3273 106.033
50 4841 72.4929
51 2140 11.3167
51 2891 84.1095
51 4788 74.2783
52 1608 120.171
52 1911 39.343
52 1919 53.0939
52 3933 52.136
53 966 22.5824
53 1768 65.7286
53 4844 86.0873
54 929 50.0924
54 1731 51.4479
55 1547 62.7528
55 4143 106.312
55 5052 20.6995
55 5312 119.783
56 1658 25.1772
56 3327 51.5155
56 3533 50.1355
57 1357 85.181
57 3759 111.968
57 5125 104.184
58 1611 55.2072
58 2343 93.182
58 2468 28.9781
58 3150 57.7751
58 3211 95.4116
59 2355 101.74
59 2397 59.4196
59 3393 80.4166
60 360 126.912
60 773 111.44
61 3614 75.6673
61 3938 54.5649
61 5585 72.2777
62 2547 50.461
62 3220 127.56
62 3844 50.8032
62 5345 19.4989
63 208 18.8668
63 515 101.97
63 3074 37.6302
63 4264 55.5206
64 815 75.8339
64 866 41.5634
64 1576 83.2037
64 1836 74.0833
65 1906 66.9782
65 2849 40.3956
65 5329 66.1811
66 4020 68.5423
66 4346 70.2239
67 202 67.4491
67 2376 64.6706
67 3280 114.138
67 3358 88.5528
67 3816 79.2705
68 1755 50.1984
68 3349 24.7651
68 5244 22.3933
69 214 65.1641
69 915 4.36
69 1597 60.6702
69 2028 59.1513
69 3103 64.1086
70 2533 35.246
70 2728 14.4347
70 4506 17.1426
70 5120 2.4069
71 1157 24.3723
71 1449 80.2927
71 4731 54.2911
71 5301 13.0064
72 1915 120.376
72 2846 66.8071
72 3831 64.404
72 4146 114.589
73 4344 80.6815
73 4674 33.671
73 5379 17.6377
74 3491 73.4976
74 4879 20.976
74 4941 68.8159
75 2815 115.561
75 3319 34.2231
75 3365 39.3721
76 839 79.6736
76 2522 67.2608
76 3918 99.6008
76 5102 86.1403
77 2234 98.9674
77 3693 87.8337
77 4512 79.5374
77 5395 60.6252
78 141 86.4149
78 1155 21.497
78 2128 74.9243
78 4503 40.5595
79 533 79.0939
79 2344 56.2539
79 3941 88.7361
79 5553 62.1947
80 527 62.2905
80 1127 87.2192
80 4891 19.4545
81 971 68.1267
81 1499 62.0028
81 1746 70.7436
81 2410 71.4455
81 4413 15.8342
82 450 58.5573
82 2501 78.7657
82 3924 27.9655
83 603 60.2547
83 1092 56.5808
83 1861 23.9499
83 4337 83.8823
83 4769 22.0079
84 630 80.4463
84 1185 76.3446
84 2915 27.0465
84 4380 68.6102
85 2296 109.216
85 3944 78.2217
85 4338 36.0687
86 363 67.2188
86 1644 20.0292
86 2033 75.0191
86 2545 33.6393
87 4230 32.8668
87 4887 30.523
87 5199 31.9069
88 425 39.2218
88 1588 51.8713
88 1607 11.1077
89 583 70.3177
89 1135 154.782
89 4024 62.7706
89 4658 87.4435
90 259 91.215
90 702 53.4318
90 1996 134.807
91 2487 29.177
91 4525 50.6772
91 5092 15.1313
92 1451 76.874
92 2247 80.1078
92 2377 44.0486
92 2809 36.7271
92 4227 48.0352
93 456 67.3665
93 3141 45.9403
93 3498 51.1588
94 2407 70.5477
94 2588 77.822
94 5194 38.1855
95 631 51.3565
95 705 125.518
95 2165 40.9224
96 1389 41.8542
96 4179 8.02441
96 4364 10.547
96 5417 33.6406
97 1945 51.2631
97 2451 42.2651
97 2889 129.352
97 3109 67.1406
97 5529 81.9214
98 226 80.7087
98 3601 43.9388
98 4423 91.5034
99 2013 43.7569
99 2164 36.7881
99 4342 50.7688
99 5528 60.3846
100 902 58.7366
100 905 47.614
100 1457 69.2063
100 2459 63.736
100 5298 11.6877
101 1196 15.4749
101 1813 24.909
101 3962 84.976
101 4821 67.992
102 689 19.8775
102 931 40.4239
102 1184 29.7883
102 1623 9.70812
103 2150 63.8253
103 5512 41.1171
103 5618 58.7843
104 2651 28.4499
104 3379 42.2193
104 3585 16.0668
104 3589 100.565
104 4540 21.4208
104 5612 61.9487
105 388 73.8406
105 582 65.5383
105 1525 67.8498
105 3407 90.1283
106 3238 61.819
106 4401 34.203
106 4445 3.65409
107 461 18.0383
107 2844 90.8294
107 3959 60.7599
107 5233 11.3939
108 548 25.4753
108 845 86.9149
108 1509 32.8339
108 4813 67.2578
108 5112 70.3229
109 371 38.1008
109 2743 45.0401
109 3026 0.395298
109 4859 85.8513
109 5107 74.1717
110 238 66.6898
110 1756 85.3743
110 2717 106.07
111 302 27.5227
111 2625 59.3017
111 4260 76.4954
111 5498 27.8192
112 337 13.1225
112 1091 76.7919
112 3700 120.824
112 3898 80.6847
113 1600 42.5058
113 3685 42.8735
113 5122 78.4531
114 580 61.4103
114 3288 50.1299
114 3604 51.6427
114 4389 17.6131
114 4904 25.1883
115 1232 36.8476
115 4743 20.1975
116 767 39.5534
116 1539 46.2448
116 3473 25.0093
116 3583 60.5958
117 463 32.4286
117 530 50.0557
117 560 61.2903
117 5144 69.7667
117 5396 40.6613
118 547 82.215
118 3103 54.7759
118 5098 64.7469
119 2918 81.091
119 3744 83.2192
119 4551 65.3747
119 5658 132.663
119 5681 70.5403
120 400 99.0249
120 2406 54.7893
120 2614 29.2732
120 4715 64.8329
120 5157 45.0812
121 2286 34.5599
121 2412 38.7585
121 2617 53.6573
121 2671 43.2111
121 4718 17.7008
122 693 54.7276
122 1397 8.87109
122 4467 37.4586
123 792 77.1758
123 1643 73.0377
123 2475 115.116
123 5323 49.8005
124 591 72.0389
124 1031 79.3751
124 1067 93.0413
125 2773 81.5841
125 4181 64.932
125 4974 12.8054
126 1612 63.178
126 2430 78.3517
126 3101 58.0651
126 5632 48.7022
127 387 25.8691
127 477 26.2985
127 2424 47.2986
127 4267 48.4024
127 4809 65.181
128 339 52.5136
128 2872 63.4751
128 3165 87.1408
128 4120 10.1025
129 914 34.3643
129 4036 54.3625
129 5226 44.0121
130 2399 40.9636
130 4258 34.8518
130 5347 92.7628
131 845 104.434
131 1603 75.2306
131 5608 93.6324
132 1688 7.16128
132 2495 45.3345
132 4377 38.6527
133 1797 41.7363
133 4575 33.95
133 4661 131.719
133 4845 33.1019
134 1737 73.1258
134 1822 60.3685
134 5296 63.5102
135 796 69.5461
135 3829 43.3027
135 5539 73.6114
135 5568 59.1562
136 613 63.8968
136 2968 96.6275
136 4666 48.5618
137 2820 13.7053
137 3248 70.3006
137 3900 34.9866
137 4362 96.8848
137 4771 78.908
138 233 105.713
138 3287 67.9321
138 4424 120.313
139 1016 26.445
139 1148 41.0756
139 2428 13.7021
139 5028 41.0046
140 741 53.1921
140 2348 84.6678
140 4325 39.8435
141 399 46.4912
141 980 57.1223
141 4503 13.4014
142 252 82.8694
142 3564 86.4592
142 4938 56.8179
143 1020 96.9808
143 1404 35.4129
143 1929 36.3076
143 2787 64.6518
143 3680 102.04
144 452 18.7465
144 1334 41.2394
144 3505 66.2542
144 3659 23.2361
145 799 51.6874
145 946 78.2049
145 3261 62.0338
146 4083 51.6345
146 4880 87.2454
146 5425 16.9568
147 243 31.8033
147 3504 90.0817
147 3851 84.424
147 4139 27.2277
148 192 76.3531
148 2279 18.8544
148 3224 37.7689
149 426 44.4032
149 531 63.4451
149 3054 26.326
150 1371 43.9069
150 1632 89.0522
150 4818 70.4908
151 1504 121.606
151 1918 48.1656
151 3571 116.381
151 3793 93.1965
152 3396 19.8973
152 3552 81.5732
152 4834 70.2324
153 330 119.387
153 1834 88.3572
153 4188 58.8071
153 4308 118.432
154 1311 37.0533
154 4220 43.5652
154 4471 47.8321
155 2043 53.4909
155 3193 56.2698
155 3568 67.5666
155 3803 64.2667
156 470 63.7057
156 1062 52.6526
156 1106 50.7805
156 5661 7.95461
157 719 60.9509
157 2031 41.8254
157 3479 20.8895
157 3617 48.1555
157 5643 41.6481
158 468 30.9829
158 4931 12.4902
158 5347 26.8573
159 1176 48.4714
159 3847 81.8167
159 4433 91.2348
159 4651 38.0366
160 1720 104.768
160 3909 38.4593
160 3984 36.1731
161 287 46.2758
161 2636 36.3944
161 4567 72.3054
161 4788 45.8348
162 2345 62.8403
162 2941 41.5871
162 3424 44.4718
162 3856 70.3436
162 4681 29.9718
163 2256 53.1534
163 4090 21.5579
163 5287 58.9477
164 222 75.2504
164 2811 31.6691
164 4697 33.2767
164 4861 54.9337
165 1125 46.9022
165 2001 79.8871
165 4085 81.1183
166 1329 62.1865
166 1773 24.5359
166 2177 77.0401
166 2796 36.2987
166 3034 46.5768
167 853 88.9198
167 916 67.3061
167 1153 33.8225
167 1591 83.8134
167 4404 77.5955
168 1625 70.9062
168 3184 40.9904
168 4207 30.1699
169 996 130.459
169 2072 108.165
169 4421 59.4097
170 3530 92.0436
170 4067 67.0502
170 5359 15.4485
170 5391 43.3451
171 1869 50.9382
171 5269 64.9857
171 5387 72.354
171 5676 37.2581
172 493 40.4928
172 2525 52.212
172 3147 84.8364
172 4371 83.3333
173 539 44.7395
173 1290 70.182
173 3014 14.7606
174 1119 57.141
174 2148 79.7792
174 4611 22.5116
174 4665 32.1451
175 315 77.7664
175 791 37.2126
175 2293 59.3681
175 3663 50.4535
176 2457 40.8497
176 2934 55.4948
176 4705 49.1334
177 1229 77.4699
177 2463 80.8782
177 4883 52.5338
177 5038 62.0551
178 901 82.8376
178 2685 102.584
178 4153 58.7015
178 5218 120.063
179 2184 24.2963
179 4256 18.4117
179 4337 97.9479
180 206 26.179
180 245 59.609
180 5536 18.7148
181 314 60.7183
181 1390 19.8443
181 1736 51.9513
181 3960 18.4301
182 1866 3.06318
182 4346 70.1887
182 4758 12.4987
183 1354 42.9984
183 1932 16.9844
183 2539 89.2839
183 2883 55.7644
184 1854 40.4594
184 2505 54.6952
184 4215 117.136
185 606 36.4946
185 3095 53.9891
185 3662 43.4215
186 2763 100.792
186 3223 45.1841
186 3253 54.1941
186 3837 13.411
187 1175 56.3343
187 3314 61.1308
187 4486 8.44816
187 4969 54.3885
188 687 23.6165
188 850 40.0499
188 2291 83.9185
188 3481 55.6217
188 4550 40.445
189 1040 31.0278
189 2004 50.3057
189 2141 105.258
189 3075 95.3584
190 591 50.5903
190 1793 58.5539
190 3299 61.0972
191 1171 68.5598
191 4065 91.255
191 5208 13.8759
191 5384 71.3497
192 1263 26.9139
192 1459 33.9232
192 2144 71.4064
192 2279 80.1548
193 1103 64.2728
193 4701 48.797
193 5213 36.7413
193 5624 55.1004
194 2013 31.3669
194 4074 92.0474
194 5528 73.8914
195 945 83.9518
195 1034 48.6802
195 2077 32.0563
195 2146 21.9788
196 4286 33.551
196 4289 112.021
196 5668 77.7821
197 1872 69.8389
197 2173 49.9053
197 5516 33.3295
198 516 67.6608
198 1877 86.8759
198 2822 45.5614
198 5505 91.1949
199 2406 62.2332
199 4064 97.1103
199 5157 106.07
199 5245 76.9503
200 4462 46.429
200 4884 35.78
200 5215 41.8556
201 1770 24.3359
201 2304 76.4657
201 2742 39.5889
202 1440 53.0426
202 3896 30.5993
202 4652 36.5341
203 1782 45.768
203 4526 40.1778
203 5524 47.1254
204 575 39.7014
204 3555 52.601
204 5229 72.1566
204 5404 34.6322
205 2197 74.6238
205 2704 31.4204
205 5401 42.9022
206 245 41.5323
206 501 79.0922
206 2120 87.5635
206 3710 27.3476
206 5536 45.6008
207 2218 54.7333
207 3255 98.2192
207 4298 25.726
208 267 39.4195
208 3074 12.3348
208 4264 28.1306
209 1042 53.9152
209 1309 8.65815
209 1417 86.1802
209 2611 69.4356
209 2774 31.3946
209 3832 66.2396
210 1641 38.8292
210 2955 67.7941
210 3850 84.4221
211 672 43.8718
211 1563 48.4184
211 1582 93.6362
211 2825 70.5734
211 5159 84.9544
212 1393 73.892
212 2108 63.1705
212 2795 39.5544
213 1455 29.8928
213 2260 59.9
213 4060 72.3003
213 4254 62.1935
214 547 60.3391
214 1597 68.4418
214 3103 23.549
215 3879 26.6035
215 4437 13.2087
215 4953 40.2003
216 566 114.863
216 1486 95.4411
216 3332 68.5464
216 3956 79.7858
216 4110 55.296
217 1207 51.8651
217 1702 42.3509
217 2404 107.66
217 3612 46.6162
217 3762 97.9266
218 2246 11.3433
218 3633 126.91
218 5654 74.5393
219 1833 34
219 2690 48.9956
219 3690 53.7715
219 5564 21.9584
220 2099 84.0114
220 2159 37.4671
220 2359 40.7212
221 4785 57.7982
221 5532 51.6788
222 295 54.7254
222 888 31.8194
222 4822 76.4801
223 1308 105.273
223 2433 50.9663
223 2479 79.6198
223 2775 31.3905
223 5493 78.9212
224 278 16.9375
224 1962 55.7406
224 2299 117.127
224 4617 26.7387
225 1026 72.1838
225 1783 73.1195
225 2777 64.7533
225 5628 26.5622
226 3098 75.3897
226 3601 22.4064
226 4423 81.4142
226 5182 79.5993
227 1684 74.1712
227 2367 97.1184
227 2677 42.3802
228 1340 79.788
228 1957 67.2902
228 5397 15.0949
228 5625 147.249
229 409 116.977
229 4992 79.5783
229 5457 138.715
230 536 28.7171
230 3789 16.8931
230 4137 151.731
230 4488 38.0037
231 1577 26.1347
231 2054 44.9647
231 2600 65.6705
231 3688 47.8976
232 710 7.5383
232 1291 48.1161
232 1349 36.8605
232 3176 81.2066
232 5231 28.8014
233 3528 87.2561
233 4072 46.0978
234 522 97.5427
234 2209 82.0637
234 3422 86.1148
235 332 22.3171
235 1439 49.3598
235 1472 47.8856
235 2669 50.1515
235 4165 9.16674
236 1079 42.585
236 3948 47.6149
236 4057 40.9166
237 945 112.183
237 1384 101.984
237 2864 20.8887
238 1753 63.5226
238 1756 61.5688
238 1988 45.8949
239 444 73.0334
239 2136 138.274
239 3312 46.1976
240 536 106.82
240 2626 42.8111
241 1070 124.124
241 3075 103.723
241 3513 165.61
242 2613 48.7489
242 3620 85.8763
242 3674 49.0745
242 4838 52.7112
243 2263 60.0304
243 3851 51.6642
243 4139 17.2911
244 1763 39.8411
244 3217 68.3426
244 5203 37.7247
245 501 68.6326
245 1433 20.569
245 3710 65.5994
245 5536 31.5074
246 1776 33.5489
246 2461 54.0627
246 2723 37.9711
246 4044 71.4294
247 563 82.7333
247 2045 46.3017
247 3860 73.9657
247 4577 86.571
248 4512 93.4544
248 4589 29.5079
248 5289 24.1357
249 2171 23.1769
249 2829 22.1924
249 5188 78.3195
250 381 38.1251
250 4556 19.3324
250 4894 22.7666
251 1641 72.248
251 3664 58.8919
251 3850 37.7225
251 5503 38.8171
252 369 77.6922
252 4420 72.297
252 4938 82.9469
253 377 133.404
253 798 56.5196
253 3118 137.981
254 995 81.6521
254 1251 104.444
254 3943 68.4681
254 4678 43.1707
254 5056 73.6743
254 5511 99.1035
255 322 98.6527
255 869 68.6837
255 2056 35.5582
256 359 97.5646
256 568 87.473
256 2139 68.0781
256 2383 27.1072
256 2483 31.9519
257 615 45.2166
257 1041 58.0872
257 1713 13.5207
257 4262 77.6149
257 5227 29.7693
258 1535 30.3498
258 1571 28.2152
258 2176 17.6395
259 702 108.891
259 1163 121.687
259 4124 85.3975
260 3205 23.7628
260 3259 36.5151
260 4206 14.1504
261 2047 26.2742
261 2622 49.5858
261 4354 29.1385
261 4515 69.7339
262 1675 21.7691
262 2290 59.2738
262 4035 32.0339
262 5247 36.0067
263 597 36.8957
263 1322 78.3197
263 2569 52.8463
263 4639 72.5536
263 5513 12.6002
264 604 60.9795
264 3605 58.9729
264 4559 89.9358
264 4733 49.7182
264 5171 15.4217
265 1689 86.6561
265 4319 56.1845
265 5000 7.4822
266 4836 68.7378
266 4902 77.0838
266 5383 62.7974
267 3074 31.6202
267 4103 30.267
268 736 112.343
268 766 28.9238
268 5057 51.1487
269 824 48.7541
269 1005 78.2463
269 3004 19.3495
269 3607 72.1378
270 427 68.9852
270 871 34.9407
270 2433 35.2592
270 4248 78.1044
270 4776 71.9541
271 894 42.3801
271 5117 14.5298
271 5533 42.3796
272 2376 87.9559
272 3280 32.1659
272 5257 45.7814
273 390 24.1626
273 1767 28.0111
273 3773 76.4392
274 964 65.1331
274 1350 59.0831
274 2302 41.7389
274 2375 71.8781
275 1268 48.9828
275 2902 66.6598
275 4243 56.4033
276 439 49.5261
276 1024 66.2541
276 3731 31.1597
276 5144 26.2414
276 5396 10.611
277 1177 50.7703
277 3703 62.9999
277 5216 40.5342
278 801 68.9998
278 1962 65.3962
278 4617 22.5711
279 2031 69.0165
279 3421 79.6286
279 3479 86.5071
279 5643 97.3481
280 2349 84.8873
280 2541 67.1846
280 3171 36.5949
280 3425 66.2191
280 4886 154.828
281 1249 75.5472
281 1458 62.3672
281 4655 40.6385
282 653 36.1137
282 3522 48.8119
282 3575 69.3829
282 5546 50.9506
283 4184 41.3772
283 5116 45.1529
283 5268 26.4839
284 2643 53.5156
284 4385 77.9416
284 4443 43.8146
284 5149 89.9748
285 528 95.7689
285 1147 124.34
285 1269 48.2646
285 1294 43.7708
285 2361 78.3443
286 1814 19.8427
286 3535 84.412
286 4093 54.3793
287 1837 70.1525
287 2140 73.3842
287 2636 59.336
287 3576 68.4714
287 4788 3.17202
288 803 57.6722
288 1129 53.1555
288 2621 63.7871
288 3936 55.1588
289 794 41.6619
289 4560 12.3905
289 4964 83.7307
290 738 61.1484
290 1441 46.0273
290 4343 17.6061
290 4511 55.4637
290 5074 27.066
291 3558 43.9154
291 3823 58.4204
291 4920 19.1722
291 5325 32.0068
292 3412 124.326
292 3527 66.0656
292 4810 83.8355
292 4967 49.7082
292 5303 26.7048
292 5659 165.755
293 459 22.1414
293 2897 44.0765
293 4382 24.8151
294 3386 62.1104
294 3534 51.8155
294 5334 50.6931
295 888 73.5683
295 3294 66.8672
295 4822 109.179
296 298 34.2171
296 3958 62.532
296 4654 51.0078
296 5259 48.7387
296 5603 49.4477
297 707 77.8759
297 1354 122.926
297 5011 36.584
298 4116 52.8602
298 4654 32.3824
299 1260 73.7196
299 3830 33.3584
299 5441 29.5554
300 2341 131.903
300 2532 63.9076
300 3108 86.4755
301 2065 48.5758
301 2365 72.5431
301 2927 42.0601
301 3035 55.8145
301 5211 118.954
301 5555 53.6541
302 3121 57.71
302 3477 82.1473
302 4260 84.4172
302 4754 115.494
302 5498 7.60676
303 2800 52.9275
303 5214 76.3958
304 3734 106.375
304 4340 89.066
304 4435 83.1725
305 982 58.7007
305 2706 24.9112
305 4357 53.7766
306 2109 59.9477
306 2151 81.8677
306 3608 55.3454
306 4149 85.7121
307 354 64.9614
307 948 73.6386
307 2935 33.124
308 992 80.1016
308 1049 36.5881
308 4882 26.9666
308 3386 46.5432
309 1148 29.7729
309 2428 42.7047
309 3825 108.039
309 4047 22.7749
310 817 33.0402
310 1372 58.3685
310 3052 122.918
310 4142 9.08015
311 634 40.542
311 1023 75.0764
311 3756 78.7733
311 4015 66.398
312 1341 59.1271
312 1992 65.9914
312 3843 52.1959
313 1117 65.1211
313 2045 67.0949
313 3860 24.8762
313 5482 43.3984
314 1390 54.2764
314 3317 23.3582
315 791 71.2526
315 4238 28.2937
316 491 47.8196
316 1712 29.4338
316 1817 69.6216
316 3642 82.9099
317 1282 81.2886
317 4172 70.0492
317 5174 60.8857
318 500 52.57
318 877 68.5894
318 5630 29.5247
319 1293 40.9105
319 1803 23.6984
319 2914 67.1798
319 4835 22.8966
319 5363 65.6891
320 2710 53.472
320 3031 61.579
320 4108 65.2743
321 921 29.3053
321 1973 97.4506
321 4415 78.5129
321 4569 57.7185
322 869 81.7139
322 2056 170.442
322 3847 109.033
323 656 57.4245
323 966 131.335
323 5035 89.769
324 1015 82.1308
324 3051 18.459
324 4307 55.0901
325 1162 61.022
325 2325 74.4642
325 2606 102.342
326 1126 21.9602
326 4156 113.367
326 5339 75.1903
327 2523 42.9747
327 3306 123.598
327 3375 106.617
328 1840 76.7514
328 2002 58.4818
328 2694 48.5347
328 2811 47.0902
328 4697 54.7801
328 4861 24.063
329 927 80.0167
329 1370 96.7924
329 2630 39.7399
330 1834 6.41687
330 2456 5.16383
330 4725 101.959
331 419 103.251
331 725 21.2005
331 957 63.3725
331 1047 104.165
332 1439 32.5644
332 1472 38.4316
332 2669 43.0177
332 4165 43.2068
333 754 49.5078
333 1106 69.6933
333 2403 86.3085
334 3216 59.5274
334 3288 101.836
334 3881 55.8623
335 1065 37.9298
335 1779 64.9842
335 5246 13.8472
336 1716 20.1157
336 3316 64.9724
336 4145 39.6188
336 4334 43.3827
337 1091 41.5437
337 3898 77.7023
338 826 84.214
338 1879 66.3732
338 2683 21.9575
338 2956 92.6787
339 816 63.2752
339 2872 17.8158
339 4120 69.1422
340 1804 28.1511
340 2747 80.771
340 3547 59.4898
340 5436 61.0586
341 708 25.5846
341 1134 25.3146
341 3830 45.1901
341 4406 26.2085
342 4067 37.5013
342 5207 52.5449
342 5359 51.0038
343 510 32.9408
343 2114 46.3812
343 2916 83.6935
344 1223 55.8398
344 2658 49.7812
344 3315 72.0579
345 1168 38.5413
345 2816 8.31252
345 5070 63.0927
346 905 40.1311
346 2752 39.1064
346 2907 86.9389
347 1566 33.6483
347 1661 77.5162
347 3172 27.9378
348 897 55.8996
348 1240 42.0311
348 1478 38.6051
348 3623 34.32
348 3877 82.6658
349 788 67.2681
349 986 38.6005
349 3182 44.1659
349 5114 21.46
350 610 74.1097
350 4180 89.6622
350 5637 48.3779
351 1140 42.7167
351 1686 54.1354
351 2102 22.6555
351 3305 26.6599
352 1013 23.0847
352 2185 45.6617
352 3439 63.3301
353 517 67.6476
353 3502 110.378
353 3964 53.9033
354 1411 74.9286
355 643 51.0652
355 3908 74.8067
355 4538 67.895
356 627 82.0588
356 3366 22.259
356 3448 61.0003
356 4393 44.2287
357 1610 21.3268
357 2443 62.4116
357 5356 57.4473
358 938 93.027
358 2962 45.3874
358 3059 53.3678
359 3573 143.948
359 3890 109.854
359 4455 94.1795
360 773 59.0808
360 1010 32.7458
360 1408 40.8544
360 4605 41.0168
360 5178 1.37033
361 2682 65.6974
361 3487 76.3368
361 5209 12.778
361 5408 63.6437
362 1293 53.7855
362 2329 71.7121
362 3923 33.8267
363 1077 43.8567
363 1644 71.0234
363 2545 41.7118
363 3370 34.5774
364 2671 44.7229
364 3292 50.9516
364 4024 70.3587
364 4718 98.5713
365 824 60.3002
365 3004 57.3509
365 4829 72.3859
366 946 48.3175
366 3163 13.4814
366 3261 48.2312
366 5146 65.7468
366 5551 50.9886
367 2828 21.7495
367 3560 28.8816
367 5070 76.7006
368 1338 25.2121
368 1651 82.3267
368 1979 16.3878
369 4938 39.7718
369 5181 52.7846
369 5366 55.9658
370 823 19.0655
370 1510 131.312
370 2758 71.7108
370 4912 71.5187
371 3026 66.9691
371 4859 22.2511
371 5107 67.4153
372 1383 45.8105
372 4066 46.8253
372 4091 42.1551
373 1592 48.9625
373 2163 64.4518
373 4762 99.8036
374 1681 76.0698
374 3951 56.0053
374 4050 53.0521
374 4852 79.9945
375 1483 21.2356
375 2418 36.5957
375 3000 20.57
375 3610 92.2591
375 4071 23.6756
376 1565 45.5505
376 1745 16.5179
376 3212 113.933
376 5533 93.057
377 2978 56.9012
377 3118 57.7293
377 4509 57.8544
378 1725 33.5166
378 1920 55.6134
378 2554 70.7035
378 5283 71.3857
379 624 81.1603
379 728 121.498
379 2861 94.3645
380 2004 66.4899
380 2543 64.407
380 3310 65.1754
381 4556 24.5575
381 4894 37.0834
381 1058 54.5318
382 787 50.344
382 2716 35.0669
382 5117 56.1594
383 552 76.2535
383 2885 43.9461
383 4301 34.2778
383 5147 69.9701
384 760 12.9059
384 3311 12.243
384 3532 24.7603
385 664 64.2332
385 1605 60.5481
385 2136 91.4892
385 4237 38.1412
386 1065 39.4945
386 1779 65.5868
386 2718 54.0189
386 4730 39.1638
387 477 32.7004
387 2424 47.5329
388 2450 63.4802
388 3921 81.6831
389 1276 23.8804
389 2801 97.7385
389 4292 93.2571
389 4417 29.1827
389 5100 62.2926
390 1481 44.706
390 1767 42.5635
390 3013 93.0029
390 3773 73.9802
391 405 48.427
391 820 31.2146
391 2191 65.161
391 5349 62.7212
391 5394 65.0224
392 659 86.0372
392 2776 96.6068
392 3483 90.0354
393 656 121.711
393 966 152.89
393 1305 137.728
394 1158 30.0696
394 1556 40.8363
394 5411 66.7214
395 1846 38.9723
395 3091 4.72852
395 4965 24.359
396 601 65.2753
396 2392 54.5197
396 3672 59.7808
397 1574 82.1432
397 2197 48.7419
397 2704 74.2272
397 4599 49.937
397 5401 15.2326
398 1039 29.3184
398 1596 36.9194
398 2151 56.452
399 980 46.0137
399 4503 62.1123
400 4727 56.8477
400 5157 60.5486
401 1348 56.3302
401 2149 118.054
401 4985 8.0931
402 1531 44.2484
402 3915 34.8865
402 4936 91.0249
402 4979 62.4354
403 974 40.9783
403 2317 11.0631
403 2819 39.3685
403 2980 46.5961
403 3045 44.717
403 4565 51.9992
404 3348 68.7209
404 4856 35.9823
404 5100 26.8165
405 820 39.831
405 1098 32.0165
405 4410 92.8885
406 520 70.8662
406 1126 159.929
406 1165 90.0185
406 3429 131.969
406 4685 61.0961
407 1270 33.0738
407 2276 19.4165
407 4549 38.808
408 1179 83.0538
408 1643 71.8796
408 2896 35.6478
409 1342 61.266
409 4439 92.1655
409 5380 98.5071
410 2124 60.9656
410 2348 51.3953
410 3247 6.50428
410 4325 52.5242
411 1660 116.3
411 1871 61.2253
411 2096 28.1
411 4375 100.571
411 5190 67.9581
412 634 92.2397
412 1403 101.83
412 3756 39.5011
413 673 44.9112
413 1888 98.8684
413 5134 78.5435
414 2021 32.5319
414 2562 37.896
414 3127 22.1684
414 5556 37.7665
415 1087 2.56987
415 1635 60.1999
415 2939 61.1791
415 2968 68.3044
416 2442 26.6183
416 3179 16.9414
416 4027 10.0063
417 619 154.932
417 3349 119.452
417 3444 45.0272
417 4052 71.7716
418 2039 56.2943
418 3632 25.9779
418 4166 37.0641
418 4858 72.9764
419 957 103.937
419 1047 81.2601
419 2826 90.6391
420 2544 80.2918
420 2951 40.65
420 5388 47.7545
421 1098 80.3942
421 3456 57.718
421 4811 72.765
422 1186 51.8694
422 2520 73.7152
422 3575 96.0035
422 4419 38.784
423 1085 87.4242
423 3613 82.7428
423 3733 73.3688
424 956 30.8003
424 2067 112.028
424 3751 95.5957
425 1607 31.8128
425 2644 43.3682
425 3070 36.9801
426 2534 126.703
426 3054 74.7815
427 2433 82.8446
427 4248 8.91327
428 4427 45.0032
428 4779 61.5607
428 5478 43.4684
428 5494 48.9236
429 745 54.7984
429 1118 54.0067
429 3999 64.2804
430 2198 113.478
430 4079 158.078
430 4403 65.9237
431 437 81.301
431 1221 33.6988
431 1794 95.0592
431 2427 122.982
431 4351 70.7097
431 5491 44.758
432 781 13.4356
432 2295 57.4386
432 2352 59.8058
432 2766 31.0141
433 2916 98.8474
433 3046 39.0374
433 4014 16.0137
434 1112 51.0752
434 2245 49.8144
434 3408 60.029
434 5031 104.779
434 5651 9.38761
435 611 15.5674
435 730 54.4564
435 1544 60.1151
436 1882 52.8185
436 3489 69.5426
436 4642 30.2043
436 5163 56.3231
436 5292 66.9824
437 1221 133.416
437 1794 38.2846
438 1058 66.5272
438 2265 35.0231
439 1024 38.326
439 5144 54.079
440 1922 92.2473
440 3403 48.9759
440 5443 116.024
441 535 65.088
441 1050 37.3835
441 3233 45.5262
442 1443 45.6529
442 3958 79.3774
442 5259 47.4174
443 796 48.4367
443 2831 70.3634
443 3086 80.6057
443 3453 16.0491
444 664 73.0832
444 3312 70.6182
445 914 43.5374
445 1270 65.9251
445 2008 58.0584
446 507 38.2033
446 4868 62.3766
446 5423 57.4934
447 3511 71.4914
447 3516 54.7684
447 3687 60.3967
447 4061 21.9525
447 5089 45.4559
448 2963 37.6241
448 3113 35.6804
448 3480 37.692
448 5187 95.5099
449 1655 20.03
449 4307 11.6505
449 4805 31.6416
450 1382 57.8203
450 1590 22.0791
450 1852 70.3443
451 1233 20.4347
451 3922 29.8449
451 4320 48.5155
451 4321 38.8677
451 4693 60.7478
452 1334 46.9777
452 3505 45.9745
452 3659 17.3149
453 2036 66.6802
453 3781 56.4842
453 4926 101.04
453 5251 103.628
454 923 61.6543
454 2559 67.5624
454 4349 34.5323
455 701 56.0013
455 1141 70.0942
455 2518 57.793
455 5087 48.9892
455 5346 44.6722
456 2632 52.1828
456 2948 34.5125
456 4479 42.0751
457 2540 14.2565
457 2982 50.108
457 3762 89.5741
458 1755 77.5069
458 3209 21.2904
458 5134 91.1395
459 2897 57.21
459 4382 58.1531
460 1100 102.76
460 1481 46.481
460 1700 50.7872
460 3811 66.7522
460 4952 66.1993
461 1192 70.7865
461 3959 67.3175
461 4466 57.6553
461 5233 12.6358
462 1810 68.7148
462 2335 104.493
462 2941 84.1227
462 4164 63.175
463 560 96.3323
463 1203 56.638
463 2480 73.3297
463 3120 33.5468
463 3450 37.0932
463 4400 61.4443
464 1763 66.0964
464 2998 30.4316
464 4400 73.4983
465 798 100.392
465 2278 60.9228
465 3228 32.5951
465 3842 111.707
466 4536 123.9
466 4711 66.7083
466 5228 69.2399
467 1075 84.875
467 2130 37.5592
467 5672 18.0337
468 748 68.7231
468 4931 48.7192
468 5347 35.0508
469 1579 55.3857
469 2219 63.7006
469 3065 80.3016
470 1106 78.4761
470 5661 53.1436
471 1084 110.135
471 1475 11.3179
471 3352 117.221
471 3920 62.5263
472 973 99.6822
472 2450 63.6698
472 3921 42.6112
472 4875 37.0232
473 1555 80.1893
473 1668 69.5067
473 4649 33.1029
473 3064 47.4617
474 1218 65.5453
474 4043 25.1474
474 4176 82.4571
474 4873 68.1399
475 564 63.6165
475 1823 60.4023
475 1855 96.2876
475 3353 56.0404
476 2579 66.882
476 2988 64.349
476 3457 83.1499
477 1239 81.3711
478 868 20.1429
478 2564 118.856
478 4122 117.268
478 4552 128.253
478 5055 68.3973
479 2047 40.6262
479 4213 33.9472
479 4460 92.0436
479 4949 68.5953
480 491 112.081
480 3642 80.2728
480 4132 10.7695
481 1129 99.0761
481 4871 65.7475
481 5019 118.607
481 5565 31.8206
482 1858 28.7124
482 2137 68.3209
482 2400 113.024
482 4108 47.5517
482 5549 12.7161
483 1245 100.909
483 1572 26.5736
483 2405 49.62
483 3192 66.5105
483 4545 100.751
484 1243 51.9885
484 4009 84.1416
484 4363 84.8741
485 1914 33.6607
485 3515 85.2596
485 4008 68.7651
486 2737 47.7945
486 4398 34.8379
486 5305 10.8855
487 760 46.7926
487 3532 59.3637
487 3792 55.6328
487 4921 41.6225
488 1411 8.66389
488 4831 97.9268
488 4973 20.2964
488 5449 74.0637
489 1700 42.0865
489 3773 37.854
489 3811 23.0882
490 516 34.2934
490 721 32.4991
490 1877 55.3843
490 2312 54.7536
490 3431 53.5649
491 1712 48.5457
491 1817 26.7745
491 3008 84.5056
491 3407 61.4988
491 3642 105.672
491 4132 120.231
492 1549 32.8302
492 2089 38.3499
492 5444 55.8345
493 525 32.932
493 2367 108.902
493 3147 25.8815
494 1209 102.2
494 3198 117.449
494 3460 33.7534
495 1412 95.1055
495 2023 40.8529
495 3458 85.3229
496 512 60.4661
496 1161 37.762
496 1559 64.5326
496 5033 86.7024
496 5152 85.6224
497 930 133.014
497 1256 143.437
497 4926 29.6105
498 2884 68.1417
498 3488 37.2206
498 3757 23.8152
499 1116 16.8011
499 1975 61.3282
499 2105 13.642
499 2757 42.1973
499 3227 77.0164
500 783 68.2352
500 886 79.0508
500 4557 41.0673
500 5630 117.497
501 1500 68.9232
501 3710 66.0627
502 1030 110.255
502 1692 42.3521
502 1899 27.1096
502 4384 74.4882
503 2707 49.1829
503 4350 90.7888
503 5240 7.54155
504 1279 104.795
504 1682 87.9787
504 1827 114.385
505 830 46.7943
505 865 164.794
505 1391 63.4524
505 2489 52.6794
505 2862 62.2771
505 4748 91.3138
506 2468 115.71
506 3040 23.1139
506 3926 116.729
507 4868 101.708
507 5423 40.6424
508 1666 36.2066
508 2232 63.3576
508 4910 19.7774
509 2215 48.2544
509 2863 43.0315
509 4200 12.1264
509 4386 39.7908
510 2114 10.4297
510 4373 56.1329
511 1842 18.3702
511 2024 39.6198
511 2293 94.5664
511 4816 68.4179
512 1559 22.6015
512 5093 42.9932
513 742 64.958
513 4464 52.5105
513 4735 40.8112
514 1490 73.8357
514 2242 41.1169
514 2283 37.5346
514 3142 29.6213
515 3040 92.601
515 4354 107.59
516 1877 11.6805
516 3431 98.8069
517 3502 47.14
518 887 39.5251
518 2124 54.7909
518 2348 60.9355
518 3618 27.4783
519 3615 34.6218
519 4205 58.7369
519 5395 81.2065
520 832 41.9704
520 3429 71.0544
520 3441 28.0784
521 1466 75.5695
521 3355 82.1248
521 5008 73.5555
522 1325 74.5652
522 2209 22.1075
522 3422 8.47524
523 2338 2.34379
523 3240 51.7916
523 4299 41.6153
524 2329 78.0615
524 2452 52.5318
524 2470 44.2385
524 2848 57.937
524 5499 94.2753
525 1427 90.5194
525 2411 59.7259
525 3147 24.1533
526 3862 91.9542
526 4448 66.1737
526 4687 63.6474
526 4945 43.382
527 1127 77.4008
527 4891 87.8502
528 919 70.2518
528 1269 17.1585
529 638 91.3059
529 1970 183.387
529 2492 45.0986
529 4676 100.698
529 5398 141.771
530 3120 37.5416
530 5144 69.2373
531 3054 58.7608
531 4092 71.217
531 4596 37.5473
532 974 53.2232
532 1670 10.491
532 1885 40.167
533 880 37.3402
533 970 59.9093
533 2344 49.8754
533 4312 27.5901
533 5553 56.9148
534 884 47.3791
534 2251 67.3644
534 4825 53.8656
534 4932 56.3145
535 1050 107.978
535 4551 78.0582
535 5681 83.2621
536 3789 32.0646
536 4488 18.3411
537 683 59.4113
537 1791 43.7576
537 5438 111.862
538 874 60.4036
538 1963 51.4796
539 1238 93.871
539 3014 47.7539
539 4733 59.3704
540 570 62.3331
540 2502 113.045
540 3302 92.7324
540 5150 58.3405
541 1017 54.6342
541 1312 70.304
541 2765 28.1436
541 3478 62.1763
542 2634 58.6399
542 2967 106.23
542 3372 69.8349
542 5273 30.6533
543 2463 117.489
543 4573 94.4654
543 5384 75.2521
544 1177 50.3067
544 2535 75.6075
544 3703 50.7879
544 4087 48.4823
545 1781 70.5438
545 3600 50.9917
545 5532 73.6573
546 2676 46.614
546 4257 94.853
546 5193 27.1532
547 5017 46.2008
547 5468 19.1014
548 1509 11.9712
548 4813 38.1605
549 655 90.5246
549 890 72.6567
549 4874 28.3977
549 5291 24.6429
549 5542 39.3149
550 1003 79.967
550 1403 41.7576
550 3969 54.8585
551 2040 99.662
551 2506 30.1996
551 2938 77.3903
551 5054 88.9524
551 5440 33.3489
552 2885 29.3297
552 3001 30.7492
552 3119 47.6247
552 4301 31.2587
553 804 55.9955
553 1573 56.5827
553 1867 48.1937
553 4163 89.3171
554 2600 77.8469
554 3509 39.2477
554 4343 50.0759
554 4367 88.0741
555 853 64.1377
555 4472 57.5413
555 5637 106.232
556 596 70.9623
556 1533 62.7961
556 2552 38.7301
556 2773 123.113
557 3060 43.7432
557 3798 62.5646
557 4199 58.648
557 4770 34.0599
558 2341 67.2548
558 3108 88.6374
558 3162 85.3757
558 4927 74.1987
559 1726 84.2173
559 4543 46.3141
559 4823 55.5897
559 5342 35.3864
559 5548 71.1906
560 1203 74.2298
560 2480 54.4617
561 590 53.0021
561 3241 76.1299
561 4540 90.3048
561 4867 79.1688
562 2356 51.9701
562 2886 55.8176
562 5523 49.5185
563 941 85.9546
563 3195 89.5
563 4737 72.748
564 3353 76.0512
565 3273 85.82
565 4065 120.288
565 4573 31.0931
566 3956 99.5599
566 4110 81.5186
567 657 41.5538
567 1826 53.2776
567 2659 89.6733
567 3537 62.087
567 4347 70.5999
567 5177 39.3779
568 2383 91.4971
568 4104 69.4363
569 2516 37.8235
569 3235 43.321
569 3778 29.9938
569 4755 38.5066
570 1123 67.0703
570 3302 33.1215
570 3679 68.2469
570 5150 35.8317
571 695 49.2716
571 2095 22.4784
571 2843 54.7366
572 724 89.29
572 1229 52.6466
572 5038 114.903
573 1304 30.2216
573 2778 50.7629
573 5007 16.7106
573 5527 125.493
574 4204 101.266
574 4686 81.4075
574 4739 76.0876
574 5581 38.3434
575 3555 58.4427
575 5404 62.3249
576 591 39.7653
576 1067 18.6798
576 1913 29.6012
576 3299 39.735
577 2229 42.1658
577 4720 139.469
577 5023 80.4864
578 2385 26.443
578 4516 66.0394
578 5230 77.7076
579 2873 119.897
579 2879 55.2176
579 2903 74.4574
579 4042 54.6481
580 2063 47.1997
580 4389 60.4646
580 4401 69.7634
581 2625 94.5373
581 3385 73.1598
581 4786 23.9942
582 1525 29.7604
582 5160 20.2128
583 4203 45.4767
583 4658 17.9565
584 3041 29.52
584 3326 23.7822
584 3894 23.3974
584 5667 43.2442
585 2875 48.6354
585 4779 31.2331
585 5258 62.1034
585 5276 29.0784
586 1825 33.336
586 1961 40.7195
586 4747 42.5975
586 5262 49.866
586 5362 30.018
587 3303 2.49447
587 5151 42.5394
587 5263 38.559
587 5369 54.6796
588 1217 46.2346
588 1893 59.8785
588 2281 28.9181
588 3794 46.0912
589 615 45.9406
589 1637 41.4232
589 5227 60.1067
590 875 65.8949
590 4187 49.3266
591 1067 16.8581
591 1793 87.3276
591 3299 21.8557
592 1211 60.1749
592 1744 124.455
593 2042 28.6805
593 2098 26.3029
593 5574 67.6546
594 1832 37.1392
594 4160 32.7049
594 4571 17.9423
595 1291 46.9748
595 3935 100.433
595 5302 107.344
595 5489 44.75
596 1533 34.6684
596 3151 92.5585
597 1820 27.5435
597 2805 59.9575
597 4930 46.3539
597 5513 41.2349
598 1914 74.8696
598 4008 79.2886
598 4059 55.7941
599 881 21.3484
599 1357 28.1897
599 3901 70.3001
599 5125 22.5742
600 2058 84.8819
600 3791 40.5146
600 4001 66.0162
601 1255 60.8836
601 3648 56.3324
601 4586 69.831
602 1055 27.6013
602 2547 65.6687
602 2861 70.1741
603 1092 68.5807
603 4337 65.6731
604 3605 56.1039
604 4559 45.2423
604 5171 88.1397
605 2039 25.8577
605 3632 57.2725
605 4858 31.4459
606 3095 40.0158
606 4490 51.9873
607 2147 22.6434
607 2416 148.498
607 5541 96.1041
608 1057 152.645
608 2176 97.1186
608 2844 119.901
608 5297 83.9797
609 3865 32.1364
609 3987 27.0664
609 4998 77.2726
609 5588 19.9528
610 3071 59.8311
610 4180 58.0416
610 5637 73.4235
611 730 22.1618
611 1544 64.3474
612 1889 82.1366
612 2431 59.3199
612 2637 49.3489
612 3523 57.4156
612 4575 59.2434
612 4845 39.3444
612 5332 56.9623
613 2155 58.0844
613 2214 62.7612
613 2968 77.7491
613 4666 69.1057
614 1001 43.7172
614 2416 38.3819
614 3880 56.5005
615 1637 55.2544
615 1691 54.8799
615 5227 16.3617
616 1267 48.3388
616 2134 60.3299
616 3603 94.8217
617 652 57.1176
617 1140 64.75
617 3265 82.431
617 5390 75.106
618 1236 61.9345
618 2323 41.1954
618 4473 56.6451
618 4775 68.5788
619 3444 98.1644
619 3965 156.827
620 2138 42.5635
620 2971 127.386
620 4493 22.953
621 978 59.1755
621 1534 33.2567
621 1891 9.65802
621 4826 38.0183
621 5012 96.4864
622 878 66.8557
622 1583 48.6224
622 5530 42.5156
623 686 23.1311
623 1259 37.4088
623 2840 125.862
623 2868 59.4216
623 4161 95.4587
624 3794 90.1392
624 5559 88.9935
624 4810 72.0918
625 3843 72.4158
625 5317 28.4643
626 700 106.892
626 2488 65.2539
626 5597 21.2371
626 5654 62.5427
627 3366 96.3819
627 3963 44.0943
628 937 37.9846
628 1831 47.4716
628 2006 62.7584
628 3531 49.7343
629 1207 62.8112
629 1213 72.3301
629 5578 30.2212
630 1185 16.7292
630 2469 59.2656
630 2915 81.7042
630 4380 69.9462
631 705 98.3021
631 1967 89.5068
631 1980 65.2162
631 2165 51.7014
631 4051 69.6498
632 3376 30.9909
632 4068 67.117
632 4906 13.8606
633 3420 87.0034
633 5313 45.1813
633 5315 36.3305
634 3756 44.2903
635 1652 36.2374
635 2954 79.722
635 5331 65.6078
636 3073 69.5769
636 4523 63.0078
636 5454 17.8925
637 1510 42.1334
637 3790 58.4502
637 5335 48.1363
638 1970 49.2832
638 3536 77.4515
639 2982 107.067
639 3747 48.5732
639 5589 26.4067
640 1464 75.5328
640 1570 70.6569
640 2624 58.6023
641 1213 86.6344
641 1702 60.129
641 2310 25.5781
641 3087 53.7303
642 1398 77.8965
642 2695 44.8544
642 3143 60.531
642 3799 47.5549
642 4588 89.5261
642 4960 35.3195
643 4249 18.1796
643 4538 47.8909
644 863 8.88668
644 1212 104.259
644 1456 82.6721
644 2458 79.4169
644 3115 83.9217
645 1353 7.14305
645 2979 68.5047
645 4558 37.3968
646 3817 138.032
646 5448 55.9572
646 5678 20.5778
647 1943 57.3003
647 2371 47.8797
647 2425 108.431
647 3416 25.9402
648 1800 40.1873
648 2379 20.0759
648 3720 82.8798
648 3948 55.6884
649 2359 84.2578
649 2633 68.1696
649 2745 47.5233
649 3146 32.7647
650 1997 21.0678
650 2066 31.6159
650 3737 51.9387
650 3866 80.8899
651 1675 55.9535
651 1986 67.6107
651 4035 35.1666
652 4134 42.5153
652 4289 46.6635
653 1186 45.6811
653 2394 73.2771
653 5546 29.6265
654 1429 79.6796
654 1838 30.6385
654 5311 48.4489
655 4874 66.1189
655 5291 73.0032
656 966 89.5718
656 1305 61.7053
657 3537 47.9548
657 4191 66.3751
658 2855 40.4228
658 3175 63.2221
658 3892 56.3349
658 4637 76.5703
659 4458 100.169
659 4731 39.2661
660 1491 52.4934
660 4727 82.4717
660 4912 38.354
660 5664 56.3456
661 670 131.221
661 3439 75.1935
661 3545 73.458
662 1949 138.127
662 3970 18.0992
662 4919 91.7328
663 694 43.7948
663 1066 25.4415
663 2646 37.177
663 4857 48.9184
664 2136 65.2907
664 3312 63.1519
664 4237 72.5644
665 3593 27.5866
665 4345 71.8223
665 4757 78.8122
665 5131 115.054
666 1910 58.8451
666 3873 45.9882
666 4276 103.038
667 678 16.5045
667 1324 47.0197
667 4075 58.4008
667 4815 42.0587
668 2267 65.1268
668 4531 75.1766
668 4943 35.7301
669 874 64.7774
669 2737 56.5391
670 2414 117.222
670 2618 86.9538
670 3315 25.7726
670 3545 77.5608
670 4138 24.4063
671 1230 67.4496
671 1253 26.6998
671 2370 30.7805
671 4240 65.9673
671 4625 28.3413
672 1563 114.201
672 2825 35.981
673 833 84.7034
673 3771 83.7721
673 5434 65.9781
674 786 34.0781
674 2782 57.8101
674 5141 86.7756
675 2604 21.1774
675 3748 75.4716
675 4680 97.9995
676 872 108.785
676 2266 91.2099
676 4429 29.2761
677 1156 22.9902
677 2248 20.4296
677 4351 45.5441
677 5491 49.2136
678 736 52.3104
678 1324 40.352
678 4815 50.0187
679 2867 51.6829
679 3057 47.769
679 4362 59.2061
679 5385 9.7761
680 1015 123.913
680 1707 120.777
680 3132 63.5299
680 3296 42.8809
681 3248 60.5861
681 4314 44.6025
681 4704 85.6478
682 3021 66.712
682 3370 34.2495
682 4621 38.1631
683 1791 31.7188
683 1824 80.931
683 2558 84.8555
684 2917 24.2367
684 3570 41.0717
684 3927 80.6319
685 988 51.1105
685 2094 19.4294
685 3250 33.7412
685 4728 126.497
686 1259 14.5587
686 4161 44.2191
687 4025 96.8848
687 4550 37.1086
687 5583 64.2301
688 1971 58.5841
688 4801 28.9308
688 5195 55.0968
688 5534 54.3734
689 931 45.899
689 1184 69.2649
689 1623 36.4419
690 864 40.4544
690 3077 42.3459
690 4496 27.3679
690 5137 73.5025
691 2421 65.357
691 3213 95.3039
691 3775 71.448
691 4583 104.771
692 969 66.9809
692 2605 54.6207
692 4521 57.1339
692 4993 57.4612
693 1397 65.4937
693 1934 50.3362
693 3466 44.6491
693 4467 60.4633
694 2646 41.4933
694 4487 32.1898
694 4857 59.8024
695 2095 34.823
695 2843 74.7376
696 2249 73.7218
696 3671 74.0595
696 5432 9.04743
697 1783 92.0682
697 3188 11.7658
697 3357 25.3131
697 4795 48.9154
697 5046 36.2581
698 1000 80.2012
698 2195 59.5509
698 3025 114.49
699 743 30.6693
699 1999 80.9599
699 2900 80.6962
699 4268 11.9919
700 3130 68.5834
700 5597 105.96
700 5654 34.2152
701 994 83.6349
701 1141 102.947
701 4781 59.2263
702 1996 78.3674
702 3318 94.1242
703 761 44.3127
703 4557 31.6507
703 5221 35.2959
704 1987 30.9859
704 3075 123.971
704 3279 49.4036
704 3834 63.1504
704 4717 12.789
705 2165 80.8542
705 2285 100.272
706 858 53.8683
706 2709 71.491
706 2731 46.0127
706 4202 65.1582
706 5437 46.865
707 2539 85.5004
707 5011 110.749
708 1134 23.6021
708 4406 7.45565
709 2799 48.7769
709 2853 76.9333
709 3567 94.7998
709 4324 18.1445
709 5047 23.5557
710 1224 107.287
710 1349 48.8521
710 3176 65.451
710 5231 33.065
710 5318 62.2421
711 1895 87.2503
711 2166 89.9935
711 2597 79.0409
712 1639 69.7346
712 1753 53.6874
712 2534 67.9574
713 1526 52.9335
713 2315 32.0013
713 5139 50.3912
714 1078 109.626
714 1315 53.0468
714 3285 104.875
715 1606 92.8525
715 1879 146.523
715 4210 124.804
716 974 51.0048
716 1127 28.5841
716 2980 67.3835
716 4348 71.9268
717 938 97.6637
717 2933 25.3532
717 3432 61.3805
718 2513 36.6494
718 2978 90.5497
718 4295 55.1237
719 1159 58.6003
719 3479 63.6139
720 1352 6.60724
720 1532 55.3354
720 2244 40.4197
720 2976 76.4686
721 2312 65.0713
721 3431 36.4686
722 928 108.259
722 975 90.8259
722 5621 33.158
723 2088 41.2403
723 2810 127.895
723 4009 64.4991
723 4185 62.9788
724 1784 23.6032
724 3518 47.3662
724 5038 64.3906
724 5070 82.9215
725 957 87.9502
725 1047 99.8579
726 1139 67.7799
726 3826 35.5804
726 3994 126.149
727 2564 49.3918
727 3022 77.885
727 5055 37.8999
728 2280 99.2441
728 4475 128.413
729 1907 15.3638
729 2201 61.8882
729 3636 48.7391
730 749 50.1434
731 1485 63.4519
731 2081 99.3998
731 5066 67.2725
732 3820 50.279
732 4660 86.8614
732 5548 64.0204
733 875 50.939
733 2491 34.8294
733 3955 46.6605
733 4147 34.3123
733 4187 59.6077
734 1034 51.9263
734 1904 55.2321
734 2581 25.7874
735 1212 94.4504
735 1982 60.3666
735 2767 101.885
736 1929 68.9814
736 4815 45.4499
737 1348 43.1727
737 2003 37.1702
737 3104 57.5723
738 4511 50.1614
738 5048 72.7003
738 5074 34.5783
739 2072 62.5792
739 4214 47.1878
739 4218 7.14169
740 3006 1.92062
740 4334 50.5825
740 5029 81.9793
741 1369 89.8147
741 2348 18.5099
741 3247 36.9308
741 4325 8.84486
742 4072 94.0976
742 4464 59.4053
743 934 105.615
743 2888 79.6914
743 4268 46.2524
744 2230 82.3461
744 2401 72.0776
744 4663 72.6901
745 1118 35.6351
745 2466 93.1226
745 2616 68.7758
745 3654 7.6498
745 3999 36.5169
745 5158 97.5608
746 1287 63.9672
746 2936 71.2868
746 3189 34.6519
746 3283 77.5021
747 2310 45.798
747 3087 42.8157
747 4300 55.8473
748 2444 100.161
748 4740 137.528
748 5522 29.4363
749 3797 49.2121
749 5614 77.6077
750 1239 65.09
750 1473 74.4744
750 5622 31.5549
751 916 41.1303
751 983 93.7852
751 1153 33.0074
751 2724 71.5348
752 2869 61.9303
752 3554 47.6717
752 4338 51.619
753 759 43.0675
753 1711 82.2688
753 3988 52.3941
753 4908 36.3284
754 2858 79.3411
754 5060 107.752
755 1425 35.7864
755 1788 12.0177
755 4558 91.3298
756 943 110.561
756 1314 34.7715
756 3446 71.3921
756 4056 41.3704
757 779 32.5516
757 4854 46.4128
757 5354 84.6951
758 2414 128.91
758 2618 66.0971
758 2620 88.302
758 3459 104.419
759 1775 43.4205
759 3988 78.9054
759 4908 18.9431
759 5280 72.2295
760 3311 15.9506
760 3532 14.3082
760 4422 73.5203
761 844 92.5694
761 4557 70.3026
761 5221 35.5264
762 1356 54.7657
762 1442 86.8025
762 3666 90.6415
763 815 91.9714
763 866 55.3007
763 1235 40.7439
764 2378 74.9405
764 4899 49.1821
764 4955 45.6898
764 5642 24.855
765 984 39.2571
765 3677 40.3321
765 5476 40.8523
766 3947 98.8868
766 5057 29.4747
767 1539 25.9428
767 3583 20.9422
768 1075 81.4767
768 2130 73.2432
768 2314 83.2703
768 5394 93.1518
768 5672 90.8219
769 3167 55.3805
769 3565 23.3466
769 4945 58.3395
769 5367 23.1682
770 1083 72.414
770 1988 75.6503
770 5131 64.5619
771 867 31.1874
771 1210 108.359
771 3100 126.663
771 3588 29.2078
772 2944 97.4619
772 3459 60.4666
772 5602 46.8335
773 1512 61.726
773 4605 24.0534
774 2014 98.9845
774 3329 55.3783
774 4046 58.8275
775 780 53.1399
775 2689 52.6066
775 3414 52.1494
775 4164 75.5971
776 1381 64.091
776 1402 14.0627
776 2771 66.1692
776 4233 69.8723
777 1690 50.45
777 2674 100.424
777 4544 87.2794
778 2802 55.3609
778 3616 72.2853
778 4876 48.5097
779 5354 29.2738
779 5671 61.542
780 2409 57.6447
780 3424 50.0651
781 2295 48.7934
781 2766 30.186
781 3389 90.2306
781 5316 118.761
782 2093 60.5861
782 3736 50.0538
782 4040 88.2625
782 4091 65.5163
783 886 18.6069
783 1715 44.4515
783 4348 85.243
784 1368 67.8651
784 2378 30.0543
784 4899 44.4227
785 2319 36.3916
785 3428 37.5833
785 3432 56.8143
785 3995 68.2962
785 4947 70.2981
786 2782 41.7531
786 4141 52.0185
786 5663 46.5932
787 2716 35.6364
787 5456 36.5334
788 986 31.7646
788 1393 42.0275
788 2108 4.06226
788 2795 40.3245
788 4459 125.851
789 4778 56.8278
789 4963 60.351
789 5059 86.1872
789 5653 59.6808
790 2686 40.3629
790 2993 58.3381
790 3079 71.8452
791 3663 80.1658
791 4238 80.3128
792 1643 71.4393
792 5323 81.5832
793 1133 59.3562
793 3233 63.2795
793 3521 2.07975
793 5021 9.79492
794 2567 45.245
794 4560 53.8731
794 5153 106.383
795 2803 21.9282
795 3116 79.2345
795 4744 18.0525
796 3086 81.0138
796 3453 105.746
796 5568 91.9403
797 1679 88.1712
797 1942 69.4592
797 3148 42.1862
797 4420 70.0595
798 1492 71.6095
799 1606 54.4795
799 4847 106.786
800 2697 60.1617
800 2992 102.14
801 807 32.0552
801 5552 66.8357
802 1109 95.9479
802 2764 27.8631
802 3107 46.7115
803 1228 120.722
803 2621 53.9487
803 3613 108.595
803 3936 52.3999
803 4128 73.051
804 1573 31.2505
804 1867 17.2277
804 2923 78.2546
804 3463 70.6786
805 1638 40.6758
805 2744 60.8516
805 5270 74.0622
806 3093 114.143
806 3401 72.701
806 5406 110.898
807 1258 75.6815
807 2305 68.1157
807 5552 35.8793
808 1794 82.9666
808 3828 82.0804
808 4285 80.1956
808 5459 62.6455
809 895 60.1304
809 4683 88.7912
809 5192 40.345
810 1376 46.4555
810 4390 59.7296
811 1380 48.5374
811 1936 16.1875
811 2411 49.4017
811 3810 37.1989
811 4195 81.716
812 1550 47.6247
812 2627 13.0346
812 3871 48.4464
812 4221 83.6926
812 4353 55.8621
813 2116 20.3299
813 2957 21.0013
813 3221 49.8923
813 4012 10.7879
814 1641 53.3941
814 2274 8.41198
814 3664 108.791
815 866 29.3603
816 2484 50.0436
816 2872 31.6559
816 4526 55.8272
817 872 70.4915
817 1372 29.6454
817 4142 39.1379
818 831 49.2457
818 991 34.544
818 2175 76.6355
818 2253 43.2829
818 5497 62.925
819 1438 29.0188
819 4942 24.0528
819 5490 32.1833
819 5535 12.7415
820 1098 35.6643
820 1815 46.3839
820 3456 63.5098
821 1143 64.3422
821 3062 15.3083
821 5377 80.236
822 1332 52.0065
822 1599 30.7438
822 2610 85.1178
822 5043 41.0999
823 1510 65.8831
823 4912 74.3454
824 1005 46.1804
824 1205 23.2253
824 3004 39.2095
825 1483 74.4936
825 2250 76.0979
825 3398 46.3002
825 4071 70.3474
826 1426 39.3352
826 1462 58.0327
826 2683 78.7696
826 2956 74.0487
827 986 66.6034
827 2517 68.5707
827 4459 69.6886
828 847 108.16
828 2166 117.998
828 5101 97.377
829 1542 45.3028
829 1839 35.4273
829 4902 79.206
830 1391 36.1779
830 2862 43.2716
831 3236 32.546
831 5497 11.5414
832 3441 69.1159
832 5640 131.008
833 3726 145.924
833 3771 38.6049
833 5434 32.0845
834 1128 59.6377
834 2794 41.2664
834 2940 105.088
834 3419 85.0282
834 4623 51.6991
835 2507 73.298
835 2729 75.6867
835 2798 23.0741
836 1630 47.1835
836 2342 54.1699
836 2511 64.9597
836 3049 35.7749
836 4527 46.5629
836 5110 30.6428
837 1022 38.0675
837 1061 63.1023
837 3078 75.2803
838 1090 44.5596
838 3525 42.0132
838 3548 78.8564
839 2112 51.9912
839 3918 48.0747
839 3929 55.8907
840 2346 33.9475
840 2521 62.3975
840 5451 31.516
841 1617 130.533
841 2189 51.682
841 2696 89.7739
842 940 73.3493
842 2584 25.2173
842 3079 110.029
843 1002 90.155
843 3185 86.9621
843 4763 48.9499
844 2126 43.3032
844 3169 51.5593
845 4813 63.861
846 2137 52.2767
846 3461 82.8099
846 4705 92.5045
847 1498 55.1836
847 1558 20.0898
847 2389 44.0795
847 3304 34.787
847 5101 47.4788
848 2086 56.4767
848 4057 27.918
848 5274 21.6927
848 5321 32.5794
849 1690 90.9568
849 4358 41.4136
849 4544 58.951
850 2904 77.6349
850 3481 43.6197
851 2199 85.4557
851 2924 71.503
851 4582 45.497
851 4634 65.371
852 1195 57.4424
852 1368 33.5975
852 4689 48.3603
852 4791 73.9282
852 4800 62.0688
853 4472 16.4443
854 3722 96.6632
854 4695 70.4129
854 5040 83.6904
855 1344 63.2593
855 1796 41.6909
855 2876 27.6382
855 4335 41.4499
855 4692 31.9916
856 1099 41.8026
856 1379 12.8917
856 3461 36.9805
856 4637 46.4145
857 1231 54.7755
857 1266 79.9494
857 3494 86.5954
857 3723 39.0765
858 2709 59.1193
858 4202 124.822
858 5078 90.0157
859 2409 174.895
859 3855 171.182
859 5487 39.0725
860 2573 78.6803
860 3144 104.296
860 3708 55.4935
860 5161 64.8696
861 3831 49.199
861 4146 44.7191
861 5097 44.6945
862 1419 14.5424
862 4208 70.2921
862 5521 73.7302
863 1212 65.2281
863 3115 62.205
864 3077 14.3712
864 4496 56.9472
864 4774 100.299
864 5137 59.4128
865 2489 51.9671
865 4748 25.0187
866 1235 118.281
867 3588 17.4252
867 5648 66.1406
868 2564 78.9257
868 5055 65.3064
869 3847 69.9156
870 2753 34.9425
870 3029 75.4053
870 3088 60.4933
870 3952 33.3712
871 2433 82.8281
871 4674 34.3458
871 4776 40.3174
872 2123 64.6051
872 2266 45.4118
872 4429 54.8146
873 1196 73.9587
873 2100 68.2249
873 2772 106.639
873 3962 47.4093
875 3955 40.1552
875 4187 9.23042
876 1722 51.925
876 2582 40.6349
876 3768 63.1173
877 904 85.4832
877 5630 34.7908
878 1583 17.1986
878 4155 59.2362
878 5530 10.8008
879 1163 121.559
879 1883 27.5856
879 2075 22.3827
879 2760 85.2667
879 4124 75.6235
880 937 54.4903
880 970 62.8588
880 4312 13.5492
881 1357 48.2425
881 4893 58.4656
881 5125 35.2167
882 1873 127.739
882 3443 79.7964
882 5338 7.68153
883 2112 76.1166
883 4201 90.0388
883 4721 80.7285
884 4932 61.6601
884 5400 68.359
885 1526 58.3056
885 5139 36.0572
885 5162 15.1064
886 1715 36.08
887 3618 4.36727
887 4083 68.1718
887 5425 75.4439
888 3584 69.5282
888 5410 62.1471
889 1446 38.474
889 1698 72.385
889 2011 38.9653
889 2981 26.9741
889 4172 60.3281
890 1658 85.4782
890 5291 65.2921
891 1181 49.4392
891 1420 90.268
891 4017 29.9073
891 5030 24.4152
892 1216 17.8858
892 1845 3.56056
892 3635 28.2088
893 1063 68.322
893 1705 53.8145
893 3344 80.9575
893 4235 51.8679
893 5601 35.1625
894 1976 117.384
894 1978 96.909
894 5117 76.5911
894 5306 60.9788
894 5533 55.0493
895 1434 52.3329
895 1771 60.1454
895 1789 28.9144
895 5192 48.5394
896 2502 9.66609
896 2966 69.4937
896 5020 69.5552
897 1240 33.2077
897 1497 64.611
897 3623 47.3654
897 4982 83.0004
898 4114 81.9492
898 4692 50.5994
898 5558 70.1084
899 2268 24.7065
899 5123 12.1178
899 5184 65.2952
900 3083 34.3671
900 3628 20.1694
900 4987 63.5777
901 1694 24.3639
901 5005 44.9303
901 5506 32.5477
902 1457 49.3048
902 2459 125.494
902 4204 50.5107
902 5298 49.8006
903 1010 34.5094
903 1408 55.0288
903 5151 74.0448
904 1926 63.1621
904 2252 51.0327
904 3866 68.2236
905 5298 43.6932
906 3954 21.1321
906 4501 27.7627
906 4975 67.2846
906 5261 44.382
907 2054 39.5972
907 3080 70.3437
907 3688 37.7958
907 4903 47.6973
908 2503 76.1439
908 3214 114.653
908 4209 74.6587
909 1181 98.976
909 1420 65.6207
909 4841 48.3333
910 3194 60.7593
910 4516 46.2163
910 5230 29.8558
910 5656 26.1069
911 2175 70.4497
911 3225 44.7787
911 3443 43.6159
912 2325 71.0266
912 3182 15.9251
912 5193 66.3666
913 2615 66.5638
913 3614 37.8448
913 3938 47.9347
914 2008 41.0813
914 3704 41.7118
914 5226 35.2305
915 2028 69.6625
915 3103 63.8466
916 983 63.468
916 1153 21.8936
916 4404 53.3682
917 1284 40.5083
917 2457 59.2589
917 2934 81.1484
917 5223 52.6613
918 949 54.0972
918 2975 28.6676
918 3682 10.5008
918 4753 67.1809
918 4966 35.1983
919 3891 29.1832
919 4477 47.834
919 4910 95.4357
920 1281 47.6019
920 2905 48.0625
920 4541 24.8689
920 4714 65.0606
921 1018 78.1051
921 1973 75.8201
921 2440 85.7424
922 1028 57.7659
922 3208 61.31
922 4369 80.5078
923 2559 122.514
923 2626 68.4493
923 4349 17.2872
924 936 43.6641
924 5250 96.592
924 5426 56.1609
925 1924 70.8142
925 2426 69.8545
925 3100 48.6497
926 1004 95.3289
926 1336 43.7327
926 4513 116.485
927 1370 83.9372
927 2413 49.1068
927 2630 53.7443
927 3403 58.1542
928 975 69.1981
928 1504 42.4191
928 3571 18.6406
929 1731 49.8137
929 1998 71.3539
929 4773 62.0155
930 1256 18.636
930 3944 61.3757
930 4933 59.3321
931 1077 19.432
931 2005 40.1089
932 1514 66.1664
932 1960 48.3895
932 2275 52.3349
933 1467 67.8532
933 3338 48.8938
933 3913 74.2271
934 2888 64.8756
934 5596 34.338
935 1086 52.4208
935 1937 103.201
935 2025 17.7058
935 2061 35.2172
936 5250 38.0854
936 5426 73.5262
937 1831 74.5616
937 2083 72.914
938 1037 70.2368
938 2933 63.288
939 1990 50.3018
939 2892 78.508
939 4700 23.3249
939 5354 73.2715
940 2584 81.8009
940 2985 52.5523
941 3195 29.2586
941 3761 41.4232
941 4504 74.7451
942 2015 46.8624
942 3484 34.1728
942 4756 45.3435
942 5060 91.9816
943 1314 63.887
943 4495 119.033
944 5138 57.2124
944 5495 20.6932
944 5519 63.5362
945 2077 96.6016
945 2864 59.5007
945 4022 55.9742
946 2090 57.0922
946 3163 35.0955
946 3261 77.2621
947 2528 61.5649
947 3105 31.1932
947 3469 40.4899
947 3611 38.1603
947 5521 50.8773
948 2935 44.9612
948 3682 69.7073
948 4966 42.4445
949 2784 99.4555
949 3682 37.8057
949 4753 14.3883
950 1222 26.6686
950 1235 64.5648
950 3023 98.0228
950 3630 101.516
950 5309 61.5847
951 4119 16.3917
951 4855 18.8854
951 5351 85.5928
952 1605 96.2148
952 1673 49.2912
952 2984 32.7461
952 3844 53.651
953 1847 81.9952
953 2675 47.5606
953 4505 92.1868
953 4601 80.8703
953 4670 37.457
954 1812 73.4422
954 4387 67.1385
954 4759 75.1177
955 2987 25.1192
955 4667 68.3893
955 4765 26.8616
956 2067 57.3534
956 3751 65.8006
957 1166 74.482
957 2439 50.6148
957 5124 66.7764
958 1435 64.8681
958 4294 50.4505
958 5674 18.9816
959 1346 101.717
959 1589 64.0055
959 3160 79.0192
959 4780 90.2054
959 5666 46.2512
960 1160 83.2039
960 1924 95.0235
960 5648 75.7306
961 1346 135.914
961 1512 100.105
961 4827 108.81
961 5666 136.319
962 1323 55.7433
962 3423 34.6152
962 4412 56.2501
963 1538 65.1624
963 2044 58.3771
963 2932 117.811
963 3541 44.0776
964 1201 51.4801
964 1350 73.1507
964 2302 10.5595
964 3841 72.4507
964 4950 43.5858
965 1492 133.181
965 1503 20.4609
965 3484 51.1129
965 3883 21.0818
965 4456 52.523
965 4756 53.1545
966 1768 83.3671
967 1741 77.637
967 1742 68.5455
967 3397 72.818
967 3660 55.3556
967 3928 95.5271
968 1423 72.9104
968 1427 96.6612
968 2525 48.4713
968 4518 47.5341
968 4850 69.4957
969 2602 94.6783
969 2605 56.8021
969 2739 86.2964
969 4993 27.3861
970 1113 44.4986
970 3839 19.964
970 4312 36.7064
971 1499 93.4028
971 4413 63.9191
972 2660 42.4552
972 3968 11.9228
972 5327 11.7277
973 3094 76.6341
973 4875 81.0851
974 1670 48.4378
974 1885 69.8277
974 2317 40.5228
974 2980 42.0607
975 3185 119.184
975 3571 57.7921
975 5155 71.4766
976 1265 64.219
976 5454 94.3164
976 5636 105.767
977 1271 52.3145
977 1579 64.2392
977 2219 85.986
977 4492 0.757021
978 1891 52.5291
978 2327 52.2026
978 3278 48.1061
979 1785 38.5401
979 2357 83.5718
979 3438 69.9023
980 4157 69.2082
980 4192 55.7398
981 3693 48.8613
981 4512 81.7421
981 5289 74.0586
982 2706 41.4483
982 4273 28.7266
982 4357 139.081
982 4892 52.8264
982 5201 45.1738
983 4081 44.789
984 3677 44.0619
984 5376 82.2214
984 5476 73.6502
985 3767 78.2325
985 4610 37.5466
985 5180 72.8484
986 5114 34.8615
987 1878 28.505
987 2954 83.629
987 5544 31.4996
988 2094 79.0847
988 3250 68.9541
988 4728 67.6938
989 1302 64.6964
989 1933 66.0913
989 5452 19.0084
990 1620 8.38689
990 2687 43.9772
990 4020 81.7033
991 2253 11.2833
991 4842 10.1925
992 1049 46.6432
992 4584 58.3991
992 4882 31.6283
993 1850 128.43
993 2511 59.1091
993 4806 46.9024
993 5110 57.0802
994 4781 14.3373
994 4900 110.195
995 1251 75.8299
995 3943 17.5554
995 5511 84.4966
996 2072 28.9861
996 3229 13.3533
996 4421 88.4111
997 1746 32.9085
997 2289 22.0159
997 5015 99.0834
998 2121 32.3272
998 2381 52.1864
998 2999 45.0635
998 3410 97.9814
998 3893 91.626
999 3090 43.8344
999 4851 42.6095
999 5217 58.8691
1000 2195 43.5756
1000 3025 79.7771
1000 3199 23.3327
1000 4177 74.653
1001 2416 51.3014
1001 3880 21.9656
1002 2652 72.0947
1002 4272 87.5312
1002 4763 118.661
1002 5104 89.3794
1003 1297 87.8224
1003 1403 64.8366
1004 1336 74.9676
1004 4513 65.1032
1005 1205 64.9611
1005 3515 81.8834
1005 3607 86.7953
1005 3861 98.0932
1006 3809 55.9143
1006 4199 55.7389
1006 5484 51.7555
1007 1657 12.8514
1007 2085 88.714
1007 3691 75.1403
1007 5470 60.4697
1008 1134 73.5504
1008 2291 44.447
1008 3580 65.6945
1009 1881 18.5551
1009 3180 37.3408
1009 4011 25.8052
1009 5175 31.3316
1009 5572 50.5901
1010 1408 34.8799
1010 5178 46.0208
1011 1105 26.9818
1011 1627 56.4418
1011 2360 87.7937
1011 2776 60.5179
1012 1556 38.412
1012 2928 29.0643
1012 3016 97.8033
1012 3468 37.7755
1012 4118 31.3488
1013 2185 51.6667
1013 3439 67.8415
1014 3547 78.8852
1014 4150 25.5908
1014 5605 82.9413
1015 3051 32.3173
1015 4162 102.096
1015 4252 60.6813
1016 2428 32.0071
1016 4047 39.9797
1016 5028 10.2148
1017 1074 15.8873
1017 1312 63.0744
1017 2020 65.7204
1017 3174 45.3774
1017 3478 58.1814
1018 1973 107.499
1018 2051 93.7253
1018 2754 32.2117
1019 2768 45.8039
1019 3681 90.7158
1019 5036 68.9647
1020 2787 48.8537
1020 3262 128.654
1021 2045 45.0085
1021 2578 51.6651
1021 3668 70.6715
1021 4112 30.5538
1021 5482 11.6637
1022 1399 87.7483
1022 3078 61.8117
1022 4708 101.019
1023 1543 71.7588
1023 3019 45.5661
1024 5144 98.209
1025 1873 30.8776
1025 3225 57.779
1025 4842 102.153
1026 1400 6.15422
1026 1765 80.4584
1026 2777 121.006
1026 3035 91.7566
1027 3592 28.7001
1027 4318 49.3411
1027 5590 54.7036
1028 3208 16.8937
1028 4369 59.05
1029 1416 13.4707
1029 2287 78.4323
1030 1639 42.2163
1030 3470 52.7802
1031 1067 95.7525
1031 1913 70.6596
1032 2134 38.4017
1032 2687 55.8336
1032 2701 26.422
1032 3524 38.3232
1032 4638 18.9464
1033 1502 33.17
1033 1567 55.3213
1033 3807 58.1805
1033 5143 28.7404
1034 1904 57.3423
1034 2146 64.8298
1034 4022 41.7696
1035 1247 46.4955
1035 1254 33.582
1035 3876 50.4077
1036 2035 71.7548
1036 3183 83.0824
1036 3937 37.6976
1037 3428 35.3654
1037 4947 38.0591
1038 3495 16.1916
1038 5243 42.5784
1038 5627 129.809
1039 1413 41.6936
1039 1596 30.5525
1039 2109 67.3175
1039 3058 78.7654
1040 2004 59.2563
1040 2141 48.7126
1040 3075 121.507
1041 1713 64.5689
1041 1928 44.2564
1042 1309 66.302
1042 1417 25.4912
1042 2774 63.398
1042 3368 68.8976
1043 1369 72.7342
1043 1551 50.8709
1043 4167 21.4036
1044 1246 7.83309
1044 3669 42.751
1044 4962 28.9934
1045 3935 86.7795
1045 5179 126.155
1045 5268 69.9659
1046 3493 56.6579
1046 4453 20.7441
1046 5407 71.5882
1048 1678 58.5793
1048 3400 31.3494
1048 4026 62.1419
1048 4638 37.8114
1048 5633 70.7487
1049 4882 58.6064
1049 5222 60.9422
1050 3233 118.476
1051 1541 108.611
1051 2183 98.7644
1051 3249 81.4869
1051 4928 76.7581
1052 1732 35.3944
1052 3318 64.5666
1052 5375 55.5762
1053 1900 41.1061
1053 2360 121.338
1053 3549 36.283
1053 4706 83.6947
1054 1179 41.4246
1054 2748 110.914
1054 3384 58.8327
1054 4332 28.2534
1054 5198 29.5174
1055 2547 51.3238
1055 2861 101.283
1055 3844 63.7654
1056 1543 127.365
1056 1721 45.2496
1056 3725 66.939
1057 1571 48.465
1057 2176 83.0869
1057 5297 34.4443
1058 2265 54.7787
1058 3206 84.4823
1059 4395 14.6717
1059 5185 33.4217
1059 5412 67.5065
1059 5439 45.1815
1060 1170 4.72095
1060 1394 33.7131
1060 3272 36.31
1061 1645 66.6912
1061 3566 63.1405
1061 4782 58.3279
1062 3196 44.5311
1062 5481 69.2771
1062 5661 72.1203
1063 1705 49.7933
1063 1714 82.4244
1064 2188 22.1014
1064 2590 55.643
1064 4297 61.6131
1064 5232 86.3382
1065 1779 37.6385
1065 4730 72.0198
1065 5246 49.9736
1066 2646 64.5736
1066 3409 86.6479
1066 4562 75.5107
1067 1913 40.1929
1067 3299 23.7495
1068 1206 70.954
1068 1450 29.7988
1068 2596 92.1189
1068 4339 65.4842
1068 4454 31.6003
1069 3398 32.4875
1069 4958 63.6737
1069 5132 23.3781
1069 5264 61.7578
1070 1424 139.458
1070 3513 22.5866
1070 4099 112.585
1071 2612 45.4538
1071 2789 26.7313
1071 4005 20.6707
1072 1373 29.3429
1072 1406 15.4564
1072 1603 76.9457
1072 1777 76.4632
1073 1677 78.9778
1073 1909 44.1386
1073 3347 55.3411
1074 1931 34.3591
1074 2020 66.9531
1074 3174 28.1555
1075 2130 102.998
1075 4849 78.3777
1076 1260 37.4811
1076 1289 4.09395
1076 3580 60.2556
1076 4144 4.37632
1077 3370 24.7141
1078 1173 30.6403
1078 1315 63.8913
1078 4660 54.2221
1078 4860 50.3329
1079 1145 70.9189
1079 3948 58.9099
1080 1666 50.2137
1080 4006 77.7965
1080 4910 82.3589
1080 5317 41.3814
1081 1564 78.6721
1081 4887 60.3451
1081 5484 49.8465
1082 1306 111.392
1082 2316 57.5861
1082 4046 105.766
1083 2587 87.0093
1083 4345 32.8201
1083 5131 47.2739
1084 1475 94.0163
1084 2313 41.5143
1084 4331 79.6472
1085 3152 74.5227
1085 5587 50.7473
1086 2025 36.888
1086 2590 75.5752
1086 4297 47.6022
1087 1635 52.0931
1087 2939 39.972
1087 2968 49.9441
1088 1396 45.9279
1088 1570 61.9942
1088 2548 66.0608
1088 5235 27.8416
1089 1895 69.3935
1089 2391 32.5572
1089 2597 88.5936
1089 4508 59.3786
1090 1683 30.7119
1090 3245 34.2724
1091 3898 100.768
1091 5135 130.43
1092 1280 54.5273
1092 1861 76.5834
1092 4769 66.2267
1093 1227 64.3162
1093 3274 103.225
1093 3519 40.9737
1093 4569 54.4088
1094 2170 62.9173
1094 3833 24.0611
1094 5566 33.1604
1095 2158 105.21
1095 5016 13.4979
1095 5439 59.9247
1096 1601 71.1805
1096 2278 97.1602
1096 2871 50.2481
1096 3835 43.5233
1096 5353 87.0759
1097 2240 68.4191
1097 2401 88.6407
1097 4566 41.1404
1098 3456 30.8406
1099 1379 28.8404
1099 3175 39.2267
1100 3207 79.7414
1100 5243 72.6181
1101 2330 42.034
1101 2331 59.9121
1101 3724 89.4166
1102 1940 121.495
1102 2835 102.004
1102 4988 45.7519
1103 4701 8.8837
1103 5213 62.7966
1104 2018 47.5153
1104 2190 73.6927
1104 3732 100.335
1105 1627 25.757
1105 2354 90.0695
1105 2776 64.2972
1105 3483 70.4275
1106 1387 36.0079
1106 2403 62.5289
1106 5661 36.0707
1107 2415 34.4485
1107 2838 58.0001
1107 3912 40.5401
1108 1502 56.7141
1108 4246 50.6257
1108 4259 45.3358
1108 3335 53.3561
1109 2764 112.841
1109 5427 72.3896
1110 1993 40.6825
1110 3116 110.401
1110 5165 20.9296
1111 1442 52.5718
1111 1875 39.4547
1111 2919 69.3813
1111 3073 22.8731
1111 3666 37.8626
1111 5330 29.8907
1112 5031 73.3225
1112 5651 32.0294
1113 3095 38.6006
1113 3662 22.1568
1113 3839 35.8378
1114 3528 47.4489
1114 3802 98.7277
1114 4447 45.3439
1114 4721 84.3417
1115 3242 101.514
1115 3725 44.6652
1115 5009 60.6391
1116 1975 39.5429
1116 2105 25.7133
1116 2402 76.7338
1116 2757 25.1611
1117 2639 31.6152
1117 3940 89.567
1118 3999 14.2804
1119 4611 34.6939
1119 4665 88.9528
1120 2876 100.907
1120 4335 97.5416
1120 5338 132.794
1121 1268 26.9395
1121 2638 78.2906
1121 2902 79.2172
1122 2633 129.136
1122 2745 76.6712
1122 3437 48.1212
1123 3302 71.1177
1123 3679 57.9093
1124 1725 66.5603
1124 3210 25.5067
1124 3293 43.608
1125 4085 24.8329
1125 5472 104.584
1126 5339 72.2948
1127 1670 56.951
1127 4348 91.5928
1127 4891 62.5697
1128 1274 74.2951
1128 4623 62.9936
1129 5565 71.7396
1130 3180 119.574
1130 4478 31.0676
1130 4872 50.7947
1131 3324 49.6286
1131 3486 50.6143
1131 5260 81.2659
1132 2212 107.207
1132 2498 74.8677
1132 5340 41.5345
1133 2227 64.0809
1133 3521 54.7748
1133 3849 58.8664
1133 5021 74.9327
1134 4406 23.804
1135 1872 89.3507
1135 4024 111.035
1136 1724 60.3562
1136 3753 93.8813
1136 4643 49.9298
1136 4724 51.8598
1137 1912 70.4692
1137 3657 86.1171
1137 4736 40.3674
1138 3687 94.8268
1138 4023 42.8714
1138 4846 67.9398
1138 5034 79.2576
1139 3826 23.7517
1139 4183 99.6914
1140 1686 55.4247
1140 2102 55.6487
1141 5346 103.914
1142 2836 71.3421
1142 2867 68.4223
1142 4136 37.2819
1143 1865 32.7646
1143 3062 47.9778
1143 5377 30.608
1144 1362 64.1756
1144 2362 97.707
1144 3476 67.7786
1145 3334 34.2038
1145 3948 13.3543
1146 1923 49.1224
1146 1964 49.5516
1146 4929 54.4235
1147 2161 52.2101
1147 2361 27.8372
1148 2428 31.6886
1148 3336 109.437
1149 1806 40.6221
1149 2990 119.856
1149 3514 67.7395
1149 4761 52.4269
1149 5267 70.593
1150 3527 31.8801
1150 4810 33.2569
1150 4967 109.007
1151 3674 61.3814
1151 3683 41.5325
1151 5067 45.4825
1152 1276 85.306
1152 2868 70.0536
1152 3553 46.5685
1153 4404 64.7372
1154 3742 44.6533
1154 4033 63.0734
1154 5509 24.7798
1154 3574 44.901
1155 2128 58.8602
1155 4503 57.0746
1156 2248 25.4637
1156 3053 42.6495
1157 2776 88.1327
1157 5301 17.8649
1158 1556 20.6169
1158 3468 37.3444
1159 4143 30.1583
1159 5052 80.9268
1160 2766 74.5871
1160 4495 93.6696
1161 1188 27.2613
1161 2732 25.5071
1162 4257 117.964
1163 4427 140.71
1164 2797 65.0975
1164 2970 36.8323
1164 3252 62.6213
1164 4686 20.2915
1165 3579 87.3588
1165 3804 63.4546
1165 3814 50.7152
1165 4685 57.5447
1166 2439 28.4374
1166 3910 47.288
1167 2227 58.3673
1167 3556 64.3138
1167 3574 21.4706
1168 2816 49.8925
1168 3560 83.0067
1169 1719 54.7612
1169 3766 66.246
1169 5220 79.0316
1170 1394 23.1875
1171 5038 40.0437
1171 5208 50.2508
1171 5384 75.8456
1172 2093 19.2919
1172 3029 71.8468
1172 3736 68.666
1172 4917 73.3411
1173 1315 73.0121
1173 2167 70.2751
1173 4660 47.4338
1173 4860 35.919
1174 2473 8.02663
1174 4245 67.5587
1174 5438 11.3352
1175 3204 46.7694
1175 4969 81.0719
1175 5250 128.223
1176 4651 92.6242
1176 4695 69.1489
1177 3320 105.904
1177 3703 20.7669
1178 3126 66.4529
1178 3354 34.132
1178 4295 35.0313
1179 2129 96.6383
1179 2896 110.437
1179 3384 44.6107
1179 4332 58.8604
1180 3102 94.4514
1180 3591 84.5341
1180 5109 60.6024
1181 2236 47.372
1181 3232 86.3341
1181 4017 20.1313
1181 5030 66.9821
1182 1807 36.7029
1182 4758 62.9115
1183 2298 65.1131
1183 2555 71.2986
1183 4816 106.405
1184 1623 24.7986
1185 2915 79.8186
1186 2520 43.4277
1186 3575 67.8501
1186 5546 17.6241
1187 1981 46.0968
1187 2142 23.6861
1187 2402 75.4406
1188 2642 66.9675
1188 2732 37.3918
1189 4643 46.583
1189 4724 65.6978
1189 4957 76.9549
1189 5290 21.3423
1189 5586 32.927
1190 2556 56.8603
1190 3411 70.9943
1190 3599 40.9033
1190 3631 76.7418
1190 4130 116.829
1191 1645 57.1231
1191 3566 7.48484
1191 4782 41.7037
1192 3577 97.8579
1192 4098 78.6662
1192 4466 36.4955
1193 2097 67.052
1193 3872 51.9812
1193 4925 27.1908
1193 5294 22.051
1194 1300 37.4095
1194 1421 49.7914
1194 4712 53.0539
1195 1368 47.3726
1195 4689 70.7028
1196 1813 54.3885
1196 3962 73.2364
1197 1519 33.6221
1197 4178 106.244
1197 4633 131.49
1198 1556 59.5389
1198 2419 33.6433
1198 3468 55.3911
1199 1497 78.3646
1199 3377 94.4451
1199 4010 47.2587
1199 4757 81.0585
1200 3863 51.8746
1200 4055 44.1746
1200 4830 87.5694
1201 2302 59.4099
1201 3582 92.4258
1201 3841 63.5677
1201 4825 46.0313
1201 4950 41.3787
1202 1460 29.675
1202 4877 45.1144
1202 5039 32.2183
1203 2480 16.0291
1204 2696 66.8457
1204 2953 41.2111
1204 4423 65.2816
1205 3004 59.6965
1205 3861 55.1232
1206 1450 29.0048
1206 1949 22.0816
1206 3350 78.5447
1206 3970 118.928
1206 4454 65.5264
1207 1702 69.5044
1207 3612 44.273
1207 5578 46.0033
1208 2287 22.5269
1208 3462 90.6282
1208 3639 28.5556
1208 4013 23.1854
1209 3454 75.1312
1209 3460 72.167
1210 2448 23.9001
1210 4212 67.5435
1210 4707 24.7167
1211 2873 79.288
1212 5210 53.6703
1213 4231 53.9696
1214 1386 33.4388
1214 3018 59.1921
1214 3321 49.6493
1214 5105 43.2205
1215 1974 70.4588
1215 3230 112.738
1215 4372 52.45
1216 1845 22.3034
1216 3635 18.7022
1217 3328 51.9143
1217 3508 98.755
1217 3794 29.7348
1217 5559 47.0982
1218 2467 88.0849
1218 3085 48.0451
1218 4742 80.8328
1219 1437 13.0995
1219 2845 43.0852
1219 3030 61.4688
1220 1261 29.9052
1220 3539 97.7471
1220 4491 43.7693
1220 4679 72.463
1221 4351 43.3423
1221 5491 11.6916
1222 3023 46.1729
1222 3630 112.13
1223 2658 33.1833
1223 4909 75.2552
1223 5083 60.4191
1223 5091 58.6237
1224 1843 19.8907
1224 3834 69.4682
1225 2039 78.5308
1225 4858 57.0135
1226 1395 15.6871
1226 1560 45.5346
1226 2238 96.2827
1226 4537 81.5162
1227 1693 101.627
1227 4569 50.956
1228 3733 93.4616
1228 4128 17.1265
1229 4883 66.5347
1230 1253 22.5647
1230 1921 69.3901
1230 2370 44.391
1230 4625 50.8895
1231 1266 78.2042
1231 3723 37.6224
1232 4743 61.8705
1232 4789 97.9782
1233 1706 88.1036
1233 3922 71.0003
1233 4320 53.45
1234 1254 62.1502
1234 2267 69.3595
1234 2614 102.432
1235 2334 148.822
1236 3020 29.2862
1236 5237 12.6567
1237 2435 65.2835
1237 3139 121.572
1237 4054 93.5895
1238 4361 113.495
1238 4733 55.2529
1239 1473 16.5172
1239 1595 76.9806
1239 4188 36.6881
1239 4972 52.2373
1239 5622 46.3541
1240 3623 40.3401
1241 1622 40.0355
1241 2373 36.3128
1241 2631 61.4186
1241 5435 45.037
1242 1523 44.945
1242 2041 52.029
1242 4331 122.758
1242 4682 11.2122
1243 2298 63.2548
1243 4238 85.8412
1243 4363 51.3658
1244 1365 75.1709
1244 2297 74.6228
1244 3406 42.2154
1245 1572 102.923
1245 2846 101.725
1245 3192 40.1997
1246 3669 59.7232
1246 4962 49.9343
1247 3876 49.1052
1247 4595 53.995
1248 1717 76.1759
1248 2854 34.5044
1248 4370 46.554
1249 1458 51.6377
1249 3733 55.5648
1250 1488 77.3088
1250 3546 87.3004
1250 5464 32.148
1251 5511 19.3691
1252 3646 48.217
1252 4123 42.1873
1252 4590 58.5514
1253 2370 31.0118
1253 4625 35.0794
1254 4531 73.7812
1255 3648 66.7467
1255 4586 49.4597
1256 3089 87.9479
1256 3944 26.7181
1256 4933 58.1617
1257 1631 30.0569
1257 2725 70.9255
1257 5358 56.7287
1258 2305 80.035
1258 5552 90.8288
1259 2840 77.0417
1259 4161 93.8188
1260 1289 57.6131
1260 3830 52.0544
1261 3539 65.0042
1261 4491 64.9177
1262 1698 111.597
1262 5027 16.8872
1262 5538 4.59826
1263 1459 7.73774
1263 3675 41.0278
1263 4644 60.8571
1264 2180 33.4493
1264 4744 65.7555
1264 5606 68.6072
1265 4919 121.733
1265 5136 107.744
1265 5636 45.4245
1266 3723 27.9167
1266 4279 70.1512
1266 4528 78.6596
1266 4646 75.0592
1266 5295 74.9673
1267 3603 62.8723
1267 4137 81.9275
1268 3309 57.9602
1269 1294 89.7275
1270 2276 55.7533
1270 4549 16.4163
1271 2832 32.7637
1271 4492 68.1917
1272 1846 72.2671
1272 3042 51.9064
1272 3597 60.7479
1272 4965 37.4583
1273 2322 80.1036
1273 4291 124.317
1273 4880 49.5615
1274 1699 86.2753
1274 2673 128.56
1275 1523 68.7444
1275 3359 52.739
1275 3853 17.9049
1276 2801 48.785
1276 3553 115.976
1276 4417 10.1091
1277 1798 18.8304
1277 2515 87.9082
1277 4790 98.8586
1277 5069 42.4469
1278 3243 21.0134
1278 3369 22.9445
1278 3858 42.6272
1278 5560 41.2869
1279 1682 88.0789
1279 1827 54.9582
1279 2264 88.4953
1279 5075 76.2617
1280 2394 31.6196
1280 2496 99.0801
1281 2905 91.2356
1281 4541 39.4166
1282 4186 80.0821
1282 5174 45.1027
1283 4232 106.863
1283 4960 119.731
1283 5035 110.631
1284 1956 24.03
1284 1966 34.0598
1284 4514 67.7488
1284 5223 67.0896
1285 1754 58.3573
1285 3361 43.4101
1285 3616 36.7051
1285 4764 17.2228
1286 1527 49.35
1286 3604 43.9944
1286 4389 89.3366
1286 4904 33.2268
1287 2894 100.015
1287 2936 16.5991
1287 3189 58.6933
1287 3621 89.3819
1288 2258 99.9124
1288 3071 106.084
1288 3638 48.7601
1288 3942 47.0305
1288 4570 38.5013
1289 3580 45.1097
1289 4144 7.71502
1290 3014 95.0728
1290 3200 64.6139
1290 5037 43.2973
1291 5302 47.686
1291 5489 88.186
1292 2005 48.4768
1292 3096 7.86036
1292 4805 32.8308
1292 5446 35.0065
1293 2914 94.8428
1293 3923 56.5137
1293 4835 33.3396
1293 5363 96.947
1294 1514 48.7987
1294 2620 72.987
1294 3870 100.484
1295 1456 19.3948
1295 1874 69.9327
1295 5333 92.5012
1296 3254 79.7256
1296 3282 90.6182
1296 3800 29.8164
1296 4225 52.4357
1296 4851 46.0258
1296 5217 58.9568
1297 2946 79.3693
1297 3609 28.9643
1297 4034 83.9135
1298 1321 69.2539
1298 1513 52.129
1298 1854 106.236
1298 4339 54.2197
1299 1351 22.2858
1299 1890 12.0823
1299 2512 43.0609
1299 3300 65.6898
1299 3331 22.9974
1299 3786 51.0199
1300 2110 34.5622
1300 4640 67.0128
1300 4712 22.7285
1301 1663 28.8437
1301 2446 79.808
1301 5054 28.9458
1302 1933 51.8068
1302 2785 53.083
1302 3983 31.4924
1302 5452 68.0275
1303 3433 47.7122
1303 5567 50.0754
1303 5662 49.517
1304 2778 42.9575
1304 5007 43.9301
1304 5465 105.221
1304 5527 89.6417
1305 1486 124.864
1305 3661 64.0047
1305 3706 39.8262
1305 4483 58.1555
1306 2316 47.4352
1306 2830 91.9001
1306 4046 73.6251
1306 4864 29.0825
1306 5407 40.4954
1307 2417 45.7819
1307 3367 45.2435
1307 4726 87.6029
1307 5094 60.0185
1308 2775 86.1918
1308 5493 22.7077
1309 2611 76.2598
1309 2774 29.2247
1309 3832 91.2612
1310 1589 109.915
1310 4780 57.0977
1310 4998 108.076
1311 3216 101.238
1311 4220 71.6463
1311 4471 22.0438
1311 4987 95.7029
1312 2020 48.1941
1313 4597 18.08
1313 4673 112.492
1313 5108 104.495
1314 3389 117.553
1314 4056 114.686
1314 4495 70.9931
1316 3388 76.0224
1316 3796 16.0366
1316 5004 59.7811
1317 2572 99.6904
1317 2635 72.0694
1317 3268 74.7836
1317 3874 59.5199
1318 2438 60.7234
1318 3191 29.3633
1318 3255 81.6511
1318 5075 39.8071
1319 1939 50.3322
1319 3190 42.852
1319 3949 49.4361
1320 1495 92.0887
1320 1989 117.944
1320 5249 94.8653
1321 1513 12.5285
1321 2505 78.6232
1322 4930 77.65
1322 5513 44.8575
1323 3423 62.0444
1323 4163 77.5636
1324 2812 103.658
1324 3181 75.3208
1324 3447 72.0202
1324 4075 45.5379
1325 2202 45.6649
1325 2209 75.582
1325 3422 63.43
1326 2038 25.5123
1326 4694 99.0499
1326 4870 55.5573
1326 5331 68.2769
1327 2354 51.8194
1327 3718 57.5128
1327 5460 63.6704
1328 1337 60.24
1328 2960 76.1739
1328 3784 98.0618
1329 2177 20.2272
1329 2796 93.7775
1329 3373 83.1025
1330 1533 134.47
1330 3151 24.0549
1330 4181 88.9678
1331 1465 72.805
1331 2282 39.15
1331 4133 71.5312
1332 4888 61.2041
1332 5043 21.3266
1332 5079 102.961
1333 2918 60.8566
1333 4209 29.0537
1334 3659 63.2275
1334 4500 100.992
1335 1480 104.093
1335 1530 21.1586
1335 5088 73.1706
1336 4513 75.5225
1336 5450 57.7712
1337 2960 68.8656
1337 3027 69.6976
1337 4750 60.3782
1338 1651 51.2886
1338 1979 16.6417
1339 1664 67.0773
1339 2404 22.6123
1339 3612 50.5232
1340 1957 14.2084
1340 5397 79.8677
1340 5625 59.5335
1341 1489 121.66
1341 1992 62.1291
1341 4126 43.2443
1342 4439 49.5163
1342 5380 27.2064
1343 2859 47.6462
1343 3914 65.9375
1343 4898 53.6557
1344 4335 40.6619
1344 5272 36.0611
1345 3039 117.157
1345 3702 55.4856
1345 4817 43.0851
1346 5666 71.3661
1347 1984 58.2901
1347 4296 93.5592
1347 5142 20.086
1347 5169 55.4093
1348 2003 57.0968
1348 4985 62.475
1349 3176 39.2083
1349 3935 103.164
1350 2375 61.737
1351 1355 53.2472
1351 1890 14.3897
1351 3331 11.8016
1352 1532 27.5149
1352 2244 67.0568
1353 2979 79.0911
1353 4558 50.3414
1354 1932 14.2254
1354 2883 30.7154
1355 1890 77.6137
1355 3331 58.4963
1355 3482 96.6687
1356 3679 104.277
1356 5675 78.8987
1357 3901 56.8831
1357 5125 29.6692
1358 2800 80.5851
1358 4159 93.4863
1358 4520 34.9599
1358 5617 42.7694
1359 1468 37.9053
1359 3676 65.1215
1359 5322 42.6664
1360 2607 38.0263
1360 3133 73.5388
1360 4079 82.608
1360 5430 31.6921
1361 1568 10.8636
1361 2593 33.2218
1361 2850 64.4891
1362 3476 83.0521
1362 4053 134.339
1363 3218 38.1754
1363 4620 40.1782
1363 5277 89.7209
1364 1375 67.2155
1364 1850 56.9795
1364 2174 85.9939
1364 3827 76.947
1365 1735 14.0027
1365 2447 49.7239
1365 2813 53.3855
1365 4498 59.3376
1365 5062 49.3744
1366 1903 42.4792
1366 2340 47.5267
1366 3990 48.4743
1367 1557 97.0323
1367 3136 34.757
1367 5214 56.2767
1368 4689 81.5998
1368 4791 64.82
1368 4800 27.4095
1369 4167 64.3775
1370 2630 99.4887
1370 4293 79.504
1370 4589 76.166
1370 5119 84.0897
1371 3735 87.0067
1371 4818 25.9422
1372 4142 94.0137
1372 4258 58.3496
1372 4429 87.0034
1373 1406 39.7671
1373 1777 105.663
1373 3739 101.738
1373 3864 68.4035
1374 3341 56.6848
1374 3911 92.6471
1374 4991 11.1548
1375 2163 102.374
1375 4029 62.9662
1376 3272 25.6865
1376 4390 94.5511
1377 3094 47.1068
1377 4934 22.0955
1377 5183 20.1871
1378 2525 71.066
1378 3069 19.0073
1378 4371 21.9137
1379 3175 80.1706
1379 3461 46.6588
1380 1936 42.9533
1380 3810 17.802
1380 4195 64.235
1380 5346 74.136
1381 1402 67.1122
1381 2771 50.2169
1382 1590 71.5016
1382 2301 73.1212
1383 3056 51.9395
1383 4091 41.5529
1384 2864 104.737
1384 4789 55.7733
1384 5581 95.7159
1385 2814 86.7364
1385 3625 54.565
1385 5082 33.6579
1386 2668 92.7086
1386 3018 54.7793
1386 3321 14.0691
1387 2403 24.9241
1387 3196 50.1951
1387 4749 59.7846
1388 1416 67.4436
1388 5409 71.2938
1388 5570 110.778
1389 4179 26.7694
1389 4364 34.9747
1390 3317 69.2105
1390 3960 50.5708
1391 1694 70.807
1391 2862 47.1224
1392 1602 55.6457
1392 2570 26.7848
1392 2770 43.2826
1392 4796 37.7955
1393 2108 26.2388
1393 2795 30.1099
1394 2207 93.4307
1394 3272 53.4371
1395 1560 29.5582
1395 3267 90.4911
1396 2548 23.4787
1396 3263 29.978
1397 4467 35.6058
1398 1588 36.8958
1398 3143 46.5845
1398 4588 95.0112
1399 3078 58.9021
1399 4708 87.4558
1400 1765 65.2155
1400 2777 113.173
1400 3035 76.2191
1401 2667 25.3808
1401 4408 45.6631
1401 4418 46.1335
1401 4528 61.003
1402 4233 96.5676
1402 5404 77.7773
1403 3969 21.1733
1403 5488 57.065
1404 1929 21.4666
1404 3262 91.6949
1404 3680 101.707
1405 2937 79.767
1405 4777 60.8263
1405 5373 50.7664
1406 1603 94.9412
1406 1777 87.0355
1407 2373 81.5286
1407 2680 85.8233
1407 3635 119.881
1408 5178 47.8716
1409 2271 27.8861
1409 3285 24.6952
1409 3622 61.2045
1410 2125 36.6517
1410 3409 58.9939
1410 4562 17.1655
1411 4831 90.7243
1411 4973 11.1749
1412 1931 97.5964
1412 2023 140.498
1412 3458 40.2856
1412 4304 79.7894
1413 2435 62.8305
1413 3219 32.7528
1413 4054 85.1894
1414 2688 25.4264
1414 3015 26.1974
1415 4408 64.7774
1415 4418 55.2714
1415 5256 81.8544
1415 5545 91.9359
1417 3368 56.9726
1418 1656 60.9394
1418 3904 40.9233
1418 4896 20.3509
1419 4208 46.4497
1419 5521 74.7285
1420 4017 72.7743
1420 5030 58.3733
1421 2806 69.8749
1421 4723 33.3819
1422 2806 79.739
1422 4627 8.75115
1422 5405 55.8058
1423 2518 18.8418
1423 4518 79.3054
1423 4850 64.1251
1423 5087 30.4276
1424 1828 68.5652
1424 2531 19.1294
1424 3513 87.3487
1424 4099 69.8528
1424 4148 6.21969
1425 1788 49.1594
1425 4558 81.398
1426 2069 65.0421
1426 2956 54.8223
1427 5087 59.5172
1428 5310 22.3644
1428 5458 79.698
1429 1838 33.4215
1429 3449 60.2811
1429 4376 59.4112
1430 1508 37.5559
1430 2181 20.8946
1430 5592 55.5379
1431 1699 106.504
1431 2673 50.3876
1431 3048 47.6561
1432 1495 122.599
1432 1989 93.8741
1432 3550 119.808
1432 3975 85.7649
1433 3002 59.4218
1433 5536 49.3209
1434 1561 88.6729
1434 1789 78.0809
1434 4330 73.3008
1434 5192 48.4891
1435 4819 99.594
1435 5674 59.8666
1436 1548 39.0429
1436 2104 152.76
1436 2303 40.8264
1436 4783 26.0518
1437 2845 32.3267
1437 3030 93.8416
1438 1506 50.3884
1438 3551 65.0693
1438 4942 61.8375
1438 5535 31.2212
1439 1472 16.9305
1439 2669 43.3002
1439 3007 72.4285
1439 4165 43.1268
1440 3358 34.1896
1440 3896 22.5641
1440 4652 9.25734
1441 2255 58.7046
1441 2926 32.7639
1441 4343 28.5071
1441 4367 22.2081
1442 2919 63.9394
1442 3666 31.9682
1442 5454 59.7661
1443 4881 50.6793
1443 5388 69.124
1444 1928 47.9957
1444 3355 84.1329
1444 4416 55.8595
1444 5402 51.9684
1445 1600 69.9316
1445 3239 53.7339
1445 3685 46.5369
1446 1698 29.7897
1446 2981 73.0241
1447 1870 67.0972
1447 1934 56.3007
1447 2154 43.6677
1447 4461 68.5181
1448 2769 44.0341
1448 4949 56.8242
1448 5145 109.459
1448 5195 35.9288
1449 4458 87.3083
1449 4731 78.9267
1449 5682 29.7845
1450 1949 42.4068
1450 3350 90.4507
1450 4454 29.4124
1451 2247 54.1912
1451 2377 52.6383
1452 2698 50.2825
1452 3729 43.0551
1452 5680 71.5486
1453 1476 57.4393
1453 1587 32.367
1453 2111 26.2062
1453 2834 53.5684
1453 3183 64.1843
1454 1660 11.7304
1454 1664 79.3868
1454 2096 60.9591
1455 4254 46.7044
1455 4275 38.9162
1455 5022 81.7726
1456 1874 92.1628
1456 2458 94.7353
1457 2459 43.4934
1458 2172 89.1973
1458 3733 88.102
1458 4655 47.2731
1459 1659 38.0194
1459 3675 24.9746
1459 4644 62.1464
1460 4877 83.9112
1460 5039 78.956
1461 1824 48.6297
1461 2558 53.5556
1461 3072 104.881
1461 3857 27.8228
1461 4080 50.1
1462 1879 77.4751
1462 4458 76.9419
1463 1950 36.8483
1463 3110 36.3507
1463 4523 74.8616
1464 1470 83.0361
1464 2624 36.5478
1464 2997 22.9777
1465 2282 29.1799
1465 4133 60.3611
1465 4945 66.0455
1465 5367 82.0778
1466 2076 87.5671
1466 3996 35.8856
1467 3290 59.322
1467 3869 77.2046
1467 3913 26.1713
1467 5639 47.1659
1468 2182 82.3872
1468 3497 94.0895
1468 3676 34.1707
1468 5322 34.9364
1469 3102 64.0548
1469 3591 114.576
1469 3963 46.3577
1469 5109 73.7043
1470 2624 57.1831
1470 5235 83.9
1471 4333 64.5852
1471 4378 44.2452
1471 5619 39.811
1472 3007 49.8658
1473 4188 36.8385
1473 5622 57.0129
1474 1743 27.4081
1474 2312 68.2202
1474 2727 36.029
1474 5336 28.0342
1475 3920 48.2256
1476 2111 57.7804
1476 3722 58.5826
1476 4482 46.2429
1477 2334 52.8782
1477 2514 78.6092
1477 3361 39.5528
1477 4764 85.0345
1478 2052 42.4281
1478 2994 78.4164
1478 3877 27.6372
1479 2867 55.8772
1479 4942 43.2879
1479 5476 57.2984
1480 1530 94.8127
1480 2629 27.2556
1481 4952 44.6524
1482 2436 65.8068
1482 2461 73.7648
1482 3824 61.5144
1483 2418 42.0828
1483 3000 29.3587
1483 3651 73.7919
1483 4071 10.7095
1484 1755 109.898
1484 4690 70.5557
1484 4981 55.4896
1484 5134 104.605
1485 3945 34.8817
1485 4709 49.9566
1485 4996 15.6135
1485 5032 72.7941
1485 5066 68.3182
1486 3706 76.3561
1487 3068 82.8093
1487 3381 55.8183
1487 3813 40.8772
1488 3055 50.5358
1488 5464 75.8773
1489 2243 64.7824
1489 4126 50.8692
1490 2242 117.127
1490 2529 73.2857
1490 3142 79.2004
1491 4912 64.4682
1491 5664 57.6785
1492 4756 136.775
1493 2786 58.3301
1493 3076 65.1285
1493 3833 70.7028
1494 2822 121.987
1494 3061 32.6904
1494 3222 98.8026
1494 3808 42.6338
1494 5505 91.5804
1495 1521 106.958
1495 1989 78.1747
1495 2026 38.7051
1495 2382 79.3992
1496 1836 93.0396
1496 2640 80.6746
1496 5061 45.9471
1497 4010 30.6727
1497 4982 53.5929
1498 1558 49.6626
1498 5101 23.1727
1499 5410 70.5626
1500 4121 108.238
1500 4628 67.631
1501 2083 113.597
1501 2911 48.4059
1501 2995 29.2226
1501 4561 37.2047
1501 4716 33.3538
1502 4246 58.8589
1503 2015 60.1085
1503 3484 29.4072
1503 3883 13.1231
1503 4456 37.0829
1504 1918 63.4775
1504 3571 51.0115
1504 3793 110.874
1505 3430 71.9055
1505 3757 113.082
1505 3888 94.0933
1506 3003 78.2885
1506 3551 39.328
1507 1780 40.9308
1507 2893 16.2716
1507 3681 23.805
1508 2181 59.2513
1508 2912 57.7257
1508 5592 13.8816
1509 4813 40.2142
1511 2250 127.828
1511 2756 15.1993
1511 3651 106.273
1512 4605 53.1744
1513 2505 87.85
1514 2275 94.1226
1515 3305 70.8184
1515 3796 144.126
1515 4117 24.095
1515 5004 80.7503
1516 1537 17.6229
1516 1701 62.1902
1516 2546 72.9482
1516 3454 36.9871
1517 1884 52.5274
1517 2878 52.2088
1517 3455 53.7026
1517 5526 58.8956
1518 2901 36.6096
1518 4663 118.784
1518 4768 99.1225
1519 4178 32.7947
1519 4941 47.5815
1520 2017 32.6628
1520 2920 23.0272
1520 4326 55.5008
1520 5341 94.7756
1521 2026 37.0935
1521 2382 16.7342
1522 2566 62.6084
1522 4244 9.25816
1522 5006 11.1831
1523 2041 38.6526
1523 4303 101.666
1523 4682 31.2249
1523 5242 58.5339
1524 1805 129.281
1524 2488 106.872
1524 3207 109.276
1524 5597 79.9927
1525 5080 37.4172
1525 5160 33.583
1525 5620 29.8184
1526 2315 37.0351
1526 5139 50.8069
1526 5162 57.4673
1527 2019 58.3231
1527 2779 39.2527
1528 2030 35.4143
1528 2444 50.1031
1528 4636 62.5137
1529 2210 40.4017
1529 2983 79.7431
1529 3271 120.658
1529 3504 130.679
1529 4746 92.827
1530 5088 57.4429
1531 2242 39.6227
1531 2283 41.7619
1532 2068 67.7388
1532 2244 26.1135
1533 3151 122.296
1534 1891 56.8377
1534 3748 58.2478
1534 4826 17.3614
1534 5012 49.163
1535 2176 52.6273
1535 3775 55.4649
1535 4583 57.9562
1536 3902 34.4233
1536 4159 53.3627
1536 4520 66.482
1537 2530 56.6894
1537 3454 48.7952
1538 2932 58.3789
1538 3541 66.9881
1539 3583 25.0132
1540 2286 65.8438
1540 2412 50.4133
1540 2617 53.0273
1540 3404 66.0478
1540 4499 56.7441
1541 3249 70.2783
1541 5412 77.0989
1542 1839 55.7094
1542 3683 85.367
1542 4184 64.4993
1543 1721 127.998
1543 4315 93.4502
1543 5328 99.4303
1544 1773 46.7881
1544 3034 33.7362
1545 3656 46.8109
1545 3887 10.1465
1545 5662 81.7211
1546 2301 98.2979
1546 2737 99.7613
1546 4799 102.939
1547 4143 55.3765
1547 4438 43.7909
1547 5052 93.7379
1548 2303 73.1638
1548 2497 29.2862
1548 3156 57.7974
1548 4783 41.8842
1549 2089 37.7406
1549 4291 59.0877
1549 4832 122.023
1549 5444 40.826
1550 2627 105.537
1550 4353 106.064
1551 4167 38.4269
1551 4656 55.8256
1552 1903 99.617
1552 2645 25.8541
1552 3435 92.4122
1552 4741 95.0233
1553 2069 45.3232
1553 2255 53.3842
1553 4465 43.4173
1554 2080 31.4668
1554 2679 48.4776
1554 2703 53.9475
1554 2852 32.2094
1555 1668 29.5521
1555 4649 30.7855
1556 2419 131.349
1556 3468 26.679
1557 3226 82.3188
1557 5337 99.9669
1558 2389 21.0559
1558 3304 19.579
1558 5101 88.335
1559 4315 67.0151
1559 5093 29.1231
1560 3764 145.189
1560 4537 65.29
1561 1597 68.1244
1561 3381 72.7944
1562 3930 139.255
1562 4002 77.9428
1562 5025 119.412
1562 5260 35.773
1563 1582 42.542
1563 5159 49.5896
1564 2691 120.372
1564 2783 87.404
1564 5484 120.641
1565 1745 87.1626
1565 1978 109.606
1565 3795 54.9398
1565 5533 39.8402
1566 3172 44.0503
1566 4032 76.3461
1567 4173 35.9643
1567 4227 53.0692
1567 5143 19.3535
1567 5591 43.0323
1568 2593 46.2075
1568 2850 79.0545
1568 3956 90.9572
1569 1650 57.0422
1569 2784 103.377
1569 4973 116.155
1570 2755 55.3093
1570 2841 119.009
1571 2176 32.7414
1571 5297 122.916
1572 1751 90.3673
1572 3192 90.262
1572 4356 42.7457
1573 1867 50.6708
1573 3463 30.0131
1574 2466 90.1643
1574 2616 84.8578
1575 3016 53.1915
1575 4935 16.3744
1575 5411 61.8005
1576 1836 64.7538
1576 5042 80.7124
1577 2054 61.7118
1577 3688 59.1312
1578 3405 59.6629
1578 4157 61.7988
1578 5496 23.0314
1579 2219 4.57394
1579 4492 65.5222
1579 4802 58.6143
1580 2759 54.285
1580 4900 48.0739
1580 5575 36.1231
1581 1760 40.4508
1581 2272 34.1162
1581 3473 29.6542
1581 4469 59.0287
1582 3875 116.132
1582 5159 19.5265
1583 2117 44.9322
1583 5530 25.5664
1584 3242 34.8175
1584 3725 52.6526
1584 5009 14.8024
1584 5127 75.084
1585 2092 104.493
1585 4334 121.999
1585 4372 99.4504
1585 5604 78.4214
1586 2608 50.9383
1586 2883 24.4067
1586 3865 69.0266
1587 3183 33.7547
1587 4432 34.0083
1587 4547 27.3087
1588 1607 74.5783
1588 4588 126.795
1589 4780 28.7758
1589 5666 45.73
1590 1852 49.7664
1591 4180 99.9512
1591 5307 115.833
1592 2163 28.9084
1592 4029 92.5977
1592 5516 61.8669
1593 2640 40.5254
1593 2895 47.7118
1593 4442 44.0536
1594 2842 87.7179
1594 2880 64.1865
1594 3166 35.1563
1594 4999 26.4907
1594 5485 74.6849
1595 4267 51.2987
1595 4972 11.3071
1596 3058 65.079
1597 3103 63.6012
1597 5370 82.9867
1598 2601 80.3373
1598 3325 19.1484
1598 3557 22.6417
1599 2610 38.1882
1599 4794 42.6532
1600 3685 19.635
1600 5122 39.9487
1601 2871 21.7058
1601 5353 33.4684
1602 2570 55.0325
1602 2770 50.5738
1603 1777 11.6851
1604 4592 28.0834
1604 4676 68.8362
1604 5398 78.6183
1605 2984 44.4247
1605 4237 79.5558
1606 2738 89.3266
1606 4210 76.8259
1607 3070 69.0684
1608 1919 121.887
1608 3933 120.275
1609 1952 81.6049
1609 4438 121.519
1609 4450 93.3972
1609 5115 51.298
1610 2443 64.1691
1610 4828 76.5432
1610 5356 83.4626
1611 2326 51.3151
1611 3150 34.8564
1611 3926 41.8799
1612 2519 24.5213
1612 3101 50.3826
1612 3922 60.968
1612 4321 54.2985
1613 2183 54.1141
1613 2692 37.1549
1613 3698 82.4692
1614 2152 95.9689
1614 2300 61.5153
1614 3063 51.0617
1614 4863 23.5913
1615 1687 61.5292
1615 5514 47.5754
1616 3158 84.9758
1616 4039 65.9241
1616 4070 59.3481
1616 4394 89.231
1617 2453 63.1711
1617 3760 104.639
1617 4407 77.762
1618 2572 117.545
1618 3268 73.4516
1618 4616 75.198
1618 4662 58.0366
1619 2526 79.9454
1619 4552 123.104
1619 4687 151.439
1620 2687 57.9808
1620 4020 119.704
1621 2063 36.3188
1621 3288 18.2397
1621 3881 25.132
1622 2202 71.0324
1622 2373 59.7843
1622 3197 47.9616
1622 5479 52.0766
1624 3418 22.4223
1624 3420 52.5003
1624 4041 5.0402
1624 5313 25.0442
1625 2454 26.4204
1625 3184 86.5881
1625 4207 83.4151
1625 5598 61.3978
1626 3517 78.1846
1626 4266 56.9441
1626 5282 76.1379
1626 5372 65.1015
1627 2354 36.734
1628 2437 71.6783
1628 4489 41.7572
1628 5182 81.5095
1629 2288 55.1855
1629 5116 141.868
1629 5179 91.5825
1630 3049 39.0466
1630 4527 35.867
1630 5110 51.4166
1631 1853 73.8675
1631 5358 23.5772
1632 3795 57.3046
1632 5572 90.7212
1633 2269 18.4359
1633 3785 57.2644
1633 4937 37.6067
1634 1678 72.1436
1634 2679 34.5344
1634 4026 45.4276
1635 2214 104.646
1635 2665 83.4257
1635 2939 27.4442
1635 2968 55.6857
1636 1835 50.2918
1636 1886 62.9325
1636 3251 117.543
1637 5186 66.7088
1638 4355 96.4706
1638 4626 65.7366
1638 5164 59.9401
1638 5270 23.0985
1639 1753 116.626
1639 2534 97.1825
1640 1802 4.93293
1640 3041 46.0535
1640 3286 81.5565
1640 3894 66.0373
1641 2274 74.803
1641 3850 81.7758
1642 2710 125.75
1642 3031 27.4101
1642 3402 44.99
1642 3740 26.4071
1643 2896 66.563
1643 5323 70.0144
1644 2545 27.1143
1645 3566 53.659
1645 4782 17.6125
1646 2747 64.3279
1646 3701 62.8072
1646 4553 75.1486
1647 1702 53.6697
1647 3845 43.0469
1647 5361 15.7583
1648 2297 44.9388
1648 2504 69.4839
1648 3356 65.4036
1648 4532 88.8649
1648 4976 31.9244
1648 5299 101.312
1649 2808 46.2076
1649 5196 89.6715
1650 2784 38.6185
1650 4966 128.954
1651 1979 94.0818
1651 3181 45.2602
1651 4075 56.5959
1652 2954 28.0451
1652 5331 29.5096
1653 1671 60.0922
1653 5248 70.9392
1654 3672 57.617
1654 3989 40.0879
1654 4275 38.8082
1655 4307 20.863
1655 4805 27.0757
1655 5446 35.3683
1656 3904 37.1472
1656 4896 64.5483
1657 2085 46.1031
1657 5470 46.3391
1658 3533 28.4587
1658 3818 47.1316
1659 3224 54.5947
1659 3675 18.5334
1660 2096 53.2412
1661 3172 80.1083
1661 4581 53.3382
1661 4745 68.7039
1662 1696 60.5425
1662 2221 7.85931
1662 5252 35.9606
1663 2446 59.4729
1663 3135 58.4471
1663 5054 71.8225
1664 1871 27.0142
1664 2096 49.2851
1664 5578 63.4977
1665 4361 27.9771
1665 4399 94.0769
1665 4481 80.2676
1666 2232 68.7252
1666 4006 86.0182
1666 4910 27.7721
1667 3559 43.1083
1667 4728 65.4594
1667 4870 102.792
1668 4649 31.8991
1669 2358 29.9039
1669 2372 28.2453
1669 4056 33.7959
1669 5365 19.9073
1669 5508 25.9778
1670 4857 71.1117
1671 5248 56.5809
1672 1770 78.0478
1672 2304 82.97
1672 4284 31.6848
1673 2984 56.6368
1673 3844 99.8776
1674 2231 111.349
1674 3314 183.443
1674 5265 108.715
1675 4035 42.7445
1675 5247 39.8472
1676 2101 27.4882
1676 3572 16.7988
1676 4659 24.0932
1676 5431 55.8347
1677 1909 60.5334
1677 3347 36.6454
1677 4323 24.0387
1677 4961 37.325
1677 5560 41.2662
1678 4026 26.9991
1679 1942 37.3772
1679 4420 70.2426
1680 2695 113.535
1680 4115 93.0908
1680 4232 104.895
1681 1974 29.8197
1681 4852 9.63364
1682 1827 13.1001
1682 4298 81.722
1683 3245 9.5223
1683 4519 99.095
1683 4579 107.75
1684 2367 31.1637
1684 2677 74.019
1684 4766 56.8623
1685 2877 76.6311
1685 3953 47.7975
1685 5077 95.773
1686 2102 32.9153
1686 3305 68.7501
1687 3745 106.492
1687 5514 30.2274
1688 2413 89.7467
1688 2495 53.8261
1688 4377 68.7168
1689 2657 95.2257
1689 5000 66.1455
1690 2674 18.8246
1690 4358 109.184
1691 5186 49.0465
1691 5227 76.9798
1691 5561 70.1482
1692 2961 73.9949
1692 4384 37.8672
1692 4529 40.8141
1693 1973 42.329
1693 3030 55.2082
1694 2812 51.5977
1694 5005 70.8534
1694 5506 44.1783
1695 3143 37.0841
1695 3378 58.4285
1695 3946 55.4355
1696 2221 42.8811
1696 2509 36.199
1696 2619 61.9542
1696 2865 62.0689
1696 5252 45.3704
1696 5610 34.2215
1697 3022 59.6993
1697 3565 52.5885
1697 4019 46.6759
1698 5530 68.4437
1698 5538 78.7239
1699 2673 17.6444
1699 2759 39.6667
1699 3048 32.7979
1699 4900 56.4238
1700 3773 75.6109
1700 3811 43.5067
1700 5627 46.9348
1701 2546 57.9558
1701 3435 57.1948
1703 1906 60.5262
1703 2849 79.7913
1703 5329 83.3768
1704 3801 49.5593
1704 3996 98.4857
1704 4127 28.2442
1704 5635 82.3775
1705 2464 112.321
1705 5601 73.2588
1706 3107 47.4156
1706 4320 70.4918
1707 2419 108.057
1707 3296 62.5158
1708 3081 88.462
1708 4270 46.4037
1708 5456 59.6823
1709 3735 21.4721
1709 4647 16.0002
1709 5285 46.9909
1710 2162 61.2605
1710 2284 80.0534
1710 3323 29.0575
1710 3719 81.7742
1710 3973 72.4482
1710 4016 64.8119
1711 3195 96.7487
1711 4504 88.2632
1712 1817 28.3037
1712 3407 27.8406
1713 2693 116.94
1713 5227 40.3034
1713 5561 83.3535
1714 1738 24.7735
1714 2339 55.6949
1714 2374 53.945
1714 3344 78.9217
1714 4235 85.5117
1715 5413 86.6539
1716 4145 25.5117
1716 4334 63.5132
1716 5308 27.4362
1717 2854 52.6942
1717 3901 81.5728
1717 4228 108.416
1718 2717 41.496
1718 4536 88.5894
1718 4820 40.4942
1718 5629 32.6164
1719 3106 91.5854
1719 3766 69.2735
1719 4152 95.0527
1720 2279 101.404
1720 3909 99.5168
1720 3984 68.2993
1721 5424 147.034
1722 2582 94.4562
1722 3768 70.0605
1723 2986 90.1683
1723 4735 70.863
1723 4772 64.8043
1724 4643 7.16606
1724 5290 34.4582
1724 5586 22.383
1725 2554 45.8137
1725 3210 64.7698
1726 4823 109.355
1726 5548 20.4103
1727 2660 80.3914
1727 3777 30.8135
1727 5327 84.05
1728 1972 50.6984
1728 2494 62.4828
1728 4995 86.9653
1729 1733 51.6358
1729 3264 50.631
1729 4843 118.099
1729 5122 28.0054
1730 3173 91.9852
1730 4834 119.702
1730 5090 121.015
1731 1998 24.5967
1731 3373 53.8938
1732 2852 76.5864
1732 3520 25.3469
1733 2908 34.5482
1733 4247 59.2739
1733 5010 71.8213
1734 2211 76.6519
1734 3134 83.8445
1734 4586 107.539
1735 1786 42.0337
1735 2813 40.6498
1736 2222 28.2487
1736 3317 95.5989
1736 3741 47.4889
1736 3960 78.3563
1737 1822 71.5047
1737 2857 36.9108
1737 4082 36.5661
1738 2339 25.8259
1738 2374 37.2761
1738 3906 69.1053
1739 1744 37.0543
1739 2166 83.849
1739 3705 14.9635
1740 1826 103.982
1740 2193 46.6222
1740 2733 42.1208
1740 4191 83.3873
1740 4222 79.7705
1741 3397 41.3186
1741 3660 51.3854
1741 4919 85.0479
1742 2299 94.9571
1742 3445 67.6786
1742 3660 26.1099
1743 2727 22.9585
1743 5336 38.3488
1744 2166 39.4945
1744 3705 41.3938
1745 3212 73.1745
1745 5650 69.8244
1746 2289 48.6513
1746 5015 78.4915
1747 2475 30.4643
1747 2576 61.8766
1747 2721 104.283
1747 3739 98.8943
1748 1958 64.0969
1748 3352 116.222
1748 4368 104.568
1749 2849 77.6524
1749 3023 64.8458
1749 5148 49.8621
1750 2247 65.5372
1750 2669 85.3305
1750 3399 116.623
1750 5204 13.237
1751 2603 38.1857
1751 4356 33.5423
1752 3752 100.517
1752 4154 18.7615
1752 4653 78.1708
1752 5103 38.485
1752 5510 44.0585
1754 3822 85.2547
1754 4764 95.0959
1755 3209 79.2631
1755 3349 60.7537
1755 4690 90.1303
1755 4981 91.3499
1755 5244 49.6229
1756 1988 61.6155
1756 4820 34.944
1756 5629 77.7333
1757 1820 111.464
1757 2805 45.4425
1757 4500 71.5913
1758 2087 47.1341
1758 2103 80.8311
1758 4956 53.8822
1759 2647 34.0624
1759 4663 45.2311
1759 4768 53.4937
1759 5350 27.6841
1760 2272 68.6759
1760 3473 56.9789
1760 4261 60.33
1760 4948 68.0197
1761 1883 34.6272
1761 2075 63.7441
1761 2760 56.275
1762 2653 88.7842
1762 4183 23.5962
1762 4738 17.2975
1763 2998 71.5617
1763 5203 42.4231
1764 1771 64.7825
1764 3198 28.1299
1764 5638 62.2201
1765 4369 65.0444
1766 3020 28.2953
1766 4473 52.5492
1766 5237 70.7638
1766 5595 45.2924
1767 3773 61.8041
1768 3149 34.9671
1768 4844 42.3335
1768 5035 83.8937
1769 2949 102.965
1769 3104 41.6975
1769 4803 46.3222
1769 5041 116.922
1770 2304 36.5501
1770 2742 86.9426
1770 4284 54.6204
1770 5649 52.0032
1771 1789 56.7953
1771 3198 60.0285
1772 3452 22.1895
1772 3694 62.4269
1772 5416 42.0673
1773 2315 62.465
1773 2796 66.8904
1773 3034 48.8351
1774 2837 92.9502
1774 5224 76.3837
1774 5324 114.564
1775 2113 38.7536
1775 3868 62.0864
1775 4434 25.3647
1776 2436 58.4482
1776 2461 56.9578
1776 2723 55.1246
1776 3824 60.1536
1776 4044 38.9795
1778 2460 30.5892
1778 2745 55.093
1778 3684 43.5334
1778 3976 48.2736
1779 2718 67.4022
1780 2832 47.5339
1780 2893 39.8335
1781 3600 18.4258
1781 5450 41.2181
1781 5504 78.1339
1782 4944 50.3346
1782 5524 34.594
1783 3357 45.6722
1783 5628 88.6246
1784 2816 48.0864
1784 3518 45.0478
1784 5070 47.2978
1785 2277 81.6191
1785 3954 68.4027
1785 4457 37.2787
1786 2233 56.8521
1786 2813 25.2291
1786 3490 88.4998
1786 3569 36.29
1787 3359 58.6139
1787 3471 42.931
1787 4106 32.0493
1787 5657 77.954
1788 4149 111.737
1788 4664 75.4207
1790 2594 5.4562
1790 2945 37.5941
1790 3374 22.0564
1790 4563 30.8319
1791 2558 85.5528
1792 2034 42.2633
1792 3670 53.6241
1792 4555 64.9093
1792 4922 58.072
1793 4794 60.4724
1795 1857 25.3254
1795 2478 40.22
1795 4077 71.4022
1796 2876 31.7782
1796 4692 56.5786
1797 3919 41.2739
1797 4661 107.818
1797 5486 54.1659
1798 2821 72.6031
1798 3017 48.5622
1798 5069 35.3892
1799 2120 101.143
1799 5015 53.0522
1799 5382 94.8787
1800 2379 75.5222
1800 3720 26.4609
1801 2841 62.4921
1801 2924 112.22
1801 3561 83.2042
1802 3041 39.9406
1802 3286 95.3946
1802 3894 39.7229
1802 3925 52.3403
1803 4835 38.5698
1803 5363 41.2143
1804 2747 75.1381
1804 3547 49.9002
1804 5436 70.1543
1805 2488 26.9009
1805 3991 13.8397
1805 5597 62.5569
1806 2990 47.6941
1806 3514 73.7522
1806 4761 67.9209
1806 4827 112.613
1806 5267 83.0882
1807 2626 101.084
1808 2107 65.2954
1808 3849 82.9598
1808 3967 44.6023
1808 4257 90.1642
1809 2972 10.5159
1809 3128 56.2736
1809 3510 41.38
1809 3957 46.7015
1810 2335 21.1022
1810 4365 112.611
1810 5562 104.48
1811 3022 35.6993
1811 3260 46.4777
1811 4019 51.1971
1812 2445 53.1501
1812 4310 72.3672
1812 4759 4.93003
1813 4821 29.739
1814 3535 56.431
1814 3815 74.9359
1814 4093 25.1926
1815 1994 28.7736
1815 4745 71.0571
1816 1969 60.4606
1816 3392 100.154
1816 4263 96.0311
1817 3008 93.284
1817 3407 26.6575
1818 2977 41.2961
1818 3548 23.438
1818 5371 64.4076
1819 4197 45.6433
1819 5296 70.746
1819 5368 24.6465
1820 2805 56.7423
1820 4930 36.0845
1820 5513 54.8415
1821 2337 71.1937
1821 4063 71.1582
1821 4923 30.3093
1822 5333 68.0669
1823 2771 64.4787
1823 2802 45.4395
1823 2998 99.825
1824 4080 13.3936
1824 5500 84.909
1825 1961 64.7921
1825 3709 105.261
1825 5362 84.0633
1826 4347 14.3616
1827 4298 57.9721
1828 2333 68.3646
1828 4148 61.5275
1829 2057 27.3438
1829 3267 87.8089
1829 3978 29.9605
1829 5084 80.2668
1830 2815 41.6965
1830 3258 67.7038
1830 4374 85.3715
1831 3531 67.2292
1831 5088 71.4421
1832 2366 50.5082
1832 2583 78.5826
1832 2672 52.4631
1832 4160 33.7987
1832 4571 25.0444
1833 2690 39.5745
1833 3690 87.9752
1833 5564 30.4933
1834 2456 9.816
1834 4308 83.6627
1835 1886 10.454
1835 3251 22.202
1836 2895 73.4984
1836 5061 131.526
1836 5420 42.9234
1837 3390 66.8159
1837 3576 2.33767
1837 4788 45.0937
1838 2667 102.426
1839 2318 50.2601
1839 4902 39.8556
1840 2002 53.6502
1840 5410 57.5446
1841 2496 87.9904
1841 3522 39.3012
1841 5118 49.5669
1842 2024 76.939
1842 2293 39.053
1842 2555 84.8025
1842 4816 51.8382
1843 1987 132.031
1843 3834 75.2033
1844 3892 30.3517
1844 4490 41.4006
1844 4637 60.3602
1845 3560 62.462
1845 3635 49.4415
1846 3091 38.0079
1846 3597 41.6688
1846 4965 37.7802
1847 2231 58.1664
1847 4414 45.8043
1848 2736 39.2016
1848 3021 35.494
1848 4306 40.7365
1848 4621 55.1773
1849 3511 39.51
1849 5089 49.0463
1849 5304 44.7724
1850 2471 141.367
1851 3309 41.4482
1851 3555 51.2114
1851 3985 34.9363
1852 3500 93.1485
1853 2292 43.8994
1853 5358 47.2656
1853 5610 49.2623
1854 2505 34.7479
1855 2708 66.9805
1855 3353 26.6235
1856 1963 84.9951
1856 2657 71.609
1857 2478 36.1142
1857 4077 55.7994
1858 4108 30.3329
1858 5549 36.167
1859 2028 70.6768
1859 3068 71.7476
1859 5370 26.1249
1860 2542 40.3067
1860 3643 11.0652
1860 4830 36.9113
1860 5013 65.2132
1861 2496 57.3389
1861 4769 3.69551
1862 1901 45.2307
1862 2306 72.9816
1862 2550 32.8829
1862 4175 42.4786
1862 4452 27.749
1863 3257 24.1342
1863 4482 53.4277
1863 4785 36.8629
1864 2042 57.581
1864 3562 43.8815
1864 4587 27.889
1864 5275 51.3339
1864 5574 19.5338
1865 1951 58.0893
1865 4216 36.0482
1865 4305 27.5897
1865 5266 43.2006
1865 5377 8.41585
1866 3930 62.9246
1866 4758 23.6357
1866 5026 59.6381
1867 2923 45.0804
1868 2720 63.5889
1868 2722 90.6023
1868 3194 12.0047
1868 4253 60.4059
1868 4516 62.4347
1869 2328 59.2789
1869 5269 58.035
1869 5676 33.2833
1870 2154 24.3986
1870 3931 53.8295
1870 4102 45.058
1871 2096 25.2609
1871 5190 75.6002
1872 2173 46.4114
1872 4582 99.6173
1873 3225 79.2505
1873 5338 72.6976
1874 5333 84.5018
1875 2515 69.0678
1875 3073 15.2254
1875 5330 52.8036
1876 3776 125.615
1876 4578 104.878
1876 5415 129.241
1878 2595 89.7466
1878 5544 52.3772
1878 5567 74.6945
1879 5180 58.6846
1880 2380 66.9864
1880 2715 119.238
1880 3354 37.3648
1880 5515 21.7636
1881 4011 46.8606
1881 5175 31.3952
1882 2582 49.135
1882 3768 43.2936
1882 5049 15.3419
1882 5163 34.0141
1883 2075 16.6093
1883 2760 47.7534
1884 2878 89.9782
1884 3426 41.3328
1884 3606 87.974
1884 5219 73.0681
1884 5526 103.472
1885 2317 50.12
1886 3251 39.1845
1887 2070 87.6135
1887 2561 35.0143
1887 3099 74.8034
1887 3343 78.8619
1888 1938 54.6192
1888 4452 59.0108
1889 2431 41.7213
1889 3695 147.281
1889 5332 17.7949
1890 2512 58.9628
1890 3331 19.8924
1892 2486 50.2274
1892 2958 103.783
1892 5594 103.42
1893 2281 35.4536
1893 3472 67.4918
1893 3508 59.3239
1894 3011 70.191
1894 3727 74.5959
1894 4729 98.0483
1894 4762 111.347
1895 2166 28.4468
1896 2408 60.2566
1896 3028 85.5306
1896 3080 34.6793
1896 4903 52.2418
1897 2449 72.8943
1897 3228 111.291
1897 4049 51.2487
1897 4600 26.5638
1897 4624 39.7079
1897 5167 79.8069
1898 1935 72.2459
1898 4359 70.4321
1898 4568 86.677
1898 5467 30.9919
1899 3470 75.6693
1899 3581 68.5261
1900 3549 20.0356
1900 4706 22.7762
1901 3253 26.8159
1901 4175 40.2
1902 1965 71.6632
1902 2485 78.9371
1902 3753 82.9041
1902 5133 13.5892
1903 2340 29.1077
1903 2645 116.872
1903 3435 31.6274
1904 2581 50.4675
1904 4022 19.6379
1905 2391 123.672
1905 3696 111.155
1905 3856 119.011
1906 2849 25.0095
1906 5148 49.2353
1906 5329 11.2563
1907 3636 59.5229
1907 5602 81.1139
1908 2881 43.5616
1908 3645 46.291
1908 5163 86.7743
1908 5229 93.9861
1909 2581 63.0793
1909 3347 35.2999
1909 4323 24.8257
1910 3873 53.6054
1910 4276 31.8888
1910 4534 43.4233
1911 1919 103.244
1911 3933 32.6177
1912 3657 36.8211
1912 4736 26.1377
1912 5605 50.2703
1914 4008 48.9625
1915 2740 23.8101
1915 2846 118.525
1916 2643 52.2539
1916 2942 39.743
1916 2996 64.6808
1916 4668 37.2576
1916 5149 49.8892
1917 3717 98.6644
1917 4770 47.9549
1917 4862 35.1421
1918 3571 91.4721
1919 3933 113.511
1919 4513 60.748
1920 3173 121.402
1920 4834 65.5604
1920 5283 45.8994
1921 2044 50.0537
1921 4625 61.1525
1922 3342 67.0859
1922 3728 66.7553
1923 4929 78.7572
1923 5106 66.9089
1923 5453 64.26
1924 2426 55.679
1924 3100 109.318
1925 2910 54.1047
1925 4865 26.5263
1925 5042 129.564
1926 2252 17.3801
1926 4004 52.1326
1927 2398 14.6236
1927 3157 17.6052
1927 3298 78.5733
1927 5238 22.7966
1928 4416 103.991
1929 3262 65.3363
1930 3718 52.1632
1930 4217 70.3711
1930 4386 65.9426
1930 5616 33.0967
1931 3458 72.3733
1931 4304 30.1652
1932 2539 84.5031
1932 2883 64.231
1933 2785 24.9228
1933 3983 46.6317
1933 5452 47.7688
1934 3466 22.8957
1934 4461 88.0973
1935 2235 121.706
1935 4359 91.8617
1936 3810 20.0344
1937 3496 123.555
1937 3644 90.9098
1937 4360 51.3013
1938 2500 41.4428
1938 4613 120.426
1939 2719 37.4084
1939 3949 17.0073
1940 2684 67.9542
1940 3330 66.9965
1940 5389 29.1742
1941 2566 13.1858
1941 3763 64.5789
1941 4244 84.6915
1941 4539 111.322
1941 5356 82.4462
1942 3148 52.2677
1943 2371 84.9528
1943 2425 65.8544
1943 3416 79.1789
1943 5585 103.739
1943 5046 53.6869
1944 2608 50.9974
1944 3752 71.0605
1944 3987 53.9084
1945 2889 50.6067
1945 5529 58.5402
1946 3462 72.1594
1946 3639 33.7344
1946 4089 48.6537
1946 4720 34.1397
1947 4806 68.4536
1947 5287 64.7974
1947 5469 12.1883
1948 4003 37.4993
1948 4534 90.556
1949 3970 86.0801
1949 4454 60.5347
1950 2363 53.2506
1950 3110 18.5659
1950 5670 56.3875
1951 4216 14.6563
1951 5377 64.0438
1952 2806 59.8278
1952 3178 80.4
1952 4438 85.0554
1952 4723 104.566
1953 3449 47.7123
1953 4376 46.5751
1953 5483 74.0412
1954 2931 52.7769
1954 4811 52.0004
1955 2966 29.9976
1955 5020 47.3426
1955 5197 55.187
1956 1966 5.76916
1956 4514 25.9175
1957 5625 67.8865
1958 2678 45.9615
1958 3352 74.1617
1958 4082 78.8382
1959 2118 74.0401
1959 2711 82.0824
1959 3380 23.41
1960 2275 93.0136
1960 4897 45.4676
1961 2397 59.8592
1961 4747 37.0855
1961 5128 46.2234
1961 5362 59.8701
1962 3928 55.9897
1962 4617 38.6849
1963 4211 94.0238
1964 5106 48.9695
1964 5309 52.8029
1964 5453 41.1735
1965 3367 109.713
1965 4097 74.5621
1966 4514 23.8606
1967 4051 31.3389
1968 2119 32.1731
1968 2224 42.9177
1968 2311 95.0782
1968 2749 24.9779
1968 3202 78.0091
1969 3977 55.22
1969 4470 39.5078
1970 3536 120.779
1971 2741 38.9241
1971 3177 29.2986
1971 4801 27.8403
1971 5665 56.3324
1972 2149 157.507
1972 2494 84.6033
1972 4995 62.509
1974 4852 55.5328
1975 2053 114.138
1975 2309 89.2629
1975 2757 62.8409
1976 4090 69.8807
1976 5306 47.9725
1977 2719 45.0118
1977 3845 65.3419
1977 5361 80.5666
1978 5306 90.4477
1978 5533 94.5607
1980 2527 64.1612
1980 4251 78.522
1981 2142 40.0956
1981 3240 70.6217
1982 2706 63.1676
1982 4907 17.0861
1982 5201 50.1126
1983 2139 56.1035
1983 2880 56.9905
1983 3573 33.3723
1983 4455 78.8649
1984 4824 52.1243
1984 5142 39.4593
1985 2422 41.2595
1985 4031 24.6023
1985 5458 30.5623
1986 4035 19.1591
1986 4107 38.92
1987 3279 64.0392
1987 3834 41.4279
1987 4717 30.5485
1988 5131 98.9325
1989 3975 17.1354
1990 5033 73.3244
1990 5127 49.4071
1990 5152 56.2771
1990 5354 85.2363
1991 2591 117.261
1991 4869 34.6909
1991 5187 48.0974
1992 3843 58.4592
1992 4126 93.4896
1993 3289 82.6159
1993 4069 66.4296
1993 4078 68.99
1993 5165 29.6353
1994 4246 64.1468
1994 4745 71.8604
1995 2474 74.8322
1995 3734 66.6799
1995 4340 52.8728
1995 4435 88.9077
1995 4657 67.109
1996 3318 50.614
1996 3417 91.3026
1996 5375 60.8218
1997 2066 42.2051
1997 3197 49.418
1997 3737 54.7066
1997 5479 51.0055
1998 3373 43.7391
1999 2107 70.0572
1999 2900 51.0446
1999 3967 76.9199
1999 4268 89.8035
2000 2838 77.1596
2000 3199 56.2642
2000 4177 65.1081
2001 2481 68.8166
2001 2654 40.0448
2001 5472 106.32
2001 5563 20.551
2002 2694 75.4198
2003 4803 46.8644
2004 2141 61.1525
2004 2465 44.6601
2004 3284 50.4332
2005 2257 38.194
2005 3313 17.4739
2006 3531 106.687
2006 4217 72.1469
2007 2122 59.7277
2007 4576 105.992
2007 5615 62.0674
2008 3704 13.4881
2008 5406 59.2478
2009 2601 65.4005
2009 2741 47.0918
2009 3557 109.625
2009 3897 79.2673
2009 5534 79.5949
2010 2827 86.0402
2010 4101 59.3004
2010 5480 78.7048
2011 2981 25.673
2011 3655 55.7868
2011 4172 59.3121
2011 5427 34.033
2012 2462 91.8133
2012 2476 20.1543
2012 2576 67.0913
2013 2164 90.9587
2013 2898 72.8958
2013 5528 64.9666
2014 2237 90.942
2014 4281 50.3281
2014 5045 64.5921
2015 3484 42.6928
2015 4085 90.1076
2015 5060 64.7088
2016 2434 96.4182
2016 2784 72.4873
2016 3135 117.446
2017 2920 36.7067
2017 3990 75.2117
2017 4608 52.8889
2018 2190 55.872
2018 3732 83.1993
2019 2135 103.395
2019 2779 34.77
2019 3836 63.7709
2019 4497 107.986
2021 3127 79.9322
2021 5556 72.7277
2022 4384 57.4861
2022 4529 49.1266
2022 4955 55.9164
2022 5642 51.7721
2023 3458 138.073
2024 2827 111.355
2024 4893 73.4464
2025 2061 61.1146
2026 2382 33.7094
2027 3507 32.5959
2027 4607 36.9992
2027 4978 66.8926
2028 4069 64.0214
2029 3273 75.2328
2029 4841 60.1484
2030 2444 92.602
2030 4636 99.8669
2030 4672 70.879
2031 3479 44.6728
2031 3617 35.204
2031 5643 15.8696
2032 2240 53.3571
2032 2973 72.9222
2032 4984 50.3345
2033 4436 42.653
2033 4688 100.244
2034 3670 39.7866
2034 4555 23.6663
2035 2046 93.1402
2035 2909 8.82136
2035 4190 54.0031
2036 3464 74.8335
2036 3542 70.7153
2036 3781 28.4217
2037 3452 39.9929
2037 3694 18.5855
2037 5606 39.2104
2038 3899 81.4231
2038 4311 68.9463
2038 4694 65.8943
2039 3632 35.9719
2039 4858 12.3048
2040 2938 48.7927
2040 5054 125.718
2041 3853 57.0128
2041 4368 57.359
2041 4682 58.7928
2042 2098 51.9632
2042 5574 34.1536
2043 2484 74.0518
2043 3803 30.7364
2043 5540 67.9666
2044 3541 69.1071
2045 3860 37.8636
2045 5482 37.9729
2046 2650 33.4693
2046 2664 45.7063
2046 2909 81.5065
2047 2622 68.4244
2047 4213 37.9642
2047 4354 70.3447
2047 4515 46.4023
2047 4949 53.4446
2048 4155 97.0816
2048 5058 93.5355
2048 5206 56.9081
2048 5611 114.37
2049 2609 18.4025
2049 3624 80.0563
2049 5381 50.9503
2050 2132 53.785
2050 3776 57.0625
2050 5417 50.9172
2051 2754 51.8683
2051 3587 47.8178
2052 2994 15.4812
2052 3877 49.4501
2053 2309 16.5213
2053 4223 84.0417
2054 2408 58.2309
2054 3688 9.02002
2054 4903 60.6958
2055 2106 21.2696
2055 2384 49.1978
2055 3648 85.3949
2056 5128 118.937
2057 3213 67.9271
2057 3978 26.3137
2058 2265 30.8368
2058 3206 38.4995
2058 3791 54.9038
2058 4074 93.7253
2059 2260 52.8174
2059 3036 95.4123
2059 5248 78.9136
2060 2153 5.55328
2060 2950 23.0798
2060 4116 27.8908
2060 4654 31.3071
2061 4360 90.4947
2062 2220 88.428
2062 2469 39.0338
2062 3590 52.3071
2062 4018 87.206
2062 5647 76.4066
2063 3288 49.5881
2064 2195 87.1772
2064 2415 41.3679
2064 3275 63.6826
2064 5463 19.7238
2065 2365 22.6096
2065 2927 39.2424
2065 4425 93.4213
2066 5479 63.1043
2067 3267 13.8575
2067 3751 41.6593
2068 2244 66.1721
2068 3185 26.0634
2068 4763 110.846
2069 2956 81.5092
2069 4465 53.8216
2069 5682 76.9243
2070 2561 84.591
2070 3343 13.4282
2071 3493 27.5857
2071 4046 64.3366
2071 4864 28.9156
2071 5407 21.3155
2072 3229 30.3731
2072 4218 102.33
2073 4441 39.5598
2073 4994 46.593
2073 5673 53.6429
2074 4141 57.095
2074 4419 70.1838
2074 5418 69.4246
2074 5663 37.0033
2075 2760 47.9879
2075 4124 102.684
2076 2179 90.3116
2076 2573 23.3388
2076 3154 56.364
2076 5161 39.3714
2077 2146 27.6664
2078 2129 79.061
2078 3570 60.3873
2078 3989 69.7822
2079 4135 31.8672
2079 5528 69.47
2079 5603 81.6414
2080 2223 47.7013
2080 2679 27.8746
2080 2703 73.5384
2081 4614 100.226
2081 4709 96.7222
2081 5066 52.752
2082 3829 64.8501
2082 4914 95.8104
2082 5539 95.1314
2083 2995 88.3785
2084 2455 31.0129
2084 4117 55.8106
2084 5551 46.7952
2085 2905 45.0523
2085 5470 34.8811
2086 2994 91.7035
2086 5274 82.449
2087 2103 31.3091
2087 3335 49.9131
2087 4956 30.189
2088 4009 64.7986
2088 4185 18.6398
2089 4291 57.9727
2090 2204 70.668
2090 3163 79.2924
2090 5081 93.7246
2090 5626 85.8915
2091 2790 34.6759
2091 4564 85.8064
2091 5249 67.431
2092 3529 82.1302
2092 5604 36.5226
2093 3029 57.63
2093 3736 50.2423
2093 4917 48.0199
2094 3250 3.75751
2095 2843 36.0446
2097 2866 87.5326
2097 3872 38.4537
2097 4925 61.5083
2098 3877 112.422
2099 2159 18.8377
2099 5351 89.8417
2100 2772 100.328
2100 3962 141.535
2101 2726 87.4339
2101 2789 53.4377
2101 3572 52.0913
2101 4659 55.0081
2102 3305 37.3537
2103 3335 68.0868
2103 4956 62.5322
2104 2303 117.179
2104 4924 85.5293
2105 2757 35.5907
2105 3227 50.1717
2106 2384 32.3262
2107 2900 86.2261
2108 2795 37.0031
2108 4459 115.822
2109 3608 121.732
2109 4149 42.2732
2109 4664 98.9257
2110 3649 56.0173
2110 4640 48.6809
2110 4712 16.87
2110 5300 81.4376
2111 3257 39.1482
2111 4482 52.9342
2111 4547 60.6941
2112 3918 21.2393
2112 4201 84.7894
2113 3868 86.8644
2113 4434 44.7041
2114 4373 81.0807
2115 4431 65.2375
2115 4787 56.2479
2115 4967 57.7769
2116 2957 34.1302
2116 3221 59.6758
2116 4012 26.6585
2117 2632 50.3832
2117 2948 52.727
2117 4479 45.4561
2118 2259 69.6352
2118 3124 80.2696
2119 2224 58.9581
2119 2749 55.8544
2119 3202 19.364
2119 4729 86.116
2120 4190 60.9554
2121 2381 67.5128
2121 2999 55.7457
2121 3893 57.9107
2122 4576 60.8695
2122 5558 70.8602
2123 2266 76.6881
2123 4077 36.9118
2124 3247 75.0645
2124 3618 84.8316
2124 4083 65.6311
2125 3409 40.915
2125 4562 32.1937
2126 3169 2.452
2126 4656 63.183
2127 3038 43.0942
2127 3650 61.2877
2127 4720 75.0341
2127 5023 59.3805
2127 5571 82.278
2128 5287 103.876
2129 3384 84.3845
2130 5672 34.7289
2131 2387 48.0153
2131 2448 79.3369
2131 5477 69.0538
2132 2324 140.657
2132 5176 71.2893
2133 3414 62.2431
2133 3855 68.3873
2133 4490 56.2132
2134 2687 49.7277
2134 2701 45.8314
2134 4638 16.3399
2135 2779 74.4007
2135 3836 60.9922
2135 4497 110.279
2136 3312 75.4443
2137 5549 64.8918
2138 2971 52.8435
2138 3276 84.7356
2138 4493 55.041
2139 2383 55.0121
2139 2483 57.2688
2139 4999 55.5935
2140 4788 74.0654
2141 2465 56.751
2141 3284 41.368
2142 2402 104.215
2143 2836 42.3407
2143 3846 59.7317
2143 5569 34.9428
2144 3074 68.4461
2144 4264 27.9866
2145 4825 46.4707
2145 4932 23.0123
2145 5400 18.7547
2146 2982 88.1977
2147 2416 117.454
2147 5541 79.1886
2148 3371 46.4636
2148 5403 58.8797
2149 4985 69.855
2150 3714 128.715
2150 4115 73.9157
2150 5512 72.1876
2151 3608 55.4583
2152 3371 67.9968
2152 4502 122.744
2153 2950 38.321
2153 4116 49.1917
2153 4654 24.4473
2154 3931 75.3326
2154 4102 51.7331
2154 4742 62.8227
2155 2214 33.8711
2155 2816 101.495
2156 3069 64.9696
2156 3540 82.1228
2156 4170 26.4769
2156 5679 40.9677
2157 2303 108.24
2157 3005 140.143
2157 3594 56.2629
2158 2753 62.5522
2158 3201 56.0034
2158 3952 48.7057
2158 5016 59.6849
2159 2359 88.0314
2160 3620 15.6266
2160 4838 45.4422
2160 5067 28.0119
2161 2361 51.0079
2161 3667 44.1493
2162 3323 63.9431
2162 3719 27.9554
2163 4029 133.21
2164 4342 51.2444
2165 2285 43.5667
2167 2965 95.3559
2167 3895 47.002
2167 4660 65.8512
2167 4860 35.4142
2168 2912 52.6792
2168 3578 56.1152
2168 3899 86.8992
2168 4311 66.9798
2169 4547 79.6543
2169 5525 76.7162
2169 5532 65.0542
2170 2786 61.2688
2170 3076 47.7522
2170 3833 28.5695
2170 5566 25.8464
2171 2829 22.0419
2171 4463 55.5255
2171 5188 51.1807
2172 2205 67.8947
2172 4655 84.6548
2173 2199 110.016
2173 4582 39.357
2173 4634 59.8934
2173 5516 81.3285
2174 2755 106.963
2174 3827 25.5339
2174 5378 16.9441
2175 2694 84.7687
2177 2796 74.5377
2178 3137 22.9578
2178 3395 47.8705
2178 3413 17.3781
2179 2529 21.8026
2179 3154 4.07303
2180 4644 78.4256
2180 5606 63.728
2181 4450 74.859
2182 4988 90.4116
2182 5322 58.7681
2183 2692 18.6549
2183 4383 63.8244
2184 4256 46.1527
2184 4337 86.0832
2185 3439 113.1
2186 4430 102.63
2186 4444 41.7299
2186 5109 58.4635
2186 5254 144.212
2187 2563 71.9354
2187 3421 63.6072
2187 4885 56.5989
2187 5312 113.142
2188 2590 68.5756
2188 5232 49.1104
2189 2696 13.2573
2189 4423 103.693
2190 3732 37.4981
2191 2314 27.5331
2191 4410 81.6475
2191 5349 28.2064
2192 2850 60.2721
2192 3956 43.5308
2192 4277 70.0616
2193 2733 38.0446
2193 2911 53.9761
2193 4222 25.8583
2194 3291 7.03523
2194 3415 33.1766
2194 5311 94.8609
2195 3199 31.4948
2196 3222 78.8728
2196 3690 77.3755
2196 4135 117.989
2197 4878 48.2171
2197 5401 61.9197
2198 4079 73.3367
2198 4403 97.7825
2198 4426 93.9272
2199 2924 105.226
2199 4634 25.1161
2200 2817 40.4655
2200 3699 10.3007
2200 4751 23.6498
2201 2275 37.5865
2201 2944 54.1023
2201 3636 60.908
2202 4796 49.8334
2203 3204 87.6532
2203 3314 75.9135
2203 4969 43.2093
2204 5081 73.9449
2204 5451 35.4314
2205 2396 12.2713
2205 4751 53.7316
2205 5113 42.5701
2206 4332 83.5803
2206 4869 96.1991
2206 5198 80.4723
2207 3007 135.337
2207 3115 63.4457
2208 3805 82.9152
2208 4381 68.0898
2208 4702 31.3123
2208 5320 25.5804
2209 3422 29.1167
2210 3041 71.4059
2210 4746 40.3719
2211 3275 47.0553
2211 4250 93.7278
2211 4309 46.4601
2212 2498 46.744
2212 4281 51.9075
2212 4533 30.3246
2213 3916 50.0253
2213 4269 26.5719
2213 4848 50.6759
2213 5256 93.0967
2215 2863 32.9386
2215 3024 53.6319
2215 4066 79.7422
2216 2814 24.5458
2216 2969 49.4131
2216 4329 30.2783
2216 5082 53.7206
2217 2390 68.5305
2217 3535 40.4287
2217 4093 30.4858
2217 5053 10.8533
2218 3191 43.276
2218 3255 28.5127
2218 4591 67.3023
2219 3065 57.2309
2219 4492 56.3517
2219 4802 53.546
2220 2915 85.9914
2220 3919 54.9214
2220 4018 19.1441
2221 2509 50.1903
2221 5252 20.4554
2222 3741 13.6132
2222 4546 30.789
2223 2875 46.6449
2223 4779 72.7557
2224 2749 20.4649
2224 5667 54.8946
2225 2750 134.957
2225 3665 72.8601
2226 2561 60.3589
2226 3973 27.1646
2226 4016 37.4552
2227 3574 51.0821
2228 2681 87.7797
2228 3141 91.9031
2228 4194 71.7857
2228 5003 52.3014
2228 5413 56.2394
2229 4720 49.0965
2229 5023 114.986
2230 4072 54.907
2230 4464 100.678
2231 4414 56.7021
2231 5265 46.3493
2233 3490 52.916
2233 3569 19.7897
2234 2522 50.1848
2234 3304 85.7018
2235 2661 26.8765
2235 3627 35.4495
2235 5547 69.8861
2236 2631 83.3687
2236 3232 78.944
2236 3997 99.9944
2237 2498 62.1901
2237 4281 73.5079
2237 4533 33.0408
2238 3001 72.9085
2238 4537 37.6444
2239 2874 58.9335
2239 4077 94.3496
2239 5473 65.216
2240 2973 62.3119
2240 3131 88.8958
2240 4566 43.7319
2240 4951 65.142
2240 4984 33.3472
2241 4341 28.5024
2241 4986 66.5671
2241 5641 58.5056
2242 2283 16.4087
2242 3142 72.8558
2243 3891 116.042
2243 4477 77.8355
2245 3408 39.914
2245 3691 95.8714
2245 5651 54.3805
2246 3633 135.077
2246 5654 108.033
2247 5204 83.6151
2248 3053 65.0337
2248 5491 37.9708
2249 2423 6.74697
2249 3130 26.1721
2249 5432 94.3931
2250 2756 149.206
2250 2921 83.6961
2250 4333 53.9803
2251 3244 103.421
2251 4950 77.5243
2252 4004 65.7424
2253 3236 29.9612
2253 4842 15.4328
2254 3538 74.6226
2254 3829 64.444
2254 5539 24.6462
2254 5554 50.0498
2255 3509 51.8479
2255 4367 31.9945
2256 2670 68.8124
2256 4090 61.0544
2256 5287 59.9128
2257 3096 28.7131
2257 3313 11.5706
2258 4290 40.6809
2258 4574 69.358
2258 4798 102.963
2259 3124 89.8197
2259 4854 62.447
2260 3036 107.707
2260 4060 67.7622
2260 4866 101.439
2261 3767 85.0739
2261 3878 85.4988
2261 3903 61.051
2261 4610 62.1132
2262 2734 12.3299
2262 2942 63.6843
2262 3153 54.7787
2263 3581 37.0374
2263 4139 52.6895
2264 2858 64.2924
2264 3067 69.4215
2264 5075 68.4546
2265 3206 43.8895
2266 4429 60.1666
2267 2614 68.4867
2267 4531 63.2817
2267 4715 44.6851
2267 4943 83.0799
2268 5123 15.6571
2268 5184 53.1857
2269 4133 56.5427
2269 4937 34.6052
2270 2551 45.2775
2270 3598 54.1296
2270 3981 52.0689
2270 4784 39.8171
2271 3285 69.1847
2271 3622 44.2388
2272 4469 67.5816
2273 2724 13.9371
2273 2791 13.5867
2273 4178 32.909
2274 3664 84.3215
2275 2944 16.9022
2276 4549 55.9868
2277 2364 18.3732
2277 5129 100.825
2278 3835 94.674
2279 3224 33.6934
2280 2281 27.46
2280 3472 59.1239
2280 4475 5.56355
2281 3472 47.5124
2281 4475 38.9378
2282 4133 66.1296
2283 3142 67.1576
2284 3323 95.6032
2284 4016 54.8173
2284 5168 96.9384
2285 2599 121.83
2286 2671 40.9674
2286 3404 69.092
2286 4718 16.6931
2287 3639 63.3695
2287 4013 9.328
2288 3176 80.0074
2288 5179 68.4982
2289 2410 92.5581
2290 4035 86.4076
2290 4107 38.7036
2291 4550 52.0509
2292 5252 48.8604
2292 5610 44.7159
2294 3122 35.7697
2294 3442 42.4063
2294 3760 98.5025
2295 3389 17.9447
2296 2336 13.9342
2296 3475 32.7301
2296 3626 16.0571
2297 2504 54.802
2297 3406 111.521
2297 4158 116.322
2297 4532 74.1723
2298 2555 84.2955
2299 3660 110.286
2300 3030 82.8842
2300 4863 64.8392
2301 2952 69.3888
2301 3114 47.1958
2302 4950 34.5375
2303 4783 68.2946
2303 4924 85.1431
2304 4284 44.5593
2305 5552 39.0453
2306 2550 38.1683
2306 3274 79.0883
2306 4452 79.419
2307 3812 46.708
2307 3821 40.2154
2307 3993 56.5298
2308 2989 43.3484
2308 4760 51.0743
2308 4878 75.0806
2308 5197 65.361
2308 5646 70.5025
2308 5655 50.703
2309 4294 98.3556
2310 3087 33.4979
2311 3405 113.71
2311 3727 69.8234
2313 4331 77.1988
2313 5445 99.3507
2314 5349 20.8308
2314 5394 53.8263
2315 5139 39.4545
2316 4864 58.7352
2317 2819 58.9744
2317 3045 34.1982
2317 4565 58.3189
2318 3683 79.4025
2318 4902 46.158
2319 3428 75.3128
2319 4947 82.017
2320 2904 65.1995
2320 3333 22.0938
2320 4171 39.9316
2321 2884 34.9759
2321 3430 38.6197
2321 3434 83.7956
2321 3745 20.9321
2322 4291 60.2011
2322 4594 52.8017
2323 4473 38.5371
2323 4775 10.6608
2324 4255 24.7456
2324 5096 48.192
2324 5176 48.2257
2324 5272 97.1898
2324 5613 32.6224
2325 2606 83.3032
2325 4257 83.5282
2326 3150 59.5075
2326 3926 56.0675
2326 5145 114.142
2327 3278 37.7124
2327 3351 84.3262
2327 3748 78.4897
2328 2638 69.6547
2328 3145 36.6965
2328 5068 68.4204
2329 2470 69.0333
2329 3923 75.7973
2330 2331 9.70396
2330 3596 91.7853
2331 3596 71.5715
2332 2343 46.5661
2332 3211 88.6629
2332 4174 62.7247
2332 5253 150.869
2333 4631 59.1499
2333 4722 53.0425
2334 2514 76.9315
2335 4365 92.7579
2335 5562 87.1901
2336 3475 15.2334
2336 3626 7.54499
2337 3721 60.4428
2337 4063 19.8027
2337 4923 47.7333
2338 3240 71.7317
2338 4299 71.1063
2339 2374 49.5425
2339 4111 78.1408
2339 4703 76.4495
2340 2929 63.5295
2340 3435 41.3538
2341 3108 38.9676
2341 3162 44.0876
2341 4927 17.7542
2341 5050 122.77
2342 2751 64.9165
2342 5653 14.6032
2343 2468 99.1886
2344 2689 111.949
2344 3084 86.1626
2344 5553 10.4763
2345 2553 87.6155
2345 2941 33.0301
2345 4681 95.4586
2346 2521 49.4642
2346 3387 78.4655
2346 5451 91.8797
2347 2734 75.8674
2347 2782 72.7428
2347 3153 16.4243
2347 5418 63.8656
2348 3247 46.3528
2348 4325 20.8095
2349 2541 52.2385
2349 3171 37.7549
2349 3517 63.7587
2350 2495 74.2271
2350 3342 71.4307
2350 4377 64.3686
2351 3572 91.3883
2351 4659 65.6752
2351 5241 52.1968
2352 2482 89.6879
2352 2766 75.1823
2352 5648 36.1291
2353 4262 69.7088
2353 5008 73.5183
2353 5402 46.6816
2355 2899 120.553
2355 3125 56.1648
2355 3393 91.4433
2355 4267 57.626
2355 4809 47.6715
2356 3617 79.6327
2356 5523 13.8199
2357 4457 63.7545
2358 2372 47.5498
2358 5365 43.2771
2358 5508 9.7814
2359 3146 35.9232
2360 3549 127.293
2362 3476 66.2726
2362 4053 72.2071
2362 4274 97.8072
2363 3110 62.8957
2363 5670 30.3809
2364 3157 100.946
2364 5129 66.1231
2365 2927 21.067
2365 4425 62.9364
2366 2524 58.4176
2366 2583 42.2441
2366 4571 62.5718
2367 3147 67.0162
2367 4766 105.835
2368 3465 60.5776
2368 4220 95.0421
2368 5557 28.9273
2369 3415 84.6086
2369 3494 93.8291
2369 4290 55.0835
2371 3416 23.7709
2372 5365 0.950302
2372 5508 56.1588
2373 3197 82.0279
2374 3492 37.5625
2374 3906 63.8305
2374 4111 78.1155
2375 4219 78.2444
2375 5172 94.6667
2376 3280 29.3604
2377 2809 29.1846
2377 4032 54.5063
2378 4899 27.4203
2379 3720 67.8696
2379 3805 95.1941
2380 2715 56.8803
2380 4322 96.2865
2380 5515 119.33
2381 3526 27.759
2381 4711 110.247
2381 5228 60.1684
2382 5609 110.656
2383 2483 8.76636
2385 2720 66.6973
2385 4516 57.0346
2385 5230 65.5389
2386 3570 105.665
2386 3927 52.9011
2386 5566 112.485
2387 3749 33.4271
2387 4037 36.0154
2387 5154 79.3062
2387 5477 6.88142
2388 3032 68.2835
2388 4657 28.8591
2388 5191 44.036
2389 2974 67.9832
2389 3304 21.748
2390 2870 92.9324
2390 5053 84.6992
2390 5465 144.488
2391 2597 73.8436
2391 4508 86.3877
2392 2917 99.4024
2392 3672 100.865
2393 2481 64.8838
2393 3436 67.1899
2393 4068 35.6614
2394 2496 53.5492
2395 2538 56.4818
2395 3126 70.1354
2395 5212 64.4636
2396 4751 42.2275
2396 5085 49.2811
2397 5128 104.133
2398 3157 43.4647
2398 3298 57.493
2398 5238 23.9899
2399 4258 54.8847
2399 4931 61.0408
2399 5340 86.2394
2399 5347 65.3975
2400 4995 40.1498
2400 5549 123.831
2401 4984 60.3593
2402 2757 60.1513
2403 4749 58.2167
2404 3612 78.354
2405 3192 50.989
2405 5645 57.3192
2406 5157 43.9357
2407 2588 7.24463
2407 5194 28.0134
2408 3080 57.8939
2408 3688 62.7923
2408 5635 57.9784
2409 3424 94.6297
2409 4681 86.5691
2410 4413 33.2898
2411 3147 52.8774
2412 2617 15.93
2413 3342 102.239
2413 3403 88.0218
2414 4138 87.7717
2415 3912 88.8073
2415 4250 47.268
2415 5463 52.1158
2416 3880 67.8339
2416 5541 96.6956
2417 3367 55.6245
2417 3753 84.3943
2417 4726 63.3775
2418 3000 20.256
2418 3651 84.4463
2419 4373 75.1628
2420 2750 73.775
2420 3170 73.9249
2420 3500 70.0684
2420 5219 96.9639
2421 3213 23.4098
2421 3978 71.2237
2422 2537 80.634
2422 4031 69.6407
2422 5458 28.7055
2423 3130 31.7933
2424 3393 91.5978
2424 5599 51.1083
2425 5585 23.0936
2426 3896 74.6784
2427 5243 166.297
2427 5627 75.1538
2428 4047 58.1811
2428 5028 31.9819
2429 3729 92.7549
2429 4100 18.5878
2429 5430 79.4143
2429 5680 34.7458
2430 2482 59.4197
2430 3588 136.413
2431 5332 51.4728
2431 5364 60.4895
2432 3033 54.4957
2432 3653 39.1974
2432 4530 40.9573
2432 5236 23.4073
2433 4248 99.6836
2434 2446 56.7649
2434 2967 57.7944
2434 3135 30.0764
2434 3372 29.3675
2435 2729 75.2043
2435 3058 87.6857
2435 3139 84.963
2435 4054 72.7387
2436 2461 75.5319
2436 3824 36.8736
2437 4161 101.407
2437 4489 92.0671
2437 5182 86.9146
2438 2654 51.2939
2438 3191 59.1114
2439 2663 45.2479
2439 3301 76.3989
2439 3910 51.6311
2439 5124 45.6796
2440 2575 51.7021
2440 4316 83.9555
2441 4125 94.9327
2441 5236 108.199
2441 5507 22.9677
2442 3179 33.8355
2442 4007 69.0517
2442 4027 36.1652
2443 3083 100.267
2443 4828 20.947
2445 3806 61.5019
2445 3974 39.6788
2445 3994 54.5725
2445 4759 73.7165
2446 2634 53.8541
2446 3135 43.9869
2446 3372 33.5047
2447 4498 20.1468
2447 5062 55.7408
2448 4212 44.6491
2448 4707 8.71891
2449 4600 82.2255
2449 4624 50.9708
2450 3140 66.3671
2450 4925 81.1716
2451 3109 68.4261
2451 4961 38.3595
2452 2585 76.8253
2452 2848 22.3824
2452 4970 49.7356
2452 5499 50.7395
2453 2623 100.526
2453 4407 40.2158
2453 4675 17.4262
2454 5568 56.0832
2454 5598 61.0444
2455 3388 28.731
2455 5551 63.9947
2456 4308 115.482
2456 4725 76.5632
2457 2934 40.7122
2458 5201 84.4754
2460 3005 37.1787
2460 3594 128.484
2460 3684 48.2621
2462 2576 61.2385
2462 5293 66.4945
2462 5594 125.58
2463 4883 84.1212
2463 5384 61.5465
2464 2949 64.338
2464 4798 28.3118
2465 2589 57.3782
2465 3284 6.97686
2466 2616 20.1125
2466 3654 50.6763
2467 3793 81.9769
2467 4176 77.4713
2468 3926 81.7132
2469 3590 53.5646
2470 2993 82.5293
2470 4970 55.6341
2471 2751 62.4625
2471 3827 53.0562
2471 3907 71.7048
2472 3064 55.2625
2472 3712 76.0015
2472 4019 41.1819
2472 4953 72.8575
2473 4245 58.4299
2473 5438 19.9619
2474 3032 19.6527
2474 3203 54.0025
2474 4657 50.9605
2475 2576 72.1927
2476 2576 75.7312
2476 3480 101.725
2477 4302 30.0693
2477 4366 93.1911
2477 5462 58.5028
2478 2874 74.7303
2478 4077 54.5645
2479 2775 51.2947
2479 2914 105.13
2481 2654 43.9859
2481 4068 58.844
2481 5563 44.1525
2482 5648 92.7954
2484 3803 28.0708
2485 5028 90.07
2485 5133 75.7607
2486 2958 44.8682
2486 3606 78.6475
2487 4525 57.0014
2487 5092 35.2771
2488 3991 40.5536
2488 5597 53.9898
2489 4748 52.8124
2490 3246 92.0665
2490 3646 111.669
2490 3780 47.3577
2491 3503 58.6376
2491 3955 51.1697
2491 4147 45.8574
2492 3820 117.754
2492 4676 31.1466
2493 3592 79.7252
2493 4318 78.7275
2493 5226 84.4167
2494 3537 43.2245
2494 4995 97.6272
2495 4377 27.1218
2496 3522 69.76
2496 4769 54.9839
2497 3156 34.578
2497 4030 40.0931
2497 4783 64.3706
2498 4533 41.7081
2499 3047 115.564
2499 3783 59.2968
2499 4739 120.427
2500 2653 44.9085
2500 4613 38.1328
2501 3345 45.8156
2501 3924 68.8281
2501 4211 36.1751
2502 5020 57.9911
2503 3214 75.2019
2503 4209 61.589
2503 4916 29.8112
2504 3356 55.753
2504 3406 115.452
2505 4215 67.1384
2506 5054 85.3955
2506 5440 26.7155
2507 2798 75.7103
2507 5248 59.2255
2508 3369 92.0104
2508 5094 39.3317
2508 5560 50.4259
2509 2865 23.6798
2510 2670 51.7917
2510 3501 37.067
2510 3543 52.6112
2510 3982 27.739
2510 4980 31.6306
2511 2751 79.4834
2511 5110 21.5899
2512 3300 52.7378
2513 2943 52.9895
2513 2978 84.9006
2513 4509 115.449
2514 3361 54.2763
2515 3017 57.1622
2515 4352 26.9383
2516 3778 89.2825
2516 3842 54.8113
2517 2606 48.1901
2517 5400 102.128
2518 5087 37.7963
2519 3922 53.7081
2519 4321 31.9358
2519 4374 67.6268
2520 2843 77.9658
2520 5546 66.7046
2521 5451 63.1951
2522 3670 75.3542
2523 3306 86.3285
2523 3375 110.323
2524 2583 78.0491
2524 3701 123.533
2524 4814 51.3755
2526 4448 203.077
2526 4687 134.894
2527 2962 112.038
2527 3059 40.9005
2527 4251 53.3683
2528 3322 98.9699
2528 3611 49.286
2529 3154 16.0659
2530 2741 78.9297
2530 2781 49.66
2531 4099 47.1991
2531 4148 13.7085
2531 5189 47.0663
2532 4927 56.702
2532 5213 48.4908
2532 5624 40.2574
2533 2728 17.7293
2533 5001 110.016
2533 5120 31.8941
2535 4087 47.2225
2536 3159 35.5407
2536 3440 22.4795
2536 3961 18.3999
2536 4629 14.071
2536 4819 56.5744
2537 2999 50.8355
2537 5466 82.4047
2538 5076 66.7444
2538 5212 17.1053
2540 2982 70.988
2540 3762 95.5791
2541 3425 33.4684
2541 5449 68.7381
2542 2913 65.1309
2542 3643 58.4097
2542 4055 48.0369
2542 4830 8.13635
2542 4875 56.6756
2543 3310 57.3301
2543 5437 70.9963
2544 2950 83.9692
2544 2951 15.9149
2546 2781 56.6317
2546 3435 47.2019
2547 3220 99.8966
2547 5345 53.6236
2548 3263 41.6528
2548 4963 104.49
2548 5235 89.9453
2549 3308 18.241
2549 3374 67.224
2549 3838 41.2966
2550 4452 65.8807
2551 2818 57.9673
2551 2964 80.4191
2551 3391 37.4928
2551 4784 17.0368
2552 2574 88.4911
2552 4669 106.801
2552 5073 110.069
2553 2986 112.247
2553 3856 43.6275
2554 2663 99.9886
2555 4816 54.962
2556 3599 107.356
2556 5380 82.4804
2557 4848 12.3649
2557 5577 0.644993
2557 5595 22.1999
2558 3392 120.215
2558 3857 55.0482
2559 4349 89.9199
2560 2623 56.8194
2560 3297 57.5184
2560 4407 62.6314
2560 5286 86.5072
2560 5660 55.2233
2561 3343 110.488
2562 2686 36.8338
2562 3127 18.4504
2562 5556 5.43935
2563 2938 65.7013
2563 4885 88.8645
2564 5055 12.1454
2565 4094 53.4186
2565 4313 50.7386
2565 5429 47.3849
2566 3763 118.419
2566 4244 67.9555
2566 5006 73.1687
2566 5356 40.1114
2567 4964 99.0263
2567 5153 45.6589
2568 2979 49.9473
2568 3268 42.158
2568 4662 15.1163
2569 3652 86.4137
2569 4639 15.6889
2569 5513 85.0745
2570 2770 15.5244
2570 3711 67.0894
2571 3700 101.15
2571 4048 85.7969
2571 4632 26.0686
2572 5050 120.975
2573 3144 86.2303
2573 5161 12.2236
2574 3186 45.7798
2575 2746 35.8274
2575 3702 65.3325
2575 4316 22.3809
2577 2882 68.5398
2577 4317 9.95215
2577 5584 8.9338
2578 3668 18.1466
2578 5683 38.5381
2579 3669 86.3141
2579 4962 70.3381
2580 3027 85.8416
2580 3977 91.8375
2580 4750 86.0496
2582 3768 22.7357
2582 4205 80.7707
2583 2672 42.1004
2583 4814 80.4697
2584 3079 63.1645
2585 2848 69.1024
2585 4911 11.2308
2586 3215 36.415
2586 4209 93.5183
2587 4234 100.805
2587 4345 60.121
2587 4596 66.6646
2588 5194 36.1891
2589 3284 70.9585
2589 4076 62.195
2590 4297 21.0916
2591 3426 89.2621
2591 5526 76.8333
2592 3462 100.602
2592 4507 64.4575
2592 4710 181.165
2593 2850 33.7183
2594 2945 28.5734
2594 3374 20.5952
2594 3713 55.8921
2594 4563 33.5519
2595 4544 63.7491
2595 5300 116.472
2596 4339 67.1045
2596 4454 121.966
2597 2986 68.4331
2597 4508 33.6218
2598 3086 76.5629
2598 3290 47.2401
2598 4084 37.5321
2599 2705 34.5443
2599 2847 48.8255
2600 3509 73.6879
2601 3897 49.5948
2601 4833 74.3566
2602 4476 33.0713
2602 4993 106.235
2603 4356 58.5618
2603 4545 60.9718
2603 5220 67.6196
2604 4038 80.0719
2604 4680 56.1612
2605 2739 72.3416
2605 4993 51.7234
2607 3133 76.7621
2607 4079 62.5496
2607 4426 54.0542
2607 5430 45.0025
2608 2883 51.9657
2609 3624 78.4877
2609 5381 65.1677
2609 5409 94.6989
2609 5570 113.915
2610 4794 24.6871
2611 3368 56.0117
2611 3514 75.8387
2612 4005 19.3256
2612 4622 54.9465
2613 4776 50.3149
2613 5493 85.552
2614 4715 51.4014
2615 3614 83.8892
2615 5567 85.2814
2616 3654 62.0714
2618 2620 54.5392
2618 3315 82.1851
2618 3870 115.256
2618 4138 79.1385
2619 2865 48.2524
2619 3711 37.8658
2619 4671 122.308
2619 5355 95.4157
2620 3870 35.425
2621 3613 51.5656
2622 4354 24.7643
2623 4675 61.8492
2623 5660 37.7116
2624 2997 54.0939
2624 5235 58.9049
2625 4786 111.78
2627 3394 87.6628
2627 3871 22.1259
2627 4221 52.2653
2627 4353 53.0844
2628 3787 58.5593
2628 4121 55.6436
2628 4628 64.4478
2629 4917 65.7652
2631 3997 39.118
2631 5435 50.6833
2632 2948 30.0096
2633 3146 70.8045
2633 5351 75.4185
2634 3372 43.777
2634 5273 78.5541
2635 2952 59.0218
2635 3114 53.2047
2635 3874 9.71641
2635 4799 51.7468
2636 2922 75.5428
2636 4567 103.321
2636 4788 62.8188
2637 3523 3.73451
2637 4575 76.8613
2638 2708 71.9126
2638 5387 59.9319
2639 3868 55.6988
2639 3940 98.0734
2640 2895 50.6575
2640 5061 90.5313
2640 5420 42.6896
2641 3362 59.9152
2641 5478 44.6735
2641 5494 56.3875
2642 2732 31.5803
2642 3164 26.9447
2642 5093 69.4264
2643 2942 44.5553
2643 2996 49.216
2643 5149 26.4673
2644 3070 46.2974
2644 3240 16.9784
2644 4299 55.4348
2645 4746 87.3972
2646 4857 23.6279
2647 4768 48.4677
2647 5350 83.8369
2648 2882 19.2828
2648 4615 38.91
2648 5584 63.474
2649 4802 95.6288
2649 5045 32.1193
2649 5343 19.0783
2650 2664 70.3781
2650 4121 104.793
2651 3379 62.4423
2651 3585 55.4063
2651 3589 63.5945
2651 5612 45.7035
2652 3474 37.3443
2652 4272 6.61756
2652 5104 31.212
2653 4183 96.9785
2653 4613 29.7748
2653 4738 61.6954
2654 5563 36.1107
2655 3306 62.7069
2655 3376 80.9695
2655 3437 80.3102
2656 2833 32.1231
2656 4379 66.5116
2656 5029 103.134
2656 5255 39.8405
2656 5471 141.917
2657 3159 57.845
2658 5091 68.0233
2659 3537 46.8184
2659 5177 22.522
2660 3777 55.1805
2660 3968 63.116
2660 4283 55.5141
2660 4737 45.3053
2660 5327 63.7348
2661 3627 37.6421
2661 3786 46.6
2661 4359 53.2797
2661 5547 56.3031
2662 2983 46.3155
2662 3286 120.84
2662 4732 14.5768
2663 3301 57.7968
2663 3910 61.1458
2664 3761 58.065
2664 4504 80.5139
2665 2939 57.8639
2665 4048 38.6887
2665 4632 97.8443
2666 2780 84.4407
2666 4622 108.016
2666 4650 110.397
2667 4408 86.9695
2667 4418 76.66
2668 3018 60.4696
2668 3321 83.8597
2668 5340 105.633
2669 3506 84.2355
2669 5204 50.1486
2670 4088 60.6202
2671 4718 23.4973
2672 4059 72.2425
2672 4160 57.0302
2673 3048 19.9436
2673 4900 56.234
2674 4102 64.7869
2674 4358 85.6764
2675 3266 55.3774
2675 4409 46.5382
2675 4670 32.8568
2676 3149 48.4958
2676 5193 17.5889
2677 4766 84.7075
2678 2857 21.0523
2678 4082 30.0695
2680 3997 42.1776
2680 5435 66.8549
2681 3498 64.0016
2681 4194 54.6086
2681 5174 137.126
2682 2767 70.0697
2682 5408 113.098
2683 3387 98.4076
2683 4847 122.347
2684 3330 35.956
2684 5389 84.408
2685 3869 65.7463
2685 4084 92.0677
2685 4153 59.1094
2685 5218 86.8335
2686 2993 51.3231
2686 3079 49.2706
2686 5556 37.1104
2687 3524 30.2236
2687 4020 73.6063
2688 3015 48.3049
2688 5310 57.9013
2689 4164 95.2102
2690 5564 39.6494
2691 2783 57.443
2691 3750 61.1383
2692 4383 60.1453
2693 5474 93.7507
2693 5561 45.2542
2694 4861 31.9465
2695 3799 43.2197
2695 4232 85.0929
2695 4960 53.2836
2696 4423 61.0931
2697 4253 129.986
2698 3178 63.8227
2698 5405 35.5088
2699 3307 47.2623
2699 3884 10.3102
2699 4000 22.2562
2700 4431 46.3154
2700 4606 24.1258
2700 4787 45.5886
2701 3882 80.4234
2701 4638 24.017
2702 3301 75.3683
2702 4790 51.8231
2702 5069 54.1297
2703 2852 26.4924
2703 3520 57.3339
2704 5401 46.7422
2705 2847 52.1221
2705 3595 114.946
2706 4357 82.0373
2706 4907 41.407
2707 2955 101.932
2707 4394 33.6715
2707 5240 25.8542
2708 3353 77.4464
2708 5387 65.7435
2709 5078 38.4118
2710 4108 60.5737
2711 3380 58.7533
2711 4280 57.4095
2711 5156 16.77
2712 2834 32.3285
2712 3722 28.2394
2712 5040 29.7726
2713 3499 6.78937
2713 3536 60.2924
2713 5245 61.481
2714 2960 109.642
2714 3060 95.0389
2714 3809 104.026
2714 4750 124.561
2715 4295 65.0545
2715 4322 108.543
2716 5456 68.5401
2717 4536 47.5514
2718 4517 56.8332
2718 4959 66.3171
2719 3845 32.4601
2719 3949 73.9763
2719 5374 46.1435
2720 4253 68.8362
2721 3739 79.5867
2721 4976 99.5301
2722 3194 81.7762
2723 2988 26.637
2723 4044 32.0106
2724 2791 15.4111
2724 3697 53.2664
2725 3260 50.7689
2725 5095 45.3265
2726 3572 89.6361
2726 5431 56.6554
2727 5336 72.5806
2728 4506 26.4645
2728 5001 123.279
2728 5120 18.8699
2729 2798 89.1928
2730 3590 61.2927
2730 3806 71.0718
2730 3974 59.8805
2730 3994 55.2932
2731 4202 84.4917
2731 5437 77.2618
2733 4222 102.034
2734 3153 29.6483
2735 4397 70.0346
2735 5051 2.37524
2735 5419 57.7314
2736 3021 65.3727
2736 3602 69.9685
2737 5305 60.1133
2738 3634 61.7633
2738 4196 45.4044
2738 4210 76.2316
2739 3925 55.3059
2740 4146 112.77
2740 4661 144.687
2741 3177 80.5694
2742 2985 98.5035
2743 3026 59.9664
2743 4436 45.3334
2743 4585 43.4651
2744 3382 116.085
2744 4620 113.884
2744 5277 53.0564
2745 3976 72.483
2746 3343 65.9987
2746 4316 53.3789
2747 4553 99.8872
2748 3384 72.842
2748 5022 51.7748
2749 4741 82.9883
2750 3215 97.6778
2751 3907 43.2006
2751 5653 98.1104
2752 2907 51.2919
2753 3088 63.2101
2753 3952 35.0599
2754 3587 49.2168
2755 2841 84.2443
2756 3651 119.339
2758 4912 58.5265
2758 5664 72.517
2759 4900 3.68025
2759 5575 31.3534
2760 4182 48.605
2761 2974 57.863
2761 3788 21.4409
2761 4201 43.0815
2761 5102 29.8161
2762 3037 76.8995
2762 4580 57.1714
2762 5414 83.0788
2763 3223 94.191
2763 3837 137.496
2764 3107 75.7271
2764 3689 124.094
2764 5027 74.9134
2765 3174 44.7303
2765 3478 32.8233
2765 4714 49.5562
2767 3595 99.669
2767 5408 69.9116
2768 3696 52.847
2768 5036 15.4175
2769 4949 48.9873
2769 5145 78.2612
2769 5195 75.1065
2770 4796 53.4748
2772 5135 114.254
2773 4669 61.2341
2773 4974 110.319
2774 3832 76.3598
2775 5493 103.646
2776 3483 8.65304
2776 5301 68.487
2778 4488 64.5486
2778 5007 56.8901
2778 5465 79.9597
2779 5645 52.826
2780 4265 48.0832
2780 4650 44.7617
2780 5241 64.5927
2781 2929 69.093
2783 5484 68.0357
2785 3983 24.4258
2785 5615 71.0012
2786 3076 13.7585
2787 3262 57.8014
2788 3213 39.0314
2788 3978 64.5192
2788 5084 58.3947
2789 4005 40.5541
2790 4151 84.7803
2790 4564 21.5113
2790 5249 80.0053
2791 3697 31.8963
2791 4178 45.5633
2791 4633 44.8153
2792 2997 98.7699
2792 3092 16.2596
2792 4288 108.324
2792 4370 64.3527
2793 2930 104.743
2793 4276 86.3807
2793 4534 82.4514
2793 4698 84.3537
2794 3419 56.0267
2794 4623 67.6042
2795 5114 55.8412
2796 3034 46.4113
2797 2970 4.63534
2797 3047 146.111
2797 4686 42.7781
2797 4739 50.5108
2799 2853 22.479
2799 3567 60.6801
2800 5214 29.8177
2800 5617 31.8519
2801 4417 51.3075
2802 2998 122.009
2803 3116 91.3466
2803 4744 37.4853
2804 3389 107.599
2804 5065 80.6499
2804 5316 46.6675
2804 5518 132.726
2806 3178 41.7599
2806 4627 80.6353
2806 4723 102.117
2806 5405 75.4682
2807 3663 34.4687
2807 3797 28.4323
2807 5614 20.3398
2808 5196 78.2178
2809 3807 43.6218
2809 4227 46.9228
2810 4009 84.3537
2810 4363 57.0493
2811 4697 13.2799
2811 4861 38.2125
2812 3447 25.8935
2814 3625 58.7392
2814 4329 33.9692
2815 3319 95.9966
2815 4374 88.7994
2817 3012 37.6248
2817 3081 32.4026
2817 3699 51.4465
2818 4200 53.5846
2818 4784 43.4026
2819 3045 13.2017
2819 3141 94.0672
2820 3248 60.365
2820 3900 29.2676
2820 4771 64.836
2821 2826 110.605
2821 3017 74.0895
2821 5069 94.8544
2822 5505 24.033
2823 3256 98.7658
2823 3543 61.5169
2824 2963 37.078
2824 3113 38.0282
2824 3237 12.4364
2824 3986 34.7985
2825 3316 55.6471
2826 3017 97.0613
2827 4893 74.0241
2828 3560 44.5551
2828 5070 101.972
2829 4935 95.556
2829 5188 43.4446
2830 4728 95.4648
2830 5407 92.6502
2831 3453 80.1485
2831 4914 49.8572
2831 5014 60.3957
2832 2893 62.7784
2833 4699 67.492
2833 5029 28.5952
2833 5255 5.43704
2834 3937 66.345
2834 5040 37.4243
2835 3917 33.5027
2835 5608 45.0993
2836 3846 39.2613
2836 4136 49.8294
2837 3316 71.9316
2837 4260 52.521
2837 5324 23.9504
2838 3912 15.1
2839 3266 75.1702
2839 3979 102.416
2839 4601 75.3986
2840 5130 64.8874
2842 3743 51.4169
2842 4999 45.3108
2844 3959 102.794
2845 3371 80.6152
2845 5403 74.5262
2847 5209 103.518
2848 4970 25.2546
2848 5499 106.71
2849 5148 42.7172
2849 5329 18.8755
2850 3486 72.7497
2850 4277 67.6146
2850 4989 22.1232
2851 3629 27.1024
2851 4099 81.8212
2851 4603 80.0223
2852 3520 49.8682
2853 3567 30.2468
2854 4228 94.0145
2854 4370 51.0634
2855 4327 54.6416
2855 5173 73.6361
2856 4271 0.540828
2856 4930 89.3169
2856 5422 37.0831
2857 4082 11.3539
2858 3067 111.922
2859 3914 53.8897
2859 3968 79.0729
2860 3231 63.2584
2860 4243 73.6677
2860 4485 23.6026
2860 5068 48.0295
2863 3024 73.6023
2863 4200 65.5393
2863 4217 72.7695
2863 4386 49.9719
2865 3711 82.1258
2866 3872 60.266
2866 4753 118.323
2867 4942 29.9686
2867 5385 47.8438
2867 5490 30.8922
2868 4161 99.5369
2869 3554 15.3532
2869 3624 62.9455
2869 4338 98.6233
2870 3535 48.0168
2870 4767 36.0416
2870 5433 48.8683
2871 3835 68.4131
2871 5353 58.5403
2872 4120 60.2522
2873 4042 24.5294
2874 5473 50.0571
2875 4427 42.4318
2875 4779 38.2875
2876 4335 28.4818
2876 4692 53.6754
2877 3082 47.8736
2877 3953 65.4401
2877 5099 65.85
2878 3455 25.0294
2879 2903 30.0043
2879 4402 76.9433
2879 4510 65.1416
2880 4449 115.652
2880 5275 45.3999
2881 3322 78.215
2881 3645 22.2217
2881 5229 77.3427
2882 4317 59.2938
2882 4615 16.7867
2882 5584 68.3183
2884 3430 41.0269
2884 3434 48.4356
2885 3001 51.9896
2885 3119 93.5966
2885 4301 11.2226
2886 2925 64.9289
2886 3475 67.7027
2886 5523 99.0917
2887 3950 53.5184
2887 4086 53.0545
2887 4734 29.2661
2888 5596 60.3302
2889 5529 17.0699
2890 3992 69.489
2890 4399 97.3809
2890 4797 43.4102
2890 5279 78.2904
2891 4443 44.1216
2891 4484 54.374
2892 3784 117.816
2892 4700 52.5139
2892 5354 77.1554
2893 3681 54.2298
2894 2953 74.2768
2894 3098 28.5028
2895 4442 35.6483
2895 5420 31.6345
2897 4382 86.0409
2898 4342 79.1444
2899 3125 67.2753
2899 5357 82.1969
2901 4663 35.2504
2901 4768 77.6308
2902 3145 45.8704
2902 4243 118.234
2902 4485 67.3235
2902 5068 58.7808
2903 4402 49.4241
2903 4510 72.4457
2904 3333 51.6581
2904 4171 16.4514
2905 4630 65.4075
2905 5470 48.0148
2905 5550 101.875
2906 3817 28.3368
2906 5137 117.438
2906 5457 141.743
2908 3752 56.8195
2908 5010 35.4856
2909 4190 58.7314
2910 4865 48.2101
2910 5042 104.905
2911 2995 46.5974
2911 4222 37.5254
2911 4561 61.5045
2911 4716 14.6638
2912 5592 36.7211
2913 3863 57.9556
2913 3921 65.1403
2913 4055 36.7905
2913 4830 52.8061
2914 4835 54.7782
2916 3046 24.1922
2916 4014 82.5851
2917 3570 44.9849
2917 3989 38.927
2918 4223 75.9368
2919 3666 36.1616
2919 5330 48.2
2919 5675 52.0644
2920 4062 106.516
2920 4326 48.7534
2920 5341 112.745
2921 4198 60.6455
2921 4619 38.2803
2922 3200 60.8161
2922 3576 51.3981
2922 4567 120.373
2923 3719 75.3047
2925 2959 69.8583
2925 3475 54.6911
2926 3387 112.895
2926 4343 85.3256
2926 5074 71.6547
2927 4425 95.3934
2927 5211 110.972
2927 5555 79.3576
2928 3468 30.871
2928 4118 7.252
2929 5665 63.0707
2930 3911 115.888
2930 4698 66.652
2931 3716 21.1841
2931 4811 11.0173
2932 3541 70.7544
2933 3432 51.8014
2934 4705 100.054
2934 5487 101.532
2935 4966 56.36
2936 3189 60.4206
2936 3621 57.7171
2937 3550 97.4088
2937 4777 43.7572
2937 5475 71.6897
2940 4623 27.3602
2940 4667 71.7562
2941 4681 59.5815
2942 2996 26.9271
2942 5447 95.7038
2943 3118 121.49
2943 3485 54.9317
2943 4839 88.7506
2943 4889 29.3463
2944 3459 44.2522
2944 5602 54.7363
2945 4563 5.85525
2946 4034 77.4376
2947 4230 23.2163
2947 4887 36.8535
2947 5199 22.5509
2948 4479 69.2564
2949 4392 54.2097
2949 4798 43.6433
2950 2951 60.4691
2950 4654 48.443
2952 3114 19.6429
2952 3874 71.0851
2953 3098 111.735
2953 4423 104.279
2954 5331 47.875
2954 5544 39.7219
2957 4012 31.3033
2957 4957 87.4108
2958 3426 50.3029
2958 3606 23.7421
2959 3475 61.3929
2959 3626 80.735
2961 4529 22.5811
2961 4955 32.2296
2962 3059 76.0334
2963 3113 21.355
2963 3237 24.5074
2963 3480 52.8875
2963 3986 40.6525
2964 3391 75.8215
2964 3767 101.914
2965 3043 59.1232
2965 3895 10.5281
2966 3679 82.1853
2966 5020 31.4629
2967 3372 58.3564
2969 3951 37.4703
2969 4050 32.4871
2969 5282 23.94
2969 5372 17.1966
2970 4686 54.1407
2970 4739 53.449
2971 4063 71.9333
2971 4493 122.03
2971 4928 34.4968
2972 3128 52.3309
2972 3510 59.2146
2973 3129 84.3193
2973 4984 36.3592
2973 5631 55.4206
2974 3788 65.1893
2974 5102 40.0145
2975 3682 26.8347
2975 4966 41.2503
2976 3649 71.607
2976 4712 95.482
2977 3525 38.3163
2977 3548 27.1977
2977 3708 16.8062
2977 5200 47.1653
2978 3118 142.236
2978 4509 35.1353
2979 4662 50.094
2980 4565 48.668
2981 3655 73.8291
2981 4172 64.5807
2981 5427 39.8459
2982 3747 37.3317
2982 5589 100.461
2983 3271 37.5521
2983 4732 63.9298
2985 4905 63.2412
2986 4508 40.5453
2987 4667 94.5302
2987 4765 25.9848
2988 3338 46.7027
2988 3457 37.3602
2988 4044 37.9854
2989 4878 38.6128
2989 5646 54.9346
2990 4827 17.7826
2991 4344 25.9013
2991 4838 38.4842
2991 5379 71.1166
2992 4239 19.1719
2992 5263 82.7979
2992 5461 38.0552
2993 4970 31.1576
2994 3877 58.5503
2995 4716 60.7366
2996 5126 73.2102
2996 5447 101.269
2997 3092 62.5007
2999 3410 131.386
2999 5466 74.2883
3000 4071 20.9212
3001 3119 52.1751
3001 4301 50.2943
3002 3584 22.4611
3002 5410 49.8363
3003 5079 87.8441
3003 5376 28.5932
3005 3594 153.05
3005 3684 53.3412
3005 4699 43.9208
3006 4334 62.4578
3006 5029 80.0574
3007 3115 44.7889
3007 5210 57.5397
3008 5160 56.1894
3009 4300 70.458
3009 4792 49.8369
3009 5239 157.948
3009 5502 47.1043
3010 4829 53.2535
3010 5569 90.0257
3011 4242 51.0731
3011 4729 59.504
3011 5520 49.5379
3012 3081 15.3256
3012 4517 39.4344
3012 5344 34.5013
3013 3728 81.1523
3013 3991 97.2857
3015 3686 70.5813
3015 4405 87.5993
3015 4598 43.4007
3015 5677 40.8433
3016 4935 68.2758
3017 4352 44.7146
3018 3321 79.8248
3018 3329 61.5407
3018 5111 59.0705
3019 3427 88.5134
3019 4684 51.3958
3019 5225 18.3806
3020 5237 28.0063
3021 3602 73.5975
3021 4306 53.5129
3024 4058 69.818
3024 4066 75.2428
3025 4177 74.7653
3026 4436 64.7085
3026 4585 125.847
3026 4859 48.7383
3026 5107 69.5388
3027 3977 34.0837
3027 4470 60.7409
3027 4750 73.5059
3028 3128 68.9016
3028 3957 81.8706
3031 3402 26.5019
3031 3740 62.716
3032 3203 32.9903
3032 4657 61.434
3033 4514 80.3584
3033 5236 37.32
3036 4336 61.0753
3036 4866 40.8935
3037 4292 65.1573
3037 4580 39.9288
3037 5414 52.2617
3038 3650 47.2577
3038 5381 48.2684
3038 5571 39.5344
3039 3168 76.0884
3039 3702 74.3705
3039 3730 76.482
3040 3926 71.5596
3041 3894 18.6246
3041 4746 53.5778
3042 3116 82.0268
3042 3597 40.3753
3043 3212 145.236
3043 3895 48.9973
3044 3586 62.5122
3044 4535 28.258
3044 4590 44.0985
3046 4014 50.0167
3047 3962 85.7264
3049 4527 24.2151
3050 3206 157.672
3050 3791 85.0724
3050 4001 69.1911
3051 4307 53.6199
3052 4142 66.6448
3052 4708 73.1956
3053 3117 59.5155
3053 3281 76.4039
3055 3647 56.7116
3055 4038 39.1534
3056 3123 73.1628
3056 3598 81.3435
3057 3932 110.323
3057 4553 63.626
3057 5385 61.8389
3059 4251 77.0651
3060 4199 61.2526
3060 4770 36.7396
3061 3808 5.85007
3061 3958 83.1585
3062 5377 55.0259
3063 4502 66.8001
3063 4710 93.9982
3063 4863 74.2671
3063 4915 90.6861
3064 3260 47.8771
3064 3712 10.4252
3065 4802 80.9926
3066 3609 105.897
3066 3966 64.7652
3066 5326 76.8816
3067 5075 93.4019
3067 5472 73.5632
3068 4833 67.0405
3068 5370 52.1154
3069 4371 25.7322
3069 4593 64.0862
3071 4570 67.6563
3072 3857 36.4688
3072 4440 63.8637
3073 5330 45.2819
3074 4103 59.2359
3074 4264 19.6262
3076 3833 59.1704
3077 4496 69.709
3077 4774 86.345
3077 5137 92.5761
3078 4708 30.2095
3080 4903 12.3981
3081 4270 42.2869
3081 5344 42.2389
3082 3160 62.8672
3082 5099 10.8372
3083 3628 4.87562
3083 4895 83.9807
3084 5553 80.9741
3084 5562 116.044
3085 3873 103.252
3085 4742 51.2481
3087 5348 49.5191
3088 3736 42.4552
3088 4612 81.1888
3089 3840 85.4295
3089 4933 41.0898
3090 3556 73.5956
3090 4851 84.5224
3091 4965 24.0437
3092 3561 63.0067
3092 4288 75.9232
3092 4370 75.1531
3093 3401 45.9575
3093 3704 72.3331
3093 5406 59.1847
3094 4934 48.0318
3094 5183 33.9308
3095 3662 7.02399
3096 3313 27.2764
3096 5446 31.7678
3097 3539 62.4733
3097 4525 31.3661
3097 4548 37.9271
3099 3332 60.9854
3099 4016 93.6938
3099 5168 84.5966
3101 5154 31.6916
3101 5632 45.0573
3102 3591 31.996
3104 4803 99.7178
3104 5041 44.3345
3105 3322 28.8852
3105 3469 17.3734
3105 3611 49.7612
3105 4468 40.8295
3106 3216 127.329
3106 4152 16.7824
3107 3689 101.496
3108 4927 41.6492
3108 5050 84.2022
3109 4280 41.8505
3109 5216 64.4707
3110 5670 80.0402
3111 3231 69.4073
3111 3998 32.5162
3111 4278 63.6181
3111 4602 19.7783
3112 3360 26.0487
3112 4375 100.172
3112 5136 60.338
3113 3480 36.6647
3114 3874 61.8512
3114 4799 58.5771
3115 5210 92.1465
3117 3281 61.9954
3117 3673 99.6719
3117 4740 68.4223
3120 3450 53.415
3121 3477 79.884
3121 4754 43.1052
3121 5498 87.7363
3122 3442 60.6845
3122 3760 72.5931
3123 3276 16.0957
3123 3698 35.0975
3124 3910 86.1042
3125 4267 53.4958
3125 5357 28.0116
3126 3354 40.7217
3126 5515 40.074
3127 5556 26.9649
3128 3510 36.327
3128 3957 41.6367
3129 4073 91.956
3129 4772 100.243
3129 4812 100.066
3129 5024 47.3774
3129 5631 9.98107
3131 4566 72.5121
3131 4951 51.9243
3132 3296 98.2633
3132 4162 53.6984
3132 4252 43.844
3133 4886 67.291
3134 4586 85.3231
3134 5218 41.2804
3136 4000 71.9972
3136 5214 84.6681
3137 3395 56.9241
3137 3413 30.993
3137 4807 85.2883
3138 4036 96.1156
3138 4318 72.3876
3138 5590 53.4596
3139 3219 34.0296
3139 4054 14.5289
3139 4287 31.5304
3140 4925 61.1714
3140 5251 67.6322
3140 5294 63.125
3141 5003 90.7402
3141 5413 110.602
3144 5161 144.318
3145 4229 75.2612
3145 4485 61.1418
3145 5068 40.4912
3148 4240 61.9333
3149 4844 56.1364
3151 4181 86.8575
3152 4983 48.3007
3152 5059 34.7514
3152 5587 19.3887
3155 3641 56.4352
3155 4572 69.6109
3155 4678 99.3049
3155 5056 66.0932
3155 5543 119.851
3156 4030 46.721
3157 5129 76.7992
3157 5238 27.6965
3158 4039 28.8368
3158 4070 46.3754
3158 4403 70.2999
3159 3440 23.0602
3159 3961 21.8636
3160 5099 41.1955
3161 4968 60.6057
3161 5414 73.1609
3161 5429 70.836
3161 5492 70.5737
3162 4398 65.3423
3162 4927 35.9171
3163 5551 50.1049
3164 3619 37.4586
3164 3724 66.1448
3164 5328 35.3091
3165 4120 129.929
3165 5540 34.8968
3166 4278 58.7623
3166 5485 36.1452
3167 3565 58.7584
3167 4122 40.1418
3167 4552 109.351
3168 3692 33.651
3168 3730 13.4747
3168 5573 31.2979
3169 4656 53.8266
3170 3500 28.5689
3170 5219 95.7234
3171 3517 89.5664
3171 4886 77.2712
3173 5283 53.9847
3174 3478 20.9127
3175 5173 84.7228
3177 4801 46.6688
3177 5665 42.0388
3178 5405 25.8893
3179 4027 34.1893
3180 4011 4.35925
3180 5572 46.2336
3181 4075 22.9367
3182 5193 62.6832
3183 3937 56.5572
3183 4432 65.6764
3184 4207 36.5845
3185 5155 103.031
3186 4456 120.57
3187 4100 60.5136
3187 4426 36.4379
3187 5680 56.8289
3188 3357 31.5385
3188 4795 55.7288
3188 5046 54.008
3189 3283 90.3779
3189 3754 136.588
3190 4189 47.675
3190 4792 76.2718
3191 3255 37.6388
3193 3497 70.937
3193 3568 29.0901
3194 4253 66.5195
3194 4516 69.0794
3195 4577 50.1774
3195 5623 58.928
3196 4749 41.1048
3196 5481 79.825
3197 5479 17.4196
3198 3460 178.377
3198 5638 114.759
3199 4177 64.3836
3200 3390 61.765
3200 5037 89.7557
3201 3471 46.1529
3201 5657 47.1418
3202 4242 67.8539
3202 4729 55.3343
3203 4657 95.2402
3204 4969 67.254
3205 3259 43.6046
3205 4206 40.7385
3205 4215 47.5984
3206 3791 90.283
3207 4672 82.6945
3208 4369 45.9986
3209 5134 61.2772
3210 3293 35.0766
3210 3383 93.0665
3211 3779 51.8531
3211 4174 91.7429
3211 5234 47.2473
3212 5650 85.8612
3213 3978 46.845
3214 4819 61.2267
3214 4916 33.9318
3215 3665 98.017
3216 4152 96.2695
3217 4233 77.7268
3217 5203 42.1301
3218 3577 182.891
3218 4620 100.243
3219 4054 67.9648
3219 4287 79.6754
3220 5345 80.3253
3221 3825 79.2818
3221 4012 46.2843
3222 3958 22.9385
3222 4135 55.7161
3222 5603 32.1541
3223 3253 69.2094
3223 3837 38.6895
3226 3854 61.1431
3226 5337 42.6844
3227 4294 97.0376
3228 3842 34.6399
3229 4421 78.7492
3230 3529 96.852
3230 4462 13.9079
3230 4884 26.7226
3230 5205 38.6147
3230 5215 31.7677
3231 3998 60.8633
3231 4602 62.9394
3232 4017 91.1824
3233 5021 66.8613
3234 3697 36.2748
3234 4081 88.7972
3234 4633 57.2052
3234 5140 26.3806
3235 3778 50.7761
3235 4755 22.3307
3235 5442 126.809
3236 4842 48.0153
3236 5497 41.3679
3237 3986 42.0262
3238 4445 102.646
3238 5386 84.4042
3239 5077 132.143
3239 5364 84.6859
3240 4299 18.7482
3241 4618 31.5638
3241 4867 64.7496
3242 5009 25.8719
3242 5127 71.7576
3243 3369 23.9778
3243 3858 24.4644
3244 3939 84.6448
3244 4411 71.6597
3245 4579 75.6392
3246 3865 51.2401
3246 3987 46.2549
3246 5588 51.3141
3247 4325 26.6731
3248 4314 77.3552
3249 4383 73.9151
3250 3559 67.8757
3251 4240 90.8875
3252 4686 46.7282
3252 5581 63.6784
3253 3837 41.0149
3254 3282 24.4252
3254 5293 28.3045
3254 5658 120.89
3255 4591 59.1348
3256 3295 52.6831
3256 4062 75.6828
3257 4482 33.9901
3257 4785 75.0045
3258 3922 42.6405
3258 4321 22.6649
3258 4693 36.5433
3259 4215 52.4433
3260 3712 53.2376
3260 5095 25.2405
3261 5146 88.839
3262 5426 61.0193
3263 3907 29.9457
3264 3695 50.0762
3264 4843 19.3833
3265 5390 45.5627
3265 5668 65.8123
3266 3979 59.5533
3266 4409 29.8008
3267 3751 31.9904
3268 4616 45.8207
3268 4662 30.9768
3269 3274 97.3225
3269 4415 45.9544
3269 4569 81.6347
3270 4095 55.6828
3270 5044 64.7684
3271 3851 88.3925
3273 4065 21.7668
3274 3519 35.6975
3275 4250 39.5751
3275 4309 27.6519
3275 5463 32.6178
3276 3698 26.7645
3277 3680 108.885
3277 5071 50.963
3277 5634 78.6372
3278 3351 38.8869
3279 4717 23.8322
3281 4510 80.8675
3282 5293 54.1424
3283 4350 103.348
3285 3622 58.5332
3286 4732 70.5013
3287 4208 47.173
3287 4424 44.7517
3287 4853 84.5907
3288 3881 23.6388
3289 4078 8.80622
3289 4103 111.02
3290 3913 36.8859
3290 5639 12.5809
3291 3415 32.3776
3291 5311 89.187
3292 4249 74.0199
3292 4538 49.59
3293 3383 74.1172
3294 3787 119.036
3294 4628 90.1077
3295 4062 101.127
3295 4192 64.6667
3297 4407 78.4123
3297 5286 102.95
3298 5238 37.259
3300 3786 53.0237
3300 5098 90.9671
3301 5124 42.1259
3302 5150 18.3156
3302 5383 50.3827
3303 5151 61.7617
3303 5263 25.3717
3303 5369 58.5039
3306 3376 74.6501
3307 3884 26.014
3307 4000 56.6135
3308 4648 68.9119
3308 5399 59.4608
3309 3985 33.0766
3310 5437 31.1608
3311 3532 27.3874
3311 4422 56.5781
3314 4486 44.5755
3314 4969 51.8494
3314 5265 49.2682
3315 3545 116.208
3315 4138 21.6326
3316 5324 51.994
3318 3417 44.244
3318 5375 32.4644
3319 3365 41.535
3319 4476 73.3026
3320 3703 89.3032
3320 4854 79.8988
3322 3469 29.7851
3322 3611 31.0603
3322 3645 68.3456
3323 3719 74.3027
3324 4635 75.0311
3324 5260 57.8735
3325 3454 105.793
3325 3557 17.3397
3326 3894 34.7654
3326 3925 48.6906
3326 5667 33.0977
3327 4643 75.9332
3327 5586 82.7192
3328 3794 28.1287
3328 4725 52.7014
3328 5559 21.1548
3329 5105 41.5498
3329 5111 16.448
3330 4491 71.1266
3330 5389 75.5473
3332 4110 42.7194
3332 5168 79.6886
3333 4171 95.0327
3333 5296 62.334
3334 3948 48.4534
3334 4422 37.2676
3335 4956 36.5698
3336 3488 65.4364
3336 3888 133.466
3337 3785 68.0537
3337 3848 25.067
3337 4096 43.1903
3337 5032 52.1399
3338 3457 72.7798
3339 3364 62.29
3339 4131 27.7949
3339 5188 103.718
3340 3979 83.5564
3340 4409 109.762
3340 4677 41.897
3341 3911 91.453
3341 4382 49.6185
3341 4774 158.971
3341 4991 57.9724
3344 4235 8.19901
3345 3924 75.8281
3345 3980 59.0989
3345 4211 18.0116
3346 4539 150.595
3346 5356 80.3944
3346 5640 103.553
3347 4323 45.5658
3348 4856 41.5084
3348 5100 73.5273
3349 5244 41.8176
3350 4231 67.0069
3351 4653 76.9264
3351 5010 84.9497
3354 4295 99.3716
3354 5515 10.2694
3355 4416 21.4437
3356 4976 79.9997
3356 5299 48.7008
3357 5628 100.287
3358 3816 99.4818
3358 3896 82.663
3358 4652 29.3494
3359 3853 63.853
3359 4572 72.1962
3360 4375 80.5033
3360 5136 38.4511
3361 3616 25.473
3361 4764 23.8459
3361 4876 82.3484
3362 3819 80.554
3362 4021 34.4594
3363 3637 77.4738
3363 3746 53.261
3363 4241 48.2713
3363 5480 91.9233
3364 3640 99.6285
3364 5063 80.3829
3365 3908 75.319
3365 5288 50.1745
3366 3448 34.6758
3366 4282 67.8049
3366 4393 91.6525
3368 5230 65.3109
3368 5656 37.8263
3369 4862 77.1381
3369 5560 62.7607
3371 5403 77.6108
3374 3713 37.8362
3374 3838 64.4906
3375 3684 132.197
3375 3976 75.2137
3376 4906 47.8963
3377 4234 79.3955
3377 4757 42.1634
3378 3946 43.3759
3378 5512 72.1408
3379 3589 71.3191
3379 4540 54.7633
3379 4618 130.334
3379 4867 54.6449
3380 5156 85.0563
3381 3813 27.9195
3381 4330 108.036
3382 4655 73.0809
3382 5085 21.7101
3382 5113 29.6896
3383 5671 69.9388
3385 4169 11.9792
3385 4641 38.987
3385 4786 41.3092
3386 3534 81.0706
3386 5047 59.1004
3386 5086 29.4435
3386 5334 42.6688
3387 4847 130.429
3388 4117 68.1862
3388 5004 37.0475
3390 4668 64.1865
3390 5037 106.925
3391 3981 69.087
3391 4784 67.4042
3392 4263 92.4024
3393 3823 75.2839
3394 3596 114.273
3394 3871 60.4082
3394 4353 30.7079
3395 3413 34.5821
3395 4487 26.4462
3396 3552 53.0269
3396 4834 76.3242
3396 5675 63.3557
3397 4919 34.5236
3398 3610 116.251
3398 4958 35.6455
3399 3972 74.3023
3399 5204 138.745
3400 3603 60.1253
3400 5633 17.3032
3401 3903 76.1606
3402 3740 72.3347
3403 5443 98.0128
3404 4499 43.1209
3405 5496 51.3796
3408 5126 64.7005
3408 5651 103.333
3409 4562 59.2028
3410 5466 50.6816
3411 3599 39.6279
3411 4130 16.9859
3412 5303 116.382
3412 5659 19.4396
3413 4487 78.6504
3414 3855 54.8215
3415 4290 110.756
3415 4574 115.482
3417 3890 83.4334
3417 4028 61.8277
3417 5375 22.9348
3418 4041 32.0179
3418 5313 42.7962
3419 3933 82.2538
3420 4041 46.3826
3420 5313 60.1913
3420 5393 75.2077
3421 4885 43.2571
3423 4163 68.5751
3423 4824 62.6898
3424 4681 37.0733
3425 5440 46.1388
3425 5449 97.5513
3426 3606 23.4851
3427 4684 49.9889
3427 4837 74.8272
3427 5225 72.9553
3428 4947 25.9717
3429 3441 65.3174
3430 3434 57.3797
3430 3745 58.1669
3432 3995 51.2817
3433 4901 28.1698
3433 5567 64.8932
3433 5662 28.962
3434 5133 101.873
3436 3437 82.1241
3436 4997 81.6599
3438 4193 27.2026
3438 4519 27.0745
3439 3545 123.993
3440 4629 18.9459
3442 3678 126.118
3443 5338 72.4871
3444 3546 101.803
3444 4052 100.874
3445 3660 107.433
3445 4631 77.2341
3445 4722 84.237
3446 4056 49.651
3446 5428 51.519
3446 5518 68.1876
3447 4075 54.1696
3448 4282 52.601
3448 4393 64.3789
3449 4376 36.2584
3450 4400 55.5504
3451 3715 68.3425
3451 4696 42.2053
3451 4913 19.2281
3452 3694 50.7081
3452 4226 78.1209
3452 5416 47.6554
3452 5606 47.7617
3455 5219 64.9413
3456 4745 43.4722
3457 5057 63.0332
3458 4304 77.4864
3459 5602 40.3177
3461 4637 56.4083
3463 3902 74.5312
3464 3781 68.6979
3464 5023 87.8642
3465 5386 78.1525
3465 5557 11.2098
3466 4461 64.0733
3467 3536 85.2956
3467 4064 85.2707
3467 5245 103.221
3468 4118 41.8157
3469 3645 49.4223
3469 4468 30.9913
3469 4922 31.061
3470 3581 21.1469
3471 4106 53.2895
3471 5657 40.4277
3472 4475 59.3307
3473 4469 48.3609
3474 4272 34.8698
3474 5104 74.4108
3475 3626 23.602
3476 4053 29.3684
3476 4274 85.4409
3477 3886 109.81
3477 4754 35.6476
3479 5643 54.313
3481 4550 94.5075
3482 3714 80.645
3482 5579 86.0147
3483 5301 78.0326
3484 4756 49.0114
3485 4839 14.8273
3485 4889 26.1751
3486 4989 39.1154
3486 5260 96.5255
3487 5209 67.9949
3487 5600 63.7252
3488 3757 63.6
3488 3888 106.603
3489 4109 95.446
3489 5292 3.42704
3490 3569 80.7726
3491 3494 74.7464
3491 4879 88.7433
3492 3906 65.0667
3492 4111 66.192
3493 4453 36.8667
3493 5407 29.5888
3494 4879 75.4073
3495 4672 105.501
3495 5243 58.315
3496 3644 44.0035
3496 4360 75.5184
3497 3568 63.5694
3497 3676 54.5535
3498 4194 21.1304
3499 3536 48.5922
3499 5245 57.1228
3501 3543 18.0853
3501 3982 46.442
3501 4088 35.261
3502 3564 66.1527
3502 5257 63.507
3503 4147 18.3198
3504 4746 118.827
3505 3659 28.8128
3506 3972 29.3282
3506 5210 86.4785
3507 4245 74.8175
3507 4607 51.4953
3507 4978 53.3273
3508 3794 102.278
3509 4367 41.0778
3510 3957 13.7971
3511 5089 34.0607
3511 5304 51.7386
3512 3965 45.7508
3512 4387 135.17
3512 5464 118.581
3513 4148 123.51
3515 3607 51.7829
3516 4061 37.8681
3516 4773 58.7186
3518 5070 19.6867
3519 4569 55.3037
3521 5021 13.1093
3522 5118 65.1786
3523 4575 68.265
3524 4020 74.8449
3524 4638 67.0703
3525 3548 45.8414
3525 3708 68.7224
3525 5200 31.1062
3526 3893 100.625
3526 4711 75.0548
3526 5228 76.7121
3527 4810 56.1789
3527 4967 49.6417
3528 4072 75.251
3529 5205 92.7518
3529 5604 79.2159
3530 4392 93.8599
3530 5207 70.4763
3530 5271 37.5687
3530 5391 49.7909
3533 3750 60.1724
3533 3818 23.7115
3534 5334 63.7155
3535 3815 40.8201
3535 4093 46.5428
3535 5053 29.4832
3535 5433 81.1817
3536 5245 103.679
3537 5177 35.1832
3538 3569 71.9488
3538 5554 28.5722
3539 4045 87.2165
3539 4328 50.4283
3540 4170 83.0144
3540 4593 103.429
3540 5504 17.6638
3542 4752 74.2156
3542 5571 66.8872
3543 4088 46.4981
3544 4097 37.2339
3544 4994 51.3704
3544 5673 57.6236
3546 5464 94.5326
3547 4150 71.6444
3548 5371 72.5836
3549 4706 65.3619
3550 4777 107.4
3551 5535 104.72
3552 5330 74.3139
3553 5194 119.272
3554 3624 35.0876
3555 3985 91.3148
3555 5404 15.124
3556 3574 69.8548
3556 5576 95.4522
3558 3769 42.0737
3558 4920 37.5198
3558 5599 34.7024
3559 4870 39.0569
3561 4370 79.4102
3562 4587 26.8991
3562 5485 24.6914
3562 5574 21.6432
3563 4576 65.9573
3563 4692 80.6093
3563 5558 35.5231
3564 4938 80.9397
3564 5257 69.7041
3565 5367 36.0623
3566 4782 48.8622
3570 3927 62.1819
3572 4659 18.1031
3572 5431 34.3096
3573 4455 32.5302
3576 4788 52.8006
3577 4098 144.256
3577 4391 137.407
3578 4450 65.0952
3578 5115 58.1615
3579 4140 87.9413
3579 5640 60.8567
3580 4144 47.8505
3581 3851 58.7207
3582 3841 68.2469
3582 3902 86.2753
3583 4053 80.686
3584 5410 34.197
3585 4540 28.8355
3585 5612 40.5462
3586 4535 43.9818
3586 4590 75.0153
3586 5011 61.2553
3587 5397 74.9346
3588 5648 84.4937
3591 5501 111.57
3592 4318 35.4105
3592 5590 82.2136
3593 4345 73.3657
3593 5320 103.146
3595 5408 124.141
3598 3981 12.8532
3599 4130 56.7343
3600 5166 66.2091
3600 5450 44.178
3601 4423 50.973
3601 5182 69.4416
3602 5286 58.2237
3603 5633 24.8548
3604 4904 40.3956
3605 5171 64.1042
3609 4034 68.8792
3609 4609 73.9735
3610 4958 64.0095
3612 5578 43.1361
3614 3938 41.7058
3615 4205 35.1944
3615 5395 118.98
3616 4764 24.1923
3616 4876 52.7452
3617 5643 39.9969
3619 3724 45.5273
3619 4015 33.7098
3619 5328 54.204
3620 3674 74.6728
3620 4838 21.1801
3620 5067 40.7841
3621 5224 85.3449
3624 5571 52.7697
3625 4591 46.1069
3627 4604 59.35
3627 5547 23.2454
3628 4895 64.8162
3629 4099 146.962
3629 4603 93.6889
3630 5309 66.1802
3631 4439 47.3972
3631 4968 14.387
3631 5380 48.5747
3632 4166 10.4132
3632 4304 79.7236
3633 4446 37.2176
3633 5517 88.5931
3634 4196 17.9336
3634 5615 115.851
3636 5034 66.4359
3637 3746 58.8196
3637 4241 111.92
3637 4522 29.9691
3637 5072 59.4136
3638 3942 27.1656
3638 4570 81.6119
3638 5307 108.869
3639 4013 41.9016
3640 4141 52.9758
3640 5063 91.0202
3640 5141 39.629
3640 5663 54.139
3641 4572 37.3354
3641 4678 120.656
3641 5657 63.3841
3642 4132 105.804
3643 4830 27.6176
3644 4360 75.4764
3646 3780 26.8283
3646 4123 37.8197
3647 4038 32.3401
3647 4680 22.9948
3647 5464 66.7952
3648 4309 56.4313
3649 4712 53.2036
3649 5300 39.5156
3650 4089 29.1267
3650 4720 54.7741
3650 5381 33.3776
3651 4299 90.9428
3652 3659 67.5129
3652 4639 46.8133
3653 4530 13.747
3653 5236 26.0695
3654 3999 59.1312
3654 5158 101.354
3655 5427 37.9965
3656 3887 47.1874
3656 4901 73.4337
3656 5662 67.5008
3657 4736 27.5012
3657 5078 68.2357
3657 5605 60.2294
3658 4366 22.3479
3658 4524 50.5869
3658 5421 66.719
3661 3706 34.9639
3661 4483 30.4211
3662 3839 68.3372
3663 3797 55.2741
3663 5614 54.9122
3664 4421 84.6872
3664 5503 10.8942
3665 3744 38.3578
3666 5675 117.247
3667 3774 30.653
3667 3862 103.378
3668 5683 71.1341
3669 4962 42.0273
3670 3929 93.6657
3670 4555 47.2709
3671 4502 90.8047
3671 4710 69.6905
3671 4915 51.5332
3671 5432 54.138
3672 4254 28.512
3672 4275 63.7744
3673 4740 54.8264
3673 5537 82.9711
3674 5067 40.5307
3675 4644 58.5762
3676 5322 76.1612
3677 5376 74.5028
3678 3760 33.4866
3678 4645 21.0606
3678 5582 56.3856
3680 4216 65.9511
3680 5071 44.21
3681 3696 68.5617
3681 5036 72.1827
3682 4753 68.0322
3682 4966 19.7257
3684 3976 27.1527
3684 4699 87.0703
3686 4598 53.7337
3686 5677 22.9025
3687 5034 72.1885
3689 5065 87.3342
3690 5564 84.4082
3691 4559 84.7203
3692 3730 34.1529
3692 5573 18.9566
3693 4285 117.726
3694 5606 41.4451
3695 4843 52.6392
3696 5036 55.1318
3697 4633 49.2417
3697 5140 61.0895
3699 4751 33.3595
3699 5222 85.2064
3700 3898 106.946
3701 4814 66.325
3702 4316 63.5749
3702 4817 99.9508
3704 5406 27.5246
3706 4483 71.0079
3707 3816 72.893
3707 4105 41.5315
3707 4440 54.7504
3707 5170 43.8006
3708 5200 64.5666
3709 3823 61.9898
3709 5325 98.1184
3712 5095 73.8633
3713 3838 46.2559
3714 4115 121.639
3715 3876 62.4051
3715 4595 29.6708
3715 4696 29.2617
3715 4913 69.9021
3716 4388 51.7548
3716 4581 50.2799
3716 4811 26.9546
3717 4726 59.2869
3717 4862 98.9407
3717 5094 84.9268
3718 4386 75.3925
3718 5460 82.2437
3718 5616 24.3872
3720 4381 97.9142
3721 4032 35.1606
3721 5590 100.434
3722 5040 40.04
3723 4528 81.8772
3725 5009 45.2172
3726 3765 16.3945
3726 3772 61.103
3727 4762 119.661
3728 5517 87.0307
3729 5680 43.5458
3730 5573 35.5016
3731 5396 66.891
3732 4476 124.934
3733 4128 90.827
3734 4340 7.19934
3734 4435 47.2819
3735 4647 3.45139
3735 4818 100.51
3736 4040 70.4459
3736 4612 72.9264
3737 3866 43.1868
3738 3814 40.6498
3738 4156 64.1838
3738 4990 55.0329
3738 5339 57.7354
3740 4125 87.3679
3741 4546 57.1603
3742 4033 21.5993
3742 5509 32.547
3743 4104 63.2968
3743 4971 44.4286
3745 5514 40.1741
3746 4186 110.812
3746 4522 54.6166
3747 5589 68.6082
3749 4037 18.4847
3749 5477 56.7887
3749 5652 19.7617
3750 3818 59.4216
3754 3875 106.007
3754 5224 42.8767
3755 4273 76.4867
3755 4892 31.9658
3755 5284 38.5726
3757 3888 70.0617
3758 3917 78.702
3758 4813 87.0141
3758 5389 82.375
3759 3880 56.9631
3759 4522 56.7732
3759 5072 48.7412
3760 4645 39.5575
3760 5582 35.2609
3761 4504 29.2823
3763 4539 64.8437
3764 4288 83.354
3764 4301 152.968
3765 3772 56.2392
3765 4507 105.429
3765 4710 109.085
3766 5220 27.3348
3767 4610 53.556
3768 5049 45.9041
3769 4920 48.3661
3769 5325 50.4944
3770 3916 6.70042
3770 4269 60.2063
3770 4848 35.1875
3770 5577 38.1721
3771 5434 96.4159
3772 4507 115.575
3772 4710 88.289
3773 3811 9.38798
3774 3862 58.2982
3774 4448 79.7884
3775 4583 37.0422
3776 4578 50.987
3776 5415 42.4057
3777 4283 94.0007
3777 5327 51.7769
3778 4755 29.1456
3778 5442 138.258
3779 4478 83.4544
3779 4872 108.012
3779 5234 11.5445
3780 4123 46.8088
3781 4926 88.7027
3782 3965 109.805
3782 4387 51.4313
3782 4738 95.6395
3783 4204 75.9464
3783 4739 155.228
3784 4470 121.315
3785 3848 67.5105
3785 4096 31.4956
3786 4359 66.2911
3787 4822 99.938
3788 5102 61.2327
3789 4488 20.9534
3790 3838 83.3822
3790 5278 81.6067
3790 5335 18.3182
3791 4001 51.8486
3792 3885 87.0923
3792 4921 25.0374
3794 5559 17.3344
3795 5650 95.3897
3796 5004 62.9167
3797 5614 16.0507
3798 4199 81.5011
3798 4770 95.07
3799 4232 41.0973
3799 4960 8.89784
3800 4225 14.8245
3800 5576 72.7509
3801 4127 55.5461
3801 5635 37.8934
3802 4447 49.4068
3802 4721 49.5437
3804 3814 49.9408
3804 4140 62.4931
3804 4542 69.3537
3805 4702 55.3807
3806 3974 48.4231
3806 3994 4.09878
3807 4227 36.2157
3808 3958 80.8221
3809 4199 60.3463
3810 4195 104.19
3812 3821 67.4393
3812 3993 93.4256
3812 5166 79.1681
3813 4330 87.5814
3814 4685 61.2543
3815 4093 49.544
3817 5137 77.7593
3817 5678 113.934
3819 4021 33.0847
3819 4182 108.955
3819 5025 62.2032
3820 4676 50.3032
3820 5108 79.2597
3821 3993 23.9341
3822 4929 111.925
3822 5387 82.0224
3824 4044 42.7935
3825 4047 70.892
3826 4183 149.786
3827 3907 51.5135
3827 5378 11.0372
3828 4285 34.7624
3828 5459 10.2439
3829 5539 30.2137
3831 5097 50.7682
3833 5566 36.0576
3834 4717 56.7194
3836 4497 30.2848
3840 5018 76.5132
3840 5273 108.428
3842 4428 55.9213
3844 5345 40.2345
3845 5348 22.1676
3845 5361 40.6221
3845 5374 56.7294
3846 4939 71.0818
3846 5569 41.3545
3847 4433 25.6876
3847 4651 81.3098
3848 4096 88.5556
3849 3967 68.3929
3851 4139 79.0939
3852 4170 35.7721
3852 5382 46.4599
3852 5455 67.771
3852 5679 32.1215
3853 4368 101.508
3854 4219 15.1469
3854 5337 33.5926
3855 4490 67.4131
3857 4080 48.0333
3858 4961 50.9805
3859 4104 66.0918
3859 4109 4.10984
3859 4971 37.6181
3860 5482 39.357
3861 3932 98.0273
3862 4448 6.59034
3863 4055 64.7944
3864 4851 97.9272
3864 5217 58.6104
3865 3987 17.0626
3865 5588 17.3446
3867 3889 13.9528
3867 4713 22.6507
3867 5626 80.0951
3868 4434 31.6193
3869 4084 31.8209
3869 4153 67.0147
3871 4221 24.4663
3872 4925 46.494
3873 4276 51.6946
3874 4799 100.308
3875 5159 121.542
3876 4696 31.394
3878 3903 97.3575
3878 4610 77.0039
3878 5180 52.6452
3879 4437 33.883
3879 4953 41.9029
3880 4522 36.2903
3882 5258 52.1621
3882 5494 63.6213
3883 4456 47.7682
3884 4000 43.4873
3885 4921 51.8786
3885 5607 42.5148
3885 5676 81.0093
3886 4641 64.9017
3886 5392 50.0112
3887 5662 78.0162
3889 4134 77.5387
3889 4289 73.8396
3889 4713 20.6694
3890 4028 59.4155
3891 4006 63.3948
3891 4477 44.7604
3892 4490 78.8303
3894 4746 99.7849
3896 4652 30.9177
3897 5534 46.2379
3898 4954 147.231
3899 4311 97.6221
3900 4771 37.952
3901 5125 48.5457
3902 4520 78.7366
3904 4896 33.1787
3904 5497 43.7662
3905 4224 19.9187
3905 4451 43.0795
3905 5445 18.75
3907 5378 63.1144
3908 5288 48.135
3908 5319 27.1972
3909 3984 35.9281
3911 4382 105.536
3913 5639 11.603
3914 3968 48.5755
3914 4898 81.3348
3915 4936 49.3586
3915 4979 112.682
3916 4848 28.3079
3916 5577 34.2833
3916 5595 25.3589
3917 5608 63.5029
3918 4201 53.2549
3919 4018 54.7482
3919 4494 164.209
3919 5486 33.4924
3920 4197 62.5348
3921 4875 79.3017
3922 4321 14.6135
3924 3980 103.22
3928 4617 85.9076
3929 4468 90.3762
3930 4002 52.8484
3930 5026 17.3314
3931 4102 60.0942
3934 4074 60.0752
3934 4113 71.9963
3934 5314 26.8971
3936 4391 138.878
3936 5565 77.2754
3939 4168 100.678
3939 4411 105.142
3940 3988 71.3491
3940 5623 65.6849
3941 4217 108.802
3941 5593 73.8831
3942 4570 81.5664
3943 4917 109.851
3944 4933 52.6878
3945 4096 40.1266
3945 4996 26.6176
3945 5032 51.7467
3946 5121 57.9598
3946 5512 49.8501
3947 4153 60.7267
3947 5057 70.5188
3950 4086 11.7967
3950 4734 35.8084
3951 4050 3.47591
3951 4329 52.5204
3951 5372 45.0279
3953 5077 29.5321
3954 4457 46.6651
3954 4501 20.6343
3954 4975 67.9004
3954 4977 97.1764
3954 5261 47.4875
3955 4187 28.1296
3958 5259 59.8791
3958 5603 59.8678
3959 5019 148.608
3959 5233 57.1107
3961 4629 42.552
3961 4819 52.7008
3962 5039 74.9243
3963 4430 51.5784
3964 4607 109.897
3964 4978 131.814
3965 4387 81.4586
3966 5196 68.8546
3966 5326 46.782
3968 3995 86.2197
3968 5327 23.1585
3969 5488 40.9507
3971 5058 73.8436
3971 5206 89.37
3971 5611 132.44
3972 5204 84.4168
3973 4817 87.9264
3974 3994 37.0999
3975 4832 112.655
3977 4470 81.908
3978 5084 100.653
3979 4409 37.7179
3979 4677 109.339
3980 4211 115.908
3981 4784 100.627
3982 4236 46.2205
3982 4980 26.5873
3984 5264 62.7648
3987 5588 18.6002
3988 4434 54.8893
3990 4326 63.0347
3990 4608 71.682
3991 4952 109.887
3992 4481 118.438
3992 5279 70.6153
3996 4127 63.47
3997 5435 33.6138
3998 4229 54.1951
3998 4602 27.6884
4002 5026 62.4739
4003 4396 59.8235
4003 4992 50.7393
4003 5457 82.4311
4004 4666 79.2195
4005 4622 68.4848
4007 4648 73.0992
4007 5399 42.9248
4009 4185 72.56
4009 4363 39.6351
4010 4982 62.2395
4011 5572 41.4699
4014 4385 102.917
4015 5328 52.734
4017 5030 33.1208
4018 5647 61.2995
4020 4346 48.8494
4021 4182 74.5715
4023 4846 11.8245
4023 4897 90.8983
4025 4808 90.3572
4025 5583 41.8284
4026 5276 57.1125
4028 5375 104.23
4030 5308 26.0598
4031 5458 44.9605
4032 5590 59.2681
4033 5509 27.6587
4034 4609 34.9433
4035 4107 43.6257
4036 4388 60.8931
4037 5477 33.7343
4037 5652 8.19601
4038 4680 30.3795
4039 4070 25.0899
4040 4612 26.7967
4041 5313 35.8943
4042 4351 112.873
4043 4176 82.8517
4043 4873 41.8047
4045 4328 9.86148
4045 4679 67.4469
4046 4864 32.3495
4048 4632 50.8209
4049 4624 58.6312
4049 5167 32.2439
4052 4322 120.213
4052 5013 98.7769
4053 4274 69.7012
4054 4287 46.3506
4056 5365 50.9261
4057 5274 13.4774
4058 4066 78.1231
4059 4160 152.969
4060 4254 88.7833
4061 4846 97.9411
4061 5089 64.8973
4062 5341 31.6591
4063 4923 71.9572
4064 5245 106.615
4065 4573 129.292
4065 5208 92.6111
4067 5359 88.5621
4068 4906 49.4442
4069 4460 29.3552
4073 4772 63.6727
4073 4812 40.0532
4074 5314 43.5323
4076 5231 55.8173
4076 5302 75.2886
4076 5318 29.2325
4078 5165 68.155
4079 4426 66.6649
4080 5500 124.976
4081 5388 56.9172
4083 5425 39.0986
4084 5639 63.9903
4086 4734 21.9707
4086 5285 54.086
4089 5381 38.6421
4090 5287 64.8816
4092 4234 61.9306
4092 4596 53.306
4092 5638 53.1109
4093 5053 31.351
4094 4313 38.4502
4094 5429 58.0789
4094 5492 48.3998
4095 5044 11.0188
4096 4937 40.5162
4096 5032 60.1172
4097 5673 100.474
4098 4391 79.6064
4098 4466 94.3996
4098 4871 51.2295
4099 4148 48.2681
4099 4603 47.6552
4099 5189 43.3774
4100 5430 53.8123
4100 5680 42.4113
4101 5480 107.225
4103 4264 33.0565
4104 4109 58.0785
4104 4971 74.3446
4104 5292 85.2195
4105 4440 84.8868
4105 5199 116.58
4106 5657 98.0704
4108 5549 45.1883
4109 4971 27.9729
4111 4703 63.6465
4112 4898 62.0888
4112 5482 70.7366
4112 5683 64.1497
4113 4116 81.2542
4113 5314 70.6617
4113 5448 119.34
4114 4940 45.3341
4114 4946 25.8713
4115 5579 75.8437
4116 4654 22.3743
4119 4855 19.0107
4119 5351 77.2349
4121 4628 15.5625
4122 4552 42.7606
4125 5507 67.7102
4129 4918 101.68
4129 5103 84.3626
4129 5644 53.6312
4131 4463 80.303
4131 5188 93.9176
4134 4289 109.265
4134 4713 60.7161
4135 5603 26.1963
4136 5490 47.1807
4137 5527 27.7939
4140 4542 33.735
4141 5141 34.1859
4141 5663 13.2711
4143 5052 74.9169
4145 4334 37.3331
4145 5308 18.3198
4146 5097 76.9162
4149 4664 73.5292
4150 5605 95.5081
4151 4564 48.4843
4151 4594 65.8069
4154 4653 36.6264
4154 5103 62.1179
4154 5510 17.9464
4155 5058 68.4611
4155 5206 76.877
4155 5530 72.649
4156 4990 92.21
4156 5266 70.6632
4156 5339 60.3494
4157 4192 68.2954
4157 5496 56.4017
4158 4532 77.4689
4158 5062 61.0324
4159 4412 70.3787
4159 4520 62.7759
4160 4571 14.5406
4162 4252 34.8648
4166 4304 66.2208
4167 4656 32.374
4168 4411 81.3299
4168 4691 76.4188
4169 4641 53.915
4169 4786 68.0292
4169 5392 57.5714
4170 5382 71.4074
4170 5679 13.9517
4173 5143 32.4087
4173 5591 40.3805
4174 4478 85.8686
4175 4452 31.9244
4176 4873 36.1292
4178 4941 71.7802
4179 4364 21.214
4179 5417 27.7495
4180 5637 39.0451
4181 4974 49.056
4183 4738 37.6009
4184 5116 26.7169
4184 5179 68.089
4184 5268 51.7138
4186 4499 114.717
4187 4428 100.03
4188 5622 64.8993
4189 4792 30.522
4189 5374 60.0319
4191 4222 90.6612
4193 4519 25.4941
4196 5615 139.404
4197 5368 99.2284
4198 4378 33.9783
4198 4619 50.6272
4198 5619 35.1824
4200 4386 29.8265
4201 5102 37.7217
4203 4521 92.8195
4203 4658 91.644
4203 5319 47.2745
4204 4739 76.8309
4209 4916 70.2732
4212 4707 66.5098
4213 4949 54.0454
4214 4218 35.2267
4214 5155 46.7783
4214 5621 85.5771
4216 5071 54.9496
4216 5377 51.7226
4219 5337 69.0005
4220 4471 55.8541
4221 4405 120.412
4221 5438 83.3927
4222 4327 68.592
4223 5681 98.4871
4224 4451 34.3915
4224 5445 32.5207
4225 5576 54.2774
4226 4644 63.2056
4226 5416 49.1884
4228 4288 126.619
4229 4485 71.5895
4230 4887 54.7048
4230 5199 12.8134
4231 5190 64.9877
4232 4960 63.2688
4234 4767 92.3929
4235 5601 102.897
4236 4980 62.2736
4239 5263 56.6554
4239 5461 30.5394
4241 5480 75.1695
4242 5520 53.8898
4244 5006 27.5192
4245 4405 127.406
4246 4259 68.5854
4246 4849 84.5332
4247 4998 76.6077
4247 5122 81.8612
4249 4538 71.0056
4249 5360 56.4601
4250 4309 45.7271
4250 5463 54.7066
4255 4905 112.927
4255 5096 23.0144
4255 5176 44.5963
4256 4337 80.4928
4259 4849 55.979
4260 5324 86.2311
4260 5498 46.8556
4261 4840 48.9536
4261 4948 15.5378
4262 5402 59.7296
4263 4700 92.0534
4265 4650 52.4989
4265 5118 57.5689
4266 4831 91.2908
4266 5449 87.1319
4267 4809 43.3184
4267 4972 54.5122
4267 5357 93.1172
4269 4848 85.8573
4269 5256 74.4025
4269 5545 99.0372
4270 4517 50.2426
4270 4959 66.7114
4270 5344 41.7286
4270 5456 81.7329
4271 4930 78.7854
4271 5422 39.2997
4272 5104 16.1638
4273 4892 39.9733
4273 5284 101.151
4276 4534 76.8056
4276 4698 129.001
4277 4989 53.5402
4278 5485 81.3482
4279 4646 21.1753
4279 5295 42.5055
4280 5156 79.8485
4280 5216 37.9101
4281 4533 58.2983
4282 5129 62.6628
4283 4737 43.3094
4285 5459 37.1396
4286 4289 113.283
4286 5668 71.8343
4291 4832 80.4153
4292 4580 38.8234
4293 5119 12.306
4293 5443 35.4985
4294 5674 76.4086
4296 4412 75.3636
4296 5142 71.595
4296 5169 30.9067
4300 5239 100.853
4300 5502 28.5123
4302 4366 87.1216
4302 5462 18.6287
4303 5242 76.1043
4303 5543 102.307
4305 5202 52.0672
4305 5266 12.4041
4305 5377 40.4127
4305 5634 65.587
4306 4621 32.8692
4307 4805 26.8831
4310 4380 101.43
4310 4759 62.0385
4311 4694 45.6857
4313 4873 53.9897
4314 5352 107.996
4314 5436 107.309
4315 5093 33.209
4315 5328 31.525
4317 5584 7.75595
4318 5590 42.6596
4319 4333 35.3499
4319 5000 53.4805
4320 4693 22.9246
4323 4961 36.9572
4324 5047 13.2665
4324 5086 64.7917
4327 5173 29.2434
4328 4679 71.7173
4332 4336 87.3941
4332 5198 12.0633
4335 5272 70.9358
4336 4866 67.3979
4339 4454 64.7069
4340 4435 37.0551
4341 4669 52.5821
4341 4986 104.91
4341 5641 63.547
4343 4367 24.2678
4343 5074 54.6217
4344 4674 78.352
4344 5379 28.7892
4345 5131 47.2567
4346 4758 90.7374
4347 5177 102.18
4350 5240 120.781
4351 5491 26.7061
4352 5636 69.3947
4354 4515 90.3926
4355 4584 49.7479
4355 5164 71.3819
4361 4399 37.9507
4361 4481 100.317
4362 5385 58.6728
4364 5417 47.222
4365 5562 105.322
4365 5593 148.271
4366 5421 34.3049
4366 5446 50.9091
4369 5138 69.004
4372 4379 122.848
4372 5471 90.8823
4376 5483 40.8381
4378 5619 12.9568
4379 5471 20.0442
4381 5320 28.417
4385 4524 62.3503
4386 5616 38.6574
4388 4581 35.6116
4389 4904 31.6656
4391 5565 104.303
4392 5271 58.4317
4393 5488 64.5198
4394 5240 99.7793
4395 5185 33.584
4395 5412 79.5054
4395 5439 21.6376
4396 4474 37.8977
4396 4992 79.9866
4396 5457 119.626
4397 4554 77.3913
4397 5051 94.8672
4397 5360 44.3863
4397 5419 13.9732
4398 5305 24.6796
4399 4481 68.3821
4399 4797 56.2919
4400 4876 99.1548
4401 4445 26.895
4402 4510 52.9026
4407 4675 32.713
4408 4418 49.1833
4408 5441 63.5162
4408 5483 41.721
4409 4677 123.092
4410 5349 86.0754
4411 4691 17.8127
4411 5112 52.4259
4411 5172 49.6854
4414 4505 72.9356
4415 4569 44.9062
4419 5418 37.3249
4421 5503 80.8873
4424 4853 47.0884
4424 5186 85.2352
4427 4779 30.542
4428 5167 78.3493
4430 5129 86.9975
4431 4606 41.8182
4432 4547 32.4962
4433 4651 29.7267
4436 4585 109.274
4436 4688 49.4836
4437 4953 55.3219
4439 4968 66.4021
4439 5380 48.9811
4440 5170 27.0919
4441 4994 23.8354
4441 5673 51.7737
4442 5420 70.4727
4443 4524 43.1656
4444 4964 53.2699
4444 5109 55.838
4444 5254 109.741
4446 5517 39.5738
4446 5654 132.163
4447 4721 75.5658
4448 4687 79.8801
4449 5275 107.466
4450 5115 33.804
4451 4574 98.024
4451 5445 70.931
4453 5105 59.1659
4457 4501 74.0855
4457 4977 66.2218
4458 4731 37.0166
4460 4833 103.491
4462 4884 19.2773
4462 5205 39.4316
4462 5215 14.3082
4463 5188 50.5427
4463 5431 70.4687
4464 5024 46.0967
4465 5682 73.3023
4466 5233 53.1503
4468 4922 15.1244
4469 4526 62.2763
4471 4828 62.4892
4471 4987 69.7937
4472 5637 130.725
4473 4775 26.3667
4474 4991 91.6724
4478 4872 46.7284
4480 5373 61.4929
4480 5444 24.2476
4480 5475 21.7539
4481 4797 73.1803
4484 4668 35.0475
4484 5149 29.0884
4485 5068 17.763
4486 4969 35.2263
4486 5265 128.428
4489 5182 71.7484
4494 5486 147.503
4498 5062 41.7352
4500 4793 48.1942
4501 4975 44.5287
4501 5261 56.9096
4502 4915 97.8417
4505 4601 44.9383
4505 4670 60.115
4506 5120 19.4335
4511 5074 65.1594
4512 5289 62.7072
4512 5395 22.558
4516 5230 19.6158
4516 5656 54.8633
4517 4959 72.1345
4517 5344 14.5757
4518 4850 44.688
4521 5319 73.1791
4522 5072 97.11
4523 5454 44.5321
4525 4548 43.9601
4529 4955 48.3218
4530 5236 33.2314
4532 4976 93.3559
4535 4590 50.1696
4535 5369 60.9576
4536 4702 67.0289
4541 4714 57.7875
4542 4895 83.0802
4543 4823 72.4234
4543 5342 14.4158
4545 5645 58.6849
4546 5497 61.3068
4548 5092 35.3549
4551 5658 60.4465
4554 5360 51.0737
4554 5419 79.9049
4556 4894 20.1049
4557 5221 17.0062
4559 4733 86.5073
4560 5153 86.5651
4561 4716 35.2978
4566 4951 38.8344
4568 4635 36.2047
4568 5467 67.4015
4575 4845 25.9079
4576 5558 54.483
4577 5623 24.7397
4578 4911 48.9486
4578 5415 3.61249
4582 4634 65.4294
4584 4882 72.6476
4585 5130 74.598
4587 5275 80.602
4587 5485 47.8152
4587 5574 15.9201
4588 5596 85.7213
4589 5289 64.2894
4592 4673 63.3926
4592 5398 61.54
4593 5504 77.0293
4594 4832 87.118
4595 4696 66.5246
4597 4673 53.045
4597 5108 82.3531
4598 5677 18.5981
4599 5401 58.5885
4599 5501 32.1167
4600 4624 23.6136
4601 4670 31.9408
4603 5189 23.3395
4604 5017 20.0873
4604 5098 93.3744
4604 5547 46.7158
4606 4787 85.66
4606 5232 42.3605
4607 4978 49.942
4608 4741 94.0197
4609 5042 79.5514
4610 5180 50.4356
4611 4665 36.1592
4614 4709 48.4451
4614 4937 104.321
4615 5579 98.6697
4615 5584 86.4482
4616 4662 51.1873
4617 4836 163.399
4618 4867 49.0722
4619 4890 57.6584
4620 5277 72.2177
4626 5164 66.8012
4626 5270 34.2258
4627 5405 57.7509
4630 5470 50.9483
4630 5550 15.0603
4631 4722 45.0003
4633 5140 91.2586
4635 5467 64.7594
4636 5473 71.944
4640 4712 63.3826
4641 5392 60.8658
4642 5049 61.7057
4642 5163 27.6083
4643 5290 59.3392
4643 5586 22.5243
4645 5582 28.3393
4646 5295 26.5763
4647 5285 68.2187
4648 5399 15.9065
4653 5510 38.2555
4655 5113 62.8276
4657 5191 79.3414
4658 5520 113.932
4659 5431 31.2665
4660 4860 13.4676
4660 5548 97.7313
4661 5486 77.0338
4663 5350 71.9196
4667 4765 78.2612
4668 5149 62.5701
4671 5355 11.8813
4671 5609 72.1424
4673 5108 31.459
4674 4776 73.4963
4674 5379 44.5389
4682 5242 80.8255
4683 5192 45.2999
4683 5468 70.6909
4684 4837 36.3181
4684 5225 71.3938
4685 5339 59.5452
4686 5581 69.106
4687 4945 76.97
4688 5130 86.0371
4690 5134 12.4896
4691 5112 46.5534
4691 5172 18.0713
4695 5280 79.614
4696 4913 25.128
4701 5213 100.009
4702 5320 59.9846
4703 5041 60.6353
4704 4804 37.3023
4704 5002 46.9632
4704 5352 39.4906
4709 4996 47.0073
4710 4915 8.08168
4711 5228 64.6549
4715 4943 67.1271
4719 4940 70.8958
4719 4946 47.9255
4719 5146 49.6113
4719 5551 76.3355
4724 5290 17.7692
4724 5586 40.1809
4725 5559 96.7709
4727 5157 88.1467
4730 5246 58.4099
4733 5171 59.0316
4735 4772 85.6225
4740 5522 69.4725
4740 5537 16.6967
4747 5064 75.8553
4747 5128 83.0645
4747 5362 20.3722
4751 5222 71.0506
4752 5023 50.5372
4752 5571 39.3071
4755 5442 131.843
4760 5090 61.7031
4760 5646 68.3667
4760 5655 20.9969
4761 5267 12.1641
4767 5433 61.2501
4767 5638 50.7338
4773 5089 66.9741
4777 5475 71.6179
4778 4963 61.5462
4778 5147 68.7821
4781 4900 73.2159
4783 4924 69.6876
4789 5581 83.8499
4790 5069 48.3783
4791 4800 53.1673
4792 5502 72.7764
4793 4939 98.9249
4793 5669 80.1463
4795 5046 6.44745
4797 5279 90.2419
4802 5343 73.3004
4804 5002 43.2871
4804 5352 53.8629
4806 5469 53.9534
4807 5291 70.7886
4807 5542 37.1334
4808 5284 67.9702
4808 5583 110.029
4810 5303 121.046
4812 5631 58.1643
4818 5253 125.768
4820 5629 31.9705
4821 4877 42.4142
4821 5039 63.4395
4823 5342 43.296
4824 5184 52.4487
4825 4932 34.4193
4825 5400 58.2038
4826 5012 43.8178
4831 5449 15.1887
4833 5370 78.7067
4836 4902 104.393
4837 5424 76.149
4839 4889 42.9038
4839 5060 79.1642
4840 4948 75.4886
4840 5014 34.2073
4844 5035 42.4129
4846 4897 108.095
4848 5577 12.8109
4851 5217 31.7986
4853 5474 83.1231
4855 5351 96.6982
4856 5100 81.7491
4865 5371 52.9611
4866 5022 62.8262
4868 5423 44.8081
4869 5187 73.9668
4870 5331 51.0405
4870 5544 52.7035
4871 5019 133.867
4871 5565 81.3651
4872 5234 113.16
4874 5291 20.3739
4874 5542 75.9633
4877 5039 56.7173
4879 5307 71.2801
4880 5425 74.8845
4881 5140 75.4767
4881 5388 65.4657
4883 4954 76.9561
4884 5205 34.5813
4884 5215 13.3287
4885 5018 140.353
4887 5484 69.8143
4888 5043 27.7691
4888 5268 97.3225
4890 5132 59.7118
4890 5264 33.5706
4892 5284 74.5221
4900 5575 48.4635
4901 5662 19.8131
4905 5096 74.3354
4907 5201 63.8512
4908 5280 77.6438
4909 5083 1.83916
4909 5091 64.4797
4911 5415 52.1363
4912 5664 10.0893
4914 5014 46.4418
4918 5076 14.9409
4918 5212 79.3707
4918 5644 83.8791
4920 5325 35.3618
4920 5599 74.478
4923 4928 96.7794
4925 5294 47.089
4930 5422 29.5433
4930 5513 53.1148
4931 5347 33.5109
4932 5400 21.3698
4934 5183 15.6744
4935 5411 43.9797
4936 4979 69.0033
4936 5048 132.21
4939 5669 64.802
4940 4946 7.58664
4941 5307 77.4556
4942 5490 20.9697
4942 5535 47.1528
4944 5524 44.3501
4954 5135 79.0963
4955 5642 40.8841
4957 5290 63.7134
4963 5147 106.658
4964 5153 39.4486
4967 5303 96.9012
4975 5254 60.373
4977 5261 66.3744
4979 5048 67.1091
4980 5175 75.9174
4981 5244 119.581
4983 5059 17.2382
4983 5587 59.5308
4986 4997 30.5556
4986 5073 113.207
4986 5641 26.0924
4988 5322 57.4787
4990 5634 85.2694
4992 5457 79.879
4994 5673 55.0417
4997 5073 68.4375
4997 5641 71.8155
5001 5424 48.4514
5002 5352 70.9682
5003 5413 5.09695
5005 5506 44.3275
5008 5402 57.5214
5013 5481 88.7394
5015 5382 119.629
5016 5439 56.4006
5017 5468 43.3638
5017 5547 77.26
5018 5273 108.304
5023 5571 103.541
5024 5631 74.5295
5027 5538 24.5686
5029 5255 31.6405
5031 5651 87.5169
5033 5152 25.9371
5045 5343 27.7931
5047 5086 46.6282
5049 5163 34.4817
5051 5419 61.8667
5052 5312 72.6179
5056 5543 48.8849
5058 5206 7.27469
5058 5611 31.3828
5059 5587 85.1369
5063 5141 100.836
5064 5262 22.0973
5064 5362 67.835
5065 5316 73.5363
5076 5212 60.746
5077 5097 35.846
5077 5364 83.8881
5079 5376 60.7475
5080 5160 40.4349
5080 5620 28.2405
5081 5626 24.5929
5082 5282 55.2261
5083 5091 59.4585
5085 5113 38.2588
5086 5334 67.104
5087 5346 53.443
5089 5304 95.2028
5090 5646 113.599
5090 5655 107.818
5092 5315 82.1023
5096 5176 56.5004
5096 5613 50.339
5096 5649 75.8124
5103 5510 47.1942
5103 5644 43.9245
5105 5111 28.2757
5106 5453 15.3692
5112 5172 17.8411
5116 5179 53.2499
5116 5268 65.6403
5117 5533 82.5216
5118 5241 67.2564
5119 5443 47.4478
5121 5512 54.6534
5121 5618 56.6831
5123 5184 63.6798
5126 5447 24.4634
5132 5264 30.1597
5136 5636 50.2086
5138 5495 29.4022
5138 5519 87.8169
5139 5162 70.6737
5141 5663 45.8673
5142 5169 64.7218
5143 5591 58.0891
5144 5396 22.2116
5148 5329 47.3743
5150 5383 57.3218
5151 5263 33.9904
5154 5632 28.5296
5158 5501 90.191
5160 5620 69.8824
5164 5270 48.5379
5166 5450 69.9952
5170 5500 76.2336
5179 5268 83.2825
5181 5366 30.6933
5185 5439 33.2029
5196 5326 24.2669
5197 5646 42.6995
5202 5266 46.6564
5202 5377 31.6974
5206 5611 36.8828
5207 5359 60.1151
5207 5391 21.8373
5208 5384 69.4189
5209 5408 74.7141
5211 5555 54.1809
5212 5644 77.993
5213 5624 29.1182
5214 5617 65.3573
5223 5487 73.3675
5230 5656 38.2587
5231 5318 28.1864
5236 5507 88.0472
5239 5502 151.01
5243 5627 53.3868
5247 5614 74.725
5251 5294 80.4216
5252 5610 35.3577
5253 5278 94.1271
5256 5545 52.7742
5258 5276 39.5444
5258 5494 58.791
5262 5362 54.7637
5266 5634 51.7922
5269 5607 49.3503
5269 5676 23.2207
5271 5391 68.7987
5274 5321 59.8132
5278 5335 67.5247
5281 5531 79.5431
5281 5580 3.97409
5281 5600 123.551
5282 5372 25.1617
5286 5660 51.3538
5287 5469 36.5554
5288 5319 35.8943
5290 5586 35.8985
5291 5542 30.1921
5293 5594 90.8125
5296 5368 69.3383
5299 5608 58.2941
5302 5318 83.1241
5302 5489 69.287
5303 5659 121.303
5313 5315 85.5226
5315 5393 99.7326
5321 5607 66.3516
5348 5361 38.1385
5348 5374 58.3822
5349 5394 65.8891
5354 5671 55.3029
5355 5609 59.0279
5359 5391 68.7665
5360 5419 45.6195
5369 5461 102.801
5373 5475 51.2969
5382 5679 80.1665
5386 5557 112.121
5390 5668 42.5349
5393 5540 110.022
5409 5570 12.4341
5412 5439 74.3662
5421 5446 37.061
5421 5462 59.102
5423 5621 90.9538
5428 5508 63.6884
5428 5518 57.5539
5429 5492 53.9633
5441 5483 48.9033
5444 5475 66.4332
5448 5678 90.7035
5455 5525 33.0909
5455 5679 99.7898
5460 5616 64.7821
5470 5550 46.2834
5474 5561 124.33
5477 5652 41.9383
5478 5494 19.8029
5495 5519 85.02
5512 5618 56.7268
5522 5537 72.8169
5525 5532 66.7843
5531 5580 67.2791
5531 5600 41.5583
5539 5554 66.4877
5562 5593 85.852
5568 5598 3.88322
5569 5669 101.778
5577 5595 29.098
5580 5600 107.6
5613 5649 47.613
5646 5655 67.8867
