2715 5108
0 1707.75 2270.8
1 1789.64 1483.31
2 248.894 416.178
3 1858.2 374.265
4 25.768 319.373
5 932.676 1331.13
6 1173.8 1996.84
7 862.728 1853.84
8 1427.54 1898.68
9 1692.95 503.853
10 571.912 914.293
11 1951.77 1413.22
12 1915.16 1408.92
13 2490.79 880.568
14 2441.92 550.167
15 1201.87 126.883
16 2106.65 1225.76
17 630.234 891.891
18 505.996 2138.54
19 1937.75 84.5187
20 1705.95 2307.24
21 2213.02 308.78
22 1187.9 1999.62
23 1536.22 2077.79
24 529.635 145.801
25 64.2994 2247.62
26 700.783 616.714
27 449.127 1591.55
28 1127.89 33.1146
29 341.484 98.0156
30 1099.42 203.185
31 2046.05 670.715
32 1838.86 1376.75
33 2433.57 140.722
34 1016.39 2594.84
35 980.832 1166.74
36 496.478 2314
37 1372.65 48.9947
38 2205.94 24.3868
39 372.753 207.431
40 679.027 2469.01
41 940.479 1481.8
42 225.131 2093.78
43 402.905 1868.23
44 2455.38 966.345
45 1228.81 123.958
46 2343.69 1712.08
47 2112.31 949.599
48 36.0493 528.107
49 714.196 1849.92
50 1902.33 559.201
51 2132.76 1903.59
52 680.282 368.731
53 1292.41 788.92
54 631.526 683.641
55 1051.79 1010.04
56 417.411 54.6159
57 327.15 364.922
58 64.3176 1181.74
59 799.823 1943.3
60 753.208 2264.85
61 382.198 7.31392
62 2141.1 1381.55
63 269.119 2305.1
64 2105.25 2391.77
65 797.119 2597.86
66 458.357 1872.06
67 592.641 450.384
68 823.074 474.817
69 584.771 939.547
70 717.536 1404.25
71 550.636 2092
72 470.568 746.323
73 2216.84 951.448
74 1127.86 1385.77
75 127.222 2126.22
76 1987.73 729.272
77 1519.16 411.594
78 1192.83 862.282
79 852.839 2102.78
80 1508.06 1976.95
81 1376.31 498.252
82 597.89 829.514
83 2235.8 715.709
84 2349.54 1396.9
85 1807.08 1367.59
86 2547.03 769.902
87 1339.48 160.825
88 2269.41 1601.13
89 2583.16 569.807
90 1635.29 1131.29
91 411.305 1690.86
92 756.439 289.098
93 1705.17 708.253
94 221.958 1599.05
95 2251.5 170.395
96 1512.14 1072.58
97 1188.53 1482.91
98 2301.3 506.056
99 1272.91 2466.08
100 1768.54 1101.4
101 821.295 516.451
102 1099.26 1991.64
103 1971.28 1445.65
104 1305.27 1772.07
105 2295.66 2523.12
106 480.267 214.886
107 774.302 2400.42
108 2587.98 2057.78
109 1818.33 885.871
110 1655.53 2295.81
111 2476.14 137.18
112 2282.86 1815.63
113 394.662 288.785
114 2467.02 901.776
115 705.131 727.202
116 207.598 1011.35
117 1082.28 1251.28
118 1580.57 2189.59
119 2347.87 1512.37
120 1129.67 1521.34
121 1549.76 1841.94
122 1439.79 1501.42
123 1199.71 1317.94
124 399.366 721.868
125 1198.35 1399.69
126 1176.23 2212.11
127 1872.82 373.942
128 2106.72 1226.33
129 2601.37 239.879
130 2541.07 2190.35
131 886.428 16.9496
132 395.745 335.67
133 1524.32 276.584
134 2057.79 1492.45
135 497.307 337.402
136 1051.79 1285.21
137 2069.6 1095.65
138 2428.31 1161.24
139 1191.84 896.774
140 1854.43 380.54
141 2057.75 2107.61
142 2503.06 2603.27
143 776.19 489.496
144 547.256 2433.8
145 959.479 2401.37
146 2550.25 2310.23
147 65.0541 139.403
148 1217.46 1126.9
149 2270.42 1484.99
150 203.007 2134.19
151 1845.16 2492.15
152 1172.49 390.218
153 1050.51 1599.53
154 2252.39 35.6397
155 1987.02 1620.42
156 1395.3 1270.29
157 102.521 2497.67
158 1895.74 1696.52
159 838.933 2605.07
160 873.947 2438.7
161 1650.71 2045.99
162 2195.61 2023.27
163 676.446 208.474
164 4.61248 1487.35
165 1221.39 552.824
166 1782.62 1056.5
167 208.074 2050.36
168 2511.59 813.674
169 1465.42 171.607
170 1214.17 1810.78
171 1343.65 2099.21
172 1456.2 1689.89
173 1784.37 2183.65
174 1684.15 670.471
175 172.248 1979.16
176 1046.8 1433.34
177 1107.64 1080.42
178 1374.43 2527.82
179 1572.13 1198.98
180 943.967 1024.51
181 795.589 2162.96
182 1449.77 954.867
183 628.021 1652.06
184 1426.26 1978.24
185 2200.14 2522.43
186 148.617 1740.21
187 2524.21 632.453
188 1505.89 13.2933
189 447.658 564.973
190 2380.32 2377.64
191 2200.75 1496.55
192 2063.53 2345.39
193 685.4 2192
194 56.685 1189.92
195 1260.7 424.354
196 361.255 1979.66
197 1437.51 1027.22
198 1490.25 427.343
199 619.067 1184.67
200 443.04 2326.06
201 304.377 1835
202 2409.19 1318.38
203 1677.43 2282.07
204 2414.09 2490.71
205 1221.62 822.288
206 1331.8 335.073
207 399.317 573.74
208 1962.36 1894.21
209 1889.96 2081.58
210 8.52655 2168.98
211 1891.5 170.985
212 743.415 2024.93
213 896.141 2103.84
214 878.229 182.842
215 1936.89 83.5772
216 1157.42 2516.71
217 773.71 2066.97
218 891.262 503.933
219 149.184 2265.67
220 681.976 1797.06
221 648.89 1541.04
222 791.114 132.607
223 456.989 2198.54
224 1860.25 946.374
225 2196.2 2023.21
226 967.194 547.212
227 1551.41 1296.25
228 1538.27 834.767
229 2039.85 2058.95
230 1076.9 2174.78
231 238.621 1261.53
232 1161.7 2419.7
233 2250.86 2237.99
234 311.662 1621.65
235 2013.18 1479.2
236 1942.29 2475.05
237 1429.1 800.962
238 1669.16 1483
239 713.424 271.706
240 1924.18 2131.45
241 687.852 2488.6
242 301.777 2171.2
243 1944.11 1072.17
244 910.751 666.442
245 1050.6 144.679
246 2467.81 1060.62
247 1073.53 264.491
248 2081.55 930.393
249 587.635 2343.35
250 2517.05 1039.31
251 2178.21 1153.08
252 1547.18 1467.1
253 2065.72 347.562
254 1885.1 2005.34
255 2180 434.447
256 2036.56 150.395
257 1531.07 1674.24
258 162.807 534.831
259 1652.65 1781.92
260 823.958 1980.8
261 1767.5 1589.18
262 2319.93 586.989
263 147.75 484.545
264 2561.94 821.552
265 1202.61 1026.07
266 483.224 356.402
267 1373.64 2338.35
268 336.256 249.56
269 291.078 1081.02
270 1479.33 2410.34
271 2530.74 2021.36
272 1082.26 2322.81
273 679.785 1103.52
274 2083.18 660.038
275 739.293 1154.42
276 1630.65 2068.24
277 2393.7 2352.93
278 1042.63 1460.97
279 2129.21 619.318
280 25.5029 1558.2
281 159.447 1666.5
282 973.527 1237.3
283 562.928 1124.05
284 1374.81 1600.95
285 618.882 705.993
286 291.231 1258.94
287 1587.24 884.164
288 631.98 996.803
289 1276.84 1525.19
290 748.818 263.963
291 1978.5 1803.23
292 1864.08 203.194
293 1366.67 268.69
294 2345.88 1677.68
295 1993.96 1827.59
296 2358.14 949.387
297 1840 94.3175
298 357.945 1241.44
299 31.4216 1908.5
300 986.327 1001.82
301 2602.98 384.721
302 1964.76 99.4354
303 868.716 1578.66
304 1463.81 469.514
305 814.349 96.7301
306 560.661 1004.09
307 2478.55 1391.46
308 800.084 1764.34
309 2364.8 1881.61
310 958.621 880.287
311 795.429 594.154
312 1880.03 1994.42
313 671.775 723.546
314 1139.33 2156.34
315 355.82 1521.7
316 2554.35 1678.94
317 1789.99 1798.48
318 1624.88 282.633
319 2512.38 778.862
320 2562.4 2067.12
321 1487.61 2302.68
322 691.908 2539.75
323 1276.11 693.471
324 792.147 1474.18
325 648.63 1242.53
326 479.412 1144.08
327 2390.22 988.861
328 684.858 774.972
329 405.956 760.611
330 1526.79 183.249
331 2234.63 2390
332 2239.46 887.589
333 2354.43 1058.36
334 925.329 1436.38
335 1063.36 324.493
336 719.671 273.693
337 2312.25 2444.17
338 975.862 1345.42
339 835.896 1796.74
340 2251.41 2408.5
341 1001.45 352.096
342 61.2906 1094.89
343 1326.1 2175.17
344 13.8987 1953.95
345 987.682 2240.51
346 2000.05 1116.33
347 837.363 105.604
348 2164.7 2404.75
349 1143.46 383.215
350 2125.67 1154.32
351 161.551 1268.1
352 162.469 1138.71
353 1295.69 2095.12
354 2473.66 2233.51
355 2495.78 1420.52
356 1026.11 2109.09
357 673.409 2138.29
358 2559.36 1428.85
359 1308.27 706.997
360 334.374 405.818
361 400.493 1464.99
362 2212.88 1368.85
363 2559.87 594.118
364 2368.34 635.027
365 1360.21 1493.84
366 2443.73 1418.65
367 946.809 2089.42
368 2138.59 648.437
369 595.384 2289.11
370 1186.91 408.599
371 1710.32 338.79
372 923.146 1669.98
373 2026.51 766.092
374 10.5488 710.526
375 127.031 436.719
376 1121.7 1587.97
377 1454.15 1766.06
378 107.712 953.42
379 925.733 954.026
380 1310.17 1081.02
381 1534.39 1969.41
382 1963.57 619.926
383 1611.42 958.996
384 1491.42 2061.34
385 1864.47 247.182
386 602.278 1866.7
387 2025.95 2296.38
388 1864.46 1198.01
389 2148.25 422.307
390 2416.83 2312.76
391 998.278 1640.64
392 652.293 510.831
393 2280.69 2363.85
394 2269.42 1329.06
395 288.155 1919.19
396 669.596 1251.73
397 38.3583 1422.99
398 2038.5 2415.44
399 194.291 1107.39
400 1184.87 1489.48
401 278.883 219.941
402 673.5 2320.13
403 2507.41 2348.59
404 1234.19 1141.96
405 1472.6 616.726
406 41.7949 388.303
407 638.814 1865.5
408 2082.12 324.566
409 1357.23 1142.84
410 1243.79 57.0585
411 901.68 1909.92
412 2017.09 309.533
413 185.941 173.925
414 2575.21 2153.07
415 1704.75 485.634
416 995.135 1055.01
417 1014.78 1001.14
418 2077.65 1636.19
419 2566.8 1324.62
420 1125.33 934.155
421 1030.47 1676.16
422 740.382 1398.43
423 1790.19 1563.75
424 1244.99 2406.57
425 2315.9 967.104
426 930.387 275.618
427 1587.8 1276.78
428 1281.53 1870.04
429 1349.67 1929.19
430 2012.26 1205.31
431 1777.53 1729.89
432 2234.44 845.933
433 479.39 1228.06
434 1248.89 1869.85
435 132.942 1336.19
436 1663.89 1829.88
437 71.3815 2236.75
438 2197.77 1504.83
439 1392.17 2047.92
440 916.186 1900.86
441 686.168 1536.12
442 1188.87 435.722
443 990.337 353.507
444 1493.11 1423.35
445 1735.03 1564.82
446 238.997 2304.09
447 369.35 770.514
448 1242.83 2364.31
449 519.069 1539.48
450 804.992 1947.14
451 1838.49 2284.07
452 1638.66 2442.51
453 1166.62 246.124
454 476.709 1715.66
455 902.748 1654.82
456 49.2539 584.973
457 422.241 1792.42
458 1043.09 1465.84
459 866.183 2509.8
460 2184.92 2030.59
461 1490.54 1455.92
462 2464.95 909.168
463 527.799 1859.11
464 1342.72 2462.29
465 1343.79 2210.33
466 2499.52 2038.58
467 1150.18 1971.18
468 2430.05 2480.07
469 2316.46 1809.1
470 1446.5 1344.9
471 1999.86 1516.48
472 1381.56 7.39631
473 2040.64 2423.98
474 828.373 861.882
475 2069.42 1357.68
476 1330.69 768.233
477 471.659 349.387
478 1980.99 1420.35
479 2270.6 1899.37
480 1292.63 1261.02
481 217.397 720.709
482 136.181 50.2849
483 1811.97 2178.17
484 290.851 1429.63
485 2096.39 39.4156
486 1712.32 1308.1
487 3.30494 200.957
488 46.5076 1861.85
489 1250.06 2395.09
490 1978.32 129.015
491 2542.95 1129.47
492 1539.58 2342.35
493 182.519 382.273
494 2438.31 1403.6
495 1658.49 762.384
496 1132.45 966.297
497 825.249 23.0185
498 224.4 682.013
499 957.303 433.929
500 2419.5 971.765
501 1845.75 1184.48
502 337.443 1522.61
503 1328.19 265.814
504 1980.46 1519.89
505 1585.07 1083.95
506 1367.69 1137.09
507 1972.02 335.233
508 2438.88 1994.83
509 1286.16 642.414
510 798.033 2003
511 2247.18 82.4096
512 683.877 1251.03
513 60.9096 2223.89
514 310.871 1924.58
515 652.636 1690.2
516 1859.87 1893.49
517 279.694 2023.34
518 61.4314 344.973
519 68.2403 99.744
520 764.875 1296.24
521 1000.4 1714.52
522 181.876 668.152
523 1952.48 2449.17
524 1239.45 595.081
525 1446.52 1187.86
526 1089 1958.68
527 311.81 124.529
528 1863.85 88.4152
529 2529.65 77.8612
530 23.597 986.617
531 2298.22 288.069
532 1668.51 249.953
533 2159.35 2296.74
534 1711.3 2592.89
535 12.6498 1188.24
536 773.555 677.445
537 2365.37 2120.98
538 1611.97 2471.32
539 1769.09 2068.78
540 180.853 76.2887
541 657.028 1064.7
542 1893.79 806.921
543 2280.75 1363.71
544 1000.86 2177.72
545 2601.18 351.819
546 727.499 2138.46
547 1673.82 1323.98
548 602.436 1480.77
549 2270.33 1410.4
550 2227.45 823.259
551 1300.28 2128.76
552 1008.33 1826.35
553 1506.83 97.0151
554 460.646 1892.04
555 2319.21 645.032
556 1419.63 1922.55
557 944.35 1554.44
558 840.465 2454.67
559 1258.51 299.539
560 1314.15 2080.01
561 2592.96 635.324
562 1641.92 2286.25
563 1686.75 2493.88
564 2072.25 2429.68
565 2148.11 1824.15
566 1945.02 788.181
567 241.793 387.178
568 234.185 638.281
569 2527.34 175.352
570 1127.72 987.053
571 773.669 2560.76
572 2242.21 753.021
573 1564.96 478.973
574 2258.34 1872.39
575 488.995 2222.29
576 1765.51 2274.32
577 1900.86 472.823
578 566.236 2309.04
579 588.32 2084.74
580 1497.48 87.5234
581 593.687 459.394
582 811.023 1275.77
583 1242.52 2531.04
584 1913.56 2131.4
585 2499.6 1954.09
586 1297.75 1109.38
587 2062.04 1308.39
588 2158.39 27.9547
589 2518.43 2460.12
590 2213.09 545.758
591 1955.79 2305.25
592 1352.88 1024.39
593 1544.64 1040.52
594 2325.59 1026.82
595 1335.88 1327.93
596 1015.83 2242.86
597 1965.85 85.1408
598 2010.98 1409.2
599 626.004 711.641
600 2124.4 1472.21
601 2149.37 2313.59
602 837.029 2350.08
603 561.82 872.12
604 2208.91 1107.93
605 1810.81 651.97
606 1429.97 2579.35
607 173.02 1122.1
608 331.589 362.893
609 916.168 2396.19
610 1923.98 507.25
611 339.489 2503.23
612 421.651 1851.96
613 1438.51 817.297
614 1405.37 568.132
615 1881.05 1521.48
616 1190.72 1591.01
617 201.204 1839.78
618 1024.26 614.02
619 865.682 1528.31
620 1479.25 899.678
621 2521.48 374.759
622 2228.25 555.527
623 1781.48 488.394
624 2045.61 372.492
625 1661.95 776.635
626 1282.31 686.973
627 1800.94 1439.55
628 1927.36 1101.68
629 888.189 1167.92
630 1599.05 1070.25
631 555.757 1280
632 2327.25 2545.69
633 2301.49 2469.98
634 1837.71 2181.13
635 1228.51 954.621
636 601.605 1789.2
637 2275.99 414.326
638 364.622 1581.15
639 1103.66 825.15
640 1371.11 1916.56
641 184.857 217.73
642 216.854 1938.09
643 1730.34 1622.27
644 1605.44 2151.54
645 901.449 248.546
646 2053.29 792.966
647 1722.3 207.188
648 1399.58 2479.65
649 200.446 1077.61
650 2280.83 2288.11
651 1021.4 2462.26
652 1304.26 1103.17
653 662.842 264.021
654 697.471 347.736
655 2073.4 1506.68
656 1928.49 2556.75
657 2246.17 1030.21
658 1146.24 1828.21
659 2257.23 1095.41
660 772.373 1187.01
661 1718.38 1870.14
662 1917.5 2185.74
663 1276.35 2475.94
664 253.232 736.095
665 1467.1 122.922
666 1829.21 2055.6
667 2240.66 862.709
668 1692.59 2166.41
669 2149.77 1558.69
670 2170.87 676.159
671 1311.89 2233.26
672 2566.6 992.502
673 354.545 247.785
674 1719.04 88.6369
675 286.159 1470.78
676 94.3987 739.374
677 346.536 757.235
678 258.141 498.535
679 562.146 443.468
680 1072.69 1173.6
681 974.62 1165.15
682 1950.43 1555.98
683 1945.04 254.922
684 503.071 831.408
685 2562.45 1541.14
686 66.1644 1793.29
687 1105.57 837.608
688 449.211 596.022
689 1139.08 2365.72
690 1008.04 633.57
691 400.774 923.281
692 118.826 459.455
693 1086 1059.2
694 2551.16 1044.64
695 2408.11 1474.98
696 1955.83 401.803
697 461.636 436.33
698 1054.33 259.786
699 2085.43 770.878
700 629.618 121.816
701 2030.39 71.29
702 601.303 395.785
703 1806.92 922.034
704 2572.44 274.021
705 690.197 923.346
706 2394.81 2128.72
707 2126.31 2510.13
708 1743.12 961.115
709 282.644 345.834
710 415.622 63.8992
711 173.897 2415.69
712 958.678 497.064
713 513.253 1077.9
714 1193.05 1088.4
715 562.638 636.045
716 1701.97 2042.02
717 1175.81 216.129
718 119.592 2035.56
719 664.285 1929.93
720 1502.44 788.095
721 1224.84 329.786
722 1440.95 2274.54
723 912.596 2482.8
724 2319.96 645.124
725 157.921 1693.48
726 555.602 76.279
727 1449.31 2107.04
728 2274.44 287.977
729 1380.95 1940.82
730 2195.53 977.791
731 1742.63 25.2619
732 1733.75 2261.42
733 871.389 2154.8
734 171.237 790.452
735 258.568 645.512
736 1293.18 988.986
737 1612.79 45.6869
738 1721.24 2324.39
739 65.5682 945.043
740 546.876 222.592
741 1661.11 318.192
742 80.5601 864.889
743 2240.43 2238.09
744 81.5407 942.16
745 826.162 445.705
746 106.548 745.029
747 2132.94 1581.02
748 1637.66 2590.86
749 1399.89 1427.05
750 2029.94 2128.95
751 901.755 781.489
752 781.266 1352.87
753 49.1628 2170.64
754 805.815 1962.82
755 4.67329 388.488
756 173.455 1402.89
757 1107.21 187.657
758 233.915 1608.16
759 1129.71 1381.59
760 1380.5 901.028
761 251.16 1058.68
762 2.48466 798.766
763 2040.28 2165.75
764 1355 1603.68
765 1788.75 190.312
766 2504.95 2430.95
767 2028.95 2210.42
768 898.293 573.83
769 1219.7 648.912
770 2110.1 2267.58
771 1295.93 1667.07
772 1972.03 794.204
773 685.507 2219.53
774 1815.46 1781.53
775 1531.55 369.786
776 1661.25 1369.73
777 2242.22 2503.92
778 2499.03 2329.89
779 94.7964 2133.47
780 1372.14 386.061
781 2222.54 909.807
782 1840.88 2499.12
783 636.429 2401.79
784 2039.66 2309.15
785 564.508 331.245
786 2435.73 1803.75
787 2536.47 687.686
788 1260.5 1171.48
789 2076.15 1871.96
790 84.5914 2167.78
791 4.3798 1864.7
792 327.499 1054.06
793 1636.48 135.057
794 2540.62 1829.72
795 2466.39 1874.24
796 1619.83 1713.27
797 2155.78 214.702
798 2236.67 674.059
799 952.61 1043.25
800 673.185 1306.55
801 90.4834 1589.25
802 2252.76 1964.15
803 230.927 1836.05
804 238.213 1947.2
805 1191.37 2251.25
806 853.105 1729.43
807 2560.49 2197.23
808 577.266 1210.59
809 2478.09 1568.39
810 312.236 2280.08
811 1822.53 738.573
812 1288.95 1112.94
813 1765.81 55.679
814 1052.28 2223.34
815 380.457 749.149
816 716.628 383.518
817 1907.01 671.386
818 1198.93 1624.98
819 139.175 2037.08
820 347.727 1668.94
821 1504.8 1886.8
822 2024.33 1825.34
823 1619.88 2143.67
824 94.4656 1415.97
825 471.584 1111.5
826 1889.8 998.862
827 1992.67 961.445
828 2065.2 778.296
829 1367.72 1810.14
830 1544.87 2046.22
831 1884.61 2593.88
832 1073.21 642.942
833 1437.4 221.527
834 122.978 1730.6
835 1233.19 647.893
836 316.36 1239.09
837 1668.08 411.651
838 342.869 1297.92
839 670.76 884.642
840 886.268 115.453
841 104.941 34.9115
842 733.981 1530.75
843 29.3634 1220.4
844 2526.55 1323.29
845 379.25 653.255
846 9.76429 2226.38
847 1511.65 1608.58
848 1132.31 1833.17
849 321.025 1818.28
850 1071.75 1381.45
851 1348.36 1874.35
852 675.566 1212.98
853 1622.55 2014.32
854 497.278 2243.72
855 2333.01 2555.97
856 2354.38 1288.25
857 2155.27 1301.62
858 189.927 892.563
859 1794.94 1413.94
860 2424.1 848.259
861 1397.58 2475.93
862 311.078 2208.38
863 2406.78 461.178
864 923.015 2109.81
865 122.556 2391.53
866 237.749 373.16
867 2055.85 2036.81
868 1615.08 1882.06
869 1798.93 2251.42
870 2285.51 552.335
871 1974.04 895.198
872 2346.95 2096.21
873 1176.3 1586.78
874 1086.1 280.995
875 1080.9 2568.58
876 889.991 2034.13
877 1924.73 742.256
878 956.259 691.469
879 311.044 1694.49
880 1923.97 1789.31
881 722.754 1804.15
882 730.389 2451.34
883 1374.18 2546.46
884 742.843 394.764
885 2337.98 118.998
886 71.802 972.662
887 1674.6 940.364
888 1119.68 1085.99
889 727.761 258.174
890 1188.34 2346.49
891 2364.59 826.075
892 21.437 39.2806
893 2227.94 399.127
894 2293.33 659.534
895 1275.77 5.88752
896 1614.56 1824.47
897 1593.08 2233.37
898 1853.08 1699.31
899 1704.95 2466.95
900 2153.45 1675.13
901 1139.43 2381.04
902 47.4885 974.867
903 1186.02 1533.69
904 815.238 847.478
905 1684.35 1859.31
906 134.536 2562.73
907 2272.08 2167.81
908 2205.21 1884.15
909 284.071 901.013
910 69.0486 90.9663
911 876.28 874.984
912 1803.38 408.146
913 209.55 415.855
914 1147.44 2531.36
915 2471.71 157.648
916 2357.17 2068.15
917 2299.12 2582.13
918 1433.03 640.157
919 2582.6 2033.2
920 2538.62 1025.52
921 868.694 594.437
922 2226.92 1119.66
923 1654.57 1493.97
924 901.963 2268.56
925 1091.39 1865.65
926 1254.58 1208.92
927 1965.09 1773.62
928 712.411 2412.93
929 2165.9 2013.49
930 2105.6 1381.31
931 280.283 799.897
932 382.347 997.408
933 2392.76 706.389
934 1937.02 948.368
935 1467.27 1750.04
936 2353.99 1342.53
937 1960.86 2328.54
938 2028.78 954.105
939 2348.56 1851.85
940 1508.57 28.4699
941 2414.5 162.035
942 1205.91 1811.02
943 2095.92 136.626
944 672.858 517.897
945 1105.1 2136.96
946 1178.91 2207.2
947 1529.4 1835.3
948 1647.75 842.015
949 351.176 919.877
950 2150.64 543.008
951 2251.31 1790.06
952 925.775 687.017
953 1094.82 2139.56
954 91.6041 938.599
955 2083.64 303.737
956 2234.78 1340.95
957 732.055 240.161
958 1929.45 856.772
959 2322.72 902.142
960 1212.91 2006.62
961 121.886 1229.55
962 1224.18 896.407
963 2577.88 2204.94
964 133.162 2253.14
965 826.467 1172.18
966 1427.98 2163.46
967 766.71 1861.4
968 271.138 224.683
969 1974.87 183.396
970 1413.42 2510.4
971 419.248 611.808
972 2506.17 640.558
973 2137.29 686.631
974 731.252 458.198
975 632.391 1711.98
976 827.337 484.5
977 1816.71 1981.88
978 1956.92 1918.67
979 577.117 1910.59
980 770.387 1173.54
981 2102.9 2208.16
982 2084.02 2243.49
983 862.645 313.632
984 957.148 526.001
985 1958.98 1354.03
986 2194.64 1072.54
987 656.107 1707.65
988 1762.81 2566.32
989 344.511 2518.58
990 2148.54 1729.44
991 1066.74 1985.63
992 1882.37 33.6568
993 465.636 838.659
994 950.916 257.256
995 2127.09 459.833
996 669.805 2337.63
997 2460.89 2294.22
998 1730.33 454.799
999 214.102 2298.37
1000 871.225 868.221
1001 14.0952 775.625
1002 687.967 1409.87
1003 1625.24 1823.08
1004 1945.94 236.424
1005 415.201 1006.81
1006 1573.46 927.001
1007 1286.28 1638.44
1008 2004.44 2018.56
1009 1473.58 200.008
1010 713.899 556.754
1011 1525.48 2487.29
1012 1316.13 1819.44
1013 230.374 1694.96
1014 538.565 2589.22
1015 1954.46 1751.79
1016 168.728 1995.12
1017 1702.76 1974.64
1018 1737.23 1485.88
1019 1157.69 1185.55
1020 1510.53 892.732
1021 1366.94 1509.39
1022 1051.86 1006.98
1023 1275.75 41.0104
1024 1885.86 1802.79
1025 1814.22 579.644
1026 672.602 1362.6
1027 940.723 2.67144
1028 517.91 1592.08
1029 1160.44 1064.92
1030 814.558 429.852
1031 291.743 1666.31
1032 144.081 683.206
1033 2023.35 459.165
1034 2464.34 1454.06
1035 925.819 173.659
1036 757.851 1668.86
1037 1441.53 2420.42
1038 559.607 880.878
1039 1693.87 2428.84
1040 756.275 2178.58
1041 1385.04 1997.84
1042 1280.07 1968.03
1043 809.562 225.474
1044 83.3212 1597.04
1045 2432.02 1890.54
1046 1034.44 2084.57
1047 31.4872 666.499
1048 2553.4 779.608
1049 1310.72 211.826
1050 1293.77 2360.16
1051 282.041 88.7967
1052 94.5539 84.3089
1053 2162.28 2167.57
1054 1873.6 2580.32
1055 2483.1 666.33
1056 2303.34 1790.75
1057 309.964 2450.91
1058 1580.85 2007.72
1059 2450.01 2526.18
1060 809.911 1186.98
1061 458.205 1874.89
1062 1355.68 1206.47
1063 939.129 2427.43
1064 108.424 1430.77
1065 1402 1777.1
1066 533.255 2531.27
1067 216.855 996.038
1068 1575.91 1064.86
1069 2002.52 1424.53
1070 1436.11 1636.94
1071 1395.99 1665.68
1072 2413.82 2096.68
1073 1651.35 1621.85
1074 1749.02 272.909
1075 1666.69 414.045
1076 1322.22 47.4763
1077 1689.18 193.308
1078 2151.75 2057.5
1079 268.268 1778.31
1080 2335.77 852.978
1081 782.452 22.7224
1082 1999.51 686.868
1083 1406.12 2537.17
1084 2603.81 1453.64
1085 2579.76 596.949
1086 727.583 2330.89
1087 1949.53 2155.23
1088 1435.28 2229.18
1089 1823.67 1381.45
1090 2214.03 1959.41
1091 1923.95 837.421
1092 1895.05 1836.06
1093 1829.79 705.825
1094 1835.89 2519.26
1095 1355.61 1814.9
1096 1554.53 1163.63
1097 979.332 402.54
1098 2031.44 1526.83
1099 904.234 1775.16
1100 574.816 1642.09
1101 2328.67 660.592
1102 833.15 324.981
1103 1608.81 793.304
1104 2243.05 1355.64
1105 228.679 2480.07
1106 1842.87 1448.51
1107 1661.33 730.429
1108 2252.65 677.138
1109 1691.57 289.354
1110 759.983 182.439
1111 594.547 455.935
1112 1973.44 584.769
1113 1165.98 2056.08
1114 1368.56 611.596
1115 938.003 1167.64
1116 2594.63 462.028
1117 1681.04 2271.8
1118 2436.96 2218.51
1119 717.564 1012.22
1120 4.94237 1225.9
1121 1741.91 2175.23
1122 1552.63 1629.24
1123 1937.15 943.94
1124 2437.05 2198.32
1125 438.514 1211.47
1126 1415.8 712.215
1127 1050.95 937.165
1128 2210.79 461.948
1129 1418.94 533.056
1130 2204.02 160.806
1131 189.698 1747.09
1132 330.684 711.224
1133 2546.4 2017.61
1134 2439.62 815.027
1135 159.632 718.165
1136 854.569 2380.72
1137 1253.1 1951.19
1138 631.281 734.845
1139 47.1532 2023.67
1140 2050.14 1803.34
1141 2489.16 2139.77
1142 125.91 1774.99
1143 189.67 2165.99
1144 863.594 697.759
1145 1389.75 1755.53
1146 2035.67 1969.6
1147 1199.04 1743.98
1148 1599.91 104.509
1149 1520.27 2495.68
1150 790.826 1216.11
1151 364.359 628.718
1152 418.187 303.043
1153 1682.46 1438.35
1154 1472.86 1332.01
1155 76.1522 996.208
1156 1705.14 284.46
1157 1890.26 542.777
1158 2317.72 1604.85
1159 1812.46 39.4139
1160 191.826 1147.24
1161 1108.75 2330.74
1162 1672.85 556.373
1163 1858.58 3.32362
1164 2237.87 1457.59
1165 243.539 1793.04
1166 884.919 1451.37
1167 1002.54 1974.25
1168 98.6136 1640.97
1169 2248.49 1137.66
1170 2286.15 1331.81
1171 1374.99 1643.24
1172 613.962 1568.56
1173 2009.92 890.76
1174 1188.17 2111.12
1175 1951.42 1940.28
1176 1094 2389.13
1177 1056.12 1673.72
1178 1537.37 1796.17
1179 548.782 1265.13
1180 1125.95 218.552
1181 1641.93 394.345
1182 294.787 96.2508
1183 178.15 846.727
1184 876.11 355.478
1185 1738.92 1135.97
1186 1231.61 1049.26
1187 288.887 1781.99
1188 1599.95 249.728
1189 2604.08 2193.31
1190 187.248 1142.19
1191 1469.37 724.695
1192 612.764 1637.65
1193 2357.1 325.102
1194 1927.2 921.494
1195 2018.98 1158.29
1196 1659.45 977.149
1197 779.955 815.581
1198 1.7399 1830.53
1199 1038.78 294.589
1200 1347.93 227.914
1201 1751.31 1316.94
1202 2202.96 547.192
1203 1539.94 2384.19
1204 650.746 537.599
1205 850.786 1911.25
1206 2476.03 208.59
1207 2382.89 2058.16
1208 1979.26 1772.19
1209 1815.99 923.231
1210 1712.09 1865.35
1211 2217.91 1812.2
1212 936.631 801.484
1213 975.219 2242.48
1214 1648.37 174.364
1215 2004.05 763.56
1216 1061.13 605.928
1217 254.608 1017.26
1218 1121.85 2389.07
1219 1901.02 1187.61
1220 2589 719.721
1221 1844.9 577.417
1222 2378.83 817.465
1223 1405.71 162.471
1224 1721.2 2205.05
1225 2390.08 2576.3
1226 1248 2325.43
1227 1885.28 1612.77
1228 299.619 664.262
1229 1780.76 104.981
1230 289.668 2357
1231 2532.45 2014.78
1232 1284.99 2026.49
1233 2306.67 245.62
1234 1458.22 666.777
1235 1288.94 251.48
1236 1132.53 2491.79
1237 1842.12 1936.32
1238 2587.24 2162.68
1239 301.516 447.357
1240 1661.41 2390.03
1241 1986.23 2105.26
1242 818.734 215.959
1243 2234.91 503.228
1244 1546.15 2537.94
1245 1358.48 1294.63
1246 1938.32 111.827
1247 1812.35 792.53
1248 584.14 1112.37
1249 2034.74 1137.82
1250 333.163 1739.89
1251 1335.3 1600.52
1252 1077.38 907.348
1253 2576.19 247.288
1254 1733.69 1493.05
1255 1733.28 1900.17
1256 1125.3 735.609
1257 1027.59 1563.27
1258 841.838 1055.84
1259 1226.07 2330.54
1260 1419.34 185.773
1261 634.678 297.191
1262 1790.52 2166.77
1263 174.913 147.067
1264 426.163 1242.91
1265 1244.36 797.476
1266 2150.89 1821.17
1267 1356.59 262.487
1268 780.443 450.645
1269 2124.7 417.794
1270 1767.66 249.659
1271 71.0303 1314.49
1272 1603.75 99.6835
1273 1910.15 1611.4
1274 1676.31 1349.13
1275 1751.39 2357.39
1276 728.2 1815.59
1277 1437.47 1859.45
1278 274.762 1593.54
1279 1755.54 531.689
1280 436.149 1477.04
1281 1658.78 2414.35
1282 2586.96 1484.53
1283 1626.59 2105.52
1284 1196.17 955.525
1285 1296.88 1283.48
1286 476.783 1093.66
1287 1838.08 737.643
1288 1234.2 260.241
1289 1750.82 1607.64
1290 1451.35 2366.7
1291 26.9015 2389.18
1292 900.212 1580.72
1293 2188.48 1166.51
1294 1064.76 302.876
1295 1370.05 85.056
1296 883.613 1118.98
1297 431.644 527.56
1298 1089 2548.81
1299 728.393 12.0406
1300 356.411 1821.92
1301 2221.18 2448.09
1302 710.43 1347.42
1303 1774.26 877.467
1304 573.869 1792.11
1305 707.008 480.632
1306 2305.27 227.379
1307 700.624 1245.36
1308 1396.45 2531.54
1309 925.884 55.3824
1310 2039.47 1507.11
1311 666.282 91.2032
1312 1785.33 1751.8
1313 518.052 1560.89
1314 2342.41 1688.46
1315 1173.56 1409.96
1316 394.571 997.853
1317 2450.24 2006.7
1318 1067.45 1873.81
1319 1013.18 1557.98
1320 2028.55 2458.96
1321 2402.51 560.558
1322 1220.19 889.15
1323 517.631 1238.55
1324 1683.93 1150.99
1325 1635.97 1782.95
1326 163.187 1482.55
1327 370.998 719.941
1328 1804.2 2317.63
1329 140.267 2086.17
1330 1123.62 504.205
1331 1030.89 422.108
1332 1417.18 2148.18
1333 2205.96 1773
1334 473.053 53.2668
1335 947.398 1850.86
1336 1171.68 1168.01
1337 533.89 809.605
1338 1194.08 1005.46
1339 641.385 693.302
1340 2010.37 1558.25
1341 83.9606 1283.31
1342 167.55 14.0364
1343 248.063 2401.27
1344 674.016 233.391
1345 1784.28 893.504
1346 409.108 847.741
1347 1585.28 1347.06
1348 2370.07 2121.61
1349 1353.12 671.857
1350 2341.87 1645.5
1351 2357.43 1395.38
1352 518.013 1398.53
1353 1701.27 2412.27
1354 1933.49 504.352
1355 370.319 507.561
1356 1549.65 113.594
1357 1044.95 238.953
1358 2220.04 1755.71
1359 1315.66 2235.33
1360 274.671 438.902
1361 582.659 346.46
1362 206.131 1911.63
1363 1682.49 895.629
1364 621.805 396.793
1365 2172.47 309.737
1366 632.039 32.3797
1367 1439.03 963.038
1368 2414.09 1608.6
1369 1834.06 1079.74
1370 142.894 57.6437
1371 1472.75 2321.41
1372 2031.76 854.474
1373 283.955 2150.18
1374 1581.4 469.106
1375 211.88 829.861
1376 220.656 2317.07
1377 1417.21 2298.75
1378 1616.6 2344.45
1379 1225.33 1518.5
1380 555.113 612.839
1381 1436.25 1886.28
1382 2054.11 2169.07
1383 495.17 959.336
1384 201.739 1359.04
1385 1130.51 2472.66
1386 724.66 1864.84
1387 1175.25 380.316
1388 594.485 2073.91
1389 385.916 1510.04
1390 2463.02 1579.5
1391 1706.4 995.457
1392 2250.11 922.426
1393 73.4584 542.054
1394 882.102 916.513
1395 1055.49 589.172
1396 1806.26 1861.89
1397 1438.22 1646.13
1398 1368.93 739.998
1399 356.538 541.037
1400 2244.9 669.305
1401 2327.2 2346.66
1402 2238.84 413.31
1403 1586.98 1726.78
1404 349.113 853.585
1405 404.061 2313.55
1406 1941.65 1507.57
1407 161.021 2078.71
1408 371.716 2414.31
1409 598.318 1720.42
1410 1533.45 1292.81
1411 2119.37 1289.67
1412 1210.58 2235.07
1413 2588.62 1320.55
1414 1724.77 1264.81
1415 1834.84 656.677
1416 1409.09 947.594
1417 649.616 1647.57
1418 2294.83 2056.4
1419 425.63 328.323
1420 696.776 1821.94
1421 861.849 317.945
1422 2106.85 572.88
1423 1956.53 2158.76
1424 799.772 1923.43
1425 363.17 285.505
1426 300.881 2129.53
1427 1534.53 1736.76
1428 231.168 2055.59
1429 734.628 639.905
1430 1658.93 963.857
1431 1898.11 1432.72
1432 712.036 940.117
1433 265.417 1600.42
1434 2022.92 2574.07
1435 1546.95 109.98
1436 1068.87 2508.74
1437 1056.89 1347.08
1438 2293.5 294.296
1439 1646.33 1471.12
1440 1787.76 565.831
1441 18.2162 2482.41
1442 1932.49 25.1853
1443 2218.87 1847.27
1444 882.961 1866.88
1445 1517.93 1301.21
1446 606.817 2393.28
1447 1312.98 1431.79
1448 2256.51 897.194
1449 644.417 2568.71
1450 575.67 421.401
1451 2514.38 2072.37
1452 1436.79 1265.38
1453 2397.76 2419.25
1454 1376.09 911.302
1455 1804.41 1831.4
1456 1066.81 196.7
1457 2208.9 1940.53
1458 1030.49 345.778
1459 2350.45 547.369
1460 2274.1 2030.99
1461 1398.7 1657.17
1462 1239.89 842.479
1463 537.808 612.675
1464 981.675 182.991
1465 944.727 2183.21
1466 1191.52 1390.26
1467 2156.56 1354.62
1468 1865.33 1460.61
1469 1422.99 375.88
1470 1773.49 955.566
1471 1783.93 1566.12
1472 417.952 1644.43
1473 7.79634 1963.72
1474 2137.41 2175.61
1475 880.921 1887.79
1476 2259.95 2572.84
1477 686.261 1679.67
1478 1696.67 2449.06
1479 1642.05 1107.49
1480 1104.25 2381.67
1481 965.283 1554.84
1482 765.317 1561.29
1483 1744.11 1876.27
1484 1060.44 1705.58
1485 2369.04 2233.9
1486 1194.41 375.688
1487 2177.61 239.637
1488 472.432 1509.2
1489 116.078 1765.18
1490 73.4462 1899.15
1491 2003.07 2001.79
1492 341.91 375.599
1493 1291 1053.94
1494 1257.79 2546.04
1495 1172.91 120.744
1496 1452.79 376.142
1497 1649.26 2266.36
1498 1945.34 1470.6
1499 1394.96 2282.07
1500 1084.42 1105.04
1501 793.017 1696.95
1502 1705.04 1652.92
1503 1936.98 854.405
1504 907.563 2570.28
1505 1532.62 74.9753
1506 1566.21 373.446
1507 478.404 1829
1508 1871.69 86.7226
1509 1380.12 658.472
1510 844.908 196.836
1511 1188.32 2552.68
1512 1522.99 800.463
1513 2084.71 1965.75
1514 263.596 2357.43
1515 1967.28 2489.28
1516 2214.09 1756.37
1517 1763.03 1053.11
1518 210.818 2583.61
1519 1257.07 2526.78
1520 258.661 1402.46
1521 906.054 1831.54
1522 1564.85 412.387
1523 2191.01 437.409
1524 254.681 1107.83
1525 1567.95 2187.09
1526 2409.02 1086.08
1527 2405.31 805.702
1528 2596.16 202.349
1529 739.44 1178.76
1530 2084.14 2134.27
1531 1812.28 659.581
1532 1532.22 773.914
1533 2262.3 1199.79
1534 1532.1 2186.05
1535 1306.91 374.141
1536 2121.46 143.105
1537 43.2975 1058.25
1538 265.148 1602.05
1539 2002.24 498.758
1540 2118.29 480.087
1541 638.792 669.823
1542 1168.56 148.527
1543 774.863 744.571
1544 976.846 590.199
1545 2302.03 1023.76
1546 233.89 2031.42
1547 1416.29 2153.39
1548 2347.33 1351.09
1549 779.61 1963.14
1550 1178.56 714.828
1551 2123.59 181.044
1552 434.835 787.235
1553 2566.65 520.198
1554 1404.58 166.885
1555 2257.24 2230.47
1556 847.764 1880.44
1557 199.422 990.34
1558 575.337 1841.61
1559 401.348 1173.28
1560 1591.06 2224.52
1561 1267.57 1799.8
1562 1977.04 62.606
1563 1212.09 1127.16
1564 797.924 231.997
1565 1629.33 1870.34
1566 1975.75 1920.93
1567 1629.43 34.802
1568 2411.05 2234.01
1569 79.8274 1136.72
1570 2537.65 1284.77
1571 779.301 2101.51
1572 227.223 2325.72
1573 875.519 447.105
1574 1051.41 30.8474
1575 542.787 2456.42
1576 1788.59 668.082
1577 1008.88 1682.78
1578 2227.2 1413.1
1579 1302.65 1357.27
1580 975.061 471.359
1581 2527.56 1794.57
1582 1914.76 2197.53
1583 1502.71 1331.65
1584 934.085 1350.28
1585 1825.4 1434.26
1586 1846.54 55.3407
1587 254.391 893.092
1588 139.972 1193.65
1589 70.6124 1135.93
1590 287.521 2185.28
1591 2502.02 1075.82
1592 976.407 1478.6
1593 1818.84 1053.42
1594 1637.16 716.291
1595 529.959 842.073
1596 753.609 1195.84
1597 2113.13 2366.16
1598 101.219 1752.62
1599 2337.6 193.61
1600 591.171 366.406
1601 206.54 89.2839
1602 1075.06 1072.75
1603 1695.48 1690.5
1604 2055.56 1341.93
1605 1952.29 2058.26
1606 161.232 2305.68
1607 641.028 615.242
1608 1072.23 634.081
1609 1717.41 2227.2
1610 1960.65 1657.64
1611 135.988 1317.99
1612 2080.46 216.307
1613 2332.13 2203.68
1614 268.069 2373.34
1615 907.6 2047.31
1616 1703.03 1897.93
1617 764.252 2476.03
1618 1591.53 1050.68
1619 2135.11 2372.78
1620 1096.4 513.443
1621 170.161 778.463
1622 1988.99 1196.54
1623 255.72 2028.39
1624 2324.4 692.969
1625 1910.56 2238.98
1626 1228.62 604.614
1627 2338.59 495.37
1628 1054.03 916.422
1629 709.766 1948.46
1630 235.149 428.035
1631 1932.59 511.096
1632 1340.24 1978.75
1633 1406.53 1123.26
1634 226.157 2223.47
1635 1167.07 2353.84
1636 348.82 1855.57
1637 1104.29 2379.1
1638 2147.88 2518.28
1639 947.545 2443.44
1640 1841.86 133.338
1641 796.929 668.673
1642 896.898 1937.15
1643 146.259 1899.33
1644 2014.76 1769.86
1645 237.417 1730.35
1646 1163.61 397.663
1647 835.403 2133.09
1648 1297.82 1904.93
1649 1995.96 1827.35
1650 316.462 2546.88
1651 1004.97 1977.76
1652 1503.01 1454.62
1653 1758.68 86.1444
1654 65.6251 1014.69
1655 1925.64 2162.48
1656 2215.5 2169.28
1657 376.106 665.167
1658 1481.07 2396.68
1659 13.5518 2173.02
1660 2229.28 935.432
1661 1041.54 1712.34
1662 2568.51 1261.25
1663 988.733 218.417
1664 1013.47 1069.17
1665 2438.65 565.885
1666 1618.61 2013.15
1667 573.442 550.771
1668 241.015 1133.43
1669 212.412 154.993
1670 2318.38 2301.15
1671 1686.64 1837.72
1672 803.67 2565.96
1673 2589.07 1992.34
1674 537.685 591.341
1675 407.512 1889.33
1676 816.371 579.221
1677 1896.02 47.5732
1678 1104.14 1851.89
1679 1700.9 781.302
1680 2437.96 317.487
1681 964.471 1445.48
1682 1120.86 2048.67
1683 388.653 1203.45
1684 243.017 755.063
1685 314.19 414.761
1686 384.082 410.495
1687 854.828 1058.5
1688 2462.66 1225.62
1689 1554.34 228.55
1690 2519.72 1439.19
1691 2306.06 2238.16
1692 598.036 2344.67
1693 697.285 1815.28
1694 204.95 2487.68
1695 846.689 1384.13
1696 2231 19.7717
1697 1406.35 1468.95
1698 372.335 277.03
1699 2048.03 1819.59
1700 2031.34 622.305
1701 1794.05 56.2975
1702 622.042 2036.64
1703 2602.03 1364.86
1704 1871.15 163.579
1705 1779.76 164.242
1706 812.328 304.707
1707 594.485 765.634
1708 1171.54 2276.41
1709 1206.11 384.82
1710 1408.96 94.1239
1711 578.483 2081.83
1712 2109.82 1833.17
1713 2402.32 2013.05
1714 926.348 474.196
1715 2605.06 2271.74
1716 285.35 814.311
1717 1229.57 459.348
1718 887.49 546.309
1719 1687.26 489.242
1720 882.75 207.044
1721 1654.63 45.1318
1722 2342.5 1817.33
1723 449.391 1402.2
1724 1775.79 2341.43
1725 1712.09 1464.09
1726 1681.11 1109.92
1727 1313.57 462.679
1728 2166.71 1784.75
1729 2117.34 2310.77
1730 2527.46 2210
1731 522.476 1906.09
1732 1746.49 2334.51
1733 1892.99 2573.2
1734 1212.9 2124.09
1735 1093.84 195.53
1736 1751.15 2214.63
1737 502.209 82.5773
1738 1004.6 956.279
1739 1712.97 1351.49
1740 295.474 1315.6
1741 1686.72 885.968
1742 2346.45 1098.53
1743 2579.71 2.38485
1744 1100.79 1177.75
1745 871.281 1776.17
1746 1291.82 843.977
1747 182.219 1685.76
1748 1702.86 2229.2
1749 292.541 1894.66
1750 1986.58 683.227
1751 2505.51 2401.04
1752 1894.97 2592.39
1753 1453.4 2130.08
1754 1556.63 2278.6
1755 1245.27 1885.56
1756 1624.87 1357.59
1757 783.081 808.848
1758 24.7023 1257.45
1759 839.299 129.041
1760 2398.27 2132.28
1761 1876.09 1773.04
1762 2099.86 814.913
1763 1656.64 2412.6
1764 1135.93 2362.14
1765 1190.91 5.74875
1766 837.696 1589.92
1767 1301.81 936.114
1768 642.794 775.763
1769 874.448 56.6582
1770 1026.3 1816.86
1771 2134.8 75.6753
1772 1331.35 1978.91
1773 151.694 1295.99
1774 722.347 1.36519
1775 1584.83 1408.89
1776 2459.82 2086.24
1777 1184.23 1039.55
1778 868.254 1495.54
1779 2422.42 852.396
1780 553.019 767.826
1781 1342.53 3.47756
1782 138.597 1716.78
1783 2473.6 491.819
1784 820.79 1925.28
1785 654.613 726.898
1786 273.629 2515.91
1787 1526.12 61.832
1788 1524.74 1535.13
1789 2267.72 1914.29
1790 1506.56 2041.27
1791 1440.42 698.182
1792 1028.12 2269.04
1793 1885.47 759.974
1794 2180.94 1112.56
1795 936.137 2020.56
1796 2104.04 2567.12
1797 2483.38 324.548
1798 1471.8 2571.95
1799 1440.08 599.139
1800 2578.31 946.664
1801 1670.66 196.565
1802 2411.87 460.18
1803 1881.82 1483.88
1804 269.575 1279.3
1805 2391.04 1125.8
1806 2178.94 1572.94
1807 2152.16 70.5242
1808 1525.59 337.187
1809 2427.63 2159.86
1810 732.253 2117.21
1811 775.569 1579.38
1812 1348.18 840.183
1813 816.302 1738.47
1814 119.161 1175.27
1815 1237.72 2160.32
1816 2397.2 1455.69
1817 1812.73 2530.57
1818 2504.97 2469.22
1819 987.819 1967.73
1820 2083.47 2489.13
1821 93.9764 408.594
1822 1849.43 1511.95
1823 1828.07 2586.88
1824 1070.49 1078.51
1825 1668.27 939.581
1826 2387.77 555.412
1827 223.713 1398.65
1828 1392.14 2490.55
1829 1248.26 2488.2
1830 2282.04 719.609
1831 58.6649 2394.32
1832 1987.1 1115.36
1833 56.4007 1559.88
1834 1856.38 457.195
1835 2077.46 1015.27
1836 248.92 1624.59
1837 2343.12 436.503
1838 520.332 2089.34
1839 2336.04 1930.77
1840 1774.68 1882
1841 1209.19 511.852
1842 2595.07 1999.55
1843 38.5111 918.268
1844 468.327 892.85
1845 764.534 181.016
1846 1170.41 2336.74
1847 530.222 1920.84
1848 1623.53 1864.18
1849 1711.88 2141.24
1850 1409.39 2531.6
1851 2146.04 865.767
1852 489.636 1931.63
1853 2332.34 534.461
1854 1999.88 2164.71
1855 423.023 548.21
1856 527.862 1484.2
1857 971.588 15.0036
1858 2283.13 1186.33
1859 2406.14 324.096
1860 1674.38 721.543
1861 1405.23 1290.63
1862 317.049 1707.35
1863 725.958 2561.91
1864 197.612 1238.43
1865 489.978 1021.81
1866 293.764 2342.22
1867 640.77 1220.4
1868 289.843 1129.47
1869 2238.31 2334.76
1870 1977.58 593.096
1871 1468.76 2305.68
1872 393.734 414.435
1873 905.323 1405.87
1874 750.501 1682.98
1875 1196.61 1800.05
1876 1317.3 1390.44
1877 1211.98 644.354
1878 1697.96 2412.52
1879 2256.06 1256.24
1880 1246.11 654.683
1881 2066.09 1497.53
1882 1381.15 1504.16
1883 454.753 2097.99
1884 848.175 2140.3
1885 2489.42 1804.24
1886 2032.47 669.265
1887 1122.46 664.209
1888 2540.4 1807.34
1889 513.49 1186.51
1890 2193.44 1898.12
1891 1664.55 1158.48
1892 555.032 1255.43
1893 495.645 13.1616
1894 2306.85 1681.01
1895 41.635 352.524
1896 1334.65 2546.85
1897 199.128 2531.64
1898 780.231 1995.55
1899 1343.7 247.329
1900 1008.03 2461.39
1901 67.9349 748.633
1902 1527.25 395.372
1903 1335.09 1669.46
1904 29.4381 1534.66
1905 2304.07 1406.21
1906 1108.73 234.652
1907 1580.29 1355.25
1908 2027.52 1752.88
1909 748.616 2069.22
1910 2600.81 953.314
1911 1720.37 625.425
1912 1671.04 1753.47
1913 1376.65 369.998
1914 57.4146 2583.71
1915 75.6682 541.003
1916 1550.43 1353.89
1917 595.159 2567
1918 1425.24 579.417
1919 1206.66 267.905
1920 2388.74 2382.37
1921 349.008 12.7326
1922 1963.83 1031.24
1923 1658.63 2138.17
1924 1871.63 1564.79
1925 2166.48 2147.98
1926 379.078 549.339
1927 2358.67 965.737
1928 2347.53 531.917
1929 1248.44 1346.75
1930 1770.4 2379.44
1931 1250.05 1571.29
1932 2386.5 2280.34
1933 1293.79 2358.56
1934 1164.08 121.667
1935 2433.74 521.843
1936 1126.14 1361.09
1937 1591.01 902.3
1938 2581.67 1826.27
1939 1626.15 574.8
1940 541.367 1936.61
1941 2050.11 1605.94
1942 2058.06 526.992
1943 1752.92 36.2676
1944 635.225 1210.19
1945 2562.79 156.465
1946 1295.75 2010.95
1947 1603.64 2212.7
1948 2087.09 979.803
1949 2365.28 573.61
1950 2202.89 728.396
1951 2232.14 2452.51
1952 531.318 2314.16
1953 2115.47 2100.6
1954 1451.2 1110.67
1955 1650.59 2142.79
1956 1527.11 1481.2
1957 2027.31 2501.09
1958 232.006 2318.14
1959 2275.45 136.614
1960 1623.21 1244.71
1961 1801.29 368.877
1962 2203.41 355.823
1963 1110.33 789.868
1964 768.49 4.04779
1965 1847.76 628.489
1966 783.362 1558.56
1967 183.678 1928.17
1968 2365.26 1966.43
1969 1123.83 2129.27
1970 2171.98 1739.85
1971 1276.55 112.145
1972 534.149 723.923
1973 2481.59 1754.69
1974 1837.78 2138.22
1975 2012.76 1673.12
1976 412.269 1.49069
1977 1470.04 1948.86
1978 1789.82 1240.38
1979 1900.97 521.867
1980 1481.72 848.631
1981 1938.34 1663.65
1982 898.502 2450.81
1983 592.924 238.698
1984 1873.25 1111.5
1985 950.993 1315.71
1986 76.0165 517.474
1987 2355.97 1196.35
1988 2359.01 1626.48
1989 693.72 769.019
1990 2261.77 1138.51
1991 283.609 1345.04
1992 706.967 40.6109
1993 1833.24 1652.28
1994 792.597 912.086
1995 1848.26 1864.57
1996 510.512 801.473
1997 2287.65 4.3856
1998 2428.56 662.37
1999 1243.19 144.604
2000 2218.87 1163.65
2001 722.624 1072.39
2002 1421.24 2405.44
2003 1939.22 1167.39
2004 45.0559 76.799
2005 251.591 282.087
2006 1202.82 1403.43
2007 250.456 2161.76
2008 1801.43 200.665
2009 1936.13 723.455
2010 1869.53 2376.4
2011 2129.71 1022.19
2012 243.056 1908.27
2013 1237.99 195.706
2014 1687.58 9.57862
2015 686.35 1236.41
2016 225.042 2237.25
2017 1302.78 1646.19
2018 2022.89 739.323
2019 2024.89 330.726
2020 1655.12 1911.88
2021 359.739 1287.47
2022 2104.85 1472.04
2023 2242.69 2496.58
2024 2033.01 2194.7
2025 2597.31 2273.78
2026 129.367 2382.86
2027 2539.54 450.287
2028 480.927 199.107
2029 2508.47 2383.63
2030 2586.78 2096.61
2031 1454.47 2245.4
2032 2529.24 1070.71
2033 470.279 2585.24
2034 407.113 521.023
2035 1772.89 1797.52
2036 1396.56 2108.61
2037 2323.6 1447.75
2038 2286.2 1322.22
2039 755.09 126.496
2040 995.246 698.447
2041 891.877 1108.38
2042 977.57 424.869
2043 2276.85 1942.62
2044 294.698 1852.13
2045 1853.95 2425.9
2046 1745.55 1865.12
2047 334.89 1133.46
2048 2180.61 2495.14
2049 1439.71 1798.1
2050 1230.61 231.195
2051 1165.21 1137.64
2052 2044.71 1111.77
2053 696.481 1800.05
2054 157.622 1397.3
2055 739.66 420.053
2056 685.606 2524.61
2057 1700 2208.2
2058 211.206 1469.58
2059 1098.08 681.523
2060 406.671 315.467
2061 1217.95 2134.62
2062 9.35629 909.492
2063 103.249 1687.64
2064 1056.02 2240.96
2065 853.483 1716.49
2066 551.264 1686.42
2067 2509.97 2004
2068 1112.2 1321.56
2069 79.3436 2565.23
2070 1972.89 2187.89
2071 115.331 994.636
2072 592.235 70.8687
2073 338.697 828.705
2074 76.1282 625.676
2075 1760.37 1062.95
2076 1113.9 2168.47
2077 543.391 7.60795
2078 791.965 2116.28
2079 885.052 2508.55
2080 1909.64 1356.62
2081 2394.85 601.694
2082 1952.12 2024.66
2083 98.164 2398.75
2084 852.944 1085.72
2085 2565.74 1219.94
2086 2155.1 153.1
2087 1320.15 1642.32
2088 2327.84 116.294
2089 1918.58 2480.24
2090 2579.33 1934.69
2091 1044.67 1493.44
2092 481.132 1718.74
2093 2566.69 1511.1
2094 136.672 1495.73
2095 867.703 316.06
2096 1646.11 612.35
2097 1240.35 443.843
2098 1227.97 207.571
2099 1421.6 2452.59
2100 1682.69 2323.02
2101 1982.96 207.852
2102 1755.31 275.944
2103 802.297 113.736
2104 534.852 163.999
2105 2006.43 1269.84
2106 601.698 115.359
2107 512.631 1778.99
2108 2579.98 2118.33
2109 241.4 2471.77
2110 871.764 522.009
2111 2305.01 2552.63
2112 712.32 2301.33
2113 1795.14 1782.96
2114 932.337 1261.16
2115 81.8975 773.902
2116 667.409 292.546
2117 1692.13 83.858
2118 2341.29 1675.47
2119 958.853 1759.8
2120 94.9121 2272.54
2121 2184.75 2104.89
2122 1197.7 1574.49
2123 25.0656 422.755
2124 1867.42 2525.09
2125 1305.7 1404.34
2126 643.626 1936.11
2127 2199.93 1083.4
2128 2244.29 2134.81
2129 933.788 789.427
2130 2371.55 175.09
2131 764.413 203.688
2132 1598.53 574.293
2133 472.803 1859.73
2134 725.732 1786.81
2135 904.243 1835.16
2136 1753.38 334.049
2137 1026.08 2518.27
2138 2264.68 1211.66
2139 1244.29 721.441
2140 1498.73 366.671
2141 1739.51 1738.62
2142 2482.74 1718.85
2143 1863.06 2310.91
2144 2217.24 1504.35
2145 781.454 852.911
2146 2592.58 52.6257
2147 2463.18 1848.26
2148 623.702 1943
2149 1129.74 122.654
2150 1783.46 2220.99
2151 786.962 842.949
2152 1119.67 112.136
2153 995.006 2525.48
2154 2413.87 1453.75
2155 1182.98 2549.73
2156 2242.31 692.476
2157 1507.26 1423.7
2158 137.339 935.179
2159 844.273 1756.01
2160 1781.32 2362.57
2161 2157.4 2125.92
2162 1946.84 2438.43
2163 1887.25 387.235
2164 1940.79 1510.36
2165 101.521 1023.41
2166 417.235 1686.41
2167 2178.82 1943.84
2168 1133.83 1638.24
2169 1157.41 2056.89
2170 1587.77 1784.89
2171 241.057 1717.37
2172 1.51009 929.965
2173 691.058 1876.61
2174 395.125 1681.93
2175 717.366 2043.8
2176 205.821 2151.61
2177 997.436 322.782
2178 625.95 829.698
2179 1141.32 179.708
2180 2082.03 2041.71
2181 2115.79 1754.78
2182 2532.75 2215.87
2183 2469.03 889.499
2184 281.977 1022.1
2185 1006.04 1654.04
2186 260.264 2362.41
2187 633.771 2559.52
2188 93.7355 2461.14
2189 188.965 1596.77
2190 1388.69 2223.48
2191 192.669 135.075
2192 367.956 1275.07
2193 2433.58 2284.08
2194 1530.91 1173.53
2195 797.61 1767.83
2196 1271.27 207.531
2197 912.165 1478.32
2198 608.278 1850.3
2199 1800.95 1811.31
2200 1544.62 1690.7
2201 1937.5 708.216
2202 2199.43 2203.99
2203 393.488 1860.77
2204 93.2003 2585.14
2205 1210.64 571.119
2206 237.168 681.206
2207 2060.32 993.505
2208 863.938 28.2169
2209 960.122 1826.82
2210 1662.19 1871.94
2211 1188.52 1704.9
2212 964.498 138.098
2213 1086.51 249.905
2214 2453.45 1601.86
2215 1053.16 200.026
2216 2416.53 803.984
2217 2322.76 2170.11
2218 1674.96 2195.82
2219 441.488 2036.02
2220 1883.15 2568.98
2221 1926.42 1655.06
2222 82.1253 1524.44
2223 2341.68 5.06192
2224 1206.85 2130.78
2225 1887.97 1672.46
2226 618.383 1237.23
2227 987.082 1367.93
2228 753.476 320.224
2229 830.926 1380.07
2230 2385.42 547.661
2231 629.374 98.0233
2232 1662.33 1394.47
2233 373.705 1756.62
2234 703.858 2490.47
2235 2189.49 1667.06
2236 531.823 2001.89
2237 1094.4 2309.29
2238 370.955 1267.2
2239 815.867 2302.34
2240 781.376 2467.91
2241 2016.4 1385.32
2242 122.395 429.412
2243 1689.56 513.943
2244 2142.8 1778.51
2245 2232.8 1614.42
2246 1012.57 2289.55
2247 2156.38 1376.33
2248 741.054 34.781
2249 1372.47 1175.88
2250 1005.31 1634.08
2251 1278.16 174.591
2252 2167.3 1334.02
2253 1432.23 952.403
2254 396.783 18.2022
2255 1394.89 2149.07
2256 2143.57 753.881
2257 527.757 2449.87
2258 1172.38 1254.73
2259 166.682 1022.35
2260 2049.78 2522.2
2261 338.634 1634.42
2262 2588.99 2501.97
2263 999.048 2147.25
2264 1110.87 421.89
2265 581.933 1521.29
2266 376.556 504.395
2267 618.736 1246.15
2268 2280.17 2325.14
2269 2093.89 1124.31
2270 2362.62 569.544
2271 93.479 2563.17
2272 2506.44 2004.12
2273 623.262 200.623
2274 2129.94 119.065
2275 1650.01 1841.63
2276 310.003 1964.86
2277 102.356 2597.05
2278 932.304 182.25
2279 89.8176 1462.06
2280 2365.46 2111.11
2281 2471.54 2341.43
2282 685.783 1262.71
2283 779.193 440.13
2284 109.65 1581.53
2285 2017.83 2498.13
2286 2558.8 1496.55
2287 2353.79 873.158
2288 1701.18 1033.97
2289 1157.42 390.641
2290 2016.22 1277.4
2291 73.6803 656.061
2292 278.467 2158.6
2293 1277.74 888.371
2294 1606.81 2083.65
2295 1090.75 396.894
2296 943.217 545.68
2297 2517.89 2590.66
2298 470.876 919.343
2299 2227.8 1358.25
2300 339.337 591.828
2301 2491.87 940.062
2302 1587.48 1700.77
2303 1202.97 1923.35
2304 1118.03 2085.24
2305 2439.4 2494.81
2306 796.714 2395.28
2307 2541.36 2147.03
2308 135.419 2494.37
2309 349.181 1078.65
2310 2470.56 1852.43
2311 2037.68 1548.63
2312 2281.3 2435.4
2313 1439.5 593.858
2314 3.28682 321.282
2315 2312.8 2566.54
2316 316.576 1054.94
2317 1966.58 18.0938
2318 1401.06 1700.2
2319 2276.74 1958.53
2320 911.494 743.441
2321 981.646 1777.42
2322 2527.74 611.49
2323 2386.97 1460.71
2324 1229.61 1811.34
2325 1921.95 1720.95
2326 1115.46 2563.76
2327 2087.21 1037.68
2328 1520.11 1008.34
2329 2398.15 193.692
2330 1717.86 492.281
2331 1210.33 2045.36
2332 2176.01 230.627
2333 1903.6 2309.67
2334 1817.72 522.238
2335 1513.68 1015.4
2336 1087.54 2419.22
2337 2178.97 589.148
2338 268.239 1571.73
2339 95.1523 394.852
2340 1588.62 312.62
2341 1265.78 2562.85
2342 360.51 659.577
2343 2573.5 72.9924
2344 2570.59 1821.2
2345 1116.4 1529.69
2346 935.644 2281.41
2347 1836.78 1396.42
2348 1595.26 702.954
2349 660.415 1364.71
2350 2202.42 1233.13
2351 271.966 104.184
2352 1336.36 407.741
2353 1451.14 2491.05
2354 2212.28 2546.13
2355 1153.6 868.823
2356 912.508 1926.47
2357 309.583 878.579
2358 2464.62 1624.23
2359 1080.96 743.25
2360 1380.37 1391.45
2361 971.416 2440.35
2362 1605.34 1605.4
2363 97.2357 1592.43
2364 523.115 248.997
2365 93.4449 782.402
2366 814.937 2519.25
2367 2087.56 2244.14
2368 848.34 1646.02
2369 1414.19 643.633
2370 946.358 2068.02
2371 2155.96 1797.89
2372 1890.53 337.068
2373 858.432 1827.95
2374 508.529 1779.54
2375 881.95 2147.36
2376 717.343 1948.63
2377 2418.04 628.055
2378 1630.23 2123.75
2379 1108.58 2356.77
2380 149.43 1768.39
2381 729.96 835.993
2382 2280.39 163.166
2383 165.33 1108.7
2384 1321.44 1703.42
2385 1958.01 379.332
2386 69.6835 597.951
2387 735.949 626.38
2388 1714.37 872.086
2389 109.841 361.361
2390 1884.35 2272.33
2391 2541.03 2190.18
2392 75.5267 1429.93
2393 1260.23 2015.32
2394 716.269 71.9178
2395 2050.3 891.812
2396 719.878 407.429
2397 864.49 2172.46
2398 2302.12 2339.54
2399 377.007 297.322
2400 870.127 1172.68
2401 2300.91 208.573
2402 1159.02 1053.67
2403 2442.26 319.059
2404 346.048 265.41
2405 1104.8 1379.49
2406 867.358 1385.94
2407 676.949 558.665
2408 2032.37 2548.01
2409 443.831 691.126
2410 1152.32 2406.5
2411 813.409 666.984
2412 1024.78 585.602
2413 1940.41 2604.91
2414 738.397 246.918
2415 1262.92 1990.85
2416 2355.61 192.953
2417 953.091 871.09
2418 1394.8 1772.13
2419 1193.09 399.452
2420 1649.99 2481.16
2421 1698.9 2476.73
2422 2033.12 1161.19
2423 16.3222 1918.12
2424 1025.21 2196.36
2425 2510.39 404.962
2426 163.466 2311.47
2427 1892.62 349.723
2428 2257.5 1255.6
2429 1939.78 2378.85
2430 2391.62 668.697
2431 1832.92 435.269
2432 1726.88 183.194
2433 2119.14 1237.11
2434 2168.56 2562.59
2435 1837.56 2115.07
2436 331.483 1977.72
2437 2513.43 1200.3
2438 2108.86 2230.93
2439 2329.96 258.884
2440 2561.28 711.518
2441 1872.55 1285.9
2442 2063.45 2158.22
2443 1567.02 1067.92
2444 70.2468 170.423
2445 1738.27 918.492
2446 1570.35 1599.18
2447 2469.4 770.831
2448 1081.05 1153.83
2449 458.046 1177.27
2450 961.011 2088.58
2451 539.104 241.062
2452 2502.95 502.409
2453 1235.82 930.309
2454 2053.68 1535.72
2455 104.744 1778.28
2456 860.198 18.7115
2457 769.465 652.534
2458 908.307 1827.41
2459 2264.87 1150.92
2460 348.51 2111.46
2461 1167.91 450.964
2462 1084.05 46.4249
2463 594.568 924.57
2464 238.646 1459.48
2465 1904.79 380.683
2466 909.138 1883.27
2467 579.01 1206.76
2468 1171.79 5.94676
2469 1116.23 1707.88
2470 2128.99 1130.23
2471 231.618 1187.82
2472 1689.13 23.263
2473 1016.07 330.327
2474 2305.99 102.064
2475 1439.99 2587.84
2476 2159.36 367.324
2477 634.092 1128.39
2478 2530.79 985.392
2479 752.745 1607.64
2480 2036.75 1588.27
2481 1307.32 1331.74
2482 1071.03 783.116
2483 1899.5 2418.09
2484 360.484 868.345
2485 1047.6 1307.98
2486 881.889 412.668
2487 2525.53 226.148
2488 997.901 1268.32
2489 307.594 867.828
2490 1101.33 1816.28
2491 776.886 2323.81
2492 634.248 1190.12
2493 1549.1 1606.63
2494 881.38 1440.83
2495 2103.47 1995.46
2496 1928.56 365.306
2497 2262.28 703.066
2498 434.327 388.912
2499 1598.15 542.615
2500 1253.69 2428.28
2501 1951.74 2003.79
2502 1657.14 961.984
2503 306.038 1778.14
2504 1212.49 423.483
2505 929.691 2305.28
2506 2025.42 2086.26
2507 898.15 2299.77
2508 340.771 2126.06
2509 976.565 271.749
2510 1164.17 2051.89
2511 537.348 267.606
2512 1118.64 390.316
2513 1008.82 1319.7
2514 2390.31 2317.81
2515 2181.9 80.7619
2516 1737.94 929.02
2517 1349.5 2273.13
2518 1382.94 2001.95
2519 2013.25 37.713
2520 1840.33 329.815
2521 972.215 2575.82
2522 1754.42 2604.58
2523 1582.75 1576.62
2524 1460.17 151.166
2525 2586.08 511.989
2526 2152.13 151.315
2527 1590.85 2411.37
2528 1390.88 26.4195
2529 985.439 1718.34
2530 2235.69 504.051
2531 812.165 1897.69
2532 483.162 2150.47
2533 1945.24 1747.47
2534 2470.57 332.943
2535 2403.49 362.484
2536 486.469 966.438
2537 840.786 1926.82
2538 363.142 2073.69
2539 2247.47 617.652
2540 847.629 1411.82
2541 1635.9 1521.42
2542 1222.16 331.864
2543 85.2836 500.04
2544 621.198 1614.99
2545 721.648 859.812
2546 468.327 1322.98
2547 228.196 1761.64
2548 711.869 833.037
2549 1219.67 2073.03
2550 543.81 2354.25
2551 692.42 1937.04
2552 709.622 690.225
2553 1000.19 813.479
2554 1221.74 803.448
2555 2430.24 1948.02
2556 1231.02 2112.75
2557 1372.43 412.574
2558 1288.44 1144.72
2559 1662.33 937.684
2560 1950.65 402.271
2561 1684.11 407.395
2562 1601.8 1952.4
2563 470.107 1397.31
2564 258.19 1167.72
2565 1149.24 2315.26
2566 393.954 1446.94
2567 1875.44 2519.47
2568 1800.62 1737.16
2569 1533.93 350.547
2570 375.456 1504.96
2571 979.785 1229.31
2572 2040.17 197.356
2573 593.462 821.796
2574 74.6485 27.6878
2575 161.292 1194.95
2576 355.962 2535.13
2577 992.467 829.682
2578 885.74 165.436
2579 569.854 2307.26
2580 2516.28 791.611
2581 2569.66 2356.65
2582 468.912 217.105
2583 808.632 703.631
2584 21.6092 2362.73
2585 1999.17 1797.22
2586 1251.32 1870.25
2587 1464.04 13.4397
2588 11.3562 1173.08
2589 2246.33 2181.68
2590 2561.12 742.039
2591 163.697 2421.64
2592 1651.98 1231.45
2593 953.089 214.713
2594 538.001 2466.12
2595 2354.76 415.614
2596 677.334 13.6467
2597 1316.1 1528.93
2598 85.4643 771.923
2599 44.6841 2412.26
2600 2089.81 1842.36
2601 2014.18 846.218
2602 2387.63 1997.65
2603 2313.25 1235.03
2604 1935.51 219.723
2605 517.746 1388.51
2606 55.4747 1162.43
2607 67.3857 1654.41
2608 1522.13 1957.39
2609 934.398 1017.76
2610 1098.95 941.732
2611 2542.97 2435.79
2612 1089.98 1179.73
2613 1938.82 647.433
2614 211.816 1122.86
2615 2518.18 1374.13
2616 1747.02 2102.04
2617 2014.66 746.678
2618 1411.24 260.972
2619 1358.78 118.056
2620 1316.18 2160.14
2621 1477.38 1678.28
2622 702.175 1829.59
2623 1784.76 1343.01
2624 313.18 1726.9
2625 2581.99 880.971
2626 640.025 308.241
2627 1001.03 907.641
2628 2513.27 2544.91
2629 272.187 1164.78
2630 430.881 2414.94
2631 1219.12 269.427
2632 1003.65 1003.77
2633 2280.99 1170.74
2634 2091.83 1071.85
2635 2481.09 2536.08
2636 59.899 1686.06
2637 497.916 2466.32
2638 1089.01 2137.4
2639 823.997 1104.55
2640 1247.02 1588.96
2641 33.5611 1537.27
2642 1280.7 1597.41
2643 1405.27 2290.64
2644 193.546 1006.8
2645 2521.05 2148.2
2646 2241.72 184.03
2647 163.534 1718.66
2648 201.065 182.695
2649 2276.98 2361.3
2650 1969.69 460.954
2651 481.203 358.743
2652 1363.56 1537.78
2653 2269.81 1170.28
2654 2516.59 1551.46
2655 511.308 2428.87
2656 301.242 850.228
2657 1236.15 1827.67
2658 885.101 2393.09
2659 2469.02 2438.85
2660 2476.66 399.492
2661 2211.85 1309.81
2662 1053.39 1501.9
2663 1000.11 1384.94
2664 1763.94 1593.5
2665 189.261 1451.61
2666 881.701 1813.69
2667 2539.54 1239.6
2668 1191.56 2445.82
2669 477.348 1220.87
2670 1517.8 2229.53
2671 2032.82 1718.04
2672 2182.76 896.095
2673 1289.76 1707.1
2674 1805.44 934.104
2675 2218.74 1833.57
2676 2492.35 31.0049
2677 1322.9 262.053
2678 336.134 741.259
2679 1972.32 2128.96
2680 307.323 2038.44
2681 958.807 1013.02
2682 2402.62 2208.94
2683 103.786 2074.94
2684 1183.74 1693.69
2685 2226.09 639.93
2686 29.9563 286.099
2687 33.3978 623.689
2688 1044.71 1459.13
2689 1464.64 2315.6
2690 980.081 1821.48
2691 2178.86 1914.28
2692 1172.84 2146
2693 1854.28 425.247
2694 139.154 916.973
2695 246.482 1519.14
2696 807.36 1529.36
2697 2088.91 414.847
2698 1824.82 1905.69
2699 2407.65 1435.24
2700 1067.29 804.665
2701 2275.45 18.2969
2702 997.894 1272.18
2703 1362.82 378.814
2704 1450.55 1057.38
2705 1616.45 1722.61
2706 2031.34 1577.68
2707 1928.99 2576.36
2708 1030.66 1623.13
2709 1878.53 1839.35
2710 1791.03 1866.21
2711 2571.5 1364.71
2712 1550.91 112.534
2713 1793.18 840.74
2714 682.752 627.742
0 20 50.5692
0 203 37.7236
0 732 41.9058
0 1117 46.9032
1 627 77.0783
1 1018 96.6562
1 1254 73.6302
2 567 51.5896
2 866 84.9005
2 913 63.7711
2 1360 52.786
2 1630 21.9952
3 127 19.5366
3 140 11.8596
3 2163 61.8329
3 2520 87.9081
4 518 50.6633
4 1895 56.0001
4 2314 30.5923
4 2686 41.9668
5 338 90.4495
5 1584 20.3849
5 1985 44.5923
6 22 21.4118
6 467 48.5681
6 960 49.0392
7 1444 37.8082
7 1556 51.2915
7 2373 40.0978
8 556 44.5052
8 1277 56.7967
8 1381 17.2771
9 415 34.2649
9 1162 100.743
9 1719 18.4952
9 2243 16.682
9 2330 50.3629
10 69 41.4396
10 603 75.2165
10 1038 46.8337
10 2463 36.8229
11 12 59.5249
11 103 57.7036
11 478 52.377
11 985 83.2365
11 2080 74.8589
12 1431 53.8165
12 2080 62.2903
13 114 49.3206
13 462 47.493
13 2183 30.9295
14 1321 80.7796
14 1665 18.8766
14 1783 95.1412
14 1935 33.0246
15 45 53.8974
15 1495 41.2472
15 1542 42.5605
15 1934 40.753
15 1999 55.1698
16 128 0.66423
16 1411 105.219
16 2433 31.9018
17 705 81.871
17 839 66.3024
17 2178 102.084
17 2463 63.0302
18 71 69.5219
18 1838 83.5942
18 1883 105.157
18 2532 44.118
19 215 2.46516
19 302 56.9478
19 597 51.9312
19 1246 52.2024
20 738 33.2551
20 2100 39.5482
21 728 70.7075
21 1365 75.5027
21 1962 76.8151
22 467 82.589
22 960 27.4454
23 384 75.0809
23 830 58.2236
23 1790 48.7481
24 1737 103.649
24 2028 99.606
24 2104 22.7172
25 437 23.2481
25 513 39.2028
25 2120 72.4136
26 1010 63.4205
26 1429 58.8338
26 1607 110.709
26 2387 45.3124
26 2714 40.5568
27 1028 71.5969
27 1313 79.8082
27 1472 83.9602
28 1574 128.237
28 1765 120.142
28 2462 70.3283
28 2468 96.7055
29 527 47.5468
29 1051 84.8386
29 1182 90.874
30 757 33.8598
30 1180 52.4706
30 1456 33.8633
30 1735 10.1522
30 1906 55.4631
31 274 60.4718
31 1082 75.1053
31 1700 78.0491
31 1886 25.5882
32 85 37.5843
32 1089 23.3325
32 2347 24.9046
33 111 73.8979
33 915 69.6939
33 941 50.853
34 875 89.9481
34 2153 92.6603
34 2521 88.8373
35 681 10.3902
35 1115 76.191
35 2571 69.5385
36 200 103.598
36 854 133.646
36 1405 106.031
36 1952 60.4772
36 2550 79.785
37 472 44.1938
37 1076 79.9725
37 1295 49.8746
37 1710 91.2172
37 2528 43.2261
38 154 95.0083
38 588 77.5006
38 1696 37.6416
39 268 110.814
39 673 82.0943
39 2404 87.8421
40 241 37.3599
40 882 91.697
40 928 112.861
40 2234 52.6513
41 1592 59.7111
41 1681 62.9138
41 2197 52.2766
42 150 71.1548
42 167 91.2376
42 1428 46.7915
43 612 26.3908
43 1675 41.3757
43 2203 13.2535
44 462 87.6349
44 500 57.3858
44 2301 45.599
45 1971 53.9504
45 1999 49.6674
46 294 38.6832
46 1314 25.7205
46 2118 38.8589
47 248 68.0721
47 1948 43.6259
47 2207 105.414
48 1393 76.3364
48 1915 68.8367
48 1986 64.0624
49 967 53.9194
49 1386 18.623
49 1420 58.9477
49 2173 37.5272
49 2622 39.1329
50 610 59.0613
50 1157 37.1223
50 1979 51.5583
51 1890 93.0597
51 2167 74.3051
51 2691 57.8344
52 654 52.8847
52 816 76.7408
52 2396 101.557
52 1364 64.8616
53 476 83.1959
53 1265 85.5661
53 1746 78.9223
54 285 47.4774
54 1339 23.9088
54 1541 22.9242
55 417 74.4128
55 1022 4.75739
55 2632 53.9435
56 710 17.1
56 1334 101.116
56 1976 76.5762
56 2254 81.1906
57 360 53.2632
57 608 9.09991
57 709 63.1538
57 1492 30.0912
58 194 12.9171
58 1589 70.3858
58 2606 33.3451
59 450 9.00119
59 754 28.3444
59 1424 34.2324
59 1549 37.1336
60 773 95.5153
60 1086 133.94
60 2112 76.3007
60 2239 96.8758
60 2491 106.724
61 1921 41.2438
61 1976 53.6263
61 2254 36.1779
62 930 42.2174
62 1467 34.2473
62 2247 28.5265
63 446 44.3062
63 810 73.5057
63 1866 77.8174
63 1958 55.5509
64 348 106.342
64 564 82.137
64 1597 32.6485
64 1619 58.7035
65 159 44.5849
65 571 56.3773
65 1672 51.8383
66 554 34.65
66 1061 3.00483
66 1507 67.305
66 2133 28.5225
67 581 14.2828
67 679 60.7509
67 1111 6.10881
67 1450 61.2622
68 101 44.0304
68 143 72.4967
68 745 53.9821
68 976 18.8716
69 288 137.073
69 306 96.2428
69 1038 67.4583
69 2463 22.5768
70 422 29.4288
70 1002 38.8795
70 1302 106.069
71 579 39.8304
71 1711 52.6836
71 1838 32.7282
72 329 100.728
72 1552 68.7219
72 1972 117.64
72 2409 95.5939
73 730 49.6415
73 781 76.8331
73 1660 34.2558
74 759 8.7953
74 850 70.5753
74 1936 42.9982
74 2405 33.5236
75 779 43.454
75 790 118.024
75 1329 61.5225
75 2683 77.3925
76 1082 45.0531
76 1215 66.6014
76 1750 85.105
76 2009 90.9224
76 2018 72.3692
76 2617 38.1103
77 198 61.1913
77 304 104.209
77 775 56.4572
77 1522 81.2052
77 1902 25.4946
78 139 40.2198
78 1322 64.4373
78 2355 59.4766
79 213 80.8069
79 1647 35.5973
79 1884 43.256
80 381 35.9357
80 1977 74.9296
80 2608 27.536
81 614 95.8113
81 1129 105.157
81 1727 112.141
82 603 97.8968
82 2178 40.2405
82 2573 17.5737
83 572 70.8454
83 1830 75.1714
83 1950 55.7279
83 2156 35.6723
83 2497 54.9747
84 1351 13.8858
84 1548 77.6831
84 1905 54.0006
84 2037 77.2635
85 1089 28.8193
85 2623 33.859
86 264 96.1903
86 319 47.9182
86 1048 15.8976
86 2580 64.9723
86 2590 54.7305
87 1049 103.209
87 2251 109.109
87 2619 49.2606
88 1158 51.6036
88 1350 115.348
88 2245 44.6009
89 363 58.4348
89 561 116.779
89 1085 47.5342
89 1553 72.5184
89 2525 85.7984
90 1324 93.2925
90 1479 26.4827
90 1726 100.809
90 1891 44.1762
91 454 85.4683
91 1472 50.9647
91 2166 8.90351
91 2174 26.6751
92 290 41.6004
92 336 71.1239
92 2228 41.4512
93 174 66.3635
93 1107 64.0554
93 1860 45.5837
94 758 23.2432
94 1836 57.4945
94 2189 53.9611
95 1130 80.8908
95 1959 47.7906
95 2382 42.9801
95 2646 33.0395
96 593 75.1513
96 1954 117.228
96 2328 81.3228
96 2335 59.5403
96 2443 83.5212
96 2704 105.871
97 400 13.1623
97 903 68.0082
97 1379 99.8065
98 870 67.3673
98 1627 44.7318
98 1853 77.9344
99 663 17.5716
99 1829 39.812
99 2500 64.6304
100 166 72.5301
100 1185 82.4795
100 1517 52.7723
100 2075 62.7068
101 976 32.7787
101 1676 107.284
101 2110 51.2329
102 467 88.1197
102 526 57.3482
102 991 51.2532
103 478 40.0527
103 1069 53.7194
103 1498 69.3081
104 1012 90.1691
104 1095 97.7499
104 1561 76.2898
105 632 57.3186
105 633 81.4664
105 2111 51.441
105 2315 92.6127
106 2028 25.7861
106 2364 58.2257
106 2582 18.1654
107 882 77.1724
107 928 81.3768
107 2306 33.4815
108 320 47.7998
108 919 46.8044
108 2030 71.7018
109 703 73.2487
109 1209 51.3382
109 1303 79.6941
109 1345 51.1176
109 2713 64.3717
110 203 27.2933
110 562 20.7099
110 1378 74.1879
110 1497 34.2876
110 2100 48.1456
111 569 104.038
111 915 23.1015
111 529 79.8893
112 469 66.7083
112 951 44.5549
112 1056 33.1867
113 1152 50.5692
113 1698 37.9074
113 2399 21.2999
114 462 8.94426
114 2183 14.7083
114 2301 85.4165
115 313 35.1926
115 328 90.4289
115 1989 47.9163
115 2552 57.6436
116 1067 31.3832
116 1557 41.7519
116 2259 56.6527
116 2644 16.7175
117 136 69.0871
117 2485 123.237
117 2612 140.739
118 644 82.8975
118 897 53.7218
118 1525 23.3248
118 1534 50.0573
118 1560 45.6963
118 1947 34.1525
119 695 137.24
119 2037 123.443
119 2323 99.3191
120 400 64.309
120 903 114.608
120 2345 26.1472
121 821 122.024
121 947 35.0579
121 1178 89.7951
122 461 81.5688
122 1697 53.633
122 1882 76.6841
123 1466 130.881
123 1929 68.1677
123 2258 128.989
124 329 47.0776
124 815 48.9005
124 1327 46.6201
124 2409 97.7259
125 1315 35.6141
125 1466 16.4426
125 2006 9.20296
126 805 78.9347
126 946 9.47829
126 1412 51.78
127 140 33.6798
127 2163 35.7929
127 2372 78.6818
127 2427 46.494
127 2465 65.2888
128 1411 92.1593
128 2433 18.8308
129 704 87.7327
129 1253 34.1863
129 1528 54.8055
130 807 34.7981
130 963 46.9239
130 1730 25.2815
130 2182 50.1271
130 2391 0.237848
131 1027 96.6401
131 1309 88.1952
131 1769 74.7089
131 2208 43.342
131 2456 43.1062
132 1152 47.3266
132 1419 60.7873
132 2060 34.1419
133 1689 108.612
133 1808 84.0026
133 2340 136.521
134 235 81.3931
134 655 36.6594
134 1310 42.7336
134 1881 17.3683
135 266 25.781
135 477 45.9437
135 785 72.9338
135 2651 34.2957
136 2485 46.2764
136 2513 102.502
137 2052 54.9428
137 2269 65.7069
137 2634 48.8978
138 1526 87.4521
138 1688 103.194
138 1805 58.338
139 962 33.016
139 1322 53.9459
139 2355 74.502
140 1961 68.301
140 2163 46.3916
140 2520 70.6516
140 2693 75.819
141 750 52.4984
141 1530 37.7016
141 2506 44.6405
142 2297 24.0792
142 2628 88.6425
142 2635 99.2993
143 1268 47.4324
143 2283 54.0238
144 1575 30.9089
144 2257 39.5992
144 2594 48.1006
144 2655 67.4002
145 609 54.1975
145 1063 59.4112
145 1639 79.0615
145 2361 55.2778
146 403 95.9796
146 778 101.433
146 1715 100.22
146 2025 103.544
146 2581 69.8511
147 487 103.239
147 519 71.7591
147 910 82.4336
147 2444 60.5956
148 404 36.9617
148 714 73.5384
148 1563 8.73855
149 1164 58.1931
149 2037 98.8128
149 2144 64.3456
150 1143 38.7614
150 2176 33.1527
151 782 9.57643
151 1094 43.9484
151 1817 88.3834
151 2045 109.623
151 2124 54.045
152 370 39.4546
152 1387 14.4829
152 1646 13.0091
152 2289 17.291
152 2419 25.6286
153 1257 57.8451
153 1319 60.9726
153 2708 60.2329
154 511 70.705
154 1696 45.3595
154 1997 73.9051
154 2223 176.358
154 2701 41.2509
155 1610 49.4075
155 1975 83.5952
155 2480 85.1769
156 1245 52.03
156 1452 63.6727
156 1861 29.545
157 1441 106.246
157 2188 64.8361
157 2271 117.914
157 2308 45.2572
158 898 79.6121
158 2225 28.064
158 2325 44.4954
159 1504 105.344
159 1672 90.5703
160 558 49.0833
160 1982 27.4867
160 2658 85.5387
161 276 33.2181
161 716 67.1251
161 853 67.9717
161 1666 51.7815
162 225 1.12935
162 460 24.7566
162 929 47.8193
162 1078 82.0394
163 653 74.5428
163 1344 42.7402
163 2273 106.911
164 397 125.617
164 1904 91.5854
164 2641 70.1217
165 524 81.4236
165 1841 52.8535
165 2205 23.7779
166 1369 104.49
166 1517 25.4451
166 1593 59.4589
166 2075 40.6225
167 1407 105.458
167 1428 27.1716
167 1546 46.6569
168 264 57.3846
168 319 66.7997
168 2580 30.4907
169 330 77.2753
169 1009 37.6889
169 1260 80.4668
169 2524 28.0559
170 942 16.4396
170 1875 27.6515
170 2324 20.9419
170 2657 46.1701
171 353 66.1007
171 551 94.0237
171 560 45.9748
172 935 110.256
172 1397 77.2923
172 2318 58.101
172 2621 46.685
173 483 41.7545
173 1121 59.1586
173 1262 23.0452
173 2150 41.5865
174 1860 58.5607
174 1911 68.9908
175 642 107.51
175 1016 28.8037
175 1967 59.0032
176 278 54.1052
176 458 40.2273
176 2688 31.8688
177 693 37.1628
177 888 19.2048
177 1500 58.5995
177 1602 34.6206
178 883 18.8296
178 1083 43.8625
178 1308 28.0778
178 1896 73.5679
179 1096 57.4154
179 1960 101.552
179 2194 53.125
180 799 37.3463
180 2609 13.0393
180 2681 26.472
181 1040 81.1364
181 1647 88.6139
181 2078 59.7795
182 197 75.2847
182 620 92.5464
182 1367 13.8337
182 1416 47.4758
182 2253 34.0731
183 1192 29.8157
183 1417 24.3022
183 2544 51.7746
184 1041 46.1271
184 1977 97.1669
184 2518 82.2193
185 777 52.44
185 2023 50.8201
185 2048 44.0567
185 2354 46.492
185 2434 78.0543
186 834 39.4084
186 1131 57.5867
186 1782 29.9524
186 2380 31.4155
186 2647 36.178
187 363 71.8815
187 787 66.1789
187 972 34.5904
187 1055 67.4326
187 2322 25.6228
188 940 18.228
188 1787 84.7733
188 2587 57.7889
189 688 42.6026
189 971 60.3943
189 1297 70.3682
189 1855 57.3035
190 277 39.5441
190 1453 86.3204
190 1920 10.3601
191 438 8.90359
191 1164 92.1623
191 2144 18.2755
192 387 85.4245
192 784 67.0041
192 1597 62.1191
193 357 67.356
193 546 109.103
193 773 51.9632
194 843 52.8934
194 2588 96.3346
194 2606 48.7289
195 1717 87.2775
195 1727 93.709
195 2097 33.5284
195 2504 89.7622
196 514 120.473
196 2276 84.7267
196 2436 56.6272
197 1367 95.198
197 2704 55.5948
198 304 69.1636
198 1496 76.9705
198 1902 77.7506
199 808 65.5463
199 1867 66.3971
199 1944 39.6707
199 2467 47.7351
199 2477 80.2886
199 2492 17.9322
200 1405 42.2108
200 1952 102.208
201 849 27.4524
201 1300 81.6634
201 1636 83.6026
201 2044 31.5904
202 856 105.329
202 936 102.233
202 1548 128.087
203 562 71.0906
203 1117 14.8007
203 1497 44.9679
204 468 24.1803
204 1059 53.2411
204 2305 51.032
205 1265 46.9284
205 1462 35.8596
205 2554 23.363
206 1535 70.4923
206 1913 101.999
206 2703 59.9883
207 971 71.1331
207 1855 35.1958
207 1926 47.261
208 978 40.0747
208 1175 94.5977
208 1566 29.957
209 240 91.361
209 584 98.7452
209 666 129.991
209 2435 64.056
210 753 76.6576
210 846 71.4926
210 1659 7.15887
211 292 77.5669
211 1640 116.475
211 1704 29.7
212 217 86.3413
212 1898 93.6354
212 1909 72.2295
212 2175 37.454
213 864 33.7083
213 2375 74.966
214 1035 82.6916
214 1510 44.3853
214 1720 29.9838
214 2578 20.7743
215 597 49.5589
215 1246 36.1204
216 914 23.0914
216 1236 37.5952
216 1385 56.0008
216 1511 88.6286
216 2155 47.6335
217 1571 42.6734
217 1909 40.8708
217 2175 62.2662
218 1714 74.3016
218 1718 80.4775
218 2110 28.6994
219 964 38.6976
219 1606 75.1112
219 2426 95.0561
220 1420 52.4286
220 1693 25.4558
220 2053 23.6582
221 441 42.5459
221 548 117.649
221 1172 69.0519
221 2265 97.8888
222 305 54.4637
222 1845 56.6286
222 2039 61.6729
222 2103 32.6331
223 575 51.5082
223 854 84.6645
223 2532 90.9444
224 703 72.2383
224 826 76.6868
224 1209 72.4957
224 2674 59.3659
225 460 18.2172
225 929 40.4379
226 984 44.0028
226 1544 65.2224
226 2296 33.4553
227 427 65.654
227 1410 23.6952
227 1445 47.4413
228 287 130.657
228 720 114.043
228 1020 71.3118
228 1512 47.6514
228 1532 98.7829
228 1980 76.6162
229 867 27.4425
229 1008 54.229
229 2180 80.6067
229 2506 41.3809
230 953 72.0032
230 2076 68.4794
230 2638 49.8046
231 286 84.3246
231 1804 38.2965
231 1864 52.3269
232 901 80.8519
232 2410 27.2513
232 2668 61.5775
233 743 16.6491
233 1555 10.624
233 1691 104.026
234 1031 56.0686
234 1278 84.6429
234 2261 46.9561
235 471 51.8885
235 1310 54.6848
236 523 40.3934
236 1515 48.0971
236 2089 25.2345
236 2162 60.3828
237 613 25.0655
237 720 115.497
237 1980 110.63
238 923 25.721
238 1153 92.0614
238 1439 43.2128
238 2541 89.3289
239 336 12.4971
239 889 34.606
239 1344 77.5602
239 2414 58.4127
240 584 18.783
240 1087 56.6304
240 1655 45.9023
241 2056 70.0791
241 2234 22.4596
242 862 75.951
242 1373 53.5005
242 1590 30.3575
242 2292 30.641
243 628 52.339
243 1832 80.1642
243 1922 89.7262
244 878 54.5935
244 952 41.6131
244 1144 85.5909
245 1456 92.0113
245 1735 125.342
245 2215 76.1718
246 250 53.7563
246 1591 64.9285
246 2032 116.206
247 698 24.7039
247 874 21.6196
247 1357 38.7257
247 2213 22.2695
248 938 78.0493
248 1948 84.1224
248 2395 93.9114
249 369 56.784
249 578 68.4541
249 1446 66.1884
249 1692 16.2468
249 2550 72.5698
249 2579 43.8063
250 694 36.0452
250 920 49.4643
250 1591 43.7687
250 2032 38.9764
250 2478 80.8195
251 350 81.6377
251 1293 21.3357
251 1794 46.0606
251 2000 74.5255
251 2470 106.893
252 461 80.9437
252 1652 74.8701
252 1788 78.4025
252 1956 48.7671
253 408 53.0625
253 412 65.377
253 624 62.1688
253 955 59.9677
253 2019 64.1716
254 312 18.752
254 977 112.128
254 2082 128.908
254 2501 101.607
255 389 34.5446
255 1128 52.3745
255 1523 14.698
256 490 73.0199
256 943 93.6066
256 2572 58.199
257 1122 77.3701
257 2200 31.049
257 2621 87.9898
258 263 92.131
258 692 161.125
258 2543 100.61
259 436 53.3006
259 1325 21.0159
259 1912 44.5274
260 450 42.5511
260 510 52.0594
260 754 48.9279
261 423 48.6825
261 445 43.5224
261 1289 26.3669
261 1471 52.2796
261 2664 6.79179
262 870 61.7586
262 1949 56.8106
262 2270 77.7794
263 375 52.4441
263 692 40.0792
264 1048 82.5381
264 2625 101.306
265 1186 59.8626
265 1338 31.6611
265 1777 41.0152
266 477 20.7447
266 2651 5.62082
267 1377 60.7488
267 1499 119.378
267 2643 78.2565
268 401 93.6603
268 673 18.5396
268 968 136.104
268 1425 63.7263
268 2404 19.5339
269 761 87.7693
269 792 69.2242
269 1524 54.1591
269 2047 81.6508
269 2316 38.8791
270 1037 39.8293
270 1290 73.569
270 1658 22.7668
271 466 57.5085
271 1133 18.6997
271 1231 9.31574
271 1451 83.4591
271 2067 27.7226
271 2272 43.2917
272 1161 37.9457
272 2237 18.7382
272 2379 46.4082
273 541 77.7884
273 2001 73.9441
273 2477 83.8775
274 368 69.6482
274 973 100.667
274 1886 59.3372
275 980 71.9659
275 1529 37.1285
275 1596 54.7676
276 1283 52.3109
276 2294 32.9383
277 1453 126.684
277 1920 40.655
277 2514 65.4319
278 458 5.19952
278 2091 63.1505
278 2662 74.1593
278 2688 3.59246
279 368 41.5102
279 1422 57.1497
279 2337 97.6214
280 1833 34.7333
280 1904 31.0877
280 2641 43.159
281 725 44.706
281 1747 30.2673
281 2647 85.0088
282 2114 83.0747
282 2488 77.8715
282 2571 15.4235
282 2702 47.5321
283 713 106.16
283 1248 26.2741
283 2477 141.444
284 764 21.1934
284 1171 52.6175
284 1251 63.6477
285 599 15.1464
285 1138 56.3291
285 1339 41.3677
285 1541 82.2798
286 836 39.045
286 1804 35.5445
287 1006 76.3907
287 1937 23.443
288 306 91.3751
288 541 96.4482
289 1379 80.864
289 1931 103.11
289 2597 69.5252
290 336 43.4654
290 889 23.9375
290 957 34.6299
290 2228 104.346
290 2414 26.9641
291 295 32.7696
291 927 48.6776
291 1208 50.1907
291 1649 46.4857
291 2585 32.2614
292 385 82.1732
292 1704 66.2857
293 503 55.7774
293 1267 21.2985
293 1899 52.0181
293 2618 63.8851
294 1314 19.6276
294 1350 46.5325
294 1894 58.3667
294 2118 10.1559
295 822 58.7327
295 1649 2.70829
295 2585 41.9063
296 327 95.5457
296 425 80.8482
296 959 107.261
296 1927 29.1189
297 528 37.2896
297 1508 49.2271
297 1586 67.6096
297 1640 66.6732
298 836 47.9824
298 1683 91.5451
298 2192 61.8627
298 2238 55.2021
299 344 77.0124
299 488 57.6595
299 791 67.3371
299 1473 104.735
299 1490 81.1997
299 2423 19.4765
300 417 56.919
300 2632 19.1262
300 2681 35.2063
301 545 55.1132
301 621 111.909
301 1116 140.902
302 490 33.3722
302 597 21.2914
302 1246 52.4895
302 1562 54.7866
303 619 75.8904
303 1292 61.053
303 1766 54.4852
303 2368 138.393
304 1129 90.824
305 347 25.8314
305 1759 50.0179
305 2103 39.9502
306 1865 91.7478
307 355 65.4194
307 494 48.4955
307 2615 76.1243
308 1813 55.8091
308 2159 66.1081
308 2195 7.12817
309 939 55.582
309 1045 129.334
309 1839 88.3512
310 2417 18.7925
310 2577 71.3759
310 2627 78.0316
311 1676 38.4477
311 2387 97.7926
311 2457 83.3778
312 977 85.0432
312 1237 120.675
313 1138 68.9497
313 1785 17.5332
313 1989 56.0373
313 2552 51.6303
314 1969 49.4799
314 2076 36.3798
314 2692 63.5704
315 502 27.2957
315 638 99.7518
315 1389 38.8232
315 2570 33.8108
316 1973 198.747
316 2142 92.6799
316 2358 127.643
317 774 39.2349
317 1455 42.2204
317 2035 33.0945
317 2113 31.7204
317 2199 26.5032
318 741 80.2483
318 1188 50.2388
318 2340 84.665
319 2447 82.1855
319 2580 21.6164
320 919 54.21
320 1451 53.3485
320 2030 49.3278
321 492 110.053
321 1371 45.0285
321 1871 20.0827
321 2689 47.4676
322 1449 57.0969
322 1863 81.2389
322 2056 24.6746
322 2187 90.4295
322 2234 62.2732
323 359 59.585
323 509 77.6307
323 626 13.7428
323 2139 76.1447
324 842 128.688
324 1778 127.681
324 2696 89.1861
325 396 42.1263
325 1867 24.5185
325 2226 45.3597
325 2267 42.3998
326 825 34.6719
326 1286 60.704
326 2449 61.1019
327 500 36.8007
327 1927 55.1318
328 1768 66.1832
328 1989 21.1478
328 2548 100.2
329 447 66.8595
329 815 37.7711
329 1552 72.0595
330 1009 92.2065
330 1689 100.393
331 340 25.0062
331 393 67.5763
331 2649 94.3429
332 432 78.3985
332 550 121.303
332 667 29.9204
332 781 35.4052
332 1448 31.9723
332 2672 77.5215
333 594 64.6798
333 1526 73.2888
333 1742 60.501
334 1166 81.9525
334 1681 66.7338
334 1873 39.003
334 2197 51.6824
334 2494 64.7078
335 1199 73.7006
335 1294 30.0869
335 1458 78.2065
336 889 29.4198
336 2228 114.12
337 340 123.651
337 633 51.7199
337 2312 33.7268
338 1584 69.8242
338 1985 58.9527
338 2227 33.9425
338 2513 49.9336
338 2663 88.2796
339 1745 73.6774
339 2159 74.3529
339 2195 93.6059
339 2373 56.594
340 1301 75.0837
340 1951 79.6568
340 2312 64.6132
341 443 18.4125
341 1458 48.1251
341 2177 40.9678
341 2473 29.6111
342 1537 45.5824
342 1569 54.4885
342 1589 45.213
343 465 60.9604
343 551 65.4234
343 2620 25.4103
344 1473 14.2546
344 2423 47.1492
345 596 31.5542
345 1213 22.5743
345 1792 90.3116
345 2246 73.2621
346 1195 49.2157
346 1249 46.7709
346 1832 13.8789
346 2052 81.3266
347 840 93.2533
347 1759 28.0829
347 2103 57.307
348 1597 82.0665
348 1619 49.7717
349 1646 37.0248
349 2264 93.3491
349 2289 17.7107
349 2295 95.5993
349 2512 38.0616
350 2269 66.0691
350 2470 26.1962
351 961 74.2516
351 1611 93.7605
351 1773 48.1419
351 1864 77.1513
352 607 25.5274
352 1160 48.1418
352 1190 46.8098
352 2383 52.8524
352 2575 56.2525
353 551 47.2225
353 560 25.5258
354 1118 78.9179
354 1124 73.8468
354 1730 114.889
355 1034 86.2425
355 1690 53.4204
355 2615 84.659
356 1046 36.7015
356 2263 79.5102
356 2450 71.3155
357 546 86.0549
357 1810 105.921
358 1084 55.262
358 1282 91.3299
358 1690 67.2963
359 476 117.235
359 626 61.0232
359 1349 86.1433
359 1398 71.879
359 2139 106.582
360 608 66.6365
360 1239 99.9368
360 1492 34.3926
360 1685 31.7408
360 1686 63.3082
360 1872 107.222
361 1280 49.22
361 1389 84.6523
361 2566 30.1972
361 2570 73.9723
362 956 70.0943
362 1104 63.0155
362 1578 88.1719
362 2299 31.9432
363 561 54.8231
363 1085 35.9556
363 2322 53.1835
364 1101 59.8933
364 2081 81.5798
364 2430 44.8105
365 749 89.3415
365 1021 22.1739
365 1882 43.1597
365 2652 53.0889
366 494 19.2118
366 1034 53.4427
366 2699 63.3274
367 864 36.0163
367 2370 31.9312
367 2450 26.8095
368 670 74.303
368 973 40.0832
369 578 59.9403
369 2579 55.2645
370 442 51.9874
370 1646 47.4688
370 1709 51.6679
370 2419 16.5839
370 2461 86.484
370 2504 44.6833
371 741 87.0444
371 1109 87.7464
371 2136 83.6156
372 455 47.2226
372 2368 139.148
372 2529 151.908
373 646 66.0383
373 772 112.238
373 828 68.2823
373 1215 26.9112
373 2018 43.7975
373 2617 35.0702
374 1001 82.1698
374 1047 60.3772
374 1901 72.2873
375 692 36.2934
375 1821 57.3434
375 2242 11.9698
376 873 86.4215
376 2168 73.4651
376 2345 77.237
377 935 38.8512
377 1065 76.1899
377 2049 46.8801
378 744 38.059
378 954 39.9536
378 2071 73.8569
378 2158 39.8581
378 2694 85.9013
379 1394 62.9671
379 2609 96.1885
379 2681 93.3403
380 586 42.8168
380 592 115.654
380 652 42.5186
380 1493 55.6189
381 1058 72.9058
381 2608 18.8057
382 1112 52.5397
382 1870 31.8126
382 2613 64.9445
383 1006 79.8294
383 1430 76.7995
383 1937 89.9369
383 2502 50.361
384 830 69.6918
384 1790 36.2427
385 2008 127.546
385 2604 136.079
386 407 52.7722
386 979 54.114
386 1558 40.6143
386 2198 18.3461
387 591 121.785
387 784 21.1627
388 501 27.6442
388 1219 40.5655
388 2003 115.665
388 2441 111.381
389 995 45.6461
389 1269 26.8456
389 1523 63.6836
389 1540 82.725
389 2476 82.8476
389 2697 64.3456
390 997 49.5237
390 1932 56.7871
390 2193 35.9347
390 2514 38.057
391 2185 23.2249
391 2250 14.0741
391 2708 59.3397
392 944 37.7508
392 1204 28.5179
392 1305 89.8853
392 2407 89.1275
393 1401 94.4716
393 1869 64.3357
393 2268 50.3596
393 2398 42.3581
393 2649 5.83366
394 543 48.6637
394 1170 18.6729
394 2038 18.4921
395 514 37.9169
395 1749 45.8475
395 2012 88.2072
395 2276 92.9205
396 512 25.2412
396 800 89.3585
396 2015 34.5893
396 2282 38.896
397 824 108.019
397 2279 114.309
397 2392 65.0142
398 473 16.0916
398 564 48.7848
398 1320 53.6354
399 607 31.3145
399 649 35.3504
399 2383 46.0377
399 2614 39.9361
400 903 53.9726
400 1379 68.0261
401 968 17.8176
401 2005 81.329
402 996 18.9545
402 1086 101.801
402 2112 49.5097
403 778 22.8292
403 2029 64.022
403 2281 38.4924
403 2581 74.0118
404 788 78.8469
404 926 72.9776
404 1563 50.2598
405 918 70.4405
405 1799 40.5781
405 2313 58.2124
406 518 53.309
406 755 62.0289
406 1895 46.3858
406 2123 72.4854
407 2173 59.0765
407 2198 34.416
408 624 97.493
408 955 22.3743
408 2019 106.542
409 506 21.1421
409 1062 68.6378
409 1633 56.4637
409 2249 58.5704
410 895 64.1047
410 1023 40.1716
410 1765 80.924
410 1971 98.1437
410 2468 120.075
411 440 31.5982
411 1475 38.7782
411 1642 42.2935
411 2356 28.9462
411 2466 28.9985
412 507 77.4802
412 2019 33.3879
413 641 48.698
413 1263 36.9461
413 1669 43.2498
413 2191 56.8088
413 2648 18.3606
414 1238 23.6167
414 2108 46.9626
414 2307 54.338
415 998 70.9311
415 1719 33.2559
415 2243 62.64
415 2330 17.6982
416 799 74.2647
416 1664 43.4947
416 2632 88.8316
417 1022 71.4433
417 1738 49.608
417 2632 16.7742
418 747 82.5974
418 1941 42.8641
418 2480 117.666
418 2706 131.925
419 844 77.1608
419 1413 30.4395
419 1703 63.0831
419 2711 75.3796
420 496 55.3547
420 570 58.3125
420 2610 53.6618
421 1177 30.2396
421 1484 47.6047
421 1577 34.8135
421 1661 63.3822
421 2185 62.9532
422 752 86.4748
422 1002 71.9392
422 1302 109.732
423 1471 11.449
423 2664 42.5759
424 448 50.7802
424 489 14.582
424 2500 43.8566
425 594 75.8182
425 1545 113.91
425 1927 46.2897
426 645 66.5215
426 994 38.0569
426 2509 82.9587
427 1410 65.9416
427 1960 72.7293
427 2592 112.257
428 434 35.2179
428 1648 68.6502
428 1755 56.491
428 2586 37.6232
429 640 27.9013
429 729 64.3288
429 851 75.9301
429 1632 95.3931
429 1648 102.851
430 1195 47.7256
430 1622 32.4266
430 2105 100.5
430 2290 106.231
430 2422 80.2529
431 1312 26.7375
431 2141 66.5241
431 2568 27.1499
432 550 44.4498
432 667 25.5118
433 1125 78.0432
433 1264 74.4484
433 1323 73.1735
433 1889 96.8629
433 2669 12.799
434 1755 21.0088
434 2303 140.555
434 2586 2.58629
435 1271 96.1128
435 1611 27.8143
435 1773 45.8848
436 905 70.9932
436 1003 46.3323
436 1671 32.7484
436 2275 30.7156
437 513 23.8747
437 2120 51.9637
438 669 110.883
438 1164 80.8149
438 2144 29.822
439 1041 79.0451
439 2036 109.883
439 2518 48.7519
440 1642 76.6625
440 2356 25.968
440 2466 24.9879
441 842 87.7905
441 1172 129.832
442 2461 41.5466
442 2504 46.0445
443 1097 52.6133
443 2177 46.9756
443 2473 61.5911
444 461 58.0649
444 1652 43.3406
444 2157 16.3036
445 1289 66.6471
445 2664 63.1983
446 999 41.392
446 1376 30.4753
446 1572 33.6653
446 1958 17.0672
446 2016 76.3364
447 677 32.3363
447 815 33.4551
448 489 51.2674
448 1050 71.9608
448 1226 60.889
448 1259 60.4921
448 1933 90.5649
449 1028 67.3238
449 1313 23.5657
449 1488 79.8065
449 1856 73.5187
449 2265 70.3642
450 754 19.8549
450 1424 33.0206
450 1549 31.8081
450 1784 37.4992
451 869 88.3249
451 1328 77.008
451 2143 37.6649
451 2390 76.1539
452 538 64.5284
452 1281 54.03
452 1763 39.3126
452 2420 80.3174
452 2527 103.852
453 717 60.325
453 1180 57.1062
453 1919 48.1128
454 2092 9.86757
454 2166 101.647
455 1292 109.063
455 2368 60.6882
456 2074 93.817
456 2386 39.215
456 2687 48.3341
456 1393 49.2735
457 612 71.3972
457 1507 132.756
457 2233 66.2283
458 2091 27.8007
458 2662 43.9446
458 2688 10.564
459 723 97.1677
459 1504 79.4886
459 2079 21.5788
459 2366 102.74
460 929 40.0386
460 1078 82.195
461 1652 18.8339
461 1956 56.8825
461 2157 53.1696
462 2183 22.4252
462 2301 78.7985
463 1558 100.868
463 1731 81.6213
463 2133 109.492
464 648 96.2984
464 861 68.5372
464 1828 65.5043
465 671 67.4487
465 1359 67.177
465 2190 72.9279
465 2620 68.8528
466 1451 61.4099
466 2067 50.2845
466 2272 48.6111
467 526 122.927
468 1059 98.2531
468 2305 29.5747
469 939 89.1599
469 1056 23.1286
469 1722 43.3631
470 1154 35.7385
470 1583 95.8706
470 1861 116.546
471 504 31.6286
471 1098 42.9695
472 1781 51.3624
472 2528 25.3442
473 564 41.8228
473 1320 54.5601
474 904 22.2346
474 911 54.5294
474 1000 64.1988
474 1994 95.8748
474 2151 81.7519
475 587 61.1288
475 930 77.1542
475 1604 30.8556
476 1398 63.8625
476 1812 86.4988
477 2498 99.3652
477 2651 15.1239
478 598 52.6936
478 1069 30.9983
478 2241 62.9676
479 574 42.6127
479 1789 25.163
479 2043 60.4009
480 926 82.1451
480 1285 40.326
480 2481 134.827
481 498 63.0472
481 664 51.675
481 1135 106.454
481 1684 54.0866
482 540 52.5854
482 841 41.3999
482 1342 94.1003
482 1370 13.1446
483 634 39.5235
483 1262 30.9619
483 1974 64.5051
484 675 63.6194
484 1520 75.502
484 2464 74.2532
485 588 98.1117
485 1771 69.6574
485 1807 117.452
486 547 73.4326
486 1201 66.8497
486 1414 51.0379
486 1739 78.5707
487 2444 102.186
487 2686 117.728
488 791 48.296
488 1198 83.3628
488 1490 72.8914
489 1050 80.2606
489 2500 56.6993
490 597 62.7128
490 969 92.3506
490 1246 54.6052
491 1591 134.195
491 2032 96.5974
491 2437 143.337
492 1203 77.2484
492 1754 75.0635
493 567 105.318
493 866 76.8161
493 913 64.0651
494 2699 75.4086
495 625 20.7343
495 1103 89.5612
495 1107 40.5509
495 1679 56.9012
495 1860 71.4107
496 570 41.9808
496 2610 83.0428
497 1081 50.4032
497 2208 48.3014
497 2456 40.4922
498 522 65.4973
498 568 70.9843
498 2206 19.0948
499 1097 56.7755
499 1580 66.1659
499 2042 38.3349
500 1927 97.7605
501 1219 61.4209
501 1978 119.098
501 1984 124.38
502 638 100.28
502 1389 81.6415
502 2570 52.4094
503 1235 81.4713
503 1267 38.716
503 1899 34.9833
503 2677 12.193
504 682 48.3056
504 1406 49.1716
504 2164 65.9627
505 630 31.9061
505 1068 31.6476
505 1096 93.5608
505 2443 45.1599
506 1062 101.763
506 1633 45.8776
506 2249 43.2611
507 2385 60.9637
507 2496 94.8074
508 1317 18.3332
508 1713 42.4231
508 2555 61.7231
508 2602 85.2797
509 626 57.6576
509 1880 47.8811
510 754 78.5306
510 1898 22.6357
511 1959 121.946
511 2474 84.3796
512 852 68.4433
512 1307 28.7828
512 2015 27.4557
512 2282 22.0393
513 846 55.389
514 1749 40.8892
514 2276 66.5683
514 2436 109.561
515 975 36.4171
515 987 31.3152
515 1417 82.5907
515 1477 48.5167
516 1237 47.9582
516 1995 34.7815
516 2698 73.0905
517 1546 65.9142
517 1623 39.8535
517 2680 55.1747
518 1895 38.2333
518 2389 82.2207
518 2686 74.3883
519 910 10.8205
519 1052 40.9398
519 2004 64.9082
519 2444 130.915
520 582 92.6953
520 752 93.8877
520 1302 100.22
521 1577 36.7603
521 1661 62.4058
521 2529 19.3713
522 1032 47.9064
522 1135 95.3241
523 1515 66.879
523 2089 62.2521
523 2162 16.8889
524 1626 18.559
524 2205 39.3235
525 1633 122.15
525 1954 128.19
525 2194 106.822
525 2249 126.054
526 991 50.8642
527 1051 49.1918
527 1182 49.5192
527 2351 80.8188
528 1508 10.0532
528 1586 71.7275
528 1640 95.1259
529 1743 154.243
529 2146 93.7241
529 2343 81.1854
529 2676 71.0513
530 886 91.4241
530 902 43.6096
530 1654 74.2084
530 2172 83.4252
531 728 35.5886
531 1193 102.936
531 1438 12.5043
531 2439 64.736
532 1109 81.2016
532 1156 55.9121
532 1801 104.639
533 601 30.7456
533 770 72.5551
533 1729 88.551
534 748 141.289
534 988 113.01
534 2522 71.6602
535 843 38.2609
535 1120 45.8728
535 2588 27.3916
536 1543 77.1527
536 1641 42.3901
536 2411 68.7727
536 2457 40.4245
536 2583 53.1583
537 706 49.1241
537 872 59.1077
537 1348 5.74313
537 1760 62.4125
537 2217 106.891
537 2280 14.3165
538 2420 53.5639
538 2527 114.148
539 666 67.3286
539 716 82.7005
539 2616 61.6003
540 1342 107.042
540 1370 75.6307
540 1601 56.6794
541 1119 116.685
541 2001 126.162
541 2477 103.745
542 566 79.0861
542 1091 85.7601
542 1793 63.5106
543 549 82.9596
543 1104 44.6233
543 1170 60.9677
543 2038 47.4489
544 1465 71.8102
544 2263 32.3752
544 2424 41.5671
545 621 134.101
545 704 101.863
546 1040 68.9303
546 1810 30.7127
547 776 51.4031
547 1274 35.1392
547 1739 92.1181
548 1856 78.1557
548 2265 82.5905
549 1578 54.1
549 1905 43.8998
550 667 46.0433
551 560 80.6641
551 2620 59.5268
552 1770 32.2345
552 2209 67.5836
552 2690 34.4047
553 580 14.2004
553 665 58.7354
553 1505 46.0084
553 1787 45.6253
554 1061 33.7299
554 1852 61.504
554 2133 34.5929
555 724 0.93744
555 894 50.3045
555 1101 20.885
556 729 46.7801
556 1381 40.0162
557 1292 75.6448
557 1319 84.8389
557 1481 34.3537
558 1982 104.919
558 2240 88.2523
559 721 85.7703
559 1288 85.9689
559 2542 73.3908
561 1085 63.6098
562 1378 114.95
562 1497 23.6048
563 748 199.429
563 899 53.2256
563 2420 45.0019
563 2421 32.3385
565 1266 4.56828
565 1712 75.1147
565 2371 54.6567
566 772 32.0486
566 877 50.3682
566 1091 85.9742
567 866 21.3572
567 1630 64.2476
568 735 36.8105
568 2206 44.4617
569 915 80.8643
569 1206 66.2739
569 1945 40.957
569 2487 53.3154
570 2610 78.5259
571 1672 50.2171
571 1863 95.0877
571 2366 73.5354
572 1830 77.409
572 1950 73.2246
573 1374 32.2322
573 1522 74.0345
573 2499 91.2082
574 1443 47.631
574 1789 48.0932
575 854 39.1757
575 2532 72.9654
576 732 40.5792
576 869 60.3352
576 2150 56.7343
577 610 79.1996
577 1354 67.3576
577 1834 62.2693
578 1692 67.3753
578 1952 35.4402
578 2550 57.0289
578 2579 5.78079
579 1388 16.5524
579 1702 108.581
579 1711 18.0516
580 665 90.0317
580 1505 61.2652
580 1787 52.01
581 679 53.6417
581 1111 4.23867
582 752 145.197
582 1150 109.636
583 1494 27.1891
583 1519 20.5382
583 2341 40.1651
583 1511 58.3569
584 1087 67.034
584 1655 34.6474
585 1231 122.978
585 2067 85.6459
585 2090 105.402
585 2272 52.9889
586 652 12.7787
586 812 15.3908
586 1493 109.819
586 2558 72.4768
587 1411 91.5818
587 1604 43.7335
587 2105 120.314
587 2290 88.7761
588 1771 70.7092
588 1807 59.7844
588 2515 107.968
589 766 41.2232
589 1818 23.7912
589 2262 106.122
589 2611 69.0688
590 622 29.5812
590 1202 19.1223
590 1243 78.6685
590 2337 88.3181
590 2530 79.9393
591 937 38.6371
591 2333 67.2474
592 736 120.238
592 1493 114.699
593 1068 73.582
593 2328 71.2096
593 2335 76.3976
593 2443 63.6408
594 1545 26.4037
595 1245 67.5747
595 1285 61.4259
595 1579 46.8782
595 2481 46.9382
596 814 55.3245
596 1213 43.1933
596 1792 32.9347
596 2064 45.7534
596 2246 68.4316
596 2424 87.8507
597 701 110.464
597 1562 27.3165
598 1069 28.7735
598 2241 27.0536
599 1138 47.0346
599 1339 43.9599
599 1785 39.5309
600 655 76.6864
600 1881 122.924
600 2022 37.0474
601 770 102.512
601 1729 49.0584
602 1136 45.7369
602 2239 100.332
602 2306 70.8793
603 1038 9.41946
603 1595 50.293
604 922 32.1434
604 986 61.8803
604 1794 51.477
604 2127 38.7359
605 1415 37.5309
605 1531 8.98377
605 1576 49.147
605 1965 59.6529
606 1083 76.2491
606 1798 79.9364
606 2475 13.1809
607 1160 48.3004
607 1190 29.8397
607 2383 26.3244
608 709 76.1238
608 1492 29.9937
609 1063 42.4906
609 2658 44.3454
610 1157 91.1004
610 1354 11.9238
610 1631 16.2385
610 1979 34.2563
611 989 16.6264
611 1057 99.9484
611 1408 180.969
611 1650 60.3637
611 2576 62.313
612 1675 47.724
612 2203 49.4876
613 720 81.5823
613 1980 93.0117
614 1114 63.4734
614 1129 46.7783
614 1918 38.2021
614 2313 67.1327
615 1803 58.8199
615 1822 45.1558
615 1924 56.4767
616 818 45.2054
616 873 23.8397
616 2122 18.609
617 803 35.6612
617 1165 73.0052
617 1362 96.0734
618 690 40.3062
618 1216 56.3792
618 1395 50.4464
618 1544 78.5466
618 2412 44.815
619 1292 111.999
619 1778 36.7475
619 2696 106.639
620 1020 42.075
620 1980 63.3135
621 1797 125.418
621 2425 44.9267
621 2660 94.3324
622 1202 51.5558
622 2530 99.3641
623 998 121.895
623 1279 76.8679
623 2334 66.778
624 2019 91.7696
625 1103 61.829
625 1107 69.7314
625 1679 50.3341
626 2139 54.3059
627 859 29.1489
627 1106 69.9475
627 1585 26.5775
628 1832 79.0509
628 1922 121.67
628 1984 64.3286
628 2003 133.316
629 1115 59.6825
629 1296 56.2072
629 2041 70.5199
629 2400 26.2592
630 1068 26.377
630 1618 23.8147
631 1179 30.4886
631 1323 73.6343
631 1892 29.1988
632 855 15.1837
632 1225 120.025
632 2111 45.8713
632 2315 26.1015
633 2312 54.765
634 1262 92.2179
634 1974 55.3954
635 962 82.9508
635 1284 62.2806
635 2453 30.998
636 1304 45.2664
636 1558 105.58
636 2198 98.7739
637 893 68.6976
637 1402 54.8328
637 1837 137.964
638 2261 109.164
639 687 21.0374
639 1963 64.1778
639 2700 44.6305
640 729 41.937
640 851 63.9373
641 1669 97.4758
641 2648 54.3051
642 804 30.6421
642 1362 28.9436
642 1967 42.2039
642 2012 48.6506
643 1073 135.257
643 1289 42.2153
643 1502 54.527
643 2664 67.6594
644 823 27.287
644 2378 62.0013
645 994 83.5864
645 1720 46.8093
646 699 65.7844
646 828 28.9359
646 1762 99.8667
647 1077 57.7093
647 1801 74.3334
647 2432 47.0746
648 861 5.34512
648 970 51.997
648 1828 20.958
648 2099 55.4237
648 2353 58.8089
649 2383 65.7031
649 2614 62.7926
650 1670 60.013
650 2268 43.0198
650 2398 90.2938
651 1900 13.7277
651 2137 58.7156
651 2361 82.5514
652 812 28.1635
652 1493 70.6423
653 1261 73.7842
653 1344 54.9815
653 2116 55.3534
653 2626 59.6802
654 816 57.3704
654 2228 113.925
655 1310 62.413
655 1881 16.3918
655 2022 58.8026
656 1733 41.5889
656 2220 61.7164
656 2413 76.193
656 2707 30.1715
657 659 90.9879
657 730 98.6369
657 986 78.8451
657 1545 79.329
658 848 20.2413
658 1678 55.0653
658 2490 58.7791
658 1875 57.7095
659 922 52.0475
659 1169 43.4262
659 1990 68.8997
660 965 104.536
660 980 17.8658
660 1060 53.0974
660 1150 37.696
660 1529 55.8079
660 1596 32.1736
661 1210 15.6744
661 1255 65.5916
661 1483 42.0937
661 1616 60.4779
661 2046 42.6445
662 1087 47.9219
662 1582 18.1724
662 1625 54.6997
662 1655 42.0391
663 1829 38.6317
663 2500 71.9771
664 1684 27.367
664 2206 85.0116
665 2524 30.0378
666 2435 83.6381
667 1448 61.3218
668 1849 35.4994
668 2057 61.6117
668 2218 59.8276
669 747 42.2529
669 1806 51.0822
670 973 58.9288
670 1950 92.8985
671 1359 4.87167
671 2517 62.0525
672 920 51.2145
672 1800 67.1253
672 1910 69.1141
672 2478 49.2303
673 1698 44.2616
673 2404 31.9269
674 813 108.524
674 1653 65.8981
674 2117 43.5175
675 2464 49.4471
675 2695 93.2808
676 746 21.7689
676 1901 46.938
676 2598 49.2465
677 815 57.7055
677 1132 90.3398
677 2678 24.275
678 1239 128.648
678 1360 67.848
678 1630 144.347
679 1111 46.675
679 1450 34.5827
680 1744 34.7902
680 2448 23.7915
680 2612 22.227
681 1115 72.7787
681 2571 89.9155
682 1406 53.2916
682 2164 78.6748
683 1004 34.4237
683 2101 108.671
683 2604 54.4171
684 993 57.3496
684 1337 64.9193
684 1595 50.6595
684 1844 104.484
684 1996 55.988
685 2093 44.4136
685 2286 70.6162
685 2654 76.9993
686 1198 143.243
686 1489 107.691
686 1598 75.0805
686 2455 46.0259
687 1963 93.5752
687 2355 60.0484
687 2700 72.006
688 971 40.4149
688 1855 90.8539
689 901 24.487
689 1218 29.728
689 1635 41.2966
689 1764 8.50565
690 1544 101.417
690 2040 107.353
690 2412 52.1137
691 932 117.793
691 949 68.6796
691 1316 92.5475
691 2298 82.8827
691 2484 77.0302
692 2242 50.9048
693 888 55.2707
693 1602 25.2525
693 1824 47.1563
694 920 37.6937
694 2032 60.4139
695 1816 29.2399
695 2154 26.8059
695 2323 41.4274
696 2385 30.1687
696 2496 70.72
696 2560 7.15959
697 1872 95.6212
697 2498 83.8414
697 2651 149.068
698 1199 60.4755
698 1357 43.8034
698 2213 62.4997
699 828 24.6286
699 1762 48.6181
699 2256 88.575
700 1311 78.815
700 2106 35.6232
700 2231 35.3901
701 1562 64.4269
701 2519 73.8446
702 1361 68.3082
702 1364 23.3103
702 1450 51.1137
702 1600 60.0849
703 1209 11.9451
703 1345 69.7738
703 2674 23.435
704 1253 44.9071
704 2487 87.1183
705 839 71.5051
705 1432 37.6351
706 1072 50.4822
706 1348 40.9074
706 1760 7.87263
706 1809 66.9317
707 1638 32.3653
707 1796 111.584
707 1820 81.747
707 2048 104.466
708 1391 84.88
708 1470 42.9716
708 2445 47.3361
708 2516 60.8419
709 866 75.0688
709 2005 117.722
710 1334 107.196
710 2254 55.2826
711 865 68.6473
711 2026 57.1019
711 2591 16.1061
712 984 53.5642
712 1580 55.9791
712 1714 57.8648
712 2296 101.939
713 825 61.8721
713 1248 107.935
713 1286 46.9988
713 1865 65.7058
714 1029 51.4517
714 1186 102.874
714 1563 72.9084
714 2402 91.4688
715 1380 43.9124
715 1463 63.6431
715 1674 83.358
716 1017 75.1294
717 1180 90.811
717 2179 85.3373
718 819 20.4997
718 1016 122.038
718 1139 83.2361
718 1329 86.7211
718 2683 65.2469
719 1629 55.4598
719 2126 24.173
719 2148 79.6256
719 2376 82.2216
719 2551 51.454
720 1512 41.5095
720 1532 53.5857
721 1486 96.3541
721 2542 4.96758
722 1088 66.4203
722 1377 40.9399
722 2031 36.521
722 2643 48.8712
723 1639 71.7456
723 1982 65.9151
723 2079 63.8579
724 894 44.3613
724 1101 30.862
724 1624 56.8156
725 1747 29.7601
725 2647 32.0348
726 1737 104.418
726 2072 59.4453
726 2077 75.4451
726 2106 114.354
727 1332 78.2081
727 1753 42.878
727 2036 88.9274
728 1233 82.6597
728 1438 22.8882
730 1660 73.8516
731 813 63.6719
731 1943 15.394
731 2014 84.8128
731 2472 105.927
732 1609 49.9513
733 1647 59.2885
733 1884 31.7369
733 2375 25.0531
733 2397 37.7325
734 1183 58.2261
734 1375 102.959
734 1621 14.6587
735 1228 60.8428
735 2206 68.5436
736 1493 95.2923
736 1767 93.5704
737 1272 76.0332
737 1567 25.2259
737 1721 73.937
738 1732 47.6582
738 2100 51.9264
739 744 29.8191
739 886 37.6019
739 902 65.3538
739 954 49.3342
739 1843 40.7484
739 2062 109.458
740 1983 94.6405
740 2104 95.2421
740 2364 70.0035
740 2451 33.4638
740 2511 78.7476
741 1109 46.9195
742 744 91.9958
742 954 126.295
742 1843 90.2245
743 1555 22.955
743 2202 97.727
744 954 21.305
745 976 46.0094
745 1030 30.6471
745 1573 76.9219
745 2486 76.5968
746 1032 107.26
746 2115 55.3753
746 2365 57.2917
746 2598 66.1079
747 1806 59.7211
748 1244 142.078
749 1697 68.7636
749 2360 50.6701
750 763 66.2644
750 1241 68.7368
750 2506 58.5478
751 1212 63.836
751 2129 42.293
751 2320 61.9515
752 2229 103.6
753 779 93.3413
753 790 53.6845
753 1659 68.9384
754 1549 47.2107
754 1898 62.4286
755 1895 76.9711
755 2123 78.5644
756 1384 75.6723
756 1827 80.4307
756 2054 32.8679
756 2665 51.3139
757 1180 54.2586
757 1735 23.0025
757 2179 35.7122
758 1538 43.9975
758 1836 37.282
758 2189 90.613
759 1936 33.1953
759 2405 48.3593
760 1416 85.8135
760 1454 19.6326
760 1812 130.322
761 1217 57.6736
761 2184 79.4147
762 1001 33.4678
762 1901 105.277
762 2115 90.735
763 767 91.6528
763 1382 19.5153
763 1854 74.8441
763 2024 40.4845
763 2442 33.3999
764 1171 69.4749
764 1251 32.2598
765 1705 36.2161
765 2008 21.4802
765 2432 111.327
766 1751 35.2573
766 1818 51.3051
766 2029 70.4625
766 2611 70.0071
766 2659 61.8678
767 1382 70.6846
767 2024 30.9209
768 921 60.3923
768 1718 51.5468
768 2296 91.7371
769 835 20.6706
769 1877 12.8165
769 1880 40.0198
770 982 58.5303
770 1729 52.2028
770 2367 64.1939
770 2438 43.7221
771 1007 33.4542
771 1903 68.7839
771 2017 31.6815
771 2087 52.3925
771 2384 79.2751
771 2673 64.746
772 1215 88.1165
773 1040 83.4827
774 1761 112.954
774 2113 39.0795
774 2199 38.4337
775 1506 35.2715
775 1808 49.9085
775 1902 50.7451
775 2140 57.7196
775 2569 25.4753
776 1274 40.0541
776 1756 56.7129
776 2232 25.0168
777 2023 9.39458
777 2354 62.8922
778 997 71.2478
778 2281 35.5859
779 790 37.2497
780 1469 92.4623
780 1913 32.8319
780 2352 59.2612
780 2557 36.7455
780 2703 12.4175
781 1392 33.9777
781 1448 39.2552
781 1660 28.9185
781 1851 97.9085
781 2672 74.5537
782 1094 26.6596
782 1817 45.1644
782 2124 66.2338
782 2567 73.9573
783 996 110.043
783 1446 43.2701
783 1692 82.1566
784 1729 140.424
785 1361 44.2087
785 1600 66.0259
786 1885 102.149
786 2147 52.3675
786 2310 83.3191
787 972 89.9434
787 1220 103.594
787 2440 37.9198
788 926 67.1092
788 2558 51.0607
789 1699 99.327
789 1712 69.8401
789 2600 44.9235
791 1198 57.0855
792 2309 39.2545
792 2316 13.679
793 1148 54.9095
793 1214 70.7889
793 1272 89.8096
794 1581 56.443
794 1888 36.8428
794 1938 72.82
794 2344 35.1357
795 1045 38.6229
795 2147 29.9141
795 2310 43.8403
796 1403 44.1282
796 2302 35.2296
796 2705 13.8946
797 1487 65.1063
797 1551 55.0252
797 1612 88.654
797 2332 29.4634
798 1108 20.0593
798 1400 18.7449
798 2156 31.5278
798 2539 97.1731
798 2685 45.044
799 2609 60.6657
799 2681 50.3916
800 1302 75.9747
800 2282 70.873
801 1044 20.4757
801 2284 26.6363
801 2363 11.1865
802 1090 71.5259
802 1460 77.2664
802 2043 39.9764
802 2319 29.4788
803 1165 85.1187
803 2044 111.981
804 1362 95.2467
804 2012 70.7548
805 946 53.1181
805 1412 48.418
805 1708 54.8805
806 1813 37.9525
806 2065 16.4223
806 2159 33.7715
807 963 28.5542
807 1189 44.6491
807 2391 23.2166
808 2226 90.9601
808 2467 5.0146
809 1390 27.6251
809 2214 72.349
809 2654 63.405
810 862 125.976
810 1405 118.008
810 1866 104.359
811 1093 54.4768
811 1247 79.7049
811 1287 18.0749
812 2558 38.5227
813 1159 75.6923
813 1229 102.183
813 1653 40.951
813 1701 48.5219
813 1943 33.5022
814 2064 25.5259
814 2424 47.4882
815 1327 44.154
816 884 35.288
816 2396 47.4141
817 2009 110.94
817 2201 77.9462
817 2613 69.6873
818 873 67.487
818 2122 63.3698
818 2168 106.175
819 1016 68.0143
819 1329 83.3607
819 1407 74.6708
819 2683 83.9875
820 879 87.3887
820 2174 85.8373
820 2261 69.5335
821 947 82.9504
821 1381 71.5476
822 1140 56.9284
822 1649 44.0153
822 1699 39.9902
823 1923 56.8902
823 1955 40.2754
823 2378 26.7828
824 1064 25.5143
824 2279 87.792
824 2392 28.2841
825 1286 33.2478
826 934 135.489
826 1123 87.1296
827 934 81.6306
827 938 66.4803
827 1123 99.7327
827 1922 101.569
828 1762 62.3174
829 1065 60.4433
829 1095 16.7466
829 2418 58.1753
830 1058 102.59
830 1790 46.866
831 1054 23.2654
831 1733 38.5646
831 1752 16.6174
831 1823 75.4739
831 2220 48.0148
832 1216 65.2956
832 1608 16.6814
832 1887 63.4228
832 2059 63.9363
833 1009 52.0845
833 1260 56.5489
833 2618 85.6088
834 1598 52.1763
834 1782 34.4549
835 1877 26.1273
835 1880 16.3377
836 2238 81.8996
837 1075 5.26182
837 1181 33.6935
837 2561 20.3845
838 1740 92.4986
838 2021 25.4815
838 2192 48.9549
838 2238 71.258
839 1432 92.4942
839 2545 78.2431
840 1759 74.21
840 2578 96.3863
841 1370 75.2565
841 2574 45.5274
842 1482 71.2231
842 1966 109.86
843 1120 49.3121
843 1758 43.3302
844 1570 69.9473
844 2615 66.8827
845 1151 36.804
845 1657 17.8887
845 2342 35.4144
846 1659 72.0238
847 1122 55.8684
847 2446 116.674
847 2493 72.3288
848 1678 64.0158
848 2490 63.107
849 1300 44.8482
849 1636 70.2687
849 2044 56.9857
849 2503 51.0517
850 1437 52.9316
850 2405 56.4266
851 1648 73.5281
852 1867 54.1976
852 2015 30.9535
853 1058 57.3603
853 1666 7.89789
853 2562 113.259
855 1225 88.3185
855 2111 43.0465
855 2315 23.098
856 936 100.102
856 1548 110.592
857 1411 44.6586
857 1467 60.3077
857 2252 58.307
858 1183 94.3039
858 1587 103.806
858 2694 67.8103
859 1089 60.3964
859 1585 71.6365
860 1134 52.5187
860 1779 8.41883
860 2216 68.1708
861 1828 19.4127
861 2099 60.7862
862 1590 64.8112
862 2292 77.3491
863 1802 7.84113
863 1837 79.2965
863 1935 131.986
863 2595 114.627
864 2450 74.1733
865 2026 13.6455
865 2083 40.8386
865 2591 64.261
866 913 85.6248
867 1008 76.6417
867 2180 40.9119
867 2495 98.1997
868 1565 26.2356
868 1848 22.7673
868 2210 63.3773
869 2150 39.3238
870 1853 53.9372
871 958 86.7131
871 1173 49.9262
871 1194 80.9201
871 1503 61.4332
872 916 57.0208
872 1418 74.6983
872 2280 37.3498
873 2122 40.8218
873 2168 104.418
874 1294 44.6666
874 2213 34.2583
875 1298 37.0893
875 1436 75.9494
875 2326 41.4891
876 1615 26.6753
876 1795 63.7001
876 2370 73.3189
877 1793 68.5066
877 2009 43.7851
877 2201 60.005
878 952 40.8235
878 2040 76.7195
879 1031 40.959
879 1862 23.9805
879 2624 53.697
880 927 86.4145
880 1024 73.493
880 1761 67.5452
880 2533 56.1293
881 1276 17.564
881 2053 30.1125
881 2134 24.3538
882 928 69.5239
882 1617 47.7301
882 2234 92.2903
882 2240 86.3398
883 1083 33.8864
883 1308 49.2314
883 1896 74.1521
884 2055 35.4349
884 2396 50.1734
885 1959 73.7107
885 2088 12.5423
885 2474 46.0174
886 902 36.1479
886 1155 40.2351
886 1654 62.7264
887 1363 56.3853
887 1741 86.3953
887 1825 9.59155
887 2502 38.507
887 2559 17.3
888 1500 47.8654
889 957 26.5771
889 2414 18.3784
890 1259 62.0019
890 1635 39.2744
890 1846 30.1265
891 1080 54.5931
891 1222 21.9798
891 1527 85.6227
891 2287 81.3319
892 910 130.69
892 2004 70.6584
892 2574 105.269
893 1402 18.9959
893 1962 80.8118
894 1101 36.6586
894 1624 63.4214
895 1023 43.6445
895 1076 83.5086
896 1003 20.5162
896 1848 49.9268
896 2170 87.1799
896 2275 58.2004
897 1560 14.71
897 1754 74.5194
897 1947 40.3284
898 1993 92.254
898 2225 45.7668
899 1478 22.4986
899 2421 16.9964
900 990 94.8651
900 1970 93.9295
900 2235 61.5061
901 1218 32.2686
901 1764 34.9403
901 2410 56.2942
902 1155 52.6191
903 1379 54.3464
903 2122 42.9271
904 1994 109.462
904 2145 54.2854
904 2151 52.4729
905 1210 55.0979
905 1671 24.4588
905 2210 38.8468
906 1518 149.177
906 2204 52.5744
906 2271 46.0285
906 2277 52.3649
906 2308 133.275
907 2128 47.7467
907 2217 90.4994
907 2589 37.3307
908 1443 58.9458
908 1890 30.7923
908 2675 90.0245
908 2691 58.2505
909 1587 37.8301
909 2357 54.6403
909 2489 43.5545
910 1052 39.5882
910 2004 45.8145
911 1000 13.1801
911 1394 79.4708
912 1961 55.6597
912 2431 73.1581
912 2693 106.161
913 1630 32.4824
914 1236 56.1251
914 1385 109.281
914 1511 78.2336
914 2155 52.5854
914 2326 69.9047
915 1206 94.7616
916 1207 30.9134
916 1418 111.155
916 2280 71.3153
917 1476 60.8542
917 2111 43.8112
917 2315 26.2989
918 1234 67.8097
918 1799 81.7268
918 2369 29.1647
919 1133 49.8518
919 1673 80.5684
919 1842 49.5976
920 2478 73.9774
921 1676 69.3841
921 1718 99.4761
922 1169 29.5875
923 1439 33.0753
923 2541 41.7499
924 2346 55.4047
924 2505 67.4036
924 2507 47.9327
925 1318 29.7027
925 1678 24.9305
925 2490 90.9162
927 1015 26.7281
927 1208 20.1783
927 2533 38.6029
929 1078 74.2678
930 2247 82.738
931 1684 67.5729
931 1716 16.6179
931 2656 92.6081
932 1005 52.5559
932 1316 14.8731
933 1624 86.2052
933 1998 88.4692
933 2430 40.4289
934 1123 6.28902
934 1194 45.3158
935 2049 85.8853
936 1351 95.97
936 1548 11.6357
937 2333 112.993
937 2429 78.394
938 2207 97.9106
939 1722 41.4271
940 1787 63.1262
940 2587 73.5935
941 2130 84.6467
941 2329 60.84
942 1875 18.6611
942 2324 46.1456
942 2657 35.0329
943 1536 38.3655
943 1551 91.8098
943 2274 67.8243
944 1010 75.6611
944 1204 52.0805
944 1305 75.2513
944 2407 57.2238
945 953 18.3044
945 1969 36.2418
945 2076 60.8993
945 2638 25.8366
946 1412 80.5604
947 1178 48.3499
948 1103 76.5611
948 1363 64.3066
948 1741 97.4558
949 2357 99.1381
949 2484 98.0596
950 1202 58.0075
950 1422 83.8276
950 2337 79.1056
951 1211 56.2998
951 1358 69.1228
952 2040 74.1111
952 2320 82.1991
953 1969 34.9154
953 2076 42.8183
953 2638 10.952
954 2158 64.1076
954 2694 59.8667
955 2019 81.7069
956 1104 26.5382
956 2299 19.5226
956 2661 46.1272
957 2414 17.902
957 2131 48.7575
958 1091 22.2291
958 1503 8.76709
959 1080 98.4099
959 2287 46.2939
960 2331 74.302
961 1588 42.9826
961 1814 86.9187
961 2575 72.2351
962 1322 14.4738
962 2293 61.9202
962 2453 41.5792
963 1189 57.2773
963 1238 58.9413
963 1715 107.013
963 2025 124.961
964 1606 79.2971
964 2120 77.0872
965 1060 27.4592
965 2400 81.1939
966 1332 37.1624
966 1547 21.1716
966 1753 76.19
966 2255 44.0123
967 1386 51.3934
967 2531 108.767
968 2005 93.4395
969 2101 37.0866
969 2604 73.368
970 1083 35.3163
970 1308 32.5159
970 1828 40.7528
970 1850 26.3192
970 2353 78.8056
972 1055 46.1981
972 2322 59.0926
973 2256 115.303
974 1268 55.4405
974 1305 52.0136
974 2055 68.1059
975 987 35.7517
975 1409 41.4994
977 1237 83.8845
978 1175 24.1396
978 1566 35.854
979 1847 95.856
979 1940 58.1724
979 2148 71.7278
980 1529 37.0135
980 1596 39.1943
981 982 69.9737
981 1474 65.1783
981 2367 49.8498
981 2438 38.3839
982 2367 6.77331
982 2438 54.8526
983 1102 60.254
983 1184 62.1095
983 1421 8.27724
983 1706 98.571
983 2095 6.43479
984 2296 38.2596
985 2080 54.7344
985 2241 124.128
986 1794 49.8187
986 2127 16.156
987 1409 108.271
987 1477 78.6601
988 1817 86.2497
988 2522 59.1578
989 1650 68.783
989 2576 26.3568
990 1970 41.7841
990 2181 57.8279
990 2235 110.544
990 2244 76.5285
991 1167 72.2275
991 1651 121.082
992 1163 46.577
992 1442 91.1475
992 1586 56.6351
992 1677 32.2717
993 1346 108.972
993 1552 71.7081
993 1844 54.3067
994 1663 64.7321
994 2509 47.3708
994 2593 85.0202
995 1269 47.1478
995 1540 24.0298
995 2697 60.0873
996 1086 106.315
996 2112 73.3207
997 2193 31.9912
997 2281 85.695
998 1719 69.5917
998 2330 77.8956
998 2561 66.2046
999 1376 27.9588
999 1606 63.3836
999 1958 27.7431
999 2016 95.6767
999 2426 57.1228
1000 1394 77.6439
1001 1901 79.533
1002 1026 65.6156
1002 2349 64.2467
1003 1325 75.1217
1003 2275 52.5407
1004 2101 90.805
1004 2604 28.4668
1005 1316 39.777
1005 1865 114.744
1006 1937 38.5143
1007 2017 28.8139
1007 2087 64.2877
1007 2642 68.7739
1008 1146 69.447
1008 1491 31.4782
1008 2082 90.6627
1009 2524 59.6905
1010 2407 42.437
1011 1149 16.5751
1011 1244 62.0516
1011 2353 84.8445
1012 1095 52.8221
1012 1561 68.6175
1013 1645 43.697
1013 1747 69.3932
1013 2171 46.9592
1014 1066 112.75
1014 1917 110.189
1014 2033 117.545
1015 1208 52.108
1015 2325 62.8146
1015 2533 16.0013
1017 1616 130.001
1017 2020 107.168
1018 1254 8.34538
1018 1725 44.5682
1019 1336 33.7124
1019 1744 90.1394
1019 2051 82.1882
1019 2258 123.494
1020 1980 54.841
1021 1882 20.7534
1021 2597 105.908
1021 2652 36.3847
1022 2632 69.2399
1023 1076 65.8985
1024 1092 48.1524
1024 1761 35.0872
1024 2709 51.7235
1025 1221 56.07
1025 1440 41.0987
1025 2334 73.558
1026 1302 63.1979
1026 2349 19.1348
1027 1309 92.4631
1027 1857 55.3372
1028 1313 32.2872
1029 1777 44.5231
1029 2402 18.279
1030 1268 54.6093
1030 2283 54.9253
1031 1862 51.5896
1031 2261 106.004
1032 1135 45.0104
1033 1539 76.5184
1033 1942 126.957
1033 2650 87.5879
1034 1690 65.6404
1034 2154 80.0077
1035 2212 56.9914
1035 2278 20.3441
1035 2578 77.2792
1036 1501 59.2292
1036 1874 30.2739
1036 2479 89.2316
1037 1658 64.2963
1037 2002 36.1162
1037 2099 59.4052
1038 1595 94.0865
1039 1353 33.9392
1039 1478 24.8215
1039 1878 32.4197
1040 1810 78.0863
1041 1632 52.4836
1041 2518 8.68002
1042 1137 48.1083
1042 1772 90.0464
1042 1946 68.4873
1042 2415 32.1943
1043 1242 22.9594
1043 1510 83.3402
1043 1564 17.734
1044 1168 62.5996
1044 2284 48.8444
1044 2363 17.6032
1045 2147 99.7856
1045 2310 76.9881
1045 2555 75.691
1046 2263 116.094
1046 2450 136.597
1047 2291 71.9486
1047 2687 71.5182
1048 2580 62.3738
1048 2590 69.5433
1049 1200 74.675
1049 1235 47.7436
1049 2196 67.805
1050 1933 2.46122
1051 1182 17.1589
1051 2351 24.4638
1052 2004 75.1976
1053 1474 39.0225
1053 1925 36.2503
1053 2161 56.8708
1053 2202 92.3935
1054 1733 37.6619
1054 1752 37.9687
1054 1823 80.0583
1054 2220 24.7926
1055 1998 78.0649
1056 1722 66.7475
1057 1408 103.785
1057 2109 132.935
1058 1666 45.9381
1058 2562 63.1762
1059 2305 59.5747
1059 2635 53.6561
1060 1150 64.72
1061 1507 50.1567
1061 2133 21.7366
1062 2249 42.6972
1063 1639 18.7042
1063 1982 58.9237
1063 2361 40.0742
1064 2054 80.4123
1064 2279 64.4157
1064 2392 59.0049
1065 1145 39.1251
1065 2049 60.7198
1065 2418 10.5814
1066 1917 88.0647
1066 2033 141.421
1066 2594 87.4801
1067 1217 60.2556
1067 1557 35.5656
1067 2644 39.9006
1068 1618 23.8691
1068 2443 14.3498
1069 2241 47.3404
1070 1071 49.5033
1070 1397 13.4253
1070 1461 77.5023
1071 1171 49.9704
1071 1397 86.0828
1071 1461 13.4802
1071 2318 62.3021
1072 1207 76.7857
1072 1760 73.6837
1072 1776 50.3301
1073 1502 123.748
1073 2362 59.3756
1074 1156 74.8824
1074 1270 34.5809
1074 2102 8.31156
1075 1181 40.3577
1075 2561 30.0721
1076 1781 66.6071
1077 1214 61.2193
1077 1801 36.6528
1077 2432 50.5129
1078 1953 56.8739
1078 2121 110.507
1079 1165 33.6144
1079 1187 36.0517
1079 2503 50.0713
1080 2287 50.2998
1081 1964 45.2675
1081 2248 86.2178
1082 1750 21.5517
1082 1886 71.0697
1083 1308 13.085
1083 1850 12.8535
1083 2475 114.572
1084 1282 35.6954
1084 2286 92.0229
1086 2112 35.0393
1086 2491 85.8859
1087 1423 11.0712
1087 1655 45.3804
1087 2070 56.4672
1087 2679 56.6126
1088 2031 44.3428
1088 2190 79.9395
1089 2347 33.4831
1089 2623 56.1031
1090 1457 27.5896
1090 2167 39.5643
1091 1503 34.9015
1092 1995 86.343
1092 2709 23.0622
1093 1287 37.4418
1093 1415 96.2304
1094 1817 29.2191
1094 2124 49.6604
1094 2567 59.1777
1095 2418 104.482
1096 2194 36.2513
1097 1331 74.9806
1097 2042 24.4394
1098 1310 29.0043
1098 1340 44.0837
1098 2311 37.9677
1098 2454 44.1287
1099 1745 56.6995
1099 2119 74.2099
1099 2458 82.0224
1099 2666 81.3435
1100 1192 42.7378
1100 2066 84.3747
1100 2544 78.1238
1101 1624 53.8467
1102 1421 42.3968
1102 1706 52.1259
1102 2095 53.5102
1104 2299 27.615
1105 1694 37.6799
1105 1786 82.7472
1105 1897 64.053
1105 2109 30.2479
1106 1468 46.1871
1106 1585 24.0667
1107 1594 34.105
1107 1679 72.4327
1107 1860 16.1909
1107 2348 80.1009
1108 1400 13.262
1108 2156 23.3745
1108 2497 53.226
1109 1156 16.015
1110 1845 7.34062
1110 2039 74.9016
1110 2131 39.2086
1112 1700 69.2143
1112 1870 17.6139
1113 2169 12.6136
1113 2331 56.2419
1113 2510 6.15147
1114 1349 88.8398
1114 1509 92.0472
1114 2369 108.046
1116 1553 106.373
1116 2027 73.5585
1116 2525 87.98
1117 1497 32.3089
1118 1124 30.9791
1118 1568 33.1282
1118 2682 49.7535
1119 1432 80.2292
1119 2001 98.3865
1120 1758 46.8754
1121 1224 45.3072
1121 1736 68.8184
1121 1849 73.2748
1121 2616 103.536
1122 2446 40.3119
1122 2493 24.1005
1123 1194 36.8443
1124 1809 57.2979
1124 2682 56.466
1125 1264 38.1018
1125 1559 75.215
1125 1683 65.785
1125 2449 56.0967
1125 2669 74.131
1126 1191 89.485
1126 1398 72.0791
1126 1791 49.2937
1127 1252 75.6946
1127 1628 24.1733
1127 2610 86.0279
1128 1243 64.8779
1128 1523 35.0258
1128 2530 93.5825
1129 1918 72.2479
1130 2086 72.747
1130 2646 60.9775
1131 2547 62.8232
1131 2647 65.2639
1132 1228 62.4674
1132 1327 78.9685
1132 2678 51.1904
1133 1231 27.519
1133 1673 59.8435
1133 1842 90.2735
1133 2067 44.2052
1134 1527 47.7093
1134 1779 61.2024
1134 2216 35.8012
1134 2447 76.7283
1135 1621 77.0363
1136 2306 76.7943
1136 2658 60.6924
1137 2303 110.649
1137 2415 74.1288
1138 1707 54.5738
1138 1768 74.5923
1138 1785 39.2206
1139 1473 133.803
1139 2683 113.097
1140 1644 56.648
1140 1699 22.8672
1141 1776 72.6494
1141 2307 65.7536
1141 2645 48.2151
1142 1489 23.8819
1142 2380 34.6378
1142 2455 32.8757
1143 1634 123.666
1143 2007 88.858
1143 2176 42.8759
1144 2411 100.519
1144 2583 74.6714
1145 2318 74.2772
1145 2418 27.745
1146 1491 51.052
1146 1513 56.5105
1147 1875 95.4892
1147 2211 61.3025
1147 2684 76.5926
1148 1272 9.24696
1148 2712 56.8916
1149 1244 67.835
1149 2353 97.692
1150 1596 55.5288
1151 1657 64.6455
1151 2300 84.5233
1151 2342 33.2834
1152 1419 51.7651
1152 2060 20.7143
1153 1439 59.7831
1153 1725 49.9027
1153 2232 67.7564
1154 1445 87.9356
1154 1452 126.613
1154 1583 32.1623
1155 1654 35.2283
1155 2071 43.4432
1155 2165 69.1478
1156 2102 63.0566
1157 1221 107.915
1157 1979 26.0858
1158 1350 51.0251
1158 1988 46.6516
1159 1586 74.9461
1159 1701 38.3755
1160 1190 8.96084
1161 2237 41.2601
1161 2379 37.2977
1161 2565 60.7491
1162 1939 72.6286
1162 2096 117.14
1162 2243 75.1688
1163 1586 74.0237
1163 1677 109.841
1164 1578 48.8024
1164 2144 78.7922
1165 1187 91.5426
1165 2547 69.1503
1166 1778 55.2668
1166 2197 51.7789
1166 2494 21.6894
1167 1651 5.44504
1167 1819 25.0871
1168 2063 48.2643
1168 2607 39.8721
1168 2636 92.4754
1169 1990 26.4253
1169 2000 61.9859
1169 2459 34.2478
1170 2038 11.9558
1171 1461 41.8768
1172 2265 106.847
1172 2544 65.1568
1173 1372 77.034
1173 2395 70.4819
1173 2601 83.3515
1174 1734 54.6873
1174 2061 75.1825
1174 2224 43.7559
1174 2549 69.6185
1174 2692 56.3962
1175 1566 51.8234
1175 2501 63.5037
1176 1218 55.555
1176 1480 21.6376
1176 1637 15.3285
1176 2336 56.1636
1177 1484 50.8602
1177 1661 75.6353
1177 2469 77.6027
1178 1427 107.648
1178 2170 75.3216
1179 1323 44.3487
1179 1892 20.4318
1180 1906 40.981
1180 2179 70.0832
1181 2561 51.4394
1182 2351 35.9339
1183 1375 43.5001
1184 1421 55.2466
1184 2095 48.1523
1184 2486 91.0355
1185 1324 83.1052
1185 1726 66.6931
1186 1777 95.1071
1187 2503 27.808
1188 1689 98.6644
1188 2340 90.3883
1189 1238 63.4378
1190 2614 59.5293
1191 1234 109.97
1191 1791 59.8572
1192 1417 49.6353
1192 2544 44.4547
1193 1859 91.9201
1193 2535 110.439
1195 1249 35.6117
1195 1622 79.9745
1195 1832 58.0549
1195 2422 17.5864
1196 1391 83.1944
1196 1430 20.0242
1196 1825 62.5022
1196 2502 21.0689
1197 1757 11.2581
1197 2145 50.4382
1197 2151 44.0179
1197 2381 78.7827
1199 1294 34.6914
1200 1267 53.5506
1200 1899 26.8043
1201 1414 116.577
1201 1739 68.4015
1201 1978 152.45
1201 2623 74.0619
1202 2337 60.5225
1203 1658 84.008
1203 2527 73.9016
1204 2407 65.1387
1204 1667 78.418
1205 1556 34.0876
1205 1784 43.0655
1205 2537 25.5338
1206 2487 91.0553
1207 1713 65.4695
1208 1644 54.2697
1208 1908 74.1039
1208 2585 45.0438
1209 2674 24.0466
1210 1616 63.4867
1210 2046 58.4334
1211 1443 49.3867
1211 2675 36.266
1212 2129 24.6712
1212 2553 72.0247
1212 2577 89.2009
1213 1465 116.039
1213 2346 72.3449
1214 1801 42.8141
1215 2018 53.9486
1215 2617 39.5914
1216 1395 32.4601
1216 1608 37.4521
1216 2412 65.4075
1217 2184 40.2105
1218 1480 19.0974
1218 1637 31.4266
1218 2410 56.4321
1219 2003 48.4297
1220 2440 40.8766
1220 2590 50.9722
1221 1965 66.021
1222 1527 52.7081
1222 2216 46.076
1223 1260 29.2785
1223 1554 5.46671
1223 2524 68.9158
1224 1609 43.8436
1224 1736 45.4582
1224 1748 58.6258
1224 2057 34.757
1225 2315 120.147
1226 1259 31.9829
1226 1933 57.6569
1227 1273 34.836
1227 1924 77.7489
1227 1993 92.0395
1227 2221 63.3476
1228 2342 113.887
1229 1653 40.7167
1229 1701 93.714
1230 1514 27.7299
1230 1614 51.6234
1230 1866 25.6535
1230 2186 35.4483
1231 2067 38.3371
1231 2272 52.9448
1232 1946 32.8712
1232 2393 37.0962
1232 2415 74.7293
1233 1306 28.4836
1233 1438 61.3522
1233 2401 42.9204
1233 2439 30.6224
1234 1791 37.7476
1234 2369 85.488
1235 2677 55.7853
1236 1385 33.149
1237 2698 51.1441
1238 2108 76.5523
1239 1360 49.7505
1239 1685 68.5854
1240 1281 45.4565
1240 1378 97.9147
1240 1763 40.3187
1240 1878 71.1118
1241 1605 85.1458
1241 2506 66.8482
1241 2679 37.0223
1242 1510 60.4034
1242 1564 33.6888
1243 2530 1.41143
1244 1798 141.119
1245 1861 52.2779
1247 1287 79.7568
1247 2713 82.739
1248 2477 77.1432
1249 1832 99.4427
1249 2052 48.4162
1249 2422 25.0436
1250 1862 39.6225
1250 2233 54.2512
1250 2624 27.289
1251 2087 82.4903
1252 1628 40.7953
1252 2610 75.4674
1253 1528 68.8195
1253 2487 60.0964
1254 1725 40.4327
1255 1483 44.7802
1255 1616 32.0224
1256 1550 58.68
1256 1963 86.0355
1256 2359 53.0951
1257 1319 19.4487
1257 1481 91.9901
1257 2708 71.8902
1258 1687 22.02
1258 2084 33.3013
1258 2639 97.3923
1260 1554 42.928
1261 2116 49.3163
1261 2626 22.3546
1263 1601 95.4555
1263 1669 62.6467
1263 2191 22.1814
1264 1683 69.0472
1265 1462 59.0466
1265 2554 30.9362
1266 1712 56.8175
1266 1728 43.7991
1266 2371 42.111
1267 1899 36.5148
1267 2618 56.0555
1267 2677 36.8561
1268 2283 19.114
1269 1540 115.672
1269 2697 57.2834
1270 2008 111.602
1270 2102 41.5881
1271 1341 48.9515
1271 1611 121.738
1272 2712 88.9693
1273 1981 66.1082
1273 2221 56.2184
1274 1739 41.0156
1274 2232 76.4288
1275 1724 37.1961
1275 1732 24.868
1275 1930 57.2263
1275 2160 35.5487
1276 2134 48.8138
1276 2622 56.9646
1277 1381 33.012
1277 2049 97.0891
1278 1433 17.8921
1278 1538 21.6506
1278 2338 30.3335
1279 1440 61.1606
1279 2330 79.9141
1280 1488 61.7175
1280 2566 74.7806
1281 1763 2.86067
1282 2093 43.7133
1282 2286 48.7143
1283 2294 42.6842
1283 2378 31.538
1284 1338 82.2317
1284 2453 87.6742
1285 2481 73.1656
1287 1793 65.7021
1288 1919 42.5281
1288 2050 51.0525
1288 2631 22.3357
1289 2664 21.9955
1290 1371 86.1315
1290 1658 44.5172
1290 2002 83.4764
1291 1831 52.736
1291 2584 48.7077
1291 2599 44.9482
1293 1794 82.6885
1293 2000 52.056
1295 1710 71.1008
1295 2619 64.4601
1296 2041 24.1549
1296 2084 88.1694
1296 2400 69.6122
1297 1855 26.0901
1297 2034 31.911
1298 1436 48.6919
1298 2326 42.0379
1299 1774 16.3305
1299 1964 60.725
1299 1992 56.0472
1299 2248 42.0622
1300 1636 59.8242
1301 1951 19.6058
1301 2023 71.2064
1302 2349 95.1118
1303 1345 27.269
1303 2713 51.3709
1304 1558 74.2638
1304 2107 74.7127
1304 2374 127.302
1306 2401 31.5293
1306 2439 62.0656
1307 2015 26.4042
1307 2282 32.3475
1308 1850 23.6273
1308 1896 117.659
1309 1769 73.9882
1309 1857 102.008
1310 1881 42.6136
1310 2454 33.3959
1311 2231 44.7706
1311 2394 90.6313
1312 2113 38.39
1312 2141 77.9049
1312 2568 41.3724
1313 1488 119.529
1314 1894 54.1981
1314 2118 25.5165
1315 1466 32.7272
1315 2006 56.4871
1317 1713 69.7226
1317 2272 85.0726
1317 2555 69.1794
1318 1678 77.3807
1318 2490 101.02
1319 1481 83.6824
1320 1957 61.42
1320 2285 68.6937
1321 1665 44.8248
1321 1826 28.0089
1321 1935 72.6089
1321 2081 54.7518
1321 2230 26.3507
1322 2453 76.9812
1323 1889 97.5413
1323 1892 61.54
1323 2669 56.3391
1324 1726 77.4932
1324 1891 23.7309
1325 1912 65.8198
1325 2170 70.2324
1326 2058 86.6542
1326 2094 38.9805
1326 2665 48.0481
1327 2678 42.6122
1328 1724 68.8864
1328 2160 57.5656
1329 1407 27.0945
1329 2683 42.2475
1330 1620 31.4905
1330 2264 90.6647
1330 2461 128.95
1331 2042 88.2399
1331 2295 81.314
1332 1547 10.311
1332 1753 53.988
1332 2036 83.6708
1332 2255 33.8978
1333 1358 26.751
1333 1516 27.8624
1333 1728 41.4869
1334 1737 77.4644
1334 1893 85.1567
1335 2209 39.6042
1335 2458 90.1194
1335 2690 55.0088
1336 1563 84.6525
1336 2051 60.0211
1336 2258 153.701
1337 1595 59.7806
1337 1780 90.0409
1337 1996 27.0773
1338 1777 39.4356
1339 1541 31.2066
1340 2311 30.5468
1340 2706 52.8341
1341 1611 72.1687
1341 1758 116.214
1342 1370 65.0964
1343 1514 64.8663
1343 1614 60.1698
1343 2186 47.1098
1344 2273 115.496
1346 1404 118.979
1346 2484 104.044
1347 1756 54.0238
1347 1775 94.3035
1347 1907 15.4946
1347 1916 54.0878
1348 1760 30.1833
1348 2280 12.7739
1349 1509 32.3335
1350 1988 41.512
1350 2118 46.5418
1351 1548 79.9086
1351 2037 114.422
1352 1723 83.0387
1352 2563 74.3503
1352 2605 10.2441
1353 1478 68.1798
1353 1878 5.60632
1354 1631 7.7872
1354 1979 45.7025
1354 2650 75.7416
1355 1399 38.9972
1355 2034 44.4748
1355 2266 8.41788
1356 1435 5.40047
1356 1505 71.2349
1356 2712 2.26274
1357 2215 47.6212
1358 1516 10.2271
1359 2517 60.8631
1360 1630 42.9364
1360 1685 71.7089
1361 1600 38.6698
1362 1643 120.886
1362 1967 31.2862
1362 2012 64.3451
1363 1741 16.6527
1363 2388 77.6568
1364 1450 76.8084
1364 1600 68.4474
1365 1487 123.829
1365 1962 99.6315
1365 2476 94.9354
1366 2072 103.305
1366 2231 116.578
1366 2596 84.4461
1367 1416 44.9329
1367 2253 20.6966
1368 1390 63.2391
1368 2214 47.0066
1368 2358 92.7721
1369 1593 37.0371
1369 1984 66.9188
1371 1871 27.5007
1371 2689 10.6712
1372 2395 67.3884
1372 2601 22.2228
1373 1426 43.6557
1373 2007 46.898
1373 2292 11.6695
1374 1522 101.149
1374 2499 149.402
1375 1621 130.34
1376 1572 16.4234
1376 1958 22.208
1377 1499 32.0815
1377 2643 17.1265
1380 1463 33.208
1380 1667 111.698
1380 1674 46.8337
1382 1530 89.4547
1382 2024 58.1708
1382 2442 26.5357
1383 1865 108.746
1383 2298 69.0556
1383 2536 21.8532
1384 1827 83.0136
1384 2054 71.771
1386 2173 56.9035
1386 2622 80.9169
1387 1486 36.6176
1387 1646 32.9746
1387 2289 34.1171
1388 1702 48.4079
1388 1711 25.5309
1389 2570 21.09
1390 2214 39.2998
1390 2358 53.1957
1390 2654 109.177
1391 2288 47.5682
1392 1448 44.4462
1392 1660 46.0449
1393 1915 2.64124
1393 1986 43.563
1393 2543 58.4289
1395 1608 94.6439
1395 1620 160.515
1395 2412 56.3621
1396 1455 50.697
1396 1840 65.5916
1396 1995 47.2035
1396 2710 17.056
1397 1461 45.9274
1397 2621 67.7462
1399 1926 29.6485
1399 2266 45.2355
1399 2300 104.775
1400 2156 43.5466
1400 2539 75.0735
1400 2685 60.3135
1401 1670 46.6604
1401 2398 31.3735
1402 1523 68.8854
1403 1427 54.4655
1403 2302 44.7163
1403 2705 55.8379
1404 2073 27.2176
1404 2484 23.6598
1404 2489 78.8293
1406 1498 44.8275
1406 2164 5.2305
1408 2630 87.1634
1409 2066 71.6847
1410 1445 27.4349
1410 1583 71.7555
1411 2433 84.0032
1412 1708 73.4969
1413 1703 60.711
1413 2711 90.2001
1414 1978 110.488
1415 1531 45.1187
1415 1576 77.4874
1415 1965 39.0129
1416 1454 60.4502
1416 2253 41.2811
1417 1477 92.1172
1417 2544 55.4287
1418 1460 60.2525
1419 2060 34.7292
1420 1693 8.05105
1420 2053 41.849
1420 2622 11.6252
1421 1706 52.5546
1421 2095 9.27208
1422 1942 101.027
1423 1655 60.223
1423 1854 71.4522
1423 2070 51.6583
1423 2679 63.1043
1424 1784 28.8685
1424 2531 33.303
1425 1698 14.2965
1425 2399 29.8484
1425 2404 52.5193
1426 2292 59.1563
1426 2460 61.1623
1426 2508 50.9315
1427 2200 83.1085
1428 1546 37.9673
1428 1623 45.8846
1429 2387 20.3601
1429 2457 60.6488
1429 2552 74.4833
1430 1825 29.486
1430 2502 4.57427
1431 1468 56.0699
1431 1803 63.8746
1433 1538 1.73323
1433 1836 51.4932
1433 2338 47.0022
1434 1957 84.316
1434 2260 82.2576
1434 2408 49.3321
1435 1505 69.2687
1435 2712 4.71967
1436 2137 73.8617
1437 2068 74.4398
1437 2485 67.6885
1437 2513 72.1856
1439 2541 85.773
1440 2334 95.9748
1441 2188 142.333
1441 2599 131.714
1442 1677 77.2665
1442 2317 44.1492
1443 2675 24.614
1444 1475 34.4764
1444 2466 38.5465
1445 1583 36.8894
1446 1692 64.0112
1447 1579 78.4532
1447 1876 53.5993
1447 2125 48.0112
1449 1917 58.0531
1449 2187 16.6035
1451 1776 90.2231
1452 1861 47.6636
1453 1920 51.9861
1454 2253 87.7206
1455 2199 24.6308
1455 2710 49.3767
1456 1735 36.1685
1456 2215 20.8837
1457 1890 67.7015
1457 2167 43.8403
1457 2691 61.4999
1458 2473 39.4414
1459 1853 36.5233
1459 1928 27.6196
1459 1949 51.7726
1459 2270 47.2133
1460 2319 76.2216
1461 2318 79.4306
1462 1746 76.7975
1462 2554 58.9514
1463 1667 92.8721
1463 1674 40.6289
1464 1663 57.6375
1464 2212 85.6319
1464 2278 54.6733
1464 2593 75.8267
1465 2263 82.7627
1466 2006 27.381
1467 2247 28.7902
1467 2252 36.33
1468 1803 41.5484
1468 1822 65.0532
1469 1496 37.3171
1469 1913 92.5417
1470 2445 64.7633
1470 2516 67.4802
1470 2674 46.8723
1471 2664 66.9612
1472 2166 51.8293
1472 2174 63.1909
1473 2423 72.2329
1474 1925 42.7074
1475 1556 34.7681
1475 2466 30.0192
1476 2111 77.9809
1476 2315 55.381
1477 1874 101.103
1478 1878 40.8168
1478 2421 37.3585
1479 1726 56.7381
1479 1891 79.8152
1480 1637 3.95204
1480 2336 43.055
1480 2379 34.2091
1482 1811 29.4075
1482 1966 35.471
1482 2479 83.7471
1482 2696 57.2137
1483 1840 44.2653
1483 2046 20.8757
1484 1661 24.2405
1484 2469 103.709
1485 1568 44.64
1485 1613 75.6492
1485 2682 50.2522
1486 1709 15.7365
1486 2419 29.5565
1486 2542 69.3206
1487 2332 15.2872
1488 1856 91.2231
1489 1598 24.5009
1489 2380 66.5937
1489 2455 27.3517
1490 1643 143.111
1490 2423 101.483
1491 2501 69.6575
1494 1519 26.5096
1494 2341 20.5404
1495 1542 46.3766
1495 1934 15.5884
1495 2149 62.0329
1495 2152 97.8706
1496 2140 75.7876
1498 2164 69.732
1499 2190 96.2609
1499 2517 55.2207
1499 2643 24.8017
1500 1602 37.8034
1500 1824 53.2189
1501 1813 93.9313
1501 1874 66.127
1502 1603 57.8964
1504 2079 129.176
1504 2521 113.331
1505 1787 20.3438
1505 2712 75.2949
1506 1522 74.7561
1506 2340 95.6669
1506 2569 69.8819
1507 2107 111.418
1507 2133 61.0157
1507 2374 91.8394
1508 1586 43.8085
1508 1677 56.9379
1509 2369 57.3425
1510 1720 46.1091
1511 2155 11.2481
1512 1532 51.7089
1513 2180 141.313
1513 2495 51.5707
1514 1614 22.2535
1514 1866 48.1629
1514 2186 11.588
1515 2089 77.8002
1516 1970 88.9283
1517 1593 65.3822
1517 2075 13.6831
1517 2288 125.56
1518 1786 128.231
1518 1897 103.128
1519 1829 72.833
1519 2341 40.4848
1520 1827 45.0374
1520 1991 68.1103
1520 2464 120.281
1521 2135 6.68785
1521 2458 8.11953
1521 2666 43.1682
1522 1902 49.9325
1524 1668 35.8718
1524 1868 81.2811
1525 1534 61.3368
1525 1947 68.2437
1526 1742 120.07
1526 1805 78.8436
1527 2216 19.0332
1528 1945 79.4789
1529 1596 36.5503
1530 1953 66.8673
1530 2442 47.5094
1531 1576 34.2848
1531 1965 80.3317
1533 1858 28.2465
1533 1879 94.0678
1533 2138 22.1506
1533 2428 88.2043
1533 2653 38.9868
1534 2670 81.7017
1535 2352 59.2652
1535 2703 87.5415
1536 1551 68.3293
1536 2086 42.3656
1536 2274 37.2257
1536 2526 62.4697
1537 1654 55.9001
1537 2165 103.163
1538 1836 38.0101
1538 2338 42.801
1539 1942 95.7189
1539 2650 92.154
1541 1607 83.0406
1542 1934 50.9334
1542 2179 65.0559
1543 1757 120.776
1543 2583 81.6354
1544 2412 88.571
1546 1623 38.0071
1547 2036 66.2016
1547 2255 32.0242
1549 1898 51.4143
1550 1887 105.801
1550 2139 95.6841
1551 1612 97.1635
1551 2086 60.208
1551 2332 138.32
1551 2526 66.6975
1553 2452 88.2067
1553 2525 37.259
1554 2524 86.8774
1555 1691 95.4987
1556 2531 45.9641
1557 2259 68.1449
1557 2644 28.8578
1558 2198 67.3609
1559 1683 52.5268
1559 2449 105.95
1560 1754 113.598
1560 1947 29.3898
1561 2324 41.0901
1561 2657 43.7643
1562 2317 53.0606
1562 2519 79.4793
1563 2051 93.843
1564 2131 60.954
1565 1848 10.8771
1565 2020 66.7874
1565 2210 48.0529
1567 1721 43.6831
1567 2472 98.598
1568 2682 30.1576
1569 1589 13.2072
1569 2606 58.5813
1570 1662 73.4373
1570 2667 54.2452
1571 1810 52.6055
1571 1909 69.7237
1571 2078 38.1298
1572 1958 14.4292
1573 1714 94.7422
1573 2486 35.0699
1574 1857 87.015
1574 2462 40.5964
1575 2257 18.9342
1575 2594 16.8996
1576 1911 85.8808
1577 2185 44.421
1577 2529 74.4053
1579 1876 42.8093
1579 1929 73.4231
1579 2125 61.233
1579 2481 47.3993
1580 1714 85.8659
1580 2042 78.8468
1581 1885 44.5592
1581 1888 29.5211
1581 1973 73.4137
1582 1625 54.6256
1582 1655 52.2153
1583 1916 90.602
1584 1985 76.9443
1585 2347 73.9073
1587 2357 71.4719
1587 2489 96.0432
1588 1814 32.3646
1588 2575 31.5951
1589 2606 59.4883
1590 2007 59.4199
1590 2292 39.1615
1591 2032 40.2133
1592 1681 59.4197
1592 2197 77.9492
1594 1860 62.2284
1594 2348 51.0124
1595 1996 88.9336
1597 1619 36.655
1598 2455 51.6869
1599 2130 68.5931
1599 2401 74.7008
1599 2416 35.0347
1601 2191 78.3092
1601 2351 67.1012
1602 1664 113.378
1602 1824 9.42642
1603 1912 83.6452
1603 2141 99.6689
1604 2241 93.9285
1605 2082 48.1054
1605 2501 57.9815
1606 2426 9.72291
1607 2714 44.5507
1608 1887 115.579
1608 2059 91.2592
1609 1736 63.932
1609 1748 27.8922
1609 2057 40.4735
1610 1975 90.6033
1610 1981 29.3813
1610 2221 60.9291
1611 1773 29.6441
1612 2572 82.6264
1613 1691 43.753
1613 2217 45.4278
1614 2186 20.3187
1615 1795 62.5603
1615 2370 51.6308
1616 2020 78.806
1617 2234 76.3864
1617 2240 30.0778
1618 2443 55.1238
1620 2264 162.569
1622 2003 59.6115
1622 2422 93.9876
1623 2680 59.9841
1625 2390 73.8459
1626 1877 74.6034
1626 2205 60.0085
1627 1837 70.3512
1627 1853 71.8489
1627 1928 71.8605
1628 2610 101.095
1628 2627 93.6048
1629 2376 8.39375
1629 2551 41.1934
1631 1979 48.3664
1632 1772 10.0979
1632 2518 88.7771
1633 1954 76.265
1634 2007 131.237
1634 2016 15.4136
1635 1846 20.6771
1635 2565 79.9281
1636 2203 75.6178
1637 2336 50.2334
1637 2379 44.2524
1638 1796 96.7382
1638 2048 52.5224
1638 2434 91.0828
1639 2361 31.2666
1640 1704 51.1648
1641 2411 30.3038
1641 2457 39.5749
1641 2583 61.6655
1642 2356 37.3923
1643 1967 59.1833
1644 1908 28.0326
1644 2585 46.4667
1644 2671 76.1898
1645 2171 24.8549
1645 2547 44.8893
1646 2289 16.0759
1647 1884 15.5246
1647 2078 83.8278
1648 1755 110.458
1649 2585 35.3658
1650 1786 73.3693
1650 2576 41.6466
1651 1819 33.868
1652 1956 57.3353
1652 2157 40.0096
1654 2165 44.1093
1656 2128 69.2984
1656 2202 50.0281
1656 2589 54.9204
1657 2342 26.3522
1657 2409 141.536
1662 2085 45.1431
1662 2667 61.9421
1663 2509 105.811
1663 2593 45.5733
1664 1824 108.419
1665 1935 49.4374
1666 2562 115.553
1667 1674 63.7307
1668 2471 83.7331
1668 2564 45.0901
1668 2614 46.6775
1668 2629 64.1815
1669 2191 37.9255
1669 2648 45.5912
1670 2268 73.9373
1670 2398 56.9115
1671 2275 58.1247
1672 2366 81.4843
1673 1842 10.1452
1673 2090 68.7403
1675 2203 38.3551
1678 2490 53.098
1680 1797 81.7073
1680 1859 51.0617
1680 2403 5.10639
1680 2534 61.1921
1680 2535 77.5078
1682 2169 69.2659
1682 2304 40.5428
1682 2510 82.2597
1686 1872 17.9836
1686 2498 76.1202
1687 2084 46.4663
1687 2639 107.126
1688 2437 98.5389
1688 2667 155.723
1692 2579 89.6427
1693 2053 22.7102
1693 2622 21.6747
1694 1897 72.0751
1694 2109 78.3533
1695 2229 22.0431
1695 2406 23.7897
1695 2540 39.8708
1696 2701 88.8988
1697 1882 80.7737
1698 2399 22.7817
1699 2600 49.4488
1700 1870 110.681
1700 1886 82.6736
1701 1943 87.2659
1702 1711 107.804
1703 2711 54.7578
1705 2008 66.8016
1705 2432 79.3562
1707 1768 54.6942
1707 1780 78.8065
1707 1972 83.6379
1707 2573 59.1201
1708 2565 53.5465
1709 2419 36.641
1710 2619 106.474
1711 1838 66.165
1712 2600 29.5597
1713 1968 65.2103
1713 2602 21.8138
1715 2025 11.4881
1716 2073 73.3511
1716 2656 74.3701
1717 1841 103.991
1717 2097 31.4403
1717 2504 46.9364
1718 2110 52.5621
1719 2243 42.5914
1719 2330 53.9888
1720 2578 63.8082
1721 2014 50.6326
1721 2117 54.6911
1721 2472 56.8036
1723 2546 105.742
1723 2563 35.9035
1723 2605 138.8
1723 2566 71.237
1724 1732 45.1424
1724 1930 63.0964
1724 2160 36.8567
1726 1891 99.7924
1727 2352 83.4067
1728 1970 54.4391
1728 2244 29.6189
1728 2371 24.5597
1730 2182 10.1921
1730 2391 38.129
1731 1847 28.1695
1731 1852 58.0034
1731 1940 65.518
1733 1752 36.3025
1733 2220 15.8081
1733 2707 41.2426
1734 1815 51.0673
1734 2061 14.8017
1734 2224 10.2452
1734 2556 34.847
1735 2215 52.9777
1736 2150 65.4718
1737 1893 133.057
1738 2627 63.9266
1738 2632 71.8702
1740 1804 87.1487
1740 1991 58.6092
1741 2388 54.6998
1742 1805 76.2076
1743 2146 80.1573
1743 2343 141.558
1743 2676 142.366
1744 2448 38.2045
1744 2612 17.4306
1745 2159 38.2257
1745 2666 69.5255
1746 1812 103.395
1746 2293 56.1882
1747 2647 57.9881
1748 2057 23.8746
1748 2218 46.8466
1749 2044 62.7261
1750 1886 78.013
1750 2613 103.708
1751 2029 22.1852
1751 2611 93.5333
1751 2659 85.8049
1752 2413 58.6843
1754 2670 98.3881
1755 2303 57.8205
1755 2586 32.4957
1756 1907 76.931
1757 2145 76.7015
1757 2151 50.7687
1759 2103 62.2322
1760 1809 42.0541
1762 1851 111.976
1764 2379 37.0734
1765 2468 33.7083
1766 1966 63.1606
1766 2368 57.5923
1767 2293 68.2155
1767 2453 88.0973
1768 2178 72.9192
1769 2208 32.6033
1769 2456 40.5504
1770 2321 91.2276
1770 2690 58.9359
1771 1807 26.1439
1771 2274 72.8803
1771 2515 78.0157
1772 1946 77.3675
1774 1992 59.9652
1774 2248 41.4726
1774 2596 59.7829
1775 1907 62.8923
1775 1916 96.7893
1777 2402 35.077
1778 2197 84.6046
1779 2216 70.4715
1780 1972 84.6389
1781 2528 90.204
1782 2063 68.4427
1782 2647 32.5374
1783 1802 113.221
1783 1935 96.6256
1783 2452 40.736
1784 2531 30.6546
1784 2537 27.6098
1786 2109 61.5815
1788 1956 62.6788
1788 2523 136.115
1789 2043 41.5508
1789 2319 50.4689
1792 2064 76.2513
1792 2246 31.4042
1794 2127 56.5238
1795 1819 83.7512
1795 2370 85.5674
1796 2434 92.7815
1797 2403 64.5451
1797 2534 17.4135
1798 1850 139.484
1798 2475 36.8701
1799 1918 34.9684
1799 2313 7.72904
1800 1910 26.9679
1800 2478 118.591
1800 2625 103.332
1802 1935 107.743
1803 1822 64.7229
1804 1991 114.27
1805 1987 144.932
1806 2245 80.2282
1807 2515 33.6714
1808 2140 42.3005
1808 2569 16.1084
1810 1909 100.851
1811 1966 24.4606
1811 2479 65.7717
1813 2065 47.1119
1813 2159 37.6092
1813 2195 66.3009
1814 2575 60.5126
1815 2061 40.1819
1815 2224 51.0948
1816 2154 23.2301
1816 2323 15.2386
1816 2699 37.5695
1818 2611 91.7576
1818 2659 64.9009
1820 1957 95.4813
1820 2260 74.3801
1821 2123 84.8395
1821 2242 53.9087
1821 2339 26.1224
1821 2389 93.8345
1822 1924 83.0428
1823 2220 94.8394
1823 2522 118.203
1825 2502 48.5626
1825 2559 11.1226
1826 1949 53.4177
1826 2230 12.3276
1826 2270 55.428
1830 2156 54.8552
1830 2497 26.5919
1831 2083 62.5312
1831 2584 64.6694
1831 2599 30.5031
1833 1904 69.11
1833 2222 72.6167
1833 2641 39.2667
1834 2431 56.4175
1834 2693 39.8165
1835 1948 45.3604
1835 2011 92.0695
1835 2207 54.2468
1835 2327 24.8802
1836 2189 97.2044
1837 2595 25.1451
1838 2219 163.4
1839 1968 65.0844
1839 2043 71.1739
1840 2046 45.0809
1840 2710 36.3237
1841 2205 102.942
1842 2090 116.367
1843 2062 31.2717
1843 2172 48.293
1844 2298 50.9814
1845 2039 63.0758
1845 2131 37.6595
1846 2565 55.3128
1847 1852 70.4684
1847 1940 28.0574
1847 2236 127.281
1848 2275 39.7688
1849 2616 60.541
1851 2672 90.0175
1852 2236 113.577
1853 1928 20.7043
1854 2070 68.1412
1855 2034 55.4739
1856 2265 96.142
1858 1987 134.637
1858 2138 38.5886
1858 2603 85.6464
1858 2633 15.7965
1858 2653 34.8239
1859 2403 54.8596
1859 2535 73.1995
1860 2348 143.806
1862 2624 27.9177
1863 2056 101.276
1864 2575 92.3324
1865 2536 59.0708
1866 2186 69.4049
1867 1944 16.9847
1867 2226 53.3858
1867 2267 40.5259
1867 2492 47.8403
1868 2047 77.0062
1868 2629 55.6257
1869 2268 79.7025
1869 2649 53.3783
1871 2031 118.008
1871 2689 20.6533
1872 2498 69.3401
1873 2406 77.4764
1873 2494 71.202
1875 2324 56.4467
1876 2125 32.3218
1876 2360 114.905
1877 1880 52.3661
1879 2138 46.5766
1879 2350 65.895
1879 2428 2.89795
1881 2022 65.3882
1882 2652 50.5748
1883 2219 77.8118
1883 2532 64.2282
1884 2375 40.7234
1884 2397 60.1358
1885 1888 71.2986
1885 1973 86.0896
1885 2142 134.375
1885 2147 83.5595
1885 2310 98.8907
1887 2059 53.4806
1888 1938 84.0412
1888 2344 54.4743
1889 2669 69.4111
1890 2691 41.698
1891 2592 128.257
1893 2077 67.9611
1894 2118 66.1123
1895 2314 90.6499
1899 2677 37.1818
1900 2137 80.5278
1900 2153 66.6222
1900 2361 48.0483
1901 2115 36.5766
1901 2598 48.9018
1902 2140 47.8424
1903 2087 41.0321
1903 2384 42.2005
1903 2673 115.517
1904 2222 99.7945
1904 2641 8.06923
1905 2037 60.8394
1906 2213 39.1724
1907 1916 57.284
1908 2671 47.8134
1909 2175 72.9415
1910 2625 136.2
1911 2096 80.6665
1912 2705 120.655
1913 2557 84.0245
1913 2703 27.446
1914 2069 32.4344
1914 2204 63.5818
1914 2271 65.1435
1915 1986 25.2005
1915 2543 62.6292
1917 2187 59.4277
1918 2313 32.8623
1919 2050 54.349
1919 2631 19.2797
1921 1976 69.0494
1921 2254 56.3402
1923 1955 15.9689
1923 2378 56.3944
1925 2121 75.6725
1925 2161 41.1386
1926 2034 79.3745
1926 2300 87.0734
1929 2481 76.2112
1930 2160 21.8919
1931 2122 95.8958
1931 2640 33.3136
1931 2642 43.3965
1932 2193 48.6087
1932 2514 51.3658
1934 2149 54.5589
1934 2152 55.5624
1936 2068 70.2218
1936 2405 34.1081
1938 2344 13.6165
1939 2096 44.0341
1939 2132 53.4027
1939 2499 55.0708
1940 2236 80.9797
1941 2480 24.5821
1941 2706 35.2522
1944 2492 34.4132
1945 2487 82.0108
1946 2393 62.4882
1946 2415 47.0444
1948 2011 109.462
1948 2207 48.9392
1949 2081 49.2545
1949 2270 5.71742
1950 2156 55.8145
1950 2256 115.204
1951 2023 50.1666
1952 2550 75.0947
1952 2579 44.9704
1953 2161 73.6447
1954 2704 90.0602
1955 2378 36.956
1957 2260 41.3094
1957 2285 11.549
1957 2408 77.9091
1959 2088 76.8862
1959 2382 28.5702
1959 2474 46.9022
1960 2592 38.3493
1961 2136 83.5971
1961 2520 81.8851
1962 2476 83.4122
1963 2359 74.1272
1963 2482 65.9415
1963 2700 66.0139
1964 2248 70.9005
1966 2479 98.0998
1966 2696 37.8365
1968 2602 58.1143
1969 2304 61.8803
1969 2638 45.2476
1970 2181 77.4111
1971 1999 79.8341
1971 2251 109.42
1973 2142 68.4972
1974 2435 27.8529
1975 2671 55.6974
1976 2254 38.2548
1977 2608 93.4122
1978 2441 164.004
1981 2221 25.819
1981 2225 76.9526
1982 2079 59.4551
1983 2273 72.062
1983 2451 60.9911
1985 2114 111.297
1986 2543 26.5896
1987 2603 104.044
1988 2118 99.5791
1990 2459 16.0136
1990 2653 36.4547
1992 2248 44.6292
1992 2394 40.0687
1992 2596 68.3045
1993 2225 63.0393
1994 2145 78.914
1995 2698 78.3542
1995 2709 72.5249
1997 2223 85.2645
1997 2701 19.8683
1998 2377 66.003
1998 2430 42.6475
1999 2251 77.9646
2002 2099 77.3283
2004 2574 57.8033
2007 2176 51.9968
2007 2292 52.5281
2009 2201 19.5603
2010 2045 53.6287
2010 2143 106.748
2010 2483 84.8967
2011 2327 72.7714
2013 2050 59.8353
2013 2098 23.954
2013 2196 55.4579
2013 2251 87.2633
2014 2472 14.0289
2017 2087 23.7825
2018 2617 16.0099
2020 2210 72.7545
2021 2192 15.8312
2021 2238 36.4938
2026 2083 51.409
2026 2591 85.4848
2027 2425 60.5219
2027 2452 104.48
2028 2104 101.724
2028 2582 25.2571
2029 2581 110.949
2030 2108 29.3377
2031 2670 111.569
2033 2637 181.89
2034 2266 53.9776
2035 2113 52.647
2035 2199 43.0354
2036 2255 59.883
2039 2103 53.5985
2041 2084 80.5211
2043 2319 23.8434
2045 2483 46.2799
2047 2309 86.1442
2049 2418 69.7686
2050 2098 31.5558
2050 2631 68.4548
2053 2134 33.7211
2055 2283 71.8434
2055 2396 26.0859
2056 2234 64.1473
2057 2218 33.6677
2058 2464 36.1453
2058 2665 45.4323
2058 2695 100.649
2061 2224 23.4858
2061 2556 48.2389
2062 2172 39.3693
2063 2607 79.4988
2063 2636 64.5701
2065 2159 42.1436
2066 2092 107.118
2067 2272 6.98134
2068 2405 99.1806
2069 2204 27.6732
2069 2271 22.4121
2069 2277 50.269
2071 2165 32.6043
2072 2077 114.585
2072 2106 47.0643
2072 2231 54.0863
2073 2484 71.9315
2073 2656 77.3124
2074 2291 38.6526
2074 2386 42.6835
2074 2687 84.6927
2075 2288 93.4324
2080 2441 135.187
2081 2377 42.3377
2082 2501 35.8288
2083 2188 101.732
2084 2639 48.7698
2085 2437 64.2741
2085 2667 35.0797
2086 2526 3.57226
2088 2474 50.556
2089 2162 81.225
2091 2662 12.3985
2092 2107 135.059
2092 2374 78.3334
2093 2286 22.0302
2094 2222 108.97
2094 2279 62.5334
2096 2132 99.1927
2097 2504 63.1623
2098 2196 58.9381
2099 2353 87.7208
2101 2572 91.9683
2101 2604 60.3386
2102 2136 66.61
2105 2290 19.0173
2106 2231 38.8469
2107 2374 6.62012
2111 2315 26.9259
2113 2199 32.104
2113 2568 50.6206
2114 2571 73.5649
2115 2365 16.1879
2115 2598 7.88723
2116 2626 40.8157
2117 2472 76.5258
2119 2321 41.0205
2119 2529 75.6482
2121 2161 54.8904
2122 2640 79.622
2124 2567 13.0592
2125 2360 129.88
2126 2148 22.6276
2126 2551 54.4086
2128 2589 74.0217
2129 2320 70.1541
2130 2329 49.0614
2130 2416 29.6964
2132 2499 60.4979
2135 2458 9.54009
2135 2666 35.7824
2137 2153 58.1226
2138 2350 79.2546
2138 2428 87.111
2138 2603 96.45
2138 2653 61.9901
2140 2569 48.3253
2141 2568 97.1344
2143 2333 56.7675
2143 2390 57.3753
2145 2151 16.4468
2146 2343 37.3627
2147 2310 10.6146
2149 2152 14.8617
2152 2462 117.328
2153 2521 78.9949
2154 2323 41.8433
2154 2699 24.262
2156 2497 23.0725
2158 2694 32.5566
2162 2429 84.3125
2162 2483 53.3211
2163 2465 26.3672
2166 2174 40.7929
2167 2691 45.1528
2169 2304 55.2628
2169 2510 12.1323
2171 2547 54.0618
2173 2622 49.7314
2177 2473 33.948
2178 2573 33.6154
2180 2495 57.4848
2181 2244 53.1506
2182 2391 32.6243
2184 2316 75.5512
2185 2250 24.0611
2188 2308 80.5846
2192 2238 15.3315
2196 2251 57.1045
2200 2302 64.9577
2202 2589 75.7663
2204 2271 40.794
2204 2277 26.777
2208 2456 12.5393
2209 2321 87.4953
2209 2690 35.3316
2210 2275 64.7227
2211 2469 143.158
2211 2684 13.001
2212 2278 105.542
2214 2358 49.4636
2219 2538 145.414
2221 2225 63.9259
2222 2641 90.3825
2223 2701 88.092
2224 2556 32.812
2224 2692 45.75
2226 2267 15.9069
2226 2467 64.2565
2227 2513 97.3311
2227 2663 36.7623
2229 2406 39.1659
2229 2540 56.6511
2230 2270 50.2296
2233 2624 70.8421
2235 2245 102.285
2237 2379 87.4299
2239 2491 64.9333
2242 2339 80.1412
2244 2371 42.8628
2247 2252 59.6721
2248 2394 85.3898
2250 2708 46.9771
2252 2661 61.2256
2257 2594 35.0109
2257 2637 47.9667
2257 2655 38.3023
2259 2644 59.1006
2260 2285 79.1431
2260 2408 42.1019
2262 2611 156.545
2262 2628 122.45
2263 2424 62.3742
2264 2295 58.3202
2264 2512 48.8811
2268 2398 36.4149
2268 2649 71.2903
2269 2470 68.6085
2269 2634 58.172
2271 2277 67.9734
2274 2526 73.4275
2276 2436 38.5566
2278 2593 70.8002
2279 2392 67.0706
2284 2363 22.8521
2291 2687 98.3353
2294 2378 90.0574
2295 2512 50.4971
2297 2628 88.0194
2297 2635 86.9123
2298 2536 98.9331
2299 2661 75.9704
2302 2705 46.4955
2305 2635 104.144
2307 2391 59.6638
2307 2645 29.543
2309 2316 63.2917
2311 2454 21.701
2311 2480 48.9083
2311 2706 31.9072
2314 2686 50.7203
2317 2519 74.2554
2321 2690 57.4961
2323 2699 64.3395
2324 2657 25.5785
2325 2533 63.3712
2327 2634 34.7352
2328 2335 18.6389
2329 2416 81.8971
2331 2549 42.3658
2333 2390 57.034
2338 2695 62.2133
2339 2389 43.7685
2343 2676 105.181
2345 2662 77.9912
2346 2505 32.2872
2346 2507 59.8118
2350 2428 100.525
2352 2557 61.1676
2352 2703 71.7914
2354 2434 84.631
2357 2484 76.7534
2357 2489 20.4554
2357 2656 39.2889
2359 2482 42.2698
2362 2446 43.7683
2362 2523 53.0182
2364 2451 34.1731
2364 2511 26.0441
2364 2582 74.143
2365 2598 21.6979
2367 2438 30.1304
2370 2450 46.6239
2372 2427 22.8812
2372 2465 76.6219
2372 2520 78.9371
2373 2666 38.8039
2375 2397 51.1676
2376 2551 33.8701
2377 2430 94.7594
2381 2545 48.0716
2381 2548 24.5792
2382 2646 84.5408
2384 2673 34.8137
2385 2496 56.451
2385 2560 28.0432
2386 2687 71.4551
2387 2457 68.8546
2387 2714 69.6448
2388 2445 57.2018
2391 2645 83.722
2393 2415 45.1078
2395 2601 91.3113
2398 2649 54.4395
2403 2534 36.6714
2403 2535 79.1404
2406 2540 63.6364
2410 2668 58.7463
2411 2583 52.5889
2413 2707 44.1881
2417 2577 74.7135
2417 2627 112.991
2419 2504 43.2409
2425 2660 37.6915
2427 2465 43.1885
2427 2496 75.0607
2429 2483 94.6223
2431 2693 47.1823
2436 2680 123.597
2437 2667 59.6562
2440 2590 38.1144
2445 2516 18.279
2446 2493 30.5213
2446 2523 48.1426
2447 2580 55.4242
2448 2612 45.1078
2449 2669 50.8737
2451 2511 44.0866
2458 2666 45.6358
2459 2633 35.7989
2459 2653 27.5703
2460 2508 30.5746
2460 2538 57.4257
2461 2504 53.509
2464 2665 98.2931
2464 2695 106.216
2465 2496 42.9655
2469 2684 75.9489
2471 2564 50.3961
2471 2629 79.3122
2480 2706 23.4818
2482 2700 25.0352
2485 2513 54.6089
2488 2571 69.2229
2488 2702 7.27643
2489 2656 33.3039
2493 2523 84.1258
2496 2560 61.654
2500 2668 105.687
2502 2559 42.3599
2505 2507 48.1157
2508 2538 80.3345
2513 2663 92.5247
2513 2702 82.5212
2528 2587 75.2042
2531 2537 59.6041
2534 2660 115.961
2535 2595 72.2728
2538 2680 91.6917
2539 2685 44.0888
2545 2548 48.8215
2546 2563 129.491
2546 2605 132.201
2549 2556 63.3062
2553 2577 18.2407
2553 2700 73.5671
2557 2703 46.8093
2563 2605 48.9041
2564 2629 22.828
2566 2570 63.7958
2571 2702 85.4076
2584 2599 101.202
2588 2606 56.982
2594 2637 76.4026
2597 2652 87.7797
2607 2636 48.1041
2609 2681 33.5212
2628 2635 65.0877
2630 2637 86.1251
2630 2655 140.293
2632 2681 89.2303
2633 2653 19.5561
2637 2655 55.7858
2640 2642 67.9224
