1991 3726
0 1176.51 30.8233
1 2172.93 1181.18
2 1517.77 2224.93
3 1277.14 339.847
4 1584.68 1763.07
5 1207.06 328.287
6 22.1814 1824.68
7 893.899 926.853
8 1867.57 259.006
9 2015.58 1679.14
10 196.552 1614.94
11 2177.96 637.441
12 1351.28 902.844
13 403.573 235.711
14 1299.92 1284.95
15 245.506 2023.27
16 2000.14 1588.62
17 1263.24 726.884
18 48.6234 550.361
19 946.415 1770.63
20 1367.29 173.585
21 862.574 2120.29
22 198.131 1531.44
23 2071.93 19.0022
24 207.913 1967.45
25 1649.51 828.497
26 1895.15 990.617
27 452.046 1.18603
28 1245.88 463.739
29 2026.31 403.853
30 1786.7 642.808
31 1930.86 1512.03
32 1228.44 1531.12
33 1635.53 474.9
34 132.682 1208.63
35 1975.62 1910.27
36 2041.71 2155.26
37 1864.13 1728.36
38 2212.92 644.496
39 1666.83 1880.72
40 641.015 788.921
41 217.913 125.231
42 2066.76 1698.09
43 247.122 559.671
44 2227.34 1984.96
45 829.271 128.922
46 1463.93 1920.81
47 736.067 2183.01
48 2113.36 1453.19
49 1644.79 349.668
50 606.21 1123.57
51 2215.39 1286.32
52 268.232 1806.98
53 1183.37 521.784
54 1627.37 1528.88
55 2055.51 1599.78
56 314.971 300.908
57 1256.61 452.757
58 256.931 1990.05
59 1019.44 1789.63
60 2138 63.0689
61 1581.86 225.555
62 533.008 1240.44
63 1810.84 2061.58
64 1978.8 650.065
65 231.007 779.693
66 2059.58 1498.22
67 673.651 1680.72
68 394.763 1224.19
69 526.852 1076.13
70 66.036 1581.72
71 1883.99 96.5478
72 485.359 357.262
73 755.124 1470.06
74 953.915 1302.82
75 2064.71 1281.99
76 2094.58 866.481
77 639.13 1199.47
78 2043.9 1412.1
79 1209.39 1442.74
80 2123.52 660.557
81 919.79 1000.42
82 202.112 984.74
83 1816 1527.17
84 645.535 1727.98
85 1757.41 1787.39
86 1912.83 1677.88
87 1473.07 1576.38
88 429.797 1242.3
89 1591.34 1781.85
90 845.738 11.7166
91 191.195 1109.29
92 1962.99 1469.63
93 627.83 835.293
94 1511.02 1407.06
95 2200.99 1733.91
96 900.134 442.139
97 1837.89 687.907
98 18.5199 511.966
99 1337.61 2066.75
100 26.7836 39.3443
101 682.172 1059.45
102 80.6459 264.258
103 484.374 835.779
104 1784.37 59.2072
105 1894.98 366.665
106 1428.76 941.252
107 1333.12 1867.4
108 614.799 74.2743
109 989.928 1449.6
110 1540.92 1892.57
111 1160.27 676.806
112 1443.35 1557.3
113 313.451 1604.59
114 1439.12 1708.69
115 1126.87 2031.55
116 2114.04 748.32
117 1023.1 1898.57
118 1863.57 1443.16
119 361.494 1561.5
120 1317.1 1695.81
121 1156.93 444.744
122 70.578 768.111
123 911.517 573.312
124 1310.27 199.2
125 1004.71 515.76
126 1374.49 1134.06
127 741.205 1488.11
128 1811.1 912.268
129 712.092 834.16
130 863.613 1452.38
131 693.911 1262.84
132 441.793 2030.39
133 378.769 2136
134 1105.61 614.822
135 469.777 946.083
136 822.652 607.439
137 1867.64 1984.91
138 1086.13 762.787
139 1503.99 1057.44
140 470.729 1888.8
141 1796.94 1719.62
142 1820.61 682.686
143 979.222 1783.62
144 1734 521.45
145 1314.94 2126.54
146 54.6225 117.646
147 1070.79 177.843
148 505.005 1131.36
149 1485.47 2225.01
150 367.777 1363.41
151 1846.91 713.843
152 578.613 1590.5
153 1014.76 497.319
154 1448.08 1208.33
155 1045.9 1193.8
156 1403.48 557.804
157 1674.15 1552.19
158 293.451 656.521
159 1190.61 1845.1
160 2136.26 1102.07
161 1170.27 852.447
162 2083.75 918.896
163 1320.63 1054.44
164 304.458 1570.81
165 1486.88 1350.02
166 487.952 256.561
167 1116.75 1706.2
168 1013.81 2.91236
169 1924.91 406.578
170 1380.44 1978.54
171 962.2 196.733
172 2083.34 52.2309
173 283.987 1113.81
174 484.667 620.235
175 1361.01 494.602
176 1103.98 166.762
177 878.797 1912.8
178 785.916 1390.62
179 2140.6 2152.74
180 1023.27 1345.96
181 502.234 1915.24
182 1771.96 932.102
183 1853.44 821.467
184 901.989 230.661
185 1173.32 1328.55
186 1520.92 1786.01
187 1713.86 2076.87
188 556.867 246.708
189 2164.03 1901.6
190 102.965 942.103
191 1081.19 1514.85
192 357.69 2025.55
193 2046.31 1845.51
194 32.5142 2167.23
195 1561.31 1943.95
196 1099.04 389.548
197 484.109 502.223
198 1096.12 1693.78
199 2138.43 763.988
200 259.148 1204.48
201 1177.44 550.735
202 2112.33 621.719
203 6.05042 1778.03
204 1947.94 1666.91
205 1224.26 1796.8
206 538.715 1538.27
207 1268.25 945.253
208 1661.51 1364.02
209 332.054 1591.08
210 2216.85 1791.27
211 508.804 1055.23
212 1459.79 516.309
213 862.478 1338.43
214 1636.69 2200
215 393.14 1519.9
216 2192.46 1742.39
217 1833.69 424.135
218 1536.65 601.334
219 1283.89 1591.76
220 2194.09 526.309
221 936.621 972.84
222 1381.32 250
223 2174.72 1734.88
224 2216.09 338.488
225 126.515 1205.37
226 2207.02 1251.37
227 1555.06 1360.47
228 392.74 302.894
229 2210.32 1441.11
230 229.285 167.315
231 2154.26 904.479
232 153.697 907.65
233 1737.99 956.048
234 1258.05 797.926
235 1035.35 836.71
236 2213.62 1098.06
237 1686.52 305.697
238 384.594 1292.5
239 640.003 1308.09
240 1339.99 286.927
241 1480.54 2188.35
242 1546.78 1444.08
243 115.317 96.261
244 837.002 872.066
245 1044.28 755.738
246 159.638 723.93
247 1954.83 513.34
248 1246.64 1207.84
249 228.511 1033.73
250 1358.44 1534.31
251 2.47175 795.501
252 2114.65 1792.61
253 1584.88 106.444
254 954.904 494.948
255 168.411 690.124
256 695.872 1488
257 734.858 520.744
258 2195.51 1419.91
259 283.781 977.905
260 75.1642 299.124
261 1535.33 2185.7
262 2009.45 657.483
263 1839.24 1467.03
264 2004.65 589.767
265 298.713 1522.58
266 1724.84 1114.84
267 222.248 890.255
268 1521.69 1953.75
269 384.731 1115.22
270 1865.95 515.183
271 325.481 1610.52
272 1798.28 1352.99
273 2198.32 1869.43
274 634.105 1785.69
275 1392.73 2149.68
276 1858.02 1658.07
277 142.192 1154.21
278 1722.21 315.809
279 1501.93 1681.24
280 517.469 1267.14
281 732.449 1171.77
282 2159.82 1756.92
283 609.897 772.289
284 240.903 978.41
285 991.981 1870.98
286 1356.26 726.798
287 2225.15 1559.75
288 775.989 1671.48
289 1580.7 1407.15
290 1743.3 1913.81
291 1621.51 1259.6
292 820.9 299.084
293 1827.08 525.069
294 1792.85 29.2468
295 1351.88 932.125
296 343.298 349.743
297 948.565 1524.52
298 825.339 935.098
299 2150.21 2146.82
300 590.559 1841.91
301 828.405 403.128
302 560.167 1208.7
303 423.328 715.358
304 1974.78 1867.5
305 663.333 2004.58
306 1335.91 1978.92
307 2040.86 508.947
308 1261.02 1555.64
309 1358.72 913.484
310 687.371 2091.37
311 1820.88 3.16186
312 461.593 281.331
313 1452.65 1019.5
314 101.351 2036.36
315 1903.4 1702.26
316 420.136 1651.93
317 2113.69 828.142
318 1067.85 2219.44
319 561.367 1587.33
320 182.214 1506.79
321 1047.57 1675.03
322 1083.49 748.88
323 2148.18 142.069
324 999.117 168.208
325 1184.54 256.793
326 1721.41 2038.57
327 1135.87 1404.21
328 1812.03 657.629
329 256.51 1533.37
330 128.956 1279.68
331 81.5136 581.66
332 1641.25 1885.35
333 71.0083 2101.95
334 1685.63 1185.39
335 670.291 1202.73
336 1224.28 1938.9
337 970.662 811.869
338 1267.44 1228.34
339 2027.8 1536.03
340 717.667 424.431
341 1728.3 1423.93
342 649.008 560.081
343 159.187 1986.85
344 1778.66 1020.92
345 2095.64 1040.77
346 1379.48 262.856
347 784.237 1153.79
348 221.113 1401.45
349 850.245 1217.6
350 25.5482 903.013
351 1076.47 883.205
352 1288.16 1692.74
353 293.624 428.308
354 1593.08 752.329
355 55.9766 2121.15
356 1600.39 1704.04
357 209.555 467.197
358 1161.01 149.063
359 1468.13 842.457
360 2011.43 797.505
361 321.762 178.321
362 646.742 209.527
363 1718.68 655.453
364 358.124 697.286
365 1551.77 1938.16
366 217.176 1576.38
367 797.454 336.37
368 1013.32 776.003
369 803.054 421.019
370 1624.69 1893.23
371 1270.81 1545.27
372 290.115 1852.89
373 1349.79 1797.83
374 1851.63 1285.6
375 1540.61 1483.35
376 624.57 610.145
377 1459.9 1840.54
378 1898.77 2190.58
379 902.236 88.4965
380 1304.8 2055.17
381 478.89 1919.42
382 790.908 1445.4
383 2004.44 1425.29
384 1368.75 66.0964
385 673.217 1459.26
386 1158.17 1095.22
387 381.059 1831.68
388 426.374 1088.39
389 135.904 2075.81
390 1.26644 956.539
391 1294.36 1841.58
392 715.691 114.663
393 571.569 2108.86
394 912.074 1634.85
395 1214.2 1736.35
396 1069.47 264.889
397 758.7 1169.67
398 1688.69 1730.07
399 1615.88 384.59
400 2087.14 705.622
401 424.516 231.506
402 1029.31 689.291
403 1726.1 815.524
404 429.931 787.826
405 1767.84 1320.93
406 514.902 558.602
407 1606.38 2069.89
408 743.24 454.664
409 1277.86 153.953
410 333.71 952.027
411 1507.57 2068.18
412 1830.88 897.563
413 1232.05 31.7756
414 1798.85 924.712
415 1121.8 768.563
416 859.801 2203.8
417 189.97 271.216
418 1859.39 1423.06
419 982.685 1850.33
420 21.7254 700.939
421 1805.94 2124.47
422 597.383 675.57
423 667.474 170.782
424 1661.82 991.102
425 182.358 1474.89
426 1754.97 1566.86
427 2005.66 1925.72
428 2222.47 1226.37
429 1818.05 1837.57
430 941.94 1605.07
431 1058.52 1259.28
432 1598.72 24.5094
433 2076.8 734.479
434 2119.79 451.992
435 1769.27 2012.11
436 2146.55 2042.05
437 1877.55 44.854
438 1049.73 421.873
439 6.23842 443.517
440 711.371 34.8593
441 689.173 1110.89
442 1092.88 128.877
443 642.326 837.886
444 798.372 1589.03
445 296.522 830.263
446 1009.17 1618.4
447 441.608 309.628
448 577.213 847.134
449 1853.47 2203.87
450 1833.48 615.911
451 1296.53 2227.79
452 1341.84 700.361
453 1382.12 363.238
454 396.692 1540.82
455 2207.75 979.524
456 825.758 865.006
457 1799.58 732.253
458 1682.01 245.656
459 592.805 567.776
460 324.213 532.851
461 330.796 1774.01
462 739.957 1494.22
463 475.077 1379.1
464 2066.14 1040.8
465 1066.04 595.501
466 782.587 1129.06
467 1394.24 1661.74
468 261.55 1840.16
469 1514.51 1561.7
470 1064.04 1295.02
471 2009.6 319.591
472 535.809 288.082
473 504.905 2021.49
474 1543.84 2031.4
475 1583.08 818.628
476 1184.67 1714.98
477 525.938 1156.73
478 1416.34 1430.72
479 969.818 334.788
480 296.656 198.042
481 865.327 47.2649
482 2054.3 780.681
483 1990.6 1591.62
484 1133.11 66.7379
485 449.899 964.348
486 689.812 1767.47
487 2056.22 1574.23
488 1432.68 1085.47
489 1239.32 169.348
490 1518.15 1130.75
491 1631.53 782.012
492 390.678 440.784
493 1540.97 1954.95
494 1693.77 1895.62
495 705.194 1511.99
496 1529.66 676.179
497 430.322 453.324
498 270.249 1067.17
499 1273.67 1120.49
500 1894.92 1371.76
501 1233 2120.14
502 159.281 908.894
503 877.589 173.898
504 1691.98 2161.45
505 377.855 1408.11
506 1644.94 680.82
507 1415.08 22.9187
508 1723.18 948.251
509 1006.7 1868.24
510 336.286 945.749
511 917.592 645.691
512 668.49 1235.88
513 339.028 1251.72
514 2040.51 1946.04
515 1177.98 996.41
516 1773.52 110.573
517 1760.29 700.553
518 991.793 1913.94
519 221.984 633.1
520 1934.06 1237.81
521 343.312 1101.37
522 1148.53 330.872
523 1002.78 1850.5
524 17.4226 689.644
525 123.704 283.273
526 1880.46 1862.36
527 2049.48 2114.94
528 799.453 212.91
529 1731.81 1352.21
530 935.916 841.399
531 620.901 1303.32
532 748.308 1812.11
533 961.551 503.568
534 468.601 1324.56
535 20.1155 1679.41
536 1251.65 1671.88
537 808.84 937.415
538 1893.61 1196.25
539 82.3769 926.397
540 1557.48 1731.91
541 657.375 1445.18
542 1670.85 1485.79
543 793.955 1672.11
544 2158.57 1888.93
545 1540.81 732.746
546 840.187 1742.37
547 569.245 133.687
548 1990.77 1381.36
549 705.665 1891.45
550 1375.35 2002.85
551 918.091 1938.81
552 918.798 2210.92
553 2215.87 2226.74
554 1679.12 1154.04
555 1468.33 170.293
556 1139.52 2092.34
557 66.5115 824.253
558 1988.04 639.875
559 764.912 1081.58
560 465.599 968.397
561 96.3964 249.578
562 56.7102 338.932
563 1311.11 216.155
564 2135.17 1524.49
565 1356.5 1277.35
566 853.217 1639.49
567 1079.66 1215.87
568 239.012 1561.18
569 2188.62 2204.57
570 1761.56 978.852
571 1783.35 1112.01
572 362.137 1168.65
573 23.7729 1720.59
574 1453.07 1614.95
575 686.901 543.895
576 202.712 1529.72
577 1880.91 1956.57
578 964.498 1544.84
579 1504.29 1463.56
580 505.957 976.716
581 5.58556 1210.39
582 75.6485 1754.6
583 652.311 1470.54
584 1451.81 1774.53
585 1874.03 1360.5
586 1621.67 896.304
587 1881.74 7.66391
588 737.381 1980.49
589 300.522 2016.44
590 1845.31 751.127
591 1837.7 1037.89
592 1324.09 400.27
593 1664.34 905.054
594 1365.3 1294.5
595 1414.16 1108.67
596 116.755 310.059
597 1573.15 1990.35
598 463.027 846.634
599 292.196 748.978
600 1837.16 817.438
601 1760.79 788.552
602 1732.91 817.102
603 1050.86 934.322
604 1272.69 352.557
605 1708.9 184.52
606 646.291 930.765
607 908.014 48.0673
608 1897.33 294.097
609 1698.27 1197.64
610 1951.27 1650.64
611 61.6205 371.767
612 737.594 558.011
613 342.567 322.142
614 1004 1399.75
615 1879.4 783.553
616 473.844 1752.92
617 113.08 1248.34
618 1960.31 2119.73
619 1009.17 565.892
620 114.673 2093.53
621 1801.11 1148
622 1498.84 405.015
623 37.6591 1884.22
624 909.587 1532.36
625 1060.31 1075.07
626 219.831 1105.44
627 845.347 95.3889
628 1416.59 1814.76
629 736.206 644.749
630 1336.05 112.061
631 60.7827 515.058
632 2210.56 941.369
633 88.317 1479.93
634 226.88 299.21
635 1793.63 124.318
636 0.792199 718.714
637 890.675 2111.94
638 38.2658 1127.82
639 503.776 1002.3
640 1185.74 832.541
641 1575.79 629.644
642 541.656 829.425
643 981.379 2226.38
644 224.096 1314.79
645 2151.33 607.335
646 2154.52 602.556
647 583.536 1573.22
648 1988.02 369.391
649 1436.7 309.77
650 723.713 581.074
651 1125.96 1480.85
652 623.47 911.651
653 275.434 1035.84
654 1144.86 923.954
655 47.2385 760.757
656 372.955 1645.19
657 831.199 2198.92
658 2008.86 421.939
659 800.045 183.185
660 2140.5 1482.26
661 1718.33 787.606
662 1594.15 1678.75
663 1106.55 184.242
664 1418.14 1964.74
665 456.425 1707.17
666 1033.93 734.898
667 1973.18 916.676
668 1938.69 2138.95
669 1481.92 1753.35
670 236.522 1617.92
671 545.92 371.37
672 927.114 46.5949
673 1086.98 2171.87
674 85.9445 269.465
675 404.386 1256.65
676 229.42 215.415
677 1344.35 2131.03
678 1973.95 693.314
679 1240.48 1056.91
680 194.247 1476.25
681 1639.31 1348.13
682 314.081 1557.67
683 887.735 376.385
684 1886.86 2123.05
685 1417.6 459.651
686 1132.62 585.03
687 708.861 1622.47
688 841.927 1935.97
689 2071.37 541.112
690 1145.14 1958.1
691 1118.8 1900.03
692 1905.44 2196.27
693 1755.7 1589.13
694 581.787 740.314
695 744.381 687.539
696 501.011 308.412
697 519.978 1452.97
698 1507.74 1427.9
699 2219.79 436.715
700 4.36531 1219.87
701 922.836 164.271
702 1489.55 347.304
703 955.374 438.528
704 22.3821 1314.49
705 1743.75 695.163
706 160.641 1789.46
707 513.42 1021.12
708 1911.35 344.478
709 2222.14 2161.68
710 45.6928 2086.41
711 1862.73 954.821
712 123.675 2115.15
713 2166.04 2035.2
714 2017.45 1443.19
715 1264.12 129.422
716 463.645 459.125
717 1867.51 1054.78
718 1993.64 78.1275
719 1856.87 69.8438
720 643.591 706.236
721 500.87 2050.33
722 282.197 1885.63
723 732.235 943.655
724 670.899 2175.99
725 1788.12 382.199
726 2210.55 970.263
727 524.125 1721.23
728 276.166 1067.27
729 123.611 695.021
730 1252.69 2025.19
731 471.916 1163.82
732 2091.04 1271.64
733 1642.04 755.985
734 1627.68 1909.02
735 952.161 142.187
736 677.781 1403.85
737 301.356 163.604
738 910.895 1593.01
739 1911.4 704.676
740 1514.2 1967.23
741 1955.87 1360.86
742 470.003 1930.21
743 66.4804 563.37
744 345.871 1488.79
745 1520.29 446.736
746 1422.99 1760.84
747 105.675 2140.92
748 1248.37 59.5409
749 2036.48 569.081
750 657.513 2169.13
751 1712.95 592.628
752 912.538 455.988
753 1556.53 1743.9
754 1200.74 1024.63
755 1613.65 2066.91
756 1254.52 2019.99
757 567.613 1685.11
758 949.758 1818.36
759 1359.19 377.272
760 1970.26 1746.29
761 983.214 1818.91
762 1126.33 474.493
763 404.518 855.469
764 1181.29 2011.99
765 984.197 1575.95
766 791.421 1238.78
767 959.724 11.7653
768 1755.93 1549.36
769 546.762 1798
770 1951.59 1030.29
771 1747.02 2010.96
772 1674.96 1467.98
773 377.48 1569.68
774 378.313 1579.1
775 1328.73 9.40137
776 486.912 268.257
777 1760.29 441.183
778 2013.98 1125.91
779 1741.37 1259.83
780 569.355 1888.42
781 319.575 667.988
782 631.317 1861.8
783 940.61 158.095
784 998.348 1473.53
785 2038.52 987.505
786 1.38916 1864.73
787 1848.95 139.117
788 1689.5 1210.01
789 803.309 650.415
790 2207.51 928.872
791 2046.37 903.705
792 1412.58 2007.35
793 166.67 1016.08
794 781.586 1085.53
795 1393.35 784.201
796 465.019 1734.7
797 524.479 573.657
798 1851.59 538.573
799 455.686 54.5243
800 200.216 1300.62
801 1894.5 945.571
802 1837.46 778.557
803 2205.44 1267.99
804 109.382 187.978
805 1938.77 648.264
806 440.86 468.475
807 688.208 1543.64
808 1366.17 454.259
809 2165.46 1175.46
810 1142.46 615.396
811 705.746 866.657
812 1133.93 882.397
813 1067.04 1652.08
814 1780.04 1415.34
815 1409.15 890.797
816 1278.27 2037.49
817 1243.9 158.412
818 2011.86 1324.7
819 1085.5 198.4
820 1226.68 1069.34
821 1678.81 2227.91
822 680.02 333.91
823 1291.54 1208.59
824 2127.23 857.476
825 1072.47 1747.62
826 419.059 827.155
827 708.124 797.65
828 1806.49 1149.72
829 703.18 1598.58
830 893.31 709.28
831 848.469 1133.21
832 352.835 162.351
833 1430.39 737.825
834 1635.26 952.271
835 1542.29 1739.74
836 336.979 1631.67
837 2216.81 1517.22
838 385.726 2221.86
839 1437.86 2123.13
840 1289.02 1248.57
841 1385.3 1557.6
842 206.648 1755.5
843 1280.79 2084.63
844 1362.92 1499.38
845 436.342 985.989
846 1832.58 905.257
847 273.963 436.496
848 699.609 2085.09
849 1352.77 1620.32
850 1366.45 123.188
851 1474.4 1961.06
852 1634.78 1395.69
853 250.454 1653.84
854 1805.07 156.072
855 1130.86 322.384
856 1507.56 1360.06
857 453.42 1711.21
858 1164.71 1898.32
859 751.014 2196.65
860 2062.62 1159.76
861 1060.92 1859.84
862 1929.93 379.087
863 892.71 1852.83
864 85.8337 2024.56
865 31.2838 1892.05
866 1662.38 1605.57
867 151.485 702.287
868 1495.55 1224.94
869 255.366 2080.89
870 891.363 1745.06
871 1816.28 2183.42
872 1670.47 1791.91
873 639.98 1027.93
874 300.792 1432.39
875 755.512 13.2202
876 2101.93 970.041
877 1659.87 565.983
878 1421.97 1906.78
879 1125.22 1657.11
880 1345.18 102.516
881 442.562 1573.51
882 269.313 854.252
883 1060.54 2166.55
884 1843 1664.09
885 1958.41 1744.81
886 1751.96 1999.22
887 1754.97 1537.94
888 2199.04 327.28
889 1287.05 2170.75
890 672.871 368.578
891 1839.04 407.35
892 1283.75 67.4606
893 1634.68 994.058
894 1440.06 1967.88
895 730.374 127.538
896 467.506 1871.28
897 771.036 2038.67
898 1526.3 1520.98
899 1872.02 2214.2
900 1907.1 1240.88
901 999.593 225.79
902 253.362 1832.25
903 1187.01 929.529
904 293.921 748.751
905 1848.07 2009.71
906 1512.53 1231.9
907 540.981 160.975
908 2093.9 1513.79
909 1519.78 1319.36
910 539.265 1135.14
911 1698.02 1011.84
912 898.37 1851.2
913 1050.96 1448.67
914 121.044 862.822
915 1807.33 808.775
916 1936.14 1612.97
917 1649.58 464.803
918 444.565 779.048
919 1301.55 356.449
920 431.198 1728.03
921 1791.23 489.19
922 2148.28 1257.3
923 1538.98 1086.47
924 147.792 52.6953
925 2009.34 776.224
926 2031.78 165.83
927 1689.03 1108.89
928 154.742 438.882
929 1453.02 762.153
930 2087.84 1763.87
931 1226.55 1970.45
932 1049.63 608.418
933 1875.92 1485.83
934 1494.77 1389.57
935 600.158 1612.07
936 1825.93 1660.89
937 1855.51 1595.52
938 852.727 1188.12
939 580.234 989.442
940 1230.06 1159.15
941 379.452 1906.72
942 529.396 1190.18
943 1188.9 1740.61
944 1411.36 1796.69
945 689.827 741.933
946 2212.71 218.557
947 371.033 764.35
948 403.236 385.123
949 280.868 1966.52
950 1095.89 463.577
951 287.117 157.862
952 1524.88 1401.04
953 1842.09 197.944
954 340.433 756.581
955 1709.75 44.4036
956 1608.1 1463.34
957 1494.52 1329.61
958 24.9304 513.551
959 1855.19 1869.96
960 957.212 284.571
961 214.187 66.5366
962 1171.73 781.643
963 489.027 682.031
964 1628.59 1972.74
965 1994.28 385.484
966 45.7257 488.989
967 200.073 1041.21
968 1902.23 2064.01
969 256.84 469.493
970 321.864 1273.94
971 314.552 1082.26
972 1948.91 1074.9
973 1315.62 1773.13
974 121.134 561.937
975 1300.1 1427.03
976 1724.04 2104.39
977 1329.08 1241.92
978 1662.45 1931.33
979 308.111 786.708
980 1423.72 1684.92
981 2136.91 1487.71
982 746.701 65.9024
983 676.076 1648.53
984 103.201 13.7238
985 677.192 69.514
986 1487.87 475.193
987 2230.26 1865.47
988 880.016 1235.56
989 221.617 971.072
990 1091.65 212.279
991 2097.52 922.368
992 459.8 759.567
993 1630.02 780.233
994 540.299 1519.99
995 617.248 119.057
996 498.113 733.085
997 1224.68 143.327
998 118.289 271.335
999 242.178 302.174
1000 277.479 1679.75
1001 2169.6 1091.45
1002 912.907 1468.09
1003 1438.2 365.563
1004 882.588 1748.32
1005 513.391 142.881
1006 1954.98 764.776
1007 1883.91 2022.48
1008 2174.52 559.418
1009 2208.14 793.276
1010 1609.94 128.715
1011 171.394 631.083
1012 1790.23 1527.82
1013 648.851 1277.31
1014 1001.49 883.998
1015 1905.11 2013.5
1016 406.796 156.085
1017 601.117 1110.54
1018 773.295 1507.87
1019 2050.86 1062.36
1020 681.169 787.908
1021 125.907 1305.19
1022 2212.84 1282.93
1023 1109.41 664.652
1024 1197.62 609.09
1025 745.649 2046.41
1026 1126.37 1708.55
1027 1298.3 691.662
1028 1638.71 181.587
1029 1674.54 850.97
1030 949.699 1675.21
1031 2152.54 1880.66
1032 1792.06 1283.38
1033 547.867 1941.24
1034 533.258 2173.44
1035 155.947 1384.37
1036 1761.74 1196.23
1037 508.502 501.877
1038 1435.68 2044.14
1039 744.22 1614.49
1040 2139.06 2080.61
1041 1105.34 804.959
1042 2165.48 1150.91
1043 2017.51 1117.61
1044 2081.92 64.2201
1045 1075.42 1456.09
1046 1803.34 1406.92
1047 985.295 1212.56
1048 637.775 1957.88
1049 1330.76 712.414
1050 1237.58 1087.94
1051 2093.56 1593.09
1052 1187.95 168.162
1053 1423.89 261.278
1054 1698.68 291.88
1055 158.741 1979.2
1056 788.14 1731.34
1057 324.908 595.023
1058 1023.52 875.343
1059 1602.22 815.356
1060 1872.85 1897.73
1061 2186.49 384.562
1062 1314.41 1288.61
1063 1744.84 10.8572
1064 1388.9 995.985
1065 391.493 1683.31
1066 627.533 165.8
1067 2120.43 1344.8
1068 92.4278 280.132
1069 1943.97 1900.87
1070 892.612 723.831
1071 1131.68 808.205
1072 1343.31 1484.29
1073 1901.03 732.24
1074 467.915 259.705
1075 2169.05 735.122
1076 1479.84 2020.76
1077 1360.34 2124.63
1078 2044.95 1310.7
1079 725.682 1990.02
1080 927.569 709.678
1081 1891.28 14.8329
1082 2154.3 191.824
1083 1997.97 280.236
1084 1525.34 342.487
1085 450.052 1514.17
1086 1813.62 1136.03
1087 180.999 402.767
1088 1791.28 110.937
1089 2061.82 1153.07
1090 546.131 1897.93
1091 963.286 1212.88
1092 345.789 324.918
1093 72.008 743.678
1094 1123.14 482.738
1095 118.466 763.16
1096 101.498 41.1229
1097 606.091 557.961
1098 1613.75 1696.38
1099 1851.69 2173.94
1100 1866.49 635.179
1101 1642.34 28.7999
1102 2059.81 588.638
1103 2177.46 1113.08
1104 851.407 1778.78
1105 1304.83 1226.13
1106 1022.51 227.722
1107 1184.14 616.051
1108 2169.08 377.818
1109 663.667 1009.78
1110 842.533 1928.97
1111 551.557 1075.05
1112 538.642 1419.03
1113 1353.43 657.548
1114 914.323 606.494
1115 1576.42 1940.6
1116 2175.15 1290.25
1117 1942.9 1536.78
1118 1288.49 88.6207
1119 193.445 334.344
1120 27.0364 269.938
1121 734.285 1513.44
1122 1360.67 1815.37
1123 399.361 1078.17
1124 2187.12 1289.66
1125 2173.84 1188.88
1126 2003.45 149.851
1127 1549.32 55.9912
1128 1341.06 541.295
1129 603.585 2026.8
1130 732.289 2091.58
1131 1050.62 2212.28
1132 2003.65 489.872
1133 1695.57 1696.82
1134 2017.87 1930.07
1135 317.086 787.538
1136 2141.86 333.379
1137 705.812 1923.51
1138 1275.74 1975.44
1139 1053.22 344.965
1140 688.31 8.3136
1141 897.532 1896.32
1142 1172.84 930.36
1143 1101.98 1552.13
1144 1581.26 439.394
1145 1481.15 1174.35
1146 1682.86 208.916
1147 6.56447 1706.51
1148 2165.18 1308.94
1149 1596.55 1002.51
1150 1956.79 769.441
1151 993.099 1334.83
1152 1295.22 1067.21
1153 87.9567 688.789
1154 1874.81 1864.19
1155 2224.68 22.9993
1156 279.636 738.966
1157 581.115 2033.18
1158 973.848 2205.34
1159 567.953 1158.97
1160 739.12 987.133
1161 1460.05 1423.7
1162 1926.85 661.282
1163 351.34 1153.06
1164 772.609 149.072
1165 1134.83 1722.02
1166 1214.42 2074.99
1167 1522.14 450.618
1168 400.896 164.849
1169 1043.25 413.007
1170 961.696 2174.95
1171 1419.19 769.847
1172 1412.88 603.837
1173 461.686 852.22
1174 814.508 1513.91
1175 1465.5 985.559
1176 308.324 1414.49
1177 2183.36 1171.8
1178 921.957 1445.34
1179 1767.92 372.552
1180 1288.81 419.559
1181 1641.53 1646.38
1182 1386.23 609.523
1183 1301.71 484.481
1184 442.463 150.272
1185 65.1192 421.628
1186 977.718 1856.01
1187 1541.98 2164.24
1188 1080.53 805.946
1189 2215.95 798.177
1190 728.704 2191.67
1191 2065.73 1484.96
1192 1356.05 446.342
1193 1395.84 1166.48
1194 1201.66 1802.54
1195 540.276 72.0351
1196 1682.91 653.799
1197 2004.73 1837.43
1198 1033.79 1596.44
1199 711.991 1472.78
1200 677.382 534.489
1201 77.8103 302.666
1202 2078.6 2103.63
1203 1126.2 1597.84
1204 824.078 666.271
1205 265.675 1824.67
1206 786.638 2122.91
1207 2120.87 2098.17
1208 2051.27 1463.43
1209 1895.5 816.878
1210 1693.09 1115.58
1211 1215.96 842.667
1212 1612.88 2202.25
1213 543.543 451.052
1214 1462.59 645.497
1215 1222.55 940.466
1216 1408.95 93.3833
1217 507.84 332.468
1218 345.571 625.368
1219 587.471 1122.34
1220 956.139 984.93
1221 1586.05 75.0933
1222 100.995 181.771
1223 2063 341.994
1224 396.125 1201.03
1225 1920.61 655.992
1226 327.193 372.79
1227 1831.3 1960.76
1228 1032.88 1635.2
1229 466.778 1318.7
1230 1953.57 591.633
1231 250.492 701.882
1232 1064.36 1898.1
1233 250.419 1766.53
1234 1288.16 686.346
1235 1949.9 1256.78
1236 841.188 2155.34
1237 1362.37 942.651
1238 1684.96 1407.76
1239 589.606 1727.93
1240 1451.27 1990.09
1241 477.311 226.34
1242 1887.64 1991.5
1243 2004.02 530.835
1244 2015.83 1043.62
1245 931.814 1600.89
1246 750.74 1865.17
1247 347.863 1720.16
1248 968.666 2099.33
1249 564.978 860.213
1250 2227.36 1123.98
1251 198.887 1405.41
1252 32.0178 1579.51
1253 1130.37 1873.4
1254 384.918 1079.89
1255 1536.36 945.161
1256 858.139 600.274
1257 832.405 2088.9
1258 98.7106 900.421
1259 709.708 1403.46
1260 1553.53 208.982
1261 1585.04 1890.07
1262 775.291 914.988
1263 542.403 549.267
1264 836.294 2089.78
1265 1354.62 308.823
1266 2218.53 506.343
1267 377.28 2067.99
1268 1446.24 259.128
1269 1125.84 1976.79
1270 1592.12 1381.03
1271 1116.18 1863.54
1272 2059.93 937.49
1273 535.216 356.896
1274 1462.2 450.784
1275 890.583 1331.5
1276 703.967 2126.34
1277 909.009 854.711
1278 1278.05 151.104
1279 543.175 1703.92
1280 810.693 39.9492
1281 1691.07 657.759
1282 573.098 864.375
1283 655.484 719.509
1284 1949.12 367.244
1285 618.197 690.911
1286 2138.74 1874.48
1287 891.966 928.846
1288 23.5285 2005.02
1289 1760.45 530.617
1290 1155.89 2155.15
1291 463.956 1759.3
1292 696.531 2100.06
1293 834.498 737.898
1294 1812.85 599.551
1295 1122.06 843.228
1296 1743.31 944.72
1297 1807.79 277.111
1298 51.4002 1591.92
1299 328.19 1445.77
1300 543.646 2219.88
1301 289.616 2209.63
1302 1536.03 1198.85
1303 227.738 1213.2
1304 1754.7 1982.05
1305 1527.41 1569.44
1306 562.121 1376.93
1307 1369.67 1820.51
1308 1715.86 1288.02
1309 164.439 854.891
1310 1893.74 1786.33
1311 1911.81 1654.1
1312 1212.42 98.8173
1313 946.053 453.09
1314 2155.69 1629.69
1315 2208.77 1468.07
1316 1845.78 698.464
1317 636.577 816.901
1318 654.622 979.8
1319 1576.39 232.84
1320 1088.4 1779.57
1321 1689.63 942.465
1322 1978.42 550.686
1323 975.885 215.262
1324 722.143 408.579
1325 1560.8 834.519
1326 1104.01 1125.7
1327 1406.98 167.118
1328 1277.04 1586.88
1329 1586.17 2091.47
1330 1069.02 1361.56
1331 849.411 1869.77
1332 1598.65 254.659
1333 161.228 1010.88
1334 630.395 1298.71
1335 1657.94 101.091
1336 889.695 1313.87
1337 1241.56 1461.19
1338 723.764 987.642
1339 515.565 1825.29
1340 1898.01 995.948
1341 989.41 52.9638
1342 1154.37 983.537
1343 462.952 1952.28
1344 1012.56 1839.76
1345 1469.41 2159.62
1346 1302.14 847.999
1347 1106.62 1196.71
1348 535.078 768.253
1349 1698.4 433.366
1350 1777.73 581.837
1351 1357.91 1520.51
1352 1131.74 782.221
1353 1192.53 345.325
1354 1411.3 2173.68
1355 851.23 113.525
1356 1183.39 515.944
1357 789.401 1862.15
1358 1203.57 1621.73
1359 840.611 865.167
1360 95.0624 2013.39
1361 1838 1147.79
1362 1688.37 821.104
1363 1753.65 1097.88
1364 1487.16 640.082
1365 1825.09 1985.94
1366 475.285 942.602
1367 1767.6 576.277
1368 970.769 18.069
1369 210.837 2116.02
1370 1311.26 1015.67
1371 589.566 1468.1
1372 50.1093 1927.16
1373 1479.62 2088.28
1374 358.839 626.921
1375 644.244 2061.73
1376 196.688 2229.25
1377 1042.36 592.05
1378 869.07 2083.65
1379 1354.74 909.138
1380 115.568 1959.65
1381 1015.29 1262.87
1382 421.026 1677.05
1383 1050.59 741.461
1384 421.477 933.762
1385 1435.27 1362.07
1386 1674.85 2215.28
1387 959.197 1702.61
1388 1048.68 1852.89
1389 157.074 297.167
1390 906.082 1060.28
1391 100.944 792.041
1392 578.108 1652.2
1393 953.101 1163.65
1394 955.832 978.875
1395 400.042 2214.71
1396 414.407 1028.92
1397 822.582 1724.31
1398 407.585 1886.47
1399 1025.58 467.878
1400 660.416 2149.42
1401 782.974 593.96
1402 384.55 1687.67
1403 1612.38 977.983
1404 1140.43 2015.02
1405 1847.67 995.587
1406 1381.11 1591.37
1407 239.311 1537.39
1408 754.16 1227.62
1409 1624.84 187.648
1410 1962.58 705.403
1411 884.67 345.761
1412 412.395 885.412
1413 79.0225 1538.44
1414 607.898 1711.61
1415 1487.99 1773.5
1416 1574.38 1577.16
1417 846.739 623.902
1418 1596.31 928.372
1419 103.638 869.198
1420 503.404 384.969
1421 945.985 733.851
1422 703.011 642.302
1423 1778.74 993.855
1424 1548.75 1198.3
1425 1242.36 1730.63
1426 637.073 576.776
1427 710.832 1724.77
1428 946.174 1660.83
1429 2197.68 1945.24
1430 834.437 1624.41
1431 60.8532 896.707
1432 629.656 1053.29
1433 459.409 945.887
1434 2123.66 2018.45
1435 1232.69 1045.35
1436 1511.93 840.602
1437 1817.61 1721.69
1438 759.259 2031.32
1439 1944.57 2127.44
1440 1281.67 2216.25
1441 132.237 1513.9
1442 1741.03 1800.86
1443 740.713 1827.05
1444 2018.31 57.6169
1445 187.702 967.489
1446 1952.36 129.825
1447 1777.09 102.7
1448 1940.37 27.5127
1449 1938.68 417.644
1450 443.238 1957.4
1451 1120.47 64.36
1452 1587.09 1153.93
1453 1470.88 1664.97
1454 1717.68 1213.69
1455 1720.12 368.155
1456 1278.97 2128.92
1457 2214.64 432.643
1458 830.51 330.198
1459 1484.38 2140.26
1460 984.125 1000.71
1461 289.407 2200.45
1462 517.517 1120.46
1463 1796.54 1193.45
1464 354.093 718.282
1465 262.24 2108.56
1466 1328.47 1499.52
1467 1200.54 1042.56
1468 2185.43 944.218
1469 1770.88 352.037
1470 256.026 1826.17
1471 1797 255.862
1472 566.108 2004.94
1473 1821.34 957.697
1474 1645.68 1325.17
1475 64.0406 1863.59
1476 406.285 2124.78
1477 666.612 58.7239
1478 115.932 1089.54
1479 96.3973 194.799
1480 1755.35 471.441
1481 2141.83 361.296
1482 1410 1068.01
1483 137.065 995.692
1484 835.237 1550.07
1485 1035.79 1413.65
1486 936.385 1964.64
1487 603.104 1885.56
1488 1076.38 2142.99
1489 321.629 2009.1
1490 1952.08 753.424
1491 382.715 572.487
1492 440.785 908.587
1493 399.233 588.816
1494 1789.95 371.564
1495 1492.45 1403.07
1496 447.781 2066.8
1497 770.966 666.22
1498 584.609 1359.5
1499 258.796 1622.49
1500 605.718 731.73
1501 85.2281 1370.12
1502 1268.08 926.211
1503 139.589 1493.54
1504 1782.99 1266.74
1505 107.877 1527.43
1506 1371.5 1594.78
1507 44.9766 1489.21
1508 843.799 1688.87
1509 1185.06 371.119
1510 544.177 1177.39
1511 1364.57 1017.44
1512 1407.04 1745.1
1513 1485.92 1704.93
1514 39.8898 1789.62
1515 1902.26 70.0798
1516 1156.02 1311.57
1517 1107.92 10.5701
1518 1032.98 1400.92
1519 1214.58 1271.15
1520 20.842 926.783
1521 1762.15 1736.59
1522 2005.59 1191.3
1523 14.1453 1301.06
1524 441.305 1235.49
1525 943.668 92.0017
1526 1436.86 996.798
1527 525.333 862.57
1528 128.017 316.487
1529 1960.05 1858.29
1530 973.92 2103.63
1531 1860.27 865.862
1532 930.193 1171.46
1533 2044.01 1696.89
1534 1294.8 481.927
1535 2106.88 717.668
1536 804.755 1158.35
1537 1809.26 2070.57
1538 1748.47 1624.62
1539 1045.17 92.023
1540 1761.54 1721.52
1541 1592.93 145.585
1542 79.2564 325.305
1543 761.987 526.334
1544 1744.45 993.182
1545 1458.83 93.4098
1546 1068.22 2028.55
1547 2138.13 661.378
1548 1075.82 2199.44
1549 2112.55 432.645
1550 1374.62 1759.94
1551 152.659 1755.86
1552 125.344 1763.51
1553 1192.29 1278.4
1554 244.721 589.758
1555 559.895 2133.78
1556 1578.89 467.663
1557 1164 1191.86
1558 627.907 192.432
1559 526.644 2082.93
1560 192.93 2177.05
1561 809.23 305.243
1562 582.101 1280.14
1563 1406.89 317.593
1564 1540.47 2067.93
1565 1359.04 1842.44
1566 1221.48 1338.58
1567 1449.27 1735.37
1568 964.369 194.134
1569 1147.1 547.853
1570 106.042 182.159
1571 185.136 563.494
1572 18.7951 526.685
1573 1760.88 2168.54
1574 610.158 486.316
1575 925.249 872.349
1576 1408.67 1368.73
1577 161.928 1709.6
1578 668.07 1286.14
1579 1441.62 748.778
1580 1028.25 2149.13
1581 2096.57 309.413
1582 1076.96 99.0735
1583 799.681 1113.32
1584 1506.68 1329.49
1585 1564.18 1065.96
1586 793.178 1210.12
1587 97.0499 1803.5
1588 748.604 2044.45
1589 297.613 1019.8
1590 1586.65 421.302
1591 105.011 1781.3
1592 244.231 688.536
1593 874.598 794.384
1594 1613.03 1749.28
1595 1257.33 805.974
1596 1832.37 899.988
1597 1782.17 1413.66
1598 1601.93 2109.55
1599 172.647 2216.59
1600 1916.57 1788.19
1601 1335.64 1424.75
1602 386.901 326.673
1603 997.179 567.716
1604 1475.64 329.703
1605 1604.77 1721.02
1606 1363.9 2109.77
1607 150.782 673.763
1608 1493.42 728.612
1609 1276.21 1186.94
1610 1749.45 1448.7
1611 146.89 1169.21
1612 371.796 1493.91
1613 2040.1 1554.45
1614 411.984 414.137
1615 1557.13 443.784
1616 408.272 458.154
1617 1816.3 2189.5
1618 636.686 98.162
1619 359.53 740.126
1620 1749.78 461.149
1621 2030.43 621.815
1622 1934.25 1744.36
1623 1873.38 735.838
1624 127.703 571.626
1625 378.906 221.723
1626 917.523 281.309
1627 507.969 1694.63
1628 401.734 1067.89
1629 55.356 1080.19
1630 1886.51 131.33
1631 363.071 473.592
1632 409.948 1115.11
1633 1306.5 1143.41
1634 101.698 1283.91
1635 1754.45 957.535
1636 1050.62 2126.64
1637 1916.2 432.378
1638 26.7907 1032.94
1639 1417.18 236.818
1640 1412.83 1670.57
1641 1047.71 718.523
1642 664.539 2153.21
1643 1962.84 1199.27
1644 943.277 501.316
1645 720.539 1074.89
1646 1747.01 2119.03
1647 1791.16 818.986
1648 1101.9 1660.2
1649 1216.6 1318.45
1650 2023.36 2223.41
1651 1128.75 1471.86
1652 370.278 2144.75
1653 1509.97 450.804
1654 1584.61 1286.12
1655 2141.04 1392.26
1656 1999.97 1919.53
1657 2114.72 1983.4
1658 1181.04 1823.25
1659 1178.03 860.591
1660 272.521 2200.56
1661 399.742 49.4241
1662 743.386 846.828
1663 1965.96 1949.9
1664 754.01 14.4116
1665 406.483 1039.28
1666 1945.02 1756.96
1667 415.105 2112.4
1668 2157.97 906.282
1669 1113.69 450.01
1670 1568.47 1959.88
1671 9.99231 1858.34
1672 413.503 612.974
1673 192.476 1456.9
1674 1532.91 1083.79
1675 576.024 1995.22
1676 467.355 606.042
1677 1803.6 1536.82
1678 2000.13 1630.68
1679 836.658 1162.64
1680 278.965 1814.1
1681 1577.39 1618.96
1682 114.475 536.208
1683 463.571 1951.43
1684 1422.73 1820.67
1685 508.107 604.506
1686 1232.62 1428.85
1687 210.453 740.884
1688 856.136 1057.6
1689 1155.3 634.522
1690 319.349 1589.24
1691 352.17 53.2353
1692 743.21 1555.29
1693 518.091 1464.94
1694 1975.73 1731.2
1695 860.015 2047.01
1696 620.593 1574.54
1697 565.397 859.006
1698 928.932 371.195
1699 111.082 579.591
1700 1024.32 1654.92
1701 482.141 884.372
1702 528.778 317.469
1703 76.8007 2118.27
1704 1452.48 1627.4
1705 1741.37 1000.3
1706 204.252 104.198
1707 505.303 986.769
1708 622.716 2208.12
1709 1643.76 1300.39
1710 319.212 2171.21
1711 1482.17 1958.49
1712 2089.85 870.743
1713 2010.11 1857.69
1714 1595.75 180.139
1715 759.798 187.955
1716 35.3461 1726.8
1717 1787.66 105.31
1718 1568.92 1132.76
1719 2211.19 1907.8
1720 1864.57 2220.23
1721 496.175 1363.29
1722 754.738 1522.47
1723 1388.95 213.964
1724 70.4226 960.111
1725 822.941 669.379
1726 1768.5 641.866
1727 1756.3 791.662
1728 957.347 739.193
1729 1720.61 1624.77
1730 1561.08 1794.98
1731 794.288 521.314
1732 578.793 1017.5
1733 1567.99 1499.27
1734 1510.74 1439.46
1735 62.4415 2059.42
1736 1714.45 2002.15
1737 1633.62 815.192
1738 1981.3 1677.67
1739 1296.61 1724.88
1740 2184.56 708.507
1741 1944.94 1579.94
1742 1778.46 190.144
1743 247.621 29.9378
1744 28.0436 1202.23
1745 1110.69 1086.93
1746 1934.1 1553.48
1747 1322.69 1644.62
1748 671.985 1021.84
1749 1312.1 1434.18
1750 834.844 1518.29
1751 1853.45 1003.27
1752 1100.51 100.436
1753 1433.68 1368.58
1754 1885.54 8.98063
1755 517.987 945.157
1756 716.726 489.439
1757 1601.05 1016.17
1758 316.775 1955.51
1759 369.09 1714.1
1760 1925.72 395.826
1761 953.219 2078.59
1762 255.443 911.443
1763 864.186 904.359
1764 896.237 498.957
1765 144.201 243.842
1766 993.426 1737.16
1767 570.883 353.252
1768 1624.22 1357.61
1769 162.8 646.439
1770 1131.05 619.414
1771 1260.44 563.08
1772 2112.74 46.4405
1773 1098.9 1716.19
1774 205.816 712.616
1775 1416.47 1534.78
1776 2058.41 2187.91
1777 1625.77 1619.73
1778 1343.4 1950.2
1779 382.822 869.741
1780 1544.37 519.741
1781 1114.63 1457.33
1782 417.672 1835.34
1783 150.711 830.128
1784 1776.21 1241.42
1785 1452.23 800.1
1786 863.42 1583.68
1787 1685.34 2206.83
1788 755.506 1843.79
1789 1884.8 2175.41
1790 682.232 485.001
1791 1814.74 1199.11
1792 167.468 532.806
1793 1049.33 84.4008
1794 1757.41 1472.83
1795 2069.59 796.332
1796 708.101 964.025
1797 1993.61 738.586
1798 1969.49 124.384
1799 596.814 504.373
1800 2183.83 305.264
1801 160.97 1119.37
1802 1866.41 308.619
1803 293.689 1209.47
1804 418.027 175.531
1805 668.168 591.574
1806 776.473 1976.97
1807 441.822 871.941
1808 2079.88 1398.17
1809 801.064 1268.62
1810 1004.65 1852.44
1811 496.534 195.407
1812 1027.33 821.349
1813 1269.16 646.93
1814 1789.44 79.7905
1815 979.488 2109.85
1816 2094.88 806.022
1817 640.551 1677.75
1818 1428.87 1970.41
1819 1898.13 962.266
1820 1914.98 1078.38
1821 479.8 1627.4
1822 334.863 773.177
1823 368.139 1757.25
1824 1894.46 228.817
1825 117.812 1784.9
1826 1257.33 926.655
1827 1117.07 1694.6
1828 1613.19 1927.61
1829 949.376 54.1166
1830 757.027 1291.58
1831 1168.18 1609.84
1832 2175.38 981.63
1833 687.583 1217.48
1834 1641.12 1130.32
1835 698.881 2010
1836 1715.12 807.996
1837 298.423 566.325
1838 38.4769 1630.28
1839 1350.67 1632.27
1840 1726.86 897.685
1841 414.993 1826.54
1842 27.718 406.157
1843 439.303 2217.41
1844 2190.34 747.632
1845 607.081 942.897
1846 1167.41 1415.73
1847 227.063 583.159
1848 2227.44 931.054
1849 1338.3 897.445
1850 1542.63 207.621
1851 1784.68 227.003
1852 2083.53 1374.91
1853 1853.27 991.238
1854 558.501 490.317
1855 1787.06 733.197
1856 425.209 2221.08
1857 199.561 2155.93
1858 2173.46 396.922
1859 794.106 1615.13
1860 1086.39 1760.74
1861 2143.41 638.334
1862 1583.04 1434.16
1863 558.711 1454.94
1864 785.373 2099.52
1865 2052.89 596.804
1866 1599.76 15.7309
1867 1087.83 1367.19
1868 1262.34 918.823
1869 1096.87 1088.42
1870 1403.78 195.326
1871 1678.14 67.1463
1872 1553.23 719.37
1873 2050.4 785.024
1874 996.253 1359.16
1875 1937.79 727.068
1876 1035.59 1495.26
1877 2048.91 2185.39
1878 167.737 630.001
1879 844.564 1314.15
1880 879.024 451.432
1881 1517.2 469.528
1882 1648.69 1260.93
1883 1808.58 1794.13
1884 922.288 654.542
1885 1949.5 1177.94
1886 904.637 1178.64
1887 567.486 1437.27
1888 761.784 2129.16
1889 259.545 384.465
1890 1724.31 1000.55
1891 941.161 1993.79
1892 1418.36 302.9
1893 1556.42 633.661
1894 1999.57 1384.91
1895 633.942 440.289
1896 1118.69 1378.09
1897 1220.09 1091.69
1898 681.633 1572.46
1899 2074.68 1100.77
1900 854.532 909.014
1901 529.634 1401.36
1902 1983.07 1476.22
1903 2097.33 1014.01
1904 1029.96 1291.21
1905 2227.61 788.546
1906 635.465 1833.18
1907 1131.75 2168.22
1908 507.317 2195.03
1909 1148.57 1309.26
1910 989.778 587.203
1911 479.601 535.189
1912 611.97 1119.45
1913 1370.55 1003.98
1914 1762.9 197.502
1915 1865.98 1700.05
1916 1044.39 1821.76
1917 335.061 1520.72
1918 1644.25 1428.03
1919 837.936 1364.27
1920 574.726 1359.85
1921 338.152 752.57
1922 143.665 2086.33
1923 156.519 1542.07
1924 258.537 1947.93
1925 1531.01 1250.96
1926 1191.07 1671.44
1927 898.228 1037.7
1928 548.977 246.885
1929 970.119 27.7309
1930 1925.79 611.605
1931 1302.26 1670.2
1932 1947.78 624.362
1933 405.583 444.54
1934 121.493 454.394
1935 2175.01 1336.32
1936 599.646 36.6865
1937 1938.03 599.328
1938 1449.03 150.466
1939 617.225 805.516
1940 1437.78 1853.4
1941 2015.56 1455.94
1942 1410.44 1203.71
1943 2039.99 662.276
1944 184.186 1828.15
1945 1648.78 1380.03
1946 316.073 1588.89
1947 1206.12 91.3153
1948 855.295 1567.08
1949 2205.33 1390.76
1950 2094.83 1857.62
1951 439.576 2020.42
1952 2126.1 37.9027
1953 33.5937 1069.74
1954 1321.29 2065.58
1955 519.951 1590.27
1956 328.653 1811.43
1957 174.783 2162.36
1958 1161.83 1251.55
1959 1708.4 181.315
1960 227.136 1696.12
1961 795.118 619.465
1962 1904.49 1149.76
1963 1808.18 1505.6
1964 1817.21 1272.5
1965 890.43 1772.87
1966 294.864 1952.79
1967 753.824 457.806
1968 1025.97 796.956
1969 1941.27 1668.89
1970 725.677 1516.32
1971 1871.42 230.039
1972 2194.97 2057.09
1973 1598.46 1825.55
1974 1112.08 900.293
1975 1647.82 2099.31
1976 1249.49 1402.37
1977 444.687 1128.02
1978 1895 1626.3
1979 1445.96 788.174
1980 2195.1 539.533
1981 62.3331 496.464
1982 1893.22 404.975
1983 1942.38 217.734
1984 1046.66 2101.57
1985 599.483 380.796
1986 2089.44 2172.46
1987 135.393 1840.27
1988 1071.57 1846.56
1989 1338.29 1944.05
1990 979.011 742.533
0 413 61.2546
0 484 83.6781
0 1451 99.064
0 1517 87.3016
1 809 11.1446
1 1042 46.3165
1 1125 15.1825
1 1177 23.3307
2 149 48.4678
2 241 78.8329
2 261 51.629
2 1187 80.2973
3 5 105.677
3 604 25.5162
3 919 31.3875
4 89 27.9158
4 540 70.1136
4 753 58.4794
4 835 76.3683
4 1594 49.8785
4 1730 66.2371
4 1973 77.0499
5 325 98.6162
5 522 63.4762
5 1353 41.817
5 1509 77.9918
6 203 54.4983
6 786 65.1703
6 1514 45.8719
6 1671 40.161
7 1287 4.50323
7 1575 69.4571
7 1763 51.893
7 1900 59.2373
8 608 75.8186
8 1297 109.809
8 1802 56.3704
8 1824 73.2697
8 1971 33.9606
9 42 104.544
9 1533 60.917
9 1678 73.3289
9 1738 45.4533
10 366 70.6461
10 670 43.4603
10 1499 72.6678
11 38 46.6827
11 645 76.6548
11 646 48.1149
11 1547 59.7732
11 1861 44.3696
12 309 15.5467
12 1379 13.0154
12 1849 14.839
13 401 29.4308
13 1625 42.4696
13 1804 119.897
14 840 54.8597
14 977 75.568
14 1062 28.1279
15 58 67.7645
15 589 102.71
15 869 89.0563
16 483 16.1267
16 1613 52.9009
16 1678 78.8199
17 1027 98.5638
17 1049 96.1499
17 1234 52.0532
17 1813 127.913
18 631 74.4689
18 743 26.5793
18 1572 40.3685
19 143 44.7954
19 758 74.0077
19 1766 59.3985
19 1965 66.2356
20 563 139.772
20 850 76.1589
20 1327 78.6708
20 1723 66.3807
20 1870 75.4833
21 637 48.8094
21 1236 67.8623
21 1257 47.1895
21 1264 70.8733
21 1378 70.817
22 320 39.1507
22 576 5.26585
22 1407 44.1667
22 1923 65.1535
23 172 39.1299
23 1044 85.7564
23 1772 59.8962
24 58 100.934
24 343 70.5752
24 1055 60.502
25 1029 37.2572
25 1362 54.4305
25 1737 34.506
26 801 50.5756
26 1340 10.2578
26 1819 47.4345
26 1853 74.5604
27 799 105.487
27 1661 134.653
27 1691 203.417
28 57 18.14
28 1180 77.3254
28 1183 70.0125
28 1534 75.0916
29 648 94.9567
29 658 29.1401
29 965 71.5757
29 1223 129.832
30 328 44.9833
30 1294 64.2248
30 1726 35.1917
31 92 58.2098
31 933 112.875
31 1117 45.129
31 1746 65.6381
32 308 69.5279
32 371 45.2514
32 1337 79.8494
33 917 30.4013
33 1144 65.8033
33 1556 81.3975
34 225 10.686
34 617 69.701
34 1611 44.9436
35 427 48.7807
35 1069 48.5799
35 1656 27.8196
35 1663 45.0383
36 527 75.3377
36 1202 117.013
36 1650 97.5393
36 1776 56.3611
36 1877 61.604
36 1986 70.5846
37 315 70.5349
37 1437 51.5937
37 1915 28.9503
38 1740 82.8943
38 1861 97.5103
39 332 29.5457
39 370 51.8562
39 494 50.64
40 283 52.7987
40 1020 69.8536
40 1317 49.8021
40 1939 47.4071
41 230 68.7185
41 961 86.9008
41 1706 32.6552
41 1743 107.295
42 930 110.543
42 1533 45.2317
43 1554 60.0224
43 1837 55.1023
43 1847 34.6308
44 1429 81.8347
44 1719 93.3707
44 1972 135.357
45 627 51.1922
45 1164 72.5441
45 1355 45.67
46 851 66.1551
46 878 51.61
46 1711 78.3345
47 859 32.1663
47 1190 13.55
47 1888 73.8268
48 660 56.8431
48 981 64.5282
48 1191 82.6463
49 237 86.4068
49 399 90.1592
49 1455 84.2222
50 1017 15.1
50 1219 26.7258
50 1912 9.78562
51 803 22.9296
51 1022 7.44907
51 1124 36.8117
52 1205 23.1095
52 1233 66.3
52 1470 30.0897
52 1680 23.6922
53 201 42.5176
53 1356 10.941
53 1569 55.4305
54 157 78.8794
54 542 94.0179
54 1733 126.949
55 487 33.9448
55 1051 56.0225
55 1314 176.256
55 1613 51.5438
56 296 97.1705
56 613 39.8698
56 1092 48.5235
57 1180 52.8073
57 1183 81.7873
57 1534 54.679
58 589 58.2236
58 949 56.0502
58 1924 53.5765
59 143 71.5347
59 761 52.94
59 1916 50.0779
60 172 77.4576
60 323 86.9803
60 1155 183.202
60 1772 37.7804
60 1952 37.2795
61 1260 48.8423
61 1319 12.8098
61 1332 36.17
61 1850 72.8045
61 1714 47.4899
62 280 32.2253
62 302 79.3216
62 942 87.4218
62 1562 114.389
63 421 94.9404
63 905 104.444
63 1537 11.0842
64 262 51.974
64 558 25.7475
64 678 49.5122
64 805 62.7519
65 599 115.521
65 1156 87.4526
65 1687 77.181
66 339 59.1601
66 908 43.1603
66 1191 23.7036
66 1208 52.4512
67 84 107.293
67 983 57.5247
67 1427 60.7541
67 1817 42.6465
68 88 73.7042
68 675 51.4123
68 1224 41.4508
68 1524 50.2581
69 211 36.2887
69 1111 31.6968
69 1462 48.7209
70 1252 48.0702
70 1298 35.3418
70 1413 86.5088
71 719 70.2631
71 787 60.9378
71 1515 43.1142
71 1630 52.4477
72 1217 57.9027
72 1273 54.4171
72 1420 51.9877
73 127 40.3502
73 382 80.5651
73 462 35.0306
73 1018 60.8154
74 1151 86.2448
74 1275 74.775
74 1336 65.5912
75 732 30.814
75 818 121.992
75 1078 39.0077
76 317 59.3533
76 824 63.5133
76 1712 10.525
77 335 58.5775
77 512 67.2995
77 1833 62.7797
78 383 59.9472
78 714 42.0274
78 1808 51.2719
78 1852 74.7863
79 1337 47.4808
79 1686 44.4744
79 1846 81.7564
79 1976 98.5487
80 202 59.7938
80 1547 22.8091
80 1861 52.5379
81 221 32.9755
81 1220 48.876
81 1390 111.571
81 1394 42.8148
81 1927 55.1296
82 284 59.2463
82 989 42.0911
82 1333 75.048
82 1445 42.7043
83 1012 50.1804
83 1677 26.6787
83 1963 27.1992
84 274 75.4228
84 486 96.4596
84 1414 42.369
84 1427 85.3969
84 1817 96.5331
85 1442 29.9787
85 1521 65.0801
85 1883 90.7609
86 315 38.6504
86 1311 36.9483
86 1969 55.8439
87 112 60.5203
87 469 51.6338
87 574 75.2638
87 1704 107.184
88 675 49.1122
88 1224 106.287
88 1524 16.7552
89 1594 57.9632
89 1730 60.2333
89 1973 56.5825
90 481 47.3889
90 607 118.986
90 1280 56.0462
91 277 108.249
91 626 39.5402
91 1801 52.0407
92 1902 39.2587
92 1941 85.3486
93 443 25.3687
93 1317 23.736
93 1939 34.2638
94 698 37.429
94 934 44.2348
94 952 28.5695
94 1495 31.6437
94 1734 50.1128
95 210 64.3335
95 216 17.4292
95 223 42.7805
95 282 93.6574
96 703 67.2805
96 752 29.682
96 1313 48.1873
96 1880 36.8052
97 142 35.2635
97 151 36.1907
97 328 60.4134
97 1316 25.9132
98 958 12.996
98 966 68.668
98 1572 25.2758
99 380 53.5981
99 1606 58.9421
99 1954 19.2311
100 146 95.5392
100 984 156.303
100 1096 136.872
101 441 76.4493
101 1432 74.3826
101 1645 50.919
101 1748 56.9005
102 561 26.9009
102 674 9.95752
102 1068 33.2669
102 1120 72.5439
103 598 31.1993
103 1173 36.6964
103 1701 90.9732
104 294 39.948
104 1063 94.1493
104 1447 82.9967
104 1814 39.1012
105 708 34.3675
105 862 65.0868
105 1982 75.0445
106 815 96.4278
106 1175 68.2082
106 1526 72.1275
107 391 78.3713
107 1122 64.2094
107 1565 69.6386
108 995 59.3124
108 1195 93.9706
108 1618 47.4336
108 1936 46.1865
109 614 89.6371
109 784 31.0957
109 1178 103.276
109 1485 102.805
110 195 97.8869
110 365 79.1797
110 1261 60.0125
111 810 111.302
111 1023 103.304
111 1689 64.7403
112 841 66.0472
112 1775 62.7754
113 271 14.2397
113 836 66.5376
113 1499 77.0824
113 1690 26.965
113 1946 27.0546
114 279 124.994
114 980 46.4657
114 1513 72.3813
114 1567 51.1854
114 1640 68.6448
115 556 102.436
115 764 85.2126
115 1269 71.2349
115 1404 22.6992
115 1546 68.5665
116 199 48.1606
116 400 56.0945
116 433 63.8786
116 1535 60.1638
117 509 64.8075
117 518 61.6436
117 1232 81.3655
118 263 43.4149
118 418 32.8571
118 933 74.8895
119 454 69.7012
119 773 34.8419
119 774 32.1475
120 352 45.0962
120 1739 63.6772
120 1931 31.0617
121 762 47.7984
121 1094 82.0149
121 1669 67.9667
122 251 146.237
122 557 111.29
122 655 25.2101
122 1093 39.4544
122 1095 60.307
122 1391 64.4999
123 511 124.474
123 1114 49.4542
123 1256 88.5635
124 409 76.2256
124 563 17.287
124 1278 80.7317
125 153 25.6807
125 533 52.8623
125 619 66.2786
125 1399 98.0388
126 595 85.9457
126 1193 45.5607
126 1633 114.872
127 462 8.65559
127 1018 52.9841
127 1121 42.3619
127 1199 50.0742
128 412 39.3607
128 414 25.4465
128 846 33.7441
128 1596 43.4703
129 811 33.8541
129 827 59.3302
129 1662 58.3174
130 1002 91.8948
130 1178 101.99
130 1750 96.3937
131 512 40.9365
131 1578 37.727
131 1833 78.9978
132 473 120.384
132 721 122.139
132 1496 65.494
132 1951 13.4053
133 1476 53.3041
133 1652 22.1668
133 1667 75.1016
134 465 72.5333
134 686 72.1798
134 810 52.2456
134 932 97.6107
134 1023 79.2166
134 1770 32.8303
135 560 39.0099
135 1366 12.2581
135 1433 17.8377
136 1256 43.9103
136 1401 52.4669
136 1417 45.0133
136 1961 47.565
137 577 57.0212
137 905 47.4646
137 1015 47.9358
137 1227 59.7567
137 1242 35.6002
137 1365 46.0493
138 322 27.972
138 415 47.9345
138 1188 44.1482
138 1383 55.2492
139 313 86.6835
139 923 62.7326
139 1585 72.4632
139 1674 49.1219
140 181 74.2011
140 381 39.2413
140 896 20.3608
141 1437 35.3498
141 1521 61.0772
141 1540 61.3714
142 328 40.9661
142 1316 59.2911
143 758 90.7161
143 761 38.7543
143 1766 86.6939
144 877 124.161
144 1289 40.2447
144 1480 63.2207
144 1620 63.52
145 677 48.9439
145 889 63.7533
145 1077 78.2854
145 1456 68.8423
146 243 99.0711
146 1222 157.068
146 1570 128.879
147 176 67.5695
147 663 68.3211
147 819 42.985
147 990 62.6634
148 477 63.6922
148 731 81.6921
148 910 65.2971
148 1462 25.2502
149 241 51.5604
149 261 120.541
150 238 100.288
150 505 69.6684
150 1176 147.199
151 590 44.5154
151 1316 26.247
151 1623 51.9796
152 319 32.4631
152 647 30.4429
152 935 59.7728
152 1392 118.669
152 1696 55.4452
153 533 61.9479
153 1399 38.9071
154 868 68.2871
154 1145 87.8823
154 1942 46.9117
155 567 46.4259
155 1047 116.097
155 1347 92.2138
156 212 85.4926
156 1128 103.726
156 1172 79.7167
156 1182 100.696
157 542 131.969
157 866 84.545
158 781 38.4127
158 1218 117.2
158 1592 67.4581
159 205 97.8607
159 858 72.2645
159 1194 72.4861
159 1658 33.6354
160 1001 56.6276
160 1042 104.936
160 1103 54.627
161 640 47.2419
161 1211 92.9636
161 1659 20.4404
162 791 63.4999
162 991 16.8446
162 1272 32.6872
162 1712 92.209
163 1152 40.8786
163 1370 65.9725
163 1511 101.948
164 682 18.2917
164 1690 24.9133
164 1946 25.2843
165 856 45.2598
165 957 22.5843
165 1385 103.428
165 1584 32.3521
165 1753 72.8436
166 188 88.9652
166 776 16.0797
166 1074 24.962
166 1241 49.0558
166 1928 75.3191
167 198 24.2936
167 1026 15.7229
167 1165 45.1049
167 1773 38.3695
167 1827 16.9062
168 767 73.2828
168 1368 55.2046
168 1929 58.7531
169 862 30.6378
169 1449 35.2514
169 1637 28.5288
169 1760 11.5863
169 1982 58.2247
170 306 71.6823
170 550 35.2528
170 664 55.9485
170 792 66.2308
170 1778 83.5186
170 1989 81.1701
171 184 110.683
171 324 75.023
171 783 52.3385
171 901 86.337
171 1323 36.5794
171 1568 5.50566
172 1044 14.1091
172 1444 125.106
172 1772 44.6093
172 1952 84.454
173 498 58.9826
173 728 47.2238
173 971 80.9509
174 797 97.6619
174 963 105.851
174 1676 42.0282
174 1685 32.1853
175 808 46.4617
175 1128 87.5761
175 1192 59.7043
176 358 81.3875
176 442 52.5453
176 663 21.6418
176 819 59.2324
177 551 58.0578
177 688 81.3114
177 1110 71.292
177 1141 27.0278
177 1331 55.5801
178 382 79.0947
178 1259 87.9684
178 1919 67.7843
179 299 18.5215
179 1207 95.4024
179 1986 56.7704
180 1151 35.7957
180 1330 74.7131
180 1874 33.7355
181 381 42.0311
181 742 60.1519
181 896 60.4122
181 1033 77.8294
181 1090 84.7727
182 414 28.8446
182 1296 55.9953
182 1635 60.13
182 1840 67.9759
183 600 19.3591
183 615 80.8984
183 1209 49.2268
183 1531 57.7505
184 503 115.365
184 1626 82.6532
185 1516 32.0863
185 1566 91.1784
185 1649 82.5988
185 1909 33.5059
186 669 64.0192
186 1415 47.8166
186 1730 77.8942
187 326 48.1573
187 976 32.6396
187 1646 76.217
188 472 74.1628
188 1928 9.04485
189 544 15.2583
189 1031 29.0984
189 1286 42.5155
189 1429 78.8955
190 539 27.7458
190 1258 43.9667
190 1724 64.7337
191 651 102.922
191 1143 57.1707
191 1876 81.0235
192 589 63.6078
192 1267 62.6713
192 1489 76.7931
193 1197 58.8246
193 1713 55.5912
193 1950 71.0928
194 333 95.2536
194 355 87.1595
194 1703 106.015
195 365 17.8318
195 493 37.5458
195 597 95.0599
195 1115 24.7037
195 1670 28.724
196 438 110.693
196 1139 64.5232
196 1169 61.8451
196 1669 101.252
197 716 51.0559
197 1037 39.1875
197 1911 40.1377
198 879 68.1861
198 1648 63.2872
198 1773 32.8121
198 1827 29.5809
199 1075 69.8024
199 1844 56.8704
200 513 184.465
200 1303 47.3455
200 1803 45.6827
201 1356 37.6479
201 1569 40.2947
201 1771 117.953
202 645 55.1128
202 1861 37.9795
203 1514 62.3944
203 1716 100.818
204 610 25.504
204 1738 46.9487
204 1969 12.6613
205 1194 32.3103
205 1658 94.8636
206 319 54.4797
206 994 20.5163
206 1955 56.1001
207 1502 30.9254
207 1826 25.8314
207 1868 39.199
208 681 32.5033
208 1768 53.6589
208 1945 25.2092
209 271 37.8839
209 1690 13.5391
209 1946 30.5231
210 216 67.8588
210 282 111.328
210 987 81.2845
211 707 34.5831
211 1111 75.8145
212 986 80.4888
212 1274 93.7272
213 1275 42.4956
213 1336 57.5809
213 1879 48.3207
213 1919 56.9216
214 821 64.1449
214 1212 34.8062
214 1386 56.1992
214 1787 66.567
215 454 21.6611
215 773 80.1663
215 1085 100.622
215 1612 56.9826
216 223 30.1476
216 282 65.0607
217 725 109.968
217 891 25.9919
217 1982 80.7409
218 641 53.3742
218 1364 108.045
218 1893 52.2819
219 308 80.7355
219 371 79.9584
219 1328 16.0625
220 1008 74.9285
220 1266 37.0896
220 1980 17.8763
221 1220 23.244
221 1394 37.385
221 1460 96.8036
222 240 91.4306
222 346 16.6839
222 1639 50.3825
222 1723 39.2098
223 282 52.8895
224 888 32.3009
224 1061 66.1313
224 1800 91.1001
225 277 88.3786
225 617 68.4389
225 1611 55.5568
226 428 42.8664
226 803 19.4382
226 1022 34.6613
227 856 55.4797
227 952 86.5871
227 1270 79.4088
228 447 63.0513
228 1092 73.8935
228 1602 40.687
229 258 33.8856
229 837 84.2803
229 1315 42.3771
229 1949 57.2525
230 676 79.0921
230 951 65.1448
230 1706 129.76
231 824 78.4789
231 1468 68.4996
231 1668 4.44998
232 502 8.4375
232 1258 97.2101
232 1309 80.8933
233 508 22.0334
233 1296 19.5053
233 1321 82.9005
233 1635 25.4305
234 1211 96.2244
234 1346 115.596
234 1595 10.0117
235 1014 94.5249
235 1058 58.7396
235 1812 24.995
235 1968 76.013
236 1001 61.5203
236 1103 67.4792
236 1250 33.7139
237 278 49.1825
237 458 94.3324
237 1054 29.1606
238 513 92.7009
238 675 59.9829
238 970 117.681
239 531 22.5916
239 1013 52.5219
239 1334 13.7039
239 1578 62.6119
240 346 91.4786
240 1265 28.7134
241 261 107.952
241 1345 57.7458
241 1459 95.9036
242 289 54.155
242 375 43.0286
242 1734 52.5535
242 1862 52.6136
243 924 93.924
243 1096 80.2665
244 456 22.8963
244 1359 14.4389
244 1900 43.1385
245 322 77.2427
245 368 72.087
245 666 23.5456
245 1383 18.6738
246 255 52.5492
246 729 78.0053
246 867 23.7828
246 1687 71.6137
247 1132 77.6802
247 1243 93.3723
247 1322 74.5982
248 338 35.2866
248 823 54.544
248 940 54.1477
248 1609 55.0759
249 498 81.1458
249 653 83.8161
249 967 41.671
250 841 47.4493
250 844 53.0963
250 1351 17.4341
250 1775 76.7922
251 557 90.5113
251 655 57.8338
252 282 84.4807
252 930 65.5176
252 1950 127.643
253 1010 37.4191
253 1127 120.19
253 1221 42.2293
253 1335 135.89
253 1541 45.2563
254 533 12.7899
254 1313 84.7983
254 1644 17.1591
255 867 25.05
255 1607 26.4984
255 1774 82.9632
256 385 64.6588
256 495 42.2423
256 583 74.7943
256 1199 35.3881
257 612 72.3703
257 1543 29.3774
257 1731 100.232
257 1756 70.648
258 1315 90.6999
258 1655 100.28
258 1949 61.3825
259 284 62.2747
259 410 85.8397
259 510 122.493
259 1589 80.9418
260 1068 50.1684
260 1120 97.6367
260 1201 5.37567
260 1542 30.8341
261 1187 37.474
262 558 27.7291
262 1621 80.9692
262 1943 41.7723
263 418 52.4107
263 933 54.9536
264 749 74.1394
264 1322 59.9877
264 1621 68.0462
265 329 77.4372
265 682 55.9878
265 1917 43.2816
266 927 56.9258
266 1210 38.9866
266 1363 56.5867
267 502 99.4036
267 882 84.2714
267 1762 39.8039
268 365 41.9502
268 493 37.0858
268 740 18.2486
268 1711 48.5271
269 521 46.351
269 572 76.2901
269 1123 68.3293
269 1163 53.8265
269 1254 48.6095
269 1632 33.8264
270 293 48.0351
270 798 39.8435
270 921 144.346
271 836 38.6766
271 1690 30.7624
272 405 45.778
272 529 132.412
272 585 98.7633
272 1046 75.2047
272 1597 71.6277
273 544 61.9723
273 987 38.5696
273 1719 75.6331
274 486 75.6985
274 1906 50.7254
275 839 103.394
275 1077 80.0013
275 1354 34.1282
275 1606 66.0755
276 884 29.3416
276 936 34.3288
276 937 70.0719
276 1915 60.5389
276 1978 51.6402
277 1478 106.982
277 1611 25.2518
277 1801 51.1691
278 1054 43.1844
278 1455 101.717
279 1453 40.9321
279 1513 29.1841
280 1229 130.861
280 1562 85.1198
281 347 79.8379
281 397 30.4582
281 441 148.879
281 1408 67.1036
282 930 118.069
283 694 49.3227
283 1500 49.6652
283 1939 57.8947
284 989 33.6241
284 1762 103.017
285 509 19.3762
285 518 85.767
285 1186 30.4975
285 1810 36.2379
286 452 35.1678
286 1027 74.5696
286 1049 49.2496
287 564 127.407
287 837 63.2929
287 1314 125.151
287 1315 152.484
288 543 27.3341
288 1056 69.36
288 1859 98.908
289 1270 39.6093
289 1862 36.1123
290 494 102.739
290 978 85.3831
290 1304 78.2986
291 1654 83.4939
291 1709 77.986
291 1882 34.8198
292 367 46.5194
292 1458 38.0842
292 1561 20.1743
293 798 48.8301
293 921 61.5415
294 311 42.6593
294 1063 68.5917
294 1814 57.0145
295 309 30.8988
295 1237 18.7069
295 1379 39.1383
296 613 47.1
296 1092 42.1961
296 1226 46.2767
297 578 38.2236
297 624 64.1177
297 765 103.578
298 537 28.5873
298 1262 57.0665
298 1763 60.1884
298 1900 59.826
299 553 127.957
299 569 133.488
299 709 79.2563
299 1207 76.9938
299 1986 99.6387
300 769 118.599
300 780 75.7806
300 782 89.4374
300 1339 93.0659
300 1487 48.5436
300 1906 86.4103
301 369 50.4542
301 683 74.67
301 1880 71.9443
302 942 55.2307
302 1510 49.6275
303 364 68.5739
303 918 95.1846
303 963 110.05
303 992 97.5923
304 1069 87.4692
304 1197 54.3079
304 1529 20.1248
304 1713 41.6328
305 1048 100.641
305 1375 78.7734
305 1835 49.1976
306 550 65.3782
306 1778 55.2414
306 1989 41.8369
307 689 83.9242
307 1132 58.2798
307 1243 75.461
308 371 27.0881
308 1328 61.5066
309 815 59.9315
309 1237 39.6066
309 1379 9.68602
309 1849 30.3844
310 848 18.7246
310 1276 71.0101
310 1292 15.0436
310 1375 86.304
311 587 89.3497
311 1754 114.598
312 447 46.3402
312 776 50.2942
312 1074 33.9485
313 488 80.0124
313 1175 42.3227
313 1482 70.4927
313 1526 27.9311
314 864 37.8338
314 1360 33.0798
314 1735 84.5493
315 1915 67.6314
315 1622 52.1959
316 656 88.0588
316 1065 51.8893
316 1382 46.2706
316 1821 123.857
317 824 63.7218
317 1816 52.8639
318 673 68.7236
318 1131 31.7622
318 1548 41.0753
319 647 49.7296
319 1955 73.5303
320 425 36.7718
320 576 56.0813
320 680 65.1261
320 1503 51.9952
320 1673 75.0616
320 1923 78.0555
321 813 42.1054
321 1228 45.9319
321 1700 37.4583
322 1383 48.39
323 946 179.823
323 1082 76.2336
324 1323 101.298
324 1568 81.0196
325 522 149.351
325 855 145.993
326 771 45.4132
326 1736 46.4307
327 1781 68.9547
327 1846 49.8934
327 1867 105.226
327 1896 40.8423
328 450 63.651
328 1100 101.521
328 1726 76.2779
329 568 45.9704
329 1407 18.7166
330 617 45.8895
330 800 86.681
330 1021 37.5721
330 1634 30.058
331 743 28.289
331 974 51.7345
331 1699 43.4796
332 370 22.5741
332 734 48.88
333 355 36.3232
333 710 51.4623
333 1703 30.0345
333 1735 70.5412
334 554 45.9892
334 609 33.3917
334 788 44.4283
334 1454 48.6991
335 512 36.6578
335 1833 38.2101
336 858 91.6709
336 931 41.176
336 1138 88.1675
337 368 67.0416
337 530 85.4303
337 1968 73.196
338 823 60.592
338 840 49.6116
338 1609 54.5639
339 487 82.1749
339 1613 34.8037
340 408 63.327
340 890 78.1394
340 1324 24.6188
340 1967 56.8267
341 814 69.7311
341 1238 69.6605
341 1610 62.6628
341 1794 97.0445
342 575 70.8826
342 1097 81.2304
342 1200 46.6015
342 1426 22.9794
342 1805 59.2619
343 1055 12.4022
343 1380 64.2606
344 1423 32.7074
344 1544 71.0342
344 1705 71.9867
345 464 57.5699
345 1019 68.2027
345 1903 34.0092
346 1053 55.6823
346 1265 103.17
346 1639 61.6322
347 397 41.8016
347 466 27.0612
347 1536 27.659
347 1583 59.1653
348 644 86.7919
348 1035 123.937
348 1251 26.4503
348 1673 120.625
349 938 49.347
349 988 55.9754
349 1679 111.706
350 390 95.7527
350 1431 35.9434
350 1520 35.193
351 603 64.0862
351 1058 57.0652
351 1974 49.3798
352 536 67.0825
352 1739 46.0722
352 1931 28.3588
353 847 41.0935
353 969 63.4411
353 1889 71.9791
354 491 81.3443
354 545 95.9367
354 733 81.0207
354 993 55.9176
354 1872 57.2233
355 710 60.9329
355 1703 35.6975
356 662 49.236
356 1098 16.7782
356 1605 18.9054
357 928 88.6872
357 969 85.7644
357 1087 91.7115
358 997 95.0151
358 1052 40.23
359 1436 48.5715
359 1785 81.1769
359 1979 65.0741
360 482 88.3333
360 925 22.9081
360 1873 62.1195
361 480 46.7454
361 737 33.612
361 832 38.4339
361 951 67.3796
362 423 75.9455
362 1066 73.9041
362 1558 49.1532
363 705 52.5947
363 751 67.9827
363 1196 36.9017
363 1281 27.8576
363 1726 83.6544
364 781 77.4867
364 1464 36.4451
364 1619 72.3375
365 493 32.135
365 1115 32.4856
365 1670 54.2098
366 568 36.198
366 1407 64.4108
367 1458 59.3984
367 1561 53.2389
368 666 76.898
368 1812 51.3252
368 1968 30.3023
368 1990 75.8692
369 408 71.7691
369 1967 71.7221
370 734 18.9923
370 1261 66.7258
370 1828 38.3809
371 1328 80.2521
372 468 47.5792
372 722 63.7605
372 1205 64.1326
373 391 123.927
373 973 49.4526
373 1122 41.0359
373 1307 51.3896
373 1550 67.8735
374 1032 90.9982
374 1504 101.239
374 1964 51.7169
375 579 67.7008
375 898 47.782
375 1733 51.2738
376 459 78.5866
376 1426 53.1742
376 1805 65.5769
377 628 64.5889
377 1684 79.4041
377 1940 36.1813
378 692 14.1544
378 899 35.8694
378 1720 61.5133
378 1789 24.7323
379 607 41.6017
379 672 84.8163
379 1355 80.2984
379 1525 73.9343
380 816 61.3175
380 843 63.7314
380 1954 22.5983
381 742 16.9644
381 896 96.385
382 1018 120.196
383 548 56.2546
383 714 44.2141
383 1894 52.2845
383 1941 39.0535
384 507 79.1506
384 630 77.5862
384 775 74.253
384 880 69.3259
384 1216 60.4641
385 541 32.1052
385 583 24.2255
385 736 80.7063
385 1259 114.675
386 1326 96.1041
386 1745 65.5002
386 1869 119.818
386 1897 113.836
387 941 92.1644
387 1782 66.9824
387 1841 52.3643
387 1956 69.732
388 1123 48.4611
388 1628 45.7221
388 1632 53.8437
388 1977 80.5146
389 620 52.1514
389 712 49.2074
389 1922 16.9515
390 1520 45.2837
390 1638 104.364
390 1724 71.981
391 1565 112.12
392 895 21.3658
392 982 69.5183
392 985 116.619
393 1034 75.9702
393 1555 50.5156
393 1559 72.8442
394 430 80.0647
394 738 65.4476
394 1030 78.2352
394 1245 76.8772
394 1428 68.7523
395 476 47.3412
395 943 44.7555
395 1425 33.015
396 819 126.142
396 990 91.4407
396 1106 116.501
397 466 70.0101
397 1408 102.397
398 872 76.487
398 1133 65.1486
398 1540 108.321
399 1144 96.9582
399 1590 63.7134
400 433 52.6145
400 1535 31.4142
401 1074 63.9905
401 1625 88.2623
402 666 72.2299
402 1383 92.6628
402 1641 49.0047
403 602 9.45985
403 661 44.746
403 1362 42.0387
403 1836 20.0579
404 826 55.4596
404 918 23.0512
404 992 51.1175
405 529 50.7877
405 1032 63.3197
405 1308 105.863
406 797 28.1255
406 1263 50.2043
406 1911 56.2057
407 755 11.865
407 1329 37.2726
407 1598 42.6909
407 1975 98.9386
408 1324 68.5781
408 1756 71.5242
408 1967 12.2842
409 489 54.2068
409 563 86.9691
409 715 32.0515
409 817 55.499
409 1278 3.7206
410 510 9.77816
410 1589 125.225
411 474 76.65
411 1076 102.361
411 1373 45.7676
411 1564 44.4843
412 846 8.42986
412 1531 47.1802
412 1596 3.33154
413 748 34.1058
413 892 87.7181
414 846 57.9643
414 1473 43.5094
415 962 80.6688
415 1041 40.4887
415 1352 22.8399
416 552 111.172
416 657 30.9625
416 1236 80.6162
417 634 63.8415
417 676 95.3176
417 999 96.141
417 1389 81.672
417 1765 77.9184
418 500 122.21
418 585 74.5024
418 1046 61.9246
419 523 36.3847
419 758 69.7843
419 761 36.3999
419 1186 8.97441
419 1810 32.8631
420 524 22.3049
420 636 39.3208
420 655 111.131
421 871 82.8758
421 1537 86.5741
421 1646 106.49
422 720 107.932
422 1285 26.5592
422 1500 85.8153
423 1066 45.3837
423 1558 58.2782
424 834 91.7182
424 893 29.7305
424 911 48.6291
425 680 23.8636
425 1673 34.3469
426 693 35.9789
426 768 27.5227
426 887 41.1129
426 1538 103.233
427 514 50.6191
427 1134 14.0978
427 1656 9.84987
427 1663 75.2027
428 803 58.0803
428 1022 89.892
428 1125 61.4026
429 959 77.8875
429 1154 92.0854
429 1883 64.0603
430 738 63.2049
430 765 84.9124
430 1245 18.2661
431 470 68.9528
431 567 60.6879
431 1381 76.4381
431 1904 49.9601
432 1101 48.5601
432 1127 95.8183
432 1221 99.6957
432 1866 14.0708
433 1535 50.7382
433 482 51.3897
434 1108 111.472
434 1549 40.618
434 1858 88.9827
435 771 28.6521
435 886 35.5057
435 1304 33.6104
435 1537 97.5882
436 713 33.9609
436 1040 48.7858
436 1434 35.3031
436 1657 84.7454
436 1972 71.9053
437 587 71.9785
437 719 59.5454
437 1081 45.9462
437 1515 53.7804
437 1754 50.3431
438 1139 126.452
438 1169 10.9956
438 1399 78.2491
439 966 98.8616
439 1185 74.5649
439 1842 76.5819
440 875 78.5059
440 982 61.2114
440 985 96.1714
440 1140 65.6402
440 1477 89.5151
440 1664 60.5717
441 1645 63.2841
442 1582 45.7165
442 1752 52.556
443 1317 28.6715
443 1939 67.32
444 1430 74.9983
444 1484 55.9446
444 1859 27.6278
445 882 41.6172
445 979 65.3976
445 1135 66.5253
446 765 71.593
446 1198 51.8197
446 1228 40.3933
446 1700 62.1733
447 1074 83.9586
448 1249 29.335
448 1282 31.3523
448 1697 18.8299
449 871 72.8132
449 899 23.0713
449 1099 43.2339
449 1617 72.845
449 1720 21.5754
450 1100 55.2941
450 1294 42.0431
451 889 72.9152
451 1440 33.4805
451 1456 168.879
452 1027 88.4528
452 1049 19.9869
452 1113 46.9804
453 759 46.8143
453 1003 80.0898
453 1563 57.2876
454 773 59.6283
454 774 82.4694
454 881 84.3772
454 1085 64.7454
455 632 49.2975
455 726 13.3102
455 1832 36.2358
456 1359 23.2857
456 1900 85.6354
457 517 92.7633
457 590 97.4807
457 1855 19.1461
458 1054 76.301
458 1146 53.3218
459 1097 27.549
459 1263 95.2858
459 1426 79.0548
460 1057 94.2685
460 1491 93.0637
460 1837 64.1375
461 1247 98.3576
461 1823 59.9941
461 1956 71.5352
462 1018 70.4451
462 1121 33.3254
462 1199 46.9733
462 1970 34.247
463 534 69.8798
463 1229 118.581
463 1721 42.5746
463 1901 86.5484
464 785 97.838
464 1019 39.5269
464 1244 60.1049
464 1903 63.0096
465 932 32.9702
465 1377 32.9239
466 794 68.8503
466 1536 70.9469
466 1583 42.8369
467 980 44.8258
467 1640 31.4794
467 1839 55.8396
468 722 86.5058
468 902 13.1692
468 1205 18.178
468 1470 28.1011
469 898 61.1862
469 1305 18.8424
469 1416 113.995
470 1381 81.2173
470 1904 54.8867
471 648 100.448
471 1083 52.8733
471 1223 60.8946
472 696 66.7709
472 1702 42.4597
472 1928 63.7547
473 721 35.2735
473 1472 115.344
474 597 91.1322
474 1564 46.2412
475 1059 27.4045
475 1325 42.3899
475 1737 62.0989
476 943 47.427
476 1926 85.0358
477 731 60.8149
477 910 46.0588
477 942 41.5152
477 1462 47.5076
477 1510 31.898
478 1161 57.3192
478 1576 112.666
478 1753 105.156
479 960 93.4376
479 1626 134.001
479 1698 78.287
480 676 111.118
480 737 68.7522
480 951 57.5229
481 607 74.4816
481 627 74.4183
481 1280 69.449
482 925 66.1006
482 1795 27.3803
482 1816 48.4956
482 1873 9.84521
483 1678 40.2294
483 1741 71.0562
484 1451 18.5571
484 1517 83.1915
484 1752 52.5917
485 560 22.2402
485 845 50.5312
485 1384 76.2788
485 1433 22.476
486 1427 62.3972
487 1051 77.1181
487 1613 39.0266
488 595 34.4141
488 1482 44.6009
489 817 20.3002
489 997 49.6324
489 1052 79.1513
490 923 58.1279
490 1145 92.0402
490 1674 57.2363
490 1718 90.7728
491 733 36.6793
491 993 2.4842
491 1059 70.2038
491 1737 38.2236
492 948 82.1509
492 1614 66.2171
492 1616 26.2099
492 1631 82.8734
492 1933 27.4649
493 597 62.7456
493 740 53.5605
494 978 70.751
495 807 48.8892
495 1121 37.3317
495 1970 37.7957
496 641 109.082
496 1214 139.593
496 1364 107.57
496 1872 83.9485
496 1893 54.4096
497 716 60.3597
497 806 27.753
497 1616 32.576
497 1933 43.3665
498 626 105.73
498 653 48.3564
498 728 9.09916
498 971 77.3533
499 940 113.672
499 1050 49.2228
499 1152 82.5983
499 1633 67.8442
500 585 39.9864
500 741 67.2013
501 843 104.149
501 1166 90.3556
501 1456 56.4042
502 914 117.792
502 1309 82.7086
503 701 66.3064
503 783 96.9972
504 976 127.055
504 1386 105.566
504 1787 63.6846
505 1176 127.407
505 1299 89.4919
506 733 129.863
506 1196 79.7348
506 1281 74.717
507 775 144.187
507 1216 117.562
507 1545 133.135
508 1296 39.0582
508 1321 36.6621
508 1635 63.5107
508 1840 60.7258
509 518 90.1302
509 523 25.4317
509 1344 56.1934
509 1810 20.9244
510 1589 129.425
511 1080 90.4377
511 1114 59.6131
511 1884 18.2931
512 1833 35.5914
513 970 31.7273
513 1803 111.435
514 1134 50.7583
514 1656 67.3638
515 754 60.3162
515 1342 40.8487
515 1467 88.4835
516 635 46.2754
516 1088 26.1119
516 1447 12.9977
516 1717 24.1214
517 705 18.6502
517 1855 80.2938
518 1486 114.571
519 1011 99.8418
519 1554 57.2333
519 1847 72.0785
520 538 59.3852
520 900 28.5748
520 1235 24.9901
520 1643 68.6797
521 971 64.1832
521 1163 103.506
521 1254 50.1718
522 855 27.284
522 1353 54.1731
522 1509 92.4989
523 1186 50.4995
523 1344 16.6541
523 1810 3.61627
524 636 65.7587
524 1153 104.872
525 596 38.7856
525 998 16.6315
525 1068 40.0436
525 1389 55.9481
525 1528 58.9579
525 1765 79.3396
526 959 39.2575
526 1060 67.1591
526 1154 11.874
527 1202 41.4455
527 1986 81.8122
528 659 54.4326
528 1164 73.8713
528 1715 55.0737
529 1308 101.304
530 1277 38.983
530 1575 51.6857
531 1013 75.2353
531 1334 20.234
531 1498 108.981
531 1562 80.8313
532 1246 94.9065
532 1443 30.8095
532 1788 63.7708
533 1644 25.6832
534 1229 11.525
534 1721 52.2603
535 573 79.2381
535 1147 31.0178
535 1716 59.3129
535 1838 53.5326
536 1358 124.387
536 1425 72.4323
536 1926 97.673
536 1931 73.0662
537 1262 66.5566
537 1900 55.3562
538 900 62.5504
538 1962 71.2317
539 1258 48.1068
539 1431 73.3267
539 1724 67.9644
540 753 18.545
540 835 17.4061
541 583 49.0568
541 736 81.0405
541 1259 124.453
542 772 26.1315
542 1918 92.9933
543 1056 81.0343
543 1508 101.56
543 1859 67.4446
544 1031 10.4796
544 1286 30.9571
545 1608 73.9234
545 1872 19.0631
546 870 81.2314
546 1004 50.5579
546 1056 89.107
546 1104 47.6873
546 1397 48.3596
547 907 41.065
547 995 56.3489
547 1005 84.3998
547 1195 106.394
548 741 66.49
548 818 88.163
548 1894 13.2077
549 1137 43.627
549 1246 80.0083
549 1788 88.1218
550 792 70.3439
551 1141 47.9848
551 1486 39.6146
551 1891 110.675
552 643 126.529
552 1158 88.4258
552 1170 104.289
553 569 57.7903
553 709 123.14
554 927 78.0317
554 1210 44.0461
554 1834 88.3509
555 1327 80.241
555 1545 147.129
555 1870 107.129
555 1938 50.044
556 1290 126.321
556 1907 134.993
557 1391 65.3488
557 1419 67.5741
558 1932 81.9178
558 1943 91.9172
559 794 27.4395
559 1583 78.3463
559 1645 45.9641
560 845 43.8007
560 1366 53.7769
560 1433 40.8665
561 674 39.2357
561 998 55.1992
561 1068 57.5464
561 1765 67.3988
561 1479 54.7793
562 611 42.6198
562 1201 82.1224
562 1542 51.7321
564 660 62.9205
564 908 57.9691
564 981 42.9227
565 594 23.1012
565 977 82.4824
565 1062 47.6541
566 1430 33.7033
566 1508 70.6893
566 1786 108.206
567 1347 61.2911
568 1407 44.156
569 709 103.851
570 1423 43.8079
570 1544 23.0754
570 1635 32.0475
570 1705 40.4318
571 621 78.6084
571 1086 44.6944
571 1363 54.118
572 1163 35.2655
572 1224 63.512
573 1147 22.611
573 1716 20.535
574 1453 91.6024
574 1704 22.2367
575 650 92.8642
575 1200 13.6496
575 1790 98.3821
575 1805 92.8002
576 1407 65.9282
577 1227 95.6597
577 1242 38.3819
578 624 105.738
578 765 56.3967
579 698 40.0697
579 1734 28.0511
580 639 38.9398
580 1707 18.4048
580 1755 57.4074
581 638 153.276
581 700 11.8865
581 1744 28.2738
582 1514 99.1875
582 1591 49.7531
582 1716 59.8179
583 1371 85.2739
584 669 44.5426
584 746 53.6008
584 1415 45.5622
586 593 81.1031
586 834 72.7095
586 1418 62.008
587 1081 22.0879
587 1754 5.99523
588 1079 16.643
588 1137 88.235
588 1806 43.5225
588 1835 85.277
589 949 102.188
589 1489 35.6025
590 802 48.8695
590 1623 43.9438
591 717 42.4136
591 1405 75.091
591 1751 64.3178
592 759 76.0762
592 919 50.3142
592 1180 59.1398
592 1192 92.3274
593 1029 95.2704
593 1321 64.424
594 977 126.454
594 1062 54.4216
595 1193 98.84
595 1482 62.3819
596 1068 74.1092
596 1528 21.1217
597 964 89.4273
597 1670 58.2138
598 826 73.4304
598 1173 9.17358
598 1701 43.2792
598 1807 35.2886
599 904 1.97829
599 979 75.2944
599 1156 16.4414
600 802 63.7978
600 915 41.2376
600 1209 98.316
601 602 53.4813
601 661 60.1907
601 1647 66.1733
601 1727 5.64935
602 661 37.8674
602 1727 49.9052
602 1836 27.6206
603 1058 94.8466
603 1974 123.045
604 919 36.7662
604 1180 71.9612
605 1146 65.2736
605 1914 100.903
605 1959 5.82296
606 652 34.3302
606 1318 95.102
606 1845 57.0256
607 672 38.2961
607 1829 48.979
608 708 79.6253
608 1802 54.0693
609 788 22.0509
609 1454 38.3831
610 916 73.2057
610 1311 67.9095
610 1738 74.5274
610 1969 27.5432
611 1185 62.6695
611 1542 69.2025
611 1842 76.5601
612 650 33.7522
612 1401 67.1449
612 1543 57.7927
612 1731 114.336
613 1092 7.18501
613 1226 64.8561
613 1602 56.5855
614 1485 53.0782
614 1518 53.1746
614 1874 74.1166
615 802 72.4773
615 1209 66.6002
616 796 25.2378
616 857 84.0603
616 1291 12.6694
617 1021 91.5395
617 1634 38.3019
618 668 30.7304
618 684 76.9232
618 1439 21.1188
619 1377 69.7052
619 1603 19.645
619 1910 44.5694
620 712 39.7206
620 747 63.3086
620 1922 38.0944
621 828 6.44901
621 1086 26.7668
621 1361 48.818
621 1791 93.6841
622 745 51.6099
622 1084 79.5128
622 1167 82.1113
622 1653 87.1994
623 786 50.4018
623 865 17.9731
623 1372 45.1561
623 1475 38.6132
623 1671 73.9177
624 738 67.2701
624 1002 74.0295
625 1326 92.7608
625 1745 100.108
625 1869 66.6164
626 1801 60.8777
627 1355 19.5189
628 944 21.1892
628 1684 16.626
628 1940 77.6237
629 695 60.9685
629 1422 41.7998
629 1497 58.8617
630 850 42.922
630 880 24.02
630 1118 63.7417
631 958 66.2018
631 966 47.4595
631 1981 32.8821
632 726 49.112
632 790 16.8465
632 1468 36.1586
632 1848 30.3372
633 1503 104.615
633 1505 80.3776
633 1507 50.4058
634 999 24.1593
634 1119 66.9422
635 854 40.8238
635 1088 21.9392
635 1717 35.1338
636 655 121.978
637 1264 73.9693
637 1378 38.6335
638 1629 65.0523
638 1744 131.325
638 1953 105.387
639 707 37.2576
639 1707 25.5861
640 1211 59.7604
640 1659 48.8275
641 1893 34.5386
642 1249 65.0903
642 1348 108.066
642 1527 55.928
642 1697 42.8774
643 1158 43.7933
643 1170 105.853
644 800 43.1127
644 1251 103.568
645 646 11.4684
645 1861 55.5208
646 1008 93.8898
646 1861 70.7621
647 935 45.3322
647 1696 45.6424
648 658 76.1044
648 965 30.9084
648 1284 41.2269
649 1003 57.3319
649 1268 56.4365
649 1563 34.1948
649 1604 83.1499
649 1892 36.2968
650 1805 106.956
651 1143 92.6548
651 1651 13.0822
651 1781 31.972
652 1282 88.9943
652 1845 58.2247
653 728 45.7003
653 1589 32.1031
654 812 80.6166
654 903 61.6643
654 1142 41.235
654 1342 119.761
654 1974 72.2678
655 1093 31.861
656 836 50.6169
656 1065 77.7217
656 1402 59.8217
657 859 97.2438
657 1236 50.7366
658 965 69.4616
659 1164 50.5032
659 1715 73.2773
660 981 9.88055
661 1727 39.5435
661 1836 24.1268
662 1098 27.9838
662 1605 72.5585
662 1681 83.8067
663 819 38.8433
663 990 54.6479
664 878 80.884
664 894 37.8362
664 1818 17.0334
665 796 44.4329
665 857 5.4733
665 920 63.698
665 1627 98.0637
666 1383 28.6094
666 1641 29.479
667 791 125.261
667 801 134.665
667 1819 166.976
668 684 88.1949
668 1439 18.1319
669 1415 26.9552
669 1567 69.5944
670 853 67.4971
670 1499 36.5359
671 1273 18.1746
671 1420 62.4799
671 1767 58.3634
671 1985 99.6537
672 1525 66.7795
672 1829 38.0059
672 1929 78.7198
673 883 42.5665
673 1290 141.141
673 1488 52.1155
673 1548 52.1058
673 1907 88.1743
674 1068 24.7342
674 1120 88.58
675 1524 82.4265
677 1077 22.1183
677 1606 38.2923
678 1410 29.8693
678 1797 93.5023
679 820 35.7124
679 1050 49.8693
679 1152 56.9718
679 1435 17.4045
679 1897 52.929
680 1673 29.6625
681 1474 29.0328
681 1768 22.1022
682 1690 36.9668
682 1917 63.4806
682 1946 40.7705
683 1411 47.1538
683 1698 46.9726
684 968 94.7324
684 1439 73.2779
684 1789 91.8129
685 808 90.6247
685 1192 64.063
685 1274 52.0661
686 810 34.282
686 1569 57.6716
686 1770 46.5022
687 829 45.1289
687 983 58.6746
687 1039 50.2123
687 1898 87.8239
688 1110 12.3931
688 1331 101.698
689 749 69.221
689 1102 56.9087
690 858 67.1636
690 1269 29.4929
690 1404 64.5689
691 858 78.8391
691 1253 47.8753
691 1271 44.7477
692 899 63.918
692 1789 30.3434
693 768 60.6641
693 1538 39.3771
693 1729 81.8693
694 1348 93.0569
694 1500 31.1376
695 1422 70.0916
695 1497 36.2628
696 1217 38.1904
696 1702 53.2934
697 1112 55.5096
697 1693 16.8121
697 1863 67.1479
698 952 61.445
698 1161 87.9124
698 1495 30.7461
698 1734 12.064
699 1061 67.3582
699 1457 8.43371
699 1858 97.2427
700 1523 109.724
700 1744 48.7188
701 735 39.0646
701 783 34.6636
702 1003 82.9581
702 1084 38.9516
702 1604 23.4472
703 752 89.7439
703 1313 29.6694
704 1501 120.65
704 1523 26.2927
704 1634 129.728
705 1855 76.7324
706 842 80.5016
706 1551 35.2128
706 1552 74.9844
706 1825 84.8092
706 1944 48.9883
706 1987 68.8041
707 1707 69.0862
708 862 57.3379
708 1284 61.0927
708 1802 66.5939
710 1735 42.6646
711 801 40.0988
711 1405 85.7368
711 1473 48.3509
711 1819 41.9975
711 1853 56.0096
712 747 54.2941
712 1922 55.5697
713 1040 90.74
713 1434 78.6953
713 1657 90.3927
713 1972 57.8193
714 1208 73.0364
714 1902 74.0662
714 1941 16.8976
715 817 58.8581
715 997 76.7326
715 1118 92.808
715 1278 45.9784
716 806 45.8982
717 1751 56.9448
717 1820 90.8653
718 1444 50.2722
718 1446 103.228
718 1798 82.8077
719 1515 48.1767
720 945 91.1572
720 1283 34.8938
720 1285 57.3716
720 1500 47.933
721 1496 88.7881
721 1559 72.674
722 902 118.998
723 1160 45.4609
723 1262 66.0825
723 1338 48.4331
723 1796 54.0098
724 750 29.894
724 1190 96.1119
724 1400 48.4871
724 1642 25.7285
724 1708 102.234
725 891 89.284
725 1179 31.052
725 1469 58.5367
725 1494 17.9927
726 1468 59.2136
726 1832 62.4528
726 1848 71.5896
727 757 63.4804
727 769 88.2261
727 1279 30.1478
727 1627 48.3047
728 971 66.1575
728 1589 88.6859
729 867 35.9452
729 1153 71.8979
729 1607 43.6234
730 756 8.57325
730 816 49.1005
730 1138 59.0744
730 1166 84.1284
731 1977 73.1321
732 922 81.2332
732 1078 73.0107
733 993 52.6282
734 978 41.6246
734 1261 75.1997
734 1828 29.2274
735 783 21.5445
735 1525 73.1443
736 1259 55.7461
737 832 94.4791
737 951 23.2617
738 1245 27.4226
738 1786 79.0032
739 1073 31.4947
739 1162 85.1533
739 1875 39.6315
740 1711 36.3469
741 1894 67.9676
742 1343 42.8444
742 1450 57.9186
742 1683 23.6712
743 1699 56.8357
744 874 105.147
744 1299 70.6253
744 1612 31.4204
744 1917 39.7728
745 1167 8.1483
745 1653 16.5665
745 1881 41.4442
746 944 72.8597
746 1512 31.1979
746 1550 77.4313
746 1567 55.6635
747 1703 60.6968
748 892 71.4869
748 1118 85.0814
748 1312 83.9514
748 1947 104.572
749 1102 45.0181
749 1865 32.8056
750 1400 35.8656
750 1642 23.9722
750 1708 101.528
751 877 75.5761
751 1367 61.1028
752 1313 62.0456
752 1764 88.566
752 1880 61.4239
753 835 26.6028
754 1435 40.7175
754 1467 21.3055
755 1329 52.9498
755 1598 60.8787
755 1975 51.9798
756 816 49.2098
756 931 95.9821
756 1138 59.7342
757 1239 52.4303
757 1279 44.6254
757 1392 36.0361
758 761 39.6373
759 919 76.8133
760 885 13.7071
760 1622 66.4703
760 1666 33.2469
760 1694 28.3038
762 950 43.6168
762 1094 13.2022
762 1669 48.1754
763 826 39.4099
763 1412 57.585
763 1779 27.739
764 931 115.812
764 1404 68.5746
765 1198 102.656
766 1408 58.0798
766 1586 52.0449
766 1809 34.3066
766 1830 120.732
767 1368 20.1162
767 1829 45.6892
767 1929 31.6386
768 887 14.8266
769 1339 64.3762
770 972 89.0872
770 1340 76.0672
770 1820 78.2649
771 886 17.2629
771 1304 53.783
771 1736 55.9849
772 1238 117.036
772 1918 56.7503
773 774 16.0577
774 881 95.3891
775 892 139.765
776 1074 39.5892
777 921 77.7332
777 1349 82.1366
777 1480 41.91
777 1620 38.3404
778 860 115.513
778 1043 13.8111
778 1089 57.7161
779 1308 72.0734
779 1504 42.7209
779 1784 41.5995
780 1033 109.989
780 1090 40.7056
780 1487 62.3693
781 1218 75.6105
782 1487 70.4169
782 1906 43.9207
783 1568 79.3625
784 913 104.733
784 1876 54.6332
785 1244 88.6229
785 1272 83.8233
786 865 63.287
786 1671 21.0204
787 854 79.2648
787 953 100.6
787 1630 60.0244
788 1454 46.3232
789 1204 28.8328
789 1497 52.8612
789 1725 44.8529
789 1961 58.3163
790 1468 44.7676
790 1668 108.18
790 1848 27.8433
791 991 104.752
791 1272 65.5853
792 1038 60.0328
792 1240 50.1321
792 1818 57.3762
793 967 54.2487
793 1333 9.34652
793 1483 59.1994
794 1583 41.1678
795 833 81.8442
795 1171 42.423
795 1979 99.4821
796 857 49.9889
796 920 66.5587
796 1291 41.4661
797 1263 45.0659
797 1685 41.566
798 1294 136.13
799 1195 135.381
799 1661 76.9342
799 1691 188.727
800 1021 127.295
800 1303 153.456
801 1819 25.196
802 915 47.351
803 1022 33.3202
803 1116 39.1472
803 1124 34.6834
804 1222 16.5893
804 1479 23.0486
804 1570 12.1241
805 1162 18.1354
805 1225 29.5334
805 1932 26.9496
806 1616 51.1064
807 1898 42.8883
807 1970 77.7817
808 1192 23.6088
809 1042 45.3794
809 1125 24.2226
809 1177 21.368
810 1024 64.1644
810 1107 67.1841
810 1689 36.8938
810 1770 17.0781
811 827 102.41
811 1662 78.2724
812 1295 73.4208
812 1974 36.2296
813 1228 54.3354
813 1648 50.415
814 1046 28.2781
814 1597 4.75726
814 1610 72.5658
815 1379 82.2251
817 997 41.0099
817 1278 60.0194
818 1078 38.583
818 1894 97.1049
819 990 25.0344
820 1050 30.0117
820 1435 43.1435
820 1467 56.6749
820 1897 41.6353
821 1212 72.773
821 1386 20.6652
821 1787 37.0935
822 890 70.3374
822 1324 114.518
822 1985 132.56
823 1105 43.3666
823 1609 52.2933
823 1633 74.3073
824 1712 40.2003
825 1320 37.8611
825 1773 48.2914
825 1860 28.3043
826 918 76.4149
826 1779 106.387
827 945 59.8822
827 1020 37.4118
827 1662 120.535
828 1086 21.2553
828 1361 32.7805
828 1463 61.3241
828 1791 98.4214
829 1039 84.0202
829 1898 42.8196
830 1070 17.6625
830 1080 61.8588
830 1293 95.5536
830 1421 62.7875
831 1536 73.0116
831 1583 87.0544
831 1679 43.1508
831 1688 136.455
832 1168 71.9021
833 929 36.8928
833 1171 51.155
833 1579 20.4964
834 893 58.2826
834 1403 48.9401
834 1418 69.9327
837 1315 75.5478
838 1395 21.8679
838 1843 67.1241
838 1856 64.1553
839 1345 53.5848
839 1354 75.4227
839 1373 54.9847
839 1459 85.556
840 977 55.5999
840 1062 81.2689
840 1105 53.3116
841 1406 65.9897
841 1506 64.3387
841 1775 39.3786
842 1233 71.5391
842 1551 85.6656
842 1577 83.1411
842 1960 89.468
843 1166 77.8743
843 1456 71.466
843 1954 64.8227
844 1072 36.7627
844 1351 42.9032
844 1466 56.377
845 1396 71.5957
845 1433 63.7472
846 1596 8.57456
847 969 60.5742
847 1889 65.7495
848 1130 57.2174
848 1276 44.5964
848 1292 26.0745
848 1375 83.2111
849 1406 70.4964
849 1506 60.5312
849 1747 73.7418
849 1839 12.4149
850 880 55.8386
850 1216 68.2814
851 894 45.0102
851 1240 39.1221
851 1711 10.1246
852 1768 71.0905
852 1918 36.2664
852 1945 27.5915
853 1000 69.1588
853 1499 56.4306
853 1960 55.7988
854 953 87.3459
854 1742 50.7505
855 1353 120.998
855 1509 115.592
856 909 57.1642
856 934 60.5232
856 1584 31.6031
857 920 29.4876
858 1253 46.5611
859 1190 29.1102
859 1888 130.839
860 1089 10.8513
860 1522 108.519
860 1899 101.891
861 1232 60.3681
861 1388 15.2275
861 1988 24.3816
862 1284 35.4063
862 1760 28.2806
863 912 9.68583
863 1141 80.0719
863 1331 69.8551
864 1288 68.2024
864 1360 21.8853
864 1735 69.3436
865 1372 52.0715
865 1475 57.962
865 1671 51.3153
866 1181 73.0659
866 1729 68.1906
866 1777 48.6374
867 1607 50.8397
868 906 22.4991
868 1145 77.7786
868 1302 63.8983
868 1925 79.6348
869 1369 99.8527
869 1465 49.2511
870 1004 10.3211
870 1965 43.353
871 1099 58.0962
871 1573 59.0754
871 1617 7.85617
872 1442 104.535
872 1594 112.414
873 939 82.2242
873 1109 38.8439
873 1432 46.0779
873 1732 72.3458
873 1748 64.2423
874 1176 33.1758
874 1299 40.7976
875 982 54.4493
875 1280 69.9064
875 1664 3.39649
876 991 87.0815
876 1272 90.9378
876 1903 83.0246
877 1196 125.678
878 1940 109.291
879 1203 71.7282
879 1648 42.2717
879 1827 71.6476
879 1831 111.873
881 1085 113.23
881 1821 98.0305
882 1762 85.067
883 1131 52.1603
883 1488 29.7257
883 1548 62.5443
883 1580 57.7531
884 936 22.5408
884 937 132.66
884 1915 62.074
885 1622 43.1709
885 1666 24.2901
885 1694 25.8712
886 1304 32.4529
886 1736 60.6586
887 1012 43.425
888 1136 62.3603
888 1800 52.762
889 1440 56.5209
889 1456 67.1766
890 1324 99.3609
891 1982 75.7916
892 1118 42.8634
893 1149 61.9781
893 1403 45.5253
893 1757 41.0985
894 1240 36.013
894 1818 22.2337
895 982 81.8763
895 1164 55.242
896 1339 76.508
897 1025 35.6519
897 1438 22.388
897 1588 28.6434
898 1305 72.881
898 1733 54.9998
899 1720 10.3622
900 1235 54.0179
901 1106 41.1671
901 1323 46.6038
902 1205 27.2506
902 1470 8.33183
902 1944 71.7766
903 1142 20.7667
903 1215 40.6715
904 979 66.3213
904 1156 27.3723
905 1007 41.1404
905 1365 49.4201
906 1302 72.4944
906 1424 62.2477
906 1925 34.2666
907 1005 34.204
907 1811 82.8607
908 1191 73.0249
909 957 35.8481
909 1584 23.9388
910 1159 45.213
910 1462 51.6735
911 1705 82.1417
911 1890 49.4505
912 1141 56.5232
912 1331 90.4417
913 1045 47.0876
913 1485 69.392
913 1518 93.4002
913 1876 81.4699
914 1258 74.7994
914 1309 61.58
914 1419 24.205
914 1783 48.2319
915 1647 19.2159
916 1741 42.7198
916 1978 73.6114
917 1349 73.9148
917 1556 120.123
918 992 24.9902
920 1291 46.9198
921 1289 93.7031
921 1480 76.2964
921 1620 77.5859
922 1116 48.8703
922 1124 53.8609
922 1148 98.8238
923 1585 49.6879
923 1674 10.7776
923 1718 56.3963
924 984 102.427
924 1096 51.7432
925 1797 53.2931
925 1873 76.1983
926 1126 39.7306
926 1446 151.735
926 1798 103.117
927 1210 14.4844
927 1834 77.4386
928 1087 53.8218
928 1934 61.6682
929 1579 31.8475
929 1608 59.9164
929 1785 43.2359
929 1979 52.8185
931 1138 82.9627
932 1377 18.0977
934 952 62.5218
934 1495 25.8318
935 1392 65.9492
935 1696 58.8114
936 1915 108.417
937 1978 60.774
938 988 91.0909
938 1679 50.9079
938 1886 57.2346
939 1732 35.5992
939 1845 99.4809
940 1557 78.0953
940 1609 106.09
941 1398 47.4408
941 1758 104.045
942 1510 29.8398
943 1425 99.3783
944 1684 47.5577
945 1020 63.9426
945 1283 77.4999
946 1082 97.5728
946 1800 167.425
947 954 45.0842
947 1619 28.9073
947 1921 66.2273
948 1614 33.9943
948 1933 86.4186
949 1758 43.523
949 1924 51.9793
949 1966 32.24
950 1094 64.852
950 1669 31.6404
953 1971 71.9011
954 1135 63.674
954 1619 43.8517
954 1822 18.5129
954 1921 4.66936
955 1063 72.7004
955 1101 101.207
955 1871 70.2706
956 1733 91.4074
956 1862 46.6135
956 1918 54.7082
957 1584 21.0678
958 966 46.1016
958 1572 24.8473
958 1981 76.8928
959 1060 33.5668
959 1154 39.4265
960 1323 130.392
960 1626 46.2016
961 1706 62.0843
961 1743 88.842
962 1071 72.9312
962 1352 68.8802
963 996 74.3643
964 978 72.8192
964 1828 93.1094
966 1981 19.3081
967 1333 88.0851
968 1007 67.642
968 1015 60.734
970 1803 115.796
972 1244 74.2168
972 1820 40.1438
973 1550 76.8482
973 1739 95.013
974 1624 17.8548
974 1682 40.3897
974 1699 32.2825
974 1792 60.8978
975 1601 57.1551
975 1749 15.4854
975 1976 106.314
976 1646 37.4357
977 1105 39.0358
978 1828 97.9617
979 1135 13.2059
979 1822 52.2708
980 1640 29.8286
982 1664 87.9351
983 1817 58.7185
984 1096 36.7353
985 1140 118.14
985 1477 19.5597
985 1618 74.6762
986 1274 64.7403
986 1653 48.8767
986 1780 88.5847
986 1881 53.4739
987 1719 48.8551
988 1886 74.2207
989 1445 35.5035
991 1272 74.6256
992 996 50.1436
993 1737 38.9182
994 1693 73.3354
994 1863 103.888
995 1066 51.9706
995 1618 32.9184
996 1348 100.739
997 1052 83.2669
997 1312 85.6965
997 1947 58.1746
998 1068 46.5983
998 1765 59.1702
999 1119 87.2382
1000 1499 72.7019
1000 1960 91.2618
1001 1103 30.5797
1002 1178 36.1753
1003 1604 62.9203
1004 1104 66.9795
1004 1965 48.0119
1005 1811 75.1304
1006 1150 7.21386
1006 1490 19.4029
1006 1875 54.9936
1007 1015 45.4092
1007 1242 51.682
1008 1266 108.211
1008 1980 50.2157
1009 1189 9.91789
1009 1844 74.7849
1009 1905 22.7396
1010 1335 90.3569
1010 1541 47.3773
1010 1714 79.5688
1011 1607 78.535
1011 1769 31.255
1011 1878 7.0322
1012 1677 17.2607
1012 1963 46.1298
1013 1334 36.9166
1013 1578 37.6212
1014 1058 33.4085
1014 1812 68.2461
1015 1242 55.6655
1016 1168 18.5301
1016 1184 57.8523
1016 1804 32.1042
1017 1219 36.0357
1017 1912 22.146
1018 1174 69.8445
1018 1722 43.1782
1019 1244 64.3118
1019 1899 51.3408
1021 1501 124.944
1021 1634 41.706
1022 1124 28.8602
1023 1770 62.4005
1024 1107 27.5432
1024 1689 74.339
1024 1771 79.1915
1025 1438 27.3855
1025 1588 4.17716
1026 1165 27.6863
1026 1827 23.701
1027 1049 45.9542
1027 1234 13.5825
1027 1813 86.554
1028 1146 102.394
1028 1409 20.9717
1028 1714 52.2246
1029 1362 61.0546
1029 1737 66.9612
1030 1387 55.8916
1030 1428 24.3575
1031 1286 28.9505
1031 1950 82.3992
1032 1504 23.0106
1032 1784 48.1326
1032 1964 51.9756
1033 1090 44.1803
1034 1300 49.7407
1034 1555 54.7297
1034 1908 65.9215
1035 1251 86.3501
1035 1501 102.646
1036 1454 59.3405
1036 1463 69.7498
1036 1784 70.9105
1037 1213 121.132
1037 1854 89.361
1037 1911 61.4643
1038 1076 96.732
1038 1240 58.6025
1039 1859 84.2632
1040 1207 26.6997
1040 1972 107.997
1041 1071 49.7495
1041 1188 25.9575
1041 1295 81.6215
1041 1352 42.8589
1042 1103 54.0284
1042 1177 49.2669
1043 1089 65.4861
1043 1899 114.197
1044 1444 80.4158
1044 1772 47.7634
1045 1651 76.7809
1045 1781 57.8078
1046 1597 25.6464
1047 1091 41.0647
1047 1381 73.391
1047 1393 69.546
1048 1137 146.238
1048 1675 100.518
1049 1113 82.925
1050 1897 19.8027
1051 1314 102.968
1051 1613 94.7832
1053 1268 38.4985
1053 1639 41.5786
1053 1892 64.116
1055 1380 78.5537
1056 1397 45.6005
1057 1218 57.9254
1057 1374 69.2105
1057 1837 74.9458
1059 1325 73.5916
1059 1737 60.9686
1060 1154 33.8417
1061 1108 24.3583
1061 1457 57.4628
1061 1481 87.5981
1061 1858 31.0724
1064 1511 37.6221
1064 1526 82.1351
1064 1913 24.5143
1065 1382 50.3085
1065 1402 16.2033
1065 1759 62.5773
1066 1558 37.4988
1067 1655 83.077
1067 1852 79.6966
1067 1935 92.1933
1068 1201 30.2169
1069 1529 72.537
1070 1080 72.8334
1070 1293 74.9208
1070 1421 85.4305
1070 1593 127.594
1071 1188 52.3146
1071 1295 37.4087
1071 1352 37.2782
1072 1351 53.3773
1072 1466 37.2612
1072 1601 84.4356
1072 1749 115.519
1073 1623 42.8071
1073 1875 54.0252
1074 1241 50.5073
1075 1740 60.6743
1075 1844 28.6572
1076 1240 72.5768
1077 1606 21.0792
1079 1137 112.134
1079 1806 75.798
1079 1835 50.7493
1080 1421 40.2621
1080 1728 79.2693
1080 1884 96.348
1081 1448 82.1777
1081 1754 13.2203
1082 1800 192.609
1083 1223 121.776
1083 1983 106.528
1084 1604 93.8656
1086 1361 36.7603
1087 1119 91.7291
1088 1447 29.785
1088 1717 6.96522
1089 1899 73.1433
1091 1393 67.0327
1091 1532 61.9744
1092 1226 67.6626
1092 1602 73.1791
1093 1095 66.1429
1093 1153 91.3282
1094 1669 52.4845
1095 1391 57.6711
1097 1426 54.7969
1097 1799 100.994
1098 1181 105.878
1098 1605 28.4178
1099 1617 56.3666
1099 1789 47.1355
1100 1225 65.3717
1101 1866 74.746
1101 1871 84.3324
1102 1621 87.8214
1102 1865 16.2984
1103 1250 80.9026
1104 1965 70.2668
1106 1323 90.0959
1107 1689 35.7741
1108 1481 43.446
1108 1858 38.2573
1109 1318 43.8879
1109 1748 27.9663
1110 1331 105.49
1111 1462 90.2454
1112 1693 96.6672
1112 1887 44.1663
1112 1901 35.5097
1113 1182 69.9723
1114 1256 58.7029
1114 1884 62.0438
1115 1670 35.1008
1115 1828 45.1879
1116 1124 20.3779
1116 1148 29.1414
1116 1935 51.0571
1117 1741 61.408
1117 1746 32.8386
1119 1389 77.8786
1121 1692 74.3662
1121 1722 22.3772
1121 1970 18.0291
1122 1307 16.0401
1122 1565 34.2153
1123 1254 19.5186
1123 1628 20.7205
1123 1665 71.5951
1124 1148 41.3314
1124 1935 95.8335
1125 1177 33.1869
1126 1446 83.5002
1126 1798 80.8767
1127 1221 58.3963
1128 1183 118.454
1128 1771 110.491
1129 1157 44.2469
1129 1375 82.9378
1129 1472 56.4567
1129 1675 74.3051
1130 1276 75.6804
1130 1292 46.3158
1130 1888 55.8511
1131 1548 43.9262
1132 1243 79.6992
1133 1181 134.253
1133 1540 77.8429
1134 1656 32.3329
1135 1822 24.8899
1136 1481 52.2554
1136 1581 68.2758
1136 1800 52.2702
1139 1169 134.398
1140 1477 68.9512
1142 1215 87.9379
1142 1342 67.7082
1143 1203 63.5648
1144 1556 38.0785
1144 1590 21.9948
1144 1615 25.8277
1145 1942 91.7984
1146 1959 75.04
1147 1716 69.7287
1148 1935 44.52
1149 1403 43.7398
1149 1757 28.4974
1150 1490 17.9078
1150 1875 58.8507
1151 1874 35.4728
1152 1370 103.353
1153 1607 110.339
1155 1772 207.217
1155 1952 107.775
1156 1231 80.4231
1157 1472 35.8621
1157 1675 62.9637
1158 1170 47.9236
1159 1219 74.743
1159 1510 57.7313
1160 1338 25.3387
1160 1796 42.7464
1161 1495 53.807
1162 1225 11.0591
1162 1932 43.5215
1164 1715 68.228
1165 1827 49.9316
1167 1615 68.2625
1167 1653 13.6092
1167 1881 35.608
1168 1184 60.4396
1168 1804 29.0898
1169 1399 89.7834
1171 1579 33.3904
1171 1785 49.6777
1171 1979 63.1078
1172 1182 53.7605
1172 1214 100.168
1173 1701 50.661
1173 1807 35.7631
1174 1484 52.5402
1174 1750 38.8703
1175 1255 100.008
1175 1526 50.3173
1176 1299 50.7094
1177 1250 122.725
1179 1455 50.2225
1179 1469 30.9687
1179 1494 33.0744
1181 1777 53.0819
1183 1534 10.2089
1184 1804 57.3276
1185 1842 70.3685
1185 1934 113.714
1187 1459 100.207
1189 1844 74.7093
1189 1905 23.9993
1191 1208 34.6556
1193 1942 72.3347
1194 1658 44.9424
1195 1936 98.3698
1196 1281 10.2802
1197 1529 86.1629
1197 1713 38.3053
1198 1228 64.8645
1200 1790 81.654
1201 1542 37.3051
1202 1207 61.3126
1203 1831 73.747
1204 1417 68.019
1204 1725 6.35951
1205 1470 11.5654
1205 1680 24.2655
1206 1257 90.5208
1206 1864 40.0795
1206 1888 43.9948
1208 1941 65.6863
1210 1363 93.3804
1210 1834 71.2475
1211 1595 71.6267
1211 1659 63.8062
1212 1386 121.777
1213 1799 91.086
1213 1854 83.8509
1214 1364 37.0559
1215 1826 73.1727
1215 1868 79.9431
1216 1545 88.1751
1217 1273 65.0768
1217 1702 34.4087
1218 1374 22.9951
1219 1912 33.1847
1220 1394 6.83472
1220 1460 44.6075
1221 1866 69.5453
1222 1479 14.397
1222 1570 8.46429
1223 1581 73.3213
1225 1932 73.255
1226 1889 71.4897
1227 1365 49.7915
1228 1700 31.1193
1229 1721 69.2037
1230 1930 34.274
1230 1932 40.3478
1230 1937 19.5597
1231 1592 23.318
1231 1774 65.5827
1232 1388 86.1483
1233 1680 99.1675
1234 1813 68.1815
1235 1643 104.126
1237 1379 61.1966
1238 1918 88.1522
1238 1945 62.6897
1239 1279 67.2297
1239 1414 30.2687
1240 1818 31.3584
1241 1811 41.909
1243 1322 34.6699
1246 1357 59.932
1246 1443 75.1632
1246 1788 34.3577
1247 1402 62.0184
1247 1759 36.2933
1247 1823 76.2389
1248 1530 7.86118
1248 1761 33.1479
1248 1815 19.9469
1249 1282 17.1491
1249 1527 57.0254
1249 1697 1.61178
1251 1673 63.2278
1252 1298 40.8509
1252 1838 55.8514
1253 1271 17.5171
1254 1628 29.9773
1255 1403 90.2727
1255 1418 62.9882
1256 1417 42.9709
1257 1264 7.28825
1257 1378 54.1505
1257 1695 82.6435
1257 1864 59.2086
1258 1419 62.0636
1258 1431 62.2774
1260 1319 57.4851
1260 1332 109.208
1260 1850 17.5709
1264 1378 40.4827
1264 1695 85.423
1265 1563 54.0264
1266 1980 72.9323
1267 1476 124.178
1267 1667 73.1391
1268 1639 52.1904
1269 1404 68.9441
1270 1768 50.512
1271 1988 88.8743
1273 1420 78.751
1273 1767 41.6267
1273 1985 90.0756
1274 1653 86.6714
1275 1336 23.2256
1275 1879 53.1476
1276 1292 49.8552
1277 1575 24.6904
1277 1593 110.929
1277 1763 79.3376
1279 1627 48.0759
1282 1697 11.3096
1283 1285 87.9028
1284 1760 51.5888
1285 1500 85.2505
1286 1950 56.5312
1287 1763 68.9077
1287 1900 49.2834
1288 1360 104.657
1288 1735 73.8581
1289 1350 100.538
1289 1367 84.2695
1290 1907 48.297
1293 1593 134.856
1294 1350 51.0036
1294 1367 101.079
1296 1635 23.5447
1296 1840 86.7909
1297 1471 26.9665
1297 1851 79.5696
1298 1838 47.5094
1300 1708 100.622
1300 1908 66.2316
1301 1461 14.2342
1301 1660 34.1774
1301 1710 88.7945
1302 1424 23.9273
1302 1925 76.4216
1303 1803 112.228
1305 1416 79.8272
1306 1498 34.4307
1306 1901 67.6668
1306 1920 27.2317
1307 1565 33.1347
1309 1783 49.4915
1310 1600 36.4413
1310 1622 78.1159
1310 1666 81.8125
1311 1969 64.3136
1311 1978 51.8366
1312 1947 13.3928
1317 1939 32.8207
1318 1748 70.8047
1319 1332 58.2108
1319 1850 70.4464
1320 1860 36.5422
1320 1916 75.3959
1323 1568 43.814
1324 1967 104.603
1325 1436 58.0716
1326 1745 63.3717
1326 1869 53.1937
1327 1870 46.8363
1327 1938 88.8353
1329 1564 67.4883
1329 1598 35.1864
1330 1867 38.4852
1330 1896 55.1902
1333 1445 75.9699
1333 1483 53.924
1334 1562 55.3959
1335 1871 53.1844
1336 1879 63.5458
1337 1686 58.4025
1337 1976 81.7662
1338 1796 34.2327
1340 1819 38.6791
1340 1853 75.5905
1341 1368 54.2526
1341 1829 73.4432
1341 1929 56.6989
1343 1450 24.5246
1343 1683 1.66363
1344 1810 17.9807
1344 1916 60.5505
1345 1354 78.0866
1345 1459 35.065
1346 1595 110.438
1346 1849 77.1613
1347 1557 85.3453
1349 1620 67.1989
1350 1367 17.3785
1351 1466 59.7537
1353 1509 49.9203
1356 1569 75.9636
1357 1443 71.229
1357 1788 71.9418
1358 1831 66.6141
1358 1926 66.3594
1359 1763 59.9619
1360 1380 76.1803
1360 1735 112.256
1361 1962 99.9991
1362 1836 41.2209
1366 1433 27.7633
1366 1755 53.7805
1368 1929 18.5097
1369 1465 53.2256
1369 1857 66.8347
1370 1511 103.893
1370 1913 62.7316
1371 1863 43.6368
1371 1887 70.3376
1372 1475 71.2648
1373 1459 96.273
1374 1491 70.73
1374 1493 101.519
1376 1560 62.0615
1376 1599 53.1387
1376 1957 125.443
1377 1603 94.0096
1377 1910 69.1424
1378 1695 49.4882
1379 1849 27.2139
1381 1904 50.9769
1382 1402 64.1515
1383 1641 42.2101
1384 1433 45.707
1384 1492 53.0417
1385 1576 52.1494
1385 1753 7.21315
1386 1787 18.0463
1387 1428 47.6163
1387 1766 62.0518
1388 1916 46.9642
1388 1988 38.2555
1389 1528 47.5733
1390 1688 70.0011
1390 1927 36.295
1393 1532 41.8629
1393 1886 60.5471
1394 1460 68.6713
1395 1843 54.7507
1395 1856 50.0361
1396 1628 78.1689
1396 1665 17.6786
1397 1508 68.2565
1398 1782 68.1397
1398 1841 78.0625
1400 1642 8.72046
1401 1961 36.3775
1402 1759 59.7707
1403 1418 90.7742
1403 1757 52.0645
1404 1546 101.919
1405 1473 49.2951
1405 1751 13.1988
1405 1853 9.59959
1406 1506 12.1473
1408 1586 74.703
1408 1830 107.274
1409 1541 87.2355
1409 1714 46.897
1410 1797 71.3028
1410 1875 40.7307
1411 1458 96.3964
1411 1626 97.2481
1411 1698 95.5354
1412 1492 38.6984
1412 1779 52.6975
1412 1807 43.7463
1413 1441 112.152
1413 1505 58.4047
1413 1507 114.942
1414 1817 83.8277
1416 1681 47.6092
1417 1725 52.1905
1419 1431 77.4001
1419 1783 116.831
1421 1728 15.1364
1421 1990 50.3504
1422 1805 80.1962
1423 1544 66.6315
1424 1452 97.5277
1424 1925 109.986
1425 1739 70.4234
1426 1805 39.5171
1429 1719 47.5937
1430 1786 96.8199
1430 1859 65.9264
1431 1520 63.1861
1432 1732 93.0434
1432 1748 58.6774
1434 1657 39.1947
1435 1467 48.7251
1436 1785 109.34
1437 1540 91.8016
1437 1915 67.4454
1438 1588 27.1305
1438 1806 95.9998
1440 1456 104.555
1441 1503 33.568
1441 1505 47.5454
1441 1923 44.7463
1442 1521 93.5266
1442 1883 98.7776
1443 1788 26.4482
1445 1483 107.898
1446 1630 103.078
1446 1798 19.12
1447 1717 13.1384
1447 1814 47.1577
1448 1515 102.559
1448 1754 109.126
1449 1637 34.1068
1449 1760 37.7757
1450 1683 39.7116
1450 1951 70.5824
1451 1517 87.4125
1451 1752 78.0529
1452 1718 45.0532
1452 1834 75.8842
1453 1513 45.9596
1453 1704 49.26
1455 1469 97.0088
1457 1858 96.5016
1458 1561 60.4379
1461 1660 32.7858
1461 1710 42.7952
1463 1791 21.5005
1464 1619 41.8264
1464 1921 41.2273
1465 1857 115.052
1468 1668 84.579
1468 1832 58.3275
1469 1494 29.5101
1470 1680 48.5707
1471 1851 33.5655
1471 1914 72.9474
1472 1675 24.0318
1474 1709 40.1014
1474 1768 44.1378
1474 1882 74.5283
1475 1671 86.6844
1476 1652 80.8274
1476 1667 25.7573
1477 1618 53.9255
1477 1936 89.9664
1478 1629 75.8982
1478 1801 77.7486
1479 1570 19.1049
1480 1620 16.1482
1481 1549 83.727
1481 1581 95.8613
1481 1858 50.9932
1484 1750 33.291
1484 1786 65.4078
1484 1948 45.7201
1485 1518 20.2263
1486 1891 52.7835
1488 1580 84.5489
1488 1636 54.187
1488 1907 62.2989
1488 1984 51.627
1489 1758 106.73
1490 1797 50.6278
1490 1875 54.7055
1491 1493 30.8827
1491 1672 86.7462
1492 1807 38.1939
1493 1672 38.8904
1496 1951 81.3506
1498 1920 9.92455
1502 1826 17.0422
1502 1868 11.0878
1503 1505 88.0847
1504 1784 29.3562
1504 1964 68.4616
1505 1507 112.601
1506 1839 47.5043
1511 1913 19.7332
1512 1550 37.8271
1512 1567 47.7648
1515 1630 118.245
1516 1553 80.2677
1516 1909 13.3317
1519 1553 44.5212
1519 1649 62.0583
1519 1958 93.6599
1520 1724 85.1077
1521 1540 27.4307
1522 1643 72.3422
1522 1885 95.6437
1523 1634 141.486
1525 1829 76.3114
1527 1697 70.964
1530 1761 52.7813
1530 1815 9.7352
1531 1596 48.1512
1532 1886 47.1352
1533 1738 72.2489
1536 1586 65.2239
1536 1679 58.4691
1538 1729 42.2336
1539 1582 36.4479
1539 1752 111.057
1539 1793 11.8013
1541 1714 59.8693
1543 1731 54.7783
1544 1705 11.2266
1544 1890 38.0787
1545 1938 63.7223
1546 1984 114.014
1547 1740 120.726
1547 1861 29.1504
1549 1858 73.9383
1551 1552 48.9804
1551 1577 88.5622
1551 1825 45.5893
1552 1577 89.7365
1552 1587 62.0514
1552 1591 39.7659
1552 1825 23.4234
1553 1566 130.869
1553 1649 59.9223
1553 1909 104.624
1553 1958 74.6044
1554 1847 30.3355
1555 1559 118.457
1556 1590 70.694
1556 1615 63.0787
1556 1780 86.3818
1557 1958 64.6823
1560 1599 50.435
1560 1857 35.5046
1560 1957 44.8996
1563 1892 27.9187
1566 1649 37.9195
1571 1624 99.1106
1571 1792 49.0819
1571 1847 84.8084
1573 1617 77.4003
1573 1646 100.006
1574 1799 33.9306
1574 1854 67.0228
1574 1895 56.0328
1576 1753 44.2036
1579 1608 65.7884
1580 1636 36.8793
1580 1984 76.3203
1582 1752 40.2707
1582 1793 61.8458
1585 1674 40.5587
1586 1809 100.897
1587 1591 45.6446
1587 1825 53.4782
1587 1987 56.7759
1590 1615 50.5091
1591 1825 21.4072
1592 1774 63.9949
1594 1605 44.7405
1597 1610 81.9771
1598 1975 88.9193
1599 1957 66.9428
1600 1622 94.1211
1600 1666 82.8173
1601 1749 28.2616
1603 1910 32.1313
1607 1769 46.3662
1607 1878 47.7964
1609 1633 88.8894
1610 1794 44.6715
1611 1801 99.5752
1612 1917 87.3531
1614 1933 46.7913
1616 1631 83.317
1616 1933 15.5352
1619 1921 30.0607
1621 1865 56.1348
1621 1943 72.5475
1622 1666 32.4755
1624 1682 46.792
1624 1699 26.3665
1625 1804 85.021
1628 1665 38.5789
1629 1638 103.823
1629 1953 25.4565
1631 1933 95.8199
1632 1977 37.9043
1636 1984 37.547
1637 1982 53.0352
1638 1953 64.2137
1639 1723 55.5797
1642 1708 80.0974
1643 1885 46.0686
1644 1764 59.8399
1647 1727 52.3545
1650 1776 55.9466
1650 1877 87.9365
1651 1781 24.6701
1652 1667 62.8762
1652 1710 57.5116
1653 1881 24.1285
1654 1709 83.773
1654 1925 72.1507
1655 1808 121.981
1655 1852 70.3639
1656 1663 66.5596
1660 1710 64.6074
1661 1691 60.7668
1666 1694 65.3508
1672 1676 101.201
1676 1685 41.8338
1677 1963 37.9361
1678 1738 92.0613
1680 1956 50.5733
1681 1777 61.4936
1682 1699 54.2138
1682 1792 73.2685
1684 1940 36.4211
1686 1976 47.2677
1687 1774 46.2681
1688 1927 69.8426
1689 1770 41.1612
1690 1946 4.87101
1691 1743 134.214
1692 1722 56.0312
1692 1970 51.3312
1693 1863 46.2204
1701 1807 75.7867
1705 1890 22.118
1706 1743 137.439
1707 1755 45.9869
1709 1882 52.1132
1717 1814 30.4722
1721 1901 79.9438
1722 1970 48.8282
1723 1870 40.3498
1728 1990 40.2443
1730 1973 53.793
1740 1844 64.3349
1741 1746 44.4211
1742 1851 41.7217
1742 1914 18.7638
1745 1869 27.2796
1747 1839 45.3183
1747 1931 46.1574
1750 1948 67.3449
1751 1853 20.7639
1752 1793 54.9204
1756 1790 36.5947
1756 1967 73.8339
1758 1966 36.3035
1759 1823 72.207
1760 1982 52.6414
1761 1815 79.9801
1761 1891 115.022
1763 1900 19.5339
1764 1880 93.2339
1767 1985 50.0772
1768 1945 50.036
1769 1878 31.5856
1772 1952 29.4074
1773 1827 40.4346
1773 1860 58.2824
1776 1877 12.089
1776 1986 46.3868
1778 1989 15.9604
1780 1881 67.9283
1782 1841 15.219
1785 1979 17.6313
1786 1948 35.4732
1790 1895 107.173
1794 1963 92.4721
1795 1816 29.8401
1795 1873 29.773
1799 1854 75.6814
1808 1852 44.0723
1809 1830 62.1996
1812 1968 30.9363
1821 1955 69.7535
1822 1921 30.571
1824 1971 42.9279
1824 1983 68.5438
1826 1868 11.3894
1829 1929 54.7363
1843 1856 14.7215
1843 1908 104.03
1844 1905 104.438
1846 1896 100.907
1851 1914 48.3056
1857 1957 42.0142
1863 1887 33.8857
1864 1888 38.0096
1867 1896 54.0767
1877 1986 65.1637
1879 1919 94.2908
1885 1962 87.396
1895 1985 71.5826
1901 1920 112.098
1902 1941 49.1065
1909 1958 86.5428
1914 1959 94.2445
1916 1988 73.5239
1918 1945 57.1411
1924 1966 50.073
1930 1932 36.854
1930 1937 29.5542
1932 1937 39.9074
1934 1981 137.958
1935 1949 76.6949
1944 1987 78.8159
1971 1983 99.5355
