2148 4014
0 438.659 85.7205
1 1177.58 1454.83
2 2216.3 1472.44
3 1012.93 59.1495
4 139.608 1509.25
5 311.877 1495.85
6 2252.23 567.194
7 1253.21 652.494
8 811.648 1156.59
9 283.658 1730.1
10 1012.42 741.685
11 566.352 1718.32
12 578.992 219.005
13 1987.29 1185.02
14 1038.77 1285.31
15 856.251 1020.02
16 1742.12 237.61
17 1462.45 45.1185
18 492.432 654.332
19 2164.2 1251.55
20 2284.67 2239.36
21 2098.54 964.227
22 126.66 110.241
23 77.2046 205.501
24 88.4027 584.476
25 467.164 624.201
26 930.4 1928.33
27 2006.49 1326.43
28 179.794 1499.96
29 2142.39 1619.64
30 385.31 1127.53
31 1385.98 1975.59
32 1092.82 1837.47
33 1000.96 1240.12
34 1693.67 1969.26
35 1818.07 1508.85
36 1047.34 2109.96
37 1624.12 1307.46
38 63.6008 1300.07
39 152.533 86.7956
40 1484.33 1461.31
41 1725.45 336.374
42 1491.92 1636.99
43 806.252 1621.22
44 1923.15 645.337
45 825.643 1720.04
46 89.7254 136.577
47 1105.47 1745.85
48 1199.64 1175.22
49 620.192 2204.34
50 1977.31 235.004
51 300.24 1974.66
52 1139.14 1946.15
53 1341.78 1287.76
54 315.449 965.912
55 1079.27 277.418
56 162.414 975.441
57 1940.38 1998.07
58 2234.9 891.644
59 407.861 36.4519
60 1484.52 44.6154
61 1343.43 862.455
62 2132.06 1152.53
63 1286.01 2161.47
64 1928.57 2177.87
65 258.41 2108.62
66 665.398 2166.29
67 696.028 1419.18
68 1635.38 1673.64
69 682.119 698.536
70 1.3265 652.804
71 276.393 1936.35
72 1819.24 413.091
73 2180.6 1093.19
74 2137 307.638
75 1111.17 1600.71
76 1073.29 448.553
77 590.087 814.599
78 1933.52 569.996
79 1443.12 1243.65
80 718.556 806.388
81 2039.29 758.218
82 1486.92 31.7586
83 1895.81 1001.14
84 1072.91 484.761
85 827.552 2232.43
86 901.715 2038.06
87 1479.19 2249.64
88 316.178 238.264
89 2143.53 1415.47
90 699.329 1843.72
91 254.711 1735.5
92 653.071 500.164
93 2309.73 323.926
94 890.65 2151.87
95 1622.37 14.069
96 1875.07 645.696
97 602.512 217.126
98 1178.75 1412.06
99 2191.62 478.6
100 466.7 467.151
101 1919.04 681.125
102 646.986 417.152
103 201.261 83.2139
104 1057.68 1162.15
105 1677.53 1753.07
106 1909.65 205.111
107 338.618 294.578
108 1353.57 726.511
109 114.963 1967.67
110 1238.02 26.6375
111 663.578 525.013
112 1804.08 1220.95
113 2068.81 726.779
114 363.45 705.062
115 1160.84 568.657
116 1080.72 101.242
117 1273.18 1554.84
118 2111.6 2184.9
119 274.654 159.101
120 1138.23 1387.57
121 700.804 2087.09
122 1349.18 2258.92
123 346.694 1588.25
124 18.3727 2290.87
125 1092.98 732.517
126 1664.72 1534.02
127 1433.29 1874.1
128 1069.78 283.206
129 664.168 1749.12
130 1936.35 1593.29
131 1928.17 1946.52
132 1223.51 685.332
133 263.274 1778.62
134 98.7711 1280.9
135 2223.66 42.1178
136 1540.32 1315.55
137 987.78 985.537
138 1922.44 412.742
139 1158.71 777.731
140 1936.03 112.714
141 1538.73 297.888
142 1170.25 1477.69
143 742.805 12.4551
144 94.5561 401.766
145 2030.86 2312.98
146 583.71 652.151
147 608.999 1805.7
148 185.403 1593.81
149 468.251 1830.31
150 535.147 1738.41
151 346.866 2250.97
152 238.847 2295.2
153 57.1756 113.139
154 2209.14 1020.34
155 947.869 1303.46
156 1240.21 605.67
157 718.913 1642.02
158 1299.92 579.525
159 1155.93 1260.39
160 2257.38 1401.74
161 888.102 162.348
162 1194.12 1242.7
163 421.403 1861.54
164 491.217 2099.23
165 928.861 822.119
166 1307.63 2052.9
167 1898.96 983.608
168 76.2811 203.965
169 1140.4 1978.79
170 1527.47 471.709
171 2284.29 2162.56
172 1044.99 486.435
173 704.31 1155.13
174 1093.2 1733.39
175 979.78 243.16
176 1107.39 2064.93
177 222.365 768.984
178 795.804 1111.04
179 1992.56 1388.88
180 323.748 2215.81
181 913.809 926.366
182 1784.4 2138.92
183 2070.04 1778.05
184 1322.75 1044.53
185 1264.92 521.782
186 125.657 1285.01
187 805.758 1363.12
188 935.67 715.541
189 1479.42 1093.2
190 67.3895 824.905
191 2201.58 796.945
192 2129.65 1829.53
193 1920.26 491.97
194 1125.7 1604.72
195 1977.41 185.8
196 151.109 753.872
197 96.1359 476.535
198 718.075 63.6116
199 765.851 43.3404
200 126.219 595.618
201 408.558 1953.66
202 2302.16 1731.53
203 213.379 174.984
204 1429 703.342
205 1650.53 910.824
206 673.716 595.539
207 1398.47 460.322
208 303.128 181.234
209 889.558 2107.85
210 1669.01 1253.87
211 1000.62 1156.4
212 444.348 1205.03
213 1500.87 890.192
214 526.924 84.64
215 91.4515 1011.94
216 2279.51 2022.7
217 447.879 1390.78
218 1731.98 1600.36
219 1789.01 2134.96
220 1201.38 614.783
221 69.5147 1558.39
222 2.3366 1846.79
223 1811.25 1235.89
224 572.572 1734.96
225 99.3223 1253.21
226 910.575 398.873
227 487.316 530.286
228 2035.54 1951.24
229 1149.72 54.8757
230 824.631 612.397
231 1730.49 61.9964
232 2083.67 1535.73
233 939.25 960.8
234 2194.75 1642.86
235 2316.4 797.836
236 1521.76 2006.66
237 1208.84 478.034
238 1329.7 84.6358
239 1048.23 126.583
240 527.063 249.269
241 585.155 2293.86
242 946.011 947.806
243 1750.1 1113.75
244 824.82 1596.05
245 1784.63 1197.25
246 712.715 1923.09
247 836.965 1488.46
248 651.148 141.716
249 79.9128 491.84
250 1614.94 723.159
251 1017.08 607.765
252 2068.9 193.945
253 2288.28 2208.4
254 1829.37 1175.25
255 1201.82 1077.33
256 1254.45 1914.1
257 718.611 2038.6
258 1810.72 859.247
259 633.279 2304.03
260 32.9127 1518.05
261 1930.26 1212.8
262 1573.98 198.886
263 1032.21 2268.41
264 1134.55 2276.61
265 442.536 1849.61
266 1549.55 1681.68
267 2203.01 174.562
268 2313.48 2056.44
269 1736.45 231.696
270 1079.69 372.151
271 2310.71 669.061
272 1863.75 2235.39
273 1804.87 214.119
274 2171.61 284.632
275 953.438 1333.56
276 1581.52 2119.46
277 311.954 2008.74
278 1060.8 2208.73
279 1664.86 2158.18
280 767.704 444.269
281 670.363 2019.94
282 1282.49 1664.2
283 888.323 684.659
284 539.452 2126.9
285 1518.58 1904.67
286 2307.8 426.195
287 1312.95 1581.31
288 494.18 1004.61
289 1540.07 158.167
290 1707.07 2161.39
291 1865.6 2244.34
292 317.017 294.038
293 2195.55 2054.62
294 718.657 1644.3
295 392.512 248.326
296 1651.97 1574.67
297 693.248 987.146
298 390.752 1890.55
299 368.922 1329.78
300 717.14 213.587
301 690.991 1285.76
302 479.495 1070.15
303 1747.54 1927.14
304 828.183 1557.37
305 974.044 2108.83
306 609.617 1008.08
307 2086.04 1106.56
308 2100.24 2180.15
309 2167.98 1597.09
310 13.1294 2108.4
311 1738.57 1733.56
312 731.429 306.354
313 2125.46 1493.35
314 659.844 191.519
315 2283.91 1867.84
316 1267.25 1263.56
317 606.839 438.599
318 1890.55 2315.11
319 1929.06 362.509
320 2238.1 1504.23
321 1421.95 2217.78
322 331.594 291.791
323 2307.49 2305.79
324 284.28 1375.73
325 2153.99 1629.4
326 974.633 94.4841
327 1276.15 556.136
328 2170.19 1221.9
329 1612.21 943.909
330 1118.53 541.79
331 2257.91 2082.73
332 610.883 2024.81
333 214.699 1855.94
334 34.1996 1651.39
335 1935.79 1314.06
336 320.973 1507.86
337 735.006 1116.61
338 89.5545 161.186
339 633.791 1661.84
340 1976.78 1921.83
341 761.23 497.924
342 85.2901 2054.36
343 227.404 7.74875
344 1235.3 1806.02
345 527.331 1283.71
346 1992.96 632.808
347 937.328 547.391
348 2208.86 2101.92
349 489.64 129.743
350 922.135 1773.43
351 506.07 1990.58
352 34.6008 1942.28
353 2190.19 749.8
354 853.747 1452.22
355 1492.64 1912.19
356 235.138 1307.91
357 806.551 577.896
358 78.2393 1195.93
359 1713.98 1378.93
360 1492.2 670.468
361 621.904 2088.81
362 293.708 1798.98
363 1358.85 968.923
364 1532.19 46.2474
365 2073.1 2259.83
366 745.11 530.505
367 2049.74 546.354
368 1288.74 845.872
369 1001.34 1935.51
370 1451.84 1881.27
371 1976.84 207.519
372 1300.38 250.308
373 1961.27 1270.92
374 2010.13 666.85
375 1931.82 1663.89
376 787.898 1768.79
377 591.24 1488.46
378 1253.71 1194.17
379 830.4 1761.18
380 732.571 895.7
381 1844.05 1664.89
382 1133.43 1602.53
383 1341.33 567.82
384 2144.36 13.6366
385 1550.14 1967.14
386 1055.09 1120.57
387 1841.33 170.96
388 748.879 905.403
389 2143.34 324.085
390 806.292 256
391 128.249 1097.77
392 2087.77 1264.42
393 651.307 1752.42
394 1380.79 1949.02
395 1537.58 219.372
396 301.326 420.751
397 1184.04 3.16176
398 331.302 1423.74
399 1817.65 2138.67
400 1136.74 1926.65
401 547.152 352.903
402 2031.47 194.153
403 1871.22 2030.17
404 816.424 833.125
405 1084.67 615.479
406 100.671 754.671
407 1803.35 134.871
408 1525.96 952.408
409 1363.44 133.866
410 2078.63 495.522
411 1355.73 940.315
412 1267.24 1606.25
413 1861.14 1777.68
414 1308.12 231.425
415 838.884 101.49
416 1706.43 1784.09
417 373.046 800.677
418 158.322 1491.24
419 1733.88 2253.13
420 217.963 728.36
421 328.695 795.343
422 1841.2 523.048
423 984.596 128.418
424 2061.09 446.018
425 802.415 214.45
426 139.327 1432.75
427 1014.39 610.371
428 1321.02 1092.14
429 313.241 2267.86
430 304.328 1589.23
431 324.542 2101.86
432 88.5386 1151.93
433 1639.58 1895.86
434 893.487 940.153
435 158.079 1581.72
436 2059.52 832.5
437 193.912 1053.56
438 1448.08 2027.5
439 421.994 645.3
440 529.122 225.997
441 2299.96 35.5594
442 708.251 1492.01
443 399.912 2185.09
444 88.0057 884.624
445 1695.22 14.3041
446 1017.12 403.722
447 276.552 186.408
448 92.3603 1072.86
449 1269.77 1939.97
450 1320.98 1766.12
451 830.024 2291.37
452 473.186 1763.82
453 1595.89 883.548
454 963.225 1836.79
455 190.48 274.375
456 1294.37 1329.16
457 833.776 665.965
458 2205.78 1939.37
459 2102.07 859.325
460 1832.45 1520.78
461 11.3421 1358.89
462 1690.11 633.735
463 848.811 996.049
464 1422.55 1058.11
465 1158.06 270.407
466 238.41 2313.83
467 1070.26 612.646
468 509.806 97.2069
469 1026.77 1007.01
470 2010.85 1590.08
471 1323.9 1314.85
472 1996.01 1688.25
473 1683.21 1821.16
474 1949.01 1630.55
475 2224.74 1625.1
476 234.823 44.2734
477 2028.41 2016.37
478 124.273 190.372
479 181.477 1742.4
480 2187.62 1829.52
481 899.853 2297.04
482 681.32 1683.81
483 1958.16 1452.79
484 2059.99 1795.27
485 311.944 513.157
486 1578.34 704.667
487 532.128 1602.8
488 855.062 1092.72
489 576.399 2072.93
490 1428.32 348.19
491 2108.87 453.696
492 1722.48 171.861
493 2053.6 1837.06
494 761.812 1279.92
495 1840.85 953.36
496 320.087 1885.63
497 308.527 2226.68
498 469.628 669.536
499 1448.17 509.718
500 1152.25 1077.39
501 462.355 1660.49
502 1509.57 1805.02
503 2002.68 1587.96
504 1349.68 158.086
505 1765.48 1438.4
506 1455.16 1728.01
507 71.033 1102.6
508 2237.66 1109.48
509 1328.99 1083.35
510 2044.9 1135.59
511 62.969 1608.9
512 950.642 968.537
513 1394.35 429.333
514 2309.03 291.261
515 1421.58 1335.68
516 1496.42 27.9484
517 2115 1485.75
518 1810.05 1489.02
519 975.186 1343.67
520 2260.83 109.565
521 1365.91 1056.68
522 2181.95 1714.97
523 2200.03 18.8739
524 2266.74 2257.39
525 1826.34 1166.55
526 836.416 266.896
527 1963.34 216.052
528 1756.37 157.559
529 42.0705 2112.46
530 2115.56 1492.92
531 64.1125 1477.7
532 2054.43 624.029
533 1248.64 839.406
534 1285.47 1148.34
535 1313.6 1352.29
536 597.975 1548.12
537 41.5908 1184.1
538 1972.53 759.433
539 353.277 163.048
540 1233.5 838.762
541 1167.05 1007.87
542 412.307 1280.58
543 1396.36 1916.05
544 638.147 1806.15
545 2041.83 1797.22
546 1182.83 1383.91
547 1146.43 976.357
548 1628.18 634.437
549 1590.24 1299.72
550 476.479 1575.25
551 396.769 1950.48
552 1194.87 385.285
553 1633.34 2093.98
554 781.786 1831.79
555 139.699 744.986
556 263.15 744.458
557 1153.88 1644.18
558 2298.3 178.281
559 609.024 1101.14
560 968.354 93.9727
561 369.639 1825.57
562 59.9782 951.316
563 157.922 293.05
564 1727.12 449.13
565 1582.59 1429.91
566 1180.92 394.869
567 1699.02 1908.73
568 1503.45 2284.2
569 10.4624 94.6042
570 1993.08 406.964
571 341.325 1879.42
572 1215.37 1206.43
573 1739.94 2167.49
574 399.766 2150.02
575 1183.68 553.447
576 1787.23 2314.82
577 2141.01 15.1793
578 347.961 884.075
579 1137.88 1190.09
580 902.902 1729.87
581 1902.09 1532.5
582 2054.4 281.952
583 1890.76 2017.6
584 493.669 2152.86
585 1886.77 1394.94
586 83.8597 761.453
587 1564.15 349.084
588 964.197 238.98
589 744.955 1208.39
590 443.025 1434.49
591 748.454 1361.52
592 2316.5 1918.32
593 1330.21 171.305
594 1046.64 1492.12
595 581.229 1842.75
596 338.667 1675.14
597 1091.93 922.647
598 209.884 1996.15
599 299.662 589.415
600 2037.81 1403.06
601 834.021 1368.68
602 979.129 2233.25
603 2052.49 1777.98
604 239.381 2012.01
605 437.236 1446.32
606 1856.47 989.981
607 1814.62 1259.86
608 1929.44 2251.45
609 1295.88 694.683
610 2051.49 1873.61
611 1379.63 1986.78
612 2254.91 276.066
613 1497.79 2208.04
614 5.31413 1140.63
615 1012.78 209.815
616 1396.51 229.725
617 192.72 131.531
618 2013.82 27.8604
619 1304 1355.23
620 632.967 15.9175
621 1468.71 867.924
622 1866.11 1675.11
623 379.233 1293.94
624 2061.06 1010.18
625 316.185 144.135
626 1304.66 1261.6
627 2221.12 2262.65
628 1781.14 1546.9
629 95.3953 2292.57
630 655.077 347.142
631 1114.82 234.169
632 487.841 1190.76
633 1864.33 2291.89
634 1200.33 1656.02
635 997.889 61.3974
636 981.61 204.45
637 1795.95 1425.19
638 1535.75 1955.47
639 1184.7 65.7327
640 2283.36 2109.01
641 574.261 1106.75
642 1850.17 1047.53
643 583.499 149.606
644 842.582 1007.56
645 676.928 424.445
646 1354.9 575.465
647 813.139 330.49
648 1762.83 1059.97
649 475.989 667.477
650 2204.88 2135.4
651 1840.97 906.013
652 853.799 2183.81
653 571.786 244.795
654 266.786 1664.85
655 1929.69 1989.69
656 1828.02 666.028
657 691.01 1156.72
658 2199.71 1157.43
659 1638.16 2064.78
660 2189.68 1535.42
661 2069.89 1216.74
662 622.229 544.941
663 2223.87 1862.3
664 927.777 2110.4
665 224.161 562.202
666 1120.67 2213.53
667 1744.64 2064.9
668 2306.94 795.219
669 2229.71 744.92
670 2131.85 232.259
671 775.611 246.287
672 472.693 704.703
673 1752.86 492.822
674 1715.62 1226.84
675 1581.61 1758.19
676 1873.7 479.908
677 1410.83 350.563
678 295.662 859.184
679 670.215 431.633
680 1616.35 608.665
681 1542.27 1774.67
682 2064.01 995.181
683 198.209 1026.2
684 1691.27 1785.48
685 756.278 2155.01
686 1384.85 245.573
687 216.084 2291.81
688 527.768 2193.39
689 270.123 935.343
690 1273.98 166.297
691 566.389 704.231
692 746.679 548.733
693 1992.04 1727.7
694 2138.96 1269.31
695 2195.59 402.513
696 346.079 1997.39
697 404.181 1004.06
698 1280.88 125.486
699 1264.46 1066.91
700 1369.22 210.816
701 400.004 1386.56
702 7.44939 1843.82
703 1881.54 1635.05
704 307.033 1880.09
705 2220.49 606.138
706 418.384 2015.07
707 1597.79 2175
708 1820.37 789.697
709 367.704 1048.47
710 2019.17 108.709
711 1358.8 1357.25
712 1557.21 1301.97
713 804.047 2141.6
714 927.151 544.392
715 77.9936 788.521
716 1467.23 1782.46
717 2301.06 613.29
718 74.9623 2078.67
719 2141.16 1326.7
720 1945.75 1728.67
721 160.667 1722.53
722 1534.48 797.911
723 1463.66 842.901
724 351.836 1502.29
725 1216.71 437.129
726 891.64 423.565
727 706.888 657.047
728 1735.93 1895.77
729 74.574 1886.1
730 1906.91 378.223
731 840.546 763.85
732 1270.73 2305.36
733 1042.92 130.731
734 2265.47 1933.42
735 1014.58 2312.25
736 28.8459 1841.07
737 872.797 27.9581
738 1133.62 532.325
739 1588.86 163.322
740 1523.23 1442.12
741 1923.46 460.169
742 12.6445 383.088
743 1340.14 1251.14
744 54.341 112.792
745 74.4535 235.367
746 1581.27 1148
747 1978.13 1149.57
748 1788.78 1791.53
749 442.375 564.217
750 1961.08 1819.57
751 2014.84 1477.76
752 165.804 292.873
753 1519.73 1887.5
754 1762.51 586.782
755 1612.67 875.55
756 1359.4 1316.5
757 790.272 1860.53
758 562.222 1692.78
759 2123.19 45.2946
760 1948.27 1226.62
761 8.01808 405.277
762 1273.21 1973.35
763 1209.36 386.861
764 427.807 594.048
765 1838.53 1783.02
766 813.02 2199.14
767 1799.74 2034.97
768 1328.67 167.948
769 2244.58 656.678
770 1618.59 1306.48
771 3.14534 1192.67
772 1756.95 2186.85
773 1865.07 1053.17
774 2141.46 976.216
775 489.811 618.79
776 584.543 1140.95
777 644.368 471.418
778 1297.43 267.888
779 1799.47 556.565
780 1496.98 91.4655
781 2079.76 556.459
782 1952.4 1616.62
783 2170.12 1308.87
784 1352.58 601.824
785 2215.65 181.66
786 1719.32 1311.15
787 1124.28 1378.69
788 2033.45 2208.4
789 1479.63 2160.87
790 508.951 482.291
791 258.177 1109.4
792 760.27 1165.73
793 533.618 864.409
794 732.338 1998.26
795 1639.22 2062.25
796 1879.19 687.03
797 273.748 1233.86
798 1388.62 24.891
799 754.712 1217.78
800 221.715 1886.25
801 2005.76 931.818
802 622.151 2241.06
803 1379.17 742.943
804 465.035 1599.62
805 814.832 212.53
806 730.384 931.651
807 2143.35 19.2565
808 842.479 40.5053
809 739.851 1952.12
810 2195.7 902.395
811 1764.21 1367.34
812 1483.18 958.707
813 2177.36 842.283
814 2011.61 1597.93
815 591.807 2246.2
816 888.622 258.952
817 2172.32 978.15
818 1564.18 264.73
819 1005.76 232.334
820 1817.76 744.548
821 2226.51 1055.45
822 2179.63 473.199
823 1158.51 1875.86
824 785.528 150.367
825 401.584 991.142
826 1117.03 726.689
827 8.35181 1131.92
828 136.248 1256.17
829 446.312 578.272
830 1959.01 1133.86
831 810.132 1143.47
832 2188.83 1001.86
833 1883.09 2043.59
834 2011.88 794.864
835 1004.81 781.183
836 458.631 2159.17
837 960.534 430.02
838 569.626 2141.57
839 1784.7 1557.79
840 1639.27 373.171
841 1925.59 1971.72
842 2170.71 341.99
843 1090.41 150.46
844 1725.99 963.696
845 887.538 116.893
846 1598.05 1640.2
847 301.351 1430.37
848 2119.11 643.478
849 522.712 586.673
850 2061.51 1989.56
851 1714.3 2109.01
852 515.118 564.717
853 1170.56 631.849
854 1882.61 831.001
855 1031.46 17.0086
856 733.345 742.053
857 588.485 315.835
858 622.659 1502.28
859 1912.68 143.145
860 1952.03 622.655
861 1804.81 1309.66
862 723.558 481.306
863 1946.49 99.5905
864 2010.47 2145.63
865 2188.96 1165.33
866 211.274 157.562
867 1559.92 1113.96
868 731.555 2176.96
869 1167.85 75.9687
870 1684.48 1682.25
871 1061.7 970.861
872 42.9049 1284.92
873 1558.97 1790.81
874 496.232 1603.56
875 301.28 1748.33
876 1240.03 212.724
877 5.85641 101.152
878 1805.74 2275.61
879 46.9647 422.162
880 1662.34 875.283
881 1253.19 1433.09
882 1288.05 676.336
883 746.321 2027.71
884 1952.62 1920.02
885 154.606 1666.58
886 1407.42 677.891
887 172.347 360.049
888 2083.82 278.03
889 933.26 2151.69
890 1603.63 633.558
891 1567.6 1796.42
892 957.503 159.955
893 1465.2 1935.89
894 2048.26 1465.49
895 26.1361 1588.01
896 794.623 1058.15
897 513.726 365.309
898 1334.93 195.689
899 1060.47 2267.11
900 496.241 467.526
901 164.751 835.53
902 2095.34 1868.2
903 1843.05 2306.39
904 1116.36 1410.14
905 921.853 1998.01
906 1019.27 1996.96
907 270.057 167.119
908 286.062 1289.39
909 349.652 2059.82
910 1072.39 464.501
911 2244.84 1006.83
912 1285.63 1180.74
913 2150.83 1227.46
914 52.8986 1420.11
915 588.035 406.215
916 2206.35 346.079
917 1241.5 1498.93
918 1417.5 1802.43
919 492.913 2044.83
920 561.405 1507.15
921 1742.85 933.024
922 552.647 2022.51
923 392.274 1662.46
924 965.697 254.676
925 1198.04 1280.98
926 952.694 976.735
927 1087.93 1974.12
928 172.03 526.905
929 98.6463 1365.74
930 2212.48 771.919
931 2313.34 642.637
932 122.92 1527.73
933 219.883 1081.36
934 1042.11 1099.82
935 189.775 1482.19
936 1502.5 2078.14
937 1268 993.288
938 698.423 210.362
939 1908.47 1951.61
940 764.426 1794.69
941 1740.31 1622.44
942 938.467 937.843
943 989.257 2208.87
944 1377.38 323.942
945 67.7698 291.023
946 2238.2 614.198
947 978.584 1619.45
948 579.257 2156.67
949 26.245 750.824
950 2264.45 601.376
951 102.981 1623.77
952 1680.44 1454.77
953 705.268 468.001
954 45.8794 719.9
955 1472.64 1633.54
956 1850.53 129.981
957 1411.86 1117.14
958 2316.75 409.299
959 1772.48 1319.6
960 687.925 2000.54
961 1697.5 558.392
962 304.688 1000.93
963 1664.09 835.594
964 1682 957.886
965 126.372 1891.78
966 2041.53 426.855
967 2069.77 1455.56
968 79.2151 1343.09
969 1322.31 287.417
970 1968.4 135.003
971 1751.51 802.495
972 130.782 470.438
973 2252.75 567.942
974 947.563 2278.88
975 841.741 2037.11
976 1402.1 1992.56
977 1673.21 1244.95
978 28.7306 600.818
979 553.996 1499.5
980 1857.41 1465.14
981 1261.04 258.57
982 1333.54 1930.37
983 720.05 1050.64
984 614.933 785.292
985 1078.77 1795.81
986 330.432 1334.85
987 1456.07 83.9548
988 430.082 1152.45
989 2104.01 1175.3
990 64.6305 1391.48
991 1399.28 499.465
992 922.804 725.669
993 1776.03 48.2366
994 1381.5 1888.9
995 845.507 483.218
996 80.9119 1800.21
997 55.1243 618.919
998 1560.57 1001.41
999 2119.41 1565.42
1000 877.256 2001.08
1001 683.453 2163.76
1002 2266.32 1840.56
1003 281.219 1907.89
1004 830.453 1714.26
1005 2248.11 1123.21
1006 997.476 1710.82
1007 2202.27 1324.84
1008 29.8606 1795.52
1009 778.873 1812.49
1010 885.304 2061.48
1011 212.255 751.075
1012 1412.25 427.03
1013 772.998 679.332
1014 1417.74 1473.11
1015 2249.14 185.812
1016 436.682 967.912
1017 874.555 2154.58
1018 2190.11 936.153
1019 2215.33 67.8647
1020 173.121 991.339
1021 361.037 1138.12
1022 1066.23 1270.67
1023 995.394 1118.97
1024 2282.52 514.103
1025 200.95 1991.24
1026 286.146 676.341
1027 1196.71 791.14
1028 1650.48 2304.78
1029 746.594 72.1176
1030 1686.56 2032.23
1031 683.966 888.766
1032 1297.34 390.374
1033 681.304 1646.53
1034 1406.95 2120.52
1035 1047.74 2122.48
1036 1565.65 2194.08
1037 1489.99 1683.39
1038 1199.78 627.423
1039 1901.74 2005.35
1040 2184.9 2225.52
1041 792.421 1856.61
1042 1211.35 2223.36
1043 2084.35 1907.03
1044 226.502 4.61625
1045 91.7877 416.402
1046 269.458 792.399
1047 2049.41 698.305
1048 393.356 417.345
1049 1103.31 1691.28
1050 2212.13 2298.36
1051 402.745 668.512
1052 1401.1 1851.38
1053 256.814 1409.2
1054 1585.34 883.028
1055 440.075 1271.39
1056 891.509 850.014
1057 1637.67 73.4291
1058 1206.06 197.821
1059 1175.24 2026.01
1060 94.1955 1501
1061 139.203 1825.84
1062 1047.69 60.3819
1063 2108.69 578.447
1064 1999.78 1801.36
1065 552.867 1671.4
1066 1484.28 734.848
1067 525.788 920.714
1068 1263.29 638.492
1069 124.525 2204.63
1070 376.119 1504.75
1071 1688.34 2215.17
1072 1583.88 130.982
1073 1706.5 622.45
1074 1654.96 2112.97
1075 334.984 986.917
1076 2054.15 1611.96
1077 666.61 391.356
1078 948.419 836.932
1079 1890.12 633.697
1080 1910.9 1494.33
1081 1736.85 919.049
1082 1956.66 763.301
1083 445.806 597.956
1084 2211.46 530.095
1085 1417.35 278.372
1086 1580.54 1119.25
1087 1304.98 1746.97
1088 2040.27 1919.08
1089 758.881 1243.62
1090 530.263 200.41
1091 1423.35 851.153
1092 1416.89 1766.08
1093 1826.47 2266.04
1094 1223.21 1479.43
1095 1838.52 1646.2
1096 1805.1 1444.46
1097 590.517 269.493
1098 1531.74 1582.06
1099 1986.85 1379.47
1100 795.506 3.44462
1101 1601.37 2197.76
1102 984.421 531.133
1103 1850.65 147.583
1104 896.46 2117.18
1105 1763.29 888.125
1106 2078.84 1683.2
1107 838.055 1578.06
1108 1242.32 2238.12
1109 736.649 1786.76
1110 174.046 300.734
1111 660.012 599.282
1112 22.5629 48.3529
1113 1976.58 1674.07
1114 1965.61 461.096
1115 717.877 1296.92
1116 2028.38 301.427
1117 2275.35 311.238
1118 1296.63 1999.43
1119 139.813 2315.05
1120 1616.21 469.894
1121 159.38 998.411
1122 987.264 202.678
1123 1084.1 2225.66
1124 1500.84 275.583
1125 240.337 805.66
1126 149.399 581.842
1127 1067.31 2049.06
1128 2087.09 956.643
1129 189.802 93.5761
1130 2287.19 1824.83
1131 2218.56 302.946
1132 383.093 336.387
1133 704.364 260.325
1134 848.091 1470.64
1135 1388.11 1542.09
1136 1469.15 592.477
1137 1772.66 1391.21
1138 1491.01 707.193
1139 251.453 1037.75
1140 429.857 1222.15
1141 1678.59 1827.42
1142 378.102 1054.22
1143 1947.48 1743.18
1144 501.078 2107.22
1145 1715.48 696.893
1146 1849.01 25.3154
1147 1873.38 544.844
1148 1485.77 1569.97
1149 874.464 699.607
1150 930.839 253.837
1151 1288.04 574.119
1152 590.707 1309.91
1153 953.015 2161.82
1154 1685.92 798.964
1155 356.972 1416.24
1156 820.241 660.986
1157 221.277 1440.13
1158 2113.72 2198.9
1159 1396.28 1809.37
1160 75.4545 1256.38
1161 805.77 2136.47
1162 782.269 763.116
1163 0.983432 2085.22
1164 1033.33 1115.19
1165 2041.78 47.3754
1166 253.914 1878.79
1167 646.946 922.75
1168 1536.51 1008.57
1169 1044.24 516.166
1170 1992.08 331.833
1171 1957.26 1246.17
1172 80.7794 928.878
1173 388.93 934.423
1174 2280.63 1891.87
1175 2257.32 1907.72
1176 931.095 2015.31
1177 509.658 1649.19
1178 653.738 1032.62
1179 1663.42 339.23
1180 1587.61 1718.48
1181 1028.08 4.54223
1182 1691.79 2225.78
1183 433.909 2013.1
1184 909.249 1526.03
1185 1309.01 1320.35
1186 761.109 611.523
1187 699.869 2224.01
1188 2120.86 324.134
1189 1918.99 1442.4
1190 1395.04 599.336
1191 512.772 310.285
1192 1932.14 500.157
1193 2294.16 1419.45
1194 718.708 1860.02
1195 1427.29 411.072
1196 1028 1465
1197 799.233 1246.91
1198 949.522 1032.32
1199 1475.62 1271.17
1200 2109.41 967.529
1201 990.998 536.36
1202 68.3705 678.747
1203 1783.12 1228.44
1204 440.568 671.482
1205 1465.28 1606.15
1206 1337.8 2243.49
1207 2094.17 544.886
1208 1543.8 1677.29
1209 458.565 1034.4
1210 1359.18 2288.53
1211 537.141 1301.61
1212 2064.29 2294.22
1213 1775.24 391.769
1214 147.121 1742.74
1215 2224.05 914.336
1216 1423.85 111.417
1217 867.549 935.571
1218 2216.23 807.385
1219 644.689 674.302
1220 884.237 1233.88
1221 2033.89 458.989
1222 1411.88 1939.3
1223 2087.34 333.329
1224 1183.04 1698.32
1225 1546.97 1078.13
1226 615.01 51.198
1227 1558.56 894.4
1228 1823.58 1044.07
1229 168.949 1498.98
1230 1821.49 240.262
1231 1555.91 505.766
1232 1027.76 488.237
1233 1434.16 1535.71
1234 552.159 1286.49
1235 2128.04 10.0092
1236 2131.52 2033.69
1237 1293.76 1611.26
1238 954.392 218.98
1239 815.125 757.481
1240 1151.99 1995.84
1241 399.813 2311.26
1242 2182.15 1366.88
1243 757.022 2025.55
1244 1985.16 329.04
1245 1425.55 383.583
1246 1491.93 676.101
1247 451.977 209.126
1248 1550.1 2239.68
1249 112.144 2136.13
1250 97.8171 1395.5
1251 1302.07 1304.15
1252 659.786 498.74
1253 1115.94 1154.69
1254 1250.49 568.729
1255 791.229 1642.65
1256 27.2186 2093.53
1257 1222.39 275.748
1258 97.6881 467.691
1259 451.426 1331.15
1260 1550.18 1932.95
1261 825.49 1828.72
1262 1508.7 1912.04
1263 248.693 1316.38
1264 912.453 437.815
1265 662.907 2098.11
1266 1598.49 1906.73
1267 1570.91 855.294
1268 407.443 1486.88
1269 934.336 404.018
1270 2005.83 195.962
1271 786.552 910.439
1272 459.666 148.609
1273 656.608 635.695
1274 997.897 691.288
1275 2298.13 1636.08
1276 692.867 1467.2
1277 1039.82 2235.54
1278 545.443 1815.15
1279 949.198 641.405
1280 1927.68 307.289
1281 610.765 383.517
1282 2226.28 1391.02
1283 2217.32 1620.71
1284 61.7661 366.865
1285 620.623 164.395
1286 2229.1 2274.29
1287 2264.85 1006.76
1288 2099.56 891.183
1289 2142.17 415.69
1290 98.854 1123.51
1291 2192.98 162.269
1292 565.248 834.839
1293 214.874 1870.5
1294 406.942 16.5111
1295 1404.42 1646.07
1296 1590.87 269.871
1297 1894.94 97.1482
1298 361.392 1291.01
1299 463.735 509.898
1300 2078.33 282.973
1301 629.92 1541.16
1302 729.905 1457.18
1303 1103.72 1089.07
1304 2257.74 400.857
1305 26.032 1508.29
1306 1089.36 1976.32
1307 2001.62 2139.79
1308 1464.53 1732.45
1309 409.776 1749.79
1310 2197.65 284.946
1311 1845.67 2315
1312 696.656 1229.15
1313 1985.7 897.678
1314 1260.54 437.284
1315 1145.27 1932.96
1316 1286.57 545.134
1317 1079.7 797.003
1318 908.718 787.906
1319 86.9627 430.863
1320 514.054 2167.35
1321 314.874 1249.78
1322 1131.49 2214.4
1323 195.128 1952.03
1324 983.341 76.6806
1325 1266.49 614.76
1326 2040.86 1370.77
1327 2066.81 341.594
1328 1514.91 8.2849
1329 690.339 455.364
1330 1360.13 1636.16
1331 1270.9 1503.56
1332 199.967 2227.36
1333 2195.74 504.117
1334 469.205 793.663
1335 1435.83 1403.29
1336 350.06 233.551
1337 1307.61 140.797
1338 1992.09 1722.38
1339 522.871 861.687
1340 1471.82 1531.45
1341 1503.94 443.453
1342 1371.48 788.699
1343 1910 174.64
1344 366.285 2256.34
1345 1853.06 2126.75
1346 981.558 183.652
1347 1787.93 991.311
1348 1405.72 1455.77
1349 1063.89 1710.66
1350 338.857 658.64
1351 121.413 1339.05
1352 7.67618 1931.09
1353 912.131 877.87
1354 2055.72 635.99
1355 688.876 1697.28
1356 1213.25 1081.13
1357 352.104 991.636
1358 213.435 2108.37
1359 1631.36 1303.36
1360 449.99 87.6116
1361 305.912 466.864
1362 997.998 710.38
1363 156.323 481.519
1364 1113.92 1990.24
1365 1290.11 680.925
1366 351.293 135.288
1367 491.856 1721.73
1368 692.366 1962.5
1369 1340.63 579.615
1370 2284.28 1329.8
1371 1505.47 2024.75
1372 1101.46 914.978
1373 126.693 1555.55
1374 523.466 1434.06
1375 1327.42 923.379
1376 611.61 828.384
1377 2121.87 662.251
1378 2117.24 562.755
1379 2065.65 637.98
1380 1629.5 1190.24
1381 1981.48 2196.51
1382 1504.37 1439.01
1383 354.684 1944.97
1384 2277.7 190.939
1385 959.83 1445.06
1386 280.861 2285.4
1387 1671.15 2055.38
1388 2112.8 1622.03
1389 1916.06 1066.33
1390 891.529 2000.93
1391 140.328 242.61
1392 864.015 912.765
1393 240.632 554.962
1394 1981.66 1433.37
1395 1429.89 2087.85
1396 1058.01 363.295
1397 1218.91 544.877
1398 958.203 2166.4
1399 65.0544 1047.66
1400 1403.04 326.066
1401 771.014 1548.56
1402 1143.25 82.9827
1403 387.518 1511.31
1404 860.654 1417.72
1405 842.227 288.227
1406 951.008 1082.68
1407 884.916 1189.78
1408 891.585 2061.19
1409 684.714 849.831
1410 743.008 1809.09
1411 1310.7 1462.47
1412 1259.04 1189.65
1413 1842.6 1564.35
1414 2156.11 780.213
1415 1780.78 1629.08
1416 1182.68 1060.91
1417 2123.5 576.722
1418 891.666 1115.38
1419 501.274 94.9132
1420 2117.26 219.215
1421 1137.46 608.955
1422 728.741 25.9513
1423 1691.48 1505.32
1424 1448.81 664.506
1425 2256.48 2167.64
1426 631.017 2007.22
1427 856.283 1846.14
1428 1641.3 975.205
1429 215.964 1149.91
1430 1784.51 1206.22
1431 257.976 2112.71
1432 1264.08 1372.54
1433 873.519 1368.18
1434 946.104 1506.72
1435 501.156 1654.15
1436 1145.75 479.99
1437 222.408 920.752
1438 1501.85 253.258
1439 1741.37 1262.7
1440 1578.6 1389.61
1441 516.481 738.006
1442 2083.66 2196.41
1443 198.92 1364.33
1444 1827.3 2080.51
1445 1180.02 1951.77
1446 1283.36 1901.87
1447 311.707 809.643
1448 1830.36 109.324
1449 1251.88 1674
1450 254.731 438.46
1451 1183.89 78.3641
1452 600.354 390.198
1453 742.74 2235.07
1454 131.923 970.553
1455 1968.94 1323.39
1456 941.626 29.1951
1457 588.932 1805.31
1458 1815.42 957.058
1459 2116.15 1869.83
1460 716.254 104.594
1461 409.875 1709.66
1462 1735.09 1528.48
1463 600.492 2261.84
1464 488.673 370.982
1465 1715.81 461.735
1466 465.994 1711.99
1467 6.36515 1230.93
1468 958.272 1861.94
1469 1087.91 1177.36
1470 685.804 615.549
1471 1210.18 2083.01
1472 756.564 1536.82
1473 1859.22 1389.85
1474 1849.22 485.85
1475 659.243 2075.45
1476 1852.69 1642.84
1477 522.073 1490.99
1478 640.997 1384.35
1479 1562.7 1056.51
1480 1747.83 1928.62
1481 972.077 1294.28
1482 617.165 64.2377
1483 1342.17 538.542
1484 1374.76 2179.97
1485 2211.1 569.889
1486 1902 2299.51
1487 1508.48 241.527
1488 1897.1 1189.98
1489 599.141 527.719
1490 1427.9 931.509
1491 1465.57 1900.24
1492 1234.19 624.609
1493 1473.2 59.9219
1494 200.483 226.233
1495 258.706 1062.77
1496 367.03 1271.5
1497 486.213 1985.55
1498 645.566 744.015
1499 886.033 1330.95
1500 1149.74 976.377
1501 637.866 1550.34
1502 1742.48 729.455
1503 1595.37 1000.6
1504 807.365 640.538
1505 1762.54 2215.69
1506 1873.96 1285.33
1507 380.771 523.737
1508 2297.35 1225.58
1509 2200.81 1205.87
1510 1700.27 458.054
1511 1002.02 2049.95
1512 1706.75 587.83
1513 2011.63 2194.45
1514 1668.61 803.093
1515 1760.66 2205.72
1516 1977 742.722
1517 693.464 1653.34
1518 1105.86 691.963
1519 764.784 1996.78
1520 1907.02 349.248
1521 2187.87 1347.11
1522 1705.15 1248.67
1523 2231.06 574.462
1524 1394.99 1579.39
1525 1340.62 2088.15
1526 2201.16 2259.44
1527 1665.05 1230.17
1528 562.532 1245.15
1529 682.255 745.492
1530 1006.26 152.86
1531 1708.08 1889.56
1532 2295.43 1746.56
1533 1142.05 414.416
1534 871.42 885.239
1535 1177.74 2036.94
1536 463.102 392.962
1537 1112.55 2182.06
1538 891.158 1334.06
1539 300.79 830.534
1540 1342.99 1911.3
1541 1742.35 1485.5
1542 1918.22 642.709
1543 1602.61 1759.35
1544 63.3515 2059.36
1545 480.145 690.865
1546 1887.54 2060.7
1547 368.822 357.79
1548 1944.09 517.541
1549 449.609 1729.12
1550 545.306 1232.19
1551 1555.08 1658.7
1552 1097.42 1684.32
1553 253.517 1714.07
1554 1361.19 1090.96
1555 1014.98 2278.78
1556 109.101 840.923
1557 1009.11 1916.36
1558 1255.04 1712.94
1559 1598.55 1376.87
1560 1721.69 68.0727
1561 916.31 1683.15
1562 935.124 1299.29
1563 1876.12 1663.3
1564 1345.66 1454.84
1565 1467.59 768.17
1566 1520.45 2189.88
1567 1426.16 1342.33
1568 2066.8 1361.86
1569 1908.75 1552.79
1570 1590.88 284.066
1571 547.286 1410.44
1572 886.327 2039.76
1573 1264.48 182.546
1574 1496.61 2194.66
1575 171.019 697.859
1576 450.185 764.77
1577 973.276 635.153
1578 1209.94 41.1513
1579 2103.06 1904.36
1580 1957.5 229.232
1581 931.411 1832.85
1582 1786.95 1455.8
1583 984.397 311.706
1584 1668.82 788.433
1585 1360.93 341.975
1586 462.499 134.611
1587 2261.71 1798.63
1588 983.763 1206.17
1589 1218.46 306.699
1590 238.118 1916.01
1591 240.125 579.87
1592 2080.12 1129.54
1593 1601.14 1829.14
1594 1958.63 2310.34
1595 238.946 656.188
1596 306.679 2076.81
1597 115.1 2026.01
1598 432.952 961.973
1599 413.087 2151.9
1600 1683.22 1488.56
1601 1135.8 323.183
1602 1733.18 1937.33
1603 248.104 1498.84
1604 97.9997 247.45
1605 120.575 1705.5
1606 1031.28 264.961
1607 1358.15 1084.57
1608 309.026 1570.35
1609 192.714 1303.86
1610 2073.13 2047.43
1611 776.975 1413.12
1612 1394.56 655.767
1613 1049.65 1842.51
1614 397.383 618.011
1615 243.124 1642.98
1616 1000.08 504.403
1617 1899.81 2198.16
1618 344.137 1228.38
1619 625.472 1371.66
1620 1978.41 922.168
1621 1887.41 782.004
1622 1458.56 434.969
1623 508.85 455.163
1624 318.552 2312.51
1625 947.875 739.483
1626 2259.58 994.63
1627 1721.61 483.308
1628 194.259 1532.17
1629 1546.49 660.403
1630 435.805 1364.99
1631 859.151 1484.74
1632 1496.53 386.537
1633 713.449 2220.63
1634 641.867 273.984
1635 255.933 165.959
1636 1562.17 1091
1637 501.467 465.986
1638 587.744 663.901
1639 1871.88 1918.62
1640 606.929 1724.46
1641 623.097 704.288
1642 1126.94 2065.43
1643 1267.06 1878.41
1644 604.099 1964.48
1645 74.5048 2280.19
1646 2243.75 645.695
1647 2263.24 1382.79
1648 1065.01 1926.5
1649 1943.3 36.2181
1650 1846.43 898.471
1651 392.256 1218.06
1652 1451.22 507.513
1653 2156.44 886.822
1654 1460.13 442.343
1655 1836.79 265.91
1656 445.275 1649.92
1657 1711.75 697.582
1658 958.996 502.695
1659 533.11 1737.91
1660 2100.34 998.455
1661 1939.04 1678.18
1662 344.958 964.016
1663 2010.05 1869.08
1664 965.064 1041.37
1665 2024.84 1131.97
1666 885.306 2109.61
1667 722.373 1907.44
1668 571.07 9.04424
1669 299.787 20.0101
1670 202.733 213.687
1671 921.782 905.743
1672 2098.2 1625.28
1673 1078.24 1544.81
1674 1545.47 2221.11
1675 2090.96 341.298
1676 1872.87 418.824
1677 267.223 1741.33
1678 61.7428 2207.52
1679 1069.52 1002.68
1680 998.94 1417.97
1681 1780.35 250.051
1682 1111.42 2124.47
1683 920.643 240.136
1684 1761.87 105.947
1685 1694.04 626.681
1686 67.3324 394.894
1687 2194.72 1729.05
1688 469.501 1387.71
1689 995.613 63.7544
1690 234.852 158.414
1691 1202.98 590.296
1692 1890.97 1234.32
1693 1680.42 1807.75
1694 2316.13 639.031
1695 145.129 376.796
1696 550.093 1237.21
1697 2014.92 2074.56
1698 646.376 1818.17
1699 1732.64 81.2119
1700 1184.32 2257.2
1701 1143.55 602.137
1702 1635.02 1112.58
1703 1292.08 1839.16
1704 974.281 1210.61
1705 515.279 1845.09
1706 1289.24 369.592
1707 367.106 216.94
1708 1459.58 2293.96
1709 1119.16 174.138
1710 66.2955 1224.56
1711 1775.1 1956.98
1712 1696.06 826.454
1713 1237.89 221.795
1714 1749.22 1509.37
1715 363.069 758.23
1716 542.583 1704.09
1717 175.191 681.717
1718 1641.78 1108.24
1719 1541.35 1159.54
1720 1921.41 1919.22
1721 1617.85 1303.07
1722 1842.76 1172.48
1723 182.97 1957.34
1724 300.323 1350.57
1725 2222.99 2045.03
1726 815.476 210.083
1727 914.656 276.141
1728 794.928 286.451
1729 1736.96 1490.98
1730 153.191 2170.52
1731 1618.79 1860.65
1732 2224.51 1584.93
1733 1642.32 205.55
1734 395.259 1733.51
1735 212.712 512.754
1736 1470.05 336.683
1737 2175.8 505.292
1738 1274.92 1007.74
1739 199.899 915.315
1740 1590.75 462.818
1741 457.92 2217.69
1742 2092.92 2087.96
1743 2247.63 1663.72
1744 1922.76 558.558
1745 1465.62 1888.99
1746 1062.35 444.565
1747 1939.8 1131.81
1748 2086.9 441.229
1749 1340.13 2258.93
1750 182.162 1713
1751 1658.4 980.219
1752 822.399 589.876
1753 1795.51 1684.15
1754 19.6758 474.695
1755 1620.17 1977.8
1756 190.815 425.136
1757 1264.22 2265.34
1758 1878.31 1773.01
1759 902.765 1070.99
1760 460.272 1533.36
1761 1806.29 2153.01
1762 1376.56 2236.32
1763 2035.69 1772.01
1764 1765.02 745.073
1765 1995.31 1957.89
1766 89.8027 1973.32
1767 961.869 340.335
1768 503.015 158.118
1769 1106.8 1196.89
1770 418.798 1395.33
1771 2139.5 998.79
1772 1138.16 1145.08
1773 927.453 905.596
1774 216.156 384.026
1775 584.296 1960.49
1776 1541.54 416.971
1777 1412.67 1798.62
1778 1995.09 57.7881
1779 485.36 263.652
1780 210.38 1869.07
1781 646.036 514.414
1782 547.765 523.279
1783 2236.11 2286.68
1784 1917.08 25.7444
1785 2257.98 1217.78
1786 1710.23 2294.01
1787 1442.6 1476.97
1788 101.814 1409.47
1789 61.1221 380.316
1790 58.3203 332.951
1791 1277.19 763.305
1792 1936.99 891.29
1793 2013.48 721.622
1794 824.93 1579.12
1795 132.721 875.456
1796 2200.75 2251.16
1797 513.199 79.8289
1798 887.829 1656.97
1799 1411.22 2184.51
1800 1966.25 2183.24
1801 1242.04 885.747
1802 1173.77 1547.08
1803 454.116 466.356
1804 535.92 2202.49
1805 87.4 94.9687
1806 1206.42 155.744
1807 244.041 2190.4
1808 1567.27 1890.35
1809 2103.91 1351.67
1810 1676.24 490.862
1811 1797.2 2142.37
1812 1317.01 324.72
1813 662.327 1486.42
1814 1122.24 1179.97
1815 1237.88 216.976
1816 1979.05 740.181
1817 2097.99 1095.84
1818 836.658 679.634
1819 798.183 2232.9
1820 986.563 38.7332
1821 342.48 1315.36
1822 1405.9 808.907
1823 1306.09 937.38
1824 347.384 1312.19
1825 1171.1 169.392
1826 206.805 2174.2
1827 108.313 1841.3
1828 659.755 1260.13
1829 773.652 379.569
1830 992.718 1200.51
1831 536.393 1866.42
1832 1973.16 1793.73
1833 1322.64 2265.83
1834 1594.65 2051.55
1835 67.4108 1987.55
1836 228.571 679.245
1837 1370.2 1722.61
1838 1258.81 1157.44
1839 1025.57 355.136
1840 83.959 365.101
1841 965.356 326.136
1842 803.415 925.602
1843 1104.39 1730.21
1844 711.971 2125.86
1845 427.606 2031.09
1846 1250.77 114.156
1847 1869.18 1174.84
1848 1925.17 1765.57
1849 1521.87 682.821
1850 540.117 891.632
1851 1096.83 1501.94
1852 1933.75 146.955
1853 1628.7 652.803
1854 1508.77 1436.9
1855 829.571 1810.15
1856 993.496 2127.8
1857 154.332 719.132
1858 1639.16 321.213
1859 280.842 172.629
1860 1433.16 1590.16
1861 976.308 1198.02
1862 2316.46 1782.08
1863 1082.12 1066.37
1864 1761.64 989.038
1865 1251.34 764.989
1866 899.016 999.89
1867 1983.06 489.022
1868 2007.83 2303.27
1869 1548.66 971.277
1870 26.8235 2099.07
1871 1676.89 1401.69
1872 1487.41 439.031
1873 2.52125 1784.86
1874 1810.64 2106.58
1875 396.101 972.533
1876 358.221 1952.88
1877 2247.06 1598.16
1878 1536.98 292.765
1879 276.158 337.404
1880 403.889 1817.46
1881 3.44544 2151.58
1882 1621.41 1405.15
1883 2305.13 1734.48
1884 914.361 2219.16
1885 2074.53 374.949
1886 161.553 2193.79
1887 1474.67 244.428
1888 692.67 1905.18
1889 2131.49 794.976
1890 2178.38 1524.74
1891 149.068 1775.95
1892 1152.61 77.7023
1893 1181.99 20.3117
1894 915.085 1158.18
1895 2251.12 908.632
1896 1550.16 2139.53
1897 1277.89 1061.28
1898 1665.48 1020.29
1899 1889.95 692.146
1900 2225.39 195.951
1901 1259.69 1750.79
1902 1511.84 1318.5
1903 1130.86 1992.21
1904 422.263 380.572
1905 341.294 41.5985
1906 1288.74 891.466
1907 638.354 557.29
1908 932.268 720.067
1909 1726 872.561
1910 1934.63 1708.58
1911 959.942 913.176
1912 1386.27 1085.4
1913 1082.21 1462.81
1914 89.5641 625.724
1915 918.208 1746.43
1916 1282.14 1156.19
1917 490.757 667.974
1918 1817.58 1211.78
1919 282.001 244.707
1920 380.139 592.308
1921 1659.91 906.522
1922 557.556 1232.66
1923 1951.75 238.942
1924 1520.66 256.077
1925 907.328 1980.94
1926 933.34 1511.31
1927 2058.41 1534.73
1928 953.468 1714.26
1929 904.452 1938.35
1930 2267.16 2066.46
1931 1909.51 1796.67
1932 1965.87 1827.48
1933 1721.89 600.33
1934 1523.22 1219.78
1935 1290.46 1341.73
1936 1015.77 1360.94
1937 579.664 1307.71
1938 454.214 1728.92
1939 1093.99 529.879
1940 1804.87 259.33
1941 1855.84 635.103
1942 725.464 2073.97
1943 2268.38 1321.92
1944 1027.87 329.092
1945 1120.15 668.289
1946 40.0198 1305.75
1947 6.76528 1633.37
1948 383.012 1194.9
1949 1116.84 1505.5
1950 1561.62 1895.89
1951 1349.42 1758.89
1952 1148.62 11.8464
1953 1380.65 150.697
1954 2254.37 1479.45
1955 432.013 946.331
1956 2189.94 153.506
1957 1400.7 1725.35
1958 2166.64 385.934
1959 1145.94 1288.33
1960 1883.34 760.481
1961 1905.66 692.191
1962 783.824 1858.15
1963 1504.69 1391.53
1964 738.789 1279.26
1965 1624.8 911.946
1966 532.547 917.025
1967 2135.96 1596.11
1968 1950.61 882.842
1969 961.176 40.8273
1970 1107.82 537.929
1971 641.157 639.607
1972 466.514 1083.83
1973 14.7993 200.91
1974 853.06 308.964
1975 331.52 1170.25
1976 1431.08 1034.35
1977 388.545 371.1
1978 1863.16 63.8877
1979 196.071 1772.27
1980 1555.79 514.082
1981 155.427 2106.23
1982 270.142 1037.42
1983 2172.35 1369.62
1984 657.849 1939.65
1985 866.879 1687.7
1986 875.694 1220.69
1987 1586.77 153.461
1988 158.981 608.391
1989 1977.79 1977.06
1990 1428.53 951.621
1991 780.364 1060.67
1992 208.149 594.008
1993 864.345 1649.57
1994 307.842 1128.5
1995 1067.05 1411.38
1996 1139.05 1015.24
1997 938.467 1929.56
1998 979.122 864.635
1999 2116.76 1449.64
2000 1633.78 115.555
2001 2100.56 1604.43
2002 930.008 232.819
2003 178.601 161.103
2004 504.998 1538.84
2005 500.707 1733.78
2006 2113.45 1413.79
2007 1507.21 806.727
2008 669.572 1902.89
2009 582.388 24.7663
2010 2138.1 1922.58
2011 641.275 2051
2012 975.071 1330.64
2013 2286.76 782.118
2014 1331.75 1440.6
2015 1377.8 929.653
2016 630.793 1420.83
2017 1531.62 1788.37
2018 1988.75 2041.34
2019 1749.9 2182.67
2020 2133.84 1189.06
2021 1635.42 1838.84
2022 1596.34 2057.74
2023 1007.65 907.839
2024 1925.53 756.692
2025 1847.44 791.545
2026 1663.04 17.671
2027 373.926 66.1512
2028 105.734 1354.92
2029 1479.38 1265.82
2030 1302.72 2039.07
2031 2047.48 324.605
2032 491.704 618.217
2033 1679.36 1223.39
2034 980.557 1484.26
2035 434.011 25.9878
2036 291.424 1410.91
2037 1339.73 1573.05
2038 87.6066 883.868
2039 2013.81 2107.42
2040 827.273 85.196
2041 1714.86 465.338
2042 1099.78 86.3856
2043 113.78 1697.58
2044 1482.91 1900.1
2045 282.068 14.0509
2046 916.794 1676.73
2047 88.1877 949.03
2048 688.104 1871.37
2049 1057.28 66.5039
2050 1672.03 1191.7
2051 234.827 444.355
2052 1193.7 953.914
2053 1930.55 1581.85
2054 1356.74 1682.36
2055 481.532 1558.75
2056 1563.28 597.06
2057 706.031 1024.93
2058 2060.72 79.1118
2059 1627.82 601.794
2060 1902.41 1101.07
2061 1787.15 2086.36
2062 1306.89 2114.69
2063 384.583 1853.56
2064 116.928 2176.9
2065 801.202 871.902
2066 1044.18 114.905
2067 1283.84 605.205
2068 294.63 1216.73
2069 1944.05 1740.55
2070 1034.99 241.15
2071 2072.83 1998.56
2072 1863.23 1375.04
2073 1584.27 1119.88
2074 582.382 176.343
2075 480.141 299.536
2076 2097.31 2227.47
2077 2138.49 1620.1
2078 853.823 1.16739
2079 1509.49 1621.42
2080 2010.3 607.249
2081 1573.99 473.088
2082 230.352 2006.8
2083 737.295 816.701
2084 1041.15 2052.72
2085 1802.34 91.4977
2086 1232.09 1859.64
2087 1444.95 1957.74
2088 1275.27 2002.79
2089 712.789 1953.27
2090 808.693 1814.93
2091 742.562 2091.37
2092 513.544 1551.17
2093 1649.7 206.663
2094 514.644 2038.85
2095 1915.72 1116.69
2096 1941.64 2049.09
2097 1880.3 14.789
2098 540.167 284.241
2099 639.972 1483.11
2100 904.736 2053.16
2101 1561.36 1246.03
2102 410.686 1100.58
2103 48.2563 2279.73
2104 1497.04 1643.6
2105 2013.85 2033.13
2106 804.49 1255.8
2107 898.77 1831.05
2108 0.308794 1516.81
2109 1476.08 973.397
2110 1122.99 1800.74
2111 256.226 1065.81
2112 1341.24 402.788
2113 1173.06 1543.66
2114 1596.67 2141.58
2115 511.428 993.081
2116 1319.27 1563.92
2117 1401.79 1022.03
2118 812.008 2087.63
2119 1693.33 495.318
2120 1932.24 1147.58
2121 2238.57 2127.46
2122 1918.41 92.0122
2123 2288.67 1510.81
2124 1559.72 1726.09
2125 1567.93 246.084
2126 200.225 2227.29
2127 348.795 2142.4
2128 1384.98 685.03
2129 129.628 367.349
2130 861.913 771.691
2131 1447.9 2200.64
2132 1539.67 10.2576
2133 176.25 193.989
2134 187.309 2088.1
2135 1787.13 811.869
2136 1596.08 2081.39
2137 367.681 1257.14
2138 1722.08 1089.4
2139 1348.66 1592.28
2140 115.417 1700
2141 1383.21 1488.08
2142 1034.61 1302.65
2143 1046.87 373.413
2144 2030.47 1246.99
2145 976.455 421.606
2146 1473.07 1284.31
2147 3.81548 1680.98
0 59 69.5414
0 1360 18.0722
0 1586 58.0373
0 2035 74.3552
1 98 55.5211
1 142 26.6763
1 1094 69.0863
2 320 46.5731
2 1890 85.1277
2 1954 43.5156
2 2123 142.819
3 635 29.2582
3 855 89.8135
3 1062 61.6043
3 1181 113.213
3 1689 21.0469
3 1820 41.5589
3 2049 57.84
4 418 35.5824
4 932 33.1039
4 1060 56.4703
4 1229 40.5165
4 1373 57.137
5 336 29.7605
5 724 62.4287
5 1603 85.5997
6 950 53.3344
6 973 1.30167
6 1024 78.2149
6 1523 31.5775
7 132 74.5032
7 609 93.9081
7 882 58.0144
7 1068 28.232
7 1325 77.1862
7 1365 66.1276
7 1492 46.0393
8 178 82.2221
8 792 70.1658
8 831 18.5649
9 91 53.069
9 596 134.719
9 654 92.6195
9 875 43.618
9 1553 62.7437
9 1677 20.6612
10 835 49.1083
10 1274 70.9554
10 1362 52.5306
11 224 32.9224
11 758 32.4838
11 1640 65.1007
11 1716 45.6305
12 97 37.9269
12 653 51.1305
12 2074 70.3749
13 747 38.4698
13 760 64.4085
13 830 75.1488
14 33 77.0046
14 1022 47.5275
14 2142 17.8561
15 463 36.4912
15 644 26.5937
15 1866 61.7116
16 269 14.2347
16 492 70.3193
16 1681 58.2368
16 1940 93.1051
17 60 37.017
17 82 54.3099
17 798 98.8361
17 987 69.0768
17 1493 24.8561
18 498 50.906
18 649 22.9863
18 775 45.4814
18 1917 27.0538
18 2032 37.4669
19 328 47.6161
19 694 39.6538
19 913 33.2276
20 253 40.6462
20 323 139.252
20 524 30.0559
20 1286 95.5695
21 624 87.9387
21 1128 17.2777
21 1200 16.3043
21 1660 46.8359
22 39 60.6463
22 46 87.6162
22 1805 57.2069
23 168 2.6841
23 338 60.9455
23 478 80.6562
23 745 31.9569
23 1604 89.4364
23 1973 114.145
24 200 58.4326
24 978 100.97
24 997 83.4279
24 1914 75.3599
25 775 31.0626
25 1083 39.8807
25 2032 41.3738
26 1925 99.9323
26 1929 39.1687
26 1997 15.7167
27 1099 65.254
27 1326 77.0694
27 1455 48.9927
28 418 35.5268
28 935 38.1566
28 1229 13.8263
28 1628 47.7697
29 309 63.3601
29 325 20.7756
29 1967 45.1233
29 2077 5.03573
30 988 53.1403
30 1021 34.3395
30 2102 50.0502
31 394 34.7014
31 611 25.6149
31 976 40.4146
32 985 66.1079
32 1613 79.0778
32 2110 86.7915
33 1022 82.3942
33 1588 43.9786
33 1704 56.3226
33 1830 46.6319
34 567 80.9164
34 1030 74.5233
34 1602 100.027
34 1755 139.847
35 460 36.9038
35 518 34.4475
35 628 97.6542
35 980 110.216
35 1413 87.5217
36 1035 12.9482
36 1856 58.2882
36 2084 80.3368
37 770 5.68111
37 1359 15.3274
37 1721 10.9954
38 134 63.1666
38 872 41.1812
38 1946 42.2941
39 103 89.2419
39 1129 72.4328
40 740 58.7099
40 1382 48.2197
40 1787 55.1361
40 1854 59.8842
41 1179 75.1573
41 1213 111.701
41 1858 95.6283
42 955 22.2277
42 1037 87.0426
42 1098 108.543
42 1205 71.8986
42 2079 30.832
42 2104 8.40072
43 244 50.7339
43 1255 30.8139
43 1794 59.003
44 101 64.0048
44 860 63.5651
44 1079 67.0681
44 1542 8.49657
45 379 61.1472
45 1004 7.67926
45 1985 72.6744
46 153 48.0941
46 338 26.7417
46 744 73.3444
46 1805 60.2632
47 174 33.8283
47 1349 76.6502
47 1843 24.1411
47 2110 93.5715
48 378 62.9609
48 572 53.1792
48 1412 62.7492
48 579 63.5234
49 66 68.6107
49 802 68.2507
49 815 63.6019
49 948 98.91
50 371 38.4854
50 527 30.8473
50 1580 32.5612
50 1923 38.3884
51 71 51.8689
51 277 44.938
51 696 76.8999
52 169 59.5625
52 400 29.1884
52 823 101.729
52 1315 25.5525
52 1445 49.4445
53 471 61.8537
53 743 73.0973
53 756 54.4528
54 689 56.3463
54 962 48.3289
54 1075 36.6612
54 1357 50.4172
54 1662 57.7976
55 128 20.7135
55 631 60.5058
55 1601 126.781
55 1606 86.3341
56 1020 22.2003
56 1121 37.9783
56 1437 151.193
56 1454 34.9732
56 1739 81.2156
57 655 18.0105
57 841 55.8768
57 1039 46.4819
57 1989 61.7155
57 2096 94.0751
58 810 56.4773
58 1215 49.3294
58 1895 38.973
59 1294 22.1911
59 2027 67.8551
59 2035 34.3184
60 82 13.6011
60 516 37.387
60 780 57.3422
60 1493 36.5202
61 368 84.9856
61 1375 116.884
61 1906 69.8489
62 865 86.3603
62 989 44.0189
62 1592 79.7299
62 1817 121.372
62 2020 39.9065
63 1108 101.052
63 1484 133.302
63 2062 102.21
64 1381 110.558
64 1617 62.2935
64 1800 64.6923
65 1358 85.7864
65 1431 7.18813
65 1596 69.9213
65 2134 131.658
66 1001 33.9989
66 1844 102.195
67 1276 72.4705
67 1302 91.8581
67 1478 67.7848
68 846 67.6479
68 870 72.9783
68 1180 67.8629
69 727 85.1619
69 1219 76.6251
69 1529 92.4507
70 978 68.0518
70 997 98.9659
70 1202 129.566
71 1003 31.0832
71 1590 82.0806
72 1213 73.8117
72 1474 121.893
72 1676 79.103
73 508 108.702
73 658 102.612
73 821 64.5322
74 274 46.2748
74 389 22.8848
74 1188 32.4689
75 194 27.2456
75 382 25.7799
75 557 100.759
76 84 52.749
76 910 23.6585
76 1746 22.122
77 984 57.3342
77 1292 54.5884
77 1376 50.2649
78 860 89.824
78 1548 56.9347
78 1744 25.693
79 1199 77.5234
79 2029 75.4628
79 2146 93.7909
80 856 107.284
80 1409 84.4738
80 2083 30.4824
81 113 77.1261
81 834 75.4262
81 1793 57.5816
82 516 18.934
82 1328 59.4595
83 167 33.5006
83 606 62.1348
83 773 118.799
84 172 35.786
84 910 36.1349
84 1169 47.7979
84 1746 41.8502
84 1939 49.8014
85 451 94.6613
85 652 88.1978
85 766 70.2069
85 1819 31.3154
86 1176 41.4359
86 1408 41.0915
86 1572 30.2773
86 2100 25.5528
87 568 43.9062
87 613 76.0844
87 1708 57.0711
88 107 112.937
88 292 76.112
88 322 70.325
88 1336 60.5545
88 1707 104.471
88 1919 61.1121
89 1983 99.1044
89 1999 65.0891
89 2006 59.1797
90 1194 49.4975
90 1410 85.7523
90 1698 114.174
90 2048 51.1839
91 133 69.3383
91 875 55.6662
91 1553 24.8257
91 1677 19.1991
92 111 35.0665
92 777 40.9556
92 1252 9.52113
92 1781 20.1547
93 514 47.4739
93 612 138.988
93 958 105.595
93 1117 52.3585
94 652 76.4159
94 1017 32.1507
94 1104 61.3581
94 1666 75.2917
95 445 129.556
95 1057 71.7963
95 2026 75.8534
96 656 97.2927
96 796 69.6067
96 1079 37.5671
96 1941 31.3826
97 653 47.3087
97 2074 57.4153
98 120 76.3971
98 546 35.2365
99 822 17.8278
99 1333 42.1041
99 1737 48.3519
100 900 43.9207
100 1299 80.0295
100 1637 51.0435
100 1803 14.27
101 796 75.1175
101 1542 68.9585
101 1899 55.6491
101 1961 17.5292
102 317 53.2968
102 645 51.8299
102 679 44.3744
102 1077 36.6543
102 1281 56.8464
103 476 74.525
103 617 76.9303
103 1129 16.8571
104 386 66.2274
104 1164 93.2634
104 1469 55.9715
105 311 71.8242
105 416 77.5102
105 684 49.9925
105 870 92.7975
105 1693 104.679
106 1343 49.0711
106 1580 64.0758
106 1923 91.3748
107 292 29.4869
107 295 73.7656
107 322 8.01847
107 1879 82.5589
108 803 43.8573
108 1342 104.2
108 2128 93.4404
109 1597 65.3197
109 1766 34.8496
109 1835 92.9743
110 397 79.6719
110 1578 35.4089
110 1893 77.9332
111 1252 51.1389
111 1781 38.5336
111 1907 69.8133
112 223 17.5806
112 245 53.8219
112 607 67.0816
112 1203 29.5497
112 1430 36.2155
112 1918 22.9987
113 1047 64.1801
113 1793 56.5425
114 1051 90.9311
114 1350 88.4475
114 1715 61.1771
115 575 34.5138
115 738 64.7883
115 1421 62.0571
115 1701 40.5186
116 239 52.0966
116 843 62.1372
116 2042 43.0267
116 2049 46.6155
116 2066 42.7035
117 287 58.1303
117 412 72.823
117 917 113.739
117 1331 88.4164
117 2116 85.9855
118 308 22.0859
118 1158 20.5884
118 1442 36.2449
119 907 9.43228
119 1635 34.965
119 1859 29.159
120 546 63.2166
120 787 22.0554
120 904 45.2991
121 1265 55.2496
121 1844 42.346
121 1942 32.2404
121 2091 80.8643
122 1206 19.6761
122 1210 53.264
122 1749 9.08115
122 1762 54.9424
122 1833 50.1936
123 336 98.7994
123 430 67.8485
123 1608 74.939
124 629 87.1578
124 1645 102.711
124 2103 44.3158
125 139 114.35
125 826 46.7832
125 1317 110.009
125 1518 51.197
126 296 66.4301
126 1423 40.9352
126 1600 89.1108
127 370 21.0068
127 1052 74.9228
127 1745 57.364
128 1606 80.6194
128 2070 85.3514
129 393 24.0942
129 1355 84.4582
129 1640 84.5646
130 474 72.0466
130 782 41.2728
130 1569 49.1629
130 2053 14.4101
131 340 74.991
131 841 27.8464
131 884 64.1003
131 939 27.3098
131 1639 70.3182
131 1720 34.1081
132 1068 62.5319
132 1492 88.7225
133 362 54.5966
133 1677 56.5862
134 186 30.0803
134 225 28.9957
134 828 47.5769
134 1160 64.0134
135 441 93.206
135 520 149.883
135 523 55.064
135 1019 27.8468
136 549 54.2115
136 712 26.5007
136 1902 30.7008
137 469 67.083
137 512 64.7469
137 926 50.2499
137 1664 103.886
138 319 100.564
138 730 73.9241
138 741 78.8251
138 1676 59.8513
139 826 87.4833
139 1027 40.6124
140 859 67.398
140 863 30.2248
140 970 77.145
140 1297 49.4073
140 1852 62.7168
140 2122 53.5227
141 587 70.9903
141 818 82.4815
141 1124 74.518
141 1878 10.3393
142 1094 75.9813
142 1802 77.3056
142 1949 87.6989
142 2113 99.1151
143 199 66.0183
143 1100 99.5675
143 1422 38.2844
144 1045 27.8647
144 1319 44.4573
144 1686 34.5159
144 1695 58.5958
145 365 133.387
145 1212 54.3556
145 1868 45.5355
146 691 101.716
146 1638 18.5686
146 1971 105.521
147 544 51.9071
147 595 91.3652
147 1457 24.9417
147 1698 74.9941
148 435 51.3036
148 1373 75.2293
148 1615 123.963
148 1628 113.634
149 163 94.4323
149 265 62.2463
149 1705 68.5667
150 224 72.9503
150 1659 2.50807
150 1716 53.4318
150 2005 45.1663
151 180 70.6128
151 429 70.2643
151 497 47.4285
151 1241 116.474
151 1344 22.0211
151 1624 100.042
152 466 20.4867
152 687 38.6021
152 1386 78.2607
153 744 4.61908
153 877 59.1885
153 1805 67.6675
154 821 74.3291
154 832 51.6106
154 911 43.8135
154 1287 73.7976
154 1626 104.957
155 275 32.8669
155 1481 32.5167
155 1562 24.5104
156 1254 72.2796
156 1325 51.1082
156 1492 38.8707
156 1691 46.7872
157 294 3.87123
157 1033 50.3177
157 1517 45.6839
158 327 57.8887
158 1151 21.0456
158 2067 54.8289
159 162 76.1257
159 925 51.8942
159 1959 35.2099
160 1193 48.5619
160 1282 33.0588
160 1370 89.2134
160 1647 24.2253
161 415 136.643
161 845 77.9411
161 892 138.311
162 572 63.6292
162 925 68.7188
162 1959 94.4767
163 265 27.1555
163 298 54.7599
163 1880 88.7559
163 2063 60.8971
164 584 65.8399
164 919 97.3844
164 1144 19.5102
165 1056 48.8865
165 1078 45.9352
165 1318 77.9967
166 1118 86.1526
166 1525 88.0542
166 2030 19.0891
166 2062 68.1461
167 495 116.737
167 606 70.0717
168 338 65.2724
168 478 64.3419
168 745 37.9362
168 1973 106.921
169 1240 27.1598
169 1364 50.5729
169 1445 54.3839
169 1903 28.7949
170 1231 76.2521
170 1341 67.7033
170 1776 111.827
170 1980 77.8211
170 2081 68.1449
171 253 49.433
171 640 54.5997
171 1425 34.1392
172 1169 35.746
172 1232 31.9637
173 337 87.0553
173 657 15.6289
173 792 70.2579
174 1049 53.6989
174 1349 52.1544
174 1843 20.8596
175 588 18.5563
175 819 47.7573
175 924 22.665
176 1127 80.6353
176 1642 31.3858
176 1682 116.022
177 420 51.5457
177 556 71.8933
177 1011 35.1082
177 1125 53.9105
178 488 123.257
178 831 37.4814
178 896 99.5846
178 1991 82.3582
179 600 53.7723
179 1099 11.8442
179 1326 99.4333
179 1394 90.9392
180 429 67.7496
180 497 31.7633
180 1344 76.0287
181 434 33.4188
181 942 30.462
181 1217 83.3909
181 1671 31.0678
181 1773 34.0508
182 219 7.30311
182 1761 51.757
182 1811 16.7296
183 484 21.5365
183 545 57.1479
183 603 29.8938
184 428 82.6407
184 509 46.1857
184 521 79.5797
184 1897 66.0801
185 327 44.1139
185 1254 59.4336
185 1316 51.752
186 225 64.7311
186 828 44.4253
187 591 110.407
187 601 46.1325
187 1611 87.0489
188 992 20.5452
188 1625 32.4487
188 1908 8.63196
189 464 103.925
189 957 103.141
189 1225 115.269
190 715 70.636
190 1556 71.0622
190 2038 67.9026
191 669 60.1896
191 813 65.4723
191 930 53.5274
191 1218 26.129
191 1414 63.0307
191 1889 125.713
192 480 84.1238
192 902 73.9374
192 1459 57.2328
193 676 56.3748
193 741 35.8435
193 1192 18.8173
193 1548 42.7852
194 382 8.19917
194 557 84.0088
195 371 25.1151
195 402 99.7375
195 527 42.4503
195 1270 57.1946
196 406 90.6228
196 555 21.7831
196 1857 63.0821
197 249 27.3976
197 972 66.7214
197 1258 16.8675
198 1029 37.8666
198 1422 45.0099
198 1460 75.878
199 1029 56.4367
199 1100 91.025
199 1422 64.6293
200 1126 43.2877
200 1914 77.526
200 1988 62.2071
201 551 18.635
201 706 72.8488
201 1383 65.1254
201 1876 88.5345
202 1532 16.655
202 1862 72.55
202 1883 7.03256
203 866 19.2758
203 1670 45.8584
203 1690 36.1989
203 2003 46.0262
204 886 46.5747
204 1424 71.7747
204 2128 89.4812
205 329 71.6886
205 880 45.5753
205 1921 16.4675
205 1965 36.9997
206 1111 15.709
206 1273 60.6552
206 1470 34.9874
207 513 57.396
207 991 59.445
207 1012 42.0261
208 447 31.7357
208 539 76.9979
208 625 78.0233
208 907 36.2165
208 1366 106.239
208 1859 29.9748
209 664 46.4635
209 1104 11.9234
209 1666 5.08994
210 977 19.3905
210 1527 32.8406
210 2033 52.7841
211 1023 70.8487
211 1830 74.9103
211 1861 91.9944
212 632 72.5552
212 988 77.1667
212 1140 33.3603
212 1651 55.2197
213 621 44.8259
213 723 62.3487
213 1227 110.206
214 468 26.2715
214 1419 34.4294
214 1797 15.1554
214 2009 81.6153
215 448 90.5926
215 562 135.544
215 1399 59.6064
215 1454 70.454
216 268 82.585
216 1725 90.7803
216 1930 52.3596
217 590 67.213
217 701 71.1978
217 1259 100.831
217 1630 49.4085
217 1688 34.3132
217 1770 56.1897
218 296 105.36
218 839 92.0164
218 941 24.7396
218 1415 89.7621
219 399 36.6169
219 1761 46.1539
219 1811 14.9953
220 853 38.1814
220 1038 24.3645
220 1492 42.908
220 1691 43.7446
221 260 85.6719
221 511 91.5346
221 895 63.4147
222 702 10.1581
222 736 33.9465
222 1008 108.798
222 1873 89.167
223 607 26.1805
223 1203 57.7908
223 1918 42.8476
224 1640 62.0681
225 828 72.0996
225 1160 26.5783
225 1710 57.1914
226 726 37.9791
226 1264 46.1495
226 1269 43.3204
227 790 58.3826
227 852 76.1917
227 1299 56.0995
228 850 88.0068
228 1088 32.9546
228 1765 52.9364
229 869 41.7057
229 1402 34.9972
229 1892 25.5168
229 1952 60.3132
230 357 51.0019
230 1186 69.2457
230 1504 62.3441
230 1752 32.3528
231 445 103.309
231 993 63.8294
231 1560 19.4845
231 1699 23.0153
232 530 83.6819
232 999 57.2012
232 1927 29.5854
233 242 21.171
233 512 19.1587
233 926 39.2215
233 942 44.0251
233 1866 89.5687
234 325 76.959
234 475 65.0664
234 522 100.862
234 1283 52.2802
234 1687 111.287
234 1743 64.2369
235 668 17.8181
235 1218 152.667
235 2013 56.6059
236 385 65.2685
236 638 70.4527
236 936 140.968
236 1371 25.82
237 725 45.6236
237 1314 67.692
237 1436 92.9026
238 409 113.336
238 698 101.898
238 798 125.983
238 1337 111.402
239 733 10.7129
239 843 85.1911
239 2066 13.8044
240 440 43.8351
240 1090 83.6547
240 1779 52.5172
240 2098 51.0851
241 259 62.0365
241 815 56.0429
241 1463 35.8038
242 512 37.1905
242 926 43.735
242 942 17.4094
242 1911 60.5603
242 2023 103.26
243 245 139.123
243 648 61.0899
243 2138 41.667
244 304 39.2537
244 1107 40.9538
244 1255 62.6567
244 1794 27.7556
245 1203 37.1482
245 1430 15.5247
246 809 53.4854
246 1667 33.9043
246 1888 49.6928
246 2089 47.1916
247 354 55.6163
247 1134 37.7703
247 1631 34.4385
248 314 87.1755
248 643 89.8853
248 1285 74.69
248 1460 89.5194
249 972 88.0775
249 1258 52.2709
249 1754 67.2154
250 486 58.7443
250 1584 140.73
250 1853 92.8653
251 427 3.94144
251 467 55.6618
251 1577 66.8555
252 402 58.9795
252 1270 70.4305
252 1420 97.9547
253 1425 102.898
254 525 14.7719
254 1722 16.3384
254 1847 67
254 1918 68.4202
255 500 52.7635
255 1356 19.1578
255 1416 35.8929
256 449 57.2555
256 1446 55.5107
256 1643 49.2702
256 2086 117.364
257 883 58.688
257 1243 42.1977
257 1942 46.1459
258 651 101.468
258 1105 101.783
258 1650 69.7017
258 2135 90.3277
259 802 105.439
259 1463 58.7383
260 531 66.1637
260 1305 19.9392
260 2108 47.878
261 760 27.7501
261 1171 85.0761
261 1488 69.2442
261 1692 67.7599
262 395 55.3668
262 739 43.8546
262 1733 89.9598
262 1987 77.0123
262 2093 108.597
263 735 82.1451
263 899 29.1296
263 1277 46.7413
263 1555 32.2981
264 666 73.3252
264 1322 121.913
264 1700 77.8307
265 1880 81.5743
266 846 117.95
266 1208 12.138
266 1551 39.0767
266 2124 67.4576
267 785 28.697
267 1291 18.7128
267 1900 42.34
267 1956 28.6759
268 640 77.178
268 1930 68.0173
269 492 65.699
269 1681 82.8079
270 1396 23.9894
270 1601 146.169
270 1839 89.0791
270 2143 50.3083
271 717 98.666
271 931 34.6071
271 1694 47.0463
272 291 17.4103
272 1093 60.1271
272 1617 77.6577
273 1230 37.0571
273 1681 64.905
273 1940 64.0673
274 389 65.9337
274 670 116.676
274 1310 34.3514
275 519 24.2132
275 1562 53.8058
275 2012 40.2923
276 1896 60.1771
276 2114 35.9233
276 2136 46.6924
277 696 53.7965
277 909 119.018
278 1123 42.2128
278 1277 45.4828
278 1537 84.6047
279 290 49.7098
279 1071 83.3836
279 1074 57.502
280 341 81.204
280 862 76.0806
280 1829 90.4851
281 960 26.4436
281 1426 71.3816
281 2011 53.5395
282 1237 104.381
282 1449 48.2767
282 1558 71.5983
283 992 89.0385
283 1149 27.6542
283 1818 65.6924
284 838 39.2499
284 948 83.9256
284 1144 68.9262
284 1320 69.1296
285 355 36.2391
285 753 22.8025
285 1262 15.3707
286 958 33.4949
286 1024 100.622
286 1304 100.754
287 412 85.9615
287 1237 62.544
287 2037 34.3536
287 2116 26.4128
287 2139 56.8223
288 302 123.618
288 1209 62.0188
288 2115 32.8482
289 739 66.6266
289 1072 81.2379
289 1987 58.3281
290 573 59.9421
290 851 58.1552
290 1071 89.9775
290 1182 129.092
290 2019 62.2737
291 608 72.5706
291 633 89.0057
291 1093 74.6512
291 1617 113.492
292 322 21.2169
292 1879 81.0936
292 1919 65.345
293 348 93.4676
293 1236 69.5009
293 1725 43.2674
294 1033 65.0356
294 1517 46.6992
295 1247 114.448
295 1336 84.5041
295 1707 41.8152
296 1423 110.385
297 306 107.253
297 806 80.3008
297 1167 142.922
297 1178 106.322
297 2057 45.2888
298 571 84.5089
298 2063 41.1525
299 623 39.3203
299 1821 50.008
299 1824 28.8137
300 314 74.3508
300 938 33.3338
300 1133 71.543
301 1115 54.5614
301 1312 90.9565
301 1828 66.2005
301 1964 74.8585
302 641 118.047
302 1209 47.5178
302 1972 28.3203
303 728 48.8247
303 1480 2.15428
303 1602 22.0855
303 1711 41.3573
304 1107 26.3384
304 1401 87.8785
304 1472 122.761
304 1794 28.9932
305 664 72.96
305 1153 80.321
305 1511 73.3502
305 1856 33.9083
306 559 132.229
306 1178 86.7028
307 510 75.4982
307 1592 30.5458
307 1817 18.3673
308 1158 35.2666
308 1442 46.0023
309 325 35.5006
309 1967 62.1939
310 529 37.641
310 1163 30.8351
310 1256 27.2986
310 1870 28.8236
310 1881 79.9356
311 416 105.055
311 684 138.625
311 748 107.133
311 870 128.342
312 671 148.154
312 1133 83.2166
312 1728 102.465
312 1829 102.201
313 517 19.8835
313 530 17.9206
313 1890 84.9199
313 1999 44.9654
314 938 77.786
314 1285 48.8824
315 592 100.718
315 1002 39.5989
315 1130 64.825
315 1174 30.6003
315 1175 87.722
316 626 52.1714
316 1185 134.022
316 1251 78.6966
317 915 69.3133
317 1452 87.3376
318 633 52.3418
318 1311 86.374
318 1486 32.824
319 730 37.6252
319 1280 109.851
319 1520 39.9794
320 660 62.0357
320 1890 88.2446
320 1954 44.6731
320 2123 100.007
321 1484 112.633
321 1708 111.029
321 1762 89.5184
321 1799 62.492
321 2131 53.1769
322 1879 133.089
323 524 114.517
323 1783 99.2561
324 1053 79.3704
324 1724 57.2799
324 2036 52.6459
325 2077 27.9624
326 423 41.122
326 560 6.44796
326 1324 36.1305
327 1151 34.5339
327 1254 30.5893
327 1316 19.9574
328 913 20.7904
328 1509 50.4714
329 1428 78.39
329 1965 41.9527
330 738 26.9144
330 1939 39.8603
330 1970 19.0299
331 640 52.5238
331 1725 70.7597
331 1930 27.7327
331 2121 96.1251
332 489 77.0445
332 922 77.5088
332 1426 34.1803
332 1775 132.648
332 2011 47.3096
333 800 52.9897
333 1293 26.1225
333 1780 15.3275
334 511 92.2084
334 1947 46.6901
334 2147 47.7231
335 373 53.2637
335 1455 56.6515
335 1506 88.5247
336 724 60.0054
336 1070 62.7904
336 1608 89.5124
337 657 72.9946
337 792 101.986
337 983 123.332
338 478 52.031
339 482 89.0333
339 1033 72.5605
339 1517 116.901
340 884 46.2045
340 1765 53.2684
341 366 44.1138
341 692 84.3207
341 862 59.8738
341 995 157.102
342 718 28.3162
342 1544 36.7534
342 1597 76.9259
343 476 73.8128
343 1044 3.42966
343 2045 74.5106
344 1703 65.8508
344 1901 108.271
344 2086 86.7362
345 1211 34.9069
345 1234 36.8294
345 1696 83.8589
346 374 56.7794
346 860 58.3295
346 2080 34.5224
347 714 13.0332
347 1102 93.5182
347 1658 52.944
348 650 39.3171
348 2121 64.2894
349 1272 65.0965
349 1586 35.3944
349 1768 60.8805
350 580 73.2663
350 1581 67.9385
350 1915 30.1618
350 2107 65.9814
351 919 95.2977
351 922 72.448
351 1497 34.2515
351 2094 57.0377
352 1352 52.972
352 1766 83.6688
352 1835 58.2435
353 669 67.7758
353 930 53.3503
353 1414 72.9058
354 1134 24.5514
354 1404 50.8559
354 1631 56.8991
355 753 37.3634
355 893 54.6106
355 1262 22.907
355 2044 21.3374
356 908 87.7671
356 1263 19.3214
356 1443 79.8641
356 1609 70.4925
357 1186 93.0405
357 1752 23.1759
358 432 85.1107
358 537 74.0315
358 1710 57.6679
359 811 54.4172
359 1137 75.5077
359 1871 54.4269
360 1136 119.397
360 1138 47.8721
360 1246 8.38062
360 1424 61.0286
360 1629 93.9413
360 1849 53.1333
361 489 49.694
361 1265 53.5659
361 1475 75.7707
361 2011 52.0827
362 875 95.922
362 1677 94.9974
363 411 55.685
363 1375 59.3592
363 2015 57.8318
364 516 49.2706
364 1328 42.2844
364 2132 39.9011
365 1212 54.9775
365 1442 66.5063
365 2076 51.3364
366 692 31.0981
366 862 69.0857
367 410 115.324
367 781 33.1949
367 1207 75.4473
368 533 78.9368
368 540 96.3342
368 1906 46.1531
369 906 105.766
369 1557 34.8978
369 1997 64.226
370 1491 32.0418
370 1745 30.6798
371 527 16.6072
371 1270 49.9229
372 414 40.4039
372 778 29.5186
372 969 60.2818
372 981 50.4476
373 760 84.2253
373 1171 36.5312
373 1455 55.2687
374 1047 68.3335
374 1793 75.0121
375 474 50.663
375 1113 73.8102
375 1661 20.9617
375 1910 47.8639
376 379 71.46
376 940 56.5719
376 1009 59.6215
377 858 49.8511
377 920 66.2746
377 979 54.9986
377 2099 55.9733
378 572 58.7122
378 912 52.9744
378 1412 13.7752
378 1838 68.6553
379 1004 81.8141
380 388 23.4313
380 806 46.8406
380 1031 85.8315
381 622 29.6402
381 1095 26.4343
381 1476 45.8769
381 1753 92.021
382 557 58.0552
382 1802 111.143
383 646 17.7994
383 784 67.9247
383 1369 18.3968
383 1483 43.3745
384 523 90.0259
384 577 3.87517
384 807 9.86453
384 1235 28.1934
385 638 22.0829
385 1260 46.1052
385 1755 110.778
386 934 48.4848
386 1164 41.5724
386 1303 78.7365
386 1863 102.03
387 407 70.5264
387 956 50.2107
387 1103 45.8105
388 806 37.0469
388 1271 45.4273
388 1842 109.885
389 842 40.6783
389 1188 25.1886
390 526 40.7883
390 671 56.4534
390 805 79.2028
390 1726 51.1172
390 1728 60.0487
391 448 84.078
391 507 98.5509
391 1290 59.8011
392 661 71.226
392 694 52.0519
392 2144 109.133
393 544 79.2218
393 1640 97.2767
394 543 59.5122
394 611 68.6367
394 976 88.957
394 982 90.0601
394 1222 43.2292
394 1540 54.7586
395 1487 45.4289
395 1924 77.4876
395 2125 45.8296
396 1361 75.1461
396 1450 93.1643
396 2051 89.4869
397 1578 67.4088
397 1893 22.1214
397 1952 50.9015
398 847 43.5048
398 1155 44.5051
398 2036 74.8092
399 1345 73.4321
399 1761 24.7756
399 1811 38.3216
399 1874 61.3413
400 823 83.9693
400 1315 19.5378
400 1445 63.0575
401 857 103.283
401 897 45.4508
401 1191 77.0811
401 1464 89.9162
402 1270 39.5326
403 583 37.65
403 833 23.6135
403 1546 66.8943
404 731 100.934
404 1239 130.399
404 2065 53.792
405 467 20.7927
405 1421 96.9317
405 1701 120.592
406 555 58.991
406 586 26.0815
406 715 63.3885
407 528 54.7929
407 956 57.3561
407 1448 53.313
407 1684 62.282
407 2085 61.9544
408 812 86.3283
408 1869 55.923
408 2109 89.0214
409 504 43.6494
409 768 64.8827
409 1216 107.045
409 1953 43.048
410 424 81.0168
410 491 78.802
410 1207 63.1582
411 1375 47.2383
411 1823 68.7922
411 2015 42.307
412 1237 53.7409
413 748 95.0038
413 765 25.979
413 1758 32.0683
413 1931 101.809
414 778 39.5646
414 898 60.3297
415 808 80.5301
415 845 81.2187
415 2040 33.0931
416 684 17.2942
416 1693 67.0051
417 421 74.2702
417 1447 97.684
417 1715 83.3302
418 426 62.665
418 935 62.7329
418 1229 19.8377
419 1071 101.812
419 1182 96.5803
419 1505 90.2503
419 1786 73.6819
420 556 63.5572
420 1011 30.1707
420 1575 58.6909
420 1836 85.3567
421 1447 43.9266
421 1539 89.3694
421 1715 73.7635
422 779 75.0943
422 1147 39.2056
422 1474 75.3251
423 560 67.7663
423 892 60.0533
423 1530 44.1068
424 491 81.1294
424 966 53.2253
424 1221 56.029
424 1748 46.9189
425 671 77.1884
425 805 14.841
425 824 122.17
425 1726 21.7398
426 1250 71.9439
426 1788 45.5599
427 467 77.5827
427 1279 91.9278
427 1577 51.9087
428 509 12.4953
428 1554 50.8182
428 1607 43.1847
428 1897 79.0549
429 497 61.7794
429 1344 62.7224
429 1386 51.7728
429 1624 69.904
430 1608 24.9943
430 1615 112.164
431 909 63.543
431 1596 35.4456
431 2127 72.1445
432 507 94.6723
432 1290 59.099
433 1266 67.9538
433 1731 67.3908
433 2021 96.8958
434 1217 49.4538
434 1392 46.3575
435 951 114.776
435 1373 69.2918
435 1628 120.642
436 459 96.8906
436 834 111.353
436 1288 103.993
437 683 47.1705
437 933 39.0162
437 1139 87.2397
438 976 81.492
438 1371 102.687
438 1395 80.561
439 1051 55.8746
439 1204 43.1147
439 1614 43.0521
440 653 89.6418
440 1090 36.7389
441 520 133.115
441 1019 101.91
442 1276 48.2574
442 1302 72.2382
442 1472 121.571
442 1813 69.6298
443 574 41.755
443 836 70.3246
443 1599 66.2855
443 1741 101.617
444 1172 80.8608
444 1795 74.7802
444 2038 1.24954
445 1560 89.6552
445 2026 43.3819
446 1839 57.3369
446 2143 57.6148
446 2145 49.6722
447 907 24.6978
447 1859 14.6226
447 1919 108.611
448 507 67.2856
448 1399 57.2796
449 762 62.3638
449 1446 65.7275
450 1087 44.3519
450 1901 77.6141
450 1951 33.5015
451 481 82.3731
451 1819 118.412
452 1549 62.6863
452 1938 76.8546
452 2005 51.4706
453 755 31.2989
453 1054 12.0506
453 1227 55.6546
453 1267 59.2118
454 1468 33.8004
454 1581 47.5288
454 2107 114.284
455 563 70.9011
455 752 35.6479
455 1110 55.5271
455 1494 64.5261
456 535 50.6426
456 619 44.9288
456 1185 30.5004
456 1251 39.2416
456 1432 79.3207
456 1935 23.1106
457 1013 87.8211
457 1149 71.2864
457 1156 25.1368
457 1504 59.3416
457 1818 15.0232
458 734 75.7581
458 1175 100.952
458 2010 97.5418
459 1288 59.5238
459 1653 88.9851
460 518 75.8296
460 1413 83.0213
461 968 79.1738
461 990 112.972
461 1946 95.2772
462 1073 25.4514
462 1145 103.34
462 1657 125.281
462 1685 15.6825
462 1933 60.0379
463 644 26.0071
463 1866 59.0499
464 957 109.156
464 1912 61.2584
464 1976 49.1846
464 2117 75.3227
465 631 100.611
465 1257 103.723
465 1589 129.148
465 1601 112.046
466 687 37.6297
466 1386 90.2984
468 1419 9.05461
468 1797 18.8977
469 871 54.1285
469 1679 60.9631
470 503 9.02719
470 814 10.2934
470 1076 55.0752
471 756 70.1195
471 1185 22.9585
471 1251 26.5819
472 693 57.2718
472 1113 47.9695
472 1338 58.3895
473 684 43.6174
473 1141 10.7716
473 1693 17.5978
474 782 22.9832
475 1275 142.141
475 1283 14.4249
475 1732 56.366
475 1743 76.8683
475 1877 35.7983
476 1044 49.5536
476 1669 127.988
476 2045 110.233
477 850 72.8656
477 1610 106.043
477 2018 91.0754
477 2071 50.4709
477 2105 42.1889
478 1391 77.1468
479 721 41.8201
479 1214 65.1643
479 1750 57.7695
479 1891 46.9084
479 1979 59.6992
480 663 71.9645
480 1002 149.642
481 974 69.6206
481 1884 150.575
482 1033 53.0011
482 1355 29.7698
482 1517 58.3554
483 751 106.064
483 1189 64.6484
483 1394 45.7397
484 493 73.4437
484 545 34.6459
484 603 24.2423
484 1763 35.848
485 599 113.841
485 1361 48.2547
485 1507 94.2167
486 1629 104.673
486 1849 67.0496
487 874 69.9299
487 1177 82.9118
487 2092 82.0081
488 896 99.9304
488 1418 84.1802
488 1759 75.5038
489 922 94.1313
490 677 19.5954
490 1245 50.4923
490 1400 47.0102
490 1736 46.8591
491 1289 100.473
491 1748 45.3459
492 528 57.0026
493 545 78.3575
493 610 58.6727
493 1663 103.087
494 1089 55.3586
494 1115 60.5921
494 1197 85.7252
494 1964 37.5289
494 2106 51.8052
495 606 40.9884
495 651 52.4541
495 1458 28.7023
495 1650 82.2959
496 571 34.7281
496 704 22.2168
496 1003 68.8837
498 649 11.1033
498 672 69.6765
498 1204 34.8035
498 1545 29.0547
498 1917 29.5968
499 991 79.1765
499 1652 3.86259
499 1654 92.4255
500 1303 64.0027
500 1416 41.1667
501 1177 57.2563
501 1435 59.2259
501 1656 33.8971
502 681 73.6662
502 716 90.8022
502 2017 29.7681
503 814 21.5679
503 1076 108.028
504 593 40.4007
504 768 43.3258
504 1953 36.4985
505 637 49.026
505 1096 76.7646
505 1137 94.2558
505 1582 52.3369
506 1092 84.8589
506 1308 17.5367
506 1957 68.4373
507 1290 46.7811
507 1399 60.1676
508 821 81.1031
508 1005 27.4732
509 1554 47.9725
509 1607 31.4217
510 1592 46.6147
510 1665 36.1554
511 895 80.6157
511 951 46.8845
511 2147 136.089
512 926 16.1564
513 1012 35.09
513 1195 70.8549
513 2112 81.8098
514 612 59.2149
514 1117 48.1132
515 711 70.8016
515 756 105.303
515 1335 104.175
515 1567 12.7688
516 1328 40.9166
516 2132 92.8222
517 530 8.01455
517 967 102.347
517 1999 55.6205
518 980 65.7759
518 1582 47.3279
519 1936 58.8678
519 2012 19.8999
520 1015 92.2459
520 1019 70.0617
521 1554 42.5803
521 1607 38.7676
521 1912 40.1212
521 2117 54.3102
522 1687 32.1284
522 1743 164.178
523 1019 53.9758
524 1286 61.0499
524 1783 74.5333
525 1722 26.1109
525 1847 81.0501
526 1405 28.1146
526 1728 53.4385
526 1974 70.6353
527 1580 26.2135
527 1923 27.7741
528 1684 69.1724
529 718 83.9763
529 1256 36.3904
529 1870 33.4825
529 1881 106.157
530 1999 74.2018
531 1060 74.4753
531 1305 57.3013
531 2108 84.6441
532 1354 15.2511
532 1379 27.8792
532 2080 52.5021
533 540 26.1161
533 1791 154.969
533 1801 66.3907
533 1865 89.0363
534 912 52.5703
534 1838 51.4941
534 1916 15.2161
535 619 11.7498
535 711 70.97
535 1935 50.3158
536 858 54.7019
536 1301 41.9107
536 1501 58.5859
537 614 95.5328
537 771 44.2912
537 827 81.8108
537 1467 78.3703
537 1710 91.0912
538 834 74.1931
538 1082 16.5024
538 1516 33.6405
538 1816 26.107
539 625 77.7234
539 1366 45.2885
540 1027 83.3312
540 1801 93.6582
541 547 65.0567
541 1500 57.8148
541 1996 48.5207
541 2052 70.461
542 623 49.0082
542 1055 41.3963
542 1496 49.7967
543 994 49.5282
543 1222 32.2427
544 1457 61.1571
544 1698 22.5974
545 603 35.6221
545 1064 66.2133
545 1763 34.9034
546 787 85.0459
547 597 115.415
547 1372 80.22
547 1500 3.53292
547 1996 45.9066
547 2052 56.5975
548 680 30.8528
548 890 36.0003
548 1853 31.2773
548 2059 50.8132
549 712 56.9271
549 770 37.3911
549 1721 50.795
549 2101 73.3343
550 804 37.5907
550 874 55.3289
550 1760 67.8434
550 2055 25.7819
550 2092 46.9256
551 1383 81.3598
551 1876 40.534
552 566 22.2521
552 725 70.3291
552 763 19.7537
552 1533 97.064
553 659 36.9036
553 795 39.8274
553 1074 47.4122
553 2136 44.3484
554 757 36.1618
554 1009 36.8091
554 1041 34.1378
554 1962 34.775
555 1857 58.641
556 1011 67.4314
556 1046 80.3741
557 634 81.5054
557 1224 102.281
558 1015 58.5339
558 1384 46.2571
558 1900 113.069
559 641 61.6828
559 776 63.1871
559 1178 144.302
560 1324 25.0432
561 571 102.469
561 1880 65.6265
561 2063 50.7385
562 1172 38.7906
562 2047 37.5697
563 752 10.4896
563 1110 19.5437
563 1391 55.5716
564 1213 80.4229
564 1465 27.1333
564 1510 33.7229
564 2041 28.6512
565 1440 47.8743
565 1559 101.136
565 1882 49.4653
566 763 29.7278
566 1533 82.2778
567 728 68.24
567 1531 33.2993
567 1602 58.5378
568 1248 99.5539
568 1708 75.2337
569 744 85.1424
569 877 8.48712
569 1112 88.0916
570 966 93.5697
570 1114 67.2338
570 1221 129.038
571 704 35.4856
571 2063 71.8635
573 772 48.9794
573 2019 20.2101
574 1599 18.6851
574 2127 64.6705
575 1397 45.9563
575 1691 61.3441
576 878 51.6804
576 903 94.5847
576 1311 104.959
577 759 37.9147
577 807 9.07141
577 1235 17.5391
578 678 58.7788
578 1173 119.871
578 1539 119.615
579 1253 67.381
579 1769 55.9333
579 1772 90.0085
579 1814 27.1993
580 1561 88.5945
580 1915 35.8647
581 1080 76.6526
581 1569 41.3513
581 2053 98.104
582 888 58.946
582 1116 62.0491
582 1300 27.5239
583 833 42.5117
583 1039 20.4651
583 1546 59.9045
584 688 55.2249
584 836 68.0089
584 1144 67.376
584 1320 35.5084
585 1189 104.23
585 1473 55.4538
585 2072 36.4964
586 715 33.5463
586 949 107.945
586 954 86.4619
587 840 156.975
587 1570 114.784
587 1878 89.6273
588 924 21.1659
588 1238 31.7548
589 792 56.5959
589 799 23.2028
589 1089 71.7999
589 1312 53.7905
590 605 18.0281
590 1770 87.7083
591 1115 130.528
591 1611 115.279
592 734 90.6738
592 1174 51.8035
593 768 6.5045
593 898 39.7778
593 1337 55.6778
593 1953 99.7128
594 1196 51.9677
594 1673 92.1608
594 1851 79.9371
594 1913 79.4735
595 1278 54.5538
595 1457 40.9381
595 1831 72.8767
596 654 104.259
596 923 71.6658
597 871 73.315
597 1372 12.7598
598 604 61.8605
598 1025 12.6658
598 1323 84.6748
598 1723 71.7614
598 2082 37.6426
599 1393 108.221
599 1591 113.544
600 894 114.041
600 1326 50.5604
600 1568 65.2631
601 1404 89.8044
601 1433 57.5431
602 943 34.893
602 974 92.3604
602 1555 113.347
602 1884 83.9416
603 1763 28.4564
604 1025 67.5343
604 2082 15.009
605 1268 100.505
605 1770 82.2371
606 642 107.42
606 1458 69.9022
607 861 61.0162
607 1203 74.6491
607 1506 74.4621
608 1486 58.73
608 1594 103.095
608 1617 86.6792
609 882 24.2906
609 1365 22.0346
609 1791 73.3905
610 902 52.9894
610 1088 68.776
610 1663 64.0294
611 976 37.8893
612 1117 41.3917
612 1131 53.143
612 1310 85.9918
613 789 53.2726
613 1566 29.9376
613 1574 15.9065
614 771 87.1551
614 827 14.099
615 636 54.1718
615 819 32.1825
615 1122 50.2911
615 2070 66.0258
616 686 23.4371
616 700 40.1576
616 1085 97.1409
617 866 46.8269
617 1129 51.9278
617 2003 38.1296
618 1165 35.9855
618 1778 69.2197
618 2058 99.1737
619 711 91.1291
619 1432 67.3015
619 1935 34.4508
620 1226 71.2648
620 1482 57.7717
620 1668 83.0972
620 2009 60.9885
621 723 27.6314
621 1091 78.1148
622 703 44.0105
622 1095 47.1808
622 1476 41.6866
622 1563 22.5627
623 1298 29.1532
623 1496 30.5572
624 682 18.7778
624 1660 78.8449
625 1366 72.3167
626 743 44.4354
626 1251 81.0079
627 1040 57.2895
627 1050 37.0052
627 1286 24.6619
627 1526 32.3953
627 1783 32.4197
627 1796 34.2978
628 839 16.5194
628 1462 62.5529
628 1714 67.8266
629 1119 57.7755
629 1645 29.1672
629 2103 97.3564
630 1077 73.3923
630 1281 93.3621
630 1452 109.915
631 1709 70.0117
632 988 117.157
632 1140 116.594
633 903 30.2085
633 1311 38.6495
633 1486 55.1721
634 1224 87.8063
634 1449 74.9155
635 1324 41.9146
635 1689 5.18559
635 1820 40.1637
636 1122 7.47277
636 1238 34.2263
636 1346 38.0315
637 1096 26.9852
637 1137 72.0327
637 1473 135.254
637 1582 42.0111
637 2072 105.269
638 1260 27.3142
638 1262 78.9579
639 869 38.9548
639 1451 18.6736
639 1578 69.3994
639 1892 45.0537
640 1930 83.5953
640 2121 69.7372
641 776 53.4616
642 773 25.5631
642 1228 29.8134
643 1285 52.7579
643 2074 44.4626
644 1866 57.8879
645 679 12.6367
645 1077 35.7929
645 1329 61.3007
646 784 34.5293
646 1190 61.8889
646 1369 26.0477
646 1483 74.2325
647 1405 68.5431
647 1728 59.9502
647 1829 84.3771
647 1974 51.6675
648 1228 72.8235
648 2138 89.3116
649 672 64.5236
649 1204 48.0376
649 1545 27.6237
649 1917 27.9576
650 1425 101.855
650 2121 56.6221
651 1650 10.9282
652 766 83.6949
652 1017 57.7473
653 1097 59.4662
653 2098 90.6136
654 1553 62.448
654 1615 42.4886
655 841 34.2607
655 1039 58.5055
655 1989 76.0388
656 796 72.1483
656 1941 44.9749
657 792 110.291
658 865 25.9542
658 1005 87.572
658 1509 92.9158
658 1785 155.716
659 795 3.07269
659 1030 116.072
659 1074 71.7982
659 1387 67.7789
659 1834 81.269
659 2022 51.6272
660 1732 100.924
660 1890 28.4504
661 989 75.0915
661 2144 51.7188
662 1489 57.287
662 1781 74.6697
662 1907 40.368
663 1002 55.8122
663 1175 106.704
664 889 58.1811
664 1104 37.4371
664 1666 62.1302
665 1393 19.6461
665 1591 35.6785
665 1735 62.1184
665 1992 56.5686
666 1123 70.8132
666 1322 17.6002
666 1537 63.8878
667 767 112.379
667 851 84.4876
667 2061 61.3138
668 1218 174.896
668 2013 33.9509
669 930 41.7599
669 2013 91.4242
670 888 104.532
670 1420 28.7381
671 1728 73.8226
672 1441 91.0925
672 1545 16.1946
672 1576 83.7013
673 1465 48.3712
673 1627 60.215
673 2041 80.5075
674 1439 59.1431
674 1522 27.0651
674 2033 70.8119
675 873 50.5493
675 1180 44.4296
675 1543 34.6212
675 2124 55.3002
676 741 69.8536
676 1474 47.992
677 944 56.9653
677 1245 69.7077
677 1400 33.5575
677 1736 117.149
678 1447 92.7436
678 1539 56.5494
679 953 51.8082
679 1077 51.2516
679 1329 51.6099
680 890 32.0645
680 1853 53.4728
680 2056 67.7565
680 2059 20.1127
681 873 23.2681
681 891 58.2338
681 2017 19.2408
682 1128 70.4977
682 1660 39.7703
683 1020 82.8351
683 1121 53.3013
684 1141 84.1228
684 1693 25.6511
685 713 87.6439
685 868 65.1658
685 1161 54.9815
686 700 74.8141
686 1085 62.2494
687 1119 82.9975
687 1386 82.1084
688 1320 37.3622
688 1741 133.625
688 1804 14.7525
689 1437 76.4098
689 1739 126.034
690 698 47.7404
690 1337 59.3216
690 1573 34.4685
690 1846 77.5018
691 1441 114.045
691 1638 74.3039
691 1641 77.3682
692 1186 123.664
693 720 61.0004
693 1338 6.21747
694 783 94.4067
694 913 71.6835
695 916 89.7266
695 1289 64.8489
695 1304 70.5855
695 1958 54.1512
696 909 92.2745
696 1383 98.5939
696 1876 67.0617
697 709 85.4449
697 825 20.4674
697 1016 82.5997
697 1142 92.5037
697 1875 53.3229
698 1337 55.0032
698 1846 38.0868
699 1356 75.3794
699 1738 82.3653
699 1897 26.69
700 898 61.9893
701 1155 100.306
701 1630 59.2663
701 1770 26.2537
702 736 21.9895
702 1008 95.8191
702 1873 74.8782
703 1476 47.304
703 1563 44.2296
704 1003 54.5252
705 769 107.277
705 946 24.7386
705 1485 45.598
705 1523 44.3844
705 1646 76.3793
706 1183 23.3789
706 1845 31.0851
707 1036 41.6743
707 1101 38.3245
707 2114 48.9925
708 820 53.3847
708 2025 51.8753
708 2135 55.1995
709 1142 15.8687
709 1357 100.856
710 970 66.0905
710 1778 103.249
710 2058 54.6454
711 756 47.5617
711 1567 81.0825
712 1902 83.3365
712 2101 94.0074
713 1161 6.57787
713 2118 66.1671
714 1102 99.4297
714 1658 104.642
715 949 124.128
716 1092 69.5374
716 1308 69.3382
717 931 46.869
717 950 63.6835
717 1694 43.3705
718 1544 42.2997
719 783 56.2111
719 1521 62.2997
719 1809 76.9697
719 1983 98.2188
720 1143 20.1419
720 1338 85.408
720 1910 45.1964
720 2069 20.1679
721 1214 28.857
721 1605 71.3656
721 1750 33.6297
721 2140 81.0211
722 1267 84.9614
722 1565 133.24
722 2007 47.9759
723 1091 58.6714
723 1822 119.243
723 2007 57.861
724 1070 47.6279
724 1403 37.2476
725 763 94.1094
725 1314 71.4407
726 995 97.9155
726 1264 41.8706
726 1269 49.48
727 1273 67.0903
727 1470 90.819
728 1480 64.7983
728 1531 37.0986
728 1602 42.4313
729 736 80.9644
729 965 80.0944
729 1352 103.004
729 1827 86.466
730 1520 47.0245
730 1676 79.1301
731 1162 109.44
731 1239 33.152
731 2130 40.158
732 1108 95.6506
732 1757 66.0417
732 1833 66.113
733 1530 77.0645
733 2066 30.8989
734 1174 48.1256
734 1175 44.8471
735 899 90.0709
735 1555 56.8186
736 1008 84.18
737 808 54.4192
737 1456 126.781
737 2078 54.2459
738 1436 57.9884
738 1939 50.208
738 1970 46.2446
739 1072 50.1882
739 1733 120.097
739 1987 16.4913
739 2093 81.0838
740 1382 23.9466
740 1854 26.5864
740 1963 94.7933
741 1114 53.2799
741 1192 44.3522
742 761 40.9298
742 1284 84.7079
742 1789 64.1853
743 1251 103.509
744 877 54.8428
744 1112 136.067
744 1805 55.0695
745 945 57.9296
745 1604 34.2569
745 1973 130.65
746 867 45.4591
746 1086 34.031
746 1719 43.5941
746 2073 28.9662
747 830 36.6334
747 1665 69.7941
747 1747 46.6915
748 765 59.9743
749 764 37.7815
749 829 16.2663
749 1083 42.8496
749 1507 130.902
750 1064 48.9668
750 1832 40.0834
750 1932 17.4922
751 894 37.6816
751 967 67.9038
751 1394 108.098
752 1110 16.0176
753 1262 37.843
754 779 66.8317
754 1512 82.4039
754 1933 72.5949
755 1054 38.1264
755 1965 51.3497
757 1041 8.62585
757 1962 10.4098
758 1065 27.9744
758 1716 32.1663
759 807 48.8634
759 1235 64.3543
759 2058 71.0343
760 1171 35.117
761 879 66.1549
761 1754 106.413
761 1789 67.9388
762 1118 35.0816
762 2088 33.7691
764 829 29.6432
764 1083 28.9175
764 1614 63.8146
764 1920 69.8973
765 1758 79.5231
766 1819 52.9118
767 1444 80.7754
767 2061 67.7801
768 898 38.6653
768 1337 61.3697
769 946 46.943
769 1646 14.8172
770 1359 14.3966
770 1721 3.91958
771 827 101.875
771 1467 66.7984
772 1505 44.9976
772 1515 20.1626
772 2019 14.6448
773 1228 71.2473
773 1389 72.5393
774 817 51.1932
774 1200 46.869
774 1771 27.2806
775 849 48.31
775 2032 2.29482
776 1922 119.012
777 1252 45.4256
777 1781 68.7669
778 969 57.6271
778 981 63.319
779 1147 86.3507
780 987 58.4653
780 1493 72.8803
781 1063 39.7678
781 1207 30.3523
782 2053 76.0143
783 1007 71.76
783 1521 48.1986
784 1190 65.0486
784 1369 30.0652
785 1015 43.6957
785 1291 55.3682
785 1900 30.0012
785 1956 51.2919
786 959 68.7371
786 1439 97.8164
786 1522 64.8581
787 904 48.1278
787 1995 73.0718
788 1381 92.659
788 1442 80.9074
788 1513 45.7934
789 1566 77.8404
789 1574 50.3594
790 900 28.5271
790 1623 47.3651
790 1637 33.2499
790 1782 73.9595
791 933 79.3633
791 1429 115.353
791 1495 91.079
791 1994 80.1592
791 2111 50.4613
792 799 103.373
792 831 72.1996
793 1067 67.298
793 1292 58.185
793 1339 18.0303
793 1850 40.4039
793 1966 68.1891
794 809 66.4487
794 883 37.8926
794 960 63.9473
794 1243 66.8706
794 1519 46.9009
795 1030 102.05
795 1387 45.766
796 1899 20.4675
796 1961 44.9118
797 908 111.248
797 1321 61.7794
797 2068 36.929
798 987 147.422
799 1089 39.3439
800 1166 50.9364
800 1293 31.8202
800 1590 45.2466
800 1780 35.6373
801 1313 54.4672
801 1620 53.6402
801 1968 131.482
802 815 34.3809
802 1463 43.1849
803 1342 46.9432
803 2128 80.6372
804 874 44.602
804 1656 108.013
804 2055 55.6235
805 824 129.699
805 1726 3.20238
806 1271 107.453
807 1235 26.8581
808 2040 50.217
808 2078 53.8603
809 2089 53.9025
810 1018 50.3574
810 1215 47.3796
810 1653 81.2712
810 1895 79.5983
811 861 124.96
811 959 78.9331
811 1137 48.4521
812 1490 123.157
812 1990 71.1732
812 2109 17.0279
813 1218 63.3569
813 1653 71.9306
813 1889 111.178
814 1076 81.6176
815 1463 31.8373
816 1150 55.2398
816 1683 57.6904
816 1727 40.9059
817 832 34.6306
817 1018 66.9158
817 1771 43.7629
818 1296 28.3416
818 1570 62.5562
818 1878 63.3376
818 2125 19.8378
819 1606 67.1091
819 2070 58.5106
820 1764 84.5817
820 2025 65.1068
821 911 55.7435
821 1005 88.7503
822 1333 61.0532
822 1737 39.4754
823 1315 80.212
824 1726 103.382
825 1016 62.5645
825 1875 20.2022
826 1317 110.03
826 1518 50.658
826 1945 95.4258
829 1083 27.1273
830 1747 36.4688
830 2120 58.8142
832 1771 76.2426
833 1546 19.3888
835 1317 138.834
835 1362 89.0508
835 1625 127.205
836 1320 97.8659
836 1599 59.4741
836 1741 84.3429
837 1264 68.9442
837 1269 38.2425
837 2145 18.679
838 948 21.9957
838 1320 104.501
839 941 84.8769
839 1413 109.203
839 1462 69.184
840 1179 51.7645
840 1858 96.4467
841 939 43.9482
842 916 57.9273
842 1958 84.631
843 1709 62.0324
844 921 37.8413
844 964 81.2514
844 1081 77.5934
844 1864 52.1151
845 2040 103.806
846 1551 84.5047
847 1053 59.201
847 1155 88.6149
847 2036 31.046
848 1354 76.6701
848 1377 21.1923
848 1379 74.2335
849 852 43.2809
849 2032 76.6226
850 2071 19.3916
851 1074 69.4182
852 1782 80.1173
853 1038 52.3149
853 1421 65.5971
853 1701 71.8246
854 1621 89.9852
854 1960 95.8753
854 2025 101.611
854 1792 81.1894
855 1062 54.5778
855 1181 14.285
856 1162 56.9232
856 1529 77.1795
857 1097 70.505
857 1634 81.4177
857 2098 72.2456
858 1301 56.5869
858 1501 97.8314
858 1813 80.9102
858 2099 45.9623
859 1343 40.6666
859 1852 32.8689
860 1542 68.137
861 959 50.6388
862 953 34.2046
862 1329 57.0764
863 970 81.0185
863 2122 33.1231
864 1307 15.0995
864 1513 95.8451
864 2039 58.1229
865 1509 73.5898
866 1690 46.3891
866 2003 49.6408
867 1086 37.7817
867 1225 64.466
867 1636 40.0348
867 1719 70.7554
867 2073 36.0081
868 1001 95.2433
868 1187 99.5345
868 1633 47.9342
869 1402 27.2731
869 1451 31.9981
869 1892 15.6787
871 1372 75.4522
871 1679 60.1532
872 1160 68.6578
872 1946 23.0772
873 891 17.7987
873 2017 53.8524
874 1177 87.5408
874 1435 93.1052
875 1677 69.4034
876 1058 45.504
876 1573 45.7778
876 1713 15.5782
876 1815 8.39325
877 1112 58.1321
878 903 53.2679
878 1093 40.974
879 1319 42.8911
879 1686 46.6714
879 1754 111.93
880 963 47.698
880 1921 53.4637
881 1094 69.1209
881 1411 112.526
881 1432 118.19
882 1365 5.37149
883 1243 19.538
883 1519 66.8105
884 1720 50.9408
885 951 69.0588
885 1605 94.3918
885 2043 86.1001
885 2140 56.4877
886 1424 49.9805
886 1612 49.7768
886 2128 28.8412
887 1695 61.842
887 1774 62.967
887 2129 75.5612
888 1223 57.3951
888 1300 10.0933
888 1420 97.5053
889 1153 29.8033
889 1398 35.211
890 1853 31.7011
890 2056 54.7187
890 2059 44.3006
891 1543 63.3113
891 1593 85.1745
891 2017 53.7608
892 1346 56.5107
892 1530 83.8722
893 1491 68.2321
893 2087 37.4194
894 967 28.5269
894 1927 134.549
895 1947 73.759
896 1991 17.9134
897 1191 108.146
897 1464 28.4213
897 1536 112.196
899 1277 62.0626
899 1555 90.0149
900 1623 29.383
900 1637 8.01788
900 1803 50.7577
901 1125 148.223
901 1556 108.592
901 1795 71.2887
902 1043 47.3157
902 1459 34.8245
902 1579 47.6588
903 1093 59.7241
903 1311 16.5704
904 1995 53.6286
905 1176 19.9921
905 1390 43.9737
905 1925 27.0843
906 1511 84.9632
906 2084 110.194
907 1635 17.6853
907 1859 22.5235
908 1263 84.0088
908 1321 60.4018
909 1596 51.4761
910 1746 41.3649
911 1287 31.8229
911 1626 20.7324
912 1412 55.0444
912 1916 35.8439
913 2020 75.8045
914 990 38.744
914 1250 63.5405
914 1788 58.7291
915 1281 60.3403
915 1452 39.4585
916 1131 69.3392
916 1958 66.4081
917 1094 46.3451
917 1331 48.5537
918 1092 64.9893
918 1159 32.0396
918 1777 6.61921
919 1497 104.613
919 1845 122.421
919 2094 27.2016
920 979 18.5588
920 1477 67.0081
921 1081 15.6752
921 1105 74.1786
921 1864 94.5767
922 2094 78.9323
923 1461 94.1578
923 1656 88.019
924 1150 64.1845
925 1959 99.3791
926 1198 62.9171
927 1306 4.04686
927 1364 46.2666
927 1648 98.7288
927 1903 69.28
928 1126 96.3495
928 1363 57.9429
928 1735 46.0897
929 968 36.14
929 1250 53.9601
929 1351 45.23
929 1788 77.5879
929 2028 25.0904
930 1218 45.5679
931 1694 8.1124
932 1060 53.5234
932 1373 52.4821
933 1429 92.1576
933 1495 79.141
933 2111 53.3952
934 1023 51.3962
934 1164 34.2185
934 1863 74.8442
935 1157 83.0419
935 1229 48.7513
935 1603 83.1859
935 1628 68.9501
936 1371 64.1872
936 1395 87.6607
937 1738 24.3625
937 1823 123.005
937 1897 99.4742
938 1133 100.37
939 1639 88.1495
939 1720 55.5896
940 1009 29.0132
940 1109 42.2768
940 1410 31.8503
941 1415 51.7972
942 1911 43.8194
943 1277 64.2624
943 1398 87.6644
944 1400 43.6769
944 1585 46.9942
945 1604 71.6283
945 1790 60.6452
946 950 38.5701
946 1646 37.4676
947 1006 152.028
947 1561 146.439
947 2046 124.124
948 1804 63.7587
949 954 52.1722
950 973 41.4175
952 1423 91.7254
952 1600 39.0826
952 1871 75.0959
953 1329 37.3909
954 1202 70.5487
955 1037 55.5744
955 1205 54.6521
955 2079 70.6643
955 2104 51.3023
956 1103 34.0808
956 1448 33.2466
957 1554 87.5811
957 1912 41.9092
958 1304 76.353
960 1368 40.1256
961 1512 37.5759
961 1933 62.8827
961 2119 77.7602
962 1075 55.0919
962 1357 66.4966
963 1514 46.484
963 1712 38.2098
964 1428 69.2958
964 1751 38.0343
964 1898 70.102
965 1061 84.7056
965 1827 100.933
966 1221 64.654
966 1748 95.1127
967 1999 85.3501
967 2006 74.669
968 1351 58.6735
968 1946 81.7255
968 2028 43.8255
969 1812 40.2692
970 1852 44.6458
971 1712 65.3389
971 1764 77.9991
971 2135 58.7779
972 1258 39.3582
972 1363 51.5241
973 1024 107.795
973 1523 39.7373
974 1555 96.5438
974 1884 107.761
975 1000 82.6093
975 1010 60.4105
975 1572 88.9288
975 2118 69.047
976 2087 56.5696
977 1522 53.3523
977 1527 22.341
977 2033 39.6931
978 997 63.5775
979 1477 44.3989
980 1096 103.93
981 1257 49.5113
981 1589 125.867
982 1446 63.1814
982 1540 41.1186
983 1991 62.6017
983 2057 52.0529
984 1376 77.604
984 1498 85.2175
985 1613 81.5487
985 2110 64.9588
986 1724 50.4805
986 1821 27.0911
986 1824 41.8303
987 1216 58.6003
987 1493 50.1993
988 2102 76.0627
989 1592 80.845
989 2020 38.7305
990 1250 42.231
990 1788 43.4506
991 1652 53.1987
992 1625 51.3161
992 1908 21.3075
993 1699 99.5305
993 2085 87.1136
994 1052 60.8489
994 1540 51.9889
995 1264 151.484
996 1008 56.0348
996 1061 98.4869
996 1827 76.8791
997 1202 104.416
997 1914 61.5083
998 1168 27.413
998 1503 55.1251
998 1869 58.2336
999 1927 87.8745
999 1967 35.205
999 2001 72.4004
1000 1390 26.8941
1000 1572 42.7786
1000 1925 51.2385
1001 1844 72.3603
1002 1130 47.9264
1002 1587 50.3221
1003 1166 50.0551
1004 1985 66.3782
1006 1349 113.047
1006 1561 127.972
1006 1928 86.6149
1007 1242 62.6523
1007 1521 47.3261
1007 1943 131.649
1008 1873 50.0311
1009 1109 70.1684
1009 1410 66.7344
1009 2090 34.6069
1010 1408 10.1351
1010 1572 38.2614
1010 2100 32.1812
1011 1125 64.6083
1012 1195 34.749
1013 1156 52.9263
1013 1504 81.0605
1014 1348 37.1552
1014 1787 25.9754
1014 2141 68.094
1015 1384 53.7008
1015 1900 43.8115
1016 1598 11.5215
1016 1875 68.4676
1016 1955 43.7901
1017 1104 47.6318
1018 1215 76.0362
1020 1121 27.1475
1020 1454 67.3846
1021 1975 61.026
1021 1994 105.062
1022 2142 70.2152
1023 1164 72.32
1024 1084 99.2044
1025 1323 59.254
1025 1723 59.6652
1025 2082 45.0863
1026 1350 79.8867
1026 1595 72.0974
1026 1836 113.072
1027 1865 118.731
1028 1071 157.139
1028 1182 165.521
1028 1786 84.31
1029 1460 77.7463
1030 1387 28.5125
1031 1167 99.1879
1031 1409 71.6111
1032 1314 109.593
1032 1706 29.6345
1032 2112 67.2622
1033 1355 59.1422
1033 1517 19.0027
1034 1395 74.1664
1034 1484 75.4159
1034 1799 117.72
1035 1682 100.954
1035 1856 73.3039
1036 1101 47.0713
1036 1248 71.5109
1036 1674 53.4261
1036 1896 70.3582
1037 1308 60.1513
1037 2104 51.7293
1038 1492 49.2746
1038 1691 52.6914
1040 1526 49.2094
1040 1796 41.8906
1041 1962 17.0434
1042 1108 50.27
1042 1700 71.2007
1042 1757 102.064
1043 1088 65.7874
1043 1579 28.9544
1043 2010 75.3787
1044 2045 99.8205
1045 1319 28.2657
1045 1686 56.9925
1046 1125 48.7605
1046 1447 81.9833
1047 1793 70.8604
1048 1547 69.646
1048 1904 67.239
1048 1977 71.7092
1049 1349 57.6899
1049 1552 11.0064
1049 1843 53.518
1050 1286 52.0296
1050 1783 42.3916
1051 1204 65.2588
1051 1350 119.127
1051 1614 78.9558
1052 1159 61.1592
1053 1157 64.2463
1053 2036 45.1474
1054 1227 50.3684
1054 1267 47.0789
1055 1140 56.0672
1055 1259 65.4964
1056 1353 59.9314
1056 1534 78.846
1057 2000 52.2414
1057 2026 117.628
1058 1713 77.2796
1058 1806 71.9348
1058 1815 53.1757
1058 1825 45.495
1059 1240 38.8955
1059 1471 97.7113
1059 1535 13.1878
1059 1903 90.8282
1061 1827 43.233
1061 1891 95.2428
1062 2049 16.1287
1063 1207 56.2431
1063 1378 25.497
1063 1417 27.4948
1064 1832 33.2955
1064 1932 49.3234
1065 1177 48.7412
1065 1716 68.1095
1066 1138 33.3969
1066 1246 100.274
1066 1565 71.1769
1067 1850 52.266
1067 1966 9.84786
1067 2115 140.639
1068 1325 34.6761
1068 1492 56.6162
1069 1678 99.5206
1069 1730 51.1548
1069 1886 63.8504
1069 2064 40.3449
1070 1268 64.0966
1070 1403 26.233
1071 1182 14.1715
1072 1987 45.1357
1072 2000 70.0767
1073 1512 34.9893
1073 1685 18.5895
1073 1933 31.9607
1075 1357 32.1662
1075 1662 47.3233
1076 1106 104.54
1076 1672 55.2224
1076 2001 64.5081
1078 1353 109.126
1078 1998 49.6611
1079 1542 54.41
1079 1941 62.7696
1080 1189 61.1652
1080 1569 96.5272
1081 1105 60.1515
1081 1909 62.4301
1082 1516 47.8175
1082 1816 36.9454
1082 2024 40.8658
1083 1920 68.994
1084 1333 35.2335
1084 1485 55.7061
1084 1737 49.4017
1085 1400 51.9913
1086 1636 51.8728
1086 1702 96.4195
1086 1718 115.685
1086 1719 95.7388
1086 2073 4.79365
1087 1901 69.2721
1087 1951 72.1762
1088 1663 82.302
1089 1197 70.7736
1089 1964 41.8959
1089 2106 47.4347
1090 1768 96.9602
1091 1822 53.0552
1092 1777 62.8598
1092 1957 44.725
1094 1331 99.0094
1095 1476 28.1323
1095 1753 71.7316
1096 1582 41.0479
1097 1634 95.3477
1098 1148 88.2091
1098 2079 73.5443
1099 1326 109.27
1099 1394 103.741
1100 2078 85.7809
1101 2114 74.2223
1102 1201 16.2303
1102 1616 51.4423
1102 1658 45.4641
1103 1448 70.8395
1104 1666 14.2252
1105 1909 64.8657
1106 1388 83.6283
1106 1672 86.7474
1107 1794 15.5411
1108 1700 67.4667
1108 1757 44.9519
1109 1410 27.7758
1111 1273 62.9543
1111 1470 60.3264
1111 1971 64.5758
1113 1661 48.7833
1114 1192 95.1044
1114 1867 39.2157
1115 1828 89.3751
1115 1964 48.3286
1116 1170 88.8738
1116 1244 91.7291
1116 2031 52.967
1118 2030 71.6388
1118 2088 34.6912
1119 1645 107.58
1120 1740 46.2732
1120 1810 63.628
1120 2081 61.7692
1121 1454 56.7869
1122 1346 32.1579
1123 1277 87.1199
1123 1322 72.0386
1123 1537 72.0539
1124 1438 31.3867
1124 1487 61.1546
1124 1878 53.3873
1124 1887 79.3863
1124 1924 32.671
1126 1988 55.3171
1127 1642 70.7326
1127 2084 48.9442
1128 1200 46.2665
1128 1288 111.904
1128 1660 84.3116
1130 1587 42.1137
1130 1862 57.4391
1131 1310 40.0703
1132 1547 27.6388
1132 1904 102.917
1132 1977 61.7198
1133 1634 70.4785
1134 1404 101.209
1134 1631 34.6822
1135 1233 55.0211
1135 1524 62.3019
1135 2141 96.3765
1136 1190 76.7889
1136 1424 103.222
1138 1246 39.6156
1138 1565 115.108
1139 1495 34.7484
1139 1982 26.1477
1139 2111 34.7097
1140 1651 39.3467
1140 1948 93.4821
1141 1693 27.7526
1141 2021 45.2895
1142 2102 70.772
1143 1848 58.6327
1143 2069 5.05967
1145 1502 76.9528
1145 1657 4.84559
1146 1784 88.0134
1146 1978 50.5854
1146 2097 33.1308
1147 1474 122.2
1147 1744 98.7514
1148 1205 59.9457
1148 1340 78.3256
1149 1818 82.4876
1150 1683 29.9186
1150 1727 28.5928
1150 2002 30.261
1151 1254 48.8728
1151 1316 39.1597
1151 2067 39.2092
1152 1211 81.0478
1152 1234 84.9576
1152 1619 124.839
1152 1937 11.4378
1153 1398 12.7582
1153 1856 81.9241
1154 1514 29.1201
1154 1584 30.4405
1154 1712 37.228
1156 1504 39.5977
1156 1818 28.6303
1157 1603 88.0088
1158 1442 53.8586
1158 2076 65.699
1159 1777 19.7169
1160 1710 47.5986
1161 2118 62.7347
1162 1239 50.8178
1162 2083 78.8892
1163 1256 51.8465
1163 1870 54.2056
1165 1778 58.6279
1165 2058 73.3086
1166 1293 70.8214
1166 1590 76.2608
1167 1409 113.803
1168 1479 66.2377
1168 1869 52.1411
1169 1232 50.4584
1170 1244 13.0752
1170 2031 59.0573
1171 2144 130.923
1172 2038 62.3912
1172 2047 24.9154
1173 1598 61.6318
1173 1875 69.2484
1173 1955 82.6212
1174 1175 33.3979
1176 1925 66.5526
1177 1435 12.5133
1178 2057 74.0468
1179 1858 41.1647
1180 1543 78.5911
1180 2124 38.9689
1181 1820 73.4294
1182 1786 84.6046
1183 1497 99.0409
1183 1845 22.2028
1184 1434 42.6997
1184 1631 67.5499
1184 1926 52.2393
1185 1251 20.5837
1186 1504 57.9019
1187 1453 54.6623
1187 1633 22.8594
1188 1223 39.2966
1188 1675 45.678
1190 1612 88.8082
1191 1779 80.5715
1191 2075 39.8937
1191 2098 44.2654
1192 1548 27.7683
1192 1867 82.7652
1193 1647 78.9336
1193 1954 134.681
1194 1667 54.6982
1194 2048 54.8226
1195 1245 45.9414
1195 1622 74.6262
1196 1680 97.5855
1196 1913 87.1255
1196 2034 102.03
1197 2106 13.2197
1198 1406 80.4778
1198 1664 30.8591
1199 2029 7.83559
1199 2146 26.6418
1200 1660 47.9445
1201 1616 53.8594
1201 1658 82.5085
1202 1914 69.6997
1203 1430 43.4053
1205 1860 54.1859
1206 1749 17.8807
1206 1762 44.3178
1206 1833 37.6367
1207 1378 45.5584
1207 1417 75.3312
1208 1551 27.5244
1208 2124 78.2943
1209 1972 58.9338
1209 2115 88.5093
1210 1749 54.2908
1210 1833 45.3404
1211 1234 38.09
1211 1937 80.7219
1212 1868 93.4061
1214 1750 59.4368
1214 1891 62.607
1214 1979 72.6733
1215 1895 43.8319
1216 1953 84.5068
1217 1392 42.8345
1219 1273 53.7562
1219 1641 58.08
1219 1971 54.1741
1220 1407 71.5177
1220 1894 116.353
1220 1986 16.1716
1221 1748 68.9122
1222 2087 69.8207
1223 1300 92.6891
1223 1327 39.4257
1223 1675 12.2795
1223 1885 58.0971
1223 2031 78.6803
1224 1449 139.823
1225 1479 52.1138
1225 1636 38.3312
1226 1482 20.1692
1226 1668 80.3316
1226 2009 80.0275
1227 1267 41.8628
1228 1347 109.258
1229 1628 71.5284
1230 1655 53.7546
1230 1681 78.4431
1230 1940 37.1903
1231 1740 77.8974
1231 1980 9.99674
1231 2081 55.0348
1232 1616 61.1083
1233 1340 66.7257
1233 1860 56.5286
1234 1937 47.098
1236 1610 62.0602
1236 1742 94.0756
1237 2116 79.4491
1238 2002 36.2746
1239 2130 72.0432
1240 1535 85.2599
1240 1903 37.1544
1241 1344 73.0275
1241 1624 88.898
1242 1282 56.8618
1242 1521 33.1487
1242 1983 13.4247
1243 1519 40.8111
1244 1280 119.891
1246 1849 58.992
1247 1272 96.4358
1247 1779 80.8816
1248 1566 109.499
1248 1674 21.7449
1249 1730 106.112
1249 1981 81.0028
1249 2064 78.3192
1250 1788 15.5945
1252 1781 28.7257
1253 1469 43.3955
1253 1772 44.9566
1253 1814 30.7027
1254 1397 41.8392
1255 1794 109.259
1256 1544 89.9945
1256 1870 8.39783
1257 1589 61.9266
1257 1713 88.2027
1258 1319 60.743
1258 1363 105.801
1259 1630 41.6855
1259 1688 94.3757
1260 1808 64.6533
1260 1950 41.3715
1261 1427 60.1358
1261 1855 36.7519
1261 2090 26.9171
1263 1443 126.496
1263 1609 64.4837
1264 1269 69.1791
1265 1475 44.2789
1266 1755 130.813
1266 1808 44.1988
1266 1950 46.6317
1268 1403 41.0694
1269 2145 80.8911
1271 1842 30.3356
1271 2065 79.1257
1272 1586 28.1353
1272 1768 46.8231
1273 1470 40.9087
1273 1971 16.9346
1274 1279 97.7363
1274 1362 20.9605
1274 1577 106.573
1275 1743 71.6587
1275 1877 64.8512
1276 1302 58.527
1276 1813 71.0659
1278 1457 47.0557
1278 1705 63.9285
1278 1831 99.9952
1279 1577 30.4166
1280 1520 64.2717
1281 1452 23.7862
1282 1647 56.6734
1283 1732 66.8802
1283 1743 57.9259
1283 1877 62.2577
1284 1686 49.1214
1284 1789 20.6126
1284 1790 34.5477
1284 1840 25.4918
1285 2074 75.2917
1286 1526 45.1605
1286 1783 25.642
1287 1626 13.6367
1288 1653 65.9693
1289 1958 69.2101
1291 1956 12.8176
1292 1339 75.4758
1292 1376 88.4905
1293 1780 6.49439
1294 2027 109.827
1294 2035 42.4253
1295 1330 86.0291
1295 1860 66.7843
1295 2054 86.7021
1296 1570 16.2588
1296 2125 54.4432
1297 1978 81.6803
1297 2122 45.7307
1298 1496 35.994
1298 1824 35.8761
1298 2137 53.9315
1299 1803 85.4109
1301 1501 17.2518
1302 1611 65.2427
1303 1863 50.6469
1305 2108 34.7682
1306 1364 44.9108
1306 1648 66.4897
1306 1903 63.2438
1307 1513 93.5611
1307 2039 55.0052
1309 1461 52.9568
1309 1549 66.0323
1309 1734 31.1364
1312 1828 74.6744
1313 1620 29.2699
1313 1792 87.2107
1313 1968 72.9225
1315 1445 48.32
1318 1625 64.1855
1318 2130 95.5677
1320 1804 57.0201
1321 1618 46.9396
1321 2068 72.314
1322 1537 42.2305
1323 1723 15.6066
1323 1590 56.0913
1324 1456 64.1613
1324 1689 22.1213
1325 2067 25.3796
1326 1568 43.8972
1327 1675 38.1531
1327 1885 61.3652
1327 2031 35.6642
1328 2132 27.6369
1330 2054 87.0278
1330 2139 45.9852
1331 1411 61.3422
1332 1807 94.9902
1332 1826 54.6933
1332 1886 79.2308
1332 2126 0.365389
1333 1737 37.0062
1334 1339 99.5867
1334 1441 115.179
1334 1576 45.5686
1335 1348 95.3974
1335 1567 75.28
1336 1707 36.4115
1339 1850 58.2927
1340 1787 70.012
1341 1654 63.5308
1341 1776 82.6642
1341 1872 29.424
1342 1822 67.9875
1343 1852 39.784
1345 1444 54.0779
1345 1874 53.4456
1346 1530 60.3299
1347 1458 44.1348
1347 1864 28.6715
1348 1787 69.1985
1348 2141 77.011
1349 1552 81.1451
1351 2028 33.9696
1352 1835 146.179
1353 1534 62.7517
1353 1671 38.9381
1353 1773 58.8775
1354 1377 83.3351
1354 1379 16.0695
1354 2080 89.0994
1355 1517 47.2139
1356 1416 46.2573
1357 1662 43.1308
1358 1431 47.8084
1358 1981 111.578
1358 2134 47.4139
1359 1721 14.4984
1360 1419 101.627
1360 1586 95.1207
1361 1450 61.2472
1362 1625 88.201
1364 1903 24.0766
1367 1466 47.0595
1367 1938 63.1457
1367 2005 17.274
1368 1984 42.9093
1368 2089 25.7841
1369 1483 65.6847
1370 1647 69.0758
1370 1943 26.9541
1374 1477 106.921
1374 1571 40.9061
1374 1688 72.3321
1375 1823 42.0809
1375 1906 70.8458
1377 1379 81.9592
1378 1417 20.0438
1380 1527 54.0803
1380 2033 116.013
1380 2050 50.1052
1381 1513 55.9854
1381 1800 27.1192
1382 1854 9.48309
1382 1963 60.3556
1383 1876 14.7119
1384 1900 78.5163
1385 1434 73.0088
1385 1680 65.2674
1385 2034 79.5791
1386 1624 64.5414
1388 1672 19.2034
1388 2001 34.564
1388 2077 40.8468
1389 2060 37.5224
1389 2095 53.051
1390 1925 44.5386
1391 1604 61.4376
1392 1534 41.3914
1393 1591 37.2475
1393 1735 84.2173
1393 1992 91.9451
1396 1839 34.9383
1396 1944 51.4796
1396 2143 27.6623
1397 1691 88.2896
1398 1856 69.4426
1398 1884 134.897
1400 1585 83.8599
1401 1472 35.4043
1401 1794 96.8249
1402 1892 13.1955
1402 2042 75.1306
1404 1433 90.6347
1405 1728 48.7677
1405 1974 45.626
1406 1664 83.8931
1406 1759 79.5095
1407 1894 47.5779
1407 1986 39.5893
1408 1572 37.5198
1408 2100 26.766
1409 2083 64.8238
1411 1564 45.8625
1411 2014 34.5987
1412 1838 32.5335
1414 1889 40.3056
1415 1753 72.0897
1418 1759 46.7728
1418 1894 81.8777
1419 1797 26.6856
1421 1701 14.0922
1421 1945 80.6082
1423 1600 30.9839
1423 1729 91.4854
1424 1612 64.3495
1425 2121 65.5966
1426 1644 80.9848
1426 1775 88.9323
1426 2011 56.9765
1427 1855 74.414
1427 2107 87.311
1428 1503 67.434
1428 1751 29.6207
1428 1898 62.648
1429 2111 125.787
1430 1918 36.9447
1431 1596 105.938
1432 1935 66.7569
1433 1499 62.4374
1433 1538 57.0837
1434 1926 22.9921
1434 2034 51.3717
1436 1533 129.856
1437 1739 37.4471
1438 1487 14.913
1438 1887 43.2469
1438 1924 37.5497
1439 1522 51.8044
1440 1559 44.4403
1440 1882 90.946
1441 1545 88.9679
1441 1576 126.321
1442 2076 41.0138
1443 1609 86.3796
1444 1874 32.0208
1444 2061 42.6879
1446 1643 41.4111
1446 1703 114.457
1447 1539 27.6117
1448 2085 52.3119
1449 1558 73.4876
1450 1756 76.6873
1450 2051 33.9752
1451 1892 59.9931
1453 1633 36.9921
1453 1819 97.7825
1454 2047 89.0716
1456 1820 80.933
1456 1969 39.2976
1459 1579 55.1058
1459 2010 108.579
1461 1549 50.3649
1461 1734 29.3741
1462 1541 45.4456
1462 1714 31.5024
1462 1729 60.5162
1464 1536 47.4332
1465 1510 30.432
1465 1627 24.4375
1465 2041 4.43623
1466 1549 41.2428
1466 1938 37.1604
1467 1710 110.345
1468 1581 70.7328
1468 2107 111.96
1469 1769 30.1147
1469 1814 65.5885
1471 1535 85.3643
1471 1642 103.047
1473 2072 26.7309
1475 2011 54.4436
1476 1563 40.6684
1477 2004 77.2017
1478 1619 21.2476
1478 2016 57.6042
1479 1636 45.7233
1480 1602 33.124
1480 1711 69.6775
1481 1562 60.4017
1481 2012 55.1168
1482 2009 54.9223
1484 1762 89.1177
1484 1799 45.4327
1485 1523 25.4687
1486 1594 95.7759
1487 1887 34.2536
1487 1924 19.1986
1488 1692 56.3413
1488 1847 50.7597
1489 1781 69.8554
1489 1782 78.5097
1489 1907 88.6157
1490 1990 38.8929
1490 2015 78.4987
1491 1745 19.5339
1491 2044 28.6866
1494 1670 16.8785
1494 2133 80.2089
1495 1982 34.9114
1495 2111 5.32344
1496 1618 60.2254
1496 2137 18.4014
1498 1529 73.2141
1498 1641 65.5242
1499 1538 6.74415
1499 1562 104.407
1500 1996 46.0518
1500 2052 75.58
1502 1657 80.9555
1502 1764 27.7484
1503 1869 90.0258
1504 1752 55.7922
1505 1515 15.9743
1505 2019 55.2138
1506 1692 64.8767
1507 1920 112.565
1508 1509 181.617
1508 1785 43.5057
1508 1943 157.748
1509 1785 67.2761
1510 1810 80.3382
1510 2041 19.5977
1511 2084 58.3151
1512 1933 37.5754
1513 1800 83.5588
1514 1584 18.6645
1514 1712 46.4503
1515 2019 38.6877
1516 1793 83.8114
1516 1816 5.88939
1518 1945 39.2179
1521 1983 27.5304
1522 2033 38.2385
1524 1860 67.1631
1524 2139 84.277
1525 2030 99.643
1525 2062 67.7984
1526 1796 9.62134
1527 2033 30.923
1527 2050 54.0546
1528 1550 33.8541
1528 1696 22.1298
1528 1922 26.4804
1531 1602 58.9857
1532 1862 44.3225
1532 1883 27.5751
1535 1642 72.1126
1536 1904 71.6781
1537 1682 105.54
1538 1562 82.497
1541 1714 45.9128
1541 1729 10.6337
1546 2096 71.6627
1547 1904 92.0416
1547 1977 28.8021
1548 1744 88.9817
1548 1867 70.6726
1549 1734 89.7547
1549 1938 7.0531
1550 1696 13.6758
1550 1922 15.7711
1552 1843 86.3329
1553 1615 124.827
1553 1677 35.6877
1554 1607 7.28753
1554 1912 40.8368
1556 1795 48.176
1556 2038 81.2734
1557 1613 123.521
1557 1648 84.2617
1557 1997 98.4601
1558 1901 52.294
1559 1882 45.1717
1560 1684 94.3978
1560 1699 26.8688
1561 1798 51.7635
1561 1928 51.5682
1561 2046 7.54209
1564 2014 29.6466
1564 2141 56.6189
1565 2007 95.9944
1566 1574 33.7781
1566 1674 76.5958
1568 1809 70.2763
1569 2053 56.9524
1570 1858 80.4658
1570 2125 54.5346
1571 1688 146.898
1571 2016 96.0628
1573 1815 77.5076
1574 2131 61.5094
1575 1717 31.6125
1575 1857 38.7321
1578 1893 48.5634
1579 2010 47.7653
1580 1923 18.1788
1581 2107 38.998
1583 1767 64.225
1583 1841 39.5607
1583 1944 78.1762
1584 1712 76.1512
1585 1812 50.6263
1586 1768 71.0463
1587 1862 103.981
1588 1704 13.2725
1588 1830 17.3579
1588 1861 12.5292
1591 1992 34.9803
1592 1665 63.6459
1592 1817 56.9636
1593 1731 47.4486
1593 2021 63.1809
1594 1868 53.1354
1595 1717 103.224
1595 1836 37.3354
1597 1766 71.1341
1598 1875 62.8101
1598 1955 24.2548
1599 2127 84.9867
1602 1711 76.1491
1603 1628 86.9411
1605 2043 13.3637
1605 2140 9.19145
1606 2070 30.6003
1607 1912 30.5069
1610 1742 85.2124
1610 2071 88.4883
1612 2128 50.4716
1614 1920 43.8609
1616 1658 80.3197
1618 1948 83.6597
1618 2068 99.4696
1618 2137 70.4367
1619 2016 91.5053
1620 1792 86.5401
1620 1968 78.5426
1621 1960 26.5176
1621 2024 80.6009
1621 2025 71.1372
1622 1654 12.7447
1622 1872 30.3473
1623 1637 14.9956
1625 1908 25.0317
1627 1810 63.139
1627 2041 37.2015
1627 2119 41.2136
1629 1849 37.795
1630 1688 74.7371
1630 1770 54.5497
1632 1736 90.5711
1632 1776 103.012
1632 1872 56.6145
1635 1690 23.7052
1638 1641 62.5931
1639 1720 96.365
1642 1682 104.782
1643 1703 67.8564
1643 2086 44.6956
1644 1775 37.3903
1644 1984 89.0155
1645 2103 47.3391
1647 1943 111.976
1649 1778 63.7957
1649 1784 56.4546
1649 2122 110.922
1651 1948 30.5351
1651 2137 71.68
1652 1654 108.793
1654 1872 44.1708
1655 1681 64.9513
1655 1940 56.2476
1659 1716 43.0382
1659 2005 55.1803
1660 1771 71.4473
1661 1910 33.5214
1667 1888 58.7961
1667 2089 62.899
1668 2009 23.0274
1669 1905 68.2231
1669 2045 22.8438
1670 2133 33.9548
1671 1773 9.09224
1672 2001 35.0578
1672 2077 75.7439
1673 1851 58.6688
1673 1949 64.1504
1675 1885 48.9145
1678 2064 80.0639
1678 2103 98.426
1679 1863 100.436
1680 1936 74.86
1681 1940 47.7262
1683 1727 43.184
1683 2002 13.2322
1684 1699 58.2027
1684 2085 43.0071
1685 1933 55.743
1686 1789 23.9712
1686 1840 40.6522
1687 1743 94.9374
1688 1770 60.8128
1689 1820 33.8742
1689 1969 75.5992
1695 2129 27.2977
1696 1922 17.2454
1697 1742 135.475
1697 2018 50.5618
1697 2039 56.8068
1697 2105 75.9848
1702 1718 13.3847
1702 2073 100.788
1703 2086 114.784
1704 1830 27.43
1704 1861 21.0135
1705 1831 53.1206
1706 1812 65.0584
1706 2112 105.828
1709 1825 64.777
1712 1909 84.6215
1713 1815 9.17109
1714 1729 42.7208
1717 1836 55.5465
1717 1857 59.8914
1718 2073 96.2165
1718 2138 123.63
1719 1934 97.0346
1722 1847 34.578
1724 1821 63.6277
1725 1930 94.4299
1730 1886 31.8861
1730 2064 72.6707
1731 2021 38.3535
1732 1877 34.9138
1733 2093 10.4693
1738 1897 74.3537
1740 2081 34.2414
1745 2044 23.4177
1747 2060 68.6431
1747 2095 48.5354
1747 2120 31.9872
1749 1762 78.792
1749 1833 28.82
1751 1898 56.4408
1756 1774 86.3608
1756 2051 87.8617
1757 1833 110.278
1758 1931 40.5976
1760 2004 61.1441
1760 2055 46.4214
1761 1811 15.525
1765 1989 51.196
1766 1835 50.3974
1767 1839 72.4733
1767 1841 20.8398
1769 1814 40.2294
1772 1814 56.4356
1773 1911 63.6883
1774 2051 75.8827
1778 2058 76.6905
1779 2075 56.0896
1781 1907 62.7028
1784 1978 130.883
1784 2097 66.6674
1789 1840 36.0368
1790 1840 80.0803
1791 1865 34.645
1792 1968 26.965
1793 1816 42.5794
1795 2038 71.9609
1798 1985 58.1557
1798 1993 35.193
1798 2046 64.6836
1799 2131 41.9788
1801 1906 52.0209
1802 2113 4.66226
1806 1825 69.4004
1806 1846 108.899
1807 1826 70.7352
1807 2126 65.0265
1808 1950 8.58521
1809 2006 68.0408
1810 2119 19.1171
1813 2099 40.2876
1820 1969 38.675
1821 1824 9.12727
1823 1906 81.9692
1826 1886 90.041
1826 2126 95.8393
1830 1861 26.5364
1832 1932 48.2074
1832 1848 55.6428
1834 2022 12.3146
1834 2136 37.1738
1837 1951 46.8099
1837 1957 32.9251
1837 2054 77.1262
1838 1916 36.2418
1839 1944 41.6808
1839 2143 52.9255
1840 2129 83.0377
1841 1944 103.931
1842 2065 102.995
1844 2091 82.9477
1848 1931 35.9445
1848 2069 36.3294
1850 1966 37.0162
1851 1913 45.5239
1851 1949 22.1589
1854 1963 79.6317
1855 2090 24.8198
1861 1894 85.6346
1862 1883 56.2239
1870 1881 66.9739
1871 1882 72.0962
1874 2061 39.0079
1875 1955 64.8361
1880 2063 72.0886
1886 2064 81.7198
1886 2126 89.1594
1888 1984 49.1635
1888 2008 40.3762
1888 2048 61.6738
1891 1979 52.8604
1893 1952 56.5941
1894 1986 130.682
1896 2114 51.7796
1899 1961 29.0733
1902 2146 95.4366
1904 1977 45.724
1905 2027 54.5249
1905 2045 116.465
1910 2069 36.4868
1911 1998 101.325
1911 2023 88.9907
1912 1976 100.882
1913 1949 77.1245
1913 1995 97.8053
1915 1928 64.9154
1921 1965 57.1181
1925 1929 65.272
1925 1997 72.9126
1926 2034 96.8475
1929 1997 47.054
1934 2029 82.8198
1934 2101 49.9227
1936 2012 67.5468
1936 2142 112.609
1939 1970 24.6357
1942 2091 29.2788
1947 2147 81.0288
1948 1975 59.2142
1949 2113 82.4835
1954 2123 90.5621
1960 2024 73.9822
1960 2025 83.5754
1967 2001 46.8073
1967 2077 47.3857
1972 2102 64.8729
1975 1994 50.6192
1976 2117 49.2834
1978 2097 102.176
1980 2081 48.0616
1981 2134 69.5991
1982 2111 57.7871
1984 2008 58.7206
1985 1993 57.873
1985 2046 71.3656
1987 2000 85.9191
1988 1992 55.3456
1990 2109 92.5711
1993 2046 81.1198
1998 2023 100.514
1999 2006 60.7768
2003 2133 61.5705
2004 2055 32.4505
2004 2092 16.0157
2008 2048 40.0727
2014 2141 139.683
2016 2099 87.0631
2018 2096 58.969
2018 2105 37.4739
2022 2136 41.0128
2029 2146 26.6917
2030 2088 71.3599
2033 2050 46.3914
2037 2116 28.7153
2037 2139 32.6296
2041 2119 72.1464
2042 2049 54.8874
2043 2140 4.10177
2055 2092 64.4965
2056 2059 98.1837
2060 2095 22.2031
2075 2098 66.8779
2079 2104 27.6219
2095 2120 62.1097
2116 2139 80.4415
