9605 18020
0 294.263 1405.43
1 3100.09 3788.34
2 1343.35 253.517
3 2626.12 1132.64
4 4016.48 3455.79
5 290.833 3815.58
6 930.856 1423.21
7 570.039 2181.83
8 3098.87 3423.67
9 3112.03 3738.76
10 1233.8 2370.52
11 2444.13 737.084
12 1845.19 824.751
13 2751.29 1803.8
14 1632.99 4568.52
15 3414.38 4014.08
16 72.8696 3205.88
17 4289.94 4074.72
18 3041.28 719.672
19 2173.68 3615.47
20 800.846 4547.32
21 1939.14 3562.36
22 1956.04 1316.23
23 477.553 4843.05
24 4015.48 3986.01
25 3152.63 4395.4
26 1181.28 104.098
27 1961.7 1000.68
28 4822.84 3648.75
29 148.832 879.201
30 1453.17 3272.59
31 66.6625 1054.96
32 2828 1426.4
33 1733.51 266.37
34 3782.9 3987.88
35 3225.63 2226.76
36 633.175 4014.03
37 1615.67 3238.85
38 3447.76 0.816896
39 827.621 3342.84
40 2477.42 2794.7
41 2636.07 2235.07
42 2342.95 3434.92
43 1632.68 1554.9
44 1825.08 205.566
45 3506.8 1644.08
46 1882.33 3409.82
47 3899.08 3745.72
48 4627.72 951.829
49 1708.39 3873.89
50 2568.63 3337.01
51 3880.2 1248.1
52 402.486 1565.24
53 4843.59 4407.1
54 714.14 1007.51
55 1661.01 106.719
56 1796.08 4405.9
57 1129.49 1428.71
58 1951.75 4273.26
59 3103.8 1558.07
60 4121.38 2443.29
61 2321.37 476.141
62 59.5091 1547.35
63 4796.76 4075.04
64 1405.91 4740.93
65 2716.39 3967.81
66 3061.4 0.062627
67 3465.6 2033.37
68 2948.27 4449.1
69 4884.91 3411.68
70 2562.01 896.557
71 2323.33 1658.46
72 2971.75 1559.4
73 2739.57 1308.06
74 3471.23 850.803
75 2998.43 4746.5
76 4195.1 3746.34
77 2113.84 417.164
78 4844.77 1484.47
79 743.764 3948.09
80 4386.32 3076.67
81 1587.15 463.596
82 3350.85 4286.88
83 4130.42 3881.63
84 841.461 602.176
85 3155.08 665.399
86 3337.3 827.738
87 168.484 25.2627
88 1246.68 3900.61
89 4844.95 857.364
90 2476.49 752.086
91 772.754 1951.75
92 2258.92 4287.65
93 3920.57 4718.91
94 4651.28 3750.25
95 1371.79 3061.17
96 4003.54 3820.25
97 1129.41 776.468
98 4562.72 4582.79
99 2827.55 420.892
100 2907.33 2602.25
101 451.358 2153.48
102 4830.65 3510.51
103 4208.82 1860.8
104 4680.1 918.12
105 1542.24 3624.93
106 2510 1051.44
107 1159.44 184.217
108 2095.87 3324.05
109 3018.41 168.31
110 2133.05 582.127
111 4735.85 1894.41
112 1877.2 2806.11
113 1824.49 460.433
114 3216.61 2718.01
115 787.108 4379.81
116 3997.46 1202.27
117 1187.56 4387.89
118 3250.02 2415.89
119 2152 3581.52
120 4652.44 3466.29
121 4764.11 3524.14
122 4688.93 2519.53
123 1278.1 1548.36
124 3134.11 2181.86
125 4575.01 1853.15
126 2152.5 2690.36
127 2684.16 1827.03
128 4750.09 2526.18
129 3934.42 4488.33
130 3056 1934.34
131 3561.68 249.804
132 936.826 3629.74
133 4143.65 1872.74
134 4060.83 1432.3
135 2255.92 2773.4
136 396.665 2295.88
137 1695.72 2189.33
138 1749 567.334
139 3329.32 4419.03
140 1569.14 2583.49
141 4173.79 2559.12
142 4741.39 1701.94
143 777.397 444.916
144 1166.97 3746.83
145 2312.22 2939.01
146 1331.88 3309.77
147 1270.78 4728.96
148 1552.07 1155.28
149 2257.03 3159.35
150 4243.87 3049.44
151 977.826 222.291
152 3493.93 897.019
153 3728.83 969.731
154 3466.1 3087.88
155 3259.8 3011.9
156 2337.26 1444.7
157 22.2872 2302.54
158 1430.96 4646.92
159 943.034 584.333
160 1201.37 3423.11
161 4617.58 3402.18
162 2942.75 3585.58
163 3825.78 1358.05
164 3090.36 770.816
165 184.955 2763.21
166 1177.44 4474.94
167 3812.08 2845.5
168 3401.16 3560.41
169 2667.7 966.074
170 86.1713 2391.76
171 52.4953 4470.5
172 3611.73 3444.54
173 347.899 2942.2
174 969.144 4023.66
175 4548.52 2344.5
176 3625.83 3506.84
177 2596.17 3510.2
178 1839.43 1215.91
179 2482.03 766.279
180 4706.41 597.328
181 4135.9 2683.89
182 3258.47 4778.22
183 843.573 2628.23
184 3039.27 3062.78
185 2522.62 4306.91
186 3477.28 1930.02
187 4553.2 4399.52
188 1787.43 2489.71
189 3984.24 1059.11
190 41.0861 1563.18
191 4019.08 2110.27
192 1487.02 2299.12
193 1393.52 4628.45
194 1661.39 2628.77
195 2216.25 3367.92
196 3901.15 4211.36
197 1112.96 1249.58
198 465.925 1166.89
199 2377.19 2452.3
200 550.885 2881.98
201 1750.43 3211.19
202 3507.61 4256.48
203 2486.22 527.402
204 1012.33 843.656
205 4100.77 611.847
206 4534.96 958.279
207 2123.3 89.2203
208 1667.79 2816.92
209 432.56 4.79909
210 3983.22 1659.08
211 3013.49 4057.6
212 1972.94 3947.72
213 4656.66 646.954
214 1474.91 2115.05
215 1291.53 4582.13
216 2787.01 1887.21
217 2207.98 2208.03
218 1524.18 1254.38
219 586.878 2291.53
220 170.215 2572.72
221 4064.85 4187.06
222 1185.54 2248.71
223 4874.44 2525.35
224 2444.5 3567.59
225 1026.73 3642.86
226 1950.12 3703.42
227 4893.01 3143.39
228 1656.1 3199.32
229 674.471 1412.47
230 1855.17 1797.57
231 4321.73 957.822
232 3982.79 2226.18
233 4168.36 4762.9
234 3556.51 4091.68
235 2772.8 4015.04
236 879.466 570.758
237 2805.28 3232.08
238 4131.22 4268.63
239 4528.59 1202.4
240 371.015 411.466
241 2291.57 3431.8
242 4716.87 3609.5
243 333.601 351.928
244 3848.78 4777.47
245 2354.97 4183.8
246 137.933 2422.04
247 2617.07 1862.13
248 1205.29 4482.12
249 4758.05 4369.92
250 4424.08 3950.55
251 637.936 446.293
252 1113.79 4417.56
253 4081.54 2109.46
254 2878.11 4801.32
255 2856.1 3332.95
256 2625.12 3916.14
257 3562.3 8.69564
258 3848.86 2965.91
259 3678.22 2787.64
260 15.0175 4131.51
261 4552.02 870.283
262 4776.91 4201.02
263 1696.98 4753.83
264 3761.18 3730.86
265 1875.4 3905.98
266 861.966 336.409
267 4016.07 1335.65
268 3816.13 331.857
269 2855.3 2582.33
270 1525.34 4853.87
271 3089.88 947.751
272 309.588 1252.83
273 2446.62 4407.57
274 3954.79 1557.54
275 1260.79 2500.6
276 1770.1 2088.32
277 3825.03 2194.43
278 1155.25 880.567
279 3083.88 775.056
280 414.085 1716.37
281 1410.97 966.587
282 4889.64 3667.33
283 123.114 670.353
284 3295.06 3266
285 409.979 3717.09
286 2943.33 4589.11
287 3892.17 2427.66
288 106.291 3471.95
289 2951.5 55.9256
290 4898.82 3492.78
291 2776.25 3009.25
292 316.258 1483.04
293 2513.9 4428.84
294 290.769 4506.53
295 4072.76 3767.26
296 3898.38 1302.99
297 1500.39 478.227
298 1514.68 3318.58
299 1660.15 894.695
300 555.785 2262.75
301 1489.29 2498.98
302 3492.16 3989.43
303 1426.36 2381.72
304 3383.12 1139.8
305 115.832 4230.99
306 4260.64 3359.24
307 3385.93 874.491
308 4248.89 2463.12
309 3301.19 2580.3
310 3076.23 201.133
311 68.4851 4039.26
312 1275.51 162.924
313 3562.9 477.249
314 1013.09 3477.24
315 1930.66 1358.78
316 4081.9 4188.79
317 2060.28 2174.46
318 3877.96 4173.69
319 930.531 3530.66
320 2712.59 3901.5
321 4333.42 744.54
322 2733.16 3180.43
323 1137.63 3688.03
324 529.584 1908.39
325 1961.23 2243.71
326 382.813 3150.26
327 2599.22 2438.65
328 3562.76 3957.45
329 890.84 2899.8
330 4041.86 1820.55
331 2249.81 2366.28
332 4382.35 2159.21
333 1600.85 4224.77
334 3748.06 377.696
335 2718.25 4699.11
336 3758.91 3149.38
337 1671.5 688.2
338 2338.4 4879.66
339 516.372 4460.63
340 4413.3 2442.1
341 3638.43 2655.28
342 2108.24 524.967
343 3175.59 1837.35
344 1222.73 637.13
345 2171.3 907.968
346 2669.62 2988.01
347 2551.97 4008.35
348 2445.05 2614.01
349 1785.15 2222.6
350 4797.22 1614.33
351 2072.41 289.855
352 1738.03 4280.2
353 3240.41 2259.95
354 3980.35 97.6658
355 1480.44 687.889
356 4763.32 4662.97
357 2753.14 3333.92
358 184.284 4342.34
359 1601.24 392.607
360 3063.02 1599.27
361 3662.73 4578.85
362 3268.2 12.0756
363 4386.85 1083.95
364 2103.54 33.786
365 421.853 1568.38
366 2740.07 3912.17
367 1895.31 1136.92
368 3580.4 1733.66
369 2690.81 2280.91
370 2763.87 3236.03
371 3141.4 2686.47
372 4285.57 78.2846
373 661.394 761.208
374 4518.4 2531.97
375 1442.56 1757.04
376 961.573 405.897
377 477.404 3598.67
378 4737.73 4160.17
379 1787.16 3926.89
380 1840.86 4050.78
381 4831.01 2091.4
382 3547.19 1771.77
383 53.1004 1595.12
384 4878.68 2044.59
385 3945.12 1178.27
386 3577.07 4758.4
387 2639.91 3308.91
388 1868.55 3579.33
389 2211.33 1723.32
390 1878.33 2273.82
391 2349.08 4254.92
392 253.547 2378.65
393 2586.81 2053.75
394 1778.2 3529.12
395 1426.05 25.1919
396 4208.16 3876.75
397 3864.9 3133.07
398 1818.77 2823.46
399 1669.14 2782.09
400 226.879 2813.17
401 112.202 2741.33
402 824.224 1763.95
403 2894.6 4205.44
404 2243.74 4128.33
405 4280.93 2611.23
406 3332.36 1315.62
407 1952.35 471.188
408 4107.49 1502.64
409 3738.95 1781.53
410 1352.45 4836.81
411 3446.35 3960.91
412 4601.88 618.945
413 1862.91 2881.09
414 1992.63 2908.72
415 1265.47 370.921
416 3215.62 3536.71
417 511.959 3850.02
418 2278.52 348.827
419 1269.45 1517.99
420 266.313 2667.35
421 3625.95 1783.32
422 4084.99 3551.38
423 4219.15 4564.52
424 3677.58 3614.04
425 2138.81 4469.77
426 1209.4 4758.5
427 306.796 945.539
428 2528.34 1878.68
429 1798.93 3904.3
430 4541.52 2413.96
431 2628.56 3430.19
432 523.937 3629.67
433 4689.14 1701.47
434 2140.52 100.616
435 2748.44 582.939
436 2818.4 4066.19
437 3433.49 1591.62
438 3457.29 3640.49
439 748.273 1558.76
440 3453.89 330.228
441 4591.12 2671.39
442 2526.08 4700.13
443 4223.71 3228.26
444 40.5809 1471.15
445 4304.3 1287.26
446 703.605 1368.06
447 1622.61 3771.83
448 2009.74 8.94652
449 947.982 237.556
450 231.838 4265.65
451 74.7828 2178.6
452 2654.29 3272.1
453 4792.8 66.1585
454 2857.81 697.652
455 3219.47 1411.04
456 4064.11 2079.88
457 2342.38 1642.85
458 956.565 2247.19
459 3609.58 2354.27
460 1696.54 195.44
461 3470.92 1646.99
462 2890.01 1321.45
463 1677.2 4817.51
464 224.719 3247.41
465 2522.07 784.631
466 1344.66 918.588
467 2267.5 4876.43
468 3008.49 2643.46
469 4636.43 3178.43
470 3650.34 2936.38
471 4638.63 3388.98
472 3884.92 2318.54
473 933.062 1254.78
474 3023.14 1679.92
475 279.81 3837.9
476 3705.53 3294.28
477 3350.06 2349.01
478 3920.05 3238.74
479 2382.26 642.263
480 2235.82 330.275
481 489.354 1951.49
482 1889.79 34.4348
483 1007.2 3811.32
484 2937.88 717.554
485 562.157 2616.53
486 4558.46 4004.37
487 729.079 4735.32
488 2320.97 872.691
489 4080.31 226.957
490 1779.26 763.92
491 1853.05 2202.95
492 4842.13 901.101
493 4413.53 4100.53
494 3035.94 4272.52
495 4178.4 3574.14
496 1245.01 1051.34
497 3433.75 1735.15
498 2451.6 4891.04
499 2843.37 2527.13
500 1210.39 2784.39
501 235.629 2805.89
502 2206.33 3505.87
503 7.23875 903.842
504 1685.16 3498.73
505 3353.48 1898.25
506 3956.1 736.171
507 2907.15 2685.77
508 1646.92 2989.68
509 3250.12 2266.47
510 4075.58 4310.12
511 1200.02 1532.6
512 3927.7 192.595
513 2.43799 3413.42
514 2912.39 1695.15
515 2814.23 1350.26
516 2259.63 2219.86
517 639.504 2855.57
518 729.442 4865.77
519 3276.17 2366.26
520 1928.35 550.938
521 3795.11 4529.89
522 273.555 2740.57
523 3170.58 3651.36
524 1096.21 2257.82
525 3955.01 4222.45
526 3042.79 401.351
527 2552.47 831.924
528 3986.93 3991.3
529 3672.84 3295.33
530 1638.89 4169.38
531 4740.07 3603.09
532 230.491 336.19
533 1607.27 4579.6
534 3300.43 0.259679
535 2777.07 92.6441
536 4295.58 2500.61
537 631.414 2270.73
538 3715.58 3223.62
539 873.072 2478.75
540 149.611 3725.36
541 1988.8 4299.71
542 1487.11 2666.05
543 4660.69 2326.11
544 2566.26 1508.66
545 893.999 2000.4
546 3715.87 4739.25
547 4199.74 2830.39
548 1831.95 1653.59
549 4715.9 3073.7
550 3923.96 2719.9
551 4507.93 2518.54
552 4603.31 4755.67
553 4045.58 1452.28
554 2118.6 2040.29
555 68.7463 831.338
556 1265.56 1997.4
557 3945.59 1484.03
558 165.58 4280.6
559 394.914 4320.81
560 4784.22 4600.01
561 688.072 1054.54
562 4724.75 56.6152
563 128.936 2207.43
564 2286.88 3358.69
565 1410.66 3965.47
566 4105.82 2799.4
567 4763.08 2078.65
568 3410.9 87.7847
569 3161.57 444.057
570 1819.39 504.471
571 1419.21 3015.01
572 1772.56 3606.42
573 2321.07 2439.62
574 4699.47 849.826
575 54.4396 2357.45
576 4880.07 1582.1
577 1298.8 1966.06
578 3649.77 4652.19
579 3452.9 3193.8
580 3712.04 2089.21
581 192.524 533.766
582 855.292 535.261
583 4648.07 3374.36
584 377.979 689.271
585 2711.86 3650.24
586 1115.6 3950.79
587 2383.02 3097.82
588 3789 1917.72
589 2607.32 3604.99
590 2136.76 2013.48
591 394.357 203.931
592 2834.06 1739.42
593 2383.45 4624.49
594 1264.97 848.62
595 4208.09 2060
596 3317.24 1066.11
597 4131.29 2428.28
598 4304.95 3372.15
599 1642.87 3568.62
600 3059.96 1404.87
601 742.217 4635.33
602 1210.99 1976.57
603 4877.89 1448.86
604 4864.03 2684.4
605 522.861 4139.36
606 4473.06 4834.03
607 135.712 2445.32
608 1553.08 1087.17
609 404.967 4599.91
610 565.206 4550.79
611 1416.22 695.927
612 4357.65 3871.01
613 915.283 1424.61
614 3786.46 631.04
615 2537.07 2022.32
616 3459.67 3573.77
617 2131.02 2658.74
618 493.611 859.605
619 4134.21 1835.35
620 973.658 3504.48
621 541.692 762.722
622 4666.27 1469.66
623 2741.95 1070.08
624 3370.08 4591.98
625 2524.04 4551.28
626 2732.34 372.994
627 2174.8 1089.2
628 925.7 4242.96
629 4165.9 3491.76
630 4874.55 360.894
631 3081.42 3606.81
632 3742.89 4704.17
633 2512.29 1910.67
634 3669.46 1980.69
635 2714 4085.63
636 211.929 339.089
637 1566 3264.77
638 3543.17 588.273
639 2260.12 2977.42
640 4119.61 4405.66
641 1319.19 1449.42
642 2726.51 2466.94
643 3712.26 1492.3
644 1875.07 915.353
645 3597.72 852.192
646 3926.8 4831.45
647 3765.53 3373.3
648 2530.75 4441.73
649 1312.3 1901.25
650 453.757 1346.06
651 2070.46 3441.75
652 3682.98 3522.89
653 2318.54 2529.42
654 1773.92 170.21
655 1574.61 1458.18
656 3325.73 3097.24
657 4219.9 2186.9
658 4436.19 4723.62
659 2058.5 71.3815
660 3420.45 2262.96
661 853.172 1855.63
662 274.538 4198.14
663 830.938 3236.21
664 4459.14 3030.57
665 4148.92 524.95
666 492.22 3281.22
667 258.81 945.138
668 1585.94 4401.87
669 3604.71 1566.15
670 1701.73 171.062
671 1513.06 904.13
672 2447.96 776.31
673 422.223 1472.5
674 4420.84 394.925
675 1328.83 927.116
676 1701.99 4800.71
677 3404.16 1865.71
678 497.552 531.763
679 2939.86 3004.71
680 4722.45 3593.57
681 292.972 4129.08
682 1917.26 1998.43
683 1737.64 3473.66
684 2331.82 2370.67
685 3159.29 2699.94
686 2284.8 3840.49
687 326.429 2875.33
688 2094.2 420.943
689 943.338 1518.09
690 2416.27 3840.48
691 3926.92 1406.61
692 1422.51 1050.25
693 2573.13 999.454
694 3195.58 1805.24
695 1750.17 2628.7
696 4776.56 2639.49
697 1083.92 3508.21
698 1488.71 3464.37
699 1770.97 3773.47
700 2081.32 315.487
701 89.7429 3329.84
702 2238.62 4316.36
703 4825.49 418.145
704 294.869 795.573
705 2624.71 2054.52
706 1971 326.942
707 3529.63 2801.55
708 4054.37 2835.9
709 610.968 944.641
710 1008.93 4132.17
711 3602.57 2845.82
712 1458.86 3452.42
713 4607.32 4037.95
714 1422.21 1186.09
715 2954.61 4444.88
716 2546.69 473.138
717 4618.02 3297.57
718 4391.52 3198.33
719 181.328 840.829
720 1844.36 1713.53
721 649.348 3937.99
722 2897.83 3348.38
723 1805.38 1197.77
724 1043.19 2029.98
725 4662.56 1173.4
726 1969.89 269.477
727 1707.15 3417.32
728 193.521 3045.39
729 1144.29 2167.83
730 508.771 2351.47
731 3423.09 118.86
732 3577.85 3241.44
733 2622.45 1204.13
734 1249.78 4366.2
735 1357.82 4056.4
736 183.749 587.214
737 3825.88 3428.58
738 4856.52 185.433
739 2322.35 2816.5
740 2635.73 1392.82
741 1300.56 1582.1
742 4048.74 1158.24
743 4776.5 596.67
744 4486.11 2223.55
745 3431.12 2714.07
746 134.147 324.714
747 980.996 4882.56
748 673.72 528.449
749 4237.91 2136.73
750 1715.29 244.271
751 3833.44 4190.13
752 2372.41 3837.7
753 4776.86 4120.07
754 2885.51 2380.55
755 3430.24 882.091
756 2994.69 1106.41
757 824.5 2187.8
758 3438.84 1355.21
759 1737.45 3358.48
760 294.659 1791.43
761 3784.46 4615.38
762 4358.54 2950.09
763 501.844 3751.13
764 3507.8 1335.38
765 564.172 2847.98
766 3923.68 359.452
767 3291.21 459.39
768 4237.3 4762.46
769 1408.03 3556.52
770 794.838 3608.44
771 901.505 3643.67
772 2092.75 231.94
773 4129.19 1170.65
774 2130.37 217.019
775 4611.66 3256.28
776 2150.02 1493.4
777 789.951 1838.42
778 458.219 4824.83
779 3692.36 2800.2
780 4768.84 3381.4
781 4881.73 1907.86
782 3416.26 4012.13
783 2054.43 2477.72
784 3340.1 1418.35
785 1344.89 372.189
786 2543.1 138.878
787 633.049 2704.33
788 2407.59 2791.3
789 3910.29 2964.86
790 3238.75 3277.71
791 3127.81 377.628
792 1127.58 399.931
793 1094.44 4111.52
794 3887.59 3134.72
795 1424.54 2179.77
796 1644.97 1872.32
797 191.91 117.04
798 2869.42 2921.7
799 1799.28 858.703
800 2006.57 4490.57
801 4366.36 1910.75
802 4683.34 2722.94
803 2035.89 2585.93
804 1232.39 2700.41
805 4524.37 2294.89
806 1773.36 218.951
807 1017.99 3262.33
808 3325.73 4208.49
809 4695.36 686.293
810 2204.69 1068.66
811 2720.39 940.687
812 3022.27 4269.01
813 1615.48 1752.39
814 845.973 3770.89
815 1792.68 1944.55
816 1295.19 2740.8
817 673.213 3693.5
818 3564.3 3409.65
819 4336.11 1732.59
820 3357.91 986.324
821 3358.28 3802.65
822 1754.08 4483.23
823 4446.69 4463.18
824 3867.26 2298.76
825 4255.17 3590.52
826 374.862 3905.93
827 1619.01 2888.12
828 1160.78 4192.66
829 2890.65 3037.04
830 2321.9 4416.73
831 3093.91 1377.46
832 758.248 1361.48
833 2484.03 4303.48
834 4899.05 1713.81
835 1260.8 3046.99
836 1029.65 2056.7
837 4247.01 2898.96
838 406.503 1175.79
839 3065.08 95.8606
840 518.441 3793.47
841 2499.69 3211.6
842 4229.98 4104.26
843 4262.34 960.497
844 1499.76 3251.95
845 2770.93 1328.93
846 4172.38 638.778
847 4539.63 4877.09
848 1704.18 975.489
849 2434.02 1124.21
850 2354.07 2123.67
851 977.69 436.08
852 2108.24 2602.09
853 1358.79 1840.73
854 1286.58 2131.37
855 1508.51 3561.69
856 2853.55 3723.74
857 639.382 2833.65
858 4333.15 1754.59
859 3385.44 4200.7
860 596.959 3930.94
861 4007.68 1990.64
862 4882.87 658.173
863 937.699 984.664
864 4324.12 1438.49
865 1395.51 158.274
866 4891.74 1246.28
867 3982.29 1507.61
868 2602.7 1694.44
869 1945.48 540.583
870 1671.65 262.254
871 4536.85 4852.78
872 3423.76 838.861
873 2274.89 56.1671
874 4512.47 1838.85
875 3894.8 4673.4
876 2678 2794.77
877 2439.34 2274.02
878 2481.39 2879.98
879 1793.19 3425.76
880 4574.08 1775.98
881 4513.59 3250.56
882 4597.63 1379.12
883 743.234 1626.19
884 4127.81 2340.76
885 1578.21 3912.74
886 748.139 3975.34
887 2408.77 467.857
888 3807.2 1627.63
889 4231.19 1748.57
890 3769.4 2679.11
891 2428.81 2664.21
892 3460.2 3004.52
893 4203.18 1748.44
894 203.293 4311.87
895 626.449 170.623
896 2213.82 2978.47
897 1014.51 1400.67
898 4150.88 2323.63
899 173.744 3698.28
900 481.918 1479.41
901 954.801 1613.76
902 3255.3 1113.79
903 4399.23 2273.75
904 2276.63 2067.67
905 4277.76 2056.51
906 1127.87 3696.7
907 1991.09 2943.45
908 537.158 4356.01
909 4247.08 3751.17
910 3655.72 1733.43
911 4576.6 2956.7
912 246.535 83.0563
913 956.219 3276.7
914 3481.02 2743.75
915 3603.5 4487.26
916 4468.33 3351.11
917 1704.2 1380.89
918 1417.24 4373.97
919 1607.18 2333.7
920 1763.68 3395.61
921 1261.9 1888.51
922 4667.78 3122.64
923 1541.63 1550.34
924 1386.34 4004.58
925 282.095 2415.26
926 4279.83 3486.85
927 1565.42 842.732
928 2479.39 4531.77
929 983.241 2548.92
930 1895.3 2202.18
931 2701.99 2461.41
932 4414.01 4293.39
933 4597.3 4863.38
934 2440.26 3101.76
935 4269.21 2501.28
936 3010.09 3297.46
937 3704.86 1392.76
938 989.011 3032.8
939 3774.69 1382.94
940 4011.94 375.299
941 4301.24 2221.32
942 1443.66 3548.93
943 193.281 2142.32
944 1531.05 1190.91
945 777.289 3111.27
946 883.362 1170.02
947 2215.55 2006.25
948 2234.04 3726.67
949 4664.57 3414.29
950 756.991 1343.75
951 2429.75 1258.11
952 2786 660.584
953 1861.56 2568.26
954 1232.66 707.065
955 2653.42 4834.03
956 862.559 1227.5
957 4472.32 4818.84
958 952.596 3921.16
959 2419.49 1297.25
960 1354.8 2183.73
961 3627.09 1229.46
962 3955.74 4395.53
963 2116.23 4212.46
964 1286.6 4835.37
965 2435.15 3399.35
966 4235.39 194.751
967 4608.46 385.655
968 2653.57 185.277
969 3539.23 996.32
970 156.714 2357.71
971 79.5176 796.109
972 1058.45 2147.19
973 1135.1 932.357
974 525.754 4253.22
975 3631.79 736.713
976 684.395 574.82
977 1457.42 3849.76
978 3306.4 3979.68
979 1150.72 1566.53
980 4861.56 1725.36
981 1863.87 4513.04
982 2466.22 4756.4
983 1322.05 1012.87
984 4245.56 4409.05
985 1778.76 2249.57
986 2771.16 301.746
987 99.8556 3042.99
988 1485.8 982.388
989 4137.8 4750.34
990 3573.59 4383.2
991 2129.23 3038.85
992 2888.47 2808.65
993 411.171 4036.31
994 1184.12 4811.74
995 4643.31 4618.48
996 2584.43 3780.91
997 4692.05 2419.68
998 1402.29 4776.84
999 755.622 938.477
1000 4615.13 591.888
1001 487.003 3977.3
1002 2638.31 3188.37
1003 1162.03 1231
1004 2386.03 4443.9
1005 3328.16 364.992
1006 2283.26 2329.88
1007 1795.79 3905.67
1008 212.05 606.56
1009 2037.51 52.653
1010 2015.07 2983.67
1011 655.364 1954.14
1012 4481.6 4861.21
1013 3197 2529.89
1014 21.6336 1163.44
1015 2883.74 2512.69
1016 4250.98 2012.27
1017 1044.49 800.28
1018 2444.02 1514.7
1019 1526.94 3639.9
1020 1509.84 3449.37
1021 3844.84 1613.5
1022 3235.23 4039.65
1023 1334.08 2121.99
1024 3219.52 3924.84
1025 2030.55 1315.94
1026 2074.28 3131.11
1027 2998.01 2485.4
1028 2949.19 447.891
1029 3614.6 288.733
1030 3772.19 1709.56
1031 2893.43 222.045
1032 1615.8 979.167
1033 327.553 1370.71
1034 4102.59 2427.88
1035 4560.68 737.896
1036 669.223 3112.48
1037 3947.67 4784.57
1038 2162.47 3016.75
1039 3444.17 4900.18
1040 2753.96 2580.77
1041 2828.94 2237.38
1042 3507.63 1606.18
1043 186.553 3990.24
1044 2132.57 4831.81
1045 4029.37 422.941
1046 818.571 3296.85
1047 494.779 1285.78
1048 4872.98 2761.07
1049 2986.29 2433.25
1050 563.216 2996.74
1051 1246.37 2653.51
1052 1039.42 3370.24
1053 918.607 968.965
1054 2173.03 3047.14
1055 4883.3 3226.83
1056 255.452 1290.89
1057 4694.41 1603.38
1058 4503.05 3741.69
1059 4174.05 4077.84
1060 2015.97 1759.41
1061 797.987 2017.43
1062 4631.87 1639.87
1063 2147.54 893.245
1064 1208.56 4189.44
1065 488.978 4232.02
1066 3067.02 2445.84
1067 1939.65 1043.27
1068 3075.8 2575.83
1069 1835.05 4885.5
1070 4603.6 3659.64
1071 4247.77 1522.97
1072 3842.37 811.657
1073 2863.77 56.4102
1074 1775.48 238.2
1075 4216.79 2830.94
1076 1567.79 1968.58
1077 1824.61 2027.79
1078 3685.77 3444.65
1079 4440.15 3480.23
1080 919.667 258.005
1081 263.876 3391.21
1082 4150.34 1950.52
1083 1903.9 4557.34
1084 3512.01 4030.19
1085 256.312 3426.19
1086 1376.32 2076.2
1087 1380.54 3442.54
1088 1625.49 302.264
1089 833.864 157.546
1090 3042.59 3941.32
1091 1478.67 2915.17
1092 4571.64 3071.5
1093 3403.19 1378.27
1094 3261.73 4350.55
1095 496.464 3099.18
1096 2898.43 472.414
1097 1988.61 4734.81
1098 1120.79 106.244
1099 1592.14 3110.34
1100 3699.1 4766.53
1101 335.597 3874.98
1102 4410.56 62.2195
1103 4742.16 3045.98
1104 2904.64 1918.71
1105 4327.53 3780.89
1106 632.406 2519.25
1107 1027 1962.24
1108 4844.41 2335.96
1109 3227.57 1273.64
1110 3788.45 3158.16
1111 1673.53 3645.43
1112 3397.88 1829.66
1113 2253.42 918.313
1114 4846.08 1494.17
1115 2722.93 1393.87
1116 170.537 1358.87
1117 4520.27 1737.21
1118 2637.95 1711.18
1119 981.774 2853.59
1120 1997.22 3990.91
1121 1359.2 4363.37
1122 740.573 3737.48
1123 89.7688 249.675
1124 3274.59 2887.57
1125 3810.42 4132.58
1126 1138.01 781.948
1127 4842.95 889.11
1128 3967.73 4730.22
1129 545.229 4273.55
1130 3142.15 288.628
1131 2328.36 3222.77
1132 1933.59 2915.66
1133 3502.37 3770.09
1134 2983.17 3416.02
1135 3577.34 1192.25
1136 104.179 1495.99
1137 4578.4 4554.67
1138 541.312 3678.02
1139 3948.5 422.587
1140 189.483 1290.41
1141 4462.83 4783.72
1142 4052.45 2477.74
1143 4176.76 1787.17
1144 4168.69 789.483
1145 970.316 736.131
1146 3980.67 765.485
1147 2091.65 953.414
1148 3625.32 1559.4
1149 4409.85 3717.88
1150 3110.67 3573.09
1151 243.583 1185.54
1152 4599.07 1435.07
1153 182.982 2406.7
1154 401.121 4288.29
1155 1006.88 1170.45
1156 2289.81 1543.42
1157 1689.29 3215.96
1158 4015.67 4240.12
1159 660.605 775.584
1160 3190.84 2286.64
1161 4264.52 630.573
1162 4726.56 3560.2
1163 2907.8 3258.47
1164 1306.05 1332.17
1165 1976.14 3318.51
1166 2940.57 2857.82
1167 521.157 4514.24
1168 578.012 4399.86
1169 3384.34 1365.14
1170 501.251 1750.48
1171 2992.28 48.7374
1172 1146.99 2447.77
1173 3457.15 529.184
1174 802.954 4580.72
1175 402.713 3366.14
1176 1062.89 1472.36
1177 686.519 2238.23
1178 694.86 2253.22
1179 528.492 391.936
1180 4598.35 3552.38
1181 1121.85 2175.41
1182 1063.97 1959.36
1183 208.787 711.941
1184 241.509 2085.34
1185 3723.75 3551.09
1186 1781.44 3314.53
1187 4514.24 3910.75
1188 2482.21 2563.21
1189 4276.92 1842.61
1190 3288.18 4478.08
1191 663.334 4743.91
1192 2749.35 3508.89
1193 1778.99 4124.35
1194 4234.33 429.292
1195 4314.8 2683.53
1196 3155.06 2393.03
1197 3605.29 313.543
1198 1677.64 4183.95
1199 4107.09 3197.42
1200 826.745 4514.54
1201 4577.65 2981.19
1202 2856.42 2153.13
1203 96.2546 621.734
1204 3254.55 3280.04
1205 2518.38 1939.05
1206 761.118 1966.2
1207 3061.15 4378.9
1208 1326.33 4256.01
1209 2394.02 4118.6
1210 3026.54 1460.79
1211 2188.65 3947.98
1212 1805.71 2495.3
1213 3599.58 4610.83
1214 1666.03 4281.44
1215 358.962 2003.05
1216 1213.82 960.671
1217 874.85 1256.84
1218 1949.17 1160.41
1219 3112.98 67.7237
1220 1675.12 4594.25
1221 3726.08 3499.43
1222 1428.58 2581
1223 4300.62 3700.24
1224 4456.25 2694.27
1225 2369.12 307.722
1226 4362.11 190.386
1227 2882.59 532.981
1228 3242.1 1527.3
1229 397.802 2359.49
1230 3807.98 1573.28
1231 3388.25 2178.81
1232 236.424 4840.17
1233 4058.31 362.654
1234 1316.63 2554.04
1235 874.091 3926.83
1236 2320.46 3203.29
1237 1534.31 2541.7
1238 3538.79 1977.99
1239 1272.53 1807.92
1240 3352.76 1176.39
1241 4031.99 4864.16
1242 2628.99 1815.26
1243 2321.11 2680.63
1244 104.639 808.313
1245 215.686 2880.23
1246 1293.88 995.107
1247 4860.43 2409.01
1248 3251.07 2960.17
1249 2159.94 1215.2
1250 268.305 2701.6
1251 93.3952 2715.76
1252 262.894 1049.1
1253 2719.45 2828.11
1254 3218.97 1412.85
1255 2475.19 2005.65
1256 3470.04 439.592
1257 2398.29 2688.39
1258 4332.76 1387.13
1259 403.019 2371.41
1260 2542.84 2997.44
1261 2261.06 3774.35
1262 681.894 1260.88
1263 3986.18 4333.87
1264 1347.83 2747.93
1265 572.164 4109.3
1266 4305.89 782.769
1267 4455.89 832.526
1268 2235.02 962.408
1269 4174.57 3834.33
1270 2621.47 4317.08
1271 4107.9 1704.82
1272 1425.57 51.4441
1273 2311.56 3956.22
1274 4109.38 2780.73
1275 1619.08 2298.25
1276 3193.13 1089.26
1277 1130.16 922.559
1278 4577.55 4036.97
1279 1475.51 3291.88
1280 57.5124 3968.29
1281 1848.75 2423.28
1282 162.687 1902.24
1283 3009.1 2496.39
1284 329.483 4259.97
1285 4440.83 4812.19
1286 1015.87 1136.42
1287 4191.37 1843.59
1288 3088 1824.53
1289 3151.27 2656.47
1290 104.852 742.713
1291 2802.79 93.2821
1292 3801.75 221.028
1293 3354.34 3281.58
1294 4047.82 113.193
1295 1194.16 152.91
1296 2575.01 3200.5
1297 4680.27 2290.97
1298 3882.9 3322.31
1299 4327.85 4355.06
1300 3438.71 739.585
1301 2871.44 484.219
1302 1647.42 3956.51
1303 3356.74 1066.84
1304 2824.17 4743.29
1305 1588.66 2629.52
1306 4190.51 76.0604
1307 3236.43 1119.06
1308 630.039 3570.24
1309 172.28 4449.2
1310 761.808 654.514
1311 2087.36 1035.71
1312 3207.41 2775.51
1313 2413.52 4687.87
1314 1891.48 4070.1
1315 4118.3 4160.46
1316 4866.57 3734.79
1317 418.354 1143.33
1318 4572.52 1136.57
1319 4232.24 2543.63
1320 1448.07 1403.55
1321 318.515 4038.19
1322 3662.43 3603.63
1323 2405.52 3990.06
1324 2673.42 2845.04
1325 469.436 490.074
1326 1386.89 4339.5
1327 3142.48 32.0924
1328 3609.5 1351.7
1329 1490.59 817.947
1330 196.331 1384.67
1331 4797.95 675.947
1332 1281.49 1979.18
1333 3545.04 80.3731
1334 948.018 4058.79
1335 4566.75 597.344
1336 1362.84 3271
1337 4270.49 3159.14
1338 3528.3 3324.27
1339 1436.19 1948.59
1340 2873.83 390.579
1341 3593.69 1842.44
1342 4434.94 4495.45
1343 3710.17 2201.9
1344 3571.72 1534.58
1345 3372.58 913.289
1346 492.977 3592.18
1347 3896.73 2170.13
1348 1563.77 3620.7
1349 4194.12 1240.9
1350 739.247 1091.68
1351 1965.72 2306.13
1352 2837.09 776.228
1353 2677.54 3956.4
1354 448.053 865.095
1355 4239.31 536.683
1356 3734.57 2323.7
1357 2995.77 654.368
1358 1715.84 2754.92
1359 657.886 2867.02
1360 4031.45 1168.03
1361 2111.28 1361.57
1362 3312.05 1699.3
1363 3153.64 2677.05
1364 1634.98 182.616
1365 482.411 1248.93
1366 4637.39 1573.45
1367 3615.31 3379.72
1368 603.593 716.996
1369 304.819 2968.14
1370 782.458 4874.32
1371 2158.67 2496.38
1372 727.416 1466.76
1373 3817.41 1235.49
1374 3431.22 4106.83
1375 2026.85 1000.28
1376 3095.9 2100.99
1377 3978.09 4366.63
1378 3346.75 802.767
1379 1281.62 3023.46
1380 4451.31 2304.22
1381 603.193 2082.13
1382 1226.43 2310.34
1383 3935.33 2069.39
1384 3240.76 2072.71
1385 833.962 1660.86
1386 87.913 459.234
1387 1215.67 3793.5
1388 4776.58 3841.22
1389 271.13 430.073
1390 4839.53 4314.71
1391 1986.8 1670.91
1392 3629.69 5.2264
1393 3664.05 867.806
1394 1145.31 3935.93
1395 3787.55 3722.01
1396 4299.97 278.86
1397 223.041 1120.8
1398 928.91 3335.57
1399 549.889 1702.02
1400 159.635 2962.6
1401 1607.3 1216.61
1402 1254.47 3742.44
1403 2289.64 1857.54
1404 1383.59 4855.84
1405 1353.9 3788.7
1406 4603.97 129.969
1407 4485.44 1006.75
1408 2597 335.428
1409 3187.15 762.183
1410 3507.52 2334.74
1411 543.709 3763.92
1412 807.184 1378.84
1413 3832.66 2611.14
1414 3581.77 4639.24
1415 2772.32 3831.18
1416 2613.14 2132.94
1417 4351.5 1037.68
1418 2332.14 2499.09
1419 1130.33 245.689
1420 2920.79 66.1672
1421 1800.56 2935.37
1422 4120.64 2599.96
1423 3994.19 1227.38
1424 1049.45 2761.68
1425 3935.45 1583.72
1426 1684.52 4766
1427 163.954 3371.1
1428 3996.66 4014.52
1429 4106.06 485.002
1430 690.799 1651.49
1431 2375.58 677.857
1432 2374.53 3004.33
1433 4201.82 1302.26
1434 3415.53 175.901
1435 3542.09 4146.7
1436 2504.19 2545.53
1437 945.015 4106.1
1438 1099.39 1014.83
1439 505.417 1292.31
1440 378.247 1149.78
1441 4352.87 3121.72
1442 738.767 2711.43
1443 3876.63 1240.13
1444 2554.12 1032.25
1445 3618.21 2001.07
1446 2239.02 2628.04
1447 2677.38 1336.12
1448 3393.9 2067.55
1449 4208.82 2426.71
1450 3710.91 4174.4
1451 105.572 913.645
1452 2728.03 4673.35
1453 2682.35 4523.67
1454 2413.63 2476.56
1455 3958.8 1277.07
1456 3397.21 3386.67
1457 3466.97 986.805
1458 3300.13 3072.72
1459 4088.85 1232.32
1460 678.961 1657.59
1461 923.3 2510.05
1462 3572.04 870.738
1463 3313.62 3371.65
1464 4612.37 3511.56
1465 700.465 987.848
1466 692.419 919.971
1467 1873.47 4183.08
1468 3208.87 1971.74
1469 3032.94 529.676
1470 235.466 673.227
1471 4217.07 860.517
1472 3217.37 3254.81
1473 4587.93 84.6116
1474 2092.96 621.523
1475 3765.18 3191.51
1476 4448.36 560.554
1477 3480.98 4584.19
1478 2673.26 2650.37
1479 3227.59 8.04636
1480 1041.18 4695.78
1481 3897.76 2927.3
1482 4435.83 688.842
1483 3438.3 1374.4
1484 4010.52 3990.85
1485 1622.71 3291.03
1486 2736.83 157.382
1487 4884.49 4817.36
1488 4577.13 489.444
1489 379.555 4322.06
1490 1033.72 3952.31
1491 1824.1 2769.76
1492 2519.51 4676.3
1493 4102.49 2587.34
1494 884.141 2438.56
1495 106.381 2754.62
1496 1529.77 1421.02
1497 192.343 1476.52
1498 402.036 3769.9
1499 521.11 2229.02
1500 1814.2 999.173
1501 4629.32 4687.76
1502 478.102 3501.71
1503 2790.82 3981.86
1504 2735.05 3368.42
1505 4801.47 452.562
1506 2259.28 1179.35
1507 2928.45 1223.57
1508 984.604 1185.7
1509 4498.34 2182.79
1510 3356.63 4627.4
1511 909.132 681.7
1512 3315.85 2060.23
1513 2880.66 1587.04
1514 2330.29 4103.36
1515 1162.08 541.206
1516 3734.71 4177.92
1517 4242.27 1719.74
1518 43.506 1849.1
1519 2666.26 851.506
1520 1304.25 676.298
1521 3026.86 3533.24
1522 4414.67 3085.45
1523 2909.5 411.384
1524 2966.19 2809.15
1525 3972.34 2395.43
1526 2195.92 3846.35
1527 3795.97 574.443
1528 4726.39 4049.58
1529 799.55 2995.25
1530 3123.47 2124.17
1531 2692.14 4008.82
1532 2419.85 1375.05
1533 3541.42 1079.01
1534 3119.81 1243.88
1535 65.3947 830.765
1536 1141.52 1549.56
1537 3136.25 3265.69
1538 4032.78 3906.25
1539 2711.37 3952.32
1540 4214.98 4037.44
1541 3489.62 2508.49
1542 1768.61 237.235
1543 4384.9 4836.77
1544 3235.99 3721.72
1545 1976.38 2341.22
1546 1838.03 3533.46
1547 63.1381 720.113
1548 1649.91 4245.14
1549 1374.88 3371.38
1550 3108.52 1338.81
1551 4725.91 587.875
1552 1908.41 3578.02
1553 1517.69 4512.1
1554 34.5245 2230
1555 1424.54 1835.71
1556 3056.92 4057.92
1557 4103.7 2021.49
1558 1829.02 168.784
1559 597.063 4572.15
1560 2326.68 4026.83
1561 4337.94 4509.79
1562 3815.91 551.392
1563 2989.07 2349.92
1564 30.3206 637.587
1565 2792.67 789.286
1566 4343.13 4764.81
1567 2193.51 4869.2
1568 3947.57 3408.5
1569 318.023 1760.15
1570 3526.38 2117.84
1571 1752.4 1801.88
1572 2083.09 2121.5
1573 2339.23 4194.25
1574 2690.31 1763.49
1575 3751.23 2455.08
1576 1444.97 3778.13
1577 4514.06 3692.12
1578 3574.32 3356.04
1579 4669.07 3205.79
1580 1559.85 270.722
1581 1891.67 2083.18
1582 2391.26 3040.57
1583 1044.44 942.252
1584 445.547 3356.08
1585 513.958 3918.31
1586 3178.87 4238.02
1587 3335.68 1500.77
1588 1570.18 856.024
1589 2261.18 2890.93
1590 4133.63 1780.54
1591 2875.74 3582.32
1592 4498.15 47.1407
1593 4166.45 3894.72
1594 611.654 2142.56
1595 3877.21 52.4791
1596 3745.9 1796.66
1597 4776.08 1226.62
1598 1897.97 2997.59
1599 2136.01 2348.41
1600 4529.04 3723.08
1601 1353.21 4429.62
1602 2108.15 1877.74
1603 1133.91 2689.06
1604 2886.15 1525.49
1605 3662.82 1198.87
1606 3204.87 2076.57
1607 1000.41 210.48
1608 2197.48 4262.03
1609 4326.7 2603.65
1610 4308.96 4564.24
1611 472.736 4457.88
1612 764.356 4772.49
1613 2625.12 2679.96
1614 1208.35 1333.48
1615 3003.01 1959.96
1616 275.401 348.06
1617 2042.58 1310.35
1618 979.281 2965.02
1619 4504 976.008
1620 3409.29 3800.01
1621 1138.41 1188.13
1622 2367.15 2469.82
1623 3574.81 4457.68
1624 2815.91 85.4061
1625 383.843 2740.64
1626 4344.27 3452.07
1627 2753.82 569.596
1628 1614.23 1420.55
1629 1615.73 729.936
1630 1494.69 4448.44
1631 2269.14 4463.96
1632 2393.09 3511.79
1633 1712.41 1457.97
1634 4415.55 2109.17
1635 2807.58 2087.67
1636 1385.98 2583.3
1637 3238.5 1599.37
1638 362.806 2090.46
1639 1457.6 3347
1640 4241.4 1492.78
1641 3042.34 1784
1642 3702.48 2103.15
1643 63.8114 4839.76
1644 4048.03 3313.03
1645 1148.04 3444.28
1646 4744.05 3123.23
1647 4726.55 2865.67
1648 3351.53 744.217
1649 770.112 3458.37
1650 1738.75 2118.65
1651 2374.04 1673.37
1652 4038.93 3065.45
1653 4712.63 2682.47
1654 4261.86 511.211
1655 4437.3 1335.37
1656 4007.02 3206.64
1657 4357.41 797.746
1658 2737.3 3523.61
1659 2869.64 3732.64
1660 3461.65 2646.11
1661 1774.13 3405.35
1662 2234.86 2187.19
1663 3375.23 542.855
1664 3778.72 3994.48
1665 3846.6 3630.05
1666 2159.2 3903.1
1667 1813 1340.49
1668 3896.78 453.563
1669 503.887 1463.24
1670 270.546 3360.38
1671 3766.81 1597.75
1672 1538.07 344.537
1673 2021.4 2505.4
1674 3049.21 2344.21
1675 1122.05 1737.84
1676 1127.55 4696.1
1677 2117.78 2440.02
1678 255.61 2692.74
1679 517.944 727.824
1680 4138.95 4392.05
1681 3342.68 2333.57
1682 3465.78 4220.69
1683 4360.51 4021.94
1684 3668.88 2762.77
1685 379.54 489.186
1686 3937.42 3990.73
1687 976.165 4039.38
1688 549.861 3780.14
1689 3518.47 2136.87
1690 975.374 4772.95
1691 3055.08 222.852
1692 4496.56 4213.2
1693 1220.16 4387.64
1694 4291.02 2871.19
1695 1865.51 611.941
1696 864.293 1591.44
1697 3160.44 1171.85
1698 3450.84 2815.49
1699 2375.89 1217.24
1700 56.6877 765.864
1701 3316.44 3276.4
1702 295.108 459.322
1703 1677.64 4673.76
1704 4347.5 3866.49
1705 3932.81 2412.69
1706 582.468 3852.39
1707 3940.7 3385.07
1708 3174.83 2310.08
1709 3508.42 990.594
1710 2335.54 2459.29
1711 1042.64 1048.42
1712 4616.57 145.985
1713 3212.02 3899.67
1714 2543.57 1919.52
1715 4220.97 4259.75
1716 937.96 3184.81
1717 4035.01 4339.29
1718 107.705 209.193
1719 682.553 3279.83
1720 3932.71 1253.43
1721 537.083 3271.43
1722 2220.59 3571.7
1723 3370.73 4138.81
1724 2261.29 164.738
1725 2171.61 1794.91
1726 688.967 4065.15
1727 1448.01 3997.37
1728 4774.16 3067.99
1729 3423.58 1321.2
1730 3593.67 2803.32
1731 2347.82 1927.11
1732 3278.62 4609.88
1733 3100.88 4722.68
1734 489.515 3535.63
1735 1606.64 3488.95
1736 3149.12 3651.89
1737 1576.26 3587.32
1738 4169.84 713.579
1739 4536.55 3285.69
1740 1154.46 1948.52
1741 1971.27 2056.65
1742 3719.2 1648.47
1743 2468.59 1387.84
1744 3731.86 3981.49
1745 3764.09 4292.62
1746 3720.16 4122.27
1747 3912.36 661.53
1748 571.683 840.159
1749 496.906 4578.68
1750 2080.67 3226.27
1751 4711.75 4536.84
1752 4774.53 798.673
1753 2286.8 389.944
1754 2177.46 3306.26
1755 1434.8 3419.3
1756 3141.52 1345.82
1757 66.4441 2532.48
1758 2450.21 3585.49
1759 3339.32 2413.64
1760 1439.19 2987.94
1761 3479.45 4314.97
1762 2718.02 19.5015
1763 2574.22 1890.96
1764 2952.14 1602.69
1765 317.45 459.567
1766 3660.31 4139.57
1767 484.314 2556.44
1768 3186.42 3258.09
1769 1591.04 2450.4
1770 3519.22 1494.66
1771 572.518 4345.3
1772 3456.21 1363.04
1773 1038.99 1245.39
1774 3850.69 3822.21
1775 301.625 3565.36
1776 606.515 1837.46
1777 2378.74 247.087
1778 2094.21 1189.93
1779 3117.21 4578.1
1780 2935.12 4442.27
1781 2310.4 56.204
1782 2586.76 229.361
1783 3879.56 4530.88
1784 2107.6 1641.36
1785 3652.31 1423.28
1786 3552.54 1521.29
1787 2087.32 2862.33
1788 347.06 1336.34
1789 2857.91 942.168
1790 51.5827 4326.41
1791 4697.57 1790.15
1792 4773.4 256.362
1793 2840.17 1968.47
1794 254.992 463.941
1795 4342.31 1254.71
1796 2596.41 77.0156
1797 2258.8 2882.53
1798 1868.62 2976.26
1799 1541.9 1778.29
1800 2725.7 3664.06
1801 1310.62 2203.12
1802 2892.37 1885.08
1803 77.9333 3561.17
1804 776.248 2403.73
1805 1628.47 1528.22
1806 4394.6 3610.47
1807 2947.93 4345.88
1808 434.652 3685.99
1809 150.997 2348.17
1810 1962.39 1519.69
1811 1990.03 3448.31
1812 1883.38 1351.02
1813 3131.98 3746.59
1814 55.8382 879.148
1815 1894.96 890.584
1816 2068.65 3820.22
1817 489.385 774.071
1818 2205.15 3334.69
1819 503.96 3892.37
1820 419.355 4430.34
1821 1781.61 2482.06
1822 3626.58 213.514
1823 2480.51 716.217
1824 4834.85 679.365
1825 2964.38 773.477
1826 1698.78 2859.25
1827 4215.68 2317.89
1828 2377.35 4023.76
1829 2714.17 2230.61
1830 1785.7 1041.21
1831 2346.98 243.64
1832 979.087 4759.04
1833 740.988 2424.63
1834 2764.56 2921.93
1835 2640.12 3108.6
1836 2788.12 999.589
1837 2312.36 3743.8
1838 4480.68 1533.24
1839 4262.29 2913.13
1840 2409.82 4714.77
1841 3121.78 3835.06
1842 280.724 2720.56
1843 3854.11 648.13
1844 4879.92 1449.27
1845 937.541 2491.12
1846 2476.11 1966.13
1847 1548.53 4665.42
1848 4638.24 358.749
1849 567.528 2543.8
1850 3815.5 2452.27
1851 3756.14 4191.12
1852 1513.48 1747.23
1853 4095.2 292.099
1854 2657.71 17.8821
1855 4093.52 3311.84
1856 1057.42 1788.78
1857 1005.4 3060.09
1858 3838.35 4647.78
1859 1286.29 2294.28
1860 3789.34 2205.29
1861 2544.87 2477.78
1862 4110.57 3022.85
1863 2940.6 28.5808
1864 229.16 282.316
1865 303.809 672.119
1866 2065.11 1746.91
1867 1192.75 3662.42
1868 1005.31 3756.58
1869 4824.71 3012.67
1870 1169.29 2326.25
1871 1402.37 4149.44
1872 1207.42 2043.63
1873 1847.04 4501.31
1874 2743.27 100.689
1875 3903.49 191.249
1876 3476.56 1863.62
1877 4577.74 1535.22
1878 842.099 604.591
1879 1118.72 1986.14
1880 4608.97 799.385
1881 3366.4 2054.38
1882 1667.59 1118.17
1883 1765.23 2767.02
1884 963.079 1148.06
1885 2763.95 1325.67
1886 1649.81 4473.41
1887 3123.32 4358.54
1888 4586.71 2306.41
1889 4183.08 4630.54
1890 3480.59 2698.44
1891 2360.63 550.912
1892 2262.36 1212.09
1893 1592.04 44.8667
1894 3986.94 3601.23
1895 1925.79 2190.38
1896 2919.23 474.008
1897 376.558 4233.4
1898 2837.3 4427.59
1899 870.427 4063.35
1900 4080.79 3752.12
1901 2795.49 1999.69
1902 3075.87 4174.54
1903 2479.41 1999.24
1904 1964.92 4232.61
1905 3611.56 473.479
1906 3639.14 3685.76
1907 3717.99 1946.31
1908 4620.8 2163.93
1909 557.162 3941.6
1910 3605.25 854.822
1911 3161.85 2884.2
1912 4218.26 2629.46
1913 680.511 2971.33
1914 183.155 4345.95
1915 78.1351 3235.04
1916 389.898 3195.14
1917 141.407 1530.45
1918 3406.7 929.433
1919 3400.2 159.612
1920 642.351 4645.25
1921 1850.28 1299.38
1922 2455.95 2340.04
1923 3952.1 3791.31
1924 4740.04 13.7577
1925 672.48 2195.49
1926 4004.93 3247.35
1927 2351.59 1369.66
1928 4800 2310.57
1929 3088.02 4626.49
1930 1889.13 2747.7
1931 2381.91 178.358
1932 1157.34 1177.47
1933 2677.48 4587.79
1934 315.421 2545.62
1935 2948.07 715.684
1936 1775.99 2468.94
1937 1487.53 460.265
1938 2717.8 3861.62
1939 372.56 1217.16
1940 1317.85 4547.36
1941 285.284 3538.08
1942 3713.58 314.571
1943 4042.93 1397.09
1944 2221.65 4018.27
1945 3405.21 3143.25
1946 4727.31 3231.1
1947 1352.39 3472.77
1948 1293.32 2778.69
1949 4101.29 2230.3
1950 2450.78 3889.13
1951 933.809 1027.27
1952 640.759 1814.43
1953 144.162 4807.24
1954 3336.47 2312.01
1955 4798 4152.09
1956 1712.07 3043.9
1957 3156.69 2626.5
1958 4544.3 1986.17
1959 1775.3 3351.11
1960 4417.48 1930.77
1961 7.86184 1724.05
1962 67.6737 4897.19
1963 402.641 1600.06
1964 728.522 1897.45
1965 245.383 4538.54
1966 2931.22 2942.25
1967 491.253 4688.12
1968 2461.81 2423.38
1969 1019.83 885.457
1970 674.698 154.37
1971 3774.43 4246.4
1972 2429.87 1170.38
1973 2635.57 2177.7
1974 2982.76 554.582
1975 1581.56 3071.28
1976 2487.28 4629.91
1977 4326.71 312.569
1978 386.308 3859.06
1979 4831.38 581.461
1980 1861.24 2501.9
1981 4889.89 2486.66
1982 344.306 2701.94
1983 4187.95 1916.82
1984 3808.89 4588.97
1985 859.469 1456.24
1986 1442.39 208.13
1987 3514.84 4292.1
1988 849.765 2495.95
1989 3413.76 4296.55
1990 1727.72 1045.24
1991 2278.52 962.033
1992 1136.91 3803.63
1993 2433.53 1714.33
1994 4534.54 4122.47
1995 1861.7 1702.51
1996 4305.74 3405.93
1997 4243.48 3874.96
1998 4702.01 3494.75
1999 2444.88 1654.56
2000 1579.41 4725.57
2001 865.979 1322.17
2002 4531.8 2395.9
2003 2795.34 4899.3
2004 2221.42 1554.12
2005 3574.44 1623.12
2006 1682.17 3186.04
2007 4144.3 854.639
2008 4036.21 4557.43
2009 3247.4 3265.84
2010 124.269 709.629
2011 4355.63 1279.22
2012 2224.17 3592.13
2013 3207.51 3977.32
2014 810.217 1261.43
2015 3164.84 4039.27
2016 4056.24 146.627
2017 4858.02 1842.71
2018 4706.7 4305.95
2019 2664 1070.9
2020 3785.16 1748.94
2021 2875.03 765.21
2022 3892.85 1388.27
2023 2498.49 3815.95
2024 4776.42 3145.87
2025 2616.52 2585.27
2026 2087.32 1793.66
2027 1207.51 3502.78
2028 2111.05 2395.97
2029 1371.47 2304.37
2030 1560.52 2260.16
2031 1757.13 4750.66
2032 953.466 2322.9
2033 3673.6 1324.72
2034 2590.71 4121.68
2035 1561.23 1127.64
2036 1277.74 4074.02
2037 4658.17 237.336
2038 4512.66 2038.37
2039 946.327 3346.84
2040 2170.55 3330.83
2041 4143.12 1261.88
2042 56.1967 146.528
2043 2049.82 4114.24
2044 4533.8 305.079
2045 2737.32 2930.02
2046 1048.61 2590.25
2047 3736.15 2987.48
2048 4461.59 3833.17
2049 1368.12 108.948
2050 1847.75 3252.8
2051 1284.99 618.888
2052 2154.75 2935.51
2053 1927.43 2392.71
2054 2394.69 3532.13
2055 2518.14 1281.22
2056 1019.91 3602.05
2057 691.119 4694.03
2058 3031.54 1466.01
2059 1245.24 3338.04
2060 4359.77 3626.84
2061 3702.95 3947.92
2062 3592.52 3148.58
2063 4285.91 2046.57
2064 2454.95 4028.12
2065 3437.03 4897.24
2066 2292.31 46.4786
2067 1974.66 3275.5
2068 1618.99 560.582
2069 1383.61 315.885
2070 3998.25 2936.19
2071 120.95 2091.98
2072 2199.3 1255.23
2073 3753.15 4564.3
2074 3347.79 4486.11
2075 736.343 2845.88
2076 4439.27 1611.41
2077 4775.86 2663.82
2078 4003.28 4075.57
2079 2837.99 4300.43
2080 1496.13 3473.36
2081 3526.57 4615.83
2082 4618.99 3157.11
2083 1027.27 4422.18
2084 1710.28 3905.57
2085 4896.85 2693.52
2086 360.346 1596.76
2087 3086.06 210.291
2088 3830.17 1825.54
2089 3637.13 197.416
2090 1975.68 1865.7
2091 4146.39 2570.12
2092 3397.48 3674.92
2093 2348.33 2644.63
2094 4098.55 2214.32
2095 4185.8 2124.28
2096 2550.6 3633.52
2097 1874.16 2944.39
2098 4630.51 689.957
2099 1338.1 227.206
2100 1043.54 3130.96
2101 4787.68 1331.67
2102 4725.48 2109.52
2103 2238.93 2179.96
2104 3370.73 1752.93
2105 3850.37 3562.83
2106 4301.19 313.958
2107 4351.33 3411.49
2108 1310.32 1821.08
2109 4806.84 1131.15
2110 318.431 2515.88
2111 4592.67 3025.69
2112 4386.74 1345.28
2113 195.445 2078.97
2114 1977.08 3016.46
2115 3959.57 4249.42
2116 2727.41 3713.66
2117 2916.22 192.213
2118 1596.29 2654.81
2119 4759.97 4210.32
2120 4407.14 679.461
2121 3009.2 2797.95
2122 3872.71 1504.64
2123 3215.61 571.724
2124 4067.35 911.627
2125 1194.2 3855.08
2126 4087.22 1092.96
2127 521.003 2723.34
2128 4198.64 1113.31
2129 2733.11 4137.16
2130 4582.33 1105.61
2131 254.942 2674.57
2132 2341.67 4334.85
2133 2706.75 3484.89
2134 1382.2 1294.3
2135 1484.92 190.077
2136 1845.25 2691.21
2137 2895.49 6.7635
2138 1778.21 1375.84
2139 1069.33 1537.02
2140 3702.65 4372.08
2141 2636.42 4045.72
2142 1441.95 4076.37
2143 3160.63 3027.32
2144 2952.17 3899.5
2145 4556.92 675.431
2146 3151.9 1391.19
2147 2206.86 3780.41
2148 1838.17 580.01
2149 3960.02 3423.54
2150 4826.49 1676.62
2151 4848.09 3158.45
2152 3499.4 2580.23
2153 3402.73 3814.68
2154 940.137 4695.15
2155 1284.68 1.80426
2156 4447.61 1735.15
2157 3398.51 2797.17
2158 4828.95 4729.77
2159 2205.97 2912.68
2160 4791.07 3506.45
2161 803.297 3683.03
2162 3729.38 4388.14
2163 2673.23 3091.76
2164 4149.15 3474.84
2165 388.825 1358.3
2166 1268.62 3597.22
2167 4690.16 956.142
2168 2603.59 4771.63
2169 2980.65 2359.19
2170 1451.23 399.109
2171 1207.8 913.491
2172 152.243 1844.9
2173 949.375 3446.36
2174 3783.24 2032.21
2175 1001.05 4779.29
2176 3879.48 1428.73
2177 3552.47 1598.2
2178 4009.91 4568.83
2179 4778.84 3223.25
2180 1268.56 1057.1
2181 3438.6 1214.42
2182 1719.32 4465.91
2183 4770.33 2219.8
2184 2227.61 2018.61
2185 443.649 1907.39
2186 2716.65 920.486
2187 1205.34 4162.69
2188 4170.54 3696.91
2189 2715.09 3456.42
2190 715.754 4585.74
2191 1518.61 1199.22
2192 3252.19 285.124
2193 2535.51 1269.83
2194 3812.65 3091.76
2195 3913.94 4810.23
2196 2446.09 1570.07
2197 1584.37 1227.92
2198 775.166 1236.34
2199 4242.57 303.723
2200 2079.44 418.272
2201 1351.68 1319.68
2202 1984.45 2722.4
2203 1326.26 3097.16
2204 288.478 4414.88
2205 4876 3769.85
2206 676.755 2864.35
2207 2442.61 3335.99
2208 2301.43 3220.67
2209 2043.19 1213.72
2210 2433.71 2276.98
2211 3177.69 2669.33
2212 3436.29 4461.88
2213 545.583 3831.09
2214 500.368 749.583
2215 2088.8 2611.9
2216 1599.45 4671.31
2217 393.153 3339.77
2218 1278.54 3392.26
2219 4813.22 4866.64
2220 3298.22 3015.29
2221 4705.85 2641.41
2222 4817.83 4805.52
2223 2942.72 2930.13
2224 3858.96 383.947
2225 257.59 2713.32
2226 1818.65 4533.45
2227 1313.15 1836.9
2228 599.24 3658.17
2229 105.993 2316.82
2230 3546.7 3340.86
2231 574.981 994.497
2232 2262.63 4324.53
2233 1781.69 4149.78
2234 4319.51 26.91
2235 2453.24 3929.63
2236 1868.94 381.432
2237 3488.24 1428.86
2238 1437.28 390.906
2239 1086.76 2750.16
2240 2694.91 1125.48
2241 3581.06 3017.52
2242 3897.88 1649.54
2243 1332.49 2736.53
2244 4015.73 2787.8
2245 2008.51 3192.67
2246 1327.46 2012.45
2247 4149.18 239.213
2248 1590.57 3614.28
2249 1483.49 2696.48
2250 793.486 1722.5
2251 1430.75 3753.14
2252 2031.73 474.301
2253 2164.62 3778.78
2254 1224.05 4718.48
2255 3414.26 3556.21
2256 307.93 3424.77
2257 1456.42 4609.89
2258 720.105 2688.74
2259 3560.6 2970.73
2260 1072.1 1928.78
2261 3135.23 2740.88
2262 2015.24 2624.45
2263 455.431 595.205
2264 2663.64 3820.89
2265 4790.37 922.223
2266 3015.13 3490.6
2267 1717.75 1624.06
2268 4321.87 3030.73
2269 2929.86 4227.92
2270 1111.5 1974.53
2271 2784.73 3154.29
2272 4673.17 427.114
2273 4045.25 3239.77
2274 3017.96 3856.11
2275 1097.57 419.266
2276 3768.65 1547.6
2277 4886.02 4223.46
2278 1533.72 4602.69
2279 819.921 2158.47
2280 2453.52 47.2478
2281 4001.75 3524.31
2282 4610.12 3000.25
2283 236.661 1038.08
2284 3453.11 3455.38
2285 4156.52 1430.97
2286 1576.95 623.378
2287 3133.51 1489.77
2288 836.499 1725.64
2289 3916.93 4898.53
2290 4634.61 2873.19
2291 1303.99 3065.28
2292 543.409 2256.57
2293 230.355 3682.4
2294 4211.34 4013.53
2295 4269.63 1528.58
2296 4646.71 1472.52
2297 3719.6 1593.8
2298 3752.38 4573.5
2299 399.268 1671.17
2300 2764.79 3544.11
2301 423.296 2255.95
2302 1684.17 4645.84
2303 279.487 765.059
2304 3692.17 2448.85
2305 2890.2 1328.79
2306 2132.95 1181.08
2307 2769.67 3637.17
2308 1185.32 4270.47
2309 4754.56 911.051
2310 2933.51 3804.11
2311 3638.33 3431.64
2312 3197.59 4571.52
2313 3122.96 2973.34
2314 3928.18 3470.79
2315 1551.53 4700.74
2316 4388.99 4192.04
2317 4213.37 4639.84
2318 2516.28 2051.99
2319 834.713 4850.13
2320 3060.68 409.005
2321 111.195 4825.69
2322 3214.12 2017.22
2323 958.902 774.932
2324 3611.8 2172.3
2325 113.083 4117.66
2326 1022.38 1598.66
2327 1807.24 1118.12
2328 3992.22 1474.63
2329 806.668 1838.79
2330 1542.82 2493.38
2331 3034.59 509.016
2332 4484.64 3835.22
2333 645.353 2164.68
2334 1503.62 707.35
2335 3560.2 3329.04
2336 2170.75 3621.48
2337 117.309 3183.56
2338 3702.23 642.598
2339 3273.66 1651.11
2340 930.665 2103.51
2341 3045.98 2302.09
2342 3478.4 4507.24
2343 4114.01 38.664
2344 1760.18 1086.01
2345 2779.97 4005.35
2346 996.474 378.271
2347 1511.54 3236.44
2348 2071.83 173.01
2349 1071.69 2398.14
2350 437.197 3918.36
2351 1891.3 4278.22
2352 3900.69 2822.69
2353 504.908 1279.01
2354 3290.71 2737.89
2355 4838.94 2233.33
2356 3185.42 3829.13
2357 945.378 4657.44
2358 3397.96 3784.43
2359 3947.4 2182.64
2360 1773.95 1506.09
2361 2349.36 2076.43
2362 4276.85 2715.74
2363 4325.41 3189.07
2364 4685.29 2561.64
2365 2406.44 26.3806
2366 1425.91 873.79
2367 2203.98 4007.31
2368 4494.53 4381.05
2369 4012.8 1484.32
2370 1343.3 1748.59
2371 3542.82 367.036
2372 1626.71 707.892
2373 1273.26 1580.22
2374 1301.52 2781.03
2375 2608.41 379.725
2376 3672.5 4617.72
2377 1684.47 2377.95
2378 1759.48 820.164
2379 1039.79 1129.91
2380 4534.89 561.424
2381 1267.63 870.77
2382 1907.82 1793.29
2383 385.515 4364.28
2384 2090.81 4430.3
2385 552.819 3707.53
2386 1739.45 1111.97
2387 2627.98 445.837
2388 300.801 365.162
2389 1776.91 858.559
2390 2366.43 2215.12
2391 3554.51 2907.81
2392 4642.53 1061.95
2393 1023.85 3162.01
2394 4899.35 4602.46
2395 2732.97 2805.53
2396 1275.55 4435.75
2397 8.6335 3312.92
2398 2487.01 2604.47
2399 1590.03 1976.76
2400 1054.54 1553.88
2401 3427.04 120.879
2402 4322.34 1831.4
2403 266.578 312.187
2404 1591.22 4022.48
2405 3889.49 1685.11
2406 2943.77 410.703
2407 4465.78 3891.38
2408 3278.91 4806.9
2409 1326.32 2340.48
2410 3436.15 3615.94
2411 2268.75 1397.97
2412 4268.4 1940.77
2413 4433.81 4381.16
2414 4326.77 359.443
2415 2467.14 3337.59
2416 2067.63 3263.36
2417 3585.69 3876.24
2418 1918.32 3706.35
2419 1631.15 1911.31
2420 1160 3712.25
2421 1238.22 2909
2422 3918.61 4181.53
2423 395.284 1905.29
2424 1291.06 419.772
2425 4831.19 2863.74
2426 4317.13 3028.12
2427 1644.15 3566.58
2428 1526.76 744.467
2429 3495.33 4633.39
2430 2854.31 4771.19
2431 3704.41 625.045
2432 4068.86 4072.66
2433 3232.82 3598.99
2434 866.782 3522.95
2435 4184.35 284.456
2436 4357.74 2635.87
2437 1097.49 2707.87
2438 1164.99 105.316
2439 1260.16 4543.26
2440 4348.88 605.793
2441 2333.63 2407.66
2442 3597.54 2677.61
2443 4448.96 298.508
2444 4269.14 4339.97
2445 1860.71 353.966
2446 307.01 3210
2447 2818.29 3308.98
2448 1985.44 3966.77
2449 4829.17 4121.32
2450 1228.59 3867.62
2451 3518.99 1376.25
2452 3220.37 3727.64
2453 4546.01 69.0708
2454 678.637 2973.62
2455 313.444 394.138
2456 4167.38 2851.81
2457 471.814 4315.42
2458 3564.17 4559.3
2459 4845.79 3606.05
2460 2463.21 2671.71
2461 4014.35 507.998
2462 669.418 3829.58
2463 769.77 3583.41
2464 2951.67 2249.03
2465 1894.33 2741.17
2466 3579.11 2882.79
2467 2226.87 1653.64
2468 1216.32 1221.9
2469 3793.14 844.713
2470 841.467 449.22
2471 4124.27 2585.65
2472 1878.93 2566.47
2473 2589.75 2745.56
2474 2741.55 1043.97
2475 2461 2069.94
2476 665.698 1963.28
2477 3471.77 492.055
2478 154.602 3037.22
2479 2304.29 2849.72
2480 265.51 1999.16
2481 3535.94 2324.1
2482 2496.37 1222.71
2483 1897.74 801.366
2484 4273.95 4380.01
2485 3999.77 2471.27
2486 1050.49 2955.09
2487 954.431 1431.95
2488 4345.71 3400.63
2489 4112.17 2437.86
2490 1063.27 1014.91
2491 531.652 1714.1
2492 2189.32 3814.64
2493 1577.34 4313.17
2494 2501.6 832.389
2495 3088.15 2921.53
2496 371.285 1979.84
2497 3937.87 2513.16
2498 1020.4 4225.28
2499 3196.56 844.35
2500 815.079 2683.04
2501 2195.43 4769.15
2502 1661.47 4546.06
2503 62.1795 26.7508
2504 237.308 4578.62
2505 684.422 1160.18
2506 3621.67 58.9061
2507 3039.98 1890.12
2508 4722.01 610.403
2509 4573.63 314.657
2510 971.318 278.316
2511 2292.24 961.789
2512 1885.8 618.722
2513 3033.94 2384.73
2514 690.055 2130.94
2515 3890.12 2356.15
2516 1050.91 2090.15
2517 115.953 3647.62
2518 2018.42 3794.81
2519 1678.32 274.591
2520 1487.71 1587.09
2521 3229.57 4447.05
2522 1721.42 2904.08
2523 3167.16 4703.79
2524 1907.31 2584.33
2525 3499.75 2587.46
2526 864.115 960.684
2527 1672.88 3260.29
2528 294.857 1750.8
2529 3152.66 1806.8
2530 237.756 4631.23
2531 50.8173 345.281
2532 143.955 323.354
2533 3618.1 8.74242
2534 2820.73 1931.18
2535 1284.11 753.902
2536 2433.17 374.272
2537 2838.25 3630.4
2538 777.843 3359.47
2539 2939.02 2867.54
2540 2697.45 139.721
2541 1935.63 1302.15
2542 320.216 82.648
2543 1431.76 1905.63
2544 4887.82 4594.61
2545 1017.63 4086.98
2546 4829.91 1734.91
2547 4451.39 4781.89
2548 4446.52 1875.43
2549 4683.01 3049.98
2550 509.043 1512.66
2551 21.7231 4312.26
2552 2495.18 4461.58
2553 2878.52 2922.24
2554 1293.61 2255.76
2555 695.688 1912.01
2556 1809.29 4457.52
2557 3582.94 1040.04
2558 4328.68 3208.02
2559 304.376 1935.99
2560 4415.57 2713.99
2561 1509.32 2320.18
2562 2877.13 570.214
2563 4863.96 1422.37
2564 1130.36 3047.73
2565 1434.58 961.227
2566 754.742 2728.77
2567 4471.37 3817.76
2568 288.072 3882.11
2569 1591.84 1063.85
2570 4047.39 1329.02
2571 2800.74 709.679
2572 2894.74 4044.82
2573 2903.73 4418.53
2574 2140.97 68.9035
2575 1305.52 4443.91
2576 3807.07 2429.13
2577 4580.8 1005.94
2578 1651.74 4144.19
2579 4258.72 1585.9
2580 2291.26 2549.94
2581 4036.5 333.193
2582 3046.85 335.178
2583 3597.53 2188.18
2584 4189.64 4858.13
2585 3227.5 4606.66
2586 495.766 4898.95
2587 1496.07 1359.82
2588 429.077 3718.97
2589 1226.54 836.366
2590 2081.63 2190.06
2591 544.125 4222.34
2592 4100.08 334.164
2593 351.497 937.141
2594 1058.35 4495.11
2595 2697.88 2697.24
2596 48.8323 2064.29
2597 4664.42 192.028
2598 3412.69 338.306
2599 4332.98 280.779
2600 4192.33 883.597
2601 889.529 1761.6
2602 1307.07 650.393
2603 4090.37 2252.52
2604 3128.8 4133.6
2605 4193.1 47.3432
2606 2295.68 1847.26
2607 131.552 3706.81
2608 257.685 2397.74
2609 3024.96 2126.22
2610 4073.98 1859.72
2611 4099.13 1693.29
2612 71.0397 2272.07
2613 1816.29 2252.68
2614 29.4689 3171.64
2615 4029.5 3553.16
2616 2732.63 3905.76
2617 1700.91 3296.04
2618 61.6866 3807.89
2619 9.20712 1163.36
2620 429.68 1787.54
2621 4246.34 904.882
2622 411.009 588.555
2623 4892.25 2353.68
2624 3617.57 785.527
2625 3191.2 3834.31
2626 2573.14 4597.14
2627 2473.85 2863.04
2628 1105.39 687.401
2629 1761.6 320.861
2630 2649.71 728.9
2631 3337.42 718.984
2632 3519.62 4025.57
2633 49.2467 3225.82
2634 2196.07 2010.67
2635 270.59 4890.43
2636 4130.91 394.49
2637 587.257 935.318
2638 4159.79 3625.76
2639 350.602 42.6214
2640 1996.42 3197.96
2641 1989.82 336.837
2642 941.488 2075.3
2643 724.06 2202.41
2644 2063.55 2714.07
2645 954.355 795.971
2646 1671.51 2601.06
2647 144.273 1767.94
2648 249.339 3357.59
2649 4603.03 3771.21
2650 1246.15 280.53
2651 1989.81 3388.76
2652 1912.54 4558.53
2653 408.199 4000.62
2654 4424.01 2200.4
2655 3966.83 3509.95
2656 4823.38 1305.37
2657 3014.72 2149.95
2658 2776.2 1688.93
2659 1453.31 4616.91
2660 4060.35 3073.35
2661 3171.98 3699.1
2662 4520.93 3585.22
2663 228.743 2688.8
2664 3490.41 1195.71
2665 2935.36 2471.96
2666 4400.97 4815.19
2667 2042.29 2035.22
2668 2024.7 4635.01
2669 1624.24 3503.26
2670 3315.64 3076.99
2671 1205.32 1352.04
2672 876.919 3132.43
2673 1426.14 402.498
2674 1800.18 1860.76
2675 4432.8 236.978
2676 3732.24 3312.24
2677 2185.93 73.793
2678 4119.94 2653.6
2679 2076.99 2058.16
2680 4658.82 981.288
2681 3176.62 4730.04
2682 1281.5 2701.83
2683 1344.35 4024.07
2684 2478.24 2113.6
2685 2760.15 1098.65
2686 1620.44 4834.45
2687 1195.08 1407.33
2688 3194.94 2562.2
2689 1825.02 1046.51
2690 2771.1 1055.53
2691 173.425 2393.72
2692 4712.66 831.815
2693 4892.09 4837.61
2694 1013.39 272.538
2695 3922.34 1114.78
2696 4159.65 831.754
2697 1929.96 2431.79
2698 2001.81 1031.8
2699 3524.29 2699.73
2700 4855.44 4351.42
2701 716.625 709.911
2702 4559.14 869.862
2703 789.512 2364.08
2704 3111.81 4732.96
2705 3456.53 1198.2
2706 826.794 871.32
2707 794.621 1109.97
2708 830.534 4705.1
2709 3640.88 2361.25
2710 255.072 1734.25
2711 3023.52 101.74
2712 4172.59 1976.95
2713 376.89 306.976
2714 51.7567 3821.63
2715 778.519 3622.52
2716 2203.56 4505.61
2717 4116.36 1814.33
2718 3999.57 4191.34
2719 4086.35 1160.48
2720 4712.96 3319.73
2721 4846.06 4573.07
2722 1245.05 2482.22
2723 2242.68 3630.53
2724 4281.5 4828.57
2725 166.067 4770.13
2726 3114.74 155.986
2727 3060.81 1599.6
2728 81.5589 2501.92
2729 4743.24 889.077
2730 1520.27 511.893
2731 3193.14 1808.44
2732 1729.64 2181.62
2733 3999.75 3275.92
2734 958.651 3317.78
2735 3035.57 3671.55
2736 1389.71 1431.87
2737 2738.64 4385.01
2738 2514.02 2419.06
2739 3250.36 2997.56
2740 2848.94 1444.74
2741 1211.92 1480.6
2742 404.231 2232.33
2743 1459.79 4088.87
2744 3838.41 3032.47
2745 764.47 749.339
2746 3824.99 2906.87
2747 4181.19 3220.51
2748 1502.83 2156.85
2749 2791.05 3813.23
2750 2202.63 4385.61
2751 1062.44 2289.45
2752 3367.13 1166.67
2753 1204.99 3306.36
2754 18.9258 1676.01
2755 1996.1 4447.78
2756 0.789687 4610.95
2757 4500.35 3167.5
2758 4621.5 3774.66
2759 126.724 2422.86
2760 2160.81 4050.36
2761 2016.43 3985.41
2762 928.162 1710.41
2763 1105.28 1724.95
2764 4202.3 3178.09
2765 4030.48 4605.01
2766 1513.25 1885.4
2767 4726.39 1847.02
2768 4056.89 219.712
2769 2310.84 47.4484
2770 2320.48 3024.94
2771 2913.51 1254.89
2772 1130.68 4749.65
2773 2268.07 4576.52
2774 4001.16 4125.84
2775 3272.34 3247.53
2776 2971.45 4757.81
2777 1607.96 3213.91
2778 3349.68 413.486
2779 1550.99 218.721
2780 545.528 1097.47
2781 2458.61 4120.94
2782 4177.63 2767.34
2783 2171.37 1887.66
2784 2673.52 36.3353
2785 3043.12 1388.87
2786 2101.87 165.707
2787 2335.37 1193.62
2788 4056.68 236.688
2789 3546.57 4598.74
2790 1529.39 1791.82
2791 2675.47 3522.52
2792 561.787 634.195
2793 4299.99 4028.06
2794 3278.75 2031.24
2795 4025.63 1968.35
2796 3236.77 1940.45
2797 1593.23 3913.79
2798 3302 460.992
2799 4862.42 1708.68
2800 861.274 3020.28
2801 2.54346 764.884
2802 4859.36 1253.91
2803 3308.92 4896.36
2804 2064.64 3385.43
2805 3368 4534.45
2806 1493.24 3488.46
2807 3369.43 3482.99
2808 2492.75 3169.98
2809 2819.67 4262.89
2810 4748.81 1731.82
2811 929.194 3910.42
2812 2582.48 3681.84
2813 1819.94 496.352
2814 875.677 1066.78
2815 2442.96 3943.77
2816 18.1156 3623.36
2817 761.098 3429.33
2818 1085.97 4091.12
2819 1790.92 1835.7
2820 1137.16 2479.33
2821 3599.9 3842.39
2822 3802.02 1313
2823 1641.24 1400.33
2824 1614.34 3472.63
2825 4611.75 253.788
2826 3689.03 1291.21
2827 2350.58 862.832
2828 2238.42 1353.77
2829 604.061 723.185
2830 4643.67 2239.58
2831 871.154 3673.27
2832 4096.8 528.554
2833 1729.7 4511.3
2834 4402.44 4588.89
2835 2265.99 1805.2
2836 3989.19 173.055
2837 3427.81 3738.17
2838 1682.77 2270.28
2839 1415.01 636.043
2840 4615.42 3166.24
2841 1706.77 3495.91
2842 3981.27 3356.62
2843 2156.77 2654.05
2844 4092.65 1251.81
2845 1085.69 3012.25
2846 3245.97 2210.81
2847 4630.97 53.2115
2848 3593.7 496.827
2849 1610.98 4083.38
2850 1433.06 2298.67
2851 2364.08 4382.73
2852 2407.59 3617.57
2853 3752.09 3857.47
2854 4457.19 1750.48
2855 2142.19 1579.35
2856 2604.91 2631.67
2857 4819.16 388.155
2858 753.515 1389.34
2859 1077.32 105.322
2860 4338.39 2136.6
2861 615.349 3020.54
2862 2290.07 3773.96
2863 2198.97 4684.16
2864 1276.46 2213.42
2865 4057.08 4090.36
2866 2162.82 2224.32
2867 2943.18 4869.54
2868 1010.98 4340.62
2869 2998.42 3601.6
2870 1201.36 2793.33
2871 3821.71 2469.25
2872 4344.11 2691.79
2873 1051.67 3161.07
2874 3976.89 3046.63
2875 3549.35 4054.33
2876 1986.02 1265.84
2877 3939.53 2062.19
2878 1476.28 1942.13
2879 3158.34 2473.58
2880 2784.07 4371.54
2881 1688.34 4339.33
2882 542.053 4175.14
2883 4232.09 4457.15
2884 3841.1 278.939
2885 4289.17 2924.74
2886 1538.06 510.649
2887 3223.71 955.37
2888 1771.19 3191.77
2889 4673.16 502.129
2890 410.544 4753.36
2891 1679.98 2070.41
2892 3235.3 2038.13
2893 4371.04 687.847
2894 1352.13 4006.12
2895 3068.96 492.522
2896 964.65 802.138
2897 2689.38 1529.25
2898 3285.98 1354.3
2899 4665.66 161.296
2900 3299.73 3950.65
2901 4786.17 2139.6
2902 509.802 404.139
2903 3970.16 3972.52
2904 2384.75 1687.1
2905 3678.7 193.999
2906 1106.27 3785.84
2907 1448.96 1684.74
2908 4773.6 2958.05
2909 2624.82 1761.62
2910 599.369 4365.1
2911 4225.29 1274.29
2912 4595.98 2951.61
2913 3652.16 497.52
2914 945.268 4220.69
2915 1977.27 1644.98
2916 2491.5 2883.9
2917 932.341 47.0343
2918 4625.85 3888.06
2919 4807.39 4896.35
2920 1819.77 1140.56
2921 3619.15 4140.31
2922 4820.7 236.337
2923 2420.55 3662.4
2924 2509.44 2437.33
2925 2349.06 4584.01
2926 1499.8 1696.06
2927 3767.14 139.059
2928 2815.08 534.168
2929 2361.05 2038.89
2930 2509.1 2536.42
2931 1089.76 504.436
2932 4826.13 4337.94
2933 2584.15 2775.23
2934 2112.13 1180.38
2935 2302.8 2984.65
2936 3918.74 1459.21
2937 3390.23 1694.48
2938 2461.75 3631.45
2939 2552.34 4854.55
2940 1216.74 512.956
2941 4072.41 536.32
2942 113.342 838.743
2943 743.047 583.782
2944 89.1517 68.6375
2945 2543.97 2580.98
2946 1605.15 1751.44
2947 1514.25 237.59
2948 2432.48 2684.22
2949 2121.24 1401.18
2950 1022.33 3122.06
2951 4885.24 2804.21
2952 547.647 2551.23
2953 930.465 4728.47
2954 4370.38 2491.69
2955 2708.78 435.396
2956 1461.87 2409.76
2957 2546.02 4687.99
2958 188.803 2650.75
2959 2816.93 928.634
2960 832.594 225.855
2961 4222.23 4203.16
2962 3745.65 3615.43
2963 3780.87 2288.99
2964 1302.97 2870.82
2965 341.502 2591.49
2966 3354.89 3819.59
2967 480.528 2704.09
2968 3165.89 3116.75
2969 4014.22 1280.21
2970 1121.5 659.434
2971 690.353 1027.98
2972 1426.75 2083.68
2973 3937.76 1542.75
2974 503.366 3895.04
2975 133.48 3765.01
2976 3589.07 2358.11
2977 1683.75 1848.75
2978 384.537 940.586
2979 4719.53 2220.93
2980 846.212 885.308
2981 2354.17 1647.03
2982 2761.16 4808.9
2983 4024.47 4386.67
2984 3951.24 4426.63
2985 2765.01 2162.27
2986 3718.29 1782.06
2987 3139.65 242.277
2988 2700.2 421.874
2989 4071.1 1249.47
2990 4486.27 3118.09
2991 4332.17 3116.9
2992 1416.09 4707.17
2993 4594.28 242.364
2994 1682.08 3139.84
2995 644.843 4572.43
2996 871.785 672.764
2997 1826.25 3102.25
2998 655.037 1451.24
2999 4023.8 1525.8
3000 4812.77 4605.34
3001 4456.22 3787.06
3002 3634.1 1394.51
3003 4376.08 4147.82
3004 1586.17 69.3499
3005 1437.43 3660.59
3006 1052.96 30.9878
3007 980.84 4541.26
3008 391.447 827.329
3009 400.779 1068.6
3010 4063.89 3813.12
3011 1072.62 1176.59
3012 3941.94 3805.22
3013 1242.07 2970.87
3014 3533.5 2890.96
3015 1203.01 763.294
3016 1225.99 1943.28
3017 921.992 3658.73
3018 4412.79 3521.36
3019 4374.44 1893.13
3020 4498.98 2604.36
3021 708.471 3688.9
3022 748.443 3818.58
3023 482.045 2805.71
3024 4517.66 632.776
3025 628.78 3490.24
3026 4750.83 4023.23
3027 3283.92 1221.3
3028 1635.69 300.457
3029 82.6165 525.453
3030 4122.69 1833.27
3031 782.047 1623.85
3032 4336.99 2114.02
3033 1285.18 1227.89
3034 3928.06 4665.17
3035 511.561 2458.38
3036 4150.01 1720.28
3037 4354.43 3889.71
3038 2905.65 1195.21
3039 585.624 2739.54
3040 441.027 1443.52
3041 4467.85 3311.83
3042 2824.91 3857.19
3043 4414.04 4821.76
3044 593.459 1775.67
3045 635.588 2098.21
3046 949.954 3263.57
3047 1186.3 596.989
3048 935.196 1120.62
3049 50.3246 1271.43
3050 4375.94 4006.36
3051 4646.43 3810.46
3052 45.8226 497.21
3053 537.988 3346.8
3054 3602.74 2543.96
3055 275.353 3829.58
3056 1815.82 4157.69
3057 3914.54 1244.28
3058 1718.61 3405.02
3059 1237.52 2419.62
3060 3282.82 250.261
3061 394.576 379.447
3062 3815.67 3198.82
3063 4895.88 1609.55
3064 699.773 3117.13
3065 2520.27 2095.82
3066 198.523 4396.06
3067 3415.84 1064.29
3068 532.153 1171.95
3069 4044.2 3245.32
3070 1754.77 3263.47
3071 3133.41 4768.72
3072 3294.24 1245.69
3073 2733.89 3725.24
3074 256.99 4726.93
3075 3552.56 72.4535
3076 4290.66 1382.31
3077 1605.72 3194.1
3078 276.766 4098.79
3079 4672.52 90.327
3080 2242.42 2968.03
3081 895.778 1243.77
3082 4441.22 4817.08
3083 2522.46 1203.59
3084 1967.62 2995.43
3085 2731.81 4243.16
3086 946.142 2106.14
3087 1244.72 4279.23
3088 693.867 2428.62
3089 899.107 4717.03
3090 4341.03 1306.31
3091 2488.03 1196.68
3092 3544.46 593.003
3093 751.624 2525.23
3094 1479.44 3567.76
3095 1598.21 4303.39
3096 2985.67 1963.22
3097 2439.95 2420.94
3098 3590.66 1406.22
3099 4260.61 4561.74
3100 86.6621 529.695
3101 3431.78 2252
3102 4733.01 3802.16
3103 1603.08 4034.15
3104 1797.15 3262.78
3105 1643.45 3162.8
3106 2438.64 2013.65
3107 4690.42 2812.68
3108 4776.22 287.468
3109 126.975 2999.68
3110 4580.92 1222.12
3111 1374.96 2285.15
3112 1164.57 3232.77
3113 1208.55 2918.1
3114 2695.36 4070.51
3115 335.846 4317.79
3116 235.2 3597.88
3117 4677.25 1920.82
3118 242.868 1993.63
3119 3206 4670.96
3120 2068.83 2215.57
3121 2047.29 1521
3122 1807.77 2368.5
3123 401.099 1195.5
3124 2263.37 2677.71
3125 476.147 2698.25
3126 4680.09 842.885
3127 547.052 3925.47
3128 3834.15 3653.7
3129 4701.17 3188.84
3130 450.845 2988.04
3131 3287.81 1286.64
3132 4294.57 441.625
3133 3774.32 4124.72
3134 1631.55 1243.01
3135 1518.1 1105.51
3136 1367.32 4199.03
3137 2574.48 4677.53
3138 3918.95 2257.35
3139 4512.21 3585.11
3140 468.016 2569.48
3141 4253.39 3489.5
3142 1185.42 585.286
3143 1153.4 3472.34
3144 2842.46 1910.54
3145 2401.91 452.714
3146 3034.47 4007.61
3147 470.175 2367.6
3148 2436.38 2902.16
3149 3754.17 4137.22
3150 4363.87 1294.28
3151 2832.75 4263.97
3152 3017.29 4227.54
3153 3527.21 908.261
3154 43.7485 3132.83
3155 4769.54 3857.73
3156 1178.3 2373.15
3157 2832.11 1159.85
3158 352.351 1337.85
3159 1743.44 3230.79
3160 4809.3 3187.36
3161 4116.35 4395.31
3162 3427.42 3808.49
3163 2757.63 2968.85
3164 4344.59 270.617
3165 2986.53 2473.14
3166 1269.09 3637.7
3167 2819.75 4089.85
3168 1439.99 1357.32
3169 1635.07 3148.22
3170 4253.78 2566.04
3171 4080.42 3819.18
3172 2468.7 152.384
3173 4356.84 1150.47
3174 3855.96 3774.27
3175 2888.15 4783.47
3176 576.616 992.007
3177 52.3984 4121.6
3178 235.978 2399.16
3179 2684.83 418.292
3180 4221.36 3389.85
3181 4777.75 1729.68
3182 56.0391 3246.57
3183 1901.09 2667.28
3184 4432.39 415.061
3185 2951.96 57.704
3186 3095.25 1882.11
3187 4278.35 155.365
3188 3464.35 2884.05
3189 1137.43 2025.68
3190 2463.54 3196.21
3191 370.022 510.891
3192 220.279 3562.78
3193 3019.43 3286.45
3194 4378.39 275.301
3195 3277.29 4821.61
3196 3008 3798.46
3197 2700.12 407.356
3198 3330.51 2400.6
3199 2826.55 328.837
3200 2997.04 486.5
3201 3901.07 3922.04
3202 3144.23 104.003
3203 23.1096 839.911
3204 793.435 3255.75
3205 834.148 2682.42
3206 2971.28 1806.71
3207 899.5 1254.79
3208 653.274 1069.19
3209 4781.61 1691.93
3210 3810.7 2412.1
3211 3213.88 4040.78
3212 250.381 270.822
3213 3820.81 3846.65
3214 1971.55 154.623
3215 3045.08 1202.22
3216 1502.43 1684.24
3217 3749.55 998.102
3218 2155.95 1631.22
3219 3064.12 1032.29
3220 1891.15 1048.87
3221 160.895 930.402
3222 3229.87 967.331
3223 369.093 3335.84
3224 1871.4 1258.83
3225 1264.02 2827.35
3226 4531.87 734.665
3227 604.868 3695.63
3228 3671.95 4703.26
3229 799.424 3272.23
3230 2334.85 2242.74
3231 461.616 873.184
3232 595.704 1919.2
3233 4201.4 2490.51
3234 1355.91 2815.78
3235 2885.29 2918.26
3236 3736.64 1600.95
3237 1578.77 3663.89
3238 2665.55 1786.27
3239 3018.94 1611.79
3240 527.093 4477.89
3241 1229.59 2309.12
3242 2439.33 1280.86
3243 4142.5 2431.39
3244 109.274 1277.2
3245 3112.49 4777.27
3246 1112.54 2176.26
3247 3585.22 2666.16
3248 506.31 767.343
3249 1089.84 4372.32
3250 3961.07 4493.58
3251 4162.15 4616.75
3252 967.503 1093.01
3253 2728.44 3872.85
3254 941.325 4279.14
3255 4229.49 3820.68
3256 3077.13 883.654
3257 120.101 2451.51
3258 1492.22 4331.63
3259 3849.25 3887.19
3260 780.882 2003.83
3261 236.786 1994.99
3262 2434.95 3112.11
3263 828.972 2262.59
3264 3816.19 3219.68
3265 2148.75 850.714
3266 203.101 2784.25
3267 680.661 2026.09
3268 4325.81 3589.56
3269 373.385 2323.58
3270 3954.95 4207.45
3271 2910.03 1069.36
3272 4182.14 359.452
3273 589.648 4154.97
3274 1491.74 4311.71
3275 3840.21 3389.21
3276 2977.66 3276.59
3277 1425.91 4096.33
3278 3945.83 1664.29
3279 4337.15 1111.04
3280 342.637 2213.47
3281 2088.21 1317.79
3282 1117.94 538.511
3283 2189.69 4282.31
3284 780.647 2643.47
3285 1333.24 2305.05
3286 4366.18 543.501
3287 3208.95 1966.02
3288 3733.9 3363.15
3289 573.493 2068.62
3290 2057.24 3725.72
3291 1285.78 2981.71
3292 4769.04 4350.77
3293 3353.32 4062.75
3294 812.577 3595.04
3295 2815.98 982.044
3296 4116.76 1206.08
3297 2965.28 3955.13
3298 2594.75 2518.37
3299 3912.01 4491.91
3300 1433.75 513.015
3301 3523.27 4266.09
3302 4539.09 1755.6
3303 3254.42 2652.02
3304 2553.32 3889.9
3305 4051.62 2694.46
3306 3769.16 1158.28
3307 3326.35 4037.14
3308 3209.41 3472.45
3309 2572.21 3256.27
3310 3317.09 1563.75
3311 1008.15 4098.35
3312 2594.55 3907.61
3313 4846.79 2495.19
3314 4089.04 57.4735
3315 133.825 1854.72
3316 1924.67 1075.04
3317 4805.87 2364.43
3318 3183.41 3670.59
3319 3234.83 741.806
3320 2565.5 1307.51
3321 3440.2 2628.73
3322 301.511 2888.25
3323 3376.87 1112.92
3324 96.9716 3009.66
3325 2227.5 2580.87
3326 2512.14 3446.31
3327 1879.9 1990.69
3328 4230.7 3475.71
3329 272.301 3983.79
3330 178.554 387.054
3331 2369.07 1996.3
3332 1944.98 4316.96
3333 476.027 2470.48
3334 433.767 350.636
3335 4732.05 478.594
3336 2492.56 587.361
3337 4442.08 4404.37
3338 4756.53 1614.55
3339 294.262 2509.07
3340 2330.32 3300.96
3341 3213.32 945.767
3342 970.601 2973.97
3343 687.457 2571.13
3344 1723.68 2714.89
3345 3445.84 2377.81
3346 712.65 875.188
3347 759.78 2688.12
3348 1802.42 2611.7
3349 2958.97 1247.92
3350 3032.66 501.1
3351 1061.65 126.051
3352 2563.02 909.572
3353 2453.36 2048.25
3354 3903.01 2804.74
3355 291.905 939.568
3356 4063.89 1257
3357 929.073 2743.75
3358 3678.76 3154.31
3359 1444.29 1703.98
3360 3206.91 1898.94
3361 360.648 4446.26
3362 1188.21 1188.67
3363 3622 1054.34
3364 1178.3 1615.52
3365 306.004 277.86
3366 2805.4 1368.05
3367 3009.58 440.458
3368 907.6 985.913
3369 3090.88 3153.8
3370 4794.9 4403.39
3371 868.364 1351.05
3372 3964.42 1513.9
3373 4718.56 2525.95
3374 1034.67 3553.65
3375 303.515 2634.48
3376 3742.71 3043.8
3377 3523.67 2488.21
3378 3903.4 4816.95
3379 3774.56 3075.12
3380 2273.5 2691.51
3381 4173.99 4539.61
3382 4193.34 454.366
3383 659.001 4548.58
3384 3516.79 4510.72
3385 4387.95 1855.26
3386 4088.57 364.794
3387 2512.67 443.64
3388 91.3497 4415.04
3389 3481.33 943.949
3390 2694.28 4874.87
3391 938.346 1249.54
3392 1778.87 245.473
3393 3182.16 3874.64
3394 503.146 3229.05
3395 551.645 3904.46
3396 2950.34 583.067
3397 783.659 2939.9
3398 2255.95 3911.17
3399 3060.97 1864
3400 4338.82 1021.1
3401 4844.11 240.983
3402 1704.94 2749.21
3403 317.431 124.176
3404 2435.76 2436.97
3405 2545.24 2405.14
3406 258.45 2190.94
3407 3780.6 2631.55
3408 4383.21 571.813
3409 4651.25 658.637
3410 2706.52 2782.07
3411 491.256 3262.52
3412 128.819 2409.72
3413 386.097 4222.95
3414 1402.26 3446.24
3415 1382.91 4719.94
3416 3808.26 293.033
3417 2883.38 2003.66
3418 4771.19 956.695
3419 4426.3 268.571
3420 1072.22 3449.18
3421 4336.4 124.326
3422 189.527 2551.45
3423 4069.92 181.461
3424 3934.81 3720.1
3425 444.695 3199.18
3426 4289.98 1165.17
3427 692.431 4468.05
3428 657.687 2895.55
3429 3124.17 2814.18
3430 1070.61 1646
3431 580.41 899.751
3432 4668.47 555.711
3433 3048 3952.24
3434 3707.93 1307.66
3435 490.601 936.678
3436 4300.06 4706.85
3437 2419.9 3506.26
3438 1502.63 1485.87
3439 3181.59 2385.56
3440 1561.25 154.659
3441 3747.13 857.436
3442 1443.86 192.354
3443 4296.83 3372.96
3444 4501.78 4028.37
3445 4668.06 3157.23
3446 151.134 4792.48
3447 2835.46 3735.6
3448 1538.09 486.754
3449 1181.88 3544.06
3450 4814.05 4002.15
3451 4046.55 4521.93
3452 473.858 3203.92
3453 2281.02 2094.76
3454 1753.26 2614.11
3455 2740.7 3355.76
3456 4741.64 509.727
3457 987.891 3202.91
3458 404.981 2355.79
3459 591.244 226.929
3460 554.243 3522.41
3461 2630.71 2705.84
3462 1815.19 1513.76
3463 218.218 4221.39
3464 4151.9 4712.01
3465 4006.45 1909.56
3466 1629.72 3200.97
3467 1804.81 3891.8
3468 83.0877 2673.97
3469 901.837 438.056
3470 1969.93 4673.99
3471 1054.28 2521.73
3472 4843.66 3441.26
3473 962.549 4517.96
3474 1643.08 1614.88
3475 1284.11 4669.69
3476 1104.39 2303.09
3477 3210.98 630.882
3478 2711.74 740.108
3479 1327.85 4730.45
3480 3333.62 1830.13
3481 194.051 3693.56
3482 3540.28 2968.11
3483 4523.8 2535.06
3484 3554.53 4267.34
3485 2437.67 2409.14
3486 4745.39 3189.55
3487 1923.77 1492.12
3488 4690.61 4476.23
3489 3782.37 1548.52
3490 1803.01 3431.9
3491 4069.43 3285.64
3492 407.635 2073.72
3493 2622.28 164.465
3494 2644.87 3067.51
3495 1320.51 4570.18
3496 4507.93 4796.61
3497 346.618 721.035
3498 2143.07 3044.38
3499 2117.27 3354.01
3500 253.576 4831.76
3501 3548.44 3329.6
3502 3183.61 750.941
3503 4491.58 4283.27
3504 1499.12 3750.11
3505 1775.73 423.761
3506 1232.93 1165.08
3507 4569.98 1821.35
3508 3291.31 3848.84
3509 1309.51 540.667
3510 4616.84 3510.9
3511 1214.59 4110.45
3512 1003.13 2627.68
3513 4371.59 3939.54
3514 1607.75 4013.39
3515 4605.2 4626.69
3516 2740.36 2490.82
3517 2499.4 4132.54
3518 1784.99 4051.55
3519 3311.85 3728.18
3520 4241.41 1156.12
3521 2382.37 462.68
3522 472.065 4094.04
3523 3289.57 1115.05
3524 4774.38 4746.4
3525 2003.93 1208.12
3526 1556.88 1553.47
3527 2798.79 637.994
3528 4604.7 634.303
3529 4830.72 349.556
3530 1649.9 2880.08
3531 2876.43 4786.73
3532 1221.93 3000.95
3533 3961.86 2780.42
3534 611.498 3824.29
3535 279.554 4058.81
3536 3687.41 3586.89
3537 1704.91 805.075
3538 2204.83 3969.65
3539 552.018 136.79
3540 3560.75 1000.06
3541 1655.88 3923.49
3542 198.648 3042.04
3543 111.942 525.314
3544 250.867 4868.68
3545 3278.09 207.563
3546 3423.47 4661.09
3547 924.097 3517.01
3548 1930.12 3041.72
3549 3495.01 3469.49
3550 1309.9 4595.87
3551 2995.45 4209.78
3552 164.056 1346.25
3553 1574.6 3740.43
3554 942.848 356.814
3555 262.588 1231.83
3556 2323.41 4338.05
3557 3337.68 418.776
3558 316.388 2033.06
3559 963.918 4766.03
3560 4473.14 2179.04
3561 2034.04 3538.88
3562 622.744 1504.59
3563 3405.09 3300.55
3564 928.818 4523.91
3565 1324.32 639.368
3566 4873.23 3732.86
3567 4610.44 4622.26
3568 4327.59 2562.14
3569 445.015 579.256
3570 1586.64 1092.22
3571 2595.37 3259.01
3572 4117.02 1443.51
3573 3364.21 1491.74
3574 3848.67 79.0947
3575 885.425 178.684
3576 1059.52 1057.76
3577 2001.77 708.069
3578 2274.25 753.031
3579 3763.2 2955.34
3580 3519.98 4612.67
3581 3894.03 4722.62
3582 4118.87 514.138
3583 4800.85 4340.79
3584 3467.25 2904.47
3585 3688.71 256.162
3586 453.808 115.412
3587 2582.15 935.513
3588 546.799 100.139
3589 68.2385 2585.09
3590 3837.26 3665.3
3591 1437.1 1780.25
3592 941.762 4483.27
3593 41.2217 2753.82
3594 648.569 2993.23
3595 692.75 823.766
3596 2725.54 1947.8
3597 2721.25 4807.54
3598 3720.12 2162.29
3599 4727.07 509.38
3600 3521.77 3694.4
3601 2238.42 657.223
3602 229.021 2463.65
3603 891.933 2998.84
3604 787.56 3001.82
3605 2597.78 3639.58
3606 2535.39 1544.18
3607 1059.4 1751.72
3608 3306.92 4802.2
3609 3917.43 2106.45
3610 960.425 3459.18
3611 140.772 178.72
3612 744.05 534.359
3613 1290.49 3720.6
3614 3705.7 3965.92
3615 2040.29 4496.81
3616 949.234 2386.15
3617 3922.14 1078.78
3618 3053.59 1689.11
3619 889.239 582.116
3620 2868.35 3956.68
3621 1355.32 4800.42
3622 1024.47 4725.26
3623 4726.28 4846.3
3624 2402.2 2421.55
3625 175.059 4085.21
3626 1529.73 4217.37
3627 1563.33 3920.74
3628 1689.49 4072.67
3629 1700.88 1589.26
3630 2233.86 1875.95
3631 4397.04 2457.05
3632 1311.57 4277.23
3633 426.351 221.411
3634 2539.93 4353.76
3635 344.827 3003.27
3636 1919.5 1353.58
3637 661.621 2010.5
3638 3937.22 1151.52
3639 4436.01 2420.03
3640 665.084 2200.7
3641 2555.07 4571.32
3642 4456.86 3813.55
3643 3357.96 917.912
3644 2488.82 3846.84
3645 545.433 3366.46
3646 3633.13 3442.57
3647 3857 2049.52
3648 3061.58 4395.19
3649 1007.27 4166.47
3650 925.254 169.313
3651 2861.33 4732.66
3652 2479.08 912.055
3653 1132.18 863.604
3654 356.43 2020.56
3655 274.167 4363.48
3656 1906.24 134.771
3657 377.093 1349.28
3658 1947.15 3906.4
3659 4087.74 1141.33
3660 1855.4 1404.27
3661 548.896 1545.65
3662 2851.77 2674.63
3663 2435.13 3393.25
3664 1330.95 1845.55
3665 3815.08 1222.18
3666 3804.19 2847.39
3667 2054.08 1240.52
3668 1073.81 2882.72
3669 3831.45 4437.38
3670 3850.73 3477.48
3671 2462.78 2882.42
3672 2426.49 3022.96
3673 1322.7 4815.49
3674 4542.64 3496.28
3675 774.614 3338.61
3676 2045.52 1126.71
3677 1139.47 4029.89
3678 4611.4 772.354
3679 4269.79 1597.43
3680 1899.72 4606.82
3681 1041.84 1242.67
3682 2397.31 2804.41
3683 353.602 2824.49
3684 3092.76 2883.42
3685 3506.84 670.851
3686 4222.23 3731.83
3687 1363 4559.39
3688 4402.88 306.331
3689 1411.58 1156.53
3690 3615.82 4618.09
3691 2626.97 3635.13
3692 2448.5 1968.18
3693 2259.34 4846.69
3694 26.0817 421.581
3695 3861.51 2865.36
3696 514.581 4767.5
3697 2417.52 1174.7
3698 57.1418 610.695
3699 3056.01 3834.25
3700 681.544 2588.34
3701 2237.32 1936.18
3702 2725.27 1551.64
3703 323.291 1271.38
3704 820.454 929.851
3705 582.14 3457.3
3706 896.037 139.822
3707 4097.1 2771.14
3708 3239.48 2159.3
3709 528.844 1425.91
3710 1622.77 64.5985
3711 1526 1639.59
3712 2292.94 806.314
3713 4897.54 3258.97
3714 3397.81 4610.37
3715 717.427 2020.34
3716 2631.83 1954.93
3717 2743.65 4157.06
3718 1800.5 50.1104
3719 2112.89 1447.42
3720 4810.54 3438.85
3721 4574 4472.86
3722 661.816 427.367
3723 2838.49 2572.75
3724 3923.79 510.776
3725 2582.77 4841.07
3726 4092.66 516.237
3727 3528.57 2401.05
3728 3097.01 1461.42
3729 3932.89 4509.48
3730 3211.7 3949.17
3731 3260.72 3206.91
3732 3201.09 251.526
3733 4202.29 4047.31
3734 2332.52 4670.93
3735 4443.86 4119
3736 2839.44 4789.78
3737 4630.33 290.498
3738 2510.59 1185.93
3739 2533.85 103.184
3740 1738.7 2583.72
3741 2394.25 4104.25
3742 2748.52 40.8103
3743 3121.93 1883.3
3744 3303.21 2340.24
3745 4248.16 3873.41
3746 2854.73 2491.38
3747 1585.89 3690.33
3748 1119.31 4252.53
3749 836.487 3812.61
3750 3295.82 4265.36
3751 3609.81 4553.3
3752 1607.01 860.085
3753 2927.49 4024.28
3754 4240.3 2437.97
3755 3522.67 2393.22
3756 97.7356 4530.67
3757 2772.85 2146.63
3758 517.624 3224.23
3759 2686.19 880.799
3760 2709.03 3117.35
3761 4689.58 4615
3762 4095.15 398.841
3763 2727.31 2212.63
3764 4221.42 3895.2
3765 3077.98 3700.19
3766 3853.07 1773.97
3767 1059.72 3967.01
3768 3335.9 1598.25
3769 3699.77 2842.5
3770 1839.11 3087.83
3771 2720.82 907.669
3772 3649.87 93.6583
3773 4847.89 3199.5
3774 3487.31 994.372
3775 2791.17 671.984
3776 2184.47 1516.74
3777 2924.69 4865.57
3778 4467.34 445.718
3779 2884.27 4463.54
3780 4606.22 527.619
3781 1857.42 1356.55
3782 1916.9 1912.71
3783 859.898 2643.45
3784 811.387 21.2476
3785 3667.99 555.827
3786 4142.43 4747.91
3787 2039.59 4043.04
3788 3764.96 3960.7
3789 1651.37 4704.76
3790 3915.56 283.35
3791 2595.95 1868
3792 4280.38 4268.39
3793 1671.65 2517.92
3794 1871.17 3695.6
3795 31.6173 1723.17
3796 234.134 2187.74
3797 4187.27 4490.02
3798 2424.03 3749.96
3799 782.209 3064.21
3800 4761.38 2041.54
3801 305.731 2688.22
3802 3836.54 4861.91
3803 1473.77 1398.15
3804 190.032 4378.92
3805 358.639 1189.78
3806 1746.64 2949.58
3807 1687.7 1306.9
3808 3755.94 330.693
3809 2888.43 3363.78
3810 2054.2 3985.02
3811 1853.49 1925.37
3812 3443.32 2746.22
3813 2278.8 3000.28
3814 4212.71 3114.88
3815 2226.01 597.005
3816 3719.01 634.331
3817 4326.89 3028.67
3818 2581.79 3330.42
3819 3046.81 2112.12
3820 1454.72 3894.8
3821 4072.86 3592.23
3822 2782.03 982.031
3823 4345.25 4587.91
3824 1446.19 4621.71
3825 1041.55 291.102
3826 4229.41 614.563
3827 2035.27 2211.72
3828 1797.25 1440.55
3829 3095.53 1598.58
3830 1013.21 3758.05
3831 4530.36 3350.71
3832 4084.61 3163.77
3833 2225.82 1747.91
3834 1789.29 4119.25
3835 4545.8 1532.44
3836 520.563 256.465
3837 1526.55 1280.11
3838 4819.96 3579.06
3839 3875.42 4185.76
3840 4349.58 2229.58
3841 2381.84 4492.51
3842 796.447 4782.23
3843 3995.77 4264.6
3844 552.654 1779.35
3845 4302.81 948.889
3846 299.235 3646.49
3847 2233.72 3463
3848 3109.82 1746.95
3849 2191.12 3444.05
3850 3785.32 4529.36
3851 4308.66 389.216
3852 2297.44 4800.44
3853 2004.66 3598.15
3854 2302.88 891.611
3855 4236.59 564.48
3856 474.333 3313.24
3857 229.278 2385.73
3858 598.115 4454.49
3859 2282.12 4736.4
3860 2060.08 2537.04
3861 1647.42 991.094
3862 489.458 4072.92
3863 4101.72 1308.28
3864 3281.85 125.543
3865 2551.09 1118.95
3866 731.161 1712.71
3867 1775.79 1927.21
3868 977.716 4803.36
3869 1795.55 2653.87
3870 158.859 2476.59
3871 1647.73 2605.16
3872 2969.46 2904.66
3873 2688.58 3396.17
3874 3457.34 4138.49
3875 3781.29 1974.42
3876 1097.08 4873.51
3877 2487 829.174
3878 3306.62 1267.69
3879 97.4196 1902.92
3880 4600.19 1106.28
3881 3082.15 3181.23
3882 3942.08 2109.88
3883 2054.2 3278.71
3884 1732.44 764.161
3885 3858.04 797.552
3886 3525.95 3633.42
3887 1796.25 4395.24
3888 2727.26 4210.17
3889 135.184 3694.37
3890 3898.88 3172.7
3891 3899.13 2911.12
3892 1129.84 4742.6
3893 1654.38 2382.8
3894 3549.82 792.468
3895 995.535 4220.82
3896 306.98 205.935
3897 3884.67 213.17
3898 804.008 2512.94
3899 376.693 3238.09
3900 989.772 2787.5
3901 3375.45 3438.26
3902 1048.22 2280.65
3903 4676.42 3945.07
3904 4683.19 2316.5
3905 2981.54 1812.18
3906 4044.45 891.492
3907 3378.25 2869.67
3908 4449.81 3445.58
3909 84.3131 1302.75
3910 904.818 2377.61
3911 1420.42 1111.63
3912 1116.6 4688.56
3913 1705.03 2963.44
3914 1512.65 4173.57
3915 2923.37 1448.83
3916 730.251 236.729
3917 4236.42 794.488
3918 3211.78 4851.28
3919 2201.2 3098.42
3920 4140.08 4534.32
3921 1875.52 716.269
3922 1488.89 1359.61
3923 1541.05 2277.49
3924 4664.36 2894.74
3925 2364.59 1751.14
3926 1078.7 2718.54
3927 3012.62 2311.97
3928 2897.6 3292.25
3929 582.23 4858.98
3930 1444.19 4214.26
3931 1591.21 2337.03
3932 2165.73 3841.17
3933 4804.73 1576.02
3934 3579.49 135.59
3935 480.374 3674.65
3936 4178.27 1364.11
3937 2588.03 59.7718
3938 3626.06 3334.81
3939 3659.88 2857.17
3940 2979.49 4010.74
3941 2665.12 3513.66
3942 1347.15 1283.41
3943 3561.68 3506.06
3944 1839.43 2738.41
3945 558.654 674.783
3946 1835.71 3458.25
3947 3940.77 3064.91
3948 2111 3769.91
3949 3135.99 1105.36
3950 4198.49 4034.88
3951 753.608 2655.55
3952 2531.15 3168.06
3953 3786.01 3800.53
3954 3509.33 2515.26
3955 2731.14 2664.36
3956 4273 2505.03
3957 1027.37 4621.59
3958 148.135 1391.5
3959 4500.31 905.153
3960 609.593 1748.95
3961 2925.08 1299.32
3962 902.273 111.379
3963 3046.53 772.199
3964 1681.07 1787.09
3965 477.994 1990.14
3966 3986.37 3662.04
3967 3480.89 3959.28
3968 1755.09 204.967
3969 2565.65 3474.58
3970 962.104 1135.92
3971 2741.97 4067.53
3972 2348.76 3606.37
3973 3302.76 4536.26
3974 3800.39 4848.99
3975 3283.38 2439.87
3976 6.53431 3980.68
3977 347.926 1102.05
3978 1536.37 4098.48
3979 2598.89 4620.96
3980 1217.38 2789.25
3981 4781.15 269.167
3982 1337.15 2314.32
3983 4896.52 465.39
3984 1936.54 3116.76
3985 3577.29 2932.53
3986 1675.63 1520.4
3987 1231.11 4302.89
3988 816.475 818.574
3989 4013.4 954.622
3990 1096.04 3959.18
3991 2173.03 3921.72
3992 289.026 3518.32
3993 2144.22 3175.74
3994 3347.99 1226.07
3995 830.336 1629.11
3996 2636.03 1165.93
3997 433.986 3377.96
3998 906.714 246.654
3999 1796.08 3434.8
4000 2770.91 1986.81
4001 2756.63 2656.85
4002 3936.69 1003.45
4003 4040.11 2619.98
4004 4772.32 496.231
4005 4617.54 2246.23
4006 894.156 9.57863
4007 1331.26 4589.17
4008 4179.47 776.207
4009 4697.03 822.644
4010 3010.08 1838.34
4011 3782.68 2171.13
4012 3902.15 1151.66
4013 581.338 1405.44
4014 2735.23 2701.81
4015 2989.59 2096.89
4016 2438.34 1536.77
4017 3100.54 4556.87
4018 1826.77 3261.36
4019 2456.52 2958
4020 287.244 3808.29
4021 2766.97 132.048
4022 2854.87 1441.96
4023 1482.77 3261.15
4024 3879.21 3117.32
4025 712.343 970.704
4026 465.62 4843.67
4027 1260.28 4299.11
4028 1575.05 2354.27
4029 1387.68 2797.88
4030 1967.13 2470.83
4031 1141.49 2369.6
4032 4134.09 1404.25
4033 2247.88 2966.07
4034 2897.38 4795.98
4035 1914.51 4889.01
4036 3118.23 4642.1
4037 1548.24 556.636
4038 1654.99 728.422
4039 3575.36 1679.15
4040 223.084 3727.77
4041 2071.66 1409.36
4042 2513.14 1898.49
4043 2581.57 2134.67
4044 4047.5 1169.08
4045 1148.11 3083.24
4046 2035.78 4065.58
4047 1153.8 2596.05
4048 4661.45 2475.32
4049 4894.42 4432.66
4050 1906.88 1775.5
4051 1556.52 3273.94
4052 781.606 2632.27
4053 4806.31 3488.19
4054 3325.09 3703.04
4055 2231.67 716.939
4056 4615.31 4136.54
4057 2477.16 2723.04
4058 1725.97 2924.79
4059 4084.73 4650.05
4060 347.01 4498.98
4061 1262.75 2646.23
4062 1626.25 2811.47
4063 1182.93 3868.34
4064 3380.03 2906.5
4065 2283.71 2213.12
4066 2825.08 3816.14
4067 4316.3 486.783
4068 187.067 2431.64
4069 4580.52 3405.07
4070 2088.48 4633.46
4071 612.166 3547.14
4072 1959.4 1607.18
4073 4678.65 4651.89
4074 846.992 849.29
4075 1524.97 3743.75
4076 2690.37 3704.78
4077 2203.81 519.373
4078 590.967 3317.31
4079 807.252 351.623
4080 369.17 3703.8
4081 29.3659 2770.34
4082 4610.38 4743.16
4083 1823.5 2649.3
4084 2944.77 2711.38
4085 2099.68 4869.27
4086 1152.11 2702.29
4087 2706.42 3706.01
4088 1825.2 4335.33
4089 2865.86 717.952
4090 934.193 1591.93
4091 746.213 472.303
4092 2934.56 4626.52
4093 3151.47 1935.07
4094 4654.05 3113.79
4095 3960.61 2888.9
4096 2460.99 3169.07
4097 2389.72 3634.01
4098 4092.44 3349.51
4099 2130.76 3323.45
4100 3549.33 3845.5
4101 1343.89 3925.12
4102 1542.64 598.09
4103 3453.64 736.281
4104 4792.08 4198.22
4105 1513.37 1792.24
4106 1787.08 2090.33
4107 4051.89 2243.72
4108 4342.26 4643.86
4109 3445.93 1039.89
4110 2675.52 830.548
4111 3382.06 1478.98
4112 3.25518 2303.52
4113 4056.98 3640.76
4114 1117.71 3786.22
4115 1851.05 124.139
4116 448.993 189.992
4117 1002.48 1974.01
4118 1291.85 633.04
4119 565.402 3921.55
4120 2294.88 3752.3
4121 667.333 1409.8
4122 4896.43 3034.29
4123 4682.43 1700.69
4124 3754.93 3543.17
4125 4074.82 885.268
4126 1345.04 1248.07
4127 652.517 4052.41
4128 1852.17 4210.24
4129 2936.18 3625.6
4130 23.6986 2957.72
4131 1005.85 4769.53
4132 4132.17 4011.86
4133 1019.61 3639.72
4134 2665.26 4318.38
4135 2524.01 4027.99
4136 4197.54 1390.19
4137 604.604 4598.72
4138 4576.49 2038.06
4139 4431.71 947.788
4140 2697.77 1764.79
4141 4209.35 3622.94
4142 1593.58 1312.45
4143 1701.5 2697.87
4144 2669.88 1518.23
4145 4323.44 2036.98
4146 1254.66 1071.51
4147 3202 1385.99
4148 669.261 709.425
4149 1153.36 2275.33
4150 3435.72 2764.03
4151 2733.93 378.391
4152 2277.7 1871.9
4153 4881.08 4367.79
4154 2587.24 1168.98
4155 1783.34 2609.64
4156 3781.36 29.6058
4157 2273.71 2343.58
4158 2866.08 1365.5
4159 2847.51 1262.37
4160 4410.59 3253.26
4161 1837.41 3221.82
4162 525.964 1830.6
4163 1463.11 872.558
4164 3899.76 1193.36
4165 2047.63 3167.84
4166 794.127 1584.19
4167 4541.47 4899.59
4168 593.043 2822.93
4169 2064.26 951.14
4170 3630.71 3995.01
4171 4461.64 964.494
4172 4091.43 4725.82
4173 3457.02 3226.82
4174 790.053 4848.68
4175 332.77 276.642
4176 1147.67 3821.06
4177 2270.23 754.009
4178 2723.06 4193.82
4179 3199.65 1017.5
4180 1373.96 2448.09
4181 2873.56 3098.12
4182 4841.07 3609.05
4183 3832.51 4003.07
4184 2666.9 2021.71
4185 1834.76 3429.15
4186 3943.74 1667.93
4187 1681.95 86.0612
4188 2433.41 1281.56
4189 929.402 2367.69
4190 3305.85 2266.66
4191 2202.03 1564.63
4192 4108.7 1484.68
4193 1366.24 4809.29
4194 1873.92 3073.96
4195 2771.22 4761.99
4196 3334.05 2471.29
4197 1264.41 2165.17
4198 3709.63 4851.37
4199 4243.96 195.417
4200 1324.5 102.691
4201 574.628 656.366
4202 3921.12 4641.48
4203 1579.44 3409.07
4204 1764.41 2552.96
4205 3896.76 4718.81
4206 2802.18 3347.46
4207 3287.82 2471.71
4208 4042.33 302.312
4209 4486.26 4894.91
4210 2773.99 2315.91
4211 821.72 939.356
4212 4282.93 1307.96
4213 4792.85 864.976
4214 4820.84 259.96
4215 1998.31 3764.63
4216 2473.03 1613.22
4217 2576.75 2249.73
4218 921.121 146.264
4219 4710.72 3751.51
4220 1199.25 3038.55
4221 843.054 3068.56
4222 2116.84 3510.76
4223 1020.3 4461.98
4224 862.728 571.82
4225 3686.79 2923.63
4226 3284.48 533.602
4227 675.378 523.887
4228 4249.14 3054.11
4229 3001.76 3646.14
4230 3935.61 4616.21
4231 1668.92 427.767
4232 1265.82 559.068
4233 2145.57 658.646
4234 3008.88 2170.12
4235 3270.53 1442.29
4236 3727 1743.39
4237 361.99 4308.74
4238 3342.23 3025.78
4239 1094.49 3897.54
4240 134.048 4054.57
4241 3871.05 1220
4242 1642.11 3107.77
4243 3583.87 931.603
4244 3725.08 2164.31
4245 630.77 1367.04
4246 1687.42 428.601
4247 248.022 2821.61
4248 1165.75 2058.1
4249 979.281 3633.42
4250 34.6596 1054.37
4251 1749.13 1104.94
4252 939.066 3799.72
4253 3703.6 2542.61
4254 1779.06 3475.09
4255 464.068 4103.08
4256 4067.23 2082.84
4257 4898.94 2449.93
4258 4318.72 3712.51
4259 4073.1 1293.98
4260 994.81 3290.44
4261 2756.33 804.285
4262 2425.83 3884.6
4263 3900.14 410.803
4264 4715.79 4873.83
4265 4611.22 3935.76
4266 656.329 1927.11
4267 2491.61 2775.68
4268 1397.31 3520.18
4269 1612.15 1396.74
4270 836.85 3108.01
4271 233.378 1537.83
4272 142.563 4395.41
4273 900.283 2651.16
4274 3614.56 761.591
4275 1153.63 2232.69
4276 3936.38 2506.67
4277 1604.82 2804.62
4278 3294.97 2757.7
4279 3020.24 3517.32
4280 4427.14 2547.22
4281 2065.78 3562.88
4282 1888.12 183.768
4283 1185.4 321.667
4284 3261.08 895.341
4285 2039.53 2257.99
4286 1894.85 2536.86
4287 560.925 3582.76
4288 4747.52 4832.31
4289 3300.04 3830.46
4290 3570.76 4126.78
4291 3183.9 2605.65
4292 45.8187 4710.51
4293 1931.39 3310.87
4294 2339.9 1753.25
4295 538.8 3356.63
4296 3016.07 420.043
4297 167.159 3376.44
4298 798.898 3520.75
4299 218.85 1946.21
4300 4512.84 2439.19
4301 4649.64 2040.02
4302 3686.46 2687.89
4303 1211.94 1534.01
4304 1265.3 3975.45
4305 4048.77 1579.08
4306 910.562 514.432
4307 1682.14 2038.42
4308 2508.33 1208.26
4309 3608.13 1592.06
4310 1977.63 1751.11
4311 4222.42 4758.37
4312 3024.42 1447.21
4313 986.578 4100.23
4314 91.179 1660.39
4315 1691.31 2299.99
4316 266.173 4146.97
4317 1494.39 3841.57
4318 3183.98 2654.9
4319 859.94 3318.59
4320 3067.81 4492.6
4321 2160.34 554.006
4322 1062.65 4077.94
4323 4705.98 181.226
4324 4347.19 2324.16
4325 770.762 1799.12
4326 3632.61 785.73
4327 4223.83 1906.94
4328 3207.15 1387.65
4329 268.016 4177.98
4330 379.649 595.972
4331 837.195 1009.13
4332 326.172 3331.18
4333 3428.08 3380.41
4334 4524.04 401.064
4335 4019.11 2963.5
4336 3903.34 55.0013
4337 2981.38 3569.02
4338 2060.68 4686.32
4339 1160.54 4873.6
4340 2368.22 4607.13
4341 4881.05 1906.9
4342 251.792 201.714
4343 1469.84 2782.74
4344 684.968 2194.61
4345 4305.9 1007.62
4346 4294.87 4625.59
4347 1327.07 4219.08
4348 110.218 2944.88
4349 1552.9 1372.69
4350 3835.95 2115.23
4351 1624.64 4895.13
4352 2083.98 441.088
4353 4847.17 272.206
4354 2430.19 955.641
4355 642.854 4244.32
4356 3281.66 2502.49
4357 225.611 220.053
4358 4071.82 3602.79
4359 3377.17 955.797
4360 3678.71 297.258
4361 1066.07 2617.55
4362 104.625 3419.84
4363 2987.12 1021.59
4364 1951.96 3393.57
4365 1903.82 3238.13
4366 3250.89 3939.9
4367 872.15 2001.04
4368 945.588 1070.26
4369 4809.36 145.354
4370 4280.62 3565.18
4371 2943.39 1766.64
4372 4324.08 2098.33
4373 3647.5 1004.24
4374 1563.63 3780.17
4375 3220.72 317.442
4376 2358.69 2911.02
4377 1764.81 4055.5
4378 1385.07 2975.17
4379 3569.91 4188.57
4380 3808.67 625.716
4381 244.935 2167.41
4382 1860.99 2818.06
4383 3684.27 3719.79
4384 3580.6 4448.68
4385 1546.37 414.879
4386 2166.82 4074.49
4387 2891.86 694.538
4388 3798.37 2611.74
4389 2604.48 992.482
4390 2016.27 2183.16
4391 3096.97 4736.67
4392 1101.75 788.167
4393 3463.33 942.681
4394 3009.56 2438.82
4395 963.712 2087.83
4396 3253.72 4008.17
4397 883.9 471.648
4398 3703.88 1441.56
4399 205.967 704.717
4400 1296.25 3166.96
4401 3590.36 2365.98
4402 2961.91 1304.43
4403 31.2589 606.182
4404 1613.63 4765.76
4405 1604.53 4577.81
4406 2934.68 1551.61
4407 4298.42 400.413
4408 2390.94 111.052
4409 3143.09 3075.61
4410 3935.85 2082.07
4411 4356.26 2757.75
4412 1582.76 3845.72
4413 602.194 541.912
4414 721.502 2770.23
4415 2356.96 820.542
4416 4399.89 2679.11
4417 1712.53 3499.63
4418 3041.1 3982.53
4419 3100.97 3549.46
4420 1916.92 4408.92
4421 4589.68 1308.96
4422 1880.09 927.709
4423 1497.24 3686.9
4424 4867.75 1347.83
4425 512.445 2997.97
4426 2995.48 4508.35
4427 2297.84 19.4817
4428 1641.07 3573.31
4429 53.1455 1315.92
4430 3052.93 4355.17
4431 865.878 4594.82
4432 127.313 2455.36
4433 4188.74 4525.49
4434 3598.04 3721.72
4435 4239.81 2751.36
4436 4259.65 338.792
4437 1236.98 2575.91
4438 4864.91 4219.96
4439 3365.84 3196.87
4440 847.026 3114.69
4441 4265.71 3431.94
4442 1050.49 1418.53
4443 4569.29 1824.23
4444 2914.73 1378.25
4445 108.707 4878.09
4446 1166.92 1699.42
4447 42.9374 668.681
4448 2720.69 2120
4449 2586.03 2631.24
4450 3163.77 3239.52
4451 2063.03 871.372
4452 4037.69 3380.62
4453 4568.83 4885.26
4454 3339.72 1736.16
4455 4375.76 3895.56
4456 4665.66 247.709
4457 2914.51 60.9387
4458 4152.15 243.843
4459 4501.94 566.737
4460 4658.03 2126.65
4461 1842.88 802.553
4462 764.427 1350.41
4463 866.675 868.386
4464 4570.03 3920.5
4465 1775.57 473.184
4466 497.749 3169.08
4467 3944.45 103.933
4468 1767.7 904.385
4469 1089.3 507.145
4470 3801.33 3194.03
4471 964.827 913.176
4472 170.899 1977.35
4473 2376.74 4608.52
4474 83.5795 4602.98
4475 2297.95 160.579
4476 1835.95 1658.47
4477 3007.35 1366.76
4478 4133.28 642.332
4479 3614.76 808.592
4480 2457.7 1215.73
4481 4000.96 427.681
4482 836.311 3476.8
4483 3506.25 2152.85
4484 4338.68 1281.12
4485 3906.52 3031.89
4486 1607.4 625.829
4487 662.317 2413.9
4488 3585.34 3256.11
4489 595.667 4001.22
4490 2857.41 4414.14
4491 2252.62 4314.57
4492 4514.47 335.383
4493 4414.49 2753.16
4494 2401.93 4.65063
4495 579.198 4176.31
4496 2237.94 4575.34
4497 419.124 2051.62
4498 2032.47 36.3004
4499 3120.67 2616.81
4500 481.713 1576.88
4501 1158.5 773.196
4502 153.563 2936.23
4503 2046.6 504.343
4504 2100.71 5.55726
4505 629.308 3687.56
4506 2733.69 2425.35
4507 1112.18 3792.36
4508 4461.12 2025.09
4509 3129.65 3727.84
4510 1182.71 641.219
4511 1927.6 3350.95
4512 114.546 13.9164
4513 4167.44 3924.25
4514 4295.52 3511.04
4515 3341.34 4285.3
4516 1639.42 3770.97
4517 4818.12 2835.59
4518 1288.58 969.378
4519 434.911 356.943
4520 2681.18 1628.92
4521 836.01 4215.96
4522 4206.65 0.260642
4523 2174.25 3197.41
4524 1507.99 179.327
4525 4047.23 2564.61
4526 766.173 2497.09
4527 849.827 1544.81
4528 4062.01 3006.1
4529 4537.72 3014.5
4530 2276.25 3179.15
4531 2258.23 447.3
4532 2667.49 4767.31
4533 2102.3 2312.5
4534 4688.17 4588.1
4535 1575.99 1690.63
4536 4218.84 4125.45
4537 2969.43 2170.94
4538 4333.7 1862.13
4539 3690.03 4115.86
4540 2540.16 1858.85
4541 4173.48 3893.26
4542 1435.25 2517.31
4543 636.452 798.403
4544 580.378 152.292
4545 1103.88 745.291
4546 4325.86 3838.07
4547 1343.58 1914.67
4548 3471.99 2944.98
4549 1896.41 1736.53
4550 1720.4 2285.04
4551 635.804 4817.56
4552 419.522 2396.85
4553 3575.87 2723.21
4554 3578.81 425.58
4555 2842.48 3072.89
4556 849.668 3825.75
4557 990.372 2025.05
4558 3915.12 831.654
4559 4417.31 3710.68
4560 3927.75 872.664
4561 377.59 1315.63
4562 622.764 3859.82
4563 1983.07 2849.07
4564 174.099 3951.15
4565 4691.29 96.9166
4566 4737.66 753.038
4567 4160.65 2232.81
4568 3420.51 3607.05
4569 4287.37 3434.54
4570 1405.92 2581.67
4571 671.065 1497.05
4572 1077.44 2753.09
4573 902.777 3125.73
4574 1309.4 708.276
4575 3695.66 4009.21
4576 2015.7 4483.24
4577 4220.3 3666.14
4578 736.733 2471.36
4579 3645.55 2708.78
4580 4242.48 4813.61
4581 896.796 2461.66
4582 4759.11 4233.28
4583 2004.73 1298.25
4584 1169.56 1009.01
4585 4659.55 3369.09
4586 3862.42 851.15
4587 3857.3 54.8305
4588 2125.69 2193.08
4589 2730.12 4439.65
4590 4376.42 540.386
4591 3449.59 3442.62
4592 3253.12 3007.81
4593 3444.7 1699.05
4594 3007.64 300.156
4595 2080.2 2224.18
4596 2186.47 4605.18
4597 3248.67 348.658
4598 4048.55 2531.87
4599 2812.25 4699.4
4600 2470.09 2274.09
4601 3187.47 3312.83
4602 2741.67 1934.73
4603 537.423 2057.61
4604 4720.83 1581.38
4605 415.791 3941.64
4606 2245.48 766.294
4607 3879.6 1046.26
4608 249.294 3509.67
4609 3935.79 4392.67
4610 1733.52 4569.25
4611 2671.59 2488.49
4612 2262.68 794.562
4613 2100.99 1655.43
4614 4837.2 4296.08
4615 2063.28 3770.65
4616 2977.59 3568.31
4617 3826.36 2830.07
4618 3909.17 4305.41
4619 2466.43 1062.6
4620 4522.98 750.342
4621 728.978 788.82
4622 3519.17 249.883
4623 2548.01 4260.15
4624 3632.42 2529.47
4625 4069.58 565.161
4626 1939.98 3062.1
4627 3289.68 2182.45
4628 98.8027 1093.88
4629 4229.95 360.581
4630 3170.39 4329.65
4631 593.619 3363.45
4632 1347 938.997
4633 2012.12 3992.52
4634 2796.4 1078.86
4635 2902.18 3957.04
4636 1383.65 1384.66
4637 1871.66 1984.25
4638 3319.67 2102.48
4639 1962.2 1335.99
4640 770.947 46.864
4641 1407.94 1970.78
4642 3233.38 4098.85
4643 1956.21 2757.1
4644 4687.84 3000.01
4645 3520.11 3596.93
4646 23.2199 2303.9
4647 2912.86 2327.98
4648 1465.63 4720.26
4649 3679.16 2000
4650 3836.18 3231.72
4651 2979.47 3613.05
4652 1344.06 2718.61
4653 641.199 4708.53
4654 601.431 2687.66
4655 3126.73 667.108
4656 4822.08 658.976
4657 4589.62 4624.23
4658 2683.66 3929.68
4659 1764.92 3072.15
4660 3471.46 652.976
4661 2538.72 604.211
4662 2174.08 3240.19
4663 1573.86 228.82
4664 3716.04 3424.47
4665 1222.75 124.131
4666 1047.4 4143.81
4667 2960.53 4411.7
4668 4029 606.492
4669 2837.95 2618.03
4670 1321.19 3761.37
4671 1240.29 3457.05
4672 316.352 3314.13
4673 301.577 1651.76
4674 4517.95 3734.8
4675 716.301 2960.93
4676 1442.72 41.8512
4677 3662.19 965.974
4678 308.157 91.7503
4679 4348.6 1659.85
4680 2206.73 4802.61
4681 4457.09 1327.12
4682 3312.01 2672.55
4683 1494.84 491.085
4684 819.792 3744.3
4685 1493.06 1754.87
4686 974.778 4642.85
4687 2147.27 2873.34
4688 2775.7 3440.13
4689 2198.35 370.695
4690 3503.43 213.63
4691 1341.91 1947.03
4692 2753.81 3021.3
4693 1505 4075.25
4694 1190.74 2543.73
4695 3473.93 3743.28
4696 4735.61 2131.31
4697 1405.24 3504.88
4698 849.842 2168.18
4699 3679.83 1841.98
4700 286.119 637.911
4701 3720.97 1760.57
4702 2491.87 4576.14
4703 1519.73 3681.81
4704 2648.97 1148.31
4705 2006.77 1953.34
4706 3108.95 701.87
4707 3709.87 2.73692
4708 2436.6 4304.6
4709 1532.87 3212.44
4710 983.385 2592.07
4711 443.481 2351.28
4712 1862.96 4216.31
4713 4752.12 4242.02
4714 2935.19 4457.51
4715 4429.08 718.017
4716 2042.23 4058.73
4717 4289.48 1639.48
4718 30.4413 4602.08
4719 4128.64 1643.48
4720 4361.5 3610.1
4721 3170.11 4102.87
4722 1159.56 4197.56
4723 2704.38 2249.48
4724 4492.52 2927.77
4725 4780.26 2031.35
4726 3690.75 4272.83
4727 3132.65 197.293
4728 2483.8 1749.95
4729 2584.81 2193.39
4730 3612.98 422.62
4731 1480.46 1643.54
4732 1965.77 207.219
4733 3807.9 3456.06
4734 3413.07 4769.31
4735 1613.55 4613.94
4736 1549.73 3659.34
4737 2260.6 3773.04
4738 869.436 656.433
4739 1578.27 867.011
4740 4614.61 3291.78
4741 226.19 2380.39
4742 36.3877 4805.71
4743 2616.65 1454
4744 1030.94 1873.12
4745 4699 4084.54
4746 819.815 378.09
4747 579.662 2668.26
4748 3448.78 4114.75
4749 4314.25 2898.58
4750 891.607 3565.92
4751 4194.71 234.342
4752 3850.8 172.226
4753 3511.86 3602.74
4754 3784.78 3931.01
4755 3053.6 3198.19
4756 846.421 3406.95
4757 4783.95 4841.05
4758 528.342 1622.3
4759 4189.49 1350.8
4760 1514.72 3661.58
4761 1658.55 3177.32
4762 3284.01 35.9387
4763 70.9978 152.62
4764 685.771 1326.43
4765 3132.38 306.097
4766 4421.59 3612.91
4767 2051.29 2572.28
4768 4211.57 1213.43
4769 3034.47 4069.77
4770 157.112 3857.01
4771 7.04407 1877.65
4772 4485.84 760.053
4773 3041.06 908.511
4774 4652.73 1106.43
4775 4432.89 2542.08
4776 177.062 4580.82
4777 1963.19 4032.67
4778 2956.12 4085.68
4779 3078.54 1232.16
4780 4197.34 1878.41
4781 2931.9 1684.86
4782 1183.71 564.789
4783 1507.18 551.867
4784 3498.02 4802.21
4785 2402.08 1458.45
4786 1743.46 2444.76
4787 240.842 2222.24
4788 3331.7 3921.58
4789 1365.96 1186.38
4790 1923.31 4378.5
4791 3816.85 3098.1
4792 2268.25 309.122
4793 3825.17 502.803
4794 4661.67 3314.52
4795 2885.82 1688.5
4796 2612.07 1876.24
4797 633.11 832.652
4798 3325.35 1852.68
4799 1024.77 4351.27
4800 4146.63 1029.21
4801 2547.71 2573.12
4802 528.157 3655.25
4803 1145.84 170.79
4804 2989.17 754.281
4805 3485.85 940.242
4806 3313.67 4375.02
4807 3388.46 604.004
4808 985.286 1210.88
4809 3280.56 1489.32
4810 65.1203 4302.32
4811 47.3105 2964.66
4812 4846.85 159.212
4813 769.781 848.732
4814 3987.97 170.431
4815 2587.36 2794.37
4816 940.477 1769.42
4817 575.07 4836.27
4818 2419.77 3179.76
4819 3627 3067.18
4820 1733.37 3143.13
4821 2973.35 2421.29
4822 1363.66 2826.29
4823 4199.06 4373.19
4824 3884.91 3470.07
4825 1938.71 4613.55
4826 829.587 3086.82
4827 1420.73 1295.33
4828 1294.54 54.4681
4829 3089.46 1161.83
4830 1361.34 770.549
4831 3170.65 3109.55
4832 3778.71 2418.25
4833 1077.33 3225.88
4834 2570.8 1434.99
4835 4201.22 3325.29
4836 4093.63 4834.26
4837 4232.39 1098.44
4838 2278.74 1725.32
4839 4162.85 1926
4840 933.422 80.5962
4841 495.434 2272.1
4842 2715.09 4743.96
4843 2405.71 777.662
4844 4322.14 3090.43
4845 742.111 3082.68
4846 3598.85 1313.68
4847 3489.49 3822.22
4848 2416.87 105.431
4849 2806.09 3694.37
4850 3845.06 4411.01
4851 3902.53 3938.85
4852 2675.74 2022.53
4853 4320.14 2829.72
4854 318.579 4096.07
4855 1342.2 171.273
4856 3297.87 880.712
4857 83.7008 1095.67
4858 3244.74 2318.77
4859 1458.13 3437.74
4860 3648.12 1493.03
4861 2352.42 1022.49
4862 4282.64 4603.11
4863 904.559 632.75
4864 1770.05 3653.49
4865 2629.37 679.702
4866 301.085 172.835
4867 3563.46 2987.85
4868 4698.01 2798.08
4869 3195.1 4364.93
4870 4353.14 2402.02
4871 348.468 2705.67
4872 3813.9 1017.98
4873 232.284 101.355
4874 594.238 4491.57
4875 560.015 1984.05
4876 2719.4 1444.53
4877 1483.5 4398.81
4878 4024.13 2365.63
4879 2417.5 354.72
4880 652.727 4414.04
4881 1469.32 1991.23
4882 1189.56 732.367
4883 2263.19 1241.62
4884 1499.84 3087.15
4885 387.799 1181.99
4886 4897.46 737.149
4887 3595.64 2534.59
4888 2334.71 33.0136
4889 3604.36 250.867
4890 310.429 3854.77
4891 4099.44 3119.13
4892 79.4659 3949.75
4893 4611.96 1212.7
4894 2771.31 2493.36
4895 1585.17 1055.11
4896 2756.61 2227.36
4897 2002.73 1047.98
4898 1513.79 4553.18
4899 2662.79 2103.35
4900 1665.26 1357.56
4901 2479.36 998.94
4902 4711.47 1767.02
4903 828.12 2472.44
4904 4792.9 1904.19
4905 498.154 1026.16
4906 4868.35 4359.91
4907 1046.54 2649.63
4908 3995.89 4541.84
4909 1099.58 176.458
4910 2527.18 3485.26
4911 1642.78 2394.92
4912 1809.68 467.021
4913 1195.46 2649.5
4914 1245.8 4895.87
4915 3273.8 1886.92
4916 4372.24 617.961
4917 611.011 3528.88
4918 297.198 3777.2
4919 3740.81 824.295
4920 3785.07 2574.58
4921 2476.51 2032.05
4922 77.6353 1937.32
4923 1718.59 1761.66
4924 1650.22 2826.11
4925 4197.83 4042.57
4926 1411.88 2763.41
4927 959.552 1998.07
4928 4316.89 351.97
4929 4366.62 2168.49
4930 835.133 3587.39
4931 2738.45 407.054
4932 492.589 488.71
4933 2932.99 31.9651
4934 467.375 4849.29
4935 3152.28 4732.93
4936 4604.56 4576.68
4937 1901.67 983.225
4938 4314.6 3522.15
4939 292.93 1007.42
4940 4132.17 1429.83
4941 1544.26 3839.03
4942 3524.06 1430.47
4943 1761.77 454.475
4944 1456.78 1494.13
4945 3834.25 3528.69
4946 2936.16 2072.26
4947 3247.69 1519
4948 115.127 3959.96
4949 1257.43 543.023
4950 1679.75 2148.41
4951 2545.36 4204.14
4952 2186 781.794
4953 926.833 2348.38
4954 3160.65 4799.64
4955 3909.77 2366.46
4956 743.302 28.7946
4957 1859.14 125.473
4958 316.639 2510.84
4959 2750.15 1035.91
4960 4060.17 47.8732
4961 3584.62 1903.69
4962 1951.67 4632.17
4963 1363.13 4382.03
4964 3307.51 4576.32
4965 2215.78 73.2276
4966 1953.98 4824.95
4967 1935.93 1235.97
4968 2452.52 4322.25
4969 299.28 2468.57
4970 3898.61 3770.4
4971 1681 4388.51
4972 2378.26 2203.13
4973 686.414 2507.26
4974 2009.89 4706.03
4975 602.199 689.174
4976 4150.33 2850.02
4977 2684.36 1327.37
4978 3916.54 4272.75
4979 1858.11 3851.72
4980 4289.32 555.294
4981 3614.28 376.468
4982 3080.06 3733.49
4983 2939.09 2878.68
4984 2046.44 1149.62
4985 888.986 4123.39
4986 2510.36 564.135
4987 2529.16 3179.29
4988 3891.11 1304.69
4989 2707.28 2995.14
4990 508.642 1807.91
4991 2406.31 34.1001
4992 1804.9 2745.9
4993 2771.73 2563.22
4994 2409.66 4072.19
4995 299.709 867.881
4996 4198.65 2595.5
4997 666.42 4860.72
4998 915.041 3816.06
4999 1470.53 4130.35
5000 4820.05 258.475
5001 3795.44 4378.38
5002 881.34 4245.27
5003 3661.08 1788.08
5004 4035.66 3323.11
5005 2000.31 1267.95
5006 4675.74 1666.32
5007 1673.25 4505.87
5008 1908.94 914.024
5009 1810.63 2622.5
5010 1686.76 746.501
5011 2544.05 3469.98
5012 2801.85 1536.94
5013 1836.35 4465.66
5014 649.749 1504.67
5015 1974.12 2835.67
5016 861.542 1010.89
5017 3055.62 506.463
5018 4282.8 4249.73
5019 4460.63 2647.32
5020 2072.23 81.7715
5021 3284.4 1995.96
5022 1529.83 339.766
5023 1325.45 4582.94
5024 529.471 4625.6
5025 4748.5 2099.37
5026 4155.1 4224.16
5027 3049.91 2527.15
5028 1985.84 3802.46
5029 1108.44 3728.42
5030 4448.78 2065.72
5031 3920.9 1736.85
5032 1055.86 4139.7
5033 197.8 2969.13
5034 397.489 1734.39
5035 3487.15 902.79
5036 1332.59 1516.44
5037 4628.07 3447.38
5038 4205.98 325.575
5039 4687.08 4297.11
5040 780.372 2146.87
5041 1506.88 2310
5042 1389.03 1756.61
5043 1796.77 3635.86
5044 1375.09 2373.01
5045 1739.96 1208.78
5046 3636.65 3776.68
5047 3686.81 3580.4
5048 4189.9 4385.75
5049 3524.4 1061.99
5050 1645.96 3640.27
5051 2235.77 3029.3
5052 1945.93 3081.47
5053 3307.58 3035.05
5054 3421.46 4305.53
5055 4187.87 315.103
5056 4.53278 4419.59
5057 3373.07 2309.93
5058 2490.78 3428.36
5059 330.384 2666.72
5060 1638.79 1225.09
5061 2888.11 1086.79
5062 3045.36 3314.31
5063 4763.28 4887.74
5064 621.059 4799.23
5065 450.004 1431.02
5066 3612.37 426.09
5067 790.948 756.781
5068 3237.69 3891.77
5069 348.021 3722.39
5070 4502.06 2994.88
5071 1651.28 1546.15
5072 490.54 4074.59
5073 1845.75 3925.32
5074 4765.7 816.299
5075 20.7026 2361.02
5076 1998.01 971.631
5077 575.734 4229.19
5078 276.154 3693.37
5079 710.145 757.717
5080 3869.41 701.425
5081 1728.52 3537.66
5082 3530.96 3283.47
5083 4828.44 666.08
5084 4526.19 2727.71
5085 4370.68 928.31
5086 1824.84 1747.96
5087 3606.08 1373.3
5088 858.194 2497.2
5089 3927.7 1258.57
5090 609.37 2272.37
5091 1139.64 3296.46
5092 3836.22 512.21
5093 954.749 2579.55
5094 616.68 834.933
5095 1212.15 512.329
5096 3798.53 3724.05
5097 344.58 1172.91
5098 458.165 4550.88
5099 3153.18 752.858
5100 4295.17 848.908
5101 1484.89 3780.49
5102 1488.63 3511.31
5103 4869.76 1294.03
5104 2678.84 2688.29
5105 2731.71 4157.49
5106 1661.99 1249.09
5107 805.413 401.292
5108 3021.89 1827.47
5109 1894.21 1098.98
5110 3547.81 4731.54
5111 2402.22 1590.6
5112 1550.79 865.37
5113 2168.21 1020.82
5114 1765.06 1637.94
5115 4392.12 777.65
5116 2356.48 4393.22
5117 1005.91 4808.35
5118 273.441 1786.38
5119 3534.99 2805.77
5120 4110.31 560.032
5121 4045.22 1990.09
5122 3082.05 718.348
5123 4409.52 2436.67
5124 4855.16 2314.74
5125 2012.76 3696.31
5126 3974.27 529.707
5127 2600.08 877.01
5128 742.259 149.159
5129 1573.43 453.075
5130 2656.55 2871.33
5131 3171.64 1717.37
5132 1468.65 1590.91
5133 2311.01 2704.35
5134 4220.36 55.1558
5135 3971.32 3216.91
5136 3278.25 965.326
5137 1176.17 41.0952
5138 3919.31 2379.76
5139 4465.08 3455.73
5140 4156.52 619.478
5141 3883.6 2306.59
5142 3933.7 1904.93
5143 49.1095 4123.9
5144 1167.29 1101.35
5145 871.368 1584.99
5146 2129.78 1663.95
5147 1359 1408.67
5148 114.703 2983.5
5149 2151.92 3170.97
5150 1963.02 3584.23
5151 1772.44 3572.73
5152 2367.73 20.3689
5153 3057.13 1391.27
5154 2828.07 1151.27
5155 4872.93 106.789
5156 4295.13 2909.42
5157 2533.37 4669.23
5158 1866.89 3706.3
5159 4616.97 3944.32
5160 12.2127 838.183
5161 2922.63 2155
5162 3723.43 368.812
5163 2284.29 2265.26
5164 274.657 4289.72
5165 1830.79 2949.54
5166 2096.26 4563.26
5167 1723.55 4153.31
5168 2307.18 466.849
5169 3400.8 2228.68
5170 4619.34 153.493
5171 4709.04 904.441
5172 3034.58 116.371
5173 629.035 2343.18
5174 4232.96 1148.99
5175 199.932 1832.56
5176 2801.91 3455.61
5177 1013.58 2391.41
5178 290.991 3762.9
5179 197.339 1219
5180 3192.66 2424.29
5181 3218.31 3293.88
5182 116.255 4269.89
5183 1515.03 2826.35
5184 3150.63 1293.2
5185 4726.04 1882.62
5186 4787.66 395.449
5187 283.006 1320.86
5188 3761.3 1173.19
5189 1196.83 163.258
5190 1452.7 3553.73
5191 4823.6 3944.6
5192 4481.15 3822.45
5193 355.188 2818.69
5194 2097.03 3265.76
5195 1257.12 2375.26
5196 2748.22 1352.28
5197 1513.33 1676.98
5198 1099.93 1406.8
5199 1709.02 3750.62
5200 738.05 171.921
5201 3656.83 3110.64
5202 3532.82 1430.21
5203 2080.11 2626.72
5204 3195.54 3523.47
5205 673.755 1071.86
5206 3278.26 4702.85
5207 3319.45 3696.59
5208 4465.53 567.506
5209 3464.94 4850.13
5210 2951.25 4417.83
5211 1603.76 4406.1
5212 1480.93 4731.76
5213 2202.05 4749.83
5214 3308.55 792.385
5215 3923.98 537.662
5216 2351.29 4568.29
5217 2121.72 1642.83
5218 4291.95 269.015
5219 309.61 2019.63
5220 2219.96 1701.98
5221 4028.63 2689.22
5222 1272.26 2509.2
5223 1871.79 2843.23
5224 2876.97 1385.41
5225 3468.94 2047.14
5226 22.9677 4845.92
5227 528.25 235.085
5228 4160.32 2333.89
5229 3859.24 2439.67
5230 4543.23 1398.66
5231 92.4434 3283.95
5232 4571.93 4646.54
5233 2143.06 4127.04
5234 1112.45 2438.61
5235 3598.74 36.8926
5236 4248.54 2251.14
5237 785.63 509.749
5238 4596.17 2200.01
5239 4640.49 2403.21
5240 185.176 2541.38
5241 854.352 230.813
5242 71.663 1684.94
5243 4324.79 1631.03
5244 3559.15 3710.31
5245 3738.56 3050.04
5246 981.573 2079.66
5247 861.021 1346.25
5248 1466.83 2485.85
5249 2539.75 3574.48
5250 2603.71 4128.57
5251 823.976 4867.84
5252 1948.6 152.696
5253 4694.85 1523.77
5254 45.1739 20.3791
5255 3430.83 4672.07
5256 2442.83 2072.08
5257 3947.82 1359.67
5258 1217.32 3175.13
5259 2275.69 4117.7
5260 2363.47 1875.43
5261 3984.45 4330.62
5262 3710.96 4827.58
5263 3295.96 2781.88
5264 3857.7 4433.34
5265 4880.12 148.216
5266 50.526 2213.82
5267 1793.46 963.029
5268 3019.85 581.725
5269 3223.83 4478.5
5270 3621.07 664.072
5271 1795.53 1029.74
5272 803.2 2828.86
5273 827.522 3654.5
5274 1565.08 4164.45
5275 3894.99 4489.8
5276 111.416 1952.92
5277 2415.06 3466.27
5278 1131.46 2992.74
5279 1675.16 3929.32
5280 3819.26 1433.86
5281 2242.35 4314.03
5282 3451.94 2769.29
5283 3357.06 217.501
5284 3641.4 1906.05
5285 2147 3156.68
5286 3804.9 3252.69
5287 113.596 4486.58
5288 3622.94 2037.6
5289 694.232 4550.88
5290 219.422 2658.03
5291 150.653 4710.21
5292 464.459 4851.84
5293 1313.43 777.821
5294 1778.88 4088.82
5295 1418.56 4822.92
5296 1730.34 4432.2
5297 2776.2 118.725
5298 1691.16 2771.8
5299 3961.54 1528.3
5300 518.867 3879.12
5301 2213.61 697.968
5302 2231.26 2823.46
5303 3293.22 1002.19
5304 2882.73 1861.7
5305 3591.35 771.47
5306 2680.01 1950.82
5307 4674.34 1115.98
5308 1131.33 2079.41
5309 458.633 3124.16
5310 3070.97 1149.62
5311 4030.75 2426.72
5312 4136.11 1865.86
5313 3739.95 2945.8
5314 4125.56 3246
5315 3814.72 2896.59
5316 1906.39 4188.54
5317 1219.22 2219.16
5318 737.317 2978.92
5319 4559.88 3426.85
5320 2178.58 844.91
5321 170.692 3049.3
5322 2551.8 2873.99
5323 2845.71 770.61
5324 2.62703 305.89
5325 4475.21 1662.33
5326 4154.78 474.051
5327 175.22 3100.74
5328 1965.33 3388.27
5329 2915.61 3163.69
5330 4055.22 1255.33
5331 2371.35 2149.26
5332 1545.55 2716.52
5333 52.7944 4230.81
5334 1299.1 1697.07
5335 2297.31 4327.55
5336 998.701 3558.13
5337 2904.59 3901.92
5338 1882.62 1156.31
5339 578.056 3318.08
5340 1942.87 2735.94
5341 2330.82 4493.88
5342 3164.15 3571.93
5343 4865.69 4891.5
5344 4798.63 1583.84
5345 2789.43 4071.03
5346 1110.35 2896.77
5347 255.727 2199.64
5348 3960.33 779.576
5349 4529.63 2028.25
5350 47.2837 891.989
5351 4732.95 3183.17
5352 4544.89 2738.82
5353 986.97 160.719
5354 171.09 4717.8
5355 3142.23 502.899
5356 4427.01 363.847
5357 2014.54 1153.32
5358 1397.53 1886.55
5359 2785.03 4360.35
5360 805.505 3428.55
5361 383.332 142.919
5362 2878.54 4428.27
5363 3624.27 3090.16
5364 4226.15 3468.04
5365 3457.2 3425.82
5366 2874.72 1986.22
5367 167.085 2974.78
5368 2546.87 4084.66
5369 1570.23 2907.38
5370 1538.91 3909.47
5371 3134.66 4328.95
5372 3871.05 368.581
5373 131.911 4628.09
5374 1157.59 532.287
5375 2965.82 457.61
5376 3389.77 4606.1
5377 2958.21 3795.17
5378 4245.41 3516.8
5379 1562.69 4173.39
5380 3089.24 2223.49
5381 1434.65 3428.78
5382 4206.65 4624.72
5383 4798.58 2482.45
5384 4209.74 4768.32
5385 2123.72 1501.07
5386 2492.18 2582.14
5387 472.988 1495.94
5388 4608.84 3766.28
5389 1068.52 3148.1
5390 4323.98 2560.53
5391 441.04 3123.49
5392 3000.49 2802.66
5393 3560.18 541.173
5394 4454.63 4890.74
5395 241.171 948.007
5396 3311.31 1487.34
5397 1987.69 3730.38
5398 382.578 621.695
5399 1408.4 3166.92
5400 3710.47 3327.78
5401 1253 3321.52
5402 3988.4 932.801
5403 4570.21 3308.57
5404 3166.7 3401.16
5405 3234.99 3166
5406 3078.83 4046.24
5407 3865.38 3454.32
5408 184.653 1985.94
5409 4727.28 3394.55
5410 287.316 1575.6
5411 3641.07 325.023
5412 2417.68 2035.68
5413 2669.3 148.776
5414 4775.25 2682.59
5415 70.7022 3765.3
5416 4353.09 4580.73
5417 2596.08 2340.2
5418 4267.64 1973.14
5419 2547.1 201.148
5420 2317.57 2855.65
5421 761.114 835.125
5422 4849.42 450.637
5423 4052.78 2636.18
5424 1950.79 3047.46
5425 4141.17 2878.46
5426 3411.25 4776.89
5427 540.463 3348.14
5428 1887.3 3673.05
5429 2734.03 4175.49
5430 2028.09 3671.27
5431 3103.89 4652.56
5432 367.764 4502.46
5433 2393.61 167.439
5434 159.157 4895.32
5435 2746.38 3688.91
5436 2096.05 18.5513
5437 4007.57 2852.99
5438 3709.06 4775.89
5439 2746.51 3463.35
5440 1313.11 4698.37
5441 517.487 3562.28
5442 3369.45 1426.36
5443 2078.46 199.21
5444 3815.23 417.281
5445 3392.96 1723.86
5446 3181.31 3671.67
5447 1396.49 4367.8
5448 2442.74 3810.03
5449 3466.54 12.058
5450 1188.46 3420.19
5451 4409.53 1247.97
5452 2121.58 938.809
5453 1077.69 2466.17
5454 96.2795 989.891
5455 10.8538 3160.29
5456 2103.38 456.347
5457 3796.48 890.966
5458 4076.44 1964.23
5459 2651.04 1742.47
5460 4418.55 2272.65
5461 2927.33 3426.42
5462 3380.36 4572.48
5463 1416.8 4398.64
5464 1682.72 805.302
5465 50.4464 2231.98
5466 4187.61 3614.1
5467 1196.76 3048.72
5468 1477.11 3771.64
5469 2775.79 3286.35
5470 31.9506 2870.18
5471 4698.63 2277.37
5472 1936.9 1334.72
5473 4681.53 2322.76
5474 3136.79 3162.3
5475 3376.28 4159.88
5476 3992.16 2817.33
5477 1338.12 4261.15
5478 4205.08 3521.25
5479 3174.84 2376.4
5480 620.216 4441.03
5481 1741.65 320.454
5482 4678.84 4281.55
5483 4822.17 440.404
5484 1058.23 2552.28
5485 4235.28 4482.81
5486 3632.59 3109.2
5487 2356.5 314.015
5488 4454.52 541.423
5489 3051.71 2606.21
5490 714.185 1703.62
5491 2115.61 490.192
5492 134.761 4337.53
5493 921.291 4093.97
5494 3814.3 1024.47
5495 2792.59 3151.21
5496 2841.51 2316.27
5497 626.968 1934.36
5498 1492.98 1912.39
5499 757.744 1752.5
5500 3406.84 2706.21
5501 4050.33 4386.21
5502 4823.8 345.323
5503 838.146 1166.05
5504 892.127 2715.22
5505 1748.24 3257.79
5506 2253.3 3289.2
5507 4336.53 2582.77
5508 2029.88 4495.24
5509 1867.17 638.67
5510 4809.03 843.055
5511 1442.28 4366.79
5512 57.3706 1906.79
5513 2560.72 3221.94
5514 2980.71 2966.02
5515 857.635 3692.7
5516 2174.98 2518.19
5517 3772.64 648.052
5518 1231.82 1840.25
5519 2855.36 2727.06
5520 285.939 921.394
5521 3018.76 2810.56
5522 683.462 3186.03
5523 1352.46 1922.87
5524 4452.77 1672.05
5525 1895.11 8.11447
5526 3468.98 2362.95
5527 1369.1 1367.48
5528 306.809 3580.72
5529 2749.5 3029.44
5530 4786.59 2367.55
5531 4389.15 1773.83
5532 3133.99 4752.25
5533 3128.66 3.21184
5534 4476.74 3377.53
5535 753.283 3072.97
5536 2233.43 3935.47
5537 2248.21 3443.57
5538 4425.8 1861.73
5539 897.252 4095.15
5540 1539.55 482.277
5541 2052.73 215.06
5542 716.62 3845.05
5543 1786.74 1081.97
5544 306.144 1636.37
5545 4738.53 1627.17
5546 1300.46 1195.98
5547 2942.48 464.167
5548 143.027 1614.77
5549 2690.51 1748.77
5550 2114.08 3465
5551 838.192 1207.58
5552 341.283 592.069
5553 540.668 1689.95
5554 3029.78 3342.03
5555 4300.02 1614.24
5556 625.985 641.836
5557 2730.67 4041.33
5558 2777.15 2366.54
5559 1699.12 4098.42
5560 1342.86 2493.88
5561 3703.65 1565.34
5562 429.129 438.572
5563 3396.77 1414.6
5564 1933.32 1461.89
5565 1505.55 2035.91
5566 4606.25 4049.15
5567 1364.74 1776.48
5568 1891.32 296.767
5569 1750.12 1803.66
5570 4390.99 2755.2
5571 1407.6 3742.62
5572 2148.86 713.91
5573 4199.1 4874.56
5574 2121.94 3735.99
5575 3481.74 1011.25
5576 480.413 1466.1
5577 1827.71 1240.18
5578 830.974 4355.48
5579 3887.47 320.566
5580 4354.54 2500.75
5581 2095.33 931.56
5582 1031.09 3222.81
5583 1879.26 2919.74
5584 4761.5 129.525
5585 4651.93 3608.79
5586 198.933 1440.43
5587 386.492 2939.39
5588 4882.86 1071.78
5589 3122.2 2333.94
5590 874.567 689.736
5591 2701.32 944.925
5592 474.51 3190.65
5593 3211.73 2820.15
5594 3741.9 4404.77
5595 3825.5 840.098
5596 1866.75 1965.49
5597 2691.8 223.899
5598 4205.63 2409.53
5599 3543.68 1468.14
5600 269.178 526.973
5601 4655.84 407.133
5602 2200.77 4347.18
5603 1058.51 50.8055
5604 4364.71 253.969
5605 4741.78 4568.93
5606 1633.64 4894.54
5607 567.334 2208.89
5608 4739.45 2598.63
5609 2102.07 3193.93
5610 2590.96 2568.52
5611 3612.51 2585.29
5612 1622.41 4745.03
5613 126.963 1677.93
5614 2613.03 554.551
5615 1742.06 1906.13
5616 676.857 2762.1
5617 822.862 4164.98
5618 760.703 2299.93
5619 1794.98 1152.11
5620 28.4779 926.723
5621 3784.94 961.944
5622 4587.2 1779.99
5623 134.003 4316.83
5624 3916.29 193.312
5625 990.925 1508.58
5626 1415.84 3583.8
5627 1121.31 2438.64
5628 443.474 2168.16
5629 389.407 4768.75
5630 4077.65 4391.2
5631 178.404 3927.67
5632 1479.49 4705.17
5633 855.66 1340.83
5634 853.635 3253.2
5635 1965.41 2326.76
5636 1014.16 2800.76
5637 4493.73 970.158
5638 230.821 65.5608
5639 2590.95 29.178
5640 2634.5 4099.09
5641 2469.44 1912.69
5642 2636.25 3012
5643 3130.44 1778.78
5644 4378.51 2576.98
5645 3833.38 3430.76
5646 4223.86 3880.59
5647 3858.12 1524.57
5648 450.462 3953.26
5649 4858.76 94.5696
5650 3015.01 4858.12
5651 1540.61 2923.38
5652 419.866 476.171
5653 2792.53 2390.35
5654 1645.08 823.84
5655 623.867 609.46
5656 3402.58 851.092
5657 1482.12 945.073
5658 2174.15 4706.82
5659 2699.4 1829.11
5660 2714.18 3487.81
5661 973.62 3988.54
5662 836.47 2367.87
5663 272.797 3575.06
5664 4085.29 4179.62
5665 3110.56 1947.1
5666 4789.91 3919.4
5667 4847.9 193.755
5668 1447.26 1968.27
5669 4692.36 574.848
5670 1080.16 3805.96
5671 2267.31 3388.14
5672 2112.52 3372.78
5673 4853.11 1316.96
5674 2286.47 805.77
5675 563.417 2324.61
5676 934.426 1126.1
5677 4718.79 4550.71
5678 3150.02 1828.95
5679 1883.14 2042.32
5680 4265.09 4871.38
5681 2977.07 3409.7
5682 1490.71 563.64
5683 2547.16 1807.76
5684 3455.95 4038.14
5685 636.152 2837.23
5686 1214.76 3603.26
5687 1559.63 3452.08
5688 1843.74 3723.14
5689 4045.31 3878.18
5690 1605.42 2324.87
5691 3315.24 1270.8
5692 2155.65 3878.05
5693 1326.16 1698.84
5694 4708.84 2798.48
5695 3272.46 3394.55
5696 2976.77 990.212
5697 1370.7 4871.73
5698 1136.03 1237.13
5699 2220.09 2242.76
5700 462.707 2197.24
5701 3656.02 2754.54
5702 2620.86 3798.79
5703 694.457 3842
5704 1020.2 4477.51
5705 2410.61 2315.79
5706 4175.71 4113.56
5707 1384.82 2804.54
5708 327.684 3843.95
5709 3803.86 4726.24
5710 4764.82 3435.62
5711 1134.65 3322.31
5712 566.787 681.295
5713 3532.29 3705.62
5714 863.309 105.294
5715 2538.31 3840.27
5716 4162.91 4096.02
5717 2715.91 4021.05
5718 2511.4 2573.46
5719 4406.71 4648.85
5720 1726.2 2663.04
5721 3032.59 3941.53
5722 433.543 3139.06
5723 2793.84 2739.09
5724 69.0253 4531.14
5725 607.111 40.3412
5726 540.572 4640.56
5727 332.682 894.33
5728 2927.23 4558.18
5729 721.003 4668.11
5730 3119.39 3298.72
5731 601.829 2617.3
5732 2903.86 4082.69
5733 3281.46 834.236
5734 3250.6 2086.93
5735 4507.31 460.997
5736 4085.19 4379.64
5737 3173.92 2580.6
5738 2822.56 2437.34
5739 1232.73 3948.45
5740 4807.96 2592.39
5741 1120.34 4779.22
5742 1841.94 1324.1
5743 537.499 2693.34
5744 4513.73 2419.34
5745 4466.22 1869.97
5746 987.14 3697.78
5747 3810.15 4477.89
5748 4220.34 1613.37
5749 994.889 736.432
5750 2104.89 809.75
5751 3210.16 650.247
5752 1631.51 2969.63
5753 2995.68 34.4017
5754 3863.66 2938.69
5755 2790.8 1724.61
5756 4297.37 1957
5757 3159.67 2748.77
5758 1388.61 2943.45
5759 2121.65 178.467
5760 4420.29 118.186
5761 4588 444.929
5762 908.64 276.248
5763 3034.76 1677.53
5764 2242.92 3971.46
5765 1237.82 3469.85
5766 2465.11 4620.6
5767 583.203 2288.13
5768 1459.63 3119.82
5769 3635.01 4735.64
5770 1697.25 339.051
5771 332.385 588.189
5772 4715.69 3663.41
5773 2544.54 846.665
5774 1136.07 4151.51
5775 1427.63 1228.04
5776 1207.09 4021.59
5777 2107.66 466.207
5778 2141.84 1250.36
5779 1529.88 3190.18
5780 4845.71 434.532
5781 4349.64 3426.57
5782 319.648 2960.45
5783 1444.85 4431.91
5784 3483.35 239.242
5785 2027.57 3854.73
5786 3050.38 4032.68
5787 2638.93 21.1903
5788 1083.08 437.142
5789 1983.58 75.8866
5790 546.221 4639.12
5791 3235.44 4481.53
5792 1658.26 349.367
5793 3585.96 1206.86
5794 5.03815 2018.57
5795 668.116 2427.91
5796 1553.35 912.306
5797 1874.99 4614.82
5798 1637.23 2047.71
5799 116.858 3579.75
5800 4832.56 3314.06
5801 13.2709 2748.14
5802 1977.34 1958.28
5803 699.171 296.766
5804 2742.99 4539.41
5805 2513.12 2490.12
5806 2060.69 3807.33
5807 4290.47 312.418
5808 174.32 594.542
5809 597.578 4807.74
5810 4759.03 1777.33
5811 3970.18 2269.68
5812 4022.51 524.312
5813 386.663 2035.73
5814 4887.74 1961.4
5815 4065.73 3396.24
5816 4453.48 1572.31
5817 4020.96 662.124
5818 2166.15 3769.67
5819 2992.92 3475.09
5820 2333.58 2689.45
5821 1377.26 1002.69
5822 1165.63 1920.53
5823 3988.06 3266.05
5824 1886.52 3053.43
5825 2058.05 4471.04
5826 1819.04 3800.11
5827 2134.81 2815.15
5828 2033.66 3770.52
5829 2198.74 1677.46
5830 4726.33 686.372
5831 1375.08 2277.83
5832 2220.82 2451.49
5833 1331.85 4143.27
5834 524.144 3803.72
5835 4579.23 222.706
5836 3083.72 4118.39
5837 3970.95 3578.94
5838 2533.15 3634.11
5839 1875.65 1791.23
5840 425.192 3560.14
5841 3771.03 954.839
5842 1005.97 4558.46
5843 3013.4 4075.69
5844 1252.63 2316.73
5845 3272.45 3503.57
5846 3207.9 3077.35
5847 958.314 2590.59
5848 3974.72 203.788
5849 4828.72 3642.12
5850 930.095 3391.98
5851 4095.94 1617.2
5852 1222.32 92.7249
5853 3242.6 4700.11
5854 428.935 3888.65
5855 3202.37 1585.97
5856 3011.72 4383.19
5857 2612.23 1486.09
5858 1931.4 0.1806
5859 1455.62 3960.79
5860 4010.45 776.879
5861 2868.46 988.001
5862 3353.2 923.827
5863 1195.57 2700.34
5864 3804 2782.61
5865 847.232 4365.97
5866 3871.36 2986.05
5867 4324.7 660.086
5868 4342.88 2138
5869 767.517 3065.94
5870 1224.19 951.816
5871 566.864 1783.02
5872 1778.58 1191.06
5873 882.414 3140.4
5874 4613.22 4699.97
5875 3114.42 2414.42
5876 2221.91 3041.25
5877 3617.9 2338.58
5878 644.821 494.367
5879 151.007 2335.53
5880 60.9086 2110.16
5881 3984.64 2720.11
5882 985.237 4420.55
5883 4307.58 1762.94
5884 4065.82 462.551
5885 2125.29 1053.42
5886 2275 484.459
5887 773.991 3016.26
5888 3703.02 1472.85
5889 1078.08 1663.08
5890 185.928 3916.31
5891 2612.66 3325.26
5892 4062.18 4860.97
5893 2000.44 2582.33
5894 2703.28 1112.04
5895 624.52 2445.18
5896 4675.1 1976.33
5897 4715.42 3354.9
5898 3166.42 1884.39
5899 4354.64 4500.95
5900 4840.83 854.653
5901 2168.36 2948.94
5902 1333.87 594.713
5903 348.006 4658.19
5904 4742.61 288.36
5905 2143.97 4101.63
5906 2783.92 2959.73
5907 3759.81 2902.12
5908 1877.68 2895.38
5909 3714.5 2764.09
5910 913.369 2992.38
5911 1229.54 269.193
5912 1078.86 1744.05
5913 3169.18 3960.81
5914 335.138 1627.16
5915 1864.2 1701.53
5916 2305.79 930.727
5917 3875.98 770.529
5918 3528.58 3531.08
5919 1025.24 3134.84
5920 630.183 1720.54
5921 4010.85 3800.4
5922 3380.5 367.29
5923 2127.44 2624.08
5924 4527.56 515.406
5925 3971.99 933.258
5926 1737.41 1889.24
5927 3044.37 235.488
5928 3536.59 4585.4
5929 1045.81 1043.47
5930 2797.05 954.5
5931 2833.33 2582.55
5932 1127.19 4682.79
5933 2324.3 1411.31
5934 2600.46 224.965
5935 2457.3 4363.6
5936 2257.69 3725.79
5937 3461.76 918.441
5938 3132.21 354.975
5939 1672.17 610.708
5940 3191.07 3535.02
5941 1729.79 2158.56
5942 3754.42 2950.33
5943 1275.36 3504.04
5944 4408.48 2833.49
5945 1481.39 1050.18
5946 1040.89 1345.47
5947 4660.44 3463.12
5948 1590.69 4194.95
5949 1890.97 3773.01
5950 1598.91 1871.83
5951 2893.94 439.34
5952 3038.1 2301.89
5953 1417.51 958.749
5954 1627.34 2091.28
5955 2317.44 2972.65
5956 1042.73 400.845
5957 204.299 87.8429
5958 2750.27 148.468
5959 1691.1 681.51
5960 3353.98 1413.23
5961 683.831 1353.58
5962 1062.89 2979.88
5963 191.89 1963.46
5964 688.025 4713.37
5965 2925.67 4061.42
5966 3660.65 2437.77
5967 525.93 3987.51
5968 1777.6 798.479
5969 4723.84 2520.94
5970 1613.53 418.872
5971 2255.76 4868.71
5972 4898.9 2242.48
5973 2760.82 722.249
5974 3691.17 728.739
5975 1176.55 4785.73
5976 867.823 768.43
5977 1985.55 267.448
5978 2027.33 4830.78
5979 462.398 3991.99
5980 1861.05 1500.49
5981 439.444 4276.09
5982 1874.11 2520.77
5983 3212.53 1918.89
5984 2453.21 1985.41
5985 2724.04 751.412
5986 2354.44 938.587
5987 4437.3 2511.75
5988 1965.87 3066.08
5989 4743.48 3830.36
5990 1621.92 1152.89
5991 3554.63 4036.71
5992 1054.77 1275.78
5993 3255.81 735.642
5994 2332.86 132.089
5995 2773.5 3353.9
5996 1676.86 2526.69
5997 3330.47 2909.47
5998 3981.19 4260.13
5999 4747.5 4068.08
6000 4648.84 2917.83
6001 272.595 965.885
6002 1488.65 1472.16
6003 2167.99 2188.54
6004 3335.32 2259.32
6005 3607.35 1186.48
6006 757.23 4640.34
6007 1648.33 2405.98
6008 1597.72 1405.84
6009 3644.61 4654.99
6010 1697.37 1760.31
6011 953.376 2218.69
6012 174.59 1678.44
6013 2642.06 729.25
6014 3193.43 3210.98
6015 2314.57 3898.69
6016 1971.22 4681.45
6017 3159.4 236.11
6018 3417.57 4791.8
6019 2727.4 1221.1
6020 2305.45 2866.99
6021 3450.34 2453.2
6022 1792.2 2471.59
6023 3088.41 1810.6
6024 1139.1 3195.4
6025 609.584 1047.11
6026 4675.82 2195.95
6027 1334.79 4350.58
6028 3849.56 1649.52
6029 2263.25 2584.4
6030 519.353 4746.8
6031 1352.45 1815.39
6032 2567.85 735.639
6033 4593.99 1247.01
6034 3249.17 1173.76
6035 2045.38 2323.95
6036 3346.26 4645.93
6037 326.136 524.34
6038 4635.01 3010.76
6039 2205.2 2706.45
6040 2116.6 411.622
6041 4162.65 4429.43
6042 1029.11 1599.11
6043 2971.24 488.735
6044 2436.15 3433.53
6045 4021.04 1311.55
6046 2445.69 4338.85
6047 1663.94 360.866
6048 3954.39 573.311
6049 3720.21 1643.19
6050 4127.26 755.667
6051 2669.41 3466.26
6052 641.496 2621.33
6053 115.022 115.354
6054 1718.72 2985.06
6055 2245.45 1020.59
6056 3856.67 4792.7
6057 1013.42 9.54737
6058 4804.31 4865.23
6059 4586.04 609.589
6060 3467.34 4113.49
6061 1872.75 3733.53
6062 2821.98 3119.55
6063 1240.38 2211.9
6064 2146.96 3052.62
6065 2524.01 2932.63
6066 4339.64 4050.06
6067 2807.84 3560.6
6068 4761.32 1891.81
6069 128.908 2229.11
6070 268.346 4183.79
6071 3936.15 2282.93
6072 4628.41 2658.62
6073 4746.18 4797.96
6074 4649.76 4542.42
6075 1980.69 2682.82
6076 180.16 787.473
6077 4787.26 4701.47
6078 2927.81 919.266
6079 2426.61 3981.62
6080 4156.73 659.389
6081 3427.04 3109.14
6082 1483.26 649.476
6083 2994.09 2027.21
6084 2105.87 451.704
6085 2585.68 1724.59
6086 2306.49 2687.6
6087 2883.17 915.318
6088 3753.72 2065.24
6089 3997.03 2632.39
6090 3406.7 3398.86
6091 1937.27 419.429
6092 4085.26 457.403
6093 4325.76 2853.31
6094 261.804 4425.7
6095 1567.55 2578.81
6096 3543.83 679.799
6097 1308.65 761.466
6098 3908.22 217.871
6099 1943.66 4287.4
6100 4022.2 2640.38
6101 1819.46 4711.04
6102 1332.67 4688.8
6103 4838.09 1532.73
6104 4249.02 3328.46
6105 3570.31 2108.04
6106 3370.58 2974.2
6107 1636.52 1093.16
6108 1061.96 668.791
6109 2535.53 1678.68
6110 4890.59 4528.78
6111 3590.54 169.933
6112 257.879 4009.87
6113 3911.35 338.52
6114 4256.46 4484.61
6115 1199.87 3803.58
6116 3735.08 136.926
6117 3109.74 792.146
6118 1774.83 951.502
6119 1062.7 338.305
6120 219.351 4294.56
6121 1391.03 3313.41
6122 1810.59 4298.71
6123 1293.71 4700.6
6124 1499.71 4897.66
6125 4672.94 1697.33
6126 116.165 4009.34
6127 7.86898 2467.61
6128 4232.85 3522.22
6129 1798.33 2124.7
6130 1889.52 3807.3
6131 4727.98 1334.47
6132 1513.85 447.747
6133 3035.92 217.827
6134 4349.03 928.946
6135 2402.87 2911.9
6136 964.189 4597.4
6137 1868.07 2499.28
6138 899.134 1026.31
6139 2098.47 2761.17
6140 4491.79 1093.12
6141 1302.32 1611.63
6142 548.854 296.914
6143 4365.54 1039.11
6144 4888.75 324.035
6145 3634.44 354.904
6146 1979.27 748.096
6147 2144.95 4617.18
6148 506.995 3595.06
6149 1452.28 2208.95
6150 4352.91 3693.4
6151 4276.01 4863.33
6152 4735.9 4724.62
6153 3469.54 217.856
6154 301.529 4210.25
6155 3836.77 1903.15
6156 1101.3 3551.42
6157 2612.31 286.978
6158 3973.85 4564.38
6159 4637.42 2188.92
6160 2734.71 2610.57
6161 2481.81 2864
6162 2407.24 2620.37
6163 1940.45 1278.63
6164 3235.36 1035.15
6165 4803.88 746.948
6166 3690.06 802.5
6167 3902.03 4587.18
6168 1742.35 4284.97
6169 4763.97 4648.7
6170 3141.23 1662.42
6171 2752.12 1837.85
6172 2593.84 2503.15
6173 4313.47 4028.29
6174 4667.47 3602.86
6175 2596.97 4723.32
6176 2752.8 1428.53
6177 739.214 1301.73
6178 715.789 2494.32
6179 2875.84 2411.72
6180 2885.98 3349.61
6181 4427.51 4653.18
6182 543.137 952.169
6183 2087.03 4501.75
6184 4619.86 3170.93
6185 1732.99 1799.76
6186 1045.85 3169.06
6187 2621.82 620.967
6188 652.131 870.369
6189 4174.77 4096.46
6190 3611.3 2482.18
6191 972.195 2251.85
6192 235.066 4570.85
6193 1634.87 2852.78
6194 4335.86 308.621
6195 3452.9 286.496
6196 2669.52 1677.71
6197 62.9248 3086.97
6198 3041.2 1859.56
6199 1867.13 3735.13
6200 3485.61 1545.98
6201 143.76 4114.98
6202 4334.87 1709.31
6203 1825.13 2549.61
6204 1861.53 1745.51
6205 3448.6 4222.22
6206 3683.79 2015.9
6207 2434.66 4852.11
6208 1896.03 4468.15
6209 1314.46 3269.67
6210 2137.44 3320.99
6211 1397.84 302.792
6212 801.096 4551.98
6213 3405.02 2283.51
6214 949.988 633.071
6215 2320.3 1280.23
6216 2008.54 933.957
6217 516.989 3451.2
6218 812.205 3683.66
6219 1474.96 3426.89
6220 2234.12 4121.6
6221 1825.32 1536.98
6222 4655.42 2270.66
6223 1018.41 3025.21
6224 4321.27 3121.86
6225 1802.38 2327.49
6226 2661.8 1383.33
6227 4662.14 1617.42
6228 3851.42 3668.27
6229 2019.06 1051.62
6230 4522.29 3515.17
6231 3940.15 430.377
6232 2008.19 499.779
6233 2327.45 4665.74
6234 3302.37 899.652
6235 391.201 2306.93
6236 1363.3 1231.36
6237 4025.1 931.578
6238 2332.98 3527.99
6239 1043.06 1161.92
6240 2411.21 320.444
6241 3177.27 738.834
6242 4562.39 4222.56
6243 38.5197 3562.71
6244 3464.05 2727.14
6245 3688.55 1003.61
6246 3033.07 2640.92
6247 4803.68 3401.01
6248 1639.36 4823.42
6249 2017.99 703.756
6250 1228.11 2837.19
6251 1622.14 4441.21
6252 2001.95 4278.77
6253 1661.03 2127.3
6254 1734.41 856.319
6255 2612.8 1230.71
6256 2559.62 1134.41
6257 4183 723.716
6258 747.172 1023.17
6259 3022.07 1114.2
6260 4802.9 362.924
6261 989.82 2437.82
6262 2106.36 1376.94
6263 3925.75 2161.08
6264 1757.59 3312.09
6265 137.619 2282.96
6266 587.994 4006.96
6267 4066.43 2452.55
6268 3317.83 1003.54
6269 2080.68 66.3809
6270 2155.71 1557.75
6271 2834.84 946.836
6272 1442.77 619.211
6273 3638.07 4368.81
6274 399.578 3286.65
6275 2639.08 2437.55
6276 945.201 4193.05
6277 2539.78 4198.76
6278 637.265 805.471
6279 1709.67 808.402
6280 2444.24 1258.18
6281 1056.81 1552.32
6282 3408.06 4583.86
6283 1017.35 3253.51
6284 3460.98 4759.99
6285 336.181 4379.05
6286 813.684 2211.79
6287 3381.03 2428.31
6288 1701.86 2552.03
6289 2171.19 761.074
6290 986.493 1385.73
6291 2310.18 1091.62
6292 3486.66 531.228
6293 2764.65 3710.19
6294 624.924 462.118
6295 12.1755 3849.21
6296 1446.75 3797.08
6297 1806.21 4413.12
6298 1657.4 2838.21
6299 2215.12 2690.25
6300 4318.57 4169.28
6301 2316.68 3352.33
6302 2451.99 2458.8
6303 4877.62 2319.97
6304 4550.45 3618.59
6305 177.955 3400.6
6306 703.047 1530.98
6307 3377.85 953.036
6308 2284.51 3290.75
6309 2403.51 1302.67
6310 1837.94 4653.2
6311 3518.37 1259.23
6312 3446.47 2288.32
6313 3888.68 3212.51
6314 1637.42 3174.98
6315 3786.07 2148.83
6316 1344.96 1709.14
6317 1145.19 4711.23
6318 185.403 1155.49
6319 2219.81 2022.07
6320 518.796 4040.13
6321 2027.35 48.193
6322 1989.75 4121.44
6323 227.559 1650.12
6324 3566.6 3189.02
6325 4769.18 341.197
6326 3963.83 479.195
6327 629.747 280.636
6328 3424.57 3897.92
6329 2546.94 2351.34
6330 4296.37 1481.42
6331 1410.48 2156.88
6332 1602.73 1476.24
6333 4183.89 2642.34
6334 4542.36 1144
6335 1406.44 4136.69
6336 4310.09 2984.34
6337 2532.28 4596.34
6338 1924.01 1490.98
6339 2685.77 4715.16
6340 2912.76 3314.59
6341 2101.23 162.507
6342 4094.31 2141.1
6343 3530.43 2629.76
6344 2017.1 3280.63
6345 4726.87 3763.85
6346 2210.13 3840.59
6347 583.158 1297.82
6348 772.98 2506.18
6349 2597.91 2623.62
6350 211.709 1132.46
6351 316.134 2114.98
6352 1600.32 2145.38
6353 4619.18 2338.35
6354 2275.17 1602.17
6355 362.774 2072.36
6356 2288.69 3986.83
6357 1003.27 3445.53
6358 2754.57 436.943
6359 3004.34 3006.76
6360 2136.61 4186.34
6361 3937.42 2123.72
6362 1419.66 1318.19
6363 1098.36 3953.92
6364 4716.01 2470.76
6365 2217.19 763.964
6366 263.487 282.339
6367 3371.51 1639.31
6368 843.338 4289.58
6369 1695.3 3911.3
6370 2821.02 2423.34
6371 3514.98 4695.83
6372 3124.49 3518.47
6373 4326.58 3134.14
6374 3721.34 2858.43
6375 2796.34 2118.77
6376 4304.64 1822.72
6377 2361.54 3888.83
6378 4551.45 2132.32
6379 4625.08 613.766
6380 3646.12 1428.86
6381 4729.18 1630.45
6382 4485.94 2756.8
6383 397.482 3773.48
6384 4716.95 2475.24
6385 57.8812 1894.17
6386 964.47 2890.44
6387 1146.59 3145.25
6388 1192.04 119.045
6389 304.821 3875.7
6390 3536.14 4540
6391 3994.41 4085.14
6392 2336.3 1405.3
6393 330.13 2458.18
6394 704.25 420.076
6395 2080.8 4195.45
6396 4751.43 3371.62
6397 1986.84 543.548
6398 2338.23 4732.27
6399 973.474 1220.76
6400 2423.95 1899.97
6401 4003.98 2477.4
6402 923.934 3126.4
6403 4155.62 1067.69
6404 4800.55 1325.36
6405 2929.22 4421.78
6406 3344.26 298.924
6407 4582.95 1272.3
6408 429.264 2062.41
6409 1004.88 4165.14
6410 1253.22 874.151
6411 3957.43 4843.25
6412 89.5988 3074.33
6413 1224.45 1077.85
6414 718.979 2722.45
6415 2549.98 2203.66
6416 1857.74 3126.33
6417 1535.28 1788.01
6418 4321.01 3947.98
6419 4580.1 3190.32
6420 2393.87 2145.45
6421 557.351 2956.62
6422 448.343 3743.88
6423 3868.29 1617.65
6424 2758.74 271.748
6425 1649.26 933.202
6426 4057.89 1962.28
6427 379.297 534.947
6428 1385.72 1806.63
6429 4610.52 3520.03
6430 197.487 773.215
6431 909.397 2762.49
6432 1415.16 413.58
6433 523.37 4091.85
6434 3385.7 2854.08
6435 45.267 526.716
6436 2662.57 3610.41
6437 4164.02 1210.01
6438 821.758 500.725
6439 459.591 4350.13
6440 2102.03 1290.06
6441 3793.35 4812
6442 1998.72 4252.58
6443 3226.78 1300.73
6444 2079.87 2072.38
6445 190.276 4288.8
6446 3905.51 1975.28
6447 3201.43 767.061
6448 2339.55 2610.88
6449 4006.15 1096.45
6450 3888.03 541.015
6451 2685.68 265.955
6452 4046.51 4296.67
6453 534.493 1826.05
6454 2112.99 2085.84
6455 2571.46 1208.62
6456 4799.23 606.639
6457 5.98758 967.799
6458 3617.36 1287.36
6459 409.008 2836.96
6460 618.158 3638.51
6461 4662.45 4072.98
6462 2446.71 2941.45
6463 748.54 3213.42
6464 1196.01 3340.51
6465 174.494 2345.88
6466 3502.45 3157.31
6467 3495.78 494.888
6468 781.912 2770.41
6469 2608.1 4433.1
6470 2274.65 4556.14
6471 175.285 4088.6
6472 4761.53 2852.74
6473 3542.8 1573.89
6474 3572.05 4093.82
6475 744.918 860.456
6476 1808.84 331.178
6477 2857.8 4280.57
6478 457.677 565.054
6479 3456.28 1218.46
6480 2807.92 2806.09
6481 4824.85 1934.09
6482 1776.41 4656.8
6483 4501.05 3675.04
6484 1136.04 4159.67
6485 512.597 2965.78
6486 2277.77 2277.87
6487 480.274 964.663
6488 3162.69 2842.62
6489 357.22 1622.14
6490 3616.87 3397.86
6491 3135.05 251.446
6492 4542.92 4521.26
6493 2354 4856.45
6494 2185.42 3690.01
6495 1927.52 4301.61
6496 3254.86 4205.18
6497 3554.84 145.12
6498 1894.17 2126.44
6499 130.029 1752.58
6500 2125.86 3657.05
6501 4131.39 4193.54
6502 2509.94 363.794
6503 3385.35 1050.81
6504 1994.41 976.856
6505 4668.97 264.45
6506 247.597 2736.58
6507 3861.1 314.429
6508 902.624 2327.54
6509 3367.87 2591.63
6510 2775.52 2276.68
6511 2632.98 2565.35
6512 2660.99 982.339
6513 1194.45 4029.34
6514 2009.64 1336.18
6515 767.697 3782.78
6516 2115.52 2832.45
6517 1057.8 1576.27
6518 288.862 2954.16
6519 2576.52 75.5517
6520 3203.26 418.113
6521 1717.33 2245.66
6522 1604.37 553.622
6523 3310.67 1743.26
6524 4056.12 2969.57
6525 4186.1 1915.72
6526 2216.04 771.64
6527 1137.49 856.942
6528 2296.83 4843.91
6529 3602.96 3917.8
6530 2081.8 503.351
6531 4817.96 525.408
6532 1773.24 678.607
6533 3339.37 168.699
6534 3548.32 1775.67
6535 2074.02 1744.31
6536 455.161 3072.74
6537 1412.24 3126.69
6538 2555.93 2026.9
6539 1268.5 4197.89
6540 1828.74 43.0772
6541 2421.75 2097.41
6542 69.6073 3654.05
6543 3695.32 3825.46
6544 2018.24 2631.97
6545 4360.21 4711.74
6546 1340.33 1363.97
6547 3153.43 157.135
6548 3888.53 1921.25
6549 2930.15 1985.88
6550 3760.41 1022.86
6551 745.779 4326.72
6552 2317.1 2066.54
6553 2020.37 4430.7
6554 2031.07 4464.11
6555 3460.16 108.696
6556 4881.48 2047.96
6557 2225.7 3847.99
6558 724.966 4515.72
6559 1773.72 796.908
6560 3059.08 149.471
6561 1093.68 1587.22
6562 270.56 127.1
6563 3148.92 4867.34
6564 239.971 2405.38
6565 753.714 269.757
6566 4818.89 3483.74
6567 2709.35 2031.46
6568 2145.34 1838.82
6569 3817.06 4438.29
6570 411.099 4286.23
6571 2597.82 3230.99
6572 4214.79 4599.38
6573 214.229 1030.56
6574 4697.92 591.642
6575 3573.22 2729.88
6576 136.715 753.351
6577 2210.01 2194.45
6578 1194.8 4502.75
6579 1453.44 2842.92
6580 34.3166 669.298
6581 2479.6 3896.42
6582 4671.85 2111.18
6583 3200.11 3582.96
6584 1074.24 3156.58
6585 205.743 339.587
6586 1184.67 764.289
6587 4138.85 3690.92
6588 389.032 4749.11
6589 4728.08 1585.58
6590 1338.9 2886.38
6591 344.949 1667.16
6592 314.86 1962.83
6593 4190.01 4251.56
6594 2209.43 3253.92
6595 3191.42 860.774
6596 3737.08 2983.81
6597 464.432 194.947
6598 3836.76 1438
6599 1077.82 4370.56
6600 1820.2 876.796
6601 3801.96 2143.37
6602 1323.96 3420.84
6603 4181.85 3409.11
6604 333.35 2698.87
6605 4172.96 2906.83
6606 2317.9 1371.99
6607 2824.55 4041.51
6608 1356.67 377.331
6609 410.224 583.956
6610 815.799 3513.75
6611 4005.13 662.788
6612 3652.89 2273.03
6613 1420.67 619.24
6614 1697.19 3140.14
6615 4100.38 4443.17
6616 3271.54 2843.75
6617 3109.79 1887.7
6618 2465.27 1865.17
6619 3290.4 2373.55
6620 789.811 1517.63
6621 4545.17 2050.29
6622 18.5811 2434.12
6623 3916.24 905.667
6624 2852.52 1419.09
6625 4238.27 645.071
6626 1739.33 507.6
6627 2148.34 919.497
6628 3172.95 4793.55
6629 4564.24 394.712
6630 1933.31 1956.83
6631 2531.68 3011.88
6632 188.815 387.768
6633 4840.59 1907.32
6634 3992.41 2876.53
6635 514.828 2567.45
6636 2018.89 4330.02
6637 528.652 732.177
6638 2108.65 2796.22
6639 2953.21 2846.13
6640 175.365 147.89
6641 3657.32 295.816
6642 601.693 4559.66
6643 195.096 4579.94
6644 3691.32 2233.18
6645 627.036 4362.22
6646 4317.18 2353.86
6647 136.79 342.124
6648 3519.16 1914.56
6649 91.1144 208.568
6650 2463.25 1542.49
6651 2014.35 2293.25
6652 2560.78 589.788
6653 3652.29 1229.09
6654 2899.88 4357.53
6655 385.338 3563.63
6656 3918.29 863.961
6657 2659.15 485.245
6658 2646.29 418.835
6659 3752.2 888.212
6660 27.4486 4016.28
6661 4701.83 4605.72
6662 4559.87 2824.23
6663 2064.87 929.817
6664 3251.94 742.05
6665 3606.1 3581.28
6666 262.294 3404.7
6667 2049.96 1821.8
6668 4642.69 2656.12
6669 4204.89 2289.41
6670 3721 3255.83
6671 690.644 4695.61
6672 862.455 3102.93
6673 2009.3 3417.92
6674 1817.89 2748.17
6675 4092.71 4475.62
6676 581.366 156.03
6677 183.648 3790.02
6678 1809.82 4407.13
6679 540.445 864.201
6680 972.598 2051.46
6681 1006.69 989.898
6682 629.404 1258
6683 543.001 3351.51
6684 431.202 4164.84
6685 779.476 1782.16
6686 981.893 2874.75
6687 3670.17 1932.62
6688 1049.95 2204.87
6689 3802.71 3212.94
6690 243.038 1635.05
6691 2544.82 4608.86
6692 3404.92 1960.77
6693 2715.5 1517.67
6694 2108.26 3372.39
6695 2497.97 2495.83
6696 757.362 899.064
6697 913.48 3806.78
6698 2462.95 856.864
6699 3384.47 509.075
6700 4027.4 1796.45
6701 3074.15 2733.89
6702 2034.37 1473.49
6703 327.441 506.904
6704 1374.34 4687.48
6705 1.49713 2662.33
6706 723.606 1029.51
6707 3752.5 1901.07
6708 469.659 853.677
6709 3925.59 311.504
6710 221.515 3621.52
6711 1152.66 1774.01
6712 2409.48 251.737
6713 2345.41 3693.51
6714 1078.51 4712.78
6715 2274.78 3029.78
6716 241.886 454.85
6717 2599.6 4142.82
6718 4438.73 4003.51
6719 4183.55 1928.77
6720 2581.18 1804.77
6721 3967.07 723.488
6722 2753.4 722.706
6723 3072.83 1804.06
6724 2452.73 3374.9
6725 1657.37 203.812
6726 584.477 2071.2
6727 3238.76 1695.38
6728 3110.37 3378.21
6729 2719.54 1415.52
6730 3295.93 3268.02
6731 1349.8 2245.68
6732 2047.17 199.281
6733 4628.31 2289.77
6734 3539.65 461.097
6735 1376.05 1383.73
6736 2333.09 2962.04
6737 2908.37 1295.07
6738 4195.65 4323.44
6739 227.527 1394.04
6740 1125.21 1145.91
6741 2998.77 4806.74
6742 3870.63 3722.32
6743 38.1723 1273.11
6744 3423.74 3895.28
6745 906.75 37.4766
6746 3419.33 4281.4
6747 2700.5 280.937
6748 3073.54 2350.4
6749 3917.26 1858.44
6750 3362.43 180.786
6751 2552.15 4464.73
6752 4023.94 3816.3
6753 924.008 1473.85
6754 1091.2 1125.63
6755 1514.33 3353.55
6756 1001.65 3915.91
6757 2047.06 2892.14
6758 526.85 1814.64
6759 3527.42 586.61
6760 3339.14 4061.26
6761 4823.26 4479.16
6762 3209.76 1735.99
6763 2141.64 903.449
6764 2315.86 1375.92
6765 4528.33 4874.99
6766 3479.62 3167.71
6767 2303.45 3799.94
6768 499.556 3540.5
6769 838.965 570.279
6770 2282.31 486.259
6771 2452.58 1643.04
6772 4135.12 710.104
6773 1605.11 593.66
6774 1075.24 2798.32
6775 1396.26 4558.75
6776 1873.09 4666.32
6777 4398.39 1008.41
6778 771.278 3844.14
6779 646.647 180.379
6780 802.67 4011.18
6781 948.199 1037.89
6782 2158.89 2333.34
6783 2880.76 3072.05
6784 838.659 3968.6
6785 3702.3 2539.37
6786 1546.93 1182.69
6787 2129.58 108.708
6788 4517.15 1641.95
6789 926.54 4220.24
6790 3765.73 2371.91
6791 3192.25 953.886
6792 616.264 1460.11
6793 1065.16 1755.2
6794 2783.36 416.544
6795 4729.06 1916.31
6796 2130.24 706.137
6797 3009.39 568.099
6798 273.248 3569.1
6799 4057.19 2457.26
6800 1760.51 3386.24
6801 3397.15 491.708
6802 2972.09 3161.99
6803 505.205 1337.47
6804 4496.68 2935.65
6805 823.788 4862.28
6806 2191.98 4750.65
6807 3588.28 2636.35
6808 2721.93 4606.33
6809 1946.17 4603.71
6810 4795.21 3224.98
6811 2099.5 3169.92
6812 600.133 1408.7
6813 2927.89 1909.86
6814 2869.48 1014.59
6815 1778.57 1097.89
6816 2592.8 4214.8
6817 1013.18 1063.29
6818 4827.33 4862.53
6819 2268.64 775.862
6820 2936.23 912.405
6821 4470.12 3307.25
6822 1331.81 2201.9
6823 4372.09 1847.47
6824 830.508 766.058
6825 4135.46 336.075
6826 4363.64 1721.81
6827 3670.47 2566.45
6828 4289.09 4139.3
6829 2640.23 842.865
6830 79.3552 3981.35
6831 4028.76 845.513
6832 692.665 3825.23
6833 4448.42 4865.21
6834 935.028 768.524
6835 3070.07 1950.55
6836 4248.72 1875.92
6837 2046.46 1412.36
6838 3791.85 100.905
6839 2700.58 3849.13
6840 4180.13 2342.78
6841 2136.22 4505.43
6842 2499.54 474.277
6843 246.115 4140.03
6844 4313.88 4559.09
6845 3010.82 1631.75
6846 4684.46 740.918
6847 1250.73 1215.92
6848 3034.81 4058.29
6849 3301.13 1052.33
6850 2887.44 4309.04
6851 4658.88 209.832
6852 4690.89 4410.29
6853 2882.19 4698.94
6854 1875.36 2433.88
6855 2605.1 277.991
6856 3789.67 3655.65
6857 2936.05 4134.99
6858 3873.13 4229.09
6859 1599.84 359.4
6860 166.699 4560.2
6861 2677.12 3495.29
6862 4538.78 590.961
6863 2368.49 4480.37
6864 1646.05 2168.54
6865 2490.12 3016.66
6866 425.968 2793.9
6867 4138.58 4572.05
6868 2923.14 3380.46
6869 2102.59 787.102
6870 4190.33 2688.58
6871 2952.54 692.844
6872 4657.62 2324.94
6873 2880.2 4072.73
6874 1801.46 1343.92
6875 3728.24 2263.73
6876 2680.86 3716.93
6877 4181.8 1390.26
6878 4675.09 2266.24
6879 2080.7 2625.79
6880 4495.14 3842.11
6881 3574.91 1899.85
6882 3487.03 508.567
6883 2847.7 4800.46
6884 802.845 2493.22
6885 4548.37 36.4314
6886 4772.15 2715.16
6887 3239.94 310.87
6888 3351.55 917.543
6889 3798.14 2964.08
6890 2454.83 3320.87
6891 929.001 2176.34
6892 4064.53 4680.43
6893 2511.9 4622.97
6894 64.5771 2296.02
6895 4444.62 2150.5
6896 3961.47 1402.19
6897 237.07 1858.41
6898 489.277 3062.68
6899 2633.22 1882.08
6900 4684.94 4466.26
6901 390.903 2220.91
6902 3954.42 4280.46
6903 3692.77 4527.7
6904 938.457 4464.25
6905 1559.67 1668.13
6906 3246.27 3205.68
6907 4294.89 3573.99
6908 4659.6 2203.87
6909 994.199 2172.16
6910 556.808 4205.08
6911 1357.49 2644.03
6912 1241.14 755.136
6913 171.824 918.995
6914 299.33 1673.91
6915 686.602 2600.15
6916 4373.32 1667.69
6917 296.789 3458.23
6918 2975.48 1505.97
6919 63.6456 2143.87
6920 213.455 2141.43
6921 4780.28 2333.65
6922 458.974 2117.29
6923 2253.89 3795.46
6924 1937.61 2617.87
6925 2098.39 4425.23
6926 2487.94 1601.33
6927 4306.79 692.948
6928 3067.6 1297.28
6929 2448.05 1906.2
6930 4625.01 1891.7
6931 3116.53 182.566
6932 676.46 28.5884
6933 2318.05 2566.75
6934 2636.63 4855.2
6935 1050.77 705.751
6936 604.367 1171.81
6937 4290.05 102.644
6938 4863.1 3236.36
6939 565.792 39.2099
6940 1218.7 3204.8
6941 4617.83 4035.29
6942 2871.13 97.1841
6943 1343.68 2584.13
6944 2930.15 3016.39
6945 22.511 611.591
6946 1104.21 2946.59
6947 1179.95 4820.94
6948 347.788 4737.68
6949 932.137 3208.05
6950 1105.27 2408.06
6951 4202.42 4705.64
6952 3701.73 586.792
6953 2140.64 10.8739
6954 4341.26 2124.14
6955 702.697 3112.71
6956 2444.36 3017.73
6957 4447.46 2584.97
6958 2057.4 2463.51
6959 2906.33 2647.9
6960 4329.55 3115.16
6961 388.824 3625.41
6962 2600.92 2416.72
6963 4338.19 3753.73
6964 4446.65 3058.13
6965 4597.04 151.961
6966 540.903 1011.98
6967 4586.45 1395.1
6968 2211.74 2946.65
6969 2851.53 773.532
6970 1713.16 3447.77
6971 3349.77 3374.27
6972 3710.78 4082.55
6973 83.0502 1122.46
6974 1167.39 83.6645
6975 3947.69 227.97
6976 1510.38 1847.01
6977 1390.4 363.344
6978 1576.18 4456.49
6979 2696.01 2343.56
6980 3233.32 1366.91
6981 2485.96 1710.62
6982 2579.94 929.824
6983 4093.06 1314.2
6984 4522.65 242.614
6985 1646.62 4267.14
6986 2423.62 3312.49
6987 2848.61 2026.21
6988 1616.81 1591.68
6989 2399.17 4658.55
6990 1170.81 67.7429
6991 4466.48 4288.75
6992 1824.28 4821.95
6993 351.728 4776.47
6994 3450.39 3022.9
6995 301.709 252.828
6996 2447.26 4481.92
6997 2865.99 2513.55
6998 1475.65 4042.55
6999 1105.92 2524.52
7000 4470.61 4831.36
7001 1164.51 139.188
7002 280.355 1380.2
7003 2431.96 3258.09
7004 3355.36 3369.41
7005 1828.97 3420.06
7006 2839.98 4886.82
7007 4702.38 4464.18
7008 4806.12 1716.15
7009 3095 3758.97
7010 3723.8 4300.01
7011 2207.74 3198.46
7012 1999.87 4100.93
7013 3433.35 3067.18
7014 241.157 159.839
7015 4871.34 4224.34
7016 925.57 530.937
7017 2566.19 1491.82
7018 3067.02 2529
7019 1313.53 4263.61
7020 616.105 1711.1
7021 1150.85 1959.9
7022 1697.14 1209.92
7023 3349.99 442.011
7024 290.687 4144.6
7025 4133.47 516.011
7026 2987.58 1236.32
7027 884.45 3634.58
7028 114.391 1662.41
7029 698.225 575.975
7030 3722.28 4144.86
7031 3414.34 4329.03
7032 1089.53 4026.59
7033 2556.88 3816.11
7034 1144.91 3066.79
7035 4322.44 2167.37
7036 3355.48 4529.48
7037 540.1 2458.92
7038 2663.02 1602.29
7039 2746.43 41.7438
7040 3336.55 828.576
7041 2784.98 3755.81
7042 2537.58 2834.83
7043 924.306 180.675
7044 4563.37 4303.21
7045 3106.59 2002.58
7046 1685.34 3701.94
7047 2111.17 251.629
7048 1052.07 3793.11
7049 1358.66 2797.53
7050 372.113 966.52
7051 1438.53 1521.63
7052 2079.33 3375.11
7053 1257.91 2851.34
7054 176.689 2950.74
7055 2018.56 4765.89
7056 1580.42 2778.91
7057 466.204 1491.57
7058 162.089 532.587
7059 428.643 2329.98
7060 2773.53 474.927
7061 18.9752 4800.05
7062 3887.4 2446.43
7063 2320.37 668.552
7064 1559.82 1663.29
7065 3914.53 3148.48
7066 1316.44 457.108
7067 3386.35 1742.97
7068 169.495 4849.8
7069 2654.57 2520.62
7070 1165.35 1274.68
7071 3156.78 1485.91
7072 388.967 4371.85
7073 1450.52 1652.18
7074 3824.93 465.99
7075 1747.95 703.216
7076 317.914 187.279
7077 4486.21 4740.15
7078 2556.33 1750.09
7079 1377.9 1838.84
7080 2586.6 4042.91
7081 2409.71 2946.2
7082 3002.73 4337.91
7083 4831.02 3595.16
7084 2266.21 4220.59
7085 1336.06 758.733
7086 3887.25 978.209
7087 4263.21 83.5096
7088 452.333 3934.68
7089 1256.81 3756.84
7090 1968.32 1254.52
7091 606.012 141.235
7092 2303.8 892.614
7093 357.175 2609.86
7094 1684.79 3696.29
7095 4472.1 4190.8
7096 895.914 631.472
7097 1852.96 3273.47
7098 4379.33 4575.28
7099 3105.28 4539.05
7100 2127.64 181.323
7101 3832.54 1405.03
7102 4273.71 2212.34
7103 92.0159 429.253
7104 4731.38 2870.97
7105 3754.99 66.1922
7106 560.395 4480.2
7107 3419.29 4093.68
7108 375.964 232.669
7109 4429.22 3144.58
7110 3458.18 4575.02
7111 4423.52 3800.3
7112 820.206 270.361
7113 2953.97 586.826
7114 4773.04 2701.25
7115 4232.12 4844.36
7116 1589.7 2539.31
7117 3212.72 2946.94
7118 3350.95 2892.81
7119 2221.1 883.179
7120 784.113 1704.76
7121 1433.75 3196.06
7122 1618.44 4895.33
7123 2732.69 2995.2
7124 4377.19 975.415
7125 1219.2 1323.55
7126 1107.53 2055.63
7127 4860.86 740.31
7128 1095.43 4011.75
7129 1336.73 1981.81
7130 1390.68 2078.57
7131 2066.9 1319.87
7132 398.036 1594.47
7133 4422.92 4381.73
7134 2957.18 591.459
7135 1294.19 2738.76
7136 1151.02 2471.05
7137 2758.13 4429.05
7138 4882.22 2235.67
7139 3444.06 4453.28
7140 4570.8 2563.3
7141 1237.82 175.59
7142 3546.59 1414.68
7143 3186.95 1357.77
7144 1844.09 2074.12
7145 2032.27 3112.98
7146 4319.53 2288.21
7147 843.727 3792.33
7148 3966.25 1311.9
7149 4185.28 1911.51
7150 650.374 2596.48
7151 2611.27 3330.63
7152 455.133 3876.61
7153 1602.79 4235.11
7154 692.809 3867.17
7155 608.195 3400.62
7156 1524.02 3557.42
7157 674.952 1693.52
7158 11.9121 2836.07
7159 2786.32 3874.34
7160 3332.8 4136.23
7161 24.6112 495.749
7162 1809.62 2109.66
7163 2733.72 542.802
7164 661.35 4793.17
7165 3430.43 4678.21
7166 4827.9 1469.86
7167 2938.61 958.112
7168 4420.49 4735.45
7169 2134.2 2478.31
7170 214.151 3077.7
7171 2796.19 2826.45
7172 601.606 2790.19
7173 1493.82 95.2537
7174 3399.39 2854.71
7175 2028.89 660.781
7176 65.5554 896.746
7177 1143.66 437.688
7178 2479.11 1471.89
7179 2318.04 2439.85
7180 3340.68 85.0885
7181 3354.18 4143.51
7182 2071.67 1386
7183 2815.87 931.794
7184 3520.1 1300.42
7185 1498.19 2526.31
7186 3840.08 4221.04
7187 2146.28 2580.61
7188 942.908 1714.99
7189 2106.46 4151.08
7190 2131.01 389.371
7191 634.767 657.495
7192 968.157 3712
7193 238.873 4460.94
7194 1303.76 1018.31
7195 4284.55 2333.35
7196 3865.13 4644.9
7197 4193.55 2365.02
7198 4535.73 591.785
7199 2500.56 3922.54
7200 660.803 4758.99
7201 2068.35 4613.3
7202 3902.47 135.787
7203 4211.49 2983.83
7204 3223.87 3943.99
7205 3840.69 696.635
7206 92.0981 4560.82
7207 1780.7 4797.58
7208 2896.91 3620.77
7209 913.872 191.647
7210 4835.25 1382.66
7211 3952.25 4349.56
7212 1105.39 317.811
7213 2433.35 871.529
7214 3168.61 3359.09
7215 130.012 1750.96
7216 461.039 4214.77
7217 1422.8 3937.14
7218 3045.03 1272.28
7219 4203.81 2218.23
7220 668.554 900.522
7221 2016.34 3026.3
7222 2155.12 2190.18
7223 1483.06 2332.12
7224 651.35 4676.62
7225 377.186 288.974
7226 181.247 1935.56
7227 4494.53 3090.57
7228 2185.41 1825.12
7229 3456.27 1133.2
7230 954.969 2960.48
7231 2899.48 4587.63
7232 4718.35 543.808
7233 4017.41 1198.29
7234 2817.31 1271.47
7235 963.894 2982.05
7236 2422.68 733.174
7237 3943.7 4157.84
7238 520.369 3457.36
7239 1788.17 1641.22
7240 3647.63 4177.71
7241 2509.77 2258.24
7242 4839.79 3851.36
7243 779.877 4196.31
7244 1589.07 1800.21
7245 3639.76 3410.4
7246 2663.27 1957.35
7247 4651.37 974.342
7248 3166.17 3476.99
7249 2582.69 2819.59
7250 2589.6 910.105
7251 4362.28 3731.3
7252 654.583 3541.24
7253 4819.13 2157.38
7254 4208.2 3994.42
7255 1841.82 3956.26
7256 2221.97 1841.53
7257 2055.11 2033.33
7258 2430.96 2038.25
7259 1471.74 4024.63
7260 4292 3941.11
7261 4560.41 1488.66
7262 1220.61 3428.5
7263 2006.36 4551.33
7264 4656.53 1660.91
7265 3332.1 2595.51
7266 1601.84 4787.61
7267 3458.51 1919.53
7268 3371.07 2273.86
7269 2199.13 952.23
7270 1065.81 751.646
7271 1757.71 3626.81
7272 4591.62 4341.77
7273 3224.81 4559.85
7274 4147.41 3071.19
7275 2536.23 3909.35
7276 3532.93 2312.05
7277 2890.41 2093.03
7278 4078.29 64.8779
7279 3778.67 3500.52
7280 4465.83 358.428
7281 2559.59 318.606
7282 4729.75 3703.47
7283 3229.12 3512.66
7284 1391.75 3280.62
7285 3995.33 4629.89
7286 741.862 1233.83
7287 1255.2 165.463
7288 610.224 3294.39
7289 730.269 4856.6
7290 4604.79 1340.14
7291 1880.68 2685.34
7292 346.911 2415.58
7293 556.487 4607.74
7294 1076.02 4650.15
7295 1416.28 1211.56
7296 3232.68 46.9547
7297 3903.78 1350.77
7298 3980.03 2648.73
7299 1700.15 240.973
7300 4.54928 2547.24
7301 4559.71 3660.95
7302 1531.61 3588.22
7303 2305.26 918.513
7304 3699.3 378.598
7305 0.612474 4322.06
7306 653.914 137.2
7307 4100.46 4049.29
7308 1335.72 3969.34
7309 3601.08 2381.1
7310 361.478 268.997
7311 3751 1689.39
7312 3351.04 2841.77
7313 1766.07 3149.91
7314 2128.76 154.421
7315 685.525 1610.26
7316 3814.92 1147.25
7317 2223.34 216.188
7318 1798.83 2605.64
7319 2617.87 2338.43
7320 4624.67 3617.43
7321 4041.19 3160.01
7322 193.645 1687.72
7323 2902.37 2851.46
7324 1374.26 4455.42
7325 881.933 4852.06
7326 4807.76 1738.18
7327 4560.99 4884.06
7328 4645.15 4020.26
7329 1490.18 4830.93
7330 691.691 4229.35
7331 3852.9 3659.59
7332 4327.23 2357.93
7333 4073.76 4118.45
7334 3127.32 3584.51
7335 2.92027 4318.57
7336 4738.47 4649.9
7337 3908.65 3823.59
7338 3913.02 3506.24
7339 1287.19 2240.47
7340 650.008 2290.1
7341 582.618 3340.13
7342 2439.63 3202.39
7343 317.537 2137.82
7344 647.424 960.908
7345 1020.71 1557.94
7346 4585.62 3633.31
7347 2542.46 1137.01
7348 1160.99 876.834
7349 33.2903 3629.71
7350 1948.09 3736.71
7351 4041.6 3260.68
7352 653.517 4016.69
7353 4019.04 1503.71
7354 869.582 400.527
7355 3956.21 2927.22
7356 25.4697 1634.06
7357 2179.55 3530.48
7358 4511.08 1827.66
7359 219.98 3484.32
7360 4101.81 2072.47
7361 617.476 2574.7
7362 4444.36 3229.02
7363 1666.15 1500.49
7364 3033.55 4811.58
7365 491.756 1694.21
7366 4665.07 4234
7367 2561.19 2548.96
7368 1665.85 1360.27
7369 2115.19 2777.02
7370 3079.01 4497.62
7371 3314.75 1195.95
7372 2826.12 657.348
7373 4767.2 2305.02
7374 1630.31 3476.34
7375 375.825 92.5407
7376 1089.03 4549.95
7377 2256.41 1261.99
7378 3849.16 4804.56
7379 4159.07 3077.36
7380 3081.48 668.207
7381 4056.81 4179.26
7382 3940.48 1134.4
7383 2747.48 4080.01
7384 3426.18 1473.7
7385 2086 4071.21
7386 1746.81 4590.46
7387 1110.87 2340.27
7388 1694.1 3125.1
7389 4672.43 2857.37
7390 2084.2 195.767
7391 3931.65 1145.11
7392 4329.09 4424
7393 3321.13 766.675
7394 2242.32 2156.52
7395 4895.81 195.569
7396 2488.26 1085.97
7397 3482.87 4526.12
7398 4492.8 3558.33
7399 4516.71 2276.6
7400 2611.56 295.471
7401 4650.94 3906.36
7402 98.677 2925.82
7403 1280.82 3297.09
7404 121.367 547.266
7405 575.212 2914.85
7406 3994.03 4480.33
7407 2760.83 2258.17
7408 2454.01 776.256
7409 174.378 1133.02
7410 4347.57 4054.86
7411 3564.18 248.038
7412 4486.98 4569.59
7413 1002.63 4831.47
7414 1201.07 706.49
7415 2497.68 3292.98
7416 2269.36 4534.69
7417 4227.07 1511.89
7418 811.857 2459.45
7419 2332.37 3889.47
7420 1700.02 1239.75
7421 2333.58 367.769
7422 4645.54 682.905
7423 2317.04 1585.85
7424 1077.9 1993.34
7425 823.694 3726.74
7426 3696.47 1863.36
7427 196.377 4615.68
7428 2218.19 3308.64
7429 2776.73 2248.11
7430 2639.47 3731.79
7431 4514.32 824.263
7432 2401.92 3336.41
7433 3146.61 1520.49
7434 2343.49 1379.21
7435 2680.74 4248.14
7436 1306.77 2504.57
7437 902.411 3502.76
7438 3687.53 1006.95
7439 2152.4 402.858
7440 4441.83 4229.04
7441 3156.46 1549.11
7442 3970.26 3603.74
7443 2201.1 663.933
7444 3428.86 2425.96
7445 2759.95 667.311
7446 3476.19 719.12
7447 2524.85 1372.48
7448 4105.69 300.309
7449 2114.72 2547.84
7450 3311.65 4875
7451 1337.36 1579.34
7452 3950 334.806
7453 108.746 3564.16
7454 764.047 4299.84
7455 1124.53 3152.63
7456 1540.46 2878.83
7457 3755.19 2119.58
7458 1837.11 733.1
7459 1661.1 2655.88
7460 638.776 3359.37
7461 2838.85 4273.14
7462 275.282 3584.98
7463 358.004 1048.73
7464 3365.33 2138.49
7465 340.334 4382.89
7466 3956.1 1035.48
7467 2035.58 592.157
7468 3542.38 2032.94
7469 353.989 3458.93
7470 1599.86 82.7956
7471 3976.38 3629.25
7472 3954.14 2401.4
7473 4566.57 267.14
7474 278.758 4243.74
7475 3241.22 2233.5
7476 392.4 3688.99
7477 738.096 850.239
7478 2970.63 367.079
7479 1202.95 4282.91
7480 2805.79 657.096
7481 2978.48 4063.38
7482 2018.49 2678.61
7483 3389.27 1681.13
7484 3802.16 633.184
7485 3028.24 2561.55
7486 2829.44 3865.75
7487 3800.62 3346.72
7488 2988.17 4433.13
7489 4448.2 4886.64
7490 366.097 11.5167
7491 213.059 1849.19
7492 1809.26 3477.13
7493 3762.09 3823.77
7494 227.085 2860.43
7495 1833.81 11.5821
7496 1334.74 49.5976
7497 3420.14 4614.45
7498 132.051 598.214
7499 4889.47 5.42203
7500 4136.56 3607.4
7501 1756.59 552.539
7502 2549.2 2030.32
7503 3421.39 1868.94
7504 2532.42 3988.61
7505 2074.77 3429.64
7506 2641.02 4713.25
7507 1673.21 188.654
7508 2291.91 3354.83
7509 308.295 4457.47
7510 1601.89 1388.47
7511 3494.17 963.23
7512 4022.77 731.87
7513 4698.92 491.405
7514 3271.85 4112.27
7515 4650.14 1811.33
7516 4880.12 407.557
7517 830.424 1835.81
7518 4264.16 1248.71
7519 2023.34 3593.82
7520 1850.61 4113.55
7521 1908.72 45.9726
7522 1778.08 215.111
7523 1894.74 73.1596
7524 705.592 2195.8
7525 3293.31 4027.02
7526 4347.25 2826.32
7527 902.395 2124.48
7528 2584.56 4610.4
7529 1520.21 154.59
7530 1877.34 1731.69
7531 4741.56 2066.74
7532 4125.29 3162.12
7533 3248.56 4156.37
7534 2824.98 4446.51
7535 3978.9 2743.38
7536 1702.4 4007.6
7537 2282.51 4598.45
7538 1644.94 1543.62
7539 4164.87 2317.69
7540 3278.3 2911.39
7541 697.563 4430.37
7542 3981.23 1415.03
7543 986.335 3153.72
7544 1763.51 1967.27
7545 283.61 3766.76
7546 541.404 2140.17
7547 2917.64 2712.71
7548 1628.22 4280.63
7549 363.585 4567.14
7550 291.764 3449.47
7551 3278.35 37.9214
7552 2384.26 982.244
7553 4224 4601.73
7554 2267.26 4812.87
7555 3389.01 2246.31
7556 3490 3251.44
7557 1088.9 3762.48
7558 1897.09 1923.34
7559 3584.22 4116.24
7560 2425.57 3672.65
7561 3285.27 1674.19
7562 3197.87 3696.56
7563 910.156 1229.97
7564 1653.73 3709.51
7565 2879.78 2997.88
7566 85.3128 3857.55
7567 939.009 121.405
7568 1013.71 3487.65
7569 1668.73 4647.65
7570 1448.32 4025.51
7571 4274.77 1530.05
7572 3199.76 4042.55
7573 250.562 1475.81
7574 2349.28 3748.86
7575 3554.07 4518.64
7576 2207.79 2064.16
7577 2923.4 3637.19
7578 2727.99 4446.13
7579 3209.18 1995.13
7580 3609.49 1655.22
7581 1177.01 1737.02
7582 4503.2 3640.43
7583 3352.02 1836.41
7584 1611.44 947.442
7585 1476.95 3557.37
7586 2020.36 2184.66
7587 2.39467 550.546
7588 2205.08 4514.68
7589 4762.51 2597.36
7590 1326.89 3440.79
7591 4042.46 2511.55
7592 2657.57 34.24
7593 2042.3 1070.69
7594 3847.48 2815.35
7595 3490.65 56.1228
7596 2881.44 1332.72
7597 3391.11 4103.1
7598 2309.98 489.906
7599 2381.76 4250.35
7600 1072.41 2921.78
7601 1344.06 3763.6
7602 1101.79 4784.6
7603 2263.42 2163.9
7604 2278.44 4339.68
7605 1784.88 1222.1
7606 4340.26 537.294
7607 4171.49 2305.1
7608 2061.67 4870.19
7609 2013.02 100.467
7610 3789.57 2458.27
7611 3506.53 2190.29
7612 3215.1 1945.71
7613 105.279 2102.4
7614 2009.95 4230.26
7615 2842.32 2840.95
7616 4175.17 4173.09
7617 2115.69 3457.25
7618 1281.8 4201.87
7619 1750.55 2900.34
7620 1469.43 1645.18
7621 2580.54 4240.77
7622 2858.56 1607.55
7623 2700.49 2366.4
7624 1209.17 767.652
7625 1502.32 2752.22
7626 3134.01 1727.32
7627 4259.47 3736.55
7628 258.378 173.246
7629 2407.43 4297.32
7630 1509.35 2424.8
7631 1544.25 2362.86
7632 3641.09 2767.12
7633 2369.76 2732.45
7634 2433.05 669.009
7635 521.072 3493.06
7636 189.479 1100.09
7637 3911.42 296.579
7638 618.816 3940.16
7639 570.557 115.847
7640 2873.88 854.465
7641 709.439 1855.91
7642 762.209 1676.67
7643 3768.32 2927.89
7644 2523.69 3587.71
7645 868.54 4675.03
7646 4143.02 4712.12
7647 3795.01 2385.49
7648 3091.68 1215.04
7649 4175.08 1640.31
7650 2262.17 1066.8
7651 2172.82 3598.98
7652 4872.39 972.441
7653 1055.14 4521.99
7654 4553.73 1033.11
7655 1126.29 2621.15
7656 1387.17 748.191
7657 4760.7 4559.83
7658 1730.26 3959.09
7659 2538.01 4168.07
7660 3094.28 3597.38
7661 2682.9 3384.98
7662 4850.78 2576.12
7663 4337.67 980.359
7664 3922.21 3792
7665 3688.37 3313.69
7666 242.314 4266.94
7667 2244.83 4677.7
7668 4444.03 582.231
7669 2124.49 2619.02
7670 1278.72 1153.65
7671 4874.3 1891.51
7672 1525.38 695.77
7673 1697.93 261.002
7674 3681.6 4783.16
7675 25.4953 1547.34
7676 22.3155 517.931
7677 2037.45 1947.1
7678 1553.14 3060.94
7679 3360.7 4600.42
7680 71.0499 2777.07
7681 4233.51 3284.71
7682 3348.89 2480.45
7683 4529.81 2636.78
7684 128.237 2897.25
7685 68.0386 4841.8
7686 1983.55 539.823
7687 210.546 2709.53
7688 976.835 1700.72
7689 2001.79 1787.93
7690 920.7 4779.62
7691 4787.34 2810.18
7692 3320.15 1546.68
7693 4820.97 2920.96
7694 3429.67 183.337
7695 4144.04 333.153
7696 1035.33 1330.18
7697 4273.03 564.498
7698 4309.43 3714.66
7699 199.304 1776
7700 3902.85 1690.08
7701 2234.51 2814.64
7702 1200.09 648.25
7703 3285.08 820.425
7704 4235.67 1908.92
7705 183.503 4510.42
7706 1120.21 1272.63
7707 989.292 1987.97
7708 3756.55 2587.36
7709 307.583 1257.87
7710 2802.73 3055.9
7711 1181.97 1072.41
7712 2047.74 2889.18
7713 4598.15 2745.02
7714 223.145 2692.89
7715 846.529 3278.58
7716 918.914 3184.01
7717 2332.52 2837.88
7718 96.6699 4627.84
7719 4081.35 420.179
7720 1560.02 2090.02
7721 2401.73 368.199
7722 3743.94 2985.95
7723 4795.38 366.336
7724 3330.72 4408.54
7725 4048.39 2657.75
7726 3165.05 3756.52
7727 4585.2 1366.69
7728 1785.93 752.861
7729 1188.03 1497.89
7730 3733.82 1541.3
7731 712.843 3922.7
7732 2490.27 3278.6
7733 4132.99 3461.03
7734 3089.81 4334.31
7735 636.286 2814.78
7736 4155.72 2005.38
7737 1704.3 2113.42
7738 1438.95 4113.2
7739 4120.82 561.952
7740 2575.78 2792.08
7741 4524.6 3996.78
7742 1260.7 4012.84
7743 2531.2 389.964
7744 2932.8 1759.06
7745 4239.2 3413.85
7746 4459.35 1831.35
7747 2697.91 1953.64
7748 1421.33 476.195
7749 3980.77 4467.51
7750 1961.32 1168.05
7751 1690.62 4647.46
7752 580.424 962.695
7753 2507.73 549.195
7754 2580.19 849.202
7755 3923.64 503.849
7756 3595.66 900.767
7757 2186.04 2109.41
7758 1093.39 2428.36
7759 1616.98 378.313
7760 4370.14 3543.98
7761 2444.28 4112.71
7762 2595.39 3426.87
7763 1291.45 1688.62
7764 2371.38 4892.89
7765 882.172 443.236
7766 1965.66 3054.76
7767 2473.29 2732.98
7768 4083.82 965.046
7769 4302.78 1007.95
7770 1666.08 4270.55
7771 1394.42 827.247
7772 256.053 4850.45
7773 34.4333 4522.14
7774 3780.88 4263.94
7775 3376.7 3465.59
7776 231.552 455.863
7777 4270.95 3208.41
7778 4635.18 2664.76
7779 2117.1 4258.02
7780 1219.3 3844.47
7781 1642.45 1898.82
7782 254.658 2201.63
7783 1071.15 889.257
7784 1852.56 4348.04
7785 633.839 3346.41
7786 4816.88 2620.91
7787 1268.7 149.667
7788 3848.2 1767.81
7789 3075.11 4547.39
7790 3029.68 1535.35
7791 662.604 425.925
7792 122.329 4442.72
7793 2540.13 3825.96
7794 4617.31 4398.02
7795 383.164 767.47
7796 2324.85 521.813
7797 374.927 3758.64
7798 320.054 1314.2
7799 4158.98 3429.74
7800 2716.41 3476.16
7801 2074.45 1698.61
7802 3365.71 1688.78
7803 3860.76 2732.91
7804 1318.22 467.821
7805 24.5319 3108.64
7806 2657.94 4217.59
7807 3651.03 4896.72
7808 834.134 322.949
7809 2456.22 1787.59
7810 2926.54 743.14
7811 2375.89 1357.12
7812 4085.89 3768.26
7813 1951.85 3324.14
7814 559.8 52.9878
7815 2262.52 1301.81
7816 1462.84 2077.8
7817 218.93 3255.2
7818 3780.83 2287.9
7819 498.041 3354.17
7820 4581.51 2788.47
7821 4155.69 1302.48
7822 4633.14 772.704
7823 4335.71 3636.85
7824 810.97 4577.72
7825 2564.22 2072.09
7826 323.975 2746.12
7827 3775.09 4676.39
7828 2960.51 3186.27
7829 2215.57 455.604
7830 3318.93 101.899
7831 3271.49 1206.62
7832 3481.75 1562.62
7833 4388.12 505.73
7834 625.86 4752.67
7835 755.237 2155.91
7836 4090.83 1425.24
7837 2655.75 1130.74
7838 34.3712 3450.65
7839 275.28 2101.74
7840 2042.98 4303.46
7841 2180.86 2187.54
7842 3406.56 982.581
7843 4447.92 327.679
7844 1771.73 3277.08
7845 3906.08 1920.64
7846 1608.45 3547.67
7847 1399.1 3080.3
7848 3692.46 1029.47
7849 2417.82 3771.59
7850 4762.36 731.225
7851 793.681 1909.57
7852 2607.49 3365.28
7853 111.634 185.004
7854 2574.52 4641.68
7855 4083.81 1812.35
7856 3827.55 985.297
7857 1781.12 1607.94
7858 527.761 3588.17
7859 920.765 4141.45
7860 2461.38 1150.82
7861 3880.99 3099.82
7862 3901.89 686.598
7863 683.119 3821.26
7864 4408.49 0.0164072
7865 866.213 2494.5
7866 2632.38 2704.55
7867 3196.04 162.992
7868 1614.76 724.196
7869 4455.15 3288.49
7870 4056.57 31.2563
7871 4032.44 1310.31
7872 652.578 3130.34
7873 2529.74 4248.2
7874 2077.65 3048.79
7875 975.047 360.648
7876 2381.96 1137.28
7877 506.947 3200.81
7878 921.844 4655.12
7879 3346.47 4897.7
7880 4064.95 3230.81
7881 2726.86 2492.66
7882 1290.02 3648.4
7883 4063.39 3032.46
7884 4736.27 1198.19
7885 3052.02 3554.57
7886 3488 3955.95
7887 1004.77 4686.75
7888 576.478 2739.56
7889 3784.81 4517.28
7890 926.558 2086.7
7891 4836.92 2936.71
7892 4261.06 1281.61
7893 3014.74 855.326
7894 165.284 2208.12
7895 4286.27 1657.68
7896 4163.54 3791.84
7897 1628.57 2145.34
7898 940.121 2269.74
7899 4552.78 3462.36
7900 884.25 3594.22
7901 859.365 1588.42
7902 4612.02 475.957
7903 2002.61 3100.36
7904 2246.07 571.248
7905 3530.17 4523.98
7906 453.291 4086.81
7907 2411.01 1241.45
7908 364.695 904.579
7909 786.197 3389.47
7910 1018.72 3298.9
7911 544.111 3258.42
7912 2413.2 2680.37
7913 3180.16 2071.78
7914 430.836 3221.04
7915 1500.5 1930.84
7916 4621.71 2898.33
7917 2500.95 4470.98
7918 429.069 2601.75
7919 2297.82 3020.07
7920 1655.16 740.967
7921 998.125 98.4083
7922 3990.44 2315.31
7923 89.3163 4745.66
7924 4394.13 1514.27
7925 1253.03 4801.95
7926 603.625 486.283
7927 2159.85 1798.8
7928 1558.44 523.696
7929 3276.3 3340.35
7930 1190.18 4086.58
7931 80.9157 4897.49
7932 2430.38 741.682
7933 3040.11 1575.09
7934 931.117 3106.69
7935 2160.35 2625.02
7936 2397.89 4135.86
7937 2997 4780.62
7938 2279.76 2376.6
7939 4458.45 3061.53
7940 2119.13 2996.9
7941 4790.55 645.147
7942 4408.46 655.39
7943 2813.82 3009.03
7944 4185.88 1678.11
7945 2240.99 2037.39
7946 4156.41 1995.56
7947 4646.95 3160.27
7948 1738.71 297.313
7949 2175.56 4422.23
7950 2203.79 2030.38
7951 777.127 3503.11
7952 4790.25 2568.08
7953 3084.86 661.806
7954 172.865 181.28
7955 1914.19 4879.17
7956 3923.7 423.011
7957 3694.6 2718.46
7958 3696.58 3328.86
7959 1411.42 168.643
7960 4458.59 2165.9
7961 2467.23 4402.11
7962 728.818 3897.23
7963 2431.59 497.345
7964 108.336 4334.61
7965 2844.3 4116.67
7966 1871.44 1914.46
7967 3656.36 3158.01
7968 385.808 723.777
7969 3476.65 278.117
7970 4054.83 4101.08
7971 1824.66 2854.44
7972 1689.88 4443.54
7973 461.919 2446.81
7974 1895.44 1525.46
7975 1482.79 1620.17
7976 3677.47 163.769
7977 917.447 3605.75
7978 3327.82 1359.46
7979 926.065 1290.33
7980 3876.5 409.622
7981 4605.49 3994.86
7982 1634.48 458.469
7983 2408.34 4884.74
7984 4421.04 821.997
7985 621.088 1676.57
7986 3719.97 924.036
7987 4484.63 4280.85
7988 1619.29 2761.22
7989 3683.54 1242.1
7990 2335.42 2443.08
7991 655.895 3388.35
7992 1424.63 455.273
7993 2407.93 611.733
7994 1081.68 4107.28
7995 790.635 1893.01
7996 2449.91 1613.36
7997 2308.89 3255.17
7998 2580.08 1051.49
7999 160.046 3533.93
8000 2305.2 2771.77
8001 890.748 3016
8002 3114.88 4090.04
8003 1220.11 4513.2
8004 2141.81 342.149
8005 794.531 1645.71
8006 765.812 1181.54
8007 2676.14 3110.88
8008 2456.55 2682.52
8009 4781.22 2546.58
8010 133.51 2475.43
8011 1293.76 4299.4
8012 3442.9 2179.63
8013 2526.83 2530.76
8014 2254.05 4545.16
8015 2717.6 275.746
8016 3336.23 1336.23
8017 2218.18 1679.74
8018 4186.79 4552.53
8019 3370.61 1731.93
8020 613.498 2007.29
8021 1120.49 954.938
8022 3777.65 2620.8
8023 2877.1 258.034
8024 4248.76 3876.02
8025 2214.1 3070.38
8026 1861.42 3437.9
8027 2354.45 1120.26
8028 2852.26 2647.92
8029 1752.52 2986.88
8030 2598.11 4195.97
8031 697.043 4751.76
8032 1882.82 3016.05
8033 4055.32 2632.53
8034 1913.46 25.1939
8035 4253.14 328.192
8036 3649.6 2009.08
8037 1104.71 4580.54
8038 1164.16 1399.62
8039 2133.88 1488.78
8040 2816.55 3944.79
8041 2956.57 149.491
8042 2185.3 4249.24
8043 2215.38 2098.63
8044 2714.66 1056.46
8045 1358.76 3601.92
8046 83.916 671.203
8047 1049.09 360.042
8048 3437.99 3642.38
8049 542.703 3939.47
8050 1003.26 1285.85
8051 3218.82 3511.54
8052 521.959 1002.64
8053 2568.51 8.15411
8054 137.37 154.044
8055 3476.19 1798.19
8056 4021.57 1211.46
8057 4866.94 4468.43
8058 1875.96 339.002
8059 1107.23 3686.81
8060 3307.85 4447.54
8061 2385.18 1286.91
8062 164.312 2479.78
8063 1527.45 2373.08
8064 1799.64 60.439
8065 1745.91 2910.48
8066 4639.38 846.188
8067 4325.62 1447.43
8068 1484.21 1066.34
8069 1065.81 705.4
8070 3748.13 2710.86
8071 4255.01 488.011
8072 3690.4 3054.17
8073 1776.26 4527.49
8074 2148.45 4657.11
8075 2896.84 2299.22
8076 4112.72 2703.22
8077 3008.99 2743.1
8078 4737.01 1378.47
8079 883.502 4794.56
8080 1438.51 4835.02
8081 4042.26 578.034
8082 2944.39 36.9623
8083 4036.61 2911.94
8084 1905.03 521.346
8085 571.682 2677.71
8086 1982.93 2902.51
8087 4797.72 2729.98
8088 846.107 1422.75
8089 1440.73 2506.29
8090 3512.38 1311.78
8091 4336.51 3411.9
8092 410.075 1534.56
8093 4152.26 2097.09
8094 733.523 3795.34
8095 734.564 2072.2
8096 1528.58 676.294
8097 2557.14 4429.83
8098 2616.53 2832.64
8099 2704.38 2635.53
8100 393.052 3192.87
8101 4077.27 2765.3
8102 2360.99 3527.83
8103 1024.25 4156.67
8104 4150.33 3403.09
8105 480.293 4649.03
8106 1602.33 2847.1
8107 3069.66 1812.95
8108 3777.01 4192.3
8109 3384.27 3197.4
8110 1352.18 2346.17
8111 1806.02 1331.11
8112 1873.28 1811.75
8113 3145.16 2686.57
8114 3434.3 733.579
8115 3797.15 2426.61
8116 1432.21 4846.64
8117 4304.95 3377.86
8118 3271.07 2797.58
8119 3785.57 4342.79
8120 1266.33 2291.21
8121 2521.94 2557.69
8122 1185.76 4282.43
8123 1157.57 2490.21
8124 533.899 2363.27
8125 4145.84 1196.52
8126 3718.14 1189.81
8127 3786.65 3089.61
8128 1118.36 388.005
8129 4887.43 1123.13
8130 4580.66 3785.47
8131 4762.49 2390.74
8132 1563.09 2625.84
8133 1038.72 211.109
8134 1187.25 4288.37
8135 453.926 319.242
8136 3696.81 373.904
8137 1773.06 2958.71
8138 4148.65 45.5927
8139 4146.75 2013.09
8140 4050.85 1389.02
8141 1826.42 3755.59
8142 2532.43 3376.38
8143 207.937 4091.79
8144 1288.43 1841.69
8145 2587.35 2665.45
8146 3881.12 3057.08
8147 3255.4 1904.13
8148 690.536 639.383
8149 3058.53 2813.58
8150 2530.87 2616.62
8151 3443.26 377.623
8152 2497.85 2569.6
8153 2252.22 1518.04
8154 30.3722 4810.33
8155 1764.64 2578.1
8156 1730.08 4145.24
8157 1325.64 1111.71
8158 4292.87 4177.93
8159 3342.08 4548.2
8160 3077.69 3563.47
8161 4890.22 2923.35
8162 730 2077.7
8163 1739.46 1292.86
8164 3563.22 4826.11
8165 2868.07 567.526
8166 3024.59 4061.58
8167 2425.27 4200.76
8168 92.0388 2604.13
8169 1024.08 3287.76
8170 909.19 4213.16
8171 2092.92 948.271
8172 2826.85 3870.85
8173 4036.74 1010.97
8174 3087.88 712.653
8175 3414.1 3835.52
8176 1727.25 4858.9
8177 130.054 2238.75
8178 862.711 4710.28
8179 1708.65 1151.8
8180 4769.59 1724.31
8181 1175.34 4785.45
8182 3039.71 2987.93
8183 3085.5 3196.53
8184 1462.5 2405.16
8185 800.507 1787.62
8186 4164.12 3202.52
8187 4135.64 1283.15
8188 3061.42 654.442
8189 1909.16 559.804
8190 3741.85 1111.41
8191 997.827 449.479
8192 2594.42 975.046
8193 3099.17 449.145
8194 4480.07 1929.37
8195 1663.19 806.855
8196 1598.15 744.736
8197 3424.38 2863
8198 742.041 3855.04
8199 4165.05 4204.4
8200 3405.83 750.475
8201 4335.41 3642.63
8202 4759.59 62.3003
8203 4772.52 1776.39
8204 3217.66 754.303
8205 4158.43 1729.49
8206 3974.86 1381.46
8207 3207.7 3317.15
8208 3730.85 522.977
8209 2951.86 4800.81
8210 1837.63 2121.56
8211 4156.32 1463.01
8212 4813.51 216.546
8213 2355.36 3170.21
8214 4504.82 147.274
8215 4629.89 1076.88
8216 2505.03 2948.59
8217 2130.72 4191.53
8218 3409.79 674.302
8219 2453.03 498.081
8220 3185.59 1142.9
8221 1087.13 3847.14
8222 2498.95 1958.29
8223 2412.84 2711
8224 1449.56 1648.52
8225 137.867 2531.32
8226 2734.66 1439.27
8227 2735.64 2039.15
8228 1932.16 1752.1
8229 2807.4 2903.01
8230 2491.16 4607.56
8231 1493.89 3366.59
8232 584.124 1744.88
8233 3098.71 2404.66
8234 3526.26 3341.62
8235 2515.58 1267.52
8236 2486.99 3467.98
8237 1698.82 317.119
8238 3591.14 3347.45
8239 1175.18 1180.39
8240 3216.88 3665.48
8241 4142.65 1064.95
8242 3182.65 1323.43
8243 2366.12 1172.17
8244 2988.82 3239.91
8245 3449.25 2415.23
8246 3153.89 1378.53
8247 3623.56 523.771
8248 3018.54 3673.42
8249 3359.69 4366.02
8250 3623.55 321.198
8251 3804.99 348.357
8252 4650.05 3842.4
8253 3684.79 3822.38
8254 3693.79 3732.54
8255 3406.19 2575.32
8256 2669.73 1524.77
8257 1191.63 1528.02
8258 131.92 493.8
8259 3449.1 11.8278
8260 2930.59 3163.06
8261 4806.85 3491.09
8262 679.142 2933.3
8263 3275.29 1919.59
8264 3308 4855.52
8265 1099.97 3375.05
8266 66.225 3758.01
8267 1854.89 2728.03
8268 1277.57 222.456
8269 523.984 4306.64
8270 4383.75 4594.76
8271 2874.33 4397.31
8272 666.075 4163.12
8273 2051.62 1175.02
8274 4647.87 107.068
8275 4615.56 3878.46
8276 3178.11 772.121
8277 1326.65 3427.41
8278 149.189 2050.39
8279 4675.5 3380.08
8280 2739.72 1502.78
8281 3156.93 1553.87
8282 673.747 4555.42
8283 3134.12 1473.21
8284 2671.07 279.894
8285 659.4 2639.22
8286 2275.75 108.784
8287 2357.16 3333.75
8288 3857.93 4084.56
8289 583.131 828.355
8290 901.236 743.385
8291 2034.88 3237.1
8292 235.133 4721.71
8293 4560.98 2639.95
8294 525.967 725.896
8295 4035.04 848.52
8296 2642.47 2926.14
8297 2274.42 144.971
8298 4573.94 4653.15
8299 1094.09 4014.16
8300 2387.23 2779.89
8301 4696.92 716.401
8302 4054.37 869.916
8303 1081.99 1495.88
8304 4313.91 3912.1
8305 4556.78 3988.36
8306 3322.26 2559.04
8307 1902.39 4459.47
8308 1822.73 2974.93
8309 2720.08 3422.87
8310 4306.01 4242.18
8311 1989.13 1168.24
8312 4440.47 4264.92
8313 1662.64 3539.65
8314 1930.63 3532.84
8315 4331.37 1321.95
8316 3728.69 1426.41
8317 3689.37 991.963
8318 3768.21 2775.66
8319 600.888 541
8320 2632.08 1823.07
8321 4662.94 4172.08
8322 4429.74 4255.77
8323 2724.75 1322
8324 3402.39 1250.82
8325 4137.3 4602.95
8326 551.476 553.191
8327 747.965 3391.71
8328 4085.85 2652.3
8329 739.182 4864.87
8330 1031.7 1477.18
8331 4444.96 4525.75
8332 801.355 4332.01
8333 4360.05 4844.48
8334 168.896 4444.35
8335 1647.11 3163.85
8336 1366.55 2866.72
8337 4372.3 4847.7
8338 3648.13 1207.61
8339 207.286 2348.89
8340 1772.54 2456.46
8341 995.044 2224.2
8342 2477.88 1253.65
8343 1088.75 3430.64
8344 1061.59 54.4835
8345 1624.01 4114.02
8346 4616.91 4557.44
8347 2578.12 647.763
8348 3007.78 1607.05
8349 3680.42 4453.58
8350 761.268 4520.73
8351 724.971 2042.4
8352 2596.04 206.241
8353 961.605 3935.81
8354 2812.15 404.756
8355 1764.56 164.66
8356 2178.88 2163.26
8357 3698.16 1399.88
8358 1036.46 166.534
8359 2625.97 3404.18
8360 1342.85 4510.65
8361 2396.79 3883.47
8362 3554.28 1440.3
8363 1683.13 2678.03
8364 2535.94 2073.58
8365 1691.84 2363.92
8366 3308.23 1030.36
8367 2865.43 954.414
8368 2025.43 3081.91
8369 2543.21 1897.12
8370 3382.6 2396.67
8371 532.767 3523.18
8372 4003.94 858.495
8373 1725.64 615.72
8374 2998.46 1537
8375 1431.68 4306.09
8376 1837.84 4341.47
8377 333.719 3079.08
8378 2474.15 3717.34
8379 3967.85 4520.46
8380 3060.14 1130.3
8381 2676.68 3091.05
8382 4034.42 649.292
8383 630.512 3317.56
8384 3445.5 2729.23
8385 3911.84 2045.89
8386 2919.46 3336.39
8387 4094.86 2941.03
8388 3803.62 1599.09
8389 3737.5 3285.59
8390 1910.54 4610.32
8391 934.43 573.937
8392 145.121 3950.16
8393 4626.39 4582.75
8394 3208.44 4670.96
8395 730.929 2144.96
8396 4181.41 216.293
8397 1781.62 1059.99
8398 4542.92 4292.85
8399 4171.21 828.453
8400 3436.02 1799.69
8401 4071.5 4782.74
8402 1425.91 172.838
8403 457.591 2457.35
8404 2115.94 368.187
8405 3859.96 4065.98
8406 2019.15 2947.66
8407 2631.32 3178.42
8408 1790.53 953.048
8409 3893.16 3536.52
8410 253.456 4214.09
8411 1816.69 2883.36
8412 2264.39 2376.75
8413 3944.03 4555.84
8414 781.909 3350.24
8415 3272.76 3184.94
8416 2714.19 3008.79
8417 3239.2 3553.38
8418 1647.52 4459.07
8419 348.739 3176.63
8420 1911.3 3527.4
8421 1718.44 489.659
8422 4329.24 404.587
8423 1096.23 3059.46
8424 2891.06 436.93
8425 3898.11 1702.63
8426 4141.74 2234.01
8427 4206.19 4529.74
8428 3428.3 2234.75
8429 4115.03 28.5718
8430 845.239 4339.82
8431 2677.04 1619.77
8432 4563.01 3119.83
8433 2043.64 1864.24
8434 1492.69 2384.97
8435 3538.1 935.666
8436 3169.99 1866.51
8437 1335.37 2535.41
8438 1770.19 4211.69
8439 4684.92 2579.35
8440 3084.17 4552.25
8441 1288.42 1345.42
8442 4404.47 2937.05
8443 3412.29 3229.7
8444 145.241 1184.87
8445 3058.75 539.414
8446 1022.25 2838.91
8447 3335.18 2748.03
8448 4121.51 986.004
8449 1506.73 115.509
8450 3554.39 4794.33
8451 2759.45 979.194
8452 3393.11 3937.35
8453 2479.4 2290.26
8454 1324.17 1856.37
8455 3107.15 2603.37
8456 3767.07 626.811
8457 944.594 2365.1
8458 1674.08 3106.03
8459 908.002 683.097
8460 2245.74 3942.48
8461 4195.53 3881.99
8462 662.408 2111.45
8463 2426.72 713.881
8464 3977.31 74.3113
8465 3494.13 44.7008
8466 3731.36 3305.13
8467 4426.86 2481.85
8468 4395.81 2931.85
8469 4710.84 1989.08
8470 1591.54 2527.52
8471 578.868 500.507
8472 4097.91 954.806
8473 3193.26 2583.56
8474 4756.45 2171.32
8475 1166.11 2599.61
8476 3658.68 3451.47
8477 158.147 1353.67
8478 945.207 1461.7
8479 3021.71 708.955
8480 2931.13 2327.25
8481 3605.37 4409.45
8482 4697.22 1465.66
8483 4459.23 2409.95
8484 1971.95 3650.35
8485 3571.77 3806.24
8486 322.026 4122.97
8487 3882.64 3529.81
8488 4201.98 4221.36
8489 4442.93 3098.05
8490 1360.99 1327.96
8491 4010.81 3962.5
8492 531.586 3301.06
8493 551.872 357.516
8494 4546.98 4278.99
8495 2710.23 4205.95
8496 2740.07 1335.64
8497 713.748 1518.77
8498 2193.45 2762.18
8499 3395.14 1050.3
8500 2353.61 1922.88
8501 3974.3 3694.24
8502 3468.77 3765.76
8503 4855.6 3657.56
8504 2729.23 127.079
8505 264.763 3695
8506 2590.36 1588.23
8507 2785.34 2006.03
8508 4670.06 579.826
8509 651.653 2383.21
8510 282.787 2095.13
8511 3462.73 3784.7
8512 4163.86 484.767
8513 2660.27 3898.44
8514 1141.8 2978.43
8515 3783.78 78.1528
8516 699.043 2895.27
8517 108.306 20.8734
8518 4710.54 350.394
8519 3658.85 2373.23
8520 226.744 3305.8
8521 3445.08 3026.66
8522 4752.21 2502.52
8523 4472.52 2873.04
8524 2123.19 86.4433
8525 1664.26 3997.65
8526 3420.69 4494.78
8527 436.345 307.238
8528 698.515 1051.62
8529 303.736 1840.45
8530 3762.21 3332.94
8531 565.755 4051.74
8532 2456.79 33.5398
8533 4487.18 1484.66
8534 3239.49 3092.52
8535 80.1421 2513.11
8536 530.423 4503.75
8537 1263.52 3342.13
8538 1018.26 972.963
8539 3893.38 621.131
8540 1363.49 1324.07
8541 3015.4 2740.11
8542 434.037 1491.66
8543 4063.88 579.404
8544 425.722 222.58
8545 4230.21 3574.33
8546 4263.67 4517.89
8547 3740.56 4611.46
8548 1103.12 259.629
8549 2382.26 3156.74
8550 2376.18 1108.28
8551 3474.75 826.266
8552 4333.31 4275.48
8553 3413.53 1215.42
8554 1202.62 4147.14
8555 232.117 1996.54
8556 277.804 1728.6
8557 643.266 1820.79
8558 4358.5 1058.75
8559 3420.97 2442.52
8560 1990 52.2361
8561 3673.11 3573.86
8562 4015.69 4150.29
8563 3209.76 819.442
8564 747.247 3573.59
8565 3115.33 1868.82
8566 2271.52 150.237
8567 3016.55 525.319
8568 2588.49 4719.35
8569 4007.57 675.053
8570 491.244 3510.66
8571 3102.81 3546.92
8572 2774.59 2346.32
8573 1059.61 1845.52
8574 2811.48 1952.84
8575 41.6026 129.42
8576 2934.81 2136.55
8577 400.819 361.208
8578 2550.98 2658.94
8579 1838.81 1532.19
8580 3333.9 2411.24
8581 2270.24 1662.66
8582 1639.3 1882.68
8583 4004.24 3686.98
8584 754.809 1692.38
8585 4029.6 1256.48
8586 3776.63 1741.39
8587 1687.13 1683.5
8588 3591.99 1910.93
8589 2210.83 4605.52
8590 2694.58 777.144
8591 1364.46 4037.23
8592 4263.06 2495.13
8593 2180.39 4425.16
8594 1597.31 1158.86
8595 1727.54 4307.5
8596 4668.37 4361.73
8597 2350.03 2986.78
8598 1902.41 3895.97
8599 1323.87 1670.02
8600 381.141 3234.76
8601 1642.48 1530.3
8602 499.254 1901.18
8603 587.464 3280.75
8604 4831.48 726.299
8605 640.362 2883.16
8606 4315.88 2669.67
8607 3543.86 2984.86
8608 2073.06 4693.67
8609 3752.13 3393.49
8610 2480.27 2913.07
8611 4733.32 3053.09
8612 484.674 2816.92
8613 2394.44 3115.79
8614 2385.13 2968.65
8615 2357.71 274.348
8616 3418.81 455.609
8617 1251.5 2085.07
8618 3674.09 3910.28
8619 843.18 290.34
8620 3811.26 501.94
8621 1763.42 1411.23
8622 1493.17 1264.58
8623 3528.16 3973.7
8624 929.148 4222.95
8625 4762.81 3260.12
8626 4802.36 4450.73
8627 75.7378 795.55
8628 2026.31 4169.32
8629 4398.01 3144.33
8630 1969.78 3775.97
8631 1583.83 845.021
8632 2044.7 3620.13
8633 534.77 3121.53
8634 3463.02 2625.4
8635 2546.2 2185.46
8636 727.216 4792.95
8637 2023.62 4706.2
8638 4225.14 679.707
8639 3325.05 3148.27
8640 301.068 3810.68
8641 460.292 4123.29
8642 963.686 4834.02
8643 1910.72 2935.91
8644 201.237 4825.92
8645 3122.36 227.442
8646 757.844 4091.36
8647 857.847 3171.41
8648 2254.31 584.95
8649 4195.13 4059.6
8650 817.571 2510.8
8651 1269.72 2754.1
8652 3127.24 3206.98
8653 3981.62 3382.53
8654 2486.16 3503.17
8655 3142.19 3907.31
8656 4366.25 4381.1
8657 4180.32 1371.89
8658 4087.07 4872.81
8659 3635.58 4583.96
8660 2164.88 1114.83
8661 133.888 581.123
8662 4012.26 2087.55
8663 3589.43 3770.35
8664 659.722 2730.76
8665 2725.9 3896.7
8666 3682.62 628.906
8667 3077.49 2396.13
8668 3607.96 4278.95
8669 3543.83 2604.5
8670 299.299 1621.98
8671 683.223 2153.35
8672 2648.77 443.369
8673 1328.76 2722.74
8674 3878.65 2709.11
8675 4219.73 1266.88
8676 2405.61 3978.78
8677 3016.64 1201.37
8678 147.405 4151.1
8679 4750.04 3574.8
8680 181.555 3899.52
8681 4600.08 4841.69
8682 2696.97 4311.08
8683 1221.39 816.181
8684 655.46 859.698
8685 1387.26 3833.75
8686 3087.41 794.867
8687 4407.15 4052.27
8688 1348.93 639.95
8689 2666.32 466.479
8690 3906.55 3578.07
8691 4748.49 2945.28
8692 1725.1 2490.52
8693 825.591 1047.7
8694 1189.87 4887.55
8695 554.06 1040.37
8696 4843.73 3597.4
8697 1282.86 2081.06
8698 1340.25 2900.71
8699 4668.84 2020.9
8700 4459.93 4411.95
8701 654.15 2160.76
8702 4726.73 822.602
8703 2998.56 1448.2
8704 221.648 1966.48
8705 3969.93 2651.74
8706 22.2675 442.411
8707 3686.54 2050.6
8708 2854.47 4376.25
8709 4311.63 158.56
8710 971.925 1923.03
8711 3253.07 4257.6
8712 4676.54 615.499
8713 4130.84 2717.64
8714 1050.78 3914.24
8715 1763.14 2714.29
8716 4172.92 2016.35
8717 2882.05 890.013
8718 1368 1144.49
8719 3241.53 1956.69
8720 1179.89 3184.65
8721 3173.81 3262.38
8722 1388.05 3590.45
8723 3880.49 3062.74
8724 3422.23 1825.15
8725 3341.08 4841.35
8726 2767.53 4021.43
8727 1787.96 2971.16
8728 4133.18 3376.62
8729 4256.95 464.253
8730 3280.4 3513.33
8731 2726.64 3203.12
8732 3608.05 1330.22
8733 3772.12 1374.02
8734 2256.86 3608.49
8735 4251.6 3855.63
8736 1711.49 4499.66
8737 960.258 2785.72
8738 762.626 2166.5
8739 372.468 1960.19
8740 767.517 2466.77
8741 196.556 2846.86
8742 3411.91 3763.91
8743 983.657 862.063
8744 1346.69 599.616
8745 1352.11 827.099
8746 1175.15 119.628
8747 2133.81 1471.69
8748 663.471 604.352
8749 4822.94 3278.83
8750 3267.21 710.463
8751 280.011 2618.37
8752 2525.51 4058.46
8753 3758 567.758
8754 3425.45 4552.88
8755 239.937 1178.19
8756 127.1 4067.11
8757 1718.97 183.655
8758 3061.61 4116.2
8759 4252.8 2191.09
8760 3284.13 2598.64
8761 2317.65 4164.06
8762 1625.64 30.1555
8763 1376.16 2904.72
8764 1765.61 2740.7
8765 794.325 4357.09
8766 4337.35 4380.14
8767 989.448 463.686
8768 930.419 4703.81
8769 2155.98 160.505
8770 2058.16 4613.87
8771 3049.4 3112
8772 1380.41 283.456
8773 4092.69 1888.97
8774 182.792 3870.24
8775 1973.13 1991.45
8776 4889.3 721.101
8777 4073.73 2336.07
8778 3427.55 1345.87
8779 834.592 4170.54
8780 357.972 2015.01
8781 4250.71 2057.41
8782 2110.66 4607.32
8783 4381.18 4477.08
8784 2626.51 1622.39
8785 2847.22 2384.76
8786 4141.8 1129.62
8787 2021.06 1727.26
8788 602.264 1391.47
8789 2927.54 3178.15
8790 1905.04 3708.88
8791 4470.91 7.03501
8792 2894.96 2271.35
8793 221.496 2396.23
8794 680.069 3643.9
8795 2045.78 2028.15
8796 3353.75 2643.19
8797 2056.43 2110.7
8798 1971.21 2095.88
8799 1335.96 3805.25
8800 3288.48 2601.9
8801 2722.32 315.704
8802 2607.34 4188.43
8803 183.28 3513
8804 3176.28 2454.98
8805 1225.43 1835.57
8806 3934.79 97.2086
8807 130.472 3525.24
8808 2303.43 4271.26
8809 1488.41 1984.55
8810 1443.15 681.531
8811 2125.64 2241.19
8812 3143.19 2836.12
8813 3.25015 2784.96
8814 4255.35 3721.87
8815 1903.69 3870.55
8816 4335.72 4050.69
8817 4178.49 3638.56
8818 3068.75 4091.23
8819 703.593 1892.22
8820 2653.74 328.611
8821 309.531 52.1853
8822 2418.6 3243.69
8823 4283.47 4564.97
8824 4328.28 1769.91
8825 4394.35 4170.43
8826 2697.89 576.092
8827 4581.25 2732.85
8828 3956.55 1121.61
8829 698.647 1039.18
8830 4690.67 3209.25
8831 2243.59 4283.84
8832 3680.19 259.138
8833 983.05 4094.58
8834 526.883 3679.31
8835 488.542 3231.68
8836 4415.73 3079.95
8837 4457.4 3780.24
8838 4454 187.795
8839 4826.15 71.9428
8840 1670.99 2146.22
8841 1930.77 561.879
8842 4491.99 2615.85
8843 1529.36 3121.53
8844 3633.66 2782.59
8845 545.773 190.024
8846 345.277 3022.63
8847 4818.39 1555.33
8848 1186.41 1574.44
8849 2016.54 2114.83
8850 3950.84 1033.72
8851 4110.32 3668.36
8852 4245.92 1443.63
8853 164.336 2503.05
8854 2193.79 4131.66
8855 4356.19 2236.45
8856 3641.28 2446.72
8857 609.427 4317.93
8858 4011.51 1829.79
8859 4501.17 3433.81
8860 30.8567 3365.24
8861 1916.99 4144.95
8862 4093.24 2296.69
8863 3361.56 4020.61
8864 3708.47 4284.93
8865 4507.58 4815.52
8866 3640.71 1238.83
8867 1646.41 4156.14
8868 4350.94 653.442
8869 1781.28 4582.93
8870 4847.27 2149.67
8871 4440.82 4683.92
8872 796.248 2006.62
8873 3865.89 720.251
8874 2653.26 1296.64
8875 3050.44 4346.93
8876 3549.63 4404.4
8877 2268.54 937.081
8878 2849.44 1972.68
8879 2110.88 398.607
8880 115.605 3838.44
8881 3307.7 1518.03
8882 2143.64 294.64
8883 3189.54 820.836
8884 2094.01 3989.7
8885 1181.12 1941.48
8886 1036.45 818.139
8887 2154.03 4489.2
8888 2485.38 4522.3
8889 4088.04 3825.1
8890 846.589 2460.38
8891 1866.29 1671.97
8892 579.358 1243.98
8893 2376.02 4736.77
8894 3211.9 2727.61
8895 2425.88 3545.95
8896 1557.22 1654.36
8897 2178.99 544.415
8898 2997.49 614.64
8899 1646.2 2317.9
8900 1793.75 4692.06
8901 1568.49 4220.25
8902 1238.27 1384.65
8903 511.349 833.986
8904 1074.16 2559.62
8905 4591.18 726.419
8906 816.727 640.029
8907 4165.08 76.3487
8908 1954.24 3814.62
8909 2874.18 2431.9
8910 350.277 2017.48
8911 1306.13 3268.88
8912 4154.61 2051.89
8913 3895.17 2789.76
8914 4371.32 1398.6
8915 915.996 3967.78
8916 2741.22 481.543
8917 4051.23 4233.17
8918 223.891 1074.53
8919 4325.05 2949.36
8920 3159.52 3428.25
8921 2104.43 1316.44
8922 2958.43 1418.44
8923 2215.65 3644.09
8924 895.359 3839.87
8925 1824.72 2404.32
8926 819.566 3592.17
8927 3266.74 2220.66
8928 2941.19 2587.85
8929 105.222 399.14
8930 4218.34 666.335
8931 3846.45 1481.69
8932 652.523 257.733
8933 4455.79 1968.6
8934 3072.31 3554.19
8935 2872.61 2962.42
8936 2263.93 4130.27
8937 2013.14 3091.98
8938 1291.36 1493.11
8939 1739.61 1103.08
8940 74.821 3112.35
8941 19.7009 1927.79
8942 3310.75 458.722
8943 1071.72 2825.76
8944 1694.42 1983.55
8945 1615.49 2666.55
8946 1209.15 588.749
8947 3775.35 107.78
8948 4514.13 713.975
8949 3324.3 4830.24
8950 2388.21 3676.49
8951 4530.79 4138.06
8952 1916.44 736.216
8953 3222.71 4101.09
8954 4711.86 1847.45
8955 1440.4 2439.13
8956 4172.39 1413.49
8957 1991.37 4468.14
8958 2282.52 434.019
8959 2344.59 6.31022
8960 4532.79 1640.01
8961 4386.03 3384.96
8962 3759.99 1038.69
8963 2513.52 518.403
8964 2438.76 3281.2
8965 2911.9 3660.32
8966 3944.99 4517.71
8967 697.098 4101.75
8968 277.523 2502.47
8969 4050.23 1237.58
8970 795.213 1278.94
8971 3804.5 253.594
8972 3252.17 44.3964
8973 1988.98 3804.21
8974 867.389 821.859
8975 3160 2213.27
8976 4720.19 4268.2
8977 185.5 1144.4
8978 878.462 2708.8
8979 1606.72 2374.18
8980 1438.23 528.888
8981 3843.69 4767.64
8982 2280.91 1010.19
8983 981.274 4839.71
8984 3605 3076.05
8985 1325.33 2915.99
8986 1541.59 2657.9
8987 3402.6 4330.68
8988 2405.43 3541.13
8989 496.571 1779.46
8990 2034.25 4461.14
8991 67.6147 2000.92
8992 718.525 742.215
8993 3339.03 1020.45
8994 4063.31 4098.87
8995 414.434 4561.46
8996 4825.51 4334.03
8997 987.137 2426.2
8998 3715.35 619.643
8999 347.922 2937.56
9000 1495.75 2902.43
9001 1038.2 373.151
9002 413.944 482.808
9003 1068.66 36.4042
9004 4576.07 896.101
9005 4317.59 4581.56
9006 3167.95 2307.44
9007 1427.51 4183.05
9008 514.757 1594.7
9009 1768.39 1151.83
9010 2457.46 2749.17
9011 106.813 437.139
9012 2019.17 3890.87
9013 4066.55 826.156
9014 2925.16 541.357
9015 1384.7 570.56
9016 4018.98 1487.75
9017 2246.86 2712.96
9018 2293.64 2111.68
9019 3049.94 1537.51
9020 3068.89 3884.48
9021 2426.95 4205.93
9022 1578.9 4746.1
9023 128.603 1662.65
9024 4533.7 3143.7
9025 1730.73 587.634
9026 1982.18 4343.55
9027 3123.96 2198.32
9028 3789.11 2828.48
9029 5.36226 2841.19
9030 279.269 828.868
9031 770.131 3592.5
9032 1345.26 3426.47
9033 3359.61 1282.82
9034 1712.78 609.574
9035 2198.41 2622.04
9036 3090.07 332.315
9037 4417.72 3162.79
9038 0.728172 2689.06
9039 2164.11 3699.26
9040 1471.25 4437.87
9041 4241.93 4699.46
9042 4278.07 4663.32
9043 2075.85 1765.04
9044 730.4 744.493
9045 1199.49 3592.88
9046 4204.54 3010.82
9047 329.828 1582.4
9048 1513.75 4675.59
9049 1951.95 3953.82
9050 618.825 4110.09
9051 764.853 3255.81
9052 2061.03 1826.77
9053 418.721 1226.64
9054 4696.85 4301.75
9055 4476.52 4627.66
9056 2896.97 1431.75
9057 4275.51 661.563
9058 852.463 1175.43
9059 2447.8 2881.28
9060 4078.54 2059.3
9061 1358.79 308.375
9062 990.324 2550.39
9063 1883.21 1467.28
9064 2860.54 3552.13
9065 1334.16 4417.88
9066 2420.51 1422.7
9067 3672.73 3520.17
9068 501.405 2923.44
9069 4173.53 167.48
9070 2295.22 2977.33
9071 3800.24 4858.67
9072 1610.48 4595.47
9073 2116 3590.11
9074 2835.48 2455.06
9075 828.222 3371.66
9076 2935.24 1298.13
9077 1308.77 1830.16
9078 769.574 3835.98
9079 2923.79 338.806
9080 2503.04 230.538
9081 1273.11 770.983
9082 1097.1 4605.69
9083 3389.4 1671.7
9084 603.662 4430.09
9085 1410.24 1025.89
9086 2336.33 351.105
9087 4597.13 4423.46
9088 4075.96 4443.27
9089 1844.69 583.731
9090 3755.25 4525.34
9091 3428.42 1742.5
9092 3836.98 4411.35
9093 2681.36 1344.98
9094 436.389 119.792
9095 130.586 2527.67
9096 4564.5 4784.27
9097 348.921 3270.48
9098 759.143 1027.16
9099 981.35 3236.43
9100 1420.25 3356.06
9101 3773.63 1048.89
9102 4103.99 2169.19
9103 2812.6 436.793
9104 4666.1 3128.39
9105 2994.91 2022.53
9106 3874.86 4171.03
9107 493.954 3613.66
9108 4808.51 1460.47
9109 470.784 1990.47
9110 2279.07 1805.12
9111 2766.94 3276.83
9112 4563.93 984.114
9113 3296.62 268.234
9114 1996.98 3727.24
9115 3897.1 2894.97
9116 1781.76 4327.55
9117 906.026 1560.83
9118 3414.69 2230.3
9119 3221.44 4834.26
9120 2850.94 3648.46
9121 3009.59 4392.69
9122 3620.35 3986.69
9123 1340.7 762.839
9124 2389.81 4344.45
9125 2284.38 3393.58
9126 3445.12 1430.34
9127 3235.89 2438.65
9128 2767.73 4741
9129 1417.74 2423.6
9130 2195.13 1127.46
9131 702.453 1291.2
9132 1746.56 4118.46
9133 837.568 4331
9134 1665.81 3763.69
9135 2549.5 882.173
9136 2011.02 3243.45
9137 154.314 3397.79
9138 2355.26 2721.74
9139 1637.29 3889.56
9140 3095.33 3159.4
9141 4720.85 3700.19
9142 2889.56 490.976
9143 1102.42 3089.48
9144 1054.28 1004.22
9145 752.676 1979.02
9146 2235.79 3585.3
9147 83.6164 1802.2
9148 794.711 3837.03
9149 1205.9 315.771
9150 429.63 192.358
9151 2084.23 3944.57
9152 1829.21 11.5183
9153 2601.81 3523.09
9154 2773.07 3723.67
9155 4629.51 1983.02
9156 722.196 1106.67
9157 4507.74 772.275
9158 2341.69 400.511
9159 3978.62 595.373
9160 2977.57 2148.75
9161 1676.28 1257.35
9162 1154.42 1917.85
9163 2756.75 2608.94
9164 1641.3 2651.91
9165 117.801 4328.9
9166 941.851 3599.83
9167 3571.89 2066.93
9168 3177.63 3695.43
9169 2103.71 4638.27
9170 1072.94 4653.47
9171 3594.27 3568.68
9172 1977.31 45.9806
9173 1232.44 2745.35
9174 4852.54 3099.01
9175 266.095 1506.18
9176 1925.55 4839.14
9177 2246.86 4740.16
9178 3802.32 3939.56
9179 2964.24 4783.2
9180 251.642 3337.67
9181 3534.99 963.792
9182 1129.78 1967.95
9183 902.625 2614
9184 3719.27 169.193
9185 2822.78 2869.24
9186 900.739 4112.85
9187 1504.14 4289.92
9188 596.931 2928.3
9189 3549.5 3764.81
9190 404.432 1403.91
9191 4025.23 131.826
9192 681.309 3872.52
9193 1015.88 2026.66
9194 1607.77 4443.49
9195 1276.48 3683.64
9196 1353.88 4362.67
9197 3204.86 1840.18
9198 2666.35 1860.1
9199 2219.08 4891.6
9200 4417 4121.21
9201 4332.78 486.69
9202 4493.52 817.92
9203 3292.12 2701.22
9204 2186.64 1915.03
9205 3533.12 289.685
9206 3763.43 2445.53
9207 1567.13 4232.05
9208 4359.62 2850.89
9209 2154.1 461.546
9210 495.749 2380.97
9211 2148.26 618.227
9212 2583.75 4243.82
9213 3790.8 3277.82
9214 1041.24 2124.21
9215 2603.49 140.91
9216 391.795 4739.34
9217 3315.88 1044.43
9218 695.314 4217.39
9219 4325.83 2288.4
9220 1358.4 4323.42
9221 3161.25 4242.1
9222 1715.4 2840.23
9223 530.489 3345.12
9224 2538.97 2527.57
9225 3051.93 3866.41
9226 19.6074 1453.43
9227 1766.42 3460.92
9228 4249.45 588.542
9229 4535.3 758.745
9230 1475.75 1798.04
9231 2079.1 3346.03
9232 2272.78 4576.5
9233 1689.76 2191.22
9234 3692.22 97.4104
9235 4407.94 1746.21
9236 861.313 2460.18
9237 2814.96 2348.15
9238 1219.93 850.851
9239 3592.1 2424.01
9240 2826.4 3355.06
9241 879.058 702.513
9242 2064.96 3569.49
9243 4794.59 4879.76
9244 3815.99 1277.74
9245 203.218 3022.13
9246 4530.17 966.163
9247 1897.61 1683.88
9248 3164.86 1053.25
9249 3893.7 2154.64
9250 3787.83 197.208
9251 1305.77 1079.16
9252 1395.39 2377.64
9253 3458.77 4056.05
9254 1503.97 240.351
9255 1565.45 2464.15
9256 3738.55 3949.2
9257 1385.13 2035.98
9258 3534.26 1906.87
9259 2917.99 2779.45
9260 4186.53 3374.25
9261 1516.28 3261.25
9262 4630.76 3454.78
9263 4069.92 4400.93
9264 383.263 523.323
9265 4256.38 1164.99
9266 483.205 4282.69
9267 2529.66 510.508
9268 3371.72 4456.71
9269 4801.59 4071.02
9270 3327.84 1195.06
9271 3872.98 1918.81
9272 3802.58 3423.21
9273 1082.46 1248.12
9274 2150.37 1802.77
9275 1777.24 2813.9
9276 1789.04 1750.98
9277 3012 2132.94
9278 2988.01 4231.32
9279 4139.32 1032.97
9280 4304.56 2328.02
9281 2930.93 973.416
9282 554.051 2825.5
9283 2041.81 91.9816
9284 4896.44 1739.43
9285 757.57 2072.81
9286 4624.58 4712.93
9287 1432.18 1131.29
9288 3396.39 1621.11
9289 3294.19 3848.82
9290 960.875 1317
9291 196.992 3674.87
9292 4064.58 148.602
9293 1246.9 3453.81
9294 567.982 2726.64
9295 1232.84 243.476
9296 2022.48 1435.83
9297 259.355 763.803
9298 4773.11 4628.37
9299 4373.85 4528.33
9300 824.41 845.912
9301 4713.17 1002.97
9302 2281.7 1001.73
9303 2282.18 3907.31
9304 4021.29 4578.21
9305 3822.97 1814.21
9306 3076.81 2909.97
9307 3791.09 673.069
9308 791.733 3661.83
9309 2315.66 3717.52
9310 1260.91 2676.81
9311 3425.01 2172.42
9312 950.308 4370.86
9313 348.818 1879.19
9314 2872.38 115.979
9315 2405.68 1290.71
9316 944.785 4682.47
9317 4361.73 3821.36
9318 3853.2 1230.23
9319 1799.43 1356.66
9320 2579.23 724.17
9321 3207.89 1044.25
9322 2457.39 3498.56
9323 2963.36 3224.43
9324 3015.32 3507.59
9325 591.745 1464.5
9326 1563.44 4203.79
9327 730.511 711.679
9328 2379.95 2144.81
9329 1657.59 1051.23
9330 1885.88 3236.37
9331 2056.4 4526.08
9332 3441.17 723.373
9333 3315.78 4285.67
9334 995.568 3194.42
9335 3221.99 1633.55
9336 1346.35 1697.89
9337 321.983 226.091
9338 1027.87 2897.11
9339 4737.03 4172.33
9340 795.029 2169.99
9341 942.875 1787.51
9342 4303.58 653.828
9343 3347.81 843.7
9344 3145.15 268.616
9345 420.812 196.959
9346 1179.18 4851.96
9347 317.958 1307.91
9348 920.426 1443.24
9349 676.415 803.377
9350 2479.75 3064.57
9351 4712.57 4357.27
9352 1976.24 3649.1
9353 3496.12 3275.31
9354 4029.32 3690.21
9355 3262.11 2876.38
9356 628.803 3285.98
9357 1530.9 2196.11
9358 3901.84 3092
9359 2777.05 1676.75
9360 4678.77 2976.96
9361 3715.35 1670.98
9362 300.726 1000.42
9363 4113.08 4121.48
9364 3286.13 1186.92
9365 3362.74 4578.69
9366 1526.78 3165.76
9367 1849.13 4594.63
9368 3965.1 1591.5
9369 2163.32 3525.42
9370 182.438 2017.64
9371 3437.09 4233.4
9372 3916.68 4425.3
9373 4465.79 2410.56
9374 4354.72 8.80775
9375 3596.12 4625.7
9376 3308.43 324.504
9377 2391.05 3449.8
9378 4047.22 2550.4
9379 2210.85 4388.73
9380 1112.28 4145.46
9381 1679.65 4325.29
9382 2339.22 4362.6
9383 4080.86 2257.03
9384 4108.4 87.907
9385 2290.11 2033.71
9386 3888.45 3370.01
9387 605.257 3602.16
9388 1421.56 3417.71
9389 971.693 3097.41
9390 1271.57 3555.45
9391 2432.07 2042.79
9392 144.801 4868.81
9393 4685.36 3357.81
9394 471.976 434.349
9395 3798.5 600.141
9396 4474.21 2171.4
9397 1927.99 1957.66
9398 3372.51 504.131
9399 4065.85 1806.95
9400 4685.22 2675.43
9401 3467.72 1246.88
9402 2876.73 943.975
9403 3237.28 2338.23
9404 2929.66 1657.8
9405 533.255 4312.99
9406 357.385 2462.19
9407 4215.76 573.988
9408 2378.52 1224.7
9409 2585.91 1232.52
9410 2790.88 2430.5
9411 1481.87 3699.24
9412 954.56 2726.09
9413 3599.36 2623.99
9414 3252.33 871.03
9415 554.985 3533.9
9416 2327.01 3459.2
9417 3431.69 1008.59
9418 2065.5 1942.44
9419 4001.24 1266.87
9420 3238.41 1580.34
9421 3584.87 688.217
9422 2789.2 879.374
9423 2447.29 4625.54
9424 99.5321 3135.73
9425 4261.41 4057.83
9426 271.131 2838.98
9427 2591.51 732.933
9428 3117.47 4312.38
9429 1574.87 243.911
9430 141.62 3206.42
9431 3090.73 3698.52
9432 4660.44 3392.16
9433 3704.42 328.8
9434 1234.27 4601.11
9435 4617.65 1172.8
9436 3765.61 2072.43
9437 3757.98 4784.97
9438 1479.34 1916.6
9439 3491.51 4678.49
9440 664.393 3752.6
9441 1696.85 1813.73
9442 2806.19 563.887
9443 385.634 4317.61
9444 2949.71 4447.2
9445 365.995 1799.18
9446 4417.33 1608.95
9447 2387.22 4701.2
9448 1514.62 1895.03
9449 3175.4 4407.44
9450 1729.44 496.33
9451 4527.53 2921.09
9452 3877.94 1727.12
9453 4384.18 363.322
9454 2108.06 1006.52
9455 1122.09 2801.91
9456 358.89 1470.34
9457 4116.86 1260.31
9458 3655.35 3591.99
9459 2216.91 1277.6
9460 4868.99 3408
9461 135.901 1655.41
9462 2967.69 3488.63
9463 1043.98 3013.65
9464 4600.46 4071.9
9465 78.8425 2979.79
9466 4033.88 4140.13
9467 2948.45 4646.59
9468 3553.45 3495.84
9469 4596.37 1651.57
9470 3792.21 2976.37
9471 2530.8 3847.28
9472 3922.83 3499.49
9473 2120.06 1416.88
9474 1748.15 669.626
9475 4664.32 3916.72
9476 1302.74 695.079
9477 2144.96 3545.48
9478 2921.12 4856.72
9479 891.262 663.047
9480 933.925 551.721
9481 610.748 3079.91
9482 2226.46 3046.11
9483 4170.37 853.898
9484 4291.85 1138.8
9485 1383.8 2547.54
9486 116.351 4534.27
9487 3269.62 485.77
9488 1005.52 3382.98
9489 937.89 3238.76
9490 2036.64 1370.68
9491 4835.13 3227.28
9492 3130.09 3170.44
9493 2441.26 2861.34
9494 2965.7 4576.46
9495 940.274 2486.73
9496 3500.83 2337.72
9497 3.57048 1004.7
9498 2912.59 2002.35
9499 857.723 2531.14
9500 3956.8 4532.83
9501 4575.22 4038.23
9502 210.296 239.102
9503 1346.75 4715.95
9504 3396.03 4438.58
9505 4503.71 1655.6
9506 4720.08 1767.84
9507 3963.32 1854.05
9508 1815.14 3274.67
9509 520.017 2421.36
9510 573.774 2114.93
9511 3226.4 4183.05
9512 3752.04 196.551
9513 3267.23 3297.42
9514 1857.14 1977.93
9515 4547.97 3770.85
9516 3388.9 3071.46
9517 4306.71 1168.21
9518 4434.53 2750.72
9519 4323.34 883.444
9520 2337.41 2208.43
9521 347.987 317.688
9522 1082.16 3687.72
9523 3627.56 4070.83
9524 1239.52 1702.22
9525 3073.85 3643.7
9526 333.409 2395.85
9527 4104.61 3773.26
9528 810.027 4036.06
9529 857.5 2281.99
9530 1623.51 753.183
9531 729.834 1994.15
9532 4633.26 3941.23
9533 2104.64 1535.64
9534 1884.08 1248.13
9535 807.918 4565.89
9536 3195.02 1494.28
9537 3576.86 186.813
9538 4523.23 177.259
9539 1265.8 3591.82
9540 3076.3 3516.72
9541 2127.89 1018.44
9542 4723.97 379.946
9543 356.154 275.353
9544 4018.88 4641.72
9545 1458.52 3992.43
9546 783.046 3147.75
9547 446.08 1643.81
9548 3811.37 797.786
9549 2189.5 637.089
9550 2973.76 1045.72
9551 406.702 1828.88
9552 4792.85 4508.64
9553 1966.4 3464.65
9554 2827.26 782.046
9555 4162.97 3810.53
9556 1309.81 2536.28
9557 2093.12 3599.03
9558 3820.2 4125.42
9559 4774.81 2032.08
9560 2010.02 887.088
9561 4497.61 4543.8
9562 1333.27 4540.21
9563 1835.56 1030.04
9564 2426.11 4000.71
9565 1580.07 2646
9566 4396.49 457.831
9567 2559.81 3176.75
9568 1313.45 2755.6
9569 4305.76 2781.01
9570 2571.33 1144.57
9571 256.117 2761.43
9572 2710.83 4435.68
9573 3667.01 1407.53
9574 3017.25 3898.34
9575 2795.68 2300
9576 4085.37 1569.99
9577 1509.97 1542.72
9578 1537.65 1209.35
9579 344.193 1981.72
9580 2869.09 252.446
9581 1047.66 581.352
9582 3608.9 1132.45
9583 1021.17 391.932
9584 263.939 3419.39
9585 1528.88 1221.59
9586 4097.76 2899.65
9587 4720.47 829.694
9588 864.823 2368.11
9589 3002.89 2312.86
9590 4656.89 405.467
9591 4002.5 4425.72
9592 3838.28 892.582
9593 3276.22 4611.44
9594 1041.44 4020.51
9595 3211.62 3091.47
9596 852.626 2887.65
9597 1787.52 1307.3
9598 4546.72 441.526
9599 1136.04 448.432
9600 2409.96 820.239
9601 2791.69 138.317
9602 4715.19 4086.26
9603 315.329 4135.47
9604 319.845 1405.92
0 1033 77.7233
0 7002 41.2223
0 9604 46.8004
1 9 55.9674
1 1841 89.2858
1 7009 42.7394
2 2099 37.7896
2 8772 53.5378
2 9061 102.718
3 3996 68.8961
3 4704 54.5946
3 7837 41.0094
4 2149 118.528
4 2281 89.3741
4 2655 97.3272
5 475 35.891
5 3055 29.3915
5 4020 10.6458
5 8640 17.6644
6 613 24.8395
6 2487 42.8738
6 6290 73.2816
6 9348 36.9945
7 1594 104.249
7 5607 50.0673
7 7546 57.8813
8 5404 130.169
8 6728 58.6977
8 8920 79.6561
9 1813 41.8929
9 4509 29.2913
9 4982 45.6975
9 7009 31.0313
9 7726 106.546
9 9431 76.48
10 3059 88.799
10 3156 77.531
10 5195 27.6592
11 90 68.2602
11 1823 45.0768
11 7236 27.2293
11 7932 19.0306
11 8463 56.4352
12 799 92.7767
12 2483 105.914
12 4461 34.5754
12 6600 92.6619
13 4140 79.2515
13 5659 99.214
13 6171 55.7051
14 533 31.3017
14 1220 70.136
14 2502 39.2237
14 4405 43.5892
14 9072 63.942
15 782 2.71338
15 5684 66.151
15 8863 53.8863
16 1915 44.2723
16 2337 71.0513
16 2614 68.7117
16 2633 43.0085
16 3182 53.7812
16 9430 86.1474
17 2793 75.0212
17 6828 123.54
17 8816 67.9382
17 9425 54.5978
18 5122 42.8471
18 8174 63.6415
18 8479 40.0417
19 119 74.1611
19 2336 12.6246
19 6500 117.026
19 7651 22.6594
19 8923 66.2851
20 1200 63.6057
20 6212 8.21948
20 7824 50.6131
20 8350 95.1046
20 9535 22.8248
21 1552 47.6751
21 5150 49.4287
21 8314 33.2985
21 8420 63.5622
22 2541 45.9237
22 4639 28.1701
22 5472 33.7923
22 6163 51.2919
23 778 32.8812
23 2586 107.992
23 4026 20.0226
23 4934 15.5038
23 5292 16.3951
24 528 37.4191
24 1428 39.4532
24 1484 9.62603
24 1538 93.3774
24 8491 26.7101
25 1887 93.6854
25 4869 103.567
25 9449 47.6256
26 2438 27.2271
26 5137 89.4299
26 5852 43.8222
26 6388 28.8963
26 6974 25.3354
26 6990 47.2934
26 8746 17.6422
27 1067 91.435
27 4937 94.2453
27 5076 56.1884
27 6504 57.5776
28 4182 54.8226
28 5849 14.9489
28 8503 58.8586
29 719 87.4624
29 1451 91.5602
29 3221 79.6548
29 6913 76.5809
30 844 97.0661
30 1279 30.3017
30 4023 58.5948
30 7121 147.016
30 7284 95.5911
31 4250 63.1959
31 4628 60.8745
31 4857 61.8664
31 5454 83.0751
31 6973 76.3794
31 9497 135.605
32 2740 49.0778
32 4022 33.0447
32 6624 30.7902
33 750 35.0908
33 7673 52.1231
33 7948 44.4716
34 1664 9.9703
34 1744 99.8547
34 3788 56.0696
34 4183 53.5707
34 9178 92.2553
35 353 66.8936
35 509 66.0899
35 2846 31.5608
35 7475 19.4099
35 8927 56.3727
35 8975 81.5671
36 4127 72.769
36 4489 61.3884
36 6266 68.8512
36 7352 40.0602
37 637 107.639
37 1485 84.1021
37 2777 38.0381
37 3077 54.406
37 3466 72.0411
38 5449 37.974
38 8259 19.1864
38 8465 71.3617
39 4319 42.2194
39 8414 50.1863
39 9075 39.2651
40 4267 32.7925
40 7767 69.4612
40 9010 78.3463
41 1973 59.792
41 4217 106.423
41 4729 70.5799
42 241 81.2322
42 9377 64.8648
42 9416 54.1542
43 1805 33.6255
43 3474 61.0057
43 5071 31.1102
43 6988 44.4113
43 7538 26.0412
43 8601 31.7504
44 806 69.3623
44 1558 45.2727
44 7522 73.5038
45 461 54.3276
45 1042 72.5366
45 2177 88.0853
46 4185 76.8353
46 7005 60.5969
46 8026 43.1364
47 3174 56.9175
47 3424 82.8715
47 4970 33.9907
47 6742 48.2545
48 104 90.4
48 2680 64.3196
48 7247 35.1662
49 2084 53.7193
49 5279 117.453
49 6369 49.3961
50 3818 16.809
50 5891 46.0864
50 7151 45.8777
50 8142 97.286
51 1443 9.81908
51 3057 62.1866
51 4241 39.0919
51 4988 94.3695
51 9318 50.6622
52 365 22.1715
52 1963 51.7071
52 7132 52.1713
52 8092 37.5395
53 3370 80.6367
53 4049 90.3786
53 4153 82.5194
53 4906 66.0559
54 1465 28.1787
54 2971 38.2302
54 4025 69.3188
54 6258 65.8512
54 6706 24.4086
54 9098 85.5577
55 3710 75.9257
55 4187 47.4949
55 7470 123.045
55 670 76.1422
56 3887 11.1742
56 6297 23.6584
56 6678 22.3605
57 2687 73.1133
57 5198 39.6802
57 8038 54.1029
58 1904 57.5195
58 2351 107.092
58 3332 69.8164
58 6099 27.3538
58 6495 42.3756
59 3829 49.4819
59 7441 64.7108
59 8281 105.764
60 597 26.9485
60 1034 27.8813
60 2489 15.3084
60 3243 30.776
61 5168 31.0303
61 6770 75.5961
61 7598 18.1434
61 7796 84.3491
62 190 34.0902
62 383 95.795
62 1136 119.56
62 1917 108.473
62 7675 54.3385
63 753 65.5537
63 2449 77.5516
63 5999 86.4205
63 9269 10.3535
64 998 40.2577
64 2992 61.1472
64 3415 61.8933
65 1353 47.3039
65 1531 50.1725
65 1539 24.6216
66 1171 168.481
66 5533 79.9008
66 5753 130.068
67 1448 104.656
67 5225 21.1498
67 7468 107.068
68 715 11.1747
68 1780 23.2155
68 4714 17.9768
68 9444 3.89283
69 3472 71.3387
69 3720 91.5772
69 9460 29.7188
70 3352 15.422
70 5127 45.1486
70 7250 37.9666
70 9135 22.8436
71 457 25.7432
71 1651 54.1342
71 2981 39.456
71 8581 90.1535
72 1764 71.8828
72 4406 64.7298
72 6918 86.8446
72 8374 57.9911
73 1885 46.5512
73 6019 167.21
73 8323 36.3102
73 8496 33.6081
74 152 55.0147
74 872 55.4332
74 8551 25.2996
75 2776 52.1868
75 7937 41.9116
75 9179 60.9232
76 909 96.3866
76 2188 97.0472
76 3686 32.2421
76 7896 72.5114
77 688 23.8975
77 2200 65.3859
77 6040 10.4661
77 7439 68.552
77 8879 23.3484
78 603 54.7538
78 1114 17.5965
78 1844 87.4363
78 6103 78.1172
78 7166 25.9913
78 9108 86.7596
79 886 37.1803
79 7731 63.5925
79 7962 66.0432
80 1441 79.8641
80 1522 50.1361
80 8836 45.2621
81 5129 18.6822
81 5540 52.8162
81 7982 88.3098
82 3750 110.119
82 4515 13.1236
82 9333 53.4381
83 1593 57.6185
83 4513 83.2463
83 4541 83.3704
84 1878 3.9948
84 4224 54.8802
84 6769 38.3387
84 8906 77.9649
85 3477 103.169
85 4655 54.9648
85 4706 83.4579
85 5751 70.3814
86 1378 41.0064
86 7040 1.30729
86 9343 28.2272
87 4512 77.3019
87 5957 79.9813
87 8517 119.399
88 2450 42.7753
88 5739 93.5855
88 7780 94.8229
89 492 59.2757
89 1127 43.5428
89 4213 92.9092
89 5510 70.7404
89 5900 7.99261
90 179 22.2675
90 465 109.503
90 672 54.4307
90 1823 59.6914
90 7408 60.7893
91 1206 25.4571
91 7851 89.1553
91 9145 66.9975
92 4491 50.2272
92 5281 46.9197
92 7084 110.635
92 8808 92.8169
92 8831 28.7445
93 1128 89.3582
93 3581 50.529
93 4205 47.1402
94 2649 88.3425
94 2758 45.7117
94 5388 74.0001
95 571 116.216
95 2203 95.4905
95 7847 61.8931
96 1923 107.876
96 5921 25.8013
96 6752 39.9166
97 1126 11.1993
97 4392 46.0971
97 4501 38.9318
97 4545 70.661
98 1137 37.2841
98 4657 63.4088
98 4936 57.9625
99 6794 49.5176
99 8354 32.4737
99 9103 30.7324
100 269 80.5467
100 6959 74.7476
100 8928 53.9094
101 5628 28.6734
101 5700 87.0474
101 6922 63.8395
102 290 89.7653
102 4053 62.3068
102 6566 54.7747
102 8261 44.4709
103 1287 37.3718
103 4780 39.1702
103 6836 54.681
104 2167 47.1778
104 5171 47.0745
105 1019 21.976
105 1348 41.4836
105 2248 67.6353
105 4736 54.051
105 7302 74.3241
106 1444 95.013
106 4619 54.2686
106 4901 66.2641
106 7396 49.1942
107 1419 105.195
107 4803 29.0832
107 4909 80.0738
107 5189 75.4552
107 7001 79.4571
108 3499 59.1068
108 4099 38.0869
108 9231 50.2427
109 5172 61.9232
109 6133 101.926
109 6560 81.471
109 8041 98.9358
110 1474 74.6793
110 4321 44.597
110 8897 107.903
110 9211 41.2674
111 2767 90.8305
111 5185 29.7209
111 6068 38.801
111 6795 26.9652
111 8954 88.6431
112 1930 62.418
112 4382 31.3382
112 5223 59.9478
113 570 48.305
113 2813 55.3443
113 4912 22.4798
114 685 105.239
114 1312 100.789
114 8894 12.0677
115 5578 77.9102
115 8332 99.0175
115 8765 37.8907
116 1423 25.3958
116 7233 30.7332
116 8056 39.6595
117 252 134.237
117 734 81.4461
117 1693 42.5259
118 519 101.696
118 3975 67.1441
118 9127 39.1609
119 2336 70.0893
119 7651 39.7459
119 9073 45.0472
119 9477 58.457
120 1998 76.5624
120 5037 42.5974
120 5947 14.2928
120 9262 25.9674
121 1162 92.5053
121 1998 80.3775
121 2160 62.2816
121 8679 104.88
122 2364 58.186
122 3373 42.3923
122 4048 62.0164
122 5969 59.9871
122 8439 113.752
123 419 45.3438
123 741 44.7299
123 2373 50.2123
123 5036 92.0196
124 1530 77.9136
124 5380 98.8332
124 8975 59.0073
124 9027 35.4844
125 3507 42.5456
125 4443 45.1789
125 6930 101.208
126 617 52.5739
126 2843 69.6421
126 6039 71.5748
127 3238 69.166
127 5659 21.6928
127 9198 42.3377
128 3373 51.8312
128 5383 73.0569
128 5969 31.3119
128 8009 40.953
128 8522 39.7186
129 3250 45.1651
129 3299 44.6325
129 3729 38.7786
129 5275 43.6837
130 1615 79.9146
130 2507 79.8593
130 5665 58.1089
130 6835 35.5551
131 4622 55.4533
131 4889 60.9324
131 7411 6.05139
131 9205 62.9635
132 771 47.5987
132 3017 36.6492
132 4249 76.065
132 7977 46.1173
132 9166 54.307
133 619 55.8637
133 1287 59.1533
133 3030 74.9689
133 5312 10.7212
133 8773 72.9955
134 553 32.291
134 1943 43.3919
134 7836 31.8249
134 8140 79.5859
135 5302 102.504
135 7701 64.3928
135 8000 91.2032
135 8498 115.754
136 2301 86.127
136 2742 94.6398
136 3269 42.9035
136 6235 17.7467
136 7059 90.4927
137 2732 35.4351
137 4950 82.6998
137 5941 66.5319
137 9233 9.02225
138 7501 24.067
138 8373 58.9217
138 9025 31.6626
139 4806 54.3226
139 7724 10.9108
139 8060 62.3193
139 9268 108.508
140 6095 6.25021
140 7116 75.1179
140 8132 51.7813
141 2091 53.0255
141 2471 110.44
141 4996 76.1124
142 2810 33.6655
142 3209 69.9987
142 8180 38.5715
143 2470 114.93
143 4091 53.7513
143 5107 77.8707
144 2420 65.4407
144 4114 63.9374
144 5029 81.8049
145 4376 78.1349
145 5955 42.7918
145 6736 60.2422
145 9070 64.3913
146 1336 77.611
146 6209 47.1539
146 8911 75.257
147 2254 66.7472
147 5440 92.7433
147 6123 50.9679
148 944 63.8754
148 2035 35.5837
148 6786 40.4284
148 8594 62.1964
149 2208 99.06
149 4530 44.1051
149 7011 88.9057
150 3814 93.0851
150 4228 13.0601
150 7203 88.7674
150 9046 106.822
151 449 59.3909
151 1607 35.4933
151 2510 69.1136
151 2694 82.8245
151 8133 106.249
152 3153 63.2339
152 5035 16.8
152 5937 39.7708
153 3217 38.7192
153 5841 67.7406
153 7986 74.4841
153 8317 88.165
154 6081 88.8664
154 7013 61.6535
154 8521 76.8422
155 2220 76.0032
155 2739 31.5663
155 4592 10.865
156 4785 93.767
156 5933 69.1949
156 6392 68.6488
156 7434 127.933
157 4112 22.2623
157 4646 1.9907
157 5075 104.935
157 6894 73.4603
158 193 47.1704
158 2257 63.9525
158 2659 63.7892
158 3824 58.7558
159 6214 65.4817
159 8391 14.666
159 9480 38.0302
160 1645 77.3878
160 4671 90.5084
160 5450 22.8017
160 7262 26.9922
161 471 26.8589
161 583 63.8946
161 4069 64.8998
162 4129 77.3323
162 4337 83.3404
162 4616 56.8192
163 939 102.999
163 2822 60.5324
163 7101 57.4694
163 8733 67.112
164 279 14.4178
164 3963 61.3113
164 6117 42.7447
164 8686 45.9515
165 400 92.9749
165 3266 53.2804
165 7687 100.935
166 248 39.1283
166 6578 34.9837
166 8003 81.5807
167 3666 10.5204
167 4617 28.338
167 5315 79.0616
167 7594 68.1262
167 9028 43.8886
168 616 90.5467
168 2255 14.7021
168 2807 128.41
168 4568 79.5659
169 811 61.8534
169 5591 58.3363
169 6512 19.5491
170 575 72.8303
170 2759 94.8436
170 3412 70.1087
170 6622 115.579
171 3388 119.005
171 5056 70.9732
171 5287 75.882
171 5724 75.2808
171 7773 68.9035
172 176 79.2001
172 818 72.1295
172 2311 54.5802
172 3646 40.7594
172 7245 80.7769
173 1369 84.1837
173 5587 66.1744
173 5782 43.4169
173 6518 71.1102
173 8999 9.10264
174 1334 54.8926
174 1687 27.5934
174 5661 39.0519
175 805 77.5112
175 1888 80.6426
175 2002 101.356
176 652 78.212
176 3943 74.5893
176 9067 82.5403
176 9171 106.021
177 3969 55.5377
177 5011 121.251
177 9153 27.1683
178 723 46.1356
178 3224 83.3301
178 5577 43.9232
178 9534 61.3896
179 465 51.8315
179 672 36.0752
179 1823 71.9501
179 7408 38.0395
180 1551 22.1874
180 2508 38.9397
180 5669 46.8853
180 6574 17.8308
180 8712 42.5128
181 2678 35.0755
181 6870 59.8319
181 8076 32.9363
181 8713 45.9306
182 2408 36.8401
182 3195 49.2604
182 3608 63.2673
182 5206 134.06
183 3205 76.8688
183 3783 36.1741
183 4273 89.1793
183 9183 84.0611
184 6359 75.8844
184 8182 109.862
184 8771 71.9504
185 833 51.1796
185 3634 98.1416
185 4623 79.1308
186 6648 75.8622
186 6692 117.343
186 7267 23.786
186 9258 105.685
187 2368 99.4942
187 3721 146.303
187 7794 80.0581
187 9087 94.6984
188 1212 30.9083
188 1821 15.3094
188 6022 34.5793
189 6449 76.5004
189 7466 60.2484
189 8173 80.0121
189 8850 68.7395
190 383 37.8272
190 7675 33.6976
191 456 75.9268
191 4256 58.2612
191 8662 41.7622
192 2561 60.3791
192 2850 86.211
192 5041 39.4406
192 7223 48.273
193 2659 69.7213
193 3824 93.1005
193 6775 81.266
194 2646 34.0575
194 3871 31.9239
194 7459 46.6137
194 9164 40.89
195 1818 41.5562
195 2040 78.6987
195 5671 64.8186
196 2422 68.1075
196 3839 61.8866
196 6858 43.3425
197 5698 33.8401
197 7706 34.0832
197 9273 59.257
198 838 107.551
198 1317 87.2857
198 3068 89.1153
199 1454 82.3792
199 1622 30.0087
199 1710 43.2672
199 3624 47.886
200 765 40.0291
200 7405 54.5704
200 9068 96.2082
200 9282 96.182
201 2888 34.4489
201 3159 31.4153
201 5505 89.4226
201 7313 121.216
202 1682 81.9143
202 1761 94.3584
202 1987 50.121
202 3301 24.182
202 3484 94.3326
203 4986 64.0048
203 7753 58.262
203 8219 85.2298
203 8963 34.185
204 1017 69.1192
204 1969 47.5511
204 8743 47.1985
204 8886 58.458
205 4478 46.1845
205 5120 57.9812
205 8543 56.9498
206 1619 66.9914
206 3959 99.3428
206 9004 132.578
206 9112 76.9441
206 9246 9.81052
207 434 31.8705
207 2574 43.1752
207 6787 35.7346
207 8524 5.03426
208 399 54.4207
208 4924 29.8694
208 6298 43.5338
208 9222 70.2288
209 2639 104.088
209 7375 118.872
209 7490 127.55
210 3278 38.621
210 4186 58.9616
210 9368 121.437
211 5843 32.5655
211 6848 26.4714
211 7481 40.0886
211 8166 21.903
212 2448 42.5691
212 3658 62.4605
212 9012 134.181
212 9049 22.2404
213 2098 59.7136
213 3409 21.1353
213 7422 39.6364
213 8712 49.6585
214 2748 54.2942
214 2972 95.5131
214 7816 43.3829
215 2439 77.5292
215 3495 56.0524
215 3550 28.5732
215 5023 52.3627
215 9434 85.4129
216 2534 72.098
216 3144 94.409
216 6171 92.3138
217 1662 43.3854
217 5699 40.327
217 6577 14.7509
217 7841 45.7984
218 3837 43.0612
218 8622 63.7978
218 9585 45.6094
219 300 57.1255
219 537 85.6173
219 5090 45.9022
219 5173 74.6725
219 5675 57.6988
219 5767 5.85677
220 3422 47.9971
220 5240 54.7311
220 8225 79.9659
221 316 29.0835
221 5664 34.929
221 7381 14.6208
221 8917 60.4309
222 4149 61.8236
222 4275 44.4553
222 5317 60.9129
223 1981 79.4975
223 3313 66.9982
223 7662 92.6671
224 1758 31.9514
224 8895 41.0246
224 8988 57.5487
225 2056 78.6513
225 4133 10.3734
225 4249 84.503
226 2418 62.2626
226 7350 44.6448
226 8484 74.7558
226 8790 50.5926
227 2151 50.5851
227 3773 79.4206
227 4122 130.156
227 9174 118.679
228 1157 52.3431
228 2006 42.3886
228 3466 46.7852
228 4761 40.9321
229 446 99.4266
229 2998 43.5986
229 4121 14.5713
230 5839 27.3504
230 6204 52.537
230 8112 24.9441
231 843 98.5484
231 3845 38.671
231 5085 67.5872
231 6134 69.1859
231 7663 31.1584
232 2359 70.2017
232 3138 75.6266
232 5811 62.2213
233 989 55.3462
233 3786 52.1639
233 4311 104.097
233 5384 80.4754
234 2875 67.2279
234 4290 55.8638
234 6474 29.0246
234 7559 44.8915
235 1503 60.2255
235 2345 20.9701
235 8726 11.8533
236 582 84.2341
236 3619 20.4288
236 4224 25.5657
236 6769 54.1594
237 370 54.7067
237 5469 90.8709
237 9111 111.392
238 510 84.7043
238 5026 57.1094
238 6593 80.3045
239 1318 115.033
239 3110 83.4149
239 6334 78.8227
240 2455 110.263
240 3061 76.8785
240 8577 112.22
241 5537 71.3474
241 9125 47.1568
241 9416 86.6211
242 531 27.4476
242 680 25.6887
242 5585 68.348
242 5772 54.9673
242 6174 79.7025
242 8679 63.4287
243 2388 43.9124
243 2455 56.5322
243 9521 37.8841
244 6056 33.0737
244 7378 31.3436
244 8981 20.5861
245 1573 26.4982
245 7936 82.119
245 8761 75.2095
245 9021 88.7881
246 607 41.3784
246 2759 21.147
246 3412 15.7285
247 1242 94.8192
247 3791 27.8017
247 4796 25.2519
247 6899 46.7437
247 8320 53.7968
248 6578 40.8585
248 8003 43.368
249 3292 24.7611
249 3370 86.6751
249 9351 79.9598
250 2407 98.4541
250 3513 104.988
250 6718 109.39
251 3722 35.6738
251 6294 28.978
251 7791 37.5643
252 3249 58.7196
252 6599 81.2203
253 456 40.0067
253 4256 44.6401
253 6342 36.5352
254 3175 23.7536
254 3531 17.0096
254 4034 29.8891
254 6883 52.5115
255 722 78.3322
255 2447 53.6552
255 6180 64.6617
255 9240 38.1348
256 3312 61.9242
256 4658 103.21
256 8513 55.9079
257 2533 80.7249
257 3075 70.9258
257 5235 67.7874
258 5754 40.6478
258 5866 39.5833
258 6889 79.6515
259 779 21.2302
259 1684 28.7629
259 5701 76.3969
259 5909 66.9813
260 2325 195.484
260 3177 62.4695
260 5143 50.4025
261 2702 11.3601
261 3959 80.254
261 7431 93.7366
261 9004 64.5303
262 2119 32.8426
262 4104 20.0494
262 4582 72.9365
262 9339 49.1331
263 676 65.8727
263 1426 33.0789
263 2031 70.3473
264 1395 34.8309
264 5096 49.046
264 8254 121.795
265 4979 76.6912
265 5073 63.6907
265 7255 119.065
265 8598 57.0965
265 8815 46.9878
266 4079 81.7988
266 7808 51.4139
266 8619 61.2766
267 2570 50.0264
267 6045 38.0384
267 7871 50.2466
268 3416 47.7818
268 6507 52.6783
268 8251 24.8428
269 3723 31.7966
269 4669 78.8094
269 5931 25.2408
269 8928 157.35
270 6124 54.1303
270 7329 77.4209
270 8080 126.518
271 3219 139.369
271 3256 119.27
271 4773 69.6662
272 3555 59.7765
272 3703 33.9476
272 7709 8.32844
273 5935 77.836
273 6046 102.591
273 7961 33.9463
274 1425 38.5047
274 2973 34.7588
274 5299 45.8676
274 9368 48.3368
275 2722 37.5035
275 5222 23.5099
275 7436 90.4671
276 1650 86.5717
276 4106 19.5778
276 7162 85.8966
277 1860 67.0633
277 4011 79.9507
277 6601 63.6873
278 973 82.0095
278 1277 67.7392
278 3653 42.6575
278 6527 53.2607
278 7348 9.63792
279 3963 57.5819
279 6117 58.544
279 8686 31.3208
280 2299 84.2346
280 2620 119.977
280 5034 42.6677
281 2565 39.0286
281 5821 91.9776
281 5953 10.7756
281 9085 102.916
282 1316 124.67
282 3566 109.734
282 5849 118.694
282 8503 62.6669
283 1203 72.1161
283 2010 45.2166
283 8046 64.0484
284 1701 31.1549
284 2775 33.3409
284 6730 2.35078
285 1808 72.9076
285 2588 33.0944
285 4080 66.8063
285 6383 101.936
285 6422 88.1499
285 7476 36.3146
286 4092 51.9439
286 5728 63.0505
286 7231 76.7154
286 9467 95.9615
286 9494 49.7442
287 1705 66.6713
287 5229 67.1587
287 7062 32.2699
288 4362 83.3056
288 7838 149.14
288 8807 62.785
289 1171 55.7183
289 1420 60.3536
289 1863 57.9845
289 3185 2.51923
289 4457 67.0648
289 4933 58.6062
289 5753 67.7966
289 8082 23.1265
290 3472 124.036
290 6566 131.086
291 4692 41.7855
291 5529 58.0864
291 5906 71.2566
291 7710 84.6247
291 7943 44.865
292 7573 76.0222
292 9175 82.0488
292 9456 45.6188
293 648 39.9003
293 2552 71.1346
293 7917 59.2299
293 7961 99.379
293 8097 51.8859
294 1965 103.453
294 4060 92.7381
294 7509 94.6491
295 1900 24.2414
295 7812 21.5222
295 9527 58.6924
296 4988 8.0223
296 5089 57.2517
296 7297 69.2355
297 1937 41.7199
297 4683 24.0644
297 6132 56.1596
298 1279 89.214
298 6755 56.7145
298 8231 55.267
299 3752 94.418
299 6425 63.3023
299 7584 118.136
300 1499 87.0051
300 2292 14.4873
300 4841 94.4896
300 5767 57.5325
301 2330 97.4685
301 4542 61.1285
301 5248 36.7133
301 7185 40.8623
301 8089 50.2267
302 411 89.4337
302 3967 42.6818
302 7886 40.8002
302 8623 49.1059
303 5044 80.7749
303 8184 55.4924
303 9129 67.5914
303 9252 38.1298
304 1240 71.0597
304 2752 49.9542
304 3323 42.2612
304 7229 135.825
305 558 101.909
305 5182 44.7524
305 5333 113.471
306 598 78.1101
306 3443 53.665
306 6104 38.6469
307 755 82.202
307 1345 54.1348
307 5656 49.7505
308 935 66.2706
308 1449 79.285
308 3233 108.247
308 3754 27.74
308 8592 66.7526
309 7265 52.57
309 8306 59.8229
309 8760 41.3129
309 8800 44.5143
310 1691 47.7639
310 2087 25.842
310 5927 67.8907
310 6133 79.4334
311 6126 91.9427
311 6660 66.5871
311 6830 82.7852
312 4855 117.572
312 7141 40.1185
312 7287 25.3503
312 7787 20.3516
312 8268 74.614
313 1905 86.7145
313 2848 67.8959
313 6734 37.7202
314 620 57.3602
314 3420 83.6428
314 6357 53.5134
314 7568 12.5406
315 1812 57.3076
315 3636 19.1727
315 4639 49.9739
315 5472 25.3405
316 5664 13.2354
316 7381 35.043
316 8917 71.8676
317 2590 44.8583
317 3120 46.3688
317 4390 85.2282
317 7586 79.2543
318 2422 52.4102
318 3839 13.2113
318 9106 5.6759
319 620 52.7123
319 3547 29.3546
319 7437 77.69
320 366 56.3958
320 2616 31.7163
320 3253 44.4032
320 8513 84.9517
320 8665 15.1876
321 1266 49.7074
321 1657 95.3225
321 5115 85.9321
321 6927 77.6372
322 370 120.821
322 2271 90.7444
322 5495 120.499
322 8731 35.1041
323 906 15.0513
323 1867 95.0174
323 2420 59.871
323 8059 38.0288
324 481 79.4039
324 3232 111.356
324 8602 38.8452
325 1351 92.7023
325 1895 96.6914
325 6651 84.3498
326 1916 77.1788
326 5722 85.4346
326 8100 71.559
326 8377 164.169
326 8419 53.0036
327 3405 124.494
327 6275 78.4197
327 6962 40.8897
328 6529 88.8519
328 8623 69.321
328 9122 94.8434
329 6386 127.223
329 7230 102.404
329 9596 61.9655
330 2610 86.8604
330 6700 43.046
330 7855 66.2035
330 8858 32.7323
330 9399 46.9656
331 1006 49.4863
331 4157 53.4805
331 7938 48.0211
331 8412 33.9176
332 1634 93.5777
332 2860 62.7468
332 4929 27.4666
332 5868 75.5905
333 5948 55.8921
333 7153 20.5057
333 8901 47.0093
333 9207 63.6022
334 3808 54.6579
334 5162 49.8624
334 7304 85.8642
335 1452 34.1189
335 4842 85.3284
335 6339 66.7937
336 1110 51.1225
336 1475 48.2878
336 4470 90.1781
337 2372 92.2691
337 4038 66.6191
337 5959 35.0758
338 6493 48.0338
338 6528 54.9526
338 7764 46.7406
339 1611 69.7745
339 3240 34.8029
339 8536 61.989
340 3631 39.4142
340 3639 34.9088
340 5123 11.5362
340 8467 57.5332
341 2442 82.4749
341 4302 79.6035
341 6807 94.2828
341 9413 83.0572
342 5491 41.4722
342 5777 94.355
342 6530 42.9081
343 694 58.0897
343 2529 38.5488
343 2731 41.4774
343 5678 43.8194
343 8436 46.2654
343 9197 47.2615
344 4510 65.9946
344 7702 33.4714
344 8946 76.6842
345 1063 54.2988
345 6627 42.884
345 6763 42.5005
345 7119 60.6999
345 7269 98.3717
346 4989 52.8412
346 5642 56.9329
346 8296 75.4309
346 8416 67.4976
347 4135 43.2525
347 7080 50.5686
347 7504 54.6679
347 8752 92.7949
348 891 63.1232
348 2398 75.9736
348 6162 44.0513
349 491 139.13
349 985 51.5801
349 2613 47.814
349 2732 134.771
350 3338 68.9176
350 3933 61.9484
350 5344 39.5622
351 700 38.5248
351 772 115.436
351 7047 75.2208
352 6168 12.5045
352 8595 53.793
352 9116 76.6099
353 509 14.9148
353 1160 67.9142
353 7475 41.7091
354 4467 70.8688
354 8464 44.8935
354 8806 54.9391
355 2334 53.2872
355 6082 59.8579
355 7672 67.5994
355 8096 86.9144
355 8810 51.0945
356 6077 51.099
356 6152 76.85
356 6169 19.6845
356 7336 40.5324
356 9298 37.6746
357 1504 64.0237
357 3455 37.5305
357 5995 46.7892
357 9111 115.664
358 894 48.3949
358 1914 6.14773
358 3066 86.0472
358 3804 60.3102
359 4385 101.61
359 5970 29.3329
359 6859 37.6966
359 7759 32.7033
360 2727 3.6652
360 3829 37.6898
360 7933 41.033
361 2376 69.1339
361 3751 88.4428
361 6903 81.4756
361 8659 44.3595
362 534 67.1369
362 1479 49.4459
362 4762 30.8436
362 7551 54.5622
363 3279 57.4708
363 6143 59.6609
363 8558 64.0899
364 4504 32.5605
364 5436 30.4928
364 6269 64.6135
364 6953 69.2093
365 1963 40.129
365 4500 119.097
365 7132 62.6822
365 8092 65.5667
366 2616 14.6823
366 8665 25.1761
367 1218 66.8693
367 5109 43.9565
367 5338 34.2446
368 382 94.0102
368 4039 81.6942
368 6534 88.6505
369 1829 76.7885
369 4723 49.8444
369 6979 124.781
370 5469 52.4401
370 8731 62.0272
370 9111 49.4984
371 685 30.9083
371 1363 16.3097
371 2261 93.4083
371 8113 6.75862
372 2234 94.0816
372 6937 29.8805
372 7087 34.2642
373 1159 24.845
373 4148 92.8597
373 4543 73.0243
373 9349 72.2739
374 551 31.6054
374 3483 6.41153
374 7140 114.718
375 3359 74.9489
375 3591 36.7689
375 4685 81.5529
375 9230 84.2233
376 851 63.3736
376 2346 52.9212
376 3554 73.3933
376 7875 85.9092
376 8191 57.4301
376 8767 72.8503
377 1346 24.264
377 5840 79.3377
377 6148 40.842
377 9107 26.432
378 753 92.1642
378 2119 98.3446
378 9339 22.4772
379 429 50.0587
379 1007 25.0909
379 3467 66.6874
379 7255 99.3677
380 1314 56.9622
380 3518 66.2341
380 7520 100.114
381 384 99.6
381 2901 123.383
381 6556 110.915
381 8870 99.1985
382 6534 8.08529
382 8055 136.935
383 7356 79.3227
383 7675 106.33
384 5814 135.31
384 6556 5.36751
385 3638 44.5171
385 4164 68.4868
385 7382 63.5474
385 7391 60.8673
386 5110 63.0625
386 5769 72.3693
386 8164 127.716
386 8450 73.7155
387 452 47.3099
387 5891 52.861
387 7151 41.1923
388 1546 82.6705
388 1552 59.5147
388 8420 68.33
389 3833 56.548
389 5220 33.9675
389 8017 67.6576
390 491 114.617
390 930 139.73
390 2613 115.221
391 1573 74.1948
391 7599 54.5439
391 8808 91.2006
392 925 60.2046
392 2608 29.6387
392 3178 51.1229
392 3857 34.7815
393 705 44.5575
393 6538 59.5992
393 7825 33.5318
394 1546 90.4562
394 4254 95.7028
394 5081 88.3542
394 5151 62.1647
395 1272 48.9825
395 4676 41.3817
395 7496 108.787
396 3764 35.1555
396 5646 28.6854
396 8461 17.4992
397 794 38.6773
397 4024 21.9032
397 7861 61.1213
398 4382 61.5997
398 7971 36.6242
398 9275 68.0965
399 4924 92.7034
399 5298 26.3866
400 501 20.2059
400 3266 66.5703
400 4247 39.6582
400 8741 47.6436
401 1251 62.0523
401 1495 16.3269
401 3468 88.6929
401 7680 102.577
402 2288 60.2888
402 6685 68.2027
402 8185 64.2871
403 2269 48.2768
403 6477 89.1152
403 6857 139.255
404 5259 46.0982
404 6220 18.1244
404 8854 56.434
404 8936 36.799
405 1609 70.3811
405 1912 97.0166
405 3170 87.4394
405 5507 87.0164
406 7978 67.1564
406 8016 31.6376
406 9033 84.1401
407 6091 62.2819
407 6232 124.593
407 8084 79.0309
408 3572 114.825
408 4192 19.2033
408 8211 116.274
408 9576 102.647
409 1596 29.1309
409 2020 93.8136
409 2986 30.7675
409 4236 53.9676
409 4701 39.7807
410 964 100.917
410 1404 44.6364
410 3621 40.3826
410 3673 70.4484
410 4193 40.4156
410 5697 58.9281
411 3967 40.2371
411 7886 81.6833
411 8452 98.7934
412 1000 40.328
412 3528 29.6944
412 6059 24.5802
412 6379 45.8836
413 5223 52.8385
413 5583 51.3701
413 5908 22.2828
413 7971 77.2089
413 8411 54.0038
414 907 50.4879
414 4563 89.4207
414 5015 98.794
414 6757 71.6787
414 7712 76.6743
414 8086 18.5897
414 8406 80.8271
415 785 83.806
415 2424 71.196
415 9149 147.358
416 2433 125.155
416 5204 41.7499
416 5940 44.1446
416 6583 51.032
416 7283 50.1054
416 8051 35.0837
416 8417 49.6305
417 1819 61.4771
417 2213 67.2443
417 5300 44.0317
418 480 72.0329
418 1753 53.398
418 4792 61.3897
419 4303 87.1501
419 8938 56.6183
420 1250 61.1577
420 1678 46.3798
420 2131 20.2699
420 3375 52.5714
420 8751 66.1901
421 910 81.6675
421 1341 83.2778
421 5003 53.2594
422 2615 66.8596
422 3821 69.7439
422 4358 79.8631
423 3099 80.268
423 6572 63.1641
423 7553 65.6403
423 8018 40.6556
423 8427 58.0015
424 1322 25.4952
424 3536 32.3959
424 9458 55.1947
425 2384 94.8282
425 6841 38.0742
425 6925 65.2117
425 7949 78.8585
425 8887 33.1471
426 2254 67.1476
426 5975 77.9979
426 7925 101.624
426 8181 72.3461
427 3355 18.9318
427 5520 44.5484
427 6001 46.205
427 9362 96.4421
428 4042 34.7824
428 4540 45.8516
428 8369 39.1028
429 1007 6.45406
429 3467 20.2552
429 5073 90.579
430 2002 34.5979
430 4300 58.2288
430 5744 38.3601
431 6051 61.1027
431 7762 51.2961
431 8359 44.1213
432 4802 28.3027
432 6148 47.5909
432 9107 58.6734
433 4123 8.41241
433 5006 47.579
433 6125 16.9964
434 2574 49.3808
434 2677 59.939
434 6787 24.4806
434 8524 40.87
435 1627 16.0329
435 7163 60.8519
435 8826 88.8509
435 9442 116.239
436 3167 35.8945
436 5345 48.0049
436 6607 35.251
436 7965 58.1911
437 461 131.036
437 7832 111.904
437 9288 58.3197
438 2092 125.54
438 2410 50.6208
438 4568 80.706
438 8048 38.5724
439 4166 78.2572
439 6306 99.1873
439 6620 66.325
439 8497 60.5987
440 2598 51.2506
440 6195 65.1689
440 8151 93.498
441 6072 62.3673
441 7778 53.476
441 8293 66.8663
442 982 132.727
442 1492 44.4547
442 2957 42.0488
442 5157 39.1358
443 2747 80.9375
443 2764 88.4365
443 7681 73.1696
443 7777 74.1183
444 1136 97.5021
444 7675 132.988
444 9226 47.2743
445 3090 66.2456
445 4212 41.1963
445 4484 68.2165
446 4121 72.9128
446 4764 87.6609
446 5961 39.9793
447 3553 66.4164
447 4374 72.1239
447 4516 21.2416
447 9134 47.3634
448 4498 65.1556
448 6321 64.2059
448 8560 85.8779
448 9172 66.2704
449 1080 46.693
449 2510 80.8695
449 3998 58.742
449 5762 105.155
450 3463 89.7703
450 5164 87.9516
450 6120 61.8646
450 7666 14.1123
451 5266 81.5222
451 5465 81.2262
451 6919 39.9255
452 3571 84.8403
452 5891 71.907
453 562 129.993
453 1924 75.4701
453 5584 95.149
453 8202 52.0374
453 8839 58.5583
454 4089 42.9065
454 4387 46.3268
454 7372 98.1668
455 1254 2.16077
455 4147 31.6332
455 4235 70.9327
455 4328 37.6772
455 6980 69.1371
456 4256 6.0124
456 7360 39.2829
456 8662 59.2606
456 9060 34.2278
457 1651 79.6823
457 2981 24.2069
457 7423 117.973
458 6011 37.6377
458 6191 22.6429
458 7898 39.6828
458 8341 74.7901
459 2709 34.3137
459 2976 29.9461
459 4401 42.2182
459 5877 28.0342
459 7309 41.9238
459 8519 96.1127
460 670 31.9098
460 1364 95.7059
460 6725 73.7588
460 7507 35.7379
460 8757 35.5897
461 1042 71.969
461 4593 91.3804
462 2305 10.3824
462 6737 55.3718
462 7596 17.696
463 676 40.9885
463 1426 65.7353
463 2686 94.2312
463 6248 49.3658
463 8176 70.2546
464 2446 156.659
464 7817 12.6698
464 8520 97.8803
465 2494 94.5408
465 3877 65.0059
465 6032 74.6536
466 675 20.9797
466 4518 86.5748
466 4632 29.5944
467 3693 31.5514
467 5971 24.0113
467 6528 74.3323
467 9199 59.1362
468 5489 63.6536
468 6246 32.5834
468 7485 121.374
469 1579 53.2803
469 2082 31.7191
469 2840 40.4746
469 6184 18.6278
469 7947 26.7444
470 3939 116.119
470 3985 144.066
470 4225 50.6643
471 583 19.0737
471 949 68.9355
471 4069 106.921
471 9432 24.7797
472 824 30.1554
472 2515 40.8028
472 5141 14.4629
473 3207 63.9441
473 3391 13.949
473 7563 60.0122
473 7979 44.0829
473 9290 112.022
474 3618 50.4525
474 5763 15.0165
474 6845 98.8806
475 2568 71.1458
475 3055 12.7967
475 4020 45.9332
476 529 49.4573
476 2676 33.3666
476 6670 45.1046
476 7665 43.4262
476 7958 63.768
476 8389 53.4649
476 8466 29.3993
477 1681 19.7577
477 1954 53.361
477 5057 74.5139
478 3890 135.565
478 5135 88.6142
478 6313 66.4869
479 1431 42.9048
479 7063 120.383
479 7634 83.0094
479 7993 79.7576
480 4689 88.9269
480 4792 48.2372
481 2185 101.995
481 3965 63.8122
481 8602 89.7493
481 9109 57.2469
482 5525 42.994
482 7521 33.7258
482 7523 71.9763
482 8034 49.8048
482 7495 60.458
483 1868 100.439
483 3830 92.1779
483 7048 81.3784
484 1935 14.5293
484 4387 77.6972
484 6871 33.6742
484 7810 52.9319
485 4747 78.4844
485 5731 72.243
485 8085 104.765
486 3444 106.864
486 7741 50.2488
486 8305 31.9226
486 9501 66.5725
487 1612 85.7991
487 5964 82.3136
487 8031 44.9822
487 8636 107.454
488 2827 42.8331
488 3854 45.1769
488 4415 120.956
488 7092 28.8922
489 2768 36.0541
489 2788 40.733
489 3423 72.3797
490 3884 80.1935
490 5968 60.2182
490 6559 64.7282
490 7458 80.6774
490 7728 21.9321
491 930 78.36
491 2613 81.176
492 1127 23.058
492 2265 99.2704
492 5900 70.1805
492 7652 83.4975
493 3735 60.5256
493 8687 56.4449
493 9200 22.6834
494 812 18.197
494 3152 84.0077
494 9278 101.699
495 5466 54.1568
495 7500 90.857
495 8545 97.1203
496 2180 35.3958
496 4146 39.3612
496 6413 63.6169
497 4593 50.8957
497 5445 44.0571
497 9091 18.0299
498 6207 63.2875
498 7764 153.623
498 7983 66.9533
499 1015 72.413
499 3746 71.2613
499 6997 46.506
500 2870 24.6868
500 3980 10.4031
500 9173 55.4949
501 3266 66.7349
501 4247 24.4556
501 9426 66.7909
502 3847 54.4072
502 3849 88.4006
502 7357 72.4454
502 9369 61.3847
503 1814 59.8737
503 5350 49.5561
503 5620 46.5927
503 6457 124.627
504 2841 30.6321
504 4417 44.1352
504 8313 63.6599
505 677 96.755
505 4798 93.2893
505 6692 116.182
505 7583 102.943
506 1146 64.0424
506 5348 60.2313
506 6721 31.8486
507 3662 88.2064
507 4084 73.9145
507 6959 66.8791
507 7547 33.2434
508 3913 77.2135
508 5752 32.5076
508 6054 99.2585
509 4190 57.0031
509 4858 103.244
509 7475 65.7398
510 1717 95.2541
510 6452 54.1509
511 2741 74.0485
511 4303 15.2904
511 7729 63.5665
511 8257 16.1806
511 8848 72.5067
512 1875 28.9728
512 5624 15.7294
512 6098 34.6391
512 6975 53.6098
513 2397 165.1
513 7838 75.4886
513 8860 68.6547
514 4781 38.1426
514 4795 32.5237
514 7744 76.2086
514 9404 60.741
515 845 81.9827
515 3366 31.2252
515 4158 98.8561
516 1662 42.9507
516 2103 61.1137
516 4065 36.6256
516 5163 89.3172
516 5699 88.2497
516 6486 101.565
517 857 28.1676
517 1359 37.5352
517 5685 21.6127
517 7735 66.6735
517 8605 50.9043
518 1370 84.2161
518 4997 74.1898
518 7289 13.3701
518 8329 15.1472
519 3744 62.7608
519 4858 108.506
519 6619 23.0217
519 9403 52.3766
520 869 38.3885
520 8084 51.5277
520 8189 31.9568
520 8841 18.4763
521 1984 91.7247
521 3850 11.6408
521 7889 20.573
521 9090 49.5431
522 1842 40.0434
522 6506 28.1136
522 9571 52.093
523 1736 38.9562
523 3318 29.7502
523 5446 35.3401
524 2751 47.6961
524 3476 47.7565
524 3902 54.9397
524 4275 75.3924
525 2115 44.8337
525 3270 29.1197
525 5998 46.9263
526 2320 33.5243
526 2582 95.6713
526 3367 80.0483
526 4296 37.0299
527 5773 27.8615
527 7754 63.4351
527 9135 56.4142
528 1428 37.1376
528 1484 37.82
528 1686 61.8239
528 2903 38.9656
528 8491 59.6614
529 7665 42.1946
529 7958 45.6818
530 1198 54.8823
530 2578 32.7075
530 8867 27.4685
531 680 30.9529
531 1162 80.5251
531 8679 53.7263
532 636 20.5632
532 1616 61.5236
532 2403 65.0378
532 6585 48.8744
533 4405 6.20219
533 4735 35.3034
533 9072 30.2405
534 4762 48.6442
534 7551 44.2627
535 1291 29.9502
535 1624 57.0028
535 1874 66.831
535 3742 66.1793
535 5297 49.8519
536 935 29.8264
536 3956 36.6698
536 5580 73.4286
536 8592 47.3001
537 5090 35.1815
537 7340 42.7628
538 1475 85.6498
538 6670 36.7336
538 8389 119.444
539 1494 70.7745
539 1988 31.0672
539 4581 57.3985
539 5088 31.8146
539 7865 30.8657
539 8890 43.0946
539 9236 34.4003
540 899 61.966
540 2607 33.34
540 2975 52.6234
540 3889 50.7337
540 6677 96.7175
541 6252 33.1241
541 6636 49.6705
541 7840 85.0801
541 9026 77.6899
542 2249 51.7247
542 5332 119.996
542 8986 95.1361
543 3904 41.7437
543 5473 35.3836
543 6353 45.4039
543 6872 5.3909
544 3606 55.5865
544 5857 68.9292
544 7017 18.1351
545 2642 175.484
545 4367 42.6168
545 4927 104.903
546 632 59.2099
546 1100 39.4695
546 5438 42.0348
547 1075 23.2471
547 2456 48.4353
547 2782 69.1226
547 4976 83.8979
548 4476 10.1111
548 7239 60.2474
548 8891 38.9813
549 1103 58.9012
549 1646 106.273
549 1728 107.927
549 2549 46.9579
549 8611 45.515
550 5881 101.124
550 7535 88.0339
550 7803 85.4084
550 8674 88.5094
551 3483 34.664
551 5987 131.818
551 7140 143.647
552 4082 28.3668
552 9096 84.9506
552 9286 51.505
553 1943 99.4811
553 2369 82.7458
553 9016 46.2273
554 590 37.4133
554 2679 81.3246
554 6454 49.9231
555 971 51.9954
555 1535 5.28284
555 2942 88.3031
555 3203 91.1365
555 5160 72.0829
555 8627 61.3707
556 577 54.4513
556 602 81.351
556 1332 41.6739
557 867 46.0438
557 2936 51.3006
557 3372 63.2683
558 894 80.5108
558 5182 73.7856
558 5623 75.708
558 6445 28.7748
559 1154 48.6207
559 1489 23.8423
559 2383 47.9424
559 6439 107.317
559 6570 68.5176
559 9443 14.8602
560 3000 42.4268
560 7657 68.5726
560 9298 50.0639
561 2971 32.1283
561 3208 48.0434
561 5205 31.8772
561 8528 13.5999
561 8829 26.9174
562 1924 77.8251
562 4565 57.9602
562 8202 51.7808
563 6069 30.1808
563 7894 70.0342
563 8177 43.9123
564 5671 39.1454
564 6301 38.7197
564 7508 8.42988
564 9125 51.3827
565 924 56.2785
565 4101 139.843
565 5859 80.3358
565 7217 56.6106
566 708 75.4473
566 1274 19.7661
566 3707 49.5156
566 8101 80.2304
567 3800 54.2821
567 4725 97.9441
567 5025 49.6667
567 7531 37.2943
567 9559 75.201
568 731 36.8723
568 2401 64.8994
568 6555 66.7566
568 7180 77.7172
569 5355 104.277
569 6520 96.3755
569 8193 109.105
570 2813 13.8388
570 4912 54.2213
571 1760 53.6403
571 4378 68.7506
571 7847 115.444
572 4864 57.7901
572 5043 44.4257
572 5151 41.4377
572 7271 39.501
573 1710 25.1775
573 2441 62.2842
573 7179 4.43736
573 7990 23.3314
574 2692 26.7631
574 3126 32.7874
574 4009 41.4377
574 8066 90.0792
575 4646 94.8703
575 5075 36.5242
576 3063 48.8305
576 6103 97.6122
576 8847 119.124
577 1332 42.8658
577 2246 80.9478
577 7129 41.5862
578 2376 53.9717
578 3228 76.2943
578 3690 95.556
578 6009 10.5291
579 4173 41.2681
579 6466 66.613
579 6766 62.8363
579 8443 89.4865
580 1642 30.726
580 6088 64.1967
580 8707 59.2078
581 736 61.3718
581 5808 102.774
581 7058 41.3493
582 4224 59.2409
582 6438 83.7777
582 6769 64.8622
583 4585 23.6823
583 9432 38.8311
584 3497 86.4245
584 5398 80.7761
584 7968 61.7949
585 1800 23.1221
585 2307 77.2465
585 4087 87.0506
585 5435 96.1526
585 6436 84.7689
586 1394 43.5529
586 3990 23.6019
586 6363 33.7854
587 934 94.1284
587 3262 60.4379
587 8613 39.1134
588 3875 85.8076
588 6155 55.9634
588 6707 48.8278
589 3605 44.3545
589 3691 71.2968
589 6436 75.0268
590 2634 92.3019
590 7950 121.06
591 3633 46.5979
591 5361 85.0971
591 7108 52.2244
591 9345 39.355
592 2658 89.8652
592 4795 87.0838
592 5755 52.0233
592 9359 146.725
593 4340 29.1138
593 4473 32.8788
593 6989 47.1603
594 2381 35.2608
594 2589 68.0633
594 6410 37.6189
595 2095 130.978
595 8716 91.8468
595 8781 46.2222
595 8912 62.7533
596 1303 51.809
596 3523 102.516
596 6849 22.8557
596 8366 39.9909
596 9217 22.1721
597 1034 32.896
597 2489 37.6184
597 3243 14.5742
598 1996 67.5576
598 3443 13.1518
598 8117 11.3934
599 2427 3.09408
599 4428 9.59254
599 7846 64.6605
599 8313 55.5957
600 831 51.7642
600 2785 26.2448
600 4477 75.2085
600 5153 27.1342
601 2190 67.8766
601 5729 41.8225
601 6006 29.1973
602 1872 101.807
602 3016 45.0186
602 8885 89.5358
603 1844 2.70716
603 2563 37.4218
604 1048 109.122
604 2085 38.6036
604 7786 85.3117
605 1265 74.1973
605 2882 43.5786
605 6433 86.4719
606 957 21.0375
606 1012 41.0073
606 7000 3.85754
606 8865 70.8465
607 2759 45.0554
607 3257 31.264
607 3412 67.6985
607 4432 14.8117
608 2035 56.3521
608 2569 69.1304
608 3135 65.29
608 3570 57.7433
608 4895 63.7132
609 5098 97.6234
609 5903 123.583
609 7549 85.1273
609 8995 67.9062
610 1167 96.9309
610 1559 72.8292
610 6642 51.5551
611 2839 81.6271
611 7656 92.5587
611 8810 56.7832
612 1704 13.4168
612 3037 20.8098
612 4455 59.5146
612 4546 60.5919
612 9317 89.1066
613 1985 106.135
613 2487 59.4468
613 8088 72.4063
613 9348 30.5364
614 4380 44.7321
614 5517 26.5069
614 7484 21.0844
614 8456 20.3083
614 9307 45.4619
614 9395 49.4368
615 2318 47.3023
615 6538 36.4393
615 7502 23.3732
616 2255 83.4395
616 2410 87.4666
616 4568 68.0722
616 4645 113.292
616 4753 116.449
617 2843 51.5508
617 5923 39.4723
618 1354 85.7938
618 3231 41.4954
618 6679 88.5923
618 6708 49.0216
618 8903 31.9504
619 2717 37.2046
619 3030 15.4699
619 5312 49.7491
620 3547 92.7353
620 3610 93.7893
620 5336 96.0926
620 7568 58.0646
621 1817 88.2187
621 3248 70.805
621 6637 38.0131
621 8294 67.898
622 2296 24.8499
622 5253 111.623
622 8482 37.4382
623 2474 37.9423
623 2685 60.7303
623 2690 50.2565
623 4634 107.874
623 4959 41.313
623 8044 53.2318
624 1510 39.525
624 5376 37.7682
624 5462 40.5036
624 6036 105.126
624 7679 23.7533
624 9365 29.9853
625 928 79.6572
625 3641 52.3243
625 4702 78.0288
625 6337 60.9262
625 8888 80.7744
626 3197 66.3219
626 4151 5.92851
626 4931 35.0671
627 810 38.1457
627 8660 29.7815
627 9130 79.9348
628 2914 58.953
628 3254 71.2197
628 5002 81.6156
628 6789 41.5382
628 8170 64.2463
628 8624 30.541
629 2164 40.388
629 5478 58.5772
629 7733 65.6703
630 3529 80.3695
630 6144 61.9852
630 7516 64.5184
631 7660 28.916
631 8160 86.723
631 9525 64.3722
632 5709 126.185
632 7827 70.3455
633 1205 49.8089
633 1714 55.8969
633 4042 21.5921
633 5641 57.0541
634 1445 108.224
634 1907 84.8281
634 4649 34.5015
634 6206 60.5615
634 6687 73.2469
634 8036 69.0231
635 3114 37.9329
635 3971 43.0705
635 7383 43.6221
636 3330 88.1445
636 6585 8.47119
636 6632 101.418
637 1485 110.221
637 4051 19.9086
637 9261 79.6351
638 3092 5.73184
638 5393 55.1797
638 6759 31.3294
639 3080 26.1316
639 3813 32.0438
639 4033 27.9879
640 1680 31.8991
640 3161 21.5373
640 6041 69.0457
640 6615 76.7644
641 5036 90.6602
641 5147 61.7115
641 8938 56.1463
642 931 32.4907
642 3516 31.7747
642 4506 75.8768
642 4894 86.1858
642 7881 39.1408
643 4398 94.9433
643 4860 99.6808
643 5888 22.2027
643 7730 88.9095
644 1815 47.903
644 4422 26.5543
644 5008 59.9225
645 1393 81.818
645 1462 34.427
645 1910 9.42194
645 4479 89.7754
646 1037 100.733
646 2195 31.2308
646 2289 101.416
646 3378 28.8717
646 6411 59.9352
647 3288 42.5616
647 7487 66.2383
647 8530 62.4925
647 8609 44.48
648 2552 49.6266
648 6469 95.3182
648 6751 43.3338
648 7917 50.9763
648 8097 29.937
649 921 81.6799
649 4547 46.0145
649 5523 71.462
649 8454 79.7572
650 1047 143.816
650 2165 74.5588
650 6803 70.1639
651 5550 59.9911
651 7505 13.4179
651 7617 87.7133
652 1185 53.6905
652 1221 90.451
652 9067 18.0709
653 1418 56.7564
653 2580 37.6476
653 6933 74.4882
654 3968 41.3814
654 7522 72.481
654 8355 11.4209
655 1496 95.8977
655 1628 107.123
655 6008 57.5155
655 6332 48.9698
656 1458 67.3156
656 2670 41.8853
656 8639 92.9597
657 749 55.6019
657 7219 52.0917
657 8759 46.7887
658 7077 61.2926
658 7168 29.3707
658 8871 42.9997
659 1009 45.9247
659 5020 23.3209
659 6269 33.5759
659 9283 50.2173
660 3101 21.2714
660 6213 44.9303
660 6312 59.9751
660 8428 58.3009
661 777 119.332
661 2329 81.9465
661 7517 48.3579
662 4329 31.3994
662 6070 28.2236
662 6154 36.6641
662 8410 40.5688
663 3204 44.8479
663 5634 48.1401
663 7715 81.0196
664 5070 97.7884
664 6964 42.5836
664 7939 35.7242
665 3582 41.5655
665 7025 25.6849
665 7739 46.5079
665 8512 61.1995
666 1721 87.2434
666 3411 25.7711
666 3856 39.598
666 8492 77.8366
667 3355 62.5013
667 5395 30.5489
667 5520 70.6799
667 6001 46.2591
668 5211 20.0863
668 6251 77.0176
668 6978 107.176
668 9194 89.3333
669 1148 23.9555
669 1344 80.1514
669 4309 51.5854
670 7507 46.2133
670 8757 37.1847
671 4163 85.5242
671 5112 104.1
671 5657 89.7295
671 5796 75.803
672 4843 52.3067
672 7408 9.77334
673 3040 49.9885
673 5065 63.3155
673 7057 84.4121
673 8542 26.5517
673 9456 96.6362
674 3184 40.9041
674 3778 90.0956
674 5356 39.9257
674 9453 92.0397
674 9566 100.452
675 4518 107.989
675 4632 36.1765
676 1426 50.5002
676 7207 148.295
676 8176 117.553
677 1112 72.2319
677 7503 23.6231
677 8724 63.6323
678 1325 69.7945
678 4932 78.4483
678 6478 52.297
678 8326 107.977
679 829 78.5051
679 5514 101.259
679 6359 117.064
679 6944 27.4699
680 1162 58.8953
680 8679 64.4929
681 3078 66.8402
681 4854 83.3291
681 7024 25.6674
681 8486 47.6933
681 9603 32.2029
682 3327 41.2511
682 6630 49.4923
682 9397 79.3773
683 2841 54.9967
683 4254 51.1403
683 4417 62.2524
683 6970 70.1042
683 9227 50.3153
684 1006 97.8748
684 2441 69.8669
684 7938 78.1632
685 1363 25.1739
685 2261 75.1435
685 5757 87.1167
685 8113 33.685
686 6557 79.0986
686 6767 64.3151
686 6923 101.894
687 3322 54.3514
687 3683 102.361
687 5193 69.0496
688 2200 24.2025
688 4352 40.0493
688 6040 24.6017
689 5625 71.4405
689 6753 54.3946
689 8478 97.0764
690 752 52.1307
690 4262 55.9212
690 5448 62.3747
690 7849 94.0054
690 8361 78.4224
691 2022 71.0469
691 2936 97.2986
691 5257 95.9685
691 6896 66.7761
691 7542 88.5484
692 3911 122.198
692 5945 115.493
692 8068 98.18
692 9085 35.8262
693 1444 50.4886
693 4389 35.6252
693 7998 103.792
693 8192 46.7951
694 2731 6.50965
694 6762 113.622
694 9197 57.9885
695 3454 25.5914
695 4155 49.2643
695 5720 81.2095
696 2077 27.0694
696 5414 74.9304
696 5608 65.0167
696 7589 82.9084
696 7786 67.1564
697 3374 119.03
697 3420 68.1494
697 6156 56.4587
698 712 56.7072
698 1020 42.7087
698 2080 18.6583
698 2806 39.2475
698 5102 82.1158
698 6219 49.2194
699 5199 95.9815
699 5826 60.2918
699 8141 61.9862
700 8404 70.2197
700 8882 127.932
701 2397 133.576
701 5231 84.0516
701 8860 94.6444
702 2232 48.8352
702 4491 24.3557
702 5281 6.352
702 5602 62.4089
703 1505 82.4834
703 2857 38.9513
703 5422 76.7254
703 5483 29.9401
703 5780 51.8615
704 2303 67.3045
704 9030 54.1684
704 9297 75.1794
705 4184 57.0112
705 4852 105.163
705 4899 103.491
706 726 96.2658
706 2641 38.9164
706 5977 82.4942
707 914 106.536
707 1730 84.2229
707 5119 7.74861
708 2244 63.3166
708 5437 77.664
709 2637 28.6416
709 3431 59.6084
709 7344 60.4268
709 7752 51.3178
710 3311 52.7371
710 3649 50.4632
710 4666 59.7589
710 6409 43.9243
710 8103 37.9496
711 1730 72.256
711 2466 83.1379
711 3939 104.661
711 5119 112.626
712 4859 17.6242
712 6219 50.8924
713 1278 36.3089
713 5566 21.606
713 6941 19.9303
713 7328 53.0603
713 7981 66.0575
713 9464 63.3162
713 9501 36.9769
714 3689 62.5342
714 5775 73.4758
714 7295 31.8757
714 9287 81.9944
715 1780 36.1349
715 4426 123.799
715 4667 34.8107
715 5210 46.3294
715 7488 68.3242
715 9444 6.87805
716 3387 69.7587
716 6842 70.1738
716 9267 61.5542
717 775 52.7998
717 4740 12.5665
717 4794 66.6878
717 5403 66.903
718 2558 102.721
718 4160 93.4228
718 7362 65.5278
718 8629 59.6821
718 9037 71.9861
719 2942 128.967
719 6076 95.0835
720 1995 41.0514
720 5086 47.0868
720 5915 42.7192
720 6204 41.5713
721 860 52.9214
721 7638 52.4518
721 7731 100.653
722 3809 20.9805
722 6180 15.7026
722 6340 38.2572
722 6868 58.5862
722 8386 44.7937
723 5872 29.9983
723 7605 53.1823
724 836 47.5178
724 7424 97.4158
724 9193 36.6967
725 4893 72.5511
725 5307 82.347
725 7884 125.268
725 9435 86.9254
726 2641 86.9186
726 4732 107.743
726 5568 151.103
726 5977 30.1021
727 920 64.21
727 3058 19.4515
727 6970 43.7875
728 2478 50.0504
728 3542 11.4626
728 5321 42.4253
728 5327 75.1637
728 7170 72.2229
728 9245 44.3306
729 1181 45.4397
729 3246 63.9606
729 4275 72.7105
730 3147 46.7059
730 8124 38.4722
730 9210 53.048
731 2401 7.88713
731 6555 68.1047
732 4488 19.8502
732 5082 110.241
732 6324 64.0875
733 3996 46.739
733 6255 54.646
733 9409 49.1985
734 1693 38.474
734 3987 126.401
735 2036 109.565
735 2683 43.3217
735 2894 78.4842
735 8591 30.1708
736 1008 63.7431
736 5808 16.8631
736 8661 90.7571
737 3275 67.0844
737 4733 52.1244
737 5645 14.1094
737 9272 27.9487
738 4812 49.7843
738 5265 79.4014
738 5667 23.1861
738 7395 64.4266
739 2479 75.4958
739 5420 64.2978
739 7717 32.9165
739 8000 81.0523
740 4743 78.0108
740 6226 44.3812
740 9093 81.6762
741 2373 39.2352
741 6141 45.8069
741 7451 68.6095
742 1360 24.231
742 2719 39.904
742 3659 73.9594
742 4044 14.901
742 6449 145.686
743 1551 82.23
743 1979 57.8152
743 6456 42.8395
743 7941 91.3861
744 1509 62.2188
744 3560 53.0034
744 7399 81.7044
744 9396 86.7032
745 3812 66.6231
745 5500 49.4382
745 8384 35.3566
746 2532 14.8443
746 6585 134.14
746 6647 27.9505
747 7413 84.8049
747 8642 92.2166
747 8983 62.0591
748 976 92.5103
748 4227 7.13145
748 5878 82.6779
749 2095 54.5333
749 8759 63.8143
750 7299 19.1465
750 7673 40.4398
751 3839 84.1019
751 7186 54.0511
751 9106 55.3805
752 6377 91.8659
752 8361 59.0559
753 1955 73.4832
753 2449 53.197
753 9269 80.8866
754 4647 60.4674
754 6179 45.8575
754 8785 57.3275
754 8909 85.2515
755 872 64.2164
755 5656 61.6387
755 8551 94.2788
756 6259 31.0681
756 8380 116.407
756 9550 119.821
757 2279 46.2027
757 3263 100.339
757 4698 38.8792
757 6286 41.2198
758 1483 34.3425
758 1729 62.1119
758 1772 34.5179
758 8778 21.9532
759 920 82.5313
759 1959 70.3818
759 6800 67.5125
760 1569 39.437
760 2528 62.2539
760 5118 34.3663
760 8529 96.138
761 1858 123.052
761 1984 62.3043
761 2298 80.6963
761 7827 102.299
761 8547 51.5816
762 8442 73.5461
762 8468 70.9274
762 8919 58.8119
763 840 62.6568
763 1411 50.5617
763 6422 73.0426
764 2451 55.3218
764 7184 66.3936
764 8090 42.74
765 4168 74.5601
765 9282 31.7456
766 6113 42.4424
766 6709 86.8853
766 7452 55.2673
767 2798 11.877
767 4226 85.7812
767 8942 20.4469
767 9487 53.6734
768 4311 28.8864
768 4580 58.0776
768 5384 36.2293
769 942 62.7981
769 4268 46.0835
769 4697 101.105
769 5626 49.6024
769 8045 69.2421
769 8722 58.8869
770 2463 38.8597
770 2715 33.1219
770 3294 23.8858
770 4930 77.3199
770 8926 34.107
770 9031 47.6689
771 2831 65.0687
771 3017 38.0564
771 7027 21.9792
772 5443 70.8613
772 7047 36.3464
772 7390 37.814
773 3296 42.2501
773 8125 52.9926
773 8786 63.5168
774 5759 76.8515
774 7047 51.5051
774 7100 59.1571
775 4740 60.5532
775 5403 108.33
776 3776 42.9638
776 5385 40.2854
776 8039 26.469
776 8747 31.025
777 2329 21.9254
777 4325 56.7069
777 7517 53.803
777 7995 78.4779
778 3696 138.968
778 4026 34.6994
778 4934 46.371
778 6030 144.273
779 3769 61.2987
779 5909 46.8583
780 5409 75.4698
780 5710 55.8216
780 6247 57.0535
780 6396 25.4375
781 4341 2.15923
781 5814 71.2105
781 6633 41.4092
781 7671 30.6573
782 5684 82.9533
782 8863 92.7102
783 1673 47.8659
783 3860 100.186
783 4030 90.527
783 6958 21.5586
784 5442 42.6962
784 5563 101.13
784 5960 28.8799
785 6608 17.7335
785 6977 56.0353
785 9061 111.826
786 3172 144.282
786 3739 55.193
786 5419 97.928
786 9215 69.2195
787 3039 112.3
787 4654 69.1006
787 8664 53.0693
788 3682 28.9622
788 8300 29.2706
788 9010 73.4136
789 1481 60.7432
789 5754 90.0042
789 5866 69.8594
790 1204 30.7648
790 1472 36.985
790 2009 26.9462
790 5181 48.5051
790 8207 65.2937
790 9513 61.7097
791 4765 128.3
791 5938 27.7514
791 6520 116.124
791 9036 70.8608
792 2275 38.5301
792 7177 66.409
792 8128 22.3648
792 9599 91.98
793 2818 33.5215
793 7994 14.2619
793 9380 53.7726
794 3890 44.972
794 4024 20.343
794 7065 52.3507
794 7861 49.4646
795 960 130.182
795 6149 71.1655
795 6331 45.9978
796 2419 70.1615
796 2977 53.5622
796 5950 88.5905
796 7781 45.2509
796 8582 17.5479
797 4873 83.0121
797 5957 44.5322
797 6640 55.6723
798 2553 10.0305
798 3235 29.912
798 8935 59.3543
799 2378 61.8074
799 2389 42.2857
799 6600 52.5118
800 4576 17.0494
800 5508 38.8696
800 7263 62.1848
800 8957 45.6262
801 1960 87.2619
801 3019 29.5922
801 4538 70.2088
802 1653 54.6714
802 7778 142.766
802 9400 61.9933
803 2262 58.8538
803 3860 88.1989
803 4767 32.1495
803 5893 36.2094
803 6544 63.3699
804 1051 69.6611
804 5863 57.6978
804 9173 67.3182
804 9310 58.3923
805 1888 102.155
805 7399 28.4258
806 1074 32.9267
806 1542 34.4155
806 3392 30.1114
806 3968 45.4746
806 7522 6.49743
807 4260 43.9558
807 5582 58.5445
807 6283 9.75841
807 7910 50.2558
807 8169 37.0514
808 859 84.3437
808 3750 121.564
808 5475 131.195
809 5830 57.2816
809 6846 64.8649
809 7422 89.4901
809 8301 57.859
810 5113 117.516
810 7650 84.8789
810 8660 94.7394
810 9130 83.9722
811 2186 33.0899
811 3771 41.6369
811 5591 30.7925
812 3152 61.3771
812 3551 107.174
812 9278 93.9939
813 2946 17.9333
813 4535 112.407
813 7244 97.8008
814 3749 43.3865
814 4684 49.844
814 7147 32.9195
815 3867 27.7304
815 5615 107.262
815 7544 72.4372
816 2374 70.2681
816 2682 47.4154
816 7135 3.19232
816 8651 37.6059
816 9568 26.8275
817 3021 70.434
817 4505 48.221
817 8794 61.1891
817 9440 60.3506
818 1578 97.3071
818 6490 81.5456
819 858 25.7687
819 5883 69.3715
819 6202 44.2982
819 6826 36.102
819 8824 49.1053
820 4359 51.0949
820 6307 63.2781
820 8993 57.4606
821 2153 59.407
821 2358 84.9821
821 2966 30.5447
822 2182 70.9873
822 2833 48.4943
822 5296 63.963
822 8073 63.381
822 8736 63.9369
823 1342 51.0369
823 3337 75.7307
823 8700 91.3625
824 2515 82.553
824 5141 30.7375
825 4370 61.3738
825 6907 71.9602
825 8545 38.974
826 1101 61.3909
826 1978 60.0268
826 4605 92.3114
827 3530 37.5585
827 5369 103.357
827 5752 153.572
827 6193 39.7711
827 8106 45.9301
828 1064 65.6159
828 3748 144.755
828 4722 5.75401
828 5774 54.55
828 6484 67.4713
829 6783 63.8637
829 6944 77.9945
829 7565 66.438
830 1631 81.4537
830 2851 55.2522
830 5116 66.6487
830 9382 90.333
831 1550 77.3923
831 5153 48.5049
832 950 23.5193
832 1412 69.0413
832 2858 56.2052
832 4462 12.8295
833 3634 121.531
833 4708 65.7842
833 4968 61.0422
834 980 71.1114
834 2799 41.0777
834 9284 28.9444
835 1379 32.8208
835 2291 51.1717
835 3532 93.4455
836 2516 45.1629
836 9193 48.0405
837 1839 29.7414
837 2885 96.0599
837 5156 86.457
838 1317 49.4111
838 1440 70.4986
838 3123 36.4082
838 4885 25.1661
838 9053 56.345
839 1219 94.7575
839 2711 71.2404
839 5172 45.5692
839 6560 100.786
840 1411 49.504
840 1688 36.9144
840 5834 20.4577
841 2808 62.1453
841 3190 68.7435
841 4987 79.7818
842 4536 27.1905
842 5706 85.6524
842 6189 74.9526
843 2621 102.942
843 3845 43.8614
844 1279 74.1887
844 2347 25.7889
844 4023 36.4456
844 9261 36.622
845 1885 11.5272
845 3366 98.8342
845 5196 33.8216
845 7234 116.269
845 8496 55.3183
846 4478 65.5005
846 5140 44.21
846 6080 41.8016
847 871 27.4123
847 4167 22.8989
847 4453 44.2925
847 6765 22.6333
847 7327 35.532
848 1990 109.176
848 3861 99.3498
848 6425 110.529
849 1972 50.6568
849 3697 99.4626
849 7396 130.641
849 7860 68.6481
849 8550 93.1195
850 2361 70.5794
850 5331 50.7075
850 6420 55.2816
850 9328 48.3486
851 8191 36.882
851 8767 39.9229
852 2215 41.0437
852 5203 49.3583
852 5923 45.5055
852 6879 42.99
852 7187 74.8004
852 7449 60.9121
852 7669 41.4138
853 3664 33.167
853 6031 41.2499
853 7079 32.8337
854 1023 61.7072
854 4197 73.7975
854 8617 108.515
854 8697 90.5742
855 3094 36.7232
855 7156 23.1585
855 7302 44.7047
855 7585 61.6788
856 1659 33.5816
856 3447 26.1342
856 4849 79.4749
857 5685 9.15238
857 7735 22.4503
858 5531 76.5835
858 5883 52.4405
858 6202 47.6809
858 6826 67.0279
858 8824 24.7303
859 5475 57.4679
859 9371 62.3112
860 1909 46.9868
860 4119 57.9739
860 7638 43.0022
861 2795 41.4249
861 5121 55.4287
861 6426 96.016
862 1824 84.7881
862 4656 68.0802
862 5083 84.07
863 1053 48.5961
863 1951 44.3264
863 3368 57.0771
864 1258 71.2948
864 3076 66.3617
864 6330 80.9376
864 8067 15.9151
864 8914 102.442
865 2049 101.317
865 4855 108.267
865 7959 21.2907
865 8402 63.1321
866 2802 35.7487
866 5103 79.6217
866 5673 144.74
866 8129 152.701
867 2328 58.2038
867 3372 26.1147
867 5299 42.3973
868 1118 59.6141
868 5459 115.243
868 6085 46.6964
868 6109 114.2
869 6397 69.8773
869 7686 75.5938
869 8084 73.8922
869 8841 26.8204
870 2519 16.2398
870 3028 98.9222
870 7299 54.7814
870 7673 27.2506
871 6765 28.2706
871 7327 56.5284
872 5656 47.9466
872 8551 94.629
873 1781 43.5276
873 2066 24.5278
873 2769 55.4057
873 4965 72.6414
873 8286 71.8635
874 5745 65.9791
874 7358 17.5628
874 7746 84.3977
875 1858 76.1381
875 3034 65.7003
875 3581 53.6516
875 4202 80.5764
875 4205 84.7855
875 7196 44.2719
876 1253 89.9077
876 1324 88.9158
876 2395 101.359
876 3410 43.0576
877 2210 8.65888
877 4600 36.1203
877 5705 80.9969
877 8453 72.5904
878 2627 31.5189
878 2916 18.1726
878 3671 33.1138
878 6161 31.6967
878 8610 47.2341
879 920 45.6178
879 1661 49.7877
879 3490 14.5592
879 3999 12.9192
880 1117 67.3118
880 3302 58.233
880 3507 67.4355
880 5622 20.2792
881 1739 58.4752
881 6821 96.3685
881 7869 122.511
882 1152 76.0835
882 5230 70.6874
882 6967 23.3987
882 7290 46.7758
882 7727 28.212
883 3031 63.5021
883 7315 104.045
883 7642 61.6094
883 8005 107.959
884 898 42.6249
884 5228 49.463
884 7539 45.2794
884 8777 82.0294
885 2797 16.9575
885 3627 31.196
885 4412 115.068
885 5370 61.6156
886 6780 109.923
886 7731 125.454
887 3145 20.0959
887 3521 40.7797
887 7963 42.8906
888 1021 58.1769
888 6028 82.2032
888 8388 33.8642
889 893 46.7484
889 1143 76.5978
889 1517 57.6556
890 3407 50.8815
890 8022 68.9802
890 8070 58.7878
891 2460 57.5514
891 2948 37.4063
891 6162 88.0822
891 7912 43.1903
891 8008 52.26
892 4548 83.8324
892 6994 38.2698
892 8521 40.9114
893 1143 89.5232
893 1517 70.4849
893 8205 56.8694
894 1914 56.8192
894 6120 36.8977
894 6445 31.5399
895 1970 75.785
895 6779 40.6675
895 7091 42.9701
895 7306 57.901
896 3080 59.4088
896 4033 54.7889
896 6968 52.5866
897 4442 63.4591
897 5946 107.854
897 6290 54.3222
898 5228 17.1782
898 7539 18.261
898 7607 30.7774
899 2607 48.9104
899 3481 33.6918
899 3889 52.067
899 9291 59.7624
900 1669 37.3332
900 2550 74.3599
900 5387 26.7552
900 5576 25.5336
900 7057 30.8881
901 2326 107.38
901 4090 56.4378
901 9117 101.133
902 1307 29.5792
902 3523 59.0063
902 6034 79.0752
903 1380 91.0021
903 5460 31.8535
903 8855 84.1546
904 3453 28.9159
904 6552 77.8796
904 9018 61.6353
904 9385 38.9179
905 2063 25.3369
905 4145 97.0984
905 8781 34.0207
906 2420 69.7382
906 5029 42.8376
906 8059 26.6074
906 9522 61.1481
907 1010 61.0492
907 8086 53.8408
907 8406 41.6672
908 1771 50.5758
908 8269 64.0426
908 9405 86.3675
909 3686 32.8587
909 7627 28.6656
909 8814 45.0356
910 4701 89.1493
910 5003 75.126
911 1201 25.3957
911 2282 69.118
911 2912 23.7746
911 9451 63.7993
912 4873 28.7121
912 5638 34.7694
912 5957 70.5137
913 2734 47.6101
913 3046 28.3209
913 4260 68.5639
913 9489 69.2357
914 1890 62.5993
914 3812 58.5966
914 5282 46.5709
914 6244 33.4894
914 8384 65.0366
915 1623 58.9929
915 4384 54.4206
915 7575 95.4481
916 3041 61.7836
916 3831 110.301
916 5534 29.2472
916 6821 45.5012
917 2823 120.26
917 4900 80.8514
917 7368 67.6419
918 5447 40.0046
918 5463 29.4409
918 5511 35.1675
919 1275 57.7834
919 3931 24.8244
919 5690 14.0068
919 8899 53.1885
919 8979 60.7641
920 1661 22.7619
920 6800 11.9342
921 5518 64.2817
921 8144 103.804
922 3445 43.812
922 4094 28.7413
922 9104 11.524
923 2520 112.816
923 3526 15.9064
923 9577 63.1113
924 2894 40.8908
924 8591 65.6234
925 2608 57.6423
925 6564 83.3778
925 9526 94.3507
926 3141 33.844
926 4514 42.798
926 4938 91.3017
926 5378 64.4925
927 1329 152.733
927 1588 27.8041
927 4739 29.0583
927 5112 45.1664
927 8631 23.3933
928 4702 54.8421
928 8888 15.265
929 4710 57.6315
929 5093 74.2433
929 5847 64.3321
929 9062 9.61008
930 1895 41.766
931 4506 55.8967
931 4611 41.3743
931 7881 77.7132
932 6991 100.424
932 8312 64.0498
932 8322 68.1211
933 4453 68.5719
933 7327 81.6654
933 8681 32.4484
934 3262 19.5346
934 8613 93.6486
934 9350 101.67
935 1319 81.8067
935 3956 6.30667
935 8592 9.40999
936 3193 21.4507
936 3276 53.5132
936 5062 76.9265
936 5554 77.1317
937 8316 48.9428
937 8357 11.5776
937 9573 68.75
938 1857 56.8751
938 6223 30.6881
938 7235 72.8455
939 7101 92.8427
939 8733 11.776
940 1045 72.7969
940 1233 60.3679
940 2581 76.6733
940 4481 85.7117
941 3840 85.5955
941 7102 37.0498
941 8855 81.0507
942 4268 85.6594
942 4697 90.4995
942 5190 17.3617
942 5626 57.3817
942 7585 50.5687
943 3796 104.327
943 4381 69.7451
943 6920 25.8049
944 2191 21.0635
944 6786 32.0202
944 9578 19.978
944 9585 46.8858
945 4845 57.6944
945 5535 89.7044
945 9546 72.5982
946 5503 49.6046
946 5551 70.1699
946 9058 38.9344
947 2184 20.8513
947 2634 38.4718
947 3701 121.97
947 6319 27.6256
948 1261 62.9917
948 4737 96.1107
948 5936 35.7357
948 6494 111.123
949 8279 61.4036
949 9432 39.7293
950 2858 81.599
950 4462 14.4124
950 6177 49.5876
951 3242 38.8294
951 4188 26.7333
951 6280 23.6562
951 7907 46.3441
952 3527 26.4426
952 3775 17.8612
952 7445 29.2697
952 7480 33.897
953 2472 18.2762
953 2524 74.3454
953 4286 82.7375
953 6203 75.9333
954 4882 80.0873
954 6912 56.922
954 7414 45.1534
955 3390 86.0212
955 3725 112.733
955 4532 72.5293
955 6934 51.9606
956 1217 49.4565
956 3081 56.7954
956 5551 54.9725
957 1141 40.5355
957 3082 60.1593
957 3496 59.3917
957 7000 19.332
957 8865 47.8805
958 2811 46.5638
958 6756 71.9135
958 8353 33.4198
959 4188 25.7563
959 6309 16.9223
959 8061 54.1819
959 9315 22.9329
960 1023 107.491
960 1801 88.0908
960 6331 89.5434
960 6822 49.3381
961 1135 122.885
961 5793 64.889
961 6653 45.8791
961 8338 49.4864
961 8866 17.3746
962 1377 55.4541
962 2984 37.7528
962 4609 27.1443
962 9372 60.2543
963 6360 63.1183
963 6395 59.7492
963 7779 55.5055
963 8217 27.8405
964 3673 70.3737
964 4914 138.656
964 7925 80.1702
965 3663 6.88427
965 6044 35.9813
965 6724 35.6032
966 4199 14.2897
966 4751 79.9713
966 8396 67.1317
966 9069 93.2957
967 1848 76.0565
967 5601 52.5383
967 6629 86.1665
968 3493 64.2169
968 5413 53.0596
968 5597 55.9928
969 1709 35.806
969 3540 27.7771
969 9181 34.2119
970 1809 19.6284
970 2691 51.6373
970 5879 23.4757
970 6465 32.7715
971 1244 53.413
971 1535 61.4504
971 1700 38.8624
971 8627 4.93676
972 2516 111.784
972 3246 115.9
972 6688 74.218
972 9214 37.2266
973 1277 19.2544
973 8021 40.8812
974 1065 74.4437
974 1129 43.0013
974 2591 60.2683
975 2624 84.1357
975 4274 43.6344
975 4326 54.3768
975 5270 108.408
975 5974 119.26
975 9421 88.1461
976 2943 67.7884
976 4227 73.2141
976 7029 14.4134
976 8748 61.6249
977 3820 86.7712
977 4317 68.8353
977 6296 57.9933
978 2900 35.8831
978 4396 72.6771
978 4788 122.728
978 7525 93.2969
979 1536 24.4173
979 3364 69.1705
979 8257 94.3423
979 8848 69.4738
980 2546 52.1895
980 2799 28.4949
980 9284 56.9631
981 1873 33.2224
981 2226 93.9572
981 5013 102.905
981 6208 66.1943
981 8307 70.3735
982 1313 134.572
982 1840 105.133
983 1246 59.7166
983 4518 109.333
983 5821 83.7507
983 7194 31.8834
984 2484 66.719
984 2883 71.6449
984 4823 60.8178
985 2613 53.2122
985 6521 79.7119
986 3199 65.9717
986 6424 52.384
986 8015 94.4405
986 8801 86.8579
987 3109 87.3828
987 3324 40.7687
987 6412 54.987
988 2565 61.6462
988 5657 53.468
988 5945 116.357
989 3464 64.0582
989 3786 8.32981
989 4172 69.3919
989 7646 63.8421
989 8401 136.336
990 4384 92.6841
990 6273 99.2398
990 8481 61.0355
990 8876 59.1951
991 1038 63.8384
991 3498 28.7035
991 6064 36.3525
991 7874 104.417
991 7940 85.6228
992 7323 52.7601
992 7615 87.5446
992 9259 55.8288
993 2653 47.3672
993 5979 78.72
993 7906 87.8391
994 5975 45.0257
994 6947 19.5485
994 7925 86.085
994 8181 35.8881
995 3515 53.8349
995 3567 44.7492
995 4073 54.4001
995 8393 42.6828
996 5702 50.9275
996 7033 63.5043
996 7793 73.4636
997 5239 89.1438
997 6364 80.2663
997 6384 79.647
998 4193 64.0724
998 5295 93.7332
999 3704 120.069
999 4025 56.8474
999 6696 66.0862
1000 3780 120.43
1000 6059 50.5917
1000 6379 36.004
1001 5648 83.4385
1001 5967 49.0666
1001 5979 46.0005
1002 1296 95.8158
1002 6571 114.378
1002 8407 22.4883
1003 1621 95.4387
1003 2468 64.1182
1003 5698 50.9106
1003 7070 76.3533
1004 3841 88.9078
1004 5116 83.183
1004 6863 72.2315
1005 2778 79.1386
1005 5922 53.8793
1005 6406 132.551
1005 9376 58.92
1006 4157 26.9185
1006 6486 52.6799
1006 7938 86.9575
1007 3467 24.6283
1008 1470 124.285
1008 5808 43.4796
1009 4498 25.5093
1009 6321 13.8061
1010 3084 59.9063
1010 7221 79.9963
1010 8406 72.3776
1011 2476 26.936
1011 4266 44.2739
1011 5497 35.774
1011 8020 67.9441
1012 4209 42.5171
1012 6833 36.5584
1012 7000 41.88
1013 2688 39.0302
1013 2879 122.243
1013 5737 67.3381
1013 8473 70.9703
1014 2619 15.1514
1014 4857 103.83
1014 6973 114.13
1015 3746 44.665
1015 6997 30.4035
1016 2063 86.293
1016 5418 52.8127
1016 5756 76.7585
1016 8781 73.5729
1017 7270 100.127
1017 8886 38.1219
1018 4016 29.0229
1018 4785 98.3305
1018 6650 41.1493
1018 7178 82.3762
1019 4736 42.4194
1019 4760 44.454
1020 2080 42.1622
1020 4203 100.329
1020 5687 60.3531
1020 6219 54.0216
1021 6028 52.1126
1021 6423 29.5698
1022 3211 41.5996
1022 4396 43.5749
1022 4642 73.047
1022 7572 54.8151
1023 1086 77.8526
1023 8697 124.466
1024 1713 48.3298
1024 3730 40.9175
1024 4366 55.4423
1024 5068 45.5622
1024 7204 21.798
1025 1617 13.9071
1025 4583 41.909
1025 6514 42.1444
1025 7131 53.3023
1026 4165 63.6766
1026 6811 91.659
1026 7145 53.468
1027 1283 28.8229
1027 3165 21.0282
1027 4394 50.0321
1028 2406 50.0384
1028 5375 30.3815
1028 5547 25.1317
1029 1197 26.9612
1029 4889 41.3288
1029 8250 65.057
1030 2020 72.338
1030 7311 56.9846
1030 8586 34.7894
1031 2117 74.4385
1031 8023 40.6323
1031 9580 73.1866
1032 3861 50.7004
1032 6425 91.2809
1032 7584 54.8634
1033 1788 55.1005
1033 3158 72.7098
1033 7002 81.1575
1033 9604 68.4338
1034 2489 18.1736
1034 6267 51.7876
1035 3226 35.744
1035 8905 56.0076
1035 9229 40.5829
1036 3064 54.5607
1036 6955 57.8865
1036 7872 42.2577
1036 9481 113.09
1037 1128 88.1281
1037 2195 74.785
1037 3378 76.4595
1037 6411 114.669
1038 1054 54.1324
1038 3498 49.9293
1038 6064 65.3289
1038 7940 49.2084
1039 2065 12.3945
1039 5209 91.3225
1039 7879 169.512
1040 4993 48.4877
1040 6160 60.106
1040 9163 49.9025
1041 6510 124.904
1041 7429 73.1777
1041 9575 111.151
1042 2177 78.7514
1042 6473 57.4309
1042 7832 59.7418
1043 4564 69.9525
1043 5631 108.964
1043 8392 63.7829
1044 1567 94.4721
1044 4085 86.9861
1044 4680 148.188
1044 7608 149.082
1045 4481 44.4039
1045 7719 52.5442
1046 3229 54.914
1046 4319 59.6252
1046 5634 105.741
1046 7715 65.9099
1047 1365 74.1214
1047 1439 15.0903
1047 2353 18.2838
1047 6803 74.6217
1048 2085 101.152
1048 2951 78.2018
1049 2665 103.662
1049 3165 78.1182
1049 4394 25.812
1049 4821 29.2884
1050 2861 113.865
1050 4425 80.0649
1050 6421 72.6699
1051 4061 23.5845
1051 4913 62.4542
1051 9310 53.6588
1052 7910 83.1449
1052 8265 63.7448
1052 9488 50.2044
1053 2526 93.5951
1053 3368 29.2425
1053 4471 114.283
1054 3498 38.5615
1054 3919 90.4172
1054 6064 37.443
1055 3713 37.507
1055 3773 54.8189
1055 6938 37.6517
1056 1140 74.5302
1056 3555 113.576
1056 5187 60.9075
1056 7709 104.582
1057 1366 107.024
1057 4604 42.5409
1057 6227 44.5774
1057 6381 69.6848
1057 6589 68.0942
1058 1577 90.7763
1058 1600 32.2439
1058 4674 24.9647
1059 5706 46.2233
1059 5716 28.4216
1059 6189 35.526
1059 8649 48.8588
1060 4310 65.8143
1060 7689 37.5532
1060 8787 46.7969
1061 3260 39.3075
1061 4367 137.868
1061 8872 12.6833
1061 9145 104.85
1062 1366 111.144
1062 6227 40.0359
1062 7264 55.3101
1062 9469 44.6477
1063 3265 76.556
1063 5320 106.186
1063 6627 48.087
1063 6763 17.7308
1064 2187 52.4972
1064 4722 92.6646
1064 6539 102.296
1064 8554 51.9119
1065 7216 57.7181
1065 9266 96.4854
1066 5875 93.2937
1066 8233 57.2307
1066 8667 99.9
1067 3220 55.679
1067 3316 69.4029
1068 5489 75.5423
1068 6246 107.899
1068 7018 92.0812
1068 7485 72.1485
1068 8455 43.1269
1069 4035 91.569
1069 6992 84.0185
1069 7955 118.037
1070 7301 60.5609
1070 7320 79.1012
1070 7346 56.3766
1071 1640 56.8805
1071 2295 44.8082
1071 7417 42.213
1071 7571 35.3882
1072 3885 39.3543
1072 4586 74.1368
1072 5595 40.916
1072 5917 64.0373
1072 9548 42.9355
1073 1624 85.3894
1073 4457 78.72
1073 6942 76.6631
1073 9314 64.0477
1074 1542 10.9235
1074 3392 10.5351
1074 7522 45.3717
1075 2456 98.7484
1075 4976 87.2521
1076 2399 26.0652
1076 7915 83.3114
1076 8809 119.689
1077 5679 76.3793
1077 7144 87.0898
1077 9514 107.349
1078 2311 84.4274
1078 4664 58.5827
1078 8476 30.867
1079 3018 57.7911
1079 3908 66.9738
1079 5139 36.1335
1080 2510 90.1502
1080 3998 31.0684
1080 5762 29.8341
1081 1085 51.6272
1081 1670 60.2881
1081 2648 55.7164
1081 6666 26.9391
1081 9584 39.3149
1082 2712 63.367
1082 4839 50.0752
1082 6719 56.1733
1083 2652 9.17484
1083 3680 58.2616
1083 8390 70.4498
1084 2632 11.0922
1084 2875 48.8504
1084 5991 43.7635
1085 6666 23.3826
1085 7359 122.579
1085 9584 18.4669
1086 2972 75.6288
1086 7130 16.0336
1086 9257 45.4818
1087 1947 79.6506
1087 3414 26.7881
1087 9032 46.3247
1088 2519 66.0021
1088 3028 15.7622
1088 5792 68.8779
1089 3575 105.46
1089 3706 89.5263
1089 5714 66.2476
1090 3433 16.2605
1090 4418 75.679
1090 5721 18.0833
1091 5651 89.7017
1091 7456 112.668
1091 9000 34.0782
1092 2111 76.8167
1092 4529 76.1389
1092 8432 68.0941
1093 1169 24.1114
1093 1483 45.7344
1093 5563 61.9593
1094 4806 109.846
1094 4869 70.651
1094 9333 124.735
1095 5309 86.2016
1095 6536 68.2371
1095 6898 52.506
1095 8633 79.8329
1096 1301 58.5308
1096 1896 32.2317
1096 5951 65.58
1096 8424 36.8767
1096 9142 31.9657
1097 4974 48.403
1097 7055 49.2767
1097 8637 66.6922
1098 2438 72.2064
1098 2859 86.6819
1098 3351 77.5754
1098 6974 61.6787
1099 1975 44.1076
1099 3169 87.8556
1099 4242 66.878
1099 7678 124.137
1099 8843 112.119
1100 5438 18.8153
1100 7674 30.8582
1100 9437 68.5712
1101 1978 66.0178
1101 4890 35.0129
1101 5708 60.9911
1101 6389 56.4723
1102 5760 75.9444
1102 7864 105.794
1102 8791 161.321
1102 9374 132.055
1103 1728 65.9705
1103 8611 20.0449
1104 1802 54.4279
1104 5304 106.837
1104 6813 42.3794
1105 4546 61.0997
1105 6963 46.0377
1105 9317 61.6067
1106 1849 102.939
1106 4973 90.8922
1106 7361 109.38
1107 1182 73.904
1107 2260 111.381
1107 4117 30.9029
1107 7707 60.5375
1107 8710 113.036
1108 1928 61.524
1108 2623 80.1965
1108 3317 58.9992
1108 5124 42.2579
1108 6303 42.6419
1109 3131 66.3511
1109 6443 31.3719
1109 8242 112.459
1110 1475 78.5443
1110 4470 64.3148
1111 5050 47.8222
1111 7046 59.432
1111 7094 61.0027
1112 3480 125.266
1112 7503 51.0854
1112 7583 77.825
1112 8400 53.8207
1112 8724 35.5483
1113 1268 77.6882
1113 7119 91.5831
1113 8877 45.5178
1114 6103 40.7523
1114 7166 37.8574
1114 9108 87.1017
1115 6176 62.5923
1115 6729 33.6102
1115 8226 79.2899
1115 5196 48.6743
1116 1330 39.108
1116 3552 19.6769
1116 3958 75.1864
1116 8477 13.5983
1117 2854 114.693
1117 3302 29.6919
1118 2909 93.8491
1118 5459 34.8744
1118 6196 90.2291
1119 6386 49.7745
1119 6686 36.945
1119 8446 69.9157
1120 2448 34.0635
1120 2761 38.3962
1120 4633 22.8882
1120 4777 98.0428
1121 1326 59.4069
1121 4963 25.2638
1121 6027 53.8656
1121 9196 8.43048
1122 3021 63.7934
1122 6515 55.2899
1122 8094 102.592
1123 1718 88.4426
1123 5324 204.074
1123 6649 65.0011
1123 7853 123.023
1124 6616 67.474
1124 7540 25.212
1124 9355 27.1068
1125 3133 39.8795
1125 3149 68.3944
1125 8288 88.2272
1125 9558 17.9857
1126 4392 67.6519
1126 4501 42.9145
1127 5900 38.2012
1127 7652 106.411
1128 4205 104.672
1129 8269 78.5217
1129 9405 60.0335
1130 4765 23.241
1130 6491 57.6916
1130 9344 27.9176
1131 1236 38.5243
1131 2208 53.3125
1131 7997 58.9459
1131 8213 61.3197
1132 5583 104.201
1132 8086 93.9953
1132 8643 40.7564
1133 4695 59.5828
1133 4847 85.6353
1133 8502 45.2406
1133 8511 47.639
1133 9189 74.0262
1134 5461 98.155
1134 5681 10.698
1134 5819 79.4615
1135 5793 31.0987
1135 6005 34.9261
1135 9582 126.463
1136 1917 67.7927
1136 9226 135.641
1137 4936 60.8882
1137 6492 57.017
1137 8346 50.8507
1138 2385 50.2587
1138 4802 29.5208
1138 8834 18.4763
1139 4263 81.0528
1139 4481 93.599
1139 6231 22.5325
1139 7956 25.9802
1140 3552 94.5226
1140 8477 112.641
1140 3244 81.2907
1141 1285 61.9267
1141 2547 16.843
1141 3496 69.2698
1141 7077 61.1735
1142 2485 88.3481
1142 6267 37.3446
1142 6401 60.5507
1142 6799 27.0176
1142 7591 58.1161
1143 1287 95.4315
1143 1590 58.4116
1144 2696 64.6659
1144 3917 97.7779
1144 4008 32.6884
1144 6050 54.512
1144 8399 70.3586
1145 2323 40.5767
1145 5749 34.7896
1145 6834 63.8752
1146 5348 35.3694
1146 5860 48.9952
1146 6721 78.2267
1146 7512 102.397
1147 4169 33.038
1147 5581 42.082
1147 8171 5.50189
1148 1344 75.9367
1148 4309 49.29
1149 4559 11.3389
1149 6150 78.5483
1149 7251 93.9174
1150 4419 30.4556
1150 7334 29.4068
1150 7660 44.3672
1150 8571 46.3842
1151 3555 62.6414
1151 5179 100.215
1151 8755 12.992
1152 2296 88.1035
1152 6967 45.021
1152 7261 101.239
1153 2691 31.1975
1153 4068 26.6497
1153 8793 48.5806
1154 1897 95.4673
1154 3413 99.1866
1154 5981 75.9097
1154 6570 10.6686
1154 9443 46.504
1155 1286 65.8116
1155 1508 52.5022
1155 4808 89.9024
1155 6239 65.6913
1156 6354 70.5207
1156 7423 94.5577
1156 8153 55.0544
1157 2006 33.205
1157 2527 60.8051
1158 2718 53.9707
1158 3843 33.6124
1158 5998 63.8881
1158 8917 71.565
1159 4543 44.1719
1159 9349 36.2223
1160 1708 35.5479
1160 9006 42.0686
1161 3826 50.3477
1161 6625 53.2122
1161 9057 52.2359
1162 8679 49.2013
1163 3928 45.5651
1163 6340 101.516
1163 9323 66.9778
1164 2201 75.0698
1164 6546 60.7436
1164 8441 36.8244
1165 2067 75.3729
1165 4293 83.5354
1165 7813 49.8074
1166 2539 15.7244
1166 4983 24.4707
1166 6639 29.9147
1166 7323 60.5074
1167 3240 44.6319
1167 7106 53.6503
1167 8536 22.7574
1168 1771 105.437
1168 2910 43.1623
1168 9084 73.7345
1169 5563 80.9451
1169 8778 91.5366
1170 2491 68.2386
1170 7365 111.012
1170 8989 52.5376
1171 3185 47.7937
1171 5753 27.9535
1172 2820 59.5493
1172 5627 53.6106
1172 7136 30.4065
1172 8123 74.7251
1173 2477 59.5323
1173 6292 40.4028
1173 6882 58.5216
1174 4431 75.5355
1174 6212 43.1123
1174 7824 10.8116
1174 9535 27.775
1175 1584 77.4716
1175 2217 44.8202
1175 3223 71.8989
1175 3997 50.2138
1176 4442 90.8635
1176 8303 48.2335
1176 8330 59.3718
1177 1178 19.6451
1177 2643 73.4268
1177 3640 49.3829
1177 4344 84.7327
1178 5618 145.675
1178 7340 68.2504
1178 7524 83.6343
1179 2902 31.4415
1179 8493 82.8114
1179 9394 94.9304
1180 1464 48.1984
1180 3510 78.8325
1180 6429 47.9551
1181 3246 17.6454
1181 4275 105.949
1182 2260 57.8599
1182 7424 70.2653
1183 1470 89.3048
1183 4399 9.78345
1183 6430 96.4449
1184 2113 88.1744
1184 7839 69.2163
1184 8510 56.0461
1184 6920 62.7164
1185 1221 68.6386
1185 2962 121.057
1185 4124 43.1801
1185 5047 59.0182
1186 1959 67.3813
1186 6264 38.5464
1186 7844 76.2752
1187 2407 92.5098
1187 4464 105.946
1187 6880 76.4172
1188 1436 36.1018
1188 5386 27.2809
1188 8152 21.2108
1189 2402 64.6828
1189 6376 36.1822
1189 6836 45.7383
1190 2521 111.327
1190 3973 98.4416
1190 5269 110.188
1190 5791 67.9406
1190 8060 54.5052
1191 4653 82.2276
1191 5964 40.6032
1191 7200 16.1515
1191 7834 74.1694
1191 8031 66.4494
1192 1658 34.3671
1192 2300 45.1035
1192 5176 86.7868
1192 5660 61.1114
1193 2233 45.2014
1193 3056 59.659
1193 3834 21.66
1193 5294 50.6179
1193 9132 65.9013
1194 3132 116.277
1194 3382 65.5768
1194 8729 52.4353
1195 2362 58.8832
1195 2872 48.1591
1195 8606 22.0945
1196 3439 36.0384
1196 5479 29.4618
1196 5875 78.2272
1197 5411 73.2981
1197 8250 35.712
1198 2578 92.6141
1198 5167 61.5887
1198 8867 81.8945
1199 3832 46.4308
1199 5314 61.8156
1199 7532 41.1303
1200 6212 65.4246
1200 9535 57.8707
1201 2111 54.2312
1201 2282 40.1557
1201 2912 64.2318
1201 4529 56.8705
1202 5161 73.0342
1202 6375 86.8265
1202 7277 78.874
1203 3698 52.7025
1203 7498 65.3077
1203 8046 62.6661
1204 2009 17.3475
1204 9513 38.6731
1205 1714 42.4906
1205 8222 46.9606
1206 7851 124.824
1206 9145 18.4701
1206 9531 69.398
1207 3648 24.2733
1207 4430 40.2186
1207 5856 90.7179
1207 8875 35.8325
1208 3632 32.7463
1208 4347 66.5452
1208 5477 16.4003
1208 7019 27.4392
1209 3741 23.9813
1209 4994 83.1501
1209 7761 69.8261
1209 7936 20.6123
1210 2058 12.3316
1210 4312 19.5779
1210 8703 46.7924
1211 1666 79.6004
1211 3538 51.4057
1211 3991 50.6223
1211 5536 52.2249
1212 1821 30.2789
1212 6022 28.4767
1213 1414 63.6307
1213 3690 26.9057
1213 3751 109.743
1213 9375 21.0426
1214 1548 53.5476
1214 6985 48.1168
1214 7548 71.3583
1214 7770 16.724
1214 9381 50.6628
1215 2496 27.9235
1215 3654 19.6731
1215 8739 73.1931
1215 8780 12.2543
1215 8910 20.4565
1215 9579 30.978
1216 2171 59.8914
1216 4584 87.1911
1216 5870 19.8744
1217 3081 29.9986
1217 3207 46.8312
1218 7750 16.3007
1218 8311 51.9132
1219 1327 87.3137
1219 3202 77.4344
1219 5533 98.0161
1220 2302 54.9501
1220 2502 89.6799
1221 4124 70.289
1221 7279 55.6247
1222 1636 48.736
1222 4570 40.1944
1222 9485 102.93
1223 4258 26.5969
1223 7698 19.1296
1223 8814 73.6142
1224 2560 83.9847
1224 4416 103.674
1224 5019 77.3005
1225 5487 28.115
1225 6240 74.1816
1225 8615 37.9567
1226 3421 136.668
1226 5604 114.509
1226 8709 108.257
1227 2562 56.3365
1227 2928 104.332
1227 8165 74.4677
1227 9014 47.1081
1227 9142 70.7878
1228 4809 59.1206
1228 4947 15.8598
1228 9420 82.4082
1228 9536 97.5433
1229 1259 15.7266
1229 3269 56.0552
1229 3458 11.2258
1229 4552 46.9115
1229 7059 69.0547
1230 2276 62.6253
1230 3489 39.726
1230 5647 103.932
1230 8388 26.2064
1231 5169 73.6379
1231 7464 85.4381
1231 8012 75.005
1231 9311 65.0168
1232 2635 117.03
1232 3500 24.1862
1232 3544 43.6343
1232 7772 23.9765
1232 8644 57.5887
1233 2581 59.551
1233 3386 48.0264
1233 4208 86.5054
1234 6943 71.2077
1234 8437 43.9933
1234 9556 21.7376
1235 2811 63.4809
1235 6784 63.5079
1235 8915 70.4533
1236 2208 46.0212
1236 4530 74.5014
1236 8213 93.5187
1237 2330 87.8705
1237 6095 70.4394
1237 7185 75.4013
1237 8470 68.315
1238 6648 66.6516
1238 7468 62.1523
1238 9258 76.5257
1239 2108 79.9187
1239 5518 52.1377
1239 8144 39.7955
1239 8805 92.9919
1239 9077 81.1523
1240 2752 17.7674
1240 3994 92.0533
1240 7371 76.8625
1240 9270 45.5015
1241 4836 75.9694
1241 5892 52.67
1241 8658 61.1671
1242 3238 47.269
1242 6720 95.8683
1242 8320 10.3047
1243 2093 65.4815
1243 5133 30.2374
1243 5820 23.0886
1243 6086 32.2323
1244 2942 44.3895
1244 8627 60.4334
1245 4247 90.8719
1245 7494 33.8228
1245 8741 53.8402
1246 4518 41.4928
1246 7194 42.3282
1247 2623 73.7615
1247 3317 104.301
1247 4257 83.6997
1248 2739 40.6664
1248 4592 48.6973
1248 7117 72.8
1249 2072 100.212
1249 2306 67.0786
1249 2934 95.6858
1249 5778 77.3502
1250 1678 22.7698
1250 1842 32.662
1250 2225 21.8596
1250 3801 43.9385
1251 1495 50.5169
1251 3468 53.6659
1252 2283 55.164
1252 4939 98.4688
1252 6573 87.4882
1252 8918 81.2555
1253 1324 50.2948
1253 2395 49.5029
1253 3410 62.6044
1254 4147 37.1822
1254 4235 88.3712
1254 4328 31.8682
1255 1903 14.4294
1255 4921 33.8945
1255 5984 39.4108
1256 2477 78.2637
1256 6467 110.36
1256 8616 104.313
1257 2948 35.0668
1257 7912 19.6731
1257 8223 32.1919
1258 3076 82.9969
1258 8067 120.656
1258 8914 49.0226
1259 3458 22.3897
1259 4552 51.5831
1260 6631 25.8007
1260 6865 111.479
1260 8216 114.762
1261 2862 47.7225
1261 4737 1.53958
1261 6923 31.9956
1262 4764 77.6457
1262 6682 56.2897
1262 7286 79.7016
1262 9131 69.6773
1263 1377 55.8357
1263 1717 66.9078
1263 5261 7.00404
1263 7211 40.9593
1264 2243 36.3986
1264 4652 55.2487
1264 8673 37.9868
1265 3273 84.4616
1265 6433 60.5402
1265 8531 92.7407
1265 9050 80.3551
1266 1657 74.0213
1266 5100 101.453
1267 7431 114.13
1267 7984 57.7941
1267 9202 58.8036
1268 1991 63.3377
1268 7269 66.3102
1268 8877 60.0913
1269 7896 44.3771
1269 8461 58.6237
1269 9555 42.4817
1270 4134 81.6665
1270 8682 133.161
1270 9212 113.871
1271 2611 19.8003
1271 3036 88.7877
1271 8205 97.7353
1272 4676 20.2926
1272 7173 119.641
1273 1560 120.926
1273 6015 72.3173
1273 6356 46.2191
1273 9303 93.2088
1274 3707 27.4064
1274 8101 64.4187
1275 2030 72.1799
1275 5690 38.4175
1275 8899 62.0392
1276 1307 94.0238
1276 3949 117.602
1276 8220 86.8495
1276 9248 71.0445
1276 9321 70.4779
1277 8021 62.0171
1278 5566 49.7948
1278 9501 4.51609
1279 4023 37.5132
1280 3976 95.8303
1280 4892 55.7892
1280 6660 61.6499
1280 6830 40.9761
1281 3122 93.6698
1281 6854 37.223
1281 8925 55.8567
1282 2172 81.4907
1282 3315 66.5954
1282 7226 49.359
1283 3165 51.8845
1283 5027 84.5633
1284 1897 64.4673
1284 3413 68.3249
1284 6154 95.406
1284 7474 90.0316
1285 2547 62.9881
1285 2666 43.2135
1285 3043 47.8324
1285 3082 5.89361
1286 2379 40.7251
1286 6239 61.8083
1287 4780 67.6376
1288 6023 26.4744
1288 6723 29.401
1288 8107 33.1443
1289 1363 36.3821
1289 1957 40.2968
1289 2211 47.7708
1289 4318 42.3845
1289 4499 62.9636
1290 1547 72.5965
1290 2010 42.8777
1290 6576 42.0741
1291 1624 29.2887
1291 5297 40.5851
1292 8971 36.3951
1292 9250 54.3798
1292 9512 98.5074
1293 1701 46.8102
1293 3563 67.7269
1293 6730 99.4889
1294 2016 50.8377
1294 9191 54.3358
1294 9292 71.4459
1294 7278 57.1199
1295 4665 53.9724
1295 5189 18.4423
1295 6388 58.0337
1295 7001 55.6437
1296 5513 40.7131
1296 6571 51.5248
1296 8407 60.9471
1296 9567 40.0144
1297 3904 50.0815
1297 5471 44.6393
1297 6222 53.3565
1297 6878 26.5673
1298 1707 92.0844
1298 3275 91.7391
1298 9386 62.5238
1299 2444 98.5427
1299 2484 85.0973
1299 7392 80.4016
1299 8656 86.77
1299 8766 50.4114
1300 4103 18.1783
1300 7446 73.6144
1300 8114 7.89007
1300 8200 43.7749
1300 9332 24.631
1301 1896 62.4172
1301 9142 36.248
1302 3541 40.669
1302 5279 72.964
1302 8525 74.7622
1303 3323 77.7766
1303 6503 42.6219
1303 8499 61.4422
1304 2430 76.8196
1304 3651 74.6805
1304 4195 86.8009
1304 4599 64.1036
1304 6853 131.234
1304 9128 57.0471
1305 2118 39.162
1305 8132 29.4554
1305 9565 21.4382
1306 2605 53.057
1306 5134 41.9183
1306 8907 41.3002
1307 3523 73.911
1307 6034 63.3214
1307 8220 87.1667
1308 4071 29.2434
1308 7252 71.5417
1308 9387 48.7735
1309 3066 94.3167
1309 7193 88.6154
1309 7705 78.0946
1309 7792 67.2821
1309 8334 8.6053
1310 2701 99.4937
1310 8906 88.4839
1310 9327 124.037
1311 5885 77.1335
1311 9454 46.3286
1311 9541 46.0826
1312 5593 62.3841
1312 5757 99.8181
1312 8894 60.2631
1313 1840 29.7873
1313 6989 57.3
1313 9447 49.1727
1314 7520 70.4595
1314 8861 92.1439
1315 5664 73.3588
1315 6501 69.8175
1315 9363 41.9337
1316 2205 57.5902
1316 3566 7.79444
1317 1440 79.9081
1317 3009 100.329
1317 4885 66.5046
1318 2130 33.7888
1318 3880 50.2381
1318 6334 33.0326
1318 9435 88.0904
1319 3170 34.0449
1319 3233 81.314
1319 3956 85.5572
1320 3168 49.6478
1320 3803 43.4894
1320 3922 72.516
1321 3329 138.698
1321 3535 77.7321
1321 4854 76.9463
1321 6112 73.8394
1322 3536 43.5791
1322 6665 94.6643
1322 9458 24.6557
1323 1828 54.5075
1323 2064 73.2556
1323 6079 39.0015
1323 8676 19.9247
1323 9564 23.9704
1324 5130 38.6625
1325 4932 36.1984
1325 5652 71.4156
1325 9394 84.4985
1326 5447 32.2628
1326 8375 107.399
1326 9220 33.2448
1327 3202 125.948
1327 5533 61.371
1328 4846 59.937
1328 5087 33.0697
1328 8732 27.1765
1329 4163 119.562
1329 5112 100.093
1330 3958 95.8672
1330 5586 69.411
1330 6739 35.9893
1331 1824 54.0366
1331 4656 49.8163
1331 5083 35.6451
1331 7941 57.0808
1332 2246 58.0397
1332 7129 64.043
1333 3075 12.4813
1333 7595 100.914
1333 8465 113.41
1334 1687 35.1629
1334 5493 86.5664
1335 6059 26.0172
1335 6862 34.4118
1335 7198 47.3327
1336 6121 88.8412
1336 6209 79.6125
1336 7284 45.0277
1337 2363 70.7369
1337 6373 83.5756
1337 7777 63.1317
1338 2230 46.5763
1338 3501 32.2989
1338 5082 63.0818
1338 8234 21.368
1338 9353 63.0115
1339 2543 79.5728
1339 2878 40.9745
1339 4641 66.4909
1339 5668 30.5461
1340 1523 45.4562
1340 3199 154.643
1340 5951 98.6075
1340 8424 53.3533
1340 9079 73.2459
1341 4961 73.752
1341 6881 64.2077
1342 8331 42.1442
1342 8783 108.49
1343 3598 68.7084
1343 4244 50.9209
1343 6644 71.6173
1344 1786 32.354
1344 6473 52.8396
1345 1918 53.1985
1345 3643 15.7117
1345 5862 30.9979
1345 6888 29.6974
1346 6148 14.9665
1346 9107 36.1028
1347 2359 71.9471
1347 6263 53.7585
1347 9249 30.0362
1348 1737 65.3059
1348 2248 54.3386
1348 3237 54.9653
1349 4768 43.735
1349 6437 55.8766
1349 8675 49.2403
1350 2707 100.725
1350 8528 112.062
1350 9156 23.2283
1351 1545 59.358
1351 5635 25.9034
1351 6651 66.207
1352 1565 73.9941
1352 2021 43.9342
1352 5323 14.9738
1352 6969 25.7153
1352 9554 13.7144
1353 1539 50.5838
1353 4658 42.0718
1354 3008 117.695
1354 3231 28.3148
1354 6708 46.3453
1355 1654 65.9738
1355 3855 47.7817
1355 7697 58.2209
1355 8071 81.0653
1356 2963 93.415
1356 6790 86.7865
1356 7818 67.8796
1357 6871 71.6966
1357 8479 100.898
1357 8898 65.561
1358 3344 41.228
1358 3402 18.0974
1358 5298 55.953
1359 2206 33.1862
1359 3428 53.7744
1359 8605 38.199
1360 4044 26.9745
1360 7233 52.25
1361 2949 51.9794
1361 6262 18.8959
1361 8921 50.9524
1362 4454 75.0721
1362 6523 75.8941
1362 7561 56.9892
1363 2211 30.7037
1363 4318 73.3836
1363 8113 16.3284
1364 6725 59.5008
1364 7507 69.4098
1365 1439 97.3817
1365 2353 54.2732
1366 1877 103.798
1366 6227 74.7066
1367 3938 87.3135
1367 6490 30.8011
1367 7245 57.5097
1367 8238 48.7414
1368 2829 11.5042
1368 4975 32.0227
1368 5712 56.0629
1369 3635 95.653
1369 5782 24.6257
1369 6518 22.144
1370 4174 37.1577
1370 5251 74.2298
1370 6805 74.1756
1370 7289 55.3935
1370 8329 67.9372
1371 5516 36.4041
1371 5832 86.848
1371 7169 42.8546
1371 7449 79.4674
1372 4571 100.146
1372 6306 124.776
1372 8497 77.5887
1373 3665 13.5364
1373 9244 64.5003
1373 9318 72.1646
1374 3874 76.5881
1374 4748 19.3826
1374 6060 59.7855
1374 7107 19.3344
1374 7597 70.3434
1374 9253 60.8488
1375 2698 43.6183
1375 5076 81.0051
1375 6504 71.9336
1376 1530 41.211
1376 2609 128.954
1376 3819 85.5051
1377 5261 47.8736
1377 7211 59.4251
1378 5214 55.2319
1378 7040 30.7709
1378 7393 59.0164
1378 9343 75.3209
1379 2291 68.9067
1379 3291 68.4093
1380 5460 69.9947
1380 7399 129.841
1381 3045 47.1487
1381 3289 54.134
1381 6726 42.8908
1381 9510 78.7123
1382 3241 4.49003
1382 5844 33.9043
1382 8120 47.9428
1383 2877 13.8379
1383 4410 13.146
1383 8385 44.3031
1384 1606 54.1568
1384 2892 48.267
1384 5734 19.8673
1384 7913 98.324
1385 3031 95.9166
1385 3995 59.3996
1385 8005 45.374
1386 3694 130.666
1386 7103 54.179
1386 8258 80.8018
1386 8929 102.826
1386 9011 44.855
1387 6115 20.7256
1387 7089 98.0102
1387 7780 77.1959
1388 3102 74.7334
1388 3155 19.1609
1388 5666 117.068
1388 5989 53.0452
1388 7242 94.9978
1389 1702 61.4483
1389 1765 60.2344
1389 1794 47.8344
1389 2455 100.71
1389 6716 52.503
1389 7776 67.8694
1390 2932 37.4352
1390 4614 30.3621
1390 8996 46.7638
1391 2915 34.3035
1391 4072 119.265
1391 8787 102.453
1392 2506 103.19
1392 2533 17.6644
1392 4707 107.93
1392 5235 73.0558
1393 1910 106.471
1393 6166 115.039
1394 3990 78.0696
1394 6363 82.5489
1395 5096 13.7799
1395 6856 109.598
1396 2599 44.5155
1396 5218 14.4346
1396 5807 59.8682
1397 6350 23.811
1397 7636 62.0972
1397 8977 82.6372
1398 2039 32.1417
1398 2734 63.3784
1398 5850 111.695
1399 2491 22.9302
1399 5553 20.6886
1399 8232 71.4203
1400 4502 44.5655
1400 5033 75.4796
1400 5367 23.7217
1400 7054 28.1139
1401 2197 29.3908
1401 3134 63.3811
1401 5060 63.0296
1402 3613 74.8899
1402 7089 14.8257
1402 9195 86.9475
1403 2606 14.1476
1403 3630 65.6087
1403 4152 36.3047
1403 9110 75.1448
1404 5295 84.5764
1404 5697 29.0394
1404 8116 76.8293
1405 4670 74.8139
1405 7601 40.1056
1405 8685 99.8014
1405 8799 26.9594
1406 1473 59.7201
1406 1712 30.6229
1406 5170 40.052
1406 6965 43.681
1406 8274 78.5261
1407 1619 66.8576
1407 4171 66.8964
1407 5637 68.0265
1407 6140 142.249
1408 2375 76.3659
1408 6157 97.1578
1408 7281 68.9759
1408 7400 72.0881
1408 8820 78.4227
1409 3502 21.1384
1409 6241 49.0807
1409 6447 22.7266
1409 8204 39.3676
1409 8276 24.175
1410 2481 49.2212
1410 3755 77.7564
1410 5526 93.3551
1410 7276 57.5864
1410 9496 14.2514
1411 1688 24.2856
1412 2858 102.858
1412 4462 91.9181
1412 8088 100.889
1412 5633 61.5989
1413 3407 58.8124
1413 4388 51.9511
1413 8022 88.9717
1414 3690 44.2954
1414 9375 25.2973
1415 2749 48.3435
1415 4066 84.2839
1415 7159 48.6524
1416 1973 69.0759
1416 4043 34.9432
1416 4899 103.417
1417 3400 37.2312
1417 6143 20.4173
1417 6777 80.0833
1417 8558 23.6983
1418 1622 51.1224
1418 1710 68.8481
1419 4909 96.8295
1419 8548 43.2515
1420 3185 42.5605
1420 4457 14.254
1421 5165 36.6856
1421 8137 53.5877
1421 8308 75.7613
1421 8411 66.6681
1421 8727 47.5239
1422 1493 36.3171
1422 2091 50.9149
1422 2471 26.3831
1423 7233 69.8686
1423 8056 39.0841
1423 9419 42.2009
1424 2239 42.9192
1424 4572 49.9262
1424 5636 94.6016
1424 6774 49.9444
1425 2973 51.8443
1425 9368 48.5981
1427 4297 9.11148
1427 6305 35.2005
1427 9137 38.5056
1428 1484 51.4135
1429 3582 42.2266
1429 3726 55.7937
1429 5884 67.1047
1429 6092 65.9693
1430 1460 14.3841
1430 7157 65.4485
1430 7315 51.296
1431 7063 110.733
1431 7634 111.911
1431 7993 121.049
1432 1582 64.5071
1432 3672 64.5104
1432 8597 50.1467
1432 8614 64.7747
1433 2911 43.5454
1433 7821 60.2798
1433 8675 43.5475
1434 1919 38.8187
1434 5283 105.356
1434 6750 91.4595
1434 7694 24.2612
1435 4290 44.2483
1435 4379 89.9025
1435 7559 57.0525
1436 2930 10.4354
1436 8013 36.6359
1436 8121 35.0986
1436 8152 40.1716
1437 4313 56.5152
1437 5493 39.7628
1437 7859 51.1599
1437 8833 64.7445
1438 2490 62.9105
1438 3576 110.922
1438 4584 102.223
1438 8021 103.725
1438 9144 87.1857
1439 2353 23.7472
1439 6347 104.776
1439 6803 63.5492
1440 3977 96.0515
1440 4885 52.2714
1440 5097 48.4852
1441 2991 27.7728
1441 6373 38.7841
1441 6960 28.3055
1441 8629 68.8589
1442 2258 35.6335
1442 2566 24.2687
1442 3347 40.3024
1442 6414 26.353
1443 4241 39.744
1443 9318 30.0497
1444 7998 41.1419
1445 5288 49.7022
1445 8036 34.1435
1446 3325 96.0373
1446 6029 57.2222
1446 9035 70.4022
1447 4977 13.4048
1447 6226 71.5655
1447 8874 59.8096
1447 9093 14.9989
1448 1881 55.4997
1448 5225 138.084
1448 7464 97.4079
1449 3754 50.4156
1449 5598 26.8154
1450 1516 34.9663
1450 1851 86.075
1450 7030 60.4086
1450 7240 90.9429
1451 3221 103.024
1451 5454 79.2524
1451 6913 69.1492
1451 7176 61.6629
1452 6339 114.87
1452 6808 110.37
1453 1933 75.1897
1453 5804 120.164
1453 7578 154.455
1454 3404 52.2219
1454 6302 64.1826
1455 1720 37.2965
1455 5089 50.5459
1455 7148 65.1134
1456 4333 39.3239
1456 6090 18.0152
1456 6971 83.314
1456 7004 90.2032
1457 3774 29.1938
1457 5575 44.9873
1457 7511 62.7573
1457 9417 77.5008
1458 2670 17.5022
1458 5053 46.8186
1458 8534 73.9316
1459 2844 31.9944
1459 2989 32.8008
1459 3296 75.556
1459 3356 36.6393
1460 7157 56.1804
1460 7315 80.626
1461 1845 26.0099
1461 4581 89.9465
1461 9495 48.9459
1462 1910 62.8123
1462 7756 65.6602
1463 5695 63.2974
1463 6971 47.8
1463 7004 74.0711
1463 7929 67.1296
1464 3510 6.81151
1464 3674 120.176
1464 6429 10.1506
1465 2971 42.7554
1465 4025 26.8998
1465 7344 117.55
1466 3346 81.6072
1466 4025 56.8673
1466 7220 59.5202
1466 7344 92.5214
1467 4128 63.0362
1467 4712 42.4248
1467 5316 41.9174
1467 8861 76.5543
1468 2322 52.0912
1468 3287 5.96749
1468 7579 41.1131
1468 7612 35.535
1469 2331 37.3917
1469 3350 32.4687
1469 8445 41.9366
1469 8567 31.2276
1470 1865 88.4329
1470 4399 56.2796
1470 4700 97.7669
1471 2600 54.4346
1471 2621 72.3421
1471 3917 100.534
1471 9483 54.2959
1472 1768 38.9237
1472 2009 48.1436
1472 6014 74.3921
1473 2453 77.733
1473 2847 80.2045
1473 6885 98.3876
1474 4233 73.216
1474 7467 95.5612
1474 9211 109.599
1475 4470 55.7698
1476 5208 20.6095
1476 5488 33.8018
1476 7668 43.0029
1477 2429 72.8117
1477 3580 84.8208
1477 7110 48.4807
1478 2595 61.5759
1478 5104 39.7844
1478 8099 50.8104
1479 7296 65.3859
1479 8972 53.0474
1480 3622 51.8058
1480 6714 52.1419
1480 7887 57.5786
1480 9170 80.6149
1481 3891 16.6599
1481 5754 38.9445
1481 7355 81.1134
1481 9115 43.4758
1482 2120 46.5697
1482 4715 36.4742
1482 7942 54.4638
1483 1772 26.16
1483 8778 35.0691
1484 8491 39.9744
1485 2527 62.9896
1486 2540 50.0176
1486 4021 66.633
1486 5958 23.246
1486 8504 56.5065
1487 2222 112.842
1487 2693 35.6066
1487 6818 109.547
1488 3780 60.1797
1488 5761 59.8138
1488 5924 102.977
1488 7902 56.758
1489 2383 82.615
1489 3115 76.6751
1489 4237 26.6614
1489 7072 58.6553
1489 9443 8.06593
1490 3767 36.5393
1490 6756 51.1967
1490 8714 56.1198
1491 3944 53.7097
1491 4992 38.668
1491 6674 40.6771
1492 2957 42.8207
1492 5157 25.4236
1493 2091 60.9644
1493 2471 26.0746
1494 4581 27.8394
1494 9236 44.6697
1495 7680 65.9545
1496 3803 62.6707
1496 4349 89.494
1496 6002 105.266
1497 1917 77.9476
1497 4271 144.47
1497 5586 72.5016
1497 7573 114.612
1498 6383 11.5582
1498 6422 59.8774
1498 7797 31.3548
1499 2292 63.1594
1499 4841 90.8823
1499 5607 51.4411
1499 5700 113.615
1500 5267 56.8249
1500 5271 53.2298
1500 8408 101.027
1500 9563 43.3801
1501 4082 89.3535
1501 5874 31.945
1501 9286 43.9853
1502 1734 42.3193
1502 6217 76.5284
1502 7635 53.0773
1502 8570 26.4945
1503 2345 44.3225
1503 8040 52.7915
1504 3455 16.0386
1504 3873 106.95
1504 5995 66.5813
1504 7661 93.9347
1505 5483 34.608
1505 5780 48.2332
1505 6531 139.867
1506 1892 42.2154
1506 2787 81.2794
1506 4883 115.995
1507 2771 63.0563
1507 3038 66.9984
1507 3349 71.2413
1507 7026 93.6435
1508 4808 44.3521
1508 6399 37.4272
1509 3560 31.1062
1509 6378 121.686
1509 9396 47.8784
1510 6036 37.2108
1510 7679 37.1338
1511 5590 58.4573
1511 8459 2.94128
1511 9479 50.1615
1512 1881 89.0631
1512 2794 72.2489
1512 4638 42.7402
1513 1604 80.0541
1513 4406 94.7118
1513 7622 36.2154
1514 3741 126.891
1514 5259 102.894
1514 8761 92.6378
1515 3282 57.5003
1515 4782 32.9404
1515 5095 75.8956
1515 5374 13.9623
1516 1851 45.307
1516 7030 60.8962
1516 8108 56.577
1517 7944 108.151
1518 4771 53.0608
1518 5512 67.857
1518 6385 67.9157
1518 9147 93.5127
1519 3759 67.3063
1519 4110 35.7129
1519 6829 45.4448
1520 2602 47.8333
1520 4574 55.3725
1520 9476 34.6066
1521 4279 17.7943
1521 7885 61.677
1521 9324 29.2469
1522 8489 58.3406
1522 8836 10.9892
1523 2406 40.1075
1523 5951 32.3339
1523 8424 49.1885
1523 9079 99.6755
1524 2121 62.9765
1524 5392 53.1686
1524 6639 63.0124
1524 9259 112.926
1525 1705 46.2844
1525 4878 94.9545
1525 5138 88.0853
1525 7472 28.0152
1526 2492 35.2522
1526 3932 43.3876
1526 6346 15.8781
1526 6557 32.1497
1527 1562 37.8
1527 8753 64.1523
1527 9395 38.5496
1528 3026 50.5453
1528 4745 60.6422
1528 5999 55.7933
1528 9602 50.8498
1529 3397 111.959
1529 3604 21.2779
1529 5887 43.5975
1530 9027 131.475
1531 5557 66.9065
1531 5717 27.2031
1532 1743 82.1491
1532 7811 61.3705
1532 9066 88.8557
1533 2557 61.5064
1533 3540 117.681
1533 5049 26.8169
1534 4779 76.574
1534 5184 110.159
1534 7648 73.9709
1535 1814 56.5827
1535 2942 81.7002
1535 3203 67.46
1535 5160 87.2439
1535 8627 60.5987
1536 3364 119.901
1536 8257 98.5524
1536 8848 82.1236
1537 4450 74.7489
1537 5730 47.3265
1537 8721 64.2661
1538 5689 46.456
1538 8491 60.6877
1539 4658 52.61
1540 2294 46.8341
1540 3733 24.4706
1540 3950 21.7842
1540 4925 33.5925
1540 7254 46.5903
1540 9425 80.4039
1541 3377 48.7341
1541 3954 27.9914
1541 6021 89.2556
1542 3392 23.1312
1542 3968 61.0838
1542 7522 38.1359
1543 2666 51.0877
1543 8333 30.2803
1543 8337 23.6704
1544 2452 32.0702
1544 3519 141.898
1544 7562 47.423
1544 8240 82.6631
1545 2053 90.6915
1545 5635 20.2307
1545 6651 64.1888
1546 7492 105.717
1547 1700 68.1329
1547 2801 102.14
1547 8046 61.4832
1548 6985 27.9615
1548 7770 56.9112
1549 6121 71.381
1549 9032 79.6849
1549 9100 77.3309
1550 1756 37.5711
1550 6928 107.772
1551 2508 40.8737
1551 6574 30.5845
1552 5150 64.2531
1552 8314 99.6551
1552 8420 52.4376
1553 1630 83.5712
1553 4898 61.9714
1553 6978 159.296
1554 2612 82.3793
1554 5266 37.1716
1554 5465 28.2747
1555 3591 75.5733
1555 5358 77.8201
1555 6428 60.4483
1555 7079 54.7707
1556 4769 42.2425
1556 5406 24.841
1556 5786 46.7448
1556 6848 30.4914
1556 8818 68.9623
1557 7360 63.8438
1557 8139 63.4731
1557 9060 62.3418
1558 4115 66.6277
1558 4282 97.5647
1558 4957 77.2138
1559 4137 32.9546
1559 6642 21.0958
1560 1828 96.3827
1560 6356 58.8894
1561 5899 26.4341
1561 8783 59.3457
1561 9299 41.6554
1562 4793 56.1397
1562 5092 60.3836
1563 2169 19.3079
1563 3927 81.3712
1563 9589 74.8366
1564 3698 51.6215
1564 4403 48.9867
1564 4447 56.5776
1564 6580 46.958
1564 6945 32.5435
1565 4261 67.795
1565 9554 42.1838
1566 2666 112.067
1566 3436 118.808
1566 6545 84.1375
1567 4680 91.1669
1567 5971 98.4844
1567 9199 66.9962
1568 1707 24.4655
1568 2149 24.4614
1568 8653 67.9399
1569 2528 33.6377
1569 5118 89.661
1569 8556 68.6141
1569 9445 96.4365
1570 1689 30.3764
1570 4483 70.7775
1570 6105 47.5302
1571 2819 99.782
1571 5569 4.94219
1571 6185 27.52
1571 9276 121.794
1572 6444 53.6656
1572 6454 84.2513
1572 8797 36.4139
1572 8849 76.2038
1573 8761 52.1116
1574 3238 54.9632
1574 4140 9.06252
1574 5549 25.2812
1575 2304 104.264
1575 4832 78.6666
1575 7610 66.985
1575 9206 21.239
1576 2251 47.297
1576 5101 63.8593
1576 5468 48.1847
1576 5571 64.9458
1576 6296 31.6088
1577 1600 46.844
1577 4674 65.5047
1577 6483 21.5306
1577 7582 104.487
1578 2230 59.6552
1578 2335 57.7407
1578 3938 66.9515
1578 8238 32.3739
1579 3129 59.5983
1579 8830 22.7503
1580 2779 77.0561
1580 4663 54.1209
1580 5022 139.186
1580 9429 43.7152
1581 5679 47.6986
1581 6498 55.6386
1581 7144 93.0031
1581 8798 109.424
1582 3672 78.1057
1582 6956 93.2178
1583 6681 85.3195
1583 7783 104.371
1583 8538 66.4162
1584 3856 91.768
1584 3997 28.619
1585 1819 44.9391
1585 2974 25.6261
1585 3127 45.406
1586 8711 145.705
1586 9221 32.3296
1586 9511 122.912
1587 3573 38.4934
1587 4111 73.7784
1587 5396 31.3282
1587 7692 76.7551
1587 8881 65.3089
1588 3752 40.9283
1588 4739 17.6812
1588 5112 25.0121
1588 8631 22.3232
1589 1797 13.3921
1589 2159 65.2931
1589 6020 87.1529
1590 2717 54.7547
1590 3030 67.2582
1591 2537 92.2211
1591 6067 94.7555
1591 7208 67.978
1591 9064 44.0202
1592 2453 101.348
1592 6885 74.4238
1592 8791 61.6343
1593 4513 58.6007
1593 4541 7.3079
1593 8461 42.7608
1594 2333 54.8037
1594 3045 97.3785
1594 7546 133.773
1594 8701 48.2727
1594 9510 85.8563
1595 3574 66.0563
1595 4336 43.2597
1595 4587 32.0173
1596 2986 45.2983
1596 4701 60.6792
1597 2656 117.392
1597 2802 110.029
1597 7884 69.1113
1598 1798 64.7758
1598 3548 80.1098
1598 8032 45.2229
1599 2028 61.6796
1599 4533 72.6413
1599 6782 28.713
1600 4674 26.508
1600 6483 58.7584
1600 9515 72.4663
1601 2575 83.1717
1601 4963 56.9625
1601 7324 58.4646
1601 9065 35.764
1602 2783 91.3358
1602 6568 90.8361
1602 8433 102.48
1602 9418 102.965
1603 2437 79.0414
1603 3926 78.1383
1603 4086 39.2333
1604 4406 74.3879
1604 5012 99.2303
1604 7622 164.949
1605 6653 62.27
1605 7989 73.0976
1605 8126 72.6326
1605 8338 25.5493
1605 8866 64.5768
1606 5734 91.7442
1606 7913 27.1176
1607 5353 77.663
1607 8133 43.9728
1608 3283 27.2683
1608 8042 30.2288
1608 8831 74.0454
1609 2436 87.1465
1609 3568 60.8166
1609 5390 62.422
1609 5507 38.7812
1610 6844 8.62404
1610 8823 48.6506
1610 9005 38.0803
1611 1820 66.8321
1611 3240 75.5368
1612 3842 63.8412
1612 8636 76.5356
1613 3461 46.4736
1613 7866 32.8865
1613 8145 67.0674
1614 2671 27.8262
1614 7125 17.4709
1614 8902 81.101
1615 3096 19.0123
1615 6083 86.8605
1615 9105 109.071
1616 2388 32.4891
1616 2403 38.3271
1617 4583 75.0504
1617 6514 78.4617
1617 7131 46.0625
1618 3342 17.8948
1618 7230 25.9915
1618 7235 30.105
1619 4171 62.3861
1619 5637 14.5554
1619 9246 48.4389
1620 2153 16.6359
1620 2358 26.8808
1620 3162 20.145
1620 8175 45.3811
1620 8742 55.4704
1621 1932 23.1879
1621 6740 62.3907
1621 8239 48.1748
1622 1710 57.0847
1622 7990 72.5798
1623 4384 16.2952
1623 8481 74.2816
1624 5297 74.5601
1624 6942 70.0451
1624 9314 85.0878
1625 1982 69.839
1625 4871 74.9026
1625 7826 98.9879
1626 2107 75.5552
1626 5781 43.7561
1626 8091 43.2529
1627 7163 57.3728
1627 8826 110.857
1627 9442 82.5557
1628 2823 56.3277
1628 4269 39.0076
1628 6008 25.0854
1628 6332 78.5528
1628 7510 52.0702
1629 2372 32.4476
1629 7868 7.89762
1629 8196 43.2763
1629 9530 31.3014
1630 4877 55.8741
1630 5783 83.5713
1630 9040 36.8578
1631 5341 76.2587
1631 7416 113.85
1632 2054 27.8769
1632 3437 39.2133
1632 6238 98.05
1632 8102 41.7573
1632 8988 33.2947
1633 3986 83.2465
1633 7363 99.4265
1633 8621 118.34
1634 5030 80.241
1634 6895 53.3277
1635 3757 78.6809
1635 6375 39.3227
1635 6987 93.0302
1636 4570 28.5767
1636 6911 71.4366
1636 6943 50.3362
1636 9485 37.8544
1637 5855 43.8554
1637 9335 42.6385
1637 9420 37.5122
1638 3492 71.4241
1638 6351 66.0001
1638 6355 22.4885
1639 6755 75.2558
1639 8231 61.4341
1639 9100 49.6469
1640 2295 62.7458
1640 7417 44.5975
1640 7571 92.0405
1640 8852 69.5788
1641 5108 81.276
1641 6723 58.3362
1641 8107 44.1965
1642 7457 81.7796
1642 8707 69.5572
1643 2321 61.688
1643 4742 45.4179
1643 5226 43.5795
1643 7685 5.69574
1644 1855 58.4275
1644 3491 66.5538
1644 5004 16.9885
1645 3143 31.7658
1645 5450 57.0582
1645 8343 93.6313
1646 2024 40.159
1646 5351 93.4597
1647 6472 56.0373
1647 7104 12.5521
1647 7389 68.7209
1648 2631 31.3901
1648 7393 56.4223
1648 8200 77.23
1649 2817 35.5074
1649 5360 58.1415
1649 7951 70.165
1650 5941 51.6081
1650 7737 43.8592
1651 2904 29.2725
1651 2981 34.1498
1652 2660 28.7797
1652 2874 124.744
1652 4528 102.383
1652 7883 63.3456
1653 2221 47.6179
1653 9400 34.9117
1654 4980 89.4171
1654 8071 36.6819
1654 8729 53.4336
1655 2112 51.554
1655 3150 141.893
1655 4681 41.1479
1656 1926 50.0109
1656 2273 87.6908
1656 5135 57.3748
1656 7321 87.4096
1657 5115 64.335
1657 7984 82.8294
1658 2300 61.0647
1658 5660 84.7475
1659 2310 102.895
1659 3447 66.9256
1659 4849 96.1753
1660 1890 89.7677
1660 3321 50.1655
1660 8634 22.1031
1661 6800 38.3801
1662 2103 14.3316
1662 6577 43.0452
1662 7394 38.9069
1662 7603 51.7618
1663 4807 113.373
1663 6699 57.3908
1663 6801 92.9434
1663 9398 53.1682
1664 1744 96.1665
1664 3788 64.0564
1664 4183 106.457
1665 3128 45.3307
1665 3590 66.4655
1665 7331 53.0524
1666 3991 32.6326
1666 5692 47.355
1667 3781 75.0517
1667 5742 62.9554
1667 6874 20.6743
1667 8111 14.9357
1667 9319 23.0103
1667 9597 79.8878
1668 4263 75.9379
1668 7956 78.3523
1668 7980 82.3366
1669 3709 51.2681
1669 5576 42.8934
1670 2648 24.7056
1670 4332 67.1457
1670 9180 57.461
1671 2297 93.8873
1671 3236 43.3871
1671 8388 53.8392
1672 4385 80.6996
1672 5022 13.5647
1672 6859 125.933
1673 3860 92.7568
1673 4030 119.725
1673 6958 81.1026
1674 2341 83.2418
1674 2513 62.5538
1674 6748 28.6272
1675 2763 42.0665
1675 4446 84.7538
1675 5912 82.7332
1675 6711 85.824
1675 7581 95.8843
1676 3912 21.4406
1676 5932 14.0708
1676 6317 36.6716
1676 6714 55.7757
1677 2028 60.6208
1677 6958 112.149
1677 7169 78.3734
1678 2131 19.4957
1678 2225 29.8189
1678 2663 33.4579
1678 7714 54.077
1679 2214 43.3737
1679 6637 21.7025
1679 8294 16.0954
1680 3161 39.6247
1680 5048 60.6386
1680 6041 50.9216
1681 1954 29.783
1681 3744 47.9654
1681 5057 54.0988
1682 6205 27.9485
1682 9371 50.5589
1683 3050 25.95
1683 6066 68.7379
1683 7410 58.2531
1683 8687 93.6924
1684 5701 24.3324
1684 5909 56.814
1684 7632 47.4308
1684 8844 72.6594
1685 3191 32.0873
1685 5652 81.6438
1685 6427 79.3569
1685 9002 42.5891
1685 9264 48.1166
1686 2903 68.4658
1686 3201 113.159
1686 4851 104.484
1687 5661 85.3829
1688 5834 56.74
1689 2324 152.035
1689 4483 22.7829
1689 6105 62.2443
1689 7611 86.2105
1690 1832 18.8207
1690 2175 28.3186
1690 3559 16.5252
1690 3868 31.6367
1690 4131 46.7671
1691 2087 46.6115
1691 5927 29.2302
1691 6133 23.6512
1692 6242 93.3272
1692 7095 44.5328
1692 7440 86.7837
1692 8951 108.65
1693 2396 144.345
1694 4749 65.6034
1694 5156 69.1812
1694 6093 60.0708
1695 2148 74.7566
1695 2512 27.4973
1695 5509 38.8975
1695 9089 35.282
1696 4527 49.8889
1696 5145 16.7011
1696 7901 9.82334
1696 9117 74.6971
1697 3949 72.8078
1697 4829 127.274
1697 8220 62.9746
1698 2157 103.373
1698 4150 79.9112
1698 5282 59.4643
1698 8197 83.8541
1699 2787 77.841
1699 7907 74.7166
1699 8243 83.5263
1699 9408 9.44956
1700 2801 57.594
1700 8627 43.5281
1701 6730 30.5524
1702 1765 40.8544
1702 1794 71.6933
1703 2302 41.3143
1703 3789 75.2447
1703 7569 32.9546
1703 7751 51.3963
1704 3037 37.9996
1704 4455 57.02
1704 4546 49.8873
1704 9317 77.9822
1705 4955 71.4664
1705 5138 38.8578
1705 7062 64.9926
1705 7472 29.7067
1706 2213 61.747
1706 3534 71.5039
1706 4562 54.629
1707 2149 82.1854
1707 2842 54.3839
1707 8653 73.7671
1707 9386 62.8787
1708 5589 83.1094
1708 9006 12.5452
1709 3774 38.9098
1709 5575 53.9819
1709 7511 60.4783
1709 9181 67.7934
1710 7179 26.4205
1710 7990 32.2713
1711 3576 29.6925
1711 5929 6.54192
1711 6817 51.4071
1711 9144 55.891
1712 5170 8.60946
1712 6965 22.6938
1713 2625 110.009
1713 3393 53.2098
1713 5068 35.0068
1713 8655 117.107
1714 8369 32.4458
1715 2961 102.06
1715 6593 56.0167
1715 6738 109.576
1715 8488 77.1794
1716 3457 89.3463
1716 6949 39.2724
1716 7716 24.073
1717 2983 95.114
1717 6452 59.9545
1718 6649 24.5069
1718 7853 29.128
1719 7288 98.2112
1719 8383 82.9445
1719 9356 93.5039
1720 3057 28.7926
1720 5089 8.3797
1721 7911 20.0908
1721 8492 54.92
1722 2012 33.8274
1722 8734 71.5181
1722 9146 21.9007
1723 5475 23.0571
1723 7160 40.5487
1723 7181 22.4599
1723 7597 76.6718
1724 4475 73.464
1724 7317 74.6643
1724 8297 45.9674
1724 8566 24.5681
1725 7228 51.4379
1725 7927 15.8209
1725 9274 25.3064
1726 4127 61.3769
1726 7352 115.367
1726 8646 96.6858
1726 8967 62.686
1727 5859 54.6924
1727 7259 42.617
1727 7570 37.9374
1727 9545 21.4738
1728 1869 128.775
1728 8611 67.2806
1729 1772 102.43
1729 8778 37.7278
1730 5119 108.213
1730 8844 61.7066
1731 3331 144.014
1731 5260 107.053
1731 8500 9.84246
1732 2585 97.7296
1732 4964 71.8272
1732 9593 5.1558
1733 2704 18.6258
1733 4391 17.4841
1733 5431 133.016
1733 5532 84.9482
1734 5840 121.001
1734 6768 13.5154
1734 8570 45.8821
1735 2669 41.5235
1735 2824 34.193
1735 7374 49.8457
1736 3318 49.8739
1736 5446 63.1262
1737 2248 57.5564
1737 7302 52.6197
1738 6080 59.1279
1738 6257 19.1655
1738 6772 54.7613
1739 3831 82.8072
1739 5403 79.9915
1740 5822 42.5996
1740 7021 13.6506
1740 8885 28.8023
1740 9162 49.2381
1741 8775 65.7791
1741 8798 70.2787
1741 8849 96.8732
1742 3236 88.7295
1742 6049 9.2911
1742 7311 54.7727
1742 9361 44.8802
1743 7447 74.4744
1743 9066 107.575
1744 2061 77.063
1744 3614 57.7209
1744 3788 48.5052
1744 4575 72.1498
1744 9256 40.6173
1745 1971 60.7479
1745 4726 78.304
1745 7010 55.815
1745 7774 61.6626
1745 8119 69.9878
1745 8864 91.5538
1746 3149 73.3325
1746 4539 56.9194
1746 6972 56.09
1746 7030 31.7069
1747 5080 62.3787
1747 7862 42.8629
1747 8539 66.9169
1748 5094 74.7428
1748 6679 47.7098
1748 8289 22.49
1749 5024 60.9579
1749 5098 68.883
1749 7293 92.6524
1750 2416 52.2196
1750 5194 52.7676
1750 5609 54.7814
1751 3488 78.1681
1751 5605 54.1431
1751 5677 27.3246
1751 7657 103.763
1752 5074 29.3421
1752 5510 99.6564
1752 8702 72.4109
1753 7421 96.9766
1753 8958 86.6542
1753 9158 106.112
1754 1818 41.7504
1754 2040 47.8103
1754 7428 63.8572
1755 4859 31.897
1755 5381 18.7527
1755 9388 26.0202
1756 2146 88.8865
1756 5184 66.5041
1756 8242 60.9371
1756 8246 53.7781
1757 2728 39.6662
1757 3589 91.5333
1757 7300 64.5543
1757 8168 146.411
1757 8535 47.0749
1758 2852 53.5026
1758 2938 92.9973
1758 8895 83.6991
1759 3198 31.3687
1759 4196 68.8224
1759 6287 80.5058
1759 8370 84.1131
1759 8580 8.39384
1760 4378 67.542
1760 5758 83.074
1761 1987 71.2363
1761 5054 91.197
1762 2784 90.8877
1762 3742 50.3742
1762 7039 66.6262
1763 3791 59.8784
1763 4540 57.7069
1763 4796 40.9138
1763 8369 31.8083
1764 4406 86.5943
1764 8348 86.8439
1765 6703 84.9529
1766 2921 58.4814
1766 4539 41.2236
1766 7240 61.0616
1767 2952 87.4959
1767 3140 26.5516
1767 6635 61.7003
1767 7918 116.177
1768 4450 34.602
1768 6014 74.7594
1768 8721 23.9408
1769 2330 107.426
1769 6007 75.1986
1769 9255 53.3586
1770 1786 78.4435
1770 5599 67.6188
1770 6200 76.3659
1771 2910 38.0682
1771 6645 109.046
1771 8857 47.6196
1772 8778 57.1176
1773 3681 7.31554
1773 5992 52.5104
1773 8050 105.149
1773 9273 72.7478
1774 3174 85.4124
1774 3213 55.2355
1774 3259 84.0685
1774 7337 60.5537
1775 1941 36.7181
1775 3992 65.4849
1775 5528 26.9191
1775 5663 42.7228
1775 6798 33.3525
1776 1952 73.5265
1776 3044 64.9438
1776 8557 45.8353
1777 1831 35.9112
1777 6712 59.2362
1777 8615 52.634
1778 2306 61.5423
1778 2934 28.2844
1778 8273 61.2965
1779 1929 111.652
1779 2312 156.862
1779 4017 41.3053
1779 4036 80.1556
1779 7099 41.0638
1779 8440 73.5692
1780 4714 17.2681
1780 6405 41.6321
1780 9444 25.3421
1781 2066 31.3022
1781 2769 13.9037
1781 4427 67.5052
1781 4888 48.2534
1782 5419 87.0454
1782 5934 15.1398
1782 6855 102.11
1782 8352 30.3987
1782 9080 98.7555
1783 3299 87.205
1783 3729 66.2238
1783 5275 78.0745
1784 3218 87.1758
1784 4613 25.3187
1784 5146 60.8893
1784 5217 17.3879
1785 3002 49.3024
1785 6380 9.71924
1785 9573 32.0082
1786 6473 84.2649
1787 4687 91.1004
1787 6516 59.9386
1787 6757 80.5741
1787 7712 47.8885
1788 3158 9.20895
1788 3657 58.3715
1788 4561 63.364
1788 7798 66.9216
1789 6087 64.7166
1789 6271 34.7997
1789 8367 24.0311
1789 9402 21.8929
1790 2551 47.3518
1790 4810 40.2017
1790 7305 55.3374
1790 7335 89.7613
1791 4902 50.4773
1791 7515 83.916
1791 9506 53.0052
1792 3108 59.4633
1792 3981 29.434
1792 5904 54.6394
1793 2534 50.0901
1793 5366 45.7616
1793 8574 50.5635
1793 8878 16.1194
1794 5600 70.3097
1794 6716 24.5433
1794 7776 41.5709
1795 2011 37.0988
1795 3150 86.2613
1795 4484 27.8199
1795 5451 132.096
1796 3739 126.354
1796 3937 19.8943
1796 5639 63.2693
1796 6519 25.2823
1796 9215 90.0088
1797 2479 70.3453
1797 5302 65.8573
1797 6020 88.3322
1798 2097 48.2475
1798 8032 48.0779
1799 1852 71.5531
1799 2790 21.9084
1799 4105 39.3915
1799 6417 14.8873
1799 7244 90.8957
1800 2307 54.8315
1800 4087 51.9054
1800 5435 49.2432
1801 2864 38.5679
1801 6822 40.1808
1801 7339 61.8313
1802 3144 92.2831
1802 5304 40.0766
1802 6813 52.0681
1803 5799 67.373
1803 6243 47.5146
1803 7453 31.601
1804 1833 64.9749
1804 2703 59.3414
1804 8740 95.7437
1805 6332 96.4894
1805 7363 71.3797
1805 7538 44.7181
1805 8601 14.9745
1806 2060 63.936
1806 4720 45.8558
1806 4766 37.568
1807 4667 68.3349
1807 6654 77.0994
1807 7082 63.0746
1808 2588 64.8589
1808 3935 53.0496
1808 7476 43.9112
1809 5879 15.5086
1809 6465 43.6356
1810 3487 55.1758
1810 4072 93.8982
1810 5564 71.1776
1810 6338 68.1445
1811 2651 77.6079
1811 6673 71.8472
1811 9553 56.2147
1812 3636 38.975
1812 3660 104.997
1812 3781 37.2362
1813 4509 22.9191
1813 7726 49.9903
1814 5350 28.4684
1814 7176 27.685
1815 4422 66.7492
1815 5008 45.3681
1816 4615 72.9023
1816 5785 106.544
1816 5806 17.3419
1817 2214 35.3658
1817 3248 33.3128
1818 2040 52.0529
1818 7428 48.1812
1819 2974 4.93502
1819 5300 30.4263
1819 7152 87.0965
1820 3361 105.758
1820 7072 126.907
1821 1936 18.9821
1821 6022 28.5147
1821 8340 35.645
1821 8692 58.9972
1822 2089 22.459
1822 2905 84.7733
1822 4889 60.7182
1824 4656 44.6322
1824 5083 16.2128
1824 8604 79.5974
1825 1935 114.335
1825 4804 32.8952
1825 7810 95.0941
1826 2522 59.0194
1826 6298 83.7018
1826 9222 25.5015
1827 6669 54.1196
1827 6840 78.7771
1827 7607 90.6348
1828 8676 103.067
1829 3763 42.1427
1829 4723 33.1396
1829 4896 80.4214
1830 1990 63.8459
1830 2689 68.4546
1830 5271 20.5299
1830 8397 23.5382
1831 6712 75.242
1831 8615 62.7992
1832 3559 19.0551
1832 4131 53.5933
1833 3088 87.2105
1833 4578 55.3984
1834 2045 45.3008
1834 5906 67.919
1834 8229 59.4886
1835 2163 52.7971
1835 3494 67.8293
1835 8007 51.0741
1835 8381 40.6427
1836 3295 33.2726
1836 3822 20.2831
1836 8451 35.4293
1837 4120 28.6918
1837 7574 62.0639
1837 9309 49.1947
1838 3835 76.0463
1838 5816 66.0756
1838 7924 161.281
1838 8533 96.2875
1839 2885 50.9781
1839 5156 53.4768
1840 8893 61.5268
1840 9447 49.2875
1841 2356 98.675
1841 3699 117.11
1842 2225 24.2894
1842 9571 94.7716
1843 4380 61.9289
1843 7205 78.685
1843 8539 51.2121
1844 2563 47.8164
1845 4581 68.6291
1845 9495 9.51717
1846 3692 55.0266
1846 5984 50.1182
1846 8222 40.2605
1847 2216 78.8754
1847 2278 84.6614
1847 2315 69.9025
1847 9048 64.0372
1848 5601 69.9028
1848 9590 96.9673
1849 2952 33.8922
1849 6635 68.6001
1849 7361 66.0334
1850 2576 45.3125
1850 2871 25.5475
1850 5229 84.819
1850 7610 50.0469
1851 8108 31.165
1852 4105 69.1154
1852 4685 41.3577
1853 2592 68.7019
1853 4208 83.3965
1853 7448 17.9739
1854 2784 25.9983
1854 5787 36.7168
1854 7592 27.6296
1855 3491 62.7136
1855 4098 45.3716
1856 3607 70.88
1856 5912 89.306
1856 6793 52.0649
1856 8573 90.8106
1857 6223 62.9166
1857 9389 95.669
1858 7196 52.8829
1859 2554 53.2926
1859 5844 70.5929
1859 8120 35.244
1860 4011 68.4789
1860 6315 112.388
1861 5805 54.6154
1861 6172 98.9884
1861 6695 52.2923
1861 9224 89.9226
1862 4528 56.3101
1862 7274 85.2886
1862 7883 82.0771
1863 2137 50.5076
1863 3185 47.8708
1863 4933 15.505
1863 8082 11.7588
1864 3212 47.7629
1864 6366 44.4335
1864 9502 59.0122
1865 3497 81.5464
1865 4700 69.3416
1866 6535 17.2501
1866 7801 64.7648
1866 8787 57.6088
1866 9043 21.4041
1867 2420 110.821
1867 5686 77.1767
1868 3830 11.188
1868 5746 103.396
1868 7192 81.0509
1869 2908 82.8828
1869 4122 96.6267
1870 3156 77.955
1870 4031 86.1715
1870 4149 80.4489
1870 7387 70.5239
1871 3136 64.6359
1871 3930 86.2755
1871 5833 116.735
1871 6335 13.6778
1871 7738 62.6465
1871 9007 45.4775
1872 4248 62.3996
1872 8617 93.7687
1873 2226 43.8582
1873 5013 64.163
1873 6208 73.5543
1874 5297 41.9041
1874 7039 107.544
1874 8504 57.6237
1875 3897 41.8585
1875 4752 62.6172
1875 5624 14.6658
1875 6098 30.8825
1875 7202 56.3293
1876 7267 104.162
1876 7503 56.2822
1876 8055 126.538
1877 3835 63.3329
1877 7261 74.5077
1878 4224 55.3035
1878 6769 62.8929
1878 8906 65.4952
1879 2270 18.3827
1879 3189 85.8949
1879 7424 41.5124
1879 9182 24.901
1880 3678 37.8377
1880 7822 55.005
1880 8066 109.933
1881 4638 68.0491
1882 5990 113.231
1882 6107 51.8213
1882 8179 59.8535
1883 4992 73.2265
1883 8764 33.2651
1883 9275 72.1276
1884 3048 64.7516
1884 3970 17.9537
1884 5676 41.8258
1885 3366 62.5737
1885 5196 45.6998
1885 7234 151.356
1885 8496 36.8224
1886 5007 45.088
1886 6251 81.9711
1886 8418 24.1886
1887 4630 71.3666
1887 5371 35.4406
1887 7734 79.9338
1887 9428 47.7268
1888 6353 68.2584
1888 6733 45.6898
1889 2317 37.1136
1889 3251 41.5699
1889 5382 32.5255
1889 8325 95.1721
1890 2699 84.0334
1890 6244 58.4993
1891 7598 79.3846
1891 7796 69.0011
1891 7993 152.92
1892 4883 48.3123
1892 7377 70.6476
1893 3004 29.2792
1893 3710 63.878
1893 7470 44.4212
1893 8762 66.4971
1894 5837 28.9327
1894 7442 22.1228
1894 7471 51.379
1895 6498 71.4299
1896 5547 33.2913
1896 9142 56.922
1897 3413 14.1698
1898 4490 37.6478
1898 5362 51.1179
1898 7534 25.4987
1899 5493 73.1924
1899 5539 57.3985
1899 9186 89.3737
1899 9528 68.9394
1900 7812 28.9584
1900 9527 54.0921
1901 4000 27.9244
1901 8507 11.9847
1901 8574 52.1516
1902 2604 120.385
1902 5836 60.8138
1902 8758 78.14
1903 3692 80.6294
1903 4921 36.9258
1903 5984 41.737
1903 8222 67.0335
1904 6442 57.1655
1904 7614 54.6431
1905 2848 41.473
1905 2913 76.6314
1905 5066 72.9488
1905 8247 55.5781
1906 4383 111.156
1906 4434 56.5766
1906 8254 111.579
1907 3875 138.519
1907 6687 64.4173
1907 6707 80.672
1908 4460 83.9498
1908 5238 65.8642
1908 6159 50.3624
1908 6378 147.965
1909 3127 23.8803
1909 4119 42.0103
1909 8049 27.7161
1910 7756 76.9223
1911 3684 132.962
1911 6488 79.7314
1911 8812 94.8162
1912 4996 53.8569
1912 6333 57.385
1912 6870 124.232
1913 2454 3.37401
1913 3594 52.7653
1913 4675 45.4019
1913 8262 44.4342
1914 3066 54.2453
1914 3804 67.1725
1915 2633 59.7559
1915 3182 47.1092
1915 5231 88.0173
1915 9430 101.147
1916 3899 54.071
1916 8100 4.16841
1916 8419 59.5603
1916 8600 46.3359
1918 4359 61.1675
1918 6307 53.7554
1919 6533 115.391
1919 6750 82.0224
1919 7694 58.9073
1920 4137 107.628
1920 4653 84.275
1920 7224 39.0309
1921 3224 73.748
1921 5742 49.4808
1921 8111 105.987
1922 2210 122.536
1922 5705 99.6528
1922 8453 100.53
1923 3012 29.4116
1923 7337 105.531
1923 7664 31.2818
1924 8202 76.7892
1925 3640 13.3301
1925 4344 20.6741
1925 7524 58.9326
1925 8701 75.5713
1926 2733 50.966
1926 5135 67.0397
1926 5823 39.4709
1926 7351 51.5302
1927 6606 66.8293
1927 7434 19.3285
1927 7811 51.0727
1928 6921 51.0811
1928 7373 45.7655
1929 4036 51.3592
1929 5431 30.7521
1930 2465 9.73184
1930 3944 78.0444
1930 8267 74.1683
1931 4408 88.7126
1931 5433 30.1927
1931 5994 116.83
1932 3362 51.8502
1932 6740 57.0032
1932 8239 26.2816
1933 5804 136.441
1933 6808 84.9553
1934 2110 58.7383
1934 2965 105.509
1934 3339 56.7646
1934 4958 43.9065
1935 4804 91.6704
1935 6871 37.7806
1935 7810 43.0698
1936 4786 47.0649
1936 6022 26.403
1936 8340 25.0893
1936 8692 56.1857
1937 4683 48.1743
1937 6132 50.59
1938 2264 92.7922
1938 3253 20.0976
1938 6839 23.3157
1938 8665 48.4706
1939 3123 41.8846
1939 3805 50.8359
1939 4885 43.1571
1939 9053 67.5546
1940 2439 63.9446
1940 3495 26.0286
1940 5023 54.159
1940 8360 81.6789
1940 9562 19.98
1941 3992 34.8482
1941 4608 87.1497
1941 6798 40.6117
1942 3808 84.8671
1942 4360 76.563
1942 9433 22.4822
1943 8140 11.4152
1944 2367 23.9418
1944 3538 85.5143
1944 5764 101.841
1945 4439 123.956
1945 6081 78.9841
1945 8109 67.0293
1946 3486 77.5092
1946 5351 93.3704
1946 8625 53.2741
1946 8830 66.5666
1947 7590 72.8389
1947 9032 52.8754
1948 2374 16.2197
1948 3225 64.018
1948 8651 34.7703
1948 9568 60.5473
1949 2094 19.5117
1949 2603 46.7932
1949 4107 67.7768
1949 4567 95.3543
1949 8426 61.1871
1949 9102 105.958
1949 9383 44.6196
1950 2235 60.5996
1950 4262 33.3208
1950 6581 54.1943
1951 4368 69.3256
1951 6138 65.7583
1951 6781 25.3371
1952 3044 105.907
1952 8557 9.2113
1953 2321 42.2231
1953 2725 54.5139
1953 3446 27.5678
1954 4190 107.507
1954 5057 68.439
1954 6004 68.0075
1955 2449 73.8997
1955 4104 90.7928
1956 4659 89.2466
1956 6054 84.8911
1956 8029 119.539
1957 4291 64.1769
1957 4499 51.2819
1957 8455 76.2624
1958 2038 116.023
1958 4138 65.412
1958 5349 52.0307
1959 6264 83.6866
1959 6800 72.6458
1960 3019 88.3801
1960 8194 76.7979
1960 8933 59.4127
1961 2754 77.1801
1961 3795 37.526
1961 5242 125.909
1962 4445 88.688
1962 7685 94.4965
1962 7931 17.063
1963 7132 13.4529
1963 9547 62.2033
1964 2555 60.8038
1964 7641 87.3478
1964 8819 29.0415
1965 2504 60.1537
1965 6192 46.32
1966 2223 33.1931
1966 3235 56.3835
1966 3872 63.9552
1966 5514 98.9731
1967 3696 163.199
1967 5726 84.756
1967 6030 112.411
1967 8105 50.4977
1968 2738 71.9042
1968 2924 92.0091
1968 3097 35.3181
1968 3404 32.2981
1968 3485 38.3185
1968 6302 71.6402
1969 4471 77.4221
1969 7783 69.9265
1969 8743 60.4075
1970 5128 131.482
1970 5200 126.131
1970 6779 55.8506
1970 7306 52.0178
1971 7774 37.2966
1971 8108 99.4182
1972 3697 19.5526
1972 7860 70.5987
1973 4729 54.6147
1974 3396 59.2719
1974 5268 66.8364
1974 6797 56.544
1974 7113 60.4232
1974 7134 58.3075
1975 4242 81.4403
1975 7678 45.3631
1976 5766 32.4097
1976 6893 44.4311
1976 8230 33.9738
1976 9423 61.2863
1977 2106 41.9463
1977 2599 41.0794
1977 4928 46.6812
1977 5807 55.4049
1977 6194 16.9719
1978 5854 85.7826
1979 6456 74.3321
1979 6531 103.128
1980 4286 64.1908
1980 5982 32.1938
1980 6137 11.88
1981 3313 76.8645
1981 4257 43.5199
1982 4871 6.22004
1982 5059 71.0989
1982 6604 15.7469
1982 7826 72.083
1983 4327 52.3424
1983 6525 2.18909
1983 6719 15.094
1983 7149 6.44026
1984 2298 70.5998
1985 8088 40.4766
1985 9348 115.004
1986 2135 66.35
1986 3442 28.7189
1986 8402 57.663
1987 3301 39.2144
1987 3484 71.895
1988 4903 37.4142
1988 5088 9.97427
1988 7865 17.2923
1988 8650 38.1718
1988 9499 66.6061
1989 5054 11.9262
1989 6746 28.5845
1989 7031 36.1055
1989 8987 50.1009
1990 2344 60.414
1990 8397 72.2751
1991 2511 26.7941
1991 8877 42.1161
1991 8982 65.5207
1991 9302 53.7554
1992 4114 30.7586
1992 4176 29.5546
1992 4507 39.6486
1993 1999 111.451
1993 2904 60.6653
1993 3925 110.825
1993 4728 61.9163
1993 6981 98.1254
1993 7809 117.808
1994 4056 129.468
1994 8951 16.1852
1994 9464 129.378
1995 5915 3.67254
1995 8891 39.4556
1995 9247 48.9704
1996 3443 40.5162
1996 4441 93.0355
1996 4569 50.3698
1996 8091 59.9921
1996 8117 51.1601
1997 3255 86.9254
1997 3745 5.71635
1997 5646 21.9976
1997 8024 9.6893
1997 8735 40.8144
1998 5947 74.2042
1999 4216 95.6552
1999 6771 24.1411
1999 7996 74.1702
2000 2216 66.8135
2000 2315 62.4886
2000 5612 77.4045
2000 9022 31.3097
2001 3371 53.592
2001 5247 46.0503
2001 5633 22.3029
2002 4300 83.0633
2002 5744 54.4395
2003 2982 123.82
2003 3390 172.747
2003 7006 55.2722
2004 3776 79.0263
2004 4191 28.5856
2004 8153 71.4252
2005 2177 61.192
2005 4039 98.3143
2005 4309 53.4767
2005 7580 87.3715
2006 4761 31.5065
2007 2600 59.9549
2007 2696 47.9416
2007 8399 49.197
2007 9483 27.5148
2008 2178 29.2939
2008 3451 46.3876
2008 9304 36.7278
2009 2775 46.5494
2009 9513 61.9553
2010 6576 50.0215
2011 3150 18.8883
2011 4484 25.3605
2011 5451 69.0156
2012 2723 75.8789
2012 8734 66.4275
2012 9146 17.8388
2013 3730 56.3947
2013 5913 42.6876
2013 7204 55.6721
2014 2198 70.8136
2014 5551 93.6381
2014 8970 40.8171
2015 3211 96.8958
2015 4721 121.563
2015 7572 46.9134
2016 3423 41.5871
2016 9191 42.2929
2016 9292 9.0447
2017 4341 94.5629
2017 6633 96.1318
2017 7671 70.7082
2018 5039 31.0588
2018 5482 56.5624
2018 8976 56.1533
2018 9054 16.4187
2018 9351 66.4785
2019 5894 101.596
2019 7837 108.507
2019 8044 86.3034
2020 8586 17.5264
2021 4089 89.8157
2021 5323 40.4459
2021 6969 32.5666
2022 2176 65.1683
2022 7297 56.4663
2023 3644 33.1502
2023 5448 78.9623
2023 7793 77.0909
2023 9471 75.2295
2024 3160 58.025
2024 3486 67.8173
2025 5610 42.4457
2025 6349 74.8014
2025 6511 39.2824
2026 6667 81.2431
2026 9043 35.7829
2026 9052 73.3749
2027 3143 119.756
2027 3449 50.8556
2027 4671 90.4397
2027 5765 73.8569
2028 6782 86.4982
2029 3111 34.996
2029 3285 60.6635
2029 3982 67.0405
2029 5831 41.0971
2030 3923 45.1863
2030 9357 112.823
2031 6992 188.212
2031 7207 63.7619
2031 8900 132.148
2032 4189 78.3496
2032 4953 56.1919
2032 8457 78.8844
2033 2826 50.5422
2033 3434 64.0325
2033 8732 115.361
2034 5250 15.9187
2034 5368 107.048
2034 5640 68.1558
2034 6717 30.4488
2035 3135 51.6693
2035 3570 67.9156
2035 8594 49.9488
2036 3511 109.231
2036 7742 98.3305
2037 4456 19.7957
2037 6505 54.0356
2037 6851 43.4207
2038 4508 66.3586
2038 5030 99.3227
2038 5349 37.5583
2038 6621 35.8626
2039 2734 47.898
2039 5850 82.5349
2039 9488 106.721
2040 6210 63.5428
2041 7821 45.8508
2041 8187 34.1783
2041 9457 42.6423
2042 4763 31.8861
2042 6053 71.2078
2042 8575 30.3997
2043 4046 79.4857
2043 4716 57.8423
2043 6322 118.577
2043 7012 75.3105
2043 8628 100.078
2044 2509 42.2039
2044 4492 55.8636
2044 6984 71.1333
2044 7473 77.7184
2045 3163 51.7368
2045 5906 95.4298
2046 4361 61.4795
2046 4907 110.454
2046 5484 43.285
2046 8904 66.1706
2047 5942 71.8131
2047 6596 6.14399
2047 7722 13.7701
2048 2407 69.3568
2048 2567 24.474
2048 3642 22.0567
2048 5192 28.3897
2049 4200 79.7851
2049 4855 98.3133
2049 7496 87.5118
2050 4018 39.319
2050 4161 61.8938
2050 4365 106.272
2050 7097 38.163
2050 9330 50.6528
2051 2602 71.2619
2051 3565 47.7838
2051 4118 30.1696
2051 4232 93.6853
2052 2159 71.4177
2052 5901 30.1089
2052 6968 72.4832
2053 2697 69.696
2053 6854 123.107
2054 3437 67.7622
2054 6238 82.1075
2054 8102 66.4276
2054 8895 56.2648
2054 8988 22.3945
2055 2193 34.3814
2055 3320 91.5391
2055 8235 17.8569
2055 8342 85.8784
2056 3374 58.6455
2056 4133 68.2584
2056 5336 83.7972
2057 5729 48.3917
2057 5964 24.1506
2057 6671 2.15651
2057 7224 52.0605
2058 4312 33.852
2058 8703 57.0049
2059 2753 81.799
2059 5401 30.6005
2059 6464 63.1492
2059 8537 34.8777
2060 4720 22.5092
2060 4766 79.7557
2060 7823 33.0294
2060 8201 56.6819
2061 3614 29.0004
2061 4575 70.4952
2061 8618 59.0123
2061 9256 35.8884
2062 5486 60.3133
2062 6324 94.6989
2062 7967 69.105
2063 4145 50.7126
2063 8781 58.8905
2064 6079 78.7234
2064 9564 45.5081
2065 5209 68.5346
2065 7879 166.202
2066 2769 33.2019
2066 4427 41.4502
2067 6344 72.0218
2067 9136 75.3934
2068 4486 66.4517
2068 6522 17.019
2068 6773 58.1664
2069 6211 38.53
2069 6608 114.462
2069 6977 51.6133
2069 8772 51.6658
2069 9061 50.5858
2070 4335 45.9444
2070 7355 75.1366
2070 8083 70.9639
2071 5880 113.209
2071 7613 29.7702
2071 8278 57.8661
2072 5778 78.9289
2072 7377 105.736
2072 9459 42.289
2073 2298 13.1257
2073 3850 70.2608
2073 6903 110.085
2073 8547 89.5948
2073 9090 65.2574
2074 2805 96.1081
2074 7036 47.3656
2074 9268 50.9579
2075 2206 68.2125
2075 5272 132.8
2075 8516 63.8676
2076 5524 108.777
2076 5816 45.3334
2076 9446 32.7532
2077 5414 24.4821
2077 7114 42.1706
2078 2774 69.9294
2078 2865 91.6902
2078 6391 18.0336
2079 2809 70.5194
2079 3151 38.4759
2079 6477 40.188
2079 6850 85.7507
2079 7461 50.4919
2080 2806 29.1612
2080 5102 40.4009
2081 2429 63.0533
2081 2789 48.4144
2081 3580 11.0148
2081 5928 45.1087
2082 2840 14.0577
2082 6184 21.7676
2082 6419 77.1128
2082 7947 48.7421
2082 8432 103.393
2083 4223 59.0467
2083 5704 89.5302
2083 5882 70.4548
2084 5279 80.658
2084 6369 30.3165
2084 7658 78.8455
2085 8087 192.443
2086 6489 48.4324
2086 7132 43.006
2086 9047 46.6566
2087 6931 52.6291
2087 8645 74.371
2088 3766 63.0783
2088 7788 88.6895
2088 9305 21.5437
2089 2905 45.1719
2089 7976 76.2317
2089 6111 54.0916
2090 3782 123.991
2090 7689 108.794
2090 8433 131.784
2091 2471 47.1239
2092 2837 122.258
2092 4054 95.1358
2092 5207 125.707
2092 8048 99.9431
2093 5820 55.1825
2093 6448 57.2068
2094 2603 54.3415
2094 8426 83.7371
2094 9102 59.6657
2095 8093 48.096
2096 2812 97.2495
2096 3605 59.3196
2096 5249 95.4474
2096 5838 20.6827
2096 7644 92.9384
2097 5165 66.5807
2097 5583 32.0066
2097 5908 66.945
2097 8643 56.3958
2098 3409 61.224
2098 7422 17.5511
2098 8905 88.6956
2099 4855 95.6204
2099 8268 71.6191
2100 2950 23.739
2100 5389 45.0267
2100 5919 34.2467
2101 2656 56.5202
2101 6131 109.532
2101 6404 25.4102
2101 8078 132.152
2102 4696 32.906
2102 5025 49.784
2102 6582 101.376
2102 7531 49.0316
2103 7394 25.8594
2103 7603 30.7349
2104 4454 67.1399
2104 6523 90.1626
2104 7067 31.2201
2104 8019 25.2289
2105 4945 58.3275
2105 8409 76.6757
2105 8487 83.3961
2105 8690 60.8704
2106 5807 17.7358
2106 6194 43.9868
2107 2488 14.4057
2107 5781 27.9108
2107 8091 23.8384
2107 8961 62.5684
2108 2227 25.8077
2108 8144 56.8353
2108 9077 16.1659
2109 5588 189.616
2109 7884 175.65
2109 8129 131.255
2110 3339 38.4152
2110 4958 10.6591
2111 2282 44.8482
2111 4529 104.104
2111 6038 82.0962
2112 3150 102.753
2112 4681 140.387
2112 8914 87.6043
2113 8278 60.9345
2113 9370 105.674
2114 3084 29.3269
2114 7221 57.2103
2114 7766 56.7259
2115 3270 79.0058
2115 3843 71.9003
2115 4978 84.3365
2115 5998 24.2907
2115 6902 55.6411
2116 3073 16.8199
2116 4076 43.2194
2116 4087 27.1022
2116 5435 45.0969
2117 8023 118.883
2117 8041 103.01
2117 9580 84.3841
2118 8945 25.9494
2118 8986 63.2432
2118 9565 36.6928
2119 4104 43.2128
2119 4582 36.745
2119 4713 51.0077
2119 9339 48.5743
2120 2893 54.3406
2120 4715 67.3274
2120 7942 29.2307
2121 5392 17.1177
2121 5521 26.4905
2121 8077 64.9706
2121 8149 83.6487
2121 8541 104.255
2122 2936 84.3655
2122 5647 41.5575
2122 8931 38.2697
2123 3477 106.478
2123 4226 106.028
2123 5751 122.618
2124 3906 51.5756
2124 4125 45.1308
2124 7768 79.0487
2124 8302 73.6979
2124 8472 102.546
2125 2450 48.7904
2125 4063 32.3843
2125 6115 77.8334
2125 7780 51.9219
2126 3659 56.0561
2126 8241 118.43
2126 8786 98.6142
2127 2967 68.0966
2127 3125 53.2651
2127 5743 55.7644
2127 9294 87.0426
2128 4837 61.1317
2128 5174 55.9718
2128 8786 84.8487
2129 3717 28.3067
2129 5105 26.3773
2129 5429 62.8026
2130 3880 29.9743
2130 6334 101.337
2131 2663 31.4308
2131 8751 78.3468
2132 3556 30.963
2132 5335 46.8098
2132 9124 80.4161
2132 9382 41.7142
2133 2189 34.4077
2133 2791 52.4211
2133 5660 9.82378
2133 6051 57.7808
2133 7800 23.6639
2134 3942 55.0422
2134 4126 64.9648
2134 4827 60.4249
2134 6362 79.8253
2134 8490 65.4707
2134 8540 58.4783
2135 2947 107.777
2135 3442 70.3066
2135 4524 34.5803
2135 9254 90.4132
2136 3183 110.529
2136 4083 57.2956
2136 7291 64.8856
2136 8267 52.6015
2137 4457 105.648
2137 4933 60.1067
2138 3828 82.0567
2138 6874 66.53
2138 8621 54.0415
2138 9319 37.8687
2139 2400 25.1206
2139 6281 24.7643
2139 6517 44.409
2139 8303 75.2083
2140 2162 37.0783
2140 5594 59.0945
2140 6273 113.605
2141 3114 102.736
2141 5640 90.7041
2141 7080 81.9
2142 2743 35.7781
2142 3277 29.4866
2142 7738 68.3513
2143 2313 90.1136
2143 4409 92.7839
2143 5846 109.469
2144 3297 90.6764
2144 5337 92.3461
2144 9574 97.8092
2145 3024 80.3266
2145 8905 89.9718
2145 8948 97.9795
2146 7143 66.8254
2146 8246 20.2327
2147 2253 49.6441
2147 2492 48.0721
2147 5818 68.2872
2148 2512 111.658
2148 9089 10.9747
2149 8653 76.7926
2150 2799 90.6654
2150 3209 55.8815
2150 7008 58.6789
2151 3160 68.5543
2151 3773 67.331
2151 9174 116.303
2152 2525 9.23066
2152 3954 120.337
2152 8634 95.4878
2152 8669 64.9573
2153 2358 60.1779
2153 2966 52.9747
2153 3162 46.2261
2153 8175 24.3342
2154 2953 39.9419
2154 7878 81.4561
2154 8768 14.3077
2154 9316 17.5313
2155 4200 200.259
2155 4828 92.9956
2155 7496 112.715
2156 2854 32.2837
2156 5524 71.6978
2156 9235 51.1646
2157 4150 71.8781
2157 7174 75.8962
2158 2222 89.7457
2158 3524 106.681
2158 6077 82.8108
2159 5901 95.1949
2159 6968 57.2375
2160 4053 36.3537
2160 8261 24.7683
2161 5273 43.8986
2161 6218 16.7979
2161 9308 27.8881
2162 5001 76.9137
2162 5594 35.2644
2162 8119 75.0858
2162 8349 104.25
2163 3494 50.4083
2163 3760 60.0433
2163 8007 30.5278
2163 8381 5.11109
2164 7733 25.2605
2164 7799 80.6906
2165 3158 49.8915
2165 3657 23.5938
2165 4561 59.9813
2165 9190 81.2357
2166 3166 54.3779
2166 5686 65.5167
2166 7882 68.2246
2166 9390 47.0224
2166 9539 8.7031
2167 2680 75.8091
2167 7247 69.5912
2167 9301 55.8859
2168 2939 131.426
2168 4532 118.628
2168 6175 67.082
2168 8568 62.2313
2169 3927 104.613
2169 8480 65.3101
2169 9589 63.6046
2170 2238 23.9113
2170 2673 50.1736
2170 6432 53.991
2171 5870 68.7957
2171 7348 95.2868
2172 3315 26.0632
2172 5175 85.005
2172 7491 113.913
2173 3610 18.9948
2173 5850 100.23
2173 6357 76.1841
2174 3647 112.674
2174 3875 74.46
2174 6088 67.0754
2174 9436 60.5554
2175 3559 56.4017
2175 3868 65.3758
2175 4131 13.5001
2175 5117 42.2214
2176 2936 61.9656
2176 6598 55.5886
2177 6473 51.7854
2178 2765 52.8873
2178 3451 94.3876
2178 4908 40.4514
2178 9304 21.1548
2179 3160 69.4255
2179 6810 21.3355
2179 8625 54.8103
2180 4146 34.5359
2180 9251 58.56
2181 2664 71.7402
2181 2705 25.8484
2181 6479 35.6932
2181 8324 67.5973
2181 8553 26.7725
2181 9401 83.7941
2182 2833 54.6801
2182 5296 54.7167
2182 7972 72.2962
2182 8736 47.5127
2183 2355 93.7961
2183 2979 99.1876
2183 8474 78.3182
2184 6319 16.3387
2184 7945 26.5273
2184 7950 49.2338
2185 2423 87.0841
2185 8602 61.3307
2186 3759 56.4304
2186 3771 22.8383
2186 5591 40.9362
2187 3511 102.881
2187 8554 26.3349
2188 4577 116.684
2188 6587 56.8426
2189 5439 36.769
2189 5660 50.888
2189 6051 55.3589
2189 7800 33.268
2189 8309 63.7718
2190 5289 42.2721
2190 6006 82.8939
2190 8282 63.6018
2191 9578 40.7022
2191 9585 43.8777
2192 3060 83.1985
2192 3732 64.3166
2192 4375 83.1234
2192 4597 79.4133
2192 6887 38.9308
2192 9113 61.7188
2193 3320 65.0065
2193 8235 22.6414
2194 3379 58.81
2194 4791 9.80558
2194 8127 27.4534
2195 3378 20.2006
2195 6411 65.4465
2196 4016 49.4751
2196 5111 72.3547
2196 6650 45.1776
2196 6926 70.6987
2196 7996 83.052
2197 3134 49.7436
2197 9578 56.3994
2198 7286 53.5612
2198 8006 80.9824
2198 8970 86.1547
2199 4436 72.0407
2199 5038 43.4375
2199 8035 31.0635
2200 4352 24.9595
2201 3942 63.9887
2201 8490 15.593
2201 8540 20.8231
2202 2644 87.0701
2202 4643 82.0565
2202 5340 78.8744
2202 6075 75.6094
2203 2291 71.3478
2203 4400 144.22
2203 7847 78.7858
2204 3655 60.0518
2204 6094 40.6992
2204 7193 107.597
2204 7509 81.0609
2205 3566 41.5295
2205 7242 113.498
2206 3428 42.1561
2206 8516 55.477
2207 2415 48.9723
2207 6890 35.0968
2207 6986 40.3382
2207 7432 81.0797
2208 4530 90.4874
2208 7997 42.3762
2209 3525 40.8748
2209 3667 35.4653
2209 8273 59.2233
2210 4600 36.9566
2210 5705 74.4422
2211 4318 22.9594
2212 7139 20.0793
2212 8526 40.9679
2212 9504 72.1632
2213 5834 67.5165
2214 3248 21.3568
2214 6637 60.6438
2214 8294 58.7146
2215 5203 26.1626
2215 6879 21.6339
2216 2315 108.734
2217 3223 38.2507
2217 3997 62.4441
2217 6274 80.9225
2218 6602 61.3235
2218 8277 109.506
2218 8537 98.9174
2219 2919 54.4949
2219 4757 58.7114
2219 5343 74.8488
2219 6058 16.754
2219 6818 23.37
2219 9243 33.9729
2220 4238 71.3942
2220 4592 52.6253
2220 5053 39.3697
2221 5608 85.177
2221 9400 62.3114
2222 4757 64.3862
2222 6058 86.124
2222 6818 66.3349
2223 3872 51.1042
2223 4983 81.0697
2223 5514 59.2375
2224 4263 52.2271
2224 5372 26.9081
2224 5444 73.4791
2224 7980 39.244
2225 6506 40.7096
2226 8073 66.0649
2227 3664 20.3637
2227 8144 35.6227
2227 8454 37.6893
2227 9077 11.4268
2228 3227 43.3542
2228 4505 58.1652
2228 6460 41.7204
2229 5879 75.5735
2229 6265 81.1924
2229 6894 52.84
2230 2335 35.0955
2230 3501 13.2878
2230 8234 23.442
2231 3176 5.37983
2231 6025 122.325
2231 6966 58.1712
2231 7752 33.9065
2231 8695 96.9643
2232 4491 22.0281
2232 5281 32.9673
2232 5335 66.6808
2232 7604 40.655
2233 3056 56.2839
2233 3834 61.318
2233 8156 53.1517
2233 8438 89.2606
2234 7087 110.41
2234 9374 46.3166
2235 2815 20.4802
2235 6581 45.9435
2235 7199 76.6885
2236 2445 35.8239
2236 6091 111.982
2236 8058 82.2833
2237 4942 50.1384
2237 5202 77.6847
2237 9126 53.1732
2238 2673 16.8785
2238 6432 50.0344
2239 2437 54.9063
2239 3926 55.5177
2239 4572 10.6991
2239 9455 105.375
2240 4704 93.8652
2240 5894 27.1124
2240 6019 198.292
2240 7837 41.6717
2241 2259 100.82
2241 4867 64.8024
2241 8607 91.6133
2242 2405 48.6634
2242 6423 85.5493
2242 7700 64.2199
2243 4652 37.998
2243 8673 15.9875
2243 9568 36.2206
2244 3533 55.6914
2244 5476 60.7778
2244 7535 61.3892
2245 2640 25.3456
2245 4165 60.7339
2245 9136 74.2642
2246 7129 36.0425
2246 9257 102.37
2247 4458 7.42461
2247 4751 85.2794
2247 8396 65.2579
2248 5050 63.2496
2249 5332 75.6898
2249 7625 95.3983
2250 2288 61.2338
2250 5499 67.2424
2250 7120 39.0467
2251 5571 34.545
2251 6296 56.0564
2252 4503 56.9652
2252 6232 68.0363
2252 6530 86.1574
2253 2492 48.1666
2253 3948 108.648
2253 5818 12.0343
2254 6123 119.149
2255 4568 88.9054
2256 6917 57.8143
2256 7469 62.9523
2256 7550 43.2952
2256 9584 64.3091
2257 2659 10.171
2257 3824 28.7073
2257 4898 127.244
2258 3347 72.5991
2258 6414 58.2722
2259 3482 38.0352
2259 3985 48.4587
2259 4867 23.1218
2259 8607 33.9082
2260 2270 116.103
2260 4744 126.013
2260 8573 106.638
2261 5757 32.387
2261 6701 69.0037
2262 5893 70.4658
2262 6544 10.5497
2262 7482 96.2636
2263 2622 53.9814
2263 3569 25.0349
2263 6478 30.7263
2264 5702 79.0638
2264 6839 90.3118
2265 2309 50.3832
2265 3418 50.6612
2265 7652 123.032
2266 4279 48.8293
2266 5819 31.9048
2266 9324 31.2495
2266 9462 65.716
2267 3629 53.6692
2267 5114 94.5321
2267 7857 118.367
2267 8587 95.6156
2268 2426 7.25721
2268 3817 10.0593
2268 6336 91.6677
2269 3551 86.735
2269 9278 89.1734
2270 7424 67.6092
2270 9182 24.8855
2271 5495 11.9305
2271 6062 58.0397
2271 8731 99.8164
2272 5601 28.3973
2272 7513 90.6945
2272 9590 48.2213
2273 3069 9.8022
2273 7351 35.0423
2273 7880 42.8115
2274 3196 60.9069
2274 3699 63.9671
2274 5377 119.81
2274 9225 53.6925
2274 9574 78.1047
2275 5788 32.9324
2275 7177 60.2731
2275 8128 69.4638
2275 9599 76.1047
2276 3489 24.3545
2276 7730 50.2582
2277 4438 38.3623
2277 4614 104.841
2277 7015 22.0794
2278 4405 99.5479
2278 4898 98.5784
2279 4698 44.0709
2279 9340 43.3975
2280 2365 85.4431
2280 4848 80.5508
2280 4991 64.2895
2280 8532 20.4716
2281 2615 61.0683
2281 2655 62.787
2281 5837 104.629
2282 2912 99.5947
2282 6038 42.8601
2283 6573 37.1661
2283 8918 71.8328
2284 3549 83.2305
2284 4591 20.9972
2284 5365 36.0836
2285 3572 66.206
2285 4032 62.6282
2285 4940 41.116
2285 8211 56.6189
2285 8956 24.8164
2286 4102 83.278
2286 4486 52.6864
2286 6773 41.5047
2287 3728 84.4138
2287 7071 28.6554
2287 7433 44.3644
2287 8283 24.9517
2288 2601 127.403
2288 7120 99.4725
2289 3378 164.162
2289 6411 94.6235
2290 3924 70.963
2290 6000 90.0171
2290 7389 41.7496
2290 7916 53.4085
2292 4841 74.3209
2292 5607 74.7211
2293 3481 56.9083
2293 4040 73.4814
2293 5078 69.2838
2293 8505 57.2814
2293 9291 63.8325
2294 3950 36.7421
2294 7254 34.1838
2295 7417 88.6377
2295 7571 10.0915
2296 8482 78.1023
2297 3236 25.3127
2297 5561 46.5323
2298 8547 40.4505
2298 9090 78.4516
2299 5034 124.993
2299 6591 95.9786
2299 9547 59.1852
2300 6067 63.2098
2301 2742 33.7123
2301 6901 79.46
2302 7569 25.3861
2302 7751 8.58631
2303 9030 91.3019
2303 9297 28.5983
2304 5966 56.6697
2304 8856 80.6262
2305 4158 53.1162
2305 4444 67.3427
2305 6737 68.0518
2305 7596 12.8196
2306 2934 33.1257
2307 5435 93.4931
2308 3748 96.5461
2308 7479 38.5226
2308 8122 19.5059
2308 8134 18.163
2309 2729 39.0897
2309 3418 78.1206
2309 5171 91.1806
2310 3196 108.633
2310 5377 51.9161
2311 3646 22.3838
2311 6490 64.6812
2311 7245 42.1779
2311 8476 42.798
2312 2585 58.5631
2312 7273 47.1436
2313 2495 83.0187
2313 9306 87.4028
2314 4824 58.6299
2314 7338 50.7902
2314 9472 39.1418
2315 9048 47.3783
2316 3003 87.1583
2316 7440 67.5367
2316 8825 33.7591
2317 5382 23.6007
2317 7553 79.1198
2318 3065 54.3382
2318 7502 78.5238
2318 8364 29.6822
2319 4174 53.9008
2319 5251 39.1661
2319 6805 28.4076
2319 7325 89.6749
2319 8079 145.368
2320 4296 58.6659
2320 8193 81.7758
2321 3446 62.0672
2321 7685 65.9284
2322 2892 40.5066
2322 7579 35.38
2322 7913 100.525
2323 2645 29.3662
2323 2896 34.6832
2323 5749 85.3019
2323 6834 26.845
2324 2583 22.2687
2324 6105 115.466
2325 3177 82.1985
2325 5143 99.9486
2325 6201 41.3997
2325 8678 59.393
2325 8756 83.9235
2326 6042 10.51
2326 6517 60.7542
2326 7345 69.1543
2327 2920 29.9355
2327 5619 60.3338
2327 6815 41.2577
2328 2369 29.2429
2328 9016 36.4527
2329 7517 41.03
2329 7995 102.32
2330 9255 68.178
2331 2895 48.1965
2331 3350 11.4599
2331 5017 36.4564
2331 8445 74.1767
2331 8567 47.2297
2332 2567 33.9887
2332 5192 24.4541
2332 6880 23.9935
2333 8671 78.6697
2333 8701 13.6452
2334 2428 50.2608
2334 7672 32.6435
2334 8096 79.3428
2335 3501 18.3966
2335 8238 48.5806
2336 6500 94.8126
2336 7651 27.2855
2336 8923 86.5489
2337 9424 60.1549
2337 9430 34.9434
2338 2431 35.0987
2338 3816 25.0775
2338 8666 43.68
2338 8998 28.7704
2339 6727 108.296
2339 7561 49.203
2339 9335 108.124
2340 2642 32.0204
2340 3086 28.0449
2340 7527 64.8691
2340 7890 33.3864
2341 3927 36.2977
2341 5952 10.229
2342 3384 55.5655
2342 7397 38.5944
2342 7905 105.521
2343 3314 58.4148
2343 8138 70.1965
2343 8429 11.0965
2343 9384 53.717
2344 2386 55.6192
2344 4251 38.9104
2344 5543 32.9068
2344 6815 37.2595
2344 8939 28.1105
2345 8040 84.0519
2345 8726 36.923
2346 3554 113.406
2346 7875 37.7584
2346 9001 76.3514
2346 9583 50.6368
2347 4051 111.128
2347 4709 36.15
2347 5779 75.2955
2347 9261 47.3399
2348 2786 48.3262
2348 5443 38.064
2348 6732 49.3896
2348 7390 36.4214
2349 5177 61.4665
2349 5234 87.6229
2349 6950 39.1172
2349 7758 65.3196
2350 4605 58.6788
2350 5648 65.6123
2350 5854 33.8449
2350 7088 38.8842
2350 7152 59.626
2351 6099 66.1844
2351 6495 44.2616
2352 3354 24.7296
2352 7594 68.6587
2352 8913 63.626
2354 4278 36.1916
2354 5263 79.1586
2354 8447 77.9765
2354 9203 49.6587
2355 5972 103.963
2355 7138 54.8411
2356 2625 12.1586
2356 3393 76.1221
2357 4686 39.3869
2357 7878 33.7765
2357 9316 42.044
2358 2966 101.592
2358 8742 44.5604
2359 6263 60.0127
2360 3462 75.7308
2360 3828 114.347
2360 6221 82.4769
2361 2929 78.4851
2361 6552 58.6299
2362 4435 60.669
2362 8606 107.258
2363 2558 32.8298
2363 6373 81.8389
2363 7777 113.546
2364 3373 84.9251
2364 8439 25.3048
2365 4494 32.3054
2365 4991 11.6716
2365 5152 42.7382
2365 8532 93.0072
2366 4163 71.5488
2366 5953 91.4136
2366 7771 97.3638
2367 2760 99.6428
2367 3538 50.3275
2367 5764 99.8824
2368 2413 68.8023
2368 3337 64.2243
2368 8700 47.1892
2369 2999 55.6353
2369 7353 40.7186
2369 9016 13.3022
2370 5042 79.7006
2370 5567 43.3324
2370 6316 49.3827
2371 4554 95.5574
2371 4981 104.157
2371 9205 137.038
2372 4038 58.6979
2372 7868 24.1601
2373 6141 57.5846
2374 9568 30.0829
2375 6658 73.9702
2375 8820 76.3083
2376 6009 74.6456
2377 3893 48.8066
2377 4911 84.8203
2377 6007 74.4158
2377 8365 18.0268
2378 2389 64.2055
2378 5968 33.56
2378 6254 69.0164
2378 6559 39.4671
2379 3011 69.338
2379 6239 61.9285
2379 6754 84.8691
2380 4459 34.3567
2380 5924 66.1809
2380 6862 47.4715
2380 7198 58.2898
2381 6410 16.4931
2381 9238 102.192
2382 4050 24.234
2382 5839 51.9783
2382 8112 66.8793
2383 6285 99.4093
2383 7072 11.4137
2383 7465 95.3785
2384 5825 89.5871
2384 6925 9.76852
2385 3227 98.4041
2385 8834 50.6068
2386 4251 21.5249
2386 8179 85.6521
2386 8939 16.2259
2386 9009 54.5624
2387 6657 82.9511
2387 6658 65.0578
2387 8672 31.5634
2387 8689 80.1514
2388 2455 46.1863
2389 4468 91.6772
2389 6254 76.8841
2389 6600 73.6113
2390 3230 65.0152
2390 4972 29.5063
2390 9520 40.7605
2391 2466 63.1972
2391 3014 47.9093
2391 3985 57.6049
2392 3880 113.996
2392 4774 51.6487
2392 8215 35.5084
2393 2873 54.357
2393 2950 47.0715
2393 5919 50.7444
2393 6186 37.0986
2393 7543 53.9303
2393 9334 75.3899
2394 2544 23.39
2394 2721 89.6287
2394 6110 104.79
2395 3410 41.4598
2396 2575 51.5306
2396 9065 73.2246
2397 3182 129.044
2397 8860 70.9105
2398 5386 23.5063
2398 5718 72.3211
2398 8150 72.249
2398 8152 62.7898
2399 2419 97.0934
2399 5798 151.164
2400 6281 3.67406
2400 6517 41.9025
2400 6561 72.277
2400 7345 39.4775
2401 6555 50.0912
2402 4538 34.6451
2402 6376 34.1569
2403 3212 53.7886
2403 6366 30.5499
2404 2849 107.529
2404 3103 22.0772
2404 3514 35.1255
2405 7700 23.0933
2405 8425 22.4131
2405 9452 47.8232
2406 7478 92.4089
2407 6880 99.3622
2408 3195 20.5096
2408 3608 50.3168
2409 3285 59.187
2409 3982 46.0427
2409 8110 43.8708
2410 4568 25.6366
2410 8048 40.8675
2411 2828 106.553
2411 6606 61.0141
2411 6764 67.9781
2412 5418 45.3139
2412 5756 65.9163
2412 7704 45.8318
2413 3337 48.7872
2413 7133 17.3877
2413 8700 75.7335
2414 3851 48.7752
2414 4928 13.7955
2414 8422 69.6977
2414 9453 104.659
2415 6724 44.2409
2415 6890 21.9064
2415 7415 57.1007
2416 3883 38.8174
2416 5194 52.1498
2416 8291 58.5502
2417 2821 65.4363
2417 4100 63.116
2417 6529 74.3424
2418 7350 69.6646
2418 8790 18.8834
2419 5950 87.385
2419 7781 23.1457
2419 8582 49.4108
2421 3013 80.2735
2421 3113 46.0506
2421 7053 121.84
2422 3270 60.8726
2422 7237 35.4166
2422 9106 67.51
2423 8739 104.715
2423 9313 65.8987
2424 7066 85.6792
2424 7804 58.2841
2425 2951 150.463
2425 4517 42.4722
2425 7691 126.587
2425 7693 79.6792
2425 8161 93.2239
2426 3817 14.5848
2426 6336 64.2365
2427 4428 7.68115
2427 7846 78.0841
2427 8313 41.2648
2428 7672 63.9533
2428 8096 91.5511
2429 3580 45.0416
2429 6371 94.4014
2429 9439 86.8448
2430 3531 27.3882
2430 3651 46.3474
2430 3736 31.7225
2430 6883 58.7009
2431 3816 26.457
2431 6952 40.0605
2431 8666 25.6753
2431 8998 16.86
2432 2865 26.7703
2432 7307 63.5755
2432 7970 57.4979
2432 8994 30.379
2433 6583 58.6865
2433 8417 52.7146
2434 4482 102.335
2434 4750 52.1509
2434 6610 91.0861
2434 7437 76.6721
2435 4751 61.7049
2435 5038 48.0368
2435 5055 58.8307
2436 5507 95.6503
2436 8606 91.4946
2437 3926 37.8531
2437 4086 96.6029
2438 6388 35.2358
2438 6974 24.9358
2438 7001 41.3225
2438 8746 34.2637
2439 8003 59.0239
2439 9434 107.917
2440 3408 62.608
2440 4916 29.6957
2440 8868 83.6244
2441 7179 35.9024
2441 7990 50.7173
2442 3247 31.9219
2442 4553 81.8122
2442 6575 64.6404
2442 6807 80.5689
2443 2675 71.7511
2443 3419 57.9835
2443 3688 53.1986
2443 7843 51.9354
2444 2484 80.2818
2444 3792 141.675
2445 5568 89.0018
2445 6476 78.4563
2445 8058 25.7179
2446 3899 110.138
2446 8419 59.89
2446 9097 140.515
2447 4206 68.9585
2447 5469 76.92
2447 9240 88.5034
2448 2761 40.0202
2448 4633 51.8847
2448 4777 113.039
2448 9049 60.3626
2450 4063 71.0251
2450 7780 26.8533
2451 4942 97.0029
2451 7142 86.3453
2452 7562 59.3533
2452 9168 67.2936
2453 6885 38.053
2453 8214 132.271
2454 3594 59.52
2454 4675 67.4168
2454 8262 53.4801
2456 4976 27.3152
2456 5425 42.4308
2456 6605 78.6777
2457 5981 57.8186
2457 6439 49.7399
2457 9266 53.6084
2458 3751 49.4469
2458 5928 62.7325
2458 6390 56.9699
2458 7575 75.6761
2459 4182 6.34347
2459 7083 24.3155
2459 8696 17.3003
2460 2948 61.6878
2460 8008 22.2151
2461 5126 73.961
2461 5812 33.0096
2461 6326 108.559
2462 3534 59.7832
2462 4562 109.191
2462 5703 54.1769
2462 6832 45.9444
2462 7863 20.343
2462 9192 88.9692
2463 2715 56.7403
2463 8564 32.1372
2463 9031 11.6678
2464 4537 127.727
2464 8075 139.549
2464 8792 108.742
2465 4643 95.5875
2465 5340 62.7559
2465 8267 42.9202
2466 3014 89.3695
2466 3985 83.0477
2467 5829 53.9232
2467 8017 36.8307
2467 8581 69.1098
2468 3362 77.0489
2468 6847 43.4095
2469 3441 88.0565
2469 4919 82.3469
2469 5457 47.9329
2469 5595 51.7445
2470 4397 68.0072
2470 6438 74.1185
2470 7765 60.1666
2472 2524 53.4134
2472 4286 40.2955
2472 6203 56.8738
2473 2933 36.4057
2473 4815 59.0013
2473 7740 93.9698
2474 2690 58.5342
2474 4959 19.9238
2474 8044 35.229
2475 2684 60.0403
2475 3353 27.492
2475 5256 21.9396
2475 6541 63.3129
2475 9391 57.569
2476 3637 82.3199
2476 4266 47.5521
2477 6467 42.622
2477 6882 37.9378
2478 3109 54.288
2478 3542 57.8243
2478 5321 28.579
2479 5420 23.5179
2479 6020 30.5506
2479 7717 56.0532
2480 3118 42.9344
2480 3261 57.7305
2480 8555 48.9282
2481 7276 13.1784
2481 9496 45.5283
2482 3083 34.8683
2482 3091 29.7533
2482 4308 18.9051
2482 4480 54.4094
2482 8342 57.2468
2483 4461 76.1609
2483 8952 80.4456
2485 2497 84.1938
2485 4276 82.3069
2485 5311 69.4663
2485 6401 13.0805
2486 5962 48.968
2486 6946 91.2068
2486 7600 68.327
2487 6290 76.3849
2487 8478 54.9921
2487 9348 67.2783
2488 5781 34.3499
2488 8091 17.0467
2488 8961 49.998
2489 3243 55.8619
2490 3576 56.2251
2490 5929 45.2375
2490 9144 25.6989
2491 5553 47.7286
2491 7365 85.8365
2492 3932 63.1508
2492 5818 69.1244
2492 6346 50.5034
2492 6557 72.9699
2493 3095 40.5605
2493 7548 88.4667
2493 9187 139.985
2494 3877 15.4685
2494 5773 55.9398
2494 6698 62.9179
2495 3684 76.4865
2495 9306 22.2648
2496 8739 38.0571
2496 9579 42.9624
2497 4276 13.1168
2497 6401 91.1848
2498 3649 91.9129
2498 3895 41.4809
2498 6409 77.3684
2499 6595 17.5634
2499 8563 44.4679
2499 8883 42.894
2500 3205 36.5884
2500 3284 67.6462
2500 3347 67.7876
2501 4680 36.2646
2501 5213 23.9844
2501 6806 33.4487
2502 5007 68.5395
2503 2944 84.1692
2503 4512 85.5406
2503 5254 25.0166
2503 8517 55.489
2504 2530 65.2653
2504 6192 15.6522
2504 6643 68.489
2505 6936 113.932
2505 8006 84.9552
2505 9156 103.552
2506 2533 58.1112
2506 3772 48.1556
2506 5235 46.2807
2507 3399 64.0682
2507 6198 57.8597
2508 6574 44.3327
2509 3737 116.702
2509 4492 113.854
2509 7473 50.5041
2510 2694 82.0866
2511 5916 39.8102
2511 8877 63.8342
2512 5509 40.9116
2512 9089 90.1054
2513 6748 63.7988
2513 8667 80.6695
2514 8395 51.1647
2514 8462 60.6807
2514 8671 30.7231
2515 4955 34.565
2515 5138 39.2409
2515 5141 78.0218
2516 9214 62.0515
2517 2607 89.6241
2517 3889 87.6351
2517 6542 86.2355
2518 5028 54.9697
2518 5806 69.16
2518 5828 48.383
2518 8973 54.0808
2519 3028 54.2859
2519 7299 42.2255
2519 7673 36.2541
2520 5132 25.6724
2520 7975 55.6354
2520 9577 58.3505
2521 5269 37.4302
2521 5791 50.1708
2521 9449 128.645
2522 4058 28.798
2522 7619 37.2242
2522 8065 47.7842
2523 2681 49.9886
2523 3119 65.1392
2523 4935 65.43
2523 8394 104.591
2524 6924 76.9493
2525 6343 75.2806
2525 8634 65.1938
2525 8669 62.9523
2526 3368 93.8439
2526 3704 70.9747
2526 4211 84.6334
2526 4331 70.2114
2526 5016 62.7474
2527 2617 57.4446
2528 2710 48.6698
2528 5118 50.5007
2528 8556 46.8786
2529 5643 66.6834
2529 5678 35.8524
2530 6192 114.975
2530 7427 53.5309
2531 3694 115.253
2531 5324 65.9346
2531 8929 107.307
2532 6585 103.503
2532 6647 29.7461
2533 5235 39.4981
2534 3144 32.7829
2534 8574 34.2598
2535 4574 61.3278
2535 5293 70.2074
2535 6097 32.4843
2535 9081 37.1833
2536 4879 26.8682
2536 6240 66.7718
2536 6502 149.306
2536 7721 49.6409
2537 7208 90.422
2537 9120 35.8648
2538 3675 30.843
2538 7909 35.1972
2538 8327 86.6706
2538 8414 12.1366
2539 3872 81.8883
2539 4983 19.8623
2539 6639 39.2823
2539 7323 43.4616
2540 5413 40.504
2540 8504 37.0412
2541 5472 42.5687
2541 6163 38.8575
2542 2639 83.7927
2542 3403 77.1134
2542 4678 23.7132
2542 7375 89.1157
2542 8821 37.63
2543 5358 68.1457
2543 9438 66.7714
2544 2721 62.2855
2544 6110 131.04
2545 3311 23.9029
2545 4313 67.3444
2545 4322 79.8154
2545 8833 39.4859
2546 2799 53.7394
2546 7008 45.8726
2546 7326 26.1679
2547 3082 41.8969
2547 7077 70.6384
2547 7168 56.5973
2548 5538 38.2983
2548 5745 39.1475
2548 7746 46.2287
2549 4644 52.5093
2549 8611 69.7288
2550 3661 67.4738
2550 5387 66.164
2550 7057 88.5017
2551 4810 62.2626
2551 7305 30.345
2551 7335 38.4926
2552 6996 100.704
2552 7917 19.9317
2553 3235 11.6216
2553 8935 64.5566
2554 7339 20.4134
2554 8120 78.8318
2555 4266 56.7016
2555 7641 65.254
2555 8819 23.368
2556 5013 45.7802
2556 6297 79.115
2556 6678 52.5207
2557 3363 45.5407
2557 3540 89.1428
2557 5049 101.474
2558 7777 84.8848
2559 6592 50.4422
2559 9313 97.9373
2559 9579 86.7037
2560 4416 65.2875
2560 4493 62.9511
2560 9518 64.8203
2561 3923 60.7491
2561 5041 16.1531
2561 7223 31.7447
2562 8165 17.4057
2562 9014 91.8313
2563 7210 67.6763
2564 4045 55.1426
2564 7034 33.5277
2564 8423 62.5313
2565 5657 78.5795
2565 5953 33.1939
2566 3347 58.3601
2566 4414 101.335
2566 6414 58.7285
2566 6468 79.5183
2567 3001 49.715
2567 3642 27.3891
2567 5192 14.5392
2567 6880 55.0235
2568 4890 66.4133
2568 6389 35.7839
2569 3570 49.405
2569 4895 17.9616
2569 9329 105.136
2570 6045 47.504
2570 6983 71.2595
2570 7871 31.2946
2571 3775 41.3831
2571 5973 48.2574
2571 6722 73.7014
2572 3753 62.7181
2572 5732 54.4581
2572 5965 44.5348
2572 6873 51.808
2573 3779 84.2412
2573 5362 32.1938
2573 6405 31.5019
2573 8271 59.8244
2574 2677 49.7462
2574 8524 30.7661
2575 9065 57.5893
2576 2871 46.1927
2576 3210 23.1016
2576 4832 48.3838
2576 8115 14.5292
2577 7654 69.2525
2577 9112 40.219
2577 9246 79.2743
2578 8345 63.1067
2578 8867 13.605
2579 3679 30.8983
2579 5555 65.2611
2579 5748 78.5196
2580 6029 80.2356
2580 6933 58.6415
2581 4208 48.1653
2582 4594 103.24
2582 9036 60.1238
2583 6105 160.161
2583 7611 163.084
2584 4580 125.501
2584 5573 33.3062
2584 7115 47.5631
2585 7273 51.1007
2585 9593 84.785
2586 4934 98.6786
2586 5292 85.6317
2587 3168 83.4763
2587 3803 49.1273
2587 3922 11.2489
2588 6422 32.1206
2589 8683 28.7235
2589 9238 28.8748
2590 3120 39.0895
2590 4588 59.2178
2590 4595 55.5667
2591 5077 45.6313
2591 6910 26.8825
2592 3386 50.0911
2592 6825 59.1959
2592 7448 47.0863
2592 7695 45.686
2593 2978 36.1723
2593 5727 70.3608
2593 7050 40.8033
2593 7908 60.0145
2594 4223 90.2336
2594 5704 60.6783
2594 7653 47.8755
2595 3955 60.501
2595 4014 70.9692
2595 5104 23.4468
2596 5794 114.255
2596 5880 49.8681
2596 8991 66.3828
2597 2899 54.8995
2597 4323 73.6611
2597 6851 20.0292
2598 5922 44.6447
2598 8151 77.3252
2599 3164 21.7224
2599 5218 72.8035
2599 5604 63.9249
2599 6194 55.4499
2600 2621 80.7975
2600 9483 45.1031
2601 4816 84.8742
2601 9341 60.4603
2602 3565 26.5461
2602 4118 37.0672
2602 8688 58.5897
2602 9476 53.6835
2603 4107 48.149
2603 8862 67.1553
2603 9383 20.6885
2604 4721 90.5231
2604 5836 65.6283
2604 8002 54.6622
2605 4522 66.499
2605 5134 40.6105
2605 8907 71.1465
2606 2835 62.4509
2606 4152 48.9663
2606 9110 73.9228
2607 2975 85.9189
2607 3889 23.9541
2608 3178 29.315
2608 6564 38.3547
2609 2657 47.4422
2609 3819 26.7457
2609 4015 55.5407
2609 9277 22.5262
2610 7855 91.3608
2610 8773 61.3567
2611 3036 69.4339
2611 4719 82.2506
2612 5465 46.5689
2612 6894 34.258
2613 6225 150.612
2614 3154 69.9439
2614 5455 32.8643
2615 3821 92.5168
2616 8665 15.3743
2617 5505 88.955
2617 6264 92.8532
2618 2714 24.663
2618 5415 82.1216
2618 6295 128.723
2618 7566 102.754
2618 8266 98.8135
2618 8880 107.333
2619 4857 193.824
2619 6973 131.846
2620 5034 111.665
2620 9445 73.078
2620 9551 86.0174
2621 5100 78.9366
2622 3569 57.4474
2622 4330 58.9413
2622 5398 60.2055
2622 6609 5.4431
2623 5124 72.8911
2623 6303 45.0328
2624 3894 124.954
2624 4274 34.148
2624 4326 25.0802
2624 4479 45.3646
2624 5305 44.505
2625 3393 48.5709
2626 3641 53.9841
2626 3979 68.7235
2626 6691 41.335
2626 7528 25.4446
2627 2916 33.4275
2627 3671 36.4517
2627 6161 12.3265
2627 9493 56.095
2628 2970 35.1393
2628 6108 84.9772
2628 8069 66.3246
2629 5481 29.2775
2629 6476 52.22
2629 7948 57.7745
2630 4865 69.7925
2630 6013 12.927
2630 9427 108.005
2631 7393 92.6189
2631 8750 81.3586
2632 2875 58.1538
2632 5991 45.8594
2633 3182 29.6284
2634 6319 32.7734
2634 7950 25.1863
2635 3544 58.3728
2635 7772 68.1979
2636 3386 69.223
2636 3762 56.8733
2636 7719 65.2541
2637 3431 68.2414
2637 6182 50.6367
2637 7752 35.2288
2638 5466 43.1316
2638 7500 35.9689
2638 8817 32.186
2638 8851 97.9792
2639 7375 83.2975
2639 7490 61.3598
2639 8821 84.2837
2640 8291 106.869
2640 9136 69.392
2641 5977 137.496
2641 6091 193.422
2642 4395 49.2213
2642 5246 79.7324
2642 7890 34.2607
2643 4344 47.4979
2643 7524 28.638
2644 6139 73.3347
2644 7482 93.9715
2645 2896 20.5946
2645 6834 46.3759
2646 3871 33.4793
2646 7459 62.393
2647 6499 40.9404
2647 7215 40.1267
2647 7699 98.6592
2648 8520 101.967
2648 9180 32.4233
2649 2758 29.1117
2649 5388 12.8621
2649 8130 43.7233
2650 4283 92.3709
2650 5911 32.9861
2650 9149 62.4583
2650 9295 50.013
2651 4364 72.3594
2651 5328 33.0941
2651 6673 42.7566
2652 3680 53.32
2652 8390 56.0485
2653 4605 62.1481
2653 5979 60.7488
2654 3560 59.9139
2654 6895 104.696
2654 7960 69.1666
2655 7338 95.5441
2655 9472 89.1005
2656 2802 77.2249
2656 5103 72.6762
2656 5673 53.2856
2656 6404 35.2338
2657 3819 79.559
2657 4234 32.8082
2657 9160 63.9323
2657 9277 25.9171
2658 5755 54.8568
2658 9359 15.8095
2659 3824 9.29377
2660 4891 62.0632
2660 7883 51.5477
2661 5446 56.5666
2661 7562 49.4931
2661 9168 10.9602
2662 3139 8.77396
2662 6304 83.5911
2662 7398 69.504
2663 2958 100.154
2663 5290 32.1622
2663 7687 50.4281
2663 7714 9.70548
2664 2705 51.6308
2664 6479 58.3171
2664 7229 86.5652
2665 3165 71.936
2665 4821 72.7236
2666 3043 21.1625
2666 8333 70.2146
2666 8337 73.8522
2667 2679 42.6536
2667 7257 22.8406
2667 8795 12.2564
2668 4338 67.26
2668 7201 75.5275
2668 8770 47.4061
2669 2824 62.4565
2669 7374 37.1318
2670 4238 79.8109
2670 5053 68.613
2671 2687 108.983
2671 7125 58.7645
2671 8038 114.782
2671 8902 80.5861
2672 4573 29.7094
2672 5873 10.8083
2672 6672 59.5398
2672 8647 79.7953
2673 6432 18.7718
2673 7992 104.695
2674 2819 28.1348
2674 3867 89.531
2674 5926 84.1128
2675 3419 49.5917
2675 8838 87.1199
2676 5400 37.3309
2676 8389 43.0302
2676 8466 10.8507
2676 8530 49.7109
2677 4965 58.6124
2678 8076 82.8029
2678 8328 40.8178
2679 6444 20.2743
2679 6454 47.7552
2679 7257 49.6656
2679 8795 44.6522
2680 7247 18.0556
2680 9301 98.574
2681 4935 40.17
2681 5532 56.1433
2682 4061 79.472
2682 7135 70.5654
2682 9310 63.193
2683 2894 32.3726
2683 7308 103.819
2683 8591 38.4448
2684 3065 90.0593
2684 5256 72.0263
2685 2690 82.6546
2685 4634 57.6316
2685 5154 89.3735
2686 4351 70.8316
2686 5606 70.2187
2686 6248 30.8389
2686 7122 75.2578
2686 7266 67.8991
2687 8038 53.4841
2687 8902 76.2303
2688 5737 53.0358
2688 8473 34.9653
2689 5271 61.7935
2689 9563 34.8592
2690 4634 39.2917
2690 4959 29.2975
2691 4068 60.596
2692 3126 56.5421
2692 4009 25.1361
2692 8702 22.0259
2692 9587 11.5024
2693 5343 91.0294
2693 6818 114.257
2694 3825 54.7246
2695 3617 65.1733
2695 7382 48.4167
2695 7391 56.3006
2695 8828 57.1125
2696 8399 19.1671
2696 9483 27.5775
2697 4030 76.7982
2697 6854 56.8447
2698 4897 31.0059
2698 6229 41.7972
2699 4553 67.7686
2699 6575 113.601
2700 2932 61.8231
2700 4153 31.4635
2700 4906 22.5889
2701 4148 66.4214
2701 8992 41.2517
2701 9044 65.3042
2701 9327 25.4394
2702 7431 124.308
2702 9004 58.6759
2703 5618 130.206
2703 5662 72.0793
2704 4391 20.3718
2704 5532 49.2285
2705 6479 36.2024
2705 7229 121.326
2705 9401 58.5917
2706 2980 41.6263
2706 4074 58.2742
2706 4463 52.0343
2706 9300 35.0088
2707 5503 103.97
2707 8693 82.3679
2708 3089 72.0761
2708 7645 71.089
2708 8178 59.7194
2709 5877 34.311
2709 8519 25.161
2710 5118 95.4436
2710 7699 102.182
2710 8556 36.4511
2711 5172 36.5621
2711 6560 90.011
2711 8041 125.79
2712 7736 62.2921
2712 7946 42.4142
2713 7225 24.286
2713 9521 56.5717
2713 9543 42.1659
2714 5415 111.968
2714 6295 94.3127
2714 7566 84.5556
2714 8266 108.646
2715 8564 64.9785
2715 9031 40.7537
2715 9308 41.4792
2716 7588 14.6899
2716 8014 126.324
2716 8887 76.0721
2717 3030 28.3878
2717 7855 47.8157
2718 3270 90.2417
2718 7237 84.5951
2718 8562 44.242
2719 3659 33.7417
2719 4044 43.2512
2720 4794 73.1683
2720 5897 44.0915
2720 9393 66.7555
2721 3000 48.3955
2721 6110 115.366
2722 3059 115.112
2722 5222 56.7919
2723 8734 33.1398
2723 8923 31.0136
2724 4580 45.5675
2724 5680 80.5831
2724 6151 70.0273
2725 3446 33.8648
2725 5291 115.568
2725 5354 58.6834
2725 8292 167.413
2726 3202 94.9438
2726 4727 46.8906
2726 6547 74.1932
2726 6931 34.4998
2727 3829 68.1109
2727 7933 45.2165
2728 6127 93.674
2728 8535 11.3354
2728 9095 57.2121
2729 3418 82.0815
2729 4213 106.833
2729 5171 68.7615
2730 2886 35.4812
2730 3448 50.077
2730 4683 35.4098
2730 4783 68.6466
2730 5540 50.4961
2730 5682 72.9706
2730 7928 47.0743
2731 9197 37.2232
2732 5941 44.168
2732 9233 48.467
2733 5823 29.3844
2733 7351 60.1681
2735 3765 101.456
2735 4229 60.06
2735 8248 20.078
2735 9525 94.0254
2736 4636 90.2085
2736 5147 68.8825
2736 6735 76.999
2737 2880 63.9271
2737 5359 66.6666
2737 7137 88.981
2738 2924 36.14
2738 3405 35.4688
2739 4592 17.7122
2739 7117 85.1476
2740 4022 9.28138
2740 6624 33.2859
2741 7729 39.786
2741 8257 63.1243
2742 3280 93.1415
2742 6901 30.3442
2743 3277 65.0665
2743 4693 68.1064
2743 4999 69.6383
2743 7738 54.9475
2744 5866 62.5875
2744 8146 96.8859
2744 8723 91.4381
2745 5067 46.6766
2745 8992 81.8167
2745 9044 67.8351
2746 3695 82.342
2746 5315 21.7152
2746 5754 64.8412
2747 2764 63.2406
2747 5314 110.52
2747 8186 44.7991
2748 6149 134.903
2748 9357 95.9425
2749 3042 103.609
2749 4066 50.3395
2749 7041 57.7422
2750 5602 44.5869
2750 7949 83.7892
2750 8593 57.4135
2750 9379 13.9091
2751 3476 66.8486
2751 3902 27.8344
2752 3323 107.009
2752 9270 66.0412
2753 5091 100.666
2753 5401 73.5693
2753 6464 65.1494
2754 3795 73.887
2754 5242 56.3764
2754 7356 83.7835
2755 6553 58.6017
2755 6554 60.4461
2755 8957 38.2435
2756 4474 157.946
2756 4718 61.7355
2756 7773 157.122
2757 2990 79.4475
2757 7109 131.668
2757 9024 56.192
2758 3051 58.1941
2758 5388 23.2224
2759 3412 20.0807
2760 4386 36.104
2760 5905 76.0552
2761 3810 63.3455
2761 4633 14.6809
2761 9151 96.9015
2762 4816 106.264
2762 7188 25.6218
2762 7688 95.3584
2763 4446 125.4
2763 5889 91.8749
2763 5912 56.8699
2763 6711 73.2072
2763 6793 51.3038
2764 3814 72.1266
2764 8186 85.1594
2765 4059 131.649
2765 7285 72.3852
2765 9304 49.9414
2765 9544 49.3895
2766 5498 53.8364
2766 6976 51.7105
2766 9448 16.68
2767 5185 62.1307
2767 8954 22.9928
2768 2788 27.2988
2768 3423 53.6212
2769 4427 59.5663
2769 4888 31.6994
2770 2935 55.0815
2770 6715 73.2319
2770 7919 40.9316
2771 3038 114.104
2771 3349 48.6892
2771 3961 83.7784
2771 4159 131.768
2771 6737 47.4808
2772 3892 13.6601
2772 5741 41.6239
2772 6317 81.6909
2772 7602 55.652
2773 4496 34.9896
2773 6470 36.8722
2773 7416 50.1322
2773 7537 45.4323
2773 8589 85.2318
2773 9232 7.09827
2774 6391 54.6674
2774 8562 39.5938
2774 9466 50.4094
2775 3731 59.1815
2775 6730 58.2456
2776 7937 54.0992
2776 8209 50.9617
2776 9179 51.1271
2777 3077 32.5698
2777 3466 28.6659
2778 3557 14.1921
2778 5922 72.5615
2778 7023 54.7209
2779 2947 44.202
2779 3440 96.2178
2779 4524 108.013
2779 4663 40.933
2779 9254 63.8309
2779 9429 58.0338
2780 3068 75.8867
2780 6025 129.959
2780 8695 104.063
2781 3517 75.9718
2781 7761 18.4555
2781 7936 118.61
2782 4435 118.474
2782 8713 121.679
2783 3630 107.159
2783 6568 105.846
2783 9204 47.3845
2784 5787 46.8281
2784 7592 24.1386
2785 4477 70.5667
2785 5153 19.0774
2786 5759 34.0193
2786 6341 4.15909
2786 7100 31.9609
2786 7314 33.221
2786 7390 65.8779
2787 8243 53.9806
2787 9408 67.375
2788 3423 90.3634
2789 3580 57.8932
2789 5928 26.9241
2790 4105 20.6505
2790 6417 10.7171
2791 3941 16.3991
2791 6861 27.7051
2792 3945 73.6033
2792 4201 34.8973
2792 5712 89.8936
2793 6066 84.3172
2793 6173 22.0739
2793 8816 68.1907
2793 9425 97.0543
2794 2892 56.5961
2794 5021 39.7139
2795 3465 114.612
2795 5121 53.8924
2795 5458 75.4909
2795 6426 38.44
2796 5983 50.0741
2796 7612 39.3182
2796 8147 45.8412
2796 8263 73.7303
2796 8719 23.6983
2797 3627 30.8672
2797 5370 102.006
2797 9139 65.9596
2798 4226 86.0331
2798 8942 13.4598
2798 9487 60.1964
2799 9284 54.3082
2800 3603 69.4245
2800 4221 77.891
2800 8001 34.7299
2801 5160 104.527
2802 5103 44.7282
2803 7450 33.1781
2803 7879 53.6373
2803 8264 68.2252
2804 7052 23.2104
2804 7505 59.1786
2804 9231 46.5023
2805 5462 63.5265
2805 7036 24.8147
2805 8159 50.7879
2806 5102 46.2783
2807 3901 64.1593
2807 7775 21.0832
2808 3190 70.6187
2808 3952 70.5839
2808 4096 43.7606
2808 4987 62.5325
2809 3151 19.3509
2809 7461 37.6485
2810 3181 34.6901
2810 5810 85.9113
2810 8180 28.1571
2810 8203 54.6611
2811 8353 67.3362
2811 8915 108.181
2812 3605 61.1877
2812 3691 115.005
2813 4912 51.6927
2814 5016 69.07
2814 6138 89.0435
2814 8693 104.301
2815 6079 69.6531
2815 8676 60.7067
2816 6243 122.029
2816 6542 91.2451
2816 7349 16.8874
2817 5360 46.3538
2817 8327 56.2677
2818 4322 45.3119
2818 7994 22.8675
2819 5569 81.322
2820 6999 109.806
2820 7136 25.4818
2820 8123 34.8906
2821 4100 74.5308
2821 8485 75.9809
2822 8733 79.242
2822 9244 49.5891
2823 4269 49.9088
2823 4900 96.8425
2823 7368 73.9231
2823 7510 67.1189
2824 4203 94.9046
2824 5687 62.359
2824 7374 21.4894
2825 2993 24.0717
2825 3737 66.0957
2825 5835 47.8162
2825 7473 64.7423
2826 3434 31.5451
2826 7989 64.4995
2827 4415 80.3591
2827 7092 86.8199
2828 7815 82.8756
2828 9459 117.483
2829 4975 48.5109
2829 5712 107.467
2830 4005 45.3104
2830 6222 59.8775
2830 6908 55.4959
2831 5515 39.1971
2831 7027 62.6087
2832 2941 35.3444
2832 3582 43.8834
2832 3726 25.432
2832 5120 54.2851
2832 7025 47.9691
2832 7739 80.5568
2833 4610 92.3839
2833 8073 54.7074
2833 8736 33.931
2834 5416 58.6376
2834 7098 35.8991
2834 8270 35.4911
2835 7256 93.297
2835 9110 24.1388
2836 4814 3.75694
2836 5848 55.7866
2836 9191 102.669
2837 4695 76.5294
2837 8502 58.4369
2837 8742 39.2107
2838 4315 40.2147
2838 4550 60.9869
2838 6521 80.6645
2839 6272 42.2571
2839 6613 27.6015
2839 8810 62.822
2840 6184 12.3168
2840 6419 62.7459
2841 4417 9.42687
2841 5081 63.4057
2842 4452 91.6827
2842 8653 39.5469
2843 7935 50.03
2844 2989 40.9958
2844 9457 40.3595
2845 5278 89.9328
2845 5962 50.8817
2845 8423 78.367
2845 8514 101.926
2845 9463 79.3057
2846 3708 82.0211
2846 4627 96.3985
2846 7475 41.7459
2846 8927 39.637
2847 3079 105.63
2847 8274 70.4434
2848 2913 110.531
2848 5393 70.6096
2848 8247 61.9027
2849 3103 67.2932
2849 8345 36.0377
2850 3111 78.3203
2850 7223 88.2285
2851 5116 16.8453
2851 9124 50.693
2851 9382 60.0729
2852 2923 59.9987
2852 3972 113.656
2852 4097 40.6161
2853 3953 72.9251
2853 6543 100.183
2853 7493 49.1539
2853 8253 115.297
2854 9235 74.6147
2855 3218 84.2821
2855 6270 34.3905
2855 9533 112.542
2856 4449 28.8399
2856 6349 15.2811
2856 8145 62.4058
2857 5186 33.2007
2857 6260 46.8932
2857 7723 40.1957
2858 4462 64.6763
2859 3351 32.2378
2859 8344 56.4002
2860 3032 29.3853
2860 4372 54.6673
2860 4929 45.5512
2860 5868 5.31151
2860 6954 16.0375
2860 7035 45.6201
2861 3594 81.1012
2861 9481 91.9944
2862 4120 26.5005
2862 4737 38.3324
2862 6767 35.692
2862 6923 67.0687
2863 5658 49.3273
2863 7667 81.3938
2863 8074 112.848
2864 4197 75.3998
2864 5317 71.4474
2864 6063 46.6422
2864 7339 49.6574
2865 7307 78.1645
2865 7333 39.378
2865 7970 15.793
2865 8994 13.7392
2866 6003 38.6371
2866 7222 59.868
2866 8811 67.0832
2867 3777 26.1713
2867 5650 97.8031
2867 8209 74.3569
2867 9478 39.1564
2868 4799 23.4447
2868 6599 101.954
2868 9312 90.5246
2869 4337 52.7558
2869 4616 63.1539
2869 4651 38.2143
2870 3980 23.0211
2870 6250 79.293
2871 7610 63.7106
2872 4416 99.0002
2872 8606 39.1419
2873 5389 30.6626
2873 6186 19.7408
2873 6584 45.0536
2874 3947 68.1004
2874 4485 115.678
2875 5991 26.9681
2876 4583 54.3952
2876 5005 27.3101
2876 7090 27.0187
2877 4410 34.4849
2877 8385 42.6166
2878 4881 63.3366
2878 5498 45.4617
2878 5668 60.5047
2878 7915 35.9008
2878 8809 49.3943
2878 9438 26.4228
2879 5180 62.9841
2879 8804 39.9845
2880 5359 18.0016
2880 7137 121.58
2881 4971 92.3123
2881 8595 54.6473
2881 9381 20.3469
2882 3273 69.8076
2882 4495 43.7898
2882 6910 57.2116
2883 5485 43.8265
2883 6114 62.3014
2884 3416 46.0322
2884 6507 62.9814
2884 8971 56.4312
2885 4749 39.845
2885 5156 20.1237
2885 8919 47.0605
2886 3448 35.6552
2886 5540 44.7592
2886 7928 29.6995
2887 3222 15.5931
2887 3341 26.368
2887 6791 34.8861
2888 3159 77.7884
2888 7313 48.0368
2889 3432 54.0523
2889 3599 95.7978
2889 7513 53.3899
2890 5629 39.9873
2890 6588 26.7677
2890 9216 32.2789
2891 4307 43.8581
2891 5798 83.7504
2891 7737 94.5778
2892 5021 128.851
2892 5734 72.9261
2893 4715 94.7053
2893 7942 54.0222
2893 8868 78.5043
2894 7308 68.4334
2894 8591 66.2734
2895 3350 72.2334
2895 5017 38.115
2895 5355 143.973
2895 8193 64.4256
2896 6834 74.9798
2897 3702 55.19
2897 4144 39.4929
2897 6693 28.824
2897 8256 31.589
2897 8280 79.6199
2898 6980 63.9544
2898 7978 69.4373
2898 8016 85.0185
2899 4323 61.5131
2899 5170 80.5352
2900 4366 94.217
2900 4788 85.0157
2901 4696 87.6236
2901 7253 54.9934
2901 8474 56.5381
2901 8870 99.3408
2902 8493 121.593
2902 9394 52.165
2903 8491 83.3117
2904 2981 70.5325
2904 3925 123.375
2904 4294 107.976
2905 7976 52.2631
2905 9184 89.3627
2906 4114 16.2761
2906 4507 16.6812
2906 5670 63.7248
2906 7557 53.1796
2907 2926 96.9778
2907 3359 32.5738
2907 7073 57.505
2907 8224 55.617
2908 7693 62.7792
2908 7891 100.132
2908 8691 51.4021
2909 3238 64.9206
2909 5459 63.3888
2909 6085 55.8714
2910 6645 29.7463
2910 8857 92.3315
2911 7518 92.636
2911 7892 66.8878
2911 8675 16.6801
2913 3785 62.4011
2913 8247 72.7102
2914 3254 62.8043
2914 3895 88.9791
2914 6276 32.0323
2914 6789 19.2065
2914 8624 25.3932
2915 4072 69.038
2915 9247 89.3614
2916 5322 118.377
2916 6065 60.943
2916 6161 28.581
2916 8610 58.5109
2917 4006 72.4418
2917 4840 44.1885
2917 6745 49.3408
2918 7401 56.0235
2918 8252 60.8731
2918 8275 26.5276
2918 9475 58.6663
2919 5063 66.4375
2919 5343 104.101
2919 6058 52.676
2919 9243 35.5612
2920 5338 77.2461
2920 5619 49.2745
2920 9009 81.4599
2921 4379 112.361
2921 7240 85.89
2921 7559 71.996
2921 9523 131.621
2922 3401 43.0251
2922 4214 24.9913
2922 5000 36.1382
2922 8212 33.795
2923 2938 52.5292
2923 4097 81.9589
2923 7560 19.8181
2923 8378 151.315
2923 8950 53.1759
2924 3405 79.3964
2925 4340 54.4516
2925 4473 57.1646
2925 5216 30.46
2926 3216 22.4747
2926 5197 37.5234
2927 6116 43.4853
2927 6838 66.0254
2927 8947 50.3333
2928 8165 109.118
2928 9442 59.6241
2929 3331 63.1012
2929 6552 54.5898
2930 6695 82.5182
2930 8013 20.7832
2930 8121 24.9293
2930 9224 32.8345
2931 3282 75.5492
2931 4469 3.95029
2931 5788 72.7364
2931 9581 121.64
2932 3583 30.6829
2932 4614 67.8039
2932 4906 72.7899
2932 8996 4.10885
2933 4815 34.2558
2933 7740 24.5255
2935 3813 40.1687
2935 5955 21.397
2935 9070 15.7491
2937 4593 104.861
2937 5445 34.5694
2937 7483 24.9297
2937 7802 38.2136
2937 9083 35.4468
2938 7560 102.533
2939 3725 60.9175
2939 6934 120.682
2940 4782 105.874
2940 4949 98.8052
2940 5095 9.17387
2941 3726 35.0424
2941 4625 50.6616
2941 5812 54.6482
2941 8543 75.1599
2943 3612 96.4268
2943 7029 55.3314
2944 5254 109.812
2944 6053 61.0295
2944 8517 61.1772
2945 4801 10.7281
2945 5718 63.372
2945 8121 57.4093
2945 8150 53.9957
2946 4535 99.6543
2946 7244 79.2118
2947 9254 17.0527
2948 7912 31.6878
2948 8008 26.8617
2948 8223 53.55
2949 6262 53.2617
2949 9473 28.9352
2950 5919 22.898
2951 4517 83.1245
2952 6635 59.1427
2953 3089 36.731
2953 7690 90.5829
2953 8768 32.081
2954 3631 86.0853
2954 5580 35.9226
2954 8467 107.966
2955 2988 16.9833
2955 3179 31.8087
2955 3197 43.3766
2955 8916 95.5371
2956 7630 95.1794
2956 8184 6.97481
2956 8434 61.7452
2956 8955 61.449
2956 9129 70.9642
2957 3137 47.9383
2957 5157 43.7096
2957 8568 63.1842
2958 5290 41.7511
2958 7714 96.0639
2959 5930 48.7979
2959 6271 32.4469
2959 7183 4.00282
2959 9422 84.3437
2960 5241 26.0933
2960 7112 47.0767
2960 8619 81.9105
2961 7616 96.2925
2961 8488 41.3744
2962 3536 109.179
2962 6856 78.7255
2963 6875 65.1679
2963 7818 1.87754
2964 6590 52.3954
2964 7053 59.8934
2964 8698 61.2303
2964 8985 73.8553
2965 3375 66.4274
2965 7093 41.3837
2966 4289 58.2337
2966 9289 118.978
2967 3125 10.4454
2967 5743 105.685
2968 4409 87.501
2968 4831 16.3333
2968 9595 78.385
2969 6045 34.022
2969 8585 29.4293
2969 9419 36.0153
2970 4510 114.804
2970 6108 108.667
2971 8528 26.0753
2971 8829 15.1372
2972 7130 58.2385
2972 7816 51.1209
2973 3372 48.4533
2973 5299 34.5724
2973 9368 110.621
2974 5300 43.4567
2975 6677 68.2242
2976 4401 9.93458
2976 5877 45.8398
2976 7309 43.4137
2977 5926 105.33
2977 8582 84.8217
2977 9441 63.9642
2978 7050 46.1246
2978 7908 58.3047
2979 5471 110.448
2979 6026 95.4739
2980 3704 87.9475
2980 4074 40.6365
2980 4211 75.92
2980 4463 48.7264
2982 3597 43.0209
2982 4195 68.829
2982 9128 128.574
2983 5501 29.3616
2983 9263 93.4929
2983 9591 57.5891
2984 4609 45.7106
2984 9372 64.6815
2984 9591 97.7008
2985 3757 27.1985
2985 4448 102.635
2985 6375 55.8498
2986 4236 43.7823
2986 4699 114.374
2986 4701 35.7016
2987 6017 29.7655
2987 6491 13.0888
2987 8645 44.0523
2987 9344 45.2386
2988 3179 28.792
2988 3197 25.1558
2989 3356 14.5819
2989 5330 28.4839
2989 8969 42.3776
2990 7227 49.4499
2990 8489 63.8373
2990 9024 75.1226
2991 4844 31.5096
2991 6224 19.7941
2991 6373 29.8373
2991 6960 4.62148
2992 3415 52.165
2992 4648 78.0479
2992 6704 62.6546
2993 5835 34.1181
2993 7473 50.5835
2994 6614 15.4693
2994 7388 25.8611
2994 8458 38.1974
2995 3383 44.4781
2995 4137 76.0052
2995 6642 67.8245
2995 8282 55.5236
2996 4738 29.6276
2996 5590 29.293
2996 9241 46.4789
2996 9479 28.3908
2997 3770 24.8813
2997 4194 70.1257
2997 4659 113.071
2997 6416 72.6031
2998 4121 54.4481
2998 5014 67.2127
2998 6792 67.1326
2999 4305 59.3693
2999 7353 26.4522
2999 9016 62.2338
3000 9298 72.9218
3001 3642 36.5045
3001 7111 66.0904
3001 8837 11.7665
3002 3098 54.6745
3002 5087 55.9067
3002 6380 49.5912
3002 9573 40.1952
3003 6300 87.9926
3003 8825 47.9584
3003 9200 67.8323
3004 3710 70.0423
3004 7470 27.4796
3004 8762 90.4847
3005 4423 92.3868
3005 4760 92.7899
3005 9411 104.799
3006 5603 20.5962
3006 6057 64.7867
3006 8344 48.8441
3006 9003 31.2308
3007 3473 52.2856
3007 3564 68.8604
3007 5842 59.9698
3007 6136 78.6209
3008 7795 118.133
3008 7908 84.6258
3009 3977 89.6647
3009 7463 51.8257
3010 3171 23.2618
3010 5689 87.7889
3010 5921 70.7794
3010 6752 54.7685
3010 8889 45.8035
3011 6239 61.194
3011 6754 90.9011
3012 7337 53.639
3012 7664 38.2402
3013 3113 98.2657
3013 3291 86.2316
3013 3532 43.6452
3014 3985 82.7916
3015 4882 56.5629
3015 6586 19.6908
3015 6912 53.3415
3015 7414 63.7167
3015 7624 10.3373
3016 5822 98.3
3016 8885 69.8414
3017 7027 56.9534
3018 5139 122.009
3018 7760 80.1741
3019 3385 57.4417
3019 6823 68.0914
3020 5019 60.0774
3020 6957 72.7759
3020 7683 53.785
3020 8842 24.2578
3021 8794 59.8397
3022 6515 55.3853
3022 6778 39.5464
3022 8094 44.2684
3022 9078 30.2991
3023 6866 95.4597
3023 8612 14.1164
3023 9282 134.054
3024 6862 80.4038
3024 7198 77.8637
3025 3705 93.9531
3025 4917 78.1224
3025 7252 87.9763
3026 3450 90.8828
3026 5999 57.1905
3027 3072 48.4336
3027 7371 44.6224
3027 7831 26.6695
3027 9364 68.1853
3029 3100 8.84262
3029 3543 53.369
3029 6435 55.6846
3030 5312 64.6631
3031 3995 77.6633
3031 4166 78.2898
3031 8005 31.9323
3032 4372 38.4129
3032 5868 33.215
3032 6954 21.4693
3033 4126 115.848
3033 5546 41.6644
3033 6847 59.633
3034 4202 44.2237
3034 4230 84.4796
3035 3333 53.0291
3035 7037 52.5424
3035 7973 87.1211
3035 8403 66.1342
3035 9509 61.3121
3036 7944 55.5594
3036 8205 22.1394
3037 3513 101.301
3037 4455 30.0376
3037 8304 88.203
3038 3157 106.445
3038 3349 83.7242
3039 7172 105.01
3039 7888 16.4709
3039 9294 43.3659
3040 5065 30.7733
3040 5576 45.8586
3040 9190 60.6239
3041 6821 9.67522
3041 7869 51.5425
3042 4066 69.238
3042 7159 83.0867
3042 7486 17.6826
3042 8172 24.1592
3043 3082 31.0868
3044 3844 79.9481
3044 3960 42.4004
3044 5871 46.4593
3044 8232 39.0775
3044 8557 127.137
3045 8462 55.3424
3046 9099 64.9538
3046 9489 35.6354
3047 3142 11.8293
3047 4510 45.2329
3047 4782 58.1906
3047 7702 94.5192
3047 8946 47.7162
3048 3252 81.0289
3048 3970 44.3562
3048 5676 6.65137
3049 3244 88.7367
3049 3909 87.6095
3049 4429 81.7454
3049 6743 17.1987
3050 6718 87.237
3050 7410 68.1204
3050 8687 70.5352
3051 5388 108.897
3051 8252 48.3675
3052 6435 56.6049
3052 7161 22.7687
3052 7676 59.2016
3052 8706 94.7128
3053 4295 16.2499
3053 5427 5.13463
3053 6683 12.4769
3053 7819 68.9473
3053 9223 13.8293
3054 4624 38.0812
3054 4887 12.7343
3054 5611 72.0274
3055 4020 45.404
3055 8640 42.553
3056 3834 70.2773
3056 7520 72.3474
3056 8438 140.297
3057 5089 30.2582
3058 6800 68.5434
3058 6970 54.9893
3059 5195 91.5419
3060 3545 57.292
3060 9113 39.3191
3061 4519 63.4984
3061 8577 20.1383
3062 3264 26.3804
3062 4470 27.9058
3062 6689 26.6044
3063 6103 146.749
3063 8847 113.749
3064 5522 141.149
3064 6955 5.32202
3064 7872 78.6746
3065 8364 30.9727
3066 3804 22.6546
3067 4109 68.6011
3067 6503 58.4955
3067 8499 32.6401
3068 6936 79.9791
3069 7351 21.7874
3069 7880 29.4302
3070 3159 38.541
3070 5505 9.32587
3070 7844 30.9497
3071 3245 23.354
3071 4935 48.992
3071 4954 50.5356
3071 5532 19.3875
3071 6628 51.0648
3072 3131 74.6175
3072 3878 50.46
3072 5691 59.4025
3073 4087 59.0063
3073 6293 55.1262
3073 9154 68.8711
3074 5354 98.8484
3074 6948 171.376
3074 8292 29.9937
3075 5235 60.7848
3075 7595 64.652
3076 8315 109.195
3077 3466 42.5286
3077 6314 63.1087
3078 3535 70.3218
3078 4854 57.8615
3079 4565 31.5056
3079 8274 43.3121
3080 4033 7.71947
3080 6968 44.9116
3081 3207 11.8978
3081 7563 25.4196
3083 3738 29.2582
3083 4308 22.7273
3084 5424 106.6
3085 3888 61.6969
3085 4178 65.5072
3085 7435 101.565
3085 8495 71.7307
3086 4395 39.8038
3086 7527 75.5389
3086 7890 45.667
3087 3987 39.6647
3087 4027 28.688
3087 7479 53.7332
3088 4487 56.088
3088 5795 42.7401
3089 7645 95.2619
3089 8178 51.0885
3089 8768 54.4019
3090 3150 44.4703
3090 4484 29.1974
3090 8315 32.162
3091 3738 35.7712
3091 4308 36.9314
3091 4480 63.0984
3092 5393 92.1876
3092 6759 20.6449
3093 4526 35.2864
3093 6178 87.3761
3093 6348 36.6366
3094 5190 34.6342
3094 7156 63.1468
3094 7585 12.6241
3095 6985 87.4581
3095 7548 68.3402
3096 6083 100.377
3096 6549 107.487
3096 9105 116.947
3097 3404 27.369
3097 3485 21.2261
3097 3624 61.9939
3097 6302 42.4251
3098 5087 51.5797
3098 7142 75.4423
3099 8546 51.4549
3099 8823 36.2696
3100 3543 40.6702
3100 7404 73.8028
3101 6312 52.475
3101 8428 20.8683
3101 9118 43.0362
3102 4219 87.7808
3102 5989 53.896
3102 6345 52.1356
3103 3514 29.9078
3104 4018 42.465
3104 7844 31.0035
3104 9508 34.7934
3105 3169 32.1422
3105 4761 34.7386
3105 6314 14.6611
3105 8335 5.25273
3106 3331 140.091
3106 5412 40.7631
3106 7258 33.6178
3106 9391 55.6162
3107 4868 30.61
3107 5694 26.8806
3107 7389 49.1945
3108 3981 20.1465
3108 5904 35.6119
3108 6325 107.938
3109 3324 49.9874
3109 5148 25.0626
3110 4893 34.4128
3110 6033 45.4245
3110 6407 67.6474
3111 3285 81.1176
3111 5831 8.39387
3111 6731 73.4307
3112 5091 72.445
3112 6024 54.3587
3112 6940 71.601
3112 8720 60.7097
3113 7053 137.103
3114 3971 61.1882
3114 5557 47.2475
3115 4237 32.3529
3115 9443 93.0712
3116 3192 54.7502
3116 6710 39.384
3116 7462 54.3166
3117 5896 56.9542
3117 6795 101.958
3117 6930 117.683
3118 3261 10.3497
3118 8555 13.2868
3119 5853 51.3985
3119 8394 3.44385
3120 3827 55.4371
3120 4285 97.9006
3120 4595 15.0642
3121 5385 97.9557
3121 6702 51.5543
3121 9533 94.9108
3122 6225 42.8782
3122 8925 77.3415
3123 4885 30.9056
3123 9053 38.1502
3124 3380 25.6345
3124 6086 66.6366
3124 6299 67.6832
3124 9017 42.4289
3125 5743 94.2907
3126 4009 51.5255
3126 8066 54.3669
3127 3395 25.0717
3127 4119 27.4875
3127 8049 20.3452
3128 3590 13.1293
3128 6228 23.7549
3128 6856 83.127
3128 7331 34.1993
3129 3486 69.5659
3129 5351 53.118
3129 8830 34.2568
3130 4425 84.432
3130 5587 125.895
3130 6485 92.1746
3131 3878 49.165
3131 5691 43.603
3131 6443 110.187
3132 4067 66.2893
3132 4407 56.8539
3132 8729 48.9454
3133 3149 33.5254
3133 9558 79.0245
3134 5060 25.3582
3134 5106 46.4131
3134 9161 83.6352
3135 5945 116.894
3135 8068 59.2694
3136 3930 155.945
3136 4347 76.9826
3136 5833 86.7621
3136 9007 117.895
3137 5157 56.4127
3137 7854 60.1712
3137 8568 58.9887
3138 5141 76.314
3138 5811 79.0335
3138 6071 43.9483
3139 6304 67.9511
3139 7398 63.3936
3140 6635 53.0228
3140 7918 61.3047
3141 3328 52.8656
3141 4514 85.6031
3141 5364 59.1075
3141 5378 55.1478
3141 6128 68.1029
3142 4782 24.7123
3142 8946 25.4983
3143 5450 108.745
3144 5304 110.588
3144 8574 86.1581
3145 3521 23.361
3145 7963 71.3571
3146 3940 71.7315
3146 4418 39.8578
3146 5786 29.9194
3146 6848 80.8941
3147 4711 32.3742
3147 9210 30.7325
3148 3671 60.3554
3148 6135 37.5477
3148 6462 74.484
3148 9059 33.8563
3149 7030 50.4822
3150 4484 46.3973
3150 5451 109.02
3150 8315 84.7196
3151 6477 46.6582
3151 7461 19.4381
3152 3551 52.5115
3152 9278 52.6034
3153 5035 65.8608
3153 8435 52.2751
3154 5455 47.2073
3154 7805 55.1765
3154 8940 72.4241
3154 9424 71.5394
3155 5666 117.899
3155 5989 72.8976
3155 7242 125.833
3156 4031 66.6662
3157 4634 164.962
3157 5154 16.2689
3158 3657 35.9151
3158 4561 63.6807
3159 5505 41.2868
3160 3773 48.9104
3160 6810 68.2016
3161 5736 51.1139
3162 8175 40.735
3162 8511 77.2638
3163 5906 31.7221
3163 7123 39.8867
3164 3194 57.2319
3164 5604 44.211
3165 4394 46.1024
3165 4821 83.5084
3166 7882 46.3257
3166 9195 89.0233
3166 9539 46.1103
3167 5345 53.3928
3167 6607 81.521
3167 7965 55.6914
3168 3922 68.1454
3168 6362 70.7112
3169 4242 68.9536
3169 6314 36.1009
3169 8335 24.9644
3170 4996 102.156
3171 7812 86.9148
3171 8889 14.3768
3172 4848 100.706
3172 5433 83.5625
3172 9080 167.758
3173 3279 60.0656
3173 9484 93.0272
3173 9517 104.283
3174 4970 80.6911
3174 6742 101.672
3175 3531 19.2517
3175 4034 20.8033
3176 6182 59.0168
3176 6966 74.7592
3176 7752 38.422
3177 5143 6.20819
3178 3857 15.4522
3178 4741 32.1804
3178 6564 14.7532
3178 8793 24.0947
3179 3197 31.9709
3179 6658 74.6454
3180 6603 86.6605
3180 7745 54.8529
3180 9260 48.8106
3181 3209 59.8455
3181 7008 56.9743
3181 7326 52.8711
3181 8180 14.7754
3181 8203 78.4517
3182 5231 85.689
3183 6924 96.9031
3183 7291 44.9313
3184 3778 60.4648
3184 5356 84.1468
3184 9566 85.4379
3185 5753 89.6473
3185 8082 32.1179
3186 3399 49.156
3186 3743 50.2612
3186 6617 23.9952
3186 8565 45.2948
3187 3421 96.365
3187 4199 94.0381
3187 6937 73.0093
3187 8709 39.1264
3188 3584 27.0542
3188 4548 117.351
3188 8197 45.1705
3189 4248 82.0452
3189 5308 89.0368
3189 7126 50.0231
3190 4096 44.289
3190 7342 46.0971
3191 6037 88.942
3191 6427 41.3071
3191 6703 70.0722
3191 9264 25.4333
3192 5663 63.1657
3192 6710 84.9526
3192 6798 74.1302
3193 3276 54.2037
3193 5062 62.1653
3193 5554 66.488
3193 8244 82.8684
3194 3688 43.2551
3194 5604 41.2301
3195 3608 67.3576
3195 8264 86.2564
3195 9119 60.3947
3196 3699 115.153
3196 5377 93.2294
3197 4151 88.9659
3198 6619 65.8389
3198 8580 14.3067
3199 8354 142.456
3200 3350 57.6254
3200 3367 63.751
3200 5375 58.8723
3200 6043 38.0903
3201 3259 101.796
3201 4851 28.2644
3202 6547 97.4368
3202 7867 89.9803
3203 5160 16.9177
3204 3229 30.6658
3204 6463 120.779
3204 9051 37.2031
3205 3783 61.2854
3205 8978 88.4851
3206 3905 18.908
3206 4010 86.2636
3206 4371 84.9824
3206 7744 66.787
3207 3391 41.002
3207 7563 46.2586
3208 5205 38.1235
3208 6025 71.8773
3208 8528 86.6237
3209 7008 62.4756
3209 8180 56.4026
3210 7647 61.0106
3210 8115 22.5074
3211 4396 80.3198
3211 7572 17.9884
3212 4357 84.1973
3212 6366 30.0129
3212 9502 86.6114
3213 3259 83.9426
3213 3953 111.817
3213 7493 66.9175
3214 4732 63.766
3214 5252 34.3772
3214 7609 80.5381
3215 4779 69.3413
3215 5310 78.547
3215 7648 55.6263
3215 8677 34.8276
3216 4731 46.3192
3216 5197 19.3554
3217 5621 70.8857
3217 5841 56.2748
3217 6550 53.7597
3217 8962 65.7016
3218 5146 54.5788
3218 5217 39.8024
3219 4363 95.5036
3219 9550 99.4479
3220 3316 72.4717
3220 4937 125.329
3220 5109 67.883
3221 5454 151.203
3221 6913 24.0468
3222 3341 28.4016
3222 5136 85.6618
3222 6791 57.6293
3223 4332 69.2659
3223 4672 103.509
3224 5577 67.6073
3224 9534 19.1409
3225 6250 66.3095
3225 7053 25.7894
3226 4620 31.2446
3226 8948 43.6363
3226 9229 32.3853
3227 4505 45.9667
3228 5769 83.9204
3228 6009 75.763
3229 9051 70.6491
3230 5163 70.8593
3230 9520 51.6916
3231 3435 99.347
3231 6708 33.2231
3232 4266 105.799
3232 4875 127.763
3232 5497 40.1185
3233 8592 97.3532
3234 4029 55.5104
3234 4822 17.1523
3234 5707 36.0895
3234 7049 22.3942
3235 8935 80.7876
3236 5561 96.2768
3236 6049 88.5554
3237 3747 35.4118
3237 4736 40.9842
3238 4140 50.3173
3238 8320 90.5427
3239 6845 28.5957
3239 7933 74.754
3239 8348 15.1215
3240 7106 53.3778
3240 8536 51.9483
3241 5844 29.3395
3241 8120 42.8649
3242 4188 11.8412
3242 6280 45.6994
3244 3909 61.9995
3244 4429 94.0764
3245 4391 61.1289
3245 4954 92.0458
3245 5532 42.0156
3247 6807 30.289
3247 9413 87.5884
3249 4799 122.968
3249 6599 19.1513
3250 7406 43.5487
3250 7749 45.9019
3250 8379 41.4195
3250 8966 57.2916
3251 5382 90.2271
3251 8325 44.1174
3252 3970 54.2453
3252 4368 60.9986
3253 6839 53.242
3253 8665 44.4524
3254 8624 105.037
3255 3745 101.888
3255 8735 65.08
3255 9555 126.922
3256 4773 75.2186
3256 7893 129.361
3257 4432 12.6848
3257 8010 49.4092
3258 3274 24.5487
3258 5511 110.984
3258 9187 59.3838
3259 4851 80.0836
3260 8872 20.6252
3260 9145 39.0438
3261 8555 5.25794
3262 8613 60.0365
3263 5618 106.104
3263 6286 69.6911
3263 9529 35.7666
3264 4470 45.9475
3264 4650 37.9411
3264 5286 69.6786
3264 6689 19.8129
3265 5320 38.0249
3265 5750 104.73
3265 6763 76.1226
3265 6869 120.552
3267 3637 34.0085
3267 3715 56.936
3267 8351 50.1866
3268 4720 51.1559
3268 6907 60.5036
3268 7760 105.581
3268 7823 94.8463
3269 6235 36.0371
3270 7237 71.1061
3271 5061 31.0023
3271 6814 91.1321
3271 9550 75.0425
3272 5038 43.3195
3272 5055 87.7969
3272 7695 70.6437
3273 4495 39.6686
3273 9050 73.9018
3274 8375 94.5232
3274 9187 38.4256
3275 5645 81.3752
3275 7487 69.9442
3275 9272 52.7798
3275 9386 60.5501
3276 8244 64.405
3276 9323 65.3724
3277 4999 99.779
3277 6335 79.7039
3277 7738 40.2527
3278 4186 4.94049
3278 7700 78.0528
3279 8558 56.7219
3279 9484 104.178
3280 6901 60.0073
3280 7343 137.005
3281 6440 39.1926
3281 7131 26.984
3281 8921 23.2137
3282 4469 46.5769
3282 5374 59.7862
3282 9581 152.567
3283 8042 37.7112
3283 8831 69.087
3284 3347 76.0864
3284 3951 30.9051
3284 4052 18.564
3285 3982 11.0189
3286 3408 57.7001
3286 4590 17.6028
3286 7606 34.9264
3286 7833 66.2004
3287 7579 40.9043
3287 7612 31.836
3287 8719 38.4039
3288 8530 60.0764
3288 8609 51.6072
3289 4603 66.8702
3289 6726 16.4137
3290 4615 75.9724
3290 5125 103.861
3290 5828 69.3381
3291 3532 132.124
3292 3583 44.3539
3292 9351 80.8606
3293 3307 43.2779
3293 6760 21.5624
3293 8863 69.5113
3294 4930 37.9081
3294 8926 14.1321
3295 3822 41.5391
3295 5930 59.9461
3295 6814 112.647
3296 6437 60.6786
3296 8125 45.3824
3297 3940 58.4031
3297 4635 76.4797
3298 5610 82.9939
3298 6172 20.9693
3298 7069 90.3896
3298 7367 72.1516
3299 3729 50.3643
3299 5275 18.6467
3300 7748 55.1282
3300 7992 97.6475
3300 8980 29.2668
3301 3484 33.2696
3301 8668 169.614
3302 5622 84.7997
3303 4682 115.42
3303 8760 97.7182
3303 8800 89.8921
3304 3312 68.56
3304 7275 36.6038
3304 9471 48.9566
3305 5221 45.3418
3305 7725 70.0526
3305 8328 79.0356
3306 5188 17.4739
3306 7316 93.7925
3306 8126 82.1359
3306 8190 92.8371
3307 6760 44.264
3307 7525 59.6921
3307 8863 62.9268
3308 7248 49.1406
3308 7283 72.4359
3308 8051 44.4678
3309 3571 31.3444
3309 5513 49.0622
3309 6571 65.583
3310 3768 70.442
3310 7692 20.6527
3310 8881 53.4769
3311 4313 36.5601
3311 8833 32.695
3312 7275 77.9068
3313 4257 106.43
3313 5383 69.4607
3314 4960 40.732
3314 7278 17.3689
3314 7870 46.5461
3314 8429 46.2598
3314 9384 69.0151
3315 3879 115.188
3316 5109 58.0089
3317 5530 37.7919
3317 6921 72.9659
3317 8131 65.1861
3318 5446 4.692
3318 7562 53.009
3318 8240 66.779
3318 9168 43.0249
3319 5993 27.5261
3319 6664 31.5901
3319 8204 34.2641
3319 8750 76.2473
3320 7447 148.154
3320 8235 74.2749
3321 8255 74.5321
3321 8634 41.8956
3322 6518 85.6181
3322 9426 80.0895
3324 5148 48.6341
3324 9465 35.7785
3325 6029 52.6881
3325 9035 96.0552
3326 4910 54.435
3326 5011 53.2854
3326 5058 47.1904
3326 8236 62.6582
3327 4637 16.5092
3327 5596 37.1977
3327 5679 92.1275
3327 9514 33.7289
3328 5364 9.38537
3328 5378 86.7068
3329 3535 110.041
3329 6112 56.7736
3330 6585 56.5172
3330 6632 10.3419
3330 6647 95.2547
3331 5412 115.709
3332 4790 97.4986
3332 6099 53.3644
3332 6495 39.83
3332 9026 79.6922
3333 7037 121.782
3333 7973 45.9845
3333 8403 33.5146
3334 4519 8.03107
3334 8135 63.0446
3334 8527 44.3771
3334 8577 51.6121
3335 3456 38.5509
3335 3599 54.2622
3335 4004 47.3073
3335 7513 38.3899
3336 4661 63.7768
3336 4986 43.3367
3336 7753 48.12
3337 7133 52.6554
3337 8700 25.9818
3338 4604 78.1042
3338 5545 25.8608
3338 6381 56.3246
3338 6589 74.0632
3339 4958 42.5928
3339 4969 52.2685
3339 8968 20.6049
3340 6308 63.8007
3340 7997 69.5057
3340 8287 67.0506
3341 6791 33.4598
3342 7230 32.4498
3342 7235 16.7455
3343 3700 23.4374
3343 6915 29.5284
3343 7150 45.701
3344 3402 72.1203
3344 4143 40.2846
3344 8715 43.4644
3345 5526 38.2654
3345 7444 101.11
3345 8245 55.6158
3346 6475 60.0877
3346 6696 68.7182
3346 7477 45.2243
3347 3951 62.9577
3347 4052 96.1558
3348 3869 55.5135
3348 4083 64.1977
3348 4155 27.6977
3348 5009 26.3287
3348 7318 7.34816
3349 7026 38.0095
3350 5017 26.7931
3350 8567 38.6092
3351 4909 102.528
3351 8358 48.7397
3352 3587 37.7387
3352 6982 48.2448
3352 7250 32.5249
3352 9135 40.9829
3353 4921 55.4664
3353 5256 32.8443
3353 7258 38.0941
3353 9391 30.9279
3354 7594 63.0191
3354 8913 32.128
3355 5395 55.9839
3355 5520 26.5623
3355 6001 45.0937
3356 4259 61.9245
3356 5330 17.1244
3356 8969 41.54
3357 5504 56.8807
3357 6431 31.7083
3357 8737 83.5001
3357 8978 111.382
3357 9412 32.0803
3358 5201 77.2635
3358 5486 108.365
3358 7967 44.3723
3359 7073 96.2405
3360 5898 71.5077
3360 5983 36.0268
3360 7612 90.8552
3361 4060 102.618
3361 5432 81.6655
3361 7509 53.5632
3362 3506 98.4188
3362 8239 30.127
3363 4373 100.815
3363 7848 87.8929
3364 8848 68.0298
3365 4175 36.622
3365 6366 49.1595
3365 6995 27.7847
3367 4296 28.6014
3367 5375 57.5969
3368 6138 77.8384
3369 3881 33.7872
3369 8771 69.4719
3369 9140 9.49841
3369 9492 54.711
3370 8626 50.3928
3371 5247 12.7824
3371 5633 19.6449
3372 5299 15.5424
3373 5969 11.4643
3373 8522 65.1661
3374 5336 38.4003
3374 6156 126.679
3375 5059 44.9637
3375 7093 84.5109
3375 8751 40.2331
3376 3379 73.5573
3376 5245 11.2424
3376 8072 106.365
3377 3954 54.0602
3377 6021 117.206
3378 6056 91.2652
3379 4791 54.2089
3379 5245 75.0787
3379 8127 30.0982
3380 6086 40.6656
3380 9017 63.7212
3381 3920 56.3109
3381 4433 38.1454
3381 6867 69.7785
3381 8018 29.0387
3381 8427 49.2697
3382 5326 56.0597
3382 8512 74.5518
3383 5289 36.4693
3383 8282 24.3658
3384 6390 44.5151
3384 7397 73.3112
3384 7575 68.2981
3384 7905 23.2885
3385 5538 46.6302
3385 6823 33.1829
3386 3762 62.8863
3387 6842 64.8576
3387 7743 111.658
3388 4272 56.962
3388 5056 163.623
3388 7792 49.0967
3389 4393 31.8461
3389 4805 10.8234
3389 5937 45.9801
3389 7511 28.4555
3390 3597 89.4396
3390 6934 99.3902
3391 6399 63.8707
3391 7563 57.0285
3391 7979 70.8833
3393 8655 86.1379
3394 3411 46.9258
3394 3758 18.4627
3394 7877 37.7417
3394 8835 17.8567
3395 4119 35.8818
3395 8049 64.28
3396 7113 8.07527
3396 7134 10.9832
3396 9014 50.5899
3397 3604 73.7768
3397 5318 106.394
3397 9596 159.301
3398 5536 45.7364
3398 8460 51.3595
3398 9303 31.1488
3399 6198 32.4048
3400 4345 55.6212
3400 6143 47.3416
3400 7663 40.8787
3400 7769 42.5985
3401 4214 48.7946
3401 4353 53.8478
3401 5000 34.6497
3401 8212 42.6959
3402 5298 34.6874
3403 4678 43.396
3403 6562 88.6641
3404 3485 44.3313
3404 3624 49.9685
3404 6302 53.7117
3405 6329 95.5168
3405 6962 60.9052
3406 3796 25.2997
3406 4381 39.3175
3406 5347 11.4074
3406 7782 12.2482
3407 4388 53.2167
3407 8022 21.0767
3408 4590 45.641
3408 4916 49.4978
3409 7422 44.3209
3411 8835 58.2033
3414 5381 44.7305
3414 9388 53.9323
3415 6704 41.2144
3415 9503 63.3528
3416 8251 84.6704
3416 8971 60.4996
3417 5366 27.3617
3417 6549 80.8311
3417 6987 77.7321
3417 9498 36.8563
3419 3688 52.8213
3420 8343 33.2
3421 5760 90.8827
3421 6937 89.1949
3421 8709 66.1321
3422 5240 21.4805
3422 8853 76.1783
3423 9292 51.6526
3424 4970 70.9498
3424 8501 78.1487
3425 3452 39.8707
3425 5592 42.3767
3425 7914 29.3895
3426 3520 72.4346
3426 9265 64.5897
3426 9484 28.8824
3426 9517 30.9318
3427 4880 119.168
3427 6558 96.3314
3427 7541 68.2771
3428 8516 55.0987
3428 8605 34.3293
3429 6488 48.491
3429 8149 123.374
3429 8812 33.258
3430 5889 25.9167
3430 6042 74.2409
3430 6561 86.5966
3431 6679 81.8402
3432 5669 42.1563
3432 6574 57.3753
3432 8508 43.3195
3433 4418 59.9816
3433 5721 36.3145
3434 7989 127.936
3435 6182 105.745
3435 6487 57.7195
3436 6545 90.9968
3436 9041 77.9537
3436 9042 91.5764
3437 5277 80.4239
3437 8988 46.1474
3437 9322 44.6325
3438 4944 60.8126
3438 6002 20.6546
3438 7051 132.211
3438 9577 113.683
3439 5180 56.7804
3439 5479 20.1119
3440 4524 75.5314
3440 7529 54.6189
3441 4919 65.897
3441 6659 36.7736
3442 7959 54.7632
3442 8402 37.2101
3443 8117 18.7327
3444 6718 125.333
3444 7741 49.9432
3445 4094 47.7543
3445 7947 26.909
3445 9104 53.8173
3446 7923 137.661
3447 4849 99.51
3447 7041 75.5644
3448 5540 6.88849
3449 5686 100.71
3449 6156 90.7331
3449 9045 83.7033
3450 5191 59.7225
3450 9269 94.1498
3451 4908 64.19
3451 6675 71.3751
3452 4466 71.236
3452 5592 14.9075
3452 7914 84.4838
3452 8835 45.0406
3453 6552 56.9054
3453 9018 37.5025
3454 3740 34.4637
3454 4155 42.832
3455 5995 52.8912
3456 3599 21.594
3456 4004 65.7364
3456 7232 77.0621
3457 5582 79.3894
3457 9099 67.4301
3457 9334 13.4802
3458 4552 45.4972
3458 4711 48.5233
3458 7059 35.9881
3459 5227 77.7943
3459 6327 84.1657
3459 8845 82.534
3459 8932 91.5594
3460 7635 61.3487
3460 8371 36.5434
3460 9415 17.7979
3461 5104 78.911
3461 7866 3.91203
3462 6221 32.8425
3462 8579 30.9182
3463 7666 77.9112
3463 8410 62.7937
3464 3786 72.2397
3464 6951 86.4161
3464 7646 11.8181
3465 5142 122.095
3465 9507 124.813
3468 6705 150.615
3468 8168 99.9679
3469 4397 63.4645
3469 7354 56.4986
3469 7765 29.6497
3470 4962 89.9261
3470 4974 91.9537
3470 6016 7.85496
3471 5484 60.8723
3471 6999 79.8507
3471 8904 77.339
3472 3720 36.0631
3472 6566 94.9325
3472 9460 45.9938
3473 3564 48.2367
3473 3592 48.3994
3473 5842 93.1098
3473 6904 109.675
3474 3629 125.674
3474 6988 60.1486
3474 8587 119.774
3475 5440 74.7109
3475 6102 102.841
3475 6123 50.781
3476 3902 69.9535
3476 7387 67.5194
3477 5751 20.7102
3478 5985 18.2022
3478 6722 67.0867
3478 8590 51.527
3479 5440 63.7978
3479 6102 62.2937
3479 9503 25.2287
3480 4798 24.3031
3480 7583 25.8693
3481 4040 50.5855
3481 9291 33.699
3482 4867 56.0982
3482 8607 22.9888
3483 7140 70.5565
3484 8668 94.9184
3485 3624 51.3629
3486 5351 16.7719
3487 5564 59.2439
3487 6338 1.88324
3487 7974 72.9393
3487 9063 74.6425
3488 6900 16.702
3488 7007 28.6506
3489 7730 78.4999
3490 3999 9.53306
3490 7005 43.7016
3491 5004 95.848
3491 7351 66.638
3492 4497 48.2491
3492 5813 75.5916
3492 6355 82.9914
3492 6408 34.1621
3493 5413 78.4313
3493 8352 60.3509
3493 9215 41.0268
3494 5642 79.848
3494 8381 78.7233
3495 4007 42.1646
3495 5023 21.8891
3495 9562 63.3713
3496 8865 34.1433
3496 9096 83.8082
3497 7795 86.0879
3497 7968 67.8061
3498 6064 17.6573
3498 7940 78.0455
3499 4099 50.6687
3499 5672 28.8785
3499 6210 69.1174
3499 6694 20.4864
3499 9231 67.1803
3500 3544 58.9668
3500 7772 36.8167
3500 8644 80.2394
3501 5082 83.999
3501 8234 27.8163
3502 5099 39.0322
3502 6241 27.1873
3502 8276 39.6678
3503 6991 44.9759
3503 7987 12.6779
3503 8398 104.326
3503 8494 62.2267
3504 4075 32.4392
3504 5101 36.9346
3504 5468 44.2189
3505 4465 61.8265
3505 4912 87.6254
3505 4943 53.864
3506 6847 70.1568
3506 7670 67.4824
3507 4443 4.88335
3507 5622 62.9152
3508 4289 36.0984
3508 5068 82.5233
3508 9289 4.29136
3509 4232 76.0759
3509 4949 91.8634
3509 5902 88.7551
3509 7066 105.362
3509 7804 97.8684
3510 6429 18.8024
3511 7930 48.4297
3511 8554 71.8601
3512 4710 46.2735
3512 4907 85.1336
3512 5847 82.8305
3513 4455 56.0177
3513 6418 98.6045
3514 8525 108.357
3515 3567 10.5466
3515 4657 28.7228
3515 5232 43.8378
3515 8298 60.6988
3516 4894 50.3417
3516 7881 20.6728
3517 7659 54.8621
3517 7761 63.8112
3518 4377 35.6462
3518 5294 45.1849
3519 4054 31.4428
3519 5207 52.903
3520 4837 88.846
3520 5174 20.2012
3520 9265 32.3093
3521 7963 93.4691
3522 3862 49.1073
3522 4255 22.7376
3522 5072 49.3426
3522 7906 39.3167
3522 8641 35.008
3524 6077 49.7011
3524 6152 58.6176
3525 3667 115.871
3525 5357 98.467
3525 8311 83.7232
3526 6988 117.076
3526 9577 59.2813
3527 7372 38.4346
3527 7480 38.8347
3528 6059 34.6671
3528 6379 38.7734
3529 5502 13.6882
3529 6144 118.15
3529 6260 38.0207
3529 7723 68.9218
3530 6193 32.9197
3530 6298 44.7468
3531 3736 54.9902
3531 4034 30.7363
3532 4220 52.4703
3532 5467 85.6358
3533 5476 63.914
3533 7535 44.4223
3534 4562 69.4925
3535 6112 73.1634
3536 5047 12.4344
3536 8561 22.7343
3537 3884 90.4688
3537 5464 40.4096
3537 6279 10.1498
3537 8195 44.62
3538 5764 75.5828
3539 3588 39.512
3539 4544 53.1359
3539 6676 40.3424
3539 7639 41.1842
3540 9181 67.4043
3541 5279 32.1888
3541 9139 75.9978
3542 5321 30.1658
3542 7170 58.7584
3542 9245 35.2476
3543 7404 28.7683
3543 8258 52.9904
3544 7772 33.6588
3545 6533 72.9952
3545 9113 94.6535
3546 5255 17.6523
3546 7165 20.3953
3546 7497 62.2089
3547 7437 31.8846
3548 4626 24.5164
3548 5424 25.3087
3548 5824 58.624
3548 7766 51.4376
3549 4591 58.1719
3549 5365 113.422
3549 9468 94.9134
3550 4007 39.7573
3550 5023 33.1686
3550 9434 84.7501
3551 9278 43.1583
3552 3958 74.5246
3552 8477 17.2793
3553 3747 69.2617
3553 4075 53.8531
3553 4374 71.8905
3554 7875 57.2733
3555 7709 102.969
3555 8755 66.8141
3556 5335 49.5453
3556 9382 58.3973
3557 7023 42.6103
3557 8942 86.3268
3558 3654 81.0751
3558 5219 18.6897
3558 8910 73.5552
3559 7690 62.409
3560 6895 63.6409
3560 7960 37.0725
3560 9396 10.3493
3561 4281 41.9894
3561 7519 99.9772
3561 9242 59.3904
3562 4571 49.5719
3562 5014 29.3722
3562 6792 87.0658
3562 9325 91.9964
3563 4333 144.104
3563 8443 72.9172
3564 3592 67.6575
3564 6904 67.9626
3565 4118 40.1527
3565 5902 72.6314
3565 8688 43.7072
3565 8744 68.4022
3567 4657 24.9368
3568 5390 7.53991
3568 5507 39.1783
3568 5644 90.5213
3569 6478 28.1197
3569 6609 47.9083
3570 4895 73.4916
3570 6107 63.9281
3571 5513 52.1619
3571 6571 41.1358
3572 4192 80.7795
3572 4940 33.2988
3572 7836 36.0911
3572 8211 56.0689
3573 4111 36.2758
3573 5396 90.5414
3573 7384 121.343
3574 4336 106.718
3574 4587 42.7455
3575 3706 67.1365
3575 7043 73.742
3575 7209 57.5009
3576 5929 30.0473
3576 6817 63.6743
3577 6146 90.4714
3577 6249 22.2123
3577 7175 66.568
3578 4177 8.00623
3578 4606 53.4204
3578 6819 37.6508
3579 5313 28.6207
3579 5942 12.8951
3579 6889 58.5845
3579 7643 41.7973
3579 7722 44.862
3579 9470 63.3796
3580 5928 57.0875
3581 4205 7.45471
3582 3726 28.6444
3582 7025 15.0277
3583 8996 49.5178
3584 4548 65.0627
3584 8197 90.3477
3585 4360 75.7307
3585 6641 84.351
3585 8832 17.6377
3586 4116 86.4806
3586 5361 121.547
3586 9094 25.4751
3587 6982 8.77318
3587 7250 51.0073
3587 8192 71.3796
3588 6939 121.991
3588 7639 37.3711
3588 7814 89.7982
3589 7300 81.9788
3589 8168 35.3201
3589 8535 95.3465
3590 6228 18.6914
3590 6856 85.6994
3590 7331 20.2363
3591 5042 73.2801
3591 9230 64.9932
3592 6904 22.0735
3593 4081 22.9645
3593 5801 29.8596
3593 7680 62.1764
3593 8813 56.2236
3593 9038 136.669
3595 4621 80.3579
3595 8684 88.37
3595 9349 32.0426
3596 4602 32.3633
3596 5306 90.1273
3596 7747 46.9078
3597 4532 86.4276
3597 4842 74.8608
3598 4244 5.81173
3598 7457 69.1562
3599 4004 90.4338
3599 7232 47.5066
3599 7513 42.3775
3600 3886 101.32
3600 5244 45.9956
3600 5713 29.1907
3601 5301 74.96
3601 7063 156.099
3601 7443 44.1158
3601 8648 142.241
3601 9549 96.8136
3602 4068 83.3541
3602 6564 93.4218
3602 8968 113.507
3603 5910 34.3289
3603 8001 32.7607
3604 5318 95.1215
3604 5887 20.9366
3605 3691 43.5091
3606 7017 92.3068
3606 8506 138.473
3607 5912 31.8533
3607 6793 10.8403
3608 8949 40.4262
3609 3882 40.5917
3609 4410 47.6168
3609 6361 41.0991
3610 6357 49.5012
3611 7853 46.514
3611 7954 44.2626
3611 8054 49.068
3612 4091 109.439
3612 5237 62.0324
3612 7029 109.018
3613 7089 51.8091
3613 9195 48.3084
3614 4575 76.2692
3614 8618 105.365
3614 9256 47.3264
3615 4576 28.2739
3615 5508 20.4199
3615 5825 46.1795
3615 6183 82.1015
3615 9331 46.1429
3616 4189 53.7191
3616 4953 57.3875
3616 6261 77.1767
3616 8457 21.6993
3616 8997 95.3479
3617 4607 87.3581
3617 8850 96.5195
3618 5763 40.0345
3618 6845 74.5125
3619 4224 40.1218
3619 8391 91.8409
3620 4635 34.8379
3620 5337 100.356
3620 8040 66.328
3621 3673 42.7555
3621 4193 16.9152
3622 4131 93.05
3622 7887 71.8692
3623 4264 42.2329
3623 4288 47.8976
3623 6073 76.1345
3625 4240 80.0772
3625 6201 66.9198
3625 6471 5.68743
3625 8143 53.0911
3625 8756 79.8882
3626 3914 90.3541
3626 8901 41.6873
3626 9207 66.8618
3626 9326 50.7313
3627 5370 45.0145
3628 5559 28.0187
3628 7536 107.916
3628 9132 101.391
3629 5071 97.789
3630 3701 103.173
3630 4152 73.4026
3630 7256 70.6766
3630 9204 66.4121
3631 5123 30.9733
3631 5580 78.1518
3631 8467 65.8356
3632 5477 31.9137
3632 7019 13.9373
3632 8011 36.3876
3633 8544 1.44038
3633 9150 51.9475
3633 9345 31.1303
3634 8097 113.382
3635 5782 76.3565
3635 8377 88.1469
3635 8846 33.8938
3636 5472 36.5811
3637 8020 58.1532
3638 4012 68.212
3638 7382 24.6189
3638 7391 8.67712
3639 5123 33.1829
3639 8483 44.195
3639 9373 57.5871
3640 4344 32.3277
3640 7524 73.3994
3641 6337 39.1134
3642 5192 35.371
3642 7111 52.3391
3642 8837 35.6616
3643 5862 8.27408
3643 6888 11.7965
3644 5715 77.5533
3644 9471 73.203
3645 4295 13.6324
3645 5427 30.4279
3645 6683 24.0483
3646 7245 56.5475
3646 8476 34.9112
3647 4350 132.693
3647 8385 97.2503
3648 4430 71.6917
3648 8875 89.9019
3648 9121 85.2774
3649 3895 70.966
3649 6409 4.20774
3649 8103 33.7069
3650 4218 30.642
3650 7043 16.0075
3650 7209 42.1985
3651 4599 117.006
3651 6853 58.5105
3652 4354 71.4681
3652 6698 84.6808
3652 7213 92.3358
3653 6527 13.9455
3653 7348 35.2098
3653 7783 113.91
3654 5219 63.5225
3654 5813 52.3093
3654 8780 9.32165
3654 8910 7.466
3655 6094 124.953
3655 6285 90.0244
3656 4115 65.1179
3656 4282 98.504
3656 4957 87.6801
3656 5252 88.2577
3656 7523 62.6767
3657 4561 43.2778
3658 8598 68.4906
3658 9012 95.9629
3658 9049 48.4235
3659 8786 86.7422
3660 3781 51.0135
3660 3828 112.73
3661 4500 142.399
3661 9008 96.4391
3662 5519 58.537
3662 8028 38.1251
3663 6044 57.2645
3663 6724 36.7004
3664 8454 25.0779
3664 9077 44.288
3665 7316 136.759
3665 9244 61.1998
3665 9318 67.3078
3666 4617 48.1677
3666 5315 83.5708
3666 9028 32.9247
3667 5005 94.9249
3668 5346 70.6394
3668 7600 51.6444
3668 9338 70.9842
3669 4850 40.5686
3669 5264 31.7275
3669 5747 71.1689
3669 6569 25.5392
3669 9092 45.1309
3670 4733 88.5562
3670 4824 39.0833
3670 4945 97.4855
3670 5407 37.4782
3671 8610 37.7731
3671 9059 24.4605
3671 9493 54.5654
3672 6956 29.4307
3673 4193 50.8072
3674 6230 44.4036
3674 7899 60.7147
3675 7909 90.5871
3675 8414 26.039
3676 4984 37.6829
3676 5357 77.9316
3676 7593 84.8283
3676 8273 69.1095
3677 6513 76.2284
3677 7032 87.8219
3677 7128 89.704
3677 8299 74.5482
3678 7822 29.1649
3678 8905 71.1513
3679 4717 73.8372
3679 5555 45.9505
3679 5748 73.3028
3680 4825 44.152
3680 5797 31.8188
3680 6776 76.3559
3680 8390 19.0793
3680 9367 79.5834
3681 5992 54.1662
3681 9273 61.6931
3682 8300 32.0295
3682 9493 139.135
3683 5193 8.68164
3683 6459 82.534
3684 9306 48.6277
3685 4660 78.9656
3685 6096 60.3228
3685 7446 67.3753
3686 7627 44.2579
3686 8814 44.2019
3687 4007 77.592
3687 6775 37.9372
3687 8360 66.8043
3687 9562 42.1838
3689 3911 76.3969
3689 4789 88.7013
3689 7295 57.9913
3689 8718 74.1957
3689 9287 52.6401
3690 6009 69.1882
3690 8659 46.0536
3690 9375 28.416
3691 6436 61.1827
3692 5984 28.7377
3693 3852 111.256
3693 5971 27.0198
3693 6528 61.2383
3693 7554 47.2458
3694 5324 188.73
3694 7103 106.089
3694 8706 40.2723
3695 4617 69.2102
3695 7594 96.5624
3695 9115 54.3489
3696 6030 38.8163
3697 7860 89.7496
3697 8243 57.3994
3698 4403 51.8448
3698 6945 69.1791
3699 9020 87.6386
3699 9225 61.5025
3700 6915 13.187
3700 7150 55.71
3701 9204 108.617
3702 5012 130.578
3702 6693 56.0829
3702 8280 66.7172
3703 7709 35.7363
3703 9347 65.3587
3704 4211 18.6324
3705 7155 65.9687
3705 7238 82.4967
3706 3962 33.4748
3706 4218 47.4262
3706 5714 56.9819
3707 8101 26.4332
3707 8713 103.907
3708 4627 78.7381
3708 8927 120.068
3709 4013 77.4877
3709 5576 104.828
3710 4187 117.978
3710 7470 52.5382
3710 8762 62.6348
3711 5197 63.0998
3711 7064 78.9699
3711 8896 67.6094
3712 4612 49.2978
3712 5674 11.8727
3712 6819 43.6481
3713 5800 99.1049
3713 6938 49.8122
3713 9491 133.352
3714 5376 14.4407
3714 6282 32.3001
3714 7497 31.8489
3715 8351 28.011
3715 9531 56.4657
3716 5306 64.4748
3716 7246 35.6003
3716 7747 120.822
3717 5105 20.4643
3717 5429 30.366
3718 6540 31.6557
3718 7495 66.0035
3718 8064 10.9866
3718 9152 93.3567
3719 8039 52.0338
3719 8747 43.2248
3719 9473 54.9197
3720 5710 88.5432
3720 6247 43.466
3720 6566 48.154
3721 6492 85.5763
3721 9087 59.3391
3722 6394 76.9437
3722 7791 2.94346
3723 4669 45.8141
3723 5931 16.6676
3724 5215 50.9846
3724 6326 71.1494
3724 6450 89.053
3724 7755 12.143
3725 6934 72.6285
3727 3755 12.4449
3727 9239 72.5348
3727 9496 100.358
3728 7071 119.184
3728 8283 54.9321
3729 5275 44.1298
3729 8966 15.2512
3730 4366 58.2922
3730 5913 54.3365
3730 7204 20.8449
3731 5405 91.1236
3731 6906 14.536
3731 8415 33.5921
3732 6017 85.1489
3732 9344 107.747
3733 3950 17.3491
3733 4925 12.6216
3733 8649 23.9203
3734 6233 12.2314
3734 6398 78.08
3734 9447 122.581
3735 7095 104.937
3735 8825 132.506
3735 9200 36.9126
3736 6883 22.8917
3737 4456 58.139
3737 6505 85.9646
3738 4308 44.5562
3739 6519 99.8865
3740 4204 50.4611
3740 6288 63.8333
3740 8155 34.5593
3741 4994 57.6196
3741 7761 89.3076
3741 7936 62.412
3742 7039 4.15956
3743 4093 89.687
3743 5898 77.056
3743 6617 16.833
3743 8565 27.7126
3744 6619 51.7713
3745 8024 3.26157
3745 8735 18.221
3746 6997 27.8791
3746 9074 42.7988
3747 4736 94.4339
3748 4722 130.371
3749 4556 28.0657
3749 7147 34.3629
3749 9148 82.9902
3750 4515 53.6574
3750 8711 63.4431
3750 9333 46.5488
3751 8659 55.7889
3752 4739 41.3772
3752 5654 63.8816
3752 8631 33.7977
3753 3940 72.3483
3753 5965 68.3559
3754 5598 58.812
3755 9496 60.8308
3756 5287 89.5993
3756 5724 40.3168
3756 7206 32.3303
3756 7773 78.2733
3756 9486 25.5181
3757 4448 114.075
3757 6375 39.8771
3758 7877 34.6665
3758 7911 78.4579
3758 8835 32.672
3759 3771 55.4978
3759 4110 99.4707
3760 8007 54.4921
3760 8381 83.3345
3761 4073 43.7702
3761 4534 42.9582
3761 6661 21.3965
3762 7719 37.4155
3763 4723 55.238
3763 4896 45.0562
3764 5646 15.6843
3764 8461 56.778
3765 4982 34.0615
3765 9431 12.8628
3766 7788 9.18609
3766 9305 84.8201
3766 9452 105.42
3767 3990 56.2781
3767 6363 48.2237
3768 6367 81.4061
3768 7692 101.261
3769 3939 84.1763
3769 6374 51.4882
3770 4194 62.6087
3770 4659 120.341
3770 6416 59.0496
3771 5591 47.0289
3771 9422 134.555
3772 7976 132.223
3772 9234 79.2595
3773 6938 41.2431
3773 9491 60.8527
3774 5575 33.1781
3775 7372 55.7504
3775 7445 61.5757
3775 7480 21.8368
3776 4191 59.884
3776 6270 94.8771
3776 8153 122.899
3777 8209 120.04
3777 9478 16.4129
3778 5735 51.3706
3779 4714 61.3923
3779 5362 61.4113
3780 7902 63.648
3781 5742 54.4183
3782 7558 40.2016
3782 7966 79.9602
3782 9397 72.148
3783 4273 47.8496
3783 9183 98.1412
3784 4006 96.7764
3784 4640 64.4825
3784 4956 81.9142
3785 6952 66.9613
3785 8208 79.8674
3785 8247 61.4113
3786 7646 60.8291
3787 4046 25.1855
3787 4716 25.0336
3787 7385 59.2933
3787 8884 131.406
3788 4754 46.3323
3788 9178 47.1792
3788 9256 45.9434
3789 5612 79.9726
3789 7569 91.9224
3790 5579 88.9063
3790 6709 55.3021
3790 7637 25.4833
3791 4796 19.9974
3792 5018 35.4427
3792 8310 55.283
3792 8552 78.0069
3793 5996 10.4111
3793 6288 77.514
3793 8692 95.6704
3794 5158 15.6597
3794 5428 49.6192
3794 8790 49.2891
3795 5242 74.3258
3796 4381 28.5122
3796 4787 53.7233
3796 5347 34.916
3796 6920 68.7845
3796 7782 27.96
3797 4433 57.5474
3797 5485 61.0125
3797 8427 84.7376
3798 5448 94.8825
3798 7849 42.6679
3798 8378 94.2818
3799 4845 77.8606
3799 5535 39.9999
3799 5869 21.9511
3799 5887 64.9129
3800 4725 23.1368
3800 7531 49.3649
3800 8469 144.721
3800 9559 23.8641
3801 5059 33.2613
3801 6604 54.3815
3802 3974 45.1242
3802 7378 72.8883
3802 9071 39.8
3803 3922 63.8544
3804 4272 77.1601
3805 4885 33.5512
3805 5097 25.5056
3806 3913 69.2067
3806 4058 59.8399
3806 6054 52.8487
3806 8029 61.0808
3806 8137 30.3457
3807 4900 79.1955
3807 8163 85.7983
3807 9161 87.4469
3808 5162 97.7283
3808 8251 63.351
3809 6180 14.9229
3809 6868 63.4013
3810 4633 47.8901
3810 8884 40.0888
3810 9151 82.4052
3811 5596 80.0618
3811 7558 68.3541
3811 7966 27.2285
3812 4150 36.307
3812 5282 29.8412
3812 5500 88.4275
3812 6244 52.5325
3812 8384 26.6751
3813 6715 50.615
3813 7919 38.1927
3813 9070 48.566
3814 4228 121.364
3814 7379 97.8088
3815 7904 64.2004
3815 8648 53.3629
3815 9549 75.0325
3816 8998 21.2436
3817 6336 75.6706
3818 5891 40.2737
3818 7151 30.5757
3818 8142 112.907
3819 9277 80.1642
3820 5859 85.7951
3820 7217 87.8732
3821 4113 91.6505
3821 4358 15.3782
3822 5930 34.6101
3822 8451 27.2373
3823 4108 94.7453
3823 5416 11.9636
3823 7098 50.743
3823 9005 39.7213
3825 6119 57.9479
3825 7212 135.618
3825 8548 69.934
3826 6625 50.446
3826 8930 95.9831
3826 9228 60.4792
3826 9407 61.8788
3827 4285 88.4687
3827 4390 59.4547
3827 4595 87.9206
3827 7586 34.873
3828 8621 80.0844
3829 6170 153.436
3830 7048 91.1628
3830 7192 102.367
3831 5403 102.809
3831 5534 95.0277
3832 4891 83.8953
3832 7321 52.4443
3832 7532 46.268
3833 4838 92.4494
3833 5220 51.2637
3834 5294 53.8512
3834 7520 96.6649
3835 7261 53.9498
3835 8533 126.342
3836 5227 28.0347
3836 6142 84.9524
3836 8845 126.763
3837 4142 116.672
3837 8622 38.5338
3837 9585 73.2585
3838 4182 50.4917
3838 7083 26.506
3838 8696 53.0663
3839 6858 68.8898
3839 7186 93.018
3839 9106 18.9493
3840 4929 80.3166
3840 8855 16.0614
3841 5341 100.721
3841 6863 35.5716
3842 4174 96.3951
3842 8636 92.8139
3843 5998 21.8018
3843 6452 119.978
3844 5871 20.7215
3844 6758 50.405
3845 6134 83.3494
3845 7663 89.8183
3846 5078 68.7673
3846 7462 88.9907
3846 8505 84.4474
3847 3849 59.37
3847 5537 47.0863
3848 5643 59.9148
3848 6023 116.098
3848 7626 31.7077
3849 5537 92.776
3850 7889 22.2809
3850 9090 39.3336
3851 4407 26.4683
3851 4928 48.8189
3851 8422 48.8914
3852 3859 83.3446
3852 6528 78.6456
3852 7554 63.4477
3853 5150 87.7615
3853 7519 29.8724
3853 8632 70.7208
3853 9352 89.0051
3854 7092 2.27837
3854 7303 36.2194
3855 7697 71.2488
3855 9228 31.8059
3855 9407 37.6352
3856 7819 54.3698
3857 4741 7.98195
3857 8339 77.8249
3857 8793 15.2211
3858 4874 47.3887
3858 5480 40.3665
3858 9084 49.7131
3859 6398 70.767
3859 7667 119.741
3859 9177 43.4904
3860 4767 50.1041
3860 7449 86.5213
3861 6425 59.9824
3861 7584 89.5969
3861 9329 63.3226
3862 5072 3.36323
3862 6320 51.4621
3862 6433 52.0155
3862 7906 46.1181
3863 4259 34.2557
3863 6983 12.4918
3863 8187 66.5681
3864 6533 84.2392
3864 7180 87.5518
3864 7830 70.0324
3865 6256 18.9234
3865 7347 34.6833
3865 9570 64.2676
3866 5490 32.9776
3866 5499 60.5555
3866 7642 50.2674
3866 8584 54.1227
3867 5615 75.9069
3867 5926 85.0053
3867 7544 82.8116
3868 5117 36.9923
3868 7413 70.9016
3868 8642 43.7576
3868 8983 59.8986
3869 4083 35.213
3869 5009 43.2921
3870 8010 26.2779
3870 8062 11.0604
3870 8853 42.8962
3871 9164 55.337
3872 4983 58.7715
3873 7661 13.344
3873 8309 54.7766
3874 4748 49.0915
3874 6060 30.1887
3876 4339 118.2
3876 7602 114.426
3876 9346 152.082
3877 6698 54.2751
3878 5691 14.1285
3879 4922 71.2471
3879 5276 60.1629
3879 5512 73.7324
3879 6385 70.3953
3880 8215 64.6513
3881 4755 51.969
3881 8183 17.2109
3881 9140 45.2777
3882 4410 47.9358
3882 6361 24.1876
3883 5194 44.9892
3883 6344 48.7353
3883 8291 50.7976
3884 5010 69.9004
3885 5917 50.9701
3885 9548 59.6699
3886 4645 70.8463
3886 4753 64.0951
3887 6297 37.3264
3887 6678 24.4466
3888 4178 21.041
3888 8495 20.7153
3890 6313 78.8337
3890 7065 41.6653
3891 5754 46.1453
3891 9115 26.2821
3892 5741 75.0522
3892 6317 55.7523
3892 7602 67.1899
3893 4911 32.9066
3893 6007 34.9405
3893 8365 55.5393
3894 4479 70.3116
3894 5305 63.8299
3896 4866 62.9015
3896 7076 36.1637
3896 9337 29.6477
3897 4752 78.8553
3897 5624 60.8102
3897 6098 27.9061
3898 6348 50.0542
3898 6884 26.5165
3898 8650 18.8416
3899 6274 85.954
3899 8600 5.90279
3899 9097 66.3899
3900 5636 32.2803
3900 8446 70.0952
3900 8737 53.8118
3901 6090 68.3533
3901 7775 45.0304
3903 7401 60.3379
3903 9475 50.8195
3903 9532 78.0934
3904 5471 44.4825
3904 5473 7.35174
3904 6872 27.1324
3905 4010 64.9272
3905 4371 110.754
3905 5108 72.9211
3906 4125 49.3046
3906 6237 84.2911
3906 8302 26.4439
3907 4064 62.3979
3907 6434 18.3159
3907 7118 48.6092
3907 7174 29.0681
3907 7312 41.7759
3908 5139 28.4855
3908 8859 77.4443
3909 4429 56.3904
3909 6743 87.7906
3910 4189 30.3469
3910 4953 63.5666
3910 5662 79.6176
3910 6508 71.7555
3910 9588 69.3708
3911 9287 44.6946
3912 5932 23.5856
3912 6317 60.6983
3912 6714 72.8922
3912 7294 84.9763
3913 4058 87.5344
3913 5752 142.858
3913 6054 27.0324
3914 5274 102.706
3914 5379 74.3208
3915 4022 85.6152
3915 8922 77.7894
3915 9056 61.9098
3916 5128 99.555
3916 5200 95.1342
3916 5803 116.197
3916 6565 71.6639
3917 4008 100.852
3918 6563 80.8916
3918 6628 107.502
3918 9119 32.6931
3919 8025 40.5971
3919 9482 81.7483
3920 4433 60.2583
3920 6867 57.7967
3921 5509 103.026
3921 7458 53.3869
3921 8952 72.0298
3923 5041 77.2112
3924 6000 28.5669
3924 7389 59.098
3924 7916 82.3285
3925 4294 40.4901
3926 4572 49.7692
3927 5952 29.6801
3927 9589 14.3222
3928 6340 43.7811
3928 8386 54.737
3929 4551 122.508
3929 4817 37.3019
3929 5809 101.259
3930 9007 37.4466
3931 4028 28.6444
3931 5690 36.2986
3931 7631 106.708
3931 8979 70.6711
3932 5692 59.7034
3933 5344 14.2615
3933 8847 32.2974
3934 6111 68.8001
3934 6497 31.4509
3934 9537 91.4368
3935 4802 93.6465
3935 8834 72.7916
3936 4136 34.3023
3936 4759 25.954
3936 6877 52.0678
3936 8657 13.4632
3937 5639 32.7393
3937 6519 32.469
3937 8053 70.0055
3938 8238 64.6207
3939 4225 130.337
3939 6374 122.038
3940 7481 90.2612
3941 6051 48.774
3941 6861 43.0877
3941 9153 109.894
3942 4126 41.9842
3942 6236 87.0561
3943 5918 82.7566
3943 9468 21.8834
3944 4992 53.5289
3944 6674 45.1095
3944 8267 23.653
3945 4201 28.1805
3945 5712 16.7987
3946 4185 49.9291
3946 7492 46.7752
3946 8026 55.8003
3947 4485 76.7489
3947 9358 82.3757
3948 4615 69.9828
3948 5574 62.9322
3949 8220 74.9286
3949 9248 104.839
3950 4132 105.321
3950 4925 8.17915
3950 7254 41.9364
3950 8649 43.518
3951 4052 58.0988
3952 4987 14.9447
3952 9567 48.1792
3953 7493 44.9865
3955 4001 36.6685
3955 4014 56.8914
3955 8099 74.9275
3956 8592 23.5278
3957 4686 78.9882
3957 7294 90.9395
3957 9170 87.1474
3958 8477 55.6902
3959 5637 93.117
3960 5920 45.6529
3960 7020 48.868
3960 8232 37.7918
3961 4402 53.373
3961 6737 23.0577
3961 9076 15.3197
3962 4840 86.9109
3962 5714 39.5933
3962 7567 42.2645
3963 7893 105.057
3963 8686 61.6387
3964 4923 62.263
3964 6010 35.6826
3964 9441 41.0266
3965 4875 121.592
3965 9109 12.8988
3966 7471 36.0146
3966 8501 43.6195
3966 8583 50.0726
3966 9354 55.4343
3967 7886 11.6535
3968 7522 41.1827
3968 8355 45.7999
3968 8757 83.7468
3969 4910 73.2322
3969 5011 30.1714
3969 7762 91.2039
3969 9153 67.7669
3970 5676 56.3307
3971 5557 33.6769
3971 7383 23.6608
3972 4097 70.1965
3972 8102 133.252
3973 4964 69.9421
3973 7036 98.6061
3973 8159 70.7323
3974 6441 66.0947
3974 9071 13.4857
3975 4207 54.0344
3975 4356 82.4883
3975 9127 91.9684
3976 6660 75.7337
3976 6830 93.9811
3977 7463 83.0287
3978 4693 70.2453
3978 4999 109.872
3978 5274 132.505
3979 7528 34.7406
3979 7854 60.102
3980 6250 72.8963
3980 9173 47.3569
3981 5000 64.8282
3981 5904 75.9288
3982 8110 35.7397
3983 5422 76.9623
3983 5780 97.9798
3983 7516 113.391
3984 4626 76.0829
3984 5052 48.2939
3984 5988 111
3986 5071 54.3503
3986 7363 33.8773
3986 8601 58.7741
3987 4027 50.5387
3987 7479 57.5851
3988 4074 59.7004
3988 6824 69.1629
3988 8974 90.744
3988 9300 36.0017
3989 5402 35.5874
3989 5925 72.4833
3989 6237 35.702
3989 8173 73.8937
3990 6363 8.86895
3991 5692 86.071
3992 4608 57.7814
3993 4523 73.2569
3993 5149 14.2112
3993 5285 20.9005
3993 5609 53.1592
3993 6811 48.8714
3994 7371 53.6245
3994 9270 56.6088
3995 4166 66.9021
3995 8005 60.7069
3996 4704 41.1611
3996 7837 45.9341
3998 5241 105.441
3998 5762 53.156
3999 7005 53.2169
3999 7492 47.4474
3999 9227 60.2863
4000 4602 74.9185
4000 8507 25.9537
4000 8574 78.4051
4001 4014 63.0247
4001 9163 76.1746
4002 7086 56.7687
4002 7466 37.4723
4002 8850 57.4274
4003 5423 32.8167
4003 6100 39.3681
4003 8033 21.7848
4003 4525 55.823
4004 6531 73.3976
4005 5238 80.344
4005 6222 89.5427
4005 6733 61.5269
4006 4840 124.829
4006 6745 31.9181
4007 5023 15.9448
4008 6050 77.3384
4008 6257 60.1918
4008 8399 77.2981
4009 8702 45.3956
4009 9587 41.9318
4010 5108 29.2952
4010 6198 41.8748
4011 6315 45.1157
4011 6601 37.9956
4012 4164 78.384
4012 7391 31.819
4013 6812 21.1455
4013 8788 43.413
4014 5723 99.4311
4015 4946 116.214
4015 9160 94.7961
4015 9277 51.1184
4016 5111 112.45
4016 6650 37.6744
4017 7099 27.909
4017 7789 31.8354
4017 8440 33.0448
4018 4161 74.2226
4018 7097 36.3565
4018 9508 25.6624
4019 6462 21.141
4019 7081 77.6305
4019 8216 82.5759
4020 4918 43.3075
4020 5178 80.7238
4020 7545 60.4217
4020 8640 26.4571
4021 5297 25.898
4021 5958 39.2117
4021 9601 48.6239
4022 6624 42.3454
4022 9056 71.197
4023 9261 58.9829
4024 7065 86.0643
4024 7861 29.3405
4024 9358 34.5382
4026 4934 9.19274
4026 5292 15.0687
4027 8011 46.8341
4028 7631 55.8103
4028 8063 65.543
4028 8979 63.7838
4029 4926 50.3029
4029 5707 12.2795
4029 7049 42.0978
4031 7387 60.9391
4032 4940 40.7055
4032 8956 52.5873
4035 4966 116.839
4035 7955 11.6068
4035 9176 82.4829
4036 5431 33.9514
4037 4102 75.7789
4037 4783 50.0009
4037 5682 70.5853
4037 7928 68.6128
4038 5010 72.366
4038 5959 83.392
4038 7920 13.1164
4039 7580 63.3546
4040 8505 78.5568
4041 6262 47.7429
4041 6837 36.5615
4041 7182 37.6842
4041 9296 93.1755
4042 5641 78.3986
4042 8369 59.3588
4043 4729 115.231
4043 8635 85.6439
4045 7034 30.3865
4045 9143 73.793
4046 4716 10.0728
4046 7012 93.5465
4046 7385 50.8784
4047 4694 73.833
4047 7655 40.983
4047 8475 13.1001
4048 5239 147.398
4048 6364 108.067
4048 6384 89.7606
4049 4153 118.206
4049 8057 46.1334
4050 5839 64.7493
4050 8228 54.8057
4051 9261 42.76
4053 6566 16.3158
4053 8261 3.21776
4054 5207 15.5207
4055 4606 96.7966
4055 5301 34.0687
4055 6365 86.7311
4056 6461 156.956
4056 8321 102.286
4056 9464 106.46
4057 7767 13.5894
4057 8008 60.7984
4057 9010 36.1856
4058 7619 66.9807
4058 8065 30.0705
4059 6892 37.0365
4059 9544 121.635
4060 5432 34.9819
4061 4437 75.6775
4061 9310 47.1765
4062 4277 31.5085
4062 4924 35.1266
4062 6298 70.278
4062 7056 112.095
4062 7988 81.7198
4062 8106 75.101
4063 7780 75.4225
4064 5997 52.8253
4064 6106 104.521
4064 7118 40.7248
4065 5163 92.344
4065 7603 92.843
4066 7486 81.0192
4067 7606 108.891
4067 9201 20.0893
4068 8793 51.7408
4069 5319 36.0328
4070 7201 56.7034
4070 8608 112.064
4070 8770 71.2508
4070 8782 55.633
4070 9169 26.1244
4071 4917 32.6301
4071 7252 81.6201
4073 6661 99.4882
4074 4463 53.1285
4074 8974 63.7373
4074 9300 37.8226
4075 4374 72.8124
4076 4087 20.033
4076 6876 17.3037
4076 7430 98.5508
4077 4321 57.5716
4077 7829 98.3407
4077 7904 118.569
4077 8897 67.7144
4078 5339 18.184
4078 7288 39.5224
4078 7341 26.5663
4078 8603 41.2267
4079 4746 55.8175
4079 5107 71.4041
4079 7808 60.5886
4080 5069 34.3193
4080 7476 28.4564
4081 5801 42.6308
4081 7680 54.7003
4081 8813 54.2653
4082 5874 75.4203
4082 9096 92.3548
4082 9286 34.8639
4083 5009 44.8229
4084 7547 31.7266
4084 8077 91.0618
4085 5978 152.299
4085 7608 43.1455
4086 5863 65.5839
4087 6876 54.0443
4088 6122 44.0823
4088 7784 40.1829
4088 8376 14.1766
4088 9116 55.9039
4089 4387 47.3183
4090 5145 97.6403
4090 9117 82.8995
4091 5237 86.3817
4091 6394 102.149
4092 7231 60.4829
4092 9467 27.5778
4092 9494 86.5545
4093 5665 72.7599
4093 5898 97.9693
4093 7045 104.732
4094 9104 23.2199
4095 5437 71.8849
4095 6634 43.1187
4095 7355 42.2668
4096 4818 50.7732
4096 7342 71.3834
4097 7560 96.268
4097 8950 77.7672
4098 5815 79.0681
4098 8728 85.9214
4099 6210 9.1519
4100 8485 90.1401
4101 7217 159.588
4101 7308 67.9123
4102 4783 78.7385
4103 7446 30.3401
4103 8114 25.5941
4103 9332 33.6694
4104 4438 111.284
4105 4685 54.6589
4105 6417 23.6126
4105 6976 63.0965
4105 9230 46.2616
4106 6129 55.2519
4106 7162 40.8011
4107 9383 57.6924
4108 4346 92.4491
4108 5416 107.266
4109 5575 82.206
4109 9417 39.2019
4110 6829 47.8166
4110 8590 107.212
4111 7384 66.9213
4112 4646 26.2022
4112 5075 68.2033
4113 4358 73.1569
4113 8851 119.648
4113 9354 75.7328
4114 4176 91.5729
4114 4507 15.3355
4114 7557 43.4385
4115 4957 12.4864
4116 6597 18.851
4116 9150 34.4852
4116 9345 35.2839
4117 4927 86.6175
4117 7707 23.9793
4117 8710 85.8504
4119 7638 106.457
4119 8049 53.4405
4120 4737 59.9493
4120 5936 74.7128
4120 6767 61.9235
4120 7574 59.3016
4120 9309 62.5306
4122 9174 104.81
4123 5006 57.3499
4123 6125 19.6967
4124 7279 57.8916
4125 8302 37.5458
4126 6236 40.6839
4127 7352 54.3461
4127 8967 124.996
4127 9050 122.492
4128 4712 21.0565
4128 5316 65.7341
4129 7208 50.7956
4129 7577 23.6885
4129 8965 57.3852
4130 4811 37.1785
4130 7402 129.605
4130 9465 116.963
4132 4925 127.719
4132 7307 85.7005
4133 4249 67.6699
4134 7435 79.894
4134 8682 44.3453
4135 7504 73.4677
4135 8752 36.2479
4136 6877 26.8826
4136 8657 42.6786
4136 8956 48.1915
4137 6642 45.2459
4138 5349 83.2729
4138 6621 56.7985
4139 4171 66.738
4139 5085 92.7227
4139 7124 63.9178
4140 5549 18.4752
4141 4577 50.8557
4141 5466 42.4471
4141 8817 66.6787
4142 4349 136.034
4142 7510 99.827
4143 5720 80.1848
4143 8363 53.2675
4144 6693 89.8355
4144 8256 6.93197
4145 4372 121.334
4146 6413 32.5585
4146 9251 55.3329
4147 4328 7.57777
4147 6980 65.5274
4147 7143 48.7613
4148 8992 106.785
4149 4275 68.8848
4150 5282 25.9077
4150 8384 71.1743
4151 4931 41.0012
4153 4906 15.927
4154 6256 72.1338
4154 6455 83.2085
4154 9570 32.5199
4155 4204 90.0196
4155 5009 54.4019
4155 7318 20.2864
4155 8155 59.7409
4156 4707 79.8084
4156 6838 108.774
4156 7105 56.2318
4156 8515 72.035
4157 7938 49.6158
4157 8412 54.1717
4158 4444 65.7391
4158 5224 38.5908
4158 7596 59.3396
4159 6737 104.323
4159 7234 38.892
4160 7362 60.9918
4160 7869 81.7891
4161 9330 81.6383
4162 4990 39.1922
4162 6453 11.305
4162 6758 23.3232
4164 4241 61.2805
4165 6811 96.6808
4166 6620 110.244
4167 4453 52.5637
4167 6765 55.6655
4167 7327 31.4279
4168 7172 63.078
4168 9282 63.8848
4169 6663 23.6453
4169 8171 49.4532
4170 4575 112.146
4170 9122 23.0601
4170 9523 79.8963
4171 5637 33.2461
4172 6892 70.7563
4172 7646 75.6683
4172 8401 118.422
4173 6766 84.9136
4173 7556 81.4565
4173 8443 70.0697
4174 5251 52.4581
4174 6805 40.2268
4175 6995 60.9295
4175 7310 56.6243
4175 9543 37.5443
4176 4507 66.1867
4177 4606 34.436
4177 6819 29.2422
4178 5429 25.8844
4178 8495 35.2682
4179 6164 65.7719
4179 9248 54.8941
4179 9321 54.6188
4180 5560 64.476
4180 8955 127.507
4180 9129 69.7918
4181 4555 49.7277
4181 6062 99.0369
4181 6783 33.6326
4182 5849 55.1178
4182 7083 20.3865
4182 8696 17.6962
4183 8405 134.783
4184 4852 11.7041
4184 6567 70.5718
4185 7005 12.5642
4185 8026 37.3446
4186 7700 50.184
4187 8762 147.683
4188 6280 28.8117
4189 4953 21.302
4189 6508 75.3002
4189 8457 21.5593
4190 6004 30.4464
4191 6270 56.6299
4192 8211 93.2148
4193 5697 98.2273
4194 5824 45.596
4194 6416 73.1724
4195 9128 32.0522
4196 4207 60.719
4196 4356 74.1105
4196 7682 24.5549
4197 6063 96.3829
4198 5262 26.3451
4198 7674 88.6508
4198 7807 98.0394
4199 4751 67.5751
4200 4828 113.456
4200 7496 70.6473
4201 5712 44.1555
4202 4230 38.7127
4202 6167 67.7948
4202 7196 65.8569
4203 5687 65.6099
4204 8155 48.7973
4206 5995 45.4755
4206 9240 49.392
4207 4356 52.6542
4207 7682 65.825
4209 5394 54.8151
4209 7489 58.6355
4209 6765 46.5493
4210 6510 39.4739
4210 8572 31.0617
4210 9575 36.3943
4212 7892 37.1382
4212 8315 61.3639
4213 5510 47.0203
4213 5900 81.047
4214 4353 48.2253
4214 5000 2.00925
4215 5397 61.7753
4215 5828 54.9665
4215 8630 35.1255
4215 9114 59.6436
4216 6771 56.6446
4216 6926 30.6623
4216 7996 41.9229
4217 4729 113.444
4217 6415 66.1395
4217 7241 97.3733
4218 7043 68.115
4218 7567 55.3071
4219 6345 40.2134
4219 7282 79.9773
4219 9141 59.5471
4220 5467 13.2577
4220 7034 111.119
4221 4270 48.3831
4221 4826 24.9657
4221 6672 46.4413
4222 5550 64.598
4222 9369 49.1772
4222 9477 89.0896
4223 5704 23.5268
4223 5882 86.9784
4224 6769 35.6976
4225 5313 64.8667
4226 9487 63.0947
4227 5878 60.1299
4228 7203 142.992
4228 9046 69.9822
4229 4651 55.8853
4229 8248 34.7107
4230 6167 49.7003
4231 4246 34.4189
4231 5970 58.5094
4231 7982 46.4588
4232 4949 35.2555
4233 5572 109.421
4233 6796 84.0158
4233 9211 79.069
4233 9549 92.5625
4234 4537 51.7162
4234 9160 54.9536
4234 9277 42.072
4235 4809 75.0538
4236 4701 33.0268
4236 8586 53.0003
4237 9443 49.8577
4238 5053 46.5126
4238 6106 90.7935
4238 9516 119.081
4239 6363 87.0791
4239 8221 72.6466
4239 8714 69.66
4240 6126 56.0025
4240 8756 20.7398
4241 9318 24.6481
4242 8458 41.4734
4243 7756 55.695
4243 8435 78.5869
4243 9181 79.147
4244 7457 99.2239
4245 5961 89.6519
4245 6812 87.2301
4245 8788 54.9142
4246 7982 104.797
4246 8421 105.307
4247 7494 70.2704
4247 9426 42.1287
4248 5308 49.1204
4248 7126 104.898
4249 5746 117.627
4249 9166 85.5769
4250 4857 112.61
4250 9497 114.912
4251 6815 33.4161
4251 8939 18.8447
4252 4998 38.412
4252 6697 52.9155
4252 8924 99.9703
4253 6785 5.65222
4253 6827 60.2925
4253 7708 106.861
4254 7492 43.0159
4254 9227 31.7127
4255 6684 116.564
4255 7906 22.0906
4255 8641 21.7384
4256 6342 78.4518
4256 7360 37.9115
4256 8662 97.677
4256 9060 42.5217
4258 6150 54.6238
4258 6963 54.6006
4258 7251 77.5447
4258 7698 15.484
4259 6983 39.3176
4260 7910 31.1279
4260 8169 46.3234
4261 5985 77.6866
4261 8590 98.9498
4262 8361 52.2463
4263 6231 56.0443
4263 7956 30.7946
4263 7980 34.9956
4264 4288 84.1431
4264 5063 74.8076
4265 4464 53.8858
4265 5159 16.8261
4265 9532 37.7323
4266 5497 32.7681
4267 7767 52.3495
4267 9010 58.5256
4268 4697 26.8026
4269 6008 22.7904
4269 7510 19.6826
4270 4440 18.3998
4270 4826 43.0237
4270 6672 39.0962
4270 9546 78.1094
4271 5410 111.87
4271 7573 80.628
4271 9175 62.1774
4272 7792 89.4381
4272 8334 68.2805
4273 9183 38.4248
4274 4326 39.5738
4274 5305 31.2834
4276 6401 126.621
4277 7056 39.7248
4277 7988 46.4563
4277 8106 83.5575
4278 5263 31.5004
4278 8118 71.367
4278 8447 43.0197
4278 9203 57.7336
4279 9324 13.3535
4280 4775 12.3826
4280 5987 47.9913
4280 6957 85.5561
4281 9242 9.19703
4281 9557 73.9477
4282 4957 116.832
4283 5911 94.4193
4283 9149 22.5729
4284 4856 48.3653
4284 6234 59.6536
4284 9414 26.5297
4285 6035 98.0222
4285 6651 50.7212
4286 5982 47.8823
4286 6137 82.2546
4287 5441 69.2075
4287 7858 39.9372
4287 9387 87.8651
4288 4757 62.2874
4288 6073 65.1736
4289 9289 31.331
4290 4379 103.237
4290 6474 65.8837
4290 7559 22.7242
4291 5737 37.023
4291 8473 27.3006
4292 4742 133.541
4292 7061 118.974
4292 7923 82.8622
4293 4511 41.3669
4293 7813 36.9913
4294 4838 74.0435
4295 5427 12.147
4295 6683 12.7079
4295 7819 59.7321
4296 7478 132.424
4297 6305 36.2448
4297 9137 48.8813
4298 4482 59.325
4298 6610 31.6536
4298 7951 30.8776
4299 5963 60.3517
4299 7226 54.137
4299 8704 34.8223
4300 5744 29.8717
4301 5896 83.5095
4301 8699 33.9885
4301 9155 120.362
4302 4579 49.4785
4302 7957 35.1618
4303 7729 76.0177
4303 8257 28.5412
4304 5739 61.7431
4304 7308 139.855
4304 7742 64.8647
4305 5851 72.2471
4305 9576 73.3636
4306 4397 78.931
4306 7016 37.7956
4306 9480 64.3179
4307 5798 46.1542
4307 8944 88.9594
4309 7580 74.0526
4310 7689 75.41
4310 8228 75.6777
4310 8787 96.3392
4311 5384 30.0804
4311 6951 72.2862
4312 8703 35.237
4313 8833 9.46367
4314 5242 50.154
4314 7028 39.2633
4314 9023 60.5794
4315 4550 46.0549
4315 6521 90.1929
4315 8899 92.0312
4316 4329 55.4543
4316 6843 31.5129
4316 7024 27.7993
4317 4941 77.5625
4317 5101 72.9511
4319 7715 62.7184
4320 4426 121.202
4320 7099 98.945
4320 7370 14.9321
4320 7789 62.5974
4321 8897 21.1122
4322 7994 63.089
4323 6851 100.289
4324 6646 50.3699
4324 7146 85.3904
4324 7332 56.3799
4324 9219 47.1878
4325 6685 30.2917
4325 8185 36.2637
4326 4479 47.1683
4326 5305 76.1807
4326 5974 125.82
4326 6166 93.9497
4327 6525 54.8723
4327 6836 45.9826
4327 7704 15.8202
4328 6980 49.4125
4328 7143 41.1585
4329 6070 7.10891
4329 6843 72.4389
4330 5398 33.6334
4330 5552 60.4619
4330 5771 60.547
4330 6609 42.3022
4331 5016 39.9005
4331 8693 78.5551
4332 4672 38.6574
4333 5365 98.6781
4333 6090 53.2899
4334 5735 75.3784
4334 6629 44.1748
4334 9598 66.9593
4335 6524 73.9244
4335 8083 62.0728
4336 4587 59.1123
4336 8806 100.705
4337 4616 6.08825
4337 4651 70.6398
4338 4974 72.5359
4338 8608 24.8082
4338 8637 64.3618
4339 6947 71.6805
4339 8694 56.9115
4339 9346 39.7546
4340 4473 16.7773
4340 5216 80.2326
4341 5814 85.1297
4341 6481 117.741
4341 6633 50.0114
4341 7671 28.1772
4342 4357 53.7575
4342 7014 55.7102
4342 7628 39.5083
4343 4926 122.002
4343 5183 114.935
4343 6579 90.8663
4343 7625 82.0035
4344 7524 40.4334
4345 7663 69.6549
4345 7769 5.57062
4346 4862 41.1293
4346 9005 74.577
4346 9042 41.5712
4347 5477 60.2719
4347 6539 111.332
4347 7618 81.7748
4348 4502 44.8838
4348 5148 67.9181
4348 7402 31.9991
4348 7684 97.4881
4349 6008 105.896
4349 7510 99.6031
4350 6315 89.2739
4350 6601 65.6245
4351 5606 14.4066
4351 7122 10.6257
4352 5456 31.2115
4352 6084 27.3115
4353 5000 38.3093
4353 6144 70.5302
4354 4901 122.063
4354 7552 93.1499
4355 5077 89.0681
4355 7330 52.3626
4355 9218 104.271
4357 9502 25.8472
4359 6307 4.17361
4359 7842 46.7607
4360 6641 29.0077
4360 8832 65.4963
4360 9433 75.607
4361 4907 58.0284
4361 7655 79.7444
4361 8904 60.0656
4362 6305 97.9622
4362 7838 137.405
4362 9137 98.1779
4363 5696 54.3293
4363 9281 142.235
4363 9550 31.3507
4364 4511 90.6057
4364 5328 23.7074
4364 9553 109.593
4365 7097 77.2049
4365 9330 29.8069
4366 5068 75.3522
4366 7204 34.8993
4367 8872 83.1332
4368 6781 41.174
4369 4812 60.3619
4369 5584 95.9869
4369 5667 68.8825
4370 4938 73.9583
4370 6907 18.9813
4370 8545 96.1107
4371 7744 18.3469
4372 6954 58.8526
4373 4677 55.4914
4373 6245 43.422
4373 7438 52.5333
4374 4412 131.158
4374 4941 104.633
4375 4597 49.2375
4375 6887 22.7894
4376 6135 56.1678
4376 6736 93.4935
4377 5294 47.8428
4377 9132 68.5846
4378 5758 50.015
4380 7484 12.394
4380 9395 41.7432
4381 5347 59.0093
4381 6920 76.0004
4382 5223 39.0939
4383 5046 135.146
4383 8254 22.4023
4384 8481 89.8177
4384 8876 54.99
4385 5129 56.6744
4385 6132 52.481
4386 5233 69.9763
4386 5905 54.875
4388 4920 67.9722
4388 7708 60.5547
4388 8022 23.3229
4389 6512 64.4861
4389 7998 74.5316
4389 8192 21.1496
4390 7586 5.92495
4391 5532 59.498
4392 4545 67.1536
4393 4805 29.6532
4393 5937 32.3467
4394 4821 66.7325
4395 5246 31.083
4395 6680 56.329
4396 7525 82.4367
4397 7765 32.8029
4398 5888 52.6334
4398 8316 44.7009
4398 8357 80.2613
4399 6430 129.061
4400 5258 138.944
4400 6940 122.422
4401 7309 24.7441
4401 9239 94.558
4402 6737 75.5573
4402 9076 30.9631
4403 6945 10.6618
4404 5612 36.8664
4404 7266 40.4118
4404 9022 77.7804
4405 4735 54.2624
4405 9072 27.6516
4406 6918 64.8251
4407 8422 58.9041
4408 4848 37.7624
4408 5433 88.0757
4408 5994 112.273
4409 4831 61.6318
4410 8385 57.0978
4411 4493 96.4289
4411 5570 46.4436
4411 9569 72.4005
4412 4941 45.9345
4413 8319 2.92329
4413 8326 92.1917
4413 8471 51.9986
4414 5616 88.1838
4414 6414 64.6435
4414 6468 94.8655
4415 9600 97.4608
4417 5081 74.5844
4418 5721 70.863
4419 6372 75.0636
4419 8160 31.2131
4419 8571 4.0401
4419 8934 34.3352
4419 9540 49.7595
4420 4790 42.6705
4420 6208 110.266
4420 8307 73.2525
4421 6407 64.5141
4421 7290 65.8053
4421 7727 77.7977
4422 4937 117.986
4422 5008 56.9485
4423 4703 26.3758
4423 4760 60.7818
4423 9411 22.2803
4424 5103 72.415
4424 5673 55.3025
4424 7210 78.8735
4425 6421 113.426
4425 6485 63.1903
4426 9494 130.229
4427 8959 58.71
4428 5050 130.418
4428 7846 45.1519
4428 8313 53.9568
4429 6743 61.8996
4430 7082 61.817
4430 8875 17.1361
4431 7824 63.6186
4431 9535 65.2998
4432 8010 36.6437
4433 8018 42.5153
4433 8427 19.2005
4434 5046 110.878
4434 5244 78.0063
4434 8663 87.7452
4435 9569 90.3035
4436 4629 53.6153
4436 8035 23.8489
4437 4694 62.646
4437 8475 116.195
4438 7015 13.6577
4439 8109 31.2763
4439 8443 102.946
4439 8639 100.697
4440 4826 44.2568
4440 6672 23.6574
4440 8647 110.908
4440 9546 94.3905
4441 4569 41.5963
4441 7745 49.3763
4442 5198 95.3553
4443 5622 89.4559
4443 7358 73.315
4444 5224 44.2782
4444 8922 103.251
4445 5434 71.2666
4445 7931 35.5124
4445 9392 41.8499
4446 7581 51.9446
4447 6580 17.0711
4447 8046 50.7334
4448 4899 76.7748
4449 6349 24.3355
4449 8145 45.5808
4449 8578 76.7696
4450 6014 81.9931
4450 8721 25.999
4451 5581 73.0162
4451 5750 121.866
4451 6663 60.5561
4451 9560 75.2026
4452 5004 105.08
4452 5815 45.6893
4452 8653 60.5152
4453 7327 10.0929
4453 8681 102.293
4454 6523 59.2397
4454 8019 53.3615
4456 6505 31.4253
4456 6851 41.7583
4457 4933 55.417
4458 4751 72.8389
4458 8396 63.9041
4459 5208 62.3105
4459 5924 103.779
4459 7198 49.2261
4460 6159 109.43
4460 6582 24.2489
4461 5968 98.6479
4462 6177 83.4858
4463 8974 62.0255
4464 5159 77.9046
4465 4912 52.2456
4465 4943 38.1592
4465 9450 69.4076
4466 5592 55.5197
4466 7877 50.3976
4466 8633 94.5538
4467 7202 71.3983
4467 8464 66.5046
4467 8806 18.6536
4468 6118 62.2951
4468 8408 85.0018
4469 5788 88.6337
4469 9581 138.426
4470 6689 34.9789
4471 8743 92.8548
4472 5276 80.6303
4472 5408 25.1782
4472 5963 45.4073
4472 9370 71.947
4473 5216 86.076
4474 4718 97.9856
4474 5373 82.6672
4474 7206 71.2231
4474 7718 49.8526
4475 5994 52.2779
4475 8297 38.9367
4475 8566 50.104
4476 7239 99.8937
4476 8891 33.3167
4477 5153 71.5486
4478 5140 33.5346
4478 6080 47.958
4479 5305 63.3583
4480 8342 51.6982
4482 5360 96.2767
4482 6610 72.8583
4483 7611 49.2761
4484 8315 46.6027
4485 8146 46.2264
4485 8723 61.6595
4486 6773 32.5361
4487 5795 22.4427
4487 5895 71.6092
4487 8509 34.1347
4488 5082 104.943
4488 6324 116.88
4489 6266 10.1098
4489 7352 61.6348
4489 8531 102.708
4490 5362 45.0113
4490 7534 77.5159
4490 8271 36.7777
4490 8708 60.6184
4491 5281 13.1959
4491 7604 44.7559
4491 8831 62.8828
4492 7280 107.111
4493 5570 33.6516
4493 9518 36.2949
4494 4991 50.0907
4494 5152 72.4861
4495 5077 71.2991
4495 6910 47.0197
4496 4596 70.7179
4496 8014 45.0888
4496 8589 59.2376
4496 9232 51.9448
4497 5813 37.9005
4497 6408 14.9028
4497 9109 142.679
4498 6321 22.2381
4499 8455 27.812
4500 4758 93.7937
4500 9008 73.9067
4501 6586 45.5604
4502 5367 68.1648
4502 7054 32.1241
4502 7402 69.2789
4502 7684 63.9786
4503 6232 70.0469
4503 6530 41.5644
4504 5436 24.9526
4504 6953 57.4929
4505 6460 54.0979
4505 9440 132.609
4506 7623 124.094
4506 9410 86.9478
4507 5670 67.3696
4507 7557 70.3094
4507 8221 81.7253
4508 5030 75.3211
4508 8933 71.207
4509 7726 86.9298
4510 7702 21.5965
4511 7813 54.7286
4512 8517 17.8859
4513 4541 53.8062
4513 8461 79.4401
4514 4938 31.0895
4515 9333 36.2166
4516 7564 124.703
4516 9134 28.2285
4517 6472 79.0125
4517 7691 71.1218
4518 4632 82.5714
4518 5870 70.6938
4518 7194 86.8111
4519 8135 55.5026
4519 8527 53.6338
4519 8577 47.2774
4520 6196 65.1219
4520 7038 45.9612
4520 8431 13.6214
4521 5002 64.9445
4521 5617 84.4183
4521 7243 80.4577
4521 8779 73.9547
4522 5134 57.7991
4522 8138 110.166
4523 4662 66.7549
4523 5149 66.7672
4523 5285 75.8071
4523 7011 61.5807
4524 7529 54.3333
4524 8449 65.1576
4525 4598 41.9234
4525 7591 91.1255
4525 9378 23.4801
4526 4578 66.4773
4526 6348 17.5838
4526 8740 50.309
4527 5145 90.917
4527 6620 99.7145
4527 7901 52.0731
4528 6524 53.0001
4528 7883 47.662
4529 5070 53.6846
4531 5886 68.3915
4531 7829 47.6775
4531 8958 31.4049
4532 4842 103.992
4532 6339 55.8861
4532 7506 95.3176
4533 6035 109.578
4533 6782 74.7495
4534 5677 59.8493
4534 6661 33.8791
4535 6905 45.1697
4535 7064 35.9887
4535 8896 48.6094
4536 5706 73.0773
4536 6189 91.7558
4537 5161 85.2211
4537 8576 85.5373
4537 9160 30.864
4538 6376 95.098
4538 6823 71.9275
4539 6972 72.1198
4540 5683 54.8297
4540 8369 56.3995
4541 8461 43.8675
4542 5248 64.6174
4542 8089 14.8723
4543 4797 41.3518
4543 6278 9.00017
4544 6676 6.89663
4544 7091 46.347
4544 7639 44.3607
4544 8845 55.3631
4545 7270 51.9176
4546 9317 63.8647
4547 4691 60.6256
4547 5523 23.1513
4549 6204 36.4452
4549 7530 26.3009
4549 8228 67.9548
4550 6521 40.7786
4551 4997 60.4756
4551 5064 41.2451
4551 5809 43.5122
4551 7164 58.9923
4553 6575 8.59716
4554 4730 36.3691
4554 5066 60.4215
4554 6734 80.7211
4555 6062 68.5379
4555 6783 70.3745
4555 7710 57.8442
4556 7147 67.0829
4556 8924 90.6736
4557 4927 75.8829
4557 6680 44.6024
4557 7707 60.8325
4557 9193 35.9421
4558 4560 64.0602
4558 4586 100.267
4558 6656 45.9216
4559 6150 83.0414
4559 7251 113.863
4560 6623 42.1962
4560 6656 13.1095
4563 5015 23.0017
4563 8086 66.7841
4564 5631 42.9455
4564 5890 38.3552
4564 8392 32.2591
4565 8274 60.3092
4566 6846 71.4518
4566 7850 58.0333
4566 8301 95.1431
4567 7219 56.1328
4567 8426 28.8801
4568 8048 60.5255
4569 7745 83.7159
4570 9485 70.9712
4571 5014 32.2612
4571 6306 70.3982
4571 8497 64.9968
4572 6774 66.7302
4573 5873 38.2378
4573 6402 37.396
4573 7934 48.6667
4574 9476 23.1605
4576 5508 20.1386
4576 6554 31.9206
4576 8957 40.7811
4576 8990 39.4713
4577 8817 61.6992
4578 4973 104.098
4578 6178 38.2195
4578 8740 40.5162
4579 5701 68.0001
4579 7957 55.5208
4580 7115 48.9472
4581 9236 64.3062
4581 9495 89.3352
4582 4713 21.9936
4583 5005 45.7225
4583 6514 57.3232
4584 7711 96.6174
4585 8279 19.924
4585 9393 49.7615
4585 9432 33.2216
4586 5595 60.2164
4586 9592 90.7394
4588 6003 53.1473
4588 7222 49.0963
4588 8811 88.9781
4589 7137 32.5057
4589 7578 11.398
4589 9572 21.5917
4590 7606 60.7448
4590 7833 46.6862
4591 5365 18.8821
4592 7117 106.805
4593 9091 54.3656
4594 5927 82.5966
4594 7478 119.313
4595 8811 91.6309
4596 6147 44.4607
4596 8589 39.1154
4597 6520 165.801
4597 6887 67.7047
4598 7591 34.9828
4598 9378 33.168
4599 6853 83.0662
4599 9128 71.62
4600 7241 51.3207
4600 8453 20.1815
4601 5181 45.7741
4601 5730 137.323
4601 7214 79.8648
4601 8207 35.8632
4602 7747 93.1561
4603 4875 140.644
4603 6726 95.2438
4603 9510 106.882
4604 5253 105.818
4604 6589 12.5509
4605 5648 42.9376
4605 7088 52.705
4606 6365 41.7163
4606 6526 41.1104
4606 6819 37.543
4607 5494 88.5012
4607 7086 114.655
4608 7359 67.2449
4609 9372 54.759
4610 7386 42.5193
4610 8869 97.9487
4611 6275 103.696
4611 7069 50.2758
4611 7881 107.464
4612 5674 45.6434
4612 6819 24.6624
4613 5146 33.8642
4613 5217 40.4657
4613 7801 76.9953
4614 7015 83.5729
4614 8996 43.5509
4615 5806 59.0427
4615 5828 58.2868
4617 5864 81.9008
4617 7594 32.9148
4617 9028 37.4795
4618 4978 38.0901
4618 6902 81.7082
4618 7211 63.0589
4619 4901 79.5732
4619 7396 49.5379
4620 4772 58.422
4620 8948 62.4324
4620 9157 34.3569
4620 9229 25.5026
4621 5079 46.0415
4621 8992 56.3032
4621 9044 70.1762
4622 4690 65.1467
4622 5784 67.1769
4622 7411 46.9329
4622 7969 92.3629
4622 9205 50.1105
4623 7621 48.7816
4623 7873 42.8516
4623 9212 67.8275
4624 4887 58.1381
4624 6190 84.6166
4624 6785 140.012
4624 6827 88.9294
4625 5120 68.2849
4625 8081 54.331
4625 8543 26.242
4626 5052 24.3229
4626 5424 34.1614
4626 7766 36.0414
4627 8927 51.0195
4628 4857 27.3455
4628 6973 51.9304
4629 5038 51.1924
4629 8035 67.6549
4630 4869 73.6735
4630 5371 35.8648
4631 7155 45.3346
4631 7341 26.0944
4631 7785 44.1485
4633 4777 107.135
4634 5154 110.711
4635 5337 83.1942
4636 5147 39.9039
4636 5527 30.0362
4636 6735 9.50498
4637 5596 19.6832
4637 9514 26.151
4638 7464 111.699
4639 5472 30.0945
4640 4956 58.1223
4640 6932 187.688
4641 4881 77.9201
4641 5668 75.2733
4642 7514 60.9988
4642 8953 16.7824
4643 5340 32.4872
4644 6038 70.8467
4644 9360 32.9465
4645 4753 20.0436
4645 5918 128.893
4646 5075 102.166
4646 6894 75.0377
4647 8075 40.24
4647 8480 29.2915
4647 8792 91.1356
4648 5212 32.4429
4648 5632 29.1004
4649 6206 26.3607
4649 8036 51.9398
4649 8707 88.5727
4650 5286 74.5944
4650 6313 56.7372
4650 6689 66.2392
4652 6911 81.096
4652 8673 21.927
4653 7224 37.308
4653 7834 76.3631
4654 4747 41.4472
4654 8085 34.4743
4655 4706 62.0994
4655 7953 79.0072
4656 5083 17.9229
4656 7941 49.8574
4657 5232 42.2148
4657 8298 65.7197
4658 8513 54.8679
4660 6096 101.759
4660 7446 116.136
4660 8218 85.8445
4661 4986 73.1488
4661 6652 31.7395
4661 8347 96.4889
4662 6594 64.4097
4662 7011 78.3542
4663 9429 20.465
4664 8476 114.946
4664 8609 92.2671
4665 5852 56.1019
4665 6388 61.426
4666 5032 11.33
4666 8103 30.4863
4667 5210 14.0973
4667 6405 36.1785
4667 7488 56.2621
4668 8081 60.0645
4668 8382 85.5883
4668 8543 55.257
4668 9159 79.4704
4669 5931 38.573
4669 8028 45.3039
4670 7601 24.2878
4670 8799 62.5886
4671 5765 16.8145
4671 7262 67.5473
4671 9293 10.1051
4672 9097 67.599
4673 5544 23.4482
4673 6591 86.7889
4673 6690 71.8215
4673 6914 30.4026
4673 8670 37.459
4674 9515 63.3484
4675 5318 34.1721
4676 7173 125.746
4677 6245 91.8619
4677 8317 70.3338
4678 8821 46.7867
4679 5243 62.0877
4679 6202 64.252
4679 6916 51.5129
4680 5213 94.6621
4680 6806 92.5311
4681 5451 165.466
4682 8796 66.3054
4682 9203 55.4539
4684 7147 84.0824
4684 7425 23.5716
4685 9230 68.8966
4686 6136 48.4847
4686 7887 83.7281
4686 9316 90.3222
4687 5827 79.8687
4687 6516 58.1703
4688 5176 60.3337
4688 5439 47.2327
4688 8309 93.5921
4689 7439 58.6371
4689 8004 113.073
4690 5784 50.1701
4690 6153 34.1731
4691 5523 35.4496
4691 7129 57.2008
4692 5529 10.0258
4692 7123 55.5119
4693 6998 62.5128
4694 8123 63.3728
4694 8475 75.6577
4695 8502 40.9554
4695 8511 52.8357
4696 5025 66.3295
4696 6582 84.6432
4696 8474 65.208
4698 9340 80.4146
4699 5003 67.6022
4699 7426 33.6981
4700 5771 87.3578
4702 6337 57.4027
4702 8230 51.0067
4703 4736 45.6497
4703 4760 35.8355
4703 9411 56.1386
4704 7837 20.143
4705 5802 39.7631
4705 7677 62.4254
4705 8775 83.9587
4705 9418 79.7464
4706 5122 36.3502
4706 7380 84.6395
4706 8174 45.976
4707 7105 82.6748
4708 4968 46.6671
4708 6046 60.0132
4708 7629 52.1825
4709 5779 30.3242
4709 9366 55.7518
4710 5093 53.6864
4710 5847 45.379
4710 9062 64.9133
4711 7059 44.433
4712 5316 52.4563
4713 8976 57.2088
4714 9444 30.4166
4716 7385 74.5774
4717 5243 47.1597
4717 5555 35.6977
4717 7895 33.847
4718 7718 106.488
4719 5851 78.3341
4719 7649 73.6502
4720 4766 67.3212
4720 7823 50.497
4720 8201 71.8751
4721 8002 112.88
4721 8953 71.1529
4722 6484 52.35
4724 6804 14.2027
4724 8523 79.9869
4724 9451 37.1123
4725 9559 9.37176
4726 7010 76.6075
4726 8668 122.463
4726 8864 34.0405
4727 6931 34.6711
4727 7867 79.781
4727 8645 59.7453
4728 6981 55.2463
4728 7809 72.0795
4729 6415 58.5371
4729 8635 60.4116
4730 4981 82.497
4730 5066 4.84672
4731 5132 61.132
4731 7073 40.2003
4731 7620 16.3282
4731 7975 26.3534
4731 8224 52.6914
4732 5252 108.435
4732 5977 99.3146
4733 5645 69.3839
4733 7279 100.76
4733 9272 48.7465
4734 5426 14.0996
4734 6018 45.4034
4734 6284 50.9743
4735 9072 19.5855
4736 4760 69.8941
4737 5936 85.6348
4737 6923 39.6126
4738 4863 76.3289
4738 5590 49.7923
4738 7096 45.5514
4738 8906 102.981
4738 9479 36.2942
4739 5112 35.528
4739 5796 81.9793
4739 8631 37.9687
4740 5403 73.3469
4741 8339 40.8462
4741 8793 21.7979
4742 5226 44.4626
4742 7061 24.0811
4742 8154 13.0684
4743 4834 85.8253
4743 5857 48.0787
4743 7017 87.0207
4744 8573 39.9164
4744 8710 103.352
4745 6461 72.4323
4745 9602 19.615
4746 5107 45.005
4746 7354 86.9673
4747 5743 79.0091
4747 8085 20.3241
4748 6060 36.7282
4748 7107 59.0727
4749 5156 28.4312
4750 7900 52.2982
4750 7977 88.4119
4751 8396 23.6038
4751 9069 87.0158
4752 7202 81.9325
4754 9178 20.9969
4754 9256 98.3095
4755 8183 55.569
4755 9140 107.382
4756 5360 72.667
4756 7909 123.612
4756 9075 43.2477
4757 6058 61.7985
4757 6073 109.816
4758 5553 99.528
4758 9008 41.0233
4759 6877 40.6232
4759 8657 40.3569
4760 9411 74.4828
4761 6314 27.1117
4761 8335 34.2611
4762 7551 8.92608
4762 8972 61.7672
4762 7830 74.6361
4763 6053 86.6839
4763 7853 100.172
4763 8575 48.9638
4764 5961 34.997
4764 9131 43.5891
4765 5938 66.5581
4765 9036 71.2897
4765 9344 74.1327
4767 5893 76.8499
4768 6437 90.6473
4768 8675 93.3635
4769 5843 23.4344
4769 6848 17.7023
4769 8166 15.073
4769 8758 75.3926
4770 6677 89.4758
4770 8680 83.2343
4770 8774 40.6318
4770 8880 70.1815
4771 6385 78.1589
4771 8941 87.06
4772 9157 49.0616
4772 9229 49.601
4773 7893 61.4309
4774 5307 27.1061
4774 8215 70.6097
4775 5987 39.9527
4775 6957 55.7271
4776 5373 75.3767
4776 6643 25.4658
4776 6860 40.0273
4776 7427 49.2993
4778 5732 92.6722
4778 5965 63.9002
4778 6857 106.036
4778 7481 61.9685
4779 6928 106.935
4779 7218 92.6588
4779 7648 39.6422
4779 8677 98.4446
4780 7149 36.7021
4781 4795 46.7331
4781 9404 31.6627
4782 5374 45.9676
4782 8946 49.4526
4783 5682 29.909
4784 5209 90.8156
4784 6284 105.427
4784 8164 83.4677
4784 8450 70.0508
4785 9066 70.7934
4786 8340 55.3387
4786 8692 65.6627
4787 5347 30.9234
4787 7782 39.3547
4788 8452 66.0319
4789 6236 52.3316
4789 8718 75.1865
4790 9026 89.6072
4791 8127 41.0669
4792 9086 101.085
4793 5092 20.3473
4793 7074 67.448
4793 8620 22.4565
4794 9393 83.2935
4795 7622 107.117
4795 9404 59.0095
4796 6899 29.9592
4797 5094 20.733
4797 6188 69.2682
4797 6278 33.6981
4797 8289 58.0831
4797 8684 47.5316
4798 4915 68.7567
4798 7583 49.236
4799 6599 65.1328
4799 9312 123.013
4800 6403 40.6019
4800 8241 63.6637
4800 8448 87.2288
4800 9279 8.56848
4801 7367 42.6586
4801 8121 52.9596
4801 8150 76.6008
4802 8834 27.929
4803 4909 56.0066
4803 7001 51.1621
4804 8479 84.0009
4805 5035 67.0053
4805 7511 32.4606
4806 7724 48.7395
4806 8249 56.3569
4807 6699 110.422
4807 8218 139.115
4808 6399 27.0911
4809 4947 66.9102
4809 5396 55.526
4809 8881 67.8767
4810 5333 103.307
4810 7964 60.8763
4811 7402 125.861
4811 9465 49.4577
4812 5265 35.3974
4812 5667 38.9821
4813 5421 24.546
4813 6475 46.0151
4813 7477 57.752
4814 5848 67.4134
4814 9191 65.2968
4815 7249 48.0392
4815 7740 18.7439
4815 8098 95.1958
4816 7188 101.696
4816 7688 87.2699
4816 9341 25.77
4817 5064 77.4873
4817 5809 63.443
4818 7342 45.1343
4818 8549 85.5939
4819 5363 35.7599
4819 5486 58.6334
4819 8072 70.7151
4819 8984 32.7929
4820 6614 44.4607
4820 7313 59.9959
4820 7388 76.2372
4822 5707 35.1114
4822 7049 36.6134
4822 8336 77.6126
4823 5048 17.8565
4823 6738 84.1569
4824 5407 40.5042
4825 4962 24.1842
4825 6809 14.7812
4825 8390 33.0203
4827 6362 27.3069
4827 8540 83.8181
4828 7496 58.6767
4829 5310 24.0427
4829 7648 98.2642
4829 8380 52.2159
4830 7085 41.1513
4830 7656 39.0307
4830 7771 112.028
4830 8745 96.8561
4830 9123 34.9931
4831 5846 49.6327
4831 9595 46.8579
4832 6790 74.6765
4832 7647 41.1703
4832 8115 25.4581
4832 9206 56.9265
4833 5582 91.1768
4833 6186 125.562
4833 6283 78.7462
4834 5857 114.87
4834 7017 60.5944
4834 7447 143.602
4835 6104 53.2804
4835 7681 92.6976
4835 9260 89.7976
4836 5892 41.2931
4836 8401 100.957
4836 8658 77.3199
4837 5174 79.1398
4838 5220 99.1138
4838 8581 83.7184
4839 6525 40.1201
4839 6719 34.2275
4839 7149 32.3103
4840 6745 66.2221
4840 7567 75.9937
4840 7921 122.049
4842 6339 77.3551
4842 9128 60.4325
4843 7932 63.5235
4843 9600 64.4642
4844 6224 36.5628
4844 6960 49.935
4845 5535 16.2826
4845 5869 55.878
4845 6955 82.8761
4846 6458 53.7302
4846 8732 37.277
4847 8502 110.832
4847 8511 73.4887
4848 5433 76.6206
4849 6293 64.4973
4849 9154 68.5703
4850 5001 62.7212
4850 5264 34.0058
4850 6569 39.6972
4850 9092 9.65234
4852 6567 45.3158
4852 8227 71.9306
4853 6093 29.0441
4853 7526 37.5522
4853 9208 49.0938
4853 9569 72.6483
4854 8486 44.4048
4854 9603 60.377
4856 5733 62.0041
4856 6234 29.5734
4856 9414 77.409
4857 6973 34.4953
4858 9403 32.7126
4859 5381 42.9645
4859 6219 39.3446
4860 5888 63.2568
4860 6380 110.219
4861 7552 94.7095
4861 8982 87.3795
4861 9302 87.9815
4862 8823 65.9942
4862 9005 59.1688
4863 6214 83.9366
4863 7096 14.148
4863 9479 47.6089
4864 5043 56.1601
4864 7271 29.8621
4865 6013 93.3184
4865 6187 80.8304
4865 8347 111.822
4866 7076 40.4235
4866 7628 58.4087
4867 8607 34.7101
4868 5694 21.2021
4868 7389 96.8951
4869 9449 66.9428
4870 5123 70.7881
4870 6646 77.8413
4870 7332 56.0379
4871 5059 78.4016
4871 6604 21.0448
4871 7826 80.3718
4872 5494 8.14004
4872 7856 57.3744
4872 9101 88.7052
4873 5638 70.9566
4873 5957 56.1148
4873 6562 61.1442
4874 5480 102.888
4874 7106 51.5712
4875 8020 96.5151
4876 6176 66.8137
4876 6729 54.4312
4876 8226 23.1997
4877 5783 86.363
4877 9040 68.473
4878 7922 69.2397
4878 8777 112.347
4879 6240 67.0735
4879 7721 26.6453
4880 5480 64.1059
4880 7541 93.1427
4880 9084 91.2562
4881 5565 87.9407
4881 5668 63.1719
4881 8809 29.0678
4882 6586 58.567
4882 7414 31.7871
4883 7377 26.5839
4883 9459 93.8074
4884 5768 81.8019
4884 7678 107.16
4884 8843 48.8931
4885 5097 46.1249
4886 7127 52.5324
4886 8604 83.4676
4886 8776 28.2402
4887 5611 92.4081
4887 6190 61.7191
4888 5152 49.3894
4888 8959 43.7312
4889 7411 51.3837
4890 5708 25.8091
4890 6389 37.8811
4891 7274 129.269
4891 7321 119.947
4891 7379 74.2102
4891 7532 92.8664
4892 4948 38.3377
4892 6830 52.6358
4893 6033 48.9956
4893 9435 59.5282
4894 7881 83.5899
4896 7407 36.5279
4896 7429 37.4709
4897 6229 33.1182
4897 7593 85.4729
4900 7368 4.59032
4902 5810 86.8073
4902 9506 14.7697
4903 7418 40.7628
4903 8890 33.8987
4904 6068 53.924
4904 6481 83.8667
4904 6633 78.5286
4905 6487 120.92
4905 6966 73.4474
4905 8052 66.3283
4905 8695 73.5157
4908 6158 51.2179
4908 8379 62.0678
4910 5011 35.2854
4910 8654 61.6945
4911 6007 19.4684
4911 8365 95.5642
4911 8979 54.5407
4912 4943 87.6525
4913 5863 59.8004
4913 8475 58.613
4914 8694 102.375
4914 9346 153.797
4915 8147 48.1735
4915 8263 33.1712
4916 8868 81.2726
4917 7252 50.0286
4918 5178 16.3279
4918 7545 30.3689
4919 6166 67.5935
4920 7708 55.9657
4920 8022 69.3421
4922 5276 58.3156
4922 5512 43.3469
4922 8991 111.73
4923 6010 26.4624
4923 6185 69.9397
4924 6193 41.6744
4924 6298 21.984
4925 8649 20.3863
4926 5707 61.149
4927 7707 52.7577
4929 5868 77.0715
4929 7035 52.9335
4930 8926 19.1131
4931 6358 36.7546
4932 9394 75.1737
4933 8082 13.2938
4934 5292 6.24625
4935 5532 32.1584
4936 6074 106.049
4936 8346 27.1601
4936 8393 41.6271
4938 7760 62.7883
4939 6001 72.8251
4939 9362 17.5545
4940 7836 59.0032
4940 8211 52.6806
4942 5202 11.348
4942 7142 52.8787
4942 8362 40.5532
4943 8421 106.627
4944 6002 60.1814
4944 7051 59.2606
4945 8487 72.9318
4946 7277 76.3122
4946 8576 103.405
4947 9536 67.9592
4948 6126 59.9972
4948 6830 77.3702
4948 8392 57.5934
4949 5095 99.6488
4950 6253 41.6558
4950 6864 62.2803
4950 7737 73.3922
4950 8840 14.359
4950 9233 86.4221
4951 6277 12.3987
4951 7659 40.5207
4951 7873 85.0645
4952 6289 45.5936
4952 6365 51.4105
4952 6526 33.4572
4953 6508 37.162
4953 8457 47.9781
4954 6563 131.721
4954 6628 26.6438
4955 5138 16.649
4956 6932 130.788
4958 8968 45.3576
4959 8044 73.1142
4960 7278 48.8438
4960 7870 28.9631
4961 5284 84.8255
4961 6881 18.9501
4961 8588 16.5863
4961 9258 57.4751
4962 6016 105.115
4962 6809 51.2168
4963 5447 58.6771
4963 9065 90.4754
4963 9196 42.6023
4964 8159 51.491
4964 9593 82.5825
4965 8286 78.2126
4966 5978 91.4459
4966 7955 82.8627
4966 9176 60.1885
4967 6163 50.3305
4967 7090 58.997
4967 9534 71.0456
4968 5935 42.2032
4968 6046 27.1734
4968 7629 97.2326
4969 6393 36.6404
4969 8968 42.3842
4969 9406 103.891
4970 6742 76.9541
4970 7337 80.2255
4970 7664 36.7943
4971 7972 62.0107
4971 9381 68.2725
4972 5331 81.9907
4972 9520 43.5946
4973 6178 34.7408
4974 6016 46.2976
4974 7055 69.4216
4974 8637 22.6994
4975 5556 90.384
4975 5712 48.5162
4975 7191 83.2366
4976 5425 45.2732
4976 6605 104.848
4977 8323 75.8513
4977 8874 63.6446
4977 9093 34.0859
4978 6902 74.0071
4979 5826 115.283
4979 6130 92.938
4979 8815 72.5403
4980 7697 19.3118
4980 9228 55.1784
4981 5066 60.9313
4981 6145 46.2242
4982 7009 57.3808
4982 9431 49.6221
4983 6639 43.6517
4984 5357 54.8083
4984 8273 48.275
4985 5539 53.5901
4985 7859 39.8572
4985 9186 24.4415
4986 6652 88.3329
4986 7753 29.8472
4987 9567 51.2634
4988 7297 60.7672
4989 5642 101.175
4989 7123 34.985
4989 8416 18.0245
4990 6453 51.1436
4990 6758 26.7456
4990 8989 33.9157
4991 5152 47.6587
4991 8532 53.2352
4992 6674 17.5506
4992 8715 63.3049
4992 8764 78.9687
4993 6160 118.184
4993 9163 78.182
4994 7761 66.172
4995 5520 95.2871
4995 5727 57.0028
4995 9030 60.222
4996 6333 54.3181
4997 7289 106.709
4998 6697 16.5746
4998 8924 35.0786
4999 7738 45.9603
5001 5594 83.8653
5001 8119 60.8223
5001 9092 89.2027
5002 6368 113.102
5002 6789 97.9921
5002 8170 45.7981
5005 7090 63.0568
5006 6125 35.8946
5006 7264 25.2005
5007 8736 58.1266
5009 7318 40.7138
5010 7920 48.3178
5012 8280 100.439
5015 8086 109.863
5016 6138 41.58
5016 8693 98.4028
5017 8445 40.1832
5018 8310 37.6195
5018 8552 102.88
5019 8842 48.864
5020 6269 20.8483
5020 9283 60.0142
5021 8719 84.5308
5022 6859 94.6372
5024 5726 27.2987
5024 5790 23.4586
5024 7293 40.8701
5024 8105 84.7964
5025 7531 37.0405
5026 6501 45.1671
5026 6593 64.8106
5026 7616 71.5555
5026 8199 27.5238
5027 7018 20.6132
5027 7485 65.07
5028 8630 48.5696
5028 8908 43.5614
5028 8973 4.16322
5029 7557 68.8748
5029 8059 55.7391
5029 9522 88.3357
5031 7700 95.3621
5031 8425 48.3232
5031 9452 80.3927
5032 7994 62.0706
5032 8103 56.3244
5033 5367 58.7572
5033 7054 38.3415
5035 5937 56.3817
5036 7451 78.4283
5036 8938 58.7966
5037 5947 36.7776
5037 9262 13.3201
5038 5055 37.581
5039 5482 30.8211
5039 9054 19.1209
5040 7835 47.9463
5040 8738 33.5218
5040 9340 50.9056
5041 7223 64.9592
5042 5567 57.5173
5042 6428 83.9745
5043 7271 56.9537
5044 8110 51.5679
5044 9252 21.5781
5045 5872 53.2016
5045 7022 48.0341
5045 7605 71.3726
5046 8253 95.5047
5046 8663 80.118
5047 8561 18.5875
5047 9458 58.8366
5048 6041 82.7648
5048 6738 103.667
5049 5575 95.9517
5051 5876 33.6593
5051 6715 49.5983
5051 9482 33.1639
5052 5988 44.3104
5052 7766 39.6051
5054 6746 43.2858
5054 7031 34.7858
5054 8987 45.0126
5056 7305 145.98
5057 7268 70.9077
5058 6044 80.1908
5058 8142 99.0214
5058 8236 77.8806
5059 6604 63.503
5059 7093 99.0451
5060 5106 61.1517
5061 5154 115.794
5061 6814 116.464
5062 5554 44.7382
5063 6058 72.7943
5063 9243 38.2565
5064 5809 41.6057
5064 7164 80.1126
5065 5576 49.7335
5065 9190 57.4271
5067 6824 75.4048
5067 9044 68.6361
5069 7476 86.0635
5069 7797 47.1008
5070 6804 90.4806
5071 7538 8.93484
5071 8601 24.5686
5072 6320 87.7438
5072 6433 67.6047
5073 7255 35.2927
5074 8702 48.5092
5074 9587 68.852
5075 6622 95.7765
5076 6216 56.1374
5076 6504 11.8112
5077 6910 40.4833
5078 8505 17.6509
5079 8992 25.3323
5079 9044 37.0696
5080 7205 57.8737
5080 7862 58.4968
5080 8873 30.9104
5082 7556 56.9066
5082 9353 62.9452
5084 5352 37.641
5084 6382 74.8209
5084 8827 58.4129
5085 6134 27.0288
5085 7124 71.7719
5085 9519 86.6292
5086 6204 42.0575
5086 9276 39.7535
5087 8732 50.8547
5088 7865 9.84845
5088 9499 67.7988
5090 5767 54.0069
5090 7340 58.4468
5091 5711 32.8444
5092 7074 52.0414
5092 8620 41.1169
5093 5847 16.2583
5093 9062 80.7731
5094 6278 59.4269
5094 8289 56.8614
5096 6856 124.054
5098 8995 79.7735
5099 6241 44.7079
5099 8276 60.8555
5100 9519 48.797
5101 5468 15.994
5101 6296 82.6783
5103 5673 38.3764
5104 7866 58.0384
5105 5429 18.3458
5106 7420 49.8926
5106 9161 20.5652
5108 6198 39.3143
5109 5338 64.3782
5110 6371 76.0267
5110 8450 123.938
5111 7996 94.6812
5112 5796 56.1082
5113 5885 59.9076
5113 9541 73.0597
5114 7239 32.7315
5114 7857 56.2827
5115 7984 82.862
5116 9382 49.5384
5117 7413 40.2803
5118 8529 116.43
5120 7739 14.504
5121 5458 46.561
5121 6426 30.5629
5122 8174 15.1714
5124 6303 26.0785
5124 7138 130.967
5125 5397 82.4083
5125 5430 36.5379
5125 9114 46.2331
5126 5812 56.39
5126 6048 94.5991
5126 6326 82.1945
5126 9159 73.128
5127 6829 60.9604
5127 7250 64.6542
5127 7754 42.8966
5128 5200 23.5672
5129 5540 89.2549
5130 8098 105.541
5130 8296 109.61
5131 6170 63.7758
5131 6762 67.3072
5131 7626 41.3963
5132 7975 57.6355
5133 5820 29.3316
5133 6086 26.0095
5133 8000 102.477
5133 9138 92.6624
5134 7087 73.305
5135 5823 96.807
5136 5303 53.3762
5136 6268 90.5916
5137 6974 76.5313
5137 6990 33.0565
5138 7472 77.5583
5139 8859 52.1309
5140 6080 69.2893
5141 6071 94.0118
5142 6548 78.8087
5142 6749 64.294
5142 7845 51.4495
5142 9507 60.7976
5144 6413 81.6023
5144 6740 83.7458
5144 7711 57.8011
5145 7901 24.1835
5145 9117 77.774
5146 5217 24.3698
5147 6735 47.5611
5148 9465 57.4098
5149 5285 29.7179
5151 7271 65.7995
5152 8959 30.0893
5155 5265 76.1366
5155 5649 27.3607
5155 7499 104.666
5155 8839 112.499
5158 5428 60.0012
5158 5688 37.1575
5158 6061 46.3843
5158 6199 30.9376
5158 8790 53.7775
5159 7401 57.7894
5159 9532 30.9695
5161 8576 38.0469
5161 9160 61.0683
5162 7304 44.5707
5162 8136 29.272
5162 9433 67.1675
5163 6486 27.9497
5164 7474 67.4351
5164 7666 63.8476
5165 8308 52.0134
5166 7201 91.8924
5166 8782 73.4112
5166 9331 71.575
5167 8156 16.0303
5167 8438 76.145
5167 9132 46.0134
5168 5886 71.3281
5168 6770 45.9869
5168 7598 46.3375
5168 8958 44.9812
5169 7555 38.3514
5169 8428 39.7371
5169 9118 22.7491
5170 6965 34.0031
5172 6560 54.3306
5173 7340 91.4569
5173 8509 63.034
5174 9265 45.597
5175 6897 56.2664
5175 7491 32.0888
5175 7699 105.14
5176 5439 91.6781
5177 6261 72.6231
5177 8997 68.6186
5178 7545 13.7296
5179 8444 95.1352
5179 8755 102.125
5180 5479 78.9394
5180 8804 47.6315
5180 9127 83.622
5181 8207 40.4973
5182 5333 137.259
5182 5623 74.1681
5183 6579 120.032
5183 7456 85.2941
5184 8242 58.6567
5185 6068 54.7067
5185 6795 48.2601
5185 8954 47.237
5186 6260 44.7052
5186 7723 57.6146
5186 9542 87.0414
5187 7798 61.9763
5187 9347 52.1963
5188 7316 72.7175
5188 8126 73.7948
5188 8190 110.644
5189 7001 41.2593
5189 7141 50.9589
5190 7585 26.6431
5191 5666 59.337
5191 7242 100.658
5192 6880 40.645
5193 6459 108.162
5195 5844 63.6264
5196 8323 44.9698
5196 8496 36.2552
5198 8038 104.728
5199 7046 97.6186
5199 7094 64.5431
5199 9134 84.3909
5201 5363 65.5672
5201 5486 36.4173
5201 7967 77.3963
5202 5599 43.3592
5202 7142 39.0875
5202 8362 30.4517
5203 6879 1.56406
5204 5940 18.8477
5204 7248 56.973
5204 7283 60.4774
5204 8051 32.4126
5205 8528 38.732
5205 9156 59.9189
5206 5853 51.0825
5206 8394 137.382
5208 5488 29.5482
5208 7668 41.6813
5210 6405 32.6241
5210 7488 74.9619
5211 6251 40.468
5211 9194 58.3731
5212 5632 44.3296
5212 9048 125.331
5213 5658 74.6793
5213 6806 19.0558
5213 9177 90.2546
5214 7393 55.4274
5214 7703 49.986
5215 6048 89.3562
5215 6450 46.1475
5215 7755 59.3108
5218 5807 52.3403
5219 6592 99.4391
5219 8910 64.3784
5220 5829 38.061
5220 8017 28.3937
5221 5881 64.5907
5221 6100 54.8878
5221 7725 37.8155
5222 7436 68.8181
5224 6624 68.2873
5225 7468 94.3647
5226 7061 85.1746
5226 7685 47.0101
5226 8154 67.0093
5227 6142 129.318
5227 8845 67.5531
5228 6840 37.8163
5228 7197 78.1484
5228 7539 28.2762
5228 7607 35.6469
5229 7062 35.2491
5230 6967 63.176
5230 7727 60.4701
5232 8298 8.22433
5233 5905 33.657
5233 7189 62.134
5233 8854 74.512
5234 5453 52.1806
5234 5627 14.1036
5234 6950 32.2761
5234 7758 26.3593
5236 6669 101.306
5236 7102 47.9518
5236 7219 103.571
5237 6438 55.3195
5238 6159 63.3342
5238 6378 149.81
5239 6353 135.634
5240 8225 71.3602
5240 8853 55.4038
5241 7112 61.6976
5242 7028 70.3624
5242 7356 136.218
5243 5555 54.0001
5243 7895 47.3706
5244 5713 49.143
5245 8072 94.5336
5246 6680 37.5323
5247 5633 13.2043
5248 7185 56.9991
5248 8089 51.1164
5249 5838 76.913
5249 7644 40.4224
5250 5640 45.114
5250 6717 23.3028
5251 6805 8.52393
5253 8482 85.3026
5254 8517 75.1622
5255 7165 10.6619
5255 7497 75.4902
5255 9439 102.206
5256 6541 63.6356
5256 9391 40.3678
5257 6896 76.5574
5257 7148 77.0022
5257 7297 65.9555
5257 8206 37.8361
5258 6387 97.191
5258 6940 32.2358
5258 8720 54.1365
5259 6220 42.7608
5259 8936 25.3515
5260 6400 89.0583
5260 8500 93.0867
5261 7211 41.4337
5262 5438 90.1181
5262 7674 83.8056
5262 7807 176.61
5263 8118 40.7605
5263 8447 103.391
5264 9092 59.8363
5265 5649 60.101
5265 7395 88.7289
5266 5465 29.9568
5267 6118 26.8548
5267 8408 13.8105
5268 6797 22.3917
5268 8898 73.2835
5269 5791 12.9778
5270 8666 118.068
5270 9421 43.9731
5271 8397 40.873
5271 9563 51.4241
5272 6468 111.931
5272 9596 152.592
5273 6218 49.8509
5273 9308 64.8188
5274 5379 13.0123
5274 5948 59.0628
5274 9326 72.6733
5276 8991 74.1713
5277 6044 47.287
5277 9377 51.3332
5278 6946 94.7549
5278 8514 28.0653
5279 6369 39.6482
5279 9139 103.625
5280 6598 24.0274
5280 7101 42.3833
5280 8931 92.4669
5281 8831 40.3158
5283 6533 62.1877
5283 6750 60.8506
5284 6687 75.9637
5284 7426 118.698
5284 8588 80.227
5286 9213 43.4215
5287 7792 64.6414
5287 9486 87.2895
5288 8036 57.759
5288 9167 83.3266
5289 6558 89.7982
5289 8282 36.4681
5290 7714 45.374
5291 5354 37.3196
5291 7923 78.9641
5293 6097 20.9713
5293 7085 54.8529
5293 8745 108.238
5293 9123 34.549
5295 8080 27.7124
5295 8116 41.5192
5296 7972 51.2629
5297 9601 26.5278
5301 7443 59.8137
5302 7701 12.8931
5303 6164 75.3755
5303 6268 38.2502
5303 8366 54.8537
5304 6813 127.672
5306 7246 18.1499
5306 7747 25.7633
5307 8215 72.8899
5308 7126 55.14
5309 5391 31.6597
5309 5722 53.9975
5309 6536 81.1017
5309 6898 101.379
5310 6259 70.7708
5310 8380 40.0846
5311 6267 67.3369
5311 6799 40.781
5312 8773 61.3963
5313 5907 69.0407
5313 5942 15.7861
5313 7643 35.3515
5314 8186 70.3062
5316 8861 54.7599
5317 6063 38.115
5318 5887 98.449
5319 7899 60.9656
5319 8859 100.704
5320 7119 81.5194
5321 5327 52.0067
5321 9245 62.1327
5322 7042 65.1569
5322 7249 112.058
5323 6969 10.1993
5323 9554 35.0527
5325 5524 39.6301
5325 6788 53.9626
5325 8960 109.155
5325 9505 58.1662
5326 7025 75.8415
5326 8512 14.878
5327 7170 53.5549
5328 6673 105.678
5329 7828 59.0321
5329 8260 22.2188
5329 8789 34.3092
5330 8585 43.7545
5330 8969 31.4877
5331 6420 31.2029
5331 9328 18.6904
5332 7625 93.7298
5332 8986 108.643
5334 5693 41.3087
5334 7763 21.2691
5334 8599 44.2103
5334 9524 118.338
5335 7604 37.5724
5335 8808 108.558
5339 7341 34.3908
5339 8603 51.4905
5341 6863 49.4694
5342 5940 64.6717
5342 6583 55.2146
5342 7334 43.3813
5343 6818 48.3185
5344 8847 47.3385
5345 6607 47.016
5345 7383 65.7442
5346 6946 80.2855
5346 7600 77.4966
5347 7782 3.96682
5348 5860 55.5883
5349 6621 31.8233
5350 5620 47.5251
5350 7176 30.7384
5352 6382 92.0313
5352 6662 148.156
5352 7713 106.813
5352 8827 51.6122
5353 7567 114.228
5353 7921 84.0629
5353 8358 63.9997
5354 8292 67.4714
5355 8193 78.1551
5356 7280 76.6394
5356 7843 82.1128
5356 9453 45.955
5357 7750 87.9622
5357 8273 62.541
5357 8311 49.5318
5358 7079 56.0317
5359 8708 123.233
5360 7909 65.1763
5361 7375 92.887
5361 9094 107.711
5362 7534 57.108
5362 8271 50.0683
5363 5486 36.9937
5363 8984 39.5105
5364 5378 75.9756
5366 6549 88.5263
5366 6987 63.6058
5366 8878 49.6991
5366 9498 79.1509
5367 7054 46.6319
5368 7080 81.6386
5368 8752 63.5285
5369 5651 56.4628
5369 7456 71.5275
5371 9428 33.1343
5372 6113 80.0809
5372 7980 49.3584
5373 7718 37.987
5375 5547 34.5094
5375 6043 39.4499
5376 6282 51.3821
5376 7497 60.8255
5378 5478 42.4189
5378 6128 23.2324
5379 5948 70.2627
5379 9326 57.3292
5380 8975 87.6233
5380 9027 70.5276
5381 9388 26.8484
5382 6572 43.5465
5382 7553 52.363
5383 8522 91.3267
5385 8039 19.5678
5385 8747 58.414
5385 9533 74.4674
5386 5718 42.1406
5386 8152 22.5409
5387 5576 60.1382
5387 7057 10.5996
5387 8542 45.56
5388 8130 36.3371
5389 6186 47.9245
5389 6584 16.7849
5390 5507 32.341
5390 5644 80.006
5391 5722 18.562
5391 6536 85.5077
5392 5521 31.1356
5392 8077 98.5195
5392 8149 113.65
5393 6759 66.7073
5394 6833 29.9883
5394 7489 14.253
5395 6001 64.1272
5396 8881 61.3404
5397 7350 60.7119
5397 9114 16.1616
5398 5552 64.609
5398 5771 112.999
5398 6609 62.0649
5399 5768 122.473
5399 6537 73.2114
5399 7121 38.816
5400 7665 51.8815
5400 7958 25.6289
5401 6464 65.1885
5401 7403 65.7165
5401 8537 44.2338
5402 5925 29.9112
5402 6237 59.2544
5404 6728 114.018
5404 7214 56.7119
5404 8920 39.7122
5405 6906 80.8107
5405 8415 44.2444
5406 5786 37.8898
5406 6848 55.1668
5407 5645 78.25
5408 5963 27.7848
5408 9370 39.0887
5409 5897 45.7584
5409 6396 42.1877
5410 5544 120.487
5410 8670 61.8428
5410 9047 62.8983
5411 6145 33.3951
5411 6641 64.4941
5411 8250 18.3256
5412 7258 24.5449
5412 9391 30.1123
5414 6886 60.155
5414 7114 23.6538
5414 8087 60.1326
5415 8266 9.26379
5416 7098 35.5161
5416 8270 50.4881
5417 6329 97.2085
5417 6962 85.8995
5417 7319 31.8397
5418 5756 43.1599
5419 8352 95.676
5419 9080 73.2616
5420 6020 32.0327
5420 7717 28.6343
5421 6475 31.6327
5421 7477 31.0302
5422 5483 44.6635
5422 5780 32.2578
5422 7516 70.7827
5423 6100 37.6674
5423 7725 23.7146
5423 8033 4.6941
5423 8328 67.895
5424 5988 26.901
5424 7766 29.6155
5425 6605 45.8869
5425 9586 63.4188
5426 6018 22.1878
5426 6284 66.892
5427 6683 7.21345
5427 9223 13.5606
5428 8790 54.8114
5429 8495 75.1801
5430 8484 75.3911
5430 8632 69.2206
5430 9352 105.62
5432 7549 89.5679
5434 7068 80.0749
5434 9392 50.7326
5435 6293 43.348
5436 6953 55.841
5437 5476 47.616
5437 6634 48.4175
5438 7674 46.1125
5438 9437 78.204
5439 7800 34.1624
5439 8309 83.6478
5440 6102 42.7373
5440 6123 28.1007
5441 6148 48.2279
5441 6768 43.3925
5441 7858 41.26
5441 9415 51.3181
5442 5563 49.6251
5442 5960 36.7228
5443 5541 50.935
5443 6732 43.3751
5443 7390 6.83511
5444 7074 65.9988
5444 7980 83.9048
5445 7067 24.9059
5445 8019 25.2202
5445 9091 50.8624
5446 8240 54.9865
5446 9168 46.2529
5447 5463 71.2663
5447 5511 74.6186
5448 7849 50.8477
5449 7595 67.9264
5449 8259 31.6488
5449 8465 70.7121
5450 7262 65.9767
5452 5581 45.2598
5452 6627 37.4937
5452 8171 34.1898
5453 5627 89.2135
5453 7758 49.9242
5455 7805 65.4351
5456 5491 54.5034
5456 5777 15.2394
5456 6084 9.67916
5457 6659 64.5862
5457 9592 57.5062
5458 6426 36.7358
5459 5549 46.6336
5460 8855 95.5553
5461 5681 83.4154
5461 6868 90.9126
5462 6282 38.9098
5462 8754 62.2319
5462 9365 34.6363
5463 5511 52.2043
5463 5783 65.8191
5464 5654 76.7891
5464 6279 32.5909
5464 8195 25.9918
5466 7500 96.6028
5466 8817 50.0285
5467 7034 70.3697
5468 6296 52.1882
5469 9111 19.5172
5470 7158 47.2412
5470 7402 92.6935
5470 9029 64.9439
5471 6878 40.4567
5473 6872 35.0624
5474 8652 79.5668
5474 9140 80.7081
5474 9492 11.3861
5475 7160 97.7402
5475 7181 53.447
5477 7019 25.7659
5478 6128 45.7667
5480 7541 142.871
5480 9084 32.9592
5481 7948 41.5675
5481 8237 75.6364
5482 7366 94.7092
5482 9054 40.9453
5483 5780 28.2246
5484 8904 25.19
5485 6114 42.3986
5485 8546 83.5031
5486 7967 69.4337
5486 8984 76.2736
5487 8615 43.2337
5487 9086 52.2244
5488 7668 42.565
5489 6246 70.6691
5489 7485 97.6632
5490 7157 75.2146
5490 8584 63.8856
5491 5777 45.3736
5491 6530 58.6597
5491 9209 50.078
5492 5623 38.2577
5492 7964 49.3648
5492 9165 32.8982
5493 5539 36.7351
5493 9186 34.0696
5494 7856 63.0458
5494 9101 51.0456
5495 6062 52.5433
5496 8075 98.299
5496 9237 46.948
5496 9575 62.788
5498 7915 20.9179
5498 9438 27.6057
5498 9448 54.6271
5499 6685 67.7616
5500 8384 67.3837
5501 5630 50.474
5501 9263 35.9453
5502 6260 36.7902
5502 7723 41.1031
5503 5551 44.288
5503 8006 110.732
5503 9058 27.1894
5504 6431 67.7683
5504 8978 23.81
5505 7844 48.9985
5506 6308 51.2249
5506 6594 58.5676
5506 7428 79.3364
5507 5644 72.7226
5508 7263 110.055
5508 9331 63.8886
5509 9089 61.978
5510 5900 51.4729
5511 8375 106.336
5512 6385 24.1436
5512 8941 68.7662
5513 6571 42.2615
5514 6359 93.6453
5514 8182 77.849
5515 6218 64.0732
5515 7425 93.3352
5516 5832 147.251
5516 7169 92.6074
5516 7449 106.685
5517 7484 38.2051
5517 8456 30.9366
5517 9307 35.7129
5518 8144 103.005
5518 8805 9.75761
5519 5723 106.388
5519 7547 116.001
5521 8149 48.7774
5522 6463 82.2025
5522 7872 90.3839
5524 9446 80.9006
5524 9505 96.2621
5525 5858 51.5912
5525 8034 39.3164
5526 9496 65.4969
5527 6546 29.5495
5527 6735 31.934
5528 5663 42.8769
5528 6655 104.563
5528 7462 55.7575
5529 7123 43.6636
5529 8416 56.5106
5530 6921 50.381
5530 7373 94.9686
5530 8131 64.2548
5531 6826 96.6661
5531 9235 40.4571
5532 6628 64.0645
5534 8859 79.5266
5535 5869 19.888
5536 5764 58.5969
5536 8460 24.916
5538 5745 49.2948
5538 7746 51.4941
5539 9186 29.1327
5540 6132 44.6897
5541 6732 28.3794
5541 7390 72.672
5542 5703 31.8155
5542 6832 35.2513
5542 7154 49.1202
5542 8198 46.1729
5543 6815 30.5477
5543 8397 27.7132
5544 5914 43.0739
5544 6914 73.3648
5544 8670 29.6109
5545 6381 19.6465
5545 6589 61.8631
5546 6847 77.4215
5546 7670 92.1187
5547 6043 73.5081
5548 7028 75.3173
5548 9023 53.4475
5548 9461 57.0749
5550 7617 12.0487
5551 9058 43.3649
5552 5771 11.8584
5553 7365 51.114
5555 7895 83.942
5556 5655 50.5072
5556 7191 31.3313
5557 5717 25.7983
5557 7383 59.1681
5557 8726 53.6748
5558 5653 54.8804
5558 7623 78.5907
5558 8572 36.41
5558 9237 73.8209
5559 8156 81.7411
5559 9132 52.501
5560 7436 39.7588
5560 8437 62.2615
5560 9556 96.7617
5561 7730 53.0398
5562 5652 48.7765
5562 9002 57.8457
5562 9394 55.3543
5563 5960 54.276
5563 9126 75.7381
5564 6338 55.0032
5564 9063 58.7378
5565 7720 102.081
5565 7816 98.4763
5565 8809 99.3607
5566 6941 35.8791
5566 9464 42.7863
5566 9501 39.0262
5567 6428 73.2197
5568 8058 59.1827
5569 6185 34.5081
5569 9276 122.294
5570 9518 45.4755
5571 7601 89.4492
5572 6289 68.8261
5572 6796 27.3719
5573 5680 83.5305
5573 7115 52.8474
5574 5818 93.9047
5574 9039 87.6341
5576 7057 32.5149
5577 7605 51.3848
5578 5865 22.454
5578 8332 38.8881
5578 8430 38.3071
5578 8765 42.7239
5578 9133 38.1821
5579 6113 56.7009
5579 6507 33.4557
5579 7637 54.9367
5581 6663 57.8693
5581 8171 24.7548
5582 6283 37.1064
5582 9334 70.3325
5583 5908 33.2001
5583 8643 47.3153
5584 8202 104.919
5585 6174 32.5093
5585 7320 33.0904
5586 6739 91.2453
5586 7573 121.032
5587 5782 100.134
5587 8999 50.4178
5588 7652 197.011
5588 8129 100.754
5589 6748 73.4638
5589 9006 83.357
5590 8459 59.0753
5590 9241 16.002
5590 9479 43.5487
5591 6512 91.3722
5593 6488 72.3463
5593 8118 121.162
5594 8349 140.278
5595 9548 84.0442
5595 9592 75.2457
5596 9514 20.1983
5597 6451 44.4906
5597 6747 75.003
5598 7197 88.8115
5599 8362 49.0946
5600 6037 80.7015
5600 6703 90.8815
5601 9590 2.57726
5602 9379 77.4955
5603 6057 95.9028
5603 8344 7.44106
5603 9003 33.2171
5605 5677 48.2728
5605 7657 40.128
5606 7122 23.6016
5608 7589 25.4784
5608 8439 75.9952
5609 6811 41.4938
5610 6511 61.601
5610 7367 49.0347
5611 9413 42.2934
5612 7266 87.3319
5612 9022 54.9204
5613 6012 76.9149
5613 7028 22.5873
5613 9023 21.0819
5613 9461 42.6524
5614 6187 69.755
5614 6652 107.156
5614 6657 140.676
5615 5926 27.8595
5615 7544 93.0649
5616 6414 107.709
5616 8664 60.1708
5617 7243 63.203
5617 8779 16.5721
5619 9009 48.9673
5620 6457 73.6731
5621 5841 29.7832
5621 7856 50.8522
5622 7515 71.529
5623 7964 52.1155
5623 9165 21.5827
5624 6098 49.6544
5625 7345 108.288
5625 8330 91.2545
5626 8045 119.37
5626 8722 43.3567
5627 6950 36.2425
5627 7758 58.1973
5628 5700 43.4426
5628 6922 91.2673
5629 6588 35.3005
5629 6993 52.8464
5629 9216 40.949
5630 5736 24.8267
5630 9263 23.4641
5631 5890 19.8898
5631 8392 50.7541
5631 8680 37.9042
5632 9048 72.3951
5634 7715 34.6267
5635 6651 89.2253
5636 8446 39.5777
5637 9246 58.7449
5638 5957 53.3402
5639 6519 74.3742
5639 8053 40.7073
5641 6400 50.9391
5641 6618 59.8254
5641 6929 24.1858
5642 8296 149.48
5643 7626 85.5655
5645 9272 55.6476
5646 8461 38.8806
5647 8931 58.9523
5648 5979 47.6558
5648 7088 31.4929
5649 7499 131.38
5649 8839 77.4435
5650 6741 55.179
5650 7364 51.2998
5651 7456 71.3203
5651 9000 65.5755
5652 9002 11.7437
5653 6370 44.8723
5653 9410 65.4437
5654 8195 25.6666
5655 7191 86.5508
5655 8748 43.2505
5658 6806 74.762
5658 8074 111.558
5659 6171 67.8469
5659 9198 89.1378
5660 7800 18.4446
5661 8353 59.5908
5662 9588 53.1413
5663 6798 11.3309
5663 7462 20.1937
5664 7381 56.5428
5665 6835 49.8266
5665 7045 84.3694
5666 7242 116.28
5667 7395 83.3252
5667 8212 46.8417
5668 8809 81.993
5669 6574 35.014
5669 7232 79.2289
5669 8508 40.7805
5670 7048 47.8957
5670 8221 42.7414
5671 7508 48.3987
5671 9125 25.2075
5672 6694 6.80991
5672 7052 48.946
5673 6404 90.4554
5674 6819 58.4702
5675 5767 57.9572
5675 8124 94.8261
5677 7657 45.3738
5678 8436 58.7219
5679 7144 98.9043
5680 6151 19.1054
5680 7115 51.496
5681 6868 108.232
5682 8980 73.9495
5683 6720 47.1373
5683 7078 78.3881
5684 9253 23.1192
5685 7735 34.0003
5686 9045 31.9766
5686 9539 79.424
5688 6061 54.1603
5688 6199 44.7112
5688 8141 45.3732
5689 6752 114.402
5690 8899 45.165
5691 9033 55.2348
5693 6316 25.7312
5693 7763 65.7966
5693 8599 41.5323
5693 9336 21.9734
5694 7389 116.996
5695 6971 102.567
5695 7929 96.1406
5696 7167 59.291
5696 9281 69.2462
5696 9550 95.3586
5698 7070 90.7977
5698 7706 53.9377
5699 6577 75.9714
5701 7632 35.813
5701 8844 39.1677
5702 7033 102.267
5702 7430 75.8937
5703 6832 31.1028
5703 7154 47.5136
5703 7863 45.1243
5703 9192 66.2779
5704 7653 73.2294
5706 5716 24.1646
5706 6189 21.7208
5707 7049 47.8218
5708 6389 44.075
5709 7827 87.3881
5709 8981 62.4876
5710 6247 58.4903
5711 6464 88.7711
5711 8265 85.8133
5712 8294 60.4608
5713 9189 74.3092
5715 7033 37.3477
5715 7793 16.9045
5715 9471 12.4517
5716 6189 19.9178
5717 8726 85.4426
5718 8121 21.2228
5718 8152 18.3407
5719 6181 36.8122
5719 8270 72.5188
5719 8871 68.6387
5720 8363 66.4761
5721 9574 86.6416
5723 6480 96.3747
5724 7206 50.1619
5724 7773 43.2208
5724 9486 74.8982
5725 6932 108.61
5725 6939 54.8222
5725 7814 88.3288
5726 5790 7.90125
5726 7293 66.2406
5726 8105 74.5612
5727 7908 49.9935
5728 7231 66.2942
5728 9494 73.8355
5729 6006 85.1242
5729 6671 42.2336
5730 8721 116.336
5731 6052 67.9723
5731 7361 60.7506
5732 5965 34.6296
5732 6857 97.9224
5732 6873 28.8604
5733 7703 26.8257
5733 9414 67.0917
5735 5924 92.6819
5735 9598 52.5162
5736 9263 42.4562
5737 8473 19.8244
5738 6370 20.7778
5738 8909 98.8467
5738 9074 36.0064
5738 9410 33.6333
5739 7742 82.7387
5740 7589 87.0347
5740 7662 79.8876
5740 7786 47.1572
5740 7952 49.3221
5741 7602 25.2617
5743 8085 72.6811
5743 9294 47.5036
5744 8483 100.018
5744 9373 64.7642
5745 7746 59.9671
5745 8194 98.8755
5746 7192 33.8929
5747 6569 58.3076
5747 7889 83.4476
5748 7649 88.7369
5749 6935 69.235
5750 6869 42.4218
5754 5866 87.3387
5755 9359 67.0317
5757 8894 81.1917
5758 8698 70.4922
5758 8763 58.213
5759 6341 27.0501
5759 7100 10.7794
5759 7314 42.8389
5759 8769 40.0302
5760 8838 97.9271
5761 7902 62.9049
5761 9598 69.0896
5763 6845 59.3868
5764 6356 82.2676
5764 8460 39.4141
5765 5943 77.0692
5765 9293 29.2764
5766 8230 39.7375
5766 9423 32.8249
5768 6537 94.1137
5769 7674 111.093
5770 5792 72.1185
5770 6047 48.4171
5770 8237 37.0599
5772 7282 79.6709
5772 9141 71.8433
5773 7754 69.1083
5773 9135 50.3175
5774 6484 13.5602
5774 9380 35.3285
5775 6236 70.035
5775 7295 22.5591
5776 6513 26.3585
5776 7742 97.6345
5776 7930 69.0977
5777 6084 28.0788
5777 9209 75.9434
5778 6440 95.655
5779 9366 35.4339
5780 7516 53.0383
5781 8091 33.9667
5781 8961 69.483
5782 6518 51.7482
5782 8846 101.426
5782 8999 37.0927
5783 9040 32.0337
5784 6153 39.129
5784 6195 77.1979
5784 7969 46.7588
5785 5806 69.4775
5785 9012 66.7389
5786 6848 38.59
5787 7592 35.4009
5788 5956 96.5462
5788 9599 54.723
5789 7609 43.5243
5789 8560 45.6258
5789 9172 39.5957
5790 7293 48.0011
5792 6047 19.4411
5792 6859 105.109
5792 7759 58.6942
5793 6005 45.5614
5793 9582 97.6586
5794 8941 157.753
5794 8991 112.803
5795 5895 56.2538
5795 8509 75.0941
5797 6310 93.3939
5797 6776 70.4574
5797 8390 56.8626
5797 9367 33.7942
5798 5954 74.7046
5798 8944 108.083
5799 7453 31.793
5799 8807 88.1531
5800 6938 119.491
5800 8749 67.7939
5801 6705 164.603
5801 8813 47.6965
5801 9038 108.062
5802 6630 75.6623
5802 7677 120.171
5802 8775 56.2592
5803 6327 78.6741
5803 6565 80.0175
5803 8932 74.9953
5804 6808 96.4936
5805 6695 28.633
5805 8013 63.7031
5808 7498 73.4938
5808 8661 51.3108
5810 8203 20.5863
5810 9506 60.4712
5811 6071 43.2607
5811 7922 65.4587
5813 6355 71.8445
5813 6408 77.8784
5813 8780 55.7363
5814 6481 123.847
5814 6556 115.788
5815 8728 85.3343
5816 7924 106.556
5816 9446 76.4847
5817 6611 20.1497
5817 8382 20.8882
5817 8569 37.147
5819 9324 56.9824
5819 9462 50.4224
5820 6086 47.0826
5820 9138 50.3629
5821 5953 85.7936
5821 9085 72.7516
5822 8885 41.6158
5822 9162 20.0862
5824 8032 68.9503
5825 6183 77.1995
5825 6554 43.8312
5825 6925 63.4727
5825 8990 38.4537
5826 8141 48.9458
5827 6516 47.114
5827 6638 50.506
5827 7369 51.6898
5829 8017 28.7013
5830 7850 67.3559
5830 8301 51.5813
5831 6731 46.5344
5832 8412 131.608
5833 6335 102.481
5835 6984 61.6725
5835 7473 89.4813
5836 8002 45.7482
5836 8758 29.4072
5836 8818 42.662
5837 7442 27.2993
5837 7471 90.8779
5838 7644 91.0089
5839 8112 26.1961
5840 6655 62.3409
5840 6961 134.532
5841 7986 80.1618
5842 6136 60.3872
5843 7481 57.4074
5843 8166 26.0919
5844 8120 57.4419
5845 7283 77.2023
5845 8051 66.0042
5845 8730 13.342
5846 8534 65.543
5846 9595 16.0778
5847 9183 120.727
5848 6975 43.2698
5849 8503 44.4264
5851 9576 58.2641
5852 6388 42.9124
5853 8394 69.7764
5854 7088 71.3321
5854 7152 46.0872
5855 9335 77.9688
5855 9420 63.3302
5856 7082 83.0908
5856 9121 19.2381
5857 7017 86.8757
5858 7521 85.273
5858 8034 43.9352
5859 7217 47.7807
5859 9545 49.2612
5860 7512 80.7346
5861 6814 46.9836
5861 8367 39.9494
5861 9402 56.4498
5862 6307 76.3049
5862 6888 7.95745
5864 8318 36.5935
5864 9028 92.3428
5865 8430 35.0873
5865 9133 36.3965
5867 6927 38.7495
5867 8868 38.1723
5867 9342 40.7373
5868 6954 20.4004
5868 7035 36.6432
5871 8232 52.362
5872 7605 60.1563
5872 9009 48.9976
5873 6402 44.028
5873 7716 68.9256
5873 8647 53.4744
5874 9286 32.7073
5875 8233 34.4312
5875 8667 57.2522
5876 8025 59.0469
5876 9482 7.06217
5877 6612 110.14
5877 8519 82.2623
5878 6294 49.6154
5878 7926 72.7008
5879 6265 92.1441
5879 6465 25.946
5880 6919 65.4813
5880 7613 78.8231
5881 7535 41.6127
5882 9312 89.6825
5883 8824 28.6033
5884 6092 31.5556
5884 7719 81.3978
5885 9454 83.9146
5885 9541 52.8851
5886 6770 9.16461
5886 7598 59.3387
5888 8316 94.0559
5889 6561 114.039
5890 8680 22.5354
5890 8774 87.1339
5891 7151 6.8346
5891 7852 79.3263
5892 8658 47.5527
5893 6924 132.303
5894 7837 51.3112
5894 8044 110.12
5895 8509 83.4734
5896 8469 74.6136
5896 8699 55.8025
5896 9155 86.5126
5897 6396 58.6683
5897 9393 31.6706
5898 8436 34.6691
5899 8783 42.8971
5899 9299 37.995
5901 6968 56.0109
5902 8688 75.4618
5902 8744 16.9969
5902 9015 64.1141
5903 6948 142.101
5903 9216 143.248
5904 8518 112.934
5906 7943 107.042
5906 8229 122.683
5907 5942 76.7697
5907 6374 71.1462
5907 7643 46.248
5909 7957 88.057
5909 8070 108.775
5909 8318 61.4936
5910 7235 94.844
5910 8001 49.612
5911 9149 65.1997
5911 9295 49.2439
5912 6793 34.6716
5913 7204 107.586
5913 8655 100.768
5914 6489 32.2218
5914 6591 82.0052
5914 8670 39.2935
5914 9047 71.4685
5915 7530 49.1066
5915 8891 47.0202
5915 9247 38.8688
5916 5986 77.1894
5916 7303 23.8536
5916 8877 63.1675
5917 8873 56.6813
5918 9468 55.6236
5919 7543 81.1403
5920 7020 20.8771
5920 7985 88.4233
5921 6752 22.1209
5922 8151 114.166
5923 7669 8.16543
5923 7935 42.8887
5925 6237 57.0876
5925 6623 76.3754
5927 6133 33.5518
5929 6817 41.9805
5929 9144 54.3769
5930 7183 34.0928
5930 8451 79.5134
5932 6317 64.8878
5933 6392 15.3428
5933 6764 49.3595
5934 6855 56.0842
5934 8352 27.2094
5935 6046 29.863
5935 7961 45.7915
5938 9036 76.9413
5939 8373 56.5893
5939 9025 113.843
5939 9034 56.52
5940 8051 53.3855
5942 6596 50.2064
5942 6889 53.6781
5942 7643 35.2099
5942 9470 52.4452
5943 9293 106.154
5943 9390 90.3092
5944 7526 64.9484
5944 8523 111.748
5944 9208 56.3111
5945 8068 20.2515
5946 6290 118.228
5946 7696 17.5689
5947 9262 49.4632
5948 8901 66.2588
5948 9326 46.5803
5949 6061 62.7689
5949 6130 64.5776
5949 6199 73.0101
5950 8582 63.3724
5951 8424 5.4245
5952 9589 40.8565
5954 6253 80.879
5954 6352 64.4493
5954 7720 85.7819
5954 7897 104.293
5955 6736 19.5792
5955 8597 37.9236
5955 9070 40.7771
5956 8047 50.8369
5956 9001 42.5479
5956 9583 39.3144
5958 8504 59.7414
5958 9601 47.1504
5959 7075 69.2357
5959 9474 84.1595
5962 9463 54.4784
5963 7226 41.2116
5963 8704 40.8314
5964 6671 30.9765
5965 6857 90.9652
5965 6873 52.0665
5966 8519 95.0433
5966 8856 35.1678
5967 6320 102.641
5967 8049 71.5743
5968 6559 8.27461
5968 7728 46.8413
5969 6364 68.8185
5969 6384 60.3196
5969 8522 65.0399
5970 7759 60.7672
5970 7982 64.5011
5971 9199 60.1477
5972 6303 82.2252
5972 7138 27.911
5973 5985 66.2479
5973 6722 13.2596
5974 6166 99.6394
5975 6947 64.5696
5975 8181 2.31147
5976 6824 39.9777
5976 8290 51.6451
5976 8974 92.9488
5978 7055 94.8526
5978 7608 86.8876
5980 6221 75.7448
5980 7974 82.3586
5980 8579 54.67
5980 9063 66.0454
5981 6570 34.0759
5981 7216 126.558
5981 9266 45.9282
5982 6137 41.677
5982 6203 65.4175
5983 7612 45.9954
5985 6722 69.4196
5985 8590 61.0816
5986 7303 106.097
5986 7552 100.746
5987 8467 53.5201
5988 7766 17.7044
5990 6107 107.249
5990 8594 50.5875
5992 7696 104.885
5992 8050 53.0816
5992 9273 46.3881
5993 6664 9.11697
5993 8750 36.4463
5994 8286 75.3445
5994 8297 71.9863
5996 6288 44.8149
5996 8692 105.537
5997 6106 126.446
5997 7118 42.6551
5997 7540 69.6029
5998 6902 63.5129
5999 9269 92.7174
5999 9602 66.3861
6000 7916 57.3952
6000 9360 77.0297
6001 9362 67.3197
6002 7051 101.506
6003 7222 16.7419
6003 7841 24.5068
6003 8356 36.5005
6004 7268 52.8602
6005 8338 91.8546
6005 9582 63.2625
6008 7510 22.6069
6010 6185 62.5911
6010 8587 121.474
6011 6191 60.0802
6011 6891 97.5772
6011 6909 73.3448
6011 7898 104.701
6011 8341 65.9261
6012 6323 69.9387
6012 7322 28.611
6012 9461 47.2493
6013 9320 82.0308
6013 9427 79.72
6015 6377 93.5016
6015 7419 29.1187
6015 9303 50.3128
6017 6491 49.779
6017 9344 56.9839
6018 6284 95.363
6019 8323 117.298
6020 7717 53.136
6021 7444 35.1843
6021 8245 48.4776
6021 8559 51.1512
6022 8340 29.523
6023 6723 31.515
6023 8107 30.8483
6024 6387 91.0409
6024 7455 71.7641
6024 8720 79.2167
6025 8695 72.3405
6026 6159 48.3661
6026 6908 28.1123
6027 9196 34.5283
6027 9220 54.2797
6028 6423 68.7954
6031 6428 36.1297
6031 7079 48.5881
6032 9320 23.5934
6032 9427 39.9584
6033 6407 50.5906
6034 7831 62.1263
6034 9364 54.666
6035 6651 59.8874
6036 7679 51.2193
6037 6427 89.4977
6037 6703 21.1971
6038 9360 74.7834
6039 6299 27.2015
6039 8498 77.3139
6039 9017 80.4095
6040 7439 65.0591
6040 8879 23.9899
6042 6517 68.217
6042 7345 58.6102
6044 9377 91.8378
6045 7148 91.966
6045 7871 19.4417
6047 7759 97.2819
6048 9159 52.1931
6049 9361 51.4896
6050 6772 71.1247
6051 6861 40.5856
6052 7150 46.779
6052 7361 103.998
6052 8285 39.0313
6053 8054 74.0173
6053 8575 140.068
6054 8029 45.9187
6055 7650 66.9957
6055 8982 67.3665
6055 9302 53.6725
6056 7378 15.5576
6056 8981 40.4502
6057 9003 78.6635
6058 6818 35.6102
6058 9243 17.9747
6061 6199 5.96014
6065 8216 43.0569
6065 8610 88.1475
6066 6173 42.5312
6066 7410 14.5369
6066 8816 7.10798
6067 9064 83.4363
6068 6795 62.3015
6069 7894 61.3296
6069 8177 14.3085
6070 6154 55.35
6070 8410 65.6916
6071 7922 69.0277
6072 6668 25.7753
6072 7778 15.2133
6072 8293 109.569
6074 8346 37.1798
6074 8393 67.9472
6075 6544 106.708
6075 7482 54.392
6076 6430 28.8137
6076 6576 71.7209
6077 6152 79.4399
6078 6087 56.9044
6078 6820 13.9229
6078 7167 51.8419
6078 9281 79.5583
6079 8676 26.8674
6079 9564 34.477
6081 7013 81.5159
6081 9516 81.0358
6082 6272 66.308
6082 8810 71.8766
6083 9105 6.93607
6084 9209 53.1238
6085 6109 84.9642
6085 7078 40.7571
6087 6820 80.1953
6087 7640 103.504
6087 8717 31.7127
6087 9402 38.0256
6088 9436 21.7823
6089 6100 28.5033
6089 7298 27.7329
6089 8705 44.4267
6090 7775 110.404
6092 7719 67.1371
6093 7526 55.9696
6093 9208 66.4578
6094 7193 57.0363
6094 7509 72.4529
6095 7116 57.9876
6095 8132 91.935
6095 8470 97.4807
6096 9421 69.5792
6097 7085 48.7924
6097 9081 68.9751
6098 6975 56.3629
6099 6495 40.9233
6100 7298 48.4554
6100 7725 44.0032
6100 8705 104.124
6101 6310 65.8748
6101 6482 92.937
6101 8900 60.1294
6102 6123 46.9882
6102 6704 76.5096
6102 9503 59.2685
6103 8847 36.1182
6104 7681 55.5903
6105 9167 57.0378
6107 9329 64.2563
6108 6935 64.1273
6108 8069 70.3722
6109 6981 84.221
6110 8057 126.963
6111 6497 68.8276
6111 9537 40.7852
6113 6709 40.7664
6113 7452 65.5361
6114 8546 37.8591
6115 7780 47.7525
6116 8947 58.1472
6116 9184 47.2114
6116 9234 77.0622
6117 8686 24.5407
6118 8408 28.8048
6119 7212 94.2641
6119 8047 30.6678
6119 9001 57.4848
6120 6445 58.6088
6120 7666 58.1625
6121 7284 64.6242
6121 9100 81.7936
6122 7784 67.4717
6122 8376 97.3795
6122 9116 64.1333
6124 7329 132.679
6124 8116 131.225
6125 7264 65.9411
6126 6830 52.9869
6127 6622 45.3945
6127 7300 80.1517
6129 7162 29.6378
6129 8210 46.1552
6130 8815 100.391
6131 6404 144.484
6131 8078 73.6949
6134 9519 99.4389
6135 7081 52.4755
6138 6781 78.8459
6139 6638 42.7337
6139 7369 30.9498
6140 6334 107.339
6140 7654 168.545
6141 7451 57.0647
6142 8493 87.5175
6143 6777 66.0296
6143 8558 32.1514
6145 8250 42.3059
6146 6249 79.5875
6146 8952 127.693
6147 8074 45.2121
6147 8782 35.7709
6148 7858 37.1432
6148 9107 29.0933
6149 6331 96.8933
6149 9357 118.117
6150 7251 58.5065
6150 7698 53.9712
6151 7115 77.0787
6153 7694 74.4056
6154 7474 76.4376
6155 6548 65.7029
6155 9271 76.7706
6157 6855 19.0805
6157 7400 10.2554
6158 8413 54.2721
6158 9500 71.6857
6159 6908 29.376
6160 8099 53.3712
6160 9163 30.195
6162 6448 107.394
6162 7912 111.339
6163 7090 69.1702
6164 9321 51.8986
6165 7127 82.7758
6165 7850 52.0434
6165 8604 58.0728
6167 8413 67.6763
6168 8595 52.8857
6168 9116 59.9116
6169 7336 32.1861
6169 9298 33.0331
6170 7626 89.6838
6172 7367 72.143
6173 8816 36.622
6174 7320 89.6672
6175 7506 67.5049
6175 8568 11.5184
6176 6729 46.3754
6176 8226 31.2566
6177 8970 74.6839
6177 9131 72.5553
6179 8785 66.9831
6179 8909 24.1431
6180 8386 46.7496
6181 8871 63.2664
6181 9055 63.3219
6182 7752 55.9481
6183 6841 73.603
6183 9331 58.4695
6184 6419 66.0732
6185 9441 68.9824
6186 6584 31.4057
6187 8347 67.3553
6188 7220 61.9475
6188 8684 11.3579
6190 8856 77.6675
6191 7898 68.8888
6191 8341 48.5402
6192 6643 48.4652
6193 6298 40.7477
6193 8106 38.6785
6195 7969 47.9009
6196 8431 72.0258
6197 6412 31.3729
6197 7805 55.597
6197 8940 46.8206
6199 8141 62.0019
6200 6473 102.595
6200 7832 27.2138
6201 6471 80.4669
6201 8678 55.8735
6201 8756 63.869
6202 6826 43.9004
6202 6916 65.7072
6204 7530 22.1634
6205 6746 102.747
6205 9371 23.273
6206 8036 50.2271
6206 8707 45.157
6207 7764 128.847
6207 7983 73.9099
6208 8307 18.0766
6209 7403 43.5597
6209 8911 12.6596
6211 8772 46.3271
6211 9061 77.1671
6212 7824 50.2082
6212 8350 56.3389
6212 9535 20.8357
6213 6312 56.8005
6213 7268 46.4429
6213 7555 60.5441
6214 7096 99.4765
6215 7377 101.383
6215 7815 118.861
6215 8061 127.982
6216 6504 48.4826
6216 9560 68.5334
6217 7238 11.7913
6217 7635 82.1533
6218 7425 88.8692
6218 9308 40.4652
6220 8854 57.1797
6220 8936 56.7835
6221 8579 25.7754
6222 6733 40.7188
6222 6878 38.9798
6223 9463 45.4302
6224 6373 26.3252
6224 6960 11.7824
6225 8925 121.988
6226 9093 47.1124
6227 7264 61.078
6228 7331 17.1138
6229 7593 46.8229
6230 7398 86.9125
6230 7899 114.437
6231 7956 21.1114
6232 6397 69.9387
6232 7686 58.133
6233 6398 103.391
6233 9447 135.347
6234 6888 61.98
6235 7059 60.8045
6238 8102 49.8244
6240 7721 95.0016
6242 8398 131.831
6242 8494 108.347
6243 7349 98.1026
6244 8384 36.6993
6245 7438 5.97225
6245 7848 40.4238
6245 8317 14.1562
6247 9460 79.8371
6248 7266 71.2481
6249 7175 54.9035
6250 7053 55.9662
6251 6978 64.0872
6251 8418 45.1123
6251 9194 14.7229
6252 6442 35.5883
6252 7614 76.2775
6252 7840 71.8018
6253 7737 62.3635
6253 7897 73.7609
6253 8840 40.3256
6254 6279 55.6435
6255 6455 79.6743
6255 9409 45.8445
6256 7347 22.807
6256 9570 19.9115
6257 6772 78.3361
6258 6706 34.6873
6258 9098 12.8723
6259 8380 46.8282
6260 6325 67.3648
6260 7723 11.2749
6261 8997 20.4561
6262 7182 64.6967
6262 9473 64.9047
6263 6361 77.4405
6263 9249 57.5105
6264 7844 42.1625
6265 8177 76.0016
6266 8531 95.7379
6267 6799 20.0596
6268 8366 40.9382
6268 8993 46.3274
6270 9533 109.227
6271 7183 36.7632
6271 8367 62.5911
6272 6613 29.318
6273 8481 52.8494
6274 9097 96.3286
6275 6962 55.5984
6276 6789 36.807
6276 8624 49.3608
6277 7659 45.8202
6277 7873 69.2219
6278 9349 71.5084
6279 8195 70.7446
6280 7907 65.0891
6280 8342 38.2967
6281 6517 25.0315
6281 6561 65.7914
6281 7345 48.5829
6282 7110 87.8001
6282 7497 43.6184
6282 8754 67.1663
6283 8169 66.3995
6283 9099 74.039
6285 7072 74.0968
6285 7465 9.7603
6286 9340 69.733
6286 9529 139.862
6287 7682 76.1515
6287 8370 62.599
6287 8559 69.8566
6287 8580 78.7342
6289 6365 75.6632
6289 6526 46.3409
6289 6796 69.322
6289 6869 83.2542
6291 7650 67.4152
6291 8027 100.283
6291 8550 95.7017
6292 6467 63.1813
6292 6882 26.9706
6293 7041 91.5492
6293 9154 22.4108
6294 7926 64.3528
6295 7566 107.077
6296 8685 95.3031
6297 6678 11.7727
6298 9222 60.2136
6299 9017 76.0152
6300 6828 80.3588
6300 8158 41.4898
6301 7508 34.5531
6301 8287 80.4864
6304 7301 54.5977
6304 7346 58.9988
6304 7582 66.9459
6305 9137 44.3027
6306 8497 27.729
6307 7842 55.8415
6308 7997 60.0156
6309 8061 44.2786
6309 9315 20.1793
6310 6482 83.3479
6310 6776 51.7791
6310 8900 108.936
6310 9367 105.62
6311 7184 57.5121
6311 8090 105.051
6311 9401 56.1582
6314 8335 22.1608
6315 6601 23.1026
6315 7457 68.6117
6316 9336 17.4549
6318 6350 61.7299
6318 7409 38.4324
6318 8444 76.6808
6318 8977 18.8451
6319 7945 41.6589
6319 7950 26.8243
6320 8531 93.1472
6321 8560 67.7658
6322 7012 33.9754
6322 8628 64.6395
6323 6690 36.1101
6323 7322 56.9722
6324 6466 81.7531
6325 7723 40.0474
6325 8518 109.144
6325 9542 64.5337
6326 7755 72.8171
6327 8932 49.1279
6328 6744 3.93857
6328 8175 84.7681
6328 8452 76.5292
6329 7319 122.572
6330 7571 78.3885
6330 8067 74.3076
6330 8852 72.4244
6333 6870 63.5784
6335 7738 76.8736
6335 9007 59.4677
6336 8919 66.1682
6337 6691 35.0241
6337 6893 57.6196
6338 7974 68.1906
6338 9063 83.7149
6339 7506 81.6691
6340 8386 44.2789
6341 7314 38.5089
6342 9102 37.181
6343 6807 82.5659
6343 8669 39.0004
6344 9136 66.0825
6345 7282 93.2048
6346 6557 17.5027
6347 6682 102.47
6347 8892 99.5809
6348 6884 63.8344
6348 8740 55.5916
6350 7636 62.8867
6350 8755 54.9743
6350 8977 39.9268
6351 7343 43.1245
6351 7839 81.227
6351 8510 61.5377
6352 6864 55.3506
6352 7720 88.9187
6352 7897 30.7474
6353 6872 55.6312
6354 7423 62.6383
6354 8581 69.2939
6357 7568 57.4017
6357 9488 98.39
6358 6794 36.1249
6358 7060 57.9794
6358 8916 51.9281
6359 8182 71.5149
6360 7189 79.6246
6360 8217 13.4267
6361 9249 56.4992
6364 6384 5.88446
6364 8522 59.2893
6365 6526 10.9711
6367 7483 47.6009
6367 9083 55.3277
6367 9288 60.5558
6368 8430 73.6471
6368 9133 56.4623
6369 7658 62.7656
6370 8785 86.4924
6370 9074 60.1332
6370 9410 58.2366
6371 9439 53.4961
6372 8571 53.4912
6372 9540 83.8845
6373 6960 27.615
6377 7419 51.9304
6377 8361 59.8971
6380 9573 57.5829
6382 9518 73.7273
6383 7797 40.5001
6384 8522 56.8975
6385 8941 77.1333
6386 6686 30.3478
6386 9338 86.0462
6387 7455 31.531
6387 8720 75.5142
6388 8746 31.0537
6390 7575 44.2024
6390 7905 30.2422
6391 7970 117.472
6392 6764 53.8264
6392 7434 49.5836
6393 7292 84.22
6393 9406 40.4886
6393 9526 102.43
6394 7791 51.5615
6395 7189 71.9965
6395 8217 79.3766
6395 8628 104.717
6397 7467 102.858
6397 7686 6.84335
6398 8893 66.053
6398 9447 59.7996
6400 6618 77.4776
6400 6929 28.5467
6400 8500 120.213
6401 7591 69.8843
6402 7934 25.4726
6402 9389 84.0533
6403 8241 14.2707
6403 9279 72.1238
6404 7210 76.4655
6404 8078 83.6783
6406 9113 84.2947
6406 9376 53.4337
6408 6922 109.575
6409 8103 35.4503
6410 9238 53.1746
6412 8940 69.9985
6413 7711 67.8567
6414 8664 95.5607
6415 8635 25.3783
6418 7260 54.8101
6418 8304 54.0334
6420 6541 58.664
6420 9328 18.6468
6421 6485 84.2191
6421 7405 48.6797
6421 9068 113.958
6421 9188 88.3866
6424 8015 62.7608
6424 8801 58.21
6425 7584 78.0886
6427 9264 18.3845
6428 7079 49.3787
6430 9297 89.9496
6431 8737 63.2466
6431 9412 104.43
6432 7992 80.919
6434 7174 17.8993
6434 7312 72.1784
6434 8197 77.2296
6435 7161 68.1808
6435 7587 60.3803
6435 7676 29.9088
6437 8125 38.4312
6439 9266 140.641
6440 7131 54.4916
6440 8921 51.6131
6441 9071 94.1061
6441 9437 57.0261
6442 7614 25.45
6443 8242 92.6846
6444 6454 62.6716
6444 8797 84.9558
6446 6548 74.659
6446 7845 78.1286
6446 9271 124.426
6447 8204 23.1563
6447 8276 47.6039
6448 6933 89.2306
6449 8828 96.7846
6450 7755 87.4656
6451 6747 22.7903
6451 8015 47.6021
6451 8284 23.4503
6453 6758 22.1411
6455 9409 47.6679
6456 7941 68.9667
6457 9497 44.8248
6458 8732 84.4462
6458 8866 59.9492
6459 6866 82.4115
6460 8794 117.92
6460 9387 61.6946
6461 7328 103.222
6461 9602 67.5927
6462 7081 64.2927
6463 9051 89.2227
6465 8339 63.5207
6466 6766 26.972
6467 6734 66.088
6467 6882 28.4241
6469 6751 106.278
6469 8097 92.7722
6470 7416 37.4165
6470 7537 85.3784
6470 8014 27.0719
6470 9232 40.4105
6471 8143 41.8257
6471 8678 79.0022
6472 7104 50.0516
6472 7691 60.1467
6474 7559 29.0621
6474 9523 64.4648
6475 6696 59.6477
6475 7477 24.4615
6476 8058 102.455
6477 6850 46.3181
6477 7461 30.6439
6478 6609 77.7245
6479 8553 84.5216
6479 9401 52.5888
6480 7171 42.7434
6480 7615 54.4025
6480 9185 72.0155
6481 6633 40.6962
6482 8900 74.0875
6483 7582 43.2432
6484 9380 46.8298
6485 9068 79.5803
6487 8052 108.102
6488 8812 21.1066
6489 6591 63.6526
6490 7245 31.7391
6491 8645 53.0217
6491 9344 24.5503
6492 9561 96.4398
6493 6528 70.5337
6493 7764 71.4881
6494 8923 104.567
6494 9039 44.8904
6496 7533 51.1768
6496 8711 55.9812
6496 9511 38.3453
6497 9537 59.1861
6498 8210 103.878
6499 7215 2.86895
6499 9147 131.406
6500 9039 86.9977
6501 7616 82.9796
6501 8199 49.8377
6502 7281 85.3121
6502 7743 61.8005
6503 8499 12.7147
6506 7687 68.0098
6506 9571 29.7007
6508 9529 116.232
6508 9588 90.4814
6509 7265 59.9329
6509 8255 45.2724
6509 8796 93.1316
6510 7407 25.2514
6510 7429 49.3641
6510 9575 60.1954
6511 7069 71.6034
6513 7930 97.2556
6514 9490 77.2067
6515 8094 47.8298
6516 6638 38.5448
6517 6561 37.6426
6519 8053 101.885
6522 6773 79.9817
6522 7928 104.492
6524 8387 70.0615
6525 6719 13.6406
6525 7149 8.05035
6527 7348 45.5599
6528 7554 61.9721
6529 8618 89.8083
6529 9122 135.602
6532 7075 49.6579
6532 7728 95.5922
6532 9474 51.5447
6533 6750 31.9462
6533 7830 83.9089
6534 8055 80.6825
6535 7801 81.9826
6535 9043 22.7205
6536 6898 37.9445
6537 7121 79.8268
6537 7847 53.0993
6538 7502 10.4324
6539 7618 23.4536
6540 7495 50.9852
6540 8064 57.3237
6540 9152 45.3706
6542 7349 70.7284
6543 7493 69.9649
6543 8253 20.3792
6544 7482 86.9306
6545 7168 126.715
6546 6735 66.1863
6546 8441 77.5332
6546 8490 43.3295
6547 6931 84.1153
6547 7867 44.9778
6548 7845 23.6302
6548 9271 19.4908
6549 9498 33.6516
6550 8962 24.3886
6550 9101 52.8923
6551 7454 61.0602
6551 8332 111.652
6551 8765 113.108
6552 9018 92.5051
6552 9385 78.298
6553 6554 48.1342
6553 8990 65.3325
6554 8990 4.63397
6558 8350 42.954
6559 7728 59.8759
6562 7014 48.4229
6563 6628 80.0676
6564 8793 35.8183
6565 7112 67.9493
6566 8261 22.6688
6567 8227 37.0337
6568 7228 48.4359
6568 7927 75.3938
6568 9274 69.4237
6569 9092 60.9732
6571 8407 117.24
6572 7553 10.3659
6573 8918 88.1469
6574 8508 31.7069
6574 8712 52.3061
6577 7841 58.4991
6578 8003 48.8867
6579 9000 105.877
6580 8046 79.5203
6581 7199 48.0649
6581 7275 64.0809
6584 7455 80.4994
6585 6632 101.998
6586 7624 33.5541
6587 8817 94.1854
6587 8851 41.8341
6588 6948 61.9581
6588 6993 60.0339
6588 9216 18.3971
6590 8336 58.699
6590 8698 26.4037
6590 8985 39.8379
6591 6914 68.1868
6592 9579 36.7594
6593 8488 49.9678
6594 7011 57.6033
6594 7428 101.499
6595 8563 51.8539
6595 8883 69.9084
6596 7722 12.286
6597 9150 36.2373
6597 9345 58.0653
6598 7101 36.5078
6598 8931 57.3871
6601 7457 57.0987
6602 7590 31.4789
6602 8277 11.1094
6602 9032 24.1999
6603 7799 37.0288
6603 8104 60.0713
6603 9260 43.5846
6604 7826 92.5898
6606 6764 4.81026
6606 7434 40.6686
6608 6977 68.2014
6610 7951 43.3752
6611 8382 51.5584
6611 8569 20.4081
6612 6644 82.6435
6612 6875 86.5051
6613 9015 116.612
6614 7388 24.5364
6615 6675 36.0236
6615 9088 31.0374
6616 8118 53.0355
6616 9355 42.8789
6617 8565 24.5911
6618 6929 84.1599
6618 7809 140.056
6619 9403 110.175
6623 6656 71.6148
6624 9056 50.4889
6625 8638 67.9155
6625 8930 51.8374
6625 9057 68.6765
6626 7501 71.6405
6626 8421 28.0702
6626 9450 28.1308
6627 6763 21.1069
6627 7269 102.035
6628 9119 104.998
6629 9598 55.3905
6630 8775 71.4251
6630 9397 8.60393
6631 6865 73.9978
6631 8216 127.106
6633 7671 60.8564
6634 8083 72.2718
6636 7840 39.9355
6636 9026 51.2695
6637 8294 8.33965
6638 7369 30.275
6640 7954 53.4557
6640 8054 39.6738
6641 8250 63.2117
6641 8832 60.5292
6643 6860 69.0797
6643 7427 69.0046
6644 6875 54.7103
6645 8857 51.0294
6646 7195 52.0903
6646 7332 15.2204
6646 9280 55.5491
6648 6881 58.0518
6648 7267 108.416
6648 9258 26.7689
6649 7853 58.7307
6650 7178 121.624
6652 8347 90.0614
6653 7989 47.7944
6653 8338 29.4172
6653 8866 21.3559
6654 6850 75.261
6654 8271 85.5291
6654 8708 86.889
6655 6961 105.019
6657 8672 71.4349
6657 8689 21.9174
6658 8672 29.0286
6659 7986 49.7254
6662 7713 97.0444
6662 7820 55.8688
6663 8171 42.3981
6663 9560 83.0627
6664 8750 37.7973
6665 9171 25.1232
6665 9458 100.683
6666 9584 17.3014
6667 7689 101.703
6667 8433 80.8004
6667 9052 16.7466
6668 7778 17.2721
6668 9400 50.398
6669 7539 88.6312
6669 7607 42.6817
6670 8389 66.7179
6673 9553 80.8757
6675 9088 64.7089
6676 7091 30.8241
6676 8845 62.565
6679 8903 83.6439
6681 8538 35.9436
6681 9144 71.9428
6682 8892 63.9245
6683 9223 19.2527
6684 7216 65.6376
6684 8641 68.8927
6685 8185 35.9437
6686 9338 91.4184
6688 6909 94.5754
6688 8341 105.659
6690 8670 111.716
6691 6893 43.6312
6692 7267 121.745
6693 8256 73.4719
6693 8280 28.7471
6694 7052 46.342
6695 8013 48.0253
6697 8924 58.3986
6698 7213 60.6441
6699 6801 31.001
6699 8616 99.745
6699 9398 17.9191
6700 8858 40.4885
6700 9399 58.3365
6701 8077 83.089
6701 8541 94.0849
6702 6837 63.5284
6702 9296 42.1573
6704 9503 68.1987
6705 9038 51.8401
6706 8829 51.9034
6706 9098 65.5045
6707 7426 121.135
6708 8903 61.4199
6709 7452 49.3159
6709 7637 28.046
6710 9291 67.0507
6711 7581 69.7419
6712 8615 83.2783
6713 7574 86.4697
6713 8950 63.4932
6713 9309 55.0857
6715 7919 31.3089
6716 7776 13.1158
6717 8802 48.7863
6718 8687 86.7612
6719 7149 23.8255
6720 7078 83.4437
6720 8320 81.5852
6721 7512 102.733
6723 8107 17.2423
6725 7507 39.5377
6726 9510 83.1076
6727 6762 76.8441
6727 7561 77.3583
6728 7214 116.533
6729 8226 48.4842
6731 6822 91.3993
6736 8597 59.5291
6737 9076 50.7169
6739 7002 84.1074
6740 6754 70.0808
6741 7364 45.7852
6741 7937 47.2353
6741 8209 48.0396
6741 9179 73.4013
6744 8175 94.4477
6744 8452 90.7285
6746 7031 48.2274
6746 9371 99.6104
6747 8015 30.7335
6747 8284 30.5745
6747 8801 63.0938
6748 8667 66.1353
6749 7845 126.092
6749 9507 71.6229
6751 7917 75.1185
6751 8097 46.4902
6753 8478 38.5412
6753 9348 43.9518
6755 8231 48.2157
6756 8353 79.9382
6756 8714 90.5384
6757 7712 4.29135
6758 8989 86.4426
6760 8863 72.679
6761 8057 77.1567
6761 8626 42.238
6761 9552 54.2505
6764 7434 54.5299
6768 8570 60.6231
6770 7598 44.2363
6771 7996 51.8332
6774 8943 33.825
6774 9455 54.8704
6775 9562 70.4748
6777 7124 54.1439
6778 8198 55.6975
6778 9078 15.6702
6778 9148 35.2978
6779 7306 58.2227
6780 6784 104.058
6780 9528 41.1236
6784 9528 142.125
6785 6827 80.8751
6786 9578 45.3546
6787 8524 41.4526
6788 8960 18.0269
6788 9505 33.6789
6789 8170 27.2505
6789 8624 4.1496
6790 7647 62.6455
6792 9325 48.0209
6794 8354 42.1459
6794 9103 55.2518
6797 8567 79.9271
6798 7462 18.0336
6801 8616 44.1981
6801 9398 40.4871
6802 7828 36.7803
6802 8260 43.0975
6802 8789 56.5123
6804 8523 130.488
6804 9451 55.1549
6805 7325 88.447
6806 9177 57.625
6807 9413 18.3836
6809 8390 56.4452
6810 8625 62.5327
6810 9491 68.565
6812 8788 31.4855
6812 9325 110.592
6814 8367 79.6306
6816 7621 54.8043
6816 8030 28.0567
6816 8802 48.8235
6816 9212 51.5137
6818 9243 66.0493
6820 7167 82.5061
6821 7869 29.7491
6825 7448 49.4615
6825 7695 13.6873
6826 6916 61.2047
6828 8158 71.9766
6831 8295 9.72784
6831 8302 59.9956
6831 8372 44.6027
6831 9013 69.467
6832 7863 10.4882
6832 8094 78.5416
6833 7489 30.037
6834 8290 82.2533
6835 7045 108.799
6836 7704 38.9953
6837 7182 56.1079
6837 9296 59.9197
6837 9490 50.0453
6838 8515 39.1132
6838 8947 32.8229
6840 7197 31.204
6840 7539 33.2444
6841 8887 25.1479
6842 8219 101.006
6842 8963 81.7637
6842 9267 71.6337
6843 7024 72.2862
6843 8143 114.557
6844 8823 45.5427
6844 9005 36.8791
6845 8348 29.3188
6846 7822 96.8912
6846 8301 37.0556
6848 8166 13.087
6849 8366 26.2416
6849 9217 29.7616
6852 6900 77.7984
6852 7007 82.7046
6852 8596 55.1863
6854 8925 110.85
6855 7281 87.4054
6855 7400 25.9076
6858 7186 66.8609
6859 7759 49.6643
6860 7705 76.8912
6862 7198 3.80139
6864 7897 36.606
6864 8840 45.3486
6865 6956 89.5268
6865 9350 75.1714
6866 8612 115.798
6867 8325 61.2138
6868 8386 56.7195
6871 7810 91.7169
6873 7965 96.4313
6874 8111 15.7605
6874 9319 16.2568
6874 9597 65.8897
6875 7818 97.9508
6876 7430 55.6843
6877 8657 35.9608
6877 8956 27.9471
6881 8588 38.7357
6881 9258 65.9253
6883 7006 134.567
6884 7418 39.7844
6884 8650 44.8521
6886 7114 17.88
6886 8087 46.6543
6889 9470 17.7207
6890 6986 43.2174
6890 7415 86.3007
6890 7732 94.2469
6891 6909 107.29
6891 7527 88.7056
6892 9544 81.7996
6893 8230 26.7754
6895 7960 23.0365
6895 9396 52.1104
6896 7542 29.5606
6896 8206 42.9718
6897 7491 48.0431
6897 8529 80.9984
6898 8633 113.862
6899 9198 54.2091
6900 7007 23.8832
6903 8349 114.298
6903 9090 91.1068
6905 7064 7.15779
6905 8896 16.8689
6906 8415 57.5068
6909 8341 69.758
6909 9214 104.388
6911 6943 97.6557
6912 7624 47.727
6912 9081 59.2353
6915 7150 51.4834
6915 8285 50.767
6917 7469 73.3681
6917 7550 15.7564
6917 9584 77.7256
6918 8374 74.7258
6919 7613 60.6701
6921 7373 33.1479
6921 8131 80.6051
6926 7996 76.416
6927 9057 57.8834
6927 9342 43.9902
6928 7218 53.4358
6930 7515 114.597
6935 7270 60.1572
6935 8069 18.4622
6936 8892 136.335
6937 7087 37.8638
6938 8749 96.7116
6938 9491 42.4539
6939 7814 19.3332
6940 8720 76.5133
6941 7328 39.0852
6941 7981 51.2962
6941 9464 55.7991
6942 9314 21.8257
6943 8437 77.0139
6944 7565 80.916
6946 7600 47.451
6946 8514 60.9394
6947 8181 53.08
6947 9346 32.1998
6948 6993 74.7913
6948 9216 85.3621
6949 7716 40.2176
6949 9489 45.9244
6950 7758 27.0401
6951 9041 56.1577
6952 8208 96.4883
6952 8998 61.6006
6955 7872 74.5121
6956 9350 83.2284
6957 8842 69.2478
6959 8028 107.285
6959 8928 94.3785
6961 7476 101.455
6963 7251 47.1178
6964 7939 15.2169
6964 8836 66.5913
6966 8052 37.4792
6966 8695 60.6124
6967 7727 55.3712
6969 7640 129.67
6969 9554 41.0948
6971 7004 10.4621
6972 7030 94.2761
6974 6990 26.9105
6976 9448 66.3168
6978 9194 61.3571
6979 7319 88.1891
6979 7623 41.931
6982 7250 30.6321
6984 7473 82.4775
6984 9538 78.5394
6985 7548 30.8548
6985 7770 26.3529
6986 7003 77.8786
6986 7432 41.351
6986 8964 54.457
6987 8878 68.1775
6988 7538 90.2714
6989 9447 55.3624
6991 7987 36.1905
6991 8312 66.3768
6992 7207 59.1769
6994 7013 71.3628
6994 8521 8.72365
6995 9337 41.6518
6996 7917 83.9741
6996 8888 78.5249
6998 7259 32.5463
6998 7570 40.0379
6999 8904 48.0418
7001 8746 39.8956
7002 9604 82.019
7003 8822 33.3291
7003 8964 27.3604
7006 9478 108.194
7008 7326 30.2992
7010 7774 85.8795
7010 8864 28.7176
7013 8521 50.9985
7013 9516 71.2764
7014 7628 43.3631
7016 8391 58.2415
7016 9480 38.6782
7018 7485 73.4589
7019 7618 124.529
7019 8011 66.6813
7020 7985 52.8165
7021 8885 62.6285
7021 9182 38.7869
7022 7420 56.3491
7022 9161 79.2166
7023 8942 81.8755
7024 9603 35.4964
7026 7218 95.3239
7026 8677 81.9275
7027 7900 54.7918
7028 9023 16.8608
7028 9461 25.708
7029 8148 85.0916
7029 8748 84.1718
7031 8987 13.8188
7032 7128 16.2712
7032 8299 24.9971
7032 9594 61.2985
7033 7793 21.7419
7033 9471 65.7749
7034 9143 83.3854
7036 8159 25.0269
7037 9509 83.1859
7038 8431 24.6157
7038 8506 113.309
7038 8784 63.1694
7040 7703 98.6872
7040 9343 22.6469
7041 9154 38.6544
7042 7249 56.8772
7042 7740 110.91
7043 7209 19.4455
7044 7272 50.1406
7044 8398 29.2896
7044 8494 36.7096
7046 7094 10.4619
7046 7564 35.2094
7047 8882 106.778
7048 7557 79.292
7050 7908 79.8876
7052 9231 37.0656
7055 8637 114.709
7056 7988 48.8735
7057 8542 49.4919
7058 7404 61.3124
7058 8258 60.2842
7060 8916 53.4262
7060 9103 73.8173
7061 8154 17.9841
7064 8896 10.9799
7066 7804 13.1916
7067 8019 27.6045
7067 9091 47.3442
7068 8644 48.6809
7068 9392 44.9842
7070 7706 67.9054
7071 7433 55.4117
7071 8283 36.7732
7071 9536 39.7577
7072 7465 55.3167
7073 7620 25.0667
7073 8224 4.58829
7074 8620 73.0779
7075 9474 61.7073
7076 9337 73.5909
7081 8614 34.2349
7082 8875 79.7295
7083 8696 23.9627
7084 8808 87.2777
7084 8831 91.1889
7085 7656 78.9018
7085 9123 10.684
7086 7856 118.354
7092 7303 33.1229
7093 7918 94.1286
7094 7564 65.1176
7095 7440 84.7967
7095 8951 136.403
7096 9479 63.825
7097 9330 80.6165
7097 9508 64.9426
7098 8270 38.6567
7098 9299 71.0038
7099 7370 89.5393
7099 7789 51.6857
7099 8440 26.3852
7100 7314 39.0122
7100 8769 55.8772
7101 8733 117.974
7102 8759 45.9114
7103 8929 43.0878
7103 9011 28.7039
7104 7389 85.2113
7104 8691 122.496
7105 8515 59.662
7105 8947 92.1682
7106 8536 58.9479
7107 7597 45.5913
7107 9253 84.5437
7108 7310 70.8675
7108 9543 85.938
7109 8489 71.8401
7109 8629 32.5696
7109 9037 25.0716
7110 8754 49.5828
7111 8837 47.0809
7112 8619 57.0397
7113 7134 11.0926
7113 9014 75.9119
7114 8087 58.23
7116 8470 23.2601
7120 7642 36.5834
7120 8584 43.666
7123 8416 32.363
7124 7663 52.9203
7125 8902 88.0833
7127 8604 32.8647
7127 8776 64.9178
7128 8299 3.0143
7128 9594 90.7425
7130 9257 83.8309
7131 8921 41.999
7133 8656 100.81
7133 8700 78.3405
7134 8898 71.1365
7135 8651 45.5213
7135 9568 38.9331
7136 8123 28.1549
7137 7578 67.1421
7137 9572 60.1723
7139 8526 57.8501
7139 9504 94.8617
7141 7287 23.8492
7141 7787 68.3172
7142 8362 47.0648
7143 8242 37.3506
7143 8246 60.0202
7144 7162 69.8389
7144 8210 75.8638
7145 7903 53.6034
7145 8368 33.0529
7145 8937 45.199
7146 9219 7.75433
7146 9280 43.4243
7150 7361 74.6307
7150 8285 63.3081
7151 7852 41.1041
7153 8901 47.3017
7153 9207 60.2337
7154 7731 79.5087
7154 7962 73.0794
7154 9192 14.1336
7155 7460 67.7531
7155 7991 79.2654
7156 7302 52.8584
7157 7985 60.4728
7158 8813 58.7709
7158 9029 15.568
7159 7486 64.7414
7159 8172 54.0142
7160 7181 32.6261
7161 7587 113.819
7161 7676 37.2817
7161 8706 60.0288
7162 8210 32.9141
7163 8826 84.7993
7164 7200 38.2767
7165 9439 65.079
7166 9108 40.0016
7167 9281 30.7073
7168 8871 71.739
7171 7615 64.5069
7171 9185 72.1522
7172 7735 78.6257
7172 7888 69.7927
7173 7529 96.0682
7173 8449 40.8359
7174 7312 60.4586
7174 8197 47.0567
7175 7467 108.491
7177 8128 58.2679
7177 9599 16.744
7178 9066 150.26
7179 7990 26.8515
7180 7830 28.041
7182 9490 65.4096
7183 9422 62.4684
7184 8090 26.4571
7187 7449 90.3403
7187 7669 75.8306
7188 7688 41.1821
7188 9341 120.273
7189 8217 65.0726
7190 7439 35.8556
7190 8004 55.7715
7190 8404 38.7386
7190 8879 25.1577
7191 8148 116.223
7195 7332 74.048
7195 9280 34.2627
7199 7275 41.6642
7200 7834 41.7237
7200 8031 44.2429
7201 8770 13.5069
7201 8782 57.0189
7201 9169 77.2302
7202 8806 70.5653
7203 9046 54.7519
7205 8873 39.3825
7206 7718 128.789
7206 9486 46.357
7207 8176 120.547
7208 7577 54.1118
7208 8965 62.9279
7208 9064 82.797
7208 9120 71.7462
7212 8548 103.086
7213 9600 59.8363
7214 8207 86.387
7215 9147 115.97
7219 8759 58.4741
7220 8684 49.8288
7221 7874 88.2161
7221 8368 67.9626
7222 7841 49.3739
7222 8356 45.0222
7225 7310 34.1941
7225 9521 48.9699
7225 9543 32.1692
7227 7939 53.7451
7227 8489 76.8619
7228 7256 51.9286
7228 7927 54.0983
7230 7235 35.6761
7233 8056 23.8788
7236 7932 19.2498
7236 8463 38.2445
7238 7635 67.5463
7238 8570 101.557
7239 7857 41.525
7241 8453 57.7487
7243 8779 86.441
7246 7747 57.0983
7247 9301 111.952
7248 8920 83.8638
7249 7740 43.6755
7249 8098 53.2131
7253 8474 89.5799
7253 8870 57.9368
7257 8795 20.9159
7258 9391 4.83668
7259 7570 31.7754
7259 9545 62.1017
7260 8024 145.372
7260 8304 56.1952
7261 8533 133.645
7262 9293 36.7686
7263 9331 59.5804
7264 9469 121.408
7265 8306 41.1949
7265 8760 57.2282
7265 8796 65.7897
7265 8800 67.7954
7266 9022 82.8834
7268 7555 59.7892
7270 8069 83.9696
7272 7794 72.0592
7272 8398 124.612
7273 9593 122.903
7274 7379 16.9063
7276 9496 63.6876
7277 8576 114.033
7278 7870 57.2442
7278 9384 72.4904
7280 7843 59.1851
7281 7400 98.5897
7281 7743 124.866
7282 9141 13.7665
7283 8051 19.7796
7283 8417 62.5746
7283 8730 53.6332
7285 9304 99.8429
7285 9544 32.2618
7286 8006 91.3883
7287 7787 22.1812
7288 8383 59.0698
7288 8603 32.644
7288 9356 28.3982
7289 8329 16.2156
7290 7727 59.1072
7291 8267 96.2751
7292 9406 70.0484
7292 9526 41.6264
7294 8037 80.0395
7294 9082 92.4471
7294 9170 5.88545
7296 7551 70.8293
7296 8972 24.9847
7298 8705 14.4915
7299 7673 27.125
7301 7346 73.6725
7304 8136 7.7624
7305 7335 5.18446
7309 9239 66.8668
7310 9543 12.7342
7311 9361 78.9267
7314 8769 40.1557
7317 8566 153.491
7317 8769 116.548
7320 7346 70.001
7322 9461 77.2728
7324 8360 123.68
7324 9065 98.9755
7325 8079 89.6378
7327 8681 70.5639
7328 7981 50.7145
7329 8080 55.5534
7329 8116 113.103
7330 8272 112.812
7330 9218 24.4581
7332 9280 43.1557
7333 7970 43.874
7333 8994 24.6132
7333 9363 63.3681
7334 7660 69.6144
7336 9298 40.9614
7337 7664 59.3172
7338 8409 36.3001
7338 8487 53.2521
7338 9472 22.1922
7342 8822 67.1134
7343 7839 61.8102
7343 8510 65.5156
7347 9570 55.3087
7351 7880 66.982
7353 9016 24.7685
7354 7765 46.6567
7357 9369 18.5458
7357 9477 61.7176
7358 7746 82.8552
7359 8803 58.0328
7360 8093 89.6763
7360 9060 39.0665
7362 7869 67.4698
7363 8601 72.5189
7364 7937 69.3944
7365 9547 131.483
7366 8321 78.9902
7366 8976 72.8813
7367 9224 52.0633
7370 7789 97.1217
7371 9270 19.0886
7371 9364 30.4968
7372 7480 40.354
7375 9094 68.1663
7376 7653 81.8752
7376 8037 40.201
7376 9082 105.227
7377 7815 74.1244
7377 9459 70.9186
7378 8981 48.3586
7380 7953 8.28398
7380 8174 67.3884
7380 8188 25.6586
7382 7391 20.6789
7382 8828 29.4933
7384 9126 61.407
7386 8073 121.279
7386 8869 47.426
7388 8458 32.1259
7391 8828 53.7367
7392 8656 93.0807
7392 8766 73.8662
7394 7603 24.2611
7394 8043 125.818
7397 7905 80.085
7400 8820 76.4206
7401 8275 73.0612
7401 9475 27.1717
7401 9532 64.6097
7402 7684 43.3298
7403 8537 88.571
7403 8911 45.2966
7404 8258 102.5
7404 8661 39.5513
7405 9188 28.8815
7406 7749 28.5937
7406 8379 54.3011
7407 7429 29.4332
7409 7636 61.6612
7409 8444 77.3929
7409 8977 30.2402
7410 8816 17.1966
7411 9205 70.4811
7412 8331 67.6535
7412 9055 84.1475
7412 9561 32.4303
7413 8642 55.9944
7413 8983 40.5039
7415 7732 20.568
7416 8014 18.7458
7417 8852 96.8826
7418 8890 49.0112
7419 9303 95.0984
7420 8163 127.693
7420 9161 55.7877
7421 9086 17.2491
7421 9158 36.6049
7431 9157 81.641
7431 9202 23.9279
7432 8287 48.7413
7433 7441 45.7129
7433 8281 46.5219
7433 9536 63.6665
7434 7811 75.7229
7435 7806 70.3369
7435 8495 90.033
7435 8682 113.869
7436 8437 73.5408
7436 9556 51.6986
7438 7848 44.8945
7438 8317 25.4672
7440 8312 70.1279
7440 8322 43.2667
7441 8281 6.92473
7442 7471 39.4577
7443 9549 56.9025
7444 8245 40.1881
7444 8559 33.3453
7445 7480 84.3286
7446 9332 50.431
7450 7879 77.6151
7450 8264 38.5489
7450 8725 56.2389
7453 7999 84.5575
7453 8807 67.074
7454 8332 49.3864
7454 8765 74.7491
7456 9000 83.7087
7457 9436 85.003
7458 7728 103.16
7459 8363 57.9082
7459 9164 21.7399
7460 7785 16.6144
7460 7991 45.7006
7460 8383 58.9452
7463 9362 77.7258
7464 9311 102.678
7466 8850 6.60172
7468 9167 73.3625
7469 7550 99.862
7474 7666 77.0703
7474 8410 70.8503
7475 8927 44.6621
7478 9079 81.5064
7479 8122 20.061
7479 8134 28.2909
7483 7802 34.6317
7483 9083 11.4506
7484 8456 69.5545
7484 9307 77.6886
7486 8172 9.38096
7487 8530 64.0687
7488 9121 68.0789
7490 8821 119.711
7494 8741 63.9262
7494 9426 57.4367
7495 9152 7.17561
7498 8661 30.1578
7499 8839 96.7124
7500 8817 75.0563
7501 9025 81.5642
7502 7825 63.972
7503 8724 46.3125
7504 8752 81.4591
7505 7617 50.2977
7506 8568 68.8226
7508 9125 73.402
7512 8569 58.813
7514 7533 93.7525
7514 8953 67.4711
7515 8954 105.06
7518 7892 42.0189
7518 8675 89.6628
7519 8632 55.9046
7519 9242 76.8238
7520 8861 144.54
7521 7523 39.7828
7521 8034 33.0811
7523 8034 53.1228
7526 9208 46.1164
7526 9569 73.3637
7527 7890 81.175
7528 7854 63.8125
7529 8449 67.5512
7532 8186 74.8666
7533 9511 67.7215
7536 7658 91.1163
7536 8525 62.3378
7537 9232 33.645
7538 8601 15.6037
7539 7607 26.1582
7540 9355 66.6308
7542 8206 42.5172
7543 9334 69.7644
7544 8944 104.565
7546 9510 69.2529
7547 9259 120.51
7549 8995 81.2727
7550 9584 58.8673
7551 8972 37.6498
7555 9118 51.0477
7556 9353 34.3293
7558 7966 28.1628
7558 9397 92.2247
7559 9523 79.8411
7560 8378 108.792
7560 8950 59.3459
7562 8240 60.3444
7562 9168 24.6895
7564 9134 76.9663
7565 8935 66.4834
7566 8880 51.2122
7567 7921 80.8039
7569 7751 37.5254
7570 9545 66.4586
7573 9175 64.066
7574 9309 83.31
7575 7905 47.4354
7576 7757 70.2409
7576 7945 51.9766
7576 7950 40.9006
7576 8043 51.0019
7577 8965 35.6263
7578 9572 34.0818
7581 9524 96.2807
7587 7676 73.0694
7588 8014 98.3506
7588 8887 67.9334
7589 7952 47.6838
7590 8277 14.6611
7590 9032 38.3839
7591 9378 53.0279
7594 8913 74.5171
7595 8465 14.804
7598 7796 44.5662
7599 7629 63.0757
7599 8167 95.4298
7599 9021 99.2131
7600 9338 55.3333
7601 8799 63.0099
7606 9201 72.8242
7609 8560 72.2323
7609 9283 48.6873
7610 8115 41.7366
7610 9206 53.847
7611 8012 116.063
7612 8719 46.7843
7615 9185 42.677
7616 8199 50.4678
7619 8065 21.2809
7620 7975 35.1778
7620 8224 24.6174
7621 8030 69.1095
7621 9212 8.53856
7624 8683 76.5836
7627 8814 15.9876
7629 9124 56.0434
7630 8184 76.5788
7630 8434 60.5998
7630 9255 115.801
7631 8063 28.3901
7632 8844 18.6909
7633 8223 69.0891
7633 8300 61.1051
7633 9138 31.6145
7634 7993 96.9887
7634 8463 57.9782
7635 8371 38.6178
7635 8570 57.4766
7636 8918 72.9563
7640 8717 60.7704
7641 8819 38.2045
7642 8005 60.2034
7642 8584 22.1359
7645 8178 39.1809
7649 7944 57.7965
7654 9112 71.008
7654 9246 111.19
7655 8475 67.3006
7656 9123 61.7499
7657 9552 79.6252
7660 9525 101.04
7661 8309 71.3249
7662 7786 67.5112
7663 7769 50.8072
7665 7958 20.1558
7667 9177 78.5459
7669 7935 63.8878
7670 8157 111.52
7672 8096 37.103
7675 9226 111.107
7677 9418 55.7235
7679 9365 35.0226
7683 8293 51.9175
7683 8842 67.2582
7685 7931 62.8032
7687 7714 29.68
7690 8079 64.7313
7692 8881 45.853
7693 7891 22.5385
7693 8161 87.9504
7693 8691 116.35
7696 8050 79.8446
7697 9228 57.768
7700 8425 14.3333
7701 8498 97.986
7705 8334 89.2248
7706 9273 55.5335
7707 8710 81.2174
7708 8022 42.3043
7709 9347 54.0223
7710 7943 90.5596
7713 7820 90.7012
7713 8827 38.0646
7724 8060 71.7845
7724 8249 84.0648
7725 8033 27.2796
7729 8257 35.1856
7731 7962 52.4469
7732 8964 77.2924
7733 7799 61.3348
7734 8875 80.031
7734 9428 55.4439
7736 7946 15.2181
7736 8139 13.5993
7736 8716 32.809
7741 8305 38.9381
7748 7992 35.3334
7748 8980 59.9253
7749 9591 51.8997
7750 8311 43
7753 8963 35.0986
7753 9267 69.6256
7757 8043 37.0203
7757 8356 71.1873
7761 7936 70.9622
7762 8359 47.5272
7763 8599 70.8493
7763 9524 66.5838
7764 7983 50.0087
7767 9010 32.7109
7768 8173 78.975
7768 8448 48.6852
7768 8472 22.8918
7771 8745 64.5727
7779 8042 98.7007
7779 8217 127.767
7781 8582 21.6227
7784 8376 26.768
7785 7991 48.0181
7785 8383 57.2515
7788 9305 92.4709
7788 9452 60.2234
7789 8440 10.5203
7790 7933 77.4602
7790 8374 31.8946
7790 9019 22.1161
7792 8334 47.0493
7793 9471 30.9614
7794 8596 81.2879
7794 9087 62.0679
7795 7968 60.063
7798 9347 9.86892
7799 8104 48.129
7802 9083 47.2637
7803 8674 34.8714
7803 8913 72.9995
7805 8940 77.7631
7806 8495 55.926
7806 8802 116.404
7807 8164 134.656
7808 8619 57.2533
7812 9527 38.3195
7815 9459 86.5318
7817 8520 90.7709
7817 9180 174.164
7819 9223 55.6375
7820 8827 101.198
7821 8187 54.0782
7823 8201 7.51813
7824 9535 23.4585
7825 8364 30.3212
7828 8260 54.0003
7828 8789 57.0126
7828 9323 47.1135
7829 9209 103.917
7831 9364 41.9089
7833 9201 109.738
7833 9566 52.8539
7835 8395 30.2077
7835 8738 16.3711
7836 8140 71.6459
7839 8510 14.285
7841 8356 29.853
7842 9417 41.4505
7845 9271 52.3872
7848 8317 52.1345
7851 7995 31.2989
7852 8359 63.2057
7853 8054 76.656
7855 9399 19.6692
7859 9186 61.8024
7861 8723 54.0649
7861 9358 33.7561
7862 8539 106.325
7862 8873 51.0135
7863 9440 90.9846
7864 8791 110.641
7864 9374 55.5036
7865 9499 44.1068
7868 8196 30.4698
7868 9530 53.4517
7872 9481 104.731
7874 8368 97.9489
7876 8027 44.0121
7876 8243 62.4728
7876 8550 30.7001
7878 9316 50.4171
7879 8725 84.3082
7882 9195 52.6227
7885 8160 36.4225
7885 8934 33.5472
7886 8623 82.8231
7888 9294 21.1576
7889 9090 50.164
7891 8161 76.3819
7894 8177 91.0246
7896 9555 31.7392
7899 8859 76.0476
7900 7977 62.0452
7903 8368 47.5867
7903 8937 17.0046
7904 8648 30.2722
7906 8641 43.7785
7907 9408 42.9397
7909 8327 39.7089
7909 8414 64.9529
7909 9075 77.0795
7910 8169 13.1449
7911 8492 59.2399
7912 8223 54.0383
7914 8100 82.3676
7915 9438 31.2005
7915 9448 43.4331
7917 8888 94.2821
7920 9530 45.7066
7924 8067 100.48
7926 8471 55.3377
7927 9274 19.6088
7929 9513 72.3455
7930 8554 80.0282
7932 8463 34.9332
7933 8348 84.8761
7933 9019 75.739
7934 9389 82.6967
7935 9035 42.7154
7936 8167 88.1983
7937 9179 46.4009
7938 8412 19.5189
7939 8489 69.5062
7944 8205 78.5936
7945 7950 46.9087
7945 9385 91.3083
7946 8139 34.4301
7946 8716 46.2568
7948 8237 52.1513
7949 8593 6.63396
7949 9379 80.7441
7952 8009 32.9922
7953 8188 42.7138
7954 8054 54.484
7955 9176 82.9711
7957 8070 89.1502
7959 8402 21.815
7960 9396 19.8643
7962 8198 76.6918
7963 8219 25.4022
7964 9165 18.376
7970 8994 12.2145
7970 9466 57.8023
7971 8411 55.2122
7971 9275 109.894
7972 8418 85.9031
7973 8403 16.0321
7976 9184 63.4685
7976 9234 77.5624
7977 9166 39.0785
7978 8016 43.2824
7979 9290 78.1804
7981 8305 61.3127
7987 8312 61.0548
7989 8866 85.6772
7999 8803 36.5945
7999 8807 54.1176
8002 8818 54.4838
8004 8404 69.024
8004 8882 63.8398
8007 8381 25.0055
8009 8522 89.5499
8010 8062 36.4031
8010 9095 79.2855
8012 8428 72.9996
8012 9311 27.2085
8013 9224 18.4558
8015 8284 68.5577
8015 8801 70.7731
8017 8581 55.2653
8018 8427 39.5917
8023 9580 18.6488
8024 8735 21.1025
8025 9482 33.0399
8027 8550 32.3737
8029 8137 41.7237
8030 8802 16.1607
8031 8636 79.4622
8033 8328 43.4495
8037 9082 36.8936
8039 8747 20.8178
8039 9533 100.569
8042 8831 127.211
8045 8722 51.0554
8047 9001 20.547
8050 9290 61.3776
8052 8695 78.9077
8055 8400 66.1418
8055 8724 112.944
8059 9522 40.5672
8061 9315 31.5654
8062 8853 36.8053
8063 8434 55.7755
8064 9152 84.1235
8071 8729 28.3219
8073 8869 105.71
8074 9169 51.5453
8075 8480 61.2036
8075 8792 36.5751
8076 8713 27.7784
8077 8541 13.4362
8080 8116 22.3485
8081 8543 35.3614
8083 8387 127.138
8083 9586 67.1779
8084 8189 43.0651
8092 8542 83.0162
8093 8912 70.2036
8095 8162 10.8085
8095 8351 46.2556
8095 9285 27.0169
8100 8419 59.5408
8100 8600 71.5099
8104 8728 56.0985
8104 9260 91.9621
8109 8443 75.2511
8111 9319 40.354
8111 9597 48.4341
8114 8200 51.218
8114 8218 118.079
8114 9332 12.9257
8122 8134 6.93964
8124 9210 83.3409
8130 9515 45.4667
8132 8986 69.2121
8132 9565 34.3924
8133 8358 80.2882
8135 8527 37.9719
8136 9433 68.4586
8137 8727 26.606
8138 8429 59.0727
8138 8907 46.8037
8139 8716 43.5395
8139 8912 59.6961
8144 8805 113.346
8144 9077 23.6859
8145 8578 63.1816
8146 8723 10.7336
8146 9358 52.7427
8147 8263 47.152
8148 8748 60.2307
8150 8578 58.4526
8156 9132 35.6804
8157 8718 55.4343
8157 9251 72.1148
8158 8310 125.239
8159 9365 50.1602
8160 8571 54.2688
8160 8934 14.9659
8162 8351 55.1859
8162 9285 35.7427
8163 9597 87.1322
8164 8450 48.0067
8165 9442 98.1203
8167 9021 7.38358
8170 8624 26.4895
8174 8188 121.14
8179 8939 110.962
8183 8652 49.8436
8183 9140 75.0556
8184 8434 63.3072
8184 8955 47.206
8187 9457 35.9089
8189 8841 26.2196
8190 9101 93.6186
8191 8767 27.28
8194 8933 64.0056
8196 9530 40.9632
8198 9078 37.1262
8199 8488 52.5942
8200 9332 86.5023
8208 8753 102.351
8209 9179 25.9329
8209 9478 64.7011
8213 8549 53.8897
8214 8838 116.776
8214 9538 41.2203
8216 8610 84.5616
8218 9332 58.4473
8225 8853 51.8194
8225 9095 13.3971
8227 8507 105.882
8229 9185 70.6834
8230 9423 79.2281
8233 8667 44.9088
8235 8342 64.4473
8236 8654 45.2196
8236 9322 62.5939
8241 9279 43.7726
8244 9323 47.2848
8245 8559 74.3108
8248 9525 73.6189
8249 8987 100.251
8252 8275 60.3448
8255 8634 89.8409
8259 8465 97.6769
8260 8789 22.4858
8262 8516 69.2807
8264 8725 53.7863
8264 8949 51.5084
8265 8343 108.632
8268 9295 93.3871
8269 9266 74.5781
8269 9405 15.4652
8271 8708 51.0645
8272 8967 133.957
8272 9218 62.2986
8276 8883 50.0371
8277 9032 32.7691
8278 9370 50.8672
8279 9393 28.5433
8279 9432 29.8343
8284 8820 56.5045
8286 8297 45.9497
8286 8566 70.2175
8288 8405 36.9078
8288 9558 109.53
8290 9241 61.0463
8291 9136 38.9536
8295 8302 29.9988
8295 8372 49.5464
8295 9013 41.5977
8297 8566 8.88506
8299 9594 103.81
8302 8372 70.2277
8302 9013 57.334
8303 8330 74.6288
8306 8800 88.8743
8308 8727 58.899
8310 8552 50.2459
8312 8322 25.8686
8314 8420 27.1397
8316 8357 56.6941
8318 9028 104.038
8319 8326 100.8
8319 8471 52.4912
8321 9339 93.1142
8323 8496 21.6458
8324 8553 62.022
8324 9033 61.6109
8331 9561 82.2887
8332 8765 36.6746
8332 9133 66.235
8333 8337 17.3258
8336 8763 64.0433
8338 8866 36.6822
8344 9003 36.5387
8345 8867 75.4647
8346 8393 53.2535
8351 9285 56.7016
8353 8915 103.005
8354 9103 46.9354
8355 8757 50.4689
8357 9573 41.045
8360 9562 60.9152
8366 8993 53.0281
8366 9217 26.6059
8367 9402 22.5173
8368 8937 23.1909
8370 8580 91.8828
8371 9415 43.2689
8373 9025 36.1013
8373 9034 26.1437
8374 9019 82.2078
8375 9187 113.282
8376 9116 64.639
8377 8846 75.2723
8379 8966 27.4637
8379 9500 24.8677
8382 8569 52.2373
8383 9356 52.9155
8387 9586 80.009
8389 8466 32.2913
8389 9213 97.3521
8391 9480 44.1177
8395 8738 74.7691
8396 9069 97.4274
8398 8494 22.9487
8399 9483 36.3855
8400 8724 56.4458
8404 8879 54.8928
8405 9558 129.224
8409 8487 20.3966
8409 8690 73.7329
8413 8966 41.6125
8413 9500 51.4905
8415 8639 117.938
8417 8730 89
8418 9194 64.1261
8421 9450 16.7048
8423 9143 33.7481
8425 9452 46.6918
8428 9118 25.2909
8430 9133 18.0486
8431 8784 63.1442
8432 9024 67.827
8433 9052 51.3631
8435 9181 31.7878
8437 9485 64.0741
8437 9556 35.5661
8441 8902 88.4378
8442 8468 13.8579
8442 8919 136.976
8444 8977 73.4003
8446 8943 56.4801
8448 8472 52.4209
8454 9077 57.8499
8459 9241 50.5497
8459 9479 38.3802
8460 9303 54.53
8462 8671 78.2183
8464 8806 73.3276
8468 8919 86.2534
8469 8699 94.7457
8478 9348 39.3741
8481 8876 94.9951
8483 9373 7.3171
8484 9352 8.05251
8485 8663 57.383
8485 9189 76.8748
8486 9603 23.6142
8487 8690 98.9523
8489 8836 58.3159
8490 8540 4.95234
8492 9223 48.984
8501 8583 48.1585
8501 9354 60.8584
8502 8511 28.37
8506 8784 65.1366
8507 8574 74.7344
8508 8712 41.3848
8515 8947 36.4041
8518 9542 45.7851
8520 9180 64.106
8523 9451 112.805
8526 8754 105.381
8528 8829 20.3397
8528 9156 119.437
8529 9313 82.953
8530 9213 63.3042
8534 9595 53.3256
8535 9095 82.8469
8538 9144 82.3708
8544 9150 34.1916
8544 9345 40.2955
8549 8613 68.8809
8555 8704 58.639
8560 9172 20.6317
8561 9067 90.6811
8561 9458 43.5318
8562 9466 36.2695
8563 8883 40.2171
8564 9031 50.2923
8571 9540 64.1581
8572 9237 42.6706
8574 8878 49.337
8576 9160 68.9587
8583 9354 42.7103
8585 8969 54.3946
8585 9419 47.1486
8593 9379 88.4612
8595 9381 91.4365
8596 9351 68.5124
8597 8614 55.9047
8598 8815 43.3247
8599 9336 58.1456
8600 9097 93.674
8603 9356 63.1634
8604 8776 85.5274
8605 9188 124.26
8608 8637 100.43
8612 9282 76.2674
8617 8697 43.644
8621 9319 101.408
8622 9585 104.611
8626 9552 96.7739
8629 9037 30.2902
8630 8908 62.7207
8630 8973 38.366
8632 9557 93.8444
8638 8930 27.4904
8638 9057 79.8599
8642 8983 18.9085
8646 8967 72.5383
8646 9528 107.463
8651 9173 56.2605
8652 9492 38.3779
8654 9322 38.6412
8656 8766 52.6628
8660 9130 51.4629
8663 9189 45.5422
8666 8998 34.2309
8671 8701 47.2322
8672 8689 33.4145
8674 8913 90.1163
8676 9564 32.6189
8680 8774 54.0269
8683 9238 35.3323
8685 8799 106.837
8688 8744 64.1957
8694 9346 61.2081
8698 8763 57.8205
8698 8985 21.7111
8699 9155 79.2312
8702 9587 14.0266
8703 8922 60.7896
8711 9333 115.637
8715 8764 48.9747
8716 8912 52.5244
8717 9402 102.703
8723 9358 55.3463
8725 8949 30.7732
8728 9260 63.5024
8734 9146 45.8858
8737 9412 86.0573
8738 9340 34.0711
8739 9579 42.2824
8743 8886 130.364
8744 9015 60.0345
8749 9491 102.265
8753 9395 95.1446
8758 8818 47.2187
8760 8800 5.69404
8768 9316 25.8891
8771 9140 77.6025
8772 9061 60.0794
8777 8862 86.8789
8780 8910 14.2572
8782 9169 38.1583
8783 9299 99.0261
8797 8849 42.5186
8798 8849 77.5776
8803 8807 68.8122
8804 9127 63.4572
8813 9029 69.1469
8822 8964 78.6508
8825 9200 67.9913
8838 9538 134.723
8843 9366 73.6451
8853 9095 72.239
8856 9239 97.826
8858 9507 75.1351
8862 9383 76.0055
8871 9055 125.321
8872 9145 84.6488
8874 9093 76.5265
8884 9151 62.7014
8885 9162 61.6845
8889 9527 87.7089
8890 9236 20.8303
8891 9247 63.8943
8893 9447 44.4185
8895 8988 27.4429
8901 9207 14.5008
8901 9326 27.7515
8908 8973 49.1165
8909 9074 70.04
8929 9011 53.5388
8934 9540 53.2467
8940 9424 49.2295
8942 9487 93.6086
8943 9455 73.6533
8945 9164 37.6164
8945 9565 60.4847
8948 9229 81.0809
8955 9129 50.3377
8960 9469 112.699
8960 9505 62.4346
8962 9101 22.001
8963 9267 25.7721
8965 9120 92.0621
8966 9500 23.1081
8971 9250 98.0248
8974 9300 73.1459
8975 9027 41.6682
8976 9054 76.8151
8982 9302 12.577
8986 9565 61.8257
8992 9044 21.0567
8992 9327 50.43
8993 9217 42.2049
8994 9363 107.881
9001 9583 37.61
9020 9225 40.6541
9020 9574 76.084
9023 9461 18.667
9025 9034 41.3848
9041 9042 96.9312
9044 9327 46.6844
9045 9539 80.7129
9057 9342 30.4603
9059 9493 31.3974
9073 9477 100.414
9073 9557 48.1081
9078 9148 34.8438
9082 9170 84.4607
9083 9288 62.6344
9086 9158 78.0249
9088 9263 76.9939
9112 9246 69.8031
9113 9376 101.13
9118 9311 99.0046
9129 9252 75.4324
9140 9492 40.915
9145 9531 48.6979
9150 9345 18.6586
9157 9202 77.8526
9157 9229 53.9644
9160 9277 63.4283
9171 9458 65.9564
9184 9512 45.8017
9191 9292 79.7956
9196 9220 64.0839
9207 9326 38.6815
9210 9509 49.9862
9211 9549 70.9893
9219 9280 80.395
9221 9428 138.221
9221 9511 121.29
9225 9574 49.743
9228 9407 61.8552
9242 9557 57.6676
9248 9321 77.486
9250 9512 49.86
9265 9484 48.8339
9265 9517 78.6232
9268 9504 33.2655
9313 9551 127.416
9320 9427 27.4779
9324 9462 55.3366
9369 9477 36.7749
9377 9416 76.1361
9390 9539 45.5848
9445 9551 99.474
9454 9541 41.0675
9456 9604 141.376
9467 9494 102.884
9475 9532 42.5062
9484 9517 63.7741
9578 9585 17.2459
