7389 13841
0 580.886 1644.67
1 2832.05 258.257
2 1276.23 1004.09
3 3842.41 1593.52
4 3078.09 1247.77
5 457.715 2710.49
6 286.118 193.747
7 3668.26 3001.13
8 868.055 1315.32
9 2270.76 1558.46
10 102.79 3703.1
11 777.799 3751.46
12 2216.94 2048.26
13 297.1 2365.64
14 2242.09 3380.71
15 2662.58 4059.54
16 3125.08 475.128
17 121.455 2454.11
18 2635.59 1886.99
19 3215.73 1627.18
20 644.111 4196.71
21 1454.35 3331.25
22 3486.51 1506.85
23 893.272 1888.94
24 2301.44 2238.78
25 3016.32 3231.84
26 3243.21 125.528
27 1878.17 1056.42
28 3469.28 4022.4
29 3287.52 4250
30 2823.34 1285.97
31 4146.4 72.7224
32 4167.64 2056.36
33 4240.45 731.047
34 684.249 4057.14
35 3253.75 243.842
36 1710.67 3776.71
37 3248.31 3218.78
38 2634.89 2354.27
39 2560.47 500.025
40 2039.18 907.829
41 18.9876 3818.02
42 3919.83 3964.51
43 3756.6 2377.74
44 3466.46 2687.7
45 373.862 3207.91
46 2035.79 789.366
47 1603.9 3469.73
48 2834.33 219.348
49 1947.03 296.045
50 2983.81 1062.83
51 2563.94 2707.89
52 2475.19 2448.15
53 2209.59 1881.32
54 68.3156 586.129
55 2804.99 4228.94
56 792.211 1854.89
57 324.658 1476.62
58 1595.34 3235.64
59 2528.3 1667.62
60 560.92 1775.24
61 517.742 4061.42
62 2787.15 395.548
63 3221.99 3543.36
64 2107.86 2428.18
65 2233.32 1053.76
66 216.06 3222.84
67 73.9242 1917.56
68 4184.66 1194.68
69 3277.99 4236.34
70 2390.12 2641.89
71 1901.88 4228.55
72 2008.82 4023.88
73 3009.89 3309.29
74 2835.01 2869.02
75 432.515 3549.88
76 1641.27 1161.1
77 199.893 3798.83
78 3325.67 3650.84
79 2116.13 2098.97
80 2943.1 3969.23
81 3049.71 1145.32
82 4214.33 887.354
83 1677.7 2027.39
84 3713.63 3302.95
85 2499.74 136.625
86 1320.02 2388.65
87 876.903 2938.96
88 598.657 2353.16
89 1327.42 1003.85
90 541.154 1097.44
91 352.773 3737.61
92 1377.32 959.459
93 2658.98 2825.07
94 946.89 2337.01
95 1712.18 308.084
96 2033.16 4267.9
97 34.0413 99.3178
98 4127.53 2561.96
99 807.331 2182.43
100 3840.22 3431.85
101 355.586 3604.18
102 3136.47 1158.09
103 2861.4 455.513
104 2201.83 3582.5
105 3956.33 2105.48
106 390.771 2184.81
107 4006.9 4221.53
108 128.285 300.665
109 1686.13 2631.13
110 1772.64 132.391
111 1748.63 4274.1
112 1090.02 2192.04
113 1857.79 4181.01
114 3704.97 488.972
115 768.793 3001.88
116 1026.78 843.889
117 2493.21 2945.1
118 2551.24 3434.86
119 2280.26 3900.48
120 3145.69 827.644
121 4288.82 1101.38
122 1024.58 1755.51
123 4053.76 1429.33
124 1595.31 178.663
125 3894.74 2203.52
126 3538.43 1109.19
127 202.532 2220.13
128 1124.73 2281.85
129 2062.23 3623.56
130 2746.28 419.596
131 3618.48 1557.28
132 3656.14 2914.88
133 918.916 3943.44
134 1858.01 1822.4
135 4029.45 301.147
136 1309.31 2583.57
137 1033.21 2435.4
138 3209.33 2993.57
139 2042.23 2706.22
140 332.254 2125.09
141 3944.39 1953.05
142 193.077 2154.73
143 4291.15 1832.09
144 3298.04 2933.95
145 3279.99 2794.8
146 2536.62 3053.41
147 2614.08 2887.32
148 4158.22 2219.49
149 189.581 4234.78
150 1302.14 3358.25
151 1674.97 458.279
152 343.419 1959.47
153 2464.41 964.424
154 3333.52 2419.17
155 1568.85 534.628
156 1473.43 3013.31
157 208.066 1679.58
158 3997.31 306.71
159 1283.41 3760.83
160 752.627 4080.83
161 584.747 2934.77
162 3467.92 597.525
163 3612.09 2495.88
164 2851.69 1835.47
165 3278.57 2427.62
166 1372.18 2323.56
167 3501.64 1342.99
168 1872.98 2069.65
169 4140.41 3202.64
170 1949.6 2622.03
171 793.504 1503.83
172 2646.2 2661.43
173 3882.93 3865.35
174 1185.24 3855.55
175 1914.56 2521.97
176 2732.51 3980.97
177 3766.34 2153.82
178 2355.74 1560.93
179 1288.05 358.141
180 3879.5 1622.01
181 3020.88 2488.91
182 1205.8 1086.84
183 2047.63 1440.05
184 2335.77 4231.01
185 1708.24 2707.09
186 45.6632 3670.6
187 4063.98 1888.5
188 1125.39 2606.6
189 3762.34 1846.49
190 2993.95 50.5397
191 3412.92 3169.01
192 2012.54 2230.84
193 851.948 2419.24
194 2831.83 715.78
195 2586.34 1986.66
196 2212.75 2890.44
197 3116.15 2047.21
198 3937.78 3161.58
199 2624.98 62.9102
200 4014.9 3054.35
201 2483.02 2649.86
202 1152.83 4129.12
203 3311.59 496.637
204 1911.26 3186.4
205 3407.34 3309.79
206 196.433 3339.96
207 2951.78 4286.97
208 4275.28 1154.02
209 2581.93 2378.89
210 1224.74 230.345
211 2341.55 763.359
212 69.1833 513.179
213 4257.57 4150.37
214 1782.53 3380.88
215 864.444 2653.25
216 1524.7 2491.4
217 3629.21 3122.5
218 2967.67 3998.62
219 172.214 565.206
220 577.698 693.307
221 145.28 1659.12
222 674.883 2007.29
223 480.015 3981.33
224 2040.49 1913.87
225 2597.31 3426.98
226 3392.38 2034.03
227 284.916 2009.83
228 1654.24 686.757
229 1859.36 4000.92
230 2158.11 274.406
231 181.952 3506.04
232 1900.75 4092.13
233 1069.86 1938.73
234 1680.73 4196.12
235 1510.81 3572.62
236 1001.1 107.239
237 491.607 4054.69
238 3738.2 3698.34
239 1209.72 3302.91
240 547.066 2465.48
241 2178.08 1904.88
242 2870.2 1197.44
243 241.449 3152.27
244 386.689 3998.67
245 3928.02 1891.22
246 1248.48 4016.7
247 2785.23 317.477
248 611.867 641.081
249 3552.89 3345.21
250 1420.93 3319.54
251 2116.38 4080.13
252 3136.04 1478.66
253 3609.06 3879.47
254 3478.69 2074.47
255 3670.58 547.926
256 564.396 2786.38
257 1729.61 3964.37
258 3062.27 543.214
259 2032.16 1465.25
260 1898.76 205.325
261 4049.52 1243.03
262 1278.15 1237.31
263 1877.3 3833.31
264 2956.31 1620.94
265 1520.67 397.828
266 1863.89 3732.96
267 4114.69 137.771
268 1773.26 3709.27
269 2127.11 1955.43
270 4212.86 824.198
271 1804.63 992.154
272 3663.86 1907.67
273 3018.13 421.242
274 1413.49 4261.99
275 2275.68 2135.07
276 3105.42 2450.05
277 919.887 2454.86
278 4108.27 131.732
279 1941.01 1274.12
280 3721.7 2958.04
281 87.8259 1975.83
282 3946.32 258.402
283 70.3062 1577.33
284 2933.43 4053.16
285 603.575 3713.96
286 1406.17 1376.61
287 3192.64 3416.09
288 2687.37 3423.4
289 1716.75 817.409
290 941.42 1703.94
291 2213.21 524.308
292 2762.7 1048.76
293 4175.77 1612.24
294 425.701 549.174
295 2197.29 2033.34
296 1060.46 4193.76
297 315.948 1425.33
298 654.218 4202.68
299 4114.99 408.754
300 1934.97 3373.58
301 776.674 3662.27
302 1338.56 3861.25
303 2593.17 2353.68
304 3823.32 4240.37
305 4205.69 3070.82
306 1101.09 3750.56
307 2115.83 4237.67
308 695.552 637.707
309 1120.53 2568.05
310 27.9101 3455.78
311 2483.05 4196.65
312 1326.54 64.4878
313 2371.52 198.235
314 671.92 3590.71
315 1343.25 2551.32
316 1490.17 1752.54
317 909.772 123.426
318 2024.01 1946.39
319 498.114 3742.74
320 235.496 2377.52
321 2324.42 3672.91
322 457.678 2872.72
323 929.709 2202
324 1261.62 4086.75
325 902.748 841.058
326 630.007 1550.07
327 2715.78 4196.75
328 2014.77 2244.68
329 339.834 2711.84
330 1365.62 434.172
331 1428.24 2203.47
332 2334.87 3425.39
333 2318.49 1818.61
334 790.049 543.906
335 1895.95 962.724
336 2438.77 687.053
337 1092.67 3577.84
338 1333.4 2983.46
339 3245.71 3054.67
340 1121.56 3076.34
341 1579.93 3019.6
342 1561.78 718.686
343 2030.2 3660.37
344 605.422 927.584
345 386.716 46.5838
346 2060.75 2964.06
347 2486.79 3859.44
348 3610.53 1906.27
349 1210.96 1060.57
350 2952.29 1228.09
351 3269.7 2690.56
352 1708.75 967.722
353 2074.89 3029.14
354 11.121 1921.78
355 2657.66 2626.86
356 3472.78 2571.06
357 1620.38 3008.9
358 4029.38 165.293
359 1307.35 264.473
360 691.715 3610.98
361 1824.89 1977.13
362 1056.05 3482.62
363 2763.01 2751.82
364 889.423 4087.06
365 3571.5 3727.58
366 834.581 2022.65
367 2933.05 121.103
368 1366.31 1586.88
369 1258.49 1136.93
370 522.989 646.816
371 4107.27 2413.69
372 2808.44 922.644
373 2100.81 1042.65
374 4295.5 3640.47
375 2282.49 530.067
376 2170.71 3356.27
377 2004.56 2101.59
378 2518.15 3604
379 2366.44 2939.75
380 4040.51 1029.22
381 147.783 916
382 3242.05 2484.76
383 4249.29 4284.47
384 2933.14 2513.87
385 3674.29 3785.65
386 1898.59 3232.64
387 2230.93 1853.07
388 4122.09 786.851
389 3055.82 2076.72
390 348.9 2678.81
391 2639.38 1074.83
392 4219.68 3814.2
393 3205.2 3720.75
394 1271.68 3028.79
395 3902.35 398.118
396 2196.58 821.92
397 3803.19 2887.1
398 761.455 213.074
399 701.21 349.565
400 1687.12 458.191
401 1287.05 4086.72
402 957.401 1956.74
403 2690.84 3628.44
404 609.558 2756.58
405 3660.92 3514.7
406 4022.44 3319.28
407 2978.9 3973.02
408 42.189 2654.69
409 2908.1 1575.3
410 333.614 2685.73
411 2738.74 3197.4
412 4130.67 411.525
413 3255.93 3720.97
414 2008.71 1205.46
415 1888.4 2220.51
416 1687.17 859.564
417 3625.37 521.13
418 2333 180.469
419 4275.82 1232.92
420 3019.56 2144.34
421 307.585 2933.03
422 1408.1 3090.92
423 274.235 3291.27
424 1079.59 2827.73
425 1230.14 1109.5
426 3499.99 4158.3
427 472.04 613.688
428 1456.6 1977.87
429 3070.86 3639.92
430 1168.77 2300.84
431 3622.43 740.608
432 3353.31 983.603
433 2065.11 2781.41
434 870.53 91.3495
435 4099.76 3566.76
436 3828.46 295.477
437 2635.1 2981.41
438 1347.93 2812.16
439 153.244 1459.43
440 63.2025 2359.44
441 1772.37 3204.29
442 2471.25 2263.85
443 1471.77 1663.51
444 3912.3 2162.01
445 2722.77 2234.53
446 3986.44 925.093
447 3504.81 1411.97
448 455.331 2668
449 2093.95 1403.3
450 3743.47 2135.84
451 744.284 3967.09
452 958.481 4278.27
453 2312.04 2411.08
454 3302.64 3714.81
455 2654.52 3389.87
456 2881.11 3546.32
457 2199.9 49.179
458 4276.25 1941.5
459 1995.29 3433.58
460 2244.07 3086.85
461 3173.94 3223.82
462 2435.11 3821.68
463 1072.46 154.965
464 4139.21 4245.25
465 745.042 2056.15
466 703.223 2170.55
467 1570.86 582.224
468 2550.15 4150.93
469 824.636 3924.45
470 3463.49 2781.1
471 850.861 3964.52
472 1830.96 2619.3
473 1154.93 4190
474 3109.17 2595.41
475 3982.34 2293.68
476 2172.12 2031.88
477 3046.08 3919.13
478 1675.99 3514.72
479 2950.9 638.858
480 174.987 87.1951
481 567.287 718.695
482 2863.19 343.199
483 2603.1 665.144
484 2876.33 3665.1
485 42.592 2842.92
486 3399.7 1152.39
487 2387.88 2012.21
488 739.588 2364.32
489 2053.72 2559.86
490 1356.7 2578.65
491 4152.73 594.424
492 2547.25 2065.78
493 3913.9 1229.34
494 3539.96 1756.15
495 1048.98 2363.28
496 2412.93 2647.39
497 2815.57 2520.6
498 333.317 4056.07
499 1419.08 1320.51
500 2205.76 1535.06
501 3410.74 2600.24
502 3187.49 432.206
503 802.46 2881.99
504 4065 2065.48
505 82.4442 2382.13
506 1988.92 508.293
507 3205.14 2787.78
508 2346.97 896.779
509 3415.67 2220.65
510 2068.88 1772.89
511 329.877 1195.73
512 754.183 2151.03
513 83.4817 4206.03
514 1414.55 3853.03
515 1406.42 1600.77
516 3271.74 614.937
517 1180.21 1078.7
518 3744.32 824.966
519 3187.61 2437.86
520 1520.42 2893.65
521 1644.82 822.696
522 59.3495 1609.55
523 2390.8 2640.96
524 1931.43 1963.26
525 2676.47 3967.01
526 1734.76 2023.87
527 858.248 2867.93
528 1340.43 2953.66
529 1791.06 1429.21
530 962.555 2283.46
531 1858.49 2598.85
532 920.258 293.013
533 4261.38 1740.03
534 1293.61 1635.99
535 3389.55 3758.35
536 81.7274 3571.68
537 704.619 3226.21
538 624.089 2038
539 1801.99 1762.46
540 3272.79 4025.78
541 1668.23 3751.28
542 1326.17 2481.33
543 817.697 1458.86
544 40.1353 2723.03
545 1788.05 3179.3
546 4285.95 1939.08
547 1889.24 2935.04
548 1386.18 1642.7
549 571.066 640.995
550 1750.44 3549.49
551 1659.76 545.416
552 2518.9 3740.25
553 2678.12 1906.96
554 1276.05 3640.85
555 1504.78 1625.78
556 2235.26 4125.33
557 2478.61 2577.97
558 2767.45 2446.02
559 1876.98 2465.2
560 1108.84 3202
561 3017.27 315.797
562 2471.77 961.412
563 211.799 2031.73
564 765.079 2537.57
565 286.164 3443.49
566 2869.71 446.552
567 3002.76 1014.91
568 3041.84 3873.96
569 4109.68 2994.68
570 1006.33 33.3255
571 2413.25 2509.52
572 2743.53 4120.5
573 2458.74 3690.78
574 2737.82 1817.07
575 4212.61 3662.59
576 1341.83 1414.03
577 3520.07 2524.28
578 1996.24 2299.34
579 603.332 1717.45
580 1911.87 1434.47
581 2015.44 3702.69
582 2591.37 148.358
583 2418.37 326.903
584 872.191 240.04
585 1397.13 4043.41
586 4026.46 3179.29
587 216.949 3002.61
588 2891.72 3510.03
589 2783.12 1286.56
590 2361.55 377.216
591 2092.95 597.996
592 2265.23 809.641
593 4216.36 749.107
594 4277.23 900.395
595 766.734 2862.17
596 1296.3 4069.61
597 2836 3920.13
598 1704.04 223.226
599 3993.2 1540.83
600 1421.46 2552.31
601 3234.46 2574.05
602 3357.68 4036.33
603 4220.27 816.162
604 3425.45 4082.7
605 698.946 439.093
606 179.889 1057.23
607 1800.74 1435.91
608 3525.02 2718.63
609 4158.72 3637.61
610 3492.47 2611.95
611 213.581 2264.72
612 223.459 4108.86
613 2126.4 1245.77
614 2842.79 3628.71
615 2667.9 1105.53
616 1363.39 3703.98
617 4227.83 4084.98
618 1604.36 2452.62
619 823.183 2260.9
620 3347.33 891.56
621 3498.94 4157.06
622 524.107 1675.17
623 172.79 1844.34
624 3659.04 814.825
625 2232.33 744.047
626 674.189 334.827
627 1818.4 1096.37
628 3199.48 3903.93
629 59.6832 2939.35
630 4251.99 3320.77
631 259.312 3592.7
632 1912.58 2066.64
633 2421.29 555.613
634 3374.76 4115.52
635 3636.72 3968.19
636 4131.31 3876.38
637 435.738 2094.57
638 3771.12 2500.07
639 68.1128 1600.81
640 1329.05 1478.39
641 68.946 1641.76
642 2942.59 1855.99
643 591.853 4240.85
644 1075.61 3349.7
645 19.9332 3772.21
646 515.966 1091.03
647 4095.47 132.016
648 2739.56 134.823
649 1004.37 3385.53
650 338.424 3760.44
651 1840.54 600.814
652 1935.06 3458.12
653 4225.32 935.309
654 2666.83 1027.77
655 821.497 3154.66
656 3926.98 2827.25
657 3066.49 1792.6
658 1899.36 1144.82
659 4202.38 1917.91
660 744.383 1366.74
661 3698.63 3314.71
662 1084.63 2266.87
663 4139.9 1852.25
664 678.02 3976.65
665 1246.42 990.351
666 3415.85 2534.35
667 878.944 1271.76
668 1938.05 2421.97
669 1196.31 2340.25
670 1730.67 3496.48
671 1903.25 2990.72
672 1266.01 2091.63
673 2228.92 4168.65
674 3509.17 3623.11
675 1054.15 948.139
676 2233.28 3534.83
677 187.309 2566.78
678 2511.3 4118.72
679 1269.53 2397.24
680 590.214 4068.73
681 2227.04 3804.98
682 3788.41 2395.36
683 953.286 2713.25
684 2254.12 3537.79
685 536.294 1424.43
686 967.31 3768.98
687 429.674 1029.26
688 1068.14 431.599
689 3774.34 2932.08
690 2864.93 3657.83
691 2229.63 3008.97
692 1082.67 2866.7
693 3300.65 2830.15
694 2112.09 3247.61
695 3109.14 3814.71
696 352.604 2070.54
697 859.215 2066.19
698 289.173 3237.81
699 843.91 439.423
700 1375.8 4220.24
701 2995.56 2390.27
702 1943.1 1877.69
703 229.338 865.553
704 3112.11 3799.15
705 2298.22 3248.75
706 2916.34 3888.76
707 1742.4 3723
708 3673.35 1044.12
709 705.257 155.957
710 721.286 1205.46
711 287.761 1590.53
712 1090.49 3502.89
713 2648 4248.45
714 4293.22 1771.32
715 124.826 897.138
716 270.427 3632.51
717 3899.98 941.496
718 2030.72 2849.16
719 3971.97 4124.2
720 3164.13 2357.83
721 3468.15 478.63
722 2948.2 3144.89
723 1814.62 3184.56
724 3886.67 3206.57
725 176.198 4169.4
726 3190.26 3403.38
727 140.464 1685.19
728 1611.36 3327.84
729 2363.05 3437.7
730 1193.01 3325.82
731 2799.15 4230.02
732 1377.55 1300.38
733 1022.35 902.405
734 3216.47 2585.01
735 372.578 659.577
736 229.585 2532.68
737 2889.24 672.922
738 53.752 2316.97
739 2240.42 1759.47
740 4050.86 3739.09
741 277.335 752.493
742 3348.84 816.959
743 1628.31 816.108
744 1051.72 1122.37
745 377.796 3883.53
746 1637.88 4057.13
747 2287.98 1594.34
748 3622.49 3018.54
749 3520.64 1099
750 1709.56 2664.99
751 553.195 2304.39
752 46.9187 4296.55
753 4150.05 4098.48
754 67.0477 3815.22
755 2427.71 1065.25
756 3289.82 3535.84
757 3741.33 792.321
758 901.356 2754.36
759 2440.76 3398.87
760 462.07 3202.13
761 3569.02 2781.69
762 979.012 2594.68
763 1235.78 468.306
764 1976.69 2161.25
765 1643.37 150.139
766 713.475 3837.44
767 3477.66 2265.96
768 11.5348 2.75774
769 1351.19 915.28
770 1648.18 809.02
771 546.72 116.356
772 499.352 2818.92
773 3227.05 548.002
774 2831.65 32.2123
775 2458.15 4260.05
776 2821.28 1624.74
777 3499.5 1624.5
778 2968.09 3351.71
779 3332.16 967.187
780 2812.26 1930.93
781 161.085 1614.23
782 164.093 1515.97
783 1677.8 1535.74
784 3079.5 1984.8
785 3991.57 1460.99
786 730.023 133.851
787 3061.48 4018.32
788 4219.2 2275.41
789 1855.77 3104.5
790 380.344 4297.81
791 2478.91 124.87
792 2837.87 3507.94
793 746.939 2790.85
794 2009.8 1279.99
795 1111.26 3719.65
796 628.692 2469.15
797 554.275 808.903
798 1630.11 244.872
799 3963.96 26.3293
800 3821.57 1223.65
801 1878.69 2881.36
802 2191.31 1215.79
803 1375.27 834.362
804 145.497 1778.53
805 1757.34 60.5492
806 2706.51 1417.57
807 3718.54 743.422
808 3143.57 407.611
809 4106.46 2696.91
810 1175.17 2853.6
811 4082.17 1224.5
812 3879.46 1370.42
813 1374.04 1190.4
814 3836.99 3423.07
815 342.053 3141.33
816 2671.86 274.419
817 2785.22 2605.27
818 3757.62 2784.88
819 1828.45 1529
820 1862.36 3443.69
821 193.765 2541.7
822 3292.26 3837.49
823 3258.65 841.166
824 2885.25 2179.21
825 972.59 4245.87
826 3471.88 2961.67
827 635.334 2955.62
828 1991.63 2343.35
829 112.128 289.281
830 1623.35 2254.14
831 1977.55 2595.35
832 595.184 760.591
833 391.426 4099.2
834 3717.84 854.588
835 1157.57 2338.9
836 3664.71 753.085
837 3098.76 2659.29
838 1790.45 447.468
839 578.201 3864.94
840 3324.02 2206.76
841 3073.45 3693.61
842 1720.01 152.472
843 1262.02 266.88
844 201.949 3156.03
845 2659.85 1573.08
846 2202.96 3519.19
847 1927.28 2039.05
848 2893.81 4136.52
849 3547.58 4278.31
850 99.3113 3639.63
851 542.771 3048.87
852 2529.07 4211.3
853 2710.65 2527.74
854 715.032 693.123
855 1355.86 1730.77
856 1847.66 3072.92
857 3143.68 539.967
858 543.646 3839.62
859 1402.87 2139.69
860 2965.01 636.037
861 2917.88 3121.19
862 3705.41 2261.03
863 3405.85 2307.29
864 763.108 606.169
865 518.172 2129.62
866 1619.14 499.584
867 557.11 422.603
868 1506.59 1965.79
869 2345.91 3959.7
870 2641.04 2350.92
871 3054.32 3569.37
872 2107.8 122.955
873 3376.06 142.992
874 4195.18 10.03
875 770.266 1824.07
876 3797.89 2020.93
877 2621.7 77.9368
878 1118.36 3888.64
879 546.798 1826.35
880 4242.76 4209.29
881 3987.35 2259.22
882 1321.25 2729.62
883 3818.22 3138.28
884 2639.25 1056.06
885 2553.02 3091.86
886 940.916 3661.89
887 3232.71 483.57
888 1903.64 2117.01
889 358.971 1469.49
890 1074.27 1804.79
891 1494.76 114.484
892 3587.04 4057.01
893 4236.25 3009.94
894 250.82 954.25
895 3765.21 996.22
896 2173.31 1578.14
897 303.402 1247.11
898 2267.17 3759.63
899 3605.07 2761.44
900 1482.18 765.163
901 329.789 1767.09
902 1947.64 185.906
903 492.749 582.343
904 1490.31 2072.08
905 496.458 3182.79
906 3753.71 2237.03
907 2570.59 2822.82
908 1597.96 4030.12
909 1385.21 53.068
910 1746.06 1872.94
911 3189.03 3025.95
912 2170.77 1444.68
913 3446.48 1326.7
914 3901.22 1275.65
915 1349.33 4165.51
916 2052.26 385.205
917 1576.41 39.3321
918 3534.49 2341.1
919 1762.85 491.585
920 845.627 997.251
921 753.609 1758.51
922 210.338 2187.99
923 3632.45 1145.05
924 830.828 515.075
925 3869.58 1203.19
926 2741.62 4108.8
927 2550.41 4253.87
928 2544.86 408.181
929 1394.81 3354.99
930 3300.5 2115.77
931 855.772 1074.64
932 3159.4 3369.21
933 1836.55 2992.18
934 2336.26 3994.61
935 3685.91 2232.91
936 2043.51 3490.08
937 1508.15 1873
938 2428.77 1143.89
939 2848.73 3655.57
940 4058.01 766.188
941 1773.99 3290.57
942 606.957 2633.64
943 736.793 1467.19
944 4085.39 835.657
945 2171.17 815.724
946 1085.56 3518.98
947 1282.43 147.295
948 4247.66 1547.39
949 1901.64 2949.7
950 3051.53 2141.87
951 3431.77 3719.24
952 4164.24 3165.29
953 1489.17 1600.3
954 1367.24 4297.45
955 1857.23 3894.68
956 2037.55 3104.22
957 3667.35 3533.3
958 2149.78 2083.53
959 867.212 844.315
960 2154.25 400.82
961 1671.48 2941.22
962 3460.11 3275.54
963 1047.4 1617.61
964 3758.94 2777.48
965 121.784 1941.79
966 3579.42 3773.72
967 1361.05 2532.07
968 3007.85 669.391
969 1679.25 670.013
970 1077.12 4016.75
971 218.815 2126.87
972 2940.25 3241.07
973 3491.16 1160.43
974 1603.3 2695.24
975 2250.33 1540.68
976 1426.49 1027.91
977 3791.15 2965.93
978 1597.63 1460.57
979 2231.69 2978.81
980 1517.69 229.935
981 3108.57 3009.17
982 3292.18 1877.02
983 3501.56 4200.01
984 3359.64 298.717
985 2002.58 3626.87
986 1295.2 583.055
987 3915.44 394.38
988 669.099 736.87
989 3362.77 3740.33
990 2303.1 3825.75
991 3183.39 4026.23
992 907.214 1975.97
993 833.187 1634.7
994 2481.08 4202.14
995 3987.02 2008.89
996 1156.1 4160.05
997 1519.59 1275.97
998 2926.68 2851.21
999 194.177 3653.46
1000 1228.75 1043.87
1001 2195.67 3063.12
1002 123.894 431.791
1003 2251.15 884.045
1004 66.9513 3539.56
1005 1238.04 387.262
1006 4293.35 2915.21
1007 2550.96 1554.23
1008 2003.9 226.829
1009 3040.65 3190.81
1010 4238.57 29.3981
1011 533.562 3959.54
1012 1998.81 196.99
1013 2921.85 2112.67
1014 2351.04 708.977
1015 2800.12 1993.08
1016 3750.71 2984.89
1017 2814.71 40.1292
1018 3293.77 1555.26
1019 3451.75 879.694
1020 1837.81 278.486
1021 3215.75 1095.92
1022 4291.26 3647.18
1023 1358.73 4292.68
1024 3578.08 3545.55
1025 2924.59 3629.45
1026 2138.84 3425.41
1027 4117.71 2123.56
1028 573.744 4113.93
1029 2117.93 2101.48
1030 2778.85 346.383
1031 653.075 2740.08
1032 1169.4 1938.14
1033 1597.44 3128.49
1034 3206.35 2900.01
1035 2519.77 1402.67
1036 2697.48 1034.07
1037 473.884 4128.71
1038 2015.03 1341.71
1039 3757.32 4048.3
1040 2575.82 226.224
1041 1569.19 1862.28
1042 2683.1 2076.77
1043 3116.35 1867.97
1044 3296.28 2949.93
1045 3635.49 3969.98
1046 709.396 2727.36
1047 908.805 4262.81
1048 3886.32 4016.71
1049 3078.82 2102.59
1050 555.584 2222.78
1051 2787.82 2596.53
1052 3130.22 2773.88
1053 2050.43 3408.65
1054 1822.71 2436.73
1055 3398.88 3973.54
1056 2262.92 3708.46
1057 346.126 3068.24
1058 3669.34 3937.13
1059 3577.1 960.923
1060 3094.59 836.336
1061 212.296 3198.28
1062 1206.02 285.285
1063 3214.85 541.649
1064 574.464 105.3
1065 4211.61 2934.61
1066 1252.23 910.852
1067 2821.14 3411.53
1068 2616.83 3053.63
1069 696.647 2881.97
1070 2333.42 931.931
1071 3912.49 3629.69
1072 2229.94 3265.96
1073 1890.12 3359.29
1074 2689.71 2385.62
1075 2179.3 350.413
1076 1110.13 3749.85
1077 2687.77 903.216
1078 1128.9 3069.14
1079 624.268 594.97
1080 4094.89 3679.57
1081 1772.96 1466.21
1082 2077.17 844.737
1083 4162.22 3601.24
1084 2743.52 3490.22
1085 2471.1 2352.5
1086 513.918 1556.75
1087 2191.56 407.483
1088 1680.36 3243.37
1089 2789.51 550.506
1090 4227.66 3707.76
1091 2857.13 2474.33
1092 521.815 1516.47
1093 978.801 559.466
1094 3879.12 2004.84
1095 3583.7 348.863
1096 2644.19 3072.48
1097 3306.55 718.03
1098 38.3724 491.9
1099 511.249 1984.21
1100 2267.58 3129.23
1101 2354.2 515.024
1102 154.466 3967.13
1103 3106.7 1910.42
1104 1931.88 422.082
1105 1295.25 1684.68
1106 2096.55 3625.1
1107 289.527 1607.98
1108 266.642 4277.6
1109 3983.89 4173.39
1110 2772.36 3037.74
1111 804.322 2453.12
1112 3437.01 68.4967
1113 2511.6 2722.42
1114 1236.69 2798.47
1115 309.468 960.413
1116 3009.08 1461.24
1117 3299.51 490.337
1118 377.024 558.866
1119 395.325 1843.44
1120 3237.68 1146.39
1121 2732.31 1665.99
1122 4182.22 1269.28
1123 3933.44 2502.98
1124 465.272 3800.36
1125 2439.26 3155.27
1126 3959.11 3761.96
1127 514.526 947.098
1128 4036.17 3994.39
1129 527.627 1026.59
1130 3795.4 2718.94
1131 996.802 470.567
1132 2643.11 679.907
1133 2418.56 1397.82
1134 969.551 2809.53
1135 383.651 2244.57
1136 69.9417 93.687
1137 3827.88 3951.82
1138 1440.71 3668.97
1139 2316.6 4126.25
1140 3502.23 365.634
1141 2470.58 3543.74
1142 2548.16 835.588
1143 1990.54 4025.54
1144 895.932 4016.01
1145 598.698 1607.05
1146 3592.88 1213.31
1147 879.919 71.9176
1148 2623.61 1489.2
1149 692.16 2019.51
1150 3809.74 612.065
1151 1121.93 2467.39
1152 4179.16 973.271
1153 977.518 561
1154 1698.24 3314.51
1155 553.103 1399.9
1156 1749.12 3982.26
1157 2165.2 1076.04
1158 4171.72 1210.5
1159 1836.45 505.73
1160 1284.21 877.899
1161 3888.85 3506.01
1162 3252.95 1800.92
1163 2981.25 2386.55
1164 816.218 1006.21
1165 1439.37 868.664
1166 3522.28 326.585
1167 4179.91 464.838
1168 3892.15 4047.65
1169 4054.73 3560.84
1170 3919.56 3566.72
1171 982.948 4267.99
1172 1441.89 4224.11
1173 1980.15 1817.35
1174 2742 3275.01
1175 219.621 3094.44
1176 4240.73 153.068
1177 441.484 114.09
1178 3481.26 1578.18
1179 2102.93 1747.62
1180 2594.43 2552.63
1181 2342.19 706.674
1182 679.528 2040.62
1183 2534.93 2965.11
1184 1779.19 3480.01
1185 1027.46 2747.89
1186 2177.17 3669.64
1187 1099.67 2250.24
1188 139.258 3024.11
1189 2488.53 1426.14
1190 2358.98 1987.43
1191 3283.99 10.7674
1192 2896.2 3281.28
1193 2276.23 1563.2
1194 2987.14 4279.71
1195 1031.84 909.052
1196 2942.25 1448.57
1197 3625.89 3625.88
1198 567.906 2813.18
1199 2428.41 3776.57
1200 2398.96 3669.8
1201 3089.3 353.458
1202 500.222 1819.02
1203 3657.54 3223.47
1204 2219.89 3017.89
1205 3548.13 3822.1
1206 3527.44 2418.63
1207 1385.37 378.562
1208 80.4328 3350.98
1209 4234.94 1093.6
1210 3052.34 3061.01
1211 2777.19 2487.3
1212 964.646 3058.24
1213 4121.41 3274.65
1214 487.549 2258.91
1215 2683.98 1646.25
1216 973.312 1482.09
1217 555.362 1647.1
1218 2676.52 2845.85
1219 3268.13 2623.48
1220 920.312 3100.36
1221 2473.77 1646.02
1222 598.844 2406.62
1223 768.414 1983.72
1224 10.7737 686.7
1225 3442.41 3846.08
1226 3413.24 3444.87
1227 3552.81 4181.83
1228 2314.48 3115.84
1229 1987.88 693.495
1230 1246.43 1572.19
1231 1645.38 3836.6
1232 2280.95 4292.08
1233 1093.96 2964.4
1234 4232.54 4141.73
1235 3766.68 935.232
1236 164.923 3293.65
1237 4181.45 2927.88
1238 709.173 984.029
1239 3790.61 3134.34
1240 162.223 2213.92
1241 3994 1048.35
1242 224.12 3186.95
1243 3046.88 802.967
1244 2130.13 62.7612
1245 1624.4 940.775
1246 4017.08 2123.01
1247 3790.7 1773.34
1248 3714.74 3258.55
1249 2793.65 354.96
1250 3558.51 1548.96
1251 2192.19 3359.27
1252 221.822 2783.92
1253 1841.62 2808.91
1254 3109.72 1105.04
1255 3.63277 2936.2
1256 3423.5 3290.62
1257 888.513 3328.29
1258 2335.47 2818.53
1259 2218.59 37.3656
1260 3173.3 539.213
1261 381.824 979.349
1262 792.1 3515.84
1263 3994.71 3371.31
1264 929.941 3340.48
1265 1082.84 2579.79
1266 3870.99 3819.28
1267 51.7443 3713.48
1268 951.422 3277.23
1269 2023.06 1451.97
1270 4201.91 1302.61
1271 29.7271 3026.74
1272 2631.05 2275.28
1273 393.912 3320.58
1274 2914.03 3156.81
1275 4230.17 2056.01
1276 4270.03 4037.32
1277 2949.97 3926.91
1278 2920.56 2334.61
1279 785.902 4187.57
1280 2394.46 972.492
1281 2434.84 1857.6
1282 4226.54 2912.01
1283 205.008 1597.87
1284 4156.84 244.459
1285 2563.96 792.931
1286 611.806 250.211
1287 444.065 4283.5
1288 2092.11 1509.74
1289 3119.44 2724.16
1290 2974.27 1636.16
1291 4073.33 3541.18
1292 2672.12 3654.81
1293 1145.01 4090.2
1294 3689 1020.91
1295 3179.46 144.091
1296 777.299 2899.7
1297 1037.31 1169.57
1298 2922.43 483.58
1299 733.535 1149.93
1300 3687.88 1730.78
1301 269.162 2543.11
1302 2120.61 3187.79
1303 1505.81 755.153
1304 296.992 2637.88
1305 2930.24 3633.69
1306 3293.31 3079.41
1307 942.358 1330.26
1308 3559.67 1740.02
1309 2625.02 3235.94
1310 436.853 1604.2
1311 1794.55 1010.41
1312 52.2326 1133.41
1313 2789.67 100.725
1314 2718.58 756.388
1315 3150.71 1634.45
1316 370.283 261.555
1317 234.394 3776.21
1318 1126.88 3742.84
1319 2607.6 2293.41
1320 1893.75 3901.54
1321 3943.65 1932.53
1322 2709.17 3487.31
1323 2809.24 2786.33
1324 3973.27 1112.01
1325 1197.66 4295.63
1326 3654.03 3320.99
1327 2452.53 1822.39
1328 1036.88 1800.61
1329 2799.62 1210.1
1330 252.732 1349.3
1331 552.751 2385.32
1332 2264.15 570.218
1333 4233.76 930.731
1334 3596.8 2918.1
1335 156.141 165.617
1336 874.016 3819.74
1337 3538.36 2677.96
1338 512.878 1850.72
1339 1998.21 3532.14
1340 3278.06 3926.32
1341 1743.71 1268.39
1342 3676.18 2203.26
1343 3754.08 2735.53
1344 794.413 2639.64
1345 7.6465 2923.35
1346 2745.48 2664.43
1347 726.742 1378.5
1348 2020.52 3227.62
1349 653.443 1870.58
1350 2918.32 739.066
1351 3544.81 4175.33
1352 1493.38 3397.58
1353 3214.01 1729.2
1354 2245.91 2660.55
1355 2386.89 4016.35
1356 2763.69 2021.54
1357 3794.12 2144.24
1358 1935.95 3051.11
1359 3839.16 582.241
1360 2928.09 129.25
1361 3063.99 436.507
1362 3256.77 2288.44
1363 1560.34 1469.31
1364 156.521 2189.7
1365 721.631 1412.19
1366 1799.52 831.471
1367 1927.6 2868.65
1368 2636.03 3535.91
1369 786.387 1341.2
1370 1415.25 3709.31
1371 1904.47 2403.7
1372 1393.37 3957.08
1373 1935.39 3800.44
1374 3359.99 723.999
1375 653.937 40.0979
1376 220.125 2472.79
1377 1631.43 2693.05
1378 975.762 3616.65
1379 3694.07 3504.05
1380 1679.57 1622.52
1381 1575.93 1989.12
1382 2158.34 2558.46
1383 3490.3 3561.34
1384 186.236 1605.62
1385 1144.33 1394.78
1386 2461.8 3281.42
1387 3174.33 2483.19
1388 4268.73 1795.29
1389 114.543 458.635
1390 3128.66 2324.19
1391 1945.67 666.624
1392 2515.59 2927.01
1393 3019.54 1484.24
1394 2362.63 2233.98
1395 4248.27 443.511
1396 712.84 434.273
1397 3852.78 3374.88
1398 3523.15 3714.13
1399 2037.26 1694.07
1400 3749.1 1607.76
1401 3058.22 3429.84
1402 782.91 3761.68
1403 2172.88 623.465
1404 2201.13 1970.88
1405 2670.15 2449.16
1406 3815.17 3884.08
1407 3755.27 1279.17
1408 23.3692 2119.9
1409 1341.19 4134.07
1410 69.3894 2190.62
1411 293.16 3884.94
1412 1053.12 2322.3
1413 1477.51 859.69
1414 2891.86 3854.13
1415 573.742 183.71
1416 3543.35 1094.4
1417 1924.11 3244.96
1418 1152.48 2676.6
1419 727.05 2724.72
1420 3514.42 2961.98
1421 4142.34 2103.47
1422 609.934 1563.68
1423 1836.97 858.142
1424 95.6395 1520.27
1425 1078.9 672.603
1426 2610.71 3333.54
1427 4122.46 3049.13
1428 3486.12 2950.77
1429 2457.1 165.717
1430 1347.25 2995.06
1431 2590.61 1715.83
1432 174.319 210.378
1433 1999.37 3332.29
1434 3264.61 313.616
1435 4195.75 3687.36
1436 3011.2 1097.22
1437 2176.57 3759.92
1438 1433.52 3880.23
1439 1868.55 1408.96
1440 4085.55 1399.39
1441 579.453 3120.4
1442 3718.13 1270.57
1443 4005.32 170.174
1444 1338.34 3883.16
1445 2428.47 1225.28
1446 4036.53 4100.04
1447 3690.98 1842.91
1448 2636.14 242.396
1449 4076.99 548.689
1450 1311.21 550.126
1451 971.274 2513.91
1452 2503.92 1460.7
1453 1214.71 2054.39
1454 408.022 681.58
1455 900.855 4258.61
1456 3185.09 1477.72
1457 3682.29 3651.06
1458 1248.56 2536.17
1459 2620.39 1171.26
1460 1125.23 453.088
1461 273.571 3499.53
1462 965.249 2869.89
1463 1468.51 2804.95
1464 4003.68 2909.18
1465 3005.06 2528.44
1466 332.005 1904.34
1467 4020.97 2871.17
1468 2645.24 1037.65
1469 1305.06 1658.53
1470 2423.11 1875.59
1471 3076.97 3830.15
1472 1074.42 1050.03
1473 2591.73 959.512
1474 2842.74 1750.78
1475 1045.07 1889.71
1476 3900.89 2062.26
1477 840.635 3819.88
1478 1846 1755.4
1479 3573.92 1709.15
1480 3088.27 2476.92
1481 1484.81 3310.05
1482 1196.07 3287.81
1483 2148.95 2572.63
1484 1803.11 2817.81
1485 994.142 2815.21
1486 4012.08 3322.59
1487 486.771 656.868
1488 3388.9 1908.87
1489 3060.25 2910.36
1490 4232.43 2653.21
1491 3519.21 1518.54
1492 2418.43 289.535
1493 2231.32 3508.86
1494 3605.35 958.704
1495 3737.26 3394.24
1496 2663.46 2149.92
1497 1927.13 4259.59
1498 2262.16 2265.19
1499 1543.14 1914.14
1500 2694.94 1960.61
1501 3384.14 350.155
1502 3453.79 766.446
1503 1556.39 724.81
1504 4125.48 2727.15
1505 1757.18 2931.1
1506 3843.75 884.223
1507 3377.93 3989.88
1508 2093.12 4294.23
1509 3342.53 3434.22
1510 656.095 2082.7
1511 196.541 549.363
1512 2818.76 618.824
1513 1977.59 1625.45
1514 1716.88 1716.81
1515 2631.25 878.429
1516 3531.13 687.835
1517 2659.31 3510.29
1518 1983.62 2702.59
1519 1973.14 2469.43
1520 3119.38 2770.65
1521 1676.97 540.667
1522 1887.17 539.942
1523 1078.31 2765.32
1524 2527.48 2722.59
1525 628.144 3143.41
1526 15.2838 1403.41
1527 184.164 1507.68
1528 1870.91 999.763
1529 3005.21 3274.23
1530 2712.84 424.842
1531 2749.75 2014.47
1532 3193.06 264.963
1533 2841.81 2591.15
1534 640.285 2273.55
1535 1239.37 445.567
1536 2350.24 3558.45
1537 4057.58 963.968
1538 3736 3017.87
1539 4049.02 4002.67
1540 3171.79 2452.5
1541 3269.75 2312.86
1542 3046.43 4120.14
1543 2534.29 1217.94
1544 1707.72 2492.55
1545 1770.83 1387.55
1546 3246.67 367.282
1547 2235.91 203.817
1548 1694.31 4101.58
1549 880.041 2671.19
1550 3074.9 2991.68
1551 4045.1 2841.46
1552 2097.4 29.5424
1553 3897.29 2118.04
1554 461.433 2667.83
1555 176.324 583.307
1556 1503.17 705.78
1557 1127.16 1234.77
1558 1997.29 3440.48
1559 4045.5 3034.9
1560 2154.99 115.027
1561 462.493 1503.08
1562 584.052 3969
1563 3564.3 2927.07
1564 222.933 3641.59
1565 2929.12 815.771
1566 1517.12 2269
1567 459.744 4277.21
1568 1442.09 2960.68
1569 466.449 1212.44
1570 1552.9 1358.04
1571 1444.11 1472.3
1572 3296.87 715.397
1573 2643.2 1390.49
1574 1373.13 1525.86
1575 3100.59 383.22
1576 1589.85 285.023
1577 1683.06 4180.54
1578 3464.63 3901.98
1579 3888.64 1469.01
1580 1996.71 1644.22
1581 3503.69 1352.05
1582 1351.28 103.264
1583 4056.3 3398.58
1584 2350.2 1890.88
1585 3590.98 2956.12
1586 3210.13 4185.57
1587 230.691 953.075
1588 355.211 2113.67
1589 2090.4 2098.84
1590 31.9599 2921.14
1591 2145.09 4059.2
1592 952.43 3602.43
1593 645.872 3900.62
1594 1318.24 3841.24
1595 1074.32 2185.02
1596 680.006 3599.31
1597 1815.3 884.484
1598 976.843 2705.13
1599 235.346 937.525
1600 2168.7 4100.35
1601 4102.35 1064.53
1602 3222.59 3523.45
1603 263.555 310.82
1604 1221.87 373.536
1605 270.377 2389.87
1606 1129.87 2875.32
1607 1553.47 2.33196
1608 2979.7 3070.05
1609 178.791 1091.7
1610 1884.62 720.261
1611 1063.81 2862.87
1612 3645.55 3577.97
1613 2161.59 1797.14
1614 2306.54 1933.53
1615 3654.98 4059.06
1616 1741.83 2644.56
1617 3921.22 1166.66
1618 1047.95 221.632
1619 964.709 4218.91
1620 460.143 1192.97
1621 564.13 807.573
1622 735.459 1374.96
1623 3957.27 1502.86
1624 3952.07 1628
1625 458.006 2453.01
1626 1450.8 2672.11
1627 3166.15 1058.86
1628 4117.55 2285.22
1629 3261.88 2164.83
1630 3705.98 705.399
1631 2524.2 637.597
1632 2185.65 2495.02
1633 3904.86 1243.48
1634 1726.02 1978.76
1635 342.184 2145.75
1636 228.411 3604.82
1637 1178.08 315.678
1638 4207.43 2039.37
1639 3167.35 2259.84
1640 4222.39 1006.09
1641 2533 2290.34
1642 2590.65 2460.39
1643 530.866 3078.28
1644 922.191 389.59
1645 2417.97 2034.89
1646 2658.63 358.226
1647 2586.58 2094.95
1648 1346.95 471.44
1649 322.888 1360.44
1650 3765.18 212.953
1651 1761.56 2707.17
1652 18.71 3458.68
1653 3514.63 3069.77
1654 2871.65 822.793
1655 2191.73 498.888
1656 630.215 2532.48
1657 2510.16 1340.55
1658 2880.33 3046.32
1659 2603.81 635.393
1660 694.036 2590.09
1661 3053.57 1976.4
1662 2894.64 2780.86
1663 4130.07 1400.59
1664 4163.86 1383.12
1665 3069.98 1718.47
1666 2070.92 3241.43
1667 2920.73 1771.9
1668 700.147 1632.98
1669 649.517 2175.21
1670 4253.42 3890.58
1671 29.8716 1527.15
1672 878.841 1614.66
1673 1717.03 1790.81
1674 612.58 866.02
1675 3296.14 2654.55
1676 2161.12 2700.76
1677 1308.58 2821.64
1678 2227.53 3789.12
1679 2931.4 1270.96
1680 1214.12 3270.44
1681 557.328 2529.78
1682 1915.61 456.782
1683 4211.41 670.483
1684 2752.5 4000.45
1685 4072.04 735.116
1686 1310.24 322.09
1687 426.786 1647.75
1688 967.727 2959.51
1689 3769.52 2073.44
1690 3408.54 172.626
1691 2384.3 1024.34
1692 2890.88 2552.17
1693 3466.78 3295.27
1694 3612.67 1053.67
1695 4082.33 1521.85
1696 1038.68 3248.2
1697 1758.68 1944.2
1698 811.085 3315.3
1699 2483.97 1440.91
1700 3031.01 907.383
1701 1695.11 647.527
1702 339.185 161.211
1703 687.859 2643.37
1704 2998.77 1463.74
1705 1653.82 3853.82
1706 1535.06 4192.15
1707 3222.82 736.496
1708 1171.38 3843.74
1709 4253.5 2012.48
1710 2046.14 3645.14
1711 2746.78 3311.59
1712 2094.35 1372.6
1713 2936.49 750.142
1714 2484.89 3304.84
1715 454.629 331.692
1716 4115.6 390.953
1717 3499.28 795.109
1718 1569.23 1925.74
1719 2037.21 1783.13
1720 1958.12 2203.53
1721 2773.34 4010.72
1722 2376.44 3573.35
1723 444.915 498.407
1724 2644.43 2189.36
1725 2243.9 1371.23
1726 921.758 1574.03
1727 2053.13 3091.54
1728 3428.61 373.263
1729 3921.49 1009.64
1730 2138.87 4012.36
1731 222.358 1064.81
1732 1545 2682.62
1733 3373.94 2114.36
1734 1302.8 2991.2
1735 2689.16 2038.13
1736 3761.09 1975.44
1737 3792.59 1001.07
1738 203.595 3659.79
1739 1095.85 1508.9
1740 2193.62 2010.61
1741 4205.62 2085.6
1742 295.066 2891.44
1743 1104.4 3054.23
1744 4082.97 1852.12
1745 3512.96 3661.47
1746 2568.73 2315.56
1747 482.424 908.197
1748 4076.87 4080.58
1749 2778.23 4056.71
1750 2337.45 2257.66
1751 1829.65 1376.47
1752 1559.06 2305.84
1753 2312.41 2106.35
1754 45.7025 1945.52
1755 4110.52 3571.27
1756 955.368 554.822
1757 481.071 3537.56
1758 3942.44 4008.23
1759 1371.87 681.615
1760 2124.28 1203.6
1761 1626.9 3887.78
1762 2126.31 729.936
1763 2546.14 1142.53
1764 3335.84 18.4471
1765 3955.54 3698.04
1766 3972.56 3453.83
1767 3630.11 911.071
1768 4236.98 3860.3
1769 977.855 11.2045
1770 2551.49 3159.75
1771 327.703 1606.06
1772 1105.38 725.429
1773 1213.4 333.256
1774 2291.13 1689.97
1775 3297.11 357.202
1776 3368.93 812.315
1777 1611.86 350.357
1778 4110.79 3196.03
1779 492.822 1698.75
1780 2520.71 4072.3
1781 1273.54 3701.67
1782 2063.58 2748.6
1783 1382.72 2185.72
1784 3718.08 3826.27
1785 2478.4 3595.73
1786 3810.04 4296.89
1787 3965.8 24.0612
1788 1962.82 846.557
1789 1354.9 3306.32
1790 4268.34 2026.43
1791 1232.66 1659.81
1792 4161.09 1458.93
1793 3180.98 1812.2
1794 2443 1233.42
1795 985.884 2722.75
1796 3215.5 745.692
1797 2475.98 823.69
1798 3452.67 2524.82
1799 1564.96 1018
1800 503.897 484.449
1801 2843.87 2503.71
1802 4281.14 3007.64
1803 2817.96 3357.28
1804 1640.81 153.507
1805 70.6242 3739.19
1806 713.165 253.534
1807 1970.82 1388.19
1808 3615.56 2017.16
1809 3203.83 30.3694
1810 2110.04 2036.24
1811 433.148 1803.51
1812 2860.4 1105.96
1813 2572.94 3731.3
1814 2907.2 959.899
1815 3747.46 1994
1816 4170.25 3247.96
1817 686.601 522.314
1818 3771.2 1485.12
1819 2300.64 357.393
1820 1030.45 509.123
1821 2891.36 2805.61
1822 2543.6 1157.02
1823 2411.3 3354.87
1824 4023.76 2256.68
1825 3825.86 1925.66
1826 874.228 2271.76
1827 3992.65 3218.47
1828 2102.7 679.41
1829 1635.1 2294.2
1830 3798.19 1832.79
1831 1735.94 502.478
1832 3555.52 156.091
1833 518.582 320.565
1834 904.555 1517.87
1835 1034.59 1957.09
1836 1852.48 3193.34
1837 3599.46 1466.2
1838 3332.81 3879.07
1839 2908.02 1357.54
1840 640.7 2389.53
1841 3400.64 2551.49
1842 847.273 1572.58
1843 1195.01 3251.66
1844 1061.88 749.981
1845 354.278 2041.69
1846 1555.46 3663.84
1847 3720 667.541
1848 4255.68 3894.34
1849 2115.2 2002.61
1850 186.965 2253.73
1851 321.267 3706.15
1852 3838.95 3699.31
1853 2254.45 745.461
1854 2517.44 1346.22
1855 42.1826 3261.45
1856 3913.31 381.276
1857 369.495 3237.32
1858 1404.84 2115.55
1859 4126.1 114.133
1860 2343.98 1632.28
1861 2823.63 203.509
1862 2590.68 3733.22
1863 372.646 4158.87
1864 1022.96 3787
1865 2595.07 3792.88
1866 2.94626 1150.61
1867 1209.43 739.135
1868 508.139 939.451
1869 3148.24 4288.82
1870 4227.91 712.735
1871 3219.1 3636.8
1872 1281.24 674.191
1873 1908.1 3544.71
1874 3738.98 221.442
1875 3614.71 1870.64
1876 2806.19 1439.33
1877 3927.51 568.667
1878 356.304 700.042
1879 1047.02 2447.93
1880 741.426 1667.24
1881 1821.18 4116.15
1882 323.579 1924.77
1883 321.706 3785.15
1884 329.085 1241.77
1885 4241.98 3643.64
1886 2464.51 2650.4
1887 1009.9 340.936
1888 712.952 3227.34
1889 620.271 324.295
1890 1634.72 1649.33
1891 1332.88 796.777
1892 1299.89 983.884
1893 2763.99 563.043
1894 2095.93 2050.65
1895 4113.46 3010.67
1896 1063.12 1282.36
1897 1180.02 419.967
1898 590.92 4002.95
1899 2854.69 4170.49
1900 2129.28 418.494
1901 940.655 3428.58
1902 974.169 380.076
1903 3947.94 2598.34
1904 1997.97 296.536
1905 2462.2 1274.19
1906 2049.19 2465.24
1907 3354.3 4070.76
1908 2660.7 557.487
1909 510.826 714.632
1910 1334.42 104.692
1911 4232.96 1761.57
1912 3754.55 3156.34
1913 2906.37 1214.81
1914 1612.34 2016.88
1915 1879.86 3540.61
1916 888.118 3639.23
1917 769.142 838.552
1918 2789.78 585.278
1919 2207.8 2344.92
1920 237.492 3445.81
1921 1693.82 2079.38
1922 2595.05 520.937
1923 4108.3 3746.73
1924 3900.08 2568.97
1925 2293.01 1848.04
1926 1725.43 1245.21
1927 3321.32 1485.29
1928 2173.52 2194.74
1929 3625.23 860.679
1930 2490.96 1163.61
1931 2374.15 4189.14
1932 3162.08 3767.83
1933 1714.51 3372.27
1934 3944.93 4127.44
1935 306.289 1296.96
1936 1022.28 2858.16
1937 223.346 2423.56
1938 431.756 1674.2
1939 2158.27 3838.87
1940 1305.46 160.606
1941 119.913 105.737
1942 1325.07 3170.21
1943 401.516 2525.87
1944 3251.96 137.122
1945 1713.91 3981.47
1946 1065.3 923.279
1947 380.536 2987.25
1948 1184.79 1306.74
1949 4182.89 3883.55
1950 859.456 1107.94
1951 2001.33 3465.63
1952 1910.84 12.7182
1953 1864.3 342.111
1954 2151.12 1422.63
1955 781.829 3867.77
1956 2837.96 742.858
1957 2858.33 2627.44
1958 1601.6 1509.94
1959 4145.94 633.605
1960 2872.46 4073.61
1961 898.75 1499.07
1962 2610.97 362.582
1963 3040.45 2023.15
1964 3816.55 4103.43
1965 143.575 4237.32
1966 262.547 673.338
1967 777.467 3526.06
1968 156.834 3392.59
1969 1046.66 1359.84
1970 315.208 3133.15
1971 75.7274 982.802
1972 3656.68 3169.81
1973 2377.81 725.058
1974 4033.82 2016.25
1975 209.303 1991.86
1976 1791.83 1728.02
1977 3708.16 613.665
1978 3552.71 3417.51
1979 2380.12 2900.59
1980 3740 163.477
1981 2650.97 3003.96
1982 2404.18 3038.42
1983 2035.44 3594.27
1984 2202.59 1134.77
1985 4050.06 493.857
1986 1772.71 2945.47
1987 242.557 118.366
1988 501.761 1939.5
1989 3614.64 3246.84
1990 706.683 302.225
1991 1737.4 1940.71
1992 359.707 1597.42
1993 3971.94 2309.96
1994 2874.87 732.787
1995 4041.56 1306.14
1996 735.384 151.211
1997 4087.03 2232.11
1998 788.482 460.207
1999 3114.05 1854.06
2000 3046.99 82.5367
2001 2298.96 2550.29
2002 109.018 3639.02
2003 2780.96 3628.13
2004 2547.57 3800.56
2005 631.842 4226.87
2006 2886.35 991.236
2007 797.137 1390.8
2008 170.24 1221.84
2009 3807.39 188.979
2010 1838.52 253.06
2011 3841.72 3271.78
2012 3743.53 1941.65
2013 802.803 3094.85
2014 2278.5 4229.97
2015 1381.32 469.055
2016 1074.97 2166.18
2017 3734.76 1666.49
2018 1809.4 2885.82
2019 3666.26 1026.31
2020 3113.98 56.629
2021 3597.42 4139.71
2022 2902.78 4008.21
2023 3281.14 3611.69
2024 3440.39 1614.06
2025 1367.07 820.275
2026 3707.02 4177.36
2027 3159.65 2472.06
2028 2904.64 873.828
2029 1022.66 3599.55
2030 3185.08 2077.26
2031 1073.76 3590.48
2032 3542.02 3785.08
2033 4090.28 1595.94
2034 3665.49 3566.55
2035 3161.96 1348.21
2036 3819.27 2386.26
2037 3052.45 2260.84
2038 3009 4140.2
2039 645.548 2339.29
2040 256.57 1679.21
2041 3110.69 2294.89
2042 3930.36 3836.99
2043 1486.27 578.931
2044 2415.26 758.236
2045 396.697 1973.26
2046 3499.91 3241.24
2047 3410.48 1936.56
2048 2337.74 873.492
2049 107.664 466.537
2050 802.774 4131.98
2051 3141.9 2735.25
2052 1719.79 2145.55
2053 1524.64 2490.86
2054 1927.88 3775.73
2055 614.47 659.788
2056 3556.11 3794.4
2057 1412.36 1361.04
2058 161.781 2179.92
2059 410.948 2065.69
2060 1981.42 2438.19
2061 402.294 4004.42
2062 2943.79 1637.45
2063 3673.22 1532.23
2064 2240.84 682.088
2065 3811.16 1955.15
2066 3296.56 588.375
2067 855.028 1684.57
2068 2537.44 3128.86
2069 535.009 3563.98
2070 60.3827 256.582
2071 3325.36 3335.07
2072 3563.19 4251.38
2073 913.621 1878.36
2074 2154.78 1279.15
2075 900.232 1107.93
2076 3683.39 652.848
2077 1630.16 546.458
2078 1735.8 345.293
2079 78.1636 78.2233
2080 2450.61 966.798
2081 3795.12 3400.94
2082 3741.97 1338.89
2083 1126.24 3821.77
2084 1524.48 3367.51
2085 3971.46 3039.88
2086 173.886 2150.9
2087 3112.58 75.9578
2088 2956.56 392.416
2089 1514.94 3533.9
2090 1005.46 1404.04
2091 1082.65 4199.68
2092 3482.93 3477.85
2093 3338.59 4158.11
2094 1492.21 185.51
2095 275.086 3323.02
2096 2102.62 844.137
2097 1726.18 1181.87
2098 3064.33 2703.58
2099 2626.02 2892.54
2100 2856.38 397.292
2101 3428.43 647.404
2102 2746.49 1937.41
2103 2835.49 2807.33
2104 1867.14 3989.46
2105 1464.86 327.651
2106 1684.35 1586.96
2107 1903.06 2579.44
2108 566.964 2223.52
2109 3572.03 3421.68
2110 3220.19 2224.93
2111 1005.12 1554.32
2112 3356.74 2394.72
2113 1178.58 2770.71
2114 662.172 2309.56
2115 4210.88 173.468
2116 943.102 848.595
2117 3944.76 1599.07
2118 1579.18 3928.75
2119 1559.34 1964.15
2120 1248.21 7.49542
2121 927.159 1006.49
2122 1525.58 3876.31
2123 2593.54 3268.12
2124 2502.3 2958.45
2125 183.822 1840.61
2126 510.938 1856.7
2127 1263.38 675.752
2128 2491.95 2503.16
2129 3987.04 394.002
2130 3407.24 2260.25
2131 1842.52 1581.63
2132 3296.11 3146.78
2133 3978.3 396.825
2134 1919.79 1759.93
2135 1037.3 1123.32
2136 3612.15 2975.02
2137 3431.18 492.81
2138 2531.8 2969.2
2139 238.802 1074.64
2140 3184.46 3573.39
2141 1923.71 2295.29
2142 1872.03 1884.97
2143 3883.23 289.783
2144 2847.75 1981.21
2145 3931.65 2758.11
2146 3516.7 1066.14
2147 4143.66 3479.87
2148 1095.39 559.182
2149 3963.25 4064.3
2150 921.446 2608.2
2151 1190.24 3174.95
2152 2881.86 3508.56
2153 321.506 4165.07
2154 308.607 356.177
2155 2563.69 1983
2156 2055.3 2527.81
2157 2362.21 52.7483
2158 1529.91 1369.01
2159 1726.25 2951.99
2160 2729.74 4.87481
2161 1635.72 2212.59
2162 3572.19 1862.78
2163 843.589 1578.76
2164 4032.81 1813.57
2165 1739.72 1250.1
2166 3271.07 1341.97
2167 695.403 3839.37
2168 2580.38 2577.89
2169 1944.17 1652.92
2170 147.128 1926.73
2171 449.764 320.274
2172 4055.05 1293.37
2173 3549.83 1381.11
2174 2923.37 1936.61
2175 2692.94 662.242
2176 225.385 2927.69
2177 2077.43 603.963
2178 3746.31 687.544
2179 636.253 890.929
2180 2599.09 3273.17
2181 786.446 1562.18
2182 2192.84 1057.89
2183 1367.19 3808.75
2184 3223.79 2954.03
2185 2474.46 3512.18
2186 799.238 1277.64
2187 1065.29 2972.12
2188 2286.81 240.327
2189 1254.76 1093.09
2190 2797.3 987.829
2191 311.395 3687.85
2192 1768.68 1792.52
2193 127.075 3263.16
2194 2194.24 930.407
2195 903.552 482.849
2196 1695.72 284.151
2197 721.335 3850.4
2198 2379.17 3614.86
2199 4058.21 3594.18
2200 4178.94 1266.99
2201 2597.8 1209.88
2202 1766.19 3474.94
2203 2187.13 4296.21
2204 3906.37 146.346
2205 2634.84 1.59388
2206 1918.97 2976.17
2207 1082.76 3494.34
2208 540.64 1198.57
2209 1945.82 2363.54
2210 3542.29 2999.86
2211 251.836 479.524
2212 1011.36 1336.38
2213 1492.9 1451.15
2214 1252.67 3963.12
2215 931.857 1159.46
2216 3961.22 3687.58
2217 4176.76 1773.41
2218 2839.32 1427.97
2219 3588.06 1051.49
2220 1461.38 3979.12
2221 465.447 2219.03
2222 3300.39 3512.86
2223 685.8 2435.81
2224 712.146 502.557
2225 3926.36 2525.24
2226 3569.95 2548.19
2227 3618.46 3372.36
2228 3172.34 3194.77
2229 978.7 1586.07
2230 3914.22 1347.8
2231 2186.96 3810.43
2232 1356.95 3081.23
2233 452.371 2241.51
2234 2782.74 3017.9
2235 4120.16 903.946
2236 1014.76 2163.75
2237 2748.19 3490.4
2238 2118.01 1279.73
2239 1625.47 3660.33
2240 2345.97 3006.48
2241 1815.9 1689.78
2242 2887.8 1467.5
2243 657.604 1308.21
2244 1701.1 4008.6
2245 1106.35 3039.79
2246 33.9732 3399.67
2247 876.061 4018.59
2248 2742.77 1226.58
2249 4229.93 1611.6
2250 2591.52 3288.96
2251 375.439 2749.99
2252 3688.2 1631.49
2253 532.3 3666.59
2254 450.616 249.978
2255 4044.48 4083.88
2256 2893.96 2729.74
2257 3076.55 170.115
2258 364.149 3607.52
2259 2384.85 3824.86
2260 2296.48 3941.36
2261 321.503 2075.41
2262 1106.57 1359.11
2263 3440.13 533.258
2264 2409.16 163.705
2265 4267.84 3594.1
2266 343.625 813.286
2267 266.716 3256.47
2268 3415.86 163.89
2269 3213.24 2161.22
2270 339.445 1230.06
2271 678.71 2838.99
2272 3508.39 550.7
2273 814.593 2333.76
2274 1958.79 697.273
2275 3979.91 820.454
2276 2542.89 3308.74
2277 4026.27 4106.99
2278 3741.04 2308.15
2279 1552.68 2626.35
2280 3398.61 2237.75
2281 1059.41 4134.99
2282 1052.73 2616.4
2283 3270.38 643.935
2284 1322.91 696.813
2285 3447.09 1490.26
2286 1685.36 468.214
2287 1055.87 4291.08
2288 456.547 3193.45
2289 3476.71 285.125
2290 4002.77 3062.55
2291 3741.69 2444.58
2292 3303.96 4052.48
2293 446.196 2205.49
2294 659.515 14.4116
2295 3770.2 339.851
2296 1274.27 978.056
2297 1270.42 1474.96
2298 1868.3 4011.61
2299 4272.79 484.113
2300 428.711 679.073
2301 1866.81 1186.92
2302 3384.78 3252.36
2303 3775.44 1701.06
2304 587.705 62.7675
2305 2393.24 301.649
2306 1055.06 3985.1
2307 1220.02 4194.87
2308 1079.56 1689.54
2309 3879.84 345.286
2310 3276.59 4146.38
2311 2590.77 3860.99
2312 1781.36 2958.37
2313 982.753 2446.54
2314 2471.02 195.794
2315 4175.54 1835.29
2316 1384.16 2584.1
2317 95.0546 1858.92
2318 1238.53 129.138
2319 4158.82 3151.77
2320 3476.87 733.495
2321 393.043 1306.39
2322 2402.72 3878.03
2323 127.942 3127.75
2324 3357.55 2652.25
2325 3926.27 3272.36
2326 2286.07 1209.15
2327 2748.04 243.253
2328 3565.29 3936.66
2329 716.086 1315.91
2330 255.299 2227.84
2331 4167.41 1430.27
2332 2660.05 3182.23
2333 1759.88 3827.29
2334 65.3994 2758.47
2335 519.949 3750.5
2336 3559.7 3308.28
2337 3462.71 3180.05
2338 793.172 153.213
2339 2396.41 1934.78
2340 3975.17 2124.08
2341 3709.5 1710.01
2342 1570.94 4173.39
2343 2726.62 1822.08
2344 3308.53 55.9206
2345 646.296 3440.07
2346 2997.57 3050.45
2347 1173.28 3440.83
2348 4205.16 4097.89
2349 2927.89 3323.38
2350 705.889 2339.87
2351 1163.7 3006.98
2352 2186.38 1317.6
2353 402.669 3344.31
2354 3876.66 2409.21
2355 3417.31 2929.96
2356 4047.7 3790.36
2357 3893.91 1759.07
2358 159.705 803.388
2359 3300.55 632.296
2360 754.125 2793.28
2361 1369.21 3373.72
2362 2360.92 2302.3
2363 3059.01 1735.54
2364 1142.88 1076.4
2365 4093.13 2002.89
2366 3902.3 703.851
2367 688.341 747.014
2368 1254.01 917.559
2369 191.905 2241.94
2370 1473.18 3894.26
2371 1766.32 840.119
2372 2378.36 3063.65
2373 2673.31 523.648
2374 2431.01 1175.27
2375 1825.26 4155.73
2376 382.392 1798
2377 706.867 3807.73
2378 440.242 1243.36
2379 418.735 221.403
2380 622.213 3315.68
2381 3793.41 3045.32
2382 2289.93 2442.11
2383 999.732 3306.54
2384 3845.65 744.439
2385 1567.84 1670.12
2386 3674.01 1824.23
2387 4019.74 3638.45
2388 989.899 2887
2389 966.919 2963.7
2390 2987.99 2815.01
2391 3899.77 3496.78
2392 3205.36 2571.83
2393 3152.26 3412.9
2394 2849.39 1641.45
2395 738.794 2199.93
2396 3422.6 674.231
2397 393.131 2642.77
2398 893.655 1382.36
2399 3377.68 2021.57
2400 334.733 3098.48
2401 3874.77 1353.59
2402 748.836 2480.77
2403 2601.6 939.414
2404 3354.14 1644.24
2405 1469.91 2853.49
2406 2451.97 1791.35
2407 1230.74 176.443
2408 4035.88 2585.4
2409 2369.56 2847.45
2410 4207.32 1124.25
2411 1412.62 2352
2412 1762.76 4023.93
2413 709.932 1792.2
2414 4018.88 2829.41
2415 3999.46 3296.39
2416 21.1978 805.412
2417 2884.12 2627.93
2418 2698.65 1852.74
2419 3025.29 4097.69
2420 2687.11 3894.77
2421 2252.09 3371.1
2422 4048.71 2455.52
2423 2852.7 4048.89
2424 3256.32 3625.21
2425 4146.98 22.6978
2426 3875.11 1173.53
2427 4232.94 2781.92
2428 3588.84 1267.83
2429 1326.3 593.189
2430 4248.71 3335.49
2431 2399.72 282.858
2432 3190.27 103.165
2433 745.799 1498.37
2434 2921.87 3075.37
2435 2982.96 3923.43
2436 194.702 2063.42
2437 1302.88 3881.67
2438 2844.34 554.602
2439 1137.45 4138.42
2440 3929.57 2507.78
2441 1679.42 1568.15
2442 1505.81 3771.53
2443 3894.73 414.607
2444 856.284 3058.8
2445 1507.38 3425.16
2446 454.413 3993.99
2447 2906.85 4035.98
2448 3215.13 3212.75
2449 464.387 1249.91
2450 3888.63 2522.88
2451 516.27 1214
2452 951.581 191.817
2453 925.404 360.988
2454 3883.36 276.143
2455 937.356 853.55
2456 761.802 2644.67
2457 1718.98 722.793
2458 1927.42 1552.72
2459 1297.38 73.7862
2460 899.001 212.346
2461 2484.5 1748.65
2462 1357.23 1006.27
2463 3318.18 700.826
2464 4054.55 3914.91
2465 3126.64 143.468
2466 2322.68 276.769
2467 286.05 4037.65
2468 1841.29 2721.64
2469 4239.63 333.015
2470 2198.01 3987.71
2471 3094.84 3036.98
2472 2343.4 1338.54
2473 971.356 4117.4
2474 2549.56 79.04
2475 556.752 3371.35
2476 4130.98 1396.59
2477 1474.59 1885.98
2478 826.613 1460.03
2479 276.421 2300.73
2480 3437.74 1765.38
2481 355.76 983.646
2482 2640.35 3862.98
2483 3367.64 1988.05
2484 3296.7 3428.64
2485 3614.47 1619.06
2486 3891.04 2769.34
2487 252.415 3218.31
2488 2006 1191.3
2489 2852.1 1300.75
2490 861.585 2345.13
2491 949.082 348.83
2492 2184.03 335.342
2493 3058.81 862.998
2494 3309.52 3074.32
2495 2123.89 3933.17
2496 908.705 574.758
2497 115.174 455.47
2498 150.13 1626.5
2499 4053.23 2140.39
2500 2160.82 2680.09
2501 3953.17 4122.92
2502 3602.51 3014.62
2503 1263.33 4042.96
2504 4093.4 82.9616
2505 96.9865 1851.4
2506 1368.37 3966.09
2507 1443.33 3482.02
2508 1662.84 3020.5
2509 3010.54 1609.15
2510 2911.67 180.795
2511 2427.8 3990.87
2512 664.438 2175.97
2513 712.408 3008.18
2514 619.02 2181.16
2515 2535.39 2913.85
2516 1836 2410.75
2517 1752.87 2940.86
2518 3569.33 2757.62
2519 3126.46 1401.66
2520 3043.92 1600.49
2521 809.165 857.174
2522 1234.26 2265.47
2523 2297.49 1842.7
2524 2190.26 3728.83
2525 1582.31 3033.03
2526 175.645 1270.94
2527 3289.43 1237.49
2528 3693.98 1064
2529 798.84 3145.91
2530 869.083 1045.25
2531 1097.91 583.372
2532 297.123 991.56
2533 2442.44 3075.01
2534 2321.88 1224.23
2535 16.025 3603.07
2536 3433.12 3212.53
2537 2961.65 3527.44
2538 2754.39 4190.2
2539 3506.16 2593.2
2540 3298.8 1637.63
2541 3753.3 672.453
2542 373.074 3845.25
2543 2889.12 4114.28
2544 102.697 726.583
2545 4239.67 2479.04
2546 108.297 2583.12
2547 2446.14 1394.29
2548 2227.65 2571.24
2549 873.121 1379.98
2550 1945.17 2923.44
2551 2628.02 4013.03
2552 1071.12 3242.86
2553 1304.64 3539.24
2554 775.142 1463.98
2555 3590.29 2581.38
2556 1032.54 3602.74
2557 2052.87 2974.28
2558 3985.57 3940.28
2559 2308.38 1538.94
2560 2882.17 1941.55
2561 4182.16 1091.07
2562 73.6641 245.912
2563 147.874 3958.83
2564 2350.82 4231.77
2565 1189.2 1736.83
2566 4228.98 12.778
2567 1927.73 3819.4
2568 3120.52 317.799
2569 1014.3 1984.46
2570 2460.71 2436.68
2571 2445.08 1281.9
2572 781.59 2573.69
2573 424.89 1671.5
2574 1551.19 4106.25
2575 2092.45 510.433
2576 2105.71 3545.91
2577 1869.59 3018.86
2578 107.523 3909.39
2579 901.657 215.545
2580 2161.02 4006.29
2581 2226.3 3881.6
2582 2423.69 673.355
2583 2967.88 3684.45
2584 1585.9 1792.43
2585 2870.88 3007.24
2586 4201.6 1307.66
2587 698.516 3446.36
2588 2932.67 1414.25
2589 1985.93 2735.3
2590 4042.63 1743.79
2591 1236.73 56.2007
2592 1234.72 3802.91
2593 567.033 4026.72
2594 2078.63 4214.22
2595 680.26 1686.3
2596 2995.09 1229.56
2597 2795.37 2713.53
2598 3652.92 185.254
2599 3059.72 3286.56
2600 756.924 4254.78
2601 3564.02 2431.17
2602 2289.38 1424.73
2603 2312.28 1794.9
2604 2241.36 1309.82
2605 2406.97 2866.44
2606 2232.42 3076.93
2607 2965.77 1312.81
2608 3014.09 118.923
2609 2031.71 3766.59
2610 3020.84 1883.11
2611 398.04 4199.14
2612 2625.38 2575.26
2613 395.261 3402.8
2614 1792.8 538.618
2615 2244 518.013
2616 2131.27 292.669
2617 1983.29 3932.37
2618 697.875 3697.23
2619 351.085 1694.22
2620 3560.71 2117.44
2621 584.633 1633.68
2622 2311.62 2027.71
2623 4191.44 2798.01
2624 1349.47 1485.23
2625 36.4512 1972.35
2626 4004.4 748.545
2627 3404.22 1022.95
2628 4071.94 283.688
2629 1102.55 3347.76
2630 2943.35 1021.59
2631 75.9175 493.687
2632 3710.39 2629.03
2633 3286.03 3407.18
2634 2118.4 2499.31
2635 1149.88 755.794
2636 3560.87 3789.08
2637 1924.15 1700.94
2638 2563.56 1923.96
2639 1267.38 1971.34
2640 3937.88 2244.54
2641 3728.72 65.0505
2642 403.365 1380.14
2643 3476.27 768.012
2644 2309.54 2727.67
2645 146.612 4275.27
2646 3885.5 3777.05
2647 64.0062 759.81
2648 1080.18 4260.54
2649 435.988 2190.93
2650 3847.65 4243.22
2651 2630.63 2377.92
2652 320.664 3516.9
2653 391.531 929.064
2654 4183.38 896.696
2655 154.652 2184.51
2656 2652.41 1111.4
2657 1002.96 1691.99
2658 2584.87 680.801
2659 3353.67 3963.51
2660 3249.95 1233.29
2661 3853.69 1701.2
2662 3371.15 3988.97
2663 3769.96 1480.49
2664 2958.32 4021.33
2665 2820.15 619.948
2666 3384.38 2984.66
2667 1906.79 1725.97
2668 3386.39 3214.84
2669 1280.09 3152.54
2670 1633.64 1084.63
2671 262.818 4297.87
2672 4233.05 1795.44
2673 3692.13 3752.36
2674 4084.35 2869.3
2675 3380.66 2030.66
2676 1651.33 310.871
2677 3066.34 3293.27
2678 1893.88 4099.45
2679 1476.03 3981.74
2680 2966.73 454.191
2681 245.914 2686.8
2682 2067.6 505.418
2683 2710.04 3475.78
2684 3362.28 852.519
2685 3195.96 3425.56
2686 3522.62 1620.48
2687 1250.83 3846.5
2688 1802.6 2623
2689 3356.49 4100.34
2690 2390.95 3553.96
2691 15.2902 2638.64
2692 1125.12 3278.16
2693 1236.12 1326.78
2694 684.441 3805.52
2695 3814.55 934.082
2696 1716.66 213.222
2697 263.24 1258.48
2698 491.057 1917.18
2699 2076.17 1924.91
2700 2037.03 4002.71
2701 650.656 3578.49
2702 1260.67 3342.76
2703 4096.97 2690.02
2704 4064.69 542.036
2705 3546.35 265.904
2706 2150.89 3561.31
2707 2533.16 4140.18
2708 1586.3 2579.42
2709 4267.18 593.566
2710 1852.16 3441.17
2711 3342.45 2074.52
2712 2514.37 536.715
2713 365.732 553.797
2714 2596.84 2433.27
2715 2431.63 1649.77
2716 2639.82 3024.44
2717 3109.32 1054.61
2718 1350.27 3646.6
2719 3543.39 2034.78
2720 934.57 474.151
2721 1037.21 4212.36
2722 2786.27 1365.3
2723 3470 1576.12
2724 1821.97 2174.52
2725 1822.57 4211.43
2726 3087.26 1472.77
2727 1898.87 3712.74
2728 2474.36 968.422
2729 880.041 3473.36
2730 1665.7 2649.47
2731 3245.7 37.3721
2732 4168.21 1954.76
2733 44.9494 832.089
2734 2574.17 2483.3
2735 976.072 1305.61
2736 1176.41 2695.04
2737 1131.71 279.109
2738 1983.36 772.897
2739 2433.07 3351.04
2740 1059.41 3353
2741 1489.61 2752.77
2742 3801.25 2445.04
2743 2210.57 3653.91
2744 3673.73 66.1237
2745 3520.48 3351.85
2746 4017.29 1106.96
2747 2911.01 2494.59
2748 262.159 3158.86
2749 3555.06 1719.27
2750 1805.87 1314.67
2751 84.1661 483.049
2752 2226.17 2247.59
2753 4044.39 9.98256
2754 1598.65 2797.08
2755 332.812 1671.46
2756 1277.71 1905.13
2757 2253.94 4286.86
2758 2478.93 2390.39
2759 1783.79 2600.37
2760 3287.35 3020.01
2761 98.1464 1924.76
2762 9.55498 3012.26
2763 2974.93 3884.18
2764 4297.07 682.395
2765 2416.29 945.781
2766 2492.62 3661.16
2767 1100.01 2677.69
2768 2264.43 4168.67
2769 954.449 2073.52
2770 1832.36 2625.19
2771 119.813 2788.67
2772 2442.19 2858.28
2773 2482.33 1228.64
2774 381.243 1877.95
2775 2904.01 3492.94
2776 2332.35 4027.68
2777 514.456 1757.57
2778 2272 4197.59
2779 1278.72 3886.15
2780 1396.65 750.628
2781 3661.52 3570.3
2782 3075.83 4229.51
2783 906.786 2006.55
2784 2768.05 3847.62
2785 4279.14 4081.34
2786 1093.88 2157.61
2787 3267.43 4015.39
2788 1555.81 2310.07
2789 2397.33 966.997
2790 532.317 2249.74
2791 2608.02 1138.25
2792 4150.84 888.06
2793 2925.19 3684.02
2794 3884.65 914.745
2795 1801.46 643.829
2796 1179.57 2862.07
2797 3957.6 3050.24
2798 502.094 2599.91
2799 441.99 795.309
2800 1887.25 2514.45
2801 1377.9 3427.85
2802 2818.89 3226.79
2803 1781.79 162.008
2804 552.489 2827.41
2805 2580.82 1683.31
2806 3816.58 1487.6
2807 4128.73 171.787
2808 1455.96 1823.95
2809 3267.97 2591.88
2810 2363.35 1537.7
2811 2136.42 990.377
2812 2051.15 222.049
2813 2721.66 1186.46
2814 3445.21 2006.76
2815 1542.55 2211.65
2816 2769.33 1655.97
2817 3509.67 2435.58
2818 1745.17 3966.41
2819 3324.89 2866.67
2820 3313.85 3808.94
2821 2746.82 3224.61
2822 1929.87 334.926
2823 2453.59 496.142
2824 1666.93 1146.36
2825 772.833 3135.8
2826 1968.95 792.322
2827 1402.16 3627.77
2828 675.666 768.069
2829 3219.39 1346.26
2830 462.33 3327.92
2831 2914.83 2255.1
2832 452.465 2002.07
2833 2692.52 1017.04
2834 2781.65 4024.03
2835 3062.91 3770.46
2836 1939.1 2653.5
2837 4028.62 1001.92
2838 3220.69 1253
2839 2045.49 2153.55
2840 1438.22 2957.97
2841 3232.47 2795.16
2842 3986.76 1032.2
2843 1059.16 2905.01
2844 2465.94 2642.54
2845 748.328 3900.27
2846 1706.21 609.181
2847 99.5367 46.2979
2848 2680.72 3967.78
2849 1682.37 598.985
2850 3808.44 2362.57
2851 2906.88 2485.01
2852 1287.53 3356.22
2853 1780.93 3401.11
2854 640.16 20.1957
2855 3682.23 2187.67
2856 102.421 4124.85
2857 2831.99 4155.96
2858 1153.56 1659.53
2859 3107.84 2457.24
2860 2821.97 1599.1
2861 3535.29 2936.46
2862 2081.78 1094.21
2863 1782.25 3829.69
2864 3154.65 3579.17
2865 357.921 2417.12
2866 1054.3 3620.6
2867 2777.64 2317.39
2868 1962.05 141.904
2869 3769.05 187.178
2870 1850.36 3992.97
2871 3324.3 2827.45
2872 1565.26 849.767
2873 2019.23 499.003
2874 1312.73 360.121
2875 1936.65 660.744
2876 1411.97 2829.83
2877 194.604 464.747
2878 3047.1 3511.54
2879 3779.61 3628.28
2880 2201.7 4119.22
2881 951.225 1322.01
2882 2691.48 1758.16
2883 2015.63 2006.48
2884 2439.31 3492.39
2885 384.734 2507
2886 4121.58 3472.3
2887 1323.11 2081.5
2888 3961.55 772.378
2889 3383.24 882.735
2890 1941.81 3686.59
2891 2001.51 2986
2892 4071.71 1944.86
2893 4232.22 3865.49
2894 2326.12 1509.25
2895 4001.9 3211.14
2896 4269.94 1732.72
2897 1285.4 55.3425
2898 155.111 697.994
2899 415.85 1739.55
2900 2801.73 1074.29
2901 4060.96 3356.24
2902 1199.64 2815.96
2903 486.309 2842.97
2904 1976.3 237.49
2905 530.966 4280.27
2906 602.158 3683.19
2907 467.053 3920.77
2908 1843.11 4251.76
2909 2068.86 575.33
2910 3198.1 2813.25
2911 503.652 3524.21
2912 3583.42 162.75
2913 1556.29 459.517
2914 2193.67 208.406
2915 4067.88 1383.28
2916 1853.94 3535.68
2917 486.075 865.609
2918 566.853 4114.99
2919 3838.48 2916.5
2920 240.641 383.7
2921 807.668 1910.34
2922 1887.01 1137.48
2923 1352.26 902.121
2924 3921.57 3713.38
2925 3610.16 1042.88
2926 1215.54 3134
2927 2955.56 321.073
2928 3511.91 3597.82
2929 2643.24 458.96
2930 4232.05 2485.42
2931 1009.37 3196.53
2932 2408.53 411.404
2933 2519.63 2999
2934 2557.32 217.253
2935 921.315 2919.78
2936 3996.77 342.857
2937 3045.79 3353.11
2938 3846.52 3262.31
2939 842.554 3699.9
2940 2480.81 3003.13
2941 1195.14 749.426
2942 3072.22 1428.69
2943 126.263 3184.01
2944 3710.57 2656.73
2945 267.255 3152.25
2946 3696.29 466.07
2947 947.03 1441.88
2948 3735.37 3729.69
2949 2897.83 2945.19
2950 611.016 1877.67
2951 806.09 499.727
2952 3914.38 3407.96
2953 2565.88 3995.58
2954 2153.57 644.612
2955 238.503 976.931
2956 2455.37 2235.48
2957 1410.5 20.0284
2958 2175.02 2430.58
2959 1651.64 1092.05
2960 345.363 328.124
2961 2908.04 858.928
2962 2744.7 881.194
2963 1287.74 100.042
2964 32.4286 1750.32
2965 1394.93 3275
2966 4156.38 1423.22
2967 1952.52 2882.48
2968 1691.16 2731.49
2969 2284.11 733.146
2970 1889.6 3256.26
2971 1405.72 2760.87
2972 1395.04 711.65
2973 2602.24 3822.41
2974 572.447 1672.66
2975 1617.35 1591.58
2976 3386.03 804.861
2977 2880.58 1049.36
2978 606.307 1885.41
2979 2280.78 1241.21
2980 2425.54 116.881
2981 2847.79 1577.13
2982 1192.37 2501.24
2983 2333.16 2565.45
2984 1054.08 2806.32
2985 3055.13 32.8834
2986 2948.52 3552.85
2987 3387.38 561.408
2988 1809.18 1226.8
2989 1798.96 2123.38
2990 1390.24 3047.78
2991 1698.12 4027.23
2992 2189.31 421.962
2993 2534.4 1382.49
2994 658.007 3667.78
2995 2277.26 1911.29
2996 3415.27 4160.23
2997 1984.11 2681.51
2998 2092.8 2952.16
2999 867.002 19.1509
3000 3489.81 3.30758
3001 3795.54 3767.56
3002 508.413 2525.91
3003 1803.05 2899.52
3004 3696.77 2558.69
3005 3330.39 1540.55
3006 373.594 3194.2
3007 2649.78 3899.17
3008 1352.73 3066.16
3009 845.232 437.941
3010 4055.48 184.522
3011 754.26 236.048
3012 76.6639 3500.58
3013 2386.22 3250.86
3014 2610.55 2456.67
3015 4274.95 2845.49
3016 4278.86 577.569
3017 3349.74 3012.64
3018 2522.27 1060.67
3019 3496.29 225.08
3020 1081.91 3012.59
3021 3847.47 1377.55
3022 154.967 3189
3023 3340.44 3755.56
3024 1132.26 334.253
3025 260.586 1203.94
3026 2062.4 1129.66
3027 3069.91 2436.78
3028 3551.82 855.602
3029 71.1142 96.3512
3030 2931.79 2747.95
3031 3918.21 3108.86
3032 403.964 1494.73
3033 3776.67 1911.77
3034 697.589 2852.16
3035 336.226 2886.45
3036 429.495 1997.22
3037 1862.9 85.7281
3038 1227.78 912.634
3039 3345.26 4129.44
3040 3456.13 2730
3041 486.913 2775.79
3042 3251.5 300.534
3043 2942 1034.9
3044 1305.6 1319.43
3045 2523.57 3382.94
3046 1168.52 969.546
3047 673.581 1626.88
3048 1378.72 3117.87
3049 3710.83 1933.09
3050 833.067 3292.82
3051 2546.97 786.687
3052 3892.89 298.01
3053 269.476 4037.44
3054 4033.87 3055.67
3055 1936.19 3093.57
3056 2654.95 2433.1
3057 3679.35 954.213
3058 3703.82 3893.86
3059 1698.99 824.329
3060 390.343 3160.57
3061 2940.49 2938.44
3062 1499.09 4047.13
3063 882.549 784.837
3064 1157.34 3235.02
3065 3144.16 4008.6
3066 561.656 38.7129
3067 2977.86 3990.59
3068 623.16 3041.44
3069 1370.09 884.624
3070 3457.57 1255.93
3071 1358.87 915.71
3072 1088.74 3599.21
3073 1137.06 923.037
3074 1634.09 1346.28
3075 1278.95 2599.99
3076 2468.64 3515.59
3077 3538.65 2933.65
3078 947.482 1783.96
3079 3831.59 1530.62
3080 69.1956 1866.27
3081 2746.42 2749.74
3082 1454.02 2625.54
3083 2017.83 3441.37
3084 3168.4 1378.45
3085 3871.12 443.255
3086 2611.88 1285.37
3087 3347.62 2340.15
3088 3146.82 1316.75
3089 2849.27 1583.14
3090 4142.4 1594.23
3091 1404.49 1403.43
3092 2040.85 2879.6
3093 3545.9 1012.96
3094 2206.33 2742.7
3095 3552.74 4027.27
3096 3280.87 768.575
3097 532.533 414.307
3098 1935.29 2036.43
3099 1884.83 2172.93
3100 2393.24 2680.04
3101 659.103 2820.31
3102 1048.88 4172.5
3103 1319.94 1105.78
3104 4156.43 682.259
3105 3892.98 1553.92
3106 1850.2 3222.48
3107 353.15 1376.4
3108 3941.98 1528.84
3109 1198.87 3960.19
3110 3799.14 773.577
3111 4089.72 1946.1
3112 3443.12 4138.85
3113 790.789 3453.18
3114 4253.92 3913.65
3115 3411.64 3874.58
3116 2770.23 32.5406
3117 1617.3 3171.41
3118 2344.44 109.795
3119 2977.64 1698.66
3120 3011.52 1150.61
3121 3232.78 1317.99
3122 392.582 2922.76
3123 185.438 3785.02
3124 960.802 655.151
3125 3136.18 2662
3126 1602.08 3250.75
3127 1197.18 157.584
3128 96.8065 245.587
3129 1140.39 2526.38
3130 599.521 3262.29
3131 1302.59 1613.74
3132 2712.28 620.084
3133 3067.32 1817.21
3134 3890.82 1954.75
3135 3119.68 3751.09
3136 3699.68 852.142
3137 2327.4 1546.38
3138 2556.35 783.762
3139 3262.83 4197.23
3140 131.2 3280.58
3141 3091.07 3690.81
3142 1923.86 3491.82
3143 1810.03 2962.93
3144 4281.71 1472.16
3145 3341.97 2254.51
3146 3503.62 1144
3147 604.898 854.324
3148 4126.97 3025.51
3149 1571.5 595.871
3150 2143.65 533.392
3151 2700.11 3941.26
3152 4292.86 871.461
3153 2349.82 3573.63
3154 1719.77 4094.62
3155 3965.35 412.903
3156 537.454 4144.35
3157 2961.29 3185.03
3158 839.424 719.368
3159 3102.93 922.924
3160 3992.58 265.283
3161 1532.63 3440.82
3162 521.992 180.121
3163 2867.99 3892.91
3164 4175.3 994.187
3165 273.03 969.067
3166 2267.36 816.482
3167 4156.9 2075.3
3168 2348.85 1158.75
3169 3984.65 689.152
3170 252.215 2375.04
3171 2893.6 141.388
3172 1422.94 520.984
3173 1368.61 2732.36
3174 117.38 2898.14
3175 3955.18 2585.04
3176 1999.99 597.83
3177 591.818 2504.92
3178 2267.69 4224.15
3179 576.148 2212.15
3180 202.808 888.319
3181 1600.8 2924.98
3182 1422.66 3892.42
3183 1237.75 1340.56
3184 3312.24 15.0171
3185 2379.17 2863.19
3186 1573.9 2529.03
3187 1899.29 3516.76
3188 2106.38 3770.24
3189 3520.05 4041.27
3190 4244.7 3495.36
3191 2131.68 457.594
3192 1256.48 34.2922
3193 367.205 2066.09
3194 2487.12 2262.83
3195 1266.44 2717.55
3196 3002.61 3749.72
3197 288.202 633.093
3198 420.325 1876.5
3199 4050.82 2438.28
3200 3713.56 196.331
3201 2903.55 2543.66
3202 868.155 2737.69
3203 1620.76 1518.83
3204 1245.12 174.275
3205 2549.99 1400.95
3206 895.982 1315.67
3207 87.6489 4217.1
3208 1766.65 98.1895
3209 1769.49 596.61
3210 2164.72 2395.68
3211 3672.31 3995.91
3212 3760.96 1.13962
3213 240.384 1265.82
3214 296.189 2354.59
3215 3226.2 2440.34
3216 686.674 2197.53
3217 835.999 1780.99
3218 3660.9 3549.58
3219 1864.81 373.52
3220 545.613 2524.38
3221 2106.57 2222.85
3222 3841.43 2068.69
3223 641.357 548.376
3224 1962.89 3958.58
3225 2081.04 2272.87
3226 2054.52 2892.81
3227 1595.57 1389.95
3228 2618.94 3225.61
3229 1082.83 3518.46
3230 657.281 2738.87
3231 1250.13 2602.76
3232 1011.42 3285.19
3233 631.596 99.7486
3234 2197.98 2654.58
3235 2535.25 1137.14
3236 2642.07 1488.17
3237 1327.88 3622.59
3238 3656.73 3157.99
3239 2450.98 2723.98
3240 2756.99 3270.17
3241 828.626 821.83
3242 3912.17 781.234
3243 4126.58 3336.6
3244 11.1759 346.638
3245 1483.26 1673.25
3246 1261.01 3487.09
3247 1371.85 1855.17
3248 524.331 400.587
3249 739.707 394.182
3250 3769.39 4220.06
3251 1935.5 1253.34
3252 1235.11 456.215
3253 4255.39 2391.46
3254 871.493 3608.35
3255 3389.58 3450.9
3256 3853.11 4185.5
3257 3707.23 3932.89
3258 2662.53 3150.18
3259 1012.92 2360.93
3260 2032.97 2194.65
3261 2416.33 4286.59
3262 1119.56 3610.71
3263 493.191 1471.37
3264 3643.61 853.688
3265 3663.79 3845.22
3266 3027.81 421.588
3267 3003.38 4052.58
3268 2387.46 2764.62
3269 2434.75 2485.73
3270 1726.94 2689.48
3271 3051.71 3780.97
3272 2742.95 3658.77
3273 2110.63 1719.53
3274 575.59 2506.88
3275 3710.06 1091.75
3276 4121.5 3081.7
3277 1564.05 1011.86
3278 3068.91 859.409
3279 2783.83 4222.8
3280 3132.05 641.882
3281 1037.47 2104.26
3282 2527.4 679.336
3283 675.335 4188.86
3284 453.768 4198.83
3285 2400.09 1051.65
3286 4073.52 1654.87
3287 646.193 4262.44
3288 735.555 3960.56
3289 1690.5 493.688
3290 3714.17 268.907
3291 1557.8 3973.09
3292 2364.15 1810.23
3293 3819.7 3938.8
3294 365.989 930.632
3295 3933.91 3534.9
3296 478.026 3061.76
3297 1101.95 3878.24
3298 3729.08 4003.68
3299 2865.93 2302.58
3300 810.916 612.362
3301 234.74 509.08
3302 2589.44 2143.02
3303 1260.54 1744.23
3304 751.962 1929.65
3305 4206.36 3230.87
3306 1336.48 3247.79
3307 2291.99 2645.88
3308 3549.89 2946.23
3309 1232.28 9.30052
3310 3115.25 3844.51
3311 3219.46 1007.77
3312 2084.32 660.792
3313 188.867 2188.86
3314 3503.08 355.734
3315 3602.43 2617.46
3316 2382.01 3807.03
3317 945.528 628.769
3318 50.8364 3193.14
3319 3974.75 2259.21
3320 2476.08 1156.35
3321 4290.4 2255.94
3322 2355.14 3736.64
3323 4150 833.996
3324 3852.01 1148.82
3325 60.3715 3629.69
3326 3348.84 3901.61
3327 3031.11 3312.96
3328 1997.37 3012.3
3329 2420.31 1151.27
3330 3560.78 1525.37
3331 2880.39 143.268
3332 1144.95 3607.11
3333 3729.59 3945.47
3334 956.395 1432.28
3335 1838.18 1150.86
3336 91.2423 2772.24
3337 3722.88 3585.73
3338 3569.14 3.4272
3339 4169.12 1389.37
3340 2455.77 152.094
3341 2603.45 1355.04
3342 1891.99 1190.55
3343 160.62 663.997
3344 3426.13 1661.23
3345 1059.02 2751.16
3346 2678.49 2223.63
3347 2408.18 140.559
3348 2792.41 4183.2
3349 1828.49 220.226
3350 3176.32 2335.12
3351 2029.51 572.844
3352 586.788 95.4958
3353 1569.08 822.32
3354 1706.82 694.614
3355 1207.47 1405.67
3356 2359.22 1220.76
3357 3327.99 4126.79
3358 1361.96 4006.87
3359 487.032 729.412
3360 1080.03 1540.47
3361 3323.39 2903.13
3362 680.311 2687.68
3363 1564.97 4049.69
3364 4291.36 1457.15
3365 1250.65 585.462
3366 1319.21 1843.09
3367 3608.67 594.852
3368 1423.6 2476.06
3369 3060.04 3644.35
3370 1348.21 2205.18
3371 1806.69 2060.01
3372 3667.93 258.305
3373 2609.3 1495.62
3374 4216.09 3151.78
3375 113.164 838.21
3376 1817.48 1995.89
3377 1606.1 2559.82
3378 1043.53 2690.04
3379 688.492 200.706
3380 587.527 3386.75
3381 616.42 954.254
3382 3428.85 1395.8
3383 633.764 15.7982
3384 1332.99 4284.63
3385 808.565 2956
3386 4254.79 3094.49
3387 3606.46 488.09
3388 1413.64 812.369
3389 4216.62 1801.74
3390 415.638 765.304
3391 1711.49 848.715
3392 2345.8 454.622
3393 3578.59 3842.25
3394 2211.57 2324.91
3395 1954.41 522.825
3396 397.456 367.113
3397 1705.42 455.979
3398 943.354 1802.58
3399 456.445 864.38
3400 1951.37 2906.42
3401 3076.04 1400.06
3402 1339.77 1496.36
3403 2611.11 2429.57
3404 2188.22 563.748
3405 512.027 177.486
3406 1492.98 2916.19
3407 185.492 4107.77
3408 2691.79 433.819
3409 4262.04 870.872
3410 2113.09 1746.11
3411 2270.49 2068.65
3412 3605.87 2145.78
3413 1309.32 2899.11
3414 2593.7 183.872
3415 1225.01 4296.71
3416 1451.07 4235.29
3417 128.557 2123.24
3418 3502.14 4053.78
3419 2207.69 3143.89
3420 95.5742 2852.59
3421 2102.88 3251.16
3422 137.054 250.833
3423 2879.63 430.243
3424 1478.5 2114.93
3425 2581.59 2555.44
3426 1371.39 3701.01
3427 1084.82 2182.08
3428 622.981 1271.68
3429 2607.56 2674.15
3430 3274.75 2823.49
3431 2857.68 883.156
3432 2045.74 3087.12
3433 2792.39 1292.75
3434 4262.31 3626.57
3435 2641.97 3378.01
3436 129.137 2485.94
3437 545.647 2982.61
3438 1429.4 2425.22
3439 2633.43 3881.51
3440 3670.85 304.399
3441 2017.59 2245.89
3442 3548.79 226.331
3443 1956.63 2185.4
3444 926.855 50.1496
3445 986.173 8.80086
3446 3564.18 2570.28
3447 1551.68 4158.34
3448 4241.46 1294.09
3449 2320.79 2426.72
3450 2256.64 2643.58
3451 2652.36 1640.5
3452 2744.1 2723.63
3453 3655.7 120.942
3454 2668.17 1213.57
3455 3745.93 2041.05
3456 1927.12 2889.73
3457 3222.51 3284.51
3458 2278.71 1577.07
3459 1185.84 1444.31
3460 236.586 1235.21
3461 2016.9 3102.93
3462 3681.97 3553.07
3463 3554.27 3654.31
3464 1955.89 3183.74
3465 4027.42 748.693
3466 262.074 2971.03
3467 2461.34 2296.5
3468 2052.7 3417.09
3469 708.442 806.514
3470 4121.68 84.8876
3471 468.644 2420.17
3472 4066.86 3575.29
3473 3295.74 3821.37
3474 3078.09 4273.87
3475 2383.73 1342.33
3476 2902.14 579.314
3477 391.05 44.8559
3478 3052.77 2369.42
3479 3518.18 850.219
3480 3804.47 3064.69
3481 2342.5 19.4522
3482 3498.16 3820.69
3483 3317.92 806.664
3484 2609.16 1025.6
3485 1103.44 3390.59
3486 3441.03 2223.15
3487 2062.07 3833.73
3488 3543.82 2779.21
3489 410.437 4245.5
3490 4216.48 2396.55
3491 1336.71 3736.43
3492 2849.28 3457.23
3493 1011.59 3075.65
3494 2847.88 3569.26
3495 2195.47 716.984
3496 3286.73 3696.07
3497 2722.91 2744.54
3498 1904.42 722.216
3499 3011.17 2304.21
3500 3658.34 2291.41
3501 3564.97 4194.72
3502 25.78 4031.73
3503 3913.16 3473.29
3504 880.079 3619.07
3505 3444.3 4151.24
3506 3756.03 488.174
3507 3099.62 2004.39
3508 889.995 1806.62
3509 4263.49 2758.52
3510 80.6383 387.176
3511 320.21 2585.13
3512 1690.15 3372.41
3513 1671.9 3206.34
3514 43.0943 3492.51
3515 696.724 1928.61
3516 1330.67 3376.98
3517 4220.41 387.099
3518 793.354 2963.46
3519 3862.79 2424.27
3520 2899.42 1618.64
3521 297.822 2513.32
3522 1764.56 2454.15
3523 2436.53 2915.91
3524 3705.06 3028.04
3525 1458.66 1600.34
3526 718.741 1493.35
3527 1986.81 3354.67
3528 1420.81 260.4
3529 3320.43 25.9663
3530 1657.05 1699.3
3531 2412.6 3268.03
3532 3185.71 1007.32
3533 358.158 2978.89
3534 3886.77 2916.03
3535 696.837 519.458
3536 1515.98 3216.26
3537 3958.96 2989.85
3538 801.862 3364.96
3539 1182.48 59.6433
3540 3659.47 3247.76
3541 171.026 3555.1
3542 2551.89 11.345
3543 3678.95 1949.44
3544 1930.13 1351.19
3545 1086.63 547.805
3546 3680.06 1794.41
3547 14.5291 389.402
3548 1384.41 4046.48
3549 2333.04 2928.6
3550 2835.17 715.018
3551 3652.23 400.787
3552 591.054 2525.98
3553 3711.97 2027.01
3554 803.871 288.506
3555 4037.86 3193.83
3556 2456.07 3457.97
3557 4291.72 1786.69
3558 2471.43 1518.8
3559 3688.16 1846.5
3560 826.915 725.984
3561 2030.48 1169.22
3562 3156.42 3594.74
3563 2505.77 3416.16
3564 3120.25 4028
3565 722.455 2525.05
3566 689.238 1654.24
3567 568.156 3054.38
3568 1034.12 1074.19
3569 3271.32 3929.71
3570 1980.31 3161.09
3571 2747.73 1298.77
3572 3621.92 2426.92
3573 3808.03 2935.4
3574 1920.28 3285.78
3575 1225.42 2450.84
3576 2448.19 4068.61
3577 3913.07 417.263
3578 81.0667 302.883
3579 1293.12 2047.93
3580 3037.75 564.435
3581 3459 1332.5
3582 3530.34 3563.2
3583 341.887 4240.31
3584 854.151 4180.3
3585 2296.32 754.474
3586 3317.67 3515.35
3587 726.579 1754.22
3588 3759.14 2279.79
3589 320.714 2520.13
3590 1940.38 2304.56
3591 4110.51 4162.44
3592 1308.78 747.563
3593 133.265 3027.54
3594 737.498 2818.85
3595 4030.85 3989.64
3596 3331.42 1544.15
3597 1120.22 4223.8
3598 2982.02 796.856
3599 2025.4 2186.38
3600 2234.91 2881.51
3601 1851.54 116.972
3602 3436.79 3783.85
3603 1423.05 3723.01
3604 2661.39 2765.06
3605 1889.17 14.6975
3606 2380.93 2204.4
3607 2634.28 1647.24
3608 906.901 3409.31
3609 2389.21 3245.01
3610 1817.37 3233.35
3611 76.6763 3015.17
3612 1136.19 474.351
3613 126.336 3562.81
3614 789.341 914.879
3615 2700.03 2714.88
3616 2201.22 3033.66
3617 1172.88 3583.2
3618 169.998 890.992
3619 4015.95 996.107
3620 811.688 75.9209
3621 4224.38 733.17
3622 2267.98 826.312
3623 609.686 4004.24
3624 4096.46 701.36
3625 2516.58 3460.25
3626 3959.85 1731.07
3627 1727.93 561.975
3628 1268.22 3596.09
3629 2502.45 307.833
3630 3193.96 1587.66
3631 2594.96 1866.51
3632 2260.24 15.5661
3633 856.844 2853.45
3634 2901.76 2075.42
3635 249.191 858.032
3636 3673.95 3345.91
3637 4206.08 1077.97
3638 3464.6 3241.61
3639 4066.06 2608.16
3640 1735.08 2839.77
3641 2983.52 36.3156
3642 1944.44 1676.01
3643 3601.74 2187.91
3644 2911.58 2828.11
3645 2196.72 3712.23
3646 15.3424 2802.59
3647 1046.39 228.058
3648 1518.12 2021.11
3649 794.85 311.763
3650 2275.39 1573.61
3651 368.476 785.187
3652 2134.97 3320.66
3653 270.922 2124.7
3654 2804.95 1921.73
3655 4289.67 3750.55
3656 3368.5 3686.94
3657 1073.78 2907.29
3658 2713.12 1655.09
3659 1121.45 1411.41
3660 198.68 801.301
3661 3036.59 38.3263
3662 2223.37 4125.37
3663 3856.08 1143.43
3664 3557.96 1798.82
3665 3624.54 4264.12
3666 693.87 848.82
3667 2170.13 836.558
3668 2703.15 1559.18
3669 4143.9 4025.09
3670 4131.47 2892.81
3671 3790.47 3473.8
3672 3828.33 3340.49
3673 1544.71 162.031
3674 1767.77 2404.98
3675 193.771 2895.26
3676 616.841 3830.99
3677 2852.31 3382.25
3678 585.947 1572.47
3679 54.2374 1864.56
3680 3414.43 3161.96
3681 1610.99 55.4859
3682 943.87 2874.44
3683 787.73 2011.56
3684 2230.3 2160.36
3685 3194.04 2566.29
3686 1268.23 1534.2
3687 3393.88 1790.44
3688 1099.79 3648.86
3689 1147.52 1473.3
3690 2422.06 337.435
3691 3874.98 2877.09
3692 427.841 2730.35
3693 2913.84 3053.8
3694 2902.43 520.448
3695 772.108 2793.26
3696 2810.36 263.521
3697 3556.84 3606.69
3698 2774.18 1205.73
3699 729.746 2070.14
3700 3695.73 6.31675
3701 1307.93 172.495
3702 1266.06 3572.73
3703 1833.71 1763.45
3704 2748.79 3163.23
3705 3895.16 3367.28
3706 1695.43 2949.86
3707 3231.31 2167.78
3708 3310.26 3557.27
3709 2626.03 4135.36
3710 450.063 2596.8
3711 2272.4 2316.12
3712 2500.81 1283.77
3713 1363.58 2585.86
3714 1003.48 707.92
3715 1247.12 1779.09
3716 2321.41 3663.76
3717 2296.52 561.77
3718 819.249 3039.52
3719 726.572 1940.17
3720 3576.69 2633.33
3721 268.268 2398.97
3722 2873.4 5.86255
3723 1985 3745.04
3724 3253.78 237.806
3725 1718.82 2668.67
3726 337.293 924.126
3727 3983.05 3245.69
3728 2318.8 3291.84
3729 1523.49 3300.19
3730 182.181 4141.91
3731 3423.15 2537.11
3732 3335.63 2523.8
3733 3784.06 1386.34
3734 3546.84 1090.89
3735 4163.05 1853.31
3736 4209.01 4241.66
3737 444.976 978.448
3738 2927.74 2755.76
3739 1537.45 2589.9
3740 12.3625 896.362
3741 2113.58 1670.4
3742 1371.04 531.679
3743 1829.9 2813.43
3744 2305.22 1374.05
3745 2753.08 2067.46
3746 518.183 28.0242
3747 3220.91 1360.81
3748 1366.26 401.997
3749 3331.12 3492.45
3750 3376.51 3427.98
3751 984.052 3244.97
3752 3263.07 680.787
3753 2604.3 2359.07
3754 3991.77 3122.54
3755 605.198 842.592
3756 3842.06 2459.39
3757 1824.6 3125.44
3758 700.157 2449.07
3759 2253.5 3217.77
3760 103.696 2104.51
3761 388.829 3967.1
3762 3180.24 3230.14
3763 4297.44 2204.61
3764 1219.84 978.981
3765 3421.18 933.013
3766 1981.26 1829.48
3767 2529.57 1859.05
3768 4042.68 3921.89
3769 3856.69 1301.82
3770 4222.18 3784.64
3771 357.826 4284.06
3772 737.281 145.126
3773 2502.43 3143.45
3774 4140.67 718.644
3775 2111.01 2207.1
3776 651.373 1443.69
3777 2059.97 3087.89
3778 319.859 2720.85
3779 3701.01 1344.82
3780 169.509 2740.76
3781 2415.21 51.9138
3782 3843.03 2140.8
3783 2102.48 2555.36
3784 3846.48 522.355
3785 3518.04 1476.76
3786 590.338 210.808
3787 749.287 2369.3
3788 1984.35 3381.8
3789 3297.01 2667.2
3790 109.274 2708.9
3791 874.948 1086.1
3792 4153.7 2478.01
3793 3200.49 3680.9
3794 3956.48 936.577
3795 664.445 1880.98
3796 4131.45 3670.91
3797 1759.41 2513.24
3798 2256.09 660.078
3799 51.7788 3625.86
3800 664.135 1316.2
3801 1594.94 3237.51
3802 50.5701 1997.65
3803 721.183 1599.64
3804 1663.46 2061.09
3805 2771.56 2421.28
3806 1837.73 2651.03
3807 2331.59 136.721
3808 1671.4 379.091
3809 1037.09 4108.66
3810 339.645 1221.23
3811 2965.33 4110.27
3812 904.16 3926.27
3813 1573.26 1026.55
3814 3632.98 700.766
3815 3497.74 425.157
3816 1385.61 3509.33
3817 3500.61 185.602
3818 1761.3 3718.56
3819 2038.39 2487.13
3820 551.617 2254.21
3821 1467.05 1046.31
3822 1004.34 1272.8
3823 3003.06 36.2883
3824 887.393 3643.03
3825 3275.29 383.319
3826 2483.02 3851.31
3827 501.272 3723.05
3828 4164.11 1150.33
3829 2722.38 3217.03
3830 2245.39 540.383
3831 4164.39 2327.71
3832 2308.5 1020
3833 901.995 1664.04
3834 1947.57 3511
3835 1007.26 4079.07
3836 2516.3 656.599
3837 1733.49 2733.45
3838 3585.98 3542.14
3839 2125.1 3400.39
3840 2775.12 107.99
3841 637.146 1844.79
3842 1338.38 3830.12
3843 3827.71 1773.85
3844 2111.17 4075.13
3845 2.2364 3106.1
3846 1248.46 3245.64
3847 1286.89 697.884
3848 480.034 2692.75
3849 4157.59 2375.77
3850 1555.57 309.981
3851 2359.38 2608.6
3852 956.414 638.8
3853 452.117 3044.65
3854 4217.55 127.196
3855 4280.41 3019.01
3856 927.249 3718.62
3857 1994.63 1122.57
3858 3553.44 3227.45
3859 510.888 1223.06
3860 893.133 1498.38
3861 1671.72 3956.01
3862 210.947 915.69
3863 3537.13 791.672
3864 2922.01 644.97
3865 2163 2277.2
3866 3019.46 2067.25
3867 3335.67 747.43
3868 1003.03 4224.9
3869 2063.5 1078.68
3870 2837.33 216.295
3871 2920.91 1205.83
3872 3251.78 1015.06
3873 3207.58 485.238
3874 1776.54 310.886
3875 2931.79 928.41
3876 4085.3 2101.38
3877 2311.2 423.14
3878 1683.78 1281.94
3879 3479.05 4016.97
3880 2438.16 3889.57
3881 407.148 4006.26
3882 3118.72 9.232
3883 854.069 3876.22
3884 260.108 1167.76
3885 3293.15 3507.05
3886 2116.35 2073.06
3887 615.427 4200.76
3888 3579.15 774.867
3889 3018.87 3029.29
3890 4146.09 2156.11
3891 4137.5 1538.91
3892 1969.66 698.401
3893 1815.48 1298.37
3894 3067.8 311.257
3895 706.553 971.936
3896 2110.34 3443.05
3897 1800.83 2454.99
3898 1921.27 2559.01
3899 650.876 2880.84
3900 3167 2833.91
3901 2162.35 1683.28
3902 1577.05 3746.94
3903 313.988 1925.26
3904 534.814 1337.25
3905 2945.78 666.563
3906 3457.97 1753.86
3907 3036.4 1226.3
3908 530.039 4223.3
3909 1234.1 23.7652
3910 4035.78 453.296
3911 41.0891 2170.59
3912 3843.17 580.016
3913 1530.8 326.038
3914 1597.04 4162.33
3915 376.953 3496.81
3916 3809.54 3598.83
3917 2270.47 4164.08
3918 1124.55 1333.52
3919 3371.49 3682.01
3920 1610.43 1049.65
3921 1610.11 1670.06
3922 3808.69 2590.19
3923 845.822 916.473
3924 790.197 1545.25
3925 385.461 3092.31
3926 3899.93 690.807
3927 2611.93 2247.23
3928 2488.81 1316.86
3929 919.969 941.76
3930 887.141 3527.48
3931 3087.81 2000.33
3932 1660.52 160.729
3933 1297.59 3540.14
3934 2824.97 2924.35
3935 3465.19 3307.15
3936 3601.69 3510.11
3937 3612.12 1882.47
3938 4122.96 3999.65
3939 2360.65 530.626
3940 896.82 4147.82
3941 191.536 262.017
3942 825.441 3288.9
3943 3106.61 1713.62
3944 2443.23 3716.28
3945 3643.06 1183.75
3946 1471.44 394.321
3947 858.702 1437.87
3948 3585.27 206.621
3949 1724.83 2461.78
3950 3277.3 1326.6
3951 3792.17 3191.29
3952 917.158 4006.91
3953 1047.62 2507.46
3954 3023.68 3582.23
3955 2444.88 1978.5
3956 1124.6 2517.35
3957 899.542 3858.17
3958 148.682 1920.11
3959 2555.04 1013.23
3960 3986.55 3515.55
3961 1188.18 711.124
3962 1494.15 1935.19
3963 356.786 2284.85
3964 2760.92 3248
3965 128.495 787.51
3966 3800.43 1982.1
3967 3996.5 3346.15
3968 901.818 1756.59
3969 174.055 4071.51
3970 1434.6 918.063
3971 1447.79 3534.92
3972 2830 1200.63
3973 1960.79 3970.84
3974 4123.05 1425.25
3975 2569.4 3351.73
3976 2825.23 3784.53
3977 3904.98 1083.11
3978 3406.3 3190.69
3979 2092.75 3528.11
3980 3749.01 4212.7
3981 1800.08 2765.85
3982 2089.72 2341.54
3983 1067 3222.65
3984 4102.51 2966.39
3985 2885.64 3383.53
3986 698.705 3023.08
3987 1214.11 2502.68
3988 1155.36 1861.18
3989 2941.25 1294.65
3990 1640.56 1378.13
3991 506.479 2895.95
3992 345.989 2110.32
3993 1500.92 1537.49
3994 58.6289 2381.31
3995 1911.98 4144.69
3996 1460.72 3496.56
3997 3108.01 3494.22
3998 3207.84 627.77
3999 1221.82 1718.71
4000 3921.45 3337.49
4001 2853.4 4029.21
4002 125.328 295.925
4003 2821.47 1994.99
4004 3539.46 1461.26
4005 3530.16 2148.62
4006 2450.04 2184.96
4007 713.903 273.646
4008 3603.58 661.815
4009 2952.77 2038.03
4010 2418.35 3832.61
4011 3750.15 856.928
4012 3903.68 2595.14
4013 3153.22 1511.55
4014 462.478 3566.89
4015 3269.09 1185.86
4016 1304.41 3014.49
4017 3316.22 237.582
4018 4109.49 2569.96
4019 2359.44 3536.63
4020 594.261 3077.87
4021 3434.72 425.604
4022 2251.2 1232.89
4023 2539.35 4058.89
4024 3117.94 783.265
4025 2570.8 1492.91
4026 3797.55 68.2546
4027 1936.03 1760.17
4028 996.422 557.995
4029 770.52 3144.15
4030 653.68 2931.38
4031 2172.07 4114.78
4032 2653.2 1818.68
4033 3260.5 1852.18
4034 2046.39 731.835
4035 2221.39 463.801
4036 2644.58 3325.91
4037 3480.05 1893.19
4038 2924.69 537.647
4039 3809.72 372.938
4040 1187.66 3936.67
4041 3359.98 2846.69
4042 2065 1906.18
4043 3285.1 3837.91
4044 1843 1574.69
4045 2914.67 779.864
4046 1262.37 1003.14
4047 808.101 3212.23
4048 3506.95 2084.73
4049 2127.24 3183.82
4050 3191.81 4103.65
4051 2818.83 474.388
4052 3300.23 1930.7
4053 3169.31 3341.41
4054 556.284 1669.11
4055 2769.74 3361.39
4056 3632.58 1609.4
4057 111.549 3165.82
4058 644.82 3217.9
4059 2453.69 868.866
4060 3723.35 621.276
4061 2949.83 1442.57
4062 1226.43 1607.15
4063 4284.53 4254.83
4064 2733.08 1936.79
4065 389.279 3689.78
4066 2874.45 2051.71
4067 636.307 1267.31
4068 3647.97 192.894
4069 952.68 69.441
4070 2881.65 4129.49
4071 3871.29 3123.87
4072 1500.21 2059.71
4073 2274.44 2820.52
4074 3980.16 1716.45
4075 645.193 3009.98
4076 225.43 2658.8
4077 2813.72 1143.95
4078 3678.85 4071.65
4079 968.922 250.848
4080 817.82 2229.74
4081 2264.45 3130.54
4082 932.239 144.283
4083 308.374 3526.32
4084 1248.53 2740.79
4085 2706.81 851.422
4086 3598.48 2744.49
4087 3835.62 1836.11
4088 14.7069 414.91
4089 2434.07 1585.49
4090 849.092 1285.97
4091 2731.17 924.639
4092 2879.14 2458.76
4093 3195.39 2730.56
4094 3693.08 225.161
4095 3352.84 2790.58
4096 2335.24 590.977
4097 2247.79 3126.08
4098 1797.64 747.098
4099 3748.55 826.808
4100 682.663 2502.34
4101 3227.35 809.396
4102 967.834 2099.18
4103 44.6137 2900.08
4104 3744.05 292.394
4105 1643.69 2691.36
4106 1047.65 2591.12
4107 2858.4 228.187
4108 1681.49 3890.36
4109 2251.23 586.482
4110 1605.79 3795.13
4111 3318.93 4195.2
4112 2125.42 2105.83
4113 3799.85 3720.59
4114 3848.5 2642.89
4115 120.245 892.331
4116 3635.1 3242.37
4117 129.521 3987
4118 1393.6 2281.83
4119 1519.35 897.292
4120 4132.33 818.641
4121 231.526 3487.05
4122 335.872 155.02
4123 1136.06 3308.86
4124 2140.77 577.383
4125 603.909 420.58
4126 1097.37 2472.91
4127 504.316 1478.16
4128 3508.46 922.363
4129 2068.28 3220
4130 1352.12 2565.53
4131 3793.54 3744.88
4132 2397.7 4267.17
4133 714.527 2736.12
4134 2023.63 2475.44
4135 3492.25 1535.96
4136 1259.39 2149.45
4137 1304.74 542.07
4138 2010.87 2679.86
4139 3894.35 2955.62
4140 2545.24 2129.67
4141 3880.32 3653.67
4142 2737.31 344.221
4143 4204.55 1779.42
4144 2400.94 1986.98
4145 765.79 2404.97
4146 1519.24 311.215
4147 782.982 732.942
4148 3829.16 591.813
4149 3819.72 3404.58
4150 1030.64 2963.51
4151 1569.38 3036.23
4152 2362.72 4075.09
4153 1739.86 325.133
4154 1524.09 3553.27
4155 1650.21 1460.43
4156 2452.86 1520.89
4157 927.841 2175.59
4158 1688.59 1065.68
4159 851.342 150.629
4160 1411.42 562.127
4161 122.001 544.586
4162 1213.41 3515.87
4163 3035.96 3541.52
4164 2530.2 1696.22
4165 2404.27 954.155
4166 1447.01 1100.7
4167 3065.71 1064.82
4168 3368.08 2297.48
4169 3145.08 2304.11
4170 1436.21 2168.89
4171 3435.28 3483.82
4172 1299.47 1949.07
4173 4113.23 1424.12
4174 1605.89 2320.96
4175 3211.15 2134.02
4176 1293.34 990.05
4177 4235.7 626.869
4178 2198.2 3855.18
4179 1662.5 2663.31
4180 4160.77 39.4173
4181 3592.91 2182.79
4182 1971.47 3098.41
4183 638.857 1472.92
4184 1013.04 3438.7
4185 3316.21 1898.87
4186 1511.57 3997.51
4187 1258.86 1339.14
4188 408.809 2789.76
4189 3282.88 2076.85
4190 2510.9 3704.8
4191 1682.44 3291.43
4192 950.7 3703.38
4193 2969.33 2561.79
4194 803.161 4021.52
4195 4132 1467.25
4196 313.239 2065.48
4197 3730.4 3131.63
4198 824.857 1366.69
4199 3980.94 1369.39
4200 1806.59 926.296
4201 614.354 1447.97
4202 90.3207 1977.15
4203 349.579 2410.54
4204 121.128 3309.09
4205 578.397 354.172
4206 264.563 2565.23
4207 410.118 345.37
4208 77.6037 333.889
4209 3954.77 933.177
4210 4294.18 853.629
4211 1414.43 2837.69
4212 3243.51 2633.8
4213 459.083 3998.3
4214 4063.36 3751.27
4215 723.051 4287.5
4216 1995.03 210.022
4217 643.658 3282.14
4218 2236.85 4015.61
4219 3856.07 2610.93
4220 791.901 2629.71
4221 2591.19 1877
4222 993.209 902.274
4223 2013.37 803.612
4224 1265.75 2239.45
4225 1478.24 3167.97
4226 1013.1 2843.73
4227 165.652 3612.5
4228 1047.82 3445.36
4229 1172.95 3368.3
4230 3763.42 2659.82
4231 3529.92 315.795
4232 2569.18 298.18
4233 417.315 1054.51
4234 799.34 2271.68
4235 1118.07 1553.36
4236 2589.67 1087.7
4237 2606.01 3690.6
4238 2731.73 3277.14
4239 1453.93 146.99
4240 3451.24 3934.74
4241 1032.04 1829.17
4242 824.672 1732.65
4243 2299.45 2850.03
4244 4148.73 1781.89
4245 2892.43 1934.69
4246 3016.07 2784.79
4247 2051.31 28.8245
4248 863.896 3638.33
4249 2907.43 1364.53
4250 2007.98 4020
4251 3240.7 4019.02
4252 235.316 1634.25
4253 909.523 4179.65
4254 3699.3 687.415
4255 877.054 3343.69
4256 1512.62 364.746
4257 247.103 1652.71
4258 1462.22 380.947
4259 846.079 3236.89
4260 1494.13 4105.25
4261 162.49 4271.4
4262 3591.12 2975.26
4263 530.724 1998.11
4264 2232.5 45.6394
4265 1320.27 1773.91
4266 4060.41 2455.87
4267 3176.97 1824.16
4268 3627.75 2169.29
4269 4169.54 4115.14
4270 2854.19 2843.59
4271 2047.69 3074.97
4272 1383 2286.43
4273 709.815 3097.72
4274 871.658 2738.85
4275 1891.77 2062.42
4276 2566.34 3487.94
4277 421.327 4147.09
4278 347.416 2567.54
4279 1498.18 4283.1
4280 2898.28 435.209
4281 1146.88 3926.38
4282 2124.66 4232.6
4283 230.599 418.43
4284 1227.33 4275.3
4285 327.403 480.025
4286 1653.43 1202.13
4287 374.887 76.5253
4288 2831.23 2396.55
4289 158.812 1066.92
4290 4085.79 1258.5
4291 3656.03 1600.4
4292 1308.36 3448.26
4293 2649.71 2878.65
4294 874.704 1782.06
4295 3279.27 2407.53
4296 2422.37 3755.43
4297 3827.32 3533.88
4298 722.071 970.662
4299 1597.24 1183.34
4300 1490.72 3995.83
4301 2317.53 739.243
4302 1598.96 534.869
4303 2693.74 3509.63
4304 3337.71 2725.21
4305 728.006 1080.58
4306 3426.78 776.454
4307 2019.49 2865.7
4308 2631.92 4010.01
4309 3473.11 1082.54
4310 3204.03 2529.24
4311 2578.2 625.199
4312 2656.73 4139.98
4313 901.106 2254.36
4314 696.465 1463.31
4315 186.592 240.301
4316 521.851 2059.56
4317 4057.96 3902.26
4318 2919.6 888.045
4319 2010.38 1245.38
4320 2289.23 1709.11
4321 1876.09 3962.66
4322 2304.84 607.727
4323 1196.74 3120.33
4324 2367.99 3627.7
4325 4154.68 2973.52
4326 3518.56 3713.76
4327 3252.23 3666.27
4328 2316.27 776.27
4329 2336.16 4236.6
4330 1859.42 1728.62
4331 1858.09 1005.07
4332 3663.95 739.8
4333 398.499 2788.32
4334 2715.42 1406.56
4335 4240.39 2269.13
4336 1228.9 1860.54
4337 1671.32 442.735
4338 1152.84 1693.81
4339 168.431 1407.83
4340 4190.56 728.815
4341 491.182 2734.58
4342 3021.56 2923.49
4343 1649.98 812.631
4344 3469.01 494.273
4345 3329.48 2610.62
4346 1184.81 4205.05
4347 3450.74 330.345
4348 3037.34 2562.95
4349 253.284 4180.86
4350 279.045 609.775
4351 4238.86 2209.15
4352 2225.25 176.684
4353 3893.1 4176.72
4354 2693.97 1952.06
4355 227.569 1463.29
4356 581.1 285.01
4357 1327.75 2632.04
4358 611.233 2218.81
4359 3813.63 1474.16
4360 4134.92 638.934
4361 3716.4 1893.41
4362 1803.49 3428.5
4363 2656.32 2465.34
4364 836.616 2236.56
4365 3975.09 2667.15
4366 2652.18 320.652
4367 281.446 1508.38
4368 3980.99 834.27
4369 354.439 3923.3
4370 2849.39 4107.94
4371 454.937 1653.12
4372 562.737 3881.85
4373 3026.22 837.406
4374 234.197 4219.6
4375 808.935 1466.69
4376 3295 2214.23
4377 1734.05 681.414
4378 2867.79 1192.35
4379 855.519 1397.26
4380 2624.92 26.2923
4381 2152.59 2215.48
4382 1353.84 264.687
4383 1414.91 4002.66
4384 459.713 964.66
4385 263.232 3150.7
4386 894.134 4218.15
4387 1879.57 2636.98
4388 847.871 1044.05
4389 376.59 1923.32
4390 2.73475 722.202
4391 2180.8 2577.04
4392 830.729 4202.49
4393 3814.31 967.309
4394 2763.21 3103.36
4395 268.261 3590.43
4396 3835.79 4183.27
4397 3029.32 782.16
4398 3186.98 2169.67
4399 1874.69 842.804
4400 3947.83 2452.83
4401 4110.11 529.992
4402 1778.9 2778.29
4403 408.89 4232.48
4404 326.092 1922.53
4405 387.833 1135.07
4406 1604.39 3505.09
4407 3852.41 1855.41
4408 2580.87 3549.95
4409 2489.01 1036.99
4410 2758.57 289.322
4411 1273.02 3198.03
4412 625.919 1099.09
4413 1296.57 3440.79
4414 560.857 83.0513
4415 1400.46 9.41749
4416 765.537 3276.59
4417 3752.37 4058.4
4418 1633.82 151.244
4419 1668.04 1872.66
4420 284.827 2163.58
4421 4266.93 2300.16
4422 3154.37 2801.66
4423 1133.71 1699.45
4424 197.523 3467.9
4425 2196.69 2748.41
4426 2997.95 152.994
4427 4199.65 1042.12
4428 17.7585 2578.98
4429 159.751 2992.84
4430 1956.98 191.191
4431 3270.56 211.205
4432 946.943 1369.76
4433 2798.64 175.709
4434 132.916 3566.15
4435 2008.36 4165.63
4436 2781.24 4137.52
4437 2186.86 2226.52
4438 1712.52 1917.24
4439 889.388 4104.74
4440 3598.29 3109.8
4441 2866.77 4016.46
4442 292.04 1319.33
4443 1176.15 1228
4444 3853.45 2654.39
4445 1716.16 2334.22
4446 3206.33 2403.51
4447 2763.39 129.105
4448 2189.6 1836.23
4449 2207.02 16.4976
4450 756.758 1934.18
4451 2983.89 3318.88
4452 2651.2 3417.94
4453 1905.34 3272.85
4454 4090.06 2984.63
4455 1836.5 173.02
4456 152.388 1496.9
4457 1502.2 973.603
4458 1381.1 4080.39
4459 4193.2 246.954
4460 1119.68 2316.29
4461 780.172 2238.62
4462 795.262 993.859
4463 2495.57 2692.4
4464 2371.3 3081.97
4465 2985.3 50.9546
4466 1514.02 2590.54
4467 1309.98 1574.28
4468 1573.74 4109.18
4469 3492.33 2341.84
4470 2025.08 778.645
4471 2624.03 432.212
4472 4058.64 3963.73
4473 3863.2 1065.58
4474 2320.83 734.727
4475 2643.79 2863.47
4476 3327.64 4075.89
4477 4205.27 1219.74
4478 3049.02 1125.41
4479 1819.82 4090.5
4480 3742.61 597.723
4481 1728.01 1642.08
4482 1515.79 1592.96
4483 1388.53 3174.79
4484 3420.93 26.2751
4485 754.051 3898.29
4486 434.493 2833.4
4487 869.981 3245.05
4488 2055.23 3683.99
4489 2713.71 57.4496
4490 1551.06 3442.08
4491 3478.92 3239.52
4492 1446.73 2132.38
4493 1667.81 3089.37
4494 1895.75 3303.6
4495 1647.02 973.763
4496 3110.96 467.645
4497 399.021 989.311
4498 3120.85 3731.43
4499 1055.84 577.992
4500 164.717 86.0615
4501 1264.26 2370.87
4502 3654.54 538.875
4503 759.626 3793.81
4504 3592.6 2887.77
4505 3674.59 1781.38
4506 395.844 82.0124
4507 3494.34 2194.37
4508 1348.5 3320.4
4509 255.671 3780.05
4510 4193.45 3213.61
4511 1546.01 3901.63
4512 1533.29 2414.68
4513 3520.72 1018.17
4514 2349.94 1474.19
4515 1985.89 2355.75
4516 2244.94 3548.36
4517 1457.25 733.717
4518 3724.91 250.051
4519 49.7532 3837.95
4520 1268.8 1392.21
4521 2878.67 1680.33
4522 4145.8 2637.88
4523 1803.86 3396.85
4524 3656.62 1371.43
4525 3571.31 2932.56
4526 2905.46 2416.22
4527 1988.85 2704.66
4528 3137.45 2936.99
4529 2857.94 1451.02
4530 3800.34 1229.64
4531 2579.4 2656.23
4532 1892.73 2794.75
4533 2297.17 436.275
4534 3096.89 3361.85
4535 1450.34 959.733
4536 2956.99 2472.88
4537 338.918 4032.02
4538 3426.52 2111.92
4539 4140.14 2345.39
4540 3464.12 967.558
4541 2022.78 1132.85
4542 144.412 2103.03
4543 99.6801 618.338
4544 115.35 4137.07
4545 662.68 4270.31
4546 4266.9 3076.5
4547 837.696 1637.83
4548 2302.16 2338.75
4549 2839.42 3365.13
4550 2545.14 1319.82
4551 1932.12 3716.33
4552 1489.94 354.796
4553 2972.11 2239.67
4554 3924.76 4203.89
4555 1170.38 1718.23
4556 1320.09 4115
4557 4155.59 221.154
4558 456.174 3494.34
4559 963.36 1447.02
4560 3267.48 4149.36
4561 1857.54 1499.26
4562 254.173 3353.45
4563 4101.65 2429.05
4564 4241.12 3419.96
4565 3748.36 2152.36
4566 253.956 877.645
4567 1722.49 3059.19
4568 808.466 633.644
4569 3274.51 1061.39
4570 3010.75 937.364
4571 3944.97 513.873
4572 2623.3 1507.37
4573 3336.74 1940.23
4574 3437.6 3853.63
4575 900.368 2855.45
4576 2187.65 2840.57
4577 4171.6 4223.36
4578 959.703 3282.94
4579 1670.09 921.128
4580 1439.51 1479.09
4581 669.672 929.506
4582 4197.93 1983.03
4583 1499.26 1489
4584 3926.55 258.12
4585 1853.86 1536.07
4586 4260.81 784.462
4587 468.534 2538.23
4588 1209.66 523.614
4589 1429.21 1105.44
4590 1237.29 2845.51
4591 3712.02 3771.41
4592 2202.44 355.732
4593 343.604 1373.27
4594 2644.06 898.414
4595 3553.88 341.478
4596 2476.86 395.857
4597 1550.55 2851.34
4598 4112.57 2162.95
4599 2639.63 1373.21
4600 1228.67 322.773
4601 3444.07 773.904
4602 1792.31 2273.14
4603 1362.58 912.398
4604 2992.54 4136.64
4605 3443.41 246.479
4606 784.639 2870.94
4607 3613.6 1093.51
4608 2322.84 3384.96
4609 3379.34 2316.49
4610 1155.46 4120.62
4611 1359.58 798.313
4612 3195.25 1504.85
4613 3244 3621.38
4614 1059.09 3908.86
4615 1923.32 993.311
4616 1419.34 3742.85
4617 1642.65 281.138
4618 3255.52 2894.29
4619 3229.11 3389.27
4620 3831.1 619.353
4621 426.516 4078.46
4622 1047.03 642.764
4623 1299.33 1522.09
4624 2408.56 1890.09
4625 3698.12 2923.61
4626 423.395 994.909
4627 645.546 1481.48
4628 2165.67 1560.17
4629 1959.36 92.957
4630 3130.91 2763.83
4631 4255.67 1500.14
4632 444.741 128.909
4633 1418.83 3857.62
4634 2423.43 1364.69
4635 3898.92 2633.66
4636 4215.87 3708.67
4637 3556.6 1476.59
4638 3259.33 85.0492
4639 3135.66 3217.49
4640 3095 3652.13
4641 49.0683 1912.58
4642 80.1273 3480.23
4643 2964.99 2294.39
4644 3048.63 1265.95
4645 2839.47 2594.94
4646 15.8021 1932.49
4647 1531.2 3546.78
4648 3670.89 1365.4
4649 4148.89 1106.64
4650 1862.03 1148.4
4651 647.298 1270.2
4652 1834 3818.66
4653 3645.89 1339.59
4654 1374.87 499.99
4655 1117.2 179.562
4656 153.356 3062.84
4657 1601.49 3102.72
4658 3890.78 666.407
4659 1079.11 241.116
4660 2070.01 3989.37
4661 2790.73 3784.3
4662 983.845 4214.1
4663 926.708 3749.05
4664 734.063 868.831
4665 2053.32 2317.5
4666 100.238 69.4069
4667 2709.6 4245.3
4668 1062.89 3965.11
4669 1206.67 397.078
4670 3935.13 690.665
4671 3460.75 3174.43
4672 1103.17 853.38
4673 2609.87 3363.24
4674 3832.95 710.363
4675 2950.7 2518.86
4676 2528.75 2241.09
4677 2489.22 1027.44
4678 3276.34 1048.23
4679 1756.6 1087.47
4680 942.392 599.597
4681 3210.73 3887.81
4682 3236.28 2580.53
4683 1428.65 1908.02
4684 2523.4 2017.7
4685 3856.77 204.244
4686 2630.94 577.416
4687 1086.7 3892.52
4688 977.671 481.191
4689 4013.15 2929.75
4690 122.301 3920.69
4691 3973.44 1843.52
4692 1755.97 1199.96
4693 914.284 2833.48
4694 1522.85 478.152
4695 3221.17 2403.82
4696 1678.99 218.472
4697 3055.35 2805.85
4698 3187.85 346.293
4699 1475.38 1529.41
4700 2055.39 2953.24
4701 1703.43 1390.61
4702 3260.86 2920.47
4703 3285.39 3482.55
4704 2532.06 32.8294
4705 1272.73 1757.01
4706 3792.57 3203.17
4707 1880.69 2471.71
4708 4030.86 701.47
4709 283.702 3038.49
4710 35.3679 3833.39
4711 520.867 3646.78
4712 3819.35 1339.23
4713 1522.9 871.277
4714 2052.04 529.193
4715 2152.42 3106.6
4716 3571.65 4097.34
4717 4150.58 1344.7
4718 3.04516 2030.04
4719 1744.31 2635.46
4720 3300.75 131.784
4721 3254.69 535.898
4722 3151.51 134.543
4723 2780.58 2443.77
4724 623.298 1672.5
4725 3184.21 2494.3
4726 611.837 682.316
4727 2738.33 35.3306
4728 2324.53 332.234
4729 401.551 1229.85
4730 631.112 2486.91
4731 1133.93 1747.54
4732 1119.81 3313.8
4733 418.633 2867.77
4734 2346.71 2547.46
4735 181.12 2812.58
4736 2548.01 377.625
4737 625.93 920.882
4738 133.7 1988.42
4739 3849.77 2180.77
4740 2782.38 610.599
4741 3543.58 3676.17
4742 106.268 2696.69
4743 3855.49 3165.58
4744 417.671 2588.04
4745 2787.58 2922.41
4746 1949.83 660.955
4747 1777.64 3354.55
4748 2583.51 3255.34
4749 3283.2 3106.58
4750 2840.88 222.133
4751 2079.18 1096.01
4752 3606.23 269.287
4753 1196.46 3174.44
4754 3654.5 2581.17
4755 2246.31 2225.63
4756 68.6004 928.319
4757 3518.8 4071.99
4758 389.994 1114.46
4759 4125.91 1651.58
4760 669.981 3847.04
4761 2400.5 3914.97
4762 369.486 3826.52
4763 852.898 476.533
4764 3176.96 2471.45
4765 875.06 3474.21
4766 2761.97 1463.69
4767 2783.89 71.4816
4768 3129.39 730.016
4769 2368.2 3007.11
4770 2900.87 477.466
4771 3616.97 1903.22
4772 1851.19 166.065
4773 342.285 2645.93
4774 1124.77 1474.65
4775 1988.48 3303.63
4776 2406.12 3318.07
4777 2250.99 1358.33
4778 3887.51 2946.53
4779 1714.02 2042.68
4780 2866.74 1992.2
4781 88.3035 2350.19
4782 103.395 1351.2
4783 3586.59 3959.98
4784 3419.87 4075.79
4785 650.452 3053.22
4786 4167.46 42.8181
4787 1479.74 1090.21
4788 3128.9 1014.88
4789 3048.08 1825.54
4790 3000.28 1955.88
4791 3712.98 2391.73
4792 348.832 169.75
4793 2812.13 508.526
4794 1036.78 1144.6
4795 1785.13 279.496
4796 3712.27 1251.85
4797 726.424 3780.6
4798 3597.48 3498.42
4799 2276.89 3386.06
4800 3988.66 1514.56
4801 3108.32 779.953
4802 3725.87 224.586
4803 641.445 2783.36
4804 4080.49 932.447
4805 146.259 33.1727
4806 2405.02 3384.07
4807 3541.12 523.209
4808 1954.41 4086.99
4809 3274.3 398.301
4810 2631.69 4203.2
4811 1942.62 1284.7
4812 1903.52 2751.91
4813 1184.56 2579.83
4814 1715.26 3794.73
4815 465.424 3789.63
4816 1193.54 1218.17
4817 3179.38 820.074
4818 3235.63 2147.05
4819 1091.09 879.6
4820 3496.07 340.133
4821 3826.4 900.845
4822 4094.76 3692.81
4823 3730.75 724.543
4824 3793.95 1890.71
4825 3182.31 967.965
4826 3696.26 3706.62
4827 2970.23 1918.75
4828 30.6272 4002.81
4829 2932.87 686.28
4830 3642.53 1010
4831 4248.83 837.942
4832 3700.06 1678.23
4833 2219.99 1656.58
4834 899.358 1229.13
4835 3808.21 2134.22
4836 141.455 207.805
4837 2367.97 4274.92
4838 2150.19 3522.16
4839 2447.55 1408.66
4840 36.341 3536.77
4841 3639.62 2552.71
4842 2646.04 1036.17
4843 2294.53 954.441
4844 1636.31 864.845
4845 780.38 2043.32
4846 947.66 2242.94
4847 984.546 1348.01
4848 2388.91 1198.02
4849 1505.45 2089.53
4850 1338.45 2311.17
4851 3666.49 2944.87
4852 3910.39 324.308
4853 2514.7 1961.87
4854 2151.49 156.316
4855 3988.32 2620.06
4856 2718.65 411.677
4857 3199.4 1442.35
4858 2477.28 3939.47
4859 2029.67 344.694
4860 1840.85 3649.39
4861 2867.76 3359.95
4862 3291.44 4283.99
4863 3088.38 638.153
4864 3069.19 1847.1
4865 673.159 3504.36
4866 1265.58 3853.7
4867 1756.86 2429.38
4868 3546.45 2367.98
4869 2538.67 1568.51
4870 2902.05 3889.18
4871 3364 965.934
4872 3383.28 1460.2
4873 1223.68 4282.91
4874 905.466 2509.35
4875 1371.14 3886.07
4876 2864.35 1543.69
4877 2696.55 465.709
4878 2687.27 3527.99
4879 1981.44 2684.75
4880 1555.69 2403.96
4881 1103.06 3022.08
4882 1441.33 1245.99
4883 3858.56 1836.84
4884 1848.69 1045.8
4885 4134.49 1428.94
4886 2768.97 2276.21
4887 2128.15 1763.68
4888 1752 2460.37
4889 1691.2 175.234
4890 3275.96 4295.84
4891 3177.72 1727.99
4892 3839.53 1190.88
4893 484.748 1258.32
4894 2048.29 702.056
4895 17.2481 2446.86
4896 869.952 2163.14
4897 207.725 557.646
4898 3053.19 1416.27
4899 2037.97 1458.66
4900 3370.36 2561.36
4901 3870.57 1962.89
4902 1563.7 3210.48
4903 2315.1 1815.73
4904 766.275 2259.82
4905 153.11 119.856
4906 2601 1924.23
4907 3486.15 3488.71
4908 1200.5 4286.6
4909 1199.37 1293.7
4910 34.0813 2405.42
4911 885.631 1067.75
4912 2908.33 3689.42
4913 3630.41 3294.71
4914 3197.51 635.43
4915 1617.67 788.866
4916 2489.55 2090.79
4917 1095.98 3734.05
4918 1608.24 816.89
4919 1904.91 3877.88
4920 271.067 3182.57
4921 1516.18 13.489
4922 2888 1712.84
4923 2547.84 3025.01
4924 4009.56 2746.13
4925 3383.78 3852.71
4926 3556.43 2654.9
4927 875.372 2930.92
4928 1536.06 3021.18
4929 2084.85 2744.28
4930 2311.78 1256.21
4931 2975.65 150.601
4932 2262.48 526.997
4933 3787.9 1731.5
4934 2638.53 1616.54
4935 4107.29 365.217
4936 1995.57 2237.28
4937 1844.31 3127.98
4938 602.417 4169.76
4939 4275.83 129.66
4940 2915.07 4242.28
4941 2459.93 366.103
4942 3255.55 3427.14
4943 3762.38 1258.14
4944 1335.43 2695.39
4945 4188.92 2226.59
4946 3333.75 3443.61
4947 1137.65 2170.01
4948 1438.04 3340.15
4949 3600.06 2033.58
4950 3975.8 2452.04
4951 3913.13 423.096
4952 321.248 3881.24
4953 597.463 218.083
4954 3536.77 3278.61
4955 3673.03 2976.99
4956 3284.93 2527.45
4957 1154.47 147.504
4958 362.65 2032.83
4959 2645.66 4190.03
4960 1980.58 921.963
4961 296.596 2136.01
4962 3874 1067.97
4963 4175.28 4295.92
4964 2066.61 408.024
4965 3706.48 2571.67
4966 1390.87 2991.15
4967 3466.97 2595.33
4968 4183.87 72.7258
4969 973.619 2303.15
4970 725.57 1713.44
4971 4245.07 752.271
4972 3389.15 3880.67
4973 1236.75 1082.96
4974 51.8133 387.692
4975 1580.96 3217.71
4976 534.411 829.033
4977 550.511 2030.51
4978 1140.69 1967.77
4979 2469 2661.04
4980 31.1434 2599.12
4981 4183.47 2290.9
4982 4130.19 1678.31
4983 3886.92 4239
4984 242.379 1446.82
4985 422.586 3487.38
4986 1633.26 626.433
4987 203.418 4053.24
4988 2591.93 3297.18
4989 1749.31 1097.89
4990 3779.01 3166.79
4991 638.921 2715.09
4992 2835.52 3196.34
4993 2697.55 2337.94
4994 2721.87 559.687
4995 1706.04 2118.28
4996 1152.08 757.369
4997 4104.81 1744.93
4998 3523.98 683.865
4999 1655.94 2061.26
5000 3818.63 2398.21
5001 526.379 2087.36
5002 1355.24 2000.23
5003 48.9001 1617.08
5004 1647.95 3212.67
5005 2774.18 3579.78
5006 901.017 585.3
5007 137.842 2995.21
5008 3657.65 564.353
5009 3593.81 52.4992
5010 3514.31 1358.32
5011 2376.52 779.939
5012 34.3137 1026.13
5013 1569.04 2428.32
5014 1031.52 3974.61
5015 2164.44 1090.39
5016 477.616 414.427
5017 1273.09 3281.04
5018 3101.5 980.619
5019 1629.34 602.424
5020 731.407 463.866
5021 1962.49 2819.18
5022 1181.47 2565
5023 1530.41 2983.25
5024 3805.9 3264.37
5025 396.483 4241.87
5026 1735.01 544.486
5027 3910.95 2479.08
5028 3650.7 3900.59
5029 1510.2 482.375
5030 2463.91 2920.16
5031 3431.94 3702.37
5032 3476.93 2131.07
5033 3674.9 811.714
5034 980.028 173.566
5035 482.601 3932.02
5036 1648.7 1010.4
5037 4050.71 4013.09
5038 4257.44 3422.79
5039 17.8996 194.007
5040 1841.03 2515.1
5041 200.999 1536.65
5042 112.717 1124.11
5043 2671.24 1409.13
5044 456.883 1043.23
5045 2913.31 277.403
5046 3914.04 2419.65
5047 3334.3 747.501
5048 541.963 633.074
5049 1301.77 1889.93
5050 316.008 1602.06
5051 857.664 569.803
5052 3657.95 1962.14
5053 220.937 1230.45
5054 3119.96 162.465
5055 4165.77 1194.68
5056 2161.39 315.136
5057 4023.77 120.448
5058 3861.13 2884.57
5059 4195.14 905.933
5060 1044.64 471.267
5061 2585.94 2765.55
5062 2477.42 2680.41
5063 3899.5 1934.65
5064 2872.94 2271.03
5065 2850.25 3126.87
5066 1173.72 699.26
5067 820.814 3724.04
5068 3146.75 400.807
5069 558.338 960.303
5070 1057.67 3931.28
5071 974.98 3103.13
5072 745.117 116.038
5073 2755.13 1147.63
5074 3941.7 2181.8
5075 1675.1 86.9801
5076 2208.13 2966.7
5077 1241.05 3156.61
5078 28.3769 3326.79
5079 1955.51 3967.44
5080 3379.25 4246
5081 2886.45 3944.13
5082 2435.51 1237.21
5083 700.672 1817.62
5084 2428.13 898.585
5085 2061.23 4215.89
5086 1725.7 3520.02
5087 865.144 41.1358
5088 1105.93 2282.54
5089 3967 193.451
5090 1174.84 2176.07
5091 455.691 1364.1
5092 238.945 2683.91
5093 3005.32 1243.35
5094 3336.34 3404.84
5095 2636.34 842.416
5096 150.559 1711.66
5097 3956.46 1095.87
5098 3285.28 2864.98
5099 2076.86 3582.3
5100 489.906 2293.93
5101 2123.94 3828.91
5102 114.678 1804.72
5103 359.24 3148.26
5104 3896.47 257.013
5105 3869.52 442.389
5106 952.936 476.807
5107 4201.51 697.549
5108 1634.63 1036.16
5109 63.8108 387.828
5110 1598.55 3514.89
5111 2072.75 1058.08
5112 365.697 819.534
5113 1562.94 3171.82
5114 3331.38 1160.01
5115 561.81 3982.4
5116 242.362 3539.16
5117 3260.93 3963.6
5118 3932.05 2554.11
5119 1314.18 2721.61
5120 3879.26 342.191
5121 1317.21 3616.6
5122 3407.12 656.635
5123 296.203 857.17
5124 2964.48 818.042
5125 3087.71 4055.69
5126 1195.7 397.625
5127 2515.45 700.507
5128 797.011 1817.94
5129 1514.79 4128.91
5130 271.071 483.799
5131 1101.03 1641.99
5132 2269.92 3583.72
5133 538.508 3567.39
5134 178.812 1859.24
5135 745.653 3721.91
5136 2100.51 259.589
5137 3185.2 449.487
5138 3236.76 1006.88
5139 2314.54 453.641
5140 2995.99 845.356
5141 2340.24 467.642
5142 142.872 4227.13
5143 1909.07 325.531
5144 1223.25 32.9525
5145 216.063 1471.11
5146 1134.49 431.71
5147 4159.73 911.55
5148 351.107 4141.19
5149 3933.56 959.904
5150 4156.48 2009.12
5151 3305.24 3616.73
5152 3725.02 715.729
5153 1332.9 3029.51
5154 229.197 2352.49
5155 2753.62 3541.16
5156 171.878 1717.74
5157 3781.6 749.238
5158 4064.96 375.67
5159 4137.07 3454.84
5160 1043.47 1814
5161 73.9716 704.416
5162 1182.91 1550.93
5163 2656.66 264.333
5164 1746.65 3283.62
5165 3967.49 35.1215
5166 1376.27 3341.78
5167 3233.53 1619.9
5168 293.484 1974.89
5169 1844.45 1992.73
5170 4056.47 1200.94
5171 4003.85 2681.78
5172 205.31 1639.58
5173 370.477 2570.11
5174 1228.21 2654.26
5175 1319.72 1397.99
5176 2170.8 2277.74
5177 641.277 1333.72
5178 4191.27 2535.24
5179 4234.97 691.819
5180 2847.97 3280.99
5181 463.073 2064.02
5182 3589.41 2383.15
5183 1434.75 3824.1
5184 2344.17 1918.51
5185 3048.54 1325.53
5186 1502.07 4113.13
5187 3805.2 852.609
5188 4060.55 3914.81
5189 3396.94 1010.12
5190 3476.19 790.384
5191 2698.43 2898.4
5192 246.872 1440.89
5193 2224.28 3199.22
5194 3877.54 4259.48
5195 2491.2 382.024
5196 3802.54 3672.77
5197 3793.26 3935.3
5198 3371.52 4119.7
5199 3890.49 2613.37
5200 2058.12 466.721
5201 3630.88 343.503
5202 246.906 902.821
5203 3736.62 1777.11
5204 4081.15 2179.42
5205 3794.84 1851.18
5206 2458.6 325.583
5207 3846.26 4297.34
5208 2803.32 1481.75
5209 4237.97 2690.26
5210 2757.55 3743.77
5211 225.875 3371.45
5212 324.666 2788.55
5213 975.604 2427.46
5214 3701.39 1557.98
5215 991.455 1198.7
5216 962.331 3189.58
5217 2351.06 3887.29
5218 2950.24 3975.32
5219 648.545 3812.48
5220 2381.65 680.096
5221 3224.66 155.303
5222 2529.76 1441.38
5223 61.1518 1786.56
5224 3576.03 265.521
5225 2411.39 3736.21
5226 4286.88 3398.04
5227 176.257 2337.85
5228 3460 3581.68
5229 2514.35 387.486
5230 1955.61 3066.96
5231 3100.33 432.221
5232 2387.4 1899
5233 1729.06 2124.07
5234 4189.05 3666.06
5235 3779.02 4217.1
5236 2008.52 3328.99
5237 1818.28 4212.71
5238 366.643 1779.78
5239 573.413 3844.45
5240 664.606 3630.01
5241 3446.43 1446.71
5242 3648.32 263.168
5243 986.105 1289.92
5244 973.707 925.842
5245 761.852 2661.98
5246 2572.18 2578.89
5247 1778.04 2907.75
5248 746.812 1331.61
5249 991.16 2019.25
5250 3179.98 3633.39
5251 2416.09 3013.04
5252 1905.04 2149.31
5253 3375.23 3017.7
5254 2232.35 1677.04
5255 40.1771 3298.11
5256 3223.38 2380.91
5257 3551.57 3921.86
5258 3467.09 837.814
5259 324.274 1045.16
5260 3267.6 446.581
5261 540.605 1946.85
5262 1248.01 1336.75
5263 1217.47 449.15
5264 4270.77 3156.12
5265 2701.03 1581.62
5266 2321.24 817.446
5267 1044.09 79.099
5268 3297.56 2989.23
5269 2610.34 255.88
5270 8.88861 337.456
5271 2241.95 550.767
5272 2382.12 2503.85
5273 3815.84 2182.98
5274 3195.7 4189.37
5275 3561.27 259.346
5276 1678.37 721.733
5277 871.917 2228.57
5278 4082.62 3993.41
5279 791.567 4215.89
5280 69.404 3872.03
5281 4019.63 4228.47
5282 2150.97 2010.16
5283 3786.31 3300.17
5284 2667.94 249.223
5285 3732.97 1330.34
5286 2387.91 3251.89
5287 797.974 1782.25
5288 239.438 1809.32
5289 967.78 3149.09
5290 1204.43 1825.99
5291 753.025 102.229
5292 2657.95 1177.24
5293 515.564 2159.68
5294 1454.19 843.13
5295 2641.04 473.95
5296 4049.11 3300.38
5297 96.8028 658.993
5298 2158.7 1088.55
5299 2165.11 2011.5
5300 1005.73 608.456
5301 298.176 2681.28
5302 706.99 1570.15
5303 3720.79 1802.07
5304 3153.14 3863.93
5305 2975.2 684.988
5306 1281.7 161.053
5307 4190.81 2290.2
5308 2634.58 3933.07
5309 3106.06 3242.31
5310 410.874 4141.57
5311 1454.68 1307.97
5312 2716.5 3540.28
5313 1238.12 655.392
5314 962.711 2859.22
5315 3075.27 4021.19
5316 3057.55 3789.4
5317 3008.21 1245.56
5318 2221.38 2753.77
5319 2816.68 3233.37
5320 4210.87 2480.15
5321 668.143 1678.33
5322 3130.03 1926.43
5323 3203.82 4068.4
5324 963.492 2779.58
5325 1021.19 4291.05
5326 1235.29 887.998
5327 1931.81 1279.49
5328 3305.24 1917.83
5329 1007.03 3993.93
5330 2854.7 2269.28
5331 3200.66 4273.31
5332 3629.55 4047.88
5333 924.216 215.196
5334 636.95 136.805
5335 2239.83 3260.3
5336 4272.79 2733.11
5337 1791.28 1654.35
5338 2628.29 1273.52
5339 4214.6 3010.1
5340 3882.76 2927.05
5341 3249.07 2563.47
5342 2679.36 2666.91
5343 466.302 1422.75
5344 2180.36 3733.67
5345 654.052 1335.27
5346 1551.12 4227.12
5347 1715.12 3762.99
5348 223.164 3618.3
5349 2518.65 1714.17
5350 3665.52 2042.46
5351 3655.81 1164.91
5352 1392.66 1091.63
5353 3389.84 3611.5
5354 1042.33 724.357
5355 2620.9 4208.61
5356 3287.2 1547.31
5357 718.849 2392.58
5358 1833.8 393.994
5359 1108.85 656.564
5360 898.122 624.545
5361 2600.72 3893.36
5362 4035.65 2864.17
5363 4180.41 4076.92
5364 1094.3 1229.88
5365 2302.6 3804.97
5366 4065.95 2057.98
5367 1240.4 2294.51
5368 3178.44 3086.78
5369 1186.82 4294.4
5370 409.79 4168.3
5371 3637.32 3801.07
5372 394.621 4146.17
5373 1789.13 2595.57
5374 3412.13 2810.95
5375 511.384 2300.23
5376 2607.99 156.648
5377 1552.46 2989.76
5378 1226.32 3898.12
5379 1063.65 1925.23
5380 4077.53 901.773
5381 2647.59 4235.32
5382 4112.55 970.047
5383 2247.22 1892.51
5384 3912.59 3102.41
5385 4149.79 688.161
5386 359.24 2092.6
5387 480.268 4270.18
5388 4228.43 3115.17
5389 2154.53 420.026
5390 1893.4 1826.61
5391 2766.31 4003.35
5392 3892.04 550.731
5393 811.137 3745.48
5394 2500.22 1772.88
5395 705.491 1259.28
5396 3799.42 1126.33
5397 1145.94 2540.27
5398 3012.23 633.271
5399 1622.38 3676.29
5400 2486.03 221.791
5401 2175.49 842.621
5402 184.809 2448.38
5403 1856.49 3110.94
5404 380.903 3160.88
5405 4214.04 137.541
5406 263.211 2093.61
5407 4254.85 2329.82
5408 3077.34 141.833
5409 3959.85 2854.08
5410 2518.84 414.106
5411 1267.12 1607.75
5412 3979.65 1508.14
5413 344.059 878.687
5414 1660.03 4204.68
5415 1341.36 1145.38
5416 3150.42 3442.38
5417 1569.41 896.867
5418 1294.84 2420.33
5419 919.604 3152.28
5420 610.496 2844.68
5421 928.808 434.983
5422 426.122 516.109
5423 2755.7 2166.38
5424 119.271 3198.03
5425 3841.06 2624.42
5426 11.9818 4203.72
5427 248.068 1235.49
5428 3929.15 552.512
5429 1457.04 1744.41
5430 444.934 1212.33
5431 2496.96 2500.84
5432 243.04 3800.62
5433 407.168 117.166
5434 2965.75 2380.99
5435 1731.69 496.448
5436 1846.36 3199.31
5437 4072.31 1585.42
5438 3777.62 80.0843
5439 1857.43 3479.92
5440 3626.18 3613.3
5441 429.102 985.146
5442 2124.66 604.958
5443 1998.62 1194.11
5444 1099.74 344.644
5445 3547.78 2496.76
5446 1099.86 3004.21
5447 4109.86 1967.02
5448 3.64221 403.198
5449 1142.88 3939.37
5450 85.8698 4266.12
5451 1293.89 66.0554
5452 1566.27 2217.65
5453 1759.77 3788.92
5454 889.064 2411.87
5455 954.618 2593.4
5456 1776.67 1458.49
5457 353.649 1096.78
5458 1424.67 3071.06
5459 731.775 4008.71
5460 3813.6 846.862
5461 3993.88 1019.35
5462 2124.04 34.5061
5463 3890.44 1288.35
5464 2067.14 753.863
5465 752.119 409.988
5466 3418.43 4.4425
5467 2890.14 560.956
5468 2243.83 906.083
5469 2757.98 1676.23
5470 2556.38 4249.89
5471 1780.63 2951.15
5472 902.644 2866.5
5473 412.862 3146.21
5474 3719.59 1841.16
5475 3830 1369.35
5476 1115.33 3248.57
5477 1849.36 3705.51
5478 3525.19 22.2453
5479 3319.99 4065.03
5480 2877.66 2062.12
5481 4196.79 3222.03
5482 4148.42 4103.38
5483 3772.81 243.488
5484 2612.54 3737.97
5485 1370.97 1912.04
5486 4145.97 325.773
5487 771.381 2434.51
5488 3418.5 3952.57
5489 2290.6 2713.49
5490 3337.56 2554.39
5491 2605.74 2219.05
5492 820.256 3418.04
5493 3012.67 3813.1
5494 3458.93 3980.41
5495 2445.45 1259.81
5496 3090.78 4230.48
5497 2661.55 3171.57
5498 478.318 3419.09
5499 726.174 857.581
5500 2045.6 255.362
5501 1503.37 1340.74
5502 1557.07 1327.97
5503 3623.03 439.909
5504 3402.87 203.398
5505 2894.71 2832.98
5506 285.375 1767.26
5507 936.312 4114.96
5508 435.792 1704.98
5509 755.316 1332.32
5510 1643.4 770.525
5511 4209.23 2699.96
5512 259.117 3212.13
5513 3794.8 2312.91
5514 718.344 445.48
5515 1442.26 2714.22
5516 588.926 172.143
5517 38.5221 3292.1
5518 3373.21 4276.33
5519 1240.29 2068.43
5520 888.552 3172.53
5521 338.058 4199.97
5522 1706.84 3855.73
5523 204.981 2430.57
5524 3394.52 1887.76
5525 2889.98 455.458
5526 633.816 2522.83
5527 2951.38 3848.38
5528 745.313 1543.44
5529 3509.04 2733.07
5530 1348.09 755.594
5531 666.873 2368.82
5532 2986.31 363.898
5533 3030.38 3024
5534 2045.85 3542.03
5535 1736.46 3271.06
5536 117.736 1420.97
5537 4105.81 68.1124
5538 2941.24 1199.12
5539 2494.12 3451.09
5540 3812.75 1045.64
5541 1998.48 2161.75
5542 1821.66 4002.84
5543 1552.92 1668.33
5544 2457.26 1723.51
5545 1422.97 3446.74
5546 34.095 4238.94
5547 3135.27 3154.54
5548 3163.9 237.581
5549 4250.58 288.256
5550 852.849 1385.01
5551 2815.16 2786.27
5552 4297.56 1337.09
5553 3266.6 1157.62
5554 1995.63 2362.22
5555 3283.72 2764.82
5556 961.588 3304.34
5557 70.3616 1263.08
5558 2443.74 1930.91
5559 2884.73 2727.58
5560 1301.21 2996.77
5561 2397.52 3786.33
5562 2217.3 2217.23
5563 399.769 886.388
5564 950.578 96.5798
5565 2571.22 1232.64
5566 2267.39 2631.65
5567 796.617 201.007
5568 377.666 59.0095
5569 3471.83 1740.35
5570 890.312 3635.47
5571 1254.48 1599.9
5572 2189.81 4174.3
5573 247.501 1083.85
5574 4244.08 1745.21
5575 2235.92 4013.89
5576 4277.98 1140.19
5577 3614.2 1194.57
5578 2043.21 643.143
5579 1345.2 1626.6
5580 387.651 3662.11
5581 338.398 2908.1
5582 764.567 1666.85
5583 575.614 1255.54
5584 3243.66 1531.1
5585 2431.99 1365.84
5586 3277.43 2774.46
5587 538.642 539.918
5588 752.731 4187.41
5589 3754.97 3237.16
5590 1239.31 3745.6
5591 2467.29 75.1998
5592 679.583 861.278
5593 1786.06 2552.87
5594 201.96 3493.8
5595 2560.52 1896.5
5596 3747.78 1872.09
5597 250.65 2304.26
5598 745.356 2567.62
5599 2323.5 2308.66
5600 2992.4 4204.49
5601 3000.28 69.6638
5602 2692.93 4116.03
5603 1326.83 1227.27
5604 3287.83 209.765
5605 1378.92 2716.7
5606 774.918 2986.15
5607 2687.49 4076.45
5608 2816.37 3348.23
5609 167.831 3219.01
5610 2010.6 862.064
5611 1480.94 3101.91
5612 1612.77 4268.66
5613 2547.02 4219.03
5614 3494.66 1284.49
5615 1650.76 3283.72
5616 2873.66 3777.1
5617 1627.68 2979.19
5618 2262.68 2360.94
5619 3156.22 3681.71
5620 3384.31 3069.69
5621 2757.05 2880.97
5622 53.8045 1256.46
5623 17.729 3568.73
5624 3093.92 1085.82
5625 4243.1 1903.6
5626 2977.12 822.141
5627 2039.84 3051.92
5628 4078.09 2161.03
5629 3136.76 3176.16
5630 727.228 1786.64
5631 2493.11 4176.08
5632 1203.43 3578.61
5633 1205.88 2692.49
5634 895.226 568.337
5635 4198.57 2173.43
5636 495.805 832.155
5637 2493.11 1550.46
5638 2393.59 905.105
5639 98.6196 38.2959
5640 3814.47 3990.75
5641 461.349 3589.1
5642 651.762 506.226
5643 3928.62 899.25
5644 3811.53 3769.61
5645 3794.86 3045.54
5646 3865.68 1878.95
5647 707.71 261.131
5648 1186.09 1589.66
5649 3699.82 1210.6
5650 581.995 2196.38
5651 741.096 563.707
5652 2966.8 2460.54
5653 245.825 1555.88
5654 3469.77 3156.02
5655 548.313 2715.09
5656 2025.97 22.2103
5657 671.996 735.12
5658 3203.11 3404.16
5659 3977.95 2153.55
5660 3984.32 183.928
5661 350.73 3412.01
5662 2203.71 280.449
5663 1689.55 1309.08
5664 2702.21 642.776
5665 2306.72 2986.27
5666 970.631 1367.55
5667 1775.42 2667.94
5668 4109.44 2131.76
5669 4192.62 2031.18
5670 3560.43 4089.36
5671 1459.73 4027.81
5672 3866.72 2881.4
5673 3056.55 151.088
5674 1336.54 2838.69
5675 329.332 4004.35
5676 3066.03 2522.83
5677 3171.18 1954.88
5678 1073.13 2977
5679 1892.2 420.337
5680 559.313 1740.11
5681 2469.03 3977.84
5682 2759.36 1357.25
5683 4019.5 4105.04
5684 3241.16 115.394
5685 3559.06 1455.36
5686 3759.91 601.193
5687 2893.55 2157.23
5688 2577.15 3899.21
5689 626.886 318.101
5690 4197.47 1874.24
5691 591.237 2360.99
5692 3009.09 1815.98
5693 628.671 3478.99
5694 3062.27 1032.41
5695 1519.74 1437.83
5696 1227.82 1838.65
5697 584.437 45.4206
5698 4048.14 180.982
5699 2565.8 2897.84
5700 2183.96 501.648
5701 708.693 2742.77
5702 3599.88 2148.3
5703 991.781 3679.3
5704 3780.77 3116.07
5705 3015.09 1893.48
5706 2173.68 3097.06
5707 897.312 210.952
5708 3629.12 3482.49
5709 1168.21 98.0587
5710 3161.82 1231.33
5711 1611.4 3759.3
5712 1044.06 1682.85
5713 1944.33 3416.61
5714 4156.79 3713.66
5715 2640.75 3253.62
5716 1978.77 1182.4
5717 3968.29 106.069
5718 2900.52 1033.46
5719 2086.29 3328.49
5720 2183.81 1028.25
5721 2589.92 1409.17
5722 2028.61 3147.34
5723 3878.28 2815.38
5724 3349.13 4086.15
5725 399.029 785.79
5726 1702.27 4080.84
5727 2360.98 2152.2
5728 4254.93 3465.18
5729 118.515 1380.42
5730 1803.27 1148.02
5731 679.328 3931.48
5732 27.1542 2474.01
5733 1765.22 1742.78
5734 1073.38 2768.42
5735 255.364 2769.46
5736 485.336 3484.35
5737 2444.87 1784.45
5738 75.5401 2083.18
5739 3170.14 3313.91
5740 569.206 4105.03
5741 1638.89 3052.39
5742 1985.23 7.1284
5743 351.642 1175.77
5744 2295.54 1477.9
5745 756.728 3968.76
5746 602.406 2440.78
5747 802.664 3492.28
5748 500.57 795.758
5749 1449.2 2434.77
5750 3906.29 2387.8
5751 1217.17 3305.62
5752 2434.96 1636.25
5753 1440.95 3263.86
5754 2888.67 244.336
5755 2233.42 2159.14
5756 1092.69 2093.1
5757 3655.01 3451.35
5758 2181.9 2585.88
5759 1868.02 2756.45
5760 611.802 3210.89
5761 4274.04 2779.05
5762 3798.87 3075.52
5763 2484.8 3114.1
5764 4195.91 1349.52
5765 3667.96 1404.25
5766 2295.36 1846.47
5767 2659.75 744.562
5768 1833.81 1694.58
5769 686.745 222.664
5770 3730.73 25.8528
5771 3796.68 1082.91
5772 676.805 2188.52
5773 1503.48 216.414
5774 1618.1 991.448
5775 137.595 534.093
5776 3706.09 1834.63
5777 1272.84 690.82
5778 3418.38 42.0201
5779 1177.51 3247.52
5780 3909.5 3364.48
5781 2804.27 2900.09
5782 3046.38 2640.19
5783 588.893 1531.38
5784 4232.24 972.023
5785 1910.67 2433.46
5786 1898.68 3867.12
5787 3097.41 4048.82
5788 3492.35 3251.79
5789 3911.98 889.11
5790 1910.23 2949.59
5791 952.612 3487.04
5792 185.902 636.368
5793 4219.8 2172.41
5794 2558.27 3638.22
5795 2909.41 3810.19
5796 2979.68 90.0373
5797 2399.61 1481.67
5798 220.886 1013.44
5799 1044.88 1988.25
5800 218.52 273.606
5801 1048.55 4224.52
5802 1791.29 2126.45
5803 162.216 1431.93
5804 1837.29 2512.15
5805 3642.56 3806.68
5806 465.042 3329.47
5807 21.3243 1478
5808 2971.57 3641.88
5809 2143.5 1191.86
5810 151.548 392.435
5811 841.871 1889.24
5812 3776.64 532.258
5813 1787.92 9.77027
5814 347.662 4044.08
5815 1020.56 1537.45
5816 136.26 2908.95
5817 1171.78 4089.73
5818 197.804 3299.75
5819 4172.1 2338.22
5820 3883.95 3208.36
5821 1258.14 2580.36
5822 1564.61 2402.64
5823 1183.99 3144.79
5824 3730.22 1697.75
5825 3190.8 82.0514
5826 760.099 2221.22
5827 2922.92 2764.25
5828 3693.55 656.466
5829 1875.26 2303.21
5830 3471.37 2524.95
5831 183.74 2781.14
5832 3124.62 2325.47
5833 3261.06 1336.4
5834 1301.21 655.823
5835 1577.56 2372.57
5836 418.51 1574.04
5837 768.642 2428.82
5838 3372.27 233.644
5839 1837.7 1014.3
5840 35.0391 118.699
5841 929.98 1222.04
5842 3805.39 1783.92
5843 624.719 3095.11
5844 2654.68 447.238
5845 1889.34 152.256
5846 2829.64 348.665
5847 1573.17 2484.15
5848 1927.16 4052.4
5849 1401.33 4236.5
5850 1088.87 3983.85
5851 3504.59 2916.12
5852 2850.88 426.941
5853 2243.46 2556.9
5854 2661.31 1851.46
5855 1090.5 1665.69
5856 3120.69 2298.24
5857 3784.49 1009.41
5858 390.483 551.026
5859 2718.12 1387.08
5860 2358.1 2989.33
5861 1715.28 864.189
5862 1917.47 1803.92
5863 2878.17 1855.07
5864 2168.6 2140.24
5865 1497.94 2357.33
5866 1438.73 1705.74
5867 841.489 1142.04
5868 2674.53 2254.01
5869 1339.32 60.5084
5870 1730.22 859.929
5871 3637.13 1555.56
5872 2709.72 283.019
5873 2014.5 73.4109
5874 3455.27 4216.09
5875 2046.47 728.931
5876 2529.05 209.232
5877 3915.42 1844.96
5878 1711.35 2326.18
5879 2610.11 99.0325
5880 2832.16 2332.06
5881 2779.69 51.6345
5882 949.641 4185.09
5883 1826.48 4262.13
5884 3262.59 374.587
5885 536.942 1860.38
5886 1637.87 2509.89
5887 1498.39 2910.97
5888 3575.2 1732.29
5889 693.064 2977.92
5890 42.6036 3786.75
5891 2623.05 2882.83
5892 1301.03 3405.29
5893 2879.58 2665.79
5894 46.8998 664.592
5895 1881.19 3542.09
5896 2184.02 2911.39
5897 352.77 966.73
5898 886.295 1500.82
5899 2974.01 1585.85
5900 2761.85 1231.72
5901 994.173 2522.57
5902 2851.27 165.882
5903 2051.37 112.419
5904 690.047 1310.18
5905 1364.63 2539.44
5906 3539.2 31.509
5907 3808.14 1166.77
5908 1376.47 1694.8
5909 712.012 2607.91
5910 551.766 3844.51
5911 249.947 3561.58
5912 332.986 3444.63
5913 967.211 558.398
5914 2490.55 1604.82
5915 2143.66 3149.99
5916 1597.51 2613.56
5917 3080.61 3055.71
5918 3448.22 2067.78
5919 4080.28 3545.65
5920 2306.64 2683.88
5921 3661.49 1607.51
5922 784.338 1209.64
5923 3882.71 2327.19
5924 3568.65 2433.19
5925 1663.87 669.086
5926 245.482 1048.19
5927 3296.36 2654.13
5928 1816.33 3136.84
5929 2063.46 4141.3
5930 2967.18 1593.33
5931 1802.73 3413.37
5932 590.766 3722.05
5933 4008.34 2086.48
5934 2625.13 78.0096
5935 1535.41 1274.82
5936 223.555 3641.73
5937 4053.7 1351.65
5938 2309.87 2267.31
5939 2809.46 3676.49
5940 3930.09 3349.3
5941 3585.67 1875.09
5942 3530.44 4276.11
5943 120.216 3613.36
5944 1116.96 4010.37
5945 1474.79 1809.87
5946 2153.25 1014.68
5947 1632.84 3829.28
5948 1226.76 3699.1
5949 327.778 3542.4
5950 571.541 1405.51
5951 198.892 2158.52
5952 1885.02 3162.61
5953 1944.51 1898.15
5954 383.963 4114.39
5955 688.309 2388.71
5956 2075.23 180.243
5957 1572.89 3393.59
5958 1863.47 3528.86
5959 2590.86 1155.31
5960 2158.17 3976.69
5961 1636.2 224.561
5962 3626.08 3280.48
5963 3740.32 2199.78
5964 3888.62 2442.31
5965 2451.87 2582.02
5966 440.229 544.747
5967 1027.8 4219.55
5968 127.337 1157.17
5969 679.602 247.577
5970 1804.81 2344.9
5971 607.416 3778.75
5972 2702.57 1147.94
5973 3748.27 515.74
5974 1300.23 3046.71
5975 1830.16 3339.62
5976 2138.52 2026.13
5977 208.68 1507.28
5978 1808.82 1466.75
5979 2615.31 50.7302
5980 3139.33 3562.04
5981 1184.67 4245.81
5982 3825.6 1830.49
5983 3199.53 3692.5
5984 3644.33 2776.63
5985 3752.77 2318.74
5986 1585.61 2839.43
5987 3901.19 2339.2
5988 1402.9 2366.86
5989 3745.69 1162.37
5990 2739.9 3598.56
5991 4066.22 2536.41
5992 2330.55 3588.89
5993 1151.45 1496.36
5994 3778.84 1677.14
5995 2472.82 2456.21
5996 383.586 209.906
5997 503.575 3691.94
5998 4207.99 952.936
5999 435.424 1173.41
6000 2768.17 2687.72
6001 669.25 99.0699
6002 344.125 2539.33
6003 3795.63 1576.97
6004 2819.58 3879.77
6005 2466.78 3556.93
6006 1767.77 4240.2
6007 2975.64 1863.38
6008 2828.32 2171.61
6009 177.224 1391.62
6010 1135.14 919.224
6011 2444.33 1362.07
6012 1997.19 3397.75
6013 522.681 185.979
6014 3529.76 2452.86
6015 1689.45 3493.9
6016 777.758 201.039
6017 2031.02 1533.62
6018 3518.16 306.273
6019 1893.05 1000.59
6020 3910.97 2039.86
6021 2031.89 1673.63
6022 874.83 3171.05
6023 3058.08 2324.55
6024 2523.45 2574.37
6025 2885.46 120.208
6026 3514.41 3322.76
6027 1483.01 3523.91
6028 2325.03 2134
6029 492.154 736.513
6030 2083.6 4048.89
6031 2375.04 1661.27
6032 667.939 1110.24
6033 4053.9 3066.08
6034 1905.23 889.231
6035 2715.06 1897.82
6036 2424.82 1057.16
6037 3179.45 2329.99
6038 3378.83 1422.24
6039 2119.7 312.042
6040 2033.63 4038.81
6041 1556.51 3428.4
6042 3245.26 1558.62
6043 2459.06 1782.52
6044 1696.94 3120.54
6045 3245.3 4179.86
6046 199.372 3915.01
6047 1726.09 941.585
6048 3574.14 2337.26
6049 2677.53 3399.14
6050 3758.06 2568.66
6051 3168.48 1624.31
6052 1088.47 3130.35
6053 1395.29 1257.9
6054 1038.96 1628.3
6055 267.051 1854.57
6056 3622.6 3146.5
6057 2785.16 131.403
6058 1250.46 3769.31
6059 3350.9 1369.22
6060 2217.55 2868.32
6061 212.199 972.022
6062 3477.28 3574.16
6063 3823.61 3482.91
6064 1055.45 901.15
6065 720.378 1924.42
6066 695.966 225.358
6067 1987.52 2511.58
6068 837.841 446.998
6069 637.339 3220.37
6070 1448.33 598.701
6071 797.419 110.965
6072 3006.23 2534.18
6073 1772.35 2111.77
6074 3067.62 2035.95
6075 3976.72 3870.84
6076 854.357 2564.88
6077 2658.74 1790.33
6078 1483.02 3291.32
6079 10.6656 2455.26
6080 3419.78 1016.38
6081 4169.6 3569.69
6082 1512.41 3425.29
6083 2356.56 1685.33
6084 1653 3985.03
6085 2881.46 4183.98
6086 4256.88 2575.85
6087 1677.44 2918.4
6088 3957.04 4062.18
6089 339.516 999.736
6090 60.5999 4097.63
6091 199.847 2755.2
6092 3425.96 342.266
6093 2971.31 3018.94
6094 1723.47 1260.56
6095 2317.68 448.841
6096 2116.87 3421.53
6097 3658.08 2716.83
6098 3389.73 2274.96
6099 3207.67 1947.77
6100 3988.02 3946.36
6101 1431.04 600.027
6102 522.645 2963.03
6103 1153.8 3484.2
6104 336.609 2072.67
6105 3880.16 1163.06
6106 2302.05 2254.46
6107 887.759 715.284
6108 1500.36 1742.06
6109 1224.6 2113.78
6110 3676.68 1138.77
6111 2116.57 1122.52
6112 348.332 283.392
6113 4045.69 16.3449
6114 966.692 4037.09
6115 2045.52 3646.85
6116 2610.02 2359.88
6117 2603.43 983.158
6118 1283.14 4198.31
6119 1759.49 2331.25
6120 3706.51 275.596
6121 3585.28 494.734
6122 3263.07 2955.41
6123 1705.18 3121.83
6124 1146.24 621.909
6125 634.464 1378.48
6126 640.845 927.823
6127 598.832 1257.12
6128 1720.91 2500.4
6129 1650.46 2045.47
6130 1583.43 1053.85
6131 3944.99 1206.65
6132 3713.97 1627.43
6133 3872.27 3435.06
6134 2014.19 2327.76
6135 1418.08 3683.22
6136 12.7579 58.0476
6137 3204.22 2330.49
6138 3630 2554.92
6139 2119.93 1559.44
6140 1701.78 658.681
6141 558.513 4179.88
6142 2195.43 317.208
6143 2748.34 2796.96
6144 296.934 3887.52
6145 815.743 1583.59
6146 2740.61 4098.21
6147 2884.96 2454.45
6148 2205.43 1393.62
6149 2426.55 805.948
6150 4282.89 3790.7
6151 1702.36 91.5637
6152 394.062 241.168
6153 849.544 3809.73
6154 2066.1 1117.92
6155 1094.8 3987.19
6156 2262.44 1561.08
6157 187.802 1550.29
6158 2770.39 754.602
6159 3453.7 1108.57
6160 3808.39 3421.91
6161 3228.77 3540.58
6162 4132.15 1982.09
6163 1638.18 2729.36
6164 1083 2304.04
6165 1739.62 1473.2
6166 3082.28 2386.55
6167 58.769 1317.92
6168 1501.52 3519.75
6169 1563.5 3982.86
6170 4205.59 1830.25
6171 3476.15 312.941
6172 1043.29 3020.5
6173 2556.42 2277.91
6174 2290.09 1091.4
6175 2420.17 3204.52
6176 1583.3 2474.08
6177 148.016 478.18
6178 282.288 3481.38
6179 3550.3 911.773
6180 9.63081 57.5741
6181 3138.32 3886.49
6182 840.558 2619.75
6183 378.66 2989.56
6184 1340.18 3423.37
6185 2010.2 1756.16
6186 1663.12 1576.37
6187 2072.93 315.987
6188 570.131 1449.22
6189 887.396 158.395
6190 2432.17 1877.42
6191 2201.16 2620.03
6192 3003.17 3123.67
6193 1720.45 352.203
6194 2754.22 4000.67
6195 275.259 3745.76
6196 1211.36 2666.72
6197 2261.44 1325.84
6198 929.99 2583.41
6199 1444.91 2782.11
6200 2870.36 942.447
6201 2820.26 582.025
6202 1531.8 1957.8
6203 1956.45 2577.5
6204 2813.44 3611.83
6205 2792.23 274.536
6206 4277.21 2165.79
6207 2890.3 1220.58
6208 153.851 4079.14
6209 2967.05 3283.36
6210 3032.48 2849.18
6211 988.526 1587.63
6212 2838.82 2480.57
6213 1931.32 1651.82
6214 988.928 3845.54
6215 3465.76 2647.55
6216 710.219 1580.78
6217 2871.05 1766.42
6218 3864.34 242.487
6219 3870.56 873.441
6220 3395.82 2604.41
6221 3957.93 656.505
6222 577.044 1522.96
6223 1940.77 3122.55
6224 2781.81 87.8043
6225 2543.54 331.068
6226 677.5 4234.87
6227 2345.71 124.755
6228 3987.88 3144.49
6229 3353.33 3536.85
6230 2729.08 2629.85
6231 2541.2 2735.69
6232 2946.11 1743.23
6233 3413.92 2047.72
6234 3439.29 297.638
6235 1467.01 1642.45
6236 3045.91 3372.3
6237 743.244 2666.42
6238 1432.87 1186.75
6239 3307.18 1203.71
6240 3419.1 2120.14
6241 1317.77 1686.39
6242 3570.56 1733.05
6243 1981.48 1107.52
6244 2222.12 3866.88
6245 2052.13 1158.85
6246 1813 4018.45
6247 3798.59 2509.09
6248 2991.75 3314.6
6249 1759.34 1046.28
6250 1204.54 2612.95
6251 4202.2 3441.77
6252 1576.35 3098.41
6253 731.681 1448.02
6254 3919.82 4186.59
6255 2137.61 2224.76
6256 3336.23 2831.87
6257 2351.63 2018.33
6258 4031.16 3409.96
6259 972.237 3063.93
6260 970.606 2050.18
6261 2138.66 1375.39
6262 1598.64 1273.66
6263 4240.7 1118.17
6264 3617.4 1793.16
6265 1104.2 1088.45
6266 666.752 1052.7
6267 2491.13 903.699
6268 1811.43 1382.78
6269 1829.96 4172.38
6270 837.375 1992.74
6271 31.7768 2479.37
6272 3736.09 2538.93
6273 1871.4 4264.75
6274 2695.51 3613.37
6275 2775.25 2639.56
6276 2699.5 2044.7
6277 198.003 2701.53
6278 978.602 2562.31
6279 1953.83 4144.17
6280 629.216 1942.54
6281 1292.62 2601.92
6282 3530.84 84.382
6283 2892.93 1680.74
6284 3832.06 3477.97
6285 3805.23 2592.8
6286 4074.84 1635.59
6287 2834.67 3029.01
6288 2763.56 3786.59
6289 1700.92 2535.86
6290 2729.49 1592.15
6291 869.705 2656.47
6292 3230.58 4036.9
6293 2744.93 3796.55
6294 426.482 966.994
6295 4023.65 1853.98
6296 2764.71 2578.48
6297 2968.84 3243.36
6298 3180.68 2564.46
6299 1167.22 1326.32
6300 1776.01 1072.17
6301 1826.82 3925.92
6302 2196.62 2149.38
6303 674.022 1116.11
6304 398.921 2774.15
6305 2909.42 3860.42
6306 2388.21 1449.24
6307 2651.54 298.769
6308 3766.73 3701.74
6309 921.507 992.002
6310 987.113 1863.67
6311 909.528 1589.21
6312 946.181 3243.02
6313 2113.77 3399.31
6314 656.117 2592.86
6315 1923.1 2594.61
6316 3686.25 565.189
6317 2517.87 2878.92
6318 1479.76 61.3819
6319 3458.07 4068.04
6320 1267.53 3402.43
6321 8.49799 2272.79
6322 3694.89 4104.84
6323 466.095 2698.87
6324 1057.07 4157.21
6325 275.09 2329.11
6326 2908.22 3192.87
6327 2205.75 588.438
6328 877.975 1800.26
6329 2402.22 1701.37
6330 1297.7 1981.84
6331 100.388 2725.43
6332 600.115 394.359
6333 3808.76 784.678
6334 1958.41 3369.32
6335 2693.84 1597.67
6336 856.599 1965.1
6337 4176.01 1288.67
6338 3344.92 4161.8
6339 2014.57 4.70649
6340 3987.83 2622.33
6341 3387.46 3447.78
6342 2445.9 821.661
6343 2631.77 544.634
6344 1557.76 240.352
6345 3749.52 3714.77
6346 901.061 2357.42
6347 4296.75 2563.49
6348 2262.4 324.704
6349 2490.32 1929.33
6350 1879.72 2441.33
6351 1227.04 2501.58
6352 1372.01 1428.76
6353 276.39 868.236
6354 976.559 1827.23
6355 3038.83 2310.92
6356 228.144 619.317
6357 990.376 3592.71
6358 3667.53 1589.44
6359 123.511 3988.74
6360 4005.51 2730.33
6361 3757.52 4079.49
6362 2622.59 2666.78
6363 2605.29 2518.07
6364 2116.58 2934.19
6365 2245.34 2358.13
6366 1541.93 3940.19
6367 569.572 3828.83
6368 640.063 4154.36
6369 3305.56 1120.54
6370 177.363 188.517
6371 2741.26 525.194
6372 777.364 2942.64
6373 1233.25 1033.3
6374 1164.82 3276.41
6375 2299.2 4064.57
6376 1813.75 32.7699
6377 2024.78 1117.25
6378 2511.81 1930.16
6379 897.921 3361.3
6380 1514.71 1318.39
6381 2346.02 916.536
6382 1110.62 4083.79
6383 4163.38 2093.31
6384 1264.22 3444.47
6385 3379.28 3790.79
6386 4044.3 2052.86
6387 1326.1 837.251
6388 1418.14 3007.99
6389 251.841 1700.34
6390 1578.94 153.595
6391 3969.92 1909.02
6392 2712.68 3355.27
6393 3864.97 1534.73
6394 1159.56 4184.05
6395 435.295 2858.41
6396 2392.78 1377.38
6397 2479.39 2179.11
6398 3721.45 4262.29
6399 1858.4 1439.73
6400 286.927 507.277
6401 4231.6 1420.12
6402 231.371 2125.11
6403 1352.66 2244.9
6404 2907.98 517.164
6405 4154.8 1267.58
6406 2610.72 2443.89
6407 1993.8 1657.96
6408 1442.57 2063.72
6409 3509.73 4261.4
6410 1017.53 3557.6
6411 1141.47 3233.02
6412 2996.31 4078.59
6413 683.097 4094.16
6414 815.917 2278.52
6415 4044.26 4152.98
6416 1084.63 3887.1
6417 989.382 2257
6418 34.9584 3862.18
6419 1586.54 1500.46
6420 585.961 3092.02
6421 125.615 1029.29
6422 2328.65 2242.57
6423 780.107 4121.32
6424 957.691 3953.87
6425 935.308 2962.4
6426 976.889 975.252
6427 617.811 1243.13
6428 535.137 1614.47
6429 1558.79 202.598
6430 3746.8 1495.56
6431 3955.89 2771.45
6432 1451.07 3603.52
6433 3722.61 3722.02
6434 334.23 2582.22
6435 1160.73 1192.66
6436 4198.59 3678.82
6437 799.189 3584.03
6438 4232.68 1544.88
6439 270.844 3802.08
6440 4290.31 1803.74
6441 2392.77 3143.42
6442 804.001 3981.97
6443 1580.31 4030.78
6444 3629.07 3737.43
6445 2579.65 2432.62
6446 4102.36 4066.32
6447 3593.74 356.936
6448 3404.14 1408.61
6449 1605.55 105.006
6450 835.977 3270.75
6451 2744.39 3911.67
6452 4269.37 1192.94
6453 815.526 3165.57
6454 3460.55 1066.09
6455 2372.29 3306.26
6456 1121.63 1889.53
6457 3902.17 1239.56
6458 2176.21 4019.42
6459 933.662 1772.66
6460 2619.66 1803.5
6461 4242.17 474.288
6462 1435.7 3636.24
6463 2182.76 1981.6
6464 2537.92 2496.34
6465 348.193 4276.57
6466 2860.94 350.289
6467 2201.45 4041.54
6468 2081.11 600.805
6469 70.5725 1251.54
6470 3533.58 4207.22
6471 3221.93 2779.79
6472 2573.94 3134.16
6473 34.5799 783.112
6474 1447.59 742.218
6475 3701.49 1873.31
6476 3580.66 636.44
6477 588.839 2511.42
6478 2446.42 4257.03
6479 3289.56 1960.32
6480 4028.92 67.8991
6481 3023.53 2087.92
6482 2424.27 3636.72
6483 627.359 3710.55
6484 1460.49 3540.54
6485 1291.57 227.354
6486 364.786 4101.46
6487 3797.14 1275.05
6488 1332.28 888.094
6489 1072.9 963.352
6490 2996.22 3258
6491 4114.76 3623.9
6492 3766.51 2174.27
6493 68.5929 451.726
6494 3106.83 2482.76
6495 763.413 4189.99
6496 3764.83 4026.43
6497 1881.24 3786.06
6498 1623.72 3122.63
6499 3695.65 2446.9
6500 1157.61 3850.88
6501 2448.34 3269.19
6502 3650.25 153.978
6503 2148.09 1804.43
6504 4293.71 3881.41
6505 830.021 804.896
6506 2462.2 2436.39
6507 224.674 2871.18
6508 2666.88 622.653
6509 2826.93 3747.94
6510 984.237 2101.78
6511 4244.28 3307.9
6512 1048.41 4157.19
6513 2888.33 1529.96
6514 4012.8 3781.87
6515 474.412 1125.81
6516 977.563 363.301
6517 1459.82 1349.16
6518 122.772 1289.73
6519 2438.31 3475.67
6520 669.948 753.442
6521 4065.64 667.278
6522 550.871 3465.35
6523 2324.72 2904.62
6524 1221.35 1810.23
6525 384.247 154.879
6526 4230.89 3818.71
6527 2807.56 2118.77
6528 280.775 3152.31
6529 3600.04 1065.63
6530 615.913 1969.21
6531 3121.16 1722.35
6532 2500.39 2538.98
6533 2247.04 2278.35
6534 2816.08 1723.75
6535 101.553 1244.52
6536 3631.5 142.127
6537 1732.59 4150
6538 302.215 3890.72
6539 207.816 3388.47
6540 2543.22 2838.94
6541 3647.59 270.563
6542 2709.94 509.641
6543 3521.45 1074.35
6544 2721.19 4221.94
6545 631.93 2337.59
6546 1486.96 786.33
6547 1033.21 1352.8
6548 3008.98 4176.28
6549 1292.32 2891.17
6550 2229.26 1393.54
6551 1634.23 1516.42
6552 2159.55 896.513
6553 310.971 149.658
6554 1668.83 1184.56
6555 2279.69 1675.77
6556 1250.14 3926.16
6557 2714.78 1167.78
6558 844.931 446.625
6559 48.7557 1071.96
6560 1830.76 1907.3
6561 2581.6 2130.88
6562 1546.47 3737.19
6563 1853.03 2946.31
6564 2045.27 3107.87
6565 31.6402 1675.31
6566 708.257 3079.56
6567 1712.05 923.766
6568 1707.45 2026.17
6569 1361.91 2250.87
6570 1790.04 1740.25
6571 730.917 3822.23
6572 452.5 2266.8
6573 69.9355 1303.3
6574 1099.31 1519.16
6575 3089.39 2074.96
6576 4260.3 3523.82
6577 3584.63 2528.15
6578 2252.04 2958.08
6579 2805.23 2665.02
6580 984.311 3499.65
6581 3232.1 4030.69
6582 2391.09 2966.64
6583 2008.13 3733.44
6584 2191.75 2220.51
6585 3451.46 2916.44
6586 2246.72 3082.34
6587 434.711 4086.31
6588 3737.68 568.983
6589 1659.46 4070.73
6590 1675.3 4263.65
6591 3667.58 3460.34
6592 3096.84 3695.07
6593 2041.08 209.355
6594 290.624 3389.23
6595 3531.54 3888.36
6596 2324.75 3107.89
6597 1903.39 1277.74
6598 3254.86 2062.35
6599 3075.03 3092.57
6600 3779.2 676.396
6601 526.22 3357.15
6602 1993.84 3652.78
6603 2911.4 4095.84
6604 1741.54 2127
6605 1006.86 3486.28
6606 281.026 537.896
6607 2840.77 2720.56
6608 4194.65 2526.44
6609 683.833 3578.75
6610 1941.69 3680.79
6611 2830.07 2885.26
6612 1876.58 3467.7
6613 2375.6 415.918
6614 3960.44 1017.63
6615 2644.88 1580.74
6616 1520.8 2258.07
6617 1634.53 1042.76
6618 1126.95 1655.17
6619 3022.66 4272.78
6620 334.951 946.057
6621 3295.19 1053.66
6622 537.277 2157.78
6623 994.126 876.647
6624 4201.12 1791.45
6625 501.087 4164.52
6626 1445.16 459.185
6627 822.058 135.342
6628 830.87 693.106
6629 1705.44 1448.93
6630 1640.01 3742.15
6631 448.41 2498.94
6632 2628.78 2436.49
6633 41.1211 2208.71
6634 401.663 369.508
6635 2832.09 2659.48
6636 1019.22 3053.84
6637 1948.65 2927.7
6638 3215.33 3996.89
6639 1449.91 1383.32
6640 1228.91 2200.58
6641 3750.92 1615.25
6642 3335.19 2637.62
6643 68.6875 174.3
6644 986.272 4196.47
6645 2242.2 2871.11
6646 1455.73 2707.28
6647 1651.51 871.867
6648 2023.83 3641.71
6649 4162.66 4248.58
6650 2229.82 2385.12
6651 1762.68 4159.09
6652 2296.55 4025.17
6653 1958.32 886.739
6654 1395.5 198.012
6655 361.645 1645.91
6656 3047.98 3700.89
6657 1387.97 2785.1
6658 1269.13 2630.2
6659 3779.62 1578.01
6660 3494.93 872.07
6661 3527.92 1448.91
6662 2733.66 3925.68
6663 1198.56 2481.55
6664 1675.23 1295.56
6665 274.809 3415.14
6666 1849.41 474.837
6667 187.129 2385.72
6668 3742.48 1350.72
6669 3055.45 562.844
6670 1093.48 1735.03
6671 3200.88 571.55
6672 888.927 2604.04
6673 308.168 2384.43
6674 4115.06 3649.8
6675 529.312 4041.86
6676 2167.11 1569.74
6677 665.936 930.405
6678 1913.35 1043.2
6679 1648.65 136.147
6680 703.719 3248
6681 3170.16 2270.14
6682 1463.93 2352.43
6683 4247.94 4074.87
6684 849.858 2213.01
6685 2657.85 281.858
6686 3651.27 511.342
6687 2074.72 249.173
6688 3909.24 3068.38
6689 1398.64 3977.12
6690 2350.84 4235.01
6691 127.748 3547.35
6692 3353.1 672.122
6693 4223.21 4191.88
6694 2429.08 851.994
6695 3980.43 151.883
6696 3912.19 229.459
6697 1951.79 3650.37
6698 2219.66 4168.94
6699 687.217 2436.05
6700 3999.47 279.008
6701 1826.24 267.44
6702 2904.2 1087.3
6703 3238.61 1181.2
6704 3208.63 3248.46
6705 1354.22 2305.68
6706 250.465 2118.58
6707 3816.75 2641.62
6708 246.734 1350.83
6709 332.711 2948.48
6710 3306.83 2813.07
6711 4031.74 3888.51
6712 3770.15 2996.44
6713 44.1756 3884.26
6714 3661.53 2675.35
6715 764.311 3267.51
6716 265.852 502.907
6717 318.568 3710.4
6718 2216.47 1638.27
6719 596.735 2252.87
6720 1903.43 3972.07
6721 3498.13 2465.7
6722 3324.07 1714.96
6723 1272.94 52.2408
6724 2055.39 1884.4
6725 2587.93 1315.68
6726 2742.19 2546.84
6727 135.981 2217.29
6728 3077.64 2690.58
6729 2936.68 474.229
6730 3672.22 3023.54
6731 49.1476 4109.34
6732 3176.32 3337.71
6733 3312.09 2913.48
6734 4026.92 491.404
6735 875.981 524.865
6736 3759.37 2702.54
6737 25.2256 2246.82
6738 9.61898 3042.09
6739 3753.27 1579
6740 3.18137 64.6933
6741 3852.93 4201.87
6742 3233.22 469.447
6743 1968.38 86.6577
6744 3309.05 90.6695
6745 1186.88 2452.1
6746 3019.65 4259.05
6747 598.505 1632
6748 4026.75 535.982
6749 3112.94 4243.77
6750 4040.58 3242.1
6751 2529.72 2502.29
6752 2416.48 3027.47
6753 3758.73 2964.66
6754 1063.02 722.563
6755 2019.93 2178.93
6756 1098.38 921.238
6757 1082.69 1944.6
6758 2461.53 2993.55
6759 1420.7 3920.7
6760 2398.36 1569.83
6761 3107.67 3726.85
6762 526.756 32.2043
6763 941.774 1075.34
6764 3066.82 3528.9
6765 1294.61 2053.08
6766 3039.69 4263.89
6767 1372.03 3298.88
6768 3193.42 2486.4
6769 2763.9 2789.29
6770 2062.75 1480.03
6771 314.406 2582.43
6772 3640.19 3689.48
6773 833.648 2683.97
6774 1266 3272.78
6775 1363.58 1309.54
6776 3149.93 3399.17
6777 870.333 3321.07
6778 853.628 656.72
6779 3836.93 873.751
6780 866.79 208.131
6781 603.015 31.4568
6782 1008.83 3536.81
6783 1280.2 4196.71
6784 2351.55 282.742
6785 1240.78 908.153
6786 24.181 3418.66
6787 3976.28 1965.83
6788 623.464 584.049
6789 362.268 3794.21
6790 4013.31 674.983
6791 780.892 406.136
6792 4089.8 1531.79
6793 280.92 2723.05
6794 2980.02 372.518
6795 3131.17 2306.95
6796 1142.65 2388.8
6797 1323.17 2633.87
6798 788.126 1308.86
6799 1260.49 3105.55
6800 449.705 1426.64
6801 3594.77 2086.77
6802 1742.6 1255.95
6803 3294.64 867.224
6804 2177.87 1170.08
6805 1312.78 2453.56
6806 1915.56 3898.58
6807 1627.09 3987.39
6808 272.866 2011.95
6809 3419.73 1510.54
6810 1664.85 1077.31
6811 870.378 795.732
6812 2040.8 1165.95
6813 2332.53 292.569
6814 4233.52 2006.35
6815 4224.29 43.9491
6816 2357.17 779.275
6817 2616.42 1545.79
6818 1349.27 1131.24
6819 3049.08 3835.92
6820 1961.17 425.308
6821 3405.05 3801.9
6822 746.679 1350.14
6823 2219.01 271.357
6824 570.378 2885.61
6825 2201.37 22.8898
6826 69.7105 484.282
6827 951.404 4114.42
6828 665.676 2638.46
6829 1746 3924.27
6830 1569.64 3998.26
6831 2124.81 1353.21
6832 524.06 202.487
6833 3416.41 573.03
6834 194.493 618.65
6835 3225.74 3918.49
6836 1561.54 2097.79
6837 3375.22 2034.76
6838 3749.24 4240.84
6839 313.772 485.524
6840 3147.76 2368.58
6841 1581.76 3657.6
6842 4164.58 968.899
6843 991.098 1004.47
6844 3706.74 911.551
6845 1971.38 1308.48
6846 4131.67 3781.87
6847 2636.82 1588.27
6848 3329.98 4253.94
6849 729.784 2034.3
6850 1738.49 536.544
6851 422.338 505.925
6852 1323.34 2220.3
6853 2367.5 3333.05
6854 3721.18 342.026
6855 3424.35 1300.41
6856 3364.42 411.133
6857 1152.32 2442.54
6858 2477.72 1491.17
6859 850.341 3211.98
6860 1798.24 2982.37
6861 1959.06 903.307
6862 3490.62 4111.63
6863 4083.24 182.532
6864 1677.63 679.659
6865 1261.08 3564.03
6866 3450.57 2953.22
6867 3897.1 2093.76
6868 1899.75 2400.89
6869 1905.59 2786.54
6870 1421.97 6.05104
6871 3476.73 2293
6872 3083.96 3145.98
6873 70.1664 740.533
6874 3316.94 3089.76
6875 3785.39 1397.72
6876 2536.36 2603.49
6877 2196.74 2860.56
6878 3229.96 3262.39
6879 1827.73 3795.81
6880 2325.64 283.264
6881 2328.18 2145.25
6882 1204.88 553.946
6883 976.074 3884.6
6884 728.434 703.436
6885 2432.9 3288.66
6886 680.138 766.587
6887 3768.23 796.897
6888 34.6079 2351.1
6889 1026.96 3578.41
6890 876.827 4251.44
6891 2357.09 1514.81
6892 3508.06 3743.75
6893 1228.27 4147.74
6894 1984 1216.02
6895 1923.86 3898.77
6896 3934.32 580.425
6897 1822.08 1457.08
6898 238.208 1858.04
6899 2789.35 1930.12
6900 1612.54 2479.8
6901 3855.29 764.845
6902 3353.57 1077.96
6903 256.768 2644.23
6904 4100.74 2572.27
6905 2603.56 1107.24
6906 3559.87 1634.03
6907 1049.3 1177.23
6908 2541.9 63.4979
6909 724.652 2443.08
6910 390.907 1639.57
6911 4109.46 3071.61
6912 4166.06 9.41067
6913 1933.78 2343.27
6914 1355.55 1758.14
6915 3049.46 3685.99
6916 640.543 221.576
6917 3532.7 402.776
6918 2672.73 263.05
6919 4102.54 319.712
6920 869.78 3031.75
6921 987.13 791.253
6922 3925.09 2579.35
6923 2711.37 3758.84
6924 3328.61 2172.05
6925 4203.9 3301.2
6926 1780.98 2710.53
6927 3043.83 1101.72
6928 577.317 2303.12
6929 3910.98 2266.36
6930 2547.95 89.7196
6931 516.456 3448.35
6932 872.902 1080.53
6933 641.002 90.8412
6934 2916.98 3444.24
6935 681.61 1669.91
6936 583.03 2955.06
6937 3996.06 3619.82
6938 1652.79 965.317
6939 3211.43 3319.26
6940 945.188 2845.04
6941 674.273 1351.5
6942 489.468 2095.37
6943 1074.19 2061.95
6944 3846.43 137.145
6945 3877.53 2447.26
6946 2175.92 2119.72
6947 2620.96 2624.3
6948 2322.39 421.94
6949 3293.44 1036.32
6950 1921.93 2890.58
6951 772.148 1258.34
6952 2229.53 2670.11
6953 1439.95 3699.13
6954 1547.79 61.3257
6955 767.943 1096.5
6956 3488.56 649.696
6957 2799.41 1719.92
6958 766.049 1651.46
6959 3055.72 3101.17
6960 4265.55 404.494
6961 2014.91 4237.91
6962 208.538 4270.98
6963 3442.87 2647.58
6964 2065.22 3092.94
6965 2179.19 2621.08
6966 3498.35 762.094
6967 3421.42 315.186
6968 2532.05 2939.94
6969 1505.4 3379.46
6970 1310.63 2031.69
6971 2573.93 3215.98
6972 172.628 300.658
6973 2595.74 2509.89
6974 924.832 2972.13
6975 975.291 319.466
6976 2870.84 1944.48
6977 2716.17 2740.65
6978 66.0149 3974.51
6979 1266.52 3922.52
6980 1060.54 3304.82
6981 2941.03 2081.24
6982 2310.36 3831.09
6983 2208.65 1242.28
6984 3791.79 3747.94
6985 4016.58 326.297
6986 2359.66 4065.75
6987 1228.03 4002.22
6988 428.969 4247.25
6989 3984.14 268.714
6990 1008.2 1069.59
6991 1350.98 2452.42
6992 740.89 4092.23
6993 741.435 1511.37
6994 1052.15 1916.13
6995 3214.92 1545.41
6996 3684.07 1758.76
6997 1502.4 402.008
6998 2326.07 674.671
6999 1254.73 672.983
7000 788.776 729.047
7001 1786.7 1074.21
7002 3655.73 2440.01
7003 118.264 999.887
7004 1546.7 3990.96
7005 3431.72 260.714
7006 1960.01 3833.09
7007 3538.78 2011.89
7008 605.776 2570.2
7009 1702.5 3607.63
7010 967.453 2108.1
7011 3803.05 1746.04
7012 1583.19 1388.3
7013 4098.32 3248.18
7014 539.213 1218.95
7015 4004.24 1973.74
7016 2927.89 3169.67
7017 2451.25 1002.88
7018 2569.26 1068.26
7019 4007.29 4082.85
7020 159.856 2664.61
7021 1452.59 765.265
7022 3285.54 1901.92
7023 1532.85 2376.52
7024 3973.24 201.288
7025 275.899 576.917
7026 3876.71 3755.47
7027 1057.03 3118.58
7028 1123.41 2183.13
7029 3914.33 1760.5
7030 3108.35 275.986
7031 1889.83 2923.73
7032 2256.44 1600.16
7033 48.811 753.04
7034 4067.17 3764.8
7035 3246.26 3519.4
7036 3701.05 3202.89
7037 2133.17 250.283
7038 117.47 460.503
7039 542.437 1730.56
7040 4057.01 3965.01
7041 1392.78 1307.09
7042 3712.12 1977.84
7043 101.063 4103.94
7044 881.381 1663.81
7045 1652.48 3416.12
7046 1632.11 974.04
7047 441.807 204.727
7048 467.894 1104.34
7049 49.9479 1728.54
7050 3095.57 945.147
7051 1697.69 1193.71
7052 1924.78 3424.9
7053 1756.48 3443.84
7054 2166.69 4012.25
7055 3671.35 1455.64
7056 3162.97 2153.67
7057 1838.26 672.861
7058 2799.63 186.207
7059 4199.81 2741.07
7060 3091.43 1957.73
7061 3113.32 4249.71
7062 600.01 28.1073
7063 4124.72 3940.03
7064 3276.41 3722.29
7065 826.118 3865.62
7066 2168.19 3114.5
7067 648.956 3003.65
7068 249.95 569.118
7069 2642.47 809.853
7070 1790.03 984.721
7071 3576.54 4281.18
7072 3140.51 4039.79
7073 615.021 3091.22
7074 1611.55 1391.56
7075 635.107 670.202
7076 618.484 1856.38
7077 748.03 268.622
7078 1349.31 692.501
7079 2669.06 2141.85
7080 2744.39 3193.29
7081 3766.77 3419.88
7082 3563.74 1872.01
7083 884.676 3743.74
7084 418.139 4145.75
7085 3910.52 1902.44
7086 336.684 2776.48
7087 1913.84 3705.93
7088 3336.83 2351.04
7089 3777.82 1032.82
7090 2967.74 4176.48
7091 1766.52 1595.91
7092 769.903 2386.33
7093 1322.22 1454.41
7094 2323.68 1553.18
7095 2476.29 952.557
7096 506.65 369.8
7097 3995.81 3950.52
7098 4151.91 4125.01
7099 64.8242 1227.16
7100 3072.09 1222.42
7101 3151.78 2697.29
7102 2746.67 3900.56
7103 1196.3 982.021
7104 497.047 514.972
7105 3729.11 3957.83
7106 3897.45 2487.26
7107 2552.66 2902.99
7108 3316.1 1205.27
7109 693.132 1662.87
7110 4248.18 387.134
7111 3689.26 1138.77
7112 1299.72 275.685
7113 3611.23 2300.13
7114 1384.64 2924.27
7115 1265.47 2264.95
7116 3632.76 3284.95
7117 3383.39 294.188
7118 1242.72 3140.74
7119 607.482 4231.83
7120 4168.48 1429.49
7121 618.368 2142.01
7122 4063.86 1667.4
7123 1197.9 2135.02
7124 3809.81 3489.5
7125 1453.47 1994.3
7126 2978.07 2591.56
7127 2608.62 3133.47
7128 3881.82 1005.79
7129 3027.07 498.161
7130 3773.09 3892.01
7131 2695.93 1400.75
7132 3727.45 3979.38
7133 4152.61 4011.76
7134 2942.21 2591.38
7135 126.34 2976.1
7136 1868.7 1678.7
7137 2951.37 3127.65
7138 2493.89 1909.28
7139 4113.39 3810.65
7140 2336.58 2757.42
7141 433.452 226.502
7142 113.203 4109.1
7143 2711.83 449.193
7144 2904.48 3310.8
7145 160.717 2239.4
7146 3130.64 4046.95
7147 2915.76 1526.93
7148 3786.06 2704.64
7149 1576.72 1204.7
7150 479.681 3935.14
7151 3518.7 169.21
7152 1215.61 2704.05
7153 4.11327 1345.08
7154 336.006 84.629
7155 1326.49 583.95
7156 2048.98 2801.19
7157 3503.86 1275.25
7158 27.5922 1645.69
7159 1804.61 3729.28
7160 3251.73 1634.09
7161 2898.94 3994.16
7162 1250.59 286.978
7163 2896.74 2298.28
7164 2659.4 3687.42
7165 460.413 2100.16
7166 523.814 606.599
7167 3702.42 3222.96
7168 2142.22 1001.58
7169 3080.25 1707.26
7170 2383.19 2213.03
7171 859.502 1183.02
7172 1197.47 1440.53
7173 2025.67 3565.43
7174 3338.95 2421.13
7175 1030.61 617.564
7176 1293.78 52.8081
7177 3368.38 1116.47
7178 3800.55 3534.21
7179 1315.47 664.791
7180 2305.12 1143.68
7181 2733.61 3631.08
7182 2870.3 3323.39
7183 94.0779 1503.35
7184 1603.07 3489.52
7185 1533.79 1538.57
7186 257.667 3281.7
7187 638.533 128.666
7188 1714.76 763.987
7189 2421.8 435.301
7190 3584.71 2724.66
7191 78.7278 1885.68
7192 2002.9 2964.27
7193 320.964 3167.4
7194 2992.06 3122.06
7195 647.962 2319.12
7196 1333.82 3587.88
7197 2358.8 338.072
7198 2371.66 2387.42
7199 3886.78 25.7566
7200 1672.9 1061.43
7201 2566.26 2401.03
7202 3566.43 1956.39
7203 582.855 733.843
7204 1333.05 1735.64
7205 351.354 2152.99
7206 4208.61 2447.59
7207 4218.38 498.929
7208 2404.62 2142.14
7209 532.201 134.241
7210 501.86 4204.67
7211 3778.55 3588.36
7212 3042.4 2303.93
7213 2086.82 1521.7
7214 2919.64 617.564
7215 1552.64 544.131
7216 927.872 2521.37
7217 169.568 3436.97
7218 1960.47 3654.52
7219 3174.6 1084.2
7220 2198.16 4223.58
7221 3674.97 2320.88
7222 1529.97 1844.02
7223 878.562 3701.1
7224 2980.47 893.505
7225 1911.08 1390.34
7226 132.041 2064.5
7227 2733.57 1740.6
7228 2499 3966.77
7229 3863.93 3858.7
7230 3908.69 425.999
7231 1328.13 3813.82
7232 2507.36 872.065
7233 2605.63 1239.86
7234 4246.61 3796.65
7235 581.813 3024.87
7236 1210.94 2604.25
7237 3079.78 1414.44
7238 3388 92.9677
7239 2035.6 545.405
7240 2775.28 73.6655
7241 58.6817 2987.66
7242 1770.09 2047.89
7243 341.676 3434.88
7244 2979.83 3037.07
7245 2624.97 270.911
7246 3924.46 281.375
7247 2313.53 2263.52
7248 1526.06 185.634
7249 786.775 2208.69
7250 1460.71 2002.51
7251 1782 3052.97
7252 2100.52 3419.35
7253 3983.58 3575.75
7254 1840.18 4250.1
7255 1263.89 2989.29
7256 2309.8 3829.76
7257 616.852 3604.42
7258 3489.63 271.1
7259 3558.12 3489.05
7260 4209.6 1326.66
7261 4214.67 1007.99
7262 638.153 3920.05
7263 3101.05 251.272
7264 539.326 1877.11
7265 3431.2 517.006
7266 1351.84 1427.21
7267 2282.89 3199.9
7268 3766.96 4207.2
7269 3946.34 659.393
7270 4128.12 3591.49
7271 3490.59 157.922
7272 1998 3090.03
7273 3724.39 583.815
7274 4258.08 1627.85
7275 868.506 1682.71
7276 827.266 191.381
7277 1941.06 1337.65
7278 4210.93 4189.3
7279 3007.47 1749.86
7280 348.33 2123.81
7281 2257 4065.6
7282 1869.71 2994.6
7283 1966.79 3468.15
7284 43.9146 649.836
7285 2171.57 96.5691
7286 3714.73 3572.37
7287 1211.45 2152.25
7288 1863.22 1115.39
7289 2240.58 1117.61
7290 16.4006 849.151
7291 2795.09 4017.88
7292 467.559 2264.23
7293 3655.31 3379.43
7294 386.949 2378.77
7295 3965.1 1486.4
7296 3721.51 4173.31
7297 983.075 1074.65
7298 2898.88 3062.84
7299 2308.2 3020.54
7300 221.9 2786.46
7301 784.596 1741.54
7302 516.025 3131.32
7303 4160.8 811.398
7304 1076.41 3709.64
7305 4146.17 1337
7306 3057.52 3278.91
7307 1721.94 3884.53
7308 1796.49 1093.19
7309 982.901 3819.5
7310 1952.69 2053.99
7311 1659.51 2614.71
7312 1619.45 3327.85
7313 2335.87 4196.65
7314 2269.62 1751.91
7315 3684.24 1442.62
7316 1948.74 51.6775
7317 4104.91 2085.42
7318 2069.66 1731.51
7319 2166.64 1981.1
7320 596.26 1725.09
7321 3120.07 2112.18
7322 1011.81 2361.77
7323 1991.98 3744.25
7324 2667.27 4279.31
7325 3457.23 2935.7
7326 3403.7 319.835
7327 1285.6 1377.32
7328 3014.93 4082.83
7329 226.974 3478.76
7330 593.567 2375.8
7331 4060.32 2246.32
7332 1374.22 1985.92
7333 2208.6 735.936
7334 590.769 2884.11
7335 778.06 4138.84
7336 3925.93 1896.37
7337 4157.29 2340.54
7338 3025.31 4250.87
7339 988.32 1674.14
7340 3312.23 3604.12
7341 777.154 4271.78
7342 3311.47 3869.04
7343 3891.56 696.105
7344 3648.63 3454
7345 2803.52 4065.54
7346 2679.82 1971.4
7347 4213.47 611.074
7348 99.6947 235.501
7349 4101.46 762.111
7350 3143.17 317.207
7351 843.685 2782.91
7352 4296.07 2537.82
7353 4073.15 4293.33
7354 307.91 3668.98
7355 1907.93 2651.75
7356 1366 3434.41
7357 3189.3 3474.46
7358 2547.41 3476.59
7359 4159.96 4093.54
7360 829.801 3858.43
7361 1095.83 3583.29
7362 3428.26 2476.01
7363 1529.05 495.915
7364 3174.89 4208.97
7365 3570.85 2700.94
7366 2462.43 2101.46
7367 400.696 2919.71
7368 2462.97 1346.19
7369 839.018 3754.47
7370 3869.2 12.779
7371 3866.09 2128.58
7372 1092.41 2955.91
7373 4235.08 3116.6
7374 2475.35 3529.93
7375 2075.33 3234.26
7376 3761.03 2508.96
7377 156.037 564.286
7378 1198.98 231.445
7379 1030.35 1187.99
7380 912.744 3321.53
7381 2084.94 1860.48
7382 3939.44 2941.05
7383 3886.48 3231.11
7384 1280.51 3586.76
7385 3953.78 179.979
7386 2992.48 3146.32
7387 131.352 1191.23
7388 3406.01 3728.78
0 1217 49.8137
0 2621 22.9438
0 2974 34.6979
0 6428 86.9149
0 6747 31.3631
1 48 41.3686
1 3696 24.8845
1 4750 40.0785
1 6205 55.1918
2 1892 48.2074
2 2296 31.9578
2 4046 26.4322
2 4176 26.3537
3 180 88.4101
3 3105 82.2689
3 6003 77.0862
3 6393 110.177
4 3907 61.5333
4 4644 66.2946
4 5185 85.6943
4 5710 146.459
4 7100 29.0532
5 3692 37.0167
5 3848 32.1867
5 4341 62.6647
5 6323 20.8666
6 1702 84.4373
6 4122 82.2792
6 6553 89.41
7 748 76.3854
7 3524 83.6743
7 4955 32.0955
7 6730 31.6906
8 667 47.3381
8 3206 52.6926
8 4090 36.2238
9 975 43.6881
9 1193 7.44846
9 3650 29.3145
9 6156 16.7528
10 850 66.128
10 1267 68.4742
10 1805 95.0337
11 1402 13.8317
11 5135 79.6432
11 5393 65.17
12 295 44.9895
12 476 91.2607
12 1740 69.5079
12 3411 99.281
13 1605 40.2856
13 3214 20.5903
13 6673 33.1608
14 1251 56.9313
14 2421 20.9928
14 4799 53.0432
15 2551 98.06
15 4308 91.7235
15 5607 31.1754
16 857 103.544
16 4496 27.6271
16 5137 103.637
16 5231 52.2062
17 505 135.445
17 3436 46.9481
17 5402 85.9089
18 553 77.212
18 3631 54.3467
18 4221 84.4501
18 5854 56.9541
19 1315 106.776
19 3630 57.0914
19 5167 28.3809
19 6051 54.9359
19 7160 48.5538
20 298 20.6744
20 2005 52.057
20 3283 59.1205
20 3887 55.1644
20 6368 44.9581
21 250 42.7644
21 1481 52.1199
21 4948 34.9182
21 6078 70.4197
22 1491 42.183
22 2285 44.6046
22 4135 31.216
22 6809 115.275
23 2073 40.5465
23 3508 120.94
23 5811 53.5133
24 6106 29.5708
24 6422 52.6702
24 7247 28.4552
25 1009 70.9583
25 1529 54.771
25 6490 50.3649
26 1944 27.3379
26 4638 78.9721
26 4720 87.021
26 5221 45.0304
26 5684 14.3916
27 4331 70.648
27 4884 38.5648
27 6678 71.472
28 3418 84.9832
28 3879 17.6443
28 5494 59.1081
29 69 20.0055
29 4862 52.6751
29 4890 61.416
29 6848 71.9256
30 589 57.0304
30 2489 58.6195
30 3433 54.5675
31 3470 51.6883
31 4180 39.6507
31 4786 63.1599
31 4968 43.8932
31 5537 60.3151
32 3167 28.1577
32 5150 91.2995
32 5669 48.557
32 6383 57.8388
33 593 40.8211
33 1870 43.3957
33 2764 133.761
33 3621 24.8494
33 4971 39.1057
34 5459 103.319
34 6413 54.109
34 6992 102.947
35 1532 68.0169
35 3042 70.2431
35 3724 10.5775
35 4431 51.5297
35 5604 55.8948
36 541 77.7009
36 4814 35.8488
36 5347 16.0824
37 2448 49.721
37 6704 53.6325
37 6878 80.3182
38 870 7.38057
38 2651 43.5483
38 4993 93.8361
38 6116 30.0268
39 1922 49.9707
39 2712 100.642
39 6343 110.206
40 1082 141.898
40 4960 85.4186
40 5610 104.201
41 645 85.5159
41 4519 56.7032
41 4710 27.7157
41 5890 46.2195
42 1048 101.585
42 1758 62.7959
42 2558 119.515
43 682 49.3354
43 2850 82.3893
43 4791 58.0086
44 3040 68.6704
44 6215 61.3212
44 6963 63.3522
45 1857 32.0141
45 3006 14.2637
45 5404 79.974
46 1082 73.342
46 4223 29.3176
46 4470 30.1401
46 5464 93.2888
47 4406 36.2404
47 5110 51.7224
47 7045 72.6472
47 7184 28.908
48 1861 36.6023
48 3696 81.4239
48 3870 4.38166
48 4107 50.6275
48 4750 14.0341
48 7058 68.3516
49 1904 95.3971
49 2822 52.3679
49 5143 73.4503
50 567 98.4227
50 1436 77.3209
50 2630 111.046
50 3043 51.429
51 1524 66.6717
51 4531 100.493
51 5061 72.2923
51 6231 52.4237
52 2570 33.3044
52 3269 98.3734
52 5995 9.81301
52 6506 31.3215
53 241 58.7571
53 387 67.1875
53 4448 52.1277
53 5383 53.4708
54 4161 133.586
54 4543 49.8126
54 7284 74.4405
55 731 8.55814
55 3279 24.0419
55 3348 61.6278
56 875 60.8563
56 2921 74.2624
56 5128 47.6718
56 5811 115.982
57 297 102.129
57 889 41.9357
57 4367 94.1742
58 3126 18.0856
58 3801 3.4222
58 4902 70.7887
58 4975 44.6808
59 2805 107.135
59 4164 53.0951
59 5349 88.0402
60 2777 68.8534
60 5680 55.597
60 7039 56.5608
61 237 37.5186
61 2593 70.9353
61 6675 29.7939
62 130 78.3521
62 1030 72.6487
62 1249 46.4624
63 1602 30.2957
63 6161 12.6529
63 7035 67.9475
64 1906 72.7985
64 2958 76.5191
64 3210 127.217
65 2182 80.08
65 5720 73.7935
65 6174 75.0954
65 7289 93.4231
66 1061 31.0135
66 1242 67.3799
66 2487 61.1831
66 5609 50.1971
67 2761 31.8385
67 4641 30.6767
67 7191 41.6595
68 1158 27.145
68 3828 96.4241
68 4477 39.4236
68 5055 37.7106
69 3139 79.5449
69 4862 51.0253
69 4890 77.1918
70 496 46.3925
70 523 1.84015
70 3100 54.091
70 3851 70.5905
71 1497 77.3263
71 2908 75.6373
71 6273 78.4904
72 1143 33.6956
72 2700 64.6424
72 4250 7.7438
72 6040 37.4769
73 1529 57.5682
73 3327 27.4966
73 4451 53.9777
73 6248 25.3055
74 4270 54.6187
74 5781 82.2737
74 6611 33.9028
75 1757 81.6889
75 4014 40.6602
75 5641 60.9307
76 2824 48.7351
76 4286 53.4487
76 4299 93.7879
76 6554 37.2714
77 1317 75.3098
77 3123 36.8061
77 5432 53.5539
78 3656 86.4895
78 3919 95.6143
78 5151 45.4028
78 5353 132.87
78 7340 96.1055
79 1029 5.24571
79 1589 26.221
79 3886 49.9354
79 4112 21.8553
80 218 55.399
80 407 70.5447
80 1277 53.9266
80 5218 17.8298
81 3120 72.3505
81 4478 28.0256
81 6927 86.5971
82 1333 73.0128
82 2654 61.4269
82 5059 48.0514
83 3804 71.9861
83 4779 49.9206
83 4999 57.8393
83 6129 37.9836
83 6568 51.6614
84 661 31.2157
84 1248 82.8819
84 3636 85.4413
85 791 31.9252
85 1429 54.7861
85 3340 88.8283
86 679 62.0526
86 4501 107.256
86 5418 55.6647
87 2935 52.9569
87 4927 11.2951
87 6974 101.855
88 5691 15.7791
88 6545 53.9352
88 6928 96.3364
88 7330 34.3302
89 1892 66.5983
89 2462 57.9681
89 4176 49.54
90 646 49.8229
90 1129 116.882
90 6515 99.8574
91 650 51.3763
91 1851 75.984
91 4065 81.9989
91 6717 62.2091
92 2462 73.3324
92 3071 55.1384
92 3970 97.4458
92 4603 60.9748
93 1218 42.9115
93 3604 97.2209
93 4293 83.3627
93 4475 46.5055
94 530 110.416
94 4969 81.4003
94 6346 66.3436
95 2078 73.2623
95 2196 44.6234
95 4153 54.2433
95 6193 89.4266
96 1508 74.6124
96 5085 114.438
96 6961 58.0088
97 1136 62.0497
97 3029 57.6172
97 5840 36.2978
97 6136 61.3698
97 6180 67.7696
97 6740 80.8488
98 4018 30.6442
98 5991 110.204
98 6904 34.0728
99 512 99.6806
99 4080 65.6067
99 6684 102.162
99 7249 57.1097
100 814 14.8055
100 6133 42.845
100 6160 50.3209
101 2258 9.96795
101 5580 126.807
101 5949 133.312
102 1254 69.0036
102 5710 140.524
102 7219 135.288
103 566 17.5127
103 4051 70.6168
103 5525 34.7813
103 5852 56.9981
104 676 98.1111
104 2706 91.3543
104 2743 111.305
104 4516 87.7343
105 2340 36.7282
105 5659 78.5015
105 5933 78.3083
106 1135 90.5373
106 2293 100.116
106 2649 87.8447
106 7205 74.5786
107 1109 58.5943
107 5281 21.8139
107 6415 112.238
107 7353 114.615
108 829 24.7111
108 4002 8.41137
108 6972 85.0661
109 2730 46.9349
109 4179 50.9014
109 7311 59.4047
110 842 58.6811
110 2803 31.8516
110 3208 37.8673
111 5883 151.571
111 6006 43.8275
111 6590 141.201
112 1595 30.1032
112 2016 42.6903
112 3427 14.6816
112 7028 39.7124
113 2375 64.3507
113 2725 72.4808
113 6269 53.4976
114 2946 41.1687
114 3506 88.1889
114 5973 59.2821
115 2513 102.711
115 3518 90.6245
115 5606 19.1049
116 733 110.167
116 6064 78.4025
116 6623 66.4997
116 6921 104.635
117 1392 56.1965
117 2124 30.935
117 5030 44.5053
118 225 49.1496
118 3045 76.637
118 3625 53.0974
118 4276 69.9835
118 7358 58.4474
119 2260 57.2902
119 2581 96.8392
119 6244 103.28
120 1060 72.5293
120 4024 60.5348
120 4817 58.9345
121 208 58.7422
121 5576 70.8935
121 6263 64.4527
122 1328 68.2713
122 2657 80.1959
122 5160 71.3148
123 1440 64.4666
123 2915 94.6042
123 4173 70.9777
124 4418 77.5894
124 6390 40.2335
124 6429 47.8868
125 444 69.3153
125 4739 84.6372
125 5074 78.4593
125 6929 73.976
126 749 21.4603
126 1416 20.5117
126 3146 69.1661
126 3734 32.081
127 611 65.2873
127 922 49.2001
127 2330 66.7001
127 2369 46.3179
127 3313 51.1772
128 430 63.2399
128 1187 72.8434
128 4460 57.0018
128 5088 24.8293
129 1106 36.637
129 1710 49.3929
129 1983 65.2075
129 5099 65.0264
129 6115 32.6681
130 1530 65.3069
130 4856 54.1314
130 7143 47.6132
131 1250 106.321
131 4056 68.3105
131 4291 92.6999
131 5871 28.0456
132 1334 82.4639
132 4625 63.0565
132 4851 60.2214
133 3812 37.3632
133 3952 114.245
133 6424 46.9758
134 2142 94.8094
134 3703 111.882
134 5390 46.0611
134 5862 121.274
135 158 65.2111
135 2628 71.0488
135 6700 42.2528
135 6985 32.2838
136 3075 43.5506
136 4130 74.6526
136 4357 84.5739
136 6281 25.3665
136 6797 92.7698
137 1879 27.4607
137 2313 102.549
137 5213 109.218
138 911 60.6919
138 2184 81.8043
138 6122 94.7576
139 1782 88.1197
139 4138 43.6842
139 4527 99.9203
139 4929 86.7054
140 1635 36.8871
140 3992 36.2661
140 4961 63.2358
140 7205 38.0026
140 7280 17.1681
141 1321 35.0931
141 5063 87.5251
141 6787 41.9585
142 2086 26.3804
142 3313 53.216
142 5951 10.7093
143 1388 77.0101
143 3557 65.2455
143 6440 53.3929
144 1044 23.4569
144 3361 67.0206
144 4702 71.3276
144 6733 44.8956
145 3430 33.5924
145 5555 46.8391
145 5586 33.4303
145 6710 58.3511
145 2841 47.5208
146 885 50.0541
146 2933 71.395
146 4923 45.8034
147 2099 18.7575
147 4293 50.2083
147 5699 72.2675
147 5891 15.8991
148 3890 87.1668
148 4945 59.6275
148 5635 99.514
149 1965 53.8411
149 4261 61.9266
149 4374 69.1946
149 5142 69.3907
149 6962 51.2941
150 2702 83.6556
150 2852 28.4501
150 3516 59.4969
151 400 12.3466
151 2286 17.9907
151 3289 55.8345
151 3397 32.7758
151 4337 19.6029
152 1882 66.2599
152 2045 107.707
152 3903 48.4953
152 4389 71.7801
152 4404 74.3362
152 5168 53.3099
153 562 8.50924
153 2080 15.5417
153 2728 20.8033
153 7017 56.7692
153 7095 21.7448
154 165 70.5996
154 2112 36.4303
154 4295 91.666
154 7174 10.5853
155 467 67.6954
155 4302 55.3747
155 7215 26.806
156 1568 114.181
156 4928 70.2602
156 6388 91.4479
157 2040 93.6365
157 4257 50.5141
157 5156 79.6183
157 5172 63.6088
157 6389 87.3296
158 2936 52.7032
158 3160 50.4268
158 6700 29.8048
158 6985 47.5832
159 1781 102.344
159 3491 105.861
159 5590 65.1824
159 6058 53.5233
160 6413 136.016
160 6423 62.7074
160 6992 21.7823
160 7335 114.352
161 6102 94.3545
161 6824 56.0294
161 6936 31.4138
161 7334 55.2534
162 2272 120.537
162 6833 103.567
162 6956 103.434
163 4841 120.913
163 6138 78.2155
163 6577 72.6336
163 7002 137.547
164 1474 160.277
164 5863 56.7655
164 6217 90.3548
165 3215 99.6621
165 4295 38.8155
165 7174 78.3629
166 2411 58.7737
166 4272 75.396
166 4850 40.1098
166 5988 66.0129
166 6705 45.3545
167 913 97.8033
167 1581 11.8486
167 3581 66.5701
167 5010 22.3338
167 5614 117.835
167 7157 103.294
168 632 61.108
168 888 101.098
168 4275 38.7087
169 952 72.2315
169 1778 45.5526
169 2319 99.2014
170 831 56.0272
170 2836 58.8503
170 6315 66.649
170 7355 69.2587
171 2554 61.2644
171 3924 61.8911
171 4375 62.8081
172 355 44.6011
172 3429 67.0266
172 5342 64.5684
172 6362 36.0525
172 6947 63.2104
173 1266 75.8888
173 2042 97.1792
173 7229 34.4409
174 1708 36.2956
174 5378 82.1347
174 6500 46.8568
175 2107 97.5854
175 2800 43.8535
175 3898 69.6781
176 1684 39.9285
176 2848 61.2383
176 5391 45.1787
176 6194 52.2479
177 450 31.4458
177 1357 48.4637
177 4565 21.7883
177 4835 68.6323
177 6492 30.6041
178 2810 38.043
178 3137 43.2783
178 6760 71.3266
178 7094 37.54
179 1005 74.5495
179 1686 43.9553
179 2874 28.7232
180 1624 131.562
180 2117 79.1841
180 3105 101.167
181 1465 60.7234
181 5652 108.088
181 5676 84.1514
181 6072 56.8512
182 349 30.371
182 425 53.5489
182 517 43.5357
182 2364 73.8738
182 4973 48.9942
183 259 55.1474
183 1269 43.6401
183 4899 33.2894
184 2014 89.3964
184 2564 24.7975
184 4329 11.1914
184 6690 27.1588
184 7313 46.3531
185 2968 44.3797
185 3270 36.1042
185 3837 47.6024
186 1267 60.638
186 3325 58.9138
186 3799 75.4869
187 1744 54.7679
187 2892 84.7257
187 6295 81.6698
188 309 53.3782
188 1265 76.1194
188 2282 101.294
188 2767 113.522
188 4813 71.1436
189 1830 75.3178
189 5205 37.2257
189 5596 39.0375
190 3641 27.6041
190 3661 44.6205
190 3823 17.4239
190 4465 9.45721
190 5601 29.0255
190 5796 83.6535
191 2536 65.6301
191 3680 10.4916
191 3978 39.8722
192 328 15.0848
192 3260 72.5183
192 3441 22.2366
192 4936 26.3826
193 1111 70.1406
193 2490 109.117
193 5454 43.2968
194 1956 34.0933
194 1994 58.0108
194 3550 4.76878
194 6158 132.949
195 2155 30.5116
195 2638 93.6422
195 4906 88.8035
196 3600 32.7119
196 4576 79.0371
196 5896 62.5604
196 6060 33.6977
196 6645 59.5078
196 6877 49.4031
197 3507 85.2599
197 6074 74.4951
197 6575 59.3387
198 3031 68.0041
198 5384 100.899
198 6228 94.8009
199 877 20.8442
199 2205 72.265
199 4380 57.3365
199 5879 62.6662
199 5934 15.8431
199 5979 25.4785
200 1559 41.8145
200 2085 82.9246
200 2290 23.2455
200 3054 29.9159
200 6033 78.6475
201 1886 20.4371
201 2844 19.1983
201 4979 23.2822
201 5062 37.5139
202 996 32.1036
202 2439 30.8737
202 4610 10.4481
202 5817 48.6471
203 1117 26.3148
203 4721 110.708
203 5260 97.3653
204 386 71.857
204 3464 53.2652
204 5952 55.0084
205 1256 42.4626
205 1693 77.6082
205 2071 157.44
205 2302 68.0709
205 3935 88.438
206 1968 88.335
206 5211 74.6779
206 5818 69.9071
206 6539 54.9658
207 1194 58.6605
207 4940 91.01
207 6619 92.8536
208 5576 20.8655
208 6263 76.5557
208 6452 45.2951
209 303 55.1648
209 3753 42.1595
209 7201 34.6618
210 843 56.5979
210 2407 74.4981
210 7378 32.8391
211 4301 66.7429
211 4328 43.315
211 5011 47.9338
211 6816 43.3806
212 1098 55.3889
212 2631 25.4094
212 2751 46.8827
212 6826 40.5316
213 1234 42.0209
213 6693 74.0484
213 7278 66.6158
214 2853 34.3148
214 4523 38.2241
214 4747 42.0624
214 5975 125.001
215 1549 37.7554
215 6182 55.137
215 6291 11.6158
215 6773 53.6432
216 2053 0.883736
216 5847 73.5175
216 6176 70.7304
217 3238 85.7357
217 4440 55.5641
217 6056 31.4922
218 407 30.9274
218 2664 46.7276
218 3067 18.2625
218 5218 40.667
219 1511 51.5679
219 1555 18.7628
219 4161 92.0964
219 4897 65.567
219 5775 78.65
219 7377 23.5427
220 481 45.4504
220 4726 45.9536
220 7203 63.9826
221 727 46.6836
221 781 76.4852
221 2498 48.0252
221 5096 54.6375
222 538 61.0474
222 1149 27.6186
222 1182 48.1802
222 6530 74.3114
223 1011 96.6942
223 2446 45.9416
223 2907 116.389
223 4213 53.5874
223 5035 78.9889
223 7150 79.4339
224 318 71.0438
224 2699 48.0471
224 4042 36.4947
224 6724 62.6208
225 4452 73.6531
225 4673 111.833
226 2399 38.0499
226 2675 15.9816
226 2814 80.5498
226 6233 32.6003
226 6837 22.0375
227 4196 106.011
227 5168 54.1298
227 6808 14.7835
228 969 34.237
228 5925 38.8976
228 6864 46.0814
229 2104 17.6408
229 2298 21.0964
229 2870 13.4579
229 5542 66.1598
229 6246 78.8097
230 2616 49.9444
230 5056 45.6438
230 5662 72.8387
230 6823 68.3826
230 7037 55.9495
231 3541 94.984
231 4424 77.1369
231 5594 31.0293
232 2678 19.8518
232 3995 90.6282
232 4808 92.8926
232 5848 70.7001
233 1475 74.9281
233 1835 63.261
233 4978 85.1062
233 5379 29.4481
233 5799 61.0678
233 6757 18.311
233 6994 55.2969
234 1577 20.4632
234 5414 41.1001
234 6590 81.4128
235 2089 55.6649
235 4154 31.9875
235 4647 33.4434
236 4069 88.5993
236 5034 90.4902
236 5267 95.6737
236 5564 84.5638
237 6587 121.561
237 6675 55.9569
238 2948 37.1457
238 4826 76.2159
238 6308 56.2576
238 6345 20.2304
238 6433 48.8936
239 730 44.7264
239 1482 29.5694
239 1680 61.5709
239 5751 12.2147
240 3177 90.7087
240 3220 69.2697
240 3274 55.1665
240 3471 92.002
241 1404 109.798
241 4448 124.215
242 1913 48.1039
242 3972 59.3778
242 4378 7.67586
242 6207 35.3921
243 844 72.6271
243 1175 87.3241
243 2748 35.7657
243 2945 41.0686
243 4385 25.7431
244 2061 24.8325
244 3761 32.5194
244 3881 33.5674
245 1321 79.7324
245 5877 50.7257
245 6391 73.514
245 7085 26.2609
245 7336 5.68499
246 2214 62.8838
246 2503 57.6693
246 6987 36.1149
247 1030 33.7033
247 1249 57.3623
247 4142 104.51
247 4410 50.4161
248 549 45.8344
248 1079 63.6367
248 2055 31.0081
248 6788 87.0084
248 7075 58.3347
249 1978 141.239
249 2336 69.6011
249 2745 60.7177
249 6026 85.684
250 929 56.649
250 4948 33.0263
250 5753 79.0488
251 1591 39.0333
251 3844 14.2339
251 6030 57.1417
252 1456 62.9848
252 2726 97.4634
252 4013 63.7882
253 3265 82.6968
253 3393 89.6008
253 5028 58.1061
254 4048 31.4276
254 5032 82.4117
254 5918 47.7446
255 4502 28.9071
255 5008 30.54
255 6316 40.0023
255 6686 44.9855
256 404 102.603
256 1198 27.6869
256 2804 76.4274
256 5655 127.952
257 1156 44.5178
257 1945 46.1929
257 2244 84.6076
257 2818 16.8121
257 6829 58.5885
258 3580 60.1849
258 6669 39.1044
258 7129 62.1845
259 1269 24.9795
259 4899 15.9427
259 6770 50.0172
260 902 55.8832
260 4430 82.4428
260 5845 60.7346
261 811 74.7592
261 1995 64.7098
261 2172 79.31
261 4290 55.3166
261 5170 48.0756
262 3044 138.945
262 4816 155.099
262 5603 90.4515
263 4652 86.4523
263 5786 73.0065
263 6497 87.853
264 1290 33.9876
264 2062 34.1088
264 5899 48.9696
264 5930 49.4209
265 3946 84.2356
265 4256 63.5902
265 6997 32.2442
266 2727 48.768
266 4860 131.124
266 5477 56.4971
266 6497 83.329
267 278 14.9235
267 647 32.5354
267 1859 48.0651
267 2807 39.7464
268 707 59.025
268 3818 25.6675
268 7159 65.4489
269 1849 59.4224
269 2699 83.134
269 7319 55.8894
270 603 18.3248
270 4831 67.9015
270 7303 103.119
271 1311 26.537
271 4200 79.8455
271 5839 54.1633
271 7070 29.5714
272 3543 64.8978
272 4771 75.3151
272 5052 107.253
272 6475 95.2032
273 1361 72.0139
273 2680 101.534
273 3266 17.7269
274 700 110.591
274 954 112.006
274 1023 89.5728
274 1172 77.0982
274 3416 83.8441
274 5849 48.1262
275 1753 80.1063
275 3684 77.4947
275 5755 80.4571
275 6028 95.894
276 1480 44.0799
276 2859 8.77733
276 3027 70.1731
276 6494 33.8206
277 2313 115.993
277 4874 62.7533
277 5213 111.803
277 5454 75.3694
278 647 18.8438
278 1859 26.0414
278 2807 70.3784
279 3251 30.8509
279 4811 19.1581
279 5327 12.253
279 6597 57.0185
279 6845 55.5405
280 1016 65.7588
280 4625 68.503
280 6753 48.9553
281 3802 46.8763
281 4202 3.86356
281 4738 71.7826
282 4584 27.0915
282 6696 47.5617
282 6989 47.6225
282 7246 47.416
283 522 51.4018
283 639 40.6398
283 1424 87.2708
283 1671 101.098
283 5003 45.506
284 2447 55.2107
284 2664 50.4558
284 6603 57.3712
285 2906 44.839
285 5932 16.9288
285 6483 39.7686
286 2057 27.9555
286 3091 41.1498
286 6639 75.0298
287 726 21.4987
287 2685 17.7953
287 4619 69.2357
287 5658 20.0868
287 7357 95.5846
288 455 73.9412
288 4452 56.4875
288 6049 38.8283
289 2371 88.4364
289 3059 28.93
289 3391 38.089
289 5870 65.4373
289 7188 72.6671
290 2657 113.666
290 3833 66.8311
290 7339 110.337
291 1655 44.325
291 2615 56.8887
291 3404 62.5523
291 3830 55.113
291 5700 39.4592
292 1036 121.588
292 2190 127.906
292 2900 47.1819
293 2249 89.829
293 3090 43.5043
293 4759 117.072
293 7274 165.796
294 1118 82.3827
294 2713 80.9201
294 5422 54.0087
294 5858 61.1266
294 5966 20.3905
295 476 45.0402
295 1740 36.5802
296 2091 42.519
296 2721 47.0808
296 3102 25.1518
296 5801 37.7289
297 889 105.231
297 3107 100.134
297 4593 88.0002
298 2005 52.4531
298 3283 29.2279
298 6226 69.5653
299 412 20.2438
299 1716 22.4637
299 4935 62.3025
299 5158 81.6019
300 1073 66.1603
300 5713 45.0566
300 6334 27.4909
300 7052 53.4235
301 2939 92.8225
301 5067 135.901
301 5135 95.5318
302 1444 39.9347
302 1594 42.7069
302 2437 80.5094
302 3842 58.5384
302 4875 41.2311
303 3753 15.4697
303 6116 20.282
304 1786 73.2296
304 2650 35.2853
304 5235 91.9754
304 6741 58.8964
305 3386 59.0649
305 5339 74.7246
305 5388 82.326
305 7373 83.3321
306 1076 9.5685
306 1318 49.4981
306 4917 31.1385
306 7304 52.1693
307 1508 94.4889
307 2594 59.4358
307 4282 16.2021
307 5085 110.128
308 854 99.2944
308 6884 97.89
308 7075 92.0081
309 1265 53.279
309 3129 80.0652
309 5397 47.0683
310 1652 15.7911
310 2246 107.552
310 3514 40.7931
310 4642 113.189
310 6786 53.2881
311 852 58.9982
311 994 9.88624
311 5631 32.4397
312 1582 91.5434
312 1910 81.0106
312 2459 52.1669
312 5451 37.7237
312 5869 19.2342
313 418 82.8943
313 2264 95.8165
313 3347 136.652
314 360 52.0692
314 1596 20.5391
314 2701 41.9227
314 6609 17.3039
314 7257 106.091
315 967 28.887
315 4130 18.26
315 5905 46.5239
316 5429 35.1572
316 5945 115.632
316 6108 23.4301
317 434 60.2683
317 4082 45.922
317 5564 95.2488
317 6189 49.9727
318 2699 80.5193
318 2883 105.462
318 4042 97.3645
319 1124 125.183
319 2335 40.7098
319 3827 29.1806
319 4815 76.9477
319 5997 80.4255
320 1605 62.1926
320 1937 90.3181
320 3170 17.8409
320 3721 48.5161
320 5154 27.6109
320 5227 87.1545
320 6667 97.9135
321 1056 134.942
321 3322 75.6391
321 3716 14.2002
321 4324 77.1017
322 2903 67.4987
322 3991 82.7015
322 4486 49.6081
322 4733 54.1602
322 6395 47.3477
323 4157 38.4512
323 4313 114.013
323 4846 58.3023
324 401 49.9601
324 596 74.6398
324 2503 67.8132
324 6893 88.7509
325 959 49.0613
325 2116 53.7333
325 2455 63.2607
325 3063 98.8928
326 1422 46.0662
326 3678 84.9934
326 5783 50.8744
327 2538 48.9105
327 4667 69.7338
327 6544 47.2732
328 3441 4.96696
328 4936 21.3048
329 390 55.6077
329 410 52.5975
329 3778 37.7749
330 1207 101.773
330 1648 45.7872
330 2015 50.7182
330 3748 47.2126
331 859 99.5938
331 1783 55.6789
331 4170 40.7148
332 729 35.6381
332 4608 51.9727
332 4799 105.794
333 1925 39.6038
333 2523 35.975
333 2603 29.5398
333 3292 66.2901
333 4903 8.41933
333 5766 70.3447
334 924 58.9451
334 2951 78.437
334 5651 64.6644
335 1528 70.8157
335 4615 58.8411
335 6019 75.1122
336 1973 119.769
336 2582 20.5154
336 5220 106.128
337 2031 39.9838
337 3072 41.3288
337 7361 11.7427
338 528 36.9159
338 1430 32.1845
338 1734 42.8286
338 5560 51.4019
339 911 78.0569
339 1306 105.127
339 2760 107.682
339 5368 85.8186
340 1078 16.6738
340 1743 54.1479
340 2245 44.5817
340 6052 92.2556
341 357 42.5787
341 2525 22.163
341 4151 37.2475
341 5023 118.565
341 5377 65.1711
342 1303 95.6984
342 1503 11.057
342 1556 107.863
343 581 68.5344
343 985 55.8142
343 1710 22.8811
343 4488 64.7842
343 6115 37.443
343 6648 23.11
344 3381 35.9403
344 4737 32.6693
344 5069 80.9925
344 6126 54.5372
345 3477 5.54792
345 4287 59.8081
345 4506 38.4285
345 5568 21.1734
346 2557 21.8216
346 2998 58.1119
346 4700 13.8666
346 6364 114.601
347 462 71.4185
347 3826 14.4007
347 3880 78.2431
348 1875 49.7702
348 3937 45.4072
348 4771 13.0019
348 7202 129.278
349 517 70.8043
349 1000 40.1316
349 4973 66.7335
349 6373 40.9158
350 1679 74.9968
350 2596 75.7339
350 3871 39.5457
350 3989 102.745
350 5538 50.6047
351 1675 54.0186
351 3789 49.6382
351 5927 66.1058
352 6047 61.7601
352 6567 66.5414
352 6938 101.757
353 2557 93.0403
353 4271 79.2869
353 5627 45.3173
354 1754 70.6715
354 4641 49.4248
354 4646 12.5689
355 5342 47.8144
355 6947 62.6158
356 610 62.4333
356 2539 44.3222
356 4967 29.4831
356 5830 68.8087
357 2508 66.1295
357 2525 56.8086
357 5617 45.0336
357 5741 73.1048
358 1443 34.2655
358 3010 38.2468
358 5057 73.6446
358 5698 41.7612
359 843 48.1919
359 4382 55.3265
359 6485 59.0138
359 7112 17.1639
360 1596 28.6174
360 5240 49.4909
360 6609 56.9443
361 3376 20.7438
361 5169 43.7843
361 6560 118.259
362 712 74.2852
362 2207 36.6749
362 4228 49.5561
362 6605 52.3572
363 3081 19.0749
363 3452 64.8502
363 6143 89.8484
363 6769 39.5338
364 3940 91.1094
364 4439 30.8314
364 5507 90.7766
365 966 55.856
365 1398 50.9555
365 4326 58.6434
365 6444 68.7284
366 697 77.0476
366 3683 58.1424
366 6270 54.3015
366 6336 117.807
367 1360 10.8407
367 3171 55.2024
367 4931 56.0646
367 6025 49.1429
368 515 70.8891
368 1574 85.4853
368 4467 68.3209
368 5579 79.9936
369 425 61.7102
369 2189 64.8376
369 4973 61.8116
370 1487 41.5289
370 5048 24.455
370 7166 64.3235
371 3199 102.498
371 3849 98.5761
371 4563 31.5342
372 2190 89.1481
372 3431 89.4356
372 6200 72.7619
373 2862 71.3373
373 3869 68.3647
373 5111 60.9813
374 1022 14.7297
374 1885 91.9998
374 2265 57.9883
374 3434 42.6763
375 3717 59.1509
375 3830 38.9355
375 4932 39.2179
376 1251 24.4795
376 3652 60.1464
376 3839 82.8994
377 764 113.503
377 2839 80.0556
377 5541 82.4234
378 1785 78.4581
378 2766 91.3599
378 5794 77.5184
379 1979 58.5456
379 3549 62.4457
379 6523 97.1103
379 6582 63.0889
380 1601 98.9164
380 2837 31.6434
380 3619 57.477
380 5461 52.3595
381 715 54.5966
381 3618 50.8103
381 4115 66.4848
382 3215 48.471
382 4310 75.3826
382 6768 51.6183
383 3736 61.5359
383 4063 69.305
383 4963 83.1615
384 1692 103.518
384 2747 39.7288
384 2851 71.7449
384 3201 82.7267
384 4536 79.4181
384 4675 24.3723
385 1784 83.7276
385 2673 57.978
385 4591 57.8652
385 5371 63.5243
385 5805 59.8462
386 1417 53.513
386 2970 36.086
386 4453 71.4905
387 4448 79.1776
387 5383 63.1259
388 944 98.2149
388 4120 63.8852
388 7303 77.5183
388 7349 48.1762
389 1049 52.0953
389 3866 40.014
389 6074 76.9095
389 6481 53.0665
389 6575 46.0958
390 410 20.9759
390 2397 105.838
390 4773 62.3188
391 615 79.658
391 884 25.4747
391 1468 72.5186
391 2656 52.117
391 4236 67.0868
391 6905 57.5729
392 3770 51.016
392 6526 16.8388
392 7234 52.4803
393 413 64.812
393 3793 66.8757
393 5983 43.7088
394 4016 54.2555
394 5974 36.3188
394 7255 78.965
395 987 26.6366
395 1856 25.4303
395 2443 23.4695
396 945 30.4908
396 3667 34.5781
396 5401 53.9418
397 689 74.8343
397 2919 72.7197
397 3573 66.0933
398 3011 27.0783
398 5567 68.5032
398 6016 40.4209
399 626 42.7556
399 1990 52.6351
399 3249 103.706
400 2286 20.062
400 3289 53.1751
400 3397 23.5227
400 4337 30.0342
401 596 34.1496
401 4556 71.9048
402 992 74.3363
402 2569 118.578
402 2783 85.7147
403 1292 60.0891
403 6274 18.2663
403 7164 124.665
403 7181 53.8525
404 1031 56.8224
404 4803 60.5791
404 4991 80.2033
405 957 31.8373
405 1379 50.8066
405 3218 60.8363
406 1486 11.4313
406 2415 32.5322
406 2901 97.2234
406 3967 60.4592
406 5296 43.1886
407 2435 77.7774
407 3067 17.6698
407 5218 41.5303
408 544 98.9938
408 2691 45.0452
408 4428 148.685
408 4980 77.5824
409 3520 65.0539
409 6513 58.8525
409 7147 86.5628
410 3778 47.1815
410 4773 76.0387
410 5301 39.7282
411 2821 33.6939
411 3704 56.6968
411 3829 43.9189
411 7080 12.5868
412 1716 40.919
412 4935 103.686
413 454 90.5818
413 3496 73.9402
413 7064 30.5787
414 2488 17.8327
414 4319 40.1546
414 5443 28.1897
414 6894 51.2952
415 1720 112.176
415 3099 71.7758
415 5252 145.634
416 3059 46.9141
416 3391 52.1805
416 5861 38.2433
416 6647 48.2586
417 3387 67.0294
417 4502 52.3269
417 6121 90.4419
417 6686 54.2485
418 3807 65.6777
418 6227 72.0753
419 3448 79.8058
419 4477 74.41
419 6452 41.9561
420 950 47.6521
420 1049 112.611
420 6481 105.136
421 1742 53.3423
421 3035 81.9706
421 3466 77.3709
421 5581 73.2919
421 6709 52.062
422 2990 61.784
422 3048 66.3434
422 4483 170.783
422 5458 45.0909
422 5611 82.7762
423 2095 42.4149
423 2267 45.3766
423 7186 37.6305
424 692 43.8982
424 1611 54.0005
424 2984 41.6138
425 2189 48.481
425 4973 54.5193
426 621 3.00755
426 983 45.7036
426 6862 76.7801
427 903 54.9653
427 1487 61.1104
427 7166 101.302
428 868 56.5627
428 7125 30.4991
428 7250 25.0823
429 3369 21.7269
429 4640 34.109
429 6915 55.2794
430 669 75.6922
430 835 53.3744
431 836 69.6307
431 3814 69.0454
431 3888 68.5436
431 4332 78.0265
432 779 34.9428
432 2627 122.672
432 4871 39.7288
432 5189 97.6658
433 1782 59.614
433 4929 68.3441
433 7156 39.0418
434 1147 21.9648
434 3620 61.789
434 5087 69.0987
435 1755 22.5717
435 2199 95.176
435 3472 45.4961
435 5919 48.6167
436 2143 85.6226
436 2454 72.0715
436 6218 71.2733
437 1068 103.047
437 1981 51.8393
437 2716 72.6077
438 1677 55.8624
438 5674 57.4227
438 6657 96.1445
439 4456 69.6711
439 5536 85.2964
439 5803 45.9697
440 505 56.268
440 738 43.7119
440 3994 38.538
440 4781 28.3003
440 6888 48.4419
441 545 49.404
441 723 69.5481
441 3610 96.7291
442 2956 46.3024
442 3194 27.563
442 3467 36.1199
443 555 64.7024
443 3245 17.4675
443 5866 57.3025
443 6235 41.4082
444 1553 86.0815
444 5074 40.458
445 3346 69.7836
445 4886 94.9745
445 5423 126.911
445 5868 63.2693
446 3794 61.749
446 4209 50.64
446 5149 69.4969
447 2173 61.2438
447 5010 56.4042
447 6661 48.6786
448 1554 10.8602
448 3848 55.6584
448 6323 40.3769
449 1712 38.2159
449 1954 66.8964
449 6261 100.614
449 6831 117.337
450 1689 89.0104
450 4565 22.9132
450 6492 77.0652
451 3288 14.2258
451 5459 61.4539
451 5745 17.0887
452 825 61.6153
452 1047 83.265
452 1171 36.8517
452 5325 86.7785
453 2382 48.4726
453 3449 22.5836
453 7198 83.1422
454 3496 29.7686
454 7064 31.0296
455 3435 32.1208
455 4452 29.0713
455 6049 45.6293
456 588 73.2801
456 2152 52.9398
456 2986 96.176
456 3494 75.0709
457 1259 34.5024
457 4264 33.0959
457 4449 60.9179
457 6825 31.8276
457 7285 92.7761
458 546 10.4782
458 1709 83.3352
458 5625 77.6985
459 1558 10.7143
459 1951 57.8144
459 3083 42.9658
459 6012 61.2304
460 1100 77.2499
460 2606 16.559
460 4081 94.7249
460 4097 44.9867
460 6586 5.605
461 2228 42.5991
461 3762 9.72431
461 4639 50.6596
462 1199 62.4419
462 2259 58.9463
462 3826 100.072
462 4010 25.7361
463 1618 89.8308
463 3647 91.1483
463 4655 81.4447
463 5267 139.756
464 4577 45.1137
464 4963 121.686
464 6649 46.5678
464 7353 88.0029
465 3699 27.6684
465 4845 58.4157
465 6849 43.72
466 512 81.0697
466 2395 77.6806
466 2512 58.354
466 3216 50.4841
466 5772 41.0409
467 3149 15.1509
467 7215 54.7891
468 678 52.9328
468 2707 40.035
468 5631 119.005
469 471 93.2694
469 3883 106.793
469 7065 68.9321
470 3040 74.043
470 5374 117.687
470 5529 67.99
471 1144 96.8669
471 2247 99.5576
471 3812 107.366
471 6442 71.6956
472 531 63.4782
472 2688 39.1124
472 2770 6.9406
472 3806 64.4432
473 996 39.1136
473 3597 89.9929
473 4346 37.7971
473 6394 12.9665
474 837 108.159
474 3125 143.118
474 5782 146.762
475 881 35.7387
475 1993 30.0128
475 3319 68.6334
476 1740 31.9998
476 5282 41.431
476 5299 38.9432
477 568 84.3715
477 2435 113.338
477 2763 110.435
478 670 82.3336
478 5086 64.8615
478 6015 31.8104
479 860 28.0829
479 3864 45.8768
479 3905 46.9594
479 5398 81.1832
479 7214 61.0372
480 1941 115.755
480 1987 99.6388
480 4500 15.6486
480 4905 65.2629
481 832 97.4081
481 1909 67.1527
481 7203 38.5715
482 2100 60.0732
482 5846 59.7055
482 6466 8.16925
483 1132 44.6942
483 1659 43.1663
483 2658 40.5382
483 4311 61.275
484 690 26.3357
484 939 45.0279
484 4912 79.6213
485 3420 78.6773
485 3646 73.9513
485 4103 59.0214
486 5114 113.466
486 6159 78.4501
486 7177 90.2923
487 1190 73.5951
487 1645 40.1225
487 4144 38.4851
487 6257 37.5784
488 2350 58.3656
488 3787 18.595
488 5357 61.356
488 7092 62.8573
489 2156 34.5616
489 3783 88.1793
489 3819 81.0865
490 2316 36.8982
490 3713 16.2761
490 4130 26.9316
491 1959 57.7043
491 4360 81.8537
491 7347 123.673
492 1647 54.4942
492 4684 71.8757
492 4916 124.389
493 1633 20.8667
493 6131 57.7624
493 6457 30.1968
494 1308 28.7015
494 2749 73.8511
494 3664 87.3969
494 5569 138.154
494 6242 56.9601
495 1412 44.4071
495 3259 68.2429
495 7322 65.5838
496 523 33.9086
496 3100 58.3736
497 1211 74.7578
497 1801 59.2291
497 6212 59.5014
498 2467 83.7791
498 3053 93.4376
498 4537 24.8051
498 5675 69.0015
498 5814 31.4905
499 2057 78.6102
499 5311 38.4218
499 6775 57.0218
499 7041 38.2267
500 896 78.2913
500 975 47.1918
500 4628 64.6729
500 6676 76.7132
501 1841 89.6519
501 4900 71.5612
501 6220 26.6696
501 6963 80.4347
502 808 99.0046
502 5068 84.1438
502 5137 21.2461
503 595 50.6115
503 1296 47.5439
503 4606 33.8806
504 3876 79.7706
504 5366 12.0574
504 6386 35.0287
505 3994 42.9854
505 4781 42.8506
505 4910 103.803
506 2873 37.0978
506 3395 60.8326
506 7239 117.916
507 2841 35.2983
507 2910 41.2652
507 3900 70.7742
507 6471 25.4311
508 1070 51.9521
508 2048 38.9254
508 5638 81.3075
508 6381 35.1019
509 2130 63.6638
509 2280 31.4327
509 3486 34.0427
510 1179 45.8165
510 1719 35.6326
510 6185 112.366
510 7318 47.8653
511 2270 60.758
511 3810 45.1358
511 5743 52.6595
512 2395 73.1207
513 3207 18.2341
513 5426 111.87
513 5450 101.154
513 5546 70.51
514 1438 49.8771
514 4633 8.43708
514 5183 55.1758
515 548 60.5917
515 3525 90.8167
516 2066 50.6404
516 2283 47.4893
516 2359 63.6185
517 2364 68.6167
518 757 58.8284
518 834 72.5762
518 4011 52.8819
518 4099 9.04481
518 6887 57.4547
519 1540 38.8319
519 3215 59.4848
519 4446 46.3692
519 4764 62.8893
520 3406 35.8321
520 4597 66.6529
520 5887 42.0581
520 5986 127.042
521 743 19.0835
521 770 15.9848
521 4343 11.6859
521 4844 69.0575
521 4918 70.8094
521 6647 52.8385
522 639 16.8358
522 641 36.976
522 5003 22.0274
523 3100 42.5383
523 3851 56.3321
524 847 137.358
524 3098 83.715
524 5953 115.605
525 2848 8.52142
525 3151 36.8766
525 4308 117.132
525 5308 88.1848
526 1634 61.1722
526 4779 38.7816
526 6568 41.9311
526 7242 52.8865
527 3633 28.604
527 4575 75.897
527 5472 64.5011
528 1430 43.5195
528 3413 117.348
528 7114 55.9861
529 607 23.3375
529 1081 73.4213
529 1545 76.572
529 5456 33.7302
529 6268 92.1476
530 4846 45.4215
530 4969 37.676
530 6417 63.4028
531 2107 83.2519
531 2770 61.1443
531 4387 86.4194
532 2491 112.442
532 4079 65.0133
532 6975 102.787
533 1911 68.943
533 2896 14.7265
533 5574 18.8016
534 1105 80.9176
534 1469 44.0296
534 3131 28.4638
534 5411 72.6145
535 951 98.4214
535 989 57.9689
535 3023 92.7719
535 3602 85.1416
535 6385 42.2511
535 6821 70.2321
535 7388 52.6966
536 1004 64.4657
536 3613 71.5113
536 4434 101.113
537 1888 16.536
537 4058 103.509
537 6680 41.7287
538 1182 71.4277
538 1510 105.134
538 6530 87.6225
539 1478 81.396
539 1976 51.3247
539 2192 59.408
539 3703 36.9208
539 5733 41.9024
539 6570 46.3835
540 2292 69.9586
540 2787 19.7325
540 4251 58.9022
540 6581 58.7831
541 5347 72.2963
541 6630 39.4519
542 967 113.498
542 6805 51.5074
542 6991 69.6893
543 2478 12.8096
543 2554 74.8352
543 3947 78.7334
543 4375 18.3724
544 2334 65.6741
544 6331 96.0374
545 723 30.9185
545 5928 61.5371
546 1709 130.186
546 5625 100.845
547 949 24.355
547 5790 50.165
547 6563 59.5697
547 7031 18.5785
548 5579 85.4541
548 5908 54.5048
549 2055 67.0584
549 5048 34.3869
550 670 108.49
550 1184 140.371
550 5086 40.4432
550 7009 127.616
551 866 95.7968
551 1521 26.4612
551 2077 35.9579
551 2849 58.2299
552 1813 100.09
552 2004 70.4925
552 4190 70.4857
553 4354 52.3414
553 6035 61.2223
554 3628 48.9589
554 5121 80.035
554 7384 83.5724
555 953 45.5841
555 3245 95.4877
555 4482 53.8466
555 5543 125.27
555 6235 61.7639
556 673 47.2865
556 2880 40.0722
556 3662 22.242
557 5965 38.686
557 6024 81.2533
557 6532 48.5704
558 1211 67.7387
558 3805 45.4591
558 4723 19.9811
559 4707 12.5346
559 5785 73.1424
559 6350 28.2665
560 3983 58.0005
560 5476 82.1771
560 6411 78.9527
561 2927 77.6929
561 3894 81.2366
561 5532 59.9968
562 2080 28.8594
562 2728 10.8062
562 7095 16.6495
563 1975 53.9442
563 2436 67.0785
563 6808 93.045
564 2572 76.3512
564 3565 85.5488
564 5598 40.1813
565 5912 64.2392
565 6178 73.6459
565 6594 101.896
565 6665 45.7729
565 7243 58.3042
566 3423 32.2467
566 4280 33.1761
566 5525 24.8599
566 5852 29.1088
567 2630 70.4565
567 4570 124.014
567 5694 105.463
568 1471 84.9717
568 6819 73.7771
569 1895 24.7396
569 3148 56.2405
569 3984 38.069
569 4325 74.8404
569 4454 36.1087
570 1769 46.7239
570 3445 61.7339
570 5267 103.384
571 3269 59.1526
571 4734 150.554
571 5272 44.2774
572 926 12.8997
572 4436 48.0677
572 6146 27.262
573 2766 78.4697
573 3944 46.6867
573 4190 66.926
574 2343 22.209
574 2418 79.7689
574 2882 115.118
575 1435 59.752
575 1885 46.3631
575 5234 35.3971
575 6436 37.3113
576 5175 37.1289
576 6352 49.5489
576 7266 24.2467
577 2226 90.5514
577 5445 55.6591
577 5830 53.3224
578 828 84.0162
578 3590 104.603
578 6134 41.2785
579 4724 98.0199
579 5680 55.1043
579 7320 11.9343
580 1439 66.5148
580 6399 64.5537
580 7225 66.0649
581 4488 66.0726
581 6583 54.5809
582 3414 51.126
582 5376 31.0934
582 5879 57.8508
583 1492 63.5776
583 2305 46.9466
583 2431 86.8003
583 3690 14.4864
583 5206 45.8677
584 2579 71.8758
584 5707 74.381
584 6780 52.5906
585 3548 17.7027
585 4383 46.5074
585 4458 54.1195
586 1827 90.0573
586 2895 53.9518
586 3555 18.981
586 3754 123.505
586 6228 63.8994
587 2176 89.5373
587 3466 57.766
587 4429 113.581
587 4709 139.356
588 792 90.8786
588 2152 15.0547
588 2537 128.895
588 2775 34.4579
588 2986 80.5404
589 2489 131.987
589 3433 18.5547
589 3571 39.982
590 2932 115.99
590 6613 72.8786
590 7197 61.3584
591 2177 23.0127
591 2909 51.0483
591 5442 46.4699
591 6468 12.7039
592 3166 11.7175
592 3622 30.8181
592 5266 67.9409
593 3621 19.4151
593 4340 60.6263
593 4971 54.8362
594 3152 55.1052
594 3409 44.4042
594 4210 79.6154
595 1296 40.8508
595 4606 26.0468
596 2503 69.6118
596 4556 88.5971
597 3163 55.0142
597 5081 107.669
597 6004 67.9146
598 2696 16.9554
598 4696 43.0887
598 4889 51.2011
599 1623 55.5603
599 4800 35.232
599 5412 37.092
600 967 72.7089
600 2316 51.4707
600 3082 98.3538
600 3368 92.2518
600 5905 71.8739
601 734 33.6351
601 4682 11.9006
601 5341 24.6421
602 1907 63.9351
602 2662 74.1264
602 5479 52.5003
603 4586 53.1141
603 4831 42.8477
604 3112 90.128
604 4784 16.7136
604 6319 69.3766
605 1396 19.9143
605 5020 60.1099
605 5514 32.391
606 1609 55.8275
606 1731 66.4263
606 4289 44.6619
606 6421 71.6499
607 1545 61.417
607 5456 53.3866
607 5978 37.2724
607 6897 47.5349
608 1337 42.8853
608 5529 24.7278
608 7365 80.8977
609 1083 54.1458
609 3796 66.0029
609 5234 43.9199
609 6491 81.8883
610 2539 24.1466
610 4967 52.8129
610 6215 48.05
611 1850 37.0685
611 2330 109.89
611 2369 39.4113
612 3407 48.5039
612 3730 70.832
612 4349 88.1393
612 4987 104.802
613 1760 65.2546
613 2074 73.1178
613 2238 60.4996
614 690 55.3106
614 939 40.3687
614 3494 78.5159
614 5939 85.8847
614 6204 46.8976
615 2656 31.2555
615 5972 60.0912
616 1370 65.6349
616 3426 14.0604
616 3491 70.6274
617 1276 70.2808
617 2348 34.3482
617 2785 99.5212
617 5363 55.924
617 6683 41.1289
618 5013 43.8751
618 5847 81.4581
618 6176 34.803
618 6900 52.6624
619 4080 46.2875
619 4234 42.6123
619 4364 46.1223
619 6414 29.3844
620 779 150.951
620 2684 76.315
620 2889 64.9013
620 6803 69.6941
621 983 57.3302
621 3505 86.7171
621 6862 53.0842
622 1217 82.238
622 1779 74.3355
622 4054 38.1326
623 2125 15.7467
623 5134 31.7902
623 6898 70.0904
624 1929 89.8333
624 3136 94.6438
624 3264 55.5556
624 5033 26.7559
625 1853 43.4699
625 2064 76.4966
625 3495 86.5372
625 7333 45.9949
626 1889 61.7627
626 1990 83.9676
626 5689 74.9581
627 5730 54.4302
627 7001 53.3391
627 7288 77.6488
627 7308 33.2957
628 4681 22.5817
628 5304 79.0081
628 6181 86.6997
628 6835 30.4708
629 1590 44.1795
629 3174 141.294
629 4103 72.743
629 7241 83.1303
630 2430 24.0741
630 6511 28.2894
630 6925 87.8436
631 716 45.7413
631 1636 39.1492
631 4395 18.0481
631 5911 51.7301
632 847 44.2799
632 888 72.2678
632 3098 66.3984
632 4275 37.3623
632 7310 64.2963
633 1101 113.989
633 2823 74.8321
633 3939 109.187
634 2689 47.4195
634 3039 38.07
634 4784 111.622
634 5198 9.62031
635 1045 3.72356
635 1058 78.179
635 3211 77.7515
635 4783 75.2689
636 1949 84.0299
636 7063 121.51
636 7139 113.264
637 2059 58.9537
637 5181 68.6624
637 7165 32.8969
638 6247 42.3701
638 6272 76.9187
638 7376 16.0322
639 641 70.3599
639 5003 46.5621
640 2297 71.2141
640 2624 39.8694
640 3402 22.8033
640 4623 91.9391
640 7093 28.4799
641 5003 44.429
641 6565 68.2881
641 7158 45.7333
642 4827 134.456
642 5863 110.655
642 6007 42.9911
643 2005 66.5251
643 3887 83.2243
643 7119 19.5001
644 2629 30.5798
644 2740 27.2334
644 3485 92.5214
644 6980 59.2211
645 1805 82.4605
645 5890 40.4407
646 1129 111.226
646 6515 57.0181
646 7048 65.0257
647 1859 50.9312
648 3840 84.2381
648 4447 24.9045
648 6057 51.8991
649 2740 83.5639
649 4184 75.5758
649 4228 135.726
650 1883 46.9727
650 6789 44.4676
651 2795 96.7628
651 3209 137.696
651 7057 75.5482
652 3142 47.937
652 5713 46.9513
652 7052 65.5439
652 7283 45.8676
653 1333 10.3069
653 5784 43.5351
653 5998 48.3322
654 1036 44.4932
654 1468 41.8516
654 2833 44.844
654 4842 43.7435
655 2529 42.3992
655 4029 71.9458
655 6453 15.6482
656 2145 104.351
656 5409 79.0745
656 5723 59.1159
656 6431 70.8478
657 3133 33.8684
657 4789 40.2236
657 4864 96.9642
658 2922 20.0413
658 3342 67.7476
658 4650 38.2142
659 2732 58.2325
659 5625 51.6019
659 5690 50.1071
660 1347 22.8271
660 1622 14.5898
660 6822 33.3178
661 1326 90.0143
661 3636 74.4828
662 1187 32.0448
662 5088 33.1366
662 6164 53.8138
663 1744 98.0676
663 2315 53.8398
663 3735 29.9898
664 3288 115.024
664 5459 116.279
664 5731 51.4237
664 7262 107.762
665 2296 44.3812
665 3764 39.6576
665 4046 21.5089
665 7103 90.6692
666 1798 61.3622
666 1841 32.3025
666 3731 14.7065
666 7362 93.2394
667 3206 74.5057
667 4090 40.0006
667 4834 86.1854
668 1371 46.2811
668 2060 87.7625
668 5785 57.6177
668 6868 81.4107
669 835 57.7395
669 5367 122.313
669 6796 104.328
670 1184 80.4384
670 2202 70.745
670 5086 42.495
670 6015 51.0445
671 949 49.7385
671 2206 34.9601
671 2577 83.5638
671 7282 44.1806
672 1453 85.8591
672 4136 102.042
672 5519 52.3793
672 6109 79.9317
672 6765 62.7122
673 2768 52.5427
673 3662 70.6868
673 3917 65.8581
673 5572 76.5813
673 6698 12.1259
673 7220 104.941
674 1745 64.8265
674 2928 29.6073
674 3697 62.9377
675 1195 47.464
675 1946 36.0499
675 6489 42.126
676 684 24.1974
676 846 55.6499
676 1493 39.2914
676 4516 24.864
677 736 66.492
677 821 36.58
677 2546 149.229
677 4206 87.5407
678 1780 71.5513
678 2707 32.2969
678 4023 103.085
679 4501 32.628
679 5418 66.6185
680 1028 91.8435
680 2593 66.4907
680 5740 68.2017
681 1678 22.0073
681 2231 53.0544
681 4178 111.181
681 6244 113.135
682 2036 62.8468
682 2742 65.1697
682 2850 64.0841
682 5000 31.4016
683 758 125.215
683 1598 36.2774
683 1795 45.1511
684 1493 49.3646
684 4516 27.6196
684 5132 54.4574
685 1155 38.9174
685 5950 50.7347
685 6188 61.4426
686 1864 108.761
686 4663 80.3414
686 7309 59.4807
687 4233 30.7016
687 4626 44.698
687 5044 32.6112
688 1460 92.2879
688 5060 57.8669
688 5146 110.915
689 977 70.4514
689 3573 46.1327
689 6753 65.6704
690 939 31.2896
690 4912 74.5253
691 979 34.5634
691 1204 17.0894
691 3616 46.0057
691 5076 72.4987
691 6578 93.5838
692 1606 80.2969
692 1611 38.1555
692 2843 58.7439
692 3657 78.8555
693 2871 31.36
693 3430 37.0729
693 5098 72.8668
693 6710 25.5835
694 1302 89.4055
694 1666 79.9129
694 3421 10.3663
694 4049 78.7615
694 7375 45.5571
695 704 19.6406
695 1471 37.1224
695 3310 53.3435
696 1845 55.7856
696 2261 50.3878
696 3193 23.5359
696 4196 73.5272
696 4958 49.2271
696 5386 26.8308
696 6104 29.9637
697 2783 128.988
697 6270 99.1969
698 2267 33.5209
698 2487 64.4038
698 5512 76.0146
699 3009 2.54636
699 4763 75.6781
699 6068 12.7258
699 6558 13.8097
700 915 78.0861
700 3384 103.297
700 5849 41.5462
701 1163 21.7433
701 3478 112.468
701 5434 40.0093
702 1173 86.5799
702 3766 102.673
702 5953 38.6087
703 3180 58.4521
703 3635 26.5158
703 3660 84.1299
703 4566 31.8443
704 1471 71.3847
704 1932 117.19
704 2835 110.73
704 3310 48.5688
705 3728 79.1936
705 3759 68.7034
705 5335 82.3802
705 7267 65.5626
706 1414 51.6123
706 4870 17.6694
706 5527 104.151
706 6305 45.5926
707 3818 24.8599
707 5347 74.9429
708 1294 28.9261
708 2019 23.9885
708 2528 32.6328
708 4830 86.4633
709 786 61.8535
709 1996 57.732
709 3772 58.6942
710 1299 108.859
710 5395 57.0377
710 5922 68.0985
711 1107 25.4772
711 1771 59.6922
711 5050 37.5619
711 5653 61.3955
712 946 32.2086
712 2207 15.6353
712 3229 24.657
712 6103 121.224
713 4810 89.5096
713 5381 23.0728
713 7324 65.845
714 1388 55.5548
714 2896 84.3761
714 3557 20.0308
714 6440 43.6922
715 3618 89.5742
715 4115 11.4597
715 4756 66.9405
716 4395 81.4303
716 5936 88.8188
717 2794 38.3737
717 5149 63.3746
717 5643 62.2936
718 3092 38.0891
718 3226 88.7789
718 4307 27.2428
718 7156 64.4881
719 1109 96.6788
719 1934 31.7863
719 2501 37.3384
720 3350 34.7313
720 6037 42.4745
720 6137 66.0353
720 6840 20.4424
721 2137 56.9262
721 3815 114.756
721 4021 63.9661
721 4344 26.56
721 7265 79.0601
722 861 73.0987
722 1274 69.4159
722 3157 82.3278
722 7016 51.3083
722 7137 24.0063
722 7386 83.8489
723 1836 75.3497
723 3610 66.0935
723 5436 68.5038
723 5928 58.5904
724 4743 71.6157
724 5820 3.88903
724 7383 34.5875
725 3407 73.6393
725 3730 51.0496
725 5142 91.2209
726 2393 68.8499
726 2685 40.7242
726 4619 42.1335
726 5658 14.0692
726 6776 65.2757
727 5096 52.9915
727 5156 50.9883
728 5615 117.652
728 5957 89.7331
728 7312 11.1378
729 4608 85.5923
729 4806 99.1254
730 1482 54.1363
730 4229 70.7345
730 5751 41.5458
731 3279 19.911
731 3348 50.6019
732 6053 77.2581
732 6775 25.7821
732 7041 31.9516
733 1195 21.078
733 4222 53.0533
733 6064 41.0246
733 6623 67.4159
734 2392 27.1478
734 3685 42.2865
734 4682 23.5224
734 6298 65.8877
735 1454 55.2582
735 1878 78.7906
735 2300 100.363
736 821 47.4673
736 1301 62.7048
736 4206 78.1055
737 3864 81.1489
737 3905 100.569
737 4829 65.0703
738 4781 48.019
738 6321 72.9966
738 6888 67.0702
739 2603 105.914
739 4320 76.8715
739 7314 36.3435
740 2356 66.4476
740 4214 24.838
740 6514 99.6254
740 7034 54.6455
741 1966 133.599
741 2266 93.7357
741 3660 159.344
742 1776 33.4885
742 2684 75.6732
742 2976 49.9676
742 3483 33.1424
743 770 24.6959
743 4343 36.9623
743 4844 64.7918
743 4915 33.3495
743 4918 20.6927
744 1297 78.5724
744 2135 23.2802
744 4794 50.0438
744 6265 121.525
745 2542 76.0064
745 4369 64.8767
745 4762 97.6508
745 4952 60.2267
746 908 79.4267
746 6443 89.6693
746 6589 36.0752
747 1860 125.007
747 3458 29.9526
747 3650 34.1257
747 7032 50.9719
748 2136 59.6416
748 2502 26.8166
749 973 121.532
749 1416 35.2141
749 2146 43.4879
749 3146 51.5738
749 3734 31.7729
749 6543 28.5567
750 1616 55.1166
750 3270 51.1183
750 3725 16.1677
751 3820 51.7128
751 5375 78.8078
751 6928 27.1666
752 3207 124.815
752 5450 70.0842
752 5546 87.2688
753 4269 48.3889
753 5363 43.6141
753 5482 9.55246
753 6446 73.2262
753 7098 33.8906
753 7359 15.5093
754 4519 54.829
754 4710 49.4571
754 5890 47.0746
755 1691 95.337
755 3285 40.7108
755 6036 14.6027
756 2222 44.523
756 3708 55.8203
756 3885 40.8189
756 7035 46.5583
757 4099 36.0976
757 6887 42.9846
758 3202 67.0077
758 4274 60.5257
758 7351 93.5448
759 1823 85.7894
759 2739 59.4794
759 4806 48.5632
760 905 59.8697
760 2288 15.6806
760 5473 125.752
761 899 71.0782
761 2518 46.101
761 3488 47.1782
762 4106 72.2324
762 5455 34.3173
762 6198 79.8621
762 6278 52.9347
763 1535 31.8436
763 3252 12.2667
763 4588 101.536
763 5263 32.7119
764 1720 92.0035
764 3443 45.022
764 5541 30.8712
765 1804 5.38124
765 3932 39.4867
765 4418 16.3707
765 5075 84.4923
765 6679 15.9973
766 2167 27.8199
766 2197 27.581
766 2377 43.1779
766 6571 41.2327
767 2130 135.753
767 3486 105.408
767 6871 44.5222
768 6136 66.9471
768 6180 90.8369
768 6740 96.0974
769 2923 20.0559
769 3071 15.0476
769 4603 18.4543
769 6488 42.1248
770 4343 6.86946
770 5510 71.4572
771 1064 59.5788
771 4414 69.9477
771 7209 29.5055
772 2804 103.552
772 2903 35.6277
772 3041 51.1473
773 1063 16.741
773 4721 34.2343
773 6671 41.0744
774 1017 23.1137
774 3722 85.1324
774 5881 58.9581
775 3261 60.87
775 4132 107.666
775 6478 22.2737
776 2394 58.4763
776 2860 50.9893
776 3089 66.1978
777 1178 60.3649
777 2686 37.5924
777 2723 91.2522
777 3344 87.6523
777 6906 69.1013
778 2349 76.7092
778 4451 69.2912
778 6248 49.6952
779 4871 33.7129
780 3654 16.7546
780 6899 38.218
780 6976 117.545
781 1283 91.9597
781 1384 50.1657
781 2498 20.5172
782 1527 38.1353
782 4456 43.6002
782 6157 53.513
783 2441 40.5023
783 6186 55.5511
783 6551 67.2278
784 1661 47.4804
784 3507 55.0793
784 3931 28.3013
784 7060 36.0941
785 4800 78.6773
785 5412 49.4062
785 7295 41.0237
786 1996 32.9094
786 3772 16.8342
786 5072 41.0634
786 5291 40.3219
787 5125 61.7273
787 5315 21.8505
787 5787 74.0909
788 4335 42.0182
788 4981 56.465
788 5307 41.4123
789 856 49.012
789 4937 27.7063
789 5403 12.6708
790 3771 43.7562
790 5025 101.967
790 6465 53.2148
791 1429 48.6767
791 3340 36.1464
791 5591 97.2974
792 2152 74.0841
792 3492 69.6928
793 2360 10.1213
793 3594 46.9937
793 3695 29.2767
794 1038 117.072
794 4319 37.8223
794 6845 56.3404
795 1076 44.368
795 1318 44.098
795 4917 22.9331
795 7304 67.9649
796 3177 90.1852
796 4730 21.5277
796 5746 39.574
797 1621 11.8856
797 4976 55.1622
797 5748 99.938
798 4617 70.4508
798 4696 81.7477
798 5961 25.0817
799 1787 4.12999
799 5165 10.9494
799 6480 145.395
799 7199 99.1695
799 7370 138.378
800 925 60.2521
800 4530 35.9871
800 4892 66.6575
801 3456 66.7646
801 6950 54.8866
801 7031 79.6906
802 5809 85.591
802 6804 50.8351
802 6983 48.8167
803 2025 22.8781
803 3388 48.687
803 4611 66.6923
803 6387 54.3679
804 5096 70.8044
804 5102 72.7596
804 5156 103.197
805 3208 47.898
805 5813 70.0257
805 6151 102.901
805 6376 82.3412
806 4334 16.9787
806 4766 88.5768
806 5043 63.7074
806 5859 33.7161
806 7131 21.5151
807 836 102.455
807 1630 65.4871
807 4823 39.4552
807 5152 56.5434
808 1575 51.3958
808 5068 8.05609
808 5231 67.3404
809 1504 67.8853
809 2703 13.0552
809 4522 136.534
810 1606 82.6928
810 2796 17.151
810 2902 87.6509
811 4290 37.2855
811 5170 69.3234
812 2230 67.223
812 2401 28.5153
812 3021 61.1892
813 5415 72.5561
813 5603 80.7486
813 6238 85.8034
814 4149 25.5716
814 6133 65.3288
814 6160 34.9624
815 1970 45.1117
815 2400 61.8468
815 5103 27.9115
815 7193 53.2916
816 5163 21.517
816 5284 33.7951
816 5872 69.9966
816 6307 39.8101
816 6685 21.7797
816 6918 12.3171
817 1051 13.0478
817 6230 105.994
817 6275 46.7224
817 6296 60.079
818 964 14.3234
818 1130 149.645
818 1343 97.7304
819 2131 92.0969
819 4044 48.2953
819 4561 61.8788
819 4585 40.5608
820 2710 14.0503
820 5439 41.791
820 6612 33.2946
821 1376 131.885
821 3436 150.535
822 2820 49.0475
822 3473 25.3493
822 4043 13.1548
822 7342 39.0057
823 3483 71.3582
823 4101 57.5395
823 6803 50.3606
824 1013 122.046
824 5687 38.7548
824 6008 60.1822
825 1171 44.2391
825 1619 51.0604
825 4662 34.053
826 1428 35.0339
826 6866 23.0733
826 7325 38.2862
827 4030 44.8212
827 6936 55.5947
827 7067 69.3442
828 4515 17.0083
828 5554 30.5221
828 6134 50.965
829 3578 60.2757
829 4002 25.9644
830 1829 45.5181
830 2161 60.5452
830 5452 119.978
831 6203 40.8727
831 6315 70.1741
832 1621 60.3413
832 7203 58.6709
833 4621 66.1225
833 5954 29.0079
833 6486 28.4592
833 6587 81.2158
834 3136 26.2971
834 4011 56.6107
834 6844 76.9458
835 4460 67.5924
835 6796 52.4626
836 4332 23.6547
837 2098 99.1598
837 3125 59.5088
837 5782 91.4726
837 6728 64.3826
838 919 77.4652
838 5358 136.682
838 6666 119.047
839 4372 30.8035
839 5239 40.0696
839 5910 35.3389
840 3145 83.6998
840 4376 32.6072
840 6924 54.8025
841 3141 28.5646
841 6592 35.801
841 6656 39.0487
841 6915 40.2353
842 2803 78.1526
842 3932 99.7091
842 4889 51.5332
842 6151 101.623
843 6485 65.7236
843 7112 59.3112
843 7162 41.5461
844 1061 59.3356
844 1175 115.498
844 1242 61.0575
845 6335 53.0023
845 6615 18.446
845 6847 39.0221
846 1493 46.0722
846 4516 58.6959
846 4838 104.413
847 3098 14.882
847 4275 66.5628
847 7310 55.0487
848 2543 24.9518
848 4070 18.3858
848 6085 86.4262
848 6603 61.2666
849 2072 55.5196
849 3665 153.323
849 5942 17.6008
849 6409 43.5856
849 7071 30.9288
850 2002 15.8412
850 3325 40.8381
850 5943 40.2665
851 1643 41.0739
851 3296 128.015
851 3567 36.2039
851 7235 45.868
852 927 54.973
852 994 74.363
852 5470 64.8942
852 5613 38.8936
852 5631 90.361
853 1211 120.457
853 6296 98.6852
853 6726 39.693
854 5657 87.1447
854 6884 25.3558
855 5908 54.302
855 6914 33.1449
855 7204 26.126
856 4937 103.419
856 5403 44.408
856 7251 72.1355
857 1260 53.0101
857 6671 66.9089
858 5239 36.4478
858 5910 16.2899
858 6367 41.2443
859 1783 97.0209
859 1858 37.2064
859 4170 53.3427
859 4492 84.9499
860 968 60.1044
860 3864 81.6142
860 3905 65.9663
860 5398 52.5306
861 1274 51.1918
861 2434 76.8224
861 5065 132.619
861 7137 58.686
862 906 92.5207
862 935 61.4419
862 3500 106.943
862 7221 122.415
863 4168 55.7643
863 4609 50.6271
863 6098 60.8433
863 6871 118.377
864 3300 50.4434
864 4568 86.4125
864 5651 58.9826
865 5001 59.4698
865 5293 33.5373
865 6622 42.9809
866 2077 91.552
866 4302 64.0959
867 3097 38.4084
867 3248 48.8037
867 4125 52.3324
867 6332 102.324
868 3648 102.131
868 3962 39.8157
868 6202 51.2929
868 7125 116.862
868 7250 115.263
869 934 63.6739
869 2260 95.6596
869 2776 72.6658
870 2651 41.0376
870 4993 100.471
870 6116 33.4518
871 2878 96.1524
871 3954 39.4526
871 4163 52.1721
871 6764 64.2784
872 1560 67.9136
872 4854 100.126
872 5903 87.2989
872 5956 108.17
873 1690 67.5132
873 2268 73.9207
873 7238 81.3259
874 1010 85.0327
874 2566 59.4082
874 4786 77.2492
874 6815 63.8054
874 6912 35.3539
875 5128 35.0155
875 5287 60.2334
876 1689 68.9112
876 1815 63.7239
876 3222 81.6228
876 3455 95.5977
876 3966 65.7809
877 5879 42.9725
877 5934 4.85174
877 5979 43.9513
878 3297 26.0971
878 4281 80.1706
878 4687 45.1783
878 5449 92.182
878 6416 65.55
879 1202 71.3526
879 1338 70.7212
879 2126 85.4942
879 5885 39.4166
880 3736 77.8639
880 4063 110.422
880 6693 40.9506
880 7278 60.1224
881 1824 52.757
881 1993 88.2489
881 2640 83.0926
881 3319 22.1034
882 3173 82.5007
882 4944 55.0755
882 5119 10.7431
883 1239 46.5907
883 4743 77.8127
883 5704 58.5955
884 1468 32.5721
884 3484 84.5833
884 4842 24.3965
885 2068 51.5614
885 6472 92.5006
886 1592 83.6367
886 3824 85.0902
886 4192 67.1588
886 5703 92.8381
887 3873 33.5666
887 4721 110.361
887 5260 85.9749
887 6742 21.5569
888 3099 76.8559
888 4275 84.6547
888 5252 47.8158
889 3032 85.4968
890 1328 67.9734
890 4241 58.8719
890 5160 42.7083
891 3673 129.558
891 4239 86.7676
891 6318 74.3585
892 3095 67.0792
892 4716 85.1962
892 5332 73.2441
892 5670 75.9442
893 1802 75.1297
893 3855 77.5674
893 5339 39.9593
894 1587 39.4997
894 1599 33.9826
894 2955 41.1065
894 3165 46.4941
895 1235 119.656
895 1737 34.1317
895 5857 38.8313
895 7089 66.5427
896 4628 38.1502
896 6676 20.7374
897 1884 32.781
897 1935 62.3369
897 2270 53.298
897 2697 73.2107
898 1056 92.8404
898 1678 54.2765
898 5365 111.709
899 2518 68.2375
899 4086 32.635
899 5984 83.9012
900 1303 48.8922
900 4517 51.8834
900 6474 42.8002
900 6546 41.9197
900 7021 37.9102
901 2376 100.356
901 5238 41.0783
901 5506 84.8987
902 1012 79.8645
902 2868 67.8267
902 4430 11.6871
903 5587 64.8255
903 7166 60.724
904 3424 64.2886
904 3648 61.106
904 4072 27.0056
904 4849 28.0749
904 6408 85.6693
904 6836 136.257
905 2288 72.2628
905 7302 91.3648
906 3588 47.2998
906 5963 41.7911
907 5061 69.662
907 5699 77.8006
907 6540 47.2936
908 3363 76.0287
908 6443 21.9967
908 6807 99.1812
908 6830 66.2862
909 2957 42.2185
909 4415 86.629
909 5869 69.9937
909 6870 85.7092
910 1697 104.207
910 1991 96.2318
910 4419 116.972
910 4438 65.9738
911 5368 103.247
912 1954 32.2868
912 6148 113.734
912 6261 84.1971
913 3581 17.3064
913 6855 68.0502
914 1633 55.1944
914 3769 95.5878
914 5463 30.0059
914 6457 36.738
915 1409 51.3733
915 4556 102.368
915 6118 121.777
916 4859 84.5344
916 4964 42.8879
916 6187 104.489
917 1607 49.367
917 3681 40.5396
917 6954 48.2199
918 4469 67.8755
918 4868 51.6856
918 6048 72.4266
919 1831 51.2139
919 2614 95.3148
919 5435 53.0386
919 6850 62.0695
920 1164 60.4956
920 4388 88.4937
920 4462 96.2765
921 3587 29.3526
921 5630 57.7346
921 7301 67.6094
922 2330 80.1267
922 3313 24.3753
922 5951 40.6256
923 3945 72.1595
923 5351 40.4904
923 6110 45.1754
924 2951 47.9842
924 4763 54.1421
924 6735 83.2237
925 2426 30.5032
925 4892 48.5831
925 6105 62.6661
926 4436 59.3583
926 5602 59.8594
926 6146 19.1588
927 5470 11.0016
927 5613 53.4765
928 4736 39.6279
928 5229 57.0054
928 5410 38.9628
929 2361 59.6127
929 4948 55.2749
929 5166 25.7281
930 1629 68.7515
930 2711 68.9762
930 4189 64.603
930 6598 90.4488
930 6924 122.112
931 1950 63.165
931 2530 51.5429
931 3791 37.2693
931 4388 62.0993
931 4911 32.998
931 6932 31.5742
932 4053 40.1493
932 4534 95.6255
932 6732 39.5304
932 6776 53.2129
933 2577 62.4238
933 3143 78.6772
933 6860 74.8062
933 7282 42.1217
934 1355 110.132
934 2260 100.959
934 2776 62.8963
934 6652 59.9893
935 1342 58.1121
935 2855 55.9146
936 1951 63.6003
936 3083 66.0264
936 5534 90.5555
937 1041 68.9867
937 1499 62.1795
937 2477 62.7776
937 2808 105.01
937 7222 38.3743
938 2374 56.079
938 3320 90.8557
938 3329 14.3115
939 5939 69.773
940 1685 65.9661
940 3465 38.0004
940 7349 44.6436
941 4747 127.217
941 5164 31.8519
941 5535 62.376
942 6314 92.1663
942 6828 94.4937
942 7008 108.698
943 2433 34.9073
943 2554 52.0841
943 3526 63.1059
943 4314 52.9885
943 6253 37.2138
944 3323 124.193
944 4120 87.5012
945 3667 21.0249
945 5401 46.4284
946 2207 43.9663
946 3229 5.49004
947 1940 39.3713
947 2318 79.5953
947 3701 42.2478
947 5306 21.4697
948 2249 106.817
948 4631 81.2487
948 6438 16.1629
948 7274 114.173
949 2206 60.5291
949 5790 11.8167
949 7031 37.7687
950 1049 78.075
950 6481 109.407
951 5031 19.2062
951 7388 41.678
952 1778 112.158
952 2319 21.4384
952 3374 72.2491
953 3525 45.9367
953 4482 31.8235
954 1023 11.6099
954 3384 67.8429
955 1320 66.7102
955 5786 67.5828
955 6301 74.8496
956 1727 32.9281
956 3432 32.6459
956 3461 29.3896
956 5722 72.3952
956 6564 10.6319
956 7272 63.8827
957 1379 53.8324
957 3218 25.8901
957 3462 42.3713
958 1029 58.9632
958 3886 51.4255
958 4112 56.0656
958 6946 76.3723
959 3241 52.8645
959 3923 106.565
959 6505 97.5841
959 6811 79.3004
960 1087 39.4925
960 1900 39.0856
960 2992 57.7356
960 3191 88.1851
960 5389 30.693
961 2159 102.073
961 3181 134.214
961 3706 40.6519
961 5617 78.0058
961 6087 34.2281
962 1256 75.3445
962 1693 37.3008
962 3638 56.63
962 3935 60.2188
963 5131 84.7814
963 5855 125.718
963 6054 19.1311
964 1130 70.7556
964 1343 66.3919
965 2170 46.0051
965 2761 43.2145
965 3958 62.5407
965 4738 72.2075
966 2032 64.697
966 2056 38.4524
966 2636 30.3173
966 6444 117.47
967 4130 46.9185
967 5905 8.37107
968 5305 63.588
968 5398 47.7612
969 1701 41.5535
969 5925 20.081
969 6140 40.5717
969 6864 11.7507
970 2306 72.6046
970 5850 37.9615
970 5944 77.4998
970 6155 47.9493
971 5951 62.7158
971 6402 20.3424
971 6706 47.4024
972 6209 63.4232
972 6297 30.283
972 6326 79.3577
973 3146 27.5067
973 6159 91.8033
974 1377 33.1673
974 1732 81.8501
974 4105 53.912
974 6163 56.4333
975 1193 68.4159
975 6156 43.3472
976 3821 60.223
976 4535 120.181
976 5352 115.606
977 3573 51.8768
977 6712 54.4584
977 6753 52.1988
978 1363 58.2934
978 1958 72.5606
978 4155 96.9981
978 6419 62.2726
979 1204 63.1073
979 5076 42.874
979 6578 51.4234
980 2094 81.221
980 5773 30.822
980 6344 56.0897
980 7248 75.1619
981 1550 69.1061
981 2471 56.1347
981 4528 148.862
981 5917 79.2869
982 4033 46.0438
982 4185 55.391
982 7022 29.4398
983 5874 63.6192
983 6470 43.8217
984 1501 89.3868
984 7117 40.2921
984 7326 52.2457
985 6602 38.6375
985 6648 27.828
986 1450 45.6912
986 2429 36.4612
986 3365 71.7907
986 4137 67.4273
986 7155 38.9331
987 1856 16.7293
987 3577 42.9926
988 2367 28.234
988 5657 3.46787
988 6520 25.8865
989 3023 43.2699
989 3656 91.7517
989 7388 63.9689
990 5365 24.8135
990 6982 12.6821
990 7256 12.607
991 3065 81.6988
991 4050 145.656
991 5323 56.6025
991 6638 70.1133
991 7072 76.0234
992 2783 39.0191
992 6336 101.021
993 1672 94.6027
993 4547 10.4597
993 6145 62.6588
994 5631 49.5176
995 1974 69.399
995 6787 60.3181
995 7015 43.5368
996 2439 38.4288
996 6394 38.8387
997 5502 123.989
997 5935 16.0297
997 6380 81.9006
998 1821 62.7421
998 3644 33.0556
998 5505 46.359
999 1564 59.5381
999 1738 17.6115
999 4227 59.7095
999 5936 38.1535
1000 4973 66.71
1000 6373 12.5342
1001 2606 40.524
1001 3616 48.7977
1001 5706 75.0264
1002 1389 43.4155
1002 2497 38.3256
1002 5810 76.2613
1002 7038 37.6444
1003 2194 97.9909
1003 3166 124.339
1003 3622 92.1152
1003 5468 36.2671
1004 3012 52.815
1004 4840 53.6946
1004 5623 107.84
1005 1604 36.3029
1005 4669 55.6054
1005 5126 77.0825
1006 1065 93.641
1006 1282 90.803
1006 3015 118.29
1007 4025 89.5516
1007 4869 30.9181
1007 5637 82.3624
1008 1012 40.4546
1008 2904 55.4886
1008 4216 21.324
1008 6593 69.9902
1009 6872 124.177
1009 7386 108.536
1010 2566 20.0261
1010 6815 22.0887
1011 1562 75.2222
1011 5115 60.5671
1012 2904 70.9234
1012 4216 18.4921
1012 4430 51.0776
1012 6593 45.1756
1013 3634 64.7673
1013 5687 73.7574
1013 6981 43.003
1014 1181 16.0578
1014 1973 51.8099
1014 4474 77.3739
1014 5220 51.9157
1014 6998 52.1098
1015 1356 85.0462
1015 1531 101.838
1015 2144 78.5737
1015 4003 35.8631
1016 1538 69.1157
1016 6712 25.483
1016 6753 39.3893
1017 3722 134.886
1017 4767 73.8066
1017 5881 43.7388
1018 3005 64.81
1018 3596 72.3671
1018 5356 15.9038
1019 3765 116.594
1019 5258 66.0464
1019 6660 77.9749
1020 2010 25.7016
1020 4795 88.6018
1020 6701 27.5556
1021 1120 98.7489
1021 1627 115.561
1021 7219 70.8921
1022 1885 97.0457
1022 3434 48.9501
1023 3384 37.0802
1024 3582 99.6715
1024 3838 10.3224
1024 3936 76.9717
1024 7259 99.0569
1025 1305 12.718
1025 2793 103.038
1025 5808 75.1736
1026 3839 32.1502
1026 3896 57.5847
1026 6096 37.5283
1027 1421 61.977
1027 3876 68.5056
1027 3890 51.7676
1027 5668 17.5234
1027 7317 80.3489
1028 2918 8.06004
1028 3156 90.5954
1028 5740 16.7606
1029 1589 52.9875
1029 3886 35.455
1029 4112 14.1075
1030 1249 21.4616
1030 4142 69.8859
1031 3230 6.69524
1031 4803 51.5688
1031 4991 30.5838
1032 3988 134.928
1032 4978 76.679
1032 6456 110.079
1033 3117 64.9865
1033 4657 39.4026
1033 6252 62.7471
1033 6498 46.6324
1034 2184 82.7364
1034 4528 137.375
1034 4618 78.6661
1034 4702 86.3288
1035 1189 71.2086
1035 2993 31.5013
1035 3205 32.9729
1035 5222 76.9977
1036 2833 28.6274
1036 4842 85.1324
1037 4277 104.431
1037 6587 73.3044
1037 6625 62.1496
1038 1807 85.8253
1038 6845 77.1709
1039 1964 107.161
1039 4417 17.1025
1039 6361 38.2855
1039 6496 40.6314
1040 2934 33.1201
1040 3414 71.1077
1040 5269 79.9807
1040 5876 56.4327
1041 1499 65.166
1041 2584 101.736
1041 7222 58.1139
1042 1735 42.0746
1042 6276 51.5971
1042 7079 132.601
1043 1103 51.5953
1043 1999 17.7178
1043 4267 147.14
1043 4864 82.8339
1044 5268 73.8721
1044 6122 52.1444
1044 6733 57.6507
1045 1058 47.9256
1045 3211 73.8346
1045 4783 61.655
1046 1419 26.41
1046 3362 79.4424
1046 4133 17.2309
1046 5701 21.3601
1047 1455 16.8223
1047 4386 92.766
1047 6890 51.5974
1048 1168 34.7344
1048 1758 99.5809
1049 6575 41.4453
1049 7321 62.1638
1050 2108 18.1493
1050 2790 49.3103
1050 3179 25.5555
1050 3820 47.2672
1051 1533 59.9278
1051 4645 69.5277
1051 6275 68.4453
1051 6296 56.424
1051 6726 123.623
1052 1520 13.7935
1052 4422 55.4691
1052 4630 11.1543
1053 3083 69.1188
1053 3468 9.6475
1053 7252 55.2995
1054 2516 41.7295
1054 3897 52.8084
1054 6350 79.6991
1055 1507 33.991
1055 2659 77.1951
1055 2662 41.3479
1055 5488 52.9969
1056 3645 81.6002
1056 3716 96.6099
1057 2400 36.3607
1057 3925 52.7568
1057 4709 85.5014
1058 3058 70.5051
1058 3257 57.405
1058 5028 61.663
1059 1494 49.6261
1059 3093 87.201
1059 6179 104.182
1060 1243 102.329
1060 2493 56.0709
1060 3278 66.7113
1060 4801 73.6552
1061 1242 20.7049
1061 5609 69.9405
1062 1637 81.0995
1062 4600 83.1503
1062 7162 56.3739
1062 7378 70.7467
1063 1260 77.3147
1063 4721 48.6226
1063 6671 38.645
1064 3352 30.0432
1064 4414 34.9963
1065 1237 60.6324
1065 1282 34.7443
1065 4325 100.462
1066 1160 58.2284
1066 2368 10.6969
1066 3038 34.8983
1066 5326 30.1407
1066 6785 13.0995
1067 3492 75.1959
1067 3677 76.2643
1067 4549 76.1481
1068 1096 44.4342
1068 1981 76.7913
1068 2716 60.6474
1069 2271 92.8062
1069 3034 54.9191
1069 3899 74.3682
1070 4843 62.4893
1070 6381 22.799
1071 1170 109.225
1071 2216 131.395
1071 4141 72.1762
1072 3759 57.7987
1072 5193 68.3781
1072 5335 19.8108
1073 4494 107.947
1073 5975 125.147
1074 2651 104.838
1074 3056 83.48
1074 4993 68.6921
1075 2492 28.1302
1075 4592 28.543
1075 6142 66.2858
1076 1318 21.9533
1076 4917 28.9608
1077 1515 65.5823
1077 2962 92.6159
1077 4085 81.2829
1077 4091 60.446
1077 4594 85.2257
1078 1743 47.6534
1078 2245 69.0568
1078 6052 84.5365
1079 3223 83.1444
1079 6788 18.56
1080 3796 45.0945
1080 4822 17.9465
1080 6674 50.0184
1081 5456 10.1663
1081 5978 40.9771
1081 6165 62.9772
1082 2096 30.0768
1082 5610 102.691
1083 6081 38.8976
1083 7270 62.9622
1084 1322 48.534
1084 2237 8.32894
1084 2683 59.0813
1085 2758 47.233
1085 3467 68.8724
1085 6506 86.893
1086 1092 67.6789
1086 6222 120.061
1086 6428 85.4653
1087 2992 22.2773
1087 5389 47.0376
1088 3513 72.0867
1088 4191 63.7667
1088 5004 88.6081
1088 5615 52.7102
1089 1893 35.1486
1089 1918 64.1519
1089 2438 60.1243
1089 4793 55.5191
1089 6201 79.7058
1090 1435 61.2769
1090 3655 100.352
1090 4636 19.556
1090 6436 65.0877
1091 1801 45.9088
1091 4092 41.4306
1091 6147 57.4937
1091 6212 20.4465
1092 3263 78.885
1092 4127 46.923
1093 1153 3.74385
1093 1756 47.3211
1093 4028 30.0805
1093 5913 19.5927
1094 3134 68.1563
1094 4901 69.1768
1094 6020 50.0772
1095 4595 43.5476
1095 5201 93.1376
1095 6447 23.7226
1096 1981 108.688
1096 2716 76.5427
1096 7127 70.6028
1097 1572 15.6631
1097 2463 32.0607
1097 3096 107.823
1097 3752 76.3167
1097 3867 82.6097
1097 5047 55.5236
1098 2631 73.8561
1098 6826 57.7281
1099 1988 73.5962
1099 2832 109.26
1099 4263 42.1942
1099 4977 106.098
1099 5261 74.7529
1100 1228 88.2315
1100 4081 5.34536
1100 4097 29.9054
1100 6596 67.5019
1101 3392 78.985
1101 3939 22.5941
1101 5141 67.5483
1102 2563 10.9278
1102 4117 49.8668
1102 4690 87.727
1102 6046 110.755
1102 6359 55.2172
1103 1999 105.531
1103 5322 47.2647
1103 5677 154.524
1103 7060 65.3133
1104 1682 52.1248
1104 5679 48.188
1104 6820 37.8766
1105 1469 51.5881
1105 6241 40.1645
1106 1710 91.1219
1106 5099 81.3933
1107 1771 48.0876
1107 5050 52.6591
1108 2671 39.7055
1108 4374 110.97
1108 6962 104.87
1109 1934 71.57
1109 2501 98.0439
1109 5281 102.061
1110 2234 41.793
1110 4394 91.5956
1110 6287 121.214
1111 5487 44.2361
1111 5837 86.0531
1112 4484 71.6363
1112 5466 68.9751
1112 5778 38.7073
1112 7238 57.142
1113 1524 16.4757
1113 3239 75.4392
1113 4463 49.4261
1113 6231 51.5977
1114 2113 83.4393
1114 2902 69.2464
1114 4084 75.176
1114 4590 93.0878
1115 2532 52.6419
1115 3165 59.7107
1115 6620 37.8067
1116 1393 28.1939
1116 1704 15.6382
1116 4061 100.553
1117 4721 101.001
1117 5260 75.8437
1118 2713 18.0006
1118 5858 24.0284
1119 1811 95.3855
1119 2376 90.88
1119 2774 68.8968
1119 3198 59.3568
1120 4015 68.6912
1120 5553 44.4294
1120 6703 65.0449
1121 2816 66.0859
1121 3658 30.8057
1121 5469 27.991
1122 2200 5.77335
1122 6337 38.5503
1122 6405 53.9687
1123 2225 46.1773
1123 2440 8.40989
1123 4950 95.7726
1123 5027 60.8419
1124 2335 76.6748
1124 4815 13.3581
1125 5763 109.728
1125 6175 105.385
1125 6441 50.4324
1126 1765 65.4758
1126 2216 90.7236
1126 2924 115.595
1126 6514 105.645
1127 1747 60.52
1127 1868 13.611
1127 5069 73.4256
1128 1539 24.7353
1128 3595 8.51112
1128 4472 55.0611
1128 5037 25.8691
1128 7040 36.05
1129 5044 137.068
1130 1343 72.8483
1130 6736 47.785
1130 7148 29.3572
1131 1820 57.5086
1131 4688 26.1615
1131 5060 84.0745
1131 5106 69.4762
1132 2175 77.2325
1132 2658 89.9978
1132 5767 72.455
1133 2547 42.6636
1133 4839 48.422
1133 6306 99.7635
1133 6396 41.3121
1134 1485 41.0203
1134 5324 52.6645
1134 6940 58.6288
1135 2233 110.638
1135 3963 94.0655
1136 2079 26.1771
1136 3029 3.32435
1136 5840 71.2914
1137 3293 28.9345
1137 5197 51.1825
1137 5640 43.7984
1138 6135 44.2893
1138 6462 35.3112
1138 6953 45.4844
1139 2768 74.9963
1139 3917 119.094
1139 6375 72.7417
1140 1166 46.9005
1140 3314 11.3941
1140 3815 65.7857
1140 4820 34.654
1140 6917 62.298
1141 1785 81.048
1141 2185 57.372
1141 3076 30.4091
1141 6005 18.97
1141 7374 28.9216
1142 1285 80.8527
1142 3051 70.3328
1142 3138 52.9566
1142 7232 92.5088
1143 4250 33.6957
1143 6040 77.1439
1144 2247 23.8431
1144 3952 38.4774
1145 2621 44.8759
1145 3678 73.5721
1145 6747 47.0321
1146 2428 95.9436
1146 3945 115.771
1146 5577 53.0659
1147 2999 75.5326
1147 3444 53.502
1147 5087 38.2933
1148 3236 35.873
1148 3373 22.7381
1148 4025 55.7587
1148 4572 20.4382
1149 1182 46.6131
1149 6849 52.6222
1150 1359 47.7618
1150 4148 32.2452
1150 4620 41.2826
1150 5686 51.0001
1151 3956 96.6406
1151 4126 43.9413
1151 6857 41.699
1152 3164 23.5562
1152 5998 66.19
1152 6842 21.7742
1153 1756 44.6246
1153 4028 22.1893
1153 5913 19.7164
1154 1933 82.1362
1154 3512 63.6017
1154 4191 28.4217
1154 5164 92.8971
1154 5615 89.1069
1155 3904 81.8199
1155 5950 25.0967
1155 6188 71.1175
1156 1945 45.0635
1156 2412 59.259
1156 2818 19.9771
1157 2182 52.7004
1157 5015 22.8382
1157 5298 20.5571
1158 4477 41.0652
1158 5055 22.9941
1159 1522 110.301
1159 2614 61.2628
1159 6666 44.7313
1160 2368 83.0568
1160 6488 92.4311
1161 2391 18.195
1161 3295 58.0331
1161 3503 61.4937
1162 1353 149.146
1162 1793 77.846
1162 4033 58.7017
1162 4267 90.4268
1163 3478 134.843
1163 5434 23.2549
1164 4388 51.483
1164 4462 41.0192
1165 1413 39.986
1165 3970 98.1743
1165 5294 51.9118
1166 3314 49.1386
1166 4231 21.8247
1166 4595 42.9949
1166 4820 41.5506
1166 6018 26.5046
1167 1395 75.055
1167 6461 69.1038
1167 7207 56.165
1168 1758 68.6523
1168 6088 108.927
1169 1291 27.8776
1169 2199 37.5565
1169 3472 31.8955
1169 5919 32.4926
1170 3295 43.2439
1170 7253 84.9955
1171 5325 74.3439
1172 3416 17.3648
1172 4279 136.121
1172 5849 76.3787
1173 1719 87.4256
1173 3766 12.7843
1173 5862 67.4003
1174 1711 46.7719
1174 3240 30.5088
1174 3964 40.4532
1174 4238 11.5752
1175 4385 107.638
1176 2115 60.9365
1176 3854 40.7455
1176 4939 78.9004
1176 5405 38.0927
1177 4506 96.7603
1177 4632 28.7261
1177 5433 52.2461
1178 2024 76.038
1178 2686 101.061
1178 2723 20.1812
1178 4135 54.4356
1179 3273 58.1168
1179 3410 13.7372
1179 4887 54.249
1179 7318 63.1232
1180 2168 54.8093
1180 2612 76.3299
1180 3425 23.3569
1180 5246 50.9411
1180 6363 51.7095
1180 6973 47.6611
1181 1973 68.9826
1181 4474 56.5823
1181 6998 70.2853
1182 1510 92.0671
1183 2124 47.9111
1183 2138 6.89829
1183 2933 60.9018
1183 6968 26.806
1184 2202 25.5267
1184 7053 56.5657
1185 1598 110.968
1185 1795 90.024
1185 3345 37.3069
1185 3378 88.0112
1185 5734 74.4378
1186 2524 87.0586
1186 2743 47.2492
1186 3645 56.1084
1187 5088 47.018
1188 3593 11.754
1188 4429 51.1346
1188 4656 68.2222
1188 5007 40.4838
1188 7135 69.1053
1189 1452 43.1732
1189 1699 21.0362
1189 4839 77.2455
1189 5222 71.8532
1190 2622 93.6676
1190 4144 56.8417
1190 6257 40.4061
1191 2731 53.7532
1191 3184 41.2987
1191 3529 50.924
1192 2349 84.8094
1192 5180 76.1722
1192 7144 34.5204
1192 7182 56.4096
1193 3458 23.2634
1193 3650 16.7168
1193 6156 26.3797
1194 4940 131.428
1194 6619 36.2626
1194 6746 62.4651
1195 1946 43.4057
1195 6064 40.209
1196 2242 73.8839
1196 2588 49.6894
1196 4061 18.7338
1197 1457 76.4865
1197 1612 99.019
1197 5440 18.2273
1198 2804 21.662
1198 5420 73.1695
1199 4296 42.406
1199 5225 87.3407
1199 5561 50.1461
1200 2198 76.2873
1200 4324 59.4588
1200 6482 60.553
1201 1575 44.2122
1201 2568 56.5104
1201 3894 70.3206
1202 1338 49.5628
1202 2126 70.4354
1203 1972 81.005
1203 3540 43.4279
1203 4116 51.569
1203 7036 57.7084
1203 7167 77.9245
1204 3616 40.2485
1205 2032 56.7652
1205 2056 46.0833
1205 2636 56.656
1205 3393 64.6166
1205 3482 55.1182
1206 2601 44.6819
1206 2817 45.2662
1206 5924 46.9224
1206 6014 52.2934
1206 6721 101.428
1207 2874 102.925
1207 3748 47.4852
1208 4204 95.43
1208 5078 114.303
1208 5255 74.5733
1209 2410 81.462
1209 3637 40.9651
1209 6263 36.5482
1210 2471 54.0542
1210 5533 83.3159
1210 5917 50.299
1210 6599 45.4281
1210 6959 40.9573
1211 4723 81.7893
1212 1220 111.1
1212 3493 52.7412
1212 5071 64.2453
1212 6259 18.8117
1213 1816 106.477
1213 3243 73.3222
1213 7013 49.154
1214 5100 61.025
1214 5375 51.3109
1214 6572 49.7276
1214 7292 24.9378
1215 3451 36.5191
1215 3607 59.5303
1215 3658 48.5641
1215 6335 86.4733
1216 2947 58.5003
1216 3334 64.4103
1216 4559 65.6942
1217 2974 60.0685
1217 4054 40.298
1217 6428 74.5855
1218 4293 83.3252
1218 4475 68.7128
1218 5191 65.9583
1219 1675 71.9648
1219 2809 32.7949
1219 4212 28.8225
1219 5927 68.2658
1220 5071 72.5738
1220 5419 100.972
1221 2715 61.6962
1221 5752 77.4152
1221 5914 86.4638
1222 1331 53.0172
1222 1840 79.4723
1222 5746 39.8262
1222 7330 36.9209
1223 3304 83.4152
1223 3683 34.6531
1223 4450 89.3362
1224 4390 37.0373
1224 5894 68.3312
1224 7284 78.115
1225 3115 49.2687
1225 3482 61.6444
1225 4574 13.2816
1225 6821 83.9218
1226 3255 29.8272
1226 3750 76.0494
1226 4171 57.774
1226 6341 46.8
1227 1351 20.2216
1227 2021 89.2097
1227 3501 33.092
1227 6470 56.6065
1228 4081 61.3774
1228 6596 13.582
1229 1391 86.5535
1229 2274 53.219
1229 3892 25.9071
1230 3686 55.2256
1230 4062 68.9079
1230 5411 53.9358
1230 5571 45.3262
1230 5648 63.2611
1231 1705 30.0819
1231 1761 75.0318
1231 5947 20.3394
1232 2014 97.3431
1232 2757 50.1063
1232 3178 127.388
1233 2187 51.4773
1233 5678 31.9329
1233 7372 9.37481
1234 2348 96.4546
1234 6693 85.439
1235 2695 80.9807
1235 4393 83.9831
1236 2193 63.297
1236 3140 45.0111
1236 4204 87.5514
1236 5818 61.4218
1237 1282 65.4239
1237 3670 69.5104
1237 4325 70.6311
1238 3895 13.622
1238 4298 30.444
1238 4581 97.944
1239 1912 42.4032
1239 4990 66.4699
1239 5704 28.1655
1240 1364 47.654
1240 2655 40.966
1240 6727 34.4398
1240 7145 46.4612
1241 1324 85.9974
1241 2746 90.2833
1241 2842 23.6871
1241 5097 109.086
1241 5461 45.4469
1241 6614 72.5409
1243 4373 41.8099
1243 4397 47.1407
1244 1552 79.5339
1244 5462 31.4175
1244 7285 80.3428
1245 4495 68.3754
1245 4579 83.0179
1245 6938 59.1012
1245 7046 66.8747
1246 2340 71.4606
1246 2499 74.8366
1246 5659 65.6836
1246 5933 73.5143
1247 3843 54.8455
1247 4933 56.9787
1247 5203 87.9774
1247 5842 27.9353
1247 7011 46.8969
1248 5589 62.3258
1248 7167 73.5011
1249 4142 57.3636
1249 5846 58.1211
1250 1491 96.4332
1250 3330 47.269
1251 2421 120.019
1251 3652 79.2574
1252 4735 74.4516
1252 5735 42.8659
1252 5831 62.9424
1252 6091 55.7708
1252 7300 4.64028
1253 1484 46.7459
1253 3743 16.1533
1253 4532 82.9158
1254 2717 73.1638
1254 5624 26.0361
1254 7219 70.2374
1255 1345 17.5535
1255 1590 47.8225
1255 4103 94.9988
1256 1693 47.7503
1256 2302 108.613
1256 3935 46.1992
1257 1264 48.9786
1257 4255 25.4554
1257 6379 57.7417
1257 6777 35.3113
1257 7380 48.6811
1258 2409 64.5716
1258 3268 124.605
1258 4073 98.6396
1258 4243 83.0935
1258 7140 83.2171
1259 3632 68.8826
1259 4264 16.3081
1259 4449 34.3548
1259 6825 28.5717
1260 6671 70.2821
1261 2481 28.2589
1261 2653 93.3437
1261 4497 24.5967
1261 5897 51.0304
1262 1967 25.108
1262 3113 118.838
1262 5747 40.5113
1262 6437 90.1765
1263 1486 62.7591
1263 1583 79.3486
1263 3967 46.6983
1263 6258 75.9077
1264 6379 50.014
1264 7380 46.147
1265 2282 73.6195
1265 4106 43.0788
1266 2042 109.982
1266 2646 49.9964
1266 7026 116.151
1266 7229 46.9654
1267 1805 61.1529
1268 3751 80.7478
1268 4578 11.132
1268 5556 38.3076
1268 6312 63.2084
1269 4899 24.6388
1270 2586 5.73408
1270 3448 47.005
1270 6337 55.9625
1270 7260 47.3698
1271 2762 32.7082
1271 3611 65.5941
1271 3845 103.646
1271 6738 36.3405
1271 7241 92.2719
1272 1319 41.1183
1272 3927 44.5144
1272 5491 81.9746
1272 5868 88.6572
1273 2353 31.9372
1273 2830 116.127
1273 5806 108.406
1274 5065 97.7098
1274 6326 42.9634
1274 7016 29.4553
1275 1638 34.5363
1275 1709 95.412
1275 1741 52.2441
1275 1790 56.8925
1275 5669 81.9024
1276 2785 71.449
1276 6683 60.1062
1277 2435 36.5841
1277 2763 90.3079
1277 5218 94.8164
1278 3299 79.1989
1278 4643 66.0981
1278 5434 64.9909
1278 7163 50.2815
1279 2050 109.505
1279 4392 88.7007
1279 5279 54.656
1279 5588 35.6983
1279 6495 39.0418
1279 7335 79.0671
1280 1691 75.8163
1280 2765 68.3875
1280 2789 6.29662
1280 4165 26.393
1281 1327 49.1355
1281 1470 24.3406
1281 6190 27.4832
1283 1384 26.9007
1283 4252 63.5736
1283 5172 51.8535
1284 2807 87.765
1284 4459 61.5674
1284 4557 24.4478
1285 3051 32.7908
1285 3138 13.0299
1286 3786 45.9052
1286 4356 50.4156
1286 4953 69.4685
1286 6916 71.4615
1287 1567 27.3151
1287 5387 60.9704
1287 6988 43.9487
1288 6017 84.8025
1288 6139 75.5987
1288 6770 52.7803
1288 7213 24.8823
1289 2051 43.5599
1289 2098 102.709
1289 3125 79.5904
1289 4630 72.2129
1289 6728 77.5225
1289 7101 83.4729
1290 2062 34.7063
1290 2509 56.0905
1290 3119 102.641
1290 5930 74.4662
1291 2886 165.029
1291 3472 36.1391
1291 5919 15.1514
1292 6274 70.7337
1292 7164 47.6755
1293 4610 37.2303
1293 5817 52.9217
1293 6382 58.2297
1294 2019 46.1577
1294 2528 71.1962
1295 2432 50.7512
1295 4722 54.4795
1295 5221 90.1395
1296 4606 53.1739
1296 6372 58.7134
1297 2135 80.906
1297 4794 27.0536
1297 5215 75.0644
1297 6907 25.3454
1297 7379 28.1229
1298 2680 76.5898
1298 3694 78.8426
1298 4770 24.6679
1298 6404 42.066
1298 6729 30.3639
1299 6303 129.734
1299 6955 104.035
1300 2341 42.871
1300 4505 81.1271
1300 6996 29.3212
1301 3521 66.2076
1301 4206 41.7056
1302 4049 9.1777
1302 5915 71.2513
1303 1503 61.835
1303 1556 64.36
1303 6546 53.5439
1304 4773 89.3445
1304 5301 46.2496
1304 6903 76.9779
1305 2793 87.5415
1305 5808 58.8179
1306 2132 128.222
1306 2494 18.3026
1306 4749 45.1313
1306 6874 46.3564
1307 2735 79.806
1307 2881 12.1975
1307 3206 90.1605
1307 4432 55.1825
1307 5666 54.7284
1308 2749 40.9332
1308 3664 92.3246
1308 5888 24.8584
1308 6242 14.7812
1309 2123 75.3599
1309 3228 19.6496
1309 5715 38.9307
1309 6971 105.304
1310 1687 49.9098
1310 4371 78.4767
1310 5836 59.844
1311 5839 48.2808
1311 7070 47.1241
1312 1866 90.5876
1312 5042 91.6173
1312 6559 82.5598
1313 3840 21.9537
1313 4767 58.1307
1313 6057 49.3307
1313 6224 21.2857
1314 5767 96.1158
1314 6158 78.0307
1314 7069 184.879
1315 3630 78.2274
1315 6051 21.2727
1316 5996 87.0618
1316 6112 36.1974
1316 6152 52.6052
1317 3123 51.7236
1317 4509 21.9024
1317 5432 30.7941
1317 6195 74.7285
1317 6439 81.7152
1319 1746 86.5088
1319 3927 64.3721
1320 4919 40.7784
1320 5786 34.9291
1320 6806 32.6274
1320 6895 41.7121
1321 6391 41.1579
1321 7336 79.3815
1322 2237 61.2321
1322 2683 15.6038
1322 4303 27.8462
1323 2103 40.4512
1323 5551 9.32902
1323 6769 63.7428
1324 2746 44.763
1324 5097 27.2375
1325 3415 54.0879
1325 4908 11.4152
1325 5369 12.523
1326 2227 74.2394
1326 3636 34.4482
1326 4913 57.5625
1326 7116 78.4623
1326 7293 65.1675
1327 2406 33.5888
1327 5737 40.2032
1327 6043 52.1035
1328 4241 41.5263
1328 5160 27.3006
1329 3698 47.2002
1329 3972 63.4542
1329 5900 84.5731
1330 1649 84.08
1330 4442 92.014
1330 6708 6.672
1331 5691 76.5732
1331 7330 44.3575
1332 3717 41.5863
1332 4109 41.0333
1332 4322 109.909
1332 5271 48.9347
1333 5784 59.6313
1333 5998 52.0361
1334 1563 55.322
1334 4504 51.9609
1334 4525 34.3444
1335 4836 86.7134
1335 4905 86.9807
1335 6370 46.1193
1336 1477 40.3532
1336 3957 73.0132
1336 6153 28.5556
1337 4926 56.8855
1337 7365 68.8787
1338 2126 7.7204
1338 5885 28.3605
1338 7264 66.5191
1339 3834 102.46
1339 5534 76.4298
1339 7173 75.7835
1340 3569 12.9705
1340 5117 55.4929
1340 6835 64.5333
1341 2165 22.49
1341 3893 116.242
1341 6094 40.6338
1341 6802 15.4372
1342 2855 29.8298
1342 4268 87.8678
1343 6736 46.5244
1343 7148 45.7258
1344 2456 52.0167
1344 4220 11.4748
1344 5245 55.4364
1344 6237 92.2525
1345 1590 48.5069
1345 4103 60.2614
1346 6000 55.7372
1346 6230 41.0109
1346 6275 59.9804
1347 1365 35.0159
1347 1622 13.744
1348 1666 79.4928
1348 4129 60.5421
1348 7375 82.0834
1349 2978 61.7783
1349 3795 21.5846
1349 3841 55.9255
1349 7076 69.1251
1350 1713 31.3969
1350 1994 62.0362
1350 4045 45.0632
1351 3501 54.3582
1351 6470 49.0873
1352 2084 46.1472
1352 2445 47.5292
1352 6082 61.3025
1352 6969 28.3955
1353 1793 112.347
1353 4891 65.2028
1354 3450 23.9416
1354 5566 52.911
1354 6952 24.1932
1355 2511 62.756
1355 2776 91.7196
1355 3576 145.836
1355 4152 113.175
1355 6986 108.404
1356 1531 21.3248
1356 3745 52.44
1357 4835 25.1231
1357 5273 86.3796
1357 6492 78.1476
1358 3055 56.3829
1358 4182 105.08
1358 5230 45.0455
1359 3784 88.2702
1359 3912 7.70607
1359 4148 20.7937
1359 4620 68.0446
1360 2510 69.7019
1360 3171 66.1524
1360 6025 79.1856
1361 3266 55.2919
1361 4496 57.8658
1361 5231 44.3264
1362 1541 36.2169
1362 2110 127.156
1362 6137 128.674
1363 5695 101.712
1363 6419 50.3485
1364 2058 15.4226
1364 2655 10.2556
1364 6727 64.1255
1365 1622 40.6653
1365 6253 38.2529
1366 1423 49.421
1366 1597 67.1121
1366 2371 45.518
1366 4098 148.202
1367 2967 44.2739
1367 3456 26.2584
1367 5021 86.5983
1367 6950 41.5366
1368 1517 68.3195
1368 4408 72.9817
1368 4878 63.9374
1369 2007 98.7569
1369 5509 42.2174
1369 6798 57.5619
1369 6822 67.858
1370 3426 75.1092
1370 3603 31.5253
1370 4616 40.9309
1370 6135 49.8421
1370 6953 52.2601
1371 5785 47.6686
1371 6868 9.12437
1372 2506 52.2932
1372 4383 51.8694
1372 6689 29.5846
1372 6759 73.392
1373 2054 36.717
1373 2567 22.5333
1373 7006 80.6123
1374 2463 62.8105
1374 3867 53.6072
1374 5047 39.2425
1374 6692 102.421
1375 2294 49.7318
1375 2854 44.0414
1375 3383 62.669
1376 1937 98.517
1376 5402 70.5276
1376 5523 77.2824
1377 4105 21.4808
1377 6163 49.8016
1378 1592 48.662
1378 2029 73.2133
1378 5703 84.2405
1378 6357 54.8981
1379 3462 77.0293
1380 1890 82.0129
1380 2106 48.5391
1380 4481 80.2292
1380 6186 74.8232
1381 1914 70.8804
1381 2119 57.2296
1381 6202 87.7566
1382 1483 24.0091
1382 1632 116.971
1382 4391 45.7338
1382 5758 44.6011
1383 3582 56.6403
1383 5228 42.6855
1383 6062 23.1132
1384 2498 61.1927
1384 5172 46.1329
1385 2262 97.7201
1385 3355 121.619
1385 3659 52.6755
1385 3918 105.528
1386 1714 41.7157
1386 6501 31.4748
1386 6885 47.0242
1387 2027 27.4
1387 4725 26.9259
1387 4764 16.6797
1387 6768 20.4716
1388 3557 41.7722
1388 6440 37.4332
1389 2049 10.9677
1389 2497 4.48434
1389 6177 47.0339
1389 7038 6.04637
1390 4169 27.7528
1390 5832 4.50801
1390 6795 17.8322
1390 6840 71.6932
1391 2274 46.5165
1391 2875 14.4374
1391 3498 129.917
1391 3892 63.895
1391 4746 7.20604
1392 2515 40.5024
1392 5030 70.9103
1392 6968 39.4594
1393 1704 34.4006
1393 2726 134.11
1394 1750 58.897
1394 3606 40.7662
1394 7170 44.3513
1395 2299 59.5482
1395 6461 35.1288
1395 6960 73.4048
1396 3249 49.9617
1396 5020 41.5259
1396 5465 69.6846
1396 5514 19.1939
1397 3672 80.7705
1397 3705 85.1235
1397 4149 83.4597
1398 4326 7.44643
1398 4741 77.6962
1398 6892 39.3715
1399 6021 28.2141
1399 6407 67.3995
1399 7318 98.2573
1400 6132 55.6332
1400 6641 7.8378
1400 6659 76.6594
1400 6739 29.6561
1401 2937 154.902
1401 4534 119.239
1401 6236 99.5815
1402 4503 48.1935
1402 5135 92.126
1402 5393 35.4942
1403 2954 48.7888
1403 5442 88.7706
1403 6327 90.6336
1404 1740 55.8371
1404 6463 23.0957
1404 7319 40.0106
1405 3056 32.0115
1405 4363 35.6463
1405 6632 61.0609
1406 3293 73.5744
1406 7130 73.0142
1406 7229 73.7062
1407 1442 38.6705
1407 4943 40.3015
1407 6487 48.1489
1408 3760 89.8102
1408 3911 60.6917
1408 5738 83.4728
1409 4458 81.9741
1409 4556 34.1537
1410 3911 64.4928
1410 6633 52.218
1410 6737 92.8392
1411 4952 39.801
1411 6144 8.17578
1411 6538 18.3069
1412 3259 97.0937
1412 6164 35.792
1412 7322 94.6789
1413 4119 76.3786
1413 4713 51.1513
1413 5294 53.0598
1414 3163 67.7737
1414 4870 51.827
1414 5795 87.001
1414 6305 36.2042
1415 3786 38.2792
1415 4953 47.5971
1415 5516 36.7347
1415 6013 51.1116
1416 2146 70.6426
1416 3734 9.04057
1416 6543 58.6601
1417 2970 71.968
1417 3574 67.9712
1417 4453 57.4293
1418 2736 58.2619
1418 2767 52.6857
1418 5633 92.7213
1419 4133 29.0251
1419 5701 51.1353
1420 1428 42.8218
1420 2210 89.2198
1420 2861 56.4217
1420 3077 54.9605
1421 3167 38.188
1421 6383 28.4764
1421 7317 81.6698
1422 3678 39.1641
1422 5783 72.6233
1422 6222 92.3378
1423 1597 62.4149
1423 4399 64.5637
1424 1671 87.1198
1424 4456 87.2981
1424 7183 18.3885
1425 4622 55.8498
1425 5359 34.4263
1425 6754 85.8677
1426 3975 55.2162
1426 4036 45.6573
1426 4673 55.5327
1426 4988 72.4946
1427 3148 30.7297
1427 3276 36.1521
1427 6911 36.5898
1428 5851 41.1599
1428 6866 58.3519
1428 7325 38.665
1429 2264 76.9687
1429 2314 39.3834
1429 3340 23.1245
1429 5400 112.826
1430 4966 77.8209
1430 5153 49.1389
1431 2805 36.9289
1431 4164 83.9222
1431 5349 128.301
1432 4315 48.8614
1432 4836 56.5429
1432 6370 23.3217
1433 3527 47.2516
1433 4775 57.9287
1433 5236 14.4338
1434 1546 85.9664
1434 1775 79.3177
1434 3042 33.0014
1435 4636 52.2314
1435 5234 34.9529
1435 5714 93.5564
1435 6436 12.5283
1436 3120 101.842
1436 4478 65.9372
1436 6927 53.4207
1437 2231 88.8074
1437 2524 54.3597
1437 3188 85.645
1437 5344 45.7906
1438 2370 47.6551
1438 3182 20.1906
1438 4633 36.5252
1438 5183 56.2467
1438 6759 48.0093
1439 1751 94.3273
1439 6399 41.534
1439 7225 46.9304
1440 2915 34.6398
1440 4173 50.9029
1440 5937 69.2461
1441 1525 93.1898
1441 4020 87.392
1441 6420 32.1993
1441 7073 60.007
1441 7302 72.0615
1442 4796 35.5449
1442 4943 69.8074
1442 5649 122.01
1443 5057 85.9744
1443 5660 32.8367
1443 6695 57.2134
1444 2437 65.2419
1444 4875 43.5394
1445 1794 26.0548
1445 4848 64.0883
1445 5082 19.9483
1445 5495 60.3254
1446 1748 89.4319
1446 2255 33.9834
1446 2277 12.6885
1446 5683 20.6353
1446 6415 62.4845
1446 7019 44.1585
1447 2386 48.6364
1447 3559 7.37013
1447 5474 50.8104
1447 5776 26.4327
1447 6475 50.6365
1448 5163 52.2396
1448 5269 34.9335
1448 7245 33.2549
1449 2704 14.7853
1449 4401 53.0862
1449 6748 54.2615
1450 2429 73.597
1450 4137 11.2759
1450 7155 63.7346
1451 4874 101.533
1451 5901 39.5808
1451 6278 81.0419
1451 7216 44.1534
1452 1699 54.4448
1452 5222 47.3984
1452 6858 68.1854
1453 5519 54.5395
1453 6109 117.391
1454 1878 78.7497
1454 2300 33.961
1455 4386 59.2389
1455 6890 30.0379
1456 4013 57.9896
1456 4612 45.2025
1456 4857 46.0372
1457 4826 63.0547
1457 6772 90.4534
1458 3987 61.0933
1458 5821 75.4354
1458 6351 45.0882
1459 2201 51.7472
1459 2791 47.8008
1459 3454 120.236
1459 5292 43.7576
1459 5959 46.8446
1460 3612 31.6422
1460 5146 37.2688
1461 2652 62.8093
1461 4083 44.1928
1461 4121 58.0246
1461 5116 75.8806
1461 6178 30.921
1462 2388 53.7626
1462 3682 35.8277
1462 5314 12.3109
1462 6940 42.7747
1463 2405 74.5448
1463 2741 91.0197
1463 6199 50.1417
1464 1467 53.2391
1464 4689 33.176
1464 5362 84.2035
1465 4348 88.9479
1465 6072 5.91414
1466 1882 28.0958
1466 3903 50.7452
1466 4389 95.03
1466 4404 19.1684
1466 6055 95.5518
1467 1551 48.1612
1467 2414 58.7725
1467 4689 70.0554
1467 5362 16.3073
1467 5409 88.5487
1468 3484 56.8637
1468 4842 2.82867
1469 6241 57.3637
1470 4624 27.3263
1470 6190 15.1741
1471 3310 72.4901
1471 5316 88.3117
1471 6819 54.0445
1472 3568 81.5381
1472 6265 68.2698
1472 6990 95.9587
1473 2403 23.1109
1473 3959 109.849
1473 6117 32.2831
1474 6217 39.8731
1474 6534 55.151
1474 6957 102.618
1475 5379 78.443
1475 6310 68.9175
1475 6994 40.1912
1476 1553 88.4052
1476 3222 108.181
1476 6020 35.9646
1476 6867 41.9229
1477 6153 23.6211
1477 7360 41.892
1478 3703 26.7372
1478 4330 39.642
1479 2749 31.3344
1479 5888 39.5088
1479 6242 32.8711
1480 2859 41.2465
1480 3027 68.0615
1480 5676 59.7777
1480 6494 25.6072
1481 3729 49.0246
1481 6078 19.8125
1482 1680 48.5771
1482 1843 39.7607
1482 5751 35.4728
1482 6374 43.9263
1483 3783 54.8511
1483 4391 64.287
1483 5758 67.7215
1484 2018 84.3428
1484 3640 96.6881
1484 3743 40.9583
1484 3981 98.1317
1484 4402 68.1573
1485 4226 68.192
1485 5324 86.2604
1486 2415 57.2349
1486 3967 47.0841
1486 5296 79.4379
1487 2300 78.0994
1487 5048 120.03
1488 2047 50.7229
1488 4573 69.9206
1488 5524 35.0764
1489 4342 44.9223
1489 4528 109.902
1489 6210 112.422
1490 5209 50.4588
1490 5511 87.9802
1490 6086 154.094
1491 3330 76.576
1491 3785 76.5079
1491 4135 43.5756
1492 2305 39.4158
1492 2431 37.0515
1493 4516 49.8146
1494 1767 101.379
1494 4830 125.398
1495 2081 86.7949
1495 6160 109.65
1495 7081 40.9946
1496 1724 54.3633
1496 3302 142.181
1496 7079 12.3015
1497 2908 111.734
1497 6273 111.441
1498 2752 54.6701
1498 4755 46.0324
1498 6106 71.1462
1498 6533 32.1114
1499 1718 47.1313
1499 2119 63.3337
1499 6202 50.6362
1500 4064 77.3858
1500 4354 14.838
1500 7346 30.9376
1501 1728 60.7241
1501 6092 56.232
1501 6856 67.9738
1501 7326 68.8158
1502 2320 47.0151
1502 2643 30.9056
1502 4306 35.5041
1502 4601 19.1813
1502 5190 54.8445
1503 1556 79.6817
1504 2703 65.0869
1504 7059 84.8411
1505 1986 25.7551
1505 2159 37.4705
1505 2517 13.7181
1505 5247 52.1663
1505 5471 48.5001
1506 4821 40.6361
1506 5187 94.3126
1506 5460 70.3646
1506 6219 41.1421
1506 6779 16.7495
1507 2659 40.8767
1507 2662 9.67789
1508 4282 136.846
1509 3750 44.1575
1509 4946 17.9203
1509 5094 57.7019
1510 7121 92.1405
1511 1555 44.6637
1511 4897 15.1921
1512 2665 2.50497
1512 4740 44.8779
1512 6201 69.2316
1513 1580 28.3321
1513 2169 47.9432
1513 6407 41.2604
1514 1673 113.196
1514 3530 72.6273
1514 5733 95.0304
1515 4594 28.2631
1515 5095 50.6632
1515 7069 70.6253
1516 2320 115.919
1516 4998 8.2084
1516 6476 142.349
1516 6956 109.465
1517 4303 65.3861
1517 4878 36.9718
1518 2589 48.8726
1518 2997 24.5202
1518 4527 8.49587
1518 4879 19.4384
1519 2060 48.9976
1519 4134 53.8422
1519 6067 47.6436
1520 2051 81.1583
1520 4630 17.8548
1521 2077 62.0648
1521 3289 64.2
1522 3395 109.791
1522 6666 102.735
1523 2984 53.4224
1523 3345 41.7645
1523 5734 9.71798
1524 6231 27.7023
1525 5843 58.8083
1525 7073 69.9322
1526 5807 110
1526 6167 121.758
1526 7153 86.6251
1527 4456 46.4989
1527 5041 60.3398
1527 5977 46.2049
1527 6157 44.6033
1528 4331 14.0765
1528 5839 37.8346
1528 6019 37.225
1529 6209 74.4659
1529 6490 34.6107
1530 3408 41.0083
1530 4856 28.5049
1530 4877 56.1593
1530 7143 30.3479
1531 1735 99.5373
1531 3745 99.4579
1532 3724 120.79
1532 5548 68.849
1533 1957 65.2612
1533 4645 6.04434
1534 2114 54.2184
1534 6719 78.995
1534 7195 73.6039
1535 3252 19.4197
1535 5263 40.6301
1536 1722 55.9981
1536 2690 52.7752
1536 3153 27.5221
1536 4019 46.6324
1536 5992 45.5493
1537 2837 60.0074
1537 3619 85.5489
1537 4804 46.4795
1537 5380 75.7947
1537 5382 88.8247
1538 3524 60.1754
1538 6712 56.83
1539 3595 42.583
1539 5037 20.8398
1539 5278 46.9362
1540 2027 33.5723
1540 4764 31.8576
1541 6137 131.846
1541 7088 142.653
1542 2038 65.2118
1542 2419 45.3232
1542 7328 57.647
1543 1822 69.7404
1543 2773 63.8811
1543 5565 62.4517
1544 3949 43.7345
1544 6128 28.2682
1544 6289 87.2579
1545 1751 117.168
1545 4701 80.1447
1545 6268 72.3286
1546 3825 58.6703
1546 4698 71.3786
1546 4809 79.4158
1546 5884 19.2762
1547 2188 68.3333
1547 2914 79.0529
1547 4352 46.7851
1548 3154 44.6457
1548 5726 32.7645
1548 6589 60.3662
1549 6291 33.051
1549 6773 94.2365
1550 2471 86.1969
1550 5533 63.5889
1551 2414 53.4333
1551 2674 49.1037
1551 5362 32.219
1552 4247 66.4126
1552 5462 52.4343
1553 6867 42.235
1553 7371 58.782
1554 3848 52.8893
1554 6323 31.4828
1555 4897 73.7775
1555 6834 71.0625
1555 7377 42.7634
1556 4517 100.376
1557 4443 87.963
1557 4816 71.3042
1557 5364 62.9964
1557 6435 68.292
1558 1951 29.1916
1558 3083 37.4616
1558 6012 44.9617
1558 7283 69.0773
1559 3054 29.8667
1559 6033 38.921
1560 4854 66.3983
1560 7285 40.7204
1561 3032 97.0139
1561 3263 75.2632
1561 4127 96.0046
1562 1898 37.7391
1562 3623 61.5086
1562 5115 35.8171
1563 2861 36.4449
1563 3077 45.1309
1563 3308 40.4943
1563 4504 96.2308
1563 4525 11.7456
1564 1636 69.9214
1564 1738 47.8619
1564 5348 45.1022
1564 5936 0.726757
1565 1654 80.0567
1565 2961 53.8466
1565 4045 38.9859
1565 5124 36.288
1566 1752 65.1076
1566 2788 78.7644
1566 2815 76.8572
1566 6616 11.7397
1567 2905 89.8774
1567 5387 30.9085
1567 6988 43.0726
1568 2840 7.22756
1568 4966 106.176
1568 6388 70.0653
1569 1620 26.8519
1569 2378 79.2766
1569 2449 66.2756
1569 5430 37.0122
1569 5999 78.6839
1570 2158 27.0529
1570 5502 59.914
1570 7012 69.6205
1571 2213 69.051
1571 4580 8.54458
1571 4583 100.512
1572 2463 45.9128
1572 3096 106.683
1572 3752 88.7672
1573 3341 103.17
1573 4599 22.2419
1573 5043 52.7481
1573 5721 67.8366
1574 2624 48.8884
1574 3402 73.0634
1575 5068 80.9067
1575 5231 92.0288
1576 1777 102.045
1576 3850 61.8632
1576 4617 55.6411
1576 6344 69.6235
1577 5414 64.9127
1577 6537 95.4607
1578 3115 88.979
1578 4240 55.4228
1578 4574 60.0181
1579 2806 140.066
1579 4359 119.307
1579 6393 89.1757
1580 6021 84.9841
1580 6407 14.696
1581 2173 84.937
1581 3581 85.3472
1581 5010 14.8416
1582 1910 33.3799
1582 5869 83.9672
1583 2901 66.211
1583 6258 42.8261
1584 1614 82.7359
1584 4624 103.191
1584 5184 48.6774
1584 5232 61.2699
1585 2136 39.8147
1585 4262 23.5939
1585 4525 54.8489
1586 5274 24.5518
1586 6045 68.3506
1586 7364 77.2805
1587 1599 28.8853
1587 2955 47.4006
1587 6061 49.5623
1588 3992 17.4827
1588 5386 36.6992
1588 7280 15.0821
1589 1894 60.5364
1589 4112 49.9277
1590 4103 47.4592
1591 1600 47.719
1591 1730 67.888
1591 3844 58.4382
1592 6357 46.096
1593 4760 99.2473
1593 5731 68.4667
1593 7262 38.5908
1594 2183 106.91
1594 3842 41.1965
1594 7231 40.426
1595 2016 24.8988
1595 2236 98.8609
1595 2786 61.3827
1595 3427 11.0302
1596 2701 56.1998
1596 5240 64.2475
1596 6609 23.4778
1597 4200 49.6941
1597 4399 140.664
1598 1795 23.6462
1599 3862 36.9392
1599 5202 51.8271
1599 6061 81.1484
1600 2880 46.111
1600 4031 29.5141
1601 2561 115.569
1601 4649 75.6867
1602 6161 32.3117
1602 7035 28.4177
1603 2154 119.203
1603 2920 85.6746
1603 5800 108.891
1604 1773 81.6919
1604 4669 54.9972
1604 5126 42.787
1605 3170 35.9162
1605 3721 9.43382
1605 6673 49.0893
1606 2796 53.1765
1607 4921 55.0435
1607 6954 114.366
1608 2346 26.5529
1608 6093 88.3579
1608 7244 33.2861
1609 1731 75.6041
1609 4289 37.7978
1610 2274 147.563
1610 3498 28.2007
1610 7057 102.116
1611 1936 59.8143
1611 2843 50.4648
1611 3657 52.5012
1612 2034 38.8497
1612 2781 25.0754
1612 3218 60.5189
1612 5440 80.4114
1613 4448 57.2265
1613 4887 70.8126
1613 6503 29.1163
1614 2995 64.5913
1614 5184 49.0075
1615 4078 39.5159
1615 5332 49.9151
1615 6322 69.0459
1616 3725 35.6389
1616 4719 17.1063
1616 5667 61.4553
1617 2426 62.0752
1617 6105 52.528
1617 6131 50.8808
1618 3647 11.2952
1618 4659 67.1267
1619 4662 33.0838
1619 5882 65.8527
1619 6644 33.1146
1620 5430 47.5388
1620 5999 36.7758
1621 3755 92.2951
1621 4976 71.3089
1622 6822 41.1446
1623 3108 41.3124
1623 4800 34.6104
1623 5412 32.3926
1623 7295 32.449
1624 2117 53.5987
1624 4074 136.743
1625 3471 52.7361
1625 4587 170.756
1625 6631 82.0343
1626 3082 92.7943
1626 5515 68.9137
1626 6646 42.4165
1627 2717 85.6521
1627 3532 98.3748
1627 7219 50.3507
1628 1997 99.0702
1628 3831 85.9439
1628 4539 128.213
1628 7331 95.0176
1629 2269 56.7944
1629 3707 49.9324
1629 4376 62.0599
1629 4818 33.3637
1630 4254 20.4844
1630 4823 59.0553
1630 5152 32.9749
1631 3282 50.1957
1631 3836 35.1843
1631 4311 97.4643
1631 5127 82.3862
1632 2634 75.132
1632 2958 129.144
1633 5463 88.2789
1633 6457 6.67192
1634 1697 93.4096
1634 1991 65.7721
1635 7205 13.0977
1635 7280 27.4064
1636 5348 25.4952
1637 1773 73.4528
1637 2737 102.389
1637 3024 62.3647
1637 5444 125.904
1638 1741 64.191
1638 5669 19.8516
1638 6814 53.4423
1639 2110 120.01
1639 4169 63.1187
1639 6681 11.9755
1639 6795 98.8145
1640 4427 55.9269
1640 5784 46.411
1640 7261 12.6031
1641 1746 86.8118
1641 4676 64.0183
1641 6173 32.9653
1642 2714 42.2775
1642 2734 50.999
1642 3014 32.0459
1642 6406 28.7252
1642 6445 30.5767
1643 3296 106.85
1643 3567 64.6603
1643 3853 144.839
1643 7302 55.3022
1644 2453 49.7386
1644 2491 92.4544
1644 5421 72.175
1645 3955 97.102
1645 4144 69.3267
1646 1962 95.1137
1646 4366 67.2598
1646 6307 89.3941
1647 3302 66.963
1647 4140 54.2981
1647 6561 58.5692
1648 2015 43.3947
1648 4654 72.6754
1649 3107 62.528
1649 4442 101.069
1649 4593 46.0528
1649 6708 80.5793
1650 1874 49.3454
1650 1980 101.143
1650 2009 64.9888
1650 2869 33.3923
1650 5483 55.6255
1651 3270 64.3304
1651 3837 49.0563
1651 5667 62.1471
1651 6926 34.2812
1652 2246 90.2271
1652 3514 54.8541
1652 6786 45.7812
1653 2210 86.4062
1653 4440 113.806
1653 5654 194.34
1654 2028 94.1493
1654 2961 100.42
1655 4035 49.2377
1655 5700 13.5521
1656 3552 39.847
1656 5526 18.3746
1656 7008 65.4235
1657 1854 16.8771
1657 3928 37.6267
1657 4550 71.7357
1658 2585 72.382
1658 3693 41.8245
1658 6287 91.295
1658 7298 29.1783
1659 2658 72.0413
1659 4311 35.6672
1660 1703 100.406
1660 5909 32.4697
1660 6314 62.3536
1661 1963 94.0418
1661 3931 48.9342
1661 4790 102.466
1661 7060 62.7155
1662 1821 47.5956
1662 3738 66.9698
1662 5827 57.3729
1663 1664 51.5794
1663 2476 7.11551
1663 3974 26.947
1663 4173 56.3533
1663 4885 53.6385
1664 2476 68.9695
1664 3339 10.0153
1664 4717 52.5664
1664 7305 55.8842
1665 2363 31.4032
1665 3943 57.9694
1665 6531 102.351
1665 7169 23.136
1666 3421 61.5165
1666 4129 35.2139
1666 7375 11.8141
1667 4922 120.771
1667 6217 60.2557
1667 6232 73.8806
1668 3047 53.1179
1668 3566 45.4295
1668 3803 45.1861
1668 6958 85.8167
1668 7109 46.3525
1669 2512 15.7717
1669 2514 61.9175
1669 5772 43.2664
1669 7121 57.1556
1670 1768 44.0191
1670 1848 5.13365
1670 2893 57.1303
1670 3114 33.1987
1670 6504 55.4241
1671 5807 72.198
1671 7183 134.053
1672 1842 80.8401
1672 2163 81.9792
1672 4547 87.3685
1672 6311 44.2868
1672 7044 60.1006
1673 2192 62.3591
1673 4419 144.553
1673 5733 124.457
1674 2179 39.9882
1674 3147 15.8499
1674 3755 42.445
1675 3789 22.1876
1675 5927 0.84964
1676 2500 23.6507
1676 3094 84.7977
1676 3234 67.9034
1676 4425 75.5552
1677 5674 48.8796
1677 6549 133.398
1678 2231 84.1993
1679 2607 103.334
1679 3989 28.5137
1680 1843 46.0411
1680 3846 80.7072
1680 5017 78.7697
1680 6774 58.1346
1681 3002 50.8794
1681 3220 13.5385
1681 3274 43.7264
1681 3552 65.9204
1682 5679 78.3972
1682 6666 108.229
1682 6820 79.8579
1683 1870 57.8742
1683 4177 57.2778
1683 5107 54.9518
1683 5179 48.0695
1683 7347 116.655
1684 1721 34.5414
1684 5391 20.5295
1684 6194 2.45344
1685 3465 56.4503
1685 3624 80.4464
1685 7349 64.4016
1686 2874 57.8431
1686 7112 62.9567
1687 1938 52.5016
1687 2573 31.3464
1687 4371 49.418
1687 6910 65.4265
1688 2389 5.45141
1688 6425 37.6713
1688 6974 75.3763
1689 3455 58.8713
1690 2268 12.5333
1690 5504 42.335
1691 3285 50.7248
1691 3832 106.384
1691 6036 84.219
1692 2747 82.6094
1692 3201 19.9551
1693 3935 14.2362
1694 2219 27.3292
1694 2925 18.1043
1694 4607 57.7245
1694 6529 32.7454
1695 3891 110.166
1695 5437 86.389
1695 6792 22.1018
1696 2552 56.5411
1696 2931 78.0793
1696 3232 54.6942
1696 3983 71.2077
1697 1991 30.7746
1697 4438 81.9871
1697 6560 89.6242
1698 3050 60.4148
1698 3538 68.2805
1698 3942 58.1016
1698 4416 85.0566
1699 5222 73.3604
1700 2493 52.8644
1700 4570 43.9004
1700 7050 82.8917
1700 7224 83.0065
1701 2846 77.5015
1701 2849 79.9511
1701 6140 18.6781
1701 6864 56.1297
1702 4122 8.44566
1702 4792 17.2824
1702 6525 79.3717
1702 6553 40.5315
1703 3362 89.7004
1703 5909 51.3789
1703 6828 44.6394
1704 4061 91.5621
1705 1761 79.3
1705 4108 73.8157
1705 5522 69.3249
1705 5947 40.3477
1706 2342 51.5973
1706 3447 58.2602
1706 5346 71.5079
1707 1796 14.7931
1707 3096 97.3822
1707 3752 130.007
1708 2083 98.1644
1708 6500 27.6239
1709 1790 35.8942
1709 6814 23.2098
1710 4488 68.8759
1710 6115 2.70301
1710 6648 31.2392
1711 3240 71.8511
1711 4055 99.7447
1711 4238 54.9988
1711 6392 84.8906
1712 6261 67.0762
1712 6831 48.8701
1713 4045 45.5632
1713 4829 97.259
1714 6501 59.8322
1714 6885 92.0674
1715 1833 99.2401
1715 2171 13.344
1715 4207 52.198
1715 6634 129.302
1715 7096 64.8655
1716 4935 44.4675
1716 5158 69.8253
1716 5486 126.463
1717 2643 66.2291
1717 3863 64.6151
1717 5190 37.0814
1717 6966 48.8773
1718 2119 53.1496
1718 6202 51.0631
1719 6185 47.7749
1719 7318 77.4073
1720 3443 34.9576
1720 4936 70.5816
1721 2834 25.7424
1721 5391 17.8251
1721 6194 29.8493
1721 7291 23.3389
1722 2198 47.4241
1722 2690 26.8697
1722 3153 45.4412
1722 5992 91.7442
1723 1800 109.865
1723 5422 37.6996
1723 5966 70.4979
1723 6851 46.6516
1723 7104 84.9475
1724 3346 67.1231
1724 5491 93.0037
1724 7079 80.5917
1725 4777 19.3211
1725 6148 86.117
1725 6197 88.7921
1725 6550 32.4261
1726 1834 81.5848
1726 2229 62.1151
1726 6311 24.569
1727 3432 11.4023
1727 3777 8.36341
1727 4271 33.3652
1727 6564 35.6306
1727 6964 14.705
1728 4021 72.6997
1728 4347 75.9829
1728 6092 57.9767
1728 6856 91.0584
1729 5149 97.3496
1729 6614 78.5927
1729 7128 44.7569
1730 2495 116.83
1730 2580 43.2786
1730 5960 45.9123
1730 6458 46.1183
1730 7054 53.5228
1731 2139 27.8334
1731 5573 49.2119
1731 5926 41.75
1732 2279 104.993
1732 5916 99.8923
1733 2711 91.128
1733 4538 103.791
1733 6240 83.9997
1734 4016 27.7684
1734 5560 6.82783
1734 7255 75.9516
1735 6276 12.472
1736 1815 38.5311
1736 2012 45.3558
1736 2065 56.4363
1736 3966 40.158
1737 4393 72.5182
1737 5857 18.468
1737 7089 52.3116
1738 5936 41.5266
1739 3360 55.7038
1739 4235 58.5575
1739 4774 85.0715
1739 6574 12.2859
1740 5299 54.9558
1740 6463 43.5784
1741 6383 54.3782
1742 3035 64.8204
1742 5581 86.0295
1743 2245 25.8924
1744 2164 80.2421
1744 6295 85.902
1745 3463 72.6842
1745 4741 41.2768
1746 6173 63.1278
1747 1868 64.1636
1747 2917 48.9369
1747 3399 80.3983
1748 2255 40.5725
1748 6446 40.8404
1749 2834 60.1234
1749 7291 64.875
1749 7345 49.5198
1750 2362 73.8033
1750 5938 44.5724
1750 6422 19.3588
1750 7247 30.4527
1751 2750 85.3274
1751 6268 24.3063
1752 1829 152.118
1752 2788 8.4431
1752 4174 90.6867
1753 3411 58.9057
1753 6028 43.9539
1753 6881 47.3908
1754 2625 44.7858
1754 4641 60.6316
1754 4646 56.131
1755 5919 70.3698
1755 6081 100.559
1755 7270 44.1651
1756 5913 24.1137
1757 2069 79.3107
1757 2911 26.5491
1757 4014 46.0855
1757 4558 90.6506
1757 5133 109.266
1757 5641 87.2885
1758 6088 64.909
1759 2284 99.0494
1759 2972 60.4863
1759 7078 33.849
1760 5809 30.9028
1760 6804 90.9007
1761 4108 100.518
1762 1828 71.2917
1762 3495 76.6811
1762 5464 116.991
1763 1822 25.1349
1763 3235 15.3757
1763 5959 83.9969
1764 2344 68.295
1764 3184 41.4753
1764 3529 25.8163
1765 2216 23.5386
1765 2924 68.9324
1766 3503 123.913
1766 3960 116.131
1766 6258 102.268
1767 1929 55.0888
1767 3057 99.5514
1767 3264 107.403
1768 1848 53.2247
1768 1949 110.629
1768 2893 13.8279
1769 3445 15.5176
1769 4069 97.7172
1770 2068 66.2022
1770 3773 93.3295
1770 6472 34.5982
1770 7127 74.9949
1771 1992 63.6361
1771 2755 106.489
1771 5050 24.2533
1772 1844 57.6895
1772 2635 90.2519
1772 4996 105.638
1772 6754 72.3636
1773 4600 35.0505
1774 4320 21.8021
1774 5254 99.9291
1774 6555 24.1656
1775 3825 38.2734
1775 4809 54.7044
1775 5884 65.5572
1776 2684 69.7429
1776 2976 33.0829
1776 3483 76.4769
1777 2676 105.445
1777 3808 93.0185
1778 7013 84.946
1779 5508 89.4258
1779 7039 97.1507
1780 2707 76.5563
1780 3576 96.1717
1780 4023 23.1739
1781 5590 72.1124
1781 5948 51.3728
1782 4929 40.2453
1782 7156 62.837
1783 3370 70.2037
1784 3265 57.7914
1784 4591 82.1019
1785 6005 44.4383
1786 2650 110.631
1786 5207 45.6586
1787 2753 80.5792
1787 5165 14.5711
1787 6480 93.3245
1787 7199 144.062
1788 2826 81.8426
1788 5610 95.9779
1788 6653 79.9867
1789 2965 72.7158
1789 3306 97.488
1789 4508 30.7978
1789 5166 78.0188
1789 6767 34.7701
1790 6814 54.956
1791 3999 107.919
1791 4062 82.0108
1791 5411 80.2601
1792 2331 34.1588
1792 4195 51.2245
1792 7120 59.9588
1793 1999 92.4956
1793 4267 18.5422
1794 2773 69.7067
1794 5082 12.6655
1794 5495 40.2074
1795 5324 79.6769
1796 3096 126.669
1796 4101 87.1399
1796 4768 165.414
1797 4059 96.8059
1797 6149 87.2865
1797 6342 44.4724
1798 3731 50.3363
1798 5830 22.5869
1798 7362 94.8574
1799 3277 7.13496
1799 3813 16.4098
1799 4457 123.323
1799 6130 44.8803
1800 5587 111.966
1800 7104 35.9594
1801 6212 27.2514
1802 3855 19.953
1802 5339 113.818
1803 3677 56.3577
1803 4055 70.8717
1803 4549 33.3182
1803 5608 14.7269
1804 3932 26.8077
1804 4418 9.60306
1804 6679 35.9929
1805 5890 58.3787
1806 4007 38.7294
1806 5647 14.3886
1806 6066 46.2505
1806 7077 62.1917
1807 3544 92.7332
1807 7225 101.351
1807 7277 111.311
1808 4949 23.4181
1808 5052 84.6432
1808 5350 90.8678
1809 2432 130.146
1809 2731 52.4907
1809 5825 55.1204
1810 1849 63.6946
1810 1894 38.3218
1810 5976 54.4441
1811 2376 55.225
1811 2899 95.2181
1812 2900 94.6338
1812 2977 94.8108
1812 4077 74.5594
1812 6702 92.0767
1813 1862 27.7909
1813 4237 78.6867
1813 5484 61.6712
1814 2006 40.4278
1814 3875 72.6224
1814 6200 57.5487
1815 3455 50.5631
1815 3553 56.991
1815 7042 46.5701
1816 3305 56.9067
1816 4510 82.3195
1816 5481 56.7463
1817 2224 39.7119
1817 3535 13.395
1817 5642 41.184
1818 2663 8.28488
1818 2806 59.1372
1818 4359 51.2262
1818 6430 27.4159
1819 4728 54.2632
1819 6348 85.4922
1819 7197 115.67
1820 4028 107.53
1820 5060 72.2933
1821 3644 56.604
1821 5505 41.3912
1822 1930 85.0791
1822 3235 33.5491
1822 5959 92.8678
1823 2739 24.3058
1823 4776 47.2616
1823 4806 41.9492
1823 6853 55.5966
1824 3319 52.3184
1824 7331 38.4477
1825 2065 60.9328
1825 3033 77.328
1825 4824 77.634
1826 4313 62.8194
1826 4364 55.7937
1826 5277 64.0546
1827 2895 20.8646
1827 3555 93.4333
1827 3727 32.1089
1827 6750 62.1988
1828 2954 110.718
1828 3312 38.2154
1828 4894 79.2591
1829 2161 155.718
1829 4174 49.1403
1829 5878 94.4066
1830 4087 52.9369
1830 5205 26.3647
1830 5982 52.736
1831 5026 58.7209
1831 5435 14.6641
1831 6850 58.8879
1832 2912 54.3141
1832 3948 62.3789
1832 7151 73.5364
1832 7271 72.2544
1833 2171 132.843
1833 4205 78.7626
1833 7096 85.6757
1834 1961 22.3116
1834 3860 24.9689
1834 5898 35.9772
1835 2569 37.8912
1835 5799 55.8098
1836 3106 30.6305
1836 5436 16.9675
1836 5952 50.1587
1837 4004 106.001
1837 4637 85.0909
1837 5685 78.6802
1837 7055 127.349
1838 3326 31.2948
1838 4972 78.0129
1838 7342 24.5133
1839 2588 78.7809
1839 2607 86.9963
1839 3989 133.955
1839 4249 13.4761
1840 5531 46.9402
1840 5955 83.9796
1841 3731 43.6509
1841 4900 51.6282
1841 6220 85.3938
1842 2163 9.81986
1842 6145 38.0918
1842 6311 102.987
1843 3064 62.6472
1843 5779 21.8278
1843 6374 61.828
1844 5354 61.6313
1844 6754 35.3793
1845 3193 28.2955
1845 4958 19.713
1846 2239 89.1697
1846 5399 110.101
1846 6841 34.4206
1847 2076 78.6134
1847 2178 48.7429
1847 2541 55.0599
1847 4254 42.7055
1847 5828 32.6006
1847 6600 114.416
1848 2893 51.9632
1848 3114 23.6655
1848 6504 43.1209
1849 5282 48.7044
1849 5976 55.219
1850 2369 22.8518
1850 7145 31.384
1851 2191 35.9395
1851 4065 96.3751
1851 6717 8.35977
1851 7354 39.5302
1852 4113 79.8889
1852 4141 81.0788
1852 5196 47.6894
1853 2969 58.5873
1853 3585 84.2619
1853 7333 65.8613
1854 2993 68.8288
1854 4550 45.3614
1855 3318 111.241
1855 5078 109.071
1855 5255 57.252
1855 5517 35.466
1856 3577 57.5146
1857 3006 61.341
1857 5404 128.049
1858 4170 75.5003
1858 4492 68.3416
1859 2504 65.2712
1859 3470 38.792
1860 6031 77.4395
1860 6083 106.131
1861 3870 19.4296
1861 4433 40.5609
1861 4750 38.3662
1861 5902 50.2425
1861 7058 30.4969
1862 4237 55.1177
1862 5484 41.4308
1863 2153 96.4513
1863 5148 42.2686
1863 5370 69.5033
1863 5372 44.0413
1863 5521 82.4406
1864 6214 105.681
1864 7309 69.6373
1865 2004 84.5106
1865 2973 54.9516
1865 5484 106.173
1866 6559 103.763
1866 7099 174.944
1867 2941 30.8878
1867 3961 35.2568
1867 5066 67.4733
1868 5069 105.404
1869 5331 62.0236
1869 6749 86.563
1869 7061 93.8931
1870 2764 146.647
1870 3621 39.8662
1870 5107 32.0712
1870 5179 36.9339
1871 2424 47.9765
1871 4327 69.2987
1871 4613 36.4242
1871 5250 72.0336
1872 2127 19.4455
1872 3847 46.6414
1872 5313 79.928
1872 5777 21.1389
1872 5834 27.7261
1872 7179 65.2776
1873 1915 33.035
1873 3187 56.3101
1873 5895 42.8959
1874 3200 61.1468
1874 4518 42.0495
1874 4802 16.3324
1874 5483 75.5563
1875 2162 64.1469
1875 3937 20.3735
1875 4771 50.6311
1875 5941 38.2557
1876 2218 35.1496
1876 4529 79.1508
1876 4766 61.1283
1876 5208 50.9642
1877 4571 93.941
1877 5392 75.1232
1877 5428 32.3302
1877 6896 18.2662
1878 2300 85.5493
1879 3953 61.0364
1879 4126 109.981
1880 4970 56.2243
1880 5582 41.8284
1880 6958 31.4676
1880 7109 66.1926
1881 2375 58.8536
1881 4479 45.8315
1881 6269 58.2568
1882 3903 12.7148
1882 4404 5.19627
1883 6439 104.231
1883 6789 48.0945
1884 2270 19.555
1884 3810 37.1839
1885 2265 65.833
1885 3434 28.2843
1886 2844 12.6973
1886 4979 17.6067
1887 1902 58.2908
1887 6516 70.0004
1887 6975 75.6218
1888 6680 38.7111
1888 6715 113.025
1889 4205 64.4983
1889 4356 104.536
1889 5689 12.9973
1890 2385 76.3909
1890 2975 115.522
1890 3530 58.5321
1890 3921 63.6232
1891 2025 55.4033
1891 4611 47.6771
1891 5530 65.2628
1891 6387 66.0736
1892 2296 41.698
1892 2462 73.4018
1892 4176 9.41914
1893 1918 58.4531
1893 4994 48.426
1893 6371 87.7465
1894 3886 48.0099
1895 3148 21.7251
1895 3984 89.9679
1895 4454 56.499
1896 2212 130.244
1896 3822 105.99
1896 5364 69.0053
1897 3612 120.921
1897 4669 59.6497
1897 5126 52.6074
1897 5146 50.1664
1898 2593 35.2375
1898 3623 28.2186
1898 5115 38.0436
1899 2857 35.6261
1899 4070 59.3565
1899 6085 48.1427
1900 3191 76.3237
1900 4964 122.282
1900 5389 34.7761
1901 3608 71.5737
1901 4184 96.2076
1901 5791 116.572
1902 2453 55.434
1902 2491 67.8531
1902 6516 30.7446
1903 3175 26.0999
1903 4012 78.0782
1903 4855 76.6396
1903 6340 83.965
1903 6922 31.8017
1904 2904 115.116
1904 4859 103.038
1905 2571 23.4214
1905 3712 64.1316
1905 5495 23.0016
1906 2156 65.5304
1906 3819 33.3952
1906 4134 48.2487
1907 2689 33.8111
1907 4476 49.6309
1907 5479 48.6014
1907 5724 21.0948
1908 2373 58.4798
1908 4686 58.9224
1908 6343 40.6288
1909 3359 55.6916
1909 6029 33.434
1910 5869 62.9527
1911 2672 34.2485
1911 4143 43.0488
1911 5574 28.0294
1912 3951 69.8945
1912 4197 56.5431
1912 4990 31.2493
1913 3871 29.3976
1913 5538 66.7498
1913 6207 17.4795
1914 4999 92.503
1914 6129 57.3786
1915 2916 32.192
1915 3187 58.8273
1915 5895 2.02391
1915 5958 36.1847
1916 3504 42.1202
1916 3824 5.92243
1916 4248 47.592
1916 5570 7.13886
1917 2521 60.0735
1917 4664 80.9474
1917 5499 78.6996
1918 4740 42.3358
1918 6201 51.4418
1919 3394 28.7849
1919 6365 57.539
1919 6650 82.3088
1920 4121 43.505
1920 4424 47.6273
1920 6665 66.4361
1920 7329 61.3746
1921 3804 65.3787
1921 4779 62.1193
1921 4995 43.4982
1922 2712 89.2835
1922 5295 108.752
1922 6343 62.0424
1923 4214 70.2716
1923 6846 44.8305
1923 7034 89.4083
1923 7139 68.9263
1924 4012 29.3566
1924 5118 61.5529
1924 6922 29.8289
1925 2523 12.3768
1925 2995 70.9631
1925 5766 3.3845
1926 2165 25.4651
1926 4692 90.3559
1926 6094 28.0776
1926 6802 29.1593
1927 3005 75.7856
1927 3596 105.389
1927 4872 77.2838
1928 4381 55.4227
1928 4437 57.1503
1928 5864 73.2377
1928 6584 35.5266
1929 3264 25.4101
1930 3235 78.6925
1930 3320 27.6567
1931 2564 68.8217
1931 6690 93.2271
1931 7313 72.5116
1932 3135 48.2634
1932 4498 65.7007
1933 3512 31.1539
1933 4747 121.822
1933 7045 103.016
1934 2501 13.0705
1934 6254 64.2642
1935 2697 92.2474
1935 4442 37.9747
1936 2388 77.0297
1936 4226 29.3197
1937 5402 56.7684
1937 5523 21.8619
1938 2573 14.4268
1938 4371 45.8782
1938 5508 35.3176
1939 2231 44.3933
1939 4178 46.6021
1939 5101 45.9646
1940 3701 13.6018
1940 5306 42.3875
1941 4500 80.3135
1941 4666 52.2016
1941 4905 56.3944
1942 2669 81.709
1942 4411 86.6079
1942 4483 88.9211
1943 2885 43.193
1943 5173 72.2312
1943 6631 76.7249
1944 4720 79.4968
1944 5221 34.6706
1944 5684 37.4772
1945 2244 33.2529
1945 2818 59.8654
1945 2991 94.5654
1945 3861 93.1349
1946 6064 37.5913
1946 6489 54.9912
1946 6756 43.9179
1947 3533 39.2046
1947 6183 5.35452
1947 6709 63.3002
1948 2693 69.3101
1948 4909 26.8933
1948 6299 42.6699
1949 2893 62.3069
1950 2075 65.7087
1950 3791 37.8222
1950 5867 59.3013
1950 6932 44.6458
1950 7171 120.094
1951 3083 32.0397
1951 7283 56.8417
1952 3605 23.9596
1952 5742 124.233
1952 7316 76.0973
1953 2822 108.285
1953 3219 58.1377
1953 5143 50.1652
1953 5358 105.45
1954 6261 61.3928
1955 2845 93.1816
1955 4485 70.8406
1955 7065 44.908
1956 1994 45.6492
1956 3550 31.252
1956 6158 109.211
1957 2417 27.4072
1957 4645 71.2071
1957 5893 83.9342
1957 6635 68.9829
1958 3203 21.4419
1958 6419 32.2913
1958 6551 37.4669
1959 3104 60.5257
1959 4360 24.0117
1960 2423 61.8996
1960 2543 47.6534
1960 4001 52.9483
1960 4370 78.0327
1960 6603 58.2149
1961 3860 10.0572
1961 5898 13.5992
1962 4366 75.3291
1962 4736 69.5736
1963 3866 93.9198
1963 6074 31.4048
1964 4417 114.837
1964 6361 84.601
1965 2645 51.5293
1965 4261 51.023
1965 5142 12.4563
1966 3197 57.6464
1966 4350 102.27
1966 6356 99.8962
1967 5747 71.8627
1967 6437 80.2592
1968 6539 78.5143
1968 7217 65.2842
1969 2212 83.8482
1969 2262 73.9956
1969 6547 17.9941
1970 2400 65.8082
1970 6528 64.7217
1970 7193 36.033
1971 4756 60.8955
1971 5012 103.98
1971 7003 86.7867
1972 3238 16.2145
1972 6056 69.5953
1972 7036 63.0162
1973 2044 50.6222
1973 2582 98.3712
1973 5220 87.3245
1974 6386 55.3452
1974 7015 64.7916
1975 2436 94.5437
1975 6808 85.2268
1976 2241 63.7319
1976 5733 41.3766
1976 6570 16.394
1977 4060 17.8353
1977 4480 38.1086
1977 7273 47.0494
1978 2109 22.2472
1978 7259 106.148
1979 2605 68.1804
1979 3185 57.7447
1979 3549 60.2809
1979 6523 96.2654
1980 2869 68.2213
1980 3200 55.6684
1981 2716 25.3679
1982 2372 45.0308
1982 2533 80.9613
1982 4464 84.7838
1982 5251 43.1843
1982 6752 25.7528
1983 5099 73.3483
1983 7173 54.1908
1984 5015 79.2083
1984 6804 47.9426
1984 7289 48.3485
1985 3910 66.4891
1985 4401 71.9246
1985 6734 45.6895
1985 6748 89.7782
1986 2312 30.0319
1986 2517 23.8205
1986 3003 76.0971
1986 5247 54.4915
1986 5471 19.1629
1987 4500 115.799
1987 6553 136.472
1988 2698 25.7938
1988 5261 49.8746
1989 3540 84.8764
1989 3858 122.729
1989 4116 37.4809
1989 5962 51.5822
1989 7116 45.6739
1990 4007 54.6039
1990 5647 68.5625
1991 4438 50.8967
1992 5050 80.9279
1992 5836 85.9088
1992 6655 78.6729
1993 3319 100.195
1994 3550 67.1402
1995 2172 24.687
1995 4199 141.193
1995 5937 65.0988
1996 3772 7.60557
1997 5204 70.6798
1997 7331 48.3011
1998 2951 53.9114
1998 6068 65.5845
1998 6791 107.564
1999 4267 78.0906
1999 4864 76.1612
2000 2087 80.9045
2000 2608 84.2451
2000 2985 70.4061
2000 3661 55.0387
2000 5601 85.7553
2001 2983 44.9359
2001 4734 77.6493
2001 5853 94.3863
2002 3325 69.9186
2002 5943 51.8563
2003 3272 79.6722
2003 5005 70.181
2003 5939 61.2059
2003 6204 68.0016
2003 7181 90.0169
2004 2973 70.2432
2005 3287 74.1193
2005 3887 57.1744
2005 4545 64.9417
2005 7119 37.7528
2006 2977 112.108
2006 5718 68.1478
2006 6200 75.184
2007 4198 47.4664
2007 5550 77.6556
2008 2526 95.7265
2008 5053 55.5427
2008 5968 113.364
2008 7387 79.6748
2009 2869 44.9434
2009 4685 97.7788
2009 6944 88.0575
2010 3349 34.5913
2010 6701 28.7897
2011 2938 15.942
2011 5024 62.4342
2011 5283 102.61
2011 7383 103.777
2012 3033 80.6241
2012 3049 44.0367
2013 2444 73.3522
2013 2529 90.7255
2013 2825 98.8926
2013 3718 101.997
2014 2757 75.6929
2014 2778 47.6715
2014 3178 23.4963
2015 4654 40.2927
2015 6626 104.874
2016 2236 115.547
2016 2786 30.3133
2016 3427 33.2793
2017 4832 65.0504
2017 5824 33.0633
2017 5994 85.0566
2017 6132 52.9722
2018 3003 28.3677
2018 5247 67.2643
2019 4830 54.0054
2020 2087 20.451
2020 2985 100.029
2020 3882 58.1924
2021 4716 53.5325
2021 5670 86.99
2022 2447 34.8794
2022 4441 54.4039
2022 7161 18.3734
2023 2424 44.3786
2023 4613 70.9525
2023 5151 37.0321
2023 7340 57.3213
2024 2723 81.0959
2024 3344 77.3557
2025 3388 59.1387
2025 4611 38.1246
2025 6387 80.066
2026 3980 59.871
2026 7268 115.769
2026 7296 22.8805
2027 4764 21.1729
2028 2961 24.4905
2028 3431 56.6568
2028 4318 33.9218
2029 2556 15.719
2029 2866 60.7308
2029 6357 56.5927
2029 6410 55.1466
2029 6889 37.7521
2030 4175 115.862
2030 6598 105.302
2030 7321 80.1187
2031 2866 51.9811
2031 3072 21.4242
2031 7361 28.7138
2032 2056 22.0245
2032 2636 21.9092
2032 3482 75.3631
2032 6892 82.7504
2033 3090 88.9
2033 5437 29.7301
2033 6286 45.8821
2034 2781 8.41109
2034 3218 28.6411
2034 3462 35.4646
2034 7286 84.6215
2035 2829 109.394
2035 3084 31.2755
2035 3088 49.6819
2036 2850 37.9748
2036 5000 20.0836
2037 3499 83.3743
2037 6355 52.4861
2037 7212 54.4845
2038 3811 72.3985
2038 4604 22.0314
2038 6548 50.8693
2039 2114 61.845
2039 5531 61.1819
2039 6545 17.3717
2039 7195 23.5634
2040 4257 35.6136
2040 6389 24.5803
2041 5832 54.0849
2041 5856 19.2554
2041 6795 35.6771
2042 6075 96.3278
2043 6070 54.8805
2043 6101 70.2551
2043 7215 86.6655
2044 5011 61.1853
2044 6149 64.0373
2045 2832 87.5952
2045 3036 47.1064
2045 4389 60.656
2046 3638 67.0152
2046 3858 95.9826
2046 4491 41.4343
2046 5788 21.6438
2047 2483 87.7833
2047 4037 88.0684
2047 5524 71.0502
2048 5266 90.909
2048 6381 58.2067
2049 2497 17.8948
2049 2751 39.7361
2049 6493 65.0513
2049 7038 17.0452
2050 6423 34.5488
2050 7335 49.4657
2051 4093 73.8749
2051 4630 40.1319
2051 7101 74.0387
2052 4995 49.7669
2052 5233 29.9108
2052 6604 54.2182
2053 5847 54.1159
2053 6176 107.268
2054 2567 49.7675
2054 6497 87.8969
2054 7006 72.5092
2055 4726 23.0281
2055 7075 41.3526
2056 2636 7.40275
2056 3393 63.5131
2057 3091 68.915
2057 6639 50.9555
2058 2086 45.8047
2058 2655 16.2153
2058 3313 47.3064
2059 3036 140.771
2059 3193 76.6231
2059 5181 54.1607
2060 4134 69.9764
2061 3761 40.6845
2061 3881 7.93735
2062 3520 73.9209
2063 5214 55.3703
2063 5871 65.4336
2063 6358 107.703
2064 3495 102.428
2064 3798 35.0998
2065 3966 37.7998
2066 2283 95.7438
2066 2359 63.6232
2067 3833 72.3173
2067 4547 91.2057
2067 7044 52.6661
2067 7275 26.3195
2068 3773 60.042
2068 5763 58.534
2068 6472 68.0105
2069 2911 69.3203
2069 5133 8.30303
2070 2562 29.6385
2070 3128 47.5691
2070 5039 131.661
2070 7348 71.2716
2071 2633 126.221
2071 5094 90.5781
2072 3665 101.644
2072 5942 55.9571
2072 6409 89.9812
2072 7071 49.0029
2072 6470 53.1622
2073 5811 102.656
2073 6310 146.603
2074 2238 69.651
2074 2352 61.6338
2074 6983 110.835
2075 2215 67.0678
2075 3791 65.9009
2075 6763 56.9156
2075 6932 69.8132
2076 4254 45.8415
2076 5828 14.887
2077 4302 57.3281
2077 5019 89.5233
2078 3874 57.306
2078 4153 29.4361
2078 6193 30.1861
2079 2847 41.4902
2079 3029 25.3385
2079 4666 46.5838
2079 5639 82.25
2080 2728 27.8599
2080 7017 49.9253
2081 4149 48.4936
2081 6160 46.1472
2081 7081 39.9403
2082 3779 52.8903
2082 5285 12.9406
2082 6668 12.3841
2083 3297 68.0679
2083 6500 56.2965
2084 3729 115.128
2084 5957 63.9753
2084 6969 37.5451
2085 2290 44.407
2085 2797 22.5312
2085 3537 80.2099
2086 3417 77.7369
2086 5951 48.9714
2087 3882 105.613
2088 2680 75.3886
2088 5532 43.4508
2088 6794 45.2727
2089 4154 27.269
2089 4647 36.5773
2089 6027 65.7149
2089 6168 20.178
2090 3334 87.1172
2090 5666 65.0538
2090 6547 81.8833
2091 3102 68.3205
2091 3597 87.4247
2091 5801 43.5742
2092 4171 86.3033
2092 4907 12.4804
2092 7259 122.47
2093 3039 55.6474
2093 3357 49.6019
2093 4111 56.8406
2093 6338 7.97767
2094 4239 94.9298
2094 5773 36.794
2094 7248 52.4394
2095 4562 43.4132
2095 7186 49.6073
2096 3667 127.684
2096 5401 93.8123
2097 4692 62.1001
2097 6554 111.337
2097 7051 51.4705
2098 5782 114.893
2098 6728 27.3676
2099 4293 47.0439
2099 4475 46.1742
2099 5891 10.5297
2100 3423 56.6893
2100 5852 47.7532
2100 6466 53.0998
2101 2396 49.2329
2101 5122 25.7664
2101 6956 90.2931
2102 3654 104.723
2102 4064 20.9183
2102 6035 73.699
2102 6899 84.9106
2103 4270 73.0945
2103 5551 32.633
2104 2298 34.2681
2104 2870 20.177
2104 4321 45.3873
2104 6720 52.9986
2105 3528 127.108
2105 4146 62.2953
2105 4258 70.5836
2105 4552 60.6214
2106 2441 26.6279
2106 6186 27.5431
2107 3898 42.9593
2107 6315 32.4401
2108 2790 46.6565
2108 3179 19.3651
2108 3820 44.1938
2108 5650 46.737
2108 6719 43.3283
2109 2227 115.792
2109 7259 69.7864
2110 2269 80.5903
2110 3707 101.451
2111 2229 50.928
2111 5815 28.7876
2111 6211 45.1927
2112 7088 87.257
2112 7174 41.953
2113 2736 141.877
2113 2902 94.7799
2114 6545 65.0779
2114 7195 19.9227
2115 3854 88.0151
2115 5405 50.0222
2116 2455 10.2384
2116 6623 108.417
2116 6921 118.367
2117 3105 124.487
2118 3291 75.3759
2118 4511 59.6622
2118 6366 44.3776
2119 6202 54.5719
2120 3192 50.528
2120 3309 18.0677
2120 3909 32.5065
2121 3929 69.7801
2121 6309 23.5966
2121 6426 83.5531
2121 6843 84.8896
2122 2370 105.645
2122 4511 35.9622
2122 6366 110.358
2123 2180 12.5465
2123 2250 40.8933
2123 4748 23.0166
2123 4988 39.3493
2124 2138 43.0765
2124 2940 59.7212
2124 6758 66.5394
2125 5134 24.5574
2125 6898 107.687
2126 5885 34.6689
2126 7264 56.5021
2127 3847 56.8035
2127 5313 55.8013
2127 5777 29.5197
2127 5834 75.7622
2127 6999 14.1502
2128 5431 7.93961
2128 6532 42.5644
2128 6751 73.8582
2129 2133 13.9084
2129 2936 84.4519
2129 3155 47.0654
2129 3910 78.8532
2130 2280 32.5322
2130 3486 98.3974
2130 6098 35.8439
2131 4044 11.4761
2131 4585 79.1791
2131 7091 82.8089
2132 4749 56.4828
2132 6874 71.1187
2133 2936 113.459
2133 3155 30.6069
2134 2667 49.3853
2134 4027 30.9338
2134 5862 61.1246
2135 3568 84.7486
2135 4794 26.3961
2135 6990 68.2866
2136 2502 57.3937
2136 4262 36.5688
2137 2263 76.4917
2137 4344 64.9441
2137 7265 46.1233
2138 2933 53.8534
2138 4923 94.2971
2138 6968 46.0405
2139 5573 25.138
2139 5926 40.9811
2140 2864 34.107
2140 3562 65.0924
2140 5980 85.2166
2141 3590 20.1803
2141 5829 49.1133
2141 6913 94.3272
2142 5390 74.431
2142 5953 111.734
2142 6560 89.8304
2143 2454 14.4431
2143 3052 15.2666
2143 5104 56.8336
2144 4003 55.4388
2144 4780 22.2709
2144 6976 67.7135
2145 2486 76.9324
2145 6431 28.6465
2146 4309 60.5773
2146 4513 89.4366
2146 6454 111.368
2146 6543 17.0832
2147 2886 39.066
2147 5159 42.1511
2147 6251 76.9702
2148 2531 40.0887
2148 3545 23.3998
2148 4499 82.5178
2148 6124 98.8902
2149 2501 59.7022
2149 6088 11.8037
2149 7019 72.2208
2150 5455 57.575
2150 6198 29.7955
2150 6672 62.8404
2151 2926 65.3639
2151 4753 7.6296
2151 5823 53.0297
2152 2775 38.4879
2152 3492 78.6102
2153 4349 119.156
2153 5148 59.0322
2153 5521 54.5406
2154 2920 139.772
2154 2960 82.0506
2155 4684 69.5753
2155 4853 84.2204
2156 2634 101.725
2156 3783 71.1583
2156 3819 68.2083
2157 3118 100.31
2157 3481 42.8059
2157 3781 69.9194
2158 5501 38.8167
2158 5502 81.7217
2159 2517 55.6872
2159 3706 37.9465
2159 6087 115.988
2160 3116 68.9122
2160 4489 70.1749
2160 4727 58.1402
2161 5452 119.056
2162 5941 34.0362
2162 7082 16.1622
2163 6145 29.4299
2164 2590 96.7166
2164 4691 126.189
2164 6295 45.5076
2165 4692 56.0399
2165 6094 33.0753
2165 6802 10.5467
2166 3121 52.558
2166 3950 33.1117
2166 5833 21.5083
2167 2197 44.0493
2167 2694 63.3368
2167 4760 43.9763
2168 2612 85.215
2168 3425 44.0852
2168 5246 11.6939
2168 6876 83.0024
2169 3642 41.4202
2169 6213 21.5636
2170 2761 69.1521
2170 3958 11.6764
2171 4207 84.8866
2172 4290 74.3424
2173 5010 81.3926
2174 2560 58.1157
2174 4245 34.7305
2174 4827 74.0088
2175 3132 58.7974
2175 5664 23.0884
2175 6508 51.6635
2176 3466 69.9581
2176 3675 48.0826
2176 6507 101.66
2177 2909 35.408
2177 5578 63.5871
2177 6468 6.72998
2178 2541 26.3926
2178 6600 46.7522
2179 3147 72.475
2179 4737 33.2299
2179 5592 62.0648
2179 6126 64.9287
2180 2250 20.8968
2180 4748 46.4521
2180 4988 31.2654
2180 5715 47.2361
2181 3924 19.5318
2181 5528 87.8966
2181 6145 36.8526
2182 5015 49.7839
2182 5298 58.3829
2182 5720 36.5237
2183 3842 54.5998
2183 7231 59.8544
2184 4702 72.5829
2184 6122 61.5548
2185 3076 10.7265
2185 7374 25.4586
2186 4090 99.3581
2186 5922 94.3858
2186 6798 50.7873
2186 6951 44.3272
2187 4150 53.9876
2187 5678 9.29969
2187 7372 44.4755
2188 2466 89.9152
2188 6880 70.0122
2189 3103 122.357
2189 4973 27.8748
2190 6200 162.928
2191 6717 33.4546
2191 7354 33.6085
2192 5733 55.5196
2193 3140 32.1499
2193 4204 74.5623
2194 5468 61.7688
2194 6552 54.708
2195 2720 48.1684
2195 5106 58.2706
2195 6735 81.5918
2196 2676 85.1032
2196 4617 62.1476
2197 2845 72.279
2197 4485 83.2843
2197 6571 49.6915
2198 4324 23.6852
2198 6482 98.0976
2199 2387 68.0552
2199 3472 31.394
2199 6937 89.1318
2200 6337 23.544
2200 6405 45.252
2201 5565 54.1435
2201 7233 38.4877
2202 7053 58.1506
2203 2757 134.221
2203 4282 140.112
2203 7220 103.779
2204 5717 80.8562
2204 6944 111.772
2204 7385 107.179
2205 4380 50.8443
2205 5979 61.3988
2206 5790 33.7914
2207 3229 30.3921
2208 2451 44.1458
2208 3859 47.0626
2208 7014 26.0504
2209 4515 74.4109
2209 5554 62.6041
2209 6913 24.2973
2210 3308 54.9485
2210 4262 96.1681
2211 2877 103.771
2211 3301 54.5252
2211 4283 110.224
2211 5130 20.6491
2211 6716 40.6041
2212 4847 42.4318
2212 6547 52.0928
2213 4580 67.3081
2213 4583 63.5441
2213 5695 35.248
2214 3109 73.5582
2214 6556 67.3963
2214 6979 73.7559
2214 6987 56.0618
2215 5215 92.3366
2215 5841 64.2771
2216 2924 51.418
2217 4143 33.8278
2217 4244 33.2661
2217 6624 34.423
2218 2242 64.359
2218 4529 34.5472
2219 2925 47.2325
2219 3093 80.4488
2219 4607 57.8663
2219 6529 32.2272
2220 2679 27.0458
2220 4300 45.3099
2220 5671 89.9972
2221 2233 37.8969
2221 2293 33.9197
2221 2649 66.4978
2222 3586 20.5502
2222 3708 68.6467
2222 3749 47.6961
2222 3885 16.723
2222 4703 39.0672
2223 3758 37.0005
2223 5955 58.6519
2223 6699 2.39778
2223 6909 72.4522
2224 3535 33.8267
2224 5020 60.0693
2225 2440 20.9376
2225 2450 52.0334
2225 5118 57.3992
2226 2555 56.3585
2226 3446 29.1464
2226 6577 36.3347
2227 3636 121.722
2227 7293 52.4502
2228 3762 50.4302
2228 5547 77.8476
2228 5629 67.65
2229 6211 14.5413
2230 2401 70.3541
2230 4199 82.0436
2230 5463 105.863
2232 2990 76.4898
2232 3008 23.0698
2232 3048 70.0482
2233 2293 67.1571
2233 6572 28.4753
2233 7292 34.5661
2234 4394 166.157
2234 6287 84.6361
2235 2792 65.5656
2235 4804 57.5835
2235 5147 68.4328
2235 5380 46.7398
2236 3281 125.034
2237 2683 51.4817
2237 5155 63.7702
2238 6831 121.135
2239 5399 17.3227
2239 6841 60.8276
2239 7009 177.771
2240 4769 25.6254
2240 5665 68.2444
2240 5860 41.3856
2240 7299 74.1752
2241 5337 54.4248
2241 5768 20.6649
2241 7136 56.0962
2242 4529 53.7523
2242 6513 82.3098
2243 3800 19.4889
2243 4651 75.5436
2243 5177 56.4125
2243 5345 32.6896
2243 5904 46.7855
2244 2991 30.5582
2244 6084 73.4933
2245 2351 118.892
2245 3020 59.0572
2245 4881 35.9115
2245 5446 66.2128
2246 6786 25.271
2247 3952 64.7768
2248 2813 71.3037
2248 3698 52.5113
2248 5900 19.8315
2249 6438 93.922
2249 7274 43.7487
2250 2276 75.6603
2250 4748 48.3255
2250 4988 9.25451
2251 4333 61.2036
2251 5212 124.136
2251 6304 55.7135
2251 7086 57.5206
2252 4291 82.0583
2252 5921 50.9469
2252 6132 41.6226
2253 3827 126.901
2253 4711 36.7258
2253 5997 72.2125
2253 2906 71.8022
2254 2379 83.8131
2254 7047 88.1451
2254 7141 42.545
2255 2277 52.0463
2256 3030 80.3907
2256 3738 58.5117
2256 5559 16.1469
2256 6607 58.6719
2257 5054 85.632
2257 5408 38.5578
2257 5673 54.8622
2258 5580 67.257
2258 5949 84.6797
2259 3316 33.4995
2259 4010 55.6427
2259 5561 76.6685
2261 4196 23.2822
2261 6104 15.8216
2262 3659 55.0542
2262 3918 51.3994
2263 2987 91.6386
2263 6833 59.0257
2263 7265 27.8852
2264 2980 98.5185
2264 3340 63.3021
2264 3347 28.6869
2265 3434 43.7
2265 6576 123.862
2266 3651 49.2002
2266 5112 40.9102
2266 5725 99.6415
2267 7186 40.2135
2268 5504 74.94
2269 3707 21.1138
2269 4175 35.6329
2269 4398 38.9226
2269 4818 49.5189
2269 7056 53.1275
2270 3810 16.7114
2270 4729 116.809
2271 3034 45.831
2271 3101 50.8445
2271 3899 60.3686
2272 4344 74.2253
2272 4807 58.3321
2273 2490 80.098
2273 4234 78.1933
2273 6414 60.4216
2274 2875 67.4107
2274 3498 88.5731
2274 3892 14.4814
2274 4746 53.5868
2275 2626 91.0429
2275 2888 83.4522
2275 4368 21.1104
2276 3975 62.7983
2276 4988 95.6606
2277 5683 8.29218
2277 6415 72.4785
2277 7019 53.4943
2278 3588 53.2382
2278 5513 58.077
2278 5985 18.9751
2279 3739 77.3716
2279 4466 84.4845
2279 5916 88.1319
2280 3486 87.5089
2280 6098 48.8319
2281 3809 41.9176
2281 6324 36.3617
2281 6512 44.1536
2282 4106 29.3198
2283 2359 55.3709
2283 3752 43.3659
2283 3998 106.102
2284 3592 105.321
2284 3847 66.3066
2284 7078 42.6835
2284 7179 44.2244
2285 5241 77.1314
2285 6809 54.7317
2286 3289 46.7385
2286 3397 24.8711
2286 4337 56.5061
2287 2648 75.0508
2287 5325 59.2777
2287 5801 133.688
2288 5473 107.607
2289 4605 90.6828
2289 6171 48.8717
2289 6234 44.683
2289 7005 99.9895
2289 7258 22.2717
2290 2797 67.8666
2290 3054 60.3588
2290 3754 94.3063
2291 2742 91.32
2291 4791 72.7863
2291 6499 51.9784
2292 4476 42.6462
2292 5479 23.3857
2293 2649 20.0363
2294 2854 22.9392
2294 3383 42.4054
2295 4039 100.542
2295 4104 99.2591
2295 6854 89.6963
2296 4046 39.2691
2296 4176 35.7507
2297 4623 71.5271
2297 7093 88.8585
2298 2870 36.7987
2299 6461 63.5693
2299 7207 102.418
2301 2988 70.1235
2301 3335 71.9054
2301 3342 27.5219
2301 4650 63.6964
2302 2668 57.5143
2303 4933 39.1101
2303 5824 51.1766
2303 5994 47.0008
2304 3066 50.9472
2304 3352 62.9746
2304 4414 46.241
2304 5697 18.9378
2305 2431 28.9846
2305 3690 63.6597
2305 7197 76.8062
2306 4668 21.6727
2306 5014 33.5004
2306 5329 86.5474
2306 5850 62.3306
2307 4346 41.3543
2307 6118 86.3505
2307 6783 108.201
2307 6893 68.5444
2308 5131 54.6124
2308 5712 63.205
2308 5855 47.5773
2308 6670 84.3732
2309 3052 62.1055
2309 4039 99.3783
2309 4852 66.6663
2309 5120 3.49231
2310 3139 91.2422
2310 4560 18.4282
2310 6045 72.302
2311 2482 58.9827
2311 2973 52.9794
2311 5361 65.6903
2311 5688 70.7928
2312 3143 33.5163
2312 5471 10.2326
2312 6860 52.8224
2313 5213 24.2437
2314 3340 73.0251
2314 5400 56.4089
2315 3735 31.0165
2315 5690 67.3039
2315 6170 33.7025
2316 3713 36.5459
2316 4130 48.1191
2317 2505 15.268
2317 3080 45.0725
2317 3679 67.1354
2317 7191 58.8941
2318 2407 64.8172
2318 3127 50.6884
2318 3204 48.7795
2319 3374 99.9252
2320 2643 65.9488
2320 4998 91.1927
2320 6966 40.1316
2321 2378 123.714
2321 2642 126.731
2321 4729 92.3608
2322 3880 59.9863
2322 4010 91.7936
2322 4761 47.4168
2322 5217 94.2914
2323 2943 60.8087
2323 3022 88.1314
2323 4057 75.792
2324 4345 67.7275
2324 5927 96.6119
2324 6642 48.0728
2325 3727 125.42
2325 4000 106.625
2325 7383 91.8746
2326 2534 53.5785
2326 2979 62.5013
2326 4022 46.7749
2326 4930 79.9063
2326 7180 121.835
2327 4410 49.6541
2327 5872 66.5536
2327 6205 75.1351
2328 4783 45.5048
2328 5257 39.2124
2328 6595 72.4607
2329 5248 60.2236
2329 5395 104.942
2329 5509 75.6104
2329 5904 42.3409
2331 2966 20.0594
2331 6401 121.191
2331 7120 1.36699
2332 3228 97.0372
2332 3258 60.7913
2332 5497 14.3451
2333 2863 29.1193
2333 4814 97.3004
2333 5453 67.561
2334 2771 73.2789
2334 3336 43.3629
2334 3646 130.142
2334 6331 93.7741
2335 3827 35.1766
2335 4815 77.6732
2335 5997 67.3723
2336 2745 65.6617
2336 4954 68.4612
2336 6026 82.0821
2337 2536 63.2882
2337 4671 10.0977
2337 5654 41.0154
2338 5567 83.4629
2338 6071 52.3536
2338 6627 46.3874
2339 4624 67.8159
2339 5232 60.9868
2339 5558 89.8092
2340 5659 49.8759
2340 5933 66.5411
2341 4832 53.5507
2341 5824 37.7878
2342 3447 24.4585
2342 3914 54.7362
2342 5346 76.7498
2343 2418 68.2368
2343 5854 111.429
2344 3184 76.0953
2344 3529 45.5897
2344 6744 44.027
2345 2587 101.606
2345 4865 87.2031
2345 5693 68.4283
2346 3889 56.5004
2346 5533 61.4308
2346 6093 67.9038
2346 7244 27.519
2347 4162 129.43
2347 4229 97.7999
2347 6103 70.9561
2348 4269 47.286
2348 5363 36.9124
2349 7144 27.4695
2350 5531 52.4536
2350 5955 90.3921
2351 4881 115.898
2351 5446 73.4637
2352 2604 64.115
2352 6831 141.571
2353 2613 80.9527
2353 2830 82.7953
2353 5806 80.4502
2354 3519 37.7328
2354 5046 72.2051
2354 5750 41.6816
2354 5964 69.8621
2355 2666 65.4689
2355 6585 67.4307
2355 6866 68.9167
2355 7325 43.1177
2356 4214 80.7453
2356 6514 38.9549
2356 7034 54.7674
2357 2661 70.5984
2357 3626 130.629
2357 3843 71.303
2357 7029 35.3006
2358 3375 63.0687
2358 3660 67.3894
2358 3965 39.4769
2360 3594 39.9218
2360 3695 33.2558
2361 3516 40.2783
2361 5166 63.0704
2362 5599 65.5637
2362 7247 71.8835
2363 3943 101.057
2363 7169 35.6209
2363 7279 57.3839
2364 6265 58.9622
2365 3111 74.2556
2365 5447 69.946
2365 6162 69.6255
2366 3926 23.9953
2366 4658 47.4228
2366 4670 62.0064
2366 7343 21.0943
2367 2828 45.0498
2367 5657 36.9885
2367 6520 20.68
2367 6884 59.7606
2367 6886 25.6432
2368 3038 50.8731
2368 6785 23.1853
2369 7145 53.5369
2370 3182 59.3167
2371 5870 42.4303
2372 4464 23.0343
2372 6752 52.5934
2373 6343 92.4887
2373 6542 44.0305
2374 3320 48.9381
2374 3329 44.5002
2374 4848 49.4656
2375 4479 75.6598
2375 6269 27.3985
2375 6651 118.96
2376 5238 29.2971
2377 2694 36.6095
2377 4797 58.978
2377 6571 55.4808
2378 2449 46.1179
2378 4729 46.7979
2378 4893 76.1392
2378 5430 45.9586
2379 5996 66.6864
2379 6152 45.705
2379 7047 30.3703
2379 7141 19.9261
2380 2475 99.2122
2380 3130 88.8294
2380 3380 109.379
2380 4217 66.1649
2381 3480 23.6237
2381 5645 2.32864
2381 5762 48.9728
2382 3449 63.7969
2382 6650 125.228
2383 3232 44.1646
2383 4578 62.3559
2383 5556 71.7322
2384 3242 106.05
2384 4674 50.1628
2384 6333 79.7199
2384 6901 32.8799
2385 3921 60.1572
2385 5543 17.056
2386 3546 41.3176
2386 3559 50.5401
2386 4505 75.9723
2387 6937 34.6608
2387 7253 108.452
2388 4226 70.4656
2388 5314 52.736
2389 6425 48.1366
2389 6974 48.3044
2390 4246 62.1668
2390 4697 79.0268
2390 6210 82.5776
2391 3295 83.5098
2391 3503 38.7564
2392 3685 24.1579
2392 6298 42.3936
2393 5416 32.5695
2393 6776 18.6389
2394 2860 93.9317
2394 3520 100.09
2394 4521 69.721
2394 6283 97.4607
2395 5826 52.023
2395 7249 61.8086
2396 5122 40.5217
2396 6692 94.3699
2397 4744 98.8002
2397 4773 79.2862
2398 2549 23.2523
2398 4379 54.9969
2398 5550 50.9722
2399 2483 58.116
2399 2675 14.9756
2399 6837 25.4585
2400 3925 69.0708
2401 3021 69.8121
2401 5475 84.6019
2402 3565 94.3385
2402 5487 51.6
2402 6909 83.1594
2403 4594 104.242
2403 6117 52.2503
2404 2540 57.6904
2404 3344 77.2349
2404 6722 102.9
2405 2876 102.941
2405 3406 90.6483
2405 4211 64.1851
2405 5887 65.0453
2406 5394 73.6619
2406 5737 10.4633
2406 6043 13.1909
2407 3127 66.5043
2407 3204 24.5002
2407 7378 121.395
2408 3639 61.1126
2408 4855 99.6607
2408 5991 101.251
2409 2605 73.131
2409 3185 32.0209
2410 2561 69.9297
2410 4649 111.25
2410 6263 40.1331
2411 5988 35.2112
2411 6682 53.6656
2412 2818 102.283
2412 6246 58.4156
2413 3587 46.8258
2413 5083 50.9694
2413 5630 21.5126
2414 5362 46.2012
2414 5409 75.4744
2415 3727 56.6464
2415 5296 51.8169
2416 2733 55.25
2416 6473 39.874
2416 7290 70.6232
2417 4645 83.1538
2417 5893 74.0584
2418 5854 72.5731
2418 6035 82.7706
2419 3267 73.947
2419 6412 42.0489
2419 7328 19.0525
2420 3007 68.4639
2420 3151 57.0393
2420 3439 86.1869
2421 4799 43.7843
2422 3199 24.0437
2422 4266 23.3964
2422 4563 84.5621
2423 4001 19.8892
2423 4441 43.7995
2424 4327 42.8076
2424 4613 22.8717
2425 4180 36.4191
2425 4786 54.7349
2425 6912 38.8766
2426 3324 54.4031
2426 3663 44.779
2426 4892 61.4726
2426 6105 21.4791
2427 2623 85.2145
2427 3015 123.713
2427 3509 54.6507
2427 5761 57.1442
2427 7059 96.853
2428 5577 134.745
2428 7157 151.697
2429 7155 13.8812
2430 5226 139.825
2430 6511 55.51
2430 6925 86.0518
2432 4722 75.9008
2432 5825 22.7057
2433 3526 41.6788
2433 5528 63.1237
2433 6993 26.7846
2434 3693 43.9235
2434 7298 37.1144
2435 2763 72.7428
2436 4542 76.0658
2436 7226 122.826
2437 2779 37.7928
2437 4866 60.0039
2438 4793 106.366
2438 5467 84.9985
2438 6201 40.9582
2439 4610 48.6741
2439 6382 76.5121
2440 2450 58.8732
2440 5027 61.9436
2440 7106 56.1745
2441 2975 104.455
2441 6186 24.8662
2442 3902 96.8354
2442 5183 155.584
2442 6562 62.3165
2443 3085 49.7424
2443 3577 21.6423
2443 4951 27.2443
2443 5105 60.037
2443 7230 32.0361
2444 3718 58.3214
2444 6920 48.7856
2445 3161 51.468
2445 6082 8.6884
2445 6969 75.0883
2446 3881 60.5878
2446 4213 11.8755
2447 7161 82.5578
2448 3762 43.2827
2448 6704 56.167
2449 4893 42.3835
2450 7106 53.7467
2451 3859 14.9725
2451 7014 35.0321
2452 4079 66.0339
2452 4082 51.655
2452 5034 65.5675
2452 5333 68.0484
2453 2491 36.9228
2453 6516 89.7868
2454 3052 25.3346
2454 5104 41.9451
2454 6218 63.7634
2455 6623 86.743
2455 6921 99.3079
2456 4220 45.5991
2456 5245 32.5411
2456 6237 32.0466
2457 3354 50.543
2457 4098 123.634
2457 4377 55.8086
2457 5276 71.5597
2457 7188 60.0798
2458 4044 164.679
2458 4561 166.214
2458 4585 134.524
2459 2897 22.7766
2459 2963 32.1515
2459 5451 10.6222
2459 5869 47.0773
2459 7176 33.0649
2460 2579 4.28223
2460 5333 29.3327
2460 5707 4.08951
2460 6780 62.9011
2461 5349 71.4271
2461 5394 56.579
2461 5544 71.2533
2461 6043 83.8928
2463 6692 49.4872
2464 3768 18.4263
2464 4317 24.943
2464 5188 11.0595
2464 6711 48.1446
2465 4722 48.6747
2465 5054 27.4637
2465 5408 56.7659
2466 6784 48.564
2466 6813 28.6417
2466 6880 13.6744
2467 3053 25.4523
2467 4537 91.7875
2468 3981 89.3541
2468 5759 61.9817
2468 6926 85.911
2469 3517 109.186
2469 5549 69.2968
2469 7110 57.4061
2470 4218 71.9166
2470 5575 76.4365
2470 5960 54.6358
2470 6458 69.19
2470 7054 51.4929
2471 5917 46.8725
2472 3475 63.2138
2472 3744 56.7919
2472 6396 119.73
2473 3835 76.9364
2473 5507 53.6513
2473 6827 22.2464
2474 3542 97.4943
2474 4704 82.2224
2474 6908 21.75
2474 6930 11.9981
2475 3380 66.1034
2475 6601 47.4687
2476 3339 56.5929
2476 3974 31.0915
2476 4885 58.1621
2477 2808 126.77
2477 3962 67.2242
2477 4683 57.5645
2478 3947 73.3258
2478 4375 23.5726
2479 3214 93.2385
2479 3963 96.7905
2479 5597 46.0436
2479 6325 55.1427
2480 3687 66.46
2480 3906 30.0192
2480 5569 63.7424
2481 5897 22.0599
2481 6089 31.2737
2482 2973 75.6657
2482 3007 73.3823
2482 3439 39.1338
2483 2675 54.3203
2483 6837 65.0339
2484 2633 34.6383
2484 4942 42.0781
2484 4946 70.6934
2484 5094 49.0543
2485 4056 26.6602
2485 4291 83.2496
2485 5921 78.0585
2485 6906 93.8132
2486 5723 79.6725
2486 6431 107.975
2487 4920 75.4941
2487 5512 13.9173
2488 3561 54.1365
2488 5443 10.2937
2488 5716 40.4938
2488 6894 63.4239
2489 3433 63.9781
2490 5454 121.891
2490 6346 47.0853
2491 6516 47.7497
2491 6975 39.5442
2492 4592 43.0043
2492 5056 55.1877
2492 6142 42.3559
2493 3278 15.0172
2493 4373 51.0293
2494 2760 81.3928
2494 4749 68.5766
2494 6874 21.7064
2495 4660 90.2418
2495 5960 109.216
2496 4680 43.3077
2496 5006 21.8652
2496 5634 16.4467
2497 5810 103.069
2497 6177 40.3219
2497 7038 7.96484
2499 5204 51.6451
2499 5628 50.2186
2500 3234 81.2871
2500 6965 113.716
2502 4262 53.6239
2504 3470 42.8036
2504 5537 26.935
2505 3080 47.9181
2505 5102 87.1278
2505 7191 58.3834
2506 3358 44.9394
2506 6689 60
2507 3816 119.161
2507 3971 90.4711
2507 3996 22.7119
2507 5545 68.3326
2508 5617 67.8685
2508 5741 74.4102
2509 2520 41.9231
2509 5899 49.0891
2510 3171 83.2007
2510 3331 90.3553
2511 3576 135.971
2511 4858 84.4529
2511 5681 83.4479
2512 3216 55.2945
2512 5772 26.9764
2512 7121 80.8451
2513 3986 31.9009
2513 5889 43.2319
2514 4358 45.6162
2514 7121 46.0804
2515 5699 43.8924
2515 6317 51.3027
2515 6968 36.2916
2515 7107 37.6989
2516 3897 85.4898
2516 6350 64.6267
2517 5471 40.3649
2518 3488 49.0451
2518 4086 35.9074
2518 7190 41.2057
2519 3084 52.8335
2519 3401 87.7363
2519 7237 81.063
2520 5899 132.044
2520 5930 78.055
2521 3241 72.5756
2521 3614 70.4643
2521 3923 121
2521 6505 100.607
2522 4224 77.6529
2522 5367 59.1227
2522 7115 33.7945
2523 2603 69.66
2523 4903 60.8844
2523 5766 4.41006
2524 3645 25.7489
2524 5344 12.3513
2525 4151 21.8895
2526 5053 92.4901
2526 6518 99.6377
2527 2660 77.2159
2527 6239 67.4651
2527 7108 77.7094
2528 3275 50.774
2529 2825 52.3367
2529 4029 52.5232
2529 6453 41.0798
2530 4388 39.3155
2530 4911 31.9286
2531 3545 63.8718
2531 4499 68.1919
2531 6124 78.1631
2532 3165 60.6338
2532 5259 86.8577
2532 6089 48.8706
2533 5763 91.5171
2533 6752 88.7126
2534 3356 74.298
2534 4930 43.8001
2535 3325 84.6336
2535 3799 43.6138
2535 5623 46.4956
2536 2668 75.5894
2536 3638 74.9079
2536 3978 63.768
2536 4671 65.0344
2537 2775 120.668
2537 2986 50.7593
2538 3279 85.2222
2538 3348 68.4754
2538 6544 53.6547
2539 4967 51.5416
2540 5167 77.067
2540 6722 87.4692
2540 7160 67.6865
2541 6600 32.1262
2542 4762 36.6905
2542 6789 70.2975
2543 4070 27.5157
2543 4370 55.0698
2543 6603 50.3571
2544 2647 100.335
2544 2898 104.453
2544 3965 105.045
2544 5161 48.3775
2544 6873 66.3345
2545 2930 15.8813
2545 5320 56.3098
2545 7206 66.9127
2545 7352 139.566
2546 4428 171.064
2546 4980 127.331
2547 4839 25.2722
2547 5585 51.8263
2548 4391 78.8547
2548 5758 81.6338
2548 5853 34.3554
2549 4379 38.6677
2549 5550 21.8568
2550 3400 28.7782
2550 3456 53.2612
2550 6637 6.66211
2551 2953 107.938
2551 4308 6.94321
2552 3983 37.0666
2552 5476 50.0562
2553 3702 73.5784
2553 3933 11.1427
2553 6865 55.8251
2554 4375 50.7698
2555 3315 56.995
2555 3446 55.5681
2555 3720 76.2549
2555 4841 97.9182
2555 6138 58.5712
2556 2866 38.6791
2556 6889 38.097
2557 2891 97.4797
2557 2998 53.5344
2557 4700 24.2755
2557 7192 92.651
2558 3768 114.77
2558 6075 100.154
2558 6100 9.20928
2558 7097 28.31
2559 2894 60.2482
2559 3137 38.0752
2559 7094 21.1577
2560 4245 14.9565
2560 6976 23.0082
2561 3637 38.3063
2561 4649 52.6933
2562 3128 34.6318
2562 5039 83.9222
2562 7348 42.6426
2563 2578 115.282
2563 4117 63.7818
2563 4690 80.5497
2563 6046 112.232
2563 6359 51.2087
2564 4329 19.9767
2564 4837 67.1482
2564 6690 5.34125
2564 7313 57.78
2565 3999 38.272
2565 4555 37.4337
2565 4731 60.4964
2566 6815 61.5773
2567 7006 69.5477
2568 3894 69.7145
2568 7030 68.184
2568 7350 40.8135
2569 5249 61.6139
2569 5799 50.7595
2570 2758 79.8247
2570 5995 32.9314
2570 6506 2.22054
2571 3712 58.3915
2571 5082 69.9626
2571 5495 25.2252
2572 4220 93.9787
2572 5598 60.8947
2572 6076 94.1621
2573 4371 47.8409
2573 5508 35.9449
2573 6910 67.2265
2574 4260 112.174
2574 4468 45.1613
2574 5129 84.3892
2574 5186 73.1475
2575 2682 36.7797
2575 4714 66.2533
2575 5200 105.607
2576 2706 56.5724
2576 3979 24.9408
2576 4838 68.7955
2576 5099 83.6286
2577 7282 36.921
2578 4690 20.2748
2578 5280 94.9371
2579 5333 27.2465
2579 5707 11.3371
2580 5960 43.4355
2580 6458 39.9338
2580 7054 11.7129
2581 4178 75.0529
2581 6244 24.0729
2582 5220 58.3948
2583 2793 69.9151
2583 4912 92.1251
2583 5808 65.3557
2584 6108 102.58
2584 7222 82.8025
2585 2949 80.6914
2585 6287 57.4875
2585 7298 81.2408
2586 3448 81.5871
2586 5552 188.553
2586 5764 69.5041
2586 6337 48.9087
2586 7260 29.5918
2587 4865 76.8195
2587 5693 80.762
2588 4061 38.2694
2588 4249 70.9669
2589 4527 51.8779
2589 4879 100.135
2590 4074 89.8539
2590 4997 72.1152
2591 3192 41.969
2591 3539 66.9647
2591 3909 49.6025
2591 5144 49.8225
2592 2687 57.8417
2592 5590 88.4832
2592 6058 58.892
2593 3623 68.2376
2593 5115 61.4082
2593 6675 69.9736
2594 4282 69.1823
2594 5085 19.8432
2594 5929 113.688
2594 6961 75.8424
2595 4970 88.3514
2595 5321 23.601
2595 6935 28.9934
2595 7109 30.879
2596 3907 42.6555
2596 5093 28.5674
2596 5317 22.0762
2597 6000 42.8403
2597 6579 68.9517
2597 6607 72.0564
2598 4068 13.3133
2598 6502 50.4461
2598 6536 49.0264
2599 2677 17.4547
2599 3327 63.2297
2599 5309 81.4453
2599 7306 8.30238
2600 4215 87.0325
2600 5279 80.7679
2600 7341 30.1635
2601 5924 7.28142
2601 6014 48.2237
2602 3744 89.5559
2602 5744 95.4253
2602 6550 72.2095
2603 3292 105.841
2603 4903 24.1681
2603 7314 80.2631
2604 4777 74.3081
2604 6197 46.6512
2605 2772 41.5069
2605 3185 41.0489
2605 3523 73.5222
2606 6586 21.7791
2607 3989 59.304
2608 4426 54.0864
2608 4931 79.0429
2608 5673 87.784
2608 5796 66.7766
2609 3188 145.071
2609 3487 100.874
2609 3723 52.113
2609 6583 42.4167
2609 7323 66.4481
2610 4864 103.882
2610 5705 16.742
2610 6007 72.1825
2611 4403 61.8241
2611 5025 72.0857
2611 5370 59.1724
2612 3425 76.263
2613 5661 85.4958
2613 7243 77.5651
2614 6850 96.5411
2615 3830 28.142
2615 4932 25.4973
2616 5056 42.724
2616 5136 55.8296
2616 6039 35.3772
2616 7037 68.4618
2617 3224 38.707
2617 3973 72.0338
2617 5079 53.348
2618 2994 78.693
2618 5135 85.0464
2618 6483 122.323
2619 2755 33.4196
2619 6655 58.8795
2619 6910 117.147
2620 4005 63.9837
2620 5702 99.3008
2620 6801 80.456
2621 6428 91.864
2621 6747 19.361
2622 3411 90.3347
2622 6257 50.2918
2623 3509 84.1322
2623 7059 108.047
2624 3402 23.4937
2624 7093 69.2695
2625 3802 38.3172
2625 4646 54.6251
2625 4718 128.556
2626 2888 74.3903
2626 3465 28.3525
2626 4708 54.3322
2627 5189 22.8753
2627 6080 18.2697
2628 6919 72.9937
2628 6985 102.94
2629 2740 85.5245
2629 3485 82.1283
2629 4732 41.5016
2630 3043 19.6444
2630 5718 56.8796
2631 2751 19.6446
2631 6826 17.5447
2632 2944 48.8546
2632 4230 82.8247
2632 4965 83.5322
2632 6714 72.0374
2633 4942 71.7183
2633 5094 95.2487
2634 3783 90.6946
2635 2941 75.1641
2635 4996 2.87744
2637 2667 56.3392
2637 3642 46.6846
2637 6213 68.0466
2638 4906 38.0983
2638 5595 36.9483
2638 6378 55.283
2639 2756 77.036
2639 4172 66.0875
2639 6330 61.8645
2640 3319 74.9844
2640 6929 41.5736
2641 2744 60.5097
2641 3212 86.2758
2641 4026 116.576
2641 5438 79.1832
2641 5770 66.4616
2642 3107 94.3254
2642 4593 113.772
2642 5091 65.0162
2643 4601 62.2582
2643 5190 38.8659
2643 6966 44.9436
2644 5489 44.9996
2644 5920 80.4801
2644 7140 46.5154
2645 4261 20.2745
2645 5142 93.6788
2646 2924 112.89
2646 7026 32.4968
2647 6473 69.7251
2647 6873 20.6773
2647 7033 16.7703
2648 3597 55.5477
2648 5801 66.6034
2650 4983 56.4295
2650 5194 53.7895
2650 5207 55.9506
2650 6741 62.8205
2651 6116 52.7007
2652 3915 105.698
2652 4083 27.2239
2652 5949 51.9886
2653 3294 38.1374
2653 5563 69.6604
2654 2792 49.6223
2654 5059 24.7493
2654 5147 55.5821
2656 6905 67.8666
2657 5712 77.6891
2657 7339 33.9174
2658 4311 90.5961
2659 2662 48.1572
2660 2838 55.3556
2660 4015 101.293
2661 4933 77.3796
2661 7011 128.639
2663 4359 69.5563
2663 6430 37.6839
2664 3067 62.2077
2665 4740 40.8503
2665 6201 69.5225
2666 3017 67.5127
2666 5253 52.2993
2667 4027 84.5094
2668 3978 47.7591
2669 4411 57.1065
2669 5077 54.9346
2669 6799 62.4281
2669 7118 74.4915
2670 2959 30.3408
2670 6617 57.8178
2670 6810 52.5157
2671 4374 89.9989
2671 6962 98.3693
2672 3389 21.9683
2672 4143 40.2857
2672 6624 48.0904
2673 4591 43.9965
2673 6433 45.3779
2674 3670 73.636
2674 5362 53.4492
2675 2711 80.9112
2675 6233 56.7937
2675 6837 8.34856
2676 4617 48.0078
2677 3327 45.0823
2677 7306 19.5764
2678 3995 82.2785
2678 5848 79.792
2679 4186 39.2955
2679 4300 37.2639
2680 6729 37.4199
2681 4076 44.9551
2681 5092 9.68037
2681 6277 97.2718
2681 6793 87.8949
2681 6903 56.5656
2682 2873 92.1286
2682 4714 43.7833
2682 5200 65.0429
2683 4303 59.1588
2684 2889 39.6394
2685 5416 52.287
2685 5658 41.305
2685 7357 63.6233
2686 6906 50.9537
2687 2779 58.3848
2687 4866 27.3634
2688 2759 47.9635
2688 2770 32.1705
2688 5373 31.5367
2689 3357 55.581
2689 5198 41.0283
2689 5724 25.5547
2690 4019 39.8052
2691 4428 83.7319
2691 4980 67.7906
2692 4123 58.8205
2692 4732 66.0554
2692 5476 57.3617
2693 3183 19.8917
2693 4187 46.8887
2693 4909 83.2507
2693 5262 20.7004
2694 4760 80.7979
2694 5219 37.1959
2695 4393 57.1991
2695 4821 69.7477
2696 4696 43.4637
2696 4889 89.4666
2697 3213 24.2981
2697 3460 41.3038
2697 5427 48.0912
2698 5261 114.157
2698 7264 64.0918
2699 4042 22.8268
2699 6724 51.6454
2699 7381 122.373
2700 4250 53.3131
2700 4660 64.4422
2700 6040 67.6413
2701 6609 60.4401
2701 7257 85.0545
2702 2852 52.6379
2702 5751 89.5042
2703 4522 116.405
2704 4401 74.2728
2704 6748 59.4164
2705 3442 70.6757
2705 5224 41.0592
2705 5275 31.8276
2706 4838 61.6699
2707 5631 84.6454
2708 3186 65.8061
2708 3377 37.4859
2708 3739 61.2349
2708 5916 65.0758
2709 3016 35.7884
2709 4177 82.3405
2709 7347 91.654
2710 5439 76.1528
2710 6612 47.6102
2711 4189 70.0534
2711 6837 65.627
2712 2823 113.669
2713 5858 44.8612
2714 3403 22.7317
2714 6406 32.9908
2714 6445 29.669
2714 7201 74.163
2715 5752 16.9261
2715 6031 63.9457
2717 4167 49.2948
2717 4788 50.0969
2717 5624 63.1922
2717 5694 101.141
2718 2827 101.792
2718 3237 58.5225
2718 5121 54.2159
2719 4048 85.4743
2719 4949 101.381
2719 7007 26.398
2720 4688 63.6917
2720 5106 35.2176
2720 5421 44.9959
2721 5801 27.7197
2721 5967 19.8013
2722 3433 103.546
2722 5682 32.5948
2722 5859 72.7418
2723 4135 85.0122
2724 2989 82.4482
2724 3099 122.472
2724 5802 104.555
2725 5237 6.44751
2725 6006 65.0923
2725 6269 44.5605
2725 7254 79.1101
2726 2942 83.203
2726 7237 100.218
2727 4551 59.2104
2727 4860 158.073
2727 5477 84.0164
2727 7087 23.6316
2728 7017 58.6004
2728 7095 24.8013
2729 3608 90.8928
2729 3930 83.3942
2729 4765 8.27552
2730 4179 25.2154
2730 7311 53.1635
2731 4638 66.9706
2732 4582 55.7748
2732 6162 79.3414
2733 3740 122.132
2733 6473 75.8925
2733 7290 54.8269
2734 6464 70.3909
2734 6973 50.1101
2735 2881 56.3565
2735 3822 53.2321
2735 5243 35.5475
2736 5633 57.8357
2736 7152 49.4018
2737 3024 79.2145
2737 4659 77.7527
2737 5444 103.617
2738 2826 36.0998
2738 4223 51.1328
2738 4470 55.3303
2739 4776 47.3203
2739 4806 45.1792
2740 3485 92.0825
2740 6980 66.6726
2741 6199 72.7837
2741 6646 110.945
2742 3756 57.0457
2742 5000 98.9938
2742 6247 119.274
2743 3645 66.5286
2744 3453 64.6645
2744 3700 95.9608
2745 6026 35.5596
2746 5097 91.921
2747 2851 13.8949
2747 3201 53.1822
2747 4675 69.1365
2748 2945 13.0471
2748 4385 16.006
2748 4920 27.905
2748 6528 20.3446
2749 6242 37.7995
2750 3893 37.2534
2750 6268 89.9004
2751 6493 40.9239
2751 6826 23.7339
2752 4755 42.9866
2752 5562 48.2435
2752 6533 44.6725
2753 6113 10.7255
2753 6480 64.5095
2754 4597 121.892
2754 5986 87.8689
2754 6163 128.075
2755 6655 70.4697
2756 4172 55.2503
2756 4336 105.384
2756 5049 56.1458
2757 3178 118.135
2758 6506 88.0406
2759 5373 12.8647
2759 5593 88.4536
2760 5268 54.6137
2761 3958 94.9924
2761 7191 65.3949
2762 3845 110.461
2762 6738 47.5771
2762 7241 57.3413
2763 5527 82.3575
2764 5179 91.5015
2765 2789 38.3756
2765 4165 14.7726
2765 5638 61.9373
2766 4190 87.6592
2766 5794 94.1099
2767 3378 65.6873
2768 2778 44.9693
2768 3178 57.2468
2768 3917 12.3596
2769 4102 36.3625
2769 6260 29.883
2769 6510 79.734
2769 7010 50.5848
2770 3806 40.8991
2771 3336 35.3786
2771 3420 96.1434
2771 5831 97.4805
2772 3185 125.868
2772 3523 60.1881
2773 5082 71.9336
2773 5495 88.4346
2774 3198 41.0669
2774 4389 62.3191
2775 6934 94.9341
2776 4152 95.0368
2776 6375 95.7965
2776 6652 40.94
2776 6986 86.4901
2777 5680 70.6449
2777 7039 41.1951
2778 3178 39.0691
2778 3917 48.6361
2779 4866 57.4409
2779 5378 73.3955
2779 6979 71.7476
2780 2972 54.1926
2780 5530 60.9962
2780 6474 55.2915
2781 3218 27.411
2781 5440 67.2043
2782 3474 61.9087
2782 5496 24.3069
2782 6749 68.4641
2782 7061 71.6486
2783 6270 103.485
2783 6336 107.993
2784 6004 120.806
2784 6293 73.9469
2784 7102 86.1386
2785 6683 52.7477
2786 3427 44.4582
2786 4947 74.7518
2786 5756 98.8342
2787 4251 28.2831
2787 5117 90.0783
2787 6581 72.819
2788 4174 93.0185
2789 4165 17.8312
2790 3820 21.9813
2791 5959 36.9519
2791 6905 35.7201
2792 3323 100.9
2792 5147 35.7745
2793 4912 31.8011
2794 5789 63.1906
2794 6219 48.3835
2795 3209 105.22
2795 7057 90.0421
2796 2902 60.2555
2796 4590 99.9594
2797 3537 68.44
2797 6688 62.5797
2798 3002 94.1902
2798 3710 103.249
2798 4587 130.37
2799 3390 45.3933
2799 5725 74.6779
2799 5748 100.993
2800 4707 78.2189
2800 5040 88.6568
2800 5804 98.5518
2801 5545 78.4416
2801 6184 53.6352
2801 7356 16.0517
2802 4992 60.9818
2802 5180 78.4004
2802 5319 9.0947
2803 4455 103.863
2805 4164 82.531
2806 3079 48.2449
2806 4359 23.0902
2807 4557 90.8401
2807 6863 84.1986
2808 5945 23.9626
2809 4212 68.2661
2809 4682 46.3071
2809 5341 65.6329
2810 3137 45.9188
2810 6760 57.786
2810 6891 29.7038
2811 5720 93.4923
2811 5946 57.3003
2811 7168 16.9443
2812 5500 37.861
2812 5956 48.9147
2812 6593 20.0345
2812 6687 59.9102
2813 3454 119.251
2813 5073 54.0699
2813 5972 71.8295
2813 6557 22.4391
2814 5918 73.6364
2814 6233 64.7003
2815 5452 27.881
2815 6616 59.6819
2816 3658 110.714
2816 5469 25.546
2817 6014 42.7455
2817 6721 47.7705
2818 6829 80.7557
2819 2871 57.6799
2819 3361 71.8576
2819 4041 73.8774
2819 5098 50.7602
2819 6256 65.8753
2820 3473 32.7213
2820 4043 71.6557
2821 3829 31.1023
2821 3964 50.42
2821 7080 39.5083
2822 5143 38.7492
2823 7189 116.938
2824 2959 107.989
2824 6554 65.5172
2825 4029 9.65928
2825 4273 137.582
2826 4223 74.0776
2827 6432 82.9566
2827 6462 58.0295
2828 3469 89.8919
2828 6520 18.243
2828 6886 6.0993
2829 3088 116.935
2829 3121 39.7742
2829 3747 28.687
2829 5833 62.2101
2830 5806 5.23465
2831 4553 115.482
2831 5064 67.5097
2831 7163 70.7644
2832 3036 40.3183
2833 4842 69.1161
2834 5391 37.0289
2834 7291 20.6656
2834 7345 82.5221
2835 3196 107.21
2835 3271 26.1807
2835 5316 26.1218
2836 4879 89.6324
2836 7355 55.2951
2837 3619 20.393
2837 5461 41.9368
2838 3121 66.181
2838 5710 93.6045
2839 3260 65.7986
2839 3599 39.0338
2839 6755 66.0689
2840 4966 58.0937
2840 6388 59.7984
2840 7114 75.69
2841 2910 62.0254
2841 6471 22.3657
2842 5461 27.8744
2842 6614 49.5873
2843 3657 20.0339
2844 4979 22.0828
2844 5965 101.647
2845 4485 10.6648
2846 2849 38.4196
2846 3627 83.7868
2846 6140 86.6017
2847 4666 23.8387
2847 4805 87.7379
2847 5639 15.9849
2848 3151 50.0176
2849 4986 92.4775
2849 5019 86.1221
2850 5000 39.28
2850 5513 53.4819
2851 4092 54.0094
2851 4526 79.1984
2851 6147 54.5184
2852 3516 76.9404
2853 4362 54.6801
2853 4523 28.678
2853 4747 63.2506
2853 5931 32.623
2853 7053 86.8462
2854 3383 9.04967
2855 4268 90.1356
2856 4544 30.9525
2856 6090 56.5145
2856 6731 86.1019
2856 7043 21.9699
2856 7142 20.4229
2857 3348 79.3796
2857 4370 87.8912
2858 4338 57.2747
2858 4423 85.2061
2858 6618 52.2983
2859 3027 64.8006
2859 6494 43.053
2860 2981 57.5732
2860 3089 51.0052
2861 3077 6.18593
2861 3308 28.1807
2861 5851 62.3663
2862 3869 38.9194
2862 4751 5.4
2862 5111 39.6628
2862 6111 78.1058
2862 6154 42.9901
2863 4652 54.4053
2863 5453 57.7569
2863 6879 71.2901
2864 3562 30.2573
2864 5980 30.7994
2865 4203 21.1419
2865 6673 113.356
2865 7294 75.809
2866 3688 61.1321
2867 4886 59.8129
2867 4993 153.359
2867 5880 63.4894
2868 4430 69.1536
2868 4629 89.9297
2870 4321 47.1201
2870 5542 34.581
2870 6246 55.0762
2870 6301 117.568
2871 4041 64.7665
2871 4095 58.4241
2871 6256 23.5298
2871 6710 34.7238
2872 3353 38.8168
2872 4713 92.7665
2872 5417 55.0291
2873 3395 83.8241
2873 4714 88.942
2873 5200 52.0572
2874 3748 76.2417
2875 4746 16.1708
2876 4211 8.86447
2876 6199 108.676
2876 6657 68.8849
2877 4283 75.1497
2877 6177 90.934
2878 3997 76.9212
2878 4163 50.3171
2878 6764 27.6306
2879 3916 55.856
2879 5196 87.1581
2879 7211 77.0967
2880 3662 34.8339
2880 4031 37.9542
2881 4847 70.6929
2881 5243 85.3018
2882 4032 100.975
2882 6077 88.1986
2882 7227 47.7226
2883 3098 156.151
2883 7310 125.182
2884 3076 38.8297
2884 3556 42.3629
2884 6519 27.4418
2885 6002 95.5646
2885 6631 94.7253
2886 5159 44.6897
2887 3579 60.8288
2887 6765 75.708
2887 6970 73.876
2888 3242 94.4198
2888 4368 119.557
2889 3765 77.9722
2890 4551 60.1483
2890 6610 6.03182
2890 6697 42.2655
2890 7087 55.2349
2891 3328 43.8888
2891 7192 31.3412
2892 3111 29.6408
2892 5447 45.7413
2894 3137 64.9951
2894 4514 78.8271
2894 5744 57.3027
2894 6891 45.0908
2895 3555 43.9733
2895 3727 40.2044
2895 6750 62.1356
2896 5574 51.4185
2897 2963 72.3576
2897 5451 20.9914
2897 6723 15.3418
2897 7176 11.3457
2898 3343 45.3856
2898 5792 69.6512
2899 5238 76.569
2899 5508 49.4011
2900 4077 85.1038
2901 3243 69.4229
2901 5296 73.7998
2901 6258 108.255
2902 4590 61.5173
2903 3041 88.8146
2903 3991 85.5925
2903 4486 53.3123
2904 4216 38.9706
2905 3908 73.556
2905 5387 86.56
2906 5932 80.3779
2906 6483 61.1012
2907 5035 22.5104
2907 7150 31.1761
2908 5883 21.5272
2908 6273 49.69
2908 7254 5.99042
2909 3351 54.8879
2909 6468 48.8403
2909 7239 69.5824
2910 3900 43.2005
2910 6471 74.9619
2911 5133 95.7216
2911 5736 81.7805
2911 6522 136.336
2912 3948 46.7413
2912 6536 83.4967
2913 4694 66.2861
2913 5029 95.0197
2913 7363 79.4975
2914 4352 58.9597
2914 4854 87.005
2915 5937 64.9068
2916 5895 36.3922
2916 5958 13.5152
2917 3399 42.6601
2917 5636 55.8134
2918 3156 72.4744
2918 5740 14.0406
2919 3573 67.5323
2919 5058 77.9871
2919 5672 51.2958
2920 4283 65.3254
2921 4450 103.535
2921 5811 65.0804
2922 4650 30.5384
2922 7288 42.6988
2923 3069 47.5672
2923 3071 26.0601
2923 4603 16.158
2923 6488 45.7371
2924 4141 143.937
2924 7026 76.009
2925 4830 89.4967
2925 6529 27.1531
2926 4323 31.7424
2926 4753 63.7693
2926 5077 42.11
2926 5823 58.8734
2926 6799 102.025
2926 7118 51.295
2927 5045 84.3281
2927 5532 91.9699
2927 6794 94.8448
2928 3582 52.085
2928 3697 66.7864
2928 5228 55.6088
2928 6062 53.1438
2929 4471 51.7532
2929 5295 22.2104
2929 5844 18.5298
2930 5178 65.2281
2930 5320 27.8028
2930 6347 181.893
2930 6608 64.7431
2930 7206 88.3782
2931 3751 65.8238
2931 5216 89.557
2932 6613 48.5971
2932 7189 37.5549
2933 2940 72.7317
2933 4923 66.8375
2934 3414 65.7446
2934 5876 33.8411
2935 4927 81.2803
2935 6425 62.7406
2936 6985 45.6012
2937 3327 59.7896
2937 4534 54.2601
2937 6236 21.0264
2938 5024 66.4514
2938 7383 55.9448
2939 5067 52.3774
2939 7223 47.2649
2939 7369 105.772
2940 6758 37.695
2941 3961 45.9648
2941 4996 49.0819
2941 5066 71.5363
2942 3401 45.7639
2942 4898 38.3225
2942 7237 26.0983
2943 3022 39.4308
2943 4057 39.2152
2943 5424 24.5105
2944 4230 105.555
2944 6714 70.9738
2945 4385 4.82648
2945 4920 47.4309
2945 6528 14.1857
2946 3506 96.7428
2946 6686 107.6
2947 3334 14.1099
2947 4559 33.9619
2948 4591 61.7062
2948 4826 68.6519
2948 6345 25.5466
2948 6433 16.5221
2949 3061 68.012
2949 3934 120.926
2950 2978 13.071
2950 3841 45.166
2950 6280 82.3737
2950 7076 43.1895
2952 3705 79.5488
2952 5780 46.2331
2952 6133 98.1315
2953 4023 92.8145
2953 4308 91.521
2953 7228 136.992
2954 5442 64.654
2955 3165 70.2939
2955 5798 64.5812
2955 6061 30.0523
2956 3194 74.1298
2956 4006 63.7754
2956 6397 68.8765
2957 4415 25.6042
2957 6870 21.9396
2958 3210 36.5418
2959 4158 62.2524
2959 6810 33.9534
2959 7200 72.2872
2960 3396 108.49
2960 6112 79.3778
2961 3431 83.478
2961 4318 49.6007
2962 4085 86.0441
2962 4091 67.0176
2963 5451 34.9927
2964 5223 53.4841
2964 6565 84.5782
2964 7049 45.7134
2965 3306 87.5096
2965 5753 80.5147
2965 6767 50.113
2966 3339 55.4066
2966 4885 27.6555
2966 7120 24.1518
2967 3400 40.1734
2967 3456 28.1194
2967 5021 98.2896
2967 6950 46.3541
2968 3837 82.6253
2968 6163 80.6584
2969 3585 45.2783
2969 4301 40.8359
2970 4453 37.4042
2970 4494 92.6363
2971 3173 65.7573
2971 5515 91.7347
2971 5605 62.048
2971 6199 63.2936
2971 6657 32.0592
2972 7078 77.4909
2974 4054 21.7546
2975 6186 57.1959
2976 4306 81.1486
2977 5718 50.6771
2977 6702 83.6298
2978 6280 83.1638
2978 7076 43.2136
2979 4022 59.613
2979 4930 65.8838
2980 3340 79.7586
2980 3347 47.2982
2980 3781 74.1684
2980 5591 115.614
2981 3089 8.27322
2981 4876 62.003
2982 3987 26.2811
2982 6351 36.9096
2982 6663 40.0036
2983 3851 86.447
2983 4734 43.3189
2984 5734 43.1389
2985 3661 26.7273
2985 3823 83.5441
2985 3882 123.123
2987 6833 61.9967
2987 7265 107.28
2988 3893 76.3318
2988 4692 93.2842
2989 3371 112.528
2989 5802 11.5696
2989 6073 57.852
2990 3008 44.0181
2990 4966 84.1008
2990 5458 49.9243
2990 6388 83.305
2991 5726 103.58
2992 4035 81.5013
2992 5389 45.811
2993 3205 26.3731
2994 5240 43.4401
2994 6483 102.833
2995 5383 59.308
2996 3112 52.7076
2996 3505 56.6298
2996 5198 69.4913
2996 5874 79.9637
2997 4138 31.7496
2997 4527 43.292
2997 4879 5.01184
2998 4700 43.6179
2998 6364 51.4908
2999 3444 126.717
2999 5087 29.0218
3000 5466 122.331
3000 5478 63.9081
3000 5906 80.8448
3001 4131 25.118
3001 5644 31.3046
3001 6984 31.4705
3002 3220 62.7123
3002 4587 73.8797
3003 5247 40.4063
3004 4754 71.0197
3004 4965 32.0445
3004 6272 68.3357
3005 3596 5.40904
3005 5356 58.467
3006 3060 52.5882
3006 5404 65.7182
3007 3439 28.2759
3007 5308 46.8065
3008 5153 78.244
3009 6068 12.4543
3009 6558 16.994
3010 5698 10.6308
3010 6863 39.1903
3011 3554 92.5917
3011 3649 90.071
3011 6016 71.5938
3011 7077 63.2654
3012 3514 53.0482
3012 4642 31.2729
3013 3531 36.0757
3013 3609 10.8454
3013 5286 2.32375
3014 3403 29.674
3014 6406 24.4553
3015 5761 125.451
3016 4177 72.4559
3016 7347 107.663
3017 5253 32.3556
3017 5268 59.9956
3017 5620 81.2515
3018 4409 78.419
3018 4677 72.4945
3018 7018 71.4798
3019 3442 62.7662
3019 3817 48.6515
3019 7258 64.8001
3020 4881 31.136
3020 5446 38.9069
3020 6172 52.3753
3021 4712 71.6949
3021 5475 20.2507
3022 5424 41.1737
3022 5609 62.5774
3023 6385 53.3704
3024 5444 37.1332
3025 3460 54.7551
3025 3884 60.8424
3025 5427 61.0015
3026 4751 57.7677
3026 6154 13.7097
3026 6245 47.8686
3026 6377 72.8356
3027 6166 87.9309
3028 3479 47.9638
3028 6179 78.287
3028 6660 83.9319
3029 5840 72.0961
3030 3738 17.5702
3030 5559 75.8586
3030 5827 23.2772
3031 4071 50.3915
3031 5384 14.5555
3031 6688 61.4287
3032 5836 135.11
3033 4824 34.6296
3033 5596 91.0752
3034 3101 52.5067
3034 3594 51.9816
3035 5581 41.6029
3037 3601 57.7301
3037 3605 95.9058
3037 5845 122.882
3037 6376 109.808
3038 5326 34.4201
3038 6785 22.2185
3039 3357 33.2869
3039 5198 32.4574
3039 6338 39.8609
3040 5529 70.6219
3041 4341 65.9558
3042 3724 62.9055
3043 5718 54.1897
3044 4187 53.777
3044 5262 112.277
3044 6775 75.3775
3045 3563 66.8519
3045 3975 58.6691
3046 3073 68.3339
3046 3764 84.4615
3046 7103 32.1217
3047 3566 59.2446
3047 7109 76.2665
3048 4483 62.1824
3049 3543 60.9573
3049 4361 40.1602
3049 7042 87.2492
3050 3942 10.3777
3050 6450 25.5219
3051 3138 18.1135
3052 4852 59.486
3052 5120 60.7131
3052 7246 58.5841
3053 4987 112.255
3054 6033 31.2169
3055 4182 71.0362
3055 5230 38.1981
3055 6223 49.598
3056 4363 48.3494
3056 6632 31.8365
3057 4830 82.2199
3057 6844 75.7406
3058 3257 67.3058
3058 5028 68.0555
3059 3391 40.7104
3060 5103 55.2158
3060 5404 18.5512
3060 5473 37.6513
3061 4342 113.485
3061 6093 121.793
3062 4186 79.0658
3062 4300 59.4547
3062 5671 52.8027
3063 6505 60.5297
3063 6811 19.2514
3064 5476 69.7322
3064 5779 25.8654
3064 6411 28.8175
3065 3564 35.2499
3065 7072 46.9338
3065 7146 48.6948
3066 3746 72.4023
3066 5697 42.3592
3066 6762 64.8166
3067 5218 49.1855
3068 4075 42.4683
3068 4785 49.5467
3068 7067 82.0739
3068 7235 82.4096
3069 3071 48.2725
3069 4603 38.9362
3069 6488 57.2263
3070 5614 79.1036
3070 6855 107.223
3070 7157 81.5568
3071 4603 5.57396
3072 3262 64.0483
3072 3688 100.169
3072 7361 20.2828
3073 6010 6.51399
3073 6756 74.5853
3074 3227 76.563
3074 3990 46.3359
3074 7074 78.0448
3075 3231 55.6535
3075 5821 49.4675
3075 6281 14.0002
3075 6658 45.1025
3076 6519 65.0199
3076 7374 22.6045
3077 3308 30.4792
3077 5851 72.6786
3078 3398 27.2139
3078 6354 61.6671
3078 6459 30.8611
3079 6003 97.0227
3079 6393 54.7902
3080 3679 15.3948
3080 7191 32.4244
3081 3452 41.976
3081 3497 35.112
3081 6143 87.9768
3081 6769 65.179
3081 6977 60.1954
3082 4466 131.528
3083 3468 80.7685
3084 3088 108.911
3084 3747 90.6404
3084 4857 100.571
3085 5105 2.09749
3085 7230 74.0055
3086 5338 39.3829
3086 6725 63.6254
3086 7233 77.8899
3087 4168 89.2264
3087 4609 50.7036
3087 7088 18.0183
3089 4876 84.2586
3090 3891 81.3399
3091 6352 74.8275
3092 3226 36.489
3092 4307 37.4635
3093 4513 46.1533
3094 4425 19.8664
3094 5318 31.6467
3095 3189 63.4835
3095 4757 105.418
3096 3483 82.3397
3097 3248 19.2036
3097 5016 72.0646
3097 7096 64.9934
3098 7310 35.4735
3099 5252 51.5052
3101 4803 75.2251
3102 6324 27.4811
3102 6512 22.0849
3103 5415 49.1277
3103 6818 42.5276
3104 3774 60.78
3104 4360 93.7139
3104 5107 48.0706
3104 5385 15.5852
3105 3108 61.3587
3105 6393 38.5027
3106 3610 62.387
3106 5436 25.759
3107 4593 19.5276
3108 5412 54.1584
3108 7295 92.901
3109 4040 46.4766
3109 6987 69.7043
3110 5157 46.2198
3110 6333 23.0373
3110 6887 70.0273
3110 6901 97.5074
3111 5447 40.4528
3111 6162 95.6587
3112 3505 15.3332
3112 6862 106.913
3113 5492 60.4907
3113 5747 72.1119
3114 6504 54.8719
3115 4574 65.9222
3115 4925 48.3962
3115 4972 42.2239
3116 4489 71.4776
3116 4727 60.0552
3116 4767 44.1857
3116 5881 39.1562
3117 3513 105.13
3117 5004 66.9422
3117 5113 91.4717
3117 6498 55.3015
3118 3807 53.8896
3118 6227 23.6461
3119 6232 79.9744
3119 7279 111.689
3120 4478 84.4534
3121 3747 49.2558
3121 3950 90.0637
3121 5833 56.1968
3122 4733 72.3434
3122 5581 57.3699
3122 7367 9.53852
3123 5432 71.5929
3124 3317 58.9171
3124 3714 120.862
3124 3852 30.6812
3124 4680 76.4873
3125 7101 54.3381
3126 3801 17.8178
3126 4975 47.0029
3127 4957 80.4667
3127 5709 110.786
3128 3422 48.7596
3128 7348 18.6741
3129 3956 18.6703
3129 5397 27.6273
3130 4217 81.3355
3130 5760 66.8237
3130 6069 64.2227
3131 4467 76.0244
3131 5411 46.2933
3131 5579 66.7154
3132 5664 26.4828
3132 6508 73.97
3133 4789 24.99
3133 4864 38.207
3133 5692 107.536
3134 4901 30.7921
3134 5063 28.3578
3135 4498 24.7103
3135 6761 53.3181
3136 4011 62.7921
3136 5033 61.6268
3136 6844 80.8352
3137 7094 12.5206
3139 4111 72.6775
3139 4560 55.2771
3139 6045 42.2948
3140 4204 34.054
3141 4640 45.3186
3141 6592 13.5432
3141 6656 63.5304
3141 6915 83.0818
3142 3187 42.3631
3142 3834 51.2925
3143 5471 32.8038
3143 6563 46.3075
3143 6860 36.4915
3144 3364 33.0935
3144 4631 53.4375
3144 6401 98.1554
3145 4168 64.1947
3145 6098 65.4565
3146 6159 69.1882
3147 3755 18.5552
3148 3276 78.092
3148 6911 60.0469
3149 5019 67.1899
3149 7215 84.8392
3150 3404 67.597
3150 4124 45.8002
3150 5700 57.0238
3151 6451 83.0147
3151 6662 51.3093
3152 3409 41.7796
3152 4210 30.4848
3153 4019 74.5262
3153 5992 40.9083
3154 5726 24.8921
3154 6537 61.8169
3155 3577 71.1411
3156 6141 61.8517
3156 6625 50.0114
3157 6326 105.483
3157 7016 46.4344
3157 7386 73.0665
3158 3560 14.5667
3158 4147 99.9315
3158 6107 91.1364
3158 6628 32.2952
3158 7000 55.4155
3159 3278 81.073
3159 5018 98.5994
3159 7050 40.0282
3160 6700 29.7029
3160 6989 11.5088
3161 4490 23.1104
3161 6041 28.9315
3161 6082 45.5523
3162 3405 15.875
3162 6013 9.09085
3162 6832 42.4944
3162 7209 61.7598
3163 4870 45.0911
3163 5081 77.3587
3163 6004 53.0691
3164 6842 49.2143
3164 7261 69.1716
3166 3622 18.1246
3166 5266 62.1786
3167 6383 27.2533
3168 3356 65.9341
3168 4848 102.856
3168 7180 61.6715
3169 4708 90.52
3169 6221 83.2601
3169 6790 34.8433
3169 7269 50.0777
3170 3721 43.5091
3170 5154 58.8086
3171 3331 21.2729
3171 5902 61.0126
3171 6025 44.2251
3172 3742 62.0621
3172 4160 43.5039
3172 4654 75.125
3172 6626 128.129
3173 5605 27.5005
3174 3420 94.2263
3174 5816 37.6266
3175 4855 91.3641
3175 5118 66.5874
3175 6922 39.6236
3176 3351 46.455
3176 5578 68.1939
3176 7239 73.6781
3177 3274 25.0935
3177 3552 34.2576
3177 4730 69.2193
3177 6477 11.9282
3179 4358 67.076
3179 5650 28.3663
3180 3618 53.8192
3180 3862 46.2503
3181 5617 99.0757
3181 6087 143.071
3182 4633 54.2365
3182 4875 54.1405
3182 6759 47.8329
3183 4187 30.5814
3183 5262 16.5878
3184 3529 23.0245
3186 3377 78.5641
3186 5847 53.7392
3187 3834 79.9933
3187 5895 35.4527
3188 3487 134.03
3188 5101 86.0125
3189 3418 31.7201
3189 4757 34.0932
3190 5728 35.2295
3190 6251 81.6404
3190 6576 54.0188
3191 5389 53.1646
3192 3909 28.202
3192 6723 44.8414
3193 4958 62.7231
3193 5386 38.1854
3194 3467 71.6609
3194 4676 60.6132
3195 4084 29.9932
3195 5119 72.3742
3195 7152 84.7774
3196 3271 112.708
3196 5493 117.894
3197 4350 27.5181
3197 7025 102.239
3198 4389 94.5484
3199 4266 26.612
3199 4563 91.0442
3200 4094 61.4475
3200 4802 49.3225
3201 7134 65.2257
3202 4274 3.90026
3202 7351 94.3271
3203 6419 71.719
3203 6551 14.0271
3204 5306 57.0457
3205 5721 78.6364
3207 5142 111.243
3207 5426 94.887
3207 5450 84.9706
3207 5546 110.049
3208 5813 170.755
3208 6151 81.5426
3209 3627 59.797
3209 5026 120.333
3210 6650 97.7906
3211 3298 85.591
3212 3700 101.947
3212 4026 125.715
3212 5770 66.1467
3213 3460 60.806
3213 5053 70.4917
3213 5427 47.3006
3214 3963 161.273
3214 6325 51.4618
3214 6673 32.6055
3215 4446 65.7069
3215 4695 72.244
3216 5772 15.1052
3217 4242 73.8178
3217 4294 52.4921
3217 5287 57.0897
3217 6328 51.328
3218 3462 36.6622
3219 5358 72.2089
3219 5679 107.571
3220 3274 52.5294
3221 3225 65.8813
3221 3775 31.8345
3221 4381 91.306
3221 6255 50.4291
3222 6867 85.8255
3223 5642 51.7561
3223 6788 44.2939
3224 3973 24.7892
3224 5079 22.9183
3225 3441 74.9741
3225 3982 97.518
3225 4665 62.1729
3226 4307 46.8629
3227 3990 92.0261
3227 7012 18.8196
3227 7074 24.0326
3228 5715 37.95
3228 6971 88.6727
3230 4803 66.6552
3230 4991 50.2115
3231 5821 33.7058
3231 6250 48.2222
3231 6658 55.7001
3231 7236 54.6849
3232 3751 74.9675
3232 6980 65.3381
3233 5334 72.7994
3233 6001 39.6304
3233 6933 16.8635
3233 7187 37.2798
3233 3352 45.01
3234 6191 69.059
3234 6952 52.9095
3234 6965 42.9384
3236 3373 46.4757
3236 4572 52.0569
3237 5121 23.309
3237 7196 57.7809
3238 4440 121.109
3238 6056 39.915
3239 3268 102.24
3239 4463 69.8335
3239 5062 95.0009
3240 3964 25.8314
3240 4238 39.8721
3241 6505 17.5743
3242 6901 112.304
3243 6925 163.558
3244 3547 46.8469
3244 5270 18.6838
3244 5448 107.853
3245 5866 82.2704
3245 6108 110.512
3245 6235 56.117
3246 4162 104.021
3246 4413 95.1411
3246 6384 63.3276
3247 3366 84.7957
3247 4683 146.109
3247 5485 96.796
3248 5016 67.1707
3248 7096 37.1382
3249 5465 26.1669
3249 6791 63.288
3250 3980 24.6166
3250 5235 12.6189
3250 6398 81.5207
3250 6838 53.7611
3250 7268 26.0958
3251 4811 38.2908
3251 5327 26.4356
3252 4588 85.6046
3252 5263 30.6342
3253 3490 63.6497
3253 5407 87.9923
3253 7206 92.2469
3254 3504 19.661
3254 4248 56.3222
3254 5570 39.8976
3254 6437 108.321
3255 3750 47.7316
3255 6341 5.46007
3256 4353 76.9819
3256 4396 19.1407
3256 6741 17.1795
3257 3333 38.6391
3257 7105 54.0868
3258 5497 22.8544
3258 7127 74.1972
3259 7322 1.47916
3260 3599 15.9179
3260 6755 34.1149
3261 4132 38.0308
3261 6478 56.9485
3262 3332 35.0947
3262 3617 98.6344
3262 3688 69.092
3262 7361 70.8544
3263 4127 15.9648
3263 5343 101.532
3263 6800 85.888
3264 5033 65.2429
3265 5028 60.471
3265 5371 69.0808
3265 5805 85.5446
3266 6794 102.165
3267 6412 35.1418
3267 7328 36.1434
3268 7140 73.9246
3269 5272 97.5694
3269 5995 54.1468
3270 3725 27.3954
3271 5316 11.7536
3271 5493 80.8818
3272 5990 87.361
3272 7181 43.609
3273 3410 51.4651
3273 3741 87.6994
3273 3901 115.133
3273 7318 72.4904
3274 3552 34.0846
3274 6477 15.6567
3275 6110 101.101
3275 7111 69.0566
3276 6911 29.7659
3277 3813 24.6855
3277 4457 108.444
3277 6130 62.075
3278 4373 73.5349
3279 3348 62.1761
3280 3998 81.5393
3280 4863 64.0789
3280 4914 76.7145
3281 5756 108.017
3281 6510 87.9392
3281 6943 90.1679
3282 3836 28.4125
3282 5127 35.5932
3283 6226 75.1725
3283 6368 92.2222
3284 5370 56.8936
3284 6988 81.9449
3284 7210 76.0836
3285 6036 42.0766
3286 4759 93.2409
3286 4982 102.802
3286 6286 22.7192
3286 7122 16.7757
3287 4545 22.8188
3287 6226 54.9299
3288 5459 90.9726
3288 5745 26.4195
3290 4104 57.5187
3290 4518 38.0927
3290 6120 13.2666
3291 6169 22.2446
3291 6366 48.8675
3291 6830 51.1874
3291 7004 25.8157
3292 4903 60.283
3293 5197 40.5688
3293 5640 67.2535
3293 7130 68.935
3294 3726 57.4071
3294 5563 65.7778
3294 6620 35.9394
3295 3960 101.798
3295 7253 105.403
3296 3853 36.7974
3297 4687 24.1421
3297 6416 30.8508
3298 6496 61.0456
3298 7105 76.8863
3298 7132 41.2372
3299 5064 61.434
3299 5330 52.233
3299 5880 67.1966
3299 7163 33.9702
3300 4568 28.5122
3300 6778 86.0723
3301 5130 72.8524
3301 6716 55.9454
3302 4140 88.0665
3302 6561 21.0751
3303 3715 56.6176
3303 3999 65.8254
3303 4705 18.0205
3304 3515 107.906
3304 3719 37.9733
3304 4450 11.3755
3304 6065 37.0662
3305 4510 30.8975
3305 5481 24.5068
3306 6767 64.914
3307 3450 69.6755
3307 5566 56.7541
3307 5920 74.9509
3308 4525 32.3894
3309 3909 20.7193
3309 5144 30.2606
3310 5304 43.1543
3310 6181 60.3851
3311 3532 52.234
3311 3872 49.3051
3311 4825 88.4759
3311 5138 26.3708
3312 4894 55.6403
3312 5578 57.921
3313 5951 38.3699
3314 4820 32.7994
3314 6917 75.4617
3315 3720 47.1526
3315 4926 77.4754
3316 4010 81.6955
3316 5561 48.3864
3317 3852 19.939
3317 4680 37.2763
3317 5360 67.2755
3318 4057 131.037
3318 5424 102.323
3319 6929 78.456
3320 3329 84.3687
3321 3763 66.1679
3321 4335 63.8811
3321 4421 98.6215
3322 4296 138.775
3322 5225 57.5883
3322 5561 78.0602
3323 4120 43.9645
3323 7303 31.2986
3324 3663 9.55032
3324 5396 68.3359
3324 5907 81.5047
3324 6105 47.0687
3325 3799 16.5391
3326 4972 80.3443
3326 7342 92.2942
3327 6248 39.8626
3327 7306 74.4427
3328 5627 91.5555
3328 7192 82.0315
3330 4637 68.9763
3331 5902 73.3808
3331 6025 43.2291
3332 3617 66.8265
3332 7361 80.8015
3333 7105 13.8793
3333 7132 47.9189
3334 4559 28.7558
3335 4650 24.6699
3335 5730 35.1804
3335 7288 59.8109
3336 3646 97.394
3336 3790 101.404
3336 6331 52.9071
3337 3462 77.4354
3337 7211 98.9453
3337 7286 18.946
3338 5009 105.907
3338 5478 59.1958
3338 5906 65.8181
3339 6401 87.4471
3340 3347 51.0758
3341 4599 77.8127
3341 5721 79.6326
3341 6725 65.7939
3342 4650 57.8647
3343 5792 71.8717
3343 6834 111.786
3345 3378 98.3129
3345 5734 37.4165
3346 5868 34.864
3348 4436 84.3806
3349 4455 84.3964
3349 6701 55.1826
3350 6037 10.5359
3350 6137 41.1182
3350 6840 81.8751
3351 7239 51.6145
3352 4414 31.1277
3353 4915 106.132
3353 4918 48.7874
3354 4377 53.4442
3354 5276 50.7153
3354 6864 44.5483
3355 3459 71.468
3355 4520 98.4552
3355 7172 48.47
3356 4848 70.7634
3356 4930 99.9484
3357 6338 53.2603
3358 3548 85.2225
3358 6689 87.0808
3359 5748 99.4585
3359 6029 13.4048
3360 4235 40.8104
3360 5815 118.176
3360 6574 32.8852
3361 6733 28.655
3362 4991 87.865
3362 6828 83.7035
3363 6443 45.0747
3363 6830 83.4416
3364 4631 88.5085
3364 6401 83.4433
3365 4137 109.314
3365 6882 59.8915
3366 4265 133.647
3366 5049 97.8241
3367 4008 81.0663
3367 5008 83.4795
3367 6476 89.5205
3368 3438 79.5434
3368 5749 79.4135
3369 4640 35.9225
3369 6915 69.3606
3370 6403 72.2002
3370 6852 36.2608
3371 3376 73.4406
3371 5169 141.074
3371 6073 103.909
3371 7242 72.2369
3372 3440 53.1603
3372 4094 74.2979
3372 5242 34.7081
3372 6541 37.5344
3373 4025 76.8175
3373 4572 32.3169
3374 5264 57.3825
3374 5388 58.1918
3374 7373 74.186
3375 3965 75.1853
3375 4115 105.176
3376 5169 31.908
3377 5886 113.109
3377 5916 84.3144
3379 5769 39.6272
3379 5969 59.5497
3379 6066 25.9488
3380 6601 117.544
3381 4737 50.8251
3381 6126 54.6211
3382 5241 74.4054
3382 6038 64.6434
3382 6059 107.584
3382 6448 42.1172
3383 6781 42.4146
3383 7062 49.1024
3385 3518 20.3062
3385 5606 57.0338
3385 6372 53.1766
3386 4546 40.3069
3386 5388 45.8284
3386 7373 58.6091
3387 4807 103.484
3387 5503 91.2026
3387 6121 32.2412
3387 6686 78.8216
3388 5294 64.3427
3389 4143 35.6001
3389 6170 32.3358
3389 6624 26.3812
3390 3651 92.9937
3390 5725 50.3644
3391 5861 22.8971
3391 5870 34.686
3392 5139 54.9799
3392 5141 20.9904
3392 6095 30.843
3392 6613 95.221
3393 6595 119.421
3394 6365 84.1115
3394 6533 99.5574
3396 4207 45.0247
3396 6634 4.97342
3398 6354 70.2316
3398 6459 46.5636
3399 5636 75.5193
3400 6637 41.7347
3401 4898 38.058
3401 5185 146.559
3401 7237 28.6827
3402 4623 79.7033
3403 6406 19.139
3403 6445 53.3121
3403 6632 21.6637
3404 4124 91.8605
3404 6327 55.0098
3405 6013 22.8066
3405 6832 35.0578
3405 7209 86.8454
3406 5887 14.8472
3407 3730 62.3016
3407 3969 60.9591
3407 4987 81.4941
3407 6208 79.2587
3408 4856 62.0785
3408 4877 63.6642
3408 7143 35.1343
3409 4210 48.3621
3409 4831 62.8881
3410 4887 30.0621
3412 4181 70.3349
3412 4268 53.9995
3412 5702 10.3744
3412 6801 72.5227
3413 5674 128.379
3413 6549 25.6464
3414 5376 58.3185
3415 4284 29.6055
3415 4873 26.7025
3415 4908 35.0284
3415 5369 57.2432
3416 4279 78.2692
3416 5849 93.4822
3417 3760 59.6944
3417 4542 26.3453
3417 7226 88.0554
3418 3879 75.4669
3418 4757 42.9929
3418 6319 80.4643
3419 4097 79.9526
3419 5193 112.648
3419 7066 51.8275
3421 4129 70.2119
3421 7375 47.9729
3422 4836 48.984
3422 7348 42.9562
3423 4280 34.306
3423 5525 51.5196
3423 5852 39.3986
3424 4492 61.8009
3424 4849 50.2952
3424 6408 93.2875
3425 5246 39.7987
3425 6363 63.15
3426 3491 92.85
3427 7028 46.4839
3428 4067 27.7866
3428 4651 33.8615
3428 5583 68.9459
3428 6127 47.895
3428 6427 35.7496
3429 4531 51.6498
3429 6362 27.3628
3430 6710 37.2017
3431 6200 100.914
3432 3777 19.6722
3432 4271 23.9182
3432 5627 56.3069
3432 6564 30.4972
3432 6964 40.2595
3433 3571 59.3558
3435 4036 93.6266
3435 4452 61.8565
3435 4673 38.9854
3436 5402 107.465
3437 6102 51.5072
3437 6936 47.0421
3437 7235 66.3684
3438 5749 29.4335
3438 5988 69.8028
3439 5308 52.1913
3439 5361 46.8966
3439 5688 98.2484
3440 5201 98.1161
3440 6120 71.9859
3440 6541 49.9133
3440 6854 123.795
3441 4936 24.7658
3442 3948 74.1495
3442 5275 45.6303
3443 5252 74.3207
3443 5541 82.8803
3444 4069 41.1151
3444 5564 101.203
3445 4069 128.717
3446 6577 68.705
3447 3914 46.3661
3447 4468 63.996
3447 5346 124.302
3448 5552 96.0062
3448 7260 47.78
3449 7198 96.7287
3450 5566 16.4022
3450 6952 60.9787
3451 3607 37.7094
3451 4934 44.761
3452 3497 57.0456
3452 3615 73.1112
3452 6000 74.6397
3452 6977 35.2862
3453 6502 46.2923
3453 6536 35.9645
3454 5292 46.1266
3455 3553 64.9215
3456 6637 77.73
3456 6950 9.40855
3457 6704 76.3841
3457 6878 44.0203
3457 6939 41.4744
3458 3650 7.43051
3458 7032 56.9672
3459 3689 52.6459
3459 7172 16.9186
3460 3884 121.956
3460 5053 26.1517
3460 5427 19.7262
3461 5722 65.1815
3461 6564 32.56
3461 7272 24.8002
3462 7286 62.0825
3463 3697 63.1863
3463 4741 48.5523
3464 3570 41.6514
3464 6223 83.2008
3465 4708 94.0704
3466 4709 91.2461
3468 7252 85.9642
3469 3666 81.5699
3469 6886 68.9178
3470 5537 30.2253
3471 6631 133.996
3472 5919 60.4309
3473 4043 26.4768
3474 6766 72.7079
3474 7061 49.0925
3475 4634 47.7763
3475 6396 59.5433
3476 4038 86.7633
3476 5467 37.7145
3476 7214 76.6975
3477 4287 67.2134
3477 5568 27.2065
3478 6023 52.1886
3478 6166 61.8884
3478 6355 93.3525
3479 5258 61.5407
3479 6660 59.4302
3480 5645 32.6539
3480 5762 12.506
3481 3632 160.029
3481 3781 110.579
3483 6803 125.273
3484 3959 87.5601
3484 4842 68.0134
3484 6117 54.2791
3486 4507 88.2391
3487 5101 79.9088
3488 5529 77.1457
3489 4403 22.1976
3489 5025 27.2856
3489 6988 36.8531
3490 3849 85.9046
3490 7206 78.2575
3492 6934 116.469
3493 5071 78.7008
3493 6259 64.2417
3493 6636 25.332
3493 7027 122.015
3494 6204 91.2809
3495 7333 33.4431
3496 4327 77.3082
3496 7064 41.8838
3497 3615 43.2446
3497 6977 13.1557
3499 4553 129.934
3499 4643 80.6544
3499 6355 49.5954
3499 7212 62.3537
3500 7113 77.3322
3500 7221 55.711
3501 6470 39.3093
3502 4828 29.815
3502 6090 98.8017
3502 6978 135.317
3503 6133 84.5571
3504 4248 39.9575
3504 5570 21.8375
3505 5874 69.5454
3506 5812 64.9056
3506 5973 32.5963
3507 3931 14.5718
3507 6074 59.5284
3508 3968 97.131
3508 4294 49.045
3508 6328 23.1344
3509 5336 35.0044
3509 5761 42.6618
3510 4208 72.4122
3510 4974 30.0061
3510 5109 33.5112
3510 5810 107.118
3511 4278 54.5605
3511 6434 24.1071
3511 6771 9.35151
3512 7045 68.4251
3513 5004 39.3804
3514 4642 76.1814
3514 4840 84.6533
3515 3719 37.1642
3515 6065 36.8129
3516 5892 60.9324
3517 6960 50.3869
3517 7110 44.9094
3518 5606 54.2426
3518 6372 37.5821
3519 3756 48.3753
3519 5964 36.8485
3519 6945 52.4891
3521 3589 44.4114
3521 6002 73.4308
3522 3674 53.9926
3522 3897 37.805
3522 4867 39.1632
3522 4888 22.7673
3523 5030 47.6382
3524 6730 43.6504
3525 6235 55.6022
3526 4314 64.8531
3526 6993 50.6134
3527 3788 34.8294
3527 4775 101.302
3527 5236 38.7194
3527 6334 62.7261
3528 4382 118.651
3528 6654 73.5736
3530 3921 59.0558
3531 3609 50.287
3531 5286 40.0463
3531 6501 63.7218
3531 6885 39.625
3532 4788 69.4072
3532 4825 66.7959
3532 5138 72.7024
3533 6183 36.6679
3533 6709 70.1641
3534 3691 69.9914
3534 4139 64.5393
3534 4778 55.3657
3534 5340 19.5165
3534 5672 70.317
3535 5642 71.5291
3535 5651 113.344
3536 4225 70.288
3536 4902 74.3974
3536 5113 77.3626
3537 7382 77.2225
3538 4255 105.532
3538 5492 98.872
3539 5144 92.2833
3539 5709 41.8574
3540 4116 34.0102
3541 3613 73.5297
3541 4434 55.7218
3541 6691 80.5588
3542 4704 43.6278
3542 6908 97.077
3543 5052 25.4465
3543 7042 69.3935
3544 7225 63.6992
3544 7277 20.4197
3545 4499 49.8941
3546 4505 14.7082
3546 6264 103.159
3546 6996 66.7151
3547 4088 42.0369
3547 4974 63.7069
3547 5109 89.6835
3547 5270 84.5139
3547 5448 21.6028
3548 4458 34.3922
3549 6523 35.5023
3551 5201 111.713
3551 5503 58.309
3551 6447 89.8636
3552 5526 77.7977
3552 6477 19.2509
3552 7008 76.5063
3553 5350 83.2496
3554 3649 39.2688
3554 7077 107.832
3555 6750 64.1207
3556 5539 38.7982
3556 6519 25.9766
3557 6440 19.2175
3558 4156 25.9928
3558 5637 40.9242
3558 6858 37.9804
3559 5474 36.2313
3559 5776 24.3996
3559 6475 48.9442
3560 4147 74.686
3560 6107 102.645
3560 6628 51.8737
3560 7000 41.7794
3561 4541 54.9482
3561 6245 30.0398
3561 6812 18.5741
3562 5250 63.4251
3562 5980 66.6247
3563 3625 68.4818
3563 5539 70.3802
3564 5125 52.4393
3564 5787 45.2474
3564 7072 30.9073
3564 7146 43.1398
3565 4100 45.9652
3565 5598 62.3757
3566 6935 27.0623
3566 7109 17.2459
3567 4020 60.6732
3567 7235 58.7078
3568 6990 48.1228
3568 7297 52.1024
3569 5117 53.8131
3569 6835 79.7854
3570 5722 82.7338
3570 6223 78.2671
3571 5682 85.2563
3572 5182 60.8495
3572 5924 77.5588
3572 7002 45.5676
3574 4453 30.1207
3574 4494 40.2888
3575 6351 61.2597
3575 6663 57.6736
3575 6745 55.9788
3577 4951 7.04525
3577 7230 11.4656
3578 4002 75.6843
3578 4208 44.3752
3579 6765 7.7347
3579 6970 33.1564
3580 6669 30.3956
3580 7129 97.3816
3581 6855 94.0944
3583 3771 69.0046
3583 5521 73.6995
3583 6465 44.7819
3584 3940 59.9686
3584 4386 61.7868
3584 4392 64.0197
3585 4301 38.7076
3585 4328 57.9037
3585 4474 42.0188
3586 3708 76.0731
3586 3749 48.8006
3586 3885 41.5458
3586 4703 87.9468
3586 6229 79.5949
3587 4970 63.1995
3587 5083 130.88
3587 5630 51.895
3588 5513 82.2442
3588 5985 68.5067
3589 4278 78.3256
3589 6002 30.9557
3590 5829 126.983
3590 6913 64.7158
3591 5482 133.779
3591 6415 129.222
3591 7098 108.773
3592 3847 105.468
3592 5530 46.3997
3593 3611 78.8217
3593 4656 53.7618
3593 5007 40.572
3594 3695 51.0834
3595 4472 52.1074
3595 5037 46.3856
3595 7040 39.3307
3595 7097 66.296
3596 5356 75.5391
3598 4397 61.6702
3598 5124 52.7094
3598 5626 29.8451
3599 5541 70.841
3599 6755 12.4077
3600 6060 41.9964
3600 6645 22.9953
3601 4772 54.5628
3601 5845 97.8105
3602 6385 65.1434
3602 6821 46.2088
3603 4616 26.8416
3603 6953 44.8558
3604 3615 114.453
3604 6977 118.067
3605 7316 131.075
3606 5727 70.2677
3606 7170 11.4959
3606 7208 79.1916
3607 4934 55.0454
3608 4765 117.177
3608 6379 62.3369
3609 5286 12.0408
3609 6175 52.2058
3610 5436 72.0208
3611 7241 57.4462
3612 5146 46.0591
3613 4434 14.2321
3613 6691 25.8769
3614 3923 108.785
3614 4664 82.6782
3615 5342 87.3878
3615 6977 41.4827
3617 5632 34.9608
3618 4115 67.8289
3619 5461 46.3802
3620 6071 49.9017
3620 6627 117.961
3621 4340 56.2922
3621 4971 45.5052
3622 5266 88.9203
3624 3774 93.7306
3624 6521 69.1048
3625 4276 78.9506
3625 5539 47.4717
3625 7358 67.6893
3626 4074 33.6195
3626 7029 62.0001
3627 5026 29.4205
3627 6850 46.8007
3628 3702 42.4073
3628 6865 60.3281
3628 7384 29.4657
3629 4232 77.7058
3629 5206 62.6178
3629 6225 60.7923
3630 5167 59.4153
3630 6051 72.1205
3630 6995 86.5957
3631 4221 13.0476
3631 5595 77.9819
3632 4264 59.9684
3632 4449 79.184
3633 4575 82.3633
3633 5472 78.7479
3634 4009 65.2747
3634 4066 72.183
3634 5480 30.0745
3634 6981 56.8581
3635 4566 33.0241
3635 5123 50.6711
3635 6353 52.9845
3636 7293 75.9793
3637 4427 36.4422
3638 4491 17.6907
3638 5788 44.8178
3639 4018 102.196
3639 6904 68.1786
3640 4402 129.561
3640 5247 103.317
3641 3823 32.7167
3641 4465 15.8929
3642 6213 40.7996
3643 4181 12.7052
3643 4268 42.8411
3643 5702 55.2703
3644 5505 19.3655
3645 5344 40.0592
3647 4659 43.7773
3648 4072 75.6201
3649 7077 84.0388
3650 6156 29.4747
3650 7032 62.2769
3651 5112 42.945
3651 5725 51.7837
3652 5719 63.1815
3653 4420 59.5372
3653 4961 31.3708
3653 5406 62.5357
3653 6402 47.1872
3653 6706 36.2327
3654 6899 27.8873
3655 6150 52.4766
3655 7234 101.013
3656 3919 10.6922
3658 5469 60.6058
3659 4774 117.407
3660 3965 131.474
3661 3823 33.5885
3662 4031 104.427
3662 6698 68.7765
3663 6105 49.7537
3664 6264 85.3395
3665 7071 80.4109
3666 4664 51.6222
3666 5499 60.8554
3666 5592 35.83
3667 5401 9.71266
3667 6552 111.85
3668 5265 30.1066
3668 6290 56.2976
3668 6335 44.3795
3669 3938 62.2862
3669 6446 82.6164
3669 7133 16.6537
3670 3984 79.386
3671 6063 38.3804
3671 6284 54.1561
3671 7124 48.2794
3672 4149 84.4343
3672 5283 105.218
3673 6390 39.2204
3673 6429 71.3102
3673 7248 54.1421
3674 4445 151.862
3674 4867 37.9026
3674 4888 85.4749
3674 5970 91.7823
3675 5816 111.078
3675 6507 64.7452
3676 5219 67.1235
3676 5239 47.2638
3676 5971 60.3778
3676 6367 54.4068
3677 3985 35.5623
3677 4549 35.8168
3677 4861 52.8521
3678 5783 64.3826
3678 6222 90.403
3679 7191 63.4328
3680 3978 35.5952
3680 4671 73.3542
3680 5654 106.877
3681 6449 96.5074
3681 6954 114.918
3682 5314 25.4425
3682 5472 48.4857
3682 6940 47.3988
3683 4845 61.3944
3683 6270 95.6044
3684 5755 5.90776
3684 6302 62.8454
3685 4310 66.2378
3685 6298 26.5231
3686 4467 89.876
3686 4623 36.565
3687 3906 134.332
3687 5569 117.85
3687 6722 102.949
3688 7304 65.1267
3689 4774 33.0501
3689 5993 45.8067
3689 7172 105.616
3690 5206 46.9451
3691 5058 20.2099
3691 5672 11.1364
3691 5723 115.272
3692 6304 99.8627
3692 6323 59.3267
3693 7298 28.7989
3694 4038 42.7453
3694 5467 45.5701
3694 6404 8.59977
3696 6205 40.0024
3698 5900 36.0831
3699 4845 89.593
3699 6849 61.6005
3700 5770 51.0339
3701 5306 43.7659
3702 3933 66.8463
3702 5632 119.74
3702 6865 16.7863
3702 7384 29.9035
3703 4330 84.3236
3704 3829 88.9982
3704 4394 73.1016
3704 7080 31.6746
3705 4000 74.6895
3705 5780 24.2409
3705 5940 51.6171
3706 6087 36.8848
3707 4175 69.0401
3707 4818 25.0986
3708 6229 77.5628
3708 7340 91.3542
3709 4312 42.2867
3709 4810 134.664
3709 4959 58.1719
3710 4587 89.9642
3710 4744 66.4522
3711 4548 54.1927
3711 5618 59.0467
3711 6533 71.7385
3712 3928 67.947
3713 4130 36.2133
3714 5354 54.7532
3714 6754 70.8424
3715 4705 58.349
3715 6524 43.2003
3716 4324 75.2026
3717 4096 50.8488
3717 4322 60.1361
3718 6920 69.7808
3719 4450 39.1873
3719 6065 32.2531
3720 4926 40.906
3722 5881 138.419
3723 6583 37.7964
3723 7323 11.0444
3724 4431 57.4334
3724 5604 71.0288
3725 4719 44.9215
3726 5413 58.8263
3726 5897 82.5785
3726 6620 40.9769
3728 6455 64.3802
3728 6853 75.7383
3729 6078 69.7342
3731 7362 65.313
3732 4900 85.4435
3732 4956 80.5377
3732 5490 59.414
3733 5475 85.8807
3733 6668 79.8303
3733 6875 15.3067
3735 5690 53.6154
3736 4063 130.573
3736 4577 58.9597
3736 4963 122.383
3736 6649 54.152
3737 4384 33.2187
3737 4626 30.9738
3737 5441 20.0121
3737 6294 39.4443
3738 5827 19.0156
3739 4466 25.8814
3740 4756 105.873
3740 7290 90.1008
3741 3901 50.4482
3741 7318 134.163
3742 4160 70.4079
3742 4654 41.8369
3743 3981 64.6823
3743 4402 97.7625
3744 4777 65.1683
3745 6276 114.527
3745 6527 127.946
3746 5697 117.754
3746 6762 18.7193
3747 5833 62.1276
3749 3885 72.6375
3749 6229 72.6488
3750 6341 37.5573
3751 4578 86.3915
3751 6312 67.7684
3753 6116 7.17666
3754 6228 36.3151
3756 6945 43.7161
3757 4937 25.6482
3757 5403 47.7053
3757 5928 18.8677
3758 6699 21.6738
3758 6909 34.498
3759 5193 62.9041
3759 5335 84.2592
3759 7267 62.5979
3760 4542 70.7232
3760 5738 61.1764
3760 7226 53.5119
3761 3881 84.9809
3761 4369 104.715
3762 6704 39.9671
3763 4351 80.177
3763 6206 48.7812
3764 4046 59.5275
3764 7103 42.1405
3765 4540 106.374
3766 5862 95.0938
3767 4221 78.8814
3767 5595 67.7747
3767 7138 66.3791
3768 4317 49.3773
3768 5188 33.815
3768 6100 70.399
3768 6711 64.1305
3769 4712 66.7125
3769 5463 58.7265
3770 6526 52.8124
3770 7234 50.0832
3771 6465 17.6019
3772 5072 37.2896
3773 5763 36.0917
3774 5385 49.3975
3775 4381 45.1331
3775 6255 57.5362
3776 4183 46.0942
3776 4201 68.0349
3776 4627 47.0376
3777 4271 33.4303
3777 5627 68.1628
3777 6964 8.63392
3778 5212 69.129
3778 5301 46.1366
3778 6793 77.3628
3778 7086 60.2981
3779 4648 57.5071
3779 4653 66.0312
3779 5285 65.1018
3779 6668 47.2204
3780 5831 59.8575
3780 6091 39.5214
3780 6277 50.2687
3781 5591 85.507
3782 4739 51.6695
3782 4835 43.8175
3782 7371 37.1176
3784 3912 82.9784
3784 5392 71.6717
3785 4004 51.2243
3785 4637 44.9126
3785 6661 48.4649
3786 4953 14.5099
3786 5516 50.1386
3787 5357 71.7796
3787 7092 28.5215
3788 6012 36.4102
3788 6334 33.7089
3789 4304 93.5913
3789 5927 15.2545
3790 4742 23.9617
3790 6331 26.9954
3791 4911 29.3333
3791 5867 73.5276
3791 6932 8.3638
3792 5320 112.247
3792 6608 71.4382
3792 7206 78.5313
3793 5250 95.0481
3793 5619 51.8603
3793 5983 15.3294
3794 4209 4.9561
3794 5149 61.1304
3794 5643 49.5724
3795 3841 90.5574
3795 7076 92.5279
3796 4822 46.6907
3796 5714 76.9487
3796 6674 44.0534
3797 4888 73.8842
3797 5593 60.3053
3797 6128 76.6318
3797 6289 81.9612
3798 4322 136.909
3798 6998 138.446
3800 5177 53.8155
3800 5345 22.3429
3800 5904 40.5984
3800 6941 72.1485
3801 4975 45.7035
3802 4202 59.6716
3802 4718 113.56
3803 5302 63.9661
3803 6216 26.2524
3804 4999 7.88723
3804 6129 27.6792
3805 4288 84.8924
3805 4723 43.0425
3806 4387 60.0684
3807 6227 30.966
3808 4337 90.1738
3808 6193 84.3542
3809 3835 43.274
3809 6512 59.9011
3810 5743 47.9979
3811 4604 43.4754
3811 6412 74.4518
3812 3957 113.704
3812 6424 79.3193
3813 6130 30.5431
3814 4008 80.605
3814 4332 89.2869
3815 4021 89.2881
3815 6917 61.3357
3816 3971 101.908
3816 5545 106.025
3817 7151 34.4053
3817 7271 32.9982
3818 7159 50.6896
3819 4134 23.5413
3819 6067 102.951
3820 6719 54.7777
3821 4166 80.8522
3821 4787 50.1201
3822 5243 38.4427
3823 4465 35.1302
3824 4248 44.8106
3824 5570 8.38681
3825 4809 19.6204
3825 5884 21.2308
3826 3880 116.451
3827 4711 152.166
3827 5997 49.7278
3828 4649 83.4132
3828 5055 79.1086
3829 7080 55.1506
3830 4932 22.483
3830 5271 16.7355
3831 4539 33.1265
3831 4981 43.6017
3831 5307 49.7408
3831 5819 13.5764
3831 7337 27.7391
3832 4843 85.6848
3832 6174 108.128
3833 7044 24.0105
3833 7275 63.5676
3834 7283 60.2989
3835 6114 89.5051
3836 5127 69.2021
3837 6926 58.7919
3838 3936 56.4669
3838 4798 76.7198
3839 6096 22.8641
3839 6313 13.4539
3840 4447 44.2807
3840 6057 33.8499
3840 6224 28.0484
3841 7076 37.3775
3842 7231 27.7776
3843 5842 46.168
3843 7011 51.8837
3844 6030 45.8443
3845 6738 121.358
3846 4411 56.4148
3846 5017 51.2604
3846 6774 61.8062
3847 5777 22.3406
3848 4341 79.9165
3848 5655 122.534
3848 6323 16.0011
3849 4539 67.859
3849 5819 60.9315
3849 7337 43.0201
3850 3913 39.6984
3850 4146 44.0279
3852 4680 49.3502
3853 3925 109.34
3854 4939 89.8395
3854 5405 15.78
3854 4968 64.0398
3855 4546 60.452
3855 5339 84.804
3856 4192 50.7996
3856 4663 41.5021
3856 7083 53.7859
3856 7223 71.5712
3857 4541 41.7
3857 6243 33.7605
3857 6377 59.0251
3858 4954 90.5301
3859 4893 78.5157
3859 7014 53.5757
3860 5898 7.47541
3861 6084 41.5984
3861 6807 77.9074
3862 5202 52.9937
3863 3888 88.875
3863 6966 67.1294
3864 3905 49.2663
3864 4829 73.8391
3864 7214 45.5522
3865 4437 67.8894
3865 5176 13.9543
3865 6255 71.2737
3866 4009 94.0462
3866 6481 21.594
3867 5047 2.62251
3868 4662 32.9646
3868 5967 49.8935
3868 6644 49.2855
3869 4751 42.6842
3869 5111 29.6713
3870 4107 28.4523
3870 4750 9.58733
3871 5538 37.8864
3871 6207 60.5487
3872 4678 72.7423
3872 5138 28.879
3873 5137 72.6729
3873 6742 49.7502
3874 4153 50.1549
3874 4795 64.1165
3875 4318 61.5066
3875 7224 114.619
3876 5366 74.895
3876 5668 53.6677
3876 7317 30.5991
3877 4533 37.3053
3877 6095 26.6158
3877 6948 21.792
3878 5663 50.4267
3878 6094 58.8214
3878 6664 27.0606
3879 5494 49.8205
3880 4761 69.7733
3880 4858 119.049
3881 4213 57.5906
3883 3957 97.5282
3883 7065 45.4077
3883 7360 36.1935
3884 5427 116.572
3885 4703 47.5314
3887 4938 39.9654
3887 7119 35.3106
3888 6966 140.198
3889 5533 15.8309
3889 6093 52.8027
3889 7244 54.2689
3890 4598 64.4542
3890 5668 52.3934
3891 6792 55.6151
3894 7030 106.415
3894 7263 104.016
3895 4298 21.1308
3895 4581 101.709
3896 6096 40.2351
3896 7252 29.6968
3897 4888 56.0481
3898 6203 75.4904
3898 6315 43.2962
3899 4030 96.4505
3899 5420 65.7432
3900 4422 65.425
3901 4833 100.24
3902 4110 73.0595
3902 5711 43.7078
3902 6562 48.4456
3903 4404 22.5914
3904 5091 137.289
3904 5950 139.029
3905 4829 46.0186
3905 5305 41.4315
3906 5569 26.5454
3907 4644 42.3305
3907 5093 67.4157
3907 5317 37.948
3907 7100 57.1089
3908 6141 81.0759
3908 7210 66.1011
3909 5144 27.1647
3910 6734 46.4882
3911 6633 73.172
3912 4148 23.4743
3912 4620 69.1912
3913 4146 20.3664
3913 4256 63.5224
3914 4468 82.8834
3915 4985 92.9916
3915 5949 105.567
3916 7178 116.499
3916 7211 36.5711
3918 6299 51.8341
3919 5031 92.5574
3919 5353 103.872
3919 7388 91.3298
3920 5108 53.256
3920 6130 47.0411
3920 6617 35.4987
3921 5543 87.7344
3922 4219 100.412
3922 5425 72.8045
3922 6285 7.19673
3924 5528 82.2606
3925 5473 70.1366
3926 4658 40.3717
3926 4670 45.2765
3926 7343 15.7649
3927 5491 31.9752
3928 7368 70.0323
3929 5244 100.545
3929 6309 91.4582
3930 4765 89.3315
3930 5791 124.68
3931 6074 61.7042
3931 7060 55.081
3932 4889 45.7548
3932 6679 31.4383
3933 6865 67.2668
3934 4745 52.218
3934 5781 52.0316
3934 6611 67.9874
3936 4798 15.097
3936 5708 68.8291
3936 7259 93.3539
3937 4771 29.3979
3937 5941 54.0444
3937 7082 64.2794
3938 5278 75.16
3938 7063 76.8283
3938 7133 39.2223
3939 4096 93.5736
3940 4253 55.7957
3940 4439 67.5355
3940 5507 74.65
3941 4315 41.1345
3941 5800 37.8291
3941 6972 64.9292
3942 4416 110.362
3942 6450 41.2192
3942 6715 87.9662
3943 4891 89.7298
3943 6531 28.5546
3943 7169 31.7458
3944 4296 85.6624
3944 5225 60.9825
3945 5351 42.123
3945 5577 49.2193
3945 5649 124.549
3946 4258 28.8555
3946 4552 69.2271
3946 6997 32.0553
3947 4379 74.3407
3948 5275 60.2776
3949 4888 52.0038
3949 6128 46.4443
3950 5833 24.5448
3951 4706 12.6685
3951 4990 46.0917
3952 6114 103.194
3953 4126 81.3128
3953 5901 59.576
3954 4163 61.9179
3954 6764 113.976
3955 4144 60.6075
3955 5558 82.6684
3956 4126 95.0301
3956 5397 32.1393
3959 6117 57.8663
3959 7018 66.9075
3960 7253 100.378
3961 5066 33.7158
3962 4683 83.7692
3962 6202 71.6701
3968 4294 69.7061
3968 6328 55.4654
3968 6459 60.089
3969 4987 36.3588
3969 6208 41.5047
3970 4535 48.6504
3971 3996 80.5909
3971 6027 43.8891
3971 6484 23.2344
3972 4077 103.14
3972 4378 63.6967
3973 5079 10.2589
3974 4173 18.9513
3974 4195 74.5526
3974 4885 22.8794
3975 4673 63.9127
3976 4661 49.18
3976 5616 68.4004
3976 6509 58.9749
3977 4473 56.2125
3977 4962 35.5074
3977 5097 94.0995
3979 5099 70.0228
3979 5534 65.664
3980 5235 41.5802
3980 6398 63.1711
3980 6838 43.5307
3980 7268 33.4057
3980 7296 71.4147
3981 4402 27.8446
3982 4665 55.4645
3982 6134 90.2991
3984 4325 64.6394
3984 4454 36.7403
3985 4549 69.449
3985 4861 43.6287
3985 6934 96.9985
3986 5889 66.5331
3986 6566 86.5473
3986 7067 92.6186
3987 6351 17.4703
3987 6663 40.5664
3988 4336 82.6817
3988 5290 104.179
3988 6456 71.2146
3989 4249 137.048
3990 4701 122.005
3990 7074 43.7756
3991 6824 90.3625
3992 5386 32.8288
3992 7280 15.0365
3993 4583 85.8684
3993 4699 31.922
3993 7185 65.1335
3994 4781 81.9201
3994 4910 64.2758
3994 6888 76.9908
3995 6279 74.9373
3996 6027 65.2162
3996 6484 74.5738
3997 5416 122.671
3997 6764 87.9886
3998 4914 13.4483
3998 6671 65.4946
3999 4555 95.4593
4000 5780 51.2603
4000 5940 21.5499
4001 4441 21.9211
4002 6972 62.6839
4003 4780 60.3663
4004 4637 23.7922
4004 5685 39.9794
4004 6661 31.3119
4005 4507 79.2754
4005 5032 111.841
4006 6397 30.1596
4006 7208 81.5495
4007 5647 18.8088
4007 7077 39.4722
4008 6476 40.6467
4009 6981 84.8165
4011 4099 32.1682
4012 4635 76.9055
4012 5199 41.8778
4012 6922 45.5896
4013 4612 73.1924
4014 5641 37.7291
4015 5553 54.8066
4015 6239 57.0711
4015 6703 60.7018
4016 5153 41.8751
4016 5560 21.713
4016 5974 32.7618
4017 4431 101.24
4017 5604 67.5964
4017 5838 81.7414
4018 4522 136.206
4018 5991 60.241
4018 6904 16.6341
4020 5843 68.3456
4020 6420 29.6619
4020 7073 24.8383
4021 6856 76.2257
4022 6983 67.0186
4024 4768 71.6853
4024 4801 12.648
4024 4817 110.668
4025 4572 66.2448
4026 5438 38.4181
4026 7370 172.877
4027 5862 61.0808
4028 5300 67.0114
4028 5913 40.8078
4029 6453 97.3915
4030 5889 109.896
4032 5854 65.5984
4032 6077 34.3203
4032 6460 37.0018
4033 7022 76.3806
4034 4894 37.7233
4034 5464 52.3213
4034 5875 4.69317
4035 5700 66.6091
4036 4673 54.874
4037 5524 122.308
4037 7082 87.2824
4038 5467 72.8988
4038 6404 50.2219
4039 5120 102.589
4040 4281 53.7287
4040 5449 74.8213
4041 5374 83.1903
4041 6256 33.8276
4042 6724 47.4168
4042 7381 64.4285
4043 7342 52.8807
4044 4585 78.2433
4046 6373 53.829
4047 4259 46.5022
4047 6453 63.8863
4047 6859 72.8735
4048 5032 67.3156
4048 5918 104.25
4049 5915 56.9404
4050 5323 73.6786
4050 6292 87.8423
4051 4793 41.3641
4051 5852 112.217
4052 4573 62.4439
4052 5328 21.516
4052 6479 34.7006
4052 7022 36.6673
4053 5739 32.3419
4053 6732 10.8199
4055 5608 87.0018
4055 6392 76.8632
4056 4291 33.0506
4056 5921 33.3406
4056 6358 72.5398
4057 5424 49.4162
4058 5760 58.5382
4058 6069 12.2895
4059 5084 59.0587
4059 6267 77.9975
4059 6342 66.8534
4059 6694 56.6439
4059 7232 90.2718
4060 4480 59.5686
4060 7273 54.8769
4062 5411 57.3081
4062 5571 52.0823
4062 5648 62.121
4064 4354 66.4054
4064 6035 54.2831
4064 7346 65.326
4065 5580 37.2396
4066 4780 90.5243
4066 5480 13.0629
4067 4651 13.6016
4067 6427 60.142
4068 6502 44.8171
4068 6536 61.3995
4069 5564 40.7513
4070 4370 52.0735
4070 6085 94.0371
4071 4743 77.9806
4071 5384 65.1479
4072 4849 57.3211
4072 6408 76.0191
4072 6836 129.943
4073 4243 47.4491
4073 6645 66.423
4074 7029 90.3695
4075 4785 80.8986
4075 7067 13.7062
4076 5092 54.1296
4076 6903 68.2368
4076 7020 84.2416
4077 5073 90.2755
4078 5332 61.2392
4078 6322 47.0704
4079 5333 105.624
4080 4364 29.5929
4080 6684 38.5071
4081 4097 27.5883
4082 5034 84.9494
4082 5564 59.1431
4082 6189 70.2709
4083 5949 35.9593
4084 7152 73.3829
4085 4091 138.084
4085 5095 74.9962
4086 5984 87.1143
4086 6097 93.1485
4086 7190 40.8261
4087 4407 26.28
4087 4883 29.139
4087 5982 16.4544
4088 4974 86.7385
4088 5448 22.7519
4089 5752 86.5452
4089 5914 115.017
4089 6760 46.9904
4092 4526 85.4872
4092 6147 7.37275
4092 6212 77.5124
4093 6471 109.479
4093 7101 94.9514
4094 4518 55.6199
4094 4802 50.7998
4095 4304 116.804
4095 5374 112.352
4095 6256 54.4056
4095 6710 64.4354
4096 4322 57.4083
4097 6586 63.2128
4098 7188 121.986
4099 6887 52.6267
4100 4730 63.4469
4100 5526 89.7285
4101 4817 80.6509
4102 6260 78.5076
4102 6510 25.9613
4102 7010 17.7655
4104 4518 51.4899
4104 6120 51.8462
4104 6854 104.678
4105 4179 41.7865
4105 6163 50.4462
4107 4750 32.4688
4107 5045 84.1183
4107 5754 36.9124
4108 5522 59.8603
4108 7307 78.6542
4109 5271 67.3008
4109 6327 65.0705
4110 5711 52.7137
4110 5947 60.7702
4110 6630 79.5437
4111 5080 85.1145
4111 6338 62.5023
4113 4131 48.4647
4113 5196 88.4999
4113 6308 40.9111
4113 6984 56.9517
4114 4219 58.4649
4114 4444 16.2227
4114 5425 24.154
4114 6707 33.2988
4115 4756 69.1868
4117 6359 11.5841
4117 6978 84.0861
4118 4272 16.3539
4118 6569 71.2375
4118 6705 50.1813
4119 4713 44.2109
4119 5417 76.8171
4120 7303 30.4574
4121 4424 60.9844
4121 5116 56.558
4121 5594 34.2652
4121 6178 64.0042
4121 7329 10.925
4122 4792 23.2605
4122 6553 44.7138
4123 4229 131.885
4123 4732 17.5171
4123 6374 61.5381
4124 5442 47.4444
4125 4205 95.26
4125 6332 33.0007
4128 4540 100.2
4128 6179 56.9328
4128 6660 83.3207
4129 7375 16.1767
4130 5905 39.8993
4131 5644 48.7621
4131 6984 3.87734
4132 4837 52.8731
4132 6478 60.5798
4133 5701 17.4471
4134 6067 84.3273
4136 6109 75.8881
4136 7287 83.0033
4137 7155 94.0732
4138 4527 48.3716
4138 4879 42.5099
4139 4778 15.1652
4139 5340 44.872
4139 7382 71.9266
4140 4916 98.4689
4140 6561 55.836
4143 4244 72.2336
4143 6624 14.7177
4145 5487 51.229
4145 5837 36.5182
4145 7092 28.9568
4146 4552 74.2341
4147 6884 94.0607
4147 7000 10.25
4148 4620 35.2803
4149 6160 36.4802
4150 5678 55.0174
4150 6172 61.2211
4151 4928 51.9576
4152 6986 19.4689
4153 6193 56.7821
4154 4647 15.1483
4155 6551 112.874
4155 6629 63.1884
4156 5637 65.8297
4156 6858 53.3618
4157 4846 73.6577
4157 4896 109.69
4158 6810 32.1391
4158 7200 26.3071
4159 6189 56.077
4159 6627 57.0711
4159 7276 50.0206
4160 6070 81.1887
4160 6101 59.7767
4161 5775 37.0543
4161 7377 67.5455
4162 5632 107.932
4162 6103 118.409
4163 6764 48.9832
4164 5349 38.821
4166 4589 26.937
4166 4787 38.1192
4166 5352 80.2596
4167 5624 66.8627
4167 5694 34.5373
4167 6927 80.8908
4168 4609 43.3348
4168 6098 40.4281
4169 5856 28.1097
4169 6681 45.4783
4169 6795 23.6738
4170 4492 66.3806
4171 4907 71.0397
4172 5049 64.1691
4172 6330 37.0239
4173 4885 28.8378
4175 4398 43.3711
4175 4818 36.8012
4175 7056 88.056
4177 7347 45.929
4178 6244 45.5708
4179 7311 93.0955
4180 4786 10.4299
4180 4968 67.6837
4180 6912 49.597
4181 4268 63.9093
4181 5702 44.4989
4182 5230 44.4957
4182 6223 71.9049
4182 7272 39.5884
4183 4201 49.8574
4183 4627 19.9741
4184 4228 49.1248
4184 6605 94.0088
4185 4573 73.9098
4185 5328 43.0159
4185 7022 61.2654
4186 4300 21.2255
4186 7004 47.1906
4187 4520 75.1405
4187 5262 15.9618
4187 7327 81.2113
4188 4333 15.9872
4188 4486 88.0691
4188 6304 31.9825
4189 6598 43.4019
4191 5535 69.451
4191 5615 37.6947
4191 7312 130.225
4192 5703 88.2976
4193 6072 46.6755
4193 7126 32.6709
4193 7134 51.084
4194 5459 132.212
4194 5745 132.574
4194 6442 48.8268
4195 4885 50.4509
4196 6104 37.4977
4197 4990 63.0974
4197 5704 84.8315
4198 4379 51.3437
4198 5550 61.3966
4199 5937 76.5088
4200 7070 76.0677
4201 4627 90.7709
4201 6188 48.4531
4202 4738 58.5481
4203 6673 52.8015
4203 7294 94.3357
4205 5689 111.051
4205 6332 82.5139
4206 6771 75.0722
4207 6634 49.7587
4208 5109 63.206
4209 5149 38.9003
4209 5643 79.2377
4210 4831 75.3981
4211 6657 88.8412
4212 4682 79.9958
4214 7034 20.3712
4215 4545 67.7695
4215 7341 79.2366
4216 4430 47.6965
4217 6069 78.241
4218 5575 3.63314
4218 6467 64.6293
4218 7281 78.0214
4219 4635 77.2595
4219 5199 65.9405
4219 5425 22.6592
4220 5245 59.1343
4220 6182 68.9686
4221 4906 90.7386
4221 5595 68.3766
4222 5244 35.2341
4222 6623 43.3456
4223 4470 42.7869
4224 5367 69.0248
4224 6640 56.7852
4224 7115 50.1276
4225 5113 143.842
4225 5611 110.694
4227 4434 106.826
4227 5943 46.4088
4228 6605 104.001
4230 6736 57.6556
4230 7148 64.8119
4231 4595 61.7381
4231 6018 24.4549
4232 5269 102.807
4232 6225 82.7885
4232 7245 100.9
4233 4626 102.313
4233 4758 94.3659
4233 5044 54.1486
4234 4904 65.3711
4234 6414 28.647
4235 5162 69.67
4235 6574 71.0491
4236 6905 38.125
4236 7018 53.9591
4237 5484 91.2502
4237 5794 112.533
4237 7164 90.2125
4239 6654 106.317
4240 5488 44.8513
4240 5494 56.9733
4241 5160 22.5056
4241 6310 102.716
4242 5287 83.265
4242 7301 69.8259
4243 6523 114.495
4244 4997 73.7802
4244 6624 66.2887
4245 5863 148.858
4245 6976 33.372
4246 4697 61.8224
4246 6210 79.7735
4247 5462 105.976
4247 5656 34.3893
4247 6339 56.0863
4250 6040 62.3337
4251 6292 20.9845
4251 6581 23.0353
4251 6638 56.8702
4252 4257 41.0338
4252 5172 45.3627
4253 4386 81.1786
4253 5882 45.0717
4254 5828 41.8225
4255 6379 50.0622
4255 6777 31.7892
4255 7380 78.5396
4256 4552 47.992
4256 6997 68.4344
4257 5172 79.038
4257 6389 87.2434
4258 4552 52.2781
4258 6997 86.1443
4259 4487 41.1763
4259 6450 57.9957
4259 6859 35.7659
4260 5129 54.1768
4260 5186 13.0411
4261 6962 84.3549
4263 4977 49.0671
4263 5261 77.2825
4264 6825 40.7126
4265 4705 80.2325
4265 6914 69.3459
4265 7204 72.0521
4266 4563 98.0071
4268 5702 38.1391
4269 5482 29.5779
4269 7098 37.3856
4269 7359 41.1498
4270 5505 59.8817
4271 5627 27.6139
4272 4850 101.831
4272 6569 76.4087
4272 6705 60.2239
4273 4785 122.835
4273 6566 33.4674
4274 7351 75.589
4276 4408 67.0522
4276 7358 43.6336
4277 5310 13.1419
4277 5370 24.9102
4277 7084 6.79016
4278 5173 39.2531
4278 6002 40.8274
4278 6434 29.1465
4278 6771 72.2454
4279 5346 101.929
4280 5525 36.0491
4281 5449 20.785
4282 5085 92.3356
4284 4873 16.6747
4284 4908 38.329
4285 5130 84.7985
4285 6400 61.4918
4285 6839 21.3239
4286 4299 107.359
4286 6554 25.0572
4286 7051 89.7288
4286 7149 144.295
4287 4506 35.7687
4287 5568 35.2074
4287 7154 47.0579
4288 4723 72.7201
4288 5880 98.5697
4289 6421 70.7569
4289 7003 147.413
4290 5170 104.894
4291 5921 17.0054
4291 6358 21.7686
4292 4413 27.1886
4292 5892 60.7619
4292 6184 72.7908
4293 4475 22.9213
4293 5191 85.776
4293 5891 46.8547
4294 6328 32.8954
4295 4695 109.403
4296 5225 41.9824
4296 5561 69.2385
4297 6063 94.3939
4297 7124 77.3827
4297 7178 46.9572
4298 4581 78.0331
4299 7149 58.855
4300 5671 86.7757
4301 4328 72.6011
4301 4474 6.91552
4302 7215 84.6957
4303 4878 32.5216
4303 5312 52.4946
4304 5555 131.631
4305 6032 93.2255
4305 6303 106.636
4305 6955 76.5187
4306 4601 25.6115
4309 6159 52.4038
4309 6454 38.4782
4310 4725 56.032
4310 6298 57.9375
4312 4959 97.3668
4312 5602 69.4611
4313 4846 87.6512
4313 5277 62.184
4314 6253 50.7253
4315 5800 77.6343
4316 4977 44.2856
4316 5001 34.3273
4316 6942 54.0386
4317 5188 19.4703
4317 6711 47.2044
4319 6894 45.1042
4320 6555 62.4305
4320 7314 59.182
4321 6301 84.8808
4321 6720 31.0034
4323 5823 35.951
4323 7118 100.246
4324 5992 94.8709
4324 6482 106.128
4326 4741 84.8074
4326 6892 36.7851
4328 5266 60.6458
4328 6816 76.3202
4329 6690 18.4428
4330 5768 82.9528
4330 7136 67.3611
4331 4884 67.2426
4331 5839 31.0191
4331 6019 38.5506
4333 6304 19.7059
4334 5859 23.7576
4334 7131 27.2226
4335 4421 49.5636
4335 5407 95.5192
4336 5290 62.0105
4336 5696 30.9919
4336 6524 99.19
4338 4423 38.4129
4338 4555 57.6874
4339 5536 81.6371
4339 5729 81.129
4339 5803 33.8953
4339 6009 33.3612
4340 5107 59.3536
4341 5655 102.917
4342 6210 100.129
4343 5510 69.3832
4344 7265 78.5714
4345 5490 80.13
4345 5927 83.2835
4345 6642 48.9999
4346 5981 65.2932
4346 6394 39.5831
4347 6092 47.153
4347 6171 38.0995
4347 6234 45.5043
4347 6967 46.3497
4348 5676 73.5817
4348 6072 84.6743
4349 4374 55.5555
4350 6356 102.012
4350 7025 49.9495
4350 7068 91.76
4351 4945 94.4145
4351 5635 81.1732
4351 5793 47.9374
4351 6206 86.0543
4352 4854 107.952
4353 4396 103.77
4353 4554 64.3581
4353 6254 44.7773
4354 7346 29.0264
4355 4367 79.3166
4355 4984 41.57
4355 5145 21.3461
4355 5192 40.7086
4356 5689 79.7828
4357 6281 70.8718
4357 6797 6.97017
4358 5650 42.6248
4358 6719 44.9893
4359 6430 131.36
4360 5385 70.2505
4361 5596 62.6856
4361 6475 36.5936
4362 4523 36.2408
4362 5931 17.2175
4363 6632 77.0073
4364 5277 63.0785
4364 6414 51.8194
4364 6684 40.8681
4365 4855 81.5609
4365 5171 33.3579
4365 6340 82.5994
4366 6307 25.204
4366 6685 47.3348
4367 5653 115.088
4368 5643 158.125
4369 4952 69.9328
4372 5239 72.7539
4372 5910 44.7834
4373 4397 101.865
4373 5140 32.215
4374 6962 70.9097
4376 6924 60.2119
4377 6140 62.9956
4378 6207 52.0734
4379 5550 15.5231
4380 5979 48.9846
4381 4437 64.6
4381 6255 26.5418
4382 6654 101.062
4382 7112 58.943
4383 6689 53.038
4384 5441 69.2695
4384 6294 37.2681
4385 6528 21.3995
4386 6890 50.2595
4387 7355 42.1715
4388 4462 113.905
4388 6932 77.1995
4390 6473 101.423
4390 7033 60.688
4391 5758 14.5765
4391 5853 99.9808
4392 5279 57.824
4393 5857 93.1574
4395 5911 41.262
4396 6741 45.556
4398 7056 54.0337
4399 6034 92.8417
4400 4950 36.9671
4400 5027 47.8795
4400 5046 74.1997
4403 5025 25.3808
4403 6988 36.383
4405 4758 33.2921
4405 5457 74.6744
4405 5743 108.671
4406 5110 12.1391
4406 7184 19.7682
4407 4883 19.9416
4407 5646 45.9537
4408 7358 149.602
4409 4677 14.0684
4409 7017 56.1163
4410 5872 82.8306
4410 6205 67.3347
4411 5077 72.8512
4412 6032 83.2391
4412 6266 74.7646
4412 6303 97.6662
4413 5892 68.585
4413 6320 66.1185
4413 6384 39.6077
4415 6870 39.7628
4416 6715 14.1174
4417 6361 26.5609
4417 6496 40.5572
4418 6449 70.1471
4418 6679 38.2422
4419 4438 63.4973
4420 4961 50.4334
4420 6706 97.4244
4421 5407 44.465
4422 4630 80.7429
4423 4555 67.9703
4423 4731 83.932
4423 6670 68.0372
4424 5594 26.3652
4424 7217 42.2538
4424 7329 59.409
4425 5318 48.1911
4426 4931 39.6986
4426 5673 74.2351
4427 7261 51.7756
4428 4980 29.6907
4429 5007 25.7063
4429 7135 71.1559
4431 5604 22.7203
4432 4847 76.1341
4432 5666 42.8783
4433 6057 67.9217
4433 7058 11.2836
4434 6691 27.8116
4435 5929 86.4217
4435 6279 97.2152
4435 6961 84.0805
4437 5176 83.0352
4437 5562 39.2055
4437 6584 12.2857
4439 5507 91.2385
4439 6827 86.7435
4440 6056 60.009
4441 7161 76.0421
4442 6708 59.1336
4443 4816 36.5463
4443 6435 42.8782
4444 5425 47.4434
4444 6707 51.9793
4445 5878 18.3957
4445 6119 85.8662
4446 4695 27.0342
4446 5256 36.8996
4447 6057 34.6269
4448 6503 63.8572
4449 6825 9.72676
4450 6065 71.021
4451 6209 64.3972
4451 6248 11.018
4452 6049 49.1051
4453 4494 42.7491
4455 4772 31.924
4456 7183 99.8849
4457 4535 90.2488
4459 4557 58.4872
4459 5549 85.6192
4460 5088 56.4091
4460 6164 77.2832
4461 4904 38.8949
4461 5826 48.6375
4461 7249 55.2482
4463 4979 65.8835
4463 5062 27.5432
4464 6441 107.57
4464 6596 78.1827
4465 5601 30.1467
4465 5796 73.8122
4467 4623 83.1712
4467 5411 88.9898
4469 4868 113.945
4469 6871 61.2335
4471 5295 76.3702
4471 5844 53.659
4472 5278 72.0307
4472 7040 2.4698
4473 4962 17.8741
4473 5540 99.8349
4473 7128 117.904
4475 5891 42.8176
4476 5479 22.983
4476 5724 27.3448
4477 5055 75.219
4478 6927 29.1687
4479 6246 83.904
4480 5686 22.1401
4480 6588 43.0489
4480 7273 41.2822
4481 5337 78.6271
4481 7091 76.2783
4482 7185 61.1752
4484 5466 38.8509
4484 5778 29.9219
4486 4733 52.6131
4486 6395 36.0369
4487 6450 55.0811
4487 6859 62.7086
4488 6115 64.9217
4489 4727 65.2275
4490 5957 72.9191
4490 6041 28.2515
4490 6082 55.2073
4491 5788 36.2825
4493 4567 92.4849
4493 5741 71.3934
4493 6044 53.2558
4493 6123 98.7471
4495 5774 37.8404
4495 6938 17.371
4495 7046 16.2194
4496 5231 64.093
4497 4626 37.0529
4497 5441 49.8213
4498 6592 66.5273
4498 6761 15.3282
4499 7175 70.3538
4500 4805 92.3287
4500 4905 62.4346
4501 5418 108.414
4502 5008 43.9507
4502 6316 60.9326
4502 6686 51.0248
4503 4797 59.9943
4503 6571 66.3097
4504 4525 81.9776
4505 6264 111.886
4505 6996 31.9696
4506 5433 55.384
4506 5568 32.5493
4506 7154 98.5112
4507 5032 124.78
4508 5166 42.7745
4508 6767 49.6026
4509 5432 32.0663
4509 6195 45.2122
4509 6439 49.9787
4510 5481 10.5642
4511 6366 57.4877
4512 4880 30.0619
4512 5013 60.7075
4512 5822 47.9565
4512 5865 68.6626
4512 7023 67.3977
4513 6543 60.8309
4514 5744 80.2158
4514 5797 54.5054
4514 6306 83.7226
4514 6891 80.2361
4515 5554 22.5391
4515 6134 66.0096
4516 5132 45.7091
4517 6474 22.6607
4517 7021 49.1988
4518 4802 33.9727
4518 5483 60.0643
4518 6120 41.6476
4519 4710 19.4404
4519 5280 61.3501
4519 6418 29.3883
4519 6713 74.4121
4520 5175 85.7728
4520 7327 28.3354
4521 4922 48.5287
4521 6283 17.274
4523 4747 70.9071
4523 5931 28.2182
4523 5975 108.203
4524 4648 24.57
4524 4653 62.6159
4524 5765 35.3962
4524 7315 119.46
4526 6147 57.0225
4527 4879 23.2841
4529 5208 115.601
4530 4943 63.2127
4530 6487 69.6998
4531 6362 79.3139
4531 6947 77.1286
4532 4812 72.6961
4532 5759 64.4639
4532 6869 15.8141
4533 5139 47.2952
4533 6095 28.3804
4533 6948 32.4634
4534 6236 74.0047
4536 4675 54.0935
4536 5652 21.9382
4537 5675 30.7073
4537 5814 26.7545
4538 5032 63.6832
4538 5918 63.7147
4538 6240 21.0001
4539 5819 43.3436
4539 7337 28.2674
4540 6080 100.597
4541 6243 56.0689
4541 6377 23.2343
4541 6812 62.7888
4542 7226 68.1363
4543 5297 72.2057
4543 7284 85.4098
4544 7043 60.5466
4544 7142 33.8871
4545 6226 72.4884
4546 5388 81.3695
4546 7373 54.8078
4548 5599 72.899
4548 5618 57.0854
4548 7198 141.924
4549 4861 29.4405
4549 5608 44.9579
4550 6725 59.7343
4551 7087 24.1997
4553 4643 92.7728
4554 4983 103.071
4554 6254 25.8399
4555 4731 88.4117
4558 4985 35.9742
4558 5736 36.1379
4560 6045 44.7609
4561 4585 57.4226
4561 6897 84.5033
4562 5211 61.1424
4562 6594 54.5581
4564 5038 27.5951
4564 5226 79.5291
4564 5728 90.6784
4564 6251 72.7592
4565 5963 48.7993
4565 6492 53.6777
4566 5123 87.5221
4566 5202 30.7078
4566 6353 32.8334
4567 6044 117.57
4567 6123 77.916
4567 7251 84.699
4568 6778 56.9318
4569 4678 18.5436
4569 6621 31.7922
4569 6949 52.9215
4570 7224 76.3707
4571 5392 119.674
4571 5428 54.8382
4572 6817 46.0793
4573 5328 67.4488
4573 5524 94.4817
4573 6479 71.9788
4574 4925 83.3122
4575 4693 38.969
4575 5472 19.5902
4576 6060 58.5109
4576 6877 42.2357
4577 6649 43.9766
4577 7278 64.0627
4578 5556 39.0048
4578 6312 77.5141
4579 6047 70.4449
4579 6567 47.1074
4579 6938 58.6465
4580 4583 99.6303
4581 4737 75.2626
4581 6126 49.6625
4581 6677 4.65698
4582 5669 62.0318
4582 6814 64.6119
4583 4699 47.6551
4583 5695 85.448
4584 5104 35.8907
4584 6696 40.2086
4584 7246 34.3355
4586 4831 55.5233
4586 4971 41.5669
4587 6631 54.5993
4588 6882 36.6881
4589 4787 64.0081
4589 5352 72.1207
4592 6142 70.1667
4594 5095 65.5365
4595 6447 55.3801
4596 4941 58.2387
4596 5195 32.8647
4596 5229 52.4339
4596 7189 107.384
4597 5986 44.9834
4598 5204 45.725
4598 5628 35.655
4598 5668 54.5833
4599 5043 74.7564
4600 7162 70.0351
4602 5829 156.988
4602 5970 97.4937
4602 6119 126.103
4604 6548 43.7862
4604 7090 61.4807
4605 6234 97.0449
4605 7005 24.4328
4607 6529 36.3852
4608 4799 47.7955
4609 7088 73.0641
4610 5817 66.009
4610 6382 63.1735
4611 5530 59.1194
4612 4857 79.7037
4612 6995 66.7182
4614 4687 39.8451
4614 5070 29.6208
4614 6416 42.3776
4615 6019 56.1325
4615 6678 56.5961
4616 6953 61.3607
4617 5961 68.4411
4618 4702 28.0158
4618 5098 58.2583
4619 4942 73.0906
4619 5658 47.7972
4621 5954 105.415
4621 6587 17.9746
4622 5300 69.8843
4622 5359 84.8121
4622 7175 59.1528
4624 5232 42.54
4624 6190 29.5375
4625 4851 64.4944
4626 5044 61.3581
4626 5441 13.5881
4626 6294 48.4175
4628 6139 90.0014
4628 6676 11.6211
4629 6743 19.8922
4629 7316 42.8972
4631 6438 70.637
4632 5433 65.8865
4632 6525 83.1646
4633 5183 72.0028
4634 5585 17.2155
4634 6011 24.1979
4634 6396 45.6493
4635 5199 33.0075
4636 6436 53.4377
4637 5685 37.7647
4638 5684 50.9651
4638 6744 58.7881
4639 5309 66.6995
4639 5629 80.1859
4641 4646 40.0069
4644 5185 103.809
4644 5317 79.9047
4644 7100 50.0758
4647 6168 40.4168
4648 4653 38.6217
4648 5765 44.137
4650 7288 35.6743
4652 6879 29.8877
4655 4659 92.0876
4655 4957 96.2774
4656 5007 94.6135
4657 6252 29.0592
4657 6498 47.159
4658 7343 53.0949
4660 6030 113.224
4660 6040 97.0611
4661 5210 102.068
4661 6288 54.0834
4661 6293 74.1176
4661 6509 91.7392
4662 6644 17.9369
4663 7083 53.1942
4664 5499 26.356
4665 6134 65.2898
4666 5639 58.1567
4667 6544 26.9821
4667 7324 81.9825
4668 5014 53.0319
4668 5070 36.1709
4668 5850 55.9825
4669 5126 16.1883
4670 6221 53.2168
4670 7269 64.8249
4671 5654 27.439
4672 4819 33.161
4672 6064 105.394
4672 6756 101.533
4674 6901 64.6605
4674 7343 95.2923
4675 5652 101.616
4676 6173 53.0397
4676 6397 81.7606
4677 7017 64.2305
4678 6621 27.3229
4678 6949 35.7118
4679 4989 15.6264
4679 6249 43.6114
4679 6300 44.3481
4679 7001 63.9548
4680 5360 57.6114
4681 5304 88.7525
4681 6835 45.9871
4682 5341 30.0676
4683 5485 100.987
4684 4853 91.5657
4685 6218 65.1587
4685 6696 78.0281
4685 6944 101.416
4686 6343 64.012
4686 6508 81.9228
4687 5070 74.55
4687 6416 7.83807
4688 5106 32.2289
4689 5362 114.43
4690 6046 78.4644
4691 5877 75.9058
4691 6295 92.4268
4691 6391 126.313
4693 5472 66.163
4693 6940 65.5674
4694 5029 23.9714
4694 7363 37.6122
4695 5256 38.3003
4696 4889 48.3537
4696 5961 70.3422
4697 6210 96.3081
4698 5068 95.5723
4698 7350 73.3915
4699 7185 113.46
4700 6364 83.1408
4701 6629 99.9796
4702 6122 58.2801
4704 6908 43.5315
4704 6930 106.991
4706 4990 70.6695
4706 5589 86.3021
4707 5040 98.1641
4707 5804 99.6058
4707 6350 50.2587
4708 6521 57.2961
4708 6790 41.8815
4710 6418 50.1565
4711 5997 95.8729
4712 5475 40.7412
4713 5417 105.585
4714 7239 41.3899
4715 5706 30.9809
4715 5915 57.6229
4715 7066 21.1962
4716 5670 14.9591
4717 5764 82.6501
4717 7305 11.3379
4718 5738 97.9687
4719 5667 71.804
4720 6744 51.531
4722 5054 53.2846
4724 5321 59.5036
4724 6747 63.5508
4725 4764 29.7528
4725 6768 15.2186
4726 7075 43.0056
4728 6348 118.598
4728 6813 64.7431
4728 7197 63.6956
4729 5430 70.2216
4730 5526 71.4291
4730 5746 78.7988
4731 6670 76.3939
4733 6395 35.3416
4733 7367 81.6965
4734 5272 69.5252
4735 5831 44.3561
4735 6507 128.588
4735 7300 69.7176
4736 5229 60.3174
4736 5410 66.4384
4736 6225 59.6168
4737 6126 26.2049
4737 6677 44.7889
4739 5273 49.5846
4742 6331 46.8816
4742 7020 83.0057
4743 5820 65.3683
4744 5173 58.4647
4745 5621 96.6438
4745 5781 41.1914
4747 5975 66.2574
4748 6971 46.948
4749 6874 55.9795
4750 5754 90.404
4751 6111 76.668
4751 6154 35.9654
4752 5224 50.2013
4752 5242 49.7642
4752 6541 59.5915
4753 5823 63.0804
4754 4841 59.6256
4754 6138 50.87
4755 5562 35.2579
4757 5670 88.7097
4757 6862 73.0768
4758 5457 70.9551
4759 4982 36.9285
4759 6286 97.3786
4759 7122 101.125
4760 5219 65.8896
4761 5217 102.492
4762 6789 59.6585
4763 6068 64.6016
4763 6558 40.7693
4764 6768 33.1754
4766 5208 52.9862
4767 5881 38.1082
4767 6224 25.4757
4767 7240 17.5711
4768 4801 87.0822
4769 5251 90.0437
4769 5860 34.2163
4769 6582 71.5947
4769 6752 56.8865
4770 5525 47.0746
4770 6729 66.7871
4771 7202 110.812
4772 5845 70.7324
4774 5993 44.7
4775 5236 43.8819
4776 6455 60.838
4776 6853 52.859
4776 6885 75.8131
4777 6148 109.129
4777 6197 65.6534
4777 6550 48.3987
4778 5340 22.1398
4778 7382 58.923
4779 6568 22.2895
4779 7242 101.717
4780 6976 54.2673
4782 5729 65.6123
4782 6167 107.827
4782 6573 73.0773
4783 5257 103.388
4784 6319 60.5863
4785 5843 84.8509
4785 6566 67.0694
4785 7067 95.8557
4786 4968 67.1923
4786 6912 33.97
4788 5018 80.3328
4789 4864 43.9161
4789 5692 79.1507
4790 4827 93.3071
4790 5705 106.822
4791 6499 100.295
4792 6525 55.8217
4792 6553 55.5542
4794 6907 53.2571
4795 6701 51.956
4796 4943 97.676
4796 5649 55.9397
4797 6571 47.9259
4798 5708 46.6896
4798 7259 68.6534
4800 5412 19.1351
4804 5380 50.5686
4804 5382 83.5416
4805 5639 56.7091
4807 6121 84.3079
4808 5848 50.2281
4808 6279 74.6359
4809 5260 76.0825
4809 5884 51.1272
4810 4959 26.081
4810 5355 12.3668
4810 5381 39.5199
4811 5327 13.0722
4811 6597 40.9473
4811 6845 41.6372
4811 7277 68.4452
4812 5759 58.3783
4812 6869 52.0246
4813 5022 20.701
4813 6250 44.0917
4813 7236 58.5308
4814 5347 58.1301
4814 5453 57.3853
4816 6435 77.7872
4819 6010 87.6522
4819 6064 77.8096
4819 6756 52.2044
4820 6018 80.0353
4820 6171 58.759
4821 6779 44.987
4822 6674 64.8763
4823 5152 13.6356
4824 5205 60.2581
4825 5138 110.967
4826 6433 45.9588
4826 6772 107.996
4827 5705 58.034
4828 6359 141.043
4828 6978 61.236
4829 5305 66.9971
4832 5824 36.3893
4833 5254 27.4686
4833 6555 81.2239
4833 6718 28.0466
4834 5841 39.4501
4834 7171 87.0893
4835 5273 71.8452
4836 6370 68.8432
4837 6690 71.6529
4840 5623 48.7357
4841 6138 15.9851
4843 5468 99.9332
4843 6381 75.0754
4844 6647 27.5292
4845 6849 67.7977
4846 6417 59.8731
4847 5666 42.5812
4847 6547 82.9938
4849 6836 94.6427
4850 6705 19.4965
4851 4955 50.9761
4852 5120 42.7689
4853 6349 54.4138
4853 6378 46.6374
4854 7285 85.0528
4855 6340 2.70551
4858 5681 55.2867
4858 7228 36.5149
4859 6187 92.898
4860 5477 109.211
4861 7182 69.668
4862 4890 28.7418
4862 5518 154.7
4862 6848 81.6563
4863 5398 147.07
4863 6669 110.072
4865 5693 58.036
4865 6609 75.1515
4867 4888 34.8554
4868 5182 53.5453
4868 6048 66.6685
4869 5637 94.906
4869 5914 112.903
4870 6305 38.254
4871 5189 62.6884
4872 6038 48.2105
4872 6448 59.6187
4872 6809 87.753
4873 4908 42.867
4874 7216 49.2751
4876 6513 53.3598
4876 7147 55.088
4877 6542 69.3628
4877 7143 28.4882
4878 5312 48.4877
4880 5013 52.3402
4880 5822 17.4146
4880 5835 67.2982
4880 7023 64.404
4881 5446 27.9577
4882 5311 107.345
4882 6053 81.4109
4882 6238 94.7755
4883 5646 60.7818
4883 5877 99.2847
4883 5982 50.2339
4884 5839 56.8469
4886 5880 148.381
4887 6503 52.5815
4890 5331 92.0287
4891 6531 77.017
4892 5907 76.4734
4894 5875 35.1224
4895 4910 75.7836
4895 5732 29.7619
4895 6079 12.3353
4895 6271 56.1523
4896 5277 108.187
4896 6684 60.0853
4897 7068 81.4164
4898 7237 41.9537
4899 6770 34.5751
4900 5490 49.2753
4900 6220 53.1631
4901 5063 54.569
4902 4975 34.8569
4902 5113 54.8226
4904 5826 48.8548
4906 5595 77.3317
4907 7259 105.976
4908 5369 16.0498
4908 5981 48.5612
4909 6299 57.0029
4911 6763 90.1705
4911 6932 32.2828
4913 5962 27.3172
4913 7116 10.0579
4914 6671 119.868
4915 4918 43.8861
4915 5510 37.5335
4916 7366 55.0716
4917 7304 52.0476
4919 5786 24.0489
4919 6806 32.5797
4919 6895 55.5489
4920 5512 48.6166
4920 6528 61.3338
4921 6318 60.9428
4921 6954 95.72
4922 6217 108.306
4922 6283 32.6759
4924 5171 82.2863
4924 6360 19.8862
4924 6431 101.737
4925 4972 35.9552
4926 7365 65.7505
4927 6974 95.5976
4928 5023 74.8629
4928 5377 63.9166
4932 5271 34.0755
4933 7011 23.457
4934 6615 64.3311
4934 6847 46.0221
4935 5158 54.3513
4935 5486 57.9284
4935 6919 86.7564
4937 5403 29.5589
4937 5928 34.832
4938 6141 73.8191
4938 6368 45.5205
4939 5405 81.8007
4940 6085 104.644
4941 5195 40.3967
4941 5206 76.1564
4943 6487 65.1303
4944 5119 36.0876
4944 5605 55.532
4945 5635 78.2674
4946 5094 56.527
4947 5090 73.611
4947 7028 35.1095
4949 5350 102.089
4949 6801 95.293
4949 7007 114.358
4950 5046 131.149
4951 7230 10.2776
4952 6144 34.1517
4952 6538 36.6393
4953 5516 59.476
4953 6916 77.46
4954 5788 96.2244
4954 6026 96.5044
4955 6730 80.9127
4956 5341 82.9787
4956 5490 76.2342
4957 5709 100.065
4959 5355 32.3188
4959 5381 65.5604
4960 6653 52.4136
4960 6861 32.5952
4962 7128 98.5739
4963 6649 57.8736
4964 5200 69.7152
4965 6050 55.3799
4965 6272 56.3474
4966 6388 41.8952
4966 7114 76.9909
4969 6417 49.0811
4970 5582 112.541
4974 5109 12.232
4974 5448 79.8178
4975 5113 56.4399
4976 5636 53.0703
4976 5748 71.0173
4978 6757 79.3084
4979 5062 27.8356
4981 5307 8.13079
4982 4997 79.7609
4982 7122 91.3737
4983 5194 43.8923
4983 6254 107.581
4983 6741 69.2848
4984 5145 48.7051
4984 5192 10.216
4985 5736 116.347
4986 5019 38.9303
4986 5925 95.2629
4987 6208 100.715
4989 6300 63.0403
4989 7001 72.7038
4992 5065 127.46
4992 5319 68.0997
4994 6371 44.8281
4994 6542 69.9069
4995 5233 42.7543
4995 6604 50.9272
4998 6956 49.9995
4999 6129 30.6253
5001 6942 60.7083
5002 6330 79.9964
5002 6970 68.5327
5002 7332 44.8915
5003 7158 39.4231
5005 5155 45.1365
5005 5990 65.9384
5005 6204 65.323
5006 5051 70.7799
5006 5360 55.263
5006 5634 26.0015
5007 7135 37.9182
5008 6316 35.123
5009 5906 113.412
5009 6282 136.703
5011 6816 26.1541
5012 6559 79.3413
5012 7003 157.464
5013 5822 41.9373
5014 5329 50.188
5015 5298 11.8586
5016 7096 57.3598
5017 6774 17.8863
5018 7050 43.3585
5020 5514 39.9571
5021 6869 78.6428
5022 5397 65.3271
5022 7236 82.814
5023 5377 43.3564
5024 5283 73.5151
5025 6988 59.8055
5026 6850 16.6114
5027 7106 26.2609
5029 6626 135.236
5029 7363 29.0386
5031 7388 47.7218
5032 6240 66.2886
5035 7150 4.44272
5036 5108 41.4621
5036 5774 61.5873
5036 6617 64.28
5037 5278 50.9254
5038 5226 48.7387
5038 5728 77.1798
5038 6251 69.4571
5039 6643 82.2771
5040 5804 9.19773
5041 5653 85.1589
5041 5977 45.2664
5041 6157 22.1174
5042 5968 51.8065
5042 6559 82.9105
5042 7387 102.483
5043 7131 33.5404
5044 7048 116.457
5045 5754 77.8863
5046 5750 54.4534
5046 5964 67.15
5048 7166 35.5608
5049 5485 126.024
5051 5634 72.2815
5051 6735 52.5789
5052 7042 91.5351
5053 5427 32.0305
5054 5408 66.4767
5056 6039 80.0862
5056 6142 37.0379
5057 5717 107.63
5057 6480 101.037
5058 5672 7.16377
5059 5147 55.3577
5061 6231 82.6486
5063 7085 46.7214
5064 5330 26.8355
5064 7163 67.1561
5067 5393 29.418
5067 7369 66.8372
5071 5289 56.128
5071 6259 56.4843
5072 5291 16.4592
5073 5972 64.2712
5073 6557 69.874
5074 5659 57.5735
5075 6151 28.9666
5075 6679 59.8307
5076 6578 47.7348
5077 7118 26.9994
5078 5255 33.7434
5078 5517 45.9752
5079 6720 53.6478
5080 5518 38.9334
5080 6848 75.4133
5081 7161 75.8615
5082 5495 38.7708
5083 5630 67.7689
5084 5638 41.093
5084 6694 54.0224
5085 5929 87.6312
5085 6961 58.708
5086 6015 73.5371
5086 7009 110.687
5088 6164 59.7719
5089 5660 32.7532
5089 7024 13.9292
5089 7385 34.3172
5090 6640 85.9208
5090 7123 51.1324
5090 7287 66.5303
5091 5343 66.681
5091 6800 98.3909
5092 6277 72.327
5092 6903 75.833
5093 5317 5.7993
5095 7069 54.89
5096 5156 30.0391
5100 5375 40.0792
5100 7292 66.8487
5102 5223 93.9304
5103 5404 36.9467
5103 5473 96.7987
5103 7193 52.6539
5104 6218 41.4406
5104 6696 39.2749
5105 7230 65.574
5106 5421 72.4559
5107 5179 45.6806
5108 6617 13.1763
5110 7184 50.9731
5112 5725 81.9953
5114 6239 84.3693
5114 6369 49.7269
5114 7108 73.8595
5114 7177 78.2605
5116 5911 29.52
5118 6922 52.3368
5121 7196 40.0414
5122 6692 109.442
5123 5413 65.1599
5123 6353 42.8078
5124 5140 49.48
5124 5626 16.9672
5125 5315 54.4338
5125 5787 19.1946
5128 5287 51.274
5129 5186 35.945
5130 6400 47.6846
5130 6716 28.6127
5130 6839 51.1172
5131 5855 43.1245
5131 6054 91.4243
5131 6618 50.3854
5132 5992 61.9783
5134 6898 103.893
5136 6187 71.1594
5136 6687 32.306
5136 7037 35.2663
5137 6742 53.4438
5139 5141 33.6866
5139 6095 9.43622
5140 5626 51.7668
5140 7224 74.1112
5141 6095 42.0086
5145 5192 74.1134
5145 5977 64.326
5148 6486 54.916
5150 5669 58.1563
5150 6162 51.9044
5151 7340 18.3773
5153 5974 49.2208
5154 5227 78.2186
5154 5597 77.7552
5154 6325 86.8472
5155 5312 70.646
5157 6333 61.7074
5157 6887 75.4462
5159 6251 127.583
5161 5297 95.6335
5161 5894 55.6439
5161 6873 36.8283
5162 5648 69.7939
5162 5993 120.867
5163 5284 30.6108
5163 6685 29.8067
5163 6918 27.8473
5163 7245 44.5192
5164 5535 25.4717
5165 5717 119.937
5165 6480 106.145
5167 7160 31.8571
5168 6808 63.0343
5171 6340 113.963
5171 6360 76.904
5173 6002 61.6545
5173 6434 68.6874
5174 5633 63.6986
5174 6196 23.7913
5174 6658 65.5962
5175 7266 81.6052
5175 7327 50.6238
5176 6584 100.805
5177 5345 20.5081
5177 6125 74.3107
5177 6941 69.2641
5178 5320 76.7307
5178 6086 126.124
5178 6608 10.9885
5180 5319 103.947
5180 7182 73.2636
5181 6942 66.5835
5181 7165 57.7233
5182 5924 80.5282
5182 6048 73.0501
5184 5232 87.3909
5187 5460 15.1959
5187 6779 75.7878
5189 6080 35.1638
5190 5258 93.0969
5191 5621 104.638
5193 7267 68.7504
5194 5207 84.2807
5195 5229 37.3163
5195 5410 51.9522
5196 6308 46.48
5197 5640 109.014
5197 7130 63.0138
5201 6447 64.6273
5203 5303 40.6515
5203 6996 85.2414
5204 5628 36.6479
5205 5982 57.0823
5209 5336 71.5425
5209 5511 40.9595
5210 6288 50.4367
5210 6923 73.3967
5211 6539 34.2655
5212 7086 24.3575
5214 6358 83.1712
5214 6739 89.5351
5215 5841 127.871
5215 6907 71.7275
5215 7379 54.2592
5216 5289 60.7994
5216 6312 59.562
5217 6982 87.7934
5219 5971 94.0997
5220 6998 70.1254
5221 5684 52.9366
5223 7049 78.3889
5224 5275 19.1496
5227 6667 63.8804
5228 5353 98.5404
5228 6062 21.0264
5229 5410 30.8525
5233 6604 23.7615
5234 6436 30.0378
5235 7268 27.8423
5236 5719 130.391
5237 6006 87.9429
5237 6269 73.887
5237 7254 53.8407
5239 5910 29.0979
5239 6367 27.7649
5240 7257 108.101
5241 6448 84.3328
5242 6541 13.598
5244 6426 76.86
5244 6623 94.0005
5245 6237 23.5756
5246 6876 84.9049
5248 5509 16.1787
5248 6822 36.5193
5249 5799 63.261
5249 6260 38.7837
5250 5619 62.1968
5251 6752 25.1496
5251 6758 81.7373
5253 5620 56.9356
5254 6555 85.5162
5254 6718 65.6536
5255 5517 10.9108
5256 6137 102.575
5257 6595 74.4616
5258 6660 63.9021
5259 5457 65.7034
5259 6089 79.2591
5260 6742 43.9353
5264 5388 87.8291
5264 7373 101.074
5265 6290 36.4661
5265 6335 22.732
5266 6816 79.2528
5268 6122 95.9378
5269 7245 26.8302
5270 5448 112.514
5274 6045 66.2167
5274 7364 33.3607
5276 6864 49.2605
5276 7188 88.4814
5277 6684 30.6496
5278 7063 96.9016
5279 5588 67.074
5279 6495 50.1653
5279 7341 80.8164
5280 6418 69.8933
5280 6713 40.8177
5281 6415 134.936
5281 7353 166.295
5282 5299 22.3817
5282 5976 25.6117
5282 7319 59.6407
5284 6918 16.7441
5285 6668 40.1221
5286 6175 77.1389
5287 7301 44.8912
5288 5506 72.1245
5288 6055 88.0134
5288 6898 49.8745
5289 5419 81.6767
5290 5696 47.7011
5290 6524 31.8617
5291 6071 73.3744
5292 5972 90.8077
5293 6622 35.4152
5293 6942 73.0617
5295 5844 44.0353
5297 5894 51.7147
5297 7284 107.231
5299 5976 40.8271
5299 7319 37.9745
5300 7175 51.0709
5301 6793 58.8494
5302 5528 47.3434
5302 6216 16.2969
5303 5474 69.9823
5303 5776 39.2381
5304 6181 42.4131
5308 5361 83.4196
5309 7306 92.8254
5310 5370 45.8673
5310 5372 29.2723
5310 7084 8.87175
5311 5501 99.4819
5311 6517 68.7069
5313 6999 28.4033
5314 6940 29.4405
5315 5787 57.562
5316 5493 97.1783
5318 5489 104.039
5320 6608 97.1534
5320 7206 42.4586
5321 6935 29.4171
5321 7109 30.4706
5322 5677 65.4491
5322 6099 157.726
5322 7060 61.645
5323 6292 74.7969
5326 6785 25.1326
5327 6597 56.8353
5328 6479 77.3102
5328 7022 46.5871
5329 6114 107.666
5329 6424 75.0201
5330 7163 92.7258
5331 7364 84.7941
5333 5707 43.2146
5334 6933 83.1141
5334 7187 13.0169
5336 5761 83.2476
5337 5768 94.7078
5337 7091 100.057
5338 6725 66.2501
5338 7233 66.2818
5343 6800 20.9304
5345 6125 60.2675
5345 6941 39.1588
5346 5612 148.631
5348 5936 34.9737
5351 5577 81.7845
5351 6110 39.0542
5351 7111 52.661
5352 6818 69.598
5354 6754 22.8723
5355 5381 63.4427
5356 5584 47.0861
5356 6042 67.3171
5357 5955 35.8312
5358 5679 115.286
5359 6124 96.8599
5360 6778 101.449
5361 5688 43.5715
5363 7133 110.58
5363 7359 46.6192
5364 6907 128.294
5365 6982 40.2663
5365 7256 44.4798
5366 6386 29.2007
5367 7115 46.7098
5368 5547 118.728
5369 5981 73.1807
5370 7084 32.734
5371 5805 8.68866
5372 5954 61.124
5372 7084 40.0966
5373 5593 56.7787
5376 5879 83.7179
5378 6556 63.156
5378 6979 49.398
5379 6456 113.826
5379 6757 46.8575
5379 6994 27.5749
5381 7324 72.9637
5382 6842 95.7303
5384 6688 50.7563
5388 7373 9.57499
5390 5862 58.6778
5391 6194 23.0936
5391 7291 44.7142
5392 5428 56.6028
5392 6896 101.736
5393 7369 55.4333
5394 6043 73.4018
5395 5904 54.451
5396 5771 47.715
5396 5907 80.2013
5396 5989 119.831
5399 6841 60.513
5400 5876 77.3334
5401 6552 100.866
5402 5523 32.2917
5404 5473 66.0138
5406 6402 62.9648
5406 6706 36.4062
5408 5673 41.1304
5411 5571 28.3396
5412 7295 45.1568
5413 5563 64.8805
5414 5612 84.2466
5414 6590 118.161
5415 6818 30.2735
5416 6776 62.1807
5416 7357 88.4825
5418 6805 63.9442
5418 6991 117.524
5419 5520 52.396
5419 6022 56.1059
5420 6824 82.0011
5420 7334 47.2241
5422 5966 33.8344
5422 6851 13.704
5423 6008 104.084
5423 6527 88.8481
5425 6285 84.1305
5425 6707 47.4359
5426 5546 52.8542
5428 6896 44.5094
5429 5866 76.1807
5429 6108 75.5741
5430 5999 61.0584
5431 6464 52.5554
5431 6532 44.9574
5431 6751 50.2315
5432 6439 35.9146
5433 6525 73.4684
5435 6850 78.5255
5436 5952 64.0914
5437 6286 88.609
5437 6792 65.6949
5438 5770 123.271
5439 6612 26.2277
5439 5958 49.3035
5441 6294 32.4169
5442 6468 56.3173
5443 5716 45.393
5443 6894 37.2722
5445 6014 60.9878
5445 6577 74.08
5447 6162 33.6932
5450 5546 77.5051
5451 7176 14.5686
5452 6616 89.605
5454 6346 70.4177
5455 6198 31.0157
5455 6278 67.6372
5456 5978 54.4608
5456 6165 42.2049
5458 5611 86.9054
5458 6388 124.705
5459 5745 67.2155
5460 6779 60.0422
5461 6614 66.6698
5464 5875 52.831
5465 6791 39.0473
5466 5778 62.5082
5469 6957 105.238
5469 7227 117.407
5470 5613 34.8756
5471 6860 71.3302
5474 5596 79.2169
5474 5776 26.4403
5475 6875 90.6635
5476 6411 36.9591
5477 7159 80.7315
5478 5906 17.6165
5478 6282 98.8619
5480 6981 77.1735
5482 7098 28.5355
5482 7359 22.3385
5485 7332 140.525
5486 6919 51.7828
5487 5837 11.5456
5488 5494 84.9018
5489 5920 52.8138
5489 7140 84.1583
5492 5747 81.4046
5493 6819 84.4018
5496 6749 35.3111
5496 7061 36.4307
5497 7127 127.395
5498 5736 125.997
5498 6601 128.856
5498 6931 94.236
5499 5592 51.7392
5500 6593 60.5579
5500 6687 52.9761
5501 6380 40.1536
5501 6517 87.0379
5502 5935 88.403
5502 6262 95.0056
5502 6380 55.5758
5503 6121 119.557
5504 5838 51.6808
5506 6389 122.347
5507 6827 29.2077
5509 6798 66.7111
5509 6822 29.492
5511 7059 46.7275
5513 5985 77.7449
5515 6646 15.5686
5518 6848 73.9003
5519 6109 63.0905
5520 6022 21.5043
5520 6859 83.2311
5522 7307 51.8602
5523 6667 69.4836
5526 7008 93.6034
5527 6305 46.7569
5528 6216 97.2892
5528 6993 46.8851
5531 5955 32.4538
5532 6794 19.6645
5534 7173 40.46
5536 5729 60.9933
5536 5803 60.1321
5537 6113 121.69
5540 5771 77.632
5540 5857 50.8031
5540 7089 69.5462
5541 6755 46.0241
5542 6246 28.8765
5544 6043 61.2754
5544 6329 72.4968
5545 7356 75.6702
5547 5629 28.3778
5547 6872 100.707
5548 7030 103.199
5548 7263 86.2727
5549 7110 147.101
5551 6769 62.3943
5552 7260 139.592
5553 6369 67.0987
5553 6703 68.7311
5554 6134 74.8795
5555 5586 20.149
5555 6710 87.2221
5557 5622 30.6482
5557 6167 104.123
5557 6469 14.5396
5557 6535 47.7156
5557 6573 46.1039
5557 7099 70.7124
5558 6349 73.9734
5558 7138 88.5729
5559 6607 61.4875
5560 7255 39.6009
5562 6584 46.9424
5565 7233 48.2455
5567 6016 23.7355
5567 7276 33.5682
5568 7154 95.5146
5572 6698 55.267
5572 7220 52.0616
5573 5926 59.7225
5575 6467 47.2952
5575 7281 56.2539
5576 6263 73.1063
5576 6452 75.9544
5578 6468 100.084
5581 6709 48.1969
5581 7367 118.453
5582 6958 24.6612
5583 6127 39.1322
5583 6427 80.396
5584 6042 47.5482
5584 6995 60.4035
5585 6011 20.6755
5585 7368 56.6685
5586 6710 69.2262
5587 7104 53.3636
5588 6495 20.1268
5589 7167 67.4295
5590 5948 80.756
5590 6058 46.7294
5594 7329 51.5643
5597 6325 39.6568
5598 5909 82.9564
5599 5938 61.4692
5600 6548 49.8815
5600 7090 47.5753
5600 7338 77.1204
5601 5796 37.769
5602 5607 69.3763
5602 6146 84.6799
5603 6053 110.976
5606 6372 79.0843
5607 6146 81.1121
5610 6653 105.099
5612 6590 80.2447
5614 7157 13.8375
5615 7312 84.2922
5616 5795 55.5879
5616 6509 99.6681
5618 6365 24.6287
5618 6650 60.1007
5619 5983 84.2601
5620 6874 100.398
5621 5781 55.5227
5622 6469 29.1853
5622 6573 92.3104
5622 7099 31.5593
5625 5690 64.1872
5632 6865 108.98
5633 6196 52.4296
5633 7152 27.5792
5634 6735 67.0759
5635 5793 21.2903
5636 5748 41.1326
5637 5914 74.7085
5643 5789 33.7179
5644 6984 45.7755
5645 5762 44.1692
5646 7085 92.8643
5647 5969 40.1802
5650 6622 103.267
5653 6157 93.1623
5656 5742 82.5172
5656 5873 59.1011
5656 6339 29.8974
5657 6520 32.9406
5660 6695 64.0995
5660 7024 34.8506
5660 7385 33.3642
5661 5912 52.9101
5661 7243 32.3897
5662 6142 45.6101
5662 6823 18.7772
5663 6094 90.3962
5663 6664 37.1281
5664 6508 73.6887
5665 5860 56.8407
5665 7299 61.4353
5667 6926 46.5485
5674 6549 128.296
5675 5814 72.7524
5677 6099 54.7259
5678 6172 65.9443
5678 7372 30.2742
5679 6820 90.8505
5680 7039 30.0459
5680 7320 41.1154
5681 7228 43.9152
5682 5859 56.4017
5683 6415 95.9025
5683 7019 32.9785
5684 5825 87.4256
5685 6661 32.3321
5686 6588 56.4698
5686 7273 78.105
5687 6008 125.507
5691 7330 19.9145
5692 6007 78.8887
5696 6524 40.6118
5697 6762 100.539
5697 6781 30.1832
5697 7062 31.3979
5698 6863 52.6406
5699 6540 94.0783
5699 7107 17.6334
5704 5762 46.9523
5705 6007 87.2584
5706 7066 32.1285
5707 6780 55.064
5708 5757 74.0608
5708 6591 73.9
5708 7344 65.2725
5711 6562 104.707
5711 6630 54.2136
5712 5855 85.1285
5712 6054 92.0777
5712 7339 70.2817
5713 7052 38.1606
5714 6436 63.0658
5716 6894 53.7297
5717 6695 87.0944
5718 6702 59.4568
5719 6313 108.098
5720 5946 33.8165
5720 7168 78.1039
5722 6564 62.7275
5726 6589 63.1376
5727 6028 66.0726
5727 6881 64.1517
5727 7208 62.3824
5728 6251 91.2995
5728 6576 89.866
5729 6009 82.3099
5730 7308 107.331
5731 7262 61.9964
5732 6079 36.3149
5732 6271 12.5949
5733 6570 48.2767
5735 6793 62.0411
5735 7300 37.9213
5736 6522 105.106
5736 6931 74.022
5737 6043 15.6778
5738 7226 66.7184
5739 6732 35.2626
5739 6939 55.8616
5742 6339 56.7003
5742 7316 103.598
5745 6442 79.1741
5748 6029 104.406
5749 5988 104.634
5750 5923 120.279
5750 5987 64.284
5753 6078 90.6966
5755 6302 54.5382
5756 6943 40.7372
5757 6591 16.7637
5757 7344 12.8606
5758 6191 59.6137
5758 6965 56.8122
5759 6869 76.0068
5760 6069 49.8503
5764 7260 36.6346
5764 7305 83.7087
5765 7055 101.135
5765 7315 73.5755
5767 7069 83.2927
5768 7136 56.3417
5769 5969 46.7004
5769 6066 18.7251
5769 6916 57.7447
5771 7089 58.6594
5773 7248 72.9486
5774 7046 32.2759
5775 7377 38.4346
5777 6999 47.0335
5778 7238 68.1697
5779 6374 50.6125
5779 6411 58.5744
5780 5940 28.3039
5781 6611 49.313
5782 6728 110.566
5783 6222 14.5815
5784 5998 52.8662
5784 7261 51.7527
5785 6350 60.511
5785 6868 65.2185
5786 6806 63.6366
5787 7146 47.6805
5789 6219 50.8634
5790 7031 51.5611
5791 6580 65.2047
5791 6605 62.8694
5792 6356 51.493
5792 6834 30.2885
5793 6206 91.7339
5795 6305 94.0137
5797 6306 38.6042
5797 6891 72.645
5798 5926 47.1996
5798 6061 70.512
5799 6943 90.5467
5800 6972 101.525
5801 5967 23.3509
5802 6073 33.3855
5802 6604 77.092
5803 6009 76.5085
5806 6601 105.431
5807 7183 117.993
5809 6804 57.4544
5812 5973 56.2325
5812 6588 88.458
5813 6376 34.7849
5815 6211 107.835
5816 7135 92.3714
5818 7186 101.673
5819 7337 18.45
5820 7383 22.8962
5821 6281 56.6443
5822 5835 63.2442
5824 5994 91.502
5826 7249 46.0158
5829 6913 80.4105
5831 6091 57.7965
5832 5856 40.6294
5832 6795 22.4307
5834 7179 30.7123
5835 7023 80.8354
5836 6910 94.4312
5837 7092 44.9701
5838 7117 92.3565
5839 7070 97.7073
5840 6643 116.865
5842 7011 42.8325
5843 6420 65.2375
5843 7073 13.7014
5846 6466 36.43
5847 6176 22.2241
5847 6900 64.7394
5850 5944 42.2999
5850 6155 12.6254
5854 6460 102.035
5855 6618 62.711
5856 6795 23.5962
5857 7089 27.7762
5859 7131 39.6251
5860 6582 48.166
5860 7299 77.7963
5861 5870 30.3595
5864 6302 34.1971
5864 6946 30.647
5865 6682 51.0244
5865 7023 69.4718
5867 6955 107.916
5867 7171 66.148
5871 6358 63.1248
5872 6918 46.1554
5873 5903 88.7279
5873 6743 63.7254
5877 7336 59.9235
5878 6119 72.6183
5879 5934 42.2179
5879 6930 62.8498
5881 7240 44.3953
5882 6644 40.2806
5883 6273 69.0189
5883 7254 20.5685
5885 7264 20.2185
5886 6176 119.621
5886 6900 71.3648
5888 6242 8.81658
5889 7067 54.9836
5892 6320 47.3778
5893 6635 47.9234
5894 7284 18.6996
5895 5958 27.3221
5896 6060 77.0199
5896 6877 88.0015
5897 6089 36.6549
5897 6620 42.4567
5899 5930 13.1399
5901 6278 47.6743
5903 5956 118.02
5906 6282 84.2709
5907 5989 67.0169
5908 6241 68.6309
5910 6367 43.7084
5912 7243 22.6904
5915 7066 67.5194
5917 6599 55.7418
5917 6959 84.3863
5918 6233 42.8544
5921 6358 31.3337
5922 6951 72.8721
5923 5987 32.4596
5923 6929 85.0987
5924 6014 83.796
5925 6864 27.6956
5927 6642 54.772
5932 5971 73.4223
5932 6483 70.0342
5933 6386 79.4561
5935 6262 86.4141
5935 6380 52.548
5938 6106 24.0117
5938 7247 10.2243
5941 7082 38.5441
5942 6409 34.8353
5942 7071 72.4891
5944 6155 46.2443
5945 7222 89.2195
5946 7168 21.3414
5948 6058 82.4863
5950 6188 57.0719
5954 6486 33.4119
5956 6593 73.2328
5957 6041 57.9896
5960 7054 50.0393
5962 7116 14.5107
5963 6492 70.6874
5964 6945 14.1876
5965 6532 91.5697
5966 6851 79.339
5968 7387 63.2509
5969 6066 54.1341
5970 6119 67.2318
5972 6557 42.1384
5978 6897 27.718
5984 6097 90.2284
5987 6929 135.3
5988 6682 81.0435
5989 7111 111.806
5990 6274 53.6041
5990 7181 46.9996
5991 6904 67.6924
5993 6574 88.4998
5995 6506 43.1828
5996 6152 54.1667
5996 7141 93.3619
5998 6842 83.8902
5999 6515 73.6385
6000 6579 79.8926
6001 6933 32.1866
6001 7187 59.8599
6003 6659 29.9915
6003 6739 82.7169
6005 7374 41.5816
6008 6527 59.654
6010 6756 49.299
6011 7368 48.4643
6013 6832 20.2291
6014 6721 44.9609
6017 6770 115.36
6017 7213 79.2739
6018 7258 69.4953
6019 6678 50.1828
6020 6867 74.2737
6021 6407 78.0241
6022 6859 69.6001
6023 6166 88.5879
6023 6355 28.7257
6023 7212 42.8564
6024 6532 56.6772
6024 6876 47.609
6027 6168 31.996
6027 6484 38.3648
6028 6881 12.9267
6030 6040 67.3111
6031 6083 49.5262
6031 6329 71.6267
6032 6266 94.171
6032 6303 13.6424
6034 6653 74.3674
6034 6861 87.4618
6037 6137 40.5854
6038 6059 109.322
6038 6448 48.146
6039 6187 53.0514
6042 6995 60.1821
6044 6123 15.9347
6047 6567 42.4837
6048 7113 99.3903
6049 6392 98.4806
6050 6272 69.1616
6050 6285 98.0886
6052 7027 66.7315
6053 6238 126.992
6053 7041 78.5463
6055 6898 57.6866
6059 6448 130.944
6060 6645 32.1939
6060 6877 34.9498
6063 6284 9.95
6063 7124 19.1086
6063 7178 104.934
6068 6558 13.6459
6070 6101 25.6448
6071 6627 68.4286
6072 7126 112.76
6073 6604 53.8509
6075 6711 69.7688
6076 6182 76.0736
6076 6672 74.874
6077 6460 49.8583
6079 6271 54.5419
6080 6454 115.975
6081 7270 59.7118
6083 6329 72.2465
6084 6807 26.4071
6086 6347 80.5075
6086 7352 63.2484
6088 7019 65.4577
6090 6731 23.9675
6090 7043 81.1248
6091 7300 38.8465
6092 6967 43.6266
6092 7326 47.7433
6093 7244 39.9324
6094 6664 64.2774
6094 6802 37.0149
6095 6948 35.0797
6096 6313 26.4264
6096 7252 32.7767
6097 6714 79.5508
6099 6479 152.815
6100 7097 17.2664
6102 6936 111.616
6106 7247 16.345
6107 6628 108.648
6109 7123 34.5389
6109 7287 54.4617
6110 7111 19.0159
6111 6154 95.404
6112 6152 68.8837
6113 6480 59.081
6115 6648 41.4408
6118 6783 6.43506
6124 6882 107.11
6125 6941 59.8675
6126 6677 31.3248
6127 6427 28.6479
6128 6289 66.6168
6131 6457 83.5673
6132 6641 47.2589
6135 6953 29.8698
6136 6180 5.40561
6136 6740 22.9298
6139 6676 90.2258
6139 7213 99.6302
6140 6864 36.7204
6142 6348 88.8099
6142 6823 76.0728
6143 6769 20.5126
6144 6538 6.98229
6148 6550 36.787
6149 6342 29.3759
6149 6694 74.9397
6150 6526 60.8937
6150 7234 48.2972
6153 7360 54.5134
6159 6454 47.6951
6160 7081 52.1974
6161 7035 35.0776
6165 6629 73.3775
6167 6573 18.9427
6167 7153 93.1619
6169 6830 16.6216
6169 7004 20.7448
6170 6624 72.2395
6171 7258 63.9488
6172 6636 59.2994
6174 7180 80.9247
6174 7289 101.006
6175 6441 93.2901
6176 6900 34.4333
6177 7038 56.2524
6180 6740 17.3547
6182 6291 52.8372
6182 6672 77.6832
6183 6709 122.978
6184 7356 32.5719
6185 7318 105.538
6191 6965 25.1113
6192 7137 92.3883
6192 7194 18.9991
6192 7386 25.1793
6195 6717 61.4761
6196 7152 62.9307
6198 6672 82.3026
6198 7216 62.9667
6203 6315 39.1842
6208 7142 63.9205
6209 6297 73.894
6209 6490 69.9312
6214 6883 69.9984
6214 7309 29.217
6215 6963 34.4585
6217 6534 104.329
6219 6779 52.6314
6221 7269 13.8011
6224 7240 18.154
6230 6275 58.9364
6232 7279 83.461
6234 6967 32.2263
6234 7005 53.8552
6239 7108 16.9277
6241 7204 96.0976
6243 6377 59.9436
6245 6812 18.7215
6247 7376 52.7153
6249 6300 60.6194
6249 7001 61.5744
6250 7236 11.9626
6252 6498 66.1864
6256 6710 60.9018
6259 6636 95.7626
6261 6831 33.5167
6262 7149 124.268
6266 6303 105.377
6267 7095 64.5868
6267 7232 42.7428
6269 6651 86.8818
6270 6336 57.0119
6272 7376 59.6232
6273 7254 39.1372
6274 7181 78.5426
6275 6579 78.601
6277 7020 62.7744
6280 6530 46.4515
6281 6658 56.2805
6281 6797 75.6557
6284 7124 39.8328
6285 6707 76.7971
6286 7122 52.6946
6288 6293 39.718
6288 6923 96.734
6290 6335 43.9207
6291 6773 59.7685
6292 6581 7.52414
6292 6638 46.4741
6293 6923 94.6134
6296 6726 63.5789
6297 6490 50.9194
6300 7001 20.4852
6300 7308 47.2067
6302 6946 37.536
6307 6685 26.6041
6308 6345 24.6281
6309 6426 67.2922
6310 6354 42.7252
6313 7252 40.7138
6314 6828 55.8589
6314 7008 62.8358
6317 6540 86.0419
6317 7107 78.6768
6318 6954 128.012
6320 6384 53.4931
6321 6633 78.2698
6321 6737 43.6953
6322 6361 82.0528
6324 6512 15.2263
6326 7016 30.9561
6330 6970 59.6812
6330 7332 94.5578
6333 6887 45.3798
6333 6901 62.7761
6337 6405 54.3053
6342 6694 36.3238
6344 6429 62.1958
6345 6433 44.839
6347 7352 34.8185
6349 6378 25.4173
6349 7138 30.7217
6351 6663 52.9726
6352 7266 38.2581
6355 7212 10.9303
6356 6834 35.164
6359 6978 109.925
6360 6431 100.603
6361 6496 57.1351
6362 6947 56.4728
6363 6973 20.3598
6365 6650 32.1713
6369 6902 128.001
6369 7177 100.844
6371 6542 53.2948
6375 6652 74.4594
6375 7281 59.5923
6378 7138 39.5884
6385 6821 45.2348
6390 6429 69.6052
6391 7336 84.0328
6397 7366 119.578
6398 6838 67.4573
6399 6897 60.1383
6400 6606 38.7992
6400 6716 36.678
6400 6839 36.9928
6401 7120 104.684
6402 6706 31.8806
6403 6569 12.4895
6403 6852 71.3863
6406 6632 30.8312
6410 6782 26.5048
6410 6889 31.1725
6412 7328 31.1636
6413 6992 80.8073
6418 6713 31.5077
6420 7073 39.4403
6421 7003 55.9812
6422 7170 103.545
6422 7247 43.8358
6423 6992 75.4303
6423 7335 25.8132
6424 6883 73.1589
6425 6974 21.487
6426 6843 48.7893
6429 7248 68.2724
6432 6462 70.6533
6432 6484 119.779
6434 6771 26.1867
6443 6830 64.4663
6444 6772 58.8869
6445 7201 45.7911
6449 6679 104.658
6451 6662 25.5052
6451 7102 13.6261
6455 6853 30.1366
6456 6757 117.486
6458 6467 48.3225
6458 7054 13.4161
6461 7207 65.6347
6463 7319 31.7633
6464 6751 15.2336
6469 6535 46.2504
6469 7099 42.8893
6472 7127 42.3402
6473 7033 55.8918
6474 7021 24.5309
6485 7112 86.7899
6489 6756 67.4606
6491 6674 33.9444
6491 7270 53.135
6493 6826 54.0656
6497 6879 86.0342
6499 7002 54.2641
6501 6885 43.6007
6502 6536 34.6209
6505 6811 49.1697
6510 7010 31.3142
6511 6925 60.8293
6513 7147 40.6263
6514 7034 63.6953
6515 7048 24.9489
6516 6975 68.2871
6517 6639 35.6859
6518 6535 57.8494
6518 6573 86.191
6520 6886 29.6528
6521 6790 95.6363
6522 6931 38.4479
6526 7234 39.431
6531 7169 83.0855
6534 6957 30.6807
6535 7099 61.1364
6535 7387 85.6221
6537 6651 61.2005
6539 7217 64.0535
6545 7195 26.462
6546 7021 50.6218
6548 7090 61.3734
6554 7051 52.5964
6556 6979 21.2933
6563 7031 51.8372
6565 7049 62.5995
6565 7158 48.8669
6569 6852 51.8043
6572 7292 17.3516
6573 7153 140.271
6575 7321 79.17
6579 6635 28.1173
6580 6605 38.6623
6580 6782 55.54
6581 6638 62.2504
6583 7323 20.1354
6585 6866 62.18
6585 7325 35.6241
6588 7273 26.4669
6591 7344 25.2416
6592 6761 45.8069
6594 6665 44.9943
6599 6872 107.871
6599 6959 37.3777
6602 6648 45.8765
6602 7218 35.8907
6606 6716 71.5212
6606 7025 78.1658
6606 7068 57.3045
6610 6697 32.5252
6610 7218 63.828
6613 7189 67.9916
6615 6817 61.8375
6615 6847 14.2926
6619 6746 15.3305
6619 6766 23.6797
6619 7338 28.3779
6621 6902 103.844
6621 6949 22.969
6625 7210 45.3353
6628 6778 66.4189
6633 6737 49.3371
6636 7027 126.545
6640 7287 94.9006
6641 6739 36.9397
6643 7348 120.228
6653 6861 17.6136
6655 6910 39.1292
6656 6915 22.9661
6659 6739 28.5331
6662 7102 34.1769
6663 6745 44.9465
6668 6875 98.0353
6669 7129 124.962
6673 7294 146.405
6680 6715 70.1233
6681 6795 72.4494
6693 7278 22.0007
6695 7385 69.4987
6697 7218 18.4274
6698 7220 82.1814
6699 6909 47.2937
6700 6989 21.0134
6704 6878 33.6048
6712 6753 50.5457
6717 7354 60.401
6718 7032 90.3457
6719 6928 57.5529
6723 7176 26.8701
6724 7381 53.1866
6727 7145 51.5942
6731 7043 72.2484
6732 6939 40.3248
6734 6748 48.6817
6736 7148 42.1471
6743 7316 50.5593
6745 6857 66.8444
6746 6766 27.0661
6746 7338 15.608
6749 7061 10.7355
6750 7013 60.5759
6757 6994 53.9308
6763 7297 56.7228
6765 6970 46.2867
6766 7338 26.9681
6770 7213 89.3793
6775 7041 35.8883
6777 7380 78.6137
6780 7276 65.5772
6781 7062 8.73015
6782 6889 48.8639
6783 6893 91.4313
6784 6813 25.1128
6784 6880 44.1546
6787 7015 32.0257
6796 6857 69.9915
6798 6951 58.9123
6799 7118 73.9898
6805 6991 46.9763
6806 6895 15.8096
6810 7200 21.1508
6813 6880 15.0175
6817 6847 72.841
6824 7334 29.6569
6829 7307 48.9554
6830 7004 29.9371
6843 6990 125.155
6845 7277 69.9607
6846 7034 93.4217
6846 7139 52.8558
6860 7251 144.238
6865 7384 58.7836
6866 7325 34.9913
6867 7371 79.9088
6872 6959 76.935
6873 7033 44.3973
6883 7309 126.035
6902 7177 41.4838
6905 7018 79.6935
6907 7379 22.062
6908 6930 53.5359
6914 7204 62.3585
6920 6974 111.72
6933 7187 72.4659
6935 7109 15.2176
6937 7253 50.6651
6938 7046 44.7512
6942 7165 30.5764
6957 7227 122.882
6960 7110 48.5758
6967 7117 43.4613
6967 7326 21.7895
6982 7256 2.52771
6990 7297 38.0367
7001 7308 33.0582
7007 7202 70.2974
7012 7074 45.1418
7024 7385 46.6929
7025 7068 42.8089
7030 7263 32.9547
7030 7350 69.4245
7034 7139 128.375
7036 7167 36.9887
7039 7320 59.2022
7043 7142 18.6454
7044 7275 43.7887
7047 7141 42.3457
7055 7315 29.5424
7056 7321 109.599
7065 7360 13.9993
7072 7146 17.4521
7078 7179 44.8553
7083 7223 58.6519
7083 7369 54.8736
7085 7336 19.2819
7093 7266 78.2366
7105 7132 37.6322
7113 7221 102.946
7117 7326 41.4656
7123 7287 26.4465
7124 7178 46.2414
7125 7250 11.9735
7126 7134 69.2375
7137 7194 66.7527
7144 7182 57.7917
7151 7271 50.7147
7190 7365 28.9189
7194 7386 43.4998
7196 7384 70.2857
7199 7370 33.0447
7205 7280 49.7224
7208 7366 140.926
7268 7296 81.4136
7291 7345 93.5071
