17184 32048
0 3180.5 1508.46
1 479.328 5735.04
2 5680.77 3352.39
3 3228.98 3874.58
4 895.331 3780.52
5 378.36 4656.91
6 3052.02 2199.55
7 2883.65 2560.52
8 5544.24 1271.33
9 6088.91 592.741
10 4053.36 6441.72
11 2563.78 2366.7
12 2497.76 956.299
13 2255.17 5886.64
14 2275.06 6151.06
15 5227.07 2616.95
16 76.6398 2585.49
17 436.899 1164.14
18 1133.63 4174.72
19 4802.71 4108.07
20 5435.55 5501.96
21 3210.87 3701.66
22 5824.02 3302.23
23 4519.39 1522.58
24 5213.34 5150.56
25 4257.67 3908.41
26 5449.61 92.0194
27 5758.19 2254.74
28 3784.01 80.2285
29 5417.65 4284.06
30 734.154 4123.97
31 2608.07 1871.23
32 1315.9 3407.41
33 3790.75 4256.64
34 2971.49 2707.57
35 2475.33 3067.96
36 804.414 4349.18
37 121.374 2294.41
38 6203.95 1432.02
39 67.2522 2145.08
40 5307.39 2696.93
41 522.407 1459.24
42 3877.53 210.845
43 5971.89 5823.13
44 4500.61 2507.11
45 1885.41 1728.04
46 6453.47 5707.68
47 3359.45 6083.64
48 3967.44 5489.73
49 1892.24 961.899
50 2947.22 5088.69
51 960.834 4121.11
52 5289.66 3425.46
53 2388.21 6219.94
54 2759.48 2937.89
55 4410.17 558.57
56 2311.68 1084.25
57 1942.45 5649.86
58 3684.68 4049.18
59 4915.41 2297.3
60 930.288 569.357
61 6193.05 5487.84
62 6061.67 4698.91
63 531.66 2410.04
64 2722.28 3076.72
65 6002.03 5186.63
66 4133.89 1483.71
67 2752.93 2759.26
68 5592.09 3657.27
69 4006.3 4568.01
70 5315.48 5676.35
71 3973.16 5805.32
72 2512.16 6206
73 5969.23 1260.3
74 2386.58 584.26
75 514.681 5102.15
76 3031.99 3144.06
77 4222.96 6385.36
78 1598.38 5178.29
79 2418.62 2854.52
80 5448.62 2484.67
81 401.472 6256.13
82 1296.87 1165.17
83 3890.39 2032.41
84 2974.93 613.525
85 5464.97 4363.21
86 6246.99 5835.29
87 2223.58 1551.68
88 2161.85 4411.48
89 1655.29 5403.64
90 2597.87 2289.46
91 1828.41 954.47
92 6532.65 1179.53
93 5160.09 3746.39
94 1471.57 401.193
95 6029.66 177.144
96 709.266 5454.18
97 4453.65 2624.49
98 5429.84 1871.11
99 1434.03 2110.24
100 2420.62 676.634
101 5723.61 401.95
102 1509.15 636.884
103 5876.44 5439.18
104 6181.27 6225.13
105 2415.59 3714.55
106 412.869 884.185
107 3628.3 3216.01
108 5441.86 2127.35
109 140.924 5682.35
110 6346.02 2292.12
111 1667.27 5926.82
112 4626.65 1915.84
113 5346.32 2074.62
114 2010.27 537.409
115 3834.93 6368.86
116 4486.87 5655.78
117 1882.58 5974.11
118 4678.47 1155.35
119 5707.3 271.488
120 5910.66 5074.21
121 6033.72 4290.33
122 1176.88 4550.61
123 699.765 5056.14
124 2183.57 564.825
125 5116.2 3259.86
126 3055.25 945.271
127 3321.28 2570.12
128 2661.26 2585.52
129 1684.9 3246.05
130 609.733 5659.43
131 223.051 2199.68
132 1738.49 5075.3
133 3960.98 3727.26
134 1847.8 626.641
135 5951.24 1027.55
136 3565.13 2808.99
137 3149.73 5564.45
138 6301.6 3916.11
139 1336.53 2927.75
140 3471.96 5284.44
141 2026.45 2824.91
142 5254.04 4410.95
143 2420.65 5521.36
144 5844.09 5315.27
145 5329.62 738.331
146 834.123 2592.11
147 4219.06 3290.1
148 663.419 149.904
149 5649.7 3816.58
150 1947.51 3697.62
151 4233.39 572.359
152 3804.2 2288.53
153 2077.42 879.138
154 2935.94 583.704
155 3875.6 2106.25
156 1130.06 2691.98
157 5767.59 4539.76
158 1093.19 3840.43
159 3583.48 4706.2
160 3237.58 2767.11
161 5220.17 1396.88
162 6054.93 4055.75
163 1609.78 3153.23
164 1718.98 3541.57
165 5564.45 1189.27
166 1447.97 4675.21
167 81.0499 580.054
168 3576.39 2174.92
169 3318.85 6489.45
170 3602.95 5467.13
171 86.777 5509.06
172 3970.34 3682.04
173 3877.1 3660.15
174 4303.11 3611.53
175 5220.53 4247.48
176 2132.66 900.064
177 2760.57 496.493
178 2521.72 6198.52
179 4098.89 2387.79
180 4413.14 1124.33
181 5614.9 4741.06
182 2838.38 218.134
183 2986.44 4323.15
184 3535.32 2712.97
185 4276.27 308.547
186 4718.6 4219.9
187 2266.69 5157.06
188 6507.99 280.265
189 4352.48 4925.99
190 88.7152 5648.86
191 6477.31 3580.05
192 2521.66 5072.92
193 2374.47 1386.16
194 910.378 2735.94
195 4781.89 5495.24
196 2590.98 2048.97
197 54.8976 1611.47
198 3770.91 5961.19
199 1493.22 494
200 1163.75 4828.5
201 2268.72 6401.31
202 4405.3 5781.52
203 4051.38 348.671
204 2692.05 4965.82
205 325.876 948.279
206 5540.91 2195.66
207 195.352 3098.98
208 6419.73 2848.59
209 6003.78 5755.08
210 3358.97 5168.02
211 4189.57 5546.66
212 2076.4 82.2689
213 6339.78 1721.9
214 3094.71 4510.77
215 832.754 2744.91
216 6103.43 76.5287
217 4776 1583.83
218 171.944 4844.2
219 2455.08 679.254
220 5061.3 5265.85
221 30.2199 2938.55
222 5217.22 328.143
223 1556.2 3913.04
224 950.107 3496.8
225 1945.74 4752.61
226 3035.98 6147.3
227 3930.53 4162.58
228 2765.05 3318.13
229 6188.44 104.755
230 2477.65 2624.75
231 6093.79 3844.45
232 1114.41 2851.53
233 5856.36 2850.2
234 1235.98 5910.39
235 867.837 6273.69
236 1587.83 4287.01
237 1333.65 62.5383
238 1709.3 3890.34
239 1736.46 3092.18
240 5333.8 965.17
241 949.979 2092.99
242 3673.97 5235.12
243 3942.82 5905.39
244 5611.98 5565.45
245 5099.8 1525.57
246 2926.15 5746.39
247 285.162 3781.82
248 6504.54 1278.36
249 945.748 3220.26
250 1563.81 659.746
251 4.29521 1008.34
252 5294.2 2208.59
253 3475.17 2936.76
254 3113.64 4902.46
255 3214.28 4320.11
256 6265.3 5417.05
257 357.851 4101.32
258 5623.03 3741.55
259 1411.55 4044.67
260 192.965 3161.94
261 1105.17 1895.58
262 779.613 4852.59
263 5992.21 3502.12
264 4408.69 5183.38
265 4573.21 6034.26
266 4869.72 2818.33
267 2146.68 1751.22
268 1823.17 5123.43
269 1639.39 6183.59
270 341.703 563.821
271 2636.83 2172.56
272 147.829 659.113
273 4787.15 1725.17
274 3454.74 6255.52
275 0.138414 110.744
276 5067.36 182.781
277 3415.1 4041.5
278 4526.83 3098.27
279 5729.37 2851.43
280 6244.7 6199.51
281 4365.68 1257.64
282 2397.19 4466.07
283 6220.69 4954.33
284 2262.89 5507.11
285 4086.96 4487.57
286 593.167 3084.48
287 3576.24 1948.26
288 6213.4 6336.85
289 2524.07 4218.97
290 1144.47 4498.82
291 111.964 3023.53
292 3161.94 3711.96
293 1462.99 2681.79
294 5200.14 3778.14
295 950.408 5365.83
296 3375.71 591.764
297 4828.54 5660.68
298 3985.43 2911.71
299 4335.82 5543.85
300 5766.57 1671.25
301 4345.28 5104.88
302 4939.98 6439.26
303 2219.15 2849.86
304 835.053 5906.7
305 1083.37 96.2701
306 1128.99 1103.44
307 2103.24 4163.15
308 4128.32 1971.09
309 4203.73 672.243
310 4028.76 692.863
311 2079.45 2552.45
312 2023.05 5736.28
313 6257.59 893.098
314 583.488 4636.4
315 4759.82 3241.37
316 2870.07 2654.42
317 736.238 941.966
318 450.376 5439.81
319 4817.96 891.654
320 3352.5 3711.93
321 2782.33 1309.12
322 2462.39 1863.83
323 6502.86 4916.97
324 3362.89 344.334
325 416.835 1950.62
326 6505.8 6504.05
327 662.752 393.166
328 5144.44 3583.49
329 6293.69 3622.79
330 4209.62 713.604
331 1844.83 6490.78
332 1208.2 3916.81
333 6311.02 3540.92
334 5230.05 2463.41
335 3098.2 4731.13
336 5164.92 999.429
337 4161.22 3381.33
338 5799.1 6154.09
339 3714.69 4972.88
340 3362.22 4791.89
341 538.912 5951.85
342 3202.22 3812.27
343 2696.14 5439.59
344 6337.3 3149.24
345 3521.56 4771.29
346 3126.99 1675.15
347 897.926 995.67
348 3587.58 1180.13
349 2782.82 6148.75
350 5380.52 863.798
351 5072.26 609.05
352 2453.4 1437.35
353 1376.41 5306.54
354 3391.05 2548.89
355 4774.89 4514.9
356 4029.7 2506.98
357 2483.52 2124.06
358 5025.75 515.897
359 4098.88 44.898
360 4956.42 2191.94
361 5042.06 19.6869
362 5108.34 5638.5
363 61.2716 5981.45
364 5549.6 2850.34
365 2032.55 4722.31
366 5907.26 2131.52
367 2320.89 402.304
368 3601.53 2720.47
369 6012.54 3534.52
370 2842.36 5988.39
371 3762.51 607.808
372 557.006 4710.36
373 2563.59 1753.08
374 2276.76 1101.96
375 1327.84 1366.32
376 5921.07 5589.63
377 5169.31 860.461
378 5300.69 5698.35
379 3936.03 6011.93
380 5434.83 158.907
381 5671.86 5752.7
382 2851.2 1477.55
383 3759.95 6542.92
384 388.311 100.261
385 1735.85 985.882
386 995.692 321.979
387 632.301 6291.87
388 502.899 4175.84
389 3716.03 301.679
390 1012.24 5276.23
391 3531.52 2258.77
392 5754.38 333.508
393 6520.74 3282.43
394 6503.25 6376.1
395 1340.2 3596.17
396 1062.96 1769.14
397 2855.65 2038.59
398 3618.62 3146.87
399 6251.87 605.132
400 5808.55 1991.47
401 4502.71 1514.64
402 820.813 923.598
403 2797.97 2585.58
404 4430.25 2343.35
405 4668.75 4651.79
406 5775.19 4066.22
407 1283.49 5488.98
408 62.8717 2174.26
409 2395.74 5401.92
410 2496.03 2930.58
411 742.033 5453.16
412 5299.92 1655.83
413 4788.14 3587.12
414 3845.11 1594.71
415 954.269 567.285
416 4922.2 2925.17
417 191.164 4503.32
418 3935.3 3989.85
419 856.28 1677.25
420 712.281 2697.63
421 4490.91 1939.02
422 4257.63 828.357
423 4580.82 5826.63
424 5874.67 6188.6
425 968.198 3521.64
426 787.073 4446.95
427 5907.3 4534.42
428 1291.52 2111.93
429 1359.04 3939.52
430 3114.96 1505.62
431 3266.07 4615.08
432 1027.82 1241.82
433 5454.86 4384
434 750.951 6423.81
435 3536.29 494.1
436 5978.77 4939.77
437 2790.74 6304.84
438 6542.08 2715.92
439 5180.1 3169.74
440 1449.23 5010.62
441 4455.95 4762.51
442 3421.61 4928.4
443 5508.27 3326.77
444 4580.81 5327.06
445 400.352 3122.99
446 4193.68 2760.83
447 96.8182 4350.89
448 87.2806 6171.05
449 4501.3 3010.65
450 6544.3 5455.29
451 5273.87 6298.96
452 6448.97 1388.12
453 1831.9 70.2557
454 2973.69 5291.98
455 6324.64 4373.26
456 3594.01 3877.56
457 1454.39 3385.93
458 5997.3 5216
459 3889.61 4925.02
460 6441.72 6107.49
461 6286.75 1793.71
462 3702.89 5510.98
463 4603.63 4383.05
464 6479.15 4172.7
465 5929.21 1955.73
466 4594.32 1915.93
467 3950.79 3110.03
468 5.42497 3427.13
469 4432.37 5676.86
470 5470.8 5205.88
471 873.861 1860.31
472 3534.28 3314.54
473 1934.22 3552.11
474 5262.56 2652.51
475 4417.14 2132.46
476 1529.17 6437.81
477 2053.29 4392.6
478 3422.83 2869.2
479 6274.31 5294.99
480 39.5318 787.623
481 3833.35 5357.31
482 4317.61 4926.72
483 3176.28 1616.55
484 1317.5 6220.88
485 4620.17 3227.49
486 37.1501 3432.32
487 1376.9 2808.22
488 5024.7 925.047
489 6328.9 739.878
490 4197.44 2275.39
491 5128.43 761.314
492 4913.72 1894.45
493 4836.97 2445.16
494 3375.46 6034.97
495 5539.72 399.89
496 1769.52 902.63
497 5972 1732.32
498 4311.83 2844.46
499 3945.43 3065.51
500 3183.98 1150.16
501 4707.7 5515.34
502 3633.63 2027.19
503 1159.46 2585.1
504 2261.93 4778.33
505 1613.76 2120.85
506 1252.9 4938.9
507 3946.63 574.187
508 5522.92 3470.84
509 4278.75 2251.66
510 4076.87 2325.56
511 364.514 784.339
512 264.194 1961.15
513 6456.57 4392.65
514 3790.52 106.112
515 5327.11 1263.54
516 4509.01 3077.13
517 5231.04 3172.04
518 3213.77 1099.15
519 4499 1862.02
520 643.726 6078.25
521 5360.03 415.935
522 5257.04 6345.2
523 1533.33 4068.85
524 3124.07 4379.43
525 3587.65 5383.85
526 5681.75 2878.62
527 4331.05 104.352
528 418.171 609.726
529 3562.78 403.137
530 2545.98 5014.04
531 1929.97 509.643
532 3547.84 3432.96
533 6526.16 1513.52
534 3354.42 908.987
535 423.787 5950.7
536 3985.66 6454.22
537 5592.85 5879.81
538 5118.46 6431.15
539 46.1216 2584.94
540 6381.18 2699.72
541 6004.1 3070.77
542 5251.79 2822.51
543 1748.33 2355.18
544 5708.75 240.932
545 3410.12 3995.74
546 5608.35 3136.92
547 5211.47 1217.68
548 5390.23 5413.61
549 916.906 1498.31
550 1405.18 211.625
551 4696.79 2658.02
552 4068.91 5156.76
553 5624.12 2549.06
554 5533.84 2035.71
555 1954.54 5263.95
556 1155.87 1170.08
557 1131.01 3293.09
558 1871.32 1609.85
559 4544.94 3829.87
560 1611.14 1400.2
561 3729.08 5471.99
562 1431.38 5694.98
563 2616.2 1364.55
564 6417.85 1979.87
565 2502.42 4193.23
566 2186.81 4624.18
567 1729.44 978.447
568 1683.72 1239.4
569 2118.94 660.991
570 4608.12 893.122
571 5786.21 6537.75
572 5849.73 539.791
573 1572.37 1846.58
574 5644.76 3055.31
575 2027.68 1843.84
576 3505.85 5452.05
577 6411.76 4802.6
578 4863.05 4194.22
579 6091.49 6030.87
580 5174.55 4448.9
581 4763.49 6294.78
582 4581.63 2073.66
583 2465.25 4012.66
584 793.313 5468.86
585 3092.23 2558.76
586 4177.36 3672.25
587 1293.1 6227.06
588 6116.21 4766.92
589 5695.86 2356.31
590 3995.02 1247.55
591 6172.89 61.3906
592 5131.95 482.683
593 3589.5 884.26
594 3904.31 1164.01
595 3708.44 682.562
596 4100.68 6156.76
597 1239.11 3356.45
598 2866.36 1866.43
599 2838.8 5705.85
600 6488.55 4265.99
601 1424.99 953.34
602 904.201 2965.7
603 3809.7 3113.64
604 2837.47 4576.82
605 2410.44 4779.69
606 4116.34 316.707
607 4049.75 2813.86
608 4851.42 707.466
609 761.521 236.897
610 3194.84 1497.23
611 438.954 3790.34
612 1628.78 1632.35
613 3979.33 4546.01
614 805.658 2620.82
615 3262.78 147.366
616 1963.75 2789.48
617 4150 1598.02
618 3264.09 6266.3
619 2596.2 5013.58
620 633.529 4456.84
621 4647.06 1892.93
622 594.314 987.925
623 4761.9 6451.5
624 428.423 3488.57
625 1821.45 2754.56
626 5906.41 3851.06
627 5136.91 6153.43
628 2711.29 1097.76
629 1109.56 486.015
630 4704.03 660.375
631 3732.55 2670.12
632 4255.34 3481.11
633 5294.45 554.969
634 4703.76 2368.12
635 4527.57 532.289
636 4117.42 5385.67
637 4277.68 561.34
638 5461.02 3456.24
639 5577.9 2743.94
640 6010.04 3803.56
641 2784.64 896.931
642 495.469 5975.65
643 3375.03 4981.07
644 4330.76 1999.45
645 1239.32 6530.78
646 396.552 5967.67
647 715.026 4771.7
648 4515.66 4684.59
649 4749.95 2811.63
650 479.307 1271.44
651 4593.68 868.781
652 2668.47 836.24
653 3374.3 2727.95
654 3861.19 6031.41
655 2015.11 4928.35
656 5658.91 3663.27
657 5979.47 3652.51
658 2908.46 3507.01
659 5830.82 60.6459
660 6336.9 5607.03
661 4709.05 5893.18
662 3316.09 826.798
663 3036.23 3094.29
664 2891.06 2593.43
665 1899.14 1598.07
666 3979.98 787.123
667 3275.08 2981.2
668 2049.52 1166.37
669 1071.44 3249.53
670 2767.16 4783.69
671 3214.71 2850.44
672 1450.14 4387.48
673 182.378 1437.46
674 3633.55 4869.55
675 4560.56 5482.3
676 2453.74 4513.61
677 4877.64 1288.12
678 5168.5 1432.35
679 2573.98 1208.22
680 405.211 5043.72
681 5547.69 3173.15
682 450.53 2808.47
683 6473.42 749.778
684 6388.48 287.347
685 5914.7 631.91
686 5311.89 3715.68
687 169.062 4010.18
688 2801.29 5419.79
689 1245.75 904.896
690 298.509 3859.65
691 3566.62 5142.37
692 613.444 2892.6
693 2109.59 2956.66
694 4067.08 1266.55
695 3306.97 1956.67
696 2630.18 4657.57
697 3013.92 2692.33
698 4813.72 1678.61
699 6383.53 167.939
700 6028.64 1913.51
701 4703.8 880.544
702 3255.33 2400.26
703 4956.5 376.422
704 4153.08 3151.54
705 5945.54 2050.48
706 2503.56 1550.3
707 5438.85 6529.1
708 2483.61 4805.67
709 911.219 1742.34
710 313.153 6250.07
711 4884.42 2185.01
712 6462.12 3293.6
713 2701.29 3848.01
714 389.156 137.135
715 2671.74 1513.32
716 101.816 1962.55
717 3252.64 3888.08
718 5286.91 1009.05
719 1800.68 5253.93
720 789.907 2266.16
721 4887.71 102.286
722 48.4183 3697.81
723 1253.39 3232.44
724 6393.64 1393.78
725 4131.82 5521.83
726 3161.11 3109.49
727 3148.66 4361.19
728 6502.25 1908.35
729 5171.94 1058.13
730 4857.6 309.299
731 4947.46 5552.53
732 4845.07 3426.6
733 5058.65 4988.29
734 2476.61 3391.04
735 4489.44 1186
736 4161.31 3511.42
737 2022.07 1250.76
738 6025.21 3826.94
739 479.481 102.71
740 5851.03 2399.48
741 2517.16 873.89
742 4866.9 1352.78
743 2018.59 1942.29
744 3781.22 3035.3
745 635.68 5366.35
746 5028.5 5343.88
747 4272.88 6035.41
748 4402.31 2651.34
749 83.0289 3006.38
750 3235.13 3481.46
751 4208.3 4712.27
752 6281.53 391.161
753 4473.73 408.995
754 5208.78 1416.67
755 2247.98 25.8271
756 2404.58 5662.22
757 1420.85 3099.85
758 4030.75 3496.58
759 924.134 2996.03
760 4001.86 1032.3
761 1456.35 1032.38
762 3432.48 3630.79
763 4794.41 4257.41
764 5729.43 5851.19
765 5470.63 2562.26
766 6190.2 6205.45
767 2574.01 2336.24
768 268.169 5875.11
769 1686.05 4264.2
770 2861 5147.25
771 4522.04 700.739
772 1269.95 2334.77
773 3062.25 5613.39
774 5018.26 1530.43
775 2162.89 4668.04
776 3705.23 2993.05
777 3167.66 2147.32
778 2203.29 1585.09
779 3411.66 767.708
780 1755.39 1382.66
781 1092.21 5914.8
782 2920.79 3337.56
783 803.793 2744.47
784 1622.2 5756.16
785 2903.08 1476.15
786 1188.62 5146.13
787 4099.3 2764.87
788 4881.02 5440.96
789 3350.11 2193.8
790 3121.42 5073.33
791 5060.73 1384.11
792 4906.58 5364.61
793 4483.22 5605.22
794 2207 1264.68
795 3411.75 6418.51
796 4575.59 4178.97
797 5051.53 5694.31
798 3276.67 5947.13
799 2198.86 2268.69
800 3866 516.836
801 1695.27 4642.16
802 3469.25 1903.88
803 3823.83 4498.4
804 5544.52 655.727
805 5873.98 1917.88
806 142.177 4695.99
807 5217.4 5695.35
808 4564.11 1988.11
809 2623.22 108.837
810 3333.57 2820.65
811 124.99 2853.97
812 3764.3 1627.26
813 5154.79 784.079
814 4457.72 3760.93
815 3056.32 1533.74
816 4792.27 4357.71
817 3297.21 478.454
818 2118.66 36.6446
819 810.977 1615.79
820 4897.91 2762.24
821 1496.17 980.495
822 951.857 6442.91
823 739.2 3603.27
824 5795.34 5257.06
825 455.145 3769.88
826 592.855 269.915
827 2198.03 5459.38
828 2681.86 806.461
829 2036.85 6173.94
830 2815.78 4850.67
831 228.695 1.05257
832 1627.37 5261.72
833 3761.94 4777.99
834 4489.39 2484.2
835 6224.64 1142.55
836 1894.88 2826.68
837 3775.98 4590.51
838 1403.1 385.475
839 267.511 4079.36
840 6083.53 805.795
841 5260.09 1168.98
842 1214.44 892.683
843 1251.94 4292.1
844 2664.52 5406.03
845 524.792 1148.82
846 2100.06 4579.57
847 3139.35 4302.32
848 4335.63 5889.13
849 1520.92 3870.35
850 4498.45 2584.15
851 2049.47 933.004
852 4838.62 2755.21
853 6156.53 6470.97
854 931.245 1882.49
855 335.84 300.253
856 5779.28 38.9855
857 3119.11 3029.01
858 3714.67 1080.73
859 5842.14 5657.24
860 1158.92 898.297
861 847.197 1372.93
862 2284.28 1421.09
863 4604.95 1021.39
864 5707.32 3956.15
865 1125.52 2117.06
866 1419.58 5152.54
867 3870.49 5897.77
868 5118.69 4040.22
869 1687.94 4130.91
870 3790.11 3876.17
871 4113.35 1297.08
872 1333 5317.37
873 1236.67 4948.2
874 2687.67 420.748
875 997.195 496.925
876 473.022 4200.03
877 479.743 5842.5
878 6220.27 5151.13
879 4424.96 6125.06
880 2822.54 1548.78
881 3529.37 1406.91
882 844.998 1735.98
883 1185.34 4690.31
884 6020.48 2532.9
885 1824.72 2655.43
886 3480.66 5729.49
887 2971.16 1777.21
888 6411.44 909.701
889 4396.41 4232.1
890 4949.96 2430.34
891 6148.92 5622.62
892 4768.14 2933.8
893 1076.77 947.18
894 5164.28 2493.36
895 4876.92 1128.13
896 5636.26 5705.41
897 4717.98 2263.8
898 3934.82 4633.97
899 625.82 5486.1
900 2537.19 1388.32
901 406.323 6130.18
902 2995.48 3605.31
903 2179.87 3626.49
904 156.896 5018.71
905 6458.42 6275.68
906 143.945 1293.46
907 5039.74 4196.96
908 6120.72 88.8063
909 6361.18 4126.11
910 3594.85 5490.8
911 1797.21 4105.22
912 3347.81 5856.56
913 3959.34 3173.82
914 1223.74 1879.2
915 1127.53 1381.68
916 3928.2 3819.94
917 5188.86 4818.86
918 4895.16 2675.46
919 2084.46 1697.91
920 6003.15 1876.88
921 4000.06 3768.72
922 5749.29 3627.23
923 3497.29 1964.71
924 3873.64 2464.46
925 4624.41 2262.46
926 1592.61 5678.33
927 2237.43 6419.34
928 981.889 5409.29
929 3078.1 3377.16
930 5159.22 6072.27
931 3876.21 2910.67
932 2060.2 6343.82
933 4986.23 3262.4
934 235.381 2038.42
935 2524.96 2267.86
936 1543.25 2416.12
937 2888.95 5254.99
938 1309.28 2483.88
939 1110.16 3433.59
940 4504.81 138.656
941 4891 6136.42
942 1408.68 1419.82
943 4546.24 2632.34
944 4958.73 3569.89
945 2072.1 1748.88
946 2524.11 675.489
947 2221.92 613.093
948 405.099 2928.97
949 640.463 6034.05
950 3118.2 4014.29
951 489.2 1646.66
952 6185.91 4104.69
953 1713.81 5048
954 5240.31 6180.6
955 5859.7 1121.83
956 5189.17 2549.86
957 2933.7 4767.71
958 1337.42 4159.9
959 3852.18 5674.5
960 6191.07 1572.07
961 329.147 5544.87
962 3998 5796.75
963 4490.63 6109.94
964 3117.69 3038.61
965 992.818 1977.72
966 4022.96 672.919
967 2522.39 3017
968 472.469 2279.43
969 3496.46 2707.3
970 220.401 6332.24
971 5672.84 806.157
972 5508.07 3369.63
973 1330.89 3489.73
974 4701.85 3189.22
975 1097.2 3752.62
976 5307.56 2846.43
977 542.997 3264.41
978 3043.5 3295.95
979 5815.59 3181.78
980 3814.82 56.0984
981 751.457 6271.39
982 2309.22 5568.94
983 6416.75 2982.01
984 2014.07 373.58
985 2759.74 654.397
986 5079.98 1839.09
987 893.998 760.41
988 3480.76 2651.2
989 5789.24 3246.03
990 1446.88 6273.95
991 3322.26 4474.19
992 1113.39 6057.24
993 5094.28 6328.75
994 5913.8 3892.36
995 2514.56 2560.11
996 6225.4 6050.79
997 523.543 850.092
998 677.223 4097.1
999 2743.43 2777.72
1000 4547.47 5478.95
1001 6249.07 3240.31
1002 5374.26 1589.75
1003 1125.47 2995.25
1004 3647.61 544.115
1005 6310.62 5545.6
1006 4805.59 3237.02
1007 4820.91 2626.97
1008 4559.86 1159.4
1009 4355.43 1136.1
1010 2760.86 1310.22
1011 1753.73 5424.84
1012 1340.1 562.881
1013 2685.61 6327.72
1014 2747.22 3467.07
1015 5056.16 4186.79
1016 6446.56 270.419
1017 2381.23 821.572
1018 3207.3 6220.73
1019 1513.18 6196.68
1020 5603.91 4341.68
1021 5861.44 1031.9
1022 1449.12 4262.25
1023 5135.04 2622.45
1024 4330.73 4416.53
1025 6449.46 5780.41
1026 2245.78 6271.02
1027 6320.02 101.207
1028 4432.81 4015.42
1029 3875.52 5595.69
1030 2764.97 1819.77
1031 4473.79 1645.95
1032 5301.7 3236.09
1033 2695.41 4376.69
1034 5271.19 3274.21
1035 465.156 1644.21
1036 5439.05 3042.4
1037 6041.54 381.771
1038 4388.1 135.944
1039 942.873 3833.88
1040 330.884 1157.07
1041 4965.72 3576.81
1042 4260.74 941.309
1043 206.887 1887.07
1044 2156.98 4576.97
1045 3650.36 5745.07
1046 1985.98 3423.51
1047 5089.95 2607.14
1048 5476.03 6316.23
1049 5746.79 2809.43
1050 1948.05 3369.7
1051 5705.65 3421.09
1052 4411.81 3089.57
1053 6051.79 6176.61
1054 5471.39 3286.4
1055 444.289 3912.63
1056 5844.16 4581.62
1057 5036.44 625.758
1058 4881.17 1137.71
1059 5513.36 1128.58
1060 4482.76 4971.34
1061 4405.41 5562.59
1062 1904.07 6302.94
1063 3844.95 5848.05
1064 1746.8 6038.03
1065 1647.31 6065.08
1066 3139.33 4090.26
1067 1931.83 2321.38
1068 6375.02 1602.86
1069 1407.59 427.44
1070 5617.78 3812.02
1071 359.508 6201.32
1072 3587.11 6270.25
1073 6069.96 490.949
1074 4684.79 5858.33
1075 3976 323.273
1076 5687.6 2695.19
1077 2453.71 4622.48
1078 3464.72 2169.63
1079 2846.91 2611.43
1080 6352.27 2691.16
1081 1206.37 2545.9
1082 4375.9 3988.57
1083 6093 4817.57
1084 3521.67 6301.08
1085 3241.75 999.748
1086 2112.48 4845.7
1087 4799.92 973.538
1088 228.398 292.567
1089 6345.19 150.313
1090 2284.72 2007.23
1091 917.253 1127.08
1092 3110.6 795.141
1093 1283.98 4147.82
1094 3102.05 3786.9
1095 3405.62 6139.04
1096 3667.42 4595.33
1097 3390.76 5689.94
1098 712.837 6101.72
1099 531.308 5588.89
1100 6259.28 3596.61
1101 2735.7 3447.59
1102 5876.82 822.101
1103 712.712 4774.71
1104 5573.63 1317.34
1105 3924.62 6535.08
1106 4439.24 2604.15
1107 1653.83 1436.12
1108 3519.23 89.5659
1109 6142.57 3378.3
1110 2715.36 4566.93
1111 2478.82 4103.7
1112 5676.42 4030.53
1113 4613.8 6516.3
1114 1749.98 6192.1
1115 2350.89 5082.26
1116 4295.61 1022.77
1117 743.341 854.897
1118 1656.42 1282.78
1119 5315.71 4871.97
1120 4814.88 2783.68
1121 673.312 2969.87
1122 2580.01 4244.33
1123 4184.89 6041.92
1124 3937.83 3801.52
1125 1145.61 4092.57
1126 152.43 776.32
1127 817.617 2809
1128 5772.63 704.274
1129 2024.61 5695.06
1130 559.275 3510.87
1131 278.035 2128.7
1132 5342.72 6436.86
1133 3102.34 109.227
1134 5896.97 6544.49
1135 2032.88 5046.97
1136 6075.08 5914.32
1137 1065.36 4001.29
1138 3894.33 4517.69
1139 1580.39 4656.99
1140 4092.77 4304.78
1141 2093.85 4212.04
1142 2565.83 553.367
1143 2016.33 5223.84
1144 2797.54 4428.02
1145 5475.43 618.865
1146 3687.63 5838.45
1147 318.192 4389
1148 3776.68 5367.71
1149 4234.73 3010.37
1150 1648.08 5552.15
1151 4030.59 5266.44
1152 6502.07 2930.32
1153 3815.1 4776.8
1154 1262.79 4367.06
1155 6427.82 4353.3
1156 2474.16 1287.16
1157 4946.41 3492.98
1158 6395.82 5995.53
1159 6103.39 3852.32
1160 2408.89 2508.4
1161 5962.67 142.997
1162 5477.23 1345.97
1163 4553.62 866.577
1164 1329.65 1663.19
1165 3240.62 1724.48
1166 3521.21 2034.94
1167 5150.27 5606.69
1168 3862.38 1797
1169 3773.08 2776.8
1170 1639.15 4539.43
1171 1170.36 4886.8
1172 90.788 4228.56
1173 2685.8 2280.98
1174 3268.37 1752.52
1175 1770.73 423.24
1176 3841.49 2056.75
1177 2808.67 4822.01
1178 2414.72 2870.58
1179 2119.33 3864.42
1180 2539.51 1048.15
1181 4986.96 3367.2
1182 3269.34 2922.14
1183 1852.64 223.399
1184 6448.01 5812.48
1185 1692.35 1463.37
1186 2005.69 3708.07
1187 5093.21 5141.16
1188 3949.02 3835.77
1189 4762 3841.73
1190 1426.69 4353.19
1191 1083.19 4831.92
1192 620.625 5122.87
1193 2656.36 6198.78
1194 2310.31 3483.24
1195 5807.55 4034.37
1196 822.961 5037.54
1197 3358.65 5675.5
1198 2817.76 2619.55
1199 5028.56 4952.95
1200 2342.62 4293.64
1201 4520.56 2272.93
1202 2201.68 3827.9
1203 1226.85 5894.8
1204 515.405 1502.83
1205 3303.26 1478.5
1206 4009.1 5856.2
1207 5417.24 4497.42
1208 2119.07 4308.46
1209 4230.66 5338.55
1210 2291.07 1280.55
1211 4899.32 492.1
1212 5385.15 5019.42
1213 1382.95 5545.38
1214 5193.94 5577.26
1215 4237.52 4139.12
1216 5043.8 5497.6
1217 1175.11 4899.18
1218 6251.22 6261.61
1219 3305.78 5735.39
1220 5785.38 6457.09
1221 228.049 1467.45
1222 804.6 1940.39
1223 6288.78 6132.98
1224 683.533 5743.88
1225 4204.11 3052.77
1226 5410.5 3738.52
1227 2906.5 3559.88
1228 1813.95 1519.97
1229 5023.25 2085.44
1230 3422.19 852.957
1231 3088.24 1334.78
1232 3407.3 6228.86
1233 3507.8 1100.46
1234 687.692 5859.36
1235 1031.22 6445.25
1236 1339.88 6432.74
1237 4898.47 6270.74
1238 3587.64 2471.23
1239 1977.95 2389.45
1240 1964.2 6541.42
1241 1486.67 3446.74
1242 6344.06 1116.28
1243 3440.51 5140.29
1244 4675.99 6358.83
1245 2864.93 5702.18
1246 4861.46 2074.39
1247 5626 1855.01
1248 3200.2 6264.73
1249 4220.6 2490.58
1250 5281.26 4308.73
1251 2515.19 250.314
1252 2851.67 4045.29
1253 3680.51 269.918
1254 1654.75 1450.38
1255 5144.52 5833.19
1256 5213.78 6424.04
1257 3962.31 4815.93
1258 5774.06 2152.48
1259 6426.77 3676.39
1260 5001.02 5140.2
1261 1509.03 6175.2
1262 6428.44 1729.12
1263 6398.01 2763.77
1264 3229.52 1247.3
1265 3164.98 5483
1266 6550.21 3311.1
1267 4339.83 1350.18
1268 606.699 20.1599
1269 3447.8 5020.44
1270 50.4295 2768.92
1271 63.5213 3.82663
1272 5063.63 6362.75
1273 2216.59 4736.24
1274 2035.27 2853.55
1275 16.1301 4381.92
1276 3384.24 3412.6
1277 153.056 4053.66
1278 4466.09 5382.08
1279 4888.74 2946.33
1280 5077.27 3505.72
1281 5634.13 4458.71
1282 718.232 4620.9
1283 1785.82 4231.7
1284 4032.46 4011.08
1285 5571.86 5087.24
1286 4537.4 3183.15
1287 5361.17 984.152
1288 5253.58 3060.94
1289 1549.68 3279.91
1290 25.2766 1604.12
1291 1746.72 2094.49
1292 3905.25 6212.13
1293 3261.91 2851.9
1294 2444.06 2493.04
1295 2088.84 6177.42
1296 5053.67 2455.37
1297 2414.78 1321.82
1298 2634.85 2071.36
1299 5668.46 4282.51
1300 3609.71 4946.64
1301 3929.84 5268.82
1302 2979.65 2101.04
1303 632.041 5727.45
1304 4968.28 3940.33
1305 1537.08 3245.34
1306 5209.67 6053.47
1307 2744.55 2096.14
1308 4510.77 2213.67
1309 978.152 3796.1
1310 1079.45 4750.22
1311 3120.17 2963.92
1312 6074.71 1523.81
1313 646.344 163.714
1314 522.298 983.205
1315 2748.8 3249.89
1316 4040.81 3612.55
1317 3024.32 2063.51
1318 1443.84 3355.67
1319 4395.24 5294
1320 1665.67 4109.7
1321 4019.66 3340.1
1322 6364.4 2436.76
1323 3840.98 3727.63
1324 386.92 4417.43
1325 725.843 2176.29
1326 3415.74 4418.73
1327 5985.14 3949.61
1328 996.179 1189.07
1329 1733.71 5593.42
1330 3947.76 2044.32
1331 3639.08 5197.17
1332 1254.78 2538.53
1333 133.131 52.3969
1334 1581.39 4781.53
1335 2270.39 868.566
1336 1212.72 47.3791
1337 6229.36 1141.54
1338 3577.18 4015.6
1339 3482.04 4466.53
1340 2131.77 5349.35
1341 2785.67 564.779
1342 452.623 2786.23
1343 1609.8 822.643
1344 5409.02 1683.09
1345 720.989 1363.06
1346 5643.24 21.3054
1347 1176.15 319.911
1348 2168.16 286.476
1349 182.863 196.226
1350 3437.88 5997.86
1351 4796.19 911.328
1352 2408 4055.75
1353 4157.59 5531.56
1354 1356.85 1964.14
1355 2473.24 1538.28
1356 2476.89 6361.32
1357 602.038 3723.33
1358 3996.11 888.724
1359 3937.64 778.953
1360 2436.51 3707.8
1361 6542.29 849.394
1362 5679.71 769.364
1363 1561.26 2904.02
1364 2347.58 2867.66
1365 3031.71 3214.29
1366 3874.77 5156.04
1367 2137.7 231.816
1368 3167.03 5027.49
1369 6239.55 4447.32
1370 868.497 2051.25
1371 2496.12 6300.65
1372 4897.2 2093.25
1373 4131.85 3340.74
1374 693.57 1100.73
1375 3494.25 6086.71
1376 5191.93 3010.7
1377 2476.06 3745.01
1378 5423.9 5568.43
1379 4542.54 2771.63
1380 5190.97 3883.2
1381 6129.54 4953.03
1382 6051.2 2084.75
1383 2028.55 2766.49
1384 68.635 3519.93
1385 6089.26 5517.38
1386 1312.58 4414.64
1387 3883.11 4926.1
1388 4877.77 5937.11
1389 1858.33 6186.67
1390 2624.72 5314.32
1391 4094.88 1782.89
1392 5438.93 1488.65
1393 5696.27 4291.67
1394 1740.43 2989.84
1395 6202.61 4885.32
1396 3028.27 4671.11
1397 514.017 1537.81
1398 1580.74 514.396
1399 5005.53 121.318
1400 4973.93 6526.56
1401 2845.51 4170.91
1402 5473.77 2009.33
1403 5186.94 252.472
1404 549.509 4060.39
1405 6097.57 474.092
1406 1141.23 6545.32
1407 5825.51 2596.69
1408 509.213 5552.99
1409 4437.6 3237.65
1410 2906.73 5235.06
1411 2989.29 794.806
1412 75.0019 3644.28
1413 1973.3 4204.76
1414 335.096 3903.19
1415 309.569 5885.82
1416 3855.95 5900.2
1417 4440.34 240.998
1418 5902.26 2295.7
1419 661.146 741.799
1420 394.318 4917.58
1421 5271.23 191.096
1422 4844.56 2180.5
1423 3261.58 3321.04
1424 2966.45 6542.94
1425 6552.52 139.549
1426 74.5633 3713.05
1427 4736.21 75.9494
1428 892.702 2083.86
1429 5123.05 4771.61
1430 3286.21 831.745
1431 303.27 5377.05
1432 5377.04 4756.47
1433 5299.84 714.28
1434 1730.73 2194.59
1435 5229.16 207.362
1436 2585.24 3591.64
1437 1736.74 2967.1
1438 2804.3 3040.59
1439 2334.3 4471.17
1440 5251.27 178.541
1441 3994.47 2291.18
1442 1088.07 6283.98
1443 87.9919 6438.52
1444 3614.82 1974.21
1445 593.021 5923.1
1446 6436.4 2411.28
1447 4041.55 338.723
1448 1129.45 1544.34
1449 3731.79 5768.01
1450 4914.45 472.756
1451 6093.85 4713.26
1452 4069.2 2007.34
1453 841.328 5785.51
1454 1431.46 6194.44
1455 6226.14 6136.68
1456 659.866 2854.91
1457 1608.57 61.7983
1458 5139.51 1937.27
1459 2587 4714.43
1460 5365.65 4582.69
1461 1486.34 4041.18
1462 4412.05 5238.81
1463 5599.47 2184.65
1464 2710.57 3409.89
1465 6140.89 2634.39
1466 5997.05 1085.18
1467 4847.56 750.858
1468 1387.72 1210.57
1469 5357.53 1846.21
1470 4881.59 3800.81
1471 3335.07 2193.78
1472 3850.63 5069.72
1473 1219.87 2411.35
1474 1418.04 4935.51
1475 1281.97 2629.67
1476 5427.82 710.499
1477 5012.12 1005.13
1478 6432.5 6466.89
1479 4201.45 5534.15
1480 875.851 3820.06
1481 3939.12 3116.73
1482 6042.09 2173.13
1483 4077.98 4043.93
1484 5653.69 2913.73
1485 3508.5 6025.14
1486 1284.8 1926.27
1487 5368.98 3990.6
1488 206.443 2807.65
1489 2543.77 6471.76
1490 6524.84 5865.37
1491 5695.18 4212.95
1492 1447.31 3583.44
1493 1149.47 5113.8
1494 3245.77 94.9189
1495 1937.77 6043.88
1496 3217.8 1773.16
1497 1329.23 5767.42
1498 6450.6 5532.06
1499 5621.19 190.142
1500 4747.38 3633.93
1501 4896.42 6370.42
1502 2324.43 4281.93
1503 5906.67 4928.95
1504 6127.95 2177.69
1505 2717.42 3780.64
1506 562.807 678.643
1507 5061.48 2097.43
1508 2843.62 6064.32
1509 4992.43 3388.55
1510 5441.18 2930.62
1511 2570.97 4889.74
1512 674.591 6183.1
1513 993.991 3682.05
1514 2016.59 2013
1515 2865.13 5392.89
1516 2475.97 318.71
1517 5316.62 5966.3
1518 1750.55 856.603
1519 6398.28 109.627
1520 728.677 50.922
1521 4908.36 3897.1
1522 1516.31 5944.61
1523 1513.29 1169.88
1524 3915.8 6356.67
1525 3531.57 3706.07
1526 1303.95 1740.93
1527 6009.8 5135.95
1528 1065.35 4336.87
1529 1469.17 4557.82
1530 3858.04 4101.76
1531 1693.16 5101
1532 6531.36 1779.88
1533 1656.31 6477.76
1534 6010.92 1872.01
1535 1315.63 928.518
1536 4975.06 5522.16
1537 4819.19 4472.26
1538 1653.27 2813.06
1539 162.717 1496.48
1540 2968.54 3186.76
1541 1701.74 778.828
1542 5791.5 4817.29
1543 3912.06 230.721
1544 1338.03 3948.13
1545 4404.61 4371.49
1546 2231.02 4124.63
1547 1951.66 2061.87
1548 2687.53 4795.68
1549 1502.38 2194.3
1550 3906.52 6229.8
1551 167.646 5890.83
1552 5823.69 4841.65
1553 4992.33 4918.08
1554 3886.02 4694.66
1555 776.241 5534.4
1556 4682.22 4134.51
1557 2664.54 5238.33
1558 3779.91 3904.41
1559 2886.63 729.379
1560 1184 3689.3
1561 4668.09 1144.7
1562 3642.77 1360
1563 2909.32 977.766
1564 3366.23 5501.21
1565 2573.83 3201.79
1566 5044.33 5631.02
1567 2609.56 4502.14
1568 3789.32 2453.95
1569 5349.27 4509.4
1570 4658.79 5994.46
1571 3032.07 982.595
1572 6424.49 3141.1
1573 106.765 1656.08
1574 4261.81 1329.11
1575 1408.03 311.238
1576 2085.33 4969.51
1577 4940.78 5496.81
1578 1751.95 388.27
1579 2512.19 5299.61
1580 5378.28 2509.26
1581 5309.41 1359
1582 4370.34 5789.62
1583 6376.82 3178.63
1584 5098.8 1824.46
1585 2488.63 5352.36
1586 212.396 5065.02
1587 1703.29 5431.81
1588 4510.87 3328.01
1589 6366.68 2019.16
1590 333.112 343.938
1591 5087.17 4289.12
1592 2373.87 991.939
1593 1055.43 2448.49
1594 3522.18 4822.04
1595 2902.34 2509.57
1596 96.6834 2408.09
1597 4635.38 3455.99
1598 1149.63 940.246
1599 5920.36 3935.26
1600 1019.66 2789.84
1601 3444.54 5679.83
1602 3358.43 2420.07
1603 2446.42 3286.99
1604 3850.65 492.762
1605 2340.3 5378.65
1606 4648.99 5296.72
1607 2631.71 6551.71
1608 1720.32 6551.86
1609 3450.16 4113.73
1610 413.658 5810.19
1611 5106.83 2035.16
1612 5170.27 3579.06
1613 5721.21 3628.83
1614 2920.62 3091.4
1615 4003.42 1562.1
1616 3839.48 4097.75
1617 4032.89 5432.64
1618 3701.71 338.235
1619 3150.83 1163.98
1620 89.5653 931.499
1621 3209.54 1857.68
1622 5020.14 1507.37
1623 84.1576 342.9
1624 3676.37 3780.16
1625 6541.06 6232.27
1626 4488.68 2748.24
1627 5684.63 4797.96
1628 1618.93 1574.28
1629 1615.37 5244.9
1630 3516.29 4435.17
1631 2430.4 3076.47
1632 1557.62 5146.49
1633 6314.43 6261.86
1634 1663.51 1138.31
1635 2811.99 1151.32
1636 1618.16 2402.6
1637 251.232 2840.49
1638 2416.09 1490.91
1639 4386.44 870.405
1640 5670.66 2193.38
1641 1635.21 4679.5
1642 3442.48 937.106
1643 3450.76 3724.16
1644 6337.55 2005.78
1645 5116.52 5455.39
1646 1432.9 2053.72
1647 703.51 5714.77
1648 5847.31 4195.54
1649 1395.03 6477.6
1650 4444.88 1703.24
1651 326.428 2649.83
1652 4116.62 4444.04
1653 4695.59 1127.45
1654 5637.1 4250.63
1655 915.643 333.672
1656 1542.67 4414.35
1657 770.427 3157.24
1658 6180.05 3683.04
1659 6117.86 3370.55
1660 3835.67 1148.55
1661 1211.84 1646.15
1662 5376.85 3260.07
1663 4260.63 2280.7
1664 2423.94 6365.85
1665 5369.29 3113.09
1666 4967.02 335.532
1667 2583.96 5078.45
1668 3483.88 239.155
1669 3704.94 5492.57
1670 2516.75 5942.23
1671 2457.13 4386.56
1672 2990.55 4044.9
1673 692.82 4507.01
1674 4004.75 3848.29
1675 4474.36 4484.75
1676 5067.69 923.709
1677 1751.92 3.14273
1678 5178.4 5476.42
1679 5484.41 2143.5
1680 3379.46 610.269
1681 5501.06 375.599
1682 6409.09 3895.32
1683 3394.85 1939.07
1684 4169.55 4830.16
1685 3093.26 3934.13
1686 4016.43 176.279
1687 1778.21 5543.21
1688 1020.56 1865.1
1689 2811.33 2419.58
1690 5011.75 4847.5
1691 3116.13 3680.17
1692 3985.33 5070.07
1693 6338.19 3682.53
1694 61.4696 5685.74
1695 4565.33 611.555
1696 96.717 6087.28
1697 2194.69 3975.73
1698 3521.32 5352.91
1699 4685.43 1720.03
1700 5279.1 6295.53
1701 2939.97 5226.84
1702 3514.6 1397.14
1703 5764.78 5230.37
1704 4394.05 282.221
1705 143.773 726.124
1706 3888.94 1456.94
1707 3202.65 34.5207
1708 1726.68 472.113
1709 2270.29 2941.07
1710 307.636 4251.66
1711 4988.01 4627.49
1712 2880.51 5442.11
1713 1206.76 788.675
1714 5425.03 1221.87
1715 5489.31 2706.31
1716 4347.22 6392.87
1717 4379.82 278.603
1718 867.809 1470.62
1719 6016.14 807.624
1720 4078.82 4953.56
1721 4441.8 964.453
1722 6069.09 5163.17
1723 5876.51 2934.85
1724 4545.25 98.2751
1725 5084.35 2867.69
1726 1366.35 2621.32
1727 1273.48 3792.02
1728 5991.53 2918.15
1729 1885.27 4000.36
1730 4920.15 4140.67
1731 998.925 1823.74
1732 1806.4 928.501
1733 122.815 1452.49
1734 5793.27 1801.77
1735 603.499 4968.49
1736 362.272 2134.47
1737 228.811 3167.51
1738 4389.34 4914.17
1739 4650.26 3020.5
1740 1305.87 4936.83
1741 3860.22 1316.17
1742 1778.24 2326.08
1743 5764.62 296.406
1744 3101.18 1800.96
1745 4801.26 3370.15
1746 2845.37 3915.74
1747 585.494 490.109
1748 6334.43 1545.64
1749 4917.98 6386.33
1750 4837.09 835.48
1751 1524.03 2589.53
1752 4933.11 5745.93
1753 5547.51 5204.64
1754 4125.03 1235.48
1755 6250.21 4820
1756 2320.56 1116.56
1757 5489.35 2330.73
1758 277.897 4350.14
1759 2788.77 4723.16
1760 1332.46 1763.54
1761 2872.71 247.037
1762 5693.97 996.025
1763 2196.56 723.164
1764 4922.47 2089.19
1765 3670.25 3595.39
1766 5716.41 5919.72
1767 2783.68 4643.63
1768 987.36 4249.79
1769 4630.32 4727.6
1770 6382.41 6434.31
1771 247.475 4611.81
1772 5765.97 510.614
1773 4257.22 2860.37
1774 4576.9 213.036
1775 2125.88 5512.74
1776 2138.84 521.2
1777 1994.09 6355.32
1778 4538.94 6151.67
1779 3367.85 5519.64
1780 3569.89 4336.09
1781 837.023 5722.47
1782 1894.61 2385.28
1783 3116.59 1195.63
1784 5768.16 5269.31
1785 5495.3 369.599
1786 1488.01 808.281
1787 5304.12 3239.98
1788 1287.49 4214.38
1789 2891.3 5120.97
1790 3392.59 6007.27
1791 5601.15 1192.52
1792 2386.31 1260.94
1793 748.095 2300.96
1794 65.8105 6104.47
1795 3699.39 3701.19
1796 5615.31 2915.15
1797 6341.94 5541.75
1798 5775.92 922.512
1799 6424.07 2786.37
1800 5216.72 4047.88
1801 2829.1 693.065
1802 4787.87 3014.57
1803 4751.08 2490.35
1804 2541.24 4146.9
1805 6060.03 2690.01
1806 6223.03 1907.4
1807 4636.66 5894.43
1808 1316.81 3559.22
1809 3743.44 5401.92
1810 4017.98 1875.92
1811 1829.26 2731.86
1812 5856.29 4413.44
1813 1969.15 3147.73
1814 2019.79 2770.12
1815 3884.26 4561.98
1816 9.13341 1433.81
1817 1270.3 2116.76
1818 4229.89 1715.27
1819 6193.13 1330.7
1820 3518.92 1837.54
1821 5792.05 5710.29
1822 852.469 195.276
1823 6125.11 1988.71
1824 994.91 5515.85
1825 4760.31 1064.47
1826 1245.43 1377.07
1827 3420.08 37.2806
1828 725.633 3570.34
1829 6237.06 269.339
1830 5493.61 2502.53
1831 1836.14 1871.99
1832 4539.17 2518.29
1833 4840.05 661.621
1834 5715.71 428.23
1835 5128.26 4352.85
1836 6305.13 5352.38
1837 4107.25 3705.3
1838 3627.32 2800.16
1839 4412.41 2868.11
1840 5779.13 3624.45
1841 1646.35 3005.09
1842 4641.32 5845.89
1843 1198.6 5036.43
1844 1343.92 414.253
1845 2866.32 6519.69
1846 102.589 1614.26
1847 5894.99 5463.24
1848 4075.51 2834.05
1849 6509.77 5427.28
1850 71.8064 5520.37
1851 5807.69 3611.07
1852 4796.06 1815.55
1853 3343.56 1000.41
1854 2749.06 6127.47
1855 5270.31 6079.77
1856 6155.86 1020.12
1857 1022.72 1650.63
1858 5828.98 1647.27
1859 1989.52 2504.13
1860 120.854 3634.65
1861 6251.77 3926.58
1862 4296.73 2553.11
1863 2331.48 4622.83
1864 1904.77 3791.66
1865 6483.95 1432.16
1866 5498.19 156.179
1867 2288.52 1504.13
1868 4675.71 5066.91
1869 6517.4 600.138
1870 661.294 994.835
1871 1126.75 2210.85
1872 5408.1 6334.88
1873 5235.86 3476.02
1874 2928.04 357.204
1875 309.522 2030.4
1876 836.899 2720.67
1877 4943.26 1831.47
1878 1121.48 1051.1
1879 2906.33 347.185
1880 2246.03 2796.28
1881 4952.55 4974.35
1882 6289.61 5764.02
1883 5483.65 4638.47
1884 2133.03 2435.87
1885 5970.41 2870.98
1886 4767.94 5125.38
1887 2300.75 2192.54
1888 1506.41 2412.49
1889 6214.4 5767.29
1890 4210.64 170.038
1891 5758.91 550.741
1892 724.094 2519.22
1893 1545.48 374.286
1894 1237.41 2596.44
1895 4342.08 4467.22
1896 1669.32 4478.77
1897 2605.62 2078.14
1898 4349.58 3338.18
1899 5811.58 162.87
1900 4987.02 161.294
1901 1069.33 2729.32
1902 1504.57 2606.14
1903 2814.81 6483.04
1904 3425.82 5920.86
1905 5267.16 4922.31
1906 1680.46 1488.84
1907 5440.44 6516.07
1908 807.045 2597.09
1909 5428.31 5211.14
1910 4208.83 1971.31
1911 2006.5 5409.46
1912 301.338 5696.96
1913 2799.91 123.901
1914 4603.33 5219.41
1915 5492.54 6160.55
1916 4042.76 3422.15
1917 6412.4 159.198
1918 6120.54 417.865
1919 257.138 1180.94
1920 3512.41 334.186
1921 2428.55 5314.59
1922 5822.51 1191.62
1923 5107.03 6376.24
1924 4188.76 4759.4
1925 3799.74 1569.87
1926 6352.66 6436.26
1927 1823.75 5488.47
1928 3808.44 1231.75
1929 3653.88 269.099
1930 3917.67 4885.55
1931 5925.65 6182.98
1932 4247.33 4016.93
1933 5258.55 3631.65
1934 1447.48 485.146
1935 758.778 4460.15
1936 6371.78 3079.79
1937 5902.09 5273.31
1938 2655.79 2311.3
1939 6548.5 2353.69
1940 2797.73 4428.11
1941 4071.47 4955.74
1942 769.61 5997.57
1943 5895.46 2366.87
1944 2698.69 5813.15
1945 485.775 227.124
1946 4270.6 1380.73
1947 333.616 3541.15
1948 142.842 6062.33
1949 3070.35 3396.69
1950 4029.67 4020.84
1951 1966.88 2276.73
1952 4519.86 604.288
1953 3939.97 3016.77
1954 5442.34 4742.65
1955 3451.98 79.5359
1956 555.397 1268.04
1957 6349.78 112.684
1958 4821.82 5164.27
1959 4403.85 644.461
1960 1180.33 5705.48
1961 4881.44 5145.91
1962 2926.31 2220.21
1963 2373.4 3989.06
1964 3909.78 5276.92
1965 4658.01 467.599
1966 5619.95 3373.97
1967 2355.89 321.602
1968 1540.44 344.231
1969 4320.97 5056.4
1970 1975.16 5717.63
1971 2982.51 6273.26
1972 4838.76 406.798
1973 2812.67 5442.68
1974 5763.62 1149.09
1975 2925.7 981.698
1976 842.39 144.976
1977 3131.38 4245.57
1978 2489.26 4637.15
1979 1214.67 3585.93
1980 1450.93 4839.52
1981 465.332 6370.88
1982 4372.3 3789.17
1983 5386.37 4570.05
1984 110.452 1330.38
1985 6083.29 4081.48
1986 52.0856 6274.03
1987 3376.03 467.22
1988 3749.71 3037.97
1989 4697.7 1849.43
1990 1613.6 2188.64
1991 2335.43 3737.91
1992 1579.04 5260.33
1993 4998.62 432.434
1994 6547.24 6203.33
1995 465.127 111.178
1996 158.748 4746.75
1997 6340.52 3942.31
1998 5481.94 3676.67
1999 4095.37 257.388
2000 5375.78 5497.85
2001 5492.31 5270.49
2002 5646.34 6064.34
2003 4138.9 4578.72
2004 3703.74 4062.56
2005 5480.12 4725.02
2006 4173.67 2795.34
2007 5679.38 1572.92
2008 2127.48 4651.14
2009 2048.9 3443.45
2010 5523.33 5859.88
2011 2834.14 6439.97
2012 6529.45 5021.64
2013 6378.61 383.188
2014 2886.05 4307.11
2015 5815.5 5809.12
2016 3097.47 2151.99
2017 3519.27 2148.46
2018 4121.1 1302.22
2019 2739.31 3117.16
2020 2282.13 5703.24
2021 1583.13 3575.7
2022 2569.27 4367.81
2023 2390.56 1914.29
2024 4735.26 1982.05
2025 4528.59 5618.23
2026 2044.32 2227.62
2027 3176.46 2420.83
2028 3581.94 3258.27
2029 1019.91 1774.22
2030 6445.86 5988.5
2031 6526.3 2226.66
2032 2795.12 5777.92
2033 2724.7 2129.1
2034 356.638 1359.97
2035 6455.53 3946.42
2036 333.187 163.182
2037 6118.9 242.987
2038 6009.33 762.086
2039 1196.19 1501.73
2040 189.487 5506.9
2041 949.925 2203.87
2042 4529.6 4726.99
2043 3550.51 1234.02
2044 2624.08 4087.48
2045 12.9545 4003.71
2046 1680.14 1520.84
2047 52.1557 2846.44
2048 4503.02 4445.44
2049 1626.06 2565.54
2050 2371.04 3645.91
2051 1854.49 2055.29
2052 5878.37 908.633
2053 2135.71 4401.57
2054 1557.74 2967.15
2055 2199.71 4757.91
2056 4459.68 4562.62
2057 2167.53 1424.96
2058 2573.98 3123.72
2059 399.454 6287.76
2060 3675.61 4769.81
2061 1534.62 2551.41
2062 4422.86 2229.28
2063 5214.38 4989.3
2064 6485.98 1077.99
2065 6133.03 1501.04
2066 2577.38 2297.11
2067 6092.9 4943.1
2068 5059.22 3448.74
2069 1472.45 1875.59
2070 1534.54 3912.51
2071 2249.58 5455.74
2072 496.666 430.276
2073 6142.93 4751.64
2074 2391.32 2001.47
2075 4552.3 5934.39
2076 1920.78 1864.66
2077 1201.05 6547.04
2078 2094.83 3055.22
2079 4568.57 112.049
2080 4595.43 3319.36
2081 4118.95 5177.45
2082 6485.33 6336.46
2083 242.695 4428.9
2084 46.3739 4057.3
2085 1930.5 4950.09
2086 3389.16 3461.19
2087 2099.14 3350.2
2088 4871.48 1209.42
2089 4307.67 1085.12
2090 856.506 6440.32
2091 3471.59 3995.14
2092 3180.93 4229.69
2093 3705.73 6440.76
2094 1904.25 2237.06
2095 4800.89 1366.64
2096 759.911 1193.34
2097 646.871 5486.02
2098 3950.74 6228.12
2099 5767.46 746.295
2100 3343.3 2227.85
2101 4446.3 6156.29
2102 5027.79 2862.52
2103 1432.59 6249.47
2104 4165.29 5558.47
2105 6348.21 4358.96
2106 156.047 4575.54
2107 2782.74 1116.69
2108 4156.39 1924.31
2109 1772.62 1170.92
2110 3422.74 269.778
2111 3565.39 4579.27
2112 3390.65 6150.2
2113 5207.31 6264.15
2114 4082.81 4624.04
2115 3365.27 116.527
2116 1172.28 523.686
2117 2602.16 3819.69
2118 5217.24 76.1583
2119 6164.9 6.09402
2120 1978.13 6124.47
2121 6500.14 478.916
2122 1471.01 6377.84
2123 4315.84 3213.11
2124 2717.05 4264.22
2125 5302.52 5639.32
2126 740.475 4155.83
2127 3343.36 3627.23
2128 5291.01 1432.26
2129 5909.15 682.895
2130 5330 5674.52
2131 2826.57 1623.62
2132 4594.36 1667.23
2133 5254.91 3854.44
2134 1962.04 1169.17
2135 1226.79 5098.55
2136 1125.49 4027.04
2137 4509.96 2534.35
2138 4386.74 3135.07
2139 6053.34 3625.21
2140 3835.41 234.719
2141 1740.61 5189.07
2142 1584.02 4378.87
2143 1290.5 5896.14
2144 389.184 2526.29
2145 5277.52 1552.79
2146 4231.73 4511.95
2147 1168.18 420.409
2148 6288.15 528.848
2149 1159.31 5888.28
2150 2677.92 2023.19
2151 3803.68 2475.6
2152 5687.42 55.7552
2153 1960.37 3248.5
2154 207.941 4648.19
2155 187.548 3337.19
2156 2864.38 5028.04
2157 5454.76 3868.6
2158 5742.77 5517.29
2159 6513.41 543.594
2160 4701.39 5119.24
2161 5010.32 6255.39
2162 1737.76 1979.96
2163 2822.77 2279.22
2164 2.46242 2257.13
2165 1250.96 6148.34
2166 3193.65 4247.07
2167 1570.51 5763.71
2168 704.519 4588.68
2169 61.9551 987.012
2170 2689.51 1373.09
2171 4163.43 1935.31
2172 2134.29 5797.89
2173 5557.05 1135.62
2174 4793.76 758.156
2175 546.891 6168.48
2176 5350.73 1790.02
2177 2405.52 3544.65
2178 4244.45 2240
2179 2935.32 2238.91
2180 2976.96 1260.04
2181 6316.63 1153.41
2182 2027.53 62.2287
2183 4734.11 2150.16
2184 2269.81 1559.22
2185 6385.14 6317.09
2186 3437.25 6258.76
2187 4893.1 5047.77
2188 2634.95 1355.34
2189 5367.18 1566.75
2190 3485.39 848.472
2191 2145.48 1488.47
2192 3043.87 5147.8
2193 6019.65 1306.12
2194 6106.51 1487.73
2195 5011.16 5519.51
2196 1085.74 5843.37
2197 5789.07 298.296
2198 3454.37 3859.16
2199 5634.06 6089.38
2200 251.621 1796.95
2201 2637.88 6209.42
2202 1865.7 2013.26
2203 5040.09 3279.02
2204 1135.55 1287.97
2205 6342.86 544.049
2206 4148.75 6311.63
2207 1574.57 6166
2208 4232.3 5102.82
2209 484.857 347.646
2210 5876.55 3777.2
2211 6222.11 1124.82
2212 3260.26 546.82
2213 2506.29 3525.39
2214 1892.46 4854.21
2215 6206.96 552.34
2216 2351.03 6417.28
2217 4871.81 2829.01
2218 4182.08 1982.4
2219 1483.5 4927.71
2220 798.61 2888.24
2221 2752.23 803.282
2222 1712.14 1040.14
2223 3034.52 4357.6
2224 1188.38 449.179
2225 604.821 6049.61
2226 6320.4 2384.94
2227 3604.1 1999.73
2228 991.308 3444.14
2229 2270.93 122.539
2230 6135.92 861.272
2231 1306.64 1082.17
2232 4543.5 494.264
2233 5547.77 5126.8
2234 998.446 4004.23
2235 2857.23 2092.15
2236 2876.97 138.415
2237 4556.81 2371.66
2238 3943.12 5641.43
2239 781.254 6253.01
2240 2725.89 1569.05
2241 6069.13 6132.32
2242 4011.77 6014.03
2243 3500.98 2482.17
2244 6162.89 3417.6
2245 6513.86 777.49
2246 5994.86 1881.36
2247 4452.09 1510.39
2248 6472.93 1694.47
2249 1561.54 5309.62
2250 6220.5 5869.42
2251 5684.93 6189.48
2252 685.468 3668.6
2253 2818.9 5193.26
2254 792.619 490.542
2255 772.638 5614.03
2256 377.296 4723.27
2257 1795.67 2679.19
2258 3252.42 2063.67
2259 3543.89 4192.99
2260 4535.12 4808.85
2261 5522.24 3514.13
2262 5360.95 1921.23
2263 5387.9 1149.9
2264 1778.15 1771.53
2265 5051.64 6459.95
2266 1048.09 4232.04
2267 4236.28 3551.99
2268 5175.46 2009.03
2269 3572.14 4035.23
2270 4532.39 5723.8
2271 1153.3 2963.11
2272 3344 592.696
2273 1762.41 5414.04
2274 5280.73 1482.18
2275 2576 4875.69
2276 6541.04 4635.05
2277 990.582 1739.71
2278 2648.47 1282.31
2279 1880.33 4239.23
2280 1878.23 75.3112
2281 1930.06 2406.72
2282 5113.59 601.431
2283 6290.94 4361.98
2284 2139.41 5135.72
2285 283.358 1906.98
2286 42.523 770.613
2287 3643.32 482.659
2288 966.575 2047.29
2289 5036.5 2745
2290 1937.45 1669.84
2291 5406.26 1708.47
2292 4637.9 944.465
2293 1318.82 5950.6
2294 5097.53 2778.07
2295 2109.66 3503.53
2296 450.002 83.5487
2297 1867.36 1924.49
2298 1421.87 1950.37
2299 4585.04 4041.69
2300 1229.82 2485.69
2301 5580.11 5901.13
2302 3581.06 5424.93
2303 3581.23 4113.55
2304 5460.53 719.834
2305 5913.83 2798.66
2306 2100.06 3432.03
2307 83.4958 1489.03
2308 5818.25 3933.23
2309 5391.44 5451.96
2310 5013.72 4104.93
2311 2750.7 5945.77
2312 2763.4 2953.84
2313 5787.53 3235.17
2314 775.851 194.729
2315 4941.2 255.294
2316 3653.2 4733.96
2317 3306.88 3089.01
2318 2262.84 299.095
2319 6318.63 5115.74
2320 2257.87 1967.23
2321 6434.13 1341.43
2322 588.524 2022.67
2323 2223.78 860.746
2324 3615.23 3817.38
2325 2094.76 3981.36
2326 4949.05 2891.59
2327 2269.17 3697.26
2328 3538.51 826.919
2329 3803.69 6256.56
2330 3829.1 5783.87
2331 2769.37 4877.79
2332 870.45 2629.79
2333 4430.29 5391.52
2334 3004.52 5473.66
2335 135.881 890.716
2336 2515.39 6103.18
2337 6066.52 3681.22
2338 5357.97 760.269
2339 750.008 3324.3
2340 5086.92 3016.23
2341 1036.75 5192.77
2342 6294.07 31.7093
2343 658.086 5967.53
2344 6381.62 5137.87
2345 2575.76 5887.5
2346 1708.46 1206.28
2347 4222.89 1433.28
2348 1136.95 4098.63
2349 5929.71 4677.11
2350 5151.77 6047.17
2351 770.06 5566.52
2352 6473.54 2015.62
2353 5513.2 3904.64
2354 1109.03 422.262
2355 2135.51 3573.11
2356 4897.33 4295.88
2357 2153.72 5359.97
2358 1042.77 353.373
2359 130.284 4622.72
2360 778.175 6351.48
2361 2714.73 1864.57
2362 416.772 6187.2
2363 5779.05 1419.13
2364 3596.42 327.167
2365 3430.97 3539.54
2366 926.14 1087.42
2367 2066.83 3414.64
2368 6469.03 5682
2369 1412.05 2069.74
2370 498.884 2606.22
2371 5427.91 4566.93
2372 4390.69 928.191
2373 1234.15 2714.83
2374 5502.43 3669.38
2375 4342.95 108.062
2376 3441.55 212.854
2377 5777.95 4070.45
2378 5334.37 6343.15
2379 3927.65 4568.9
2380 2645.03 5941.95
2381 5977.49 3087.24
2382 5158.76 6026.91
2383 484.083 3525.7
2384 4597.88 2600.27
2385 3854.49 2555.84
2386 4908.27 5928.05
2387 3606.11 3795.03
2388 5613.57 3796.61
2389 3637.98 4389.9
2390 5198.66 609.236
2391 2576.31 2631.72
2392 4737.93 2006.73
2393 3249.09 4700.37
2394 2638.67 5868.7
2395 518.708 2508.2
2396 4072.11 4314.58
2397 5577.59 1864.54
2398 6328.5 4170.8
2399 1878.44 2033.8
2400 1089.28 889.986
2401 4444.71 5694.4
2402 3927.03 3772.7
2403 35.4314 5199.23
2404 116.729 494.399
2405 331.897 1029.08
2406 2891.21 4943.4
2407 4628.17 3708.76
2408 2367.98 1900.42
2409 1122.69 4795.34
2410 171.222 275.031
2411 1070.12 5997.13
2412 1025.22 4786.38
2413 1426.96 2348.24
2414 2742.45 3585.81
2415 5978.07 291.463
2416 760.434 5484.06
2417 4740.48 2186.7
2418 1433.53 4648.1
2419 1254.77 1108.78
2420 534.688 3644.81
2421 3904.24 5706.84
2422 3544.53 2439.91
2423 4507.17 1353.72
2424 3322.1 66.2435
2425 601.427 5743.37
2426 1318.95 6515.64
2427 1783.8 5660.04
2428 530.391 4031.15
2429 2576.45 6173.49
2430 598.131 2517.78
2431 994.982 2655.2
2432 1558.49 2843.49
2433 1583.92 1128.19
2434 1982.35 6029.28
2435 4363.68 3260.05
2436 686.665 2185.7
2437 6280.76 755.164
2438 4754.56 60.1256
2439 3089.2 3050.99
2440 3528.85 5742.8
2441 3858.03 12.9381
2442 728.733 5040.94
2443 2509.82 4356.72
2444 2983.88 5165.75
2445 3470.83 3102.62
2446 6090.29 4896.09
2447 182.025 1233.35
2448 4520.44 1240.92
2449 5113.86 5723.99
2450 4942.43 6427.1
2451 3130.68 51.3704
2452 2853.53 4058.2
2453 421.485 1502.46
2454 4727.79 1844.12
2455 2861.48 3782.22
2456 2009.36 3224.51
2457 588.632 497.427
2458 4310.69 39.4853
2459 6036.43 4541.83
2460 380.836 1865.9
2461 509.402 5880.6
2462 4524.29 1027.58
2463 4724.28 4919.16
2464 2457.12 166.583
2465 5148.59 1477.52
2466 6284.27 6080.86
2467 1198.49 6169.97
2468 358.853 398.607
2469 1230.79 2922.51
2470 5286.62 2509.79
2471 4846.42 4875.66
2472 3398.07 1771.78
2473 6182.23 4979.56
2474 3886.06 2429
2475 3470.05 1871.63
2476 6177.21 4806.24
2477 1050.31 4671.17
2478 3463.84 5903.64
2479 62.975 5596.76
2480 1650.02 5252.33
2481 6321.75 2744.84
2482 4035.32 1295.46
2483 1136.56 1595.01
2484 3341.03 3903.49
2485 468.114 872.468
2486 3732.85 348.979
2487 4460.98 645.401
2488 1678.05 3214.59
2489 4511.35 2067.3
2490 2294.24 3411.61
2491 3504.16 166.568
2492 779.716 3192.65
2493 4564.38 2034.72
2494 2243.67 5214.05
2495 6083.22 6093.43
2496 4063.44 6429.74
2497 4136.65 888.854
2498 2410.47 5986.08
2499 6081.29 1191.64
2500 6539.24 5186.85
2501 1806.18 2905.95
2502 997.682 2370.69
2503 6336.47 1500.22
2504 3081.58 2025.61
2505 3862.43 889.836
2506 4863.72 1524.68
2507 1056.77 1697.88
2508 3933.18 1853.68
2509 5582.81 6433.04
2510 4543.92 3961.73
2511 1746.44 2326.22
2512 3352.39 4976.32
2513 2831.36 6262.36
2514 4888.71 3466.36
2515 1895.86 5029.36
2516 3977.96 1010.1
2517 5933.98 2149.09
2518 4963.59 4872.46
2519 5881.01 604.681
2520 485.353 1545.41
2521 3368.59 5522.6
2522 5722.04 1454.34
2523 3145.45 4306.72
2524 599.201 6035.06
2525 5527.1 3927.81
2526 126.66 3309.65
2527 1808.91 1451.8
2528 3077.72 4035.93
2529 993.544 1366.45
2530 3556.93 1789.25
2531 3069.6 4595.29
2532 1337.18 3978.74
2533 101.299 5174.18
2534 3114.01 597.186
2535 4615.98 5594.5
2536 3195.1 2483.64
2537 4460.44 2207.37
2538 5536.7 1184.39
2539 1372.07 6185.21
2540 4974.68 576.71
2541 5764.37 5626.16
2542 6195.19 5700.51
2543 6514.55 5682.52
2544 3507.77 3027.42
2545 6440.06 3104.53
2546 2424.25 1811.39
2547 4615.23 478.32
2548 1258.06 4224.58
2549 2312.32 4083.11
2550 3379.49 284.921
2551 4952.94 4827.14
2552 2300.86 4120.06
2553 4910.47 5035.29
2554 3557.03 2675.09
2555 6091.07 6084.47
2556 2038.46 4909.53
2557 2134.4 4573.09
2558 5175.18 5622.2
2559 2015.91 2326.82
2560 1798.9 5606.04
2561 3574.35 5442.39
2562 5590.88 6266.05
2563 5678.92 3415.33
2564 3019.7 795.694
2565 5180.53 4732.87
2566 2620.22 3461.5
2567 975.692 960.068
2568 2512.72 594.836
2569 6034.45 2702.47
2570 4899.02 6533.04
2571 2112.09 1035.24
2572 5179.45 3788.95
2573 894.453 4180.9
2574 1759.45 2757.64
2575 2260.17 2014.52
2576 6039.6 572.539
2577 1727.63 3420.17
2578 1333.46 6519.33
2579 241.714 3102.7
2580 2901.73 3891.4
2581 4706.19 4637.4
2582 1989.17 1739.24
2583 6510.3 3586.84
2584 1005.12 3271.29
2585 3962.77 2689.45
2586 409.821 3603.62
2587 4161.89 4722.05
2588 1669.6 5315.91
2589 5997.3 415.356
2590 1206.78 3530.9
2591 3277.14 2322.52
2592 5496.74 4566.94
2593 1852.15 3891.17
2594 14.5967 3243.41
2595 5833.99 1193.56
2596 1644.48 1390.58
2597 4290.97 4458.86
2598 4076.21 5639.01
2599 5188.55 1959.17
2600 1401.1 5548.67
2601 5746.44 3529.04
2602 2715.27 3766.78
2603 2579.06 3843.33
2604 5164.77 44.2211
2605 3575.63 3544.76
2606 3392.19 5359.03
2607 2590.47 1838.44
2608 1678.7 5931.08
2609 3447.96 4824.39
2610 4338.07 2490.69
2611 2886.2 1294.05
2612 5605.62 4811.21
2613 623.396 4717.52
2614 1405.72 3018.67
2615 2441.5 4620.04
2616 5441.89 1718.84
2617 1920.25 4406.92
2618 2654.32 4046.78
2619 133.168 2724.53
2620 2416.68 5916.69
2621 5710.98 3693.63
2622 1032.75 5679.53
2623 3732.79 4904.86
2624 1403.8 486.816
2625 6442.55 332.603
2626 5607.83 4749.22
2627 4589.27 38.5778
2628 5516.95 3085.22
2629 6418.28 3941.86
2630 662.522 31.6775
2631 381.632 1041.39
2632 4417.8 2593.59
2633 1493.85 437.385
2634 2484.99 1272.73
2635 3047.52 5698.45
2636 2200.34 81.2274
2637 3651.11 286.458
2638 1952.79 5600.32
2639 1889.07 3220.12
2640 4668.76 51.5462
2641 1514.39 3326
2642 4447.41 2892.56
2643 3560.47 3783.13
2644 4989.24 1059.6
2645 2750.6 1536.02
2646 3946.15 975.216
2647 6007.77 4329.98
2648 6370.67 4991.28
2649 3328.14 972.905
2650 1277.15 1931.52
2651 363.162 4130.83
2652 1926.17 2003.42
2653 2429.27 5389.11
2654 4491.9 951.42
2655 1819.54 745.581
2656 2224.01 578.836
2657 2656.02 1020.1
2658 1677.98 5012.85
2659 1379.62 5686.32
2660 2351.65 4973.17
2661 6163.06 1262.28
2662 4458.68 4510.78
2663 4373.36 5325.71
2664 5493.91 1031.72
2665 4693.48 4749.43
2666 1722.87 5432.97
2667 4269.98 6293.33
2668 2870.42 5027.37
2669 4036.73 2292.46
2670 3086.7 5617.79
2671 5567.62 2917.76
2672 4449.44 5388.83
2673 2882.26 4009.57
2674 4252.5 3702.43
2675 4716.96 3795.94
2676 2614.26 2260.58
2677 4107.11 732.186
2678 2543.92 5006.72
2679 5450.47 75.0824
2680 1241.11 553.734
2681 1610.78 5183.18
2682 6434.55 6145.8
2683 1097.58 4133.62
2684 2435.15 5136.31
2685 1691.16 1219.53
2686 1429.07 5233.39
2687 3202.75 1959.38
2688 5502.35 5593.94
2689 1264.05 3201.29
2690 2738.81 5723.89
2691 2806.28 3802.97
2692 2044.52 3646.12
2693 293.075 2172.19
2694 569.674 3478.65
2695 1103.58 4592.29
2696 2731.35 1206.8
2697 3681.45 2862.64
2698 6264.14 5619.98
2699 1053.49 4574.79
2700 6477.48 5754.66
2701 2723 4703
2702 6440.7 82.8428
2703 1634.63 1963.61
2704 5687.81 3947.5
2705 1835.74 5448.57
2706 1745.29 1232.53
2707 5343.04 5100.15
2708 6383.84 4297.42
2709 4600.38 990.501
2710 4286.12 2508.53
2711 821.053 34.8725
2712 4330.34 5380.81
2713 3350.57 126.438
2714 1257.98 6016.92
2715 1655.93 5537.69
2716 5740.22 5591.39
2717 1395.43 2864.59
2718 4140.91 2183.72
2719 2890.99 3921.42
2720 6174.36 2376.16
2721 5188.59 1629.23
2722 142.242 5382.22
2723 121.821 2468.37
2724 330.129 2447.75
2725 2770.99 4652.26
2726 6266.22 5179.25
2727 5929.07 4011.97
2728 4625.18 1365.22
2729 644.846 3095.64
2730 146.739 4631.04
2731 2455.15 3522.26
2732 1123.68 3643.6
2733 1988.67 2766.69
2734 5404.42 318.624
2735 4966.14 2399.73
2736 5524.01 1110.53
2737 4727.53 5270.67
2738 3104.54 3851.74
2739 3657.81 4114.68
2740 1029.7 106.568
2741 2327.98 1911.26
2742 3831.65 506.162
2743 1606.71 4067.04
2744 5699.39 3229.07
2745 989.541 670.017
2746 6538.95 5058.45
2747 1418.96 1021.4
2748 5811.49 4472.45
2749 4799.24 4517.19
2750 2224.42 5250.09
2751 5239.34 5385.33
2752 4642.57 4416.7
2753 1238.28 610.318
2754 1099.4 4609.55
2755 5560.09 2636.61
2756 3981.49 1690.74
2757 3835.81 5422.14
2758 1500.02 6017.06
2759 5353.57 2510.46
2760 4103.21 3265.78
2761 3667.5 5660.62
2762 5990.35 5070.8
2763 3941.17 5923.05
2764 5648.29 2601.53
2765 757.725 688.984
2766 5981.4 356.853
2767 681.683 1861.79
2768 3810.7 3622.98
2769 3573.32 4416.22
2770 3065.19 6328.68
2771 4812.4 5279.44
2772 3256.43 1125.89
2773 6297.74 5310.28
2774 1061.05 2665.78
2775 2047.21 659.556
2776 6200.3 1087.98
2777 5446.19 1722.23
2778 2728.93 166.854
2779 1477.6 6544.48
2780 688.877 5523.74
2781 2046.26 4363.69
2782 2109.4 4243.9
2783 1859.04 949.009
2784 5855.43 593.816
2785 1150.53 2368.29
2786 85.4022 4131.53
2787 3970.97 4418.18
2788 5232.22 634.423
2789 825.479 6447.1
2790 230.388 1621.74
2791 6194.26 3089.73
2792 1608.66 5698.12
2793 330.135 5120.71
2794 615.287 3454.32
2795 972.51 4879.66
2796 4380.26 5965.23
2797 1595.94 1446.4
2798 2779.7 3637.14
2799 2013.98 4746.4
2800 4355.39 1901.77
2801 2885.9 2428.23
2802 3787.01 3858.92
2803 2620.65 874.338
2804 5961.5 1472.4
2805 1963.9 5167.6
2806 3746.74 4740.94
2807 4232.39 4806.14
2808 608.508 3833.25
2809 5109.15 4953.49
2810 6186.86 4138.94
2811 5015.49 6272.06
2812 6336.75 5416.79
2813 1372.33 6088.72
2814 5885.7 4045.5
2815 529.332 3808.88
2816 2974.77 5917.64
2817 3481.27 4245.19
2818 4799.34 818.064
2819 4605.99 4378.07
2820 4501.65 1874.15
2821 1825.1 3940.06
2822 5204.84 2561.33
2823 4624.58 3799.76
2824 2378.16 6075.95
2825 3735.16 2089.96
2826 2176.44 4881.75
2827 6239.67 5364.52
2828 3729.66 5591.45
2829 6506.82 53.0875
2830 5542.08 1857.14
2831 2331.01 4537.94
2832 5620.94 2790.27
2833 5353.96 2027.86
2834 4119.83 5499.06
2835 5580.39 166.768
2836 789.272 1445.76
2837 639.774 718.257
2838 5661.36 1971.05
2839 2354.57 1906.58
2840 6546.14 603.071
2841 6487.9 4457.77
2842 4975.47 223.574
2843 5538.75 103.304
2844 1619.27 2953.25
2845 5499.28 745.312
2846 1289.43 455.338
2847 5363.34 811.533
2848 4801.52 1132.71
2849 4348.75 167.931
2850 4166.19 38.9953
2851 4973.21 965.141
2852 3317.48 1153.66
2853 22.3614 339.951
2854 5319 5324.51
2855 5963.11 2243.98
2856 1794.43 4529.41
2857 6468.18 119.326
2858 4984.24 2639.72
2859 6375.65 1654.62
2860 3532.73 3837.99
2861 1830.97 5385.3
2862 1987.62 2503.82
2863 3582.74 3993.14
2864 2058.99 1706.99
2865 5477.96 2379.24
2866 3011.76 1424.5
2867 3186.85 5253.43
2868 4087.54 407.074
2869 703.833 495.862
2870 366.454 1276.5
2871 6165.52 2491.31
2872 3834.03 4642.36
2873 277.392 2883.91
2874 573.757 6180.5
2875 1506.68 2200.68
2876 5215.63 2560.22
2877 6080.12 5350.45
2878 3598.57 4200.87
2879 6496.32 2997.45
2880 4677.29 1009.22
2881 1534.48 1099.84
2882 2847.81 1664.75
2883 6056.22 5404.55
2884 4122.37 5497.65
2885 4175.28 3789.68
2886 4315.26 301.316
2887 6139.21 3630.77
2888 2047 5499.12
2889 5875.47 4839.68
2890 6136.4 6062.93
2891 2398.43 323.728
2892 5930.64 349.167
2893 641.658 5456.06
2894 8.2295 2770.52
2895 4149.93 4064.98
2896 1407.37 51.8434
2897 4292.62 4188.07
2898 2333.31 3539.41
2899 2315.95 3898.29
2900 3849.95 4717.53
2901 287.628 1340.25
2902 1146.54 3806.1
2903 971.588 4073.89
2904 3769.18 1547.72
2905 1085.8 4625.97
2906 4002.64 3241.75
2907 5305.98 5920.35
2908 1654.49 300.195
2909 3765.78 3134.78
2910 3767.66 1639.46
2911 878.141 181.077
2912 371.599 4028.08
2913 4299.82 6128.8
2914 743.428 3497.54
2915 5267.33 3275.8
2916 685.803 2168.3
2917 1496.23 3917.08
2918 3830.36 1721.17
2919 617.244 3011.35
2920 5006.85 1913.12
2921 5103.09 2921.2
2922 2254.98 3607.63
2923 4523.57 3635.62
2924 2849.35 4450.36
2925 4567.57 4106.8
2926 4224.71 2200.86
2927 4748.38 2316.58
2928 4045.88 2418.06
2929 1597.87 4283.38
2930 6067.2 2343.09
2931 2852.43 3227.98
2932 434.96 5583.16
2933 636.071 4366.88
2934 5696.66 2064.95
2935 5525.35 4338.74
2936 6447.24 24.7776
2937 5117.42 4304.56
2938 4153.98 3302.73
2939 5844.21 5312.39
2940 5760.96 2389.27
2941 509.795 6334.97
2942 6516.03 6408.29
2943 1874.6 5989.12
2944 4890.16 3246.99
2945 3981.8 1838.09
2946 1140.1 396.229
2947 3529.37 177.11
2948 1278.47 1903.72
2949 1913.6 693.653
2950 4032.36 3954.49
2951 3951.73 1285.02
2952 5703 3214.74
2953 5336.21 5254.1
2954 5258.34 3216.8
2955 2332.66 4055.5
2956 3467.76 206.026
2957 1681.82 6225.16
2958 4744.86 5046.86
2959 5741.46 6158.2
2960 4244.84 262.464
2961 4515.25 4384.51
2962 1787.01 3712.65
2963 3568.62 6033.16
2964 683.283 2790.86
2965 1614.24 776.619
2966 353.667 4969.09
2967 5513.97 3961.6
2968 6441.06 2584.2
2969 1711.98 6088.73
2970 4126.39 499.952
2971 2144.46 2148.89
2972 2864.67 452.594
2973 2033.24 2664.14
2974 1549.58 3136.63
2975 3162.78 6037.44
2976 3217.53 5114.45
2977 873.651 3612.06
2978 5892.85 6222.09
2979 1611.97 1467.33
2980 1628.27 4661.35
2981 2163.56 4790.67
2982 913.96 2212.04
2983 1443.33 4302.05
2984 5232.69 2976.13
2985 3027.85 5202.3
2986 5127.81 3878.32
2987 2154.35 5953.72
2988 1926.46 4807.54
2989 5229.67 5878.96
2990 4417.8 5269.82
2991 2114.58 2491.25
2992 584.179 1076.34
2993 5175.25 4715.01
2994 784.492 5895.18
2995 5072.6 5255
2996 2138.97 1079.75
2997 570.713 749.704
2998 1124.61 2753.93
2999 4628.39 2827.36
3000 2843.36 284.075
3001 2180.73 1530.22
3002 4021.38 3998.96
3003 4291.54 4921.48
3004 2520.41 2060.19
3005 2233.84 458.564
3006 4648.89 1658.39
3007 4548.05 1284.01
3008 4649.24 1746.07
3009 433.561 2389.38
3010 5764.46 2889.38
3011 2297.3 1777.32
3012 5084.57 4862.13
3013 1029.4 2548.64
3014 353.314 3684.5
3015 6538.72 5712.96
3016 3377.57 3753.41
3017 65.431 2369.85
3018 555.636 1472.33
3019 1071.99 4414.36
3020 942.894 4108.29
3021 2564.68 4732.82
3022 740.048 5314.73
3023 1027.14 3995.24
3024 2012.98 661.697
3025 208.985 1980.74
3026 4160.04 4474.97
3027 6255.82 5809.07
3028 1507.36 6081.59
3029 257.605 3163.87
3030 2588.79 6125.71
3031 1848.78 867.382
3032 5923.88 5631.59
3033 1989.54 4958.46
3034 4680.32 1924.45
3035 3219.43 4596.08
3036 2242.11 2681.98
3037 4328.27 4488.62
3038 5625.26 2201.04
3039 1239.35 739.586
3040 3504.39 3243.89
3041 1672.32 4121.59
3042 2853.03 6221.41
3043 5086 5704.22
3044 5986.18 2095.86
3045 3391.42 1857.42
3046 142.066 6448.49
3047 5991.15 1361.7
3048 3540.18 4569.18
3049 3554.34 2101.97
3050 4690.78 5908.62
3051 902.896 4067.13
3052 3950.45 4157.55
3053 1344.79 3003.13
3054 6295.98 6176.22
3055 3760.89 5179.52
3056 267.754 5553.1
3057 650.288 3302.33
3058 2928.84 690.729
3059 390.855 6199.64
3060 3721.12 5249.57
3061 2317.49 4103.13
3062 1532.07 1306.07
3063 5644.22 1226.18
3064 89.5654 1663
3065 2611.31 2620.87
3066 1481.32 4190.39
3067 1278.93 6371.97
3068 5520.64 5870.88
3069 2950.67 2261.43
3070 270.893 206.368
3071 1082.21 4730.44
3072 2090.74 1291.97
3073 5660.79 4411.59
3074 4757.15 2756.53
3075 3563 506.679
3076 1450.21 1956.61
3077 6532.27 3684.24
3078 1253.49 886.18
3079 1519.91 2731.62
3080 1489.54 835.288
3081 259.775 4782.18
3082 5940.3 6232.56
3083 3507.74 4107.99
3084 2442.65 2267.11
3085 3341.47 3834.26
3086 2588.02 1895.28
3087 6175.96 2367.49
3088 5138.95 3359.3
3089 5178.87 2370.81
3090 1221.01 3322.99
3091 6088.64 5496.34
3092 2415.36 3806.44
3093 1661.02 1170.98
3094 804.357 3040.37
3095 1836.09 5941.71
3096 4860.7 1675.55
3097 1346.64 6294.24
3098 6180.07 4418.37
3099 411.978 1210.26
3100 1582.26 3943.47
3101 4738.68 3857.61
3102 3944.96 5586.64
3103 6381.19 3571.11
3104 2147.63 5227.56
3105 4961.36 5950.75
3106 879.359 3615.72
3107 4270.12 4232.02
3108 1321.37 2097.73
3109 1603.52 4169.7
3110 1584.65 2003.26
3111 4929.05 1983.85
3112 3824.52 1791.67
3113 5353.57 4530.21
3114 148.601 1607.64
3115 6105.36 2233.01
3116 6385.3 3543.81
3117 5956.04 2182.13
3118 2468.4 979.595
3119 1737.25 2144.11
3120 3787.16 1313.45
3121 5942.82 2355.23
3122 1614.88 255.3
3123 101.286 4503.59
3124 4894.1 2036.11
3125 4975.16 6498.59
3126 5594.57 1419.26
3127 4141.72 1198.83
3128 1989.66 6307.68
3129 5918.71 1842.07
3130 5439.68 6126.77
3131 5784.63 71.3271
3132 5694.73 2481.42
3133 2679.18 756.595
3134 1767.02 1425.79
3135 2651.27 79.1305
3136 2210.22 3409.49
3137 5462.31 3606.41
3138 4862.85 4754.74
3139 995.866 4149.43
3140 5855.89 3238.47
3141 5744.96 3101.05
3142 5693.92 4175.98
3143 2582.66 6450.35
3144 167.953 3296.84
3145 2990.59 119.601
3146 1699.94 3051.03
3147 5209.59 58.7897
3148 271.66 6422.21
3149 6533.75 3301.49
3150 3636.23 5757.23
3151 1.46213 1381.22
3152 175.503 1203.35
3153 351.39 4625.54
3154 5874.23 2953.34
3155 4805.36 2309.67
3156 5368.64 2647.63
3157 3369.14 4712.74
3158 2763.35 1672.35
3159 4968.88 2801.91
3160 6477.82 281.251
3161 4538.24 2793.77
3162 4468.39 6187.33
3163 3440.9 6126.09
3164 3750.59 1383.02
3165 5367.69 1011.26
3166 738.512 362.754
3167 5657.98 1491.34
3168 3202.56 6135.17
3169 395.025 5605.61
3170 1982.86 26.7962
3171 536.105 6492.11
3172 2313.05 3182.7
3173 1897.05 343.938
3174 1080.48 2633.11
3175 3100.2 3676.06
3176 4092.16 1947.59
3177 6439.38 5863.31
3178 693.927 2909.95
3179 1588.78 916.873
3180 3748.97 2111.25
3181 489.602 501.241
3182 6395.33 2047.43
3183 1334.22 5564.45
3184 5548.4 5779.65
3185 1364.63 3679.55
3186 3202.97 3538.01
3187 698.93 4200.56
3188 3062.8 2503.35
3189 5848.4 2371.68
3190 2355.35 5041.11
3191 4745.96 1593.51
3192 4202.19 2285.53
3193 6535.42 6274.14
3194 4704.54 1674.46
3195 5214.79 551.006
3196 4933.06 2374.1
3197 3858.13 3408.85
3198 2219.65 3182.18
3199 5841.08 1076.07
3200 3077.12 2500.22
3201 2391.84 5506.96
3202 1690.21 4972.53
3203 4399.6 4368.85
3204 3612.54 1537.44
3205 5403.4 2551.18
3206 4168.76 305.083
3207 6070.99 2250.37
3208 6019.4 5167.03
3209 2876.69 6082.79
3210 1307.69 1870.29
3211 2879.89 829.279
3212 5027.64 5427.51
3213 3981.04 1696.27
3214 253.715 2984.87
3215 802.898 4222.36
3216 1926.93 5431.01
3217 666.524 4610.15
3218 3783.57 1058.73
3219 1912.33 1662.7
3220 6409.08 5600.53
3221 1384.42 4578.77
3222 2126.65 3964.84
3223 4052.97 5484.38
3224 3768.04 3194.61
3225 4317.97 1874.25
3226 3611.45 3417.35
3227 5498.83 5228.59
3228 3643.39 2782.57
3229 5007.93 2737.51
3230 746.442 1072.29
3231 5996.37 560.959
3232 2134.92 1556.57
3233 4861.26 2805.45
3234 4131.79 827.773
3235 4342.09 5304.39
3236 2701.69 5918.81
3237 339.136 3917.04
3238 2004.04 4609.37
3239 3402.76 2600.58
3240 5047.9 285.501
3241 6129.18 2819.72
3242 6443.06 870.306
3243 1802.35 2556.54
3244 2275.83 3357.34
3245 4211.43 5376.52
3246 1236.5 5941.24
3247 2041.48 5459.54
3248 1133.3 6041.22
3249 246.169 5521.75
3250 2231.73 274.203
3251 5664.27 4648.11
3252 5277.02 5289.05
3253 6390.2 2102.84
3254 4391.62 3106.1
3255 2060.49 316.494
3256 1903.56 1669
3257 5929.68 6490.91
3258 1009.64 1414.98
3259 5917.62 637.514
3260 2980.95 6101.8
3261 367.168 3672.94
3262 2650.3 2351.82
3263 3879.49 6258.64
3264 5056.87 5189.45
3265 699.05 1321.68
3266 1059.14 4064.23
3267 5650.58 3466.58
3268 3062.73 4365.68
3269 6278.74 2282.49
3270 3473.8 6012.45
3271 2112.15 3618.47
3272 968.512 1980.96
3273 1008.98 1076.24
3274 3876.33 3145.73
3275 4302.53 6342.3
3276 952.77 4969.22
3277 5537.57 510.815
3278 1789.04 6495.33
3279 2743.3 5775.33
3280 5216.14 1586.87
3281 6213.9 3772.49
3282 2582.29 4166.17
3283 2747.83 721.451
3284 1680.94 5253.4
3285 4675.09 1391.2
3286 2821.19 6240.56
3287 5060.71 132.907
3288 4312.5 4560.47
3289 3332.67 6398.89
3290 1528.04 1142.19
3291 6529.68 1521.09
3292 3181.77 4805.27
3293 1504.31 4837.07
3294 1850.45 5515.85
3295 6290.32 2736.52
3296 1531.31 5307.92
3297 2834.25 3273.45
3298 4861.8 5428.19
3299 5239.84 2856.5
3300 3544.83 5716.84
3301 830.008 3619.91
3302 4476.68 5723.95
3303 5677.41 2414.94
3304 4446.46 4892.93
3305 1105.52 5419.02
3306 1571.39 991.646
3307 639.853 5401.01
3308 625.503 1191.21
3309 5564.55 2308.82
3310 5436.78 3152.03
3311 2192.14 2148.68
3312 1955.66 6367.88
3313 3683.24 2727.86
3314 4202.54 4054.45
3315 6426.48 3352.85
3316 5991.48 270.975
3317 4620.01 6339.51
3318 4201.79 4629.46
3319 4102.52 697.324
3320 5430.05 1651.66
3321 3453.37 1404.96
3322 3610.87 152.689
3323 5738.69 5753.93
3324 6235.79 2653.83
3325 3011.24 3140.51
3326 2640.04 4897.05
3327 6124.45 2591.98
3328 1393.94 322.648
3329 1228.61 5900.82
3330 4393.57 3990.2
3331 1650.98 975.135
3332 6091.02 943.136
3333 5396.66 3234.58
3334 1767.79 2396.18
3335 430.872 1382.74
3336 5673.73 3781.54
3337 5525.8 5474.6
3338 5689.95 3247.12
3339 4064.82 696.756
3340 461.671 3596.81
3341 6497.37 4816.07
3342 5368.56 4781.55
3343 293.483 2671.06
3344 498.532 6476.64
3345 1725.86 1768.77
3346 3468.66 1276.87
3347 566.386 4912.21
3348 3383.3 5607.4
3349 5347.87 631.509
3350 1628.72 3205.18
3351 6541.37 508.104
3352 834.44 2887.77
3353 3170.59 2016.62
3354 6083.02 5776.32
3355 5556.13 2910.69
3356 2486.08 2158.07
3357 5462.57 4620.2
3358 4665.76 45.4591
3359 5821.96 3463.96
3360 4699.07 823.759
3361 5972.88 2341.98
3362 4284.78 653.655
3363 3516.08 5682.7
3364 2530.94 165.101
3365 6107.11 1307.57
3366 1023.58 1338.63
3367 338.83 2633.72
3368 235.645 2976.25
3369 5487.02 368.857
3370 5500.91 3298.37
3371 1966.82 2150.96
3372 4835.24 3873.97
3373 3593.15 3197.43
3374 1187.97 3786.98
3375 3544.14 3613.16
3376 2634.99 5255.35
3377 2583.55 5081.56
3378 1756.45 4506.34
3379 871.782 3599.08
3380 1546.28 991.385
3381 4499.25 3849.37
3382 3833.25 738.071
3383 5022.79 4073.61
3384 968.535 6388.17
3385 1813.93 6320.91
3386 4992.18 4227.79
3387 1456.44 5549.62
3388 3799.7 5376.91
3389 4288.4 6553.63
3390 2779.85 1912.93
3391 3307.17 1905.44
3392 4464.89 4192.01
3393 2786.54 3581.65
3394 1575.34 1356.73
3395 1955.15 3581.53
3396 114.351 2697.75
3397 4792.13 1598.33
3398 4452.02 6267.18
3399 1043.99 3384.35
3400 4284.39 5535.74
3401 104.411 1048.94
3402 1624.04 2285.26
3403 1187.53 5722.46
3404 5562.14 2236.99
3405 457.988 1413.53
3406 6444.44 3579.03
3407 2383.72 3396.73
3408 2246.85 2897.99
3409 419.787 5508.99
3410 2188.68 2113.43
3411 4891.51 6347.04
3412 5212.15 1480.52
3413 2905.98 1087.26
3414 2833.27 4691.24
3415 2699.04 4895.3
3416 2497.27 4954.27
3417 3248.58 2881.52
3418 387.044 1681.25
3419 3582.3 5253.36
3420 5271.78 1324.18
3421 235.455 891.178
3422 1449.88 2052.67
3423 3024.26 5706.3
3424 232.469 3436.83
3425 769.141 1473.41
3426 3911.99 2654.75
3427 4706.63 3200.51
3428 1802.33 6472.93
3429 4858.97 6140.64
3430 3619.88 2846.11
3431 435.116 3617.01
3432 83.3432 6553.31
3433 5731.5 731.937
3434 385.846 3316.7
3435 2723.49 3951.21
3436 1594.82 2136.14
3437 3275.97 3345.28
3438 4321.88 376.33
3439 1734.8 5633.22
3440 3336.05 1450.31
3441 5216.89 1082.27
3442 5909.92 3934.42
3443 643.815 5028.6
3444 161.831 5539.48
3445 2869.62 2543.08
3446 5621.88 1397.28
3447 2961.8 2104.12
3448 1228.28 4559.47
3449 5755.36 1310.72
3450 6299.29 5838.8
3451 6012.55 600.927
3452 217.67 1544.27
3453 3482.28 6361.42
3454 2956.79 3364.9
3455 959.753 3733.24
3456 5678.2 5071.6
3457 5618.37 2308.22
3458 4992.59 6044.86
3459 4672.22 4588.44
3460 1211.6 4133.27
3461 5889.84 1316.3
3462 4666.98 1322.58
3463 2996.8 4828.81
3464 4157.86 677.298
3465 5971.36 2209.53
3466 1726.7 3337.13
3467 2839.92 3415.49
3468 248.596 1866.95
3469 563.225 2681.08
3470 5527.66 859.91
3471 1177.58 5922.13
3472 4177.8 1213.55
3473 224.953 633.87
3474 597.818 624.931
3475 2829.54 4690.63
3476 2525.35 6143.8
3477 6535.85 2285.54
3478 2543.54 1175.32
3479 5942.9 3335.03
3480 2943.2 0.751974
3481 5405.01 258.947
3482 860.338 3491.19
3483 5215.23 6173.14
3484 3963.87 1834.08
3485 3021.33 2959.94
3486 2623.67 630.606
3487 5062.03 1460.87
3488 1264.51 5931.7
3489 807.812 1306.31
3490 2297.81 6434.3
3491 3626 5572.61
3492 2545.16 2393.07
3493 3977.04 2399.3
3494 4776.39 4042.59
3495 4704.48 5439.89
3496 5130.48 1220.14
3497 6212.71 4561.84
3498 4890.33 6411.81
3499 3204.65 78.3817
3500 4720.65 6124.12
3501 4617.48 5434.71
3502 3687.95 3290.7
3503 211.675 1314.28
3504 1141.47 987.94
3505 6377.33 5474.07
3506 4282.01 3648
3507 28.4897 1453.71
3508 2723.58 6096.03
3509 1366.49 4890.35
3510 4090.4 3761.59
3511 1164.86 3160.44
3512 2343.57 669.761
3513 3263.12 597.429
3514 138.196 4742.89
3515 956.694 5785.2
3516 3183.82 1060.11
3517 3332.85 2741.01
3518 63.6093 6278.76
3519 4582.45 1323.48
3520 3165.72 860.779
3521 2911.71 1937.46
3522 2475.53 3962.9
3523 2737.18 1498.87
3524 4987.31 2689.24
3525 6299.2 5096.05
3526 3204.41 6334.76
3527 1175.01 5830.85
3528 2619.91 5519.63
3529 281.86 842.491
3530 5710.08 5763.84
3531 2180.4 4727.6
3532 4622.77 6171.39
3533 798.536 4765.79
3534 4652.02 2532.28
3535 5523.87 2917.59
3536 3677.77 429.577
3537 5288.15 2306.47
3538 2010.85 273.359
3539 3576.41 2562.45
3540 5524.88 3620.56
3541 2560.58 6234.73
3542 6125.96 2564.72
3543 5018.77 3261.61
3544 1493.14 1332.84
3545 1516.6 5602.23
3546 6275.32 4353.24
3547 2197.05 5281.06
3548 3559.5 3093.36
3549 4536.28 6247.14
3550 2232.49 5339.79
3551 1619.94 2098.36
3552 3235.44 6439.61
3553 5792.98 5791.47
3554 22.9535 79.9336
3555 2316.3 4127.75
3556 6522.46 2287.22
3557 5977.6 6396.76
3558 238.094 2314.1
3559 5331.63 5732.13
3560 5974.59 699.525
3561 1902.78 6127.92
3562 2442.89 3923.63
3563 4796.57 5190.64
3564 5958.64 1191.65
3565 4944.06 4086.16
3566 1707.91 5843.52
3567 558.029 2000.79
3568 3512.49 3976.57
3569 3001.87 1074.62
3570 5728.3 4978.31
3571 2169.68 2981.1
3572 2652.17 3724.16
3573 4765.42 676.821
3574 1809.53 252.325
3575 368.898 6463.81
3576 1913.15 3088.2
3577 5366.15 4861.56
3578 2447.66 1887.33
3579 2274.42 2602.59
3580 6374.61 1903.42
3581 6501.76 5254.27
3582 6280.37 4739.95
3583 2619.12 3817.61
3584 394.607 5107.75
3585 3672.34 305.699
3586 5225.48 6239.12
3587 6368.07 6347.3
3588 958.548 3632.77
3589 5081.64 839.874
3590 3194.85 5886.03
3591 3989.31 3360.03
3592 823.997 2727.42
3593 5912.34 4751.04
3594 70.2719 5339.4
3595 3813.22 2988.34
3596 980.732 1359.91
3597 5346.05 2426.49
3598 987.594 4222.42
3599 5858.98 522.752
3600 3103.45 4055.21
3601 6412.96 5055.76
3602 1149.1 5731.76
3603 2626.5 155.257
3604 3487.62 2721.34
3605 506.753 3947.79
3606 1639.97 795.091
3607 2172.3 402.555
3608 3485.6 74.4659
3609 4647.68 6289.06
3610 139.988 4371.37
3611 4555.87 2349.94
3612 4359.23 328.657
3613 1960.86 1935.7
3614 4516.08 5610.57
3615 4690.02 6040.24
3616 3659.1 3612.37
3617 2787.85 339.957
3618 5088.64 5048.5
3619 3069.41 5443.13
3620 3052.12 288.576
3621 2885.27 205.313
3622 4630.69 3933.97
3623 5356.2 543.229
3624 2904.43 3393.83
3625 3214 5234.99
3626 4436.71 2149.58
3627 5506.76 291.508
3628 4904.96 6083.41
3629 2786.44 3621.21
3630 5437.97 3344.3
3631 2149.63 959.754
3632 3523.97 56.8231
3633 2067.8 3991.33
3634 4439.93 642.673
3635 5949.21 4509.91
3636 3120.28 3606.17
3637 5885.61 607.367
3638 3582.95 5106.44
3639 613.569 4110.08
3640 3287.82 5476.9
3641 1947.54 271.906
3642 4845.62 2733.68
3643 609.862 4806.14
3644 6047.56 5326.84
3645 6518.06 3486.87
3646 2028.79 361.206
3647 4018.68 1121.68
3648 5158.14 1005.84
3649 111.851 4484.88
3650 4220.42 2759.86
3651 2967.73 281.668
3652 5805.3 1357.36
3653 84.54 4157.39
3654 5338.24 271.102
3655 550.131 5522.92
3656 6262.29 2980.82
3657 2846.03 5386.92
3658 63.3938 1865.09
3659 5031.4 5181.72
3660 5278.58 2339.41
3661 4128.36 80.814
3662 3020.72 5789.11
3663 3433.45 1997.03
3664 6011.58 331.459
3665 5081.04 5471.63
3666 5165.41 5225.3
3667 6521.51 391.666
3668 927.284 6146.27
3669 5704.9 2519.14
3670 4059.99 339.946
3671 58.5648 3160.87
3672 4187.2 626.493
3673 3635.68 1016.68
3674 217.588 2847.31
3675 1935.62 3479.63
3676 1296.44 4785.81
3677 910.515 6494.12
3678 5418.58 6366.71
3679 5792.62 3531
3680 1021.49 5377.33
3681 2784.87 4525.41
3682 2487.04 5459.46
3683 5467.7 4985.72
3684 4626.33 5096.7
3685 1347.28 4619.49
3686 4875.72 4104.68
3687 1627.14 1902.33
3688 2106.88 4892.63
3689 2934.82 214.421
3690 4370 2961.41
3691 1643.61 2397.35
3692 3668.63 3946.92
3693 5206.65 2271.56
3694 4841.95 48.4665
3695 4599.17 3285.42
3696 4447.01 19.7309
3697 1106.98 1083.24
3698 1590.04 683.951
3699 2320.03 509.794
3700 5148.25 1743.32
3701 5740.79 521.866
3702 6061.54 457.56
3703 4170.79 5589.86
3704 6440.71 2870.26
3705 5559.67 94.943
3706 3786.42 3687.48
3707 3713.91 6507.11
3708 1974.96 2594.91
3709 2041.52 6385.16
3710 2453.13 5868.95
3711 3915.6 6397.43
3712 1145.6 2010.77
3713 5773.35 5312.96
3714 243.676 1479.83
3715 4017.65 3223.63
3716 4157.87 6275.22
3717 6528.68 4353.14
3718 837.519 2863.76
3719 4725.53 2307.26
3720 646.119 3023.08
3721 1051.56 6091.84
3722 5863.76 4907.76
3723 2045.32 5575.21
3724 2839.44 83.8259
3725 3402.63 538.232
3726 2311.76 6198.34
3727 1768.71 6268.14
3728 2178.66 1870.6
3729 934.523 5601.82
3730 6418.87 5423.13
3731 3442.19 4608.98
3732 5743.91 1246.44
3733 3470.12 3676.75
3734 1223.49 3926.49
3735 3069.09 6123.22
3736 4030.48 145.857
3737 5736.67 1872.88
3738 1118.19 5141.81
3739 1644.81 2070.14
3740 1200.06 4919.92
3741 10.2982 4641.45
3742 5851.98 1812.86
3743 2626.71 2325.19
3744 6016.29 5966.56
3745 2192.03 352.784
3746 5516 4474.85
3747 2063.54 842.274
3748 4028.37 5530.55
3749 5057.26 5055.66
3750 1486.58 2646.85
3751 5127.92 6269.65
3752 2925.53 2855.37
3753 1626.45 5462.65
3754 4612.22 180.48
3755 2901.13 2337.69
3756 247.943 4370.62
3757 3508.64 6355.62
3758 1921.47 5544.54
3759 4667.23 3163.25
3760 775.761 2533.88
3761 4028.58 4002
3762 37.393 3561.64
3763 6522.66 729.889
3764 6550.5 2176.48
3765 2205.08 3166.83
3766 5724.2 6213.84
3767 5848.48 4689.22
3768 3954.57 3117.68
3769 3837.1 4655.27
3770 2204.53 6190.85
3771 4559.86 3496.85
3772 5090.88 3842.35
3773 4787.32 4945.19
3774 1704.64 1812.32
3775 4727.44 3656.94
3776 3394.48 5098.4
3777 2440.62 3943.09
3778 183.914 1861.28
3779 3642.87 3225.14
3780 667.731 2265.6
3781 1961.44 2304.85
3782 1879.32 321.027
3783 3855.79 2762.23
3784 5789.84 6476.04
3785 488.018 799.575
3786 3893.41 4235.36
3787 3078.08 6339.33
3788 5710.2 892.542
3789 494.071 5090.33
3790 3512.77 3618.14
3791 3124.76 5500.89
3792 3975.21 856.55
3793 5709.66 5531.74
3794 3694.11 6471.78
3795 4462.25 5863.42
3796 1374.94 2436.18
3797 3447.42 3694.4
3798 4515.68 6526.6
3799 4265.41 4208.55
3800 4362.08 2288.89
3801 6109.31 2467.84
3802 4578.92 5570.76
3803 3339.41 2480.44
3804 103.983 1358.75
3805 4775.74 5734.42
3806 3659.22 3371.67
3807 1265.75 64.7795
3808 4678.75 1453.9
3809 5154.72 3737.76
3810 3346.3 4398.92
3811 5829.64 3978.12
3812 958.746 1282.58
3813 6023.08 2633.96
3814 4592.47 4811.21
3815 276.591 4699.31
3816 4139.14 765.248
3817 5048.23 2202.58
3818 914.366 6395.4
3819 55.6928 4823.97
3820 4179.37 5694.18
3821 699.961 1921.23
3822 3061.96 1610.68
3823 5912.19 1202.85
3824 1317.62 5880.12
3825 1216.07 1769.93
3826 2783.14 2945.94
3827 1150.55 4298.52
3828 5703.04 692.059
3829 560.374 808.978
3830 2883.83 960.112
3831 5599.12 75.0319
3832 1379.02 3208.12
3833 4738.19 4056.16
3834 2343.75 476.47
3835 852.789 402.369
3836 3070.3 2341.86
3837 5465.64 4504.56
3838 1191.77 2759.6
3839 272.08 2958.73
3840 288.051 3045.44
3841 6194.14 5960.23
3842 2731.94 122.419
3843 4438.65 4102.07
3844 5976.8 2667.36
3845 946.845 2009.33
3846 1981.77 2370.31
3847 2264.08 4998.16
3848 1281.46 962.985
3849 3252.67 5375.87
3850 3746.6 3731.79
3851 5783.46 4042.8
3852 1668 13.3022
3853 2931.75 4362.94
3854 4991.23 4719.63
3855 2401.34 3784.44
3856 4353.39 3379.69
3857 1700.69 6185.73
3858 3406.21 2273.15
3859 3547.18 5852.04
3860 3796.72 3074.89
3861 5547.62 2761.16
3862 3881.11 4956.36
3863 4433.94 4042.21
3864 113.896 1938.87
3865 5975.63 6374.29
3866 453.231 6511.11
3867 1275.15 3603.89
3868 5602.86 3256.04
3869 4596.26 3481.46
3870 667.416 5230.74
3871 5308.02 5822.65
3872 611.083 4342.5
3873 4513.76 4852.37
3874 1140.78 5947.44
3875 4013.4 6438.91
3876 2686.02 2003.91
3877 1204.06 2864.13
3878 2724.33 2528.93
3879 1274.71 4908.88
3880 1803.52 2536.68
3881 5601.44 629.512
3882 5208.08 5169
3883 1767.48 2345.14
3884 5882.81 5937.52
3885 5635.63 5720.18
3886 1508.14 4578.11
3887 5052.52 3065.28
3888 1007.13 3674.89
3889 5159.76 1607.62
3890 4434.23 2735.26
3891 5511.26 3590.91
3892 4573.98 513.021
3893 2564.57 4588.79
3894 4652.24 2069.63
3895 6329.14 908.519
3896 4140.45 1497.91
3897 6094.6 3392.8
3898 781.713 4284.93
3899 3552.8 4311.59
3900 2465.46 52.7369
3901 2322.98 370.492
3902 5199.97 3509.92
3903 2000.9 3773.09
3904 4541.21 1929.14
3905 4980.92 4357.27
3906 4759.49 4061.67
3907 3148.51 4737.31
3908 4315.84 424.952
3909 6232.2 5354.88
3910 5898.94 1927.54
3911 722.993 4867.37
3912 3756.69 5381.07
3913 4695.12 2540.46
3914 3606.9 1163.29
3915 5273.99 5032.7
3916 5.01231 4384.35
3917 2986.76 728.113
3918 4343.59 2111.93
3919 2996.95 4404.64
3920 2491.6 1178.28
3921 5943.3 5243.72
3922 5135.3 3674.35
3923 1840 49.3112
3924 3971.92 3855.81
3925 511.529 4634.72
3926 3546.15 2467.23
3927 3791.59 5538.07
3928 5094.99 19.786
3929 1316.01 4225.63
3930 134.013 3804.05
3931 2513.2 135.816
3932 15.3653 1622.68
3933 5925.57 2519.16
3934 6471.48 4667.14
3935 4503.46 5565.04
3936 4900.68 4633.97
3937 5924.92 6418.61
3938 5625.75 5977.57
3939 6071.05 1272.35
3940 5680.79 1010.98
3941 3784.07 4634.89
3942 656.273 2809.3
3943 4956.22 6045.22
3944 494.653 4209.41
3945 6508.57 4939.79
3946 6287.99 3317.24
3947 5009.32 4564.43
3948 1156.03 422.163
3949 2516.66 3777.88
3950 1128.52 3292.22
3951 2153.38 1800.97
3952 6506.64 5726.29
3953 4415.33 364.237
3954 5780.15 4689.15
3955 3803.56 4318.9
3956 6311.48 5594.48
3957 3327.12 461.972
3958 6043.47 1914.49
3959 1614.44 3026.51
3960 5998.48 5923.65
3961 3237.8 4775.07
3962 667.624 3910.65
3963 4480.96 6193.33
3964 88.4467 2113.06
3965 582.741 6527.83
3966 4552.32 1512.8
3967 5074.56 592.913
3968 4623.66 5757.85
3969 5292.35 4546.9
3970 3539.04 1884.69
3971 3071.6 5393.75
3972 3204.97 84.0118
3973 4903.7 3959.03
3974 492.006 495.837
3975 4241.16 5638.89
3976 3547.26 1407.96
3977 4792.3 775.991
3978 5117.7 2490.92
3979 413.324 2660.76
3980 4676.83 6418.55
3981 6318.87 1923.05
3982 1669.27 5746.04
3983 1884.19 743.137
3984 4200.98 3183.05
3985 188.245 5672.31
3986 5410.9 1752
3987 3311.67 955.068
3988 3932.51 554.527
3989 814.115 2632.51
3990 4027.74 351.761
3991 3686.64 4247.3
3992 1796.31 5185.77
3993 92.5827 1277.32
3994 2603.86 6275.5
3995 1637.65 5312
3996 4464.66 3800.51
3997 1233.88 3489.9
3998 24.1342 6323.51
3999 3279.6 4185.17
4000 3068.49 2850.11
4001 581.29 5992.75
4002 1631.96 4434.11
4003 575.189 2379.83
4004 6035.17 4713.25
4005 3402 972.468
4006 236.567 5834.04
4007 804.3 731.321
4008 4090.63 2396.46
4009 2399.74 2887.16
4010 6372.48 1921.82
4011 550.902 3842.74
4012 43.5901 1702.98
4013 4776.17 4189.03
4014 6426.24 2157
4015 5114.66 2286.08
4016 4055.84 1833.79
4017 1650.47 4204.36
4018 4045.06 3393.02
4019 3050.44 2633.2
4020 3882.86 4089.83
4021 6121.79 516.845
4022 4335.79 4041.56
4023 5195.82 1327.16
4024 126.745 4256.27
4025 5238.97 2285.29
4026 6185.1 5161.67
4027 2264.63 1229.09
4028 3739.6 4030.88
4029 1054.53 2271.96
4030 1736.31 5178.32
4031 4115.72 5707.53
4032 1767.14 108.23
4033 3954.32 2688.25
4034 877.585 5266
4035 5507.75 1600.76
4036 1251.02 1530.94
4037 1766.63 2158.76
4038 6015.45 1178.05
4039 5159.45 5150.08
4040 4058.79 3101.12
4041 6271.73 4025.46
4042 3412.26 741.887
4043 4004.38 4625.17
4044 4322.53 4799.66
4045 6196.75 557.512
4046 3478.36 4015.02
4047 6328.77 2775.57
4048 2358.65 4170.64
4049 1606.19 5489.95
4050 5217.79 5715.01
4051 1167.56 4982.66
4052 6444.55 6145.46
4053 4763.84 5870.78
4054 3163.08 4175.71
4055 3466.33 4189.52
4056 5655.31 4559.23
4057 3987.22 5678.52
4058 2801.43 2274.69
4059 1482.67 1880.05
4060 6179.56 6363.97
4061 6432.52 2110.02
4062 2437.75 935.34
4063 121.279 6385.27
4064 5844.67 4738.28
4065 3461.33 2828.17
4066 2076.58 5430.73
4067 1290 2887.92
4068 1314.06 4627.93
4069 5842.19 5711.23
4070 2880.13 6371.5
4071 949.471 1901.52
4072 2386.61 1216.3
4073 181.027 5278.68
4074 718.462 3417.75
4075 4852.08 3962.49
4076 4589.66 895.092
4077 2378.51 1988.19
4078 3391.58 2253.65
4079 6407.75 6082.37
4080 910.634 3515.61
4081 6338.7 756.372
4082 214.943 3158.99
4083 2739.87 2215.94
4084 3393.66 1077.71
4085 5305.44 3343.5
4086 1345.07 3257.94
4087 531.01 4894.26
4088 3143.12 5699.15
4089 6258.26 3331.47
4090 2682.56 2785.2
4091 1363.42 2028.97
4092 5102.29 755.006
4093 1462.56 4698.72
4094 1821.82 3929.18
4095 3111.66 4179.85
4096 6090.44 1884.93
4097 2981.37 2518
4098 156.647 6390.77
4099 3047.45 2712.19
4100 625.125 76.4653
4101 4618.7 1774.23
4102 4180.02 2157.27
4103 85.3551 6130.64
4104 2886.56 6285.93
4105 5674.23 6308.2
4106 3231.16 4628.39
4107 5824.46 5132.51
4108 2688.64 1235.38
4109 1496.74 207.703
4110 5183.38 1786.62
4111 2390.18 706.229
4112 3343 2641.4
4113 954.319 4424.68
4114 4107.39 640.743
4115 669.595 887.79
4116 3876.72 2745.34
4117 1257.89 1093.43
4118 106.896 3491.03
4119 746.137 6010.7
4120 4464.4 4646.2
4121 2154.19 803.395
4122 746.141 3601.51
4123 1877.87 2200.21
4124 5964.55 3696.37
4125 4235.47 6480.15
4126 549.463 1092.08
4127 4764.16 6163.69
4128 3684.88 1190.2
4129 4624.22 290.251
4130 2949.02 162.923
4131 3922.81 1337.1
4132 6176.78 6047.78
4133 320.832 4672.3
4134 5424.4 5284.98
4135 3056.02 1988.18
4136 3482.8 1799.75
4137 3124.31 5132.26
4138 2706.08 5852.62
4139 5289 6142.51
4140 3057.91 6299
4141 6193.98 624.396
4142 1852.62 1180.13
4143 3147.94 1868.81
4144 4752.16 5344.28
4145 1517.15 242.196
4146 730.056 205.813
4147 957.196 2527.06
4148 2482.06 169.085
4149 534.884 6280.46
4150 4076.43 839.015
4151 5218.4 4961.75
4152 153.99 1845.47
4153 1012.47 4466.32
4154 5536.49 6086.11
4155 205.759 1408.03
4156 2452.89 3592.55
4157 6340.86 5361.18
4158 4289.62 5358.41
4159 3437.29 6296.05
4160 5563.09 2002.25
4161 3816.73 3476.54
4162 6461.18 4017.62
4163 3165.1 3965.49
4164 4584.16 3918.18
4165 4250.84 4441.76
4166 3168.89 1948.17
4167 5603.86 1825.46
4168 1288.71 1125.97
4169 1575.46 3706
4170 2911.63 3980.99
4171 4793.53 4937.86
4172 3909.25 5071.14
4173 5786.67 2230.47
4174 2525.99 1288.31
4175 5171.25 2954.83
4176 3618.15 445.678
4177 4273.37 1217.84
4178 2898.5 316.22
4179 6207.03 873.28
4180 4485.67 2299.22
4181 5736.22 5589.22
4182 6266.79 3123.45
4183 2692.93 6481
4184 6465.89 5458.05
4185 4027.93 811.144
4186 1805.02 1163.29
4187 6305.3 1350.86
4188 1099.27 4154.8
4189 4675.91 5759.73
4190 893.392 2580.59
4191 4370.51 5136.71
4192 2909.34 3459.41
4193 3259.72 4718.6
4194 1553.2 3591.33
4195 923.835 1957.73
4196 4923.32 1081.99
4197 6448.02 3591.37
4198 163.138 3558.21
4199 4872.72 2014.02
4200 225.681 1998.34
4201 1419.33 5325.64
4202 1736.35 2996.78
4203 2963.08 5456.72
4204 2940.26 5153.4
4205 1975.9 3768.5
4206 3237.2 1749.53
4207 899.203 5062.46
4208 5099.87 838.8
4209 6292.1 1278.83
4210 3730.79 578.065
4211 1830.8 5538.58
4212 1265.42 2398.73
4213 3819.8 4941.04
4214 327.835 6012.23
4215 2602.11 4944.32
4216 5915.4 3249.91
4217 11.4262 2609.61
4218 1570.14 266.523
4219 1315.16 1849.99
4220 6006.18 3209.14
4221 5885.52 4397.1
4222 2519.48 612.729
4223 5753.07 2684.52
4224 1461.23 5388.15
4225 241.333 1581.34
4226 5424.1 5771.88
4227 6038.53 809.534
4228 2321.97 4161.42
4229 829.054 3505.37
4230 1118.83 2679.4
4231 2747.4 5608.29
4232 1172.04 3358.34
4233 2134.4 2074.05
4234 740.421 1326.5
4235 4921.39 511.444
4236 5834.22 5981.29
4237 3515.32 1664.72
4238 5270.99 3267.41
4239 4136.31 2235.55
4240 152.044 5179.01
4241 5111.94 3094.95
4242 3939.26 4396.86
4243 157.449 3660.4
4244 3231.26 5929.87
4245 5308.98 1339.72
4246 4491.43 3767.38
4247 6481.65 318.907
4248 4336.43 3723.65
4249 4202.82 594.732
4250 375.792 6206.19
4251 4007.86 4708.53
4252 4214.91 6040.78
4253 1599.92 109.365
4254 5249.64 3351.68
4255 3112.55 10.2593
4256 5782.29 4010.33
4257 2926.58 3792.15
4258 5940.72 2546.73
4259 869.657 3542.5
4260 6227.5 2984.4
4261 5818.02 1491.14
4262 4307.75 586.22
4263 1396.42 4205.22
4264 2067.47 1819.96
4265 3602.77 5594.92
4266 1811.08 699.584
4267 307.264 934.377
4268 4584.2 3785.2
4269 4000.8 2536.1
4270 4306.42 1518.08
4271 88.6129 3852.68
4272 3141.18 4082.06
4273 5046.98 5648.95
4274 2831.98 3216.16
4275 2105.19 2599.6
4276 2862.62 3066.05
4277 5637.8 1956.29
4278 977.257 5099.58
4279 1180.61 2264.88
4280 6271.85 845.974
4281 1437.1 4320.67
4282 2802.39 4539.45
4283 4826.32 1564.49
4284 1490.8 418.617
4285 2543.27 1359.26
4286 4887.46 142.892
4287 4474.83 2902.76
4288 1445.97 2224.23
4289 3726.07 6469.78
4290 5543.39 4754.87
4291 4061.71 5360.68
4292 4271.75 1569.04
4293 3668.79 3435.46
4294 271.571 1677.69
4295 4023.42 3533.39
4296 6449.12 1336.59
4297 4770.12 4949.49
4298 6511.94 3056.96
4299 3389.7 6476.88
4300 1366.41 2760.84
4301 6354.34 2242
4302 3101.1 4110.73
4303 4444.17 4560.86
4304 5548.73 2973.79
4305 5978.09 4734.4
4306 986.997 882.898
4307 1733.69 4809.85
4308 2652.57 2080.77
4309 6299.81 4067.34
4310 443.124 5612.8
4311 6344.53 4904.78
4312 336.269 3257.1
4313 783.251 5819.96
4314 3554.07 464.843
4315 2344.71 212.841
4316 4633.43 2104.53
4317 2853.11 1946.01
4318 3841.32 440.912
4319 2176 6364.51
4320 2099.13 4153.62
4321 3332.7 3539.56
4322 5354.99 3212.65
4323 2257.22 5922.85
4324 6094.5 4240.19
4325 2398.55 761.943
4326 3709.26 4305.59
4327 5291.12 6271.46
4328 2360.51 5271
4329 6151.45 4110.45
4330 1353.65 1264.21
4331 3124.21 6168.45
4332 2245.96 5885.84
4333 1844.06 2273.4
4334 5479.96 5937.64
4335 2153.71 4874.01
4336 4084.05 731.187
4337 961.06 336.23
4338 5982.74 3743.05
4339 1569.97 5594.35
4340 1284.34 1679.8
4341 3957.81 4341.65
4342 5431.18 3093.15
4343 2559.63 2297.87
4344 1066.84 5582.8
4345 1800.21 4083.41
4346 4919.27 4788.77
4347 2662.16 4522.97
4348 4566.69 4770.15
4349 3423.14 3731.94
4350 1924.49 1441.05
4351 4161.87 3748.31
4352 5327.98 3823.37
4353 1879.72 737.059
4354 6217.73 4325.4
4355 39.6167 562.861
4356 6281.14 302.112
4357 5354.59 3431.97
4358 479.121 5541.05
4359 3480.12 5426.73
4360 4747.6 596.864
4361 6373.66 5032.46
4362 5930.56 5546.85
4363 234.797 2765.04
4364 1756.14 4989.96
4365 21.1676 1730.48
4366 6477.75 1744.77
4367 4293.96 1699.37
4368 4088.45 2224.5
4369 5237.97 1891.42
4370 2343.23 1924.6
4371 5336.68 4103.85
4372 3577.71 1507.34
4373 493.156 6353.16
4374 2599.03 501.455
4375 5719.13 6009.74
4376 3082.92 2977.51
4377 3720.11 1477.57
4378 3191.12 1237.51
4379 1167 4006.07
4380 5464.94 5148.44
4381 2289.79 1507.64
4382 2102.71 5038.21
4383 3084.17 417.166
4384 5987.7 6516.58
4385 1501.11 3331.15
4386 5813.72 5554.81
4387 6221.06 6087.29
4388 915 1578.93
4389 5064.43 4523.85
4390 4368.2 479.972
4391 1864.45 6223.35
4392 1243 584.389
4393 3715.8 3451.71
4394 4643.49 1005.05
4395 6345.25 3116.97
4396 6139.2 5246.16
4397 6344.2 720.175
4398 6034.87 1133.41
4399 5610.12 383.481
4400 1897.96 4886.68
4401 5441.09 1718.32
4402 4502.66 2337.36
4403 3603.52 785.006
4404 4313.39 6306.08
4405 3585.57 4195.48
4406 2224.01 2450.73
4407 4756.53 4710.22
4408 2926.66 1229.22
4409 1239.49 6040.02
4410 2966.93 470.53
4411 4516.52 1507.13
4412 5501.61 4734.37
4413 1328.34 5122.74
4414 2596.4 3502.66
4415 3687.19 2633.19
4416 5175.75 4367.27
4417 5691.27 1721.75
4418 4963.26 2504.98
4419 6113.5 1968.39
4420 3094.31 4657.24
4421 2474.46 5010.92
4422 216.723 551.187
4423 1589.9 547.584
4424 1136.72 2133.38
4425 621.446 4035.01
4426 6270.19 6403.19
4427 1608.45 5711.7
4428 866.006 749.773
4429 5855.99 601.496
4430 4093.44 5194.68
4431 738.886 3207.47
4432 4535.53 3823.87
4433 4925.67 5919.79
4434 3874.3 5615.51
4435 3067.41 2562.81
4436 5024.85 6158.55
4437 5257.27 4704.22
4438 1722.26 1974.12
4439 5971.01 922.473
4440 1461.37 3045.13
4441 3992.31 5011.61
4442 6502.13 4987.44
4443 4391.01 4080.47
4444 4233.77 3629.89
4445 3752.63 6035.96
4446 5105.62 1719.6
4447 1104.94 3383.12
4448 2992.92 1058.47
4449 2899.93 1512.48
4450 2535.2 1783.34
4451 3837.38 5154.86
4452 1993.76 2917.95
4453 5078.38 5164.75
4454 7.80918 769.226
4455 4673.05 643.33
4456 2617.72 1912.52
4457 3732.84 4962.81
4458 946.592 5562.84
4459 6420.05 3062.05
4460 3211.23 5353.29
4461 2676.42 281.642
4462 6273.31 5101.16
4463 4104.4 3174.81
4464 88.351 5040.31
4465 2889.75 5652.87
4466 5990.38 2707.85
4467 537.943 3639.69
4468 3663.22 1381.68
4469 5788.4 2548.53
4470 3877.67 1507.02
4471 3381.78 6372.82
4472 3192.29 2576.78
4473 3058.99 732.081
4474 1408.33 6378.54
4475 4313.4 1140.14
4476 3092.82 4266.74
4477 6328.8 3047.92
4478 5248.28 2632.45
4479 2454.97 771.053
4480 4556.34 5250.31
4481 4734.22 1411.95
4482 725.614 11.9215
4483 5082.65 4362.75
4484 4440.44 5676.97
4485 5447.51 3731.27
4486 1866.39 4720.33
4487 2503.89 4073.7
4488 2658.02 3700.15
4489 2800.81 4269.59
4490 2064.29 1616.78
4491 11.7598 3686.32
4492 4897.61 153.236
4493 4145.71 1922.33
4494 2736.39 5418.28
4495 4673.28 5217.09
4496 6442.26 4628.53
4497 1202.62 1173.41
4498 3840.71 5122.58
4499 4149.23 1961.05
4500 40.602 6536.91
4501 6115.61 2370.3
4502 551.595 5687.39
4503 5833.89 4607.32
4504 336.296 4344.14
4505 2893.87 334.406
4506 3739.99 3327.15
4507 4880.89 3985.41
4508 1555.61 525.38
4509 4834.66 5169.61
4510 3946.19 5697.37
4511 3446.31 4905.42
4512 1907.74 6332.17
4513 128.855 5255.68
4514 5871.59 1266.85
4515 3911.36 3613.93
4516 140.147 1438.83
4517 5716.65 6220.29
4518 3345.04 2990.55
4519 5788.22 5543.21
4520 3474.22 5682.91
4521 4154.47 861.811
4522 5002.3 396.78
4523 5017.98 6162.45
4524 1864.79 3393.04
4525 5237.93 477.879
4526 710.269 5327.95
4527 1848.96 4601.78
4528 1049.19 5093.17
4529 4892.64 6127.24
4530 5573.78 1690.32
4531 3117.76 4144.78
4532 3451.57 1818.68
4533 734.962 1559.61
4534 5383.54 2988.17
4535 5332.25 2377.91
4536 4974.89 2573.19
4537 2264.18 2833.34
4538 535.08 483.953
4539 325.308 1871
4540 5585.82 3934.13
4541 4951.28 3213.08
4542 5085.82 5901.94
4543 3788.86 5444.76
4544 5214.4 1325.48
4545 4600.96 1131.65
4546 3882.86 4182.98
4547 2942.76 1812.86
4548 2610.34 739.174
4549 4642.9 6092.92
4550 5397.63 5000.84
4551 5448.85 2815.11
4552 2300.67 667.54
4553 3242.48 989.076
4554 4756.84 4256.37
4555 870.305 2775.75
4556 2588.35 3446.12
4557 5134.43 864.361
4558 486.249 5098.9
4559 2330.64 3702.82
4560 5532.46 5791.04
4561 1411.96 206.994
4562 2069.29 4101.07
4563 2737.05 441.167
4564 4355.83 3152.71
4565 1808.66 1848.29
4566 1272.42 1564.81
4567 4184.42 492.282
4568 1533.01 1067.15
4569 2585.6 5934.95
4570 3137.57 3943.33
4571 6506.9 3519.61
4572 3704.04 5342.8
4573 2018.96 4682.89
4574 6130.08 5880.68
4575 5483.55 1855.47
4576 15.4788 951.786
4577 4957.08 1462.86
4578 798.46 4163.37
4579 6060.52 5707.67
4580 5430.5 738.247
4581 360.333 6434.28
4582 161.315 175.915
4583 5293.04 1830.95
4584 1262.21 4891.42
4585 3445.74 3396.05
4586 286.211 3207.33
4587 5732.33 4259.23
4588 6224.82 3510.63
4589 5859.51 3532.63
4590 802.609 2405.81
4591 1222.13 5933.27
4592 36.6458 1199.66
4593 5449.89 799.027
4594 2054.5 5570.72
4595 2059.96 3620.48
4596 6020.21 2137.53
4597 2796.78 665.333
4598 3777.29 240.032
4599 2557.26 1416.1
4600 5009.92 995.608
4601 5805.13 3114.79
4602 2085.49 1536.26
4603 4034.32 4246.54
4604 2265.86 4998.86
4605 4044.93 5543.69
4606 3842.36 5125.87
4607 4606.64 1392.84
4608 737.285 931.163
4609 2823.34 2201.46
4610 4677.89 6038.7
4611 3843.03 6133.02
4612 1556.87 6075.03
4613 1821.38 5781.15
4614 6094.5 2210.58
4615 3642.08 3961.76
4616 4400.19 2529.24
4617 4564.27 1871.82
4618 4362.01 3850.68
4619 774.055 3386.43
4620 6279.03 2518.97
4621 772.843 733.393
4622 783.407 4490.9
4623 3300.8 4265.86
4624 1821.14 3120.47
4625 1804.6 5353.94
4626 584.502 990.34
4627 956.541 5606.33
4628 1853.45 4496.52
4629 4856.51 4884.47
4630 4493.22 2204.65
4631 5474.05 5783.7
4632 3153.89 5075.03
4633 613.107 5678.96
4634 5134.23 4641.42
4635 1434.77 708.497
4636 2407.66 6440.51
4637 3795.28 5411.98
4638 6239.17 3377.23
4639 750.478 4895.18
4640 985.175 3426.19
4641 2741.14 2463.26
4642 349.155 2562
4643 3071.81 3561.6
4644 4704.42 4069.26
4645 4695.01 2354.05
4646 5960.26 1412.17
4647 5149.12 1984.16
4648 4560.26 704.152
4649 1788.64 496.019
4650 6358.86 5409.98
4651 6126.6 444.084
4652 1265.29 919.107
4653 1952.29 1491.53
4654 2459.43 6485.06
4655 4628.1 5201.73
4656 3438.45 4832.68
4657 4028.99 3802.03
4658 251.209 6405.57
4659 882.91 4859.63
4660 5992.09 3917.58
4661 6200.69 5442.83
4662 1203.56 2202.71
4663 1628.68 3741
4664 2130.74 3674.79
4665 2474.28 2791.69
4666 2865.89 3830.53
4667 4963.88 239.723
4668 873.16 3626.18
4669 6120.68 2782.29
4670 2845.62 6479.04
4671 6074.03 751.631
4672 5825.53 2560.56
4673 5849.75 2026.7
4674 1170.89 2196.21
4675 979.183 5314.01
4676 4269.38 1507.54
4677 3243.07 5937.1
4678 6008.13 5136.87
4679 3551.82 3101.83
4680 2177.58 3335.84
4681 4668.98 5359.59
4682 2479.19 778.762
4683 5784.88 2209.95
4684 3384.22 4398.74
4685 2480.13 2791.57
4686 5904.85 5790.58
4687 4508.95 639.607
4688 4032.87 2554.8
4689 869.262 1261.01
4690 2721.14 732.719
4691 3400.74 4223.1
4692 5178.32 1122.42
4693 694.04 1579.24
4694 2197.02 3343.79
4695 5277.89 778.002
4696 2345.04 2911.23
4697 4412.43 4533.99
4698 1365.28 4079.83
4699 5982.73 4221.69
4700 6340.77 5143.64
4701 4545.71 4189.18
4702 5818.56 714.775
4703 282.852 4897.53
4704 6499.37 1645.44
4705 3740.6 6291.51
4706 784.912 1835.14
4707 4487.84 3635.43
4708 1176.53 954.313
4709 115.079 1868.03
4710 1084.34 4160.6
4711 1967.89 1152.12
4712 2132.25 2598.79
4713 2144.49 2166.59
4714 5968.71 4005.13
4715 2337.25 2395.86
4716 5520.67 2499.86
4717 4045.11 3893.53
4718 5173.26 5719.97
4719 4248.27 5018.62
4720 775.853 3340.1
4721 6103.29 3243.9
4722 4950.25 3447.83
4723 2406.18 4220.54
4724 5517.29 4580.2
4725 4373.24 1180.76
4726 924.393 4930.13
4727 5617.67 4681.93
4728 2593.21 2230.01
4729 1005.76 6112.38
4730 717.294 1203.68
4731 4970.86 4293.95
4732 5779.87 4913.69
4733 4335.87 2907.61
4734 3031.71 3539.54
4735 2654.73 956.77
4736 3704.61 2990.34
4737 4858.75 1146.24
4738 5269.51 1148.55
4739 3890.98 1803.05
4740 45.6348 2987.4
4741 6254.98 3201.14
4742 410.235 99.0461
4743 5564.39 707.84
4744 5166.29 6413.4
4745 5156.84 3537.03
4746 5559.91 1541.97
4747 3196.13 401.226
4748 1875.79 3502.07
4749 3164.69 1486.22
4750 3495.34 4002.72
4751 5690.41 30.2258
4752 2804.77 6172.67
4753 5815.49 3291.02
4754 1404.49 841.244
4755 3877.51 3504.41
4756 561.7 5621.21
4757 4576.05 1457.32
4758 2146.3 98.4748
4759 2386.75 6229.42
4760 3127.09 3624.24
4761 3098.89 4234.7
4762 5119.17 6113.06
4763 727.743 3033.97
4764 2036.92 3785.77
4765 3019.94 5511.96
4766 6135 6229.09
4767 3072.96 5849.33
4768 174.533 4754.18
4769 5395.65 6369.91
4770 2010.73 2846.4
4771 2110.6 5034.42
4772 3747.81 6016.7
4773 1110.61 3764.88
4774 2848.85 3292.49
4775 4619.41 4278.24
4776 2078.39 4327.99
4777 1223.53 5660.06
4778 5861.16 6472.93
4779 4414.29 3995.34
4780 3632.06 5690.74
4781 1211.01 3711.61
4782 4237.43 381.27
4783 6277.09 61.094
4784 4567.94 3301.25
4785 3193.67 3811.52
4786 643.911 5603.33
4787 1571.09 2400.51
4788 1054.13 3955.29
4789 2555.27 3267.12
4790 2803.01 1965.21
4791 3241.83 4289.43
4792 6297.32 6503.72
4793 4857.69 2062.19
4794 3897.84 901.486
4795 1474.47 4190.08
4796 3884.26 4737.11
4797 4337.64 89.8288
4798 3377.32 6228.98
4799 2442.28 4382.26
4800 6093.49 2342.58
4801 4213.99 508.733
4802 3298.53 896.004
4803 5809.05 5606.7
4804 430.31 2710.1
4805 4356.54 4189.88
4806 1710.44 5282.05
4807 5588.35 6417.18
4808 674.382 5958.14
4809 1635.07 6144.14
4810 5569.43 2321.53
4811 2575.52 2311.04
4812 3465.11 5396.76
4813 5298.54 1245.67
4814 1782.04 6159.73
4815 6396.85 2935.36
4816 5241.49 795.993
4817 2765.88 4152.33
4818 354.378 366.778
4819 3004.98 1471.14
4820 3451.57 6263.6
4821 2051.89 293.931
4822 5955.58 5839.59
4823 1376.07 4116.51
4824 4677.8 5802.72
4825 6234.82 1240.48
4826 5488.53 5993.12
4827 6440.53 1573.22
4828 5164.18 3743.9
4829 3626.94 616.94
4830 6535.84 6507.67
4831 1602.18 3962.56
4832 6097.22 5112.81
4833 843.706 5101.28
4834 4714.41 5253.3
4835 5506.52 5862.6
4836 1503.99 1035.48
4837 6133.44 1130.22
4838 3361.8 4258.71
4839 4013.88 902.797
4840 4447.84 1455.27
4841 6298.95 1709.8
4842 3033.13 5842.94
4843 1676.37 3291.6
4844 43.2417 700.526
4845 1805.98 1740.59
4846 2580.73 2632.3
4847 2136.56 5489.68
4848 6082.1 1657.13
4849 3951.44 4099.06
4850 1144.88 3833.07
4851 1614.19 1808.83
4852 3843.69 3823.39
4853 6384.8 3307.36
4854 323.956 535.782
4855 5398.92 3160.45
4856 1052.1 6033.84
4857 2355.21 2652.77
4858 2956.51 1097.26
4859 6306.61 2725.86
4860 344.584 6439.5
4861 5815.74 5713.7
4862 4314.59 738.646
4863 4428.9 1550.48
4864 5908.38 1271.62
4865 4098.11 1624.94
4866 3551.17 3671.99
4867 224.255 6374.93
4868 1136.6 4512.21
4869 6517.22 2.64002
4870 536.733 2904.55
4871 5681.75 1613.17
4872 5405.55 6160.26
4873 3323.21 1194.53
4874 4863.88 3190.75
4875 5149.34 3873.99
4876 3870.74 3054.77
4877 5708.16 1455.55
4878 3512.78 2027.65
4879 5784.44 4403.75
4880 1640.34 1030.25
4881 1586.28 1822.34
4882 4005.5 2573.23
4883 3781.41 1898.08
4884 846.942 712.611
4885 1632.31 4297.67
4886 385.206 2575.11
4887 5311.1 2539.82
4888 4713.5 558.424
4889 3774.42 5974.49
4890 6451.61 3863.52
4891 3257.85 6212
4892 4914.43 1491.6
4893 980.379 2841.81
4894 5637.09 2195.43
4895 1200.29 4592.14
4896 6393.59 6086.29
4897 1170.82 5567.8
4898 6492.61 4653.98
4899 2951.11 4457.54
4900 2013.01 746.519
4901 2174.76 2592.19
4902 3877.02 263.182
4903 4714.65 4155.17
4904 5742.27 2487.52
4905 839.552 444.454
4906 5585.84 1408.18
4907 5725.37 3311.9
4908 6142.94 2169.78
4909 4257.38 5534.34
4910 3101.7 1805.09
4911 4589.33 3886.66
4912 4118.09 2119.16
4913 106.479 5126.44
4914 3591.53 3855.32
4915 4399.79 1494.74
4916 159.431 5521.84
4917 4622.84 5948.95
4918 1652.34 6361.56
4919 4623.39 1026.69
4920 5164.4 3028.77
4921 4017.02 2476.78
4922 414.517 3942.16
4923 4768.91 163.927
4924 2764.25 2187.71
4925 29.3165 1659.27
4926 899.417 1468.39
4927 4083.61 845.894
4928 6244.73 5201.98
4929 1455.14 120.799
4930 5409.85 3899.66
4931 2640.44 9.54202
4932 4690.35 5763.02
4933 3441.99 4058.07
4934 3762.15 6241.85
4935 2826.98 3303.45
4936 2580.23 5124.4
4937 6537.84 1585.46
4938 6383.01 4900.51
4939 1504.38 1470.24
4940 4624.2 3896.77
4941 2137.27 6488.48
4942 634.141 6392.74
4943 2181.08 39.1042
4944 2817.75 3642.02
4945 4706.43 3388.14
4946 2644.11 5864.32
4947 4589.15 4559.38
4948 2234.85 2030.43
4949 946.041 5239.4
4950 156.947 1603.59
4951 1170.08 2006.93
4952 2242.63 6105.54
4953 5497.25 4280.39
4954 1282.96 3720.62
4955 1970.21 1106.76
4956 3566.58 4171.18
4957 1897.84 5837.99
4958 3268.6 5475.98
4959 5589.32 2552.67
4960 982.987 2181.07
4961 3075.18 4460.64
4962 18.5591 2179.32
4963 355.371 6139.32
4964 1071.44 963.095
4965 5465.86 4294.04
4966 4919.18 2157.08
4967 2712.86 6243.18
4968 5077.43 1816.53
4969 4448.46 4215.36
4970 3589.93 3172.76
4971 3821.49 1160.93
4972 4432.18 1738.71
4973 332.656 2.79416
4974 4256.25 2485.8
4975 1184.17 5878.27
4976 3180.83 165.66
4977 6024.79 2886.23
4978 4123.56 2556.9
4979 2576.99 4379.28
4980 3832.98 5593.34
4981 5020.27 508.99
4982 6393.25 51.505
4983 4156.07 2164.76
4984 96.4264 2255.35
4985 1223.19 4781.78
4986 2585.36 737.579
4987 797.382 3389.08
4988 2584.96 5743.2
4989 4527.59 1743.88
4990 4575.05 2609.02
4991 5027.06 2246.91
4992 4319.49 621.75
4993 3933.29 172.878
4994 476.898 2360.22
4995 6221.84 4751.47
4996 2956.07 261.955
4997 4751.09 5221.94
4998 1310.64 3834.51
4999 1644.59 4166.86
5000 3961.87 2410.59
5001 5187.09 5882.09
5002 528.675 832.204
5003 971.94 5155.13
5004 4566.26 1545.51
5005 6501.18 90.3503
5006 491.662 4060.27
5007 1021.47 123.232
5008 4031.52 2300.1
5009 5485.95 753.553
5010 4666.39 2362.62
5011 4083.93 5956.27
5012 4999.34 2194.89
5013 4261.48 2232.77
5014 3605.08 5607.73
5015 2821.46 1704.88
5016 2698.5 4290.8
5017 6072.08 4704.64
5018 324.937 401.499
5019 1975.68 4278.92
5020 3640.43 516.743
5021 6335.44 5450.71
5022 5244.58 2056.09
5023 4351.25 2479.11
5024 1800.87 4601.28
5025 855.661 3454
5026 5257.85 3647.74
5027 3218.04 2003.86
5028 2541.46 1326.2
5029 4830.18 1558.67
5030 1049.38 6294.74
5031 3060.79 2041.66
5032 5255.01 3751.89
5033 5394.68 3938.7
5034 1555.21 771.687
5035 836.813 1665.97
5036 1775.58 3795.98
5037 2787.79 2721.71
5038 1192.07 6231.29
5039 3299.44 2795.08
5040 818.488 5411.22
5041 2182.46 1128.45
5042 119.234 4602.77
5043 5324.54 2591.24
5044 5333 1013.32
5045 6393.97 4929.93
5046 3779.64 362.59
5047 108.27 2311.73
5048 5582.26 2500.71
5049 6520.41 3650.71
5050 356.889 687.745
5051 4478.37 1936.29
5052 1696.61 5066.61
5053 2729.08 1294.84
5054 5609.23 1113.98
5055 375.92 3265.55
5056 3819.35 952.831
5057 4386.46 1040.18
5058 898.389 2027.45
5059 1978.24 6173.94
5060 1637.88 74.8933
5061 684.75 2880.55
5062 5665.43 25.0789
5063 4081.92 437.732
5064 411.13 5687.1
5065 6005.37 818.851
5066 2096.19 3617.2
5067 3435.61 3187.96
5068 4201.85 3798.39
5069 2275.82 5671.74
5070 5298.6 1394.19
5071 2662.36 3180.09
5072 1086.69 1935.41
5073 6095.35 3281.29
5074 5475.9 6505.23
5075 816.698 4053.05
5076 1857.1 5819.65
5077 3020.62 1508.71
5078 122.5 6365.54
5079 6473.85 5596.34
5080 5424.26 4269.45
5081 1870.69 356.483
5082 4285.62 649.653
5083 3997.16 2828.03
5084 4829.13 4794.77
5085 2841.22 5423.7
5086 4135.92 3143.06
5087 112.629 356.836
5088 5686.54 3002.51
5089 1182.4 2979.53
5090 531.726 850.815
5091 1740.13 3996.39
5092 4262.25 2449.24
5093 2442.85 1418.93
5094 339.166 3952.42
5095 2583.88 4849.5
5096 3187.11 5834.77
5097 6527.73 3844.35
5098 1955.16 1502.8
5099 2969.88 884.556
5100 3689.45 3227.93
5101 1350.98 2999.85
5102 2391.87 363.273
5103 1551.51 6207.11
5104 5568.89 4079.85
5105 2336.07 4171.09
5106 883.571 2005.41
5107 4633.44 4082.69
5108 5664.61 1273.26
5109 2338.01 5656.09
5110 4070.95 1293.63
5111 1976.06 4860.22
5112 2134.97 2735.44
5113 3721.94 6193.96
5114 2457.64 1511.45
5115 1762.64 3106.46
5116 501.373 811.861
5117 1285.62 2102.24
5118 3094.44 4375.15
5119 1723.62 4062.03
5120 4878.57 6224.5
5121 766.99 264.91
5122 2091.18 1601.36
5123 1362.93 2031.47
5124 4940.21 3159.66
5125 1484.62 4635.7
5126 2767.02 2945.32
5127 1691.34 3989.2
5128 2529.97 2252.2
5129 1293.32 3153.7
5130 1979.33 1209.06
5131 4678.33 5154.97
5132 5143.01 985.44
5133 3732.34 3247.63
5134 2064 6352.32
5135 1250.94 663.794
5136 4369.43 1220.5
5137 2006.45 920.234
5138 2850.73 3921.11
5139 2395.13 852.091
5140 3506.49 6480.37
5141 1816.92 3411.26
5142 5413.75 5669.49
5143 1079.65 1663.35
5144 1659.78 5410.26
5145 5752.16 6513.59
5146 1827.87 3588.1
5147 1613.36 4284.06
5148 4993.36 631.679
5149 3259.92 3649.67
5150 4108.56 276.186
5151 5906.19 4154.4
5152 2083.44 4122.37
5153 4784.82 2169.46
5154 628.909 4884.96
5155 1321.98 1448.51
5156 4777.1 328.655
5157 3112.21 2623.12
5158 5612.94 732.846
5159 1999.63 4676.74
5160 1330.08 5516.45
5161 341.435 5183.14
5162 5396.06 2945.5
5163 1574.17 2668.69
5164 2058.76 3951.51
5165 4884.17 1382.6
5166 3819.04 790.162
5167 964.266 3646.64
5168 4211.79 5229.93
5169 6206.19 4810.26
5170 3770.55 1492.43
5171 5542.7 415.733
5172 5923.38 4893.06
5173 5622.19 1447.02
5174 5672.94 2614.1
5175 4384.8 1252.58
5176 4135.27 5344.96
5177 389.224 1064.61
5178 3248.44 3311.99
5179 3120.59 3869.44
5180 4390.31 6172.03
5181 755.993 840.619
5182 2048.5 1850.91
5183 3132.34 2338.6
5184 119.606 3308.48
5185 6388.13 5737.9
5186 400.944 100.715
5187 2379.65 5724.25
5188 5112.76 5852
5189 2116.66 785.268
5190 4896.04 5492.91
5191 4532.13 795.708
5192 4795.73 3366.66
5193 2160.86 4946.32
5194 3149.86 1974.42
5195 2436.07 6119.52
5196 1376.68 1046.77
5197 5293.51 6002.49
5198 93.1032 537.691
5199 5267.58 5757.29
5200 6011.86 941.172
5201 6067.44 3707.95
5202 6553.09 1286.95
5203 4558.22 6179.69
5204 5057.76 3510.34
5205 1185.29 1911.56
5206 1243.93 74.0554
5207 5065.95 6433.47
5208 5090.96 1171.85
5209 2464.22 2372.5
5210 546.52 1617.44
5211 5363.23 3923.05
5212 1945.43 3052.27
5213 5490.76 6431.01
5214 2458.54 2709
5215 2762.78 5073.66
5216 5417.82 5146.94
5217 2055.28 4340.8
5218 1388.56 5432.63
5219 602.015 559.831
5220 5232.48 3021.22
5221 3247.74 641.427
5222 4807.88 6048.9
5223 6549.51 1131.69
5224 3299.86 288.963
5225 3470.25 1286.63
5226 202.389 225.968
5227 175.865 6079.34
5228 622.282 763.702
5229 2320.58 2060.99
5230 18.338 3815.34
5231 4415.19 4618.8
5232 1942.54 3314.3
5233 5983.75 5391.47
5234 1181.11 3086.67
5235 2367.28 2346.11
5236 44.0295 1616.87
5237 5864.13 1328.19
5238 5683.45 3602.16
5239 6143.02 5804.78
5240 1193.2 4433.62
5241 1616.82 5344.38
5242 4300.28 4078.77
5243 5537.05 2467.95
5244 5514.24 4478.65
5245 3179.97 5699.52
5246 4933.07 6468.15
5247 4764.5 5851.63
5248 4057.03 487.184
5249 2025.57 3712.83
5250 5354.47 5655.9
5251 5539.63 5649.79
5252 339.334 1869.77
5253 3152.46 602.821
5254 1365 5646.33
5255 5271.63 6483.52
5256 6400.71 3660.43
5257 146.53 245.829
5258 5434.58 5186.03
5259 4932.55 214.317
5260 6456.66 4309.56
5261 5046.59 5461.35
5262 4513.09 4333.56
5263 2839.77 675.506
5264 6480.38 6140.61
5265 2162.07 1731.45
5266 2529.16 2248.52
5267 252.056 4741.9
5268 2083.58 5060.51
5269 1432.3 5152.86
5270 6112.19 3465.97
5271 2418.71 5179.06
5272 1896.76 968.61
5273 66.1592 4324.83
5274 1059.44 1108.98
5275 4858.97 2886.23
5276 4127.97 344.513
5277 1713.9 2165.02
5278 1012.59 922.45
5279 2858.84 183.718
5280 4221.76 5264.75
5281 5502.31 811.41
5282 3199.98 2838.22
5283 919.718 572.739
5284 4255.7 5609.32
5285 2292.99 4644.96
5286 1712.11 4165.37
5287 1758.34 5916.42
5288 2826.4 2903.71
5289 1918.36 5327.09
5290 640.745 5370.08
5291 2940.85 5526.86
5292 1876.79 1975.07
5293 2850.1 6110.6
5294 3892.95 3563.64
5295 6388.36 1550.72
5296 3845.75 5823.59
5297 314.884 2149.5
5298 984.825 4278.44
5299 2914.95 5945.68
5300 4487.01 847.464
5301 2526.21 5686.06
5302 2862.85 5470.26
5303 2542.77 2066.38
5304 1884.44 2641.24
5305 2048.62 1143.03
5306 4556.5 3337.73
5307 690.337 2478.16
5308 2840.8 1903.39
5309 969.032 4749.73
5310 6404.73 4178.76
5311 1095.66 3238.32
5312 3893.54 5854.71
5313 4780.93 905.522
5314 872.856 5201.14
5315 5601.98 2858.48
5316 3003.68 362.294
5317 859.34 874.219
5318 4776.75 3776.85
5319 3642.75 6029.6
5320 3809.09 1587.9
5321 3794.43 3696.95
5322 5055.1 895.234
5323 2907.14 3792.05
5324 4633.16 4714.16
5325 4095.67 2348.54
5326 4760.08 3167.31
5327 5369.55 5243.02
5328 3122.84 1945.03
5329 5969.71 43.8516
5330 5672.08 3548.37
5331 3320.04 3843.58
5332 5419.29 2655.32
5333 2698.81 1779.65
5334 1818 5804.21
5335 2947.9 2414.47
5336 4939.55 3859.74
5337 3412.24 1624.37
5338 1617.76 2089.76
5339 54.7879 4255.28
5340 2150.6 2790.46
5341 1432.88 3349.19
5342 5512.84 199.297
5343 91.6836 562.706
5344 1652.8 4273.87
5345 3643.99 6322.48
5346 4517.41 323.777
5347 2104.6 2279.38
5348 5865.97 447.527
5349 2596.91 6066.97
5350 4516.09 3563.74
5351 2429.2 5336.05
5352 1015.68 1689.6
5353 6155.62 6375.03
5354 3031.71 3768.55
5355 4709.08 6048.94
5356 5399.8 932.642
5357 337.643 1524.71
5358 3723.98 6338.03
5359 1828.86 2469.07
5360 1923.41 5859.59
5361 5129.01 5745.44
5362 5840.88 2701.13
5363 3732.06 3027.97
5364 4446.58 4026.35
5365 4247.46 3527.67
5366 4719.34 4646.46
5367 5242.25 2533.11
5368 5518.43 5351.64
5369 837.699 5293.49
5370 4170.65 3756.33
5371 1007.73 4781.92
5372 1057.26 144.296
5373 947.104 3091.91
5374 1551.89 1930.33
5375 5117.82 1557.24
5376 4305.46 867.338
5377 3950.06 5231.08
5378 5715.12 5327.2
5379 3727.87 3481.24
5380 2810.18 913.402
5381 1109.46 3882.11
5382 4448.67 6453.82
5383 5244.64 2495.15
5384 72.5095 6104.07
5385 2470.35 1531.89
5386 2920.32 4121.95
5387 4995.78 5229.71
5388 1169.02 1948.94
5389 4602.4 4901.17
5390 6067.95 3460.26
5391 6431.4 4190.29
5392 1165.36 3160.22
5393 3912.55 4801.29
5394 2038.87 2947.96
5395 3217.96 4496.54
5396 3794.82 3917.71
5397 3468.58 2027.76
5398 3905.7 162.733
5399 3464.12 2178.89
5400 3216.08 5785.4
5401 1361.07 3023.8
5402 3655.16 2846.69
5403 4245.98 202.337
5404 6360.24 6220.34
5405 5247.71 4185.96
5406 3927.67 888.953
5407 1990.57 3090.86
5408 5922.73 1624.75
5409 2008.78 1007.55
5410 4232.25 2935.77
5411 4085.95 329.746
5412 1396.38 2003.35
5413 5998.65 5662.06
5414 6208.14 2076
5415 1131.08 6032.12
5416 6257.77 6440.47
5417 5383.98 3304.92
5418 265.417 1816.25
5419 1540.09 1438.07
5420 3199.25 6161.18
5421 2835.48 2447.72
5422 5153.85 632.073
5423 5511.47 5753.95
5424 5755.25 5188.82
5425 4768.94 3167.44
5426 1014.4 5285.79
5427 3368.15 2213.57
5428 3372.69 2145.82
5429 5149.76 167.228
5430 1154.82 3064.63
5431 635.966 1635.48
5432 424.92 47.6226
5433 664.049 6085.73
5434 2019.26 2444.25
5435 5129.4 1129.8
5436 5118.02 1585.45
5437 5102.26 6362.11
5438 2607.09 2434.49
5439 6460.85 6406.96
5440 1751.44 2193.1
5441 2507.26 643.113
5442 3849.87 6496.72
5443 3054.96 6011.57
5444 2773.09 5317.56
5445 1718.61 4942.92
5446 3574.46 2122.83
5447 3078.2 2813.27
5448 6168.48 1805.24
5449 3613.1 2875.68
5450 2583.53 5899.06
5451 2673.48 937.523
5452 3335.95 5395.92
5453 5117.35 4475.15
5454 137.797 6119.1
5455 4257.71 2404.08
5456 3493.75 1448.2
5457 2313.63 284.686
5458 1341.22 5094.32
5459 4755.01 5963.05
5460 1975.51 4238.65
5461 4490.33 1893.29
5462 5968.91 5975.41
5463 3201.85 3551.16
5464 3861.78 6289.15
5465 2633.94 5357.92
5466 106.262 5269.26
5467 2165.2 4246.59
5468 5978.94 6440.54
5469 3151.53 1976.37
5470 4602.93 2574.22
5471 1824.41 405.048
5472 6524.88 2237.12
5473 5727.26 2003.39
5474 3682.7 440.423
5475 2826.73 6232.44
5476 456.11 4878.67
5477 6369.65 5264.69
5478 2492.45 470.2
5479 4934.32 91.9723
5480 6332.46 3331.74
5481 826.672 4529.49
5482 5506.62 6285.09
5483 5166.39 2901.72
5484 5264.12 2629.23
5485 1693.91 5388.25
5486 3842.44 4632.53
5487 1919.29 663.498
5488 5981.9 4040.61
5489 3746.77 5339.02
5490 1779.71 5771.14
5491 4352.48 1892.31
5492 4485.96 4740.59
5493 3950.94 4464.8
5494 4722.79 4030.54
5495 958.466 4032.96
5496 39.0202 4728.14
5497 1132.39 6548.39
5498 2482.64 1346
5499 4643.76 5279.52
5500 2863.53 2956.9
5501 2426.88 1499.75
5502 170.881 126.856
5503 4124.32 4997.15
5504 4254.42 1735.18
5505 5768.15 1121.85
5506 4117.71 2566.96
5507 6509.03 89.7788
5508 3972.97 640.887
5509 1655.85 4675.45
5510 342.684 1305.48
5511 407.358 3431.82
5512 5990.69 1878.79
5513 4462.79 1830.56
5514 4951.71 5601.28
5515 3621.64 2420.41
5516 3072.02 1690.14
5517 1029 6171.31
5518 5378.27 5938.12
5519 1032.86 5062.46
5520 6463.78 1650.4
5521 413.263 2210.61
5522 2663.07 425.978
5523 644.242 5254.44
5524 6020.56 4964.94
5525 1906.88 5893.92
5526 1578.66 3028.07
5527 3531.27 4694.14
5528 6013.99 1711.25
5529 6052.89 5296.86
5530 1737.03 5790.61
5531 4688.02 173.817
5532 6358.95 4967.09
5533 4553.05 5191.84
5534 175.215 5363.56
5535 5372.19 3336.87
5536 2347.03 2006.54
5537 1418.15 870.708
5538 3533.52 3684.49
5539 3991.38 4820.43
5540 6115.74 2627.68
5541 5353.31 4449.76
5542 2526.68 2624.58
5543 3468.92 958.469
5544 234.832 1692.72
5545 2814.1 1798.72
5546 745.115 6.14333
5547 5069.59 5933.61
5548 1097.93 1307.38
5549 417.227 1155.1
5550 1111.45 2838.86
5551 3471.6 36.356
5552 3669.19 2491.88
5553 5266.5 5258.86
5554 5467.59 52.1532
5555 3908.37 4446.76
5556 1575.38 580.477
5557 3794.2 3369.66
5558 3181.88 2693.01
5559 2262.85 1761.72
5560 823.323 3488.09
5561 4512.08 1102.69
5562 5682.66 4304.1
5563 6466.32 2221.24
5564 1326.33 6261.39
5565 5236.89 1433.77
5566 5899.65 4901.11
5567 3160.83 6046.19
5568 4701.8 1684.19
5569 4481.25 2283.96
5570 100.399 5326.18
5571 2348.28 4487.9
5572 6451.49 3687.88
5573 1864.21 6292.27
5574 2466.79 532.244
5575 1608.87 2728.4
5576 4577.51 1508.03
5577 1415.68 4716.37
5578 2390.52 4873.17
5579 6239.49 6505.48
5580 4733.73 1808.6
5581 1254.05 160.062
5582 447.022 3349.05
5583 6394.14 2897.62
5584 427.483 3208.54
5585 5239.86 3213.71
5586 6281.12 3859.55
5587 4543.68 3834.05
5588 5575.16 3000.69
5589 1841.4 4723.2
5590 532.759 636.733
5591 5798.24 4796.49
5592 994.138 5543.28
5593 5141.34 435.596
5594 5140.85 6437.03
5595 2936.33 3002.07
5596 952.539 4553.11
5597 5603.15 2122.46
5598 3253.36 374.072
5599 2973.47 106.563
5600 140.065 1449.29
5601 3865.97 1257.21
5602 2065.11 2932.87
5603 1126.41 2735.49
5604 4195.9 3146.66
5605 2612.63 2851.17
5606 5807.67 1591.84
5607 2322.21 6069.77
5608 97.2119 6317.93
5609 3849.46 2904.97
5610 6105.39 689.36
5611 3070.2 5599.32
5612 5444.89 2750.22
5613 5528.31 2341.02
5614 320.813 2867.12
5615 6114.91 2157.87
5616 3621.69 1572.37
5617 1438.13 3835.69
5618 4815.19 6476.68
5619 4252.9 2786.55
5620 1061.8 6420.27
5621 6215.12 2084.09
5622 2627.59 3146.68
5623 4380.39 721.465
5624 2806.16 5432.59
5625 6223.46 3159.95
5626 5243.59 4317.33
5627 4828.61 527.222
5628 1648.11 2861.72
5629 3129.12 5870.01
5630 4437.9 6324.84
5631 2766.11 1788.15
5632 5373.25 3640.62
5633 1755.57 3657.83
5634 5521.14 921.597
5635 1891.73 1002
5636 3299.15 1555.57
5637 1008.71 6312.09
5638 2759.37 291.086
5639 382.194 1989.05
5640 961.212 5876.19
5641 1320.91 3927.02
5642 723.659 1068.94
5643 873.051 1001.06
5644 6341.7 2738.16
5645 1541.41 6102.8
5646 6178.49 1475.02
5647 1995.07 3340.87
5648 4491.09 4220.5
5649 792.813 3329.85
5650 5912.29 5431.7
5651 4026.17 3220.17
5652 2028.2 664.708
5653 701.858 4294.93
5654 3170.14 194.271
5655 2744.05 6522.35
5656 311.539 5494.6
5657 939.591 2523.25
5658 1581.38 2979.19
5659 5958.13 3914.56
5660 145.951 1594.38
5661 377.894 534.804
5662 4927.95 5276.45
5663 4611.82 1461.96
5664 981.635 3351.02
5665 3053.06 3961.31
5666 1962.06 5481.96
5667 484.504 1696.64
5668 163.09 908.007
5669 264.859 4616.88
5670 2960.23 2581.62
5671 3754.53 5075.26
5672 4083.59 4909.44
5673 4156.48 6061.62
5674 3366.4 1089.65
5675 37.1803 6132.82
5676 1900.23 239.865
5677 2504.13 6256.49
5678 3995.09 2965.89
5679 1915.55 5477.18
5680 1311.78 5040.29
5681 1330.1 5720.66
5682 6496.75 2973.85
5683 3117.64 4140.57
5684 1215.45 4821.22
5685 4384.51 2320.47
5686 3096.95 2299.18
5687 3724.85 202.522
5688 1588.3 4035.52
5689 5996.41 1818.69
5690 2253.22 2848.02
5691 2659.74 2405.02
5692 5217.45 5276.9
5693 1637.32 5151.53
5694 4472.3 498.204
5695 689.583 3998.04
5696 669.182 688.805
5697 2501.45 884.697
5698 1230.82 1820.08
5699 4347.46 473.732
5700 3581.53 3018.03
5701 3132.85 4104.47
5702 4956.57 2976.19
5703 5926.36 230.669
5704 1407.69 6192.5
5705 2792.05 1889.52
5706 5692.66 2595.53
5707 5785.88 4503.99
5708 47.3451 6225.32
5709 5299.38 1653.17
5710 1324.19 5915.58
5711 6486.47 2413.15
5712 4074.83 4963.03
5713 926.637 3918.38
5714 2870.25 4663.46
5715 2545.94 59.5516
5716 5033.02 2709.48
5717 2150.55 4459.74
5718 5151.74 4651.06
5719 2715.38 5461.1
5720 6005.69 6315.2
5721 1553.13 3972.72
5722 4636.02 1704.67
5723 3726.98 5588.36
5724 688.233 1987.89
5725 4667.11 3987.95
5726 4246.13 1785.5
5727 6549.76 3944.51
5728 1327.12 4184.09
5729 3738.5 4507.67
5730 4884.25 2077.05
5731 1557.29 511.364
5732 5563.16 5324.04
5733 4834.86 3128.45
5734 5131.7 5097.26
5735 952.418 3902.34
5736 5576.01 5297.71
5737 182.62 4639.4
5738 3409.42 3934.29
5739 3502.08 772.849
5740 2952.94 125.785
5741 1977.97 3125.24
5742 2309.19 5066.33
5743 3378.98 4478.99
5744 4821.83 4943.59
5745 5682.75 3795.12
5746 4144.72 4782.94
5747 4500.65 3190.64
5748 3059.81 266.769
5749 1225.98 4955.72
5750 1820.02 3362.76
5751 2417.55 1782.22
5752 2200.25 3625.71
5753 1637.48 623.838
5754 1653.12 2880.7
5755 4167.05 5892.16
5756 3521.25 6366.47
5757 3724.33 2830.53
5758 4616.54 994.568
5759 4775.42 2443.88
5760 4996.66 4549.38
5761 4006.25 3273.26
5762 3599.54 282.845
5763 4711.88 487.595
5764 5816.32 3521.66
5765 5485.92 23.3498
5766 2981.88 790.263
5767 1245.96 5561.66
5768 3861.22 4484.37
5769 6253.76 2780.38
5770 4995.77 470.788
5771 998.138 5562.87
5772 196.085 5649.81
5773 451.032 6099.71
5774 5270.46 1812.95
5775 3395.97 6017.43
5776 283.104 3968.72
5777 3669.87 5678.74
5778 5942.66 2933.17
5779 3179.56 864.593
5780 1809.71 700.964
5781 32.0352 1509.41
5782 3509.58 3297.63
5783 2272.72 769.855
5784 1070.29 874.425
5785 2398.66 2999.94
5786 676.197 3132.58
5787 2887.37 6362.72
5788 5130.21 4742.03
5789 4671.18 4642.19
5790 1897.48 1707.18
5791 1404.74 5238.04
5792 3756.94 6237.32
5793 3426.92 5639.72
5794 3012.6 3753.41
5795 2205.68 3447.6
5796 3200.51 6357.32
5797 1660.55 4097.22
5798 626.299 5883.4
5799 5947.67 6420.21
5800 1853.58 1282.22
5801 2147.84 5382.9
5802 378.512 2054.63
5803 2935.13 1309.51
5804 2972.61 4097.84
5805 5735.2 4796.6
5806 2259.02 6271.47
5807 1719.99 3458.74
5808 5749.06 1144.25
5809 4041.72 1300.56
5810 6321.52 4477.12
5811 3857.26 1290.66
5812 525.99 94.5086
5813 994.746 4817.89
5814 5302.16 4067.84
5815 3951.46 3513.21
5816 5207.5 3418.87
5817 6393.22 4285.81
5818 4889.5 1519.82
5819 14.4881 3818.24
5820 1970.46 1610
5821 4215.09 4699.97
5822 3816.55 3754.72
5823 838.065 128.435
5824 1342.33 2156.95
5825 2994.67 5865.35
5826 5893.97 3076.72
5827 2782.03 2606.11
5828 373.222 842.874
5829 526.325 2949.59
5830 5349.72 1116.28
5831 1846.2 3833.11
5832 6143.52 2187.62
5833 2922.51 2462.89
5834 2088.13 2435.95
5835 3547.53 3469.24
5836 2410.24 4153
5837 380.686 1502.9
5838 6334.26 6063.54
5839 2974.52 1648.77
5840 4555.81 412.754
5841 5735.82 4794.37
5842 5562.5 5529.22
5843 4784.3 2190.03
5844 3250.44 3804.96
5845 3930.64 1591.84
5846 4580.18 6025.03
5847 6293.08 133.059
5848 517.33 6352.51
5849 239.685 1489.56
5850 3242.93 2595.67
5851 1919.12 4065.71
5852 990.001 2427.23
5853 6171.59 3334.96
5854 5310.85 1581.14
5855 5059.28 4533.32
5856 3180.01 1054.59
5857 1138.58 3333.01
5858 2220.75 1674.6
5859 3926.33 4210.47
5860 1376.69 771.972
5861 530.483 475.277
5862 4307.69 5575.25
5863 4754.95 1286
5864 6042.29 2482.37
5865 369.455 5638.97
5866 954.05 4977.62
5867 3321.51 4453.8
5868 4092.29 1893.43
5869 3050.41 2227.7
5870 4177.17 3830.73
5871 4555.81 5516.57
5872 5662.5 5399.4
5873 4068.32 2506.93
5874 5693.02 2907.8
5875 1986.82 1270.13
5876 4206.53 4846.71
5877 4481.27 2104.76
5878 2877.64 4703.02
5879 1680.14 4135.02
5880 3725.76 4534.35
5881 5361.33 3222.35
5882 2614.06 16.7354
5883 1740.24 287.046
5884 4021.4 137.151
5885 2458.05 4550.93
5886 4362.44 6280.36
5887 1121.44 5792.65
5888 1591.59 3743.31
5889 1287.83 114.155
5890 2084.59 5553.52
5891 5203.09 1279.58
5892 3245.97 5387.08
5893 5755.77 2945.11
5894 1034.93 3724.2
5895 3156.77 5586.85
5896 3182.44 6458.99
5897 6107.71 6128.38
5898 1569.87 5393.96
5899 3670.82 3674.64
5900 2302.55 5583.74
5901 2811.86 2301.08
5902 2419.04 6435.44
5903 2454.61 6249.82
5904 1867.53 1299.15
5905 5971.37 1194.15
5906 3345.99 1076.93
5907 3941.64 1971.47
5908 2352.01 420.666
5909 4645.02 1912.36
5910 2355.8 4911.11
5911 705.95 1938.05
5912 4205.22 1498.22
5913 5167.92 3323.97
5914 3218.3 6402.15
5915 2729.41 3570.94
5916 3080.43 2792.14
5917 3645.4 436.734
5918 3715.02 3437.63
5919 2054.13 824.096
5920 958.461 2122.72
5921 4692.03 2482.75
5922 900.113 816.411
5923 5225.97 5663.94
5924 3604.68 306.79
5925 934.846 2120.05
5926 2437.9 1360.98
5927 5985.59 1377.35
5928 1687.84 4101.32
5929 235.908 832.966
5930 5483.88 6014.84
5931 5055.45 3171.77
5932 5497.31 2271.8
5933 5554.62 44.2598
5934 868.233 5997.94
5935 2260.65 1858.16
5936 3896.62 5657.51
5937 3810.73 5298.93
5938 3707 1938.44
5939 5340.9 2614.16
5940 5812.21 5483.79
5941 5804 6495.14
5942 2449.62 149.892
5943 610.054 2827.18
5944 106.571 5386.78
5945 1095.05 6305.11
5946 5831.1 5241.15
5947 3480.24 1585.86
5948 4241.37 5092.86
5949 498.741 2866.84
5950 5134.8 1442.19
5951 3857.04 1775.41
5952 4455.13 1827.4
5953 4780.34 6401.2
5954 3061.15 4123.88
5955 1425.08 4929.34
5956 4702.8 5117.02
5957 1243.6 6142.17
5958 6438.83 4290.84
5959 660.564 2416.43
5960 4884.18 321.889
5961 1362.51 2875.45
5962 1814.77 3009.28
5963 1389.41 5530.91
5964 4180.48 605.893
5965 6381.26 267.196
5966 663.959 4998.69
5967 6182.78 4074.94
5968 6484.56 284.726
5969 473.318 1995.31
5970 987.593 1759.2
5971 5619.5 4994.39
5972 2619.7 6109.27
5973 340.832 2345.28
5974 5449.52 932.375
5975 3063.45 1536.49
5976 2001.74 1169.7
5977 5019.86 4580.07
5978 470.309 2820.23
5979 632.732 5050.57
5980 6533.04 2733.77
5981 368.695 1857.52
5982 4026.28 1774.12
5983 3713.18 4945.16
5984 2656.69 5724.4
5985 348.026 1604.17
5986 1840 672.982
5987 4248.94 551.292
5988 2625.97 1375.69
5989 433.303 3022.22
5990 3596.54 5674.43
5991 3930.41 3111.49
5992 2832.88 586.776
5993 2125.93 17.9006
5994 1461.21 6296.95
5995 6382.02 2058.7
5996 1953.56 2468.22
5997 2951.37 679.147
5998 575.125 2577.89
5999 2070.43 3576.75
6000 632.518 3742.71
6001 1397.93 6277.88
6002 5083.75 568.342
6003 3317.98 2758.28
6004 4861.46 6023.51
6005 3246.51 254.903
6006 4406.24 5067.21
6007 2799.26 270.088
6008 1492.35 2180.13
6009 3811.05 4967.6
6010 4859.12 2932.73
6011 3380.21 5035.22
6012 5671.12 4306.01
6013 2693.67 6272.21
6014 1172.37 4672.04
6015 6125.52 3560
6016 5121.67 5858.86
6017 2760.23 4129.9
6018 6203.33 5922.68
6019 4091.86 6000.53
6020 2264.14 5149.36
6021 698.244 4245.76
6022 4137.41 5484.78
6023 5999.56 2842.51
6024 871.888 1739.6
6025 4328.81 3863.34
6026 5077.18 3940.94
6027 137.533 5564.19
6028 4314.05 4148.68
6029 3360.27 5499.64
6030 2251.05 5605.6
6031 5854.94 815.465
6032 3398.31 3276.63
6033 596.061 4001.32
6034 3409.95 5925.3
6035 774.73 1773.38
6036 2727.99 4461.85
6037 4602.62 4034.36
6038 500.408 2670.13
6039 792.364 2918.59
6040 4045.73 5052.9
6041 5474.93 3181.87
6042 4330.48 2507.62
6043 3122.32 4249.44
6044 4508.01 1209.66
6045 2939.34 6320.19
6046 3440.75 5703.29
6047 1443.84 3367.84
6048 5440.57 6084.19
6049 4760.47 4086.33
6050 2338.95 418.993
6051 3713.86 4604.49
6052 1242.82 218.425
6053 5196.32 2151.05
6054 976.287 4305.79
6055 48.2322 258.348
6056 828.382 2229.74
6057 591.798 6433.49
6058 3868.61 6419.15
6059 3714.95 4032.54
6060 2451.01 1179.13
6061 2129 3180.15
6062 3335.07 4685.27
6063 1461.04 6016.89
6064 6327.75 593.901
6065 2292.6 4727.74
6066 5057.86 5337.79
6067 1329.45 1106.09
6068 4438.81 4986.65
6069 6544.95 4722.11
6070 5218.81 4275.8
6071 5872.32 5594.02
6072 6108.16 6157.52
6073 6189.75 4839.35
6074 6547.13 4873.74
6075 573.597 6385.66
6076 5542.14 5996.59
6077 4962.89 2702.43
6078 3054.05 2838.82
6079 2141.04 2017.67
6080 4650.8 5318.38
6081 2846.95 3642.66
6082 4115.85 2780.24
6083 711.32 314.165
6084 615.414 2303.37
6085 5483.34 3804.41
6086 738.105 921.221
6087 3285.47 1334.1
6088 706.661 6096.48
6089 6011.15 4031.36
6090 4064.18 3284.08
6091 5611.47 4927.69
6092 694.558 3678.91
6093 4900.6 3036
6094 6078.89 349.657
6095 4337.37 709.158
6096 1918.01 5937.32
6097 4894.14 3250.5
6098 4155.97 4881.73
6099 1357.25 3578.12
6100 1662.54 1396.06
6101 78.7623 5746.95
6102 4252.86 6018.26
6103 6161.06 1396.25
6104 583.428 1747.31
6105 161.71 480.185
6106 6355.75 2650.17
6107 5136.69 782.381
6108 6197.35 3892.54
6109 1488.73 5242.47
6110 1953.72 2017.32
6111 3441.07 4909.52
6112 5510.35 1607.89
6113 2202.94 1910.44
6114 4870.81 5893.38
6115 586.858 427.758
6116 1845.36 3903.87
6117 3502.38 1308.42
6118 4447.87 4490.51
6119 3441.84 105.113
6120 3730.81 5142.3
6121 5731.6 6512.75
6122 1982.47 5938.85
6123 3413.64 4997.83
6124 5283.25 4840.23
6125 733.341 4004.63
6126 5510.62 2513.68
6127 2968.73 2987.85
6128 4327.14 1666.26
6129 6149.39 210.69
6130 6109.44 4069.01
6131 3935 690.847
6132 3094.25 1289.75
6133 894.753 4642.72
6134 3605.61 1148.7
6135 2518.18 3961.55
6136 1352.46 4652.94
6137 3323.08 5572.92
6138 2897.06 5846.3
6139 1501.68 5802.83
6140 2422.16 3102.55
6141 5807.48 947.842
6142 2508.52 5604.98
6143 6403.48 3527.7
6144 1116.41 6125.64
6145 531.171 1454.41
6146 3696.6 5276.73
6147 4104.89 2935.89
6148 1762.51 4531.14
6149 6379.07 2706.42
6150 2487.94 2613.95
6151 3825.09 3730.95
6152 5366.77 323.528
6153 2650.83 5261.9
6154 4223.79 5502.88
6155 1113.84 3767
6156 313.73 258.842
6157 3266.76 3920.24
6158 3698.8 1226.75
6159 483.18 4370.97
6160 4983.89 1918.62
6161 1182.41 2258.29
6162 4784.4 5775.4
6163 5702.65 1378.3
6164 5085.17 2763.12
6165 2779.48 83.5991
6166 3904.1 1303.83
6167 574.697 6456.71
6168 3479.92 1353.47
6169 4360.6 2124.85
6170 1823.16 1133
6171 3600.31 2755.02
6172 1633.87 2204.41
6173 5525.78 4296.79
6174 2112.17 4208.48
6175 3321.51 6059.47
6176 5532.65 367.192
6177 2617.48 1656.26
6178 5582.02 4868.38
6179 3641.42 5183.66
6180 905.578 412.373
6181 332.272 3223.09
6182 2832.27 5844.79
6183 3765.37 287.451
6184 3177.21 5162.76
6185 291.722 2500.68
6186 1366.72 3954.99
6187 6377.75 5808.2
6188 1444.12 846.627
6189 2160.17 4823.04
6190 2411.18 3555.84
6191 1652.08 5908.36
6192 112.251 4562.87
6193 2052.1 654.257
6194 5567.39 6445.41
6195 622.01 1002.56
6196 2296.6 4673.12
6197 443.17 283.374
6198 2088.74 2401.18
6199 6368.15 1969.51
6200 47.0299 3977.92
6201 2733.8 5273.17
6202 1932.15 2207.39
6203 3994.49 2736.5
6204 902.51 3176.93
6205 4548.89 6447.76
6206 2650.61 1274.13
6207 1772.11 3206.74
6208 438.819 4599.23
6209 6173.33 671.271
6210 455.651 4794.54
6211 6155.62 5690.64
6212 3172.65 146.524
6213 123.673 2694.49
6214 3636.58 4291.23
6215 5654.5 5198.39
6216 964.341 5556.52
6217 3223 2366.7
6218 3685.76 2124.99
6219 5882.5 754.18
6220 3412.31 5374.71
6221 4433.75 1383.73
6222 6154.64 253.772
6223 772.468 3016.17
6224 1218.53 2866.07
6225 2914.31 891.175
6226 4069.71 3499.17
6227 3425.18 1533.08
6228 4214.43 5399.07
6229 2136.82 916.843
6230 5470.92 4949.54
6231 5645.43 384.062
6232 2953.13 1685.51
6233 4886.46 2567.5
6234 1655.71 812.16
6235 2653.61 923.618
6236 5049 5893.24
6237 5391.09 4061.13
6238 1229.77 6261.23
6239 5371.12 4743.28
6240 2454.98 771.389
6241 4145.24 5201.05
6242 1014.91 6534.69
6243 5354.14 6101.73
6244 6059.37 6387.82
6245 3244.02 607.102
6246 2222.49 1854.35
6247 3243.27 636.175
6248 5263.57 6335.88
6249 3864.41 4114.93
6250 234.667 2799.97
6251 1560.98 1601.6
6252 3289.18 1642.2
6253 5671.67 5699.07
6254 638.018 814.45
6255 1902.09 2245.1
6256 1201.06 1810.01
6257 4803.53 5744.31
6258 1533.63 6195.86
6259 2558.65 470.137
6260 1970.33 4553.6
6261 4290.28 3604.08
6262 5546.21 3437.2
6263 5560.83 4605.22
6264 756.645 4111.69
6265 928.999 5680.4
6266 3435.14 1463.69
6267 2632.49 4612.13
6268 5955.74 626.539
6269 614.649 4787.34
6270 2362.39 1977.74
6271 5105.33 3863.15
6272 5376.5 4295.54
6273 4252.96 1719.17
6274 1667.94 4736.32
6275 6070.81 124.656
6276 3521.28 5807.26
6277 1859.94 3714.29
6278 3153.78 1293.52
6279 3706.25 1785.4
6280 3209.05 2898.92
6281 2987.9 4072.21
6282 2958.84 918.752
6283 4543.86 1341.53
6284 4771.1 4132.44
6285 5538.77 1542.33
6286 1342.46 5298.3
6287 5295.77 798.326
6288 4554.93 5871.35
6289 6464.76 2464.66
6290 6230.94 5664.95
6291 6458.43 3270.31
6292 3244.32 4815.54
6293 4664.37 4943.18
6294 3807.51 4005.35
6295 2737.25 1870.07
6296 20.1157 4665.82
6297 6132.53 4313.4
6298 3769.37 309.697
6299 3999.72 1037.49
6300 5776.42 1684.91
6301 3844.69 4297.2
6302 1301.8 2515.41
6303 6343.38 5745.7
6304 5541.26 1049.12
6305 4247.62 873.389
6306 654.563 1298.08
6307 5817.01 4696.19
6308 3344.32 464.241
6309 5079.23 5838.19
6310 3102.67 4670.21
6311 1484.05 6487.91
6312 3784.5 5624.03
6313 2148.5 2019.71
6314 2157.9 1510.88
6315 4798.12 1594.09
6316 1648.22 3666.38
6317 5839.54 2917.63
6318 5263.77 2985.34
6319 4303.46 3495.81
6320 4654.06 5707.23
6321 5599.7 4184.66
6322 2433.55 3744.39
6323 413.369 3586.23
6324 2509.49 1067
6325 3069.8 6257.18
6326 2284.15 5552.1
6327 1516.8 5836.13
6328 2770.58 962.683
6329 5450.77 2823.48
6330 3834.2 2485.42
6331 1662.91 570.039
6332 2163.16 890.152
6333 6264.99 3988.6
6334 2551.62 2834.92
6335 3758.97 6411.28
6336 6513.38 5625.51
6337 5095.42 2948.94
6338 5139.25 6516.17
6339 5783.15 5938.44
6340 3803.36 2538.67
6341 3149.49 6065.96
6342 3781.04 2739.43
6343 1757.98 5006.06
6344 4642.13 2068.05
6345 6532.56 5643.83
6346 3373.74 4037.93
6347 6540.46 3821.22
6348 4571.97 1736.76
6349 4995.03 3127.13
6350 965.636 3711.28
6351 6246.12 1751.33
6352 1874.81 4939.28
6353 5752.14 2490.32
6354 4686.94 3318.61
6355 1638.68 5928.94
6356 5579.43 4654.16
6357 3885.2 5818.29
6358 1064.83 2966.7
6359 3159.78 1580.09
6360 1067.7 4092.13
6361 6527.86 2321.89
6362 3073.33 6368.76
6363 4561.24 315.719
6364 1767.45 1161.22
6365 5185.13 6180.32
6366 5293.48 3830.58
6367 5761.6 2909.78
6368 4434.08 2695.16
6369 1138.57 2508.77
6370 3366.97 2035.36
6371 3198.71 434.476
6372 1504.15 3361.06
6373 4996.51 6187.39
6374 3183.1 2303.19
6375 2064.54 2279.95
6376 3614.35 2005.5
6377 4548.96 1641.71
6378 5840.11 794.635
6379 3036.46 1653.32
6380 990.709 3383.2
6381 5362.7 4905.2
6382 2177.94 812.326
6383 1670.9 4179.9
6384 2353.38 670.385
6385 5866.27 1306.27
6386 1514.66 1784.3
6387 5693.83 4799.61
6388 4268.08 3247.65
6389 2550.95 5251.47
6390 4570.61 5136.64
6391 4818.18 3139.26
6392 5079.66 1210.56
6393 3715.39 1340.75
6394 3373.39 5194.57
6395 3527.02 3445.42
6396 6337.4 1059.77
6397 2525.12 5886.77
6398 3562.88 4931.91
6399 1952.48 6219.08
6400 4840.15 5649.64
6401 1311.45 487.436
6402 4404.08 1342.53
6403 757.28 276.308
6404 2546.87 4986.61
6405 3136.75 5760.1
6406 2758.57 3172.28
6407 1447.79 1017.11
6408 5455.35 4981.17
6409 2245.04 6485.15
6410 3850.52 3682.9
6411 2235.3 4108.01
6412 6430.7 1065.57
6413 3773.77 1890.95
6414 1041.61 3629.74
6415 3067.05 3521.34
6416 5068.91 4082.17
6417 4525.57 5538.64
6418 2699.03 4126.72
6419 1629.22 3801.5
6420 3152.97 5864.14
6421 1380.57 1028.17
6422 3729 2590.06
6423 2366.33 5239.46
6424 1835.54 2418.19
6425 2920.39 3920.19
6426 770.773 4810.02
6427 4301.22 4492.92
6428 5127.56 523.608
6429 1005.06 27.9248
6430 902.119 1082.16
6431 6383.08 2919.52
6432 2649.39 617.658
6433 4895.2 3087.94
6434 5367.69 1012.46
6435 5859.14 5275.83
6436 386.749 6486.1
6437 5142.13 4860.06
6438 2912.78 3362.73
6439 5320.26 1962.4
6440 1142.2 4042.34
6441 6426.97 37.3729
6442 4966.66 3913.73
6443 4855.13 375.169
6444 1383.9 2731.7
6445 1416.33 415.339
6446 1663.08 3447.72
6447 4842.51 6197.64
6448 5610.33 1372.93
6449 4156.82 3322.2
6450 1110.54 1585.47
6451 3714.55 4552.04
6452 5171.5 6269.5
6453 2190.65 2610.18
6454 10.7411 3504.05
6455 3458.46 1469.48
6456 3617.47 6344.16
6457 5275.24 3205.21
6458 5819.28 2012.28
6459 5428.78 2179.81
6460 3905.13 2842.55
6461 4263.57 5915.19
6462 1209.6 4804.26
6463 3232.83 3969.85
6464 437.753 812.575
6465 6493.37 5878.51
6466 5654.25 5140.12
6467 2900.24 5034.98
6468 369.053 787.742
6469 3174.82 6026.69
6470 4690.3 2144.13
6471 5161.96 3691.51
6472 2832.97 950.789
6473 4494.94 2101.59
6474 2385.11 1570.72
6475 714.066 5385.38
6476 6100.19 2978.26
6477 741.709 4755.6
6478 788.612 6482.21
6479 5496.77 827.337
6480 6134.29 4602.14
6481 5476.97 5605.06
6482 4253.36 1496.68
6483 2322.61 6381.77
6484 5273.57 3230.61
6485 1128.9 2387.06
6486 3327.47 3745.5
6487 1117.74 5914.53
6488 950.899 4232.58
6489 1094.54 2879.18
6490 4682.06 1677.91
6491 60.5305 900.383
6492 4817.8 5.31814
6493 1315.67 1939.3
6494 5709.79 6338.42
6495 1539.13 360.548
6496 6073.2 878.202
6497 1285.83 1754.84
6498 4446.2 5381.32
6499 5959.29 3122.49
6500 4812.95 2953.81
6501 3594.97 2455.28
6502 2512.68 1992.44
6503 5578.64 4041.88
6504 3571.32 5563.01
6505 1664.54 5125.85
6506 3484.77 3275.35
6507 996.089 3273.53
6508 396.488 5059.8
6509 4768.81 5260.04
6510 4750.94 5153.86
6511 5660.56 6329.18
6512 602.674 4847.07
6513 2716.87 1800.62
6514 6439.95 2696.27
6515 5452.36 6384.32
6516 6353.91 3139.97
6517 2299.86 6178.04
6518 4237.15 1816.95
6519 4964.97 5457.09
6520 5645.18 87.8203
6521 689.229 2540.19
6522 4324 1931.36
6523 434.996 2114.76
6524 5885.51 2458.27
6525 4282.93 3749.66
6526 2788.41 5541.53
6527 5725.04 1777.67
6528 3491.74 3901.41
6529 1663.08 1975.39
6530 3582.96 4962.76
6531 4482.95 311.086
6532 1664.47 5986.62
6533 1189.41 6015.83
6534 1646.37 20.3903
6535 4987.07 543.702
6536 2007.83 6431.99
6537 348.452 4070.89
6538 4993.92 5347.21
6539 5897.64 3775.74
6540 1690.05 1414.22
6541 1031.8 4807.01
6542 3940.4 2805.86
6543 6385.35 5463.79
6544 165.251 441.993
6545 3920.69 872.146
6546 4653.61 2635.55
6547 2050.16 3739.63
6548 4423.35 1619.44
6549 3314.79 3997.87
6550 4312.25 192.508
6551 3582.24 5838.15
6552 2606.82 1726.48
6553 6016.93 6480.81
6554 5089.05 2727.42
6555 4161.18 996.212
6556 4300.38 3192.49
6557 4760.38 4360.91
6558 3904 5419.03
6559 166.003 3121.19
6560 3245.39 5388.16
6561 770.994 2256.71
6562 1224.39 5679.36
6563 2288.6 1817.11
6564 4227.31 2082.5
6565 3212.38 286.457
6566 4045.69 6521.76
6567 4117.55 3452.02
6568 3063.13 1174.43
6569 4702.44 1494.08
6570 4407.74 2818.93
6571 1681.08 4216.28
6572 1534.38 5630.62
6573 3355.17 1467.22
6574 4962.98 2732.46
6575 5626.81 4198.92
6576 4964.41 3077.4
6577 4724.64 5434.2
6578 6224.34 3817.89
6579 2189.09 1894.88
6580 3878.18 3196.52
6581 1787.93 701.336
6582 965.716 1896.03
6583 2689.62 6329.2
6584 2344.63 3950.65
6585 4295.72 4678.46
6586 456.79 3210.14
6587 4099.43 3217.31
6588 4195.14 1835.67
6589 2603.93 4612.1
6590 6405.91 1139.18
6591 2195.72 3672.63
6592 3234.59 3348.31
6593 1031.25 3299.53
6594 4695.34 4459.14
6595 2370.44 3055.01
6596 3683.65 1537.94
6597 246.097 4979.48
6598 790.849 1392.62
6599 2767.43 4558.08
6600 1488.83 5650.83
6601 3937.88 6310.62
6602 4449.09 5416.16
6603 5123.56 4192.91
6604 2652.11 2635.44
6605 3251.33 1576.07
6606 227.885 4305
6607 3443.77 35.1292
6608 1648.82 4223.6
6609 2543.77 4535.51
6610 4197.2 63.6265
6611 49.6554 4028.33
6612 818.477 2575.12
6613 3655.39 1933.12
6614 5745.46 5043.95
6615 2686.74 5606.63
6616 3512 5423.02
6617 4115.36 4758.23
6618 2329.42 569.14
6619 1143.91 1297.23
6620 139.839 2747.99
6621 5037.25 5472.19
6622 1655.15 5676.97
6623 6170.15 4165.62
6624 2958.97 601.922
6625 6389.27 3334.88
6626 1050.75 5394.56
6627 2942.31 5744.44
6628 1343.36 3312.96
6629 502.236 5347.79
6630 2986.74 299.216
6631 3244.31 3406.12
6632 501.287 2665.25
6633 800.2 5524.27
6634 5705.35 1787.89
6635 4427.19 6315.43
6636 3513.83 128.528
6637 589.874 5111.21
6638 3393.59 4156.86
6639 4580.86 3958.86
6640 2191.99 2926.61
6641 3172.86 3111.8
6642 1386.1 5163.29
6643 139.265 490.908
6644 2087.68 5398.89
6645 1127.26 4120.78
6646 5646.28 2548.38
6647 523.81 4430.52
6648 1138.86 2105.9
6649 6203.1 838.375
6650 3849.19 3029.44
6651 2230.89 623.009
6652 2738.4 3999.11
6653 970.399 2202.18
6654 5915.39 1430.48
6655 3461.83 5161.57
6656 2323.14 1693.99
6657 3789.28 3342.82
6658 922.75 4961.02
6659 4710.03 1860.89
6660 282.333 1112.08
6661 5707.68 139.121
6662 282.578 6402.95
6663 5337.79 2804.57
6664 3557.24 5502.68
6665 1114.6 3547.89
6666 4539.67 5817.41
6667 6544.54 1164.94
6668 6505.91 4758.66
6669 4994.64 5771.15
6670 5230.92 6019.83
6671 765.882 5451.95
6672 5699.59 2450.63
6673 5871.42 5711.28
6674 3625.15 5916.74
6675 4146.66 396.621
6676 998.304 3759.67
6677 658.112 5477.77
6678 2521.44 3363.59
6679 5523.85 180.458
6680 924.456 2212.41
6681 3148.31 4422.52
6682 5517.67 1385.37
6683 3364.54 6212.54
6684 1855.23 770.775
6685 3763.17 2456.89
6686 6278.83 805.746
6687 3205.04 2950.25
6688 4916.57 5042.14
6689 3634.17 843.782
6690 2722.43 1713.13
6691 4484.16 1919.1
6692 4794.72 4224.51
6693 2071.66 4368.8
6694 5718.23 5797.91
6695 2291.27 5997.79
6696 4766.16 673.834
6697 4993.5 5310.24
6698 1794.35 2008.61
6699 767.723 5970.55
6700 1322.93 4570.88
6701 5214.85 5831.82
6702 2423.32 3325.92
6703 1118.36 3595.76
6704 547.006 2945.13
6705 2289.25 4276.95
6706 3351.19 1595.26
6707 2587.53 1451.31
6708 1592.3 5201.27
6709 2364.72 4020.59
6710 4882.51 4063.84
6711 5962.05 3971.49
6712 3512.53 4347.07
6713 2447.45 2182.82
6714 234.104 1485.74
6715 1184.95 2967.56
6716 4706.05 6021.25
6717 6043.31 512.756
6718 5004.42 1575.96
6719 1929.73 3285.28
6720 1850.53 150.749
6721 3541.92 5783.93
6722 4464.72 5432.76
6723 4301.77 5592.14
6724 4473.64 6353.47
6725 545.316 2591.83
6726 404.476 3970.47
6727 1197.38 1290.57
6728 2018.12 1226.24
6729 2674.03 4686.87
6730 4084.97 3802.11
6731 262.378 4991.34
6732 3510.58 5041.56
6733 5716.96 4104.98
6734 1798.08 492.796
6735 870.118 402.558
6736 1300.94 6383.52
6737 2124.49 3278.98
6738 5597.8 3580.87
6739 2362.57 1866.46
6740 2923.65 4875.1
6741 3849.47 1087.25
6742 2051.02 5576.87
6743 109.452 5700.49
6744 2895.69 2414.61
6745 89.3502 2178.6
6746 5429.65 3662.89
6747 5009.34 2231.32
6748 3568.18 4308.89
6749 2808.03 3192.38
6750 1639.42 1736.17
6751 4909.02 1517.84
6752 5741.35 553.07
6753 5179.84 3693.07
6754 1634.39 3094.68
6755 6068.82 982.104
6756 4586.66 4653.48
6757 5482.95 4933.35
6758 1253.04 233.578
6759 4247.73 3991.56
6760 2984.39 2696.62
6761 6249.97 1237.67
6762 2220.25 62.1022
6763 5304.9 1115.13
6764 4790.96 5358.34
6765 2849.54 2608.36
6766 4526.93 239.115
6767 4188.14 996.866
6768 1264.99 584.483
6769 1685.63 5029.83
6770 2758.19 3288.18
6771 5097.99 10.7065
6772 2739.98 880.272
6773 2507.49 5721.26
6774 462.041 2840.77
6775 2773.46 5152.95
6776 3070.63 3203.22
6777 4273.13 6074.05
6778 6317.91 916.867
6779 3243.85 4202.15
6780 5124.26 4610.74
6781 5294.18 4371.78
6782 980.347 2.42695
6783 4421.98 4050.33
6784 4277.69 3278.07
6785 46.7426 399.595
6786 821.722 1644.16
6787 4847 2483.31
6788 306.251 1288.16
6789 4717.52 3217.42
6790 6264.69 1341.9
6791 5920.74 5295.33
6792 2907.5 4946.47
6793 6428.36 2412.25
6794 2826.05 2919.21
6795 3095.88 5108.16
6796 3638.6 5665.97
6797 2974.75 3087.27
6798 6103.04 4873.11
6799 5004.81 5283.04
6800 5382.94 2598.72
6801 544.211 4147.45
6802 2002.31 1628.49
6803 4467.49 2010.85
6804 5418.39 1415.38
6805 5702.66 571.4
6806 3026.73 1381.59
6807 3646.08 6316.77
6808 625.832 1797.94
6809 4966.72 5148.75
6810 2041.19 4194.56
6811 1614.85 2926.59
6812 4455.17 1284.31
6813 3755.22 3728.17
6814 6009.1 168.938
6815 645.65 5788.25
6816 1919.19 2781.84
6817 4264.35 3953.27
6818 3420.75 6528.5
6819 5604.48 3041.69
6820 1111.81 2313.25
6821 2587.8 3058.25
6822 4630.17 1446.05
6823 4732.82 1750.97
6824 3114.36 2392.11
6825 3120.27 6323.58
6826 4289.96 3319.6
6827 4207.41 796.179
6828 4151.01 3701.5
6829 3001.06 4131.63
6830 4227.32 3289.69
6831 958.013 5858.66
6832 3681.65 4781.03
6833 4373.97 5005.86
6834 6344.55 1170.05
6835 855.767 3860.37
6836 4993.49 1744.37
6837 6085.08 5481.33
6838 4137.14 4915.58
6839 6213.69 342.742
6840 1110.09 5634.23
6841 2712.61 890.546
6842 688.837 5992.72
6843 739.157 3589.19
6844 953.534 1553.35
6845 5812.29 2641.32
6846 1490.04 2604.57
6847 5941.13 3058.42
6848 5206.47 5933
6849 2723.19 2503.48
6850 5320.73 1824.97
6851 6465.53 228.077
6852 1910.98 5095.96
6853 5958.81 1201.29
6854 4634.55 1593.54
6855 1268.02 2066.9
6856 3629 4599.86
6857 468.276 750.491
6858 6318.71 1873.6
6859 3549.99 2215.35
6860 6179.38 2144.83
6861 5815.23 4511.75
6862 1689.11 5585.9
6863 1580.14 269.926
6864 3951.3 6307.21
6865 3119.39 6552.44
6866 3564.64 4156.61
6867 1665.14 6103.31
6868 2175.39 4869.91
6869 1.56733 2834.19
6870 6280.33 6028.9
6871 2050.31 6144.3
6872 4510.4 3163.61
6873 5357.37 2264.3
6874 2863.02 1488.84
6875 6166.71 2093.43
6876 5054.92 1120.2
6877 1620.1 5840.86
6878 1866.29 1478.29
6879 3189.31 1022.9
6880 3759.01 859.204
6881 3862.69 4327.04
6882 5161.43 1280.02
6883 1218.45 4124.02
6884 6067.42 1978.44
6885 1187.41 5720.18
6886 4496.65 5816.29
6887 4081.86 1446.08
6888 3560.39 830.961
6889 2114.23 5738.25
6890 4530.1 371.228
6891 2357.56 5638.63
6892 834.755 5158.11
6893 526.006 771.091
6894 3807.79 2199.64
6895 254.978 1718.84
6896 3365.29 3733.89
6897 5671.18 937.523
6898 3575.67 2751.77
6899 5198.36 2068.64
6900 609.834 1597.25
6901 3387.05 4830.51
6902 2357.61 1752.55
6903 1060.47 6497.24
6904 4699.01 172.659
6905 4466.68 6363.19
6906 1973.56 887.594
6907 5935.93 3033.57
6908 136.987 559.63
6909 2665.28 2587.11
6910 681.074 6442.92
6911 4808.43 2827.41
6912 2412.76 4404.33
6913 2187.79 3077.42
6914 1180.65 6251.1
6915 5089.19 3510.96
6916 454.193 1946.81
6917 696.397 4277.27
6918 4569.81 1983.53
6919 2563.01 1542.84
6920 3160.73 3170.72
6921 5903.08 3456.4
6922 2607.6 3848.63
6923 4485.85 4366.99
6924 3706.23 929.357
6925 6225.13 2115.59
6926 829.63 4058.88
6927 6217.75 2497.01
6928 5259.63 5530.01
6929 5374.69 5797.46
6930 2673.65 5984.98
6931 1132.31 1654.12
6932 3311.5 2955.66
6933 6492.01 2461.09
6934 235.754 1868.58
6935 3473.11 4116.51
6936 4076 5869.32
6937 1652.42 5978.06
6938 514.606 2378.54
6939 886.83 4613.76
6940 2355.13 412.226
6941 199.582 6176.21
6942 2213.73 1389.76
6943 5141.28 1206.82
6944 4399.58 287.302
6945 5566.88 4061.56
6946 585.876 340.063
6947 3646.68 986.77
6948 3794.03 2680.99
6949 180.223 5915.27
6950 2730.43 5383.29
6951 2301.37 1139.55
6952 2278.94 2777.56
6953 1525.08 1959.71
6954 771.719 2059.11
6955 1512.59 305.347
6956 3430.23 5366.2
6957 887.188 5290.57
6958 5777.91 649.61
6959 1823.44 2771.69
6960 1147.17 4906.07
6961 1735.25 5371.06
6962 5686.13 3002.65
6963 6444.44 3079.22
6964 528.615 1786.77
6965 3829.64 2681.02
6966 5576.49 1878.34
6967 2692.9 5196.01
6968 3339.34 4402.91
6969 1705.43 5373.06
6970 4667.27 2646.22
6971 2186.86 516.013
6972 795.412 2611.02
6973 525.117 4394.35
6974 4004.13 4259.74
6975 4063.67 1317.71
6976 2544 1630.24
6977 5861.6 594.009
6978 1486.73 5173.41
6979 1773.09 4520.9
6980 1464.26 6546.96
6981 2171.36 5176
6982 3542.86 812.306
6983 4314.02 3952.31
6984 1045.8 1366.68
6985 1510.19 760.706
6986 552.852 5431.57
6987 872.103 2016.99
6988 5619.9 5239.52
6989 1070.98 5546.51
6990 5391.69 1206.64
6991 1335.18 5203.66
6992 6098.72 346.283
6993 4936.2 6043.06
6994 3111.65 3465.31
6995 5125.75 5308.54
6996 5037.12 2303.93
6997 4143.82 6474.76
6998 1024.73 2629.03
6999 1621.96 2260.98
7000 3597.02 2145.96
7001 3790.89 2554.92
7002 159.798 2941.67
7003 3171.97 2295.61
7004 4684.08 5090.19
7005 670.357 2298.36
7006 4312.33 246.014
7007 6522.55 4755.46
7008 2986.37 3428.58
7009 4777.18 2108.08
7010 3594.96 5413.71
7011 2840.83 6540.81
7012 2492.06 1197.42
7013 3581.39 4134.27
7014 460.713 730.941
7015 936.561 1886.75
7016 758.006 6133.45
7017 5261.25 5745.5
7018 1777.26 6542.38
7019 5832.08 1450.42
7020 635.561 1222.95
7021 3907.81 5378.03
7022 5626.82 3730.64
7023 3339.21 4438.66
7024 1574.29 1168.78
7025 1466.53 5286.58
7026 3428.04 1113.46
7027 2088.42 5194.76
7028 5349.68 463.537
7029 1137.63 1047.79
7030 2744.33 5206.37
7031 5555.71 1097.85
7032 1478.47 1089.2
7033 4231.52 387.849
7034 1077.08 2576.16
7035 1656.83 3885.88
7036 548.444 5376.72
7037 3534.49 4583.43
7038 5689.78 5643.58
7039 2305.22 1944.5
7040 1553.91 4231.49
7041 1.87677 1177.81
7042 3678.62 4483.08
7043 706.964 6046.77
7044 2498 2041.38
7045 2320.02 2423.78
7046 4871.34 1746.92
7047 5840.23 6020.5
7048 9.31902 473.961
7049 3663.03 5589.98
7050 3217.09 5735.35
7051 6260 4919.39
7052 2326.36 1451.49
7053 2917.05 5444.02
7054 2878.91 1132.49
7055 3696.04 5863.37
7056 3160.63 162.362
7057 6088.38 3873.92
7058 75.2088 1207.23
7059 1000.64 3535.55
7060 4448.36 125.789
7061 336.534 3202.64
7062 3644.05 3985.98
7063 2793.97 5698.63
7064 3754.34 5014.7
7065 5469.06 5482.35
7066 6068.31 4117.32
7067 3713.26 5818.82
7068 4330.58 5050.63
7069 2156.68 325.283
7070 3978.48 4865.23
7071 1013.34 6107.36
7072 556.187 6279.24
7073 2677.5 1060.72
7074 6122.11 5067.56
7075 4690.81 117.633
7076 986.26 1937.03
7077 5289.41 6439.58
7078 2874.58 5968.67
7079 2150.65 1103.09
7080 1887.96 2098.1
7081 5826.28 1939.59
7082 10.1116 2016.52
7083 5414.31 6477.61
7084 4319.85 1974.9
7085 2632.16 5509.18
7086 3625 92.2424
7087 5059 5012.13
7088 6365.92 3127.15
7089 2564.71 1430.66
7090 5628.62 3780.42
7091 6460.41 2122.18
7092 2799.24 2268.23
7093 5815.99 3104.68
7094 5002.68 4613.48
7095 4503.57 5888.79
7096 2313.35 2316.81
7097 4170.86 113.729
7098 156.97 2597.35
7099 3417.91 6126.38
7100 6239.79 2026.85
7101 1728.6 2700.85
7102 4605.84 3210.12
7103 2401.26 3380.94
7104 5623.87 4885.35
7105 232.681 5036.9
7106 3277.74 6021.18
7107 617.96 4931.18
7108 5820.35 307.974
7109 2416.82 3435.39
7110 5310.18 2426.28
7111 2651.91 1207.86
7112 4226.32 1773.78
7113 451.643 5406.4
7114 6144.09 3573.6
7115 489.692 2460.38
7116 4680.62 1108.03
7117 6455.95 5778.06
7118 6211.78 969.454
7119 3539.35 3227.04
7120 4332.87 1050.2
7121 6493.2 2750.79
7122 6291.39 3156.71
7123 2471.31 3670.17
7124 4473.35 706.499
7125 1386.65 554.989
7126 118.229 2842.6
7127 410.517 1847.24
7128 1132.87 5583.32
7129 3686.29 6552.79
7130 4870.51 2643.53
7131 834.975 2601.36
7132 5821.34 5150.49
7133 2382.89 1928.12
7134 3497.43 4599.91
7135 1262.4 5479.42
7136 4446.31 4221.13
7137 4321.98 1653
7138 774.884 2929.44
7139 6334.24 2810.44
7140 4289.94 729.392
7141 2106.4 3441.2
7142 5575.68 1005.61
7143 4244.05 5528.66
7144 326.627 69.5114
7145 6353.15 5153.32
7146 5549.43 4081.53
7147 6294.87 4983.37
7148 4272.36 642.209
7149 6473.71 513.764
7150 2017.61 5692.76
7151 4060.87 1630.41
7152 3928.04 4148.49
7153 6548.66 979.676
7154 5824.07 1905.32
7155 6010.92 1332.18
7156 2858.21 5007.81
7157 1249.29 4835.67
7158 2452.89 5939.53
7159 6546.94 975.206
7160 4.20167 5425.47
7161 531.599 1078.68
7162 4012.41 2568.62
7163 1467.38 4115.63
7164 5793.74 3039.03
7165 2830.39 3201
7166 105.538 2883.41
7167 776.997 3652.95
7168 3062.35 1614.45
7169 1637.53 28.2382
7170 5181.57 778.878
7171 6321.03 6378.55
7172 3658.11 538.887
7173 694.647 4545.09
7174 5157.42 277.336
7175 131.435 4532.18
7176 531.682 2529.57
7177 4169.36 1835.15
7178 141.681 1833.8
7179 2976.13 4998.35
7180 13.1011 6490.28
7181 979.168 1084.75
7182 952.237 875.506
7183 5381.99 2208.78
7184 1603.18 3268.04
7185 2033.61 5741.91
7186 6263.14 777.735
7187 1562.76 6196.76
7188 5368.83 5092.31
7189 6302.35 3889.71
7190 719.281 4859.76
7191 6359.08 5168.02
7192 5541.05 1537.72
7193 1240.53 5448.28
7194 2008.82 5250.22
7195 5496.21 3194.7
7196 5433.22 2355.13
7197 4477.98 162.36
7198 3142.37 605.233
7199 1168.39 5854.46
7200 2574.26 5894.06
7201 3784.85 196.249
7202 3114.01 3822.72
7203 4948.8 2543.98
7204 144.903 5024.74
7205 4218.78 1003.08
7206 5480.42 4215.9
7207 1817.74 5905.25
7208 332.885 63.0211
7209 5239.09 335.529
7210 1097.92 4958.86
7211 201.583 3164.88
7212 274.905 5430.71
7213 4609.35 6469.25
7214 5166.89 384.439
7215 3743.18 4121.26
7216 5021.35 3786.56
7217 4242.87 940.469
7218 6480.34 323.616
7219 2091.08 2686.99
7220 4391.09 2012.09
7221 5377.64 2260.67
7222 1761.37 1449.19
7223 4027.22 238.317
7224 6383.47 6407.77
7225 2405.91 4970.85
7226 4195.15 3567
7227 3466.35 6412.16
7228 1639.97 4984.29
7229 2961.95 3922.61
7230 3378.35 3669.67
7231 3023.94 2241.14
7232 605.125 4068.05
7233 5319.69 2744.13
7234 1013.41 6109.98
7235 5388.53 1416.6
7236 5764.84 3905.54
7237 3093.54 4446.53
7238 2431.1 686.35
7239 2432.64 3740.54
7240 2466.85 318.701
7241 6368.28 3052.6
7242 1291.56 6160.34
7243 3479.17 5736.09
7244 898.704 3418.42
7245 2322.99 2827.33
7246 3651.75 5215.86
7247 2624.93 1609.19
7248 1571.75 3119.23
7249 5055.51 5477.83
7250 713.808 2072.25
7251 5416.47 5991.3
7252 2323.07 5361.01
7253 402.091 4835.18
7254 2153.56 4870.51
7255 248.011 4276.09
7256 2628.1 6476.12
7257 1020.94 6474.96
7258 1710.66 6091.6
7259 6248.16 5155.17
7260 5774.41 6011.34
7261 3140.72 5527.78
7262 664.932 5554.59
7263 4512.96 6411.44
7264 3499.11 4011.64
7265 1616.55 4052.28
7266 1615.57 2996.37
7267 1454.68 5935.21
7268 2499.18 3961.28
7269 4116.09 819.572
7270 5354.08 1382.79
7271 1647.83 5488.87
7272 4151.03 4821.61
7273 6226.68 6173.79
7274 860.467 1476.72
7275 5901.65 6340.86
7276 3429.37 270.976
7277 3186.58 2712.69
7278 1072.15 2002.53
7279 2033.35 5756.29
7280 4227.84 5126.51
7281 1375.35 2913.9
7282 3047.05 4993.11
7283 5901.42 3197.22
7284 735.046 4367.26
7285 1686.62 3289.76
7286 5881.84 2531.23
7287 1984.36 2531.39
7288 1917.24 2033.8
7289 1358.09 6000.78
7290 1470.77 2217.02
7291 3658.35 1731.37
7292 5996.85 2888.86
7293 3839 2751.57
7294 4787.64 6343.8
7295 4390.36 2929.16
7296 4516.13 751.091
7297 4234.55 3348.34
7298 4389.18 4235.43
7299 5610.15 283.142
7300 4055.68 80.9819
7301 2544.54 670.348
7302 785.642 3213.19
7303 4319.79 473.637
7304 3120.97 2319.71
7305 4972.02 6165.54
7306 3159.41 4617.92
7307 3602.17 3640.84
7308 3645.26 498.745
7309 2509.28 6251.19
7310 4417.64 5105.17
7311 155.933 3761.17
7312 2680.96 1478.76
7313 4652.57 3476.29
7314 2056.01 576.389
7315 5493.08 393.3
7316 4183.33 3409.23
7317 4153.34 3998.4
7318 3097.23 1263.78
7319 2330.6 4265.77
7320 4018.56 6355.21
7321 1528.87 1501.9
7322 5061.73 3.38645
7323 3053.06 4282.47
7324 5216.87 6275.74
7325 5837.15 3180.01
7326 4665.26 2233.15
7327 25.0545 5245.88
7328 6137.99 400.811
7329 3632.2 304.303
7330 5439.23 4993.47
7331 5282.65 4263.84
7332 4987.57 2480.7
7333 6048.17 2286.33
7334 1722.48 2374.12
7335 65.5846 3363.38
7336 878.748 16.5876
7337 1016.59 5126.49
7338 338.61 4136.16
7339 465.202 1766.12
7340 5383.35 5569.84
7341 1979.41 4659.04
7342 2831.17 1227.39
7343 398.357 535.904
7344 4008.46 6131.2
7345 3720.21 3318.51
7346 3923.32 1829.37
7347 5665.22 5804.72
7348 5939.57 862.532
7349 3679.27 4342.65
7350 2803.77 2795.93
7351 2003.56 2317.67
7352 2389.74 4378.52
7353 3066.26 4965.48
7354 5052.33 6148.09
7355 5863.72 4708.48
7356 4208.5 5434.78
7357 3257.06 1782.7
7358 1414.74 5278.03
7359 5751.68 4017.64
7360 2503.74 1027.07
7361 4525.48 5536.48
7362 4283.94 4425.86
7363 4290.69 6356.43
7364 282.503 4223.37
7365 4707.02 6375.23
7366 4102.1 2542.34
7367 99.1759 4920.3
7368 4370.89 2900.37
7369 6470.97 1993.09
7370 3141 4211.69
7371 546.739 4086.06
7372 1243.47 3970.47
7373 3655.27 5558.91
7374 2614.41 2764.6
7375 186.427 5056.62
7376 4692.06 4399.79
7377 5136.78 4230.94
7378 728.977 6481.94
7379 4118.99 3440.14
7380 2393.7 5203.5
7381 2816.76 2736.6
7382 965.832 879.897
7383 3544.36 491.327
7384 6453.41 3241.34
7385 4407.47 3807.38
7386 5828.99 1084.32
7387 4371.57 3912.78
7388 4740.01 387.071
7389 4614.2 2494.57
7390 934.364 3035.04
7391 5269.04 1568.35
7392 3184.37 4409.51
7393 685.12 674.623
7394 6127.44 3029.35
7395 1181.7 5478.82
7396 2671.52 6058.13
7397 1362.29 6521.94
7398 6105.31 4809.05
7399 3553.59 5373.89
7400 4548.52 2412.06
7401 2818.3 5906.35
7402 5236.93 2213.09
7403 2766.2 3890.12
7404 3111.69 3786.72
7405 6392.89 3761.57
7406 4695.68 595.727
7407 5320.05 5092.29
7408 3496.65 4450.13
7409 2225.65 673.731
7410 2623.7 4922.52
7411 4500.15 1166.94
7412 2116.68 4539.27
7413 1347.56 3318.93
7414 1185.39 2257.99
7415 4830.08 2620.27
7416 715.855 5006.08
7417 924.331 3242.76
7418 4743.87 3743.84
7419 893.073 5083.69
7420 4165.31 5698.82
7421 2754.53 3458.59
7422 356.436 5766.53
7423 5976.09 5547.97
7424 6279.32 5194.44
7425 1091.18 3598.81
7426 4846.49 4083.83
7427 6010.66 4436.68
7428 5923.01 123.382
7429 294.932 3776.34
7430 6317.06 5986.14
7431 6485.62 3042.22
7432 464.883 5054.39
7433 1768.1 5159.93
7434 4968.86 1030.78
7435 3079.87 16.0082
7436 3212.47 4803.58
7437 1652.74 1752.44
7438 1967.06 3890.2
7439 2513.83 6034.8
7440 201.243 1924.07
7441 871.881 375.634
7442 5251.29 3261.98
7443 5828.21 1590.15
7444 5915 4211.8
7445 4901.67 5512.06
7446 6223.93 5046.06
7447 2420.76 1981.29
7448 3955.89 5198.66
7449 5439.83 1629.73
7450 49.7475 2241.1
7451 1632.85 3675.23
7452 1538.36 2177.83
7453 2940.42 5514.66
7454 5542.95 1284.36
7455 2888.38 2787.2
7456 3484.41 1254.67
7457 5149.19 688.256
7458 2150.92 4156.23
7459 1499.15 3652.45
7460 1014.1 1957.55
7461 3798.43 5960.18
7462 4784.61 116.093
7463 2343.07 4366.79
7464 463.059 2573.45
7465 6009.31 3426.67
7466 11.2498 3352.85
7467 3063.34 3706.16
7468 1192.78 2572.99
7469 5274.79 3272.13
7470 2696.17 228.035
7471 5356.87 3291.25
7472 4940.53 5728.31
7473 3483.69 1008.61
7474 4775.88 5163.63
7475 2304.89 2554.73
7476 1714.74 2935.36
7477 309.473 1663.64
7478 5486.72 1550.22
7479 3327.37 3189.22
7480 4871.29 6257.91
7481 4303.54 2106.13
7482 2526.18 6319.62
7483 1066.05 5546.89
7484 2582.35 937.519
7485 3462.23 2816.35
7486 449.291 5050.16
7487 892.688 5698.24
7488 3524.31 2886.21
7489 1300.52 90.4047
7490 3438.81 2074.58
7491 629.128 1347.99
7492 2748.38 3711.55
7493 471.89 1094.92
7494 1765.95 4903.96
7495 711.473 5781.47
7496 2793.93 2606.8
7497 4379.91 3409.78
7498 5293.39 6554.1
7499 1529.44 780.001
7500 2112.59 3045.23
7501 5325.87 3633.49
7502 5074.82 5070.67
7503 4663.81 3680.63
7504 1711.69 574.375
7505 4982.88 5377.01
7506 268.495 28.3159
7507 5407.55 414.231
7508 898.102 4050.33
7509 984.471 3547.26
7510 5209.8 125.203
7511 2594.67 2.87105
7512 4659.02 6548.47
7513 865.09 2285.91
7514 1361.34 2973.76
7515 3109.42 1279.56
7516 4030.07 3906.27
7517 4773.89 2755.91
7518 470.131 1761.74
7519 978.802 5590.58
7520 2644.95 2724.6
7521 5718.43 6221.31
7522 1819.64 1767.49
7523 56.1078 2520.47
7524 3500.56 2884.78
7525 5427.4 2180.15
7526 5802.32 5912.28
7527 2845.77 5277.64
7528 928.251 6254.44
7529 985.991 3671.77
7530 3078.15 227.47
7531 4551.12 4232.25
7532 4531.13 3358.52
7533 4723.2 5252.59
7534 2422.9 2516.92
7535 3760.15 3411.85
7536 5584.28 3648.76
7537 4303.26 5537.34
7538 5610.8 2939.17
7539 4602.22 5323.64
7540 3102.32 3555.49
7541 1950.04 1832.45
7542 1797.46 5799.51
7543 3608.02 1559.13
7544 15.8162 6480.37
7545 6460.71 6384.88
7546 734.152 1254.59
7547 5486.29 65.4116
7548 4179.23 3729.39
7549 4733.82 5541.55
7550 3245.01 248.248
7551 2533.74 3124.74
7552 1108.54 1432.83
7553 4661.85 922.908
7554 5237.98 6337.26
7555 2907.46 3417.45
7556 2184.56 223.618
7557 127.262 2868.92
7558 5609.27 2842.36
7559 5391.77 5568.16
7560 3293.31 6329.55
7561 4061.83 5137.49
7562 3237.07 4468.36
7563 2780.95 4268.55
7564 5158.48 1104.99
7565 2096.61 3584.04
7566 3858.07 3586.02
7567 3902.81 3696.01
7568 2019.62 4522.56
7569 1085.79 405.884
7570 196.902 962.293
7571 3642.97 4347.39
7572 2787.37 1792.56
7573 3734.61 3489.45
7574 3700.63 3589.36
7575 62.0969 250.441
7576 2523.1 507.196
7577 5437.1 4880.27
7578 2440.05 6528.94
7579 5114.33 2041.78
7580 5938.74 2292.82
7581 2368.65 1021.92
7582 3889.71 3918.66
7583 5995.21 36.0475
7584 5186.76 1973.19
7585 2905.54 5425.53
7586 4291.06 1914.79
7587 6338.76 4940.61
7588 1282.85 2250.03
7589 1627.02 1780.03
7590 883.631 1528.64
7591 3413.18 3197.84
7592 34.4701 3166.85
7593 3874.45 2612.95
7594 4037.64 4404.31
7595 2429.3 629.596
7596 174.091 4284.27
7597 2413.65 5925.09
7598 512.337 5954.18
7599 4096.24 4977.17
7600 4198.57 1566.79
7601 602.282 2281.39
7602 5507.53 4706.08
7603 3637.9 5474.5
7604 6002.01 1380.1
7605 2017.4 2960.24
7606 5554.63 1331.11
7607 5793.25 1545.3
7608 1069.16 4729.51
7609 5416.02 4178.54
7610 4974.86 4235.65
7611 3673.81 5403.07
7612 6292.09 920.897
7613 4738.45 4352.39
7614 5599.98 5340.96
7615 3349.77 3493.33
7616 6477.47 5286.75
7617 2441.47 1102.94
7618 3540.1 742.812
7619 626.247 3234.12
7620 800.228 1112.61
7621 4968.72 5115.07
7622 4757.53 927.646
7623 843.746 5226.73
7624 1686.08 5508.74
7625 2797.89 5291.03
7626 937.505 1645.08
7627 4830 1511.14
7628 4495.09 2194.8
7629 4714.41 1764
7630 2430.35 6505.05
7631 3605.97 4613.74
7632 5398.94 3747.7
7633 2353.26 5155.21
7634 1689.43 2699
7635 1186.79 2800.85
7636 2127.38 5463.6
7637 2128.7 3150.18
7638 6432.52 1662.94
7639 763.859 2649.73
7640 2945.4 4230.21
7641 6110.46 4445.06
7642 5619.74 6157.74
7643 709.672 512.155
7644 1776.33 4471.93
7645 2506.05 15.952
7646 3015.87 386.457
7647 1969.24 1235.63
7648 5386.87 6257.45
7649 6108.07 3336.04
7650 2227.86 2490.76
7651 750.195 6189.1
7652 5069.68 2374.28
7653 1586.04 3029.12
7654 1453.45 4400.67
7655 2791.19 6319.28
7656 5725.97 624.103
7657 4376.31 3823.59
7658 363.257 767.74
7659 3106.64 3199.4
7660 3432.49 1935.38
7661 2749.53 5515.61
7662 6036.69 3334.54
7663 1617.94 2351.69
7664 2270.31 4745.48
7665 5859.07 3911.34
7666 6165.28 6289.75
7667 1708.47 4452.84
7668 2748.6 4090.84
7669 510.475 1021.77
7670 2056.13 3631.17
7671 5199.49 1085.91
7672 1334.93 1422.02
7673 5050.28 3730.76
7674 5799.16 6267.68
7675 4793.36 2008.23
7676 1964.15 4979.4
7677 4555.68 1843.91
7678 5282.43 6164.52
7679 6470.61 5682.83
7680 2151.87 1268.43
7681 2902.7 6490.25
7682 2320.7 6246.01
7683 4960.82 350.898
7684 443.342 4239.37
7685 3979.55 5519.83
7686 5205.17 4223.04
7687 1111.46 4318.07
7688 880.078 2215.65
7689 3679.34 1849.25
7690 3246.23 1058.57
7691 4168.05 2057
7692 5897.8 2076.4
7693 2781.87 6428.54
7694 4493.01 4527.21
7695 5525.06 5153.04
7696 4333.2 3444.35
7697 2384.03 798.286
7698 4388.87 1094.2
7699 164.011 3296.62
7700 6207.27 4996.55
7701 3060.87 2057.87
7702 4302.48 3375.1
7703 594.16 2013.95
7704 5029.46 4586.59
7705 2452.32 716.779
7706 2213.65 2967.67
7707 1452.07 3902.38
7708 2751.7 3611.97
7709 6385.86 2184.9
7710 5650.92 3902.14
7711 1049.49 5662.29
7712 2649.01 1331.1
7713 4727.82 1610.1
7714 2096.26 5646.98
7715 574.001 1938.89
7716 199.783 6427.59
7717 2352.34 5467.31
7718 3479.45 5265.51
7719 243.373 3208.86
7720 6387.87 1099.89
7721 5505 3926.03
7722 3320.24 5956.23
7723 1477.62 4238.71
7724 375.199 2365.32
7725 4034.92 3681.69
7726 6414.99 5522.91
7727 917.877 883.684
7728 168.266 4793.37
7729 5365.67 234.66
7730 2488.27 2327.27
7731 4593.73 4815.61
7732 5468.87 3340.19
7733 6250.68 3562.1
7734 3623.74 1856.15
7735 5298.9 4581.43
7736 2463.35 3957.28
7737 4239.44 2909.28
7738 770.153 6425.54
7739 105.821 296.769
7740 3493.35 6049.38
7741 5984.78 5891.55
7742 5869.67 4557.89
7743 2349.16 3752.56
7744 3822.8 3087.9
7745 5320.24 5697.74
7746 1816.83 5206.03
7747 3387.08 2478.26
7748 6311.87 5873.89
7749 375.72 5829.64
7750 780.452 6535.57
7751 1462.2 2824.65
7752 3875.05 3800.82
7753 849.881 1369.98
7754 2532.91 5015.05
7755 2562.42 1010.52
7756 24.4602 2872.61
7757 2919.63 1756.57
7758 2946.34 4683.38
7759 5549.68 3561.8
7760 6528.08 5541.42
7761 4826.32 6083.37
7762 4241.88 692.109
7763 2142.63 698.085
7764 6128.19 1856.2
7765 5497.02 3751.2
7766 4798.76 2774.81
7767 318.352 3768.83
7768 2612.54 4334.17
7769 4480.55 372.131
7770 4793.84 2297.59
7771 2776.2 4819.93
7772 1764.33 4351.37
7773 5330.25 4857.64
7774 4608.95 5259.18
7775 644.781 5763.2
7776 6264.41 610.424
7777 3660.37 356.17
7778 3350.93 3686.9
7779 3213.3 3474.03
7780 6247.05 5659.65
7781 3854.2 5113.25
7782 6394.73 5223.66
7783 3996.74 4739.37
7784 4148.27 2657.64
7785 5416.13 1505.6
7786 3532.25 5018.79
7787 1960.31 5368.3
7788 4449.56 2700.89
7789 6056.14 4448.46
7790 1287.72 4886.95
7791 2808.94 62.6382
7792 4426.3 1981.43
7793 1008.69 5782.48
7794 3217.32 3466.17
7795 5676.08 5808.93
7796 3316.33 5570.95
7797 5144.02 2896.22
7798 358.945 5935.02
7799 4039.51 5395.21
7800 4136.14 1329.36
7801 4937.7 1397.48
7802 3050.17 1490.18
7803 1133.12 6102.01
7804 1550.7 3619.27
7805 5489.41 3994.39
7806 2980.28 4094.64
7807 1723.6 3357.19
7808 1766.94 371.733
7809 1955.8 1912.96
7810 6287.47 3604.68
7811 6080.96 5204.27
7812 3317.57 5819.15
7813 3783.04 5903.93
7814 1538.35 5439.71
7815 2215.08 114.506
7816 56.434 5250.1
7817 1153.03 5268.7
7818 6194.26 2.5033
7819 1029.7 5683.21
7820 1264.84 2026.41
7821 2204.83 6144.16
7822 2373.53 5187.51
7823 1294.65 3114.89
7824 6543.37 5036.2
7825 2756.1 3828.6
7826 5752.31 1848.71
7827 1696.8 4147.73
7828 1044.18 4826.7
7829 930.601 6496.62
7830 2648.78 4464.34
7831 467.283 4083.9
7832 2825.68 1298.08
7833 4846.2 4380.13
7834 2643.66 4548.07
7835 3838.91 213.811
7836 4506.79 67.8994
7837 3738.61 5434.65
7838 2307.02 3495.34
7839 2963.39 6219.15
7840 4815.4 5250.4
7841 5860.7 1880.66
7842 3312.64 3421.99
7843 6554.36 1165.54
7844 2185.83 5488.01
7845 5338.39 5307.3
7846 3838.8 598.871
7847 3206.8 5211.75
7848 697.177 4226.97
7849 3295.9 5672.17
7850 2310.77 4538.19
7851 1211.97 3381.52
7852 1989.63 2062.23
7853 3996.87 6387.33
7854 1838.07 6401.19
7855 2674.78 39.3686
7856 3811.05 424.03
7857 264.717 1583.77
7858 391.309 5501.33
7859 691.374 6321.57
7860 2465.22 1822.66
7861 4992.87 1247.71
7862 1002.34 2886.86
7863 4659.94 1387.4
7864 506.142 2680.28
7865 6026.66 572.835
7866 1299.54 557.02
7867 296.723 4677.31
7868 347.757 6388.02
7869 6286.06 3068.86
7870 348.235 1277.86
7871 6217.76 2452.02
7872 5944.25 565.928
7873 2590.71 3769.53
7874 5661.37 2205.22
7875 1027.78 2774.7
7876 5970.39 4348.46
7877 194.656 925.452
7878 1645.21 672.478
7879 773.727 1440.96
7880 1225.07 1294.14
7881 5378.96 4783.23
7882 4019.05 5998.95
7883 3669.97 3471.81
7884 148.802 2971.79
7885 6090.6 6445.12
7886 1278.06 5950.01
7887 4923.4 6303.37
7888 3613.32 4891.74
7889 309.339 6026.12
7890 3586.79 1126.21
7891 4281.71 3591.53
7892 1493.47 2385.28
7893 2142.33 3308.36
7894 3975.56 6532.18
7895 2651.69 5208.55
7896 695.404 4778.99
7897 4892.47 2140.62
7898 1484.09 3407.85
7899 756.557 5271.83
7900 3393.74 1174.58
7901 5431.36 1841.19
7902 3934.65 2235.64
7903 4512.5 854.514
7904 4677.82 3784.15
7905 1373.38 2666.09
7906 6328.31 3002.36
7907 2892.64 2307.77
7908 2195.12 3253.29
7909 5839.3 3238.19
7910 2552.59 1273.41
7911 2451.85 2821.46
7912 3791.34 981.139
7913 6097.06 3523.13
7914 2651.55 3318.16
7915 3553.82 521.036
7916 2368.76 1187.71
7917 3004.36 5038.48
7918 5303.98 6001.49
7919 2309.76 2985.56
7920 4699.03 424.084
7921 1983.9 5627.88
7922 4949.2 2917.86
7923 1761.77 2119.52
7924 1971.28 1286.83
7925 1630.85 5685.02
7926 71.2564 419.501
7927 6539.76 6216.94
7928 747.227 1735.14
7929 3043.75 2636.86
7930 3272.25 3446.75
7931 2275.45 5593.24
7932 1897.37 2262.66
7933 639.639 521.378
7934 1624.86 5658.08
7935 3125.7 3903.63
7936 2047.33 4279.28
7937 3210.49 5281.2
7938 1270.04 6134.14
7939 4579.65 443.394
7940 2817.97 5323.03
7941 589.9 934.125
7942 3634.9 6294.11
7943 4610.22 3308.21
7944 6470.8 3806.26
7945 3201.28 1699.83
7946 271.764 1899.84
7947 563.108 1335.7
7948 4548.23 4639.98
7949 1533.59 5791.63
7950 6010.22 5608.79
7951 784.852 3305
7952 5673.2 5734.04
7953 5407.14 3332.73
7954 5288.55 852.646
7955 6203.93 3637.51
7956 5310.86 5379.02
7957 6282.16 4251.31
7958 5194.65 5338.6
7959 1916.79 6390.26
7960 4058.31 6315.07
7961 2429.34 132.401
7962 909.991 5288
7963 719.951 2673.63
7964 1838.11 2227.36
7965 287.418 3915.46
7966 3604.18 2859.49
7967 1507.45 1544.84
7968 914.992 511.33
7969 1497.67 3792.19
7970 2034.48 762.479
7971 2995.02 1604.79
7972 637.161 3802.37
7973 4708.04 3862.56
7974 4854.99 2340.97
7975 1089.71 823.943
7976 3356.19 6033.24
7977 6300.21 6513.65
7978 1828.73 2527.52
7979 5889.34 2279.09
7980 507.003 3224.57
7981 3026.39 219.36
7982 1997.24 4202.3
7983 1522 5094.9
7984 1501.64 940.391
7985 2662.36 1742.41
7986 4736.17 4691.25
7987 594.775 2786.95
7988 5053.43 2707.43
7989 2243.57 3409.9
7990 3448.53 551.317
7991 154.556 5752.09
7992 3487.93 2410
7993 3155.23 1793.66
7994 676.694 4982.67
7995 2093.83 5089.94
7996 2821.71 2747.76
7997 3600.64 1083.56
7998 5461.2 6076.83
7999 3978.92 2794.27
8000 2823.76 2293.41
8001 2587.98 3043.69
8002 3472.99 5824.03
8003 1984.04 6362.81
8004 2815.95 3425.86
8005 3084.12 3011.47
8006 2131.99 4474.07
8007 4481.87 2075.05
8008 4718.66 3042.54
8009 1346.59 998.545
8010 5485.74 1893.48
8011 288.868 1610.83
8012 2085.96 4519.39
8013 1488.84 3696.17
8014 3153.23 4542.91
8015 74.3226 5681.84
8016 4609.69 234.726
8017 5506.04 4191.44
8018 6198.61 4743.22
8019 3162.87 3849.57
8020 3110.69 3034.74
8021 5501.27 4903.71
8022 1442.88 3005.88
8023 3935.81 2030.89
8024 171.122 1431.48
8025 5150.35 3446.57
8026 4413.63 4982.93
8027 2018.6 3651.69
8028 4054.65 511.051
8029 3499.4 2708.6
8030 4037.05 4906.23
8031 4305.3 335.948
8032 6013.2 5606.04
8033 1413.33 5170.34
8034 5864.1 704.725
8035 4322.04 2244.95
8036 5941.06 4808.75
8037 4870.39 1419.99
8038 1242.71 1140.92
8039 6547.21 357.792
8040 118.185 2788.27
8041 6552.18 2866.1
8042 980.807 691.944
8043 2509.6 1269.33
8044 672.619 4837.05
8045 138.63 6260.32
8046 674.007 427.097
8047 1122.46 609.813
8048 5870.81 4868.79
8049 3198.29 2518.98
8050 4766.33 1030.82
8051 6503.35 2839.81
8052 4214.72 1264.21
8053 515.811 4737.97
8054 3795.78 1812.62
8055 2128.02 281.33
8056 163.26 6408.35
8057 407.831 4558.77
8058 4702.39 3498.25
8059 1372.8 565.972
8060 1830.04 5210.42
8061 2056.62 1837.8
8062 4767.36 5031.78
8063 38.7022 3767.47
8064 68.0805 5422.38
8065 5218.59 4992.35
8066 2650.86 3799.3
8067 73.4733 4449.22
8068 4239.53 5232.95
8069 1980.08 2286.97
8070 870.967 6424.7
8071 954.37 5139.54
8072 1693.87 4321.31
8073 3131.01 4440.89
8074 451.318 6081.26
8075 6305.55 2168.45
8076 398.033 2758.39
8077 3892.93 3155.96
8078 2299.96 564.698
8079 3368.86 5915.22
8080 5518.9 6391.12
8081 4509.4 1526.33
8082 624.663 6369.76
8083 3685.71 2002.02
8084 4551.58 1331.12
8085 1974.5 93.206
8086 5748.43 220.196
8087 4863.63 4171.15
8088 4040.42 3989.2
8089 1183.61 1724.73
8090 1457.6 5664.29
8091 4363.49 5842.3
8092 1994.67 2736.02
8093 5826.36 2939.68
8094 1296.57 3608.37
8095 5649.46 4715.91
8096 2811.02 112.538
8097 1287.49 2533.65
8098 4798.24 2139.92
8099 1484.6 4168.74
8100 4025.14 1918.64
8101 4925.07 1920.95
8102 4536.78 2617.11
8103 5787.76 6499.84
8104 4199.49 1491.79
8105 2456.06 4300.44
8106 5274.69 2945.61
8107 6016.83 2946.29
8108 440.704 1008.7
8109 2592.05 2970.12
8110 440.515 1918.47
8111 4812.24 4304.54
8112 1108.59 82.9452
8113 2170.31 144.706
8114 811.163 5616.59
8115 6068.35 4204.83
8116 1833.74 1993
8117 5840.48 3785.22
8118 818.957 462.366
8119 4220.97 267.994
8120 3973.77 1647.18
8121 4088.86 5711.36
8122 3626.07 6010.2
8123 4729.63 941.546
8124 2892.5 2819.55
8125 2696.76 1176.29
8126 5226.11 3546.79
8127 4656.52 495.498
8128 2749.08 5720.5
8129 5635.92 2115.36
8130 5236.96 5411.4
8131 594.15 4459.77
8132 208.16 2659.4
8133 782.638 6413.55
8134 3926.33 242.232
8135 3738.97 2181.79
8136 180.698 3292.01
8137 4996.23 2172.56
8138 0.0470584 4019.81
8139 1951.97 1038.65
8140 5651.58 2369.73
8141 4147.73 2017.41
8142 4645.29 5571.92
8143 4160.41 5018.77
8144 1442.25 4729.35
8145 923.393 3305.21
8146 702.42 2064.05
8147 3256.73 5874.63
8148 4969.01 2959.17
8149 468.278 6150.36
8150 84.0179 2003.73
8151 116.525 2454.99
8152 403.866 6191.19
8153 1206.44 3130.02
8154 431.424 2776.53
8155 3562.45 1398.68
8156 5227.52 2890.51
8157 4043.42 3381.57
8158 1004.84 5382.16
8159 4390.83 6164.55
8160 1485.16 4219.55
8161 5224.15 170.907
8162 1777.08 2881.48
8163 4808.79 1727.76
8164 6407.92 923.458
8165 5412.78 6536.35
8166 5398.64 6240.12
8167 1050.18 13.126
8168 4006.7 2115.23
8169 1441.12 214.282
8170 5243.22 6443.48
8171 3375.8 2588.48
8172 3499.02 2616.56
8173 2624.68 2009.51
8174 2248.1 2177.27
8175 1581.15 6301.9
8176 5773.48 2515.22
8177 12.8243 5691.41
8178 1625.47 2731.81
8179 4231.27 6012.97
8180 104.907 2751.95
8181 4819.12 6335.82
8182 3580.15 3975.98
8183 5105.44 2882.33
8184 2963.06 898.321
8185 670.78 4875.85
8186 2203.86 1352.08
8187 3979.63 440.289
8188 5355.13 1259.01
8189 5872.84 566.055
8190 1812.51 2254.47
8191 6415.73 5563.32
8192 4153.91 2760.12
8193 4512.52 1157.54
8194 2670.29 2734.94
8195 893.667 5218.22
8196 2854.69 2636.2
8197 2976.01 1056.53
8198 4213.11 2272.05
8199 4378.74 5463.41
8200 2302.02 6231.62
8201 4775.99 1073.66
8202 4622.93 3062.75
8203 3823.38 5748.76
8204 5354.86 6138.75
8205 1902.27 4925.09
8206 3403.66 690.119
8207 3477.44 2960.66
8208 1096.47 99.3455
8209 6229.26 1424.81
8210 3250.28 2312.43
8211 1031.76 5373.28
8212 3873.59 2090.02
8213 6458.51 825.911
8214 5948.99 439.428
8215 5986.37 6232.64
8216 2791.39 3449.03
8217 5317.28 6392.28
8218 3876.92 1099.87
8219 571.432 5891.68
8220 1647.24 2990.64
8221 849.166 5354.4
8222 2892.98 1594.21
8223 2187.59 791.542
8224 129.004 5962.89
8225 18.8779 4802.23
8226 4036.14 419.33
8227 6549.73 2731.16
8228 3997.66 3935.69
8229 807.17 1752.65
8230 6142.52 963.188
8231 5461.12 6097.21
8232 829.276 6217.72
8233 3294.33 1215.11
8234 2638.07 5009.96
8235 4645.22 1758.83
8236 1755.95 1695.69
8237 6019.02 11.2417
8238 4614.25 1307.77
8239 2092.79 811.916
8240 5585.11 2491.16
8241 5302.95 4927.38
8242 4943.29 305.579
8243 1543.73 4675.25
8244 6017.17 3740.61
8245 2078.47 4466.69
8246 4195.27 5369.33
8247 3615.73 4488.7
8248 5810.74 2263.58
8249 4537.34 5385.97
8250 5060.59 5103.22
8251 1926.92 3982.83
8252 4452.22 3920.42
8253 2079.93 1516.71
8254 1954.32 4839.63
8255 6538.44 517.736
8256 782.308 5502.17
8257 5093.08 2606.49
8258 5399.5 2023.55
8259 3922.08 3717
8260 1900.8 3146.45
8261 2342.42 4850.3
8262 5791.95 4717.03
8263 4050.06 5735.95
8264 4455.09 3221.95
8265 178.009 2843.47
8266 4329.77 4294.89
8267 126.766 6433.51
8268 2025.27 254.765
8269 3632.68 5753.53
8270 2977.01 1650.43
8271 4651.37 825.147
8272 1395.99 2903.92
8273 6171.78 2344.9
8274 4072.65 1311.66
8275 3709 5751.97
8276 5612.01 1621.47
8277 6142.65 1794.41
8278 97.2526 6027.61
8279 1700.38 6006.73
8280 3766.71 1525.12
8281 2822.69 4254.7
8282 3852.6 1573.91
8283 3988.26 5507.49
8284 6462.38 367.259
8285 5656.45 5283.56
8286 3659.01 5538.18
8287 5442.4 4119.95
8288 2256.91 767.331
8289 5310.25 244.702
8290 1809.29 3965.81
8291 5562.64 1484.63
8292 2076.42 3153.29
8293 5141.91 863.01
8294 5920.61 5008.35
8295 2982.24 4693.95
8296 3139.48 4579.28
8297 809.707 4599.86
8298 2687.15 5917.89
8299 5936.38 1965.38
8300 4639.58 2318.61
8301 6549.05 4070
8302 4006.16 4545.1
8303 4869.46 4350.94
8304 5575.83 3255.43
8305 3245.88 2737.27
8306 2835.67 2791.64
8307 4558.88 4110.01
8308 4059.52 5058.03
8309 409.81 5574.19
8310 4451.4 5976.06
8311 1838.34 2098.07
8312 604.925 357.345
8313 384.145 5669.25
8314 5411.52 3229.25
8315 3690.86 3283.03
8316 2343.21 5409.55
8317 3502.15 5549.36
8318 3577.32 2637.28
8319 2876.14 6306.09
8320 4855.94 4919.38
8321 2236.17 4133.09
8322 684.125 4720.23
8323 2467.28 712.373
8324 4998.46 5184.47
8325 1155.99 1444.25
8326 3807.88 5674.36
8327 671.62 4556.41
8328 3400.11 4606.53
8329 1816.88 4883.75
8330 6218.53 2487.18
8331 1140.53 2895.09
8332 3191.81 4149.35
8333 5650.6 1496.24
8334 1420.93 3644.45
8335 639.352 3214.04
8336 2145.75 2688.68
8337 4309.17 5023.64
8338 5256.06 3130.14
8339 3422.64 5959.34
8340 3403.56 4860.4
8341 3615.92 4959.37
8342 1785.75 3973.5
8343 2791.28 2434.42
8344 5024.27 1336.59
8345 4869.11 2888.8
8346 6500.73 6325.67
8347 209.764 5237
8348 4010.48 3105.44
8349 2405.48 4043.76
8350 4240.88 3159.86
8351 3514.58 4634.04
8352 5743.05 3275.92
8353 545.716 3440.99
8354 3983.33 2937.66
8355 4044.55 2726.91
8356 3170.76 5316.12
8357 3266.68 2337.21
8358 2803.85 5894.42
8359 2475.07 5886.27
8360 4869.56 412.65
8361 2222.83 6437.64
8362 2577.64 6161.05
8363 4612.42 2842.14
8364 2664.38 4250.06
8365 2225.41 4759.06
8366 6092.98 3904.62
8367 2880.64 3202.41
8368 6464.01 4763
8369 3438.1 6531.16
8370 1783.39 1123.41
8371 2696.96 341.756
8372 1895.65 1190.23
8373 2019.04 169.017
8374 412.709 5805.85
8375 3608.52 1756.71
8376 2993.02 4049.02
8377 4183.65 413.144
8378 4383.71 4458.61
8379 5615.26 673.581
8380 672.464 200.107
8381 1694.83 1172.06
8382 1492.91 6512.18
8383 456.443 5060.41
8384 5555.42 4792.32
8385 6165.35 3873.41
8386 6252.25 4779.05
8387 5682.46 1147.8
8388 538.118 6128.94
8389 2633.61 1316.29
8390 1471.68 254.087
8391 4857.64 3980.15
8392 2380.57 3892.64
8393 4297.12 1283.26
8394 4747.46 4729.89
8395 3155.07 387.089
8396 998.198 2517.13
8397 231.934 3335.75
8398 1523.19 4771.24
8399 3540.76 1640.47
8400 3443.18 3883.49
8401 6352.59 2224.95
8402 3116.62 4983.62
8403 2664.34 4980.07
8404 1402 6386.63
8405 3133.83 4370.14
8406 327.237 4463
8407 2567.56 735.43
8408 57.2357 6215.76
8409 4768.27 1794.34
8410 1718.49 5349.13
8411 1101.03 623.867
8412 4570.72 4069.22
8413 1014.26 680.674
8414 5663.61 3917.19
8415 488.688 769.243
8416 756.209 5714.35
8417 4586.08 240.129
8418 2300.66 5945.31
8419 4238.02 3832.67
8420 4999.99 1410.42
8421 4842.79 4346.34
8422 6269.78 1060.39
8423 2597.95 2549.47
8424 1830.1 5270.22
8425 3417.7 2506
8426 1948.64 3011.99
8427 3377.48 1259.74
8428 3492.22 4330.47
8429 4318.37 4894.67
8430 389.955 3278.2
8431 128.885 1526.02
8432 1022.42 1022.98
8433 1235.56 2514.65
8434 3223.21 3710.81
8435 4613.89 4846.54
8436 2711.35 4933.38
8437 1111.05 1028.72
8438 1379.49 1503.96
8439 765.775 580.272
8440 778.067 493.584
8441 2324.58 1277.72
8442 5342.21 3816.54
8443 2791.26 138.013
8444 4940.7 1705.22
8445 4970.29 3098.65
8446 1190.88 1787.2
8447 1612.96 3327.69
8448 5524.82 1209.18
8449 5992.69 2814.88
8450 5988.86 4423.17
8451 4822.06 3962.43
8452 2972.68 4448.71
8453 1666.22 4049.79
8454 1012.23 1781.03
8455 637.416 6253.83
8456 343.39 5685.53
8457 2817.95 5075.55
8458 847.678 4506.27
8459 6364.55 2691.63
8460 3654.35 764.458
8461 6405.67 1676.58
8462 3004.19 4352.08
8463 2906.99 4064.14
8464 4619.17 252.465
8465 896.353 4209.73
8466 2804.47 159.596
8467 4827.34 3152.08
8468 2376.7 1761.08
8469 1558.61 1256.6
8470 4314.67 2362.43
8471 4751.41 4402.9
8472 2576.37 1798.75
8473 2523.18 922.566
8474 2255.27 2650.11
8475 1209.57 5687.92
8476 3427.54 1144.65
8477 1586.78 1198.96
8478 849.665 140.104
8479 1320.34 2653.25
8480 4552.61 1724.84
8481 3179.99 1387.24
8482 432.654 1703.81
8483 3534.7 1667.72
8484 6177.04 4036.27
8485 1195.58 3397.32
8486 3206.09 5117.34
8487 3776.84 4768
8488 371.611 1483.56
8489 2248.45 5763.57
8490 2497.38 6103.71
8491 1378.58 23.6288
8492 3031.42 1384.97
8493 848.616 3065.42
8494 3184.69 3289.37
8495 2462.3 5751.92
8496 2046.46 75.714
8497 1733.17 1319.76
8498 1355.3 4109.49
8499 4079.11 5534.26
8500 1951.9 6239.89
8501 1015.77 4914.34
8502 3197.89 5127.01
8503 6377.42 1711.74
8504 652.169 1289.18
8505 6417.44 3852.45
8506 3431.36 5593.32
8507 920.679 2119.54
8508 792.064 4394.77
8509 581.805 1264.16
8510 1873.65 5593.39
8511 6082.67 3136.2
8512 5872.26 2487.59
8513 5651.74 2421.91
8514 304.804 2690.96
8515 37.3254 3310.43
8516 3898.99 6402.67
8517 883.453 1599.28
8518 2920.15 621.279
8519 723.485 4905.34
8520 3373.84 152.946
8521 4920.65 3864.32
8522 4286.66 5569.03
8523 3302.33 4049.73
8524 1539.18 848.694
8525 1031.5 3845.95
8526 5251.93 2800.12
8527 1020.9 224.385
8528 1862.13 3655.54
8529 5180.16 3478.09
8530 4728.02 3810.62
8531 1373 252.741
8532 1464.14 3249.28
8533 679.813 4649.09
8534 5405.81 3760.39
8535 624.635 4929.22
8536 3712.51 2413.21
8537 195.225 4210.61
8538 4329.84 6099.77
8539 2022.89 2386.76
8540 4965.2 299.554
8541 3419.96 1287.23
8542 1548.82 6392.25
8543 5197.39 2375.61
8544 2226.72 1760.35
8545 34.6933 6496.88
8546 2192.18 4820.46
8547 4601.7 4575.61
8548 2399.75 6260.34
8549 62.8024 2078.05
8550 3430.33 4130.25
8551 4020.87 2548.47
8552 2663.49 4344.49
8553 4389.94 795.107
8554 916.849 2999.5
8555 4385 6500.99
8556 2611.2 5528.74
8557 5150.66 3325.41
8558 4220.72 2093.47
8559 5673.99 1255.57
8560 5222.22 6250.05
8561 4690.9 4386.67
8562 2075.14 136.215
8563 4803.3 2160.91
8564 3397.32 1961.25
8565 3602.54 1230.65
8566 6044.43 6373.83
8567 3184.65 4431.75
8568 3563.08 5534.86
8569 2107.94 188.773
8570 2802.25 5234.82
8571 937.029 4464.7
8572 2262.78 2609.58
8573 5367.22 4030.57
8574 5762.74 706.505
8575 5168.58 6325.04
8576 2096.15 201.776
8577 2991 3474.38
8578 2368.46 4802.74
8579 1346.54 5981.61
8580 1246.93 5497.26
8581 110.767 6466.14
8582 4362.08 5183.13
8583 3736.44 4654.77
8584 1529.74 2327.18
8585 449.182 1196.7
8586 3402.01 6003.3
8587 472.749 4067.15
8588 6261.85 5162.7
8589 6104.28 654.093
8590 4481.32 2539
8591 5849.39 1814.87
8592 2787.05 2454
8593 1597.96 5379.69
8594 3057.54 4783.79
8595 5048.42 1314.78
8596 5905.62 2333.31
8597 6384.02 5082.32
8598 1558.69 2454.12
8599 5374.94 6347.43
8600 1960.03 2796.76
8601 3835 803.324
8602 1967.54 4759.2
8603 812.151 5880.26
8604 5444.74 1810.52
8605 6133.09 4846.39
8606 4668.23 4797.75
8607 2668.14 4691.86
8608 4171.4 4025.73
8609 3864.93 5692.21
8610 5269.84 3945.35
8611 2659.83 1056.75
8612 4941.61 2886.17
8613 2476.55 5412.63
8614 1822.02 2416.65
8615 6356.22 492.172
8616 3279.66 816.466
8617 2032.1 4455.17
8618 3479.84 6295.82
8619 5495.67 1934.82
8620 1554.17 4424.36
8621 3742.41 5564.46
8622 5380.37 5862.38
8623 5251.6 5474.27
8624 129.1 2278.66
8625 6457.09 4582.77
8626 816.226 2993.67
8627 6006.4 2317.72
8628 5898.98 6350.57
8629 3688.21 2029.99
8630 3607.42 3836.75
8631 2518.16 1433.8
8632 4062.4 5000.63
8633 6042.72 5800.18
8634 2942.63 3195.64
8635 1299.69 3202.93
8636 3059.33 769.81
8637 2964.9 818.915
8638 3199.82 3137.55
8639 4825.84 2753.24
8640 1178.38 3715.56
8641 1387.27 214.814
8642 4241.04 4649.32
8643 4132.41 3464
8644 1083.72 5456.67
8645 1708.35 654.735
8646 6024.42 2917.97
8647 812.875 849.279
8648 6412.61 6368.56
8649 5374.77 5070.03
8650 1459.08 5438.93
8651 3440.55 4736.12
8652 5452.33 1210.35
8653 2644 2198.78
8654 1573.16 2183.41
8655 5934.06 3513.15
8656 684.157 1662.65
8657 5641.26 1454.89
8658 4566 5157.08
8659 5093.79 3420.3
8660 1519.71 1601.3
8661 1917.08 2266.71
8662 2494.73 6130.33
8663 1127 192.944
8664 4570.66 5968.9
8665 3241.04 4453.03
8666 3503.62 2709.15
8667 516.679 1617.1
8668 2970.79 3183.87
8669 2230.38 4266.68
8670 5673.02 1116
8671 3243.08 3821.66
8672 5748.42 1905.91
8673 1917.78 1782.39
8674 5457.42 2193.45
8675 4385.06 3153.09
8676 1324.97 17.1818
8677 305.097 6493.56
8678 1319 1843.35
8679 340.974 2530.92
8680 3901.29 3550.71
8681 5192.51 4318.09
8682 4860.32 5968.36
8683 4671.29 3497.76
8684 1653.44 5272.02
8685 1127.75 6427.93
8686 5540.83 3338.26
8687 6423.53 3119.44
8688 6095.19 2992.3
8689 2912.93 207.845
8690 411.371 4117.66
8691 4667.86 288.362
8692 1142.38 3069.1
8693 2116.96 4676.36
8694 3752.06 3248.43
8695 4465.18 509.015
8696 6506.73 763.245
8697 2835.41 1572.31
8698 612.776 1043.02
8699 2593.98 3643.39
8700 4671.92 3886.41
8701 3478.34 4656.73
8702 2195.04 2446.71
8703 6418.21 6397.97
8704 2558.29 3363.73
8705 5646.32 5846.14
8706 4102.84 3299.69
8707 3085.97 2797.9
8708 5720.38 1590.24
8709 5468.47 2530.51
8710 5492.61 3694.26
8711 125.196 5204.39
8712 1983.36 5049.36
8713 6070.31 4182.91
8714 2354.43 5897.8
8715 3843.21 3439.8
8716 3176.89 4102.05
8717 2675.62 6296.22
8718 2976.88 944.261
8719 2685.96 6420.78
8720 435.933 4379.01
8721 2405.97 4739.05
8722 2874.62 2316.35
8723 4735.07 194.528
8724 970.833 1721.66
8725 711.95 6047.42
8726 4910.92 1990.95
8727 731.99 6006.88
8728 962.833 577.541
8729 5327.22 162.132
8730 3957.43 384.122
8731 3521.18 4178
8732 1246.68 4566.23
8733 1256.88 2698.93
8734 3267.13 4281.2
8735 1082.48 3741.38
8736 1578.19 1445.39
8737 6212.52 3030.85
8738 5940.08 5151.69
8739 467.404 4968.94
8740 3771.93 252.951
8741 696.111 5457.2
8742 4081.1 654.698
8743 989.259 2231.98
8744 3580.76 2719.03
8745 5149.41 6044.19
8746 2591.74 1897.38
8747 244.334 3971.81
8748 1171.08 358.699
8749 1610.07 3622.63
8750 136.921 4505.48
8751 5996 5945.42
8752 3191.66 4742.94
8753 1796.88 2956.73
8754 1469.35 333.188
8755 4840.58 2408.63
8756 533.553 783.74
8757 4791.31 1146.5
8758 783.527 1970.44
8759 6168.08 4969.48
8760 5712.04 5030.31
8761 5482.02 2252.58
8762 4652.58 6317.1
8763 4161.08 5116.36
8764 634.266 6111.82
8765 2976.81 3864.26
8766 4711.59 1291.26
8767 3675.26 1389.59
8768 3685.99 3517.49
8769 1889.97 88.647
8770 503.311 4484.9
8771 2794.89 6551.25
8772 5691.65 5373.88
8773 1892.84 5763.01
8774 4795.81 2592.97
8775 4559.32 254.74
8776 1833.5 195.392
8777 5188.86 3327.43
8778 6475.37 817.287
8779 246.292 3502.88
8780 3457.95 4336.56
8781 712.777 4636.74
8782 2657.18 6008.88
8783 1608.16 6020.69
8784 1799.06 1729.49
8785 2614.55 6044.06
8786 5618.11 4489.76
8787 4051.83 2262.08
8788 644.736 2753.94
8789 3256.7 1847.98
8790 673.872 5547.94
8791 4384.94 5700.92
8792 2816.92 4962.84
8793 2745.42 5195.7
8794 233.842 1307.61
8795 1213.28 5808.04
8796 3038.54 283.811
8797 4512.69 5548.65
8798 1708.67 1822.84
8799 4408.93 4651.85
8800 1326.69 3672.03
8801 2395.32 6535.48
8802 1544.57 6074.63
8803 3437.32 6209.84
8804 135.24 1830.8
8805 2774.23 3496.3
8806 3059.06 4565.82
8807 4269.11 4627.88
8808 4434.02 347.159
8809 718.298 1348.78
8810 1148.73 1942.63
8811 1385.44 5263.97
8812 3294.95 3854.2
8813 4034.93 6486.44
8814 1725.96 3682.52
8815 2177.64 5861.89
8816 3021.16 823.537
8817 3179.15 1974.5
8818 1393.39 1976.76
8819 5258.55 2652.36
8820 3537.52 1931.41
8821 606.396 4133.91
8822 6073.38 1058.77
8823 5118.93 3920.82
8824 4229.83 2945.14
8825 1526.91 4688.61
8826 4282.31 4898.24
8827 2884.34 4405.99
8828 2872.13 913.277
8829 3828.35 6329.92
8830 2550.2 3899.16
8831 411.743 4757.75
8832 4170.88 1328
8833 3243.18 9.28636
8834 2073.04 4467.73
8835 3650.19 5192.07
8836 1794.59 1259.95
8837 2495.06 5680.62
8838 2342.06 5975.04
8839 3742.7 2576.02
8840 6344.77 4736.16
8841 202.95 886.621
8842 3170.16 14.1419
8843 4687.67 4416.81
8844 1147.96 108.628
8845 4931.05 4943.97
8846 6363.77 6461.88
8847 89.0699 2683.88
8848 3219.6 4520.92
8849 2091.87 4.44758
8850 2501.97 5450.61
8851 4453.82 1033.91
8852 2567.57 5170.6
8853 4019.09 570.664
8854 500.463 5197.41
8855 3739.07 75.3626
8856 6067.11 6389.94
8857 5101.03 931.707
8858 3845.81 4081.47
8859 339.702 750.037
8860 5849.88 4433.69
8861 558.763 5661.31
8862 2126.23 994.173
8863 6068.72 4635.66
8864 6513.71 5436.55
8865 1358.21 1612.53
8866 5106.56 6509.93
8867 516.638 4695.2
8868 2311.41 5224.4
8869 1875.37 1974.33
8870 2767.47 685.099
8871 3313.71 5521.05
8872 3968.73 1540.17
8873 1402.36 5533.46
8874 5859.65 6003.89
8875 5693.71 5617.37
8876 4091.36 3031.81
8877 2261.3 4739
8878 2661.43 5772.16
8879 225.313 4272.05
8880 6202.81 2358.9
8881 5139.74 3165.69
8882 1411.16 1262.65
8883 3484.2 1222.06
8884 360.968 5824.33
8885 5153.04 2577.39
8886 3139.33 4077.6
8887 3809.77 3195.67
8888 3161.58 45.6281
8889 3687 4630.69
8890 4023.67 3109.86
8891 4285.41 2890.77
8892 4271.82 3034.56
8893 4659.3 3179.26
8894 6011.58 2551.26
8895 2001.93 5201.2
8896 3570.8 3814.34
8897 3276.34 1157.49
8898 3465.14 3265.66
8899 3336.02 4171.07
8900 4096.5 176.181
8901 363.372 5396.3
8902 2581.47 5243.01
8903 3556.91 3868.99
8904 1715.7 2487.68
8905 807.778 642.076
8906 1567.14 2012.65
8907 3548.67 3022.03
8908 6258.85 2799.66
8909 2092.78 5510.71
8910 5149.31 5587.55
8911 2144.12 4849.53
8912 297.632 4606.42
8913 5162.37 3446.09
8914 36.5386 2432.81
8915 303.55 2155.27
8916 3962.37 5664.74
8917 2276.86 2251.8
8918 3026.93 1949.96
8919 3659.98 1370.94
8920 717.492 4487.62
8921 2700.84 159.511
8922 6535.93 858.584
8923 4788.16 5190.63
8924 4936.95 5486.45
8925 2960.77 5821.14
8926 2205.52 2787.78
8927 3119.26 2353.94
8928 2536.02 401.723
8929 1809.23 2352.65
8930 1927.19 53.3495
8931 4719.15 3030.49
8932 6043.61 3566.79
8933 3972.78 1937.49
8934 4206.86 1722.14
8935 5940.19 5368
8936 5524.53 1766.36
8937 1206.21 5703.41
8938 4707.47 5038.53
8939 1690.48 6326.5
8940 4065.6 4437.66
8941 5644.61 2961.12
8942 3703.09 4782.4
8943 830.338 5269.36
8944 104.148 767.175
8945 1879.61 4894
8946 5408.98 6258.31
8947 2573.37 3497.46
8948 2805.59 934.053
8949 2923.76 6258.22
8950 4936.19 3700.69
8951 4632.97 5284.04
8952 3469.87 2686.5
8953 5678.22 2234.66
8954 2479.27 1443.8
8955 2777.09 3261.68
8956 826.424 5626.28
8957 5598.77 2756.46
8958 112.887 2330.46
8959 3050.42 1796.41
8960 5483.71 739.975
8961 4222.58 6111.94
8962 6052.95 1407.28
8963 1403.48 1460.01
8964 2651.81 4931.66
8965 5810.66 5084.85
8966 4533.33 1956.93
8967 4990.1 846.067
8968 29.2296 4754.83
8969 68.5162 927.798
8970 602.813 6282.33
8971 1900.71 2773.36
8972 1236.84 4849.29
8973 1460.3 410.269
8974 490.566 4786.27
8975 2383.08 1565.9
8976 2144.32 5038.95
8977 1210.35 1720.86
8978 4332.95 877.148
8979 3944.45 3673.96
8980 264.87 2481.5
8981 2984.57 6320.33
8982 51.6801 1857.67
8983 4183.93 1359.71
8984 2823.47 3100.91
8985 5405.95 4963.44
8986 4494.93 597.662
8987 2472.45 668.538
8988 2192.63 850.143
8989 4158.01 6171.16
8990 3060.84 195.801
8991 4194.56 2699.16
8992 6497.12 5626.36
8993 803.076 4981.58
8994 506.325 2972.74
8995 5871.63 1210.64
8996 159.477 379.163
8997 4304.67 5279.22
8998 1253.23 2555.32
8999 4159.93 3908.68
9000 4270.78 4462.35
9001 275.031 750.754
9002 31.3293 869.292
9003 3833.12 5400.54
9004 5950.11 6183.33
9005 422.36 3305.51
9006 3576.04 619.591
9007 2314.69 3974.67
9008 309.152 4608.5
9009 3774.28 1979.81
9010 6377.21 4627.68
9011 2028.44 958.027
9012 4343.28 1354.05
9013 2226.18 706.463
9014 732.489 2397.49
9015 5519.08 681.209
9016 434.777 656.524
9017 5034.54 1920.97
9018 1764.74 2357.26
9019 824.578 5367.3
9020 1934.15 2864.2
9021 6109.84 4965.47
9022 5190.32 4690.84
9023 1033.77 1046.11
9024 536.036 6541.37
9025 6219.17 1702.75
9026 5775.92 6430.17
9027 6062.66 4490.84
9028 5028.1 4111.66
9029 5746.81 6292.07
9030 4583.23 2646.87
9031 1889.96 3010.84
9032 699.41 5170.52
9033 3520.96 1166.56
9034 6153.99 6210.46
9035 3837.22 1542.37
9036 1934.78 5478.35
9037 1070.03 5583.63
9038 3437.88 6248.65
9039 3117.02 5856.02
9040 2994.59 5192.72
9041 3503.69 5129.95
9042 1462.21 836.558
9043 1452.42 3377.45
9044 2107.16 1453.45
9045 3270.34 877.922
9046 5286.61 4869.64
9047 961.841 6285.05
9048 5313.24 3883.27
9049 4697.75 4302.03
9050 4078.47 433.019
9051 5465.18 2963.04
9052 6158.52 5705.58
9053 1463.72 2800.93
9054 1825.75 615.669
9055 3765.06 1709.09
9056 442.911 5192.86
9057 26.6861 5821.55
9058 2312.5 1966.2
9059 5975.16 2445.91
9060 4893.24 5236.33
9061 278.132 1048.66
9062 2198.75 77.1582
9063 4424 1927.11
9064 5711 1375.03
9065 5705.93 6320.34
9066 191.332 4647.71
9067 719.752 3216.65
9068 1643.86 404.454
9069 1368.05 2012.77
9070 2833.04 2691.26
9071 5205.03 6464.02
9072 4382.28 5042.02
9073 2809.35 4684.43
9074 6461.52 3233.44
9075 2980.51 5104.52
9076 4757.84 3093.63
9077 3501.38 2100.5
9078 819.073 4239.77
9079 383.344 3516.02
9080 1460.01 3609.76
9081 5139.8 6454.75
9082 3544.19 4446.61
9083 2796.73 6400.04
9084 5653.21 2944.61
9085 3117.82 465.895
9086 1760.56 5003.6
9087 5752.17 5558.52
9088 3447.99 878.03
9089 4134.75 2062.88
9090 1893.25 6201.55
9091 5120.53 4222.54
9092 689.228 3585.73
9093 1762.68 1604.32
9094 4581.64 5638.75
9095 2028.58 6035.51
9096 5239.03 4675.49
9097 3945.03 2966.36
9098 5471.52 5805.6
9099 1591.13 2848.68
9100 6064.39 3396.82
9101 3987.62 3214.85
9102 5220.15 3584.76
9103 668.408 981.678
9104 6260.17 3415.9
9105 3372.16 4061.4
9106 1138.24 2161.89
9107 5911.29 359.072
9108 3471.5 4341.99
9109 2504.53 666.6
9110 3417.46 6377.35
9111 2814.63 4457.03
9112 4610.07 5926.02
9113 1687.66 168.443
9114 2664.73 2582.88
9115 2269.08 2543.76
9116 3836.8 835.576
9117 5174.3 2267.49
9118 4027.36 5679.36
9119 5792.9 1621.85
9120 2421.76 2343.6
9121 2349.71 6208.49
9122 2837.01 647.398
9123 5861.22 5142.42
9124 6306.4 6154.58
9125 4527 1234
9126 115.604 4918.98
9127 1640.96 4330.85
9128 3654.83 5892.69
9129 1786.7 3806.54
9130 4176.14 2547.87
9131 5786.5 3099.61
9132 2238.17 3787.67
9133 2521.48 1903.14
9134 2053.16 6427.05
9135 4759.66 4382.63
9136 55.9174 6050.63
9137 5323.8 237.257
9138 3133.4 968.704
9139 2245.57 3123.27
9140 4637.44 2891.93
9141 4009.74 5091.72
9142 311.752 3239.89
9143 5920.47 5407.85
9144 5513.23 5932
9145 272.521 4192.67
9146 81.7137 4623.47
9147 5329.42 424.364
9148 3254.64 3851.59
9149 5286.98 4316.27
9150 5229.4 5185.53
9151 5194.51 634.581
9152 647.201 6314.77
9153 2813.09 5377.83
9154 6346.54 3242.28
9155 6510.41 1422.86
9156 3183.83 5053.73
9157 4374.74 2314.43
9158 4622.32 6031.58
9159 540.296 1340.19
9160 5597.86 3049.75
9161 5182.64 4040.65
9162 4154.97 2973.51
9163 6187.71 3170.73
9164 87.0957 2598.64
9165 3914.86 5257.59
9166 5408.81 2239.42
9167 5107.58 1488.58
9168 3812.85 5029.01
9169 1520.25 2344.6
9170 5063.3 2513.74
9171 758.122 1847.28
9172 3054.18 4403.78
9173 4610.49 3657.35
9174 4489.13 3470.94
9175 5021.22 4817.34
9176 3486.82 4088.93
9177 6098.96 2378.64
9178 5412.05 2725.77
9179 1574.26 1588.62
9180 4581.19 19.7683
9181 1447.29 6037.8
9182 5237.3 4632.47
9183 2945.93 237.78
9184 6090.74 4781.06
9185 1068.72 64.2654
9186 6511.15 3163.63
9187 3971.69 4386.98
9188 1424.37 4380.43
9189 5784.23 4937.26
9190 2511.8 5849.32
9191 5759.65 2562.61
9192 5137.12 160.082
9193 4375.67 2294.2
9194 4036.28 2503.21
9195 4442.27 6153.66
9196 6347.32 3828.04
9197 2521.23 3317.07
9198 1678.41 5836.86
9199 3357.92 3175.88
9200 3935.79 4929.66
9201 2105.22 1719.98
9202 3517.44 5335.75
9203 829.754 24.499
9204 5448 6535.04
9205 2158.82 274.862
9206 2219.34 5398.57
9207 5989.23 834.035
9208 425.962 843.392
9209 4750.54 910.576
9210 3319.59 1212.69
9211 5506.14 5338.61
9212 3644.19 5307.43
9213 1788.87 4176.15
9214 1503.8 5231.72
9215 3771.42 190.886
9216 4109.38 1351.88
9217 3898.36 136.663
9218 4600.52 382.268
9219 4422.72 3785.36
9220 2051.97 4867.19
9221 3099.25 5578.49
9222 1499.4 611.262
9223 5619.04 1067.29
9224 2433.34 2883.38
9225 2389.73 134.819
9226 1117.63 6314.7
9227 3775.31 1430.96
9228 6521.57 4820.21
9229 778.645 2303.13
9230 4624.88 4145.85
9231 5982.42 3763.64
9232 4701.34 5933.15
9233 5380.72 2479.47
9234 2055.31 3981.08
9235 6172.46 4885.3
9236 2892.26 5572.61
9237 1266 2876.02
9238 5884.39 6543.83
9239 3120.41 3340.51
9240 1991.31 3730.8
9241 2065.98 2640.71
9242 2703.32 1372.6
9243 4366.18 5773.54
9244 974.299 5803.64
9245 6124.3 2563.27
9246 4724.96 2412.87
9247 5311.63 197.846
9248 2092.71 719.073
9249 606.544 1082.19
9250 1661.64 431.395
9251 2725.69 2759.92
9252 2918.97 3801.1
9253 3808.23 1741.47
9254 2621.37 3414.34
9255 3771.89 1749.25
9256 6420.77 5268.52
9257 2008.27 4563.02
9258 5444.17 4752.41
9259 3379.88 5308.77
9260 5142.16 3985.03
9261 5125.54 3947.92
9262 3053.37 4684.23
9263 5679.73 5257.53
9264 2345.16 3875.53
9265 1526.68 395.352
9266 5677.94 146.038
9267 5972.39 5481.78
9268 5887.28 2207.19
9269 5780.56 2542.22
9270 4119.7 3323.95
9271 447.598 3703.3
9272 801.854 3002.15
9273 3532.17 6131.22
9274 1419.25 700.14
9275 6432.8 869.425
9276 3106 4862.37
9277 3989.43 2501.22
9278 2565.23 2616.41
9279 4918.49 2606.5
9280 4902.56 1753.32
9281 5280.28 5587.61
9282 657.129 6175.23
9283 269.777 4200.62
9284 813.19 1185.47
9285 5106.61 5352.03
9286 2638.33 775.976
9287 844.4 5761.23
9288 5487.45 4748.97
9289 6411.17 5165.76
9290 752.126 1461.98
9291 4101.59 4158.81
9292 3026.03 2788.95
9293 1353.83 4083.5
9294 918.573 1500.9
9295 1629.22 680.136
9296 2384.51 1798.78
9297 162.049 3329.24
9298 3867.22 1089.59
9299 2390.08 3824.04
9300 1056.67 3067.34
9301 1288.28 5074.93
9302 2618.25 6278.23
9303 5282.95 4628.53
9304 692.13 4391.34
9305 2292.6 2928.21
9306 2473.03 5154.31
9307 1667.1 2775.12
9308 5813.29 2261.51
9309 1560.13 5113.29
9310 3185.25 5641.11
9311 3691.39 5294.37
9312 954.388 2488.19
9313 2144.04 5286.28
9314 2040.08 2642.28
9315 5770.88 796.095
9316 736.479 2529.27
9317 3098.22 4326.77
9318 1242 6200.79
9319 4535.47 2390.08
9320 328.197 5313.59
9321 387.688 2273.18
9322 2395.78 4191.18
9323 5983.18 1892.97
9324 607.631 3764.28
9325 347.482 1157.44
9326 2814.34 634.261
9327 4084.93 2939.07
9328 17.4091 5797.06
9329 1272.85 3844.01
9330 5392.79 6486.92
9331 4265.19 3437.85
9332 1180.57 4004.38
9333 3485.36 2533.04
9334 1959.41 500.438
9335 5505.4 598.757
9336 3697.22 1178.59
9337 1629.73 3519.31
9338 5658.16 317.234
9339 2184.58 4737.01
9340 404.772 2392.76
9341 3416.98 4582.31
9342 5626.07 6176.58
9343 1527.55 2706.01
9344 1728.75 3665.75
9345 6141.17 4066.99
9346 3857.62 4705.78
9347 3053.8 4752.07
9348 4686.33 1462.31
9349 6107.49 1197.14
9350 2503.87 2763.98
9351 3230.93 5400.41
9352 1661.31 5143.05
9353 6023.65 735.686
9354 3837.41 5739.21
9355 4129.3 944.728
9356 6537.87 6386.51
9357 4753.69 4445.14
9358 4366.77 1073.7
9359 4821.91 3385.96
9360 5125.92 2443.49
9361 725.054 15.068
9362 529.256 146.358
9363 183.072 2301.48
9364 2557.06 1654.45
9365 3821.4 4040.87
9366 3726.97 2423.17
9367 2589.16 3773.39
9368 2875.96 3174.86
9369 78.0821 2433.72
9370 5027.42 5627.59
9371 6062 2150.01
9372 5063.62 2765.01
9373 1553.33 3260.61
9374 873.321 5544.04
9375 1779.48 5796.34
9376 351.605 3463.21
9377 6376.44 5264.35
9378 2209.09 343.228
9379 5384.95 1870.4
9380 2858.51 2574.38
9381 2462.98 232.417
9382 2418.6 148.269
9383 4307.9 615.337
9384 4233.52 6054.2
9385 5681.15 591.998
9386 1203.96 4325.24
9387 4612.44 5182.73
9388 1352.61 5344.44
9389 1033.95 1986.96
9390 3876.31 1376.54
9391 1282.89 5293.29
9392 2378.97 3731.43
9393 2524.38 1928.55
9394 1655.87 1568.46
9395 2127.63 286.41
9396 3870.15 4241.16
9397 2452.86 5014.28
9398 3639.05 1242.54
9399 6012.64 827.146
9400 5498.36 1552.09
9401 219.714 927.516
9402 5344.64 2273
9403 5609.88 536.122
9404 3777.28 3724.29
9405 3702.3 1595.47
9406 5382.09 344.258
9407 1724.16 1284.84
9408 2099.13 3842.2
9409 2673.5 3401.27
9410 6298.28 373.749
9411 5020.87 1988.47
9412 1091.89 806.364
9413 849.457 4601.56
9414 2722.18 4166.49
9415 680.57 3727.97
9416 5319.38 6334.56
9417 4319.98 1973.63
9418 46.7564 4354.18
9419 4966.26 2934.35
9420 543.43 779.926
9421 2308.69 2976.92
9422 5913.22 2287.78
9423 4522.76 4834.56
9424 607.215 4626.01
9425 3705.33 1895.53
9426 5143.94 6452.35
9427 5140.37 2934.27
9428 3873.7 4336.48
9429 661.57 184.498
9430 2906.37 818.94
9431 974.812 5567.67
9432 2721.91 2821.3
9433 4521.83 320.434
9434 1363 3005.68
9435 3950.35 3206.98
9436 2083.62 5910.64
9437 4705.87 3392.27
9438 3059.95 1259.01
9439 1553.56 107.806
9440 3240.68 701.8
9441 1915.86 6455.32
9442 681.753 4942.67
9443 6029.9 5517.54
9444 5575.04 296.378
9445 2032.08 3329.37
9446 5076.15 6343.47
9447 235.038 6027.92
9448 3353.02 3299.82
9449 799.624 463.181
9450 6381.06 5691.48
9451 5401.21 3178.36
9452 661.388 2862
9453 1346.64 2045.71
9454 33.6391 1500.58
9455 4943.99 5064.37
9456 5720.79 431.586
9457 4321.68 367.737
9458 3691.36 3209.34
9459 139.171 3533.63
9460 2922.23 2367.07
9461 2098.89 507.205
9462 6489.5 5453.07
9463 5582.63 2196.63
9464 5781.98 1266.4
9465 1710.39 5385.77
9466 3744.49 1846.49
9467 1896.13 5598.7
9468 160.206 1927.53
9469 2197.04 923.369
9470 4978.64 3413.98
9471 2769.83 260.328
9472 6092.33 4834.77
9473 6181.61 1885.62
9474 2116.9 6023.3
9475 871.187 3974.07
9476 2000.01 6305
9477 4833.13 1846.84
9478 1810.95 4567.72
9479 3765.97 1250.34
9480 3514.69 1168.41
9481 6506.12 6520.28
9482 3091.55 1931.72
9483 614.189 5289.39
9484 3980.96 6158.34
9485 3349.59 3813.73
9486 264.69 4556.88
9487 3327.62 2226.17
9488 6142.77 168.866
9489 1176.67 6362.32
9490 1881.91 1942.26
9491 4160.29 5426.9
9492 499.201 2696.74
9493 4.03975 6220.42
9494 540.33 20.2001
9495 5693.48 1791.18
9496 1629.19 5658.02
9497 2940.21 3090.61
9498 1257.12 1116.99
9499 3138.84 4247.28
9500 3139.53 6484.13
9501 3483.09 1668.33
9502 2868.75 983.321
9503 1625.8 1493.74
9504 2646.85 4873.33
9505 6171.2 3820.1
9506 509.203 2870.95
9507 6226.57 3485.47
9508 594.5 5142.32
9509 3410.99 1754.21
9510 6319.82 5601.99
9511 4923.47 3461.67
9512 6260.82 4520.23
9513 1867.61 5542.18
9514 1284.31 4328.52
9515 3062.42 1105.13
9516 2044.89 319.3
9517 876.19 6177.66
9518 1862.7 3984.29
9519 6329.83 2099.28
9520 108.216 3919.75
9521 5481.21 2776.14
9522 3405.21 2752.37
9523 5340.66 5442.43
9524 5564.3 3636.84
9525 2802.61 5577.34
9526 2950.84 5128.77
9527 4016.93 1546.37
9528 1621.24 5567.71
9529 3130.29 3938.12
9530 2545.5 5300.55
9531 4119.63 4598.25
9532 5671.51 5421.66
9533 6007.41 44.8465
9534 4980.38 3629.3
9535 4271.93 4853.02
9536 6150.68 3706.15
9537 812.822 467.341
9538 2601.68 1844.48
9539 3815.82 2566.75
9540 5951.78 5569.77
9541 11.2589 5328.27
9542 6320.71 4659.25
9543 5715.94 2823.17
9544 6204.87 1479.64
9545 3776.44 6160.69
9546 4145.41 2386.58
9547 1225.49 3683.5
9548 4812.93 2561.56
9549 2536.12 140.179
9550 2510.64 5604.78
9551 5474.59 1477.49
9552 102.808 6039.53
9553 1849.26 6249.42
9554 61.8254 975.962
9555 1141.12 5221.57
9556 5995.23 5415.19
9557 4330.98 1876.29
9558 2047.83 5060.66
9559 6073.27 4555.44
9560 3294.54 4337.88
9561 6168.69 3178.31
9562 4228.13 3544
9563 3587.09 422.162
9564 1089.21 3914.84
9565 2485.39 2886.02
9566 3749.33 5446.25
9567 95.3831 983.132
9568 2838.25 5543.74
9569 2749.49 2738.94
9570 3637.53 984.248
9571 2480.97 2435.28
9572 188.937 3647.75
9573 3978.23 2635.77
9574 6465.76 3547.12
9575 5301.76 1845.47
9576 5003.86 1229.26
9577 270.575 2076.76
9578 1179.32 1882.8
9579 279.487 3865.7
9580 925.332 173.442
9581 3057.28 1626.2
9582 2374.73 68.5691
9583 358.582 1622.96
9584 5515.64 2549.47
9585 6154.75 2292.48
9586 5594.14 1841.73
9587 1934.98 5320.45
9588 5696.46 4535.74
9589 3064.85 4198.59
9590 6304.27 3563.25
9591 3999.58 5508.95
9592 855.684 114.44
9593 1607.2 3194.78
9594 5341.61 455.445
9595 4935.34 4148.53
9596 5824.11 2810.72
9597 6473.63 5359.32
9598 138.682 3574.81
9599 5373.97 5241.14
9600 1992.39 6396.64
9601 6431 3833.76
9602 2646.76 5872.7
9603 1267.35 3844.14
9604 4904.41 6212.26
9605 5925.98 177.398
9606 6081.71 4001.94
9607 4730.57 638.225
9608 5951.81 6054.6
9609 3949.48 3730.74
9610 4866.06 4181.7
9611 954.267 1877.85
9612 3075.13 1536.78
9613 3716.84 2042.08
9614 2021.45 1636.48
9615 4147.18 3922.19
9616 4917.71 3807.73
9617 6304.61 4984.84
9618 2403.04 1428.17
9619 3728.52 994.999
9620 6397.04 4129.78
9621 6034.18 6140.97
9622 4317.31 2547.07
9623 4992.85 784.062
9624 680.9 6467.2
9625 6064.79 5915.65
9626 5738.16 3344.31
9627 3152.07 246.094
9628 2109.73 3866.67
9629 6454.37 5829.68
9630 5449.17 809.207
9631 1849.57 2311.63
9632 392.406 3217.82
9633 4700.76 2734.33
9634 2137.64 5877.5
9635 5803.91 1694.18
9636 2971.88 2978.77
9637 3051.53 1829.49
9638 2299.16 6131.26
9639 4189.17 900.412
9640 901.495 455.77
9641 2646.66 1421.27
9642 1010.55 1392.73
9643 1790.12 5601.53
9644 5871.58 748.303
9645 2262.33 587.525
9646 1624.68 2889.47
9647 5993.91 1418.7
9648 1481.71 2796.46
9649 2420.74 5068.79
9650 3424.6 5167.12
9651 3584.53 2482.32
9652 2056.74 1526.12
9653 2391.44 3835.09
9654 4403.02 4522.64
9655 3293.59 2248.52
9656 4840.52 5066.29
9657 1377.93 1807.8
9658 903.989 6212.33
9659 2865.97 3788.57
9660 449.877 3553
9661 1839.52 1898.31
9662 4887.33 301.221
9663 5191.45 2351.76
9664 1787.56 606.085
9665 2970.07 4783.5
9666 3487.42 3258.67
9667 2065.2 5675.15
9668 20.7916 843.635
9669 6119.16 3167.25
9670 227.454 1338.09
9671 4543.7 2893.62
9672 2935.69 3535.3
9673 6387.5 2860.23
9674 1896.19 859.167
9675 3414.28 2385.63
9676 1733.49 2624.38
9677 95.2065 75.6159
9678 2530.37 2422.38
9679 3823.74 6317.9
9680 6428.63 5842.9
9681 4619.44 3688.14
9682 3288.63 1448.69
9683 6506.38 5685.62
9684 255.98 2592.11
9685 6113.71 4195.19
9686 3132.57 2041.98
9687 4809.27 2072.62
9688 2118.2 291.831
9689 4097.07 4699.8
9690 5613.23 3428.7
9691 4223.99 4482.32
9692 1648.93 4593.95
9693 449.904 3300.15
9694 890.759 994.87
9695 3553.03 657.842
9696 3950.3 2524.21
9697 3052.1 195.17
9698 5666.38 326.764
9699 2547.33 1294.84
9700 3987.39 1269.19
9701 5116.17 2141.73
9702 2898.39 6089.98
9703 149.619 3269.07
9704 3883.9 6391.8
9705 519.987 802.837
9706 3676.77 2514.4
9707 1584.54 5689.87
9708 917.491 297.082
9709 512.544 3724.95
9710 2389.38 4433.9
9711 3698.03 2238.6
9712 3803.76 6499
9713 3768.46 3478.99
9714 6441.68 5033.54
9715 5864.77 6242.23
9716 5719.91 1669.08
9717 343.027 4043.15
9718 3520.19 6245.64
9719 1733.33 2475.68
9720 5744.1 6367.41
9721 91.8914 5648.7
9722 2171.21 568.7
9723 4195.17 1443.08
9724 5179.39 4814.84
9725 397.688 4952.6
9726 81.2708 4834.38
9727 5230.32 6183.79
9728 3628.46 728.64
9729 6457.33 2178.01
9730 4834.89 6297.43
9731 3528.78 2467.91
9732 5477.38 1428.01
9733 4079.77 3953.55
9734 4580.91 826.566
9735 5830.27 6174.89
9736 3278.76 3580
9737 319.071 5745.27
9738 4811.76 5835.99
9739 2179.17 2889.4
9740 5735.5 2467.82
9741 541.442 2569
9742 1573.38 2962.65
9743 47.5395 3234.11
9744 1914.62 305.113
9745 3880.52 8.30696
9746 5752.39 956.035
9747 3376.58 2489.84
9748 4475.58 3487.66
9749 5638.26 3428.74
9750 5006.89 4645.56
9751 5413.7 2941.39
9752 3596.21 353.118
9753 2908.45 5363.08
9754 3237.72 5651.41
9755 366.502 4750.35
9756 1486.95 369.65
9757 5004.99 353.606
9758 1559.8 3676.63
9759 1716.35 5082.71
9760 682.597 5187.37
9761 6184.01 4515.1
9762 2103.5 3333.59
9763 6362.21 3342.25
9764 6296.79 4354.28
9765 5760.44 6471.84
9766 3508.39 902.399
9767 2916.7 5975.01
9768 35.2257 34.2984
9769 1927.03 6181.64
9770 1934.33 5922.78
9771 3678.19 1105.35
9772 2303.93 6394.29
9773 6532.63 3402.82
9774 269.883 5450.16
9775 2299.4 1529.25
9776 5898.76 6068.27
9777 5138.36 4520.79
9778 163.878 3181.16
9779 3598.99 1686.98
9780 950.278 1221.74
9781 5542.52 2107.22
9782 5520.39 5525.4
9783 5301.85 3673.94
9784 4800.69 3421.86
9785 213.957 2534.74
9786 4556.04 4685.14
9787 2358.34 4658.45
9788 3652.25 531.409
9789 4375.31 3552.52
9790 2118.04 2310.7
9791 2291.29 3101.43
9792 3904.68 6448.49
9793 6304.49 1231.57
9794 3931.58 6161.28
9795 6550.37 4222.96
9796 4184.85 706.532
9797 2168.21 1606.53
9798 4403.38 3252.89
9799 4756.24 2930.62
9800 6253.32 463.61
9801 4764.43 4004.4
9802 1636.94 2482.28
9803 1388.58 3290.43
9804 1198.04 2937.84
9805 694.592 2815.18
9806 909.169 3055.86
9807 2566.79 2381.96
9808 5655.49 474.269
9809 4053.14 5292.91
9810 426.548 5454.52
9811 4682.89 946.816
9812 3100.15 3010.01
9813 853.014 434.866
9814 6002.86 592.29
9815 5459.11 3291.27
9816 244.41 129.159
9817 695.438 523.46
9818 3450.23 865.942
9819 6109.07 4116.03
9820 257.319 1076.43
9821 4348.19 6044.26
9822 4832.42 6154.45
9823 4333.97 5388.77
9824 3472.65 3183.74
9825 5949.11 89.7974
9826 1246.84 6130.62
9827 6240.45 6051.08
9828 1162.5 3048.14
9829 329.737 4311.26
9830 1159.42 300.108
9831 3049.24 3078.74
9832 5704.13 1190.92
9833 1732.66 1685.5
9834 2416.79 5655.42
9835 536.907 2290.09
9836 1632.32 6164.83
9837 229.317 5441.16
9838 5426.74 2410.38
9839 5653.97 1169.59
9840 4031.05 2653.56
9841 1046.03 6201.98
9842 838.552 730.351
9843 4097.74 648.125
9844 5976.67 1771.77
9845 3526.25 5931.24
9846 5054.07 5424.56
9847 2073.93 2711.82
9848 2548.2 666.99
9849 4999.97 1756.11
9850 6524.62 3161.5
9851 1830.14 6321.95
9852 4804.08 17.8729
9853 5375.29 1562.46
9854 18.7018 897.148
9855 3003.41 1947.22
9856 1286.66 4871.97
9857 5665.4 6495.19
9858 1247.76 3570.25
9859 1804.66 1076.29
9860 1160.57 3822.93
9861 136.472 969.892
9862 3047.9 2174.28
9863 569.03 150.693
9864 1513.1 5153.22
9865 2476.46 6331.47
9866 6514.87 2115.62
9867 940.262 4836.12
9868 4253.35 3042.43
9869 2790.99 5326.03
9870 4780.98 1589.97
9871 3293.39 2263.62
9872 3017.66 5137.82
9873 4904.33 4157.51
9874 2189.11 4091.97
9875 4668.11 5763.84
9876 3488.85 559.083
9877 6220.85 6545.05
9878 2129.49 140.333
9879 4329.93 955.143
9880 1376.12 4651.76
9881 2553.06 4141.94
9882 5122.97 5355.74
9883 4149.33 4582.77
9884 2197.47 2505.15
9885 6311.93 1197.24
9886 1798.89 1708.98
9887 5669.82 3681.87
9888 1745.01 276.201
9889 5197.26 3708.83
9890 1727.15 3053.27
9891 3658.35 6004.84
9892 83.5667 2879.43
9893 2495.05 5573.3
9894 10.9605 1639.59
9895 4462.42 2540.38
9896 5775.94 1956.66
9897 2693.14 2427.15
9898 5016.34 1035.89
9899 528.147 1617.17
9900 3267.58 5013.69
9901 4272.62 5393.84
9902 1219.16 2371.57
9903 4191.85 5605.83
9904 466.296 4944.12
9905 3150.87 3288.58
9906 5342.04 6533.39
9907 6537.4 357.71
9908 2146.59 188.294
9909 2619.65 228.276
9910 4726.41 3460.44
9911 4018.13 2490.66
9912 3164.08 1745.04
9913 4842.73 4396.62
9914 6444.06 1604.58
9915 1233.94 5096
9916 4949.39 1950.81
9917 4902.93 4912.35
9918 240.965 6074.08
9919 1535.23 1711.73
9920 2487.26 2703.18
9921 4091.58 1494.29
9922 5204.52 1922.29
9923 2809.29 2803.92
9924 4875.3 2014.76
9925 50.8095 2947.76
9926 4069.67 4192.67
9927 4578.68 2205.6
9928 5647.63 4247.72
9929 1865.7 4784.72
9930 3477.72 6101.32
9931 5901.53 1889.05
9932 2115.94 1597.15
9933 1873.64 1074.6
9934 4705.79 2334.83
9935 873.988 3434.59
9936 5504.04 2312.63
9937 1370.62 5382.11
9938 1042.21 484.957
9939 5835.56 437.91
9940 764.183 6315.6
9941 880.04 4918.56
9942 4716.24 566.36
9943 2994.63 6236.75
9944 6314.13 6341.34
9945 3171.59 3285.65
9946 4951.42 4998.72
9947 5360.53 2619.49
9948 3834.86 2437.85
9949 596.369 766.457
9950 733.784 860.504
9951 6007.95 3491.32
9952 5395.68 1822.97
9953 1116.9 1667.32
9954 3172.17 3825.85
9955 3543.37 8.79947
9956 1888.72 3545.23
9957 2028.5 2641.92
9958 4109.52 1746.52
9959 4042.58 879.684
9960 1731.85 3916.94
9961 4017.87 928.616
9962 4078.61 4961.65
9963 2880.97 528.715
9964 4566.71 98.5151
9965 3808.65 5933.96
9966 357.483 5468.22
9967 5618.16 4714.12
9968 1687.29 2761.99
9969 1511.14 3499.07
9970 4901.85 1964.45
9971 2135.8 1778.9
9972 2129.71 584.411
9973 4051.85 3992.43
9974 184.522 98.2902
9975 3358.41 2576.99
9976 5012.04 3539.19
9977 4572.31 961.286
9978 2929.17 6252.44
9979 4171.31 2735.4
9980 3349.26 1163.81
9981 3187.05 3625.77
9982 3097.92 3403.23
9983 4427.12 5896.77
9984 28.9197 3055.6
9985 4709.12 127.344
9986 1984.11 6300.26
9987 4570.62 1678.11
9988 5776.59 1863.66
9989 5464.78 1081.21
9990 3071.33 6379.19
9991 1912.73 1475.42
9992 3399.68 2191.58
9993 1828.51 2252.18
9994 4293.07 52.3749
9995 2097.38 3996.61
9996 1800.32 4825.65
9997 2440.41 5008.81
9998 2595.05 1352.48
9999 5982.54 3806.19
10000 926.526 6246.82
10001 4361.53 2064.28
10002 6475.68 6389.36
10003 622.9 749.756
10004 898.28 6243.5
10005 2082.57 4541.08
10006 5999.81 1669.08
10007 4300.19 5898.38
10008 3880.84 3561.85
10009 350.352 2778.42
10010 6220.79 1152.74
10011 836.423 3273.96
10012 2.6112 2838.34
10013 5401.74 647.653
10014 2322.47 2335.15
10015 3515.1 6040.89
10016 3183.51 2521.12
10017 1799.94 2288.77
10018 4571.6 1908.91
10019 2752.62 1571.44
10020 574.613 5431.56
10021 2660.23 5188.46
10022 6418.41 372.243
10023 1031.52 5492.6
10024 2861.79 3951.46
10025 1431.17 6304.49
10026 3555.4 3909.53
10027 4998.53 1411.56
10028 3082.96 2213.85
10029 5467.38 4902.97
10030 2870.02 5132.58
10031 5446.18 4234.6
10032 4818.1 2929.56
10033 4388.4 6324.99
10034 3331.97 1048.55
10035 5363.13 775.109
10036 1578.69 3682.54
10037 1432.83 1816.62
10038 888.955 2814.33
10039 5352.77 4402.67
10040 2986.01 748.318
10041 6368.02 6373.57
10042 3878.26 1768.2
10043 5298.48 4591.37
10044 5408.86 1564.91
10045 5598.63 5162.32
10046 5922.07 862.315
10047 1892.07 6025.16
10048 3812.05 3669.76
10049 6014.37 2425.09
10050 2254.38 4495.06
10051 3799.49 5143.06
10052 554.631 5048.05
10053 4967.55 844.313
10054 1127 1438.11
10055 1131.99 677.987
10056 5468.48 4375.16
10057 241.32 6298.53
10058 2111.3 4717.7
10059 33.2763 2685.99
10060 1848.2 587.409
10061 2396.79 6530.72
10062 830.577 2987.35
10063 42.8296 2775.24
10064 689.098 4365.1
10065 383.82 6098.77
10066 1608.12 5767.86
10067 5128.68 5866.5
10068 2903.73 4275.25
10069 784.478 6412.92
10070 5492.28 1713.56
10071 5866.52 3893.74
10072 2355.5 1227.84
10073 2441.43 6270.37
10074 6105.62 5751.73
10075 1649.64 210.061
10076 4782.21 6294.59
10077 2029.47 5045.48
10078 4993.26 6369.99
10079 4752.65 1258.7
10080 3283.58 5991.33
10081 3630.16 5212.29
10082 1126.5 1907.98
10083 426.049 4597.04
10084 4111.17 3684.54
10085 1502.27 4405.45
10086 4328.51 4678.41
10087 4342.5 3390.31
10088 2771.02 3726.5
10089 1006.74 4738.89
10090 2222.79 5172.88
10091 693.534 5401.99
10092 2003.2 5981.16
10093 3192.56 5919.74
10094 1979.46 4096.68
10095 3053.86 2658.31
10096 4506.55 5985.08
10097 5387.78 366.256
10098 1491 6393.17
10099 5854.06 6397.3
10100 2724.49 5804.74
10101 6330.84 5811.71
10102 4208.38 436.954
10103 6383.14 2440
10104 802.951 647.299
10105 2332.92 1922.31
10106 5306.01 5288.03
10107 6244.7 5113.87
10108 2539.32 3536.04
10109 4067.72 4035.44
10110 4696.69 5490.8
10111 5448.85 534.844
10112 1644.21 6105.64
10113 3454.4 5990.91
10114 3228.06 3665.15
10115 818.831 6521.4
10116 1838.16 770.831
10117 5086.12 3818.75
10118 3224.66 5651.57
10119 463.687 5791.09
10120 6490.87 6013.96
10121 4348.93 5185.19
10122 1913.52 874.957
10123 3713.29 2950.93
10124 4240.95 3992.41
10125 1563.71 154.875
10126 3906.58 3607.57
10127 4395.7 1164.32
10128 3299.63 2623.16
10129 4776.65 6124.28
10130 3358.38 5097.29
10131 2957.62 926.46
10132 6245.11 5539.48
10133 5025.84 5742.58
10134 1744.13 985.559
10135 2820.31 5802.59
10136 2974.37 180.506
10137 4263.47 4603.65
10138 949.027 5875.52
10139 1412.07 6288.01
10140 4640.07 6452.02
10141 41.0697 5416.24
10142 4363.66 5837.23
10143 3520.51 1324.13
10144 801.488 2429.74
10145 560.136 657.139
10146 5339.21 923.649
10147 233.55 91.6634
10148 2678.88 2502.13
10149 2547.33 1788.02
10150 1611.73 75.6064
10151 2624.65 3055.97
10152 4502.89 2948.81
10153 3868.88 804.388
10154 3432.12 308.009
10155 1883.41 2212.34
10156 851.347 2041.75
10157 909.938 2659.98
10158 2131.81 4531.39
10159 3460.78 2256.88
10160 3870.29 2960.24
10161 5731.48 2057.7
10162 265.908 1308.01
10163 5271.05 3008.77
10164 3110.07 0.27361
10165 2703.6 815.733
10166 3356.24 4616.68
10167 5579.85 3135.77
10168 1051.42 1535.07
10169 5131.34 815.552
10170 1928.23 2385.88
10171 1328.02 239.251
10172 3733.39 4728.88
10173 716.665 6503.05
10174 2286.35 4723.59
10175 1825.52 4951.71
10176 5968.19 5217.02
10177 4089.19 1005.16
10178 2869.02 852.969
10179 5271.22 3199.07
10180 3243.31 1288.37
10181 3570.88 4524.46
10182 3990.72 3859.41
10183 4479.35 4046.69
10184 5348.5 437.987
10185 4718.01 4781.73
10186 6393.41 6548.66
10187 5207.31 5650.81
10188 6387.57 3143.39
10189 6350.27 6363.16
10190 4813.83 6553.87
10191 5731.31 2143.82
10192 567.687 6367.35
10193 1679.6 5992.16
10194 5084.49 3967.81
10195 243.489 3066.23
10196 1315.99 1920.24
10197 5737.36 4347.23
10198 5140.93 2523.92
10199 3579.65 2130.39
10200 2014.34 1396.59
10201 2755.27 5628.47
10202 4324.72 5504.32
10203 5950.36 4395.14
10204 385.875 1126.65
10205 853.061 6273.56
10206 932.386 2941.07
10207 4050.53 968.934
10208 544.932 2578.05
10209 463.806 1805.26
10210 1637.83 6524.43
10211 977.286 6256.53
10212 5692.63 758.856
10213 1671.21 2081.54
10214 6023.42 3149.38
10215 6326.95 5562.91
10216 1743.95 6144.53
10217 5094.7 4933.35
10218 5424.73 4134.88
10219 3129.12 93.4889
10220 4658.62 3388.56
10221 2946.99 1185.41
10222 3333.16 5319.27
10223 2832.43 216.775
10224 6007.39 1709.15
10225 3674.27 1713.67
10226 1560.02 6420.39
10227 345.042 4747.79
10228 3543.01 4575.19
10229 2830.53 1796.39
10230 5746.34 3162.34
10231 2917.04 2108.61
10232 1423.16 70.1285
10233 5666.16 5693.64
10234 3725.09 813.006
10235 4861.36 3372.01
10236 1057.99 3100.58
10237 56.5029 3637.84
10238 6089.35 2776.17
10239 2720.01 6222.01
10240 2490.75 6176.48
10241 3071.65 1557.52
10242 3716.22 231.862
10243 1773.52 6364.01
10244 2570.44 2606.28
10245 111.041 1901.05
10246 5273.7 2308.09
10247 4322.99 6262.72
10248 1701.05 753.896
10249 6438.83 4534.78
10250 5669.51 6551.55
10251 254.471 5878.1
10252 210.192 6484.05
10253 2204.64 1531.59
10254 2394.75 5346.11
10255 1365.04 2802.14
10256 948.091 1696.36
10257 72.1629 2285.97
10258 1489.61 3412.1
10259 574.242 5955.02
10260 6147.21 3028.95
10261 6439.95 3589.04
10262 2313.21 4335.95
10263 5263.02 1232.31
10264 5303.96 5550.52
10265 3271.82 3899.09
10266 1421.48 3725.03
10267 733.021 699.341
10268 1497.8 4274.84
10269 2826.76 2553.23
10270 4984.07 5399.71
10271 870.399 1712.48
10272 6546.22 2624.76
10273 4435.45 2866.92
10274 5242.63 6526.78
10275 3791.56 2333.05
10276 105.017 4067.76
10277 2200.26 3341.8
10278 3087.85 1138.04
10279 5947.9 5246.89
10280 6489.02 2002.7
10281 960.52 2556.71
10282 1001.93 5069.1
10283 4341.8 4268.7
10284 2821.01 5949.91
10285 3090.76 5979.37
10286 1384.14 4374.27
10287 1994.6 5205.3
10288 5101.98 5579.6
10289 5617.08 2140.99
10290 414.289 1137.32
10291 3056.19 150.706
10292 4456.68 183.201
10293 2018.5 1017.79
10294 2143.62 5239.04
10295 4400.1 4512.97
10296 4809.21 597.644
10297 3086.62 6455.14
10298 4628.6 169.666
10299 2449.88 4715.57
10300 2959.11 6494.44
10301 1486.24 5472.58
10302 6496.2 260.687
10303 3525.9 3472.36
10304 1681.17 2472.19
10305 2377.97 1788.1
10306 617.566 1346.48
10307 1911.67 6220.3
10308 3726.95 3072.38
10309 6477.46 5898.03
10310 4784.31 405.032
10311 3530.23 2980.51
10312 2548.31 5605.19
10313 5384.85 716.865
10314 372.472 1680.38
10315 1154.71 4133.18
10316 3663.65 1924.46
10317 289.995 5801.9
10318 2433.35 1255.17
10319 4069.04 3166.83
10320 4703.3 4219.45
10321 5240.75 5681.18
10322 5489.36 5451.72
10323 1216.33 5714.91
10324 1476.32 1202.23
10325 6407.2 2619.26
10326 466.607 1409.69
10327 3620.15 303.355
10328 3084.22 701.886
10329 1216.67 4119.76
10330 1412.03 4895.8
10331 2952.42 4693.17
10332 3258.02 1301.47
10333 2444.15 10.5896
10334 4046 5157.89
10335 3526.96 4936.66
10336 1959.04 2238.06
10337 2451.74 2257.61
10338 3579.75 3289.72
10339 3237.02 6229.18
10340 5293.79 5453.58
10341 5288.12 4026.02
10342 4314.8 4791.22
10343 4251.73 5971.5
10344 3497.33 3740.53
10345 1532.19 720.494
10346 4241.87 5472.56
10347 169.614 5305.75
10348 1792.05 3671.66
10349 4182.42 5576.09
10350 3937.05 2588.26
10351 780.897 3972.29
10352 3366.11 5940.82
10353 2288.78 4628.91
10354 5881.17 5011.03
10355 5550.71 2990.44
10356 830.435 5731.3
10357 865.656 4769.48
10358 175.295 4910.16
10359 3145.44 2770.75
10360 6217.49 4678.81
10361 2321.48 1178.58
10362 965.517 3687.92
10363 5614.15 5197.35
10364 6010.74 6495.85
10365 2481.47 2019.97
10366 1529.49 1713.76
10367 1190.28 6040.09
10368 2501.48 1432.6
10369 6291.74 3999.02
10370 4837.18 517.908
10371 890.593 946.802
10372 4440.65 316.634
10373 4546.53 5093.25
10374 4611.31 907.383
10375 6032.45 5580.02
10376 2146.41 1695.73
10377 3995.24 2931.71
10378 5327.01 4603.78
10379 5727.17 2982.31
10380 4380.83 5959.32
10381 4785.96 240.65
10382 1476.31 3619.54
10383 6477.77 6428.12
10384 94.7712 2286.49
10385 6262.63 3980.35
10386 450.754 4089.56
10387 4399.93 5292.92
10388 5724.63 6271.54
10389 4873.9 2772.18
10390 6288.8 2329.07
10391 5555.97 3677.02
10392 5407.55 2429.83
10393 3278.87 2249.12
10394 201.892 1273.95
10395 1845.42 5381.52
10396 4497.73 5334.11
10397 480.374 3957.95
10398 760.271 698.216
10399 3736.77 4517.71
10400 5060.99 6022
10401 3215.43 2989.21
10402 917.446 3356.43
10403 2220.93 355.229
10404 5076.4 3254.37
10405 5484.34 4060.78
10406 3105.76 5697.27
10407 4330.81 1221.71
10408 3767.31 6174.99
10409 4720.56 2256.59
10410 6428.76 806.425
10411 1124.14 484.879
10412 4579.56 783.401
10413 75.2009 1980.98
10414 6165.57 1760.38
10415 4775.95 5112.35
10416 422.313 5474.15
10417 2384.7 172.828
10418 1179.6 1107.27
10419 2788.73 5798.23
10420 4226.14 2185.13
10421 1910.91 2244.74
10422 1391.55 5767.21
10423 2111.27 6127.51
10424 6062.85 2969.61
10425 4443.09 1869.52
10426 4305.63 3133.58
10427 5923.8 292.761
10428 3444.02 1561.43
10429 4335.86 1463.01
10430 984.893 4915.01
10431 5005.61 2373.23
10432 3610.69 545.067
10433 1014.87 788.079
10434 5131.32 5809.79
10435 6434.59 3274.36
10436 1608.63 6048
10437 6467.66 5929.86
10438 5219.45 3251.52
10439 1340.79 3569.24
10440 5316.3 4128.72
10441 5688.41 5714.92
10442 1705.19 2303.36
10443 5782.46 6329.8
10444 3984.19 5030.63
10445 2127.93 1272.73
10446 572.937 4597.94
10447 1912.08 93.8465
10448 3640.84 4792.72
10449 5755.1 1684.76
10450 5449.97 1129.53
10451 1735.51 6339.95
10452 3621.29 1765.2
10453 1093.44 3560.51
10454 2146.79 1792.09
10455 2682.58 3111.74
10456 730.603 4753.6
10457 5524.03 2208.99
10458 5367.53 2881.93
10459 6208.55 1600.37
10460 2064.67 4060.47
10461 4916.48 3396.09
10462 2632.71 3168.14
10463 5879.3 2931.76
10464 5183.59 4925.01
10465 346.204 5972.98
10466 1689.24 6197.85
10467 5803.4 5082.77
10468 2749.56 1849.63
10469 6084.09 3270.24
10470 1101.97 259.145
10471 5894.35 837.841
10472 2505.92 3205.42
10473 1348.42 2381.48
10474 4796.26 5439.47
10475 3783.66 4754.65
10476 5064.06 6124.2
10477 4739.17 4201.64
10478 3621.23 3654.32
10479 3507.48 1343.23
10480 1137.24 5425.25
10481 1092.12 1481.8
10482 6066.33 703.036
10483 3263.45 4643.73
10484 2180.81 1541.8
10485 4371.34 1605.12
10486 1063.97 5133.83
10487 5505.2 490.945
10488 4750.17 6283.35
10489 3901.64 3900.27
10490 864.734 3721.47
10491 2178.5 6126.88
10492 454.499 81.1115
10493 4596.08 5171.81
10494 190.533 1648.82
10495 5091.05 2288.45
10496 2037.39 5533.41
10497 2741.12 2888.05
10498 3389.63 5648.95
10499 2680.78 6012.37
10500 1698.56 4358.97
10501 5120.31 5976.6
10502 585.732 151.929
10503 4690.59 2058.13
10504 2269.95 2921.33
10505 2372.15 694.628
10506 1581.88 6200.86
10507 6337.61 66.872
10508 3510.43 5436.43
10509 5450.91 869.435
10510 5380.86 957.156
10511 2859.73 710.181
10512 2867.45 1496.39
10513 923.785 2737.86
10514 6308.86 4642.57
10515 615.984 4413.58
10516 4757.74 5548.38
10517 1072.74 2356.85
10518 2763.49 927.858
10519 2502.5 5067.96
10520 3032.34 3950.1
10521 6109.21 4858.39
10522 4287.37 2686.09
10523 3889.24 5554.46
10524 5599.73 6085.1
10525 707.714 179.39
10526 4324.53 4104.71
10527 761.387 1660.47
10528 3035.79 2257.23
10529 1325.14 1353.31
10530 1641.04 3440.65
10531 3196.23 3294.8
10532 4895.79 6521.97
10533 5380.38 5487.08
10534 1603.69 432.993
10535 3224.89 6073.06
10536 1360.64 6.04714
10537 474.977 2903.93
10538 5464.35 1117.13
10539 5557.68 256.246
10540 4072.51 1238.85
10541 2842.01 968.679
10542 5503.93 5597.63
10543 1482.09 4895.93
10544 6280.67 1631.44
10545 449.506 496.025
10546 2119.91 1943.97
10547 6039.32 2062.05
10548 1949.57 5708.47
10549 4677.98 2305.11
10550 5331.48 3781.37
10551 6187.73 8.01801
10552 619.075 2205.89
10553 2312.89 4030.41
10554 2641.34 2524.27
10555 3459.02 4336.4
10556 4465.72 5906.33
10557 3124.23 2441.51
10558 53.5788 6355.07
10559 2706.55 3664.12
10560 1607.49 490.301
10561 4907.01 1164.03
10562 4573.09 4752.48
10563 4320.7 766.429
10564 4830.87 59.0019
10565 3148.47 555.176
10566 5239.94 1257.54
10567 6309.84 4119
10568 4830.62 4003.99
10569 318.26 6400.6
10570 5939.88 4251.02
10571 4836.17 3756.84
10572 1794.46 242.811
10573 3171.93 4320.15
10574 1142.81 3551.47
10575 5068.93 1434.06
10576 3235.59 6182.96
10577 5002.92 2330.34
10578 6268.68 1259.78
10579 3120.38 2625.09
10580 332.431 2073.29
10581 5864.92 1619.63
10582 1873.85 4355.14
10583 36.5675 6305.23
10584 3539.8 2665.07
10585 2716.96 4309.99
10586 6366.15 1631.66
10587 3181.36 829.095
10588 1092.9 2706.97
10589 1033.24 3268.73
10590 3781.73 1152.35
10591 4913.94 932.82
10592 4516.33 1742.71
10593 2200.06 1315.87
10594 2457.78 3687.53
10595 583.406 1544.7
10596 3286.07 3623.59
10597 3764.71 2166.36
10598 3072.68 6341.47
10599 4409.43 2346.31
10600 1959.68 4541.87
10601 1119.79 4762.51
10602 3085.64 109.565
10603 3184.07 3076.15
10604 5687.86 5035.82
10605 5232.54 694.11
10606 4138.32 2507.68
10607 2269.49 2596.92
10608 6431.91 1589.42
10609 2595.8 2727.14
10610 4899.01 6384.93
10611 5204.37 6342.6
10612 6269.95 205.248
10613 6092.13 4502.19
10614 132.988 6491.21
10615 2375.88 5699.04
10616 3056.06 3333.76
10617 5786.95 2117.5
10618 6253.68 3004.76
10619 5903.08 3678.4
10620 4742.38 1585.63
10621 1306.5 3677.7
10622 1927.1 2368.06
10623 4270.09 1546.67
10624 6392.9 2593.15
10625 4691.83 4812.97
10626 3507.25 919.613
10627 3644.19 1158.17
10628 4268.75 1574.68
10629 3199.24 4348.5
10630 1927.83 491.737
10631 2996.36 3099.93
10632 3225.56 4430.45
10633 5794.69 3615.82
10634 3918.01 4700.16
10635 1133.41 402.389
10636 2002.39 6220.49
10637 2426.84 5373.79
10638 5006.37 172.622
10639 3457.35 5505.57
10640 3708.46 289.1
10641 3657.06 4444.27
10642 4542.44 5459.42
10643 4228.62 6086.94
10644 2833.69 4241.12
10645 3198.24 5554.52
10646 3856.9 2744.94
10647 3073.97 5526.94
10648 6533.98 4825.66
10649 6324.87 4395.92
10650 6099.99 1444.94
10651 4022.95 3180.98
10652 3576.36 2412
10653 5450.13 1324.75
10654 1491.93 3332.14
10655 4630.99 1514.92
10656 3474.34 1049.3
10657 408.153 565.134
10658 1042.69 3723.4
10659 2459.64 3192.74
10660 3724.42 3151.71
10661 1668.24 4769.91
10662 2404.63 1515.04
10663 4040.3 4376.17
10664 5621.87 3116.25
10665 5403.76 812.288
10666 4983.53 5309.03
10667 36.65 1556.83
10668 4924.8 3411.88
10669 5762.67 2714.48
10670 4911.57 1912.92
10671 5098.1 2825.64
10672 3468.6 6544.01
10673 3813.57 2225.14
10674 815.482 2901.66
10675 1189.68 5060.02
10676 4728.43 5269.73
10677 534.351 2758.39
10678 2132.55 1598.47
10679 1520.4 2677.57
10680 1934.85 1418.52
10681 967.439 5919.02
10682 3823.22 3593.95
10683 5940.34 3355.3
10684 206.682 3709.8
10685 921.62 1744.94
10686 5487.07 1491.23
10687 1583.11 4420.01
10688 989.002 3016.73
10689 5693.17 2577.26
10690 6105.4 2186.81
10691 5022.68 3903.13
10692 6127.91 2397.03
10693 39.8115 4707.27
10694 5049.65 6397.46
10695 3480.08 1414.77
10696 796.825 6185.41
10697 4035.13 111.841
10698 3964.77 5433.96
10699 4519.26 1111.07
10700 3397.99 382.548
10701 1118.48 1439.34
10702 926.421 1893.07
10703 6382.03 3295.03
10704 939.776 6494.39
10705 1871.61 3568.39
10706 4513.61 1891.08
10707 3979.93 3705.43
10708 119.522 6341.53
10709 3069.56 4200.67
10710 2443.36 2081.11
10711 5548.73 3285.33
10712 749.445 1256.36
10713 3475.88 2811.83
10714 315.751 1934.98
10715 2571.68 105.09
10716 5362.38 2018.14
10717 294.578 6106.25
10718 2750.22 1849.86
10719 2724.95 2935.27
10720 5802.45 2422.34
10721 1858.35 4788.05
10722 3335.8 188.132
10723 5068.57 3592.27
10724 3076.6 965.633
10725 3229.45 3939.83
10726 6113.86 1553.55
10727 1976.52 6246.59
10728 1104.67 4633.91
10729 451.893 2731.76
10730 486.881 314.47
10731 6251.66 4956.89
10732 2892.4 4618.49
10733 3683.92 323.425
10734 2077.1 1212.67
10735 6454.87 2110.2
10736 3725.14 5649.85
10737 587.393 3792.42
10738 3629.51 3846.2
10739 2768.01 3935.63
10740 1301.27 5846.68
10741 1126.77 4122.44
10742 2402.68 1431.75
10743 2728.9 153.545
10744 4723.97 2085.66
10745 6245.36 5638.17
10746 2183.44 91.1871
10747 5627.18 1303.28
10748 4883.17 3560.99
10749 24.3143 3828.95
10750 267.742 1039.59
10751 6419.79 6270.2
10752 2932.73 6148.95
10753 3352.1 5852.03
10754 4493.54 4981.58
10755 4530.9 6032.67
10756 2320.95 264.968
10757 2318.03 3604.75
10758 3455.22 2439.36
10759 921.844 1742.57
10760 4839.4 6386.68
10761 5023.65 207.379
10762 3184.66 1331.8
10763 5485.44 3601.65
10764 1746.76 2893.83
10765 3329.16 708.623
10766 6296.46 3444.53
10767 6177.24 4818.04
10768 4851.94 5057.56
10769 431.764 2123.88
10770 3959.74 3282.77
10771 3873.14 6164.37
10772 3313.79 4488.28
10773 1925.75 2671.44
10774 2213.79 643.876
10775 6547.47 6226.47
10776 2879.66 857.22
10777 6200.51 4802.65
10778 5704.03 3678.34
10779 3773.68 5711.02
10780 5764.56 5176.44
10781 3949.25 2783.1
10782 6270.74 3799.32
10783 81.2135 787.738
10784 1398.09 6440.94
10785 345.078 4264.3
10786 4774.61 6523.49
10787 6043.27 4647.41
10788 3300.87 4845.9
10789 6156.37 1280.08
10790 64.6973 4569.96
10791 6100.29 6529.57
10792 3705.28 6364.96
10793 943.677 1250.8
10794 451.87 5346.42
10795 3121.3 5296.89
10796 3769.07 2579.69
10797 1685.89 5614.36
10798 3450.37 3645.33
10799 246.422 3348.72
10800 6356.57 5654.54
10801 1520.73 3658.63
10802 3042.8 4210.06
10803 2174.99 2201.95
10804 4173.56 911.205
10805 1798.7 4358.27
10806 74.451 3435.43
10807 807.556 835.254
10808 306.586 1273.31
10809 2076.46 513.014
10810 2530.23 1361.79
10811 4396.85 1278.15
10812 3957.78 325.885
10813 6080.1 2433.1
10814 1049.46 125.239
10815 166.646 1662.42
10816 4699.96 5798.48
10817 3845.92 6098.85
10818 1021.47 1613.08
10819 741.739 402.154
10820 3664.34 948.69
10821 6440.82 4751.38
10822 244.781 669.073
10823 1918.05 3303.1
10824 4943.93 536.422
10825 4482.51 455.453
10826 430.434 4844.91
10827 5172.33 5919.48
10828 5954.67 6425.08
10829 2104.72 1958.04
10830 4178.66 2618.8
10831 2012.4 3205.24
10832 3343.1 4955.24
10833 368.607 3807.84
10834 1440.51 935.81
10835 3282.33 1825.65
10836 4352.18 2838.98
10837 3826.71 4702.21
10838 4406.89 1179.08
10839 2495.03 3479.79
10840 6042.64 3507.85
10841 51.8418 4226.42
10842 4921.1 6300.51
10843 422.786 5820.52
10844 4523.33 1335.71
10845 885.092 1489.9
10846 5373.77 4699.14
10847 157.797 1047.13
10848 2581.05 4505.34
10849 414.901 1654.47
10850 202.512 5849.7
10851 2301.25 1502
10852 5515.06 327.985
10853 3772.45 6456.46
10854 4795.37 2206.23
10855 1233.92 4359.8
10856 2091.78 1335.72
10857 3152.49 4591.73
10858 908.384 5211.42
10859 1909.87 2306.62
10860 6134.9 699.887
10861 1439.73 1633.89
10862 2809.47 2417.91
10863 1808.38 3132.83
10864 3413.12 5879.9
10865 1761.81 2063.31
10866 488.388 3493.37
10867 5767.33 2167.46
10868 214.339 4331.89
10869 4082.13 3797.88
10870 2501.94 2425.8
10871 6410.58 684.008
10872 3146.22 6362.51
10873 2285.84 2526.24
10874 4514.42 322.205
10875 5048.39 1367.91
10876 5142.02 6237.75
10877 2029.73 1737.42
10878 3946.1 4413.34
10879 3187.4 3553.26
10880 4289.39 20.2339
10881 3063.73 931.747
10882 2571.67 93.9779
10883 5043.53 5910.31
10884 5991.7 4207.22
10885 3808.34 5195.48
10886 466.915 134.657
10887 5685.28 745.121
10888 5237.79 5790.6
10889 4359.4 5082.48
10890 1861.31 988.916
10891 2190.78 1676.69
10892 4017.77 5349.54
10893 3980.83 6318.01
10894 3941.99 1784.01
10895 5997.69 3306.78
10896 3248.51 3823.68
10897 6524.83 3697.33
10898 6323.62 6128.77
10899 6287.57 998.094
10900 6309.24 3770.6
10901 5036.55 5190.81
10902 164.601 6101.62
10903 2323.2 3597.28
10904 5537.38 3178.52
10905 2929.45 6271.99
10906 2897.62 2279.52
10907 3163.64 890.686
10908 5506.92 1552.3
10909 3823.81 6361.34
10910 1810.52 435.601
10911 1851.13 3263.11
10912 496.67 4455.33
10913 4727.16 6338.03
10914 254.626 3355.34
10915 2512.77 2240.15
10916 284.791 631.032
10917 4792.99 2678.99
10918 655.111 6212.85
10919 2633.75 46.8467
10920 2800.77 5616.53
10921 4323.19 5369.71
10922 3440.57 1149.8
10923 5713.41 5867.54
10924 4124.78 5817.18
10925 615.841 6058.1
10926 4475.44 5269.56
10927 6291.13 3205.15
10928 4403.48 4436.46
10929 4221.69 210.863
10930 5152.58 3409.92
10931 777.587 6268.65
10932 26.2364 5093.88
10933 5123.27 2592.75
10934 1049.64 1175.86
10935 75.6987 3899.73
10936 2316.88 4270.78
10937 1672.53 985.337
10938 3364.5 3920.08
10939 6465.96 993.804
10940 2191.19 6509
10941 6205.8 2283.56
10942 2358.51 2706.61
10943 672.627 338.917
10944 3205.08 2124.83
10945 1544.96 1971.74
10946 3678.5 5377.84
10947 4756.03 759.169
10948 3452.62 3875.14
10949 4660.8 1547.4
10950 6113.39 3239.33
10951 1009.16 6164.7
10952 3407.08 3477.79
10953 1115.11 3920.13
10954 2269.68 1053.93
10955 4689.99 4480.13
10956 3347.66 2307.62
10957 4785.22 2268.34
10958 5494.29 1368.11
10959 294.193 5024.35
10960 1708.26 3036.5
10961 4261.22 2272.62
10962 1685.7 6395.6
10963 5845.22 4091.77
10964 2566.37 4684.86
10965 5848.12 2581.26
10966 3458.33 1519.94
10967 3281.65 161.999
10968 3597.66 5642.47
10969 6142.46 5554.55
10970 331.91 932.085
10971 2973.71 4881.52
10972 3720.16 3933.17
10973 1872.77 2128.65
10974 1800.46 5180.19
10975 3633.99 2150.73
10976 892.568 6165.26
10977 3447.89 5286.21
10978 3247.84 3287.3
10979 10.8826 3568.77
10980 6192.89 1010.19
10981 559.544 1958.77
10982 5054.73 6016.53
10983 773.139 6116.64
10984 1286.52 2655.74
10985 4835.41 2616.94
10986 2448.18 1303.8
10987 1642.53 2819.38
10988 1230.05 312.957
10989 3123.66 3542.39
10990 1146.55 6229.31
10991 5812.67 1759.56
10992 6260.2 2101.55
10993 199.791 1284.73
10994 1969.96 1134.45
10995 1496.82 5560.38
10996 5577.97 6039
10997 3518.64 3530.33
10998 102.893 1448.82
10999 2240.53 2434.76
11000 4540.08 2128.05
11001 637.973 5414.32
11002 1042.67 3629.66
11003 423.496 1429.27
11004 804.688 1179.08
11005 3902.95 3072.71
11006 1087.4 5683.87
11007 3259.35 4854
11008 2039.26 6456.21
11009 6178.23 6433.31
11010 2288.95 3147.51
11011 2248.5 2232.65
11012 6007.38 4319.05
11013 68.1438 4690.29
11014 4634.43 2995.58
11015 3402.12 2982.35
11016 2092.53 822.631
11017 515.054 361.49
11018 2266.77 6145.99
11019 3295.83 864.444
11020 796.299 3184.83
11021 117.229 6125.95
11022 412.313 5304.13
11023 4776.79 4139.88
11024 1344.15 1927.75
11025 2004.72 3948.64
11026 2378.12 1222.34
11027 561.509 3412.77
11028 4983.64 6368.27
11029 664.683 1430.32
11030 4710.59 4010.93
11031 1871.72 3826.53
11032 4742.87 6497.58
11033 6400.22 4572.76
11034 1681.5 638.964
11035 371.419 4359.63
11036 4838.18 836.015
11037 2758.52 3080.77
11038 141.192 2488.9
11039 4414.07 2444.32
11040 4184.53 5188.7
11041 3510.68 3660.31
11042 6135.6 3048.96
11043 2186.83 365.462
11044 5970.17 2789.87
11045 3289.8 3248.08
11046 830.052 3592.15
11047 1925.94 529.224
11048 250.81 2333.68
11049 5102.29 728.991
11050 4519.77 5567.3
11051 905.068 6230.9
11052 431.652 1306.33
11053 5006.67 4794.64
11054 5458.36 3635.85
11055 6073.89 2053.52
11056 3694.07 4726.04
11057 4215.06 3805.17
11058 5465.52 2241.53
11059 373.832 4263.1
11060 2240.79 5490.91
11061 3652.43 3468.22
11062 5751.18 2492.73
11063 4261.99 4863.42
11064 5070.24 918.616
11065 2256.87 122.825
11066 637.649 1645.65
11067 4469.19 6352.85
11068 2817.22 805.735
11069 6358.15 4178.09
11070 1997.77 2828.95
11071 5625.11 862.099
11072 1313.77 2664.76
11073 6300.24 5002.78
11074 1305.97 2793.09
11075 4752.94 3347.04
11076 4911.01 3312.72
11077 4513.07 6076.69
11078 6098.27 6198.2
11079 4567.73 4243.76
11080 0.0337648 4539.2
11081 2372.82 934.24
11082 4144.13 6211.87
11083 3480.45 5163.89
11084 387.444 2938.39
11085 5880.57 167.877
11086 4686.83 3008.55
11087 6440.66 6518.81
11088 5919.46 3354.7
11089 3982.15 1914.74
11090 1051.68 2157.48
11091 6302.48 2819.87
11092 2319.57 5336.53
11093 4380.38 5792.2
11094 5865.4 4878.33
11095 4357.04 4046.24
11096 1235.3 3657.47
11097 2113.11 2567.59
11098 209.641 5794.9
11099 953.873 5964.67
11100 950.459 6075.35
11101 1217.58 3519.2
11102 3150.59 2531.89
11103 28.3643 6359.44
11104 2827.23 3108.8
11105 6.50233 2643.57
11106 491.766 4388.39
11107 1096.89 782.628
11108 2653.52 328.899
11109 4105.96 1716.3
11110 3227.65 2823.36
11111 5568.76 6017.89
11112 1209.1 2436.56
11113 5002.77 1982.82
11114 652.567 3481.21
11115 6173.2 4153.34
11116 1906.1 2996.07
11117 1160.7 4350.55
11118 2731.07 5203.19
11119 5844.34 6537.42
11120 6474.73 2662
11121 5517.53 4025.83
11122 2816.3 4243.7
11123 4828.86 1175.53
11124 5846.77 2747.69
11125 5084.29 2719.6
11126 5364.38 3754.9
11127 6456.35 434.868
11128 1762.62 2132.19
11129 1957.31 5864.52
11130 5769.18 4598.6
11131 29.1263 940.151
11132 5484.67 1999.26
11133 5319.95 3983.91
11134 4059.28 3264.41
11135 2045.92 2010.69
11136 1750.43 2610.31
11137 5418.15 181.706
11138 4263.75 4872.3
11139 2663.14 3148.95
11140 292.076 316.594
11141 3741.63 5201.83
11142 520.919 5105.38
11143 1026.77 6243.34
11144 4366.75 3170.92
11145 18.4725 2112.25
11146 1893.3 1725.31
11147 1804.03 6087.32
11148 1231.72 5519.23
11149 1912.74 2016.69
11150 3537.05 2315.01
11151 2907.24 3995.23
11152 843.852 2817.37
11153 4601.61 4153.52
11154 602.702 5320.92
11155 1470.31 3357.6
11156 5444.28 2870.2
11157 4986.7 1234.53
11158 6120.51 977.72
11159 4059.18 4546.79
11160 4290.07 969.887
11161 2781.05 6392.63
11162 5413.11 4304.38
11163 5033.45 6069.59
11164 2173.93 2223.06
11165 4938.39 5749.08
11166 3517.19 6265.51
11167 2493.95 2491.69
11168 1258.24 6125.63
11169 6137.78 3213.57
11170 6008.87 5396.82
11171 3881.16 5993.13
11172 4562.09 3308.8
11173 3455.6 2403.75
11174 879.272 3420.16
11175 4364.17 2344.35
11176 1777.68 4826.75
11177 2893.99 4018.62
11178 1173.61 5482.32
11179 1512.69 5985.58
11180 5137.63 595.195
11181 4001.77 2583.09
11182 3288.38 6382.2
11183 376.117 300.394
11184 5110.84 4505.13
11185 4136.76 179.832
11186 4952.47 1031.83
11187 2885.49 354.182
11188 1795.11 3136.72
11189 2527.43 6457.97
11190 2529.94 1873.39
11191 3454.5 350.558
11192 5560.47 3671.16
11193 2232.28 4382.16
11194 3088.36 1299.17
11195 2262.27 5228.08
11196 5073.27 3917.86
11197 833.219 4439.65
11198 3700.22 5216.6
11199 4997.12 3728.68
11200 1886.19 5698.53
11201 51.8071 3788.63
11202 4760.28 2127.31
11203 2565.23 5688.77
11204 3206 481.086
11205 4749.12 1577.78
11206 1212.4 3173.06
11207 4036.83 4631.73
11208 336.395 1274.79
11209 5278.43 993.438
11210 1559.78 5881.02
11211 425.545 2943.17
11212 298.474 4586.19
11213 2458.6 3384.75
11214 4580.94 5420.69
11215 1871.69 833.817
11216 2869.89 4682.74
11217 3677.17 4428.63
11218 4359.88 5268.02
11219 2756.75 8.7257
11220 5567.32 1608.76
11221 4286.99 4466.56
11222 1694.24 892.591
11223 2349.68 6154.47
11224 3744.54 2891.5
11225 2812.05 5625.1
11226 536.91 1830.51
11227 2593.39 160.899
11228 3246.62 4224.54
11229 2128.62 1726.53
11230 3649.99 15.0602
11231 194.837 523.102
11232 779.858 4020.44
11233 6003.84 3486.36
11234 3392.92 6178.2
11235 227.629 4608.29
11236 290.292 455.934
11237 4522.78 2014.64
11238 6409.67 687.505
11239 4233.6 804.369
11240 2629.45 402.283
11241 3153.72 4511.97
11242 6102.01 4107.46
11243 3776.15 4543.68
11244 4343.33 471.157
11245 2040.47 4224.89
11246 4848.69 4714.24
11247 3470.23 4405.24
11248 4003.31 82.8154
11249 651.87 4504.26
11250 2397.68 99.9757
11251 2510.62 4880.29
11252 2445.03 5024.8
11253 2277.46 2207.53
11254 1037.42 1783.5
11255 6287.39 4688.92
11256 5514.31 3040.01
11257 5255.36 2565.4
11258 1108.95 2790.14
11259 5004.06 5092
11260 6324.95 1818.98
11261 2722.33 2021.95
11262 1973.62 4524.38
11263 961.22 2791.41
11264 5435.93 4524.02
11265 2891.96 6071.82
11266 6498.4 1907.2
11267 97.4817 4109.97
11268 1884.15 4371.32
11269 2068.64 2735.62
11270 725.873 4460.35
11271 476.336 3521.4
11272 5279.4 2819.1
11273 928.079 5896.55
11274 267.079 1022.64
11275 2670.7 1578.1
11276 4553.33 3688.26
11277 1514.97 4771.7
11278 4364.37 5705.49
11279 1980.72 2845.05
11280 5040.38 5813.57
11281 930.398 6093.38
11282 210.221 621.716
11283 3973.75 5625.97
11284 4266.39 5065.1
11285 16.439 5076.55
11286 6071.47 4775.7
11287 6104.66 6305.5
11288 4319.33 5012.51
11289 3084.75 1181.04
11290 2975.02 3590.75
11291 1425.22 3439.89
11292 3731.37 3106.91
11293 5411.33 1536.26
11294 4570.59 3227.58
11295 3908.36 6313.17
11296 790.384 5162.26
11297 1197.62 4101.42
11298 5220.01 441.018
11299 5379.27 4610.96
11300 5701.31 3687.24
11301 4155.57 20.6464
11302 3941.34 318.83
11303 5984.46 4406.87
11304 2429.42 6286.5
11305 3553.55 1800.67
11306 6527.96 39.2918
11307 3543.98 566.535
11308 1221.04 3103.62
11309 4125.54 1151.71
11310 3935.44 1599.05
11311 881.947 2203.97
11312 531.931 5489.17
11313 2328.38 5358.57
11314 3360.7 5931.26
11315 1642.29 2107.83
11316 2544.86 5227.38
11317 2264.21 2992.36
11318 6131 4484.65
11319 12.5643 2199.1
11320 773.748 3.47377
11321 2070.13 4717.6
11322 4189.1 3439.73
11323 6060.84 3789.93
11324 2622.64 83.1308
11325 868.662 5555.77
11326 5103.93 912.985
11327 6515.84 5596.41
11328 4292.63 4132.16
11329 1217.14 4334.54
11330 2800.68 1254.8
11331 5223.73 5642.86
11332 2609.05 6382.22
11333 3370.51 5999.62
11334 713.142 4313.95
11335 3346.08 4480.99
11336 1873.01 4124.13
11337 3506.04 6302.33
11338 179.01 5482.52
11339 5364.16 4287.77
11340 2919.56 1913.24
11341 2238.85 2086.75
11342 5724.21 6090.05
11343 2967.19 366.516
11344 4574.46 3273.61
11345 2101.94 4429.02
11346 6159.3 1980.78
11347 5561.77 2220.65
11348 3816.87 4189.58
11349 4013 2241.66
11350 5685.05 285.975
11351 1566.7 3274.74
11352 1055.78 6329.87
11353 5975.86 261.144
11354 5204.41 4629.53
11355 2292.57 1660.03
11356 4484.03 3800.66
11357 1280.69 5702.48
11358 1968.14 4856.69
11359 1696.28 3075.86
11360 5322.39 4432.17
11361 3082.45 5913.7
11362 3076.87 2381.12
11363 5483.86 5436.23
11364 1210.68 1427.67
11365 984.899 5453.6
11366 4141.45 6536.37
11367 2562.59 574.557
11368 1594.38 2376.68
11369 4041.49 5789.97
11370 6303.35 3674.88
11371 3254.4 2218.68
11372 3031.28 3598.27
11373 5330.12 1765.49
11374 4798.32 6463.1
11375 5094.41 3732.39
11376 4460.57 6318.14
11377 4013.62 3458.83
11378 2911.62 3602.98
11379 299.5 2632.63
11380 5148.63 6345.46
11381 4052.4 4843.84
11382 2433.65 4283.57
11383 1462.81 4944.34
11384 6402.11 5902.42
11385 4056.42 6058.39
11386 1191.99 5777.76
11387 6128.01 4431.68
11388 330.954 6251.1
11389 4904.7 6254.86
11390 4846.81 2041.61
11391 5165.83 1274.91
11392 6085.46 370.927
11393 1811.39 6.46148
11394 1957.84 1943.94
11395 1351.23 5902.93
11396 3033.99 5684.79
11397 3262.91 4781.77
11398 4250.82 3339.73
11399 4198.84 5786.56
11400 1070.19 3737.4
11401 5847.62 3992.14
11402 233.166 6385.36
11403 6393.35 5674.56
11404 3408.74 4650.08
11405 3126.56 6320.79
11406 3098.91 1818.19
11407 1829.17 5162.23
11408 3488.47 88.6105
11409 500.599 5666.89
11410 4178.01 4612.58
11411 3793.87 5542.89
11412 5695.17 2412.63
11413 337.323 2993.29
11414 5043.62 6241.23
11415 1291.76 1476.28
11416 2865.26 4025.13
11417 1432.65 1898.11
11418 4138 5406.53
11419 1133.1 5156.82
11420 449.028 2551.17
11421 6149.53 5297.26
11422 5757.1 2907.17
11423 6052.2 4531.1
11424 4797.05 5100.56
11425 1994.5 2990.49
11426 990.475 1629.69
11427 1701.41 912.648
11428 5398.27 3645.96
11429 3368.15 1359.57
11430 3505.95 2900.67
11431 2577.8 5719.61
11432 2241.61 4925.13
11433 1789.28 2482.12
11434 5632.85 6397.13
11435 6232.11 318.457
11436 3037.41 2564.3
11437 1404.46 1042.71
11438 6462.98 6061.74
11439 3498.01 5116.39
11440 296.437 6037.92
11441 3674.14 4213.76
11442 5499.88 4372.21
11443 2467.88 3076.39
11444 3248.01 3130.73
11445 3891.43 6241.47
11446 4542.8 347.725
11447 6528.2 4977.92
11448 5103.11 5278.3
11449 4988.22 596.859
11450 5997.07 3851.69
11451 1863.52 3969.88
11452 4716.41 1838.37
11453 2146.92 4851.48
11454 1125.86 5270.93
11455 1946.38 1974.88
11456 4158.94 5248.23
11457 6057.95 3872.71
11458 55.8531 1991.56
11459 3349.21 4530.12
11460 4309.83 2890.86
11461 5791.24 5062.77
11462 2280.34 6500.39
11463 280.207 3751.29
11464 4502.75 1075.5
11465 3276.29 1893.18
11466 692.366 1006.07
11467 2745.41 1407.16
11468 3979.85 5371.95
11469 5683.06 4866.55
11470 125.246 1236.54
11471 6229.67 3937.55
11472 97.6724 4182.8
11473 2506.64 1066.96
11474 224.505 1391.94
11475 6550.29 5512.97
11476 3782.28 2222.5
11477 3948.64 1952.45
11478 4511.2 6460.66
11479 5061.51 2086.12
11480 1821.12 976.768
11481 4125.87 1449.73
11482 903.238 5822.36
11483 368.361 2129.11
11484 2016.7 2664.97
11485 4722.99 5781.74
11486 95.0003 6523.14
11487 5917.42 3995.26
11488 942.099 3011.79
11489 2332.09 4143.09
11490 83.2637 3586.17
11491 3113.64 5884.39
11492 1513.36 2577.77
11493 5231.1 3354.18
11494 4234.35 2197.93
11495 5927.78 3817.48
11496 6304.45 957.782
11497 6339.7 3736.6
11498 752.987 4653.7
11499 680.039 2720.94
11500 308.139 38.36
11501 3875.06 5803.56
11502 5479.72 1561.59
11503 1382.66 2663.49
11504 5377.03 6290.43
11505 1978.82 4783.52
11506 3285.56 5001.04
11507 5053.98 2809.23
11508 3373.16 1059.62
11509 75.3707 2419.24
11510 2333.94 4764.18
11511 2601.14 6229.02
11512 1429.01 2714.81
11513 750.665 4739.4
11514 4582.09 2534.04
11515 3872.08 4740.75
11516 1317.66 2442.01
11517 4967.27 44.1868
11518 4195.91 4967.48
11519 2469.17 851.117
11520 123.76 4539.88
11521 287.216 1871.28
11522 1596.26 137.768
11523 656.196 3038.51
11524 6501.11 1813.75
11525 3670.08 2962.37
11526 739.223 5055.66
11527 4111.43 5066.66
11528 6437.47 3553.39
11529 1771.4 4792.69
11530 5722.12 473.693
11531 3681.84 2256.33
11532 6309.67 967.795
11533 5479.25 2202.21
11534 4201.59 5251.38
11535 1665.61 194.027
11536 6314.05 1336.15
11537 1391.34 2074.06
11538 5895.02 864.733
11539 1361.63 31.8585
11540 6352.22 2512.12
11541 160.944 676.855
11542 548.91 4545.14
11543 2853.07 1566.27
11544 1383.3 1930.3
11545 2934.45 5270.86
11546 5460.44 5666.9
11547 307.027 2840.18
11548 3206.04 1158.87
11549 3539.56 1475.47
11550 2354.58 5570.63
11551 2444.99 4701.42
11552 2369.5 6536.75
11553 3015.94 1260.34
11554 3730.33 1217.44
11555 2941.75 4576.6
11556 256.58 3712.62
11557 4196.58 4249.09
11558 1910.12 5585.03
11559 5623.82 6361.42
11560 1638.38 5521.29
11561 759.921 2357.05
11562 778.759 1087.44
11563 2120.64 10.2845
11564 911.609 578.827
11565 4192.28 4517.65
11566 5076.87 477.975
11567 2540.23 4829.17
11568 4959.43 1339.65
11569 45.0399 4797.07
11570 4931.57 4131.75
11571 6222.83 5503.51
11572 4573.15 3326.18
11573 5548.38 5590.77
11574 4978.92 4680.4
11575 747.345 496.593
11576 3075.3 2089.17
11577 4346.97 1184.33
11578 468.987 5438.25
11579 5652.66 65.7347
11580 584.237 758.014
11581 183.523 929.121
11582 4889.97 1684.33
11583 954.367 5060.98
11584 3640.13 926.403
11585 1383.66 1853.5
11586 2157.06 462.513
11587 4232.48 740.964
11588 2740.87 3709.24
11589 2414.94 6387.49
11590 65.5816 1087.5
11591 6085.57 561.85
11592 5713.07 1974.42
11593 6077.46 5270.33
11594 3405.98 3919
11595 89.9746 3888.2
11596 3057.83 2120.9
11597 5870.4 532.094
11598 5179.1 4429.36
11599 1206.17 5663.91
11600 4429.86 3516.84
11601 646.279 795.212
11602 4974.22 2845.72
11603 2010.48 471.543
11604 924.896 423.207
11605 5332.86 6233.67
11606 2217.46 2080.27
11607 4907.03 5834.66
11608 5137.75 3684.6
11609 3634.26 5636.88
11610 6429.44 2452.63
11611 335.229 1530.18
11612 1814.68 6124.42
11613 5379.45 4202.09
11614 2311.3 1132.26
11615 1088.33 506.26
11616 3227.05 2402.54
11617 1769.66 3620.01
11618 6471.95 5252.51
11619 1719.88 303.799
11620 2936.27 1019.6
11621 2565.56 1711.58
11622 2615.4 3171.41
11623 2684.6 3288.87
11624 545.205 4496.81
11625 6400.67 1292.54
11626 2448.1 3916.64
11627 1690.51 1503.4
11628 3282.56 2387.95
11629 1987.04 5761.87
11630 1846.25 6095.87
11631 2466.96 5483.25
11632 5315.5 6049.55
11633 5022.66 3735.57
11634 4281.59 6014.74
11635 3307.48 3890.85
11636 5045.13 4090.03
11637 639.781 4381.55
11638 5155.06 1756.21
11639 5362.96 936.546
11640 4209.92 909.983
11641 4477.47 3189.36
11642 77.8934 6521.84
11643 4989.43 1094.8
11644 6332.74 2349.31
11645 1045.25 4662.37
11646 6402.26 6079.57
11647 4533.71 5903.42
11648 5817.23 1802.02
11649 6003.5 5690.84
11650 3939.62 244.046
11651 5370.18 3824.59
11652 90.7463 1639.55
11653 5506.56 6085.96
11654 2637.81 3455.69
11655 4272.3 5822.56
11656 3527.01 5198.35
11657 4723.59 2711.49
11658 766.459 2861.39
11659 6096.12 6003.63
11660 5284.75 109.757
11661 765.622 1967.53
11662 5972.04 943.387
11663 566.492 5106.64
11664 1835.63 4175.01
11665 3266.59 4317.33
11666 3084.64 534.727
11667 1062.74 563.604
11668 5001.67 33.8445
11669 2144.9 5000.98
11670 4807.12 1421.51
11671 2247.03 167.499
11672 471.921 5696.19
11673 1269.41 5666.18
11674 1599.26 1740.62
11675 3130.31 6364.04
11676 784.928 5552.02
11677 689.965 6183.43
11678 1401.99 4231.42
11679 6378.39 1889.12
11680 1932.51 1079.09
11681 6231.13 3228.5
11682 1384.74 4994.37
11683 5476.1 5738.67
11684 395.52 3494.32
11685 130.888 3986.47
11686 275.628 71.7621
11687 609.473 6269.65
11688 3455.92 5109.21
11689 1242.38 1447.42
11690 102.255 3162.37
11691 4338.91 2611.42
11692 4471.92 4465.41
11693 5463.94 1959.92
11694 3734.49 3017.17
11695 1802.79 2572.08
11696 5466.2 6165.45
11697 2369.09 3766.99
11698 1116.99 971.923
11699 3729.43 4488.88
11700 6402.44 1206.96
11701 5997.52 3970.4
11702 5271.46 922.951
11703 1572.27 3168.4
11704 4664.51 5292.86
11705 4848.76 4572.45
11706 6196.89 371.372
11707 1443.61 1140.02
11708 6299.19 3288.43
11709 2454.25 2232.99
11710 1302.13 489.613
11711 5637.05 1229.03
11712 6493.68 2343.61
11713 4832.42 5690.84
11714 3842.57 6405.4
11715 2060.78 5031.88
11716 5638.89 6360.81
11717 117.397 2443.65
11718 983.342 5741.82
11719 2269.28 422.081
11720 4961.62 3984.57
11721 5321.47 3830.92
11722 5095.62 2932.28
11723 4598.01 1615.67
11724 3727.8 4583.2
11725 3658.02 2506.75
11726 3350.59 5280.26
11727 219.309 1081.2
11728 5654.52 1215.28
11729 2459 846.329
11730 2299.63 1824.98
11731 2981.63 1797.94
11732 6464.45 3279.24
11733 5560.77 6233.58
11734 1858.35 5448.51
11735 3462.92 5827.13
11736 851.383 4861.34
11737 2925.39 576.051
11738 1297.13 6250.44
11739 4279.61 4686.45
11740 4638.12 1672.06
11741 406.541 4581.89
11742 5453.86 1531.03
11743 4141.5 1326.05
11744 174.371 5571.93
11745 5271.86 1196.89
11746 3280.81 5469.4
11747 872.033 1858.23
11748 5464.04 584.379
11749 319.075 4111.09
11750 3908.92 1593.22
11751 5327.61 852.366
11752 6022.53 2473.59
11753 5483.67 4322.68
11754 2635.78 2528.51
11755 2449.45 6466.2
11756 3299.52 1360.39
11757 4409.87 2163.87
11758 2201.01 3769.68
11759 730.982 5794.93
11760 5512.48 3242.87
11761 1188.87 3028.34
11762 5834.47 429.633
11763 3571.86 2892.85
11764 3359.83 885.777
11765 2349.48 1953.02
11766 2086.96 6323.03
11767 6340.04 5034.16
11768 3336.55 3923.44
11769 2585.93 3523.76
11770 4943.47 3660.78
11771 4492.86 1435.39
11772 122.688 4584.86
11773 1268.16 6081
11774 6378.82 697.78
11775 919.424 4136.31
11776 5920.8 1527.14
11777 2276.4 4450.06
11778 5312.09 1362.11
11779 3257.14 2470.98
11780 6158.17 291.294
11781 3111.54 6039.5
11782 5200.54 165.944
11783 6211.67 4589.2
11784 4410.88 4517.41
11785 4953.77 1828.25
11786 5307.03 5845
11787 3643.19 2552.14
11788 104.63 5733.39
11789 4506.55 893.557
11790 6036.64 1538.76
11791 4822.72 5996.02
11792 1528.08 4247.35
11793 3361.25 1359.8
11794 141.679 3653.12
11795 3189.51 6198.09
11796 1067.86 2246.58
11797 1746.61 1258.84
11798 1553.06 907.097
11799 5254.72 5260.05
11800 2620.23 2767.88
11801 1950.46 2257.33
11802 3945.07 3805.11
11803 411.075 6403.08
11804 2440.62 5570.79
11805 2875.64 1464.35
11806 5611.59 5071.55
11807 2150.12 3919.4
11808 1180.14 3806.96
11809 3049.95 863.067
11810 6268.72 1629.24
11811 2575.84 3607.65
11812 3475.02 1819.35
11813 24.2682 2031.46
11814 4282.7 77.0938
11815 4554.05 917.563
11816 30.5307 542.689
11817 3196.88 3056.81
11818 3048.2 3436.33
11819 3367.31 5063.12
11820 3841.47 2391.54
11821 1273.42 560.904
11822 1551.59 411.504
11823 2544.31 2219.01
11824 5409.13 5093.76
11825 621.556 4038.44
11826 5381.43 6335.08
11827 2999.62 3719.87
11828 2544.17 2574.88
11829 5283.01 3877.44
11830 6212.48 467.581
11831 1844.41 3916.68
11832 3681.21 657.469
11833 1543.38 1949.33
11834 2979.27 741.489
11835 5053.34 4401.71
11836 2729.18 1875.75
11837 346.562 4293.91
11838 5279.44 1298.73
11839 1306.48 2074.92
11840 5541.75 4483.2
11841 5903.14 5915.18
11842 1193 4501.77
11843 1167.71 6307.25
11844 3131.01 5536.85
11845 339.979 463.479
11846 3668.89 1461.07
11847 3937.93 4093.87
11848 2279.77 2120.82
11849 2272.54 2791.1
11850 2050.62 4579.52
11851 4020.27 5208.45
11852 241.488 518.749
11853 6199.47 2697.35
11854 6328.77 4000.43
11855 445.041 3998.28
11856 1385.35 705.483
11857 5048.14 2647.71
11858 3762.39 5188.68
11859 3465.15 3095.32
11860 1773.17 842.035
11861 1378.67 2554.57
11862 2520.8 2837.78
11863 3087.61 4299.91
11864 5297.53 6267.13
11865 2940.16 1116.57
11866 3351.19 4601.67
11867 5976.59 270.215
11868 6137.04 552.061
11869 658.728 3295.28
11870 3435.24 1335.11
11871 2613.88 4930.11
11872 1470.27 1978.38
11873 1963.12 1122.5
11874 5877.22 1073.36
11875 3287.61 822.266
11876 4094.97 925.091
11877 3241.74 3036.18
11878 851.024 967.396
11879 4187.46 877.418
11880 673.73 6140.5
11881 4837.75 2165.29
11882 2575.33 3073.53
11883 3165.81 1525.94
11884 5279.88 25.6345
11885 6203.15 5576.71
11886 2470.97 5290.16
11887 2683.4 2189.35
11888 5371.88 1558.98
11889 2756.18 1571.04
11890 4718.43 5287.51
11891 5626.28 973.167
11892 6217.47 115.564
11893 4605.15 4603.97
11894 3439.63 52.6904
11895 4016.85 1313.17
11896 505.795 6080.34
11897 2056.68 3723.76
11898 1223.04 2237.96
11899 1424.44 1084.21
11900 3577.77 4302.34
11901 3946.54 3144.18
11902 3160.39 4834.11
11903 6540.73 5710.07
11904 3413.19 1473.01
11905 4967.96 2663.34
11906 2022.59 852.441
11907 218.652 1260.38
11908 1656.37 4007.38
11909 127.521 1996.76
11910 4050.73 2487.54
11911 5883.87 4203.36
11912 3476.23 5948.47
11913 3269.42 3664.61
11914 3566.78 37.5189
11915 3921.72 230.826
11916 5033.07 5937.33
11917 2223.32 6390.95
11918 1414.85 3427.97
11919 331.225 3594.4
11920 3981.41 2607.3
11921 1364.68 675.963
11922 3249.75 3744.08
11923 4786.96 604.068
11924 5970.74 3989.03
11925 1542.33 3075.59
11926 3482.52 5631.97
11927 3389.56 5719.09
11928 5533.46 4159.35
11929 4504.53 278.298
11930 853.156 4529.19
11931 2444.35 6275.95
11932 5408.81 5537.74
11933 2484.03 5189.14
11934 4929.69 5034.68
11935 6187.47 5360.93
11936 4444.59 4378.66
11937 1384.62 1258.27
11938 1711.82 4785.42
11939 6201.35 2893.64
11940 3939.23 3567.97
11941 6020.92 1565.66
11942 1218.29 758.498
11943 5801.83 2119.38
11944 2152.95 5773
11945 2488.22 926.1
11946 6218.77 1213.83
11947 5081.6 6194.5
11948 874.149 6532.69
11949 3195.73 699.74
11950 2221.03 2800.61
11951 5199.64 1244.62
11952 29.762 6033.8
11953 4179.54 2868.33
11954 4930.93 5690.34
11955 485.154 4752.7
11956 4476.37 2436.51
11957 3771.48 1217.78
11958 1851.86 1583.3
11959 4454.09 4367.94
11960 1612.69 4135.72
11961 3607.2 362.177
11962 4391.18 5144
11963 289.24 2492.3
11964 5789 5268.15
11965 4974.87 2021.61
11966 2840.73 5805.49
11967 2014.24 310.516
11968 5367.32 2755.83
11969 2789.17 985.264
11970 2796.85 3885.06
11971 2013.95 3510.87
11972 3092.94 1660.87
11973 4855.16 3343.9
11974 3117.95 4601.23
11975 5115.71 756.087
11976 5439.94 588.846
11977 6493.22 4212.76
11978 5813.19 1709.53
11979 3044.84 5780.5
11980 4560.17 2283.15
11981 1727.85 3176.37
11982 4749.38 2806.42
11983 3498.72 5435.29
11984 6515.01 3329.27
11985 493.508 5933.83
11986 6348.42 5390.44
11987 4062.74 5774.79
11988 2417.38 4877.17
11989 2694.54 6024.49
11990 963.142 4680.58
11991 5443.11 459.764
11992 2870.23 2920.41
11993 3160.08 4746.28
11994 2206.09 806.376
11995 2034.66 4685.06
11996 1292.63 1495.34
11997 6470.55 6472.83
11998 3509.53 3629.11
11999 3979.35 1793.71
12000 4567.37 5924.45
12001 393.785 3742.89
12002 2322.76 5571.09
12003 6224.52 4935.03
12004 4958.27 1363.25
12005 2814.89 4055.71
12006 3153.08 3004.08
12007 3487 390.877
12008 3019.94 2113.89
12009 2293.55 536.262
12010 2928.35 2266.89
12011 6273.87 4773.47
12012 4508.99 3357.11
12013 4716.49 150.566
12014 3126.43 5495.13
12015 5041.38 6345.99
12016 4508.8 2337.7
12017 2293.53 2991.15
12018 4427.46 4401.68
12019 4179.79 5991.71
12020 5590.48 2953.42
12021 1923.8 5311.96
12022 2937.07 3214.73
12023 681.79 2816.57
12024 3113.8 2229.35
12025 5968.34 122.329
12026 2708.06 6171.66
12027 2251.91 1311.61
12028 616.241 3347.07
12029 2807.76 2648.2
12030 1112.07 441.159
12031 6286.49 6102.26
12032 2545.12 6455.67
12033 1003.76 2579.43
12034 1951.85 6536.75
12035 296.098 594.802
12036 5555.75 3216.18
12037 4480.01 2538.64
12038 6354.23 3929.04
12039 3316.15 3233.77
12040 5572.89 6329.88
12041 3280.65 3276.32
12042 1946 6361.76
12043 4138.91 3428.49
12044 712.491 6016.14
12045 6419.69 5155.45
12046 5114.18 1899.66
12047 4409.42 5880.73
12048 2426.91 769.356
12049 2512.94 3988.25
12050 4526.76 1596.66
12051 3256.12 1726.57
12052 3798.79 249.962
12053 2358.8 513.022
12054 1473.68 5460.58
12055 4764.47 6085.99
12056 4340.96 6507.09
12057 4997.99 597.066
12058 3118.7 6268.54
12059 3409.27 2513.54
12060 2849.67 5306.8
12061 3192.66 179.611
12062 4520.52 1637.83
12063 5966.05 4837.41
12064 5506.11 4916.19
12065 3034.77 3892.88
12066 3912.92 752.731
12067 2232.53 6173.51
12068 2583.9 6302.36
12069 4894.97 4651.69
12070 5200.83 5971.7
12071 6181.63 4189.9
12072 1237.61 1237.17
12073 6446.94 5149.76
12074 5600.23 971.699
12075 2241.25 6466.35
12076 4699.09 3474.78
12077 6252.35 1765.6
12078 3862.87 672.406
12079 300.297 875.064
12080 3501.55 2834.18
12081 834.687 5117.6
12082 4340.95 246.443
12083 2328.4 1849.66
12084 1367.75 4295.36
12085 3166.88 986.774
12086 5556.28 5296.56
12087 1970.65 4971.44
12088 557.751 6418.76
12089 4576.71 3533.65
12090 6124.26 130.076
12091 102.189 5910.22
12092 1183.61 4779.58
12093 5173.17 2898.15
12094 4090.41 4263.32
12095 6343.73 3920.45
12096 1814.06 2553.36
12097 236.064 4532.96
12098 1230.99 3348.95
12099 568.175 4572.83
12100 2577.74 2935.08
12101 2483.13 3909.65
12102 1143.62 4296.84
12103 1497.77 1074.71
12104 4222.23 1444.15
12105 674.841 930.07
12106 2617.03 1029.45
12107 2722.85 4307.79
12108 6409.73 4728.73
12109 846.127 4819.3
12110 3694.33 2574.02
12111 4863.99 4534.32
12112 1394.95 2952.56
12113 6511.98 5648.01
12114 5938.27 3965.81
12115 5587.2 2851.02
12116 1374.25 6184.6
12117 288.178 2061.74
12118 5729.83 1680.32
12119 1317.31 1612.1
12120 2435.58 3563.55
12121 646.291 1431.54
12122 5634.93 1924.1
12123 885.452 5807.85
12124 5839.38 3580.12
12125 2483.61 2052.56
12126 3966.09 5843.34
12127 5956.61 4561.41
12128 3222.17 1241.11
12129 3329.72 4415.99
12130 1299.08 105.745
12131 3029.85 4474.2
12132 2253.05 1798.36
12133 1910.78 2340.49
12134 3449.09 3319.56
12135 3074.07 395.051
12136 4039.82 3678.62
12137 2117.23 1796.8
12138 425.731 2452.66
12139 6131.77 5095.53
12140 1025.6 6481.1
12141 838.12 3095.82
12142 4274.56 4422.96
12143 3126.11 1294.73
12144 5969.54 3643.63
12145 331.879 2136.71
12146 6398.3 1496.17
12147 315.698 2892.04
12148 5830.24 5250.73
12149 1662.12 960.354
12150 4258.26 5007.6
12151 2290.83 1098.61
12152 6223.55 4582.32
12153 2916.82 1169.96
12154 5918.31 2039.83
12155 2112.13 4990.83
12156 325.535 122.178
12157 3863.72 1131.48
12158 5778.65 4850.38
12159 4377.12 2483.49
12160 2735.35 977.283
12161 4035.1 3988.75
12162 4777.21 3809.27
12163 4884.78 3910.85
12164 4895.53 1068.09
12165 4133.59 973.559
12166 6104.09 3504.44
12167 2154.1 361.262
12168 4109.87 6456.95
12169 5543.19 2614.33
12170 2978.71 4278.4
12171 2326.3 104.316
12172 5670.86 3607.56
12173 1234.5 6327.17
12174 4863.03 2352.96
12175 5375.14 5158.51
12176 1949.18 2542.17
12177 6474.43 1919.7
12178 591.771 6500.31
12179 4927.61 5327.1
12180 2227.29 3394.31
12181 5300.32 1477
12182 902.447 3344.55
12183 10.3905 1918.78
12184 1277.9 6394.57
12185 3814.19 5948.12
12186 2155.33 2708.33
12187 4695.42 4480.31
12188 992.866 6485.56
12189 1411.46 2836.1
12190 5048.46 6061.13
12191 3211.67 2761.38
12192 3696.79 5569.37
12193 5326.11 4806.57
12194 3150.44 422.83
12195 1346.31 5430.49
12196 1166.2 1038.25
12197 1856.13 6293.81
12198 2170.14 1788.99
12199 3192.98 3671.76
12200 6417.27 4497.88
12201 1842.74 3253.04
12202 2634.59 4222.81
12203 251.449 4308.19
12204 5456.25 906.678
12205 6055.03 5800.13
12206 1150.37 4433.94
12207 209.901 5468.62
12208 1194.31 4295.36
12209 4679.24 3979.9
12210 5671.22 517.831
12211 3049.54 2750.5
12212 2223.58 4718.05
12213 167.065 2892.07
12214 5119.26 3025.35
12215 3421.48 5652.27
12216 4741.41 5086.23
12217 3296.09 5816.62
12218 5924.77 5324.86
12219 3248 2772.21
12220 795.334 3682.61
12221 4539.79 1122.82
12222 5975.68 625.306
12223 4727.18 894.264
12224 5407.43 4366.18
12225 1644.28 5666.13
12226 2998.49 4053.95
12227 2818.49 6502.57
12228 958.156 2028.21
12229 3465.95 3613.47
12230 2441.52 4881.63
12231 4928.84 2931.16
12232 6249.47 1906.14
12233 826.548 3517.16
12234 3933.29 2526.79
12235 3074.43 4404.54
12236 6338.43 4384.16
12237 1403.19 3388.7
12238 5828.69 1531.92
12239 2360.89 260.026
12240 2145.25 5162.2
12241 46.1784 5947.68
12242 5948.77 2240.74
12243 40.0351 2485.23
12244 1671.85 1767.56
12245 1740.44 2320.3
12246 3160.14 792.212
12247 1216.99 3707.25
12248 5443.74 2169.63
12249 1532.94 508.777
12250 4368.05 5899.37
12251 1873.41 664.745
12252 872.268 4642.65
12253 3326.91 871.476
12254 1489.37 5705.54
12255 2379.4 1833.46
12256 2274.29 5230.99
12257 4967.57 4800.48
12258 5405.59 5496.13
12259 3917.2 700.58
12260 586.336 1053.94
12261 5661.78 4768.6
12262 2147.07 4602.56
12263 4852.65 2005.03
12264 4400.16 701.392
12265 5183.78 1898.8
12266 3324.88 4454.08
12267 4762.63 4515.31
12268 5163.33 1572.17
12269 1682.47 3942.1
12270 230.802 5045.93
12271 6233.56 6102.4
12272 4059.05 5545.9
12273 391.946 5995.4
12274 4898.38 1186.95
12275 5532.02 6320.6
12276 6196.67 2876.69
12277 4496.48 5001.76
12278 4314.62 5591.45
12279 5435.24 2613.47
12280 70.8794 2994.05
12281 1298.92 3179.03
12282 5927.21 4703.11
12283 5519.58 1577.38
12284 317.362 5760.57
12285 5666.18 1811.2
12286 986.536 6388.53
12287 4831.65 423.871
12288 443.425 954.048
12289 5817.58 1531.74
12290 4825.38 5086.6
12291 2708.82 5099.61
12292 730.866 4858.7
12293 242.906 5292.13
12294 4005.53 2613.53
12295 3818.19 1609.28
12296 2478.61 1726.47
12297 2317.33 256.468
12298 4826.58 3581.84
12299 6548.6 5069.68
12300 42.0717 2053.96
12301 3646.52 3489.27
12302 3149.04 3844.8
12303 2823.9 5429.79
12304 5943.81 5846.58
12305 4435.99 4269.88
12306 1016.36 454.731
12307 1014.06 1592.63
12308 501.724 5028.8
12309 2230.82 3197.85
12310 4890.83 1503.5
12311 1340.75 6313.93
12312 609.367 4489.1
12313 6468.67 2711.95
12314 276.063 1983.39
12315 2233.31 3952.42
12316 3343.25 4741.18
12317 6373.08 4309.62
12318 2013.88 982.866
12319 4693.04 2202.7
12320 1565.05 1100.28
12321 2505.79 483.614
12322 4396.48 850.845
12323 1917.35 5797.36
12324 5068.71 1957.22
12325 4427.48 3919.42
12326 5784.89 5438.07
12327 6340.48 4719.98
12328 1126.06 3706.83
12329 1532.86 6191.37
12330 4392.46 5857.39
12331 5204.73 1458.89
12332 6450.18 5213.21
12333 3160.16 2007.16
12334 4971.94 5645.52
12335 1870.43 5911.31
12336 3785.01 1483.39
12337 2386.47 2078.57
12338 5496.19 5973.43
12339 950.714 5604.81
12340 2784.05 1203.4
12341 1946.51 5284.32
12342 4696.08 893.48
12343 1954.53 4633.98
12344 6038.86 2606.89
12345 4746.09 4040.15
12346 778.535 2474.3
12347 5416.06 2833.63
12348 2725.62 2252.37
12349 6330.54 6000.01
12350 6045.04 73.7044
12351 3113.17 2306.94
12352 2016.95 1221.94
12353 166.858 385.804
12354 1686.21 2400.41
12355 1114.16 4938.43
12356 523.831 3790.3
12357 4881.73 1608.24
12358 5539.35 931.483
12359 6019.53 126.675
12360 1560.32 576.284
12361 4154.37 5984.57
12362 2577.69 2362.62
12363 3200.74 4890.12
12364 1094.25 5585.03
12365 6070.15 2986.5
12366 4656.3 3291.59
12367 3933.95 645.481
12368 5940.94 4805.2
12369 2029.3 1466.72
12370 6171.6 3624.69
12371 1423.67 4001.61
12372 2812.61 3616.76
12373 2945.14 2407.4
12374 4392.75 2844.57
12375 5164.02 2746.61
12376 731.896 4680.13
12377 6175.24 854.954
12378 1464 805.679
12379 4944.93 3332.26
12380 5359.78 2459.41
12381 1245.03 3274.22
12382 6303.06 649.079
12383 1807.3 5466.5
12384 4728.86 148.48
12385 4296.38 1829.03
12386 752.167 3201.79
12387 2683.53 1620.6
12388 2525.68 56.6939
12389 2407.41 3722.47
12390 4499.97 4095.03
12391 2118.83 3072.66
12392 3031.86 3071.83
12393 6350.42 3578.08
12394 5753.13 6395.55
12395 5904.27 821.428
12396 3935.61 1392.17
12397 104.965 4707.15
12398 610.579 5504.44
12399 4068.33 4819.32
12400 5797.15 4417.12
12401 3300.6 4866.21
12402 2593.86 269.811
12403 6430.97 5818.12
12404 3486.49 778.292
12405 876.863 1237.08
12406 2113.79 5353.4
12407 100.584 4064.02
12408 2751.51 3132.64
12409 2147.41 1772.46
12410 289.887 4524.14
12411 81.1024 5667.5
12412 3011.71 880.967
12413 1516.17 2737.37
12414 4135.1 4256.68
12415 2408.3 3671.7
12416 5966.93 2340.68
12417 4247.82 6228.09
12418 403.041 3889.37
12419 1686.4 870.653
12420 5523.04 5381.04
12421 4563.58 2853.08
12422 2608.17 372.556
12423 6337.43 328.31
12424 3304.88 6199.33
12425 2013.93 5976.29
12426 425.996 95.8476
12427 812.671 3125.99
12428 4940.92 2191.34
12429 6101.64 441.029
12430 3934.26 4358.77
12431 4236.54 3778.87
12432 1261.51 494.199
12433 3207.96 3613.43
12434 49.4849 5005.53
12435 2762.15 6400.83
12436 4464.6 2645.01
12437 225.746 5317.32
12438 6433.73 1893.13
12439 3639.09 763.537
12440 6487.87 52.7161
12441 3800.71 1156.63
12442 5640.76 5582.15
12443 1989.45 5648.87
12444 271.753 622.398
12445 4816.03 1809.94
12446 2406.1 889.791
12447 834.445 2085.46
12448 911.908 2126.67
12449 4457.94 425.129
12450 1852.72 4937.76
12451 2507.12 5556.78
12452 6045.09 911.376
12453 4210.04 2166.11
12454 2464.93 923.007
12455 312.039 3757.04
12456 1874.36 6425.4
12457 6097.97 3940.03
12458 5873.31 1459.2
12459 78.2252 3507.27
12460 4909.13 1855.37
12461 110.034 4004.66
12462 4274.49 4200.22
12463 5697.08 5501.1
12464 3417.81 1914.26
12465 637.187 5518.47
12466 4304.23 452.786
12467 1670.98 6129.61
12468 1853.36 4300.27
12469 5065.53 848.604
12470 4245.55 2816.06
12471 5570.1 1250.02
12472 181.997 2707.34
12473 2686.69 1143.82
12474 2051.71 1811.41
12475 4689.01 3144.31
12476 4044.84 4443.89
12477 3911.42 1657.73
12478 4734.17 1377.62
12479 3225.85 1399.81
12480 3597.49 581.531
12481 1453.08 1687.51
12482 5286.62 4592.22
12483 2078.89 3060.05
12484 2719.1 6440.9
12485 5857.49 689.253
12486 3392.32 5642.26
12487 1965.33 2729.58
12488 2069.32 4443.52
12489 1601.51 2062.28
12490 2775.44 6415.1
12491 280.096 400.159
12492 392.893 4812.61
12493 5147.01 2189.24
12494 5535.41 2208.96
12495 3259.11 4552.62
12496 127.227 1311.79
12497 5201.82 6015.9
12498 288.238 940.253
12499 4228.11 1664.31
12500 1518.62 3630.39
12501 3000.02 1141.02
12502 3075.38 512.069
12503 1035.22 5935.85
12504 5330.17 5680.31
12505 4936.26 2536.53
12506 6300.4 4225.94
12507 3556.53 1261.34
12508 4050.99 4836.96
12509 1183.81 1564.1
12510 3280.82 5139.8
12511 38.3293 6492.68
12512 30.3967 4091.41
12513 3813.95 3785.35
12514 2573.21 1235.74
12515 4188.67 1132.92
12516 1297.3 1590.08
12517 2262.08 859.214
12518 3526.6 4778.85
12519 2088.82 5794.83
12520 4751.37 1156.42
12521 2957.25 969.721
12522 2874.62 1677.81
12523 806.33 2018.48
12524 5454.09 6418.93
12525 5075.08 2402.39
12526 2795.53 4980.71
12527 1079.14 5411.74
12528 1309.59 996.057
12529 2706.54 2979.7
12530 4144.06 4023.67
12531 1963.23 6340.8
12532 1373.05 2760.87
12533 3072.27 678.183
12534 4599.2 4315.86
12535 1642.52 1134.5
12536 176.945 1710.37
12537 4505.47 4948.21
12538 2583.07 370.689
12539 4767.17 2245.49
12540 6284.04 649.167
12541 1275.1 1728.02
12542 5535.18 1032.6
12543 5338.37 2415.59
12544 4726.64 3186.03
12545 691.536 2786.62
12546 1718.24 848.951
12547 4234.88 3381.74
12548 4085.08 4595.93
12549 4376.29 2065.76
12550 5297.07 6374.07
12551 5500.16 1059.61
12552 1831.89 4484.78
12553 5826.67 2480.45
12554 4541.53 5595.49
12555 6263.62 4904.59
12556 3858.5 2728.43
12557 2070.5 1784.57
12558 4169.58 5513.41
12559 3633.66 3044.98
12560 2281.39 2068.86
12561 2007.82 10.8916
12562 164.105 2174.57
12563 5805.25 4432.64
12564 1271.99 2939.12
12565 4174.65 5652.03
12566 3642.45 6410.1
12567 812.959 5554.38
12568 4129.46 4942.7
12569 3993.18 3254.1
12570 470.493 2469.32
12571 1850.23 3196.52
12572 4538.03 202.679
12573 565.092 4167.1
12574 5256.21 5946.84
12575 2213.44 5593.21
12576 4514.13 4443.67
12577 6369.4 79.6771
12578 5311.53 5682.87
12579 434.804 1302.56
12580 1053.05 3657.45
12581 3144.3 1429.34
12582 4985.21 3725.33
12583 5614.91 283.002
12584 3783.93 2004.67
12585 3148.05 3603.39
12586 5620.55 4953.49
12587 4574.92 5475.06
12588 2809.31 1343.72
12589 902.473 6462.99
12590 2570.69 6071.55
12591 2161.1 2695.06
12592 4714.83 1400.51
12593 2362.55 5735.39
12594 2851.44 3271.55
12595 1398.36 4177.89
12596 2496.52 5110.3
12597 1224.92 609.791
12598 1533.74 4629.94
12599 6172.1 5704.05
12600 1.69149 4088.99
12601 5913.97 820.518
12602 1717.03 3680.19
12603 1637.17 2590.93
12604 6351.45 3190.49
12605 3407.27 5664.03
12606 5887.11 4356.51
12607 4368.64 6395.76
12608 5216 4094.39
12609 5307.69 5151.15
12610 3607.55 3115.78
12611 848.962 5094.97
12612 2066.54 210.404
12613 4396.66 321.576
12614 4562.92 2699.3
12615 2218.75 2740.25
12616 5852.26 5053.9
12617 4609.88 5566.73
12618 6063.4 2388.55
12619 5717.95 6333.15
12620 3128.56 508.741
12621 5982.19 5007.31
12622 3367.39 5303.98
12623 206.075 5844.82
12624 3937.04 4425.9
12625 635.076 4713.28
12626 1991.76 5369.99
12627 1210.72 3729.08
12628 6176.24 2503.4
12629 3253.02 2157.75
12630 4550.56 4181.84
12631 5690.08 1060.76
12632 3976.89 2457.98
12633 5331.18 2607.33
12634 3650.95 2399.88
12635 4347.56 6273.17
12636 609.118 624.297
12637 1838.08 3124.34
12638 6069.63 2167.44
12639 129.963 5202.3
12640 2077.35 4355.09
12641 945.062 1197.8
12642 2962.31 4516.3
12643 733.952 5634.38
12644 301.745 1779.49
12645 1424.63 5390.25
12646 4592.81 6243.67
12647 2486.65 1335.53
12648 1401.02 4676.11
12649 2089.22 1139.23
12650 3033.83 1210.63
12651 2110.19 2292.09
12652 4798.4 6127.98
12653 3055.6 1912.87
12654 3455.93 586.45
12655 6502.09 2571.83
12656 3400.68 1717.61
12657 2022.07 3281.93
12658 966.507 5419.88
12659 933.949 6003.58
12660 4942.41 6239.59
12661 1078.01 6079.61
12662 1606.08 1211.36
12663 232.136 1533.78
12664 3201.22 2578.17
12665 3498.28 3980.99
12666 4052.08 2342.02
12667 3272.82 1122.82
12668 4645.71 6362.51
12669 5350.46 581.572
12670 3082.83 6458.26
12671 3387.99 3499.77
12672 5969 3302.98
12673 1870.58 950.145
12674 4352.02 1325.12
12675 5175.88 1968.24
12676 542.003 818.396
12677 703.497 762.065
12678 616.156 5155.81
12679 2679.69 1192.85
12680 1723.73 1910.97
12681 5391.09 6411.03
12682 3915.72 1321.4
12683 1104.11 2937.4
12684 5804.53 3780.11
12685 4342.07 2868.39
12686 2924 3623.95
12687 6437.03 6465.31
12688 4470.36 1135.55
12689 2375.93 685.695
12690 2091.64 4058.97
12691 5960.1 838.529
12692 882.43 4357.81
12693 3527.51 3202.02
12694 3739.35 5062.1
12695 3852.6 4383.24
12696 2896.68 2348.49
12697 4202.04 389.776
12698 1602.87 2859.05
12699 1991.65 1852.6
12700 2133.42 4424.87
12701 4381.58 6469.34
12702 143 3600.45
12703 4564.06 2308.57
12704 3844.54 215.479
12705 2858.68 4116.55
12706 2887.79 3648.33
12707 5680.99 2512.53
12708 3860.23 1346.74
12709 5404.35 2919.72
12710 382.426 6235.03
12711 881.347 5431.43
12712 6335.12 1406.64
12713 2100.09 2241.66
12714 2694.29 5245.18
12715 3492.58 6539.5
12716 5028.36 4536.66
12717 1112.53 6025.09
12718 2319.47 1097.86
12719 4066.94 6396.03
12720 1894.02 581.294
12721 1394.1 138.538
12722 6379.97 88.6205
12723 2444.67 1424.75
12724 4797.99 358.942
12725 712.728 4386.36
12726 1559.64 3395.99
12727 1873.74 4904.87
12728 5175.27 2930.2
12729 3015.66 5600.69
12730 1405.35 4047.54
12731 4469.41 4873.52
12732 5223.86 3695.63
12733 3427.75 1272.9
12734 1031.6 6199.64
12735 3204.44 2435.28
12736 5222.31 1901.27
12737 3078.91 1098.07
12738 3787.47 5975.2
12739 4874.52 6157.4
12740 5636.71 951.396
12741 3215.01 1762.87
12742 152.631 5647.94
12743 3421.25 2157.57
12744 4537.73 5127.97
12745 3388.01 5505.31
12746 2547.66 3693.44
12747 6239.14 4459.59
12748 6275.08 1662.84
12749 4174.19 443.93
12750 2892.91 6357.93
12751 3813.28 6074.4
12752 1293.39 4314.47
12753 4162.57 5298.63
12754 370.514 3728.66
12755 3042.61 4913.13
12756 4402.78 1399.08
12757 4247.01 2006.82
12758 5413.6 70.2319
12759 4168.02 3856.21
12760 2346.16 6534.27
12761 4044.55 4768.82
12762 1096.87 6127.94
12763 4531.75 4634.23
12764 1228.41 2814.61
12765 4694.02 4047.65
12766 4068.39 5369.39
12767 5013.12 3914.68
12768 5950.86 2382.1
12769 3191.54 5196.61
12770 6117.93 2270.84
12771 4496.12 3938.22
12772 6520.53 3340.17
12773 4806.97 1047.76
12774 5761.75 4263.64
12775 4139.36 1881.52
12776 271.155 3583.03
12777 5446.19 3050.05
12778 669.36 6256.44
12779 5513.58 1353.22
12780 2001.63 1122.74
12781 2410.88 1084.48
12782 5764.69 6091.57
12783 154.817 5737.39
12784 6369.56 5338.74
12785 5634.22 3991.57
12786 3954.3 3504.11
12787 1951.92 4272.77
12788 4045.58 5639.7
12789 2924.13 4320.75
12790 2349.51 5207.71
12791 2955.47 129.237
12792 687.853 531.927
12793 2598.92 4046.26
12794 3744.62 4016.9
12795 4463.68 1472.55
12796 1897.73 1152.45
12797 4817.82 1406.62
12798 477.137 5502.05
12799 3394.45 1562.95
12800 4729.49 6358.82
12801 905.634 1860.94
12802 4449.2 5932.04
12803 3485.53 604.523
12804 6244.93 4973.08
12805 3507.58 3413.27
12806 1944.87 6374.87
12807 1237.11 392.269
12808 3122.58 1336.6
12809 5487.94 557.442
12810 2575.25 5435.46
12811 6299.73 3452.81
12812 2299.39 1700.12
12813 1904.65 5584.28
12814 5848.32 2161.46
12815 6399.67 2649
12816 3178.64 5126.95
12817 5493.44 3702.82
12818 5190.84 5233.41
12819 4653.35 5948.35
12820 1473.52 2913.68
12821 610.61 2920.28
12822 4656.09 2666.13
12823 5284.7 4803.95
12824 6184.15 6509.4
12825 1077.14 3895.27
12826 2577.49 2557.1
12827 4078.01 2978.98
12828 3750.41 4533.65
12829 1305.99 3786.12
12830 861.667 4396.77
12831 2239.78 425.221
12832 2515.62 3016.48
12833 62.9659 4906.98
12834 5675.32 5684.03
12835 1068.02 4096.58
12836 1048.19 4263.78
12837 2277.82 6318.21
12838 2163.15 3026.41
12839 3329.96 271.323
12840 5960.13 5654.12
12841 4362.46 3276.7
12842 398.389 2203
12843 554.942 5386.05
12844 1013.84 5791.55
12845 1239.95 4679.25
12846 2081.43 5736.67
12847 6019.17 2299.23
12848 4561.51 1851.57
12849 1516.51 2124.02
12850 6239.43 1259.14
12851 1889.58 6156.72
12852 5500.63 769.911
12853 4659.14 4331.23
12854 6039.21 1967.62
12855 6517.25 144.981
12856 2260.7 564.521
12857 4317.6 1859.69
12858 1052.29 758.095
12859 1167.45 5616.6
12860 4821.18 1521.45
12861 5437.44 5968.81
12862 5070.54 881.088
12863 5964.6 1040.7
12864 1156.76 4941.98
12865 5079.04 6141.64
12866 2042.59 5815.38
12867 6424.49 2189.09
12868 4204.13 3655.04
12869 4217.61 2915.41
12870 1688.12 6076.66
12871 4542.87 5163.46
12872 891.903 973.658
12873 1768.59 6272.23
12874 3313.06 6320.32
12875 5683.29 5346.25
12876 288.065 3481.28
12877 2496.62 206.648
12878 238.618 834.451
12879 4384.29 2863
12880 2051.01 860.995
12881 924.92 2771.64
12882 2665.51 1394.37
12883 4811.55 1244.05
12884 3886.22 661.198
12885 4372.74 6360.57
12886 3393.33 3580.29
12887 5617.26 466.684
12888 2740.78 4343.33
12889 3415 1277.31
12890 2067.94 3936.82
12891 3664.94 461.909
12892 3549.92 1630.83
12893 1715.58 3723.68
12894 3084.09 1266.1
12895 493.933 1919.48
12896 5284.75 1365.65
12897 2069.24 743.104
12898 3593.64 457.754
12899 2845.55 2114.6
12900 1391.14 3752.45
12901 5821.43 180.594
12902 4876.78 621.261
12903 3097.39 4510.6
12904 4387.64 655.631
12905 2517.25 2039.34
12906 2546.13 3848.94
12907 374.092 1613.15
12908 2023.99 4302.7
12909 3924.67 6150.46
12910 836.751 3157.32
12911 495.721 3078.04
12912 2800.12 2561.5
12913 5893.41 6025.37
12914 1955.27 2176.65
12915 4158.43 5627.89
12916 1668.76 1743.56
12917 6130.01 2036.37
12918 179.525 92.0319
12919 5991.09 989.64
12920 6083.77 5556.17
12921 1258.24 5022.22
12922 3554.82 68.5685
12923 4171.36 191.587
12924 1541.06 2817.24
12925 1917.96 4667.07
12926 6514.01 4543.83
12927 1829.79 2807.98
12928 3851.19 3899.18
12929 5497.07 236.094
12930 2897.65 570.022
12931 1467.4 2638.96
12932 5121.86 1728.92
12933 5745.12 537.077
12934 2345.01 2904.46
12935 676.335 295.467
12936 4984.56 256.39
12937 5073.77 6476.36
12938 932.849 1829.61
12939 3885.13 3298.64
12940 4904.85 1477.31
12941 3582.22 3306.66
12942 788.913 3360.96
12943 394.925 1100.45
12944 5207.98 546.69
12945 4466.99 5767.95
12946 5634.12 6174.64
12947 3491.07 5762.97
12948 390.68 3903.66
12949 6172.39 4839.26
12950 4041.17 3106.49
12951 4810.14 5304.58
12952 3526.01 3398.23
12953 68.8095 5242.13
12954 4867.83 3746.64
12955 1838.13 2629.16
12956 1639.92 3619.72
12957 625.254 5780.56
12958 496.275 2949.65
12959 3689.91 901.342
12960 3024.08 2822.26
12961 1668.25 5493.48
12962 2849.58 4510.44
12963 3781.8 3209.35
12964 5741 2554.61
12965 2388.96 2950.11
12966 4187.32 6050.95
12967 3115.74 1420.07
12968 1525.36 2184.62
12969 242.945 5863.98
12970 5623.04 4463.07
12971 979.7 3195.78
12972 6217.97 5736.7
12973 4490.61 6254.77
12974 2138.43 4821.32
12975 3796.97 2855.89
12976 4640.26 1747.44
12977 4071.78 597.051
12978 1858.35 828.219
12979 41.8592 4831.72
12980 4078.24 2936.49
12981 4869.69 4938.29
12982 5403.28 3048.48
12983 5125.12 2232.7
12984 638.554 4822.21
12985 2264.57 814.729
12986 3837.06 6259.55
12987 6256.25 1119.08
12988 3404.88 4520.48
12989 1778.22 766.283
12990 6296.93 2952.41
12991 2833.11 3532.21
12992 2252.5 142.279
12993 485.976 4305.89
12994 5282.09 4318.27
12995 5909.03 476.522
12996 3791.21 2542.64
12997 64.9473 6078.66
12998 5114.27 3822.22
12999 125.987 2859.33
13000 5642.71 1622.94
13001 2294.81 75.8944
13002 1407.75 1406.96
13003 305.237 6429.88
13004 522.604 523.63
13005 5598.89 3669.09
13006 2434.31 2487.89
13007 2396.1 1607.01
13008 3245.58 6452.88
13009 1252.17 2831.44
13010 4748.66 5001.62
13011 3665.5 4870.5
13012 3271.52 5253.49
13013 4120.08 224.961
13014 665.945 196.523
13015 3557.52 1094.08
13016 3736.78 5602.03
13017 2346.69 4639.8
13018 3885.62 1933.4
13019 4510.24 2992.03
13020 732.1 6321.63
13021 6226 3905.58
13022 3075.47 5371.55
13023 2582.48 2822.96
13024 1038.08 5523.09
13025 4467.36 3661.77
13026 2650.26 703.793
13027 5074.68 1054.81
13028 946.648 3569.9
13029 4314.89 808.936
13030 3549.13 4546.53
13031 2640.67 1993.84
13032 956.384 5198.94
13033 2523.1 2452.66
13034 3001.41 2222
13035 6397.6 2746.61
13036 935.806 1513.64
13037 5108.37 5121.86
13038 5982.87 821.708
13039 472.526 4546.81
13040 4822.41 68.3919
13041 1613.44 2827.37
13042 1194.95 2854.49
13043 5410.51 1268.61
13044 1235.85 5514.78
13045 167.058 2774.45
13046 6094.86 256.656
13047 4832.76 525.384
13048 853.001 2547.66
13049 3450.23 2031.24
13050 5880.01 3632.94
13051 2895.63 2797.06
13052 5663.13 2634.27
13053 4075.27 968.012
13054 1086.55 3285.46
13055 1874.99 168.796
13056 1106.29 6139.15
13057 3529.66 6257.82
13058 1817.48 139.867
13059 1505.66 4561.55
13060 1151.62 4608.09
13061 3833.73 4164.61
13062 4251.87 3715.62
13063 657.739 3085.41
13064 1482.24 4810.6
13065 1040.7 2458.27
13066 4642.78 3024.54
13067 2217.2 4406.86
13068 1487.19 2946.06
13069 5224.07 5318.81
13070 1069.18 2222.4
13071 6064.27 1424.26
13072 4679.75 4137.53
13073 1339.05 6197.35
13074 6097.49 2260.9
13075 5902.89 154.924
13076 411.44 1802.41
13077 1376.93 3994.54
13078 3522.76 5565.6
13079 6542.92 5696.96
13080 328.879 736.765
13081 2794.45 3179.5
13082 1991.54 869.464
13083 938.814 1889.13
13084 2856.77 1772.46
13085 1432.74 3894.65
13086 271.12 684.149
13087 3722.2 5181.35
13088 1691.48 2686.89
13089 1596.32 491.889
13090 1914.27 3381.65
13091 6367.4 5047.58
13092 3484.43 2062.27
13093 1085.64 4613.2
13094 1309.49 670.815
13095 4624.29 5001.72
13096 3803.94 872.119
13097 1584.44 4231.8
13098 5576.88 3415.37
13099 2839.38 2882.51
13100 6082.32 4139.04
13101 5271.39 1379.34
13102 757.395 3622.7
13103 5636.44 3076.57
13104 2069.9 1110.53
13105 3768.09 1650.47
13106 609.376 6064.59
13107 2234.36 537.272
13108 4570.18 4163.64
13109 5780.21 3943.22
13110 4915.3 4545.97
13111 818.877 4139.96
13112 2059.7 6046.74
13113 1839.1 1338.79
13114 5800.46 5953.08
13115 2813.19 1183.34
13116 711.094 4924.15
13117 1253.78 2631.96
13118 364.323 2122.9
13119 3861.86 1819.79
13120 5919.79 2215.4
13121 723.487 144.249
13122 3766.3 3401.93
13123 2290.8 5628.69
13124 5153.99 2328.14
13125 6089.25 4447.35
13126 3196.03 2829.64
13127 1881.37 6308.13
13128 521.759 5165.28
13129 1709.63 6379.73
13130 2664.13 593.192
13131 4257.63 4337.93
13132 4516.27 1891.32
13133 6231.28 5397.77
13134 336.767 6444.99
13135 6162.28 6449.14
13136 3246.66 6317.76
13137 1235.33 616.266
13138 557.586 340.927
13139 1938.5 4793.66
13140 5674.43 4147.94
13141 4219.59 1451.71
13142 3573.62 3008.07
13143 4470.03 4826.97
13144 1315.71 5629.13
13145 2283 3661.4
13146 1528.06 4639.83
13147 4466.33 3069.89
13148 870.4 4575.55
13149 1748.84 566.955
13150 218.421 5022.84
13151 3973.16 3438.45
13152 2449.25 4298.82
13153 6248.07 4112.78
13154 2128.71 5789.07
13155 921.092 4293.06
13156 175.135 1005.3
13157 1463.47 5525.25
13158 3130.3 4124.23
13159 3581 5554.5
13160 2749.2 4489.5
13161 560.902 3549.02
13162 2337.25 5393.03
13163 2210.47 3053.25
13164 834.899 4755.73
13165 5385.37 584.088
13166 3069.74 1403.25
13167 1451.86 3038.19
13168 6055.13 3131.18
13169 2603.68 5759.6
13170 3661.76 1310.92
13171 4860.81 5654.45
13172 4529.62 3915.16
13173 2550.08 3195.74
13174 86.447 3739.26
13175 5630.62 5102.52
13176 1607.04 6145.21
13177 3067.42 5935.86
13178 6006.05 2871.96
13179 979.767 3319.74
13180 3160.67 3199.67
13181 686.116 6299.55
13182 4215.95 5061.1
13183 2615.37 3280.62
13184 3452.34 6429.11
13185 5900.49 4532.08
13186 1739.36 877.194
13187 4758.95 5665.07
13188 4578.22 4749.83
13189 5145.36 6504.55
13190 1179.12 6488.69
13191 6421.89 773.015
13192 5603.72 1293.79
13193 3799.38 4810.97
13194 664.388 5807.04
13195 1461.83 5741.27
13196 378.202 5619.9
13197 862.116 5619.55
13198 139.947 384.172
13199 241.823 1949.58
13200 6491.01 3957.62
13201 2832.54 3397.72
13202 2145.8 1681.12
13203 4404.81 1698.36
13204 5734.78 770.697
13205 2741.45 947.303
13206 1629.78 6490.86
13207 5470.8 2795.86
13208 3481.3 5018.1
13209 3724.94 6291.42
13210 4133.67 1325.33
13211 3779.88 4522.08
13212 681.287 129.063
13213 1263.94 5776.78
13214 4390.1 2051.99
13215 3547.88 5604.55
13216 3319.75 6473.54
13217 333.855 4828.46
13218 2462.33 731.367
13219 4692.28 5277.23
13220 6253.32 6043.99
13221 140.927 3560.35
13222 1605.68 1405.63
13223 1342.41 146.198
13224 4375.97 2667.3
13225 5670.86 3311.76
13226 2433.42 4174.75
13227 5523.9 1672.03
13228 3985.87 4126.88
13229 3558.64 1759.09
13230 3801.54 4712.87
13231 3296.1 734.174
13232 3141.24 2703.64
13233 5697.64 5634.12
13234 5724.92 1252.29
13235 4351.48 6089.82
13236 4863.05 4043.88
13237 4294.78 249.115
13238 2625.26 2923.1
13239 1426.23 306.706
13240 1438.48 1891.32
13241 761.408 5997.9
13242 435.338 1606.95
13243 2006.64 6335.33
13244 4832.42 5331.76
13245 2782.18 2116.14
13246 5064.97 4129.23
13247 3639 5131.67
13248 3612.24 3551.1
13249 1916.62 4431.82
13250 5777.91 4064.85
13251 1006.14 3565.55
13252 4318.51 820.507
13253 4148.73 123.994
13254 1338.96 3580.88
13255 4543.63 2640.98
13256 5760.01 2845.81
13257 1348.17 4729.99
13258 847.234 1044.88
13259 894.043 2158.75
13260 2973.12 3251.63
13261 4521.97 31.9883
13262 3883.15 5208.33
13263 582.482 6416.87
13264 941.843 3701.32
13265 967.668 3650.45
13266 1592.8 3262.87
13267 6500.14 4222.87
13268 4358.95 546.034
13269 2762.05 988.256
13270 4268.41 4759.84
13271 520.389 5358.18
13272 4993.58 4103.19
13273 5760.92 6534.51
13274 4772.17 2857.65
13275 1899.08 5460.63
13276 2340.05 4835.94
13277 6160.1 5202.48
13278 4982.73 2945.37
13279 3660.98 422.232
13280 5637.73 4616.15
13281 4927.49 1769.67
13282 6334.71 4028.3
13283 477.692 1392.4
13284 3926.48 1505.27
13285 2546.51 487.059
13286 1874.3 784.667
13287 4830.03 4140.74
13288 500.381 3201.71
13289 4735.83 1017.02
13290 4537.09 2434.3
13291 4199.65 2135.74
13292 4533.5 2686.31
13293 5571.59 3904.35
13294 5136.96 628.838
13295 1116.39 5358.2
13296 1915.01 1855.99
13297 210.681 128.011
13298 3959.47 721.93
13299 5946.35 3682.55
13300 5369.9 2531.54
13301 657.482 5964.85
13302 4712.64 4046.14
13303 2830.56 2633.02
13304 2372.49 4692.84
13305 6538.5 6347.01
13306 5310.27 3001.01
13307 1000.19 2570.5
13308 1086.38 1348.45
13309 3460.22 6243.08
13310 2023.61 4011.81
13311 6475.29 3681.76
13312 4584.4 3360.61
13313 2902.38 3053.25
13314 352.61 308.213
13315 1202.99 6152.7
13316 6211.96 3187.7
13317 5569.46 3480.04
13318 4359.46 4150.97
13319 4231.22 2068.07
13320 4138.43 2110.68
13321 2662.76 4283.16
13322 4994.24 1784.66
13323 386.395 3051.35
13324 4815.33 4449.47
13325 2766.4 728.578
13326 1664.98 1731.01
13327 79.7237 3316.86
13328 2841.9 5648.32
13329 2361.46 4310.49
13330 4841.33 3421.84
13331 1069.29 4032.26
13332 4588.38 6104.22
13333 3238.17 5799.71
13334 1277.92 3659.2
13335 1183.32 3336.86
13336 3754.47 5891.84
13337 5172.06 1668.38
13338 4350.79 4577.45
13339 5180.68 1671.65
13340 6213.18 3568.69
13341 1995.69 1241.53
13342 2698.97 313.845
13343 6446.51 2674.7
13344 6008.91 5051.77
13345 2302.62 2997.68
13346 1188.99 525.602
13347 3235.24 1072.23
13348 6071.88 6322.15
13349 1846.38 79.9784
13350 124.343 672.854
13351 762.408 4737.95
13352 1776.62 2615.91
13353 917.734 2628.34
13354 4662.01 3267.04
13355 995.852 5824.66
13356 4646.52 4165.1
13357 6250.65 6320.22
13358 2756.76 3609.16
13359 1157.56 2182.72
13360 2672.89 6034.3
13361 2507.61 1860.82
13362 2696.59 4330.29
13363 654.026 2185.87
13364 693.11 553.676
13365 3997.06 2363.99
13366 222.496 900.871
13367 1724.9 3556.23
13368 2803.97 2200.71
13369 4267.91 3643.44
13370 6430.94 3010.85
13371 949.555 3657.48
13372 1137.9 593.646
13373 1894.11 5067.1
13374 2385.35 3689.32
13375 5442.17 4969.67
13376 1255.67 6160.39
13377 1893.42 5110.16
13378 3030.85 964.392
13379 1497.81 875.639
13380 5437.28 5728.84
13381 5561.75 773.792
13382 1069.02 6015.16
13383 3380.15 121.821
13384 2757.41 5555.07
13385 2372.35 3728.04
13386 3901.08 2708.68
13387 5809.25 308.076
13388 2869.14 430.331
13389 3299.84 1250.65
13390 2898.79 1360.74
13391 3291.29 5423.81
13392 2400.12 3255.56
13393 5583.22 4044.23
13394 1530.93 2576.71
13395 2126.86 800.98
13396 6260.85 263.73
13397 5222.54 2529.65
13398 866.531 2511.62
13399 1539.25 5126.73
13400 3463.53 3484.37
13401 1159.79 6140.27
13402 113.963 794.155
13403 1747.2 6117.47
13404 2230.87 6004.33
13405 2266.53 4864.07
13406 2784.43 384.348
13407 1026.24 6523.83
13408 243.116 4943.23
13409 2907.83 1244.29
13410 6527.38 6198.54
13411 5225.29 2461.72
13412 1866.24 6.05433
13413 609.98 2007.39
13414 2945.49 162.488
13415 1397.36 3454.66
13416 1399.07 6229.65
13417 1798.35 2640.03
13418 253.154 3730.1
13419 3415.09 5736.52
13420 1834.31 4373.71
13421 5031.48 2288.06
13422 285.995 213.105
13423 5429.27 3623.73
13424 6109.77 5868.67
13425 2211.77 4718.49
13426 3162.79 4725.57
13427 5785.3 4715.37
13428 3117.97 5859.33
13429 908.526 5800.52
13430 3467.85 1946.98
13431 1280.45 1071.31
13432 1483.47 115.863
13433 4313.68 3032.29
13434 2698.33 1934.05
13435 6248.02 3836.97
13436 1969.45 762.684
13437 1514.01 5827.07
13438 1609.52 2998.61
13439 6511.1 6485.72
13440 4917.49 3814.46
13441 2114.46 6322.78
13442 5490.15 1727.96
13443 2472.62 6348.39
13444 2046.72 6544
13445 3276.27 4168.76
13446 3694.43 2176.07
13447 1911.47 4664.88
13448 2713.45 613.948
13449 3623.1 2251
13450 4291.29 4229.53
13451 1801.36 5598.74
13452 4808.24 3588.1
13453 6516.28 2612.17
13454 4816.14 1604.56
13455 1032.54 534.645
13456 5394.33 3852.77
13457 3106.56 1481.94
13458 2662.24 1380.2
13459 4780.28 5685.37
13460 2456.08 5641.44
13461 3904.52 1152.23
13462 758.171 6037.8
13463 4407.04 369.113
13464 4399.37 6477.08
13465 180.532 4458.12
13466 2298.38 148.27
13467 6146.95 5221.15
13468 6307.44 5830.56
13469 313.793 6247.64
13470 1089.45 2471.74
13471 1124.82 2116.19
13472 5649.89 2457.78
13473 2841.77 6188.96
13474 1774.98 843.457
13475 5612.95 6075.34
13476 605.865 323.909
13477 4348.31 5814.86
13478 800.609 5459.14
13479 5365.54 2632.73
13480 3008.19 1462.46
13481 2818 6103.78
13482 3303.69 4086.44
13483 5053.37 350.683
13484 340.52 5090.15
13485 214.884 5295.1
13486 512.702 4031.98
13487 334.792 570.918
13488 6351.94 3601.63
13489 1150.8 3420.75
13490 4908 5665.33
13491 3568.47 41.32
13492 4051.94 1654.2
13493 3002.77 4064.31
13494 1395.08 879.484
13495 3041.01 4878.29
13496 3762.43 4465.02
13497 2064.08 451.82
13498 2269.15 1716.28
13499 1895.94 4910.6
13500 3710 4725.44
13501 2371.15 2512.16
13502 1023.95 901.337
13503 2291.6 6011.25
13504 5385.6 1196.75
13505 1634.06 5073.36
13506 6192.9 1478.78
13507 2572.68 878.956
13508 4583.12 5060.83
13509 5334.92 2390.2
13510 6517.19 644.954
13511 1286.79 3535.77
13512 4328.27 3363.23
13513 1834.25 3516.17
13514 3669.64 3103.55
13515 4132.91 4562.52
13516 3943.57 4774.51
13517 2316.57 5376.16
13518 4803.59 292.269
13519 1814.39 974.698
13520 1159.96 2888.2
13521 1389.85 2299.34
13522 5927.64 2743.68
13523 2628.12 4296
13524 4518.36 2778.6
13525 5478.38 3610
13526 790.845 4084.84
13527 1133.27 4609.78
13528 4317.11 5272.62
13529 1746.53 552.454
13530 5802.1 1038.57
13531 3109.02 3148.31
13532 554.343 5283.82
13533 4095.1 3073.09
13534 3731.14 574.959
13535 5365.08 4535.22
13536 5732.55 938.185
13537 985.711 3769.86
13538 4182.93 3183.01
13539 1231.66 2883.45
13540 2257.31 4045.72
13541 4534.54 847.261
13542 1958.57 2587.81
13543 1735.24 190.256
13544 5784.03 5167.25
13545 1504.01 776.244
13546 1540.6 1752.44
13547 958.764 2796.76
13548 1466.16 4556.45
13549 4147.37 996.304
13550 1782.85 1396.61
13551 5052.21 4420.99
13552 2036.25 1382.17
13553 5113.89 3652.92
13554 4347.99 1147.05
13555 3251.43 4349.93
13556 6426.64 5840.9
13557 5026.56 3066.77
13558 1670.33 5435.71
13559 3717.27 3586.89
13560 6336.11 2437.03
13561 3457.37 1934.2
13562 6182.13 703.415
13563 65.286 1776.53
13564 722.107 4629.21
13565 5665.02 6031.96
13566 6039.45 309.785
13567 2337.58 5910.05
13568 973.17 2782.3
13569 6297.05 55.7979
13570 1389.52 4449.29
13571 3592.14 4387.7
13572 3972.7 178.24
13573 5982.83 1546.67
13574 3276.11 50.649
13575 5470.77 3420.71
13576 3606.21 1416.03
13577 5852.08 791.34
13578 4543.14 532.911
13579 4185.54 5845.37
13580 1144.46 4856.9
13581 5406.87 2887.43
13582 4809.12 1848.2
13583 1252.54 2496.08
13584 5707.33 2814.84
13585 3291.62 5041.05
13586 5384.78 2243.71
13587 5426.61 4584.72
13588 4288.65 3378.38
13589 3665.23 3957.9
13590 1402.81 2015.3
13591 1438.06 2791.06
13592 6391.05 5176.1
13593 4737.91 2850.65
13594 5551.36 1716.26
13595 1561.34 2322.26
13596 2741 1700.43
13597 6222.88 6329.39
13598 442.567 5771.22
13599 2652.23 5905.74
13600 5462.25 6046.21
13601 1943.93 3568.69
13602 3274.8 56.0893
13603 4556.26 339.852
13604 1392.84 5529.26
13605 1975.57 204.972
13606 3426.05 1515.04
13607 941.512 1685.62
13608 4927.73 852.578
13609 4353.71 4714.29
13610 4629.36 6361.61
13611 1986.38 1063.32
13612 283.093 5716.75
13613 2379.77 6153.63
13614 3441.64 3785.78
13615 1331.75 5116.49
13616 4285.72 4552.53
13617 290.396 2902.67
13618 3639.15 4979.49
13619 49.6222 4737.07
13620 4767.86 4033.45
13621 5154.26 5359.02
13622 5906.18 2503.72
13623 211.21 1637.44
13624 1439.8 5610.95
13625 6385.92 6304.48
13626 539.563 4690.71
13627 5909.6 3326.94
13628 3246.61 3901.1
13629 4649.55 5692.77
13630 4268.89 501.659
13631 5723.69 3214.7
13632 4574.99 3754.13
13633 6518.2 4814.16
13634 696.963 274.719
13635 1363.37 1720.75
13636 6173.86 5119.64
13637 684.225 1273.27
13638 297.869 5690.75
13639 6251.13 6362
13640 241.095 4972.53
13641 3911.14 3667.76
13642 2851.83 1751.56
13643 4172.31 2313.41
13644 2020.9 1131.62
13645 1867.2 5759.45
13646 1780.55 3468.83
13647 1450.13 2524.02
13648 5610.26 880.994
13649 5721.52 6189.97
13650 5795.67 2950.18
13651 2115.21 4604.78
13652 6022.76 5417.77
13653 5606.92 2322.87
13654 647.775 3828.95
13655 6425.25 6291.53
13656 1111.26 2402.07
13657 6103.48 6429.79
13658 5344.98 3605.05
13659 5978.62 354.53
13660 6218.93 5303.88
13661 3885.38 675.763
13662 1195.19 5811.14
13663 4785.76 4387.21
13664 4801.32 5799.72
13665 3138.2 2248.18
13666 4437.68 1961.34
13667 2496.33 97.7291
13668 4879.02 5169.61
13669 6553.61 5209.17
13670 1005.5 6476.71
13671 2631.54 6151.67
13672 3143.91 3015.92
13673 693.241 1560.65
13674 4116.9 5181.06
13675 4346.36 6207.84
13676 5957.68 2561.72
13677 5314.98 5250.65
13678 5547.33 104.466
13679 3066.48 5329.06
13680 684.281 2493.88
13681 5726 5829.78
13682 3473.44 5247.6
13683 4818.88 3706
13684 3880.49 3859.43
13685 5615.8 6202.27
13686 2292.03 43.6205
13687 2181.75 6194.78
13688 1248.7 5854.56
13689 727.214 4205.04
13690 2088.89 1312.18
13691 2228.79 3563.57
13692 1292.21 1756.21
13693 3541.44 5233.12
13694 2495.58 2348.41
13695 2447.06 3176.25
13696 3924.31 3857.77
13697 3355.85 5456.07
13698 1819.8 1703.46
13699 6479.49 5083.58
13700 5921.7 4166.53
13701 4206.31 4896.64
13702 6531.15 4998.79
13703 2990.06 6112.57
13704 2388.66 4217.81
13705 3062.11 4833.79
13706 5377.1 479.009
13707 5118.14 2452.44
13708 5838.88 5495.61
13709 1044.6 3022.34
13710 1492.87 5907.42
13711 1343.28 584.016
13712 3411.96 4893.21
13713 5834.2 972.617
13714 1311.29 3890.45
13715 2828.89 5829.64
13716 68.4339 6023.96
13717 2089.89 6066.31
13718 3813.7 2754.58
13719 4834.92 214.606
13720 604.254 1901.74
13721 494.173 2742.66
13722 1723.68 3547.2
13723 6080.52 4514.5
13724 2468.59 5396.08
13725 2227.09 318.945
13726 3105.35 6116.63
13727 800.704 5763.53
13728 671.232 658.116
13729 4329.91 1293.42
13730 3799.45 5860.56
13731 1217.86 2698.81
13732 4660.78 4149.54
13733 5507.54 6093.09
13734 3363.37 1665.59
13735 6334.21 2611.12
13736 4481.48 5896
13737 2542.8 394.552
13738 2834.54 5142.08
13739 4015.48 4041.51
13740 1342.24 2128.8
13741 2847.84 988.015
13742 3809.14 2551.73
13743 5576.43 2605.24
13744 3124.45 2268.35
13745 386.32 4212.5
13746 258.127 1533.26
13747 3727.6 4669.86
13748 5231.31 3346.84
13749 5360.89 1331.1
13750 6082.76 1791.68
13751 2789.66 3226.08
13752 937.149 5355.65
13753 5953.15 6285.35
13754 3562.65 5076.71
13755 5425.1 6274.38
13756 4957.06 2838.39
13757 146.89 4216.88
13758 5986.88 4255.16
13759 4929.67 2721.71
13760 2067.17 6379.54
13761 5607.17 352.627
13762 2610.36 5047.26
13763 2222.29 1164.55
13764 4943.3 4165.1
13765 1690.68 975.026
13766 6006.38 4994.77
13767 3562.02 4432.92
13768 713.312 5147.16
13769 4683.14 6304.98
13770 3165.91 3707.51
13771 1307.61 5380.66
13772 1619.46 5078.41
13773 2734.24 3860.41
13774 3416.07 6336.16
13775 4805.33 2757.96
13776 177.424 4246.39
13777 123.544 2997.25
13778 4502.58 2575.13
13779 4173.8 2708.15
13780 2381.81 3710.75
13781 6546.48 3933.58
13782 2348.34 4746.83
13783 284.791 4987.62
13784 2860.1 4658.45
13785 5236.01 1234.17
13786 1253.67 1018.89
13787 5400.9 5577.17
13788 5799.31 4260.43
13789 5660.44 5987.63
13790 2573.42 2929.41
13791 3071.62 265.289
13792 3916.33 3436.17
13793 4530.16 1506.76
13794 3157.83 5652.3
13795 6268.68 5686.19
13796 6034.91 335.097
13797 1355.69 3055.45
13798 3462.54 6515.36
13799 3992.46 1761.56
13800 4706.44 426.03
13801 1089.04 1901.78
13802 5705.68 6258.77
13803 2704.67 3994.57
13804 5477.29 4678.94
13805 1813.17 3973.64
13806 4152.16 4797.39
13807 4904.83 4910.97
13808 3243.38 1480.2
13809 4878.48 4950.38
13810 3716.56 530.23
13811 3418.65 4584.91
13812 5319.17 3831.89
13813 40.501 152.026
13814 4200.06 4107
13815 3787.46 1528.92
13816 5612.03 4543.93
13817 5111.42 3796.3
13818 4976.96 3138.97
13819 5441.37 6362.63
13820 104.969 3151.39
13821 4036.57 2846.11
13822 5082.77 5400.19
13823 2900.52 3383.89
13824 1237.56 5008.08
13825 4602.34 2694.64
13826 6266.17 227.073
13827 1360.81 5487.89
13828 3815.74 4022.51
13829 1088.84 5043.48
13830 5069.07 1338.89
13831 6146.11 3573.38
13832 6465.91 1363.26
13833 5783.08 2196.97
13834 5856.88 5717.42
13835 3947.44 5622.43
13836 2790.26 6525.33
13837 5585.34 3053.93
13838 6157.66 5532.04
13839 2517.55 2835.23
13840 359.856 1778.22
13841 5923.22 3959.7
13842 5944.55 5991.14
13843 2539.97 4886.97
13844 3084.25 870.768
13845 608.627 1799.39
13846 1975.28 3952.63
13847 3445.96 5869.29
13848 2073.39 3062.11
13849 1891.75 1903.63
13850 66.8335 1018.24
13851 5745.32 6324.49
13852 583.438 4449.1
13853 4839.44 1157.84
13854 730.265 3005.62
13855 5261.52 4988.35
13856 5413.26 3360.81
13857 4501.62 2664.99
13858 6309.18 3941.25
13859 5544.01 5687.96
13860 5771.62 1935.73
13861 888.856 4840.64
13862 4751.04 1402.05
13863 4173.43 5329.04
13864 4276.69 3202.67
13865 4229.4 5267.41
13866 4056.34 5309.25
13867 2731.68 2713.56
13868 5762.85 3757.74
13869 2644.81 2555.57
13870 4461.24 107.583
13871 2242.3 1108.75
13872 2101.26 6380.01
13873 1610.56 192.075
13874 1965.7 2784.4
13875 3546.67 1763.13
13876 576.026 1438.79
13877 1038.05 1783.66
13878 5984.28 3691.16
13879 2780.55 1705.56
13880 4754.43 5003.84
13881 3295.96 3740.3
13882 1934.9 1109.56
13883 4546.72 2785.84
13884 2180.91 4848.17
13885 1633.01 4064.05
13886 146.838 5484.4
13887 5812.06 3825.43
13888 3312.75 2631.18
13889 6473.95 6516.24
13890 4778.21 347.4
13891 5112.23 5776.21
13892 1103.28 3560.87
13893 1267.82 2697.07
13894 2592.49 5296.84
13895 4238.83 3063.6
13896 5064.33 703.46
13897 6247.27 1233.24
13898 1587.43 4578.84
13899 5554.83 731.331
13900 2424.7 4865.64
13901 1767.92 5213.67
13902 6228.35 5123.86
13903 4311.24 421.875
13904 4552.41 2980.16
13905 1010.05 245.841
13906 969.225 2177.76
13907 4358.85 6356.97
13908 2585.62 3110.46
13909 712.074 3767.07
13910 1134.3 4000.17
13911 5880.31 225.358
13912 489.326 5971.95
13913 3542.02 1093.16
13914 4245.16 3703.8
13915 927.862 1863.87
13916 1721.53 2601.16
13917 6468.42 3600.38
13918 6064.32 4231.63
13919 3673.46 6089.45
13920 4354.57 3846.42
13921 97.4539 1402.53
13922 4846.72 5176.07
13923 1341.52 1048.62
13924 956.616 1887.07
13925 3802.82 1873.37
13926 5667.37 226.627
13927 3914.37 4607.88
13928 4355.81 5538.31
13929 686.177 5197.08
13930 3621.08 6534.39
13931 1546.3 4842.78
13932 5440.89 2947.76
13933 1027.75 433.097
13934 3733.42 1765.21
13935 516.533 4121.08
13936 4877.33 514.197
13937 1234.79 4042.31
13938 5693.21 1943.24
13939 1525.08 4383.67
13940 4251.14 6354.11
13941 2000.8 3943.34
13942 408.889 4034.08
13943 1515.94 3837.26
13944 4824.89 4153.94
13945 1727.85 2543.56
13946 5134.98 465.579
13947 1566.85 4607.44
13948 6488.76 2381.23
13949 562.765 2558.17
13950 5551.97 4448.04
13951 1495.24 2500.93
13952 473.825 5717.31
13953 2980.53 3571.22
13954 1422.71 1297.4
13955 3349.46 1965.09
13956 1073.88 2249.35
13957 60.4438 3955.57
13958 496.272 807.587
13959 4459.29 1441.11
13960 3877.06 1201.58
13961 4560.81 2339.01
13962 5410.01 3665.1
13963 3769.65 5648.42
13964 5098.27 1967.68
13965 3923.44 2161.06
13966 5868.88 2170.99
13967 5704.62 3605.38
13968 1445.69 4079.72
13969 590.018 4955.7
13970 509.825 5914.17
13971 6390.49 1440.27
13972 5140.67 843.305
13973 5896.99 5020.24
13974 6021.4 3897.39
13975 1275.73 2820.27
13976 6297.27 5016.79
13977 1776.23 2798.37
13978 30.3816 4713.71
13979 4451.64 4477.2
13980 6315.65 4494.36
13981 5235.39 4765.14
13982 4867.89 4981.53
13983 6447.37 5588.07
13984 6080.3 4042.84
13985 4708.21 3946.01
13986 64.468 832.467
13987 2942.92 1326.49
13988 3656.67 2327.59
13989 850.046 181.496
13990 983.874 6248.31
13991 3519.4 2090.64
13992 6510.34 4685.54
13993 1131.77 4879.87
13994 670.459 5651.13
13995 2482.81 5847.79
13996 2177.75 5306.75
13997 5667.45 2342.08
13998 3948.37 5598.05
13999 2997.38 5637.63
14000 4919.27 1294.48
14001 5407.67 5073.7
14002 3268.18 2696.45
14003 2540.69 2415.19
14004 4208.86 6403.9
14005 4321.33 926.995
14006 5479.95 1158.17
14007 2327.09 3993.22
14008 6539.81 1592.98
14009 464.667 3970.61
14010 704.075 1515.22
14011 6250.81 818.013
14012 2342.09 1467.26
14013 4549.86 2604.03
14014 1140.87 6429.74
14015 5266.3 3900.46
14016 3819.22 2741.96
14017 35.3676 4702.33
14018 477.829 3814.7
14019 5076.53 154.74
14020 2758.54 76.3194
14021 1852.93 4864.55
14022 4738.02 4580.78
14023 4164.42 4582.53
14024 4220.78 1092.36
14025 3134.83 2228.54
14026 5490.33 2479.61
14027 2489.25 4790.13
14028 1943.01 4137.65
14029 6051.29 6360.25
14030 1897.26 1382.62
14031 6143.16 2018.57
14032 1661.69 3154.39
14033 5170.22 6508.89
14034 4504.43 4728.13
14035 1984.64 4651.76
14036 1388.07 4234.46
14037 3533.18 557.713
14038 714.942 2251.03
14039 2926.58 297.022
14040 3611.95 896.99
14041 4796.79 3915.55
14042 1056.74 3533
14043 4240.01 5545.56
14044 3824.44 1669.56
14045 6309.27 303.855
14046 3192.72 5000.49
14047 3292.95 1548.04
14048 4405.89 5778.58
14049 1472.33 5557.37
14050 3061.23 4195.35
14051 4656.05 4275.04
14052 2401.49 6033.55
14053 3384.83 1218.78
14054 2415.75 2224.08
14055 2522.44 6249.62
14056 4585.19 2303.2
14057 4381.97 1129.12
14058 5826.11 4688.16
14059 1719.55 3239.43
14060 4707.8 5624.84
14061 3734.88 1262.07
14062 1343.52 6499.44
14063 466.446 863.219
14064 2351.25 5808.92
14065 1130.84 2129.02
14066 181.882 1348.53
14067 565.303 2761.99
14068 3840.38 334.418
14069 1758.54 246.759
14070 4386.75 6436.11
14071 3518.11 1443.22
14072 2132.09 2502.53
14073 4576.09 6356.01
14074 4800.78 2206.34
14075 6027.52 4164.8
14076 1139.12 2537.07
14077 3065.17 4144
14078 4070.19 3018.56
14079 479.896 3096.26
14080 3834.51 3879.23
14081 5568.76 4623.13
14082 690.588 181.828
14083 1507.33 2276.4
14084 4378.4 2701.4
14085 4710.3 6123.56
14086 2715.94 4235.45
14087 4845.15 4578.89
14088 1523.67 4544.27
14089 5482.58 4151.6
14090 2405.56 657.213
14091 1570.22 5102.1
14092 1227.46 4093.61
14093 6144.32 6263.61
14094 1960.43 284.146
14095 4332.14 6057.15
14096 6444.89 1183.91
14097 5711.91 1969.16
14098 2467.7 6331.46
14099 464.348 3080.25
14100 4833.09 4121.97
14101 930.714 1975.78
14102 2867.88 452.161
14103 1912.21 38.4921
14104 1553.92 441.349
14105 4262.59 3786.78
14106 1637.56 3708.18
14107 1979.5 3541.3
14108 4932.13 4757.64
14109 1457.45 199.405
14110 1948.66 3702.88
14111 1925.38 2892.85
14112 4102.24 4120.23
14113 4260.26 5539.61
14114 1423.56 732.142
14115 5749.45 4569.11
14116 1702.55 1195.17
14117 5212.64 2543.91
14118 3646.02 1300.87
14119 1929.32 2359.38
14120 2448.69 3879.67
14121 5945.74 1267.19
14122 5261.17 1982.79
14123 924.389 2322.89
14124 3832.57 1416.16
14125 4409.74 4105.74
14126 3281.92 1047.73
14127 2380.53 1463.44
14128 1106.3 1080.31
14129 4319.94 1919.49
14130 4421.31 4425.11
14131 5963.85 2360.96
14132 3205.69 5132.47
14133 3792.45 2748.08
14134 4407.14 2667.46
14135 4456.73 5765.31
14136 2499.64 5753.79
14137 3571.34 1036.44
14138 6323.93 1108.17
14139 2603.51 5519.65
14140 6541.75 5390.54
14141 4164.42 4633.78
14142 2380.57 1959.36
14143 5452.59 460.341
14144 5852.9 2688.54
14145 1122.12 5404.54
14146 2243.5 5471.51
14147 564.554 408.209
14148 5654.63 3842.69
14149 6163.15 6466.97
14150 5781.1 3285.33
14151 5668.72 2111.76
14152 6263.75 3039.23
14153 3219.47 3071.65
14154 2133.53 1194.93
14155 922.323 4054.08
14156 3985.47 3436.49
14157 6480.46 3499.05
14158 1692.37 719.559
14159 2076.48 2151.42
14160 3222.91 3872.07
14161 4110.22 660.953
14162 2402.05 4941.73
14163 5879.69 943.593
14164 3628.74 5415.55
14165 4996.63 4450.12
14166 6351.18 3662.73
14167 4532.77 805.327
14168 5392.35 4363.56
14169 3599.29 3583.41
14170 2345.69 6236.64
14171 1009.04 5211.08
14172 1174.85 5128.37
14173 3040.6 175.408
14174 3356.49 5791.25
14175 6080.66 6495.24
14176 5107.5 4196.03
14177 4833.72 629.885
14178 4561.36 6515.29
14179 1098.22 3348.1
14180 4279.66 1665.14
14181 3126 3419.48
14182 3024.16 4177.37
14183 1929.56 5253.89
14184 2916.57 6321.66
14185 1093.38 1493.57
14186 912.353 1463.82
14187 2140.31 1860.04
14188 3117.54 3831.71
14189 5397.28 6011.79
14190 3534 3357.72
14191 5715.94 1826.14
14192 6461.05 4445.98
14193 1875.94 4306.73
14194 5982.49 4270.17
14195 4784.48 6019.63
14196 5561.38 975.107
14197 5519.58 3757.15
14198 2120.28 3428.94
14199 801.635 1938.29
14200 2842.46 1555.71
14201 2522.85 3500.48
14202 78.9793 4345.06
14203 3923.87 1994.65
14204 1843.1 5323.15
14205 98.0406 443.703
14206 869.935 2781.48
14207 1447.42 2773.63
14208 5947.98 2852.35
14209 936.753 5853.13
14210 3810.5 880.482
14211 6139.03 1239.28
14212 1816.63 4132.83
14213 6049.32 6196.02
14214 2104.99 3548.72
14215 1905.49 92.7227
14216 5147.24 5238.95
14217 3653.6 3917.79
14218 397.9 3992.64
14219 1846.68 5916.4
14220 5196.35 68.5941
14221 3650.89 2378.34
14222 789.638 1041.79
14223 1697.1 5736.42
14224 6437.28 4770.47
14225 3148.52 6483.76
14226 2440.37 2072.5
14227 4589.5 4772.68
14228 3553.6 3264.55
14229 2381.95 3767.94
14230 825.882 608.917
14231 5708.08 235.802
14232 5527.33 806.036
14233 4939.24 87.0621
14234 5558.7 3062.45
14235 3595.68 1571.7
14236 5447.2 5688.02
14237 5162.21 4724.85
14238 5193.1 1045.27
14239 2180.01 985.689
14240 4453.08 3128.96
14241 5750.99 5355.18
14242 5053.15 4091.26
14243 2310.97 209.092
14244 2302.62 5860.98
14245 3316.19 2228.34
14246 789.684 1873.5
14247 3150.44 2674.78
14248 3146.25 5246.57
14249 6025.04 2247.3
14250 3216.83 2000.99
14251 3524.05 2386.84
14252 3257.73 548.417
14253 5491.03 1659.43
14254 1100.18 1463.6
14255 3237.09 758.896
14256 3051.38 6062.84
14257 6396.53 3159.54
14258 5381.61 5991.61
14259 3215.5 350.435
14260 4240.46 6400.63
14261 3587.86 4981.14
14262 5717.99 4006.23
14263 1758.64 5902.95
14264 2123.94 2657.39
14265 59.3814 4592.45
14266 220.268 2706.67
14267 5591.48 5421.99
14268 4797.89 951.701
14269 6257.56 2584.34
14270 6047.05 4813.59
14271 3310.43 6020.77
14272 3474.6 4525.72
14273 5016.21 994.522
14274 1517.94 789.341
14275 1609.71 1396.48
14276 1806.51 2290.95
14277 1098.93 377.972
14278 3478.84 2509.46
14279 5604.88 1787.97
14280 5810.5 3883.38
14281 2687.63 3036.82
14282 4771.55 1044.12
14283 1327.47 6520.84
14284 361.55 3988.15
14285 3842.89 6431.48
14286 769.062 5366.07
14287 3307.42 5758.65
14288 2388.95 4854.59
14289 5116.47 3671.57
14290 4261.94 5647.12
14291 3988.51 2007.44
14292 5252.73 4297.51
14293 502.146 6078.53
14294 220.217 6213.81
14295 509.591 1125.91
14296 1170.76 4821.3
14297 2828.2 1734.76
14298 4246.11 5645.93
14299 5885.29 2126.17
14300 717.956 3260.5
14301 3962.99 1390.2
14302 4746.82 6323.98
14303 2576.03 500.761
14304 5494.24 189.316
14305 5735.34 4986.29
14306 5750 967.911
14307 593.931 4650.1
14308 77.3575 5958.5
14309 174.052 5098.7
14310 3760.43 1180.58
14311 1695.68 6271.31
14312 4775.92 377.763
14313 3122.84 3180.27
14314 4364.23 5295
14315 5174.33 4470.43
14316 1343.64 5744.83
14317 732.322 2273
14318 6207.01 3620.48
14319 4674.32 3847.75
14320 586.101 6307.36
14321 4717.34 3580.43
14322 2552.06 3603.45
14323 5488.55 5842.44
14324 107.676 131.402
14325 3259.45 6005.73
14326 346.723 5168.72
14327 5035.22 4326.92
14328 4214.48 6208.57
14329 2303.07 4772.98
14330 1812.47 5600.63
14331 3475.21 36.6071
14332 1409.04 2679.3
14333 3435.34 2947.02
14334 4140.51 4443.47
14335 2326.61 3308.97
14336 177.862 3792.38
14337 2000.18 4687.9
14338 3501.28 5356.46
14339 1800.44 6171.22
14340 1012.61 6484.74
14341 2539.41 1775.51
14342 5527.87 1846.26
14343 2548.17 954.708
14344 5265.12 2261.79
14345 6433.02 3823.69
14346 5875.52 4980.65
14347 3540.13 3944.41
14348 2932.55 3621.4
14349 6471.67 3164.4
14350 2600.94 120.802
14351 2784.62 6441.07
14352 2220.22 2832.78
14353 6304.55 3093.27
14354 3461.12 189.393
14355 2058.3 110.434
14356 2610.63 1529.23
14357 5784.78 6358.1
14358 1471.79 3869.82
14359 3327.69 4442.93
14360 3438.6 5112.59
14361 2977.74 5390.27
14362 3244.92 3526.89
14363 3868.3 5143.87
14364 3799.19 962.102
14365 3271.09 6254.75
14366 5663.87 2580.32
14367 251.404 3371.86
14368 6307.04 13.6321
14369 1239.55 3576.39
14370 4171.59 235.599
14371 4231.88 3644.32
14372 3675.04 2777.48
14373 3799.81 5660.5
14374 2936.89 1774.62
14375 991.652 328.872
14376 4963.34 3202.74
14377 192.798 4293.34
14378 840.303 3283
14379 5482.4 1067.35
14380 220.454 1050.25
14381 6352.48 1973.22
14382 2469.11 5692.86
14383 4748.62 4465.83
14384 3634.83 569.639
14385 3253.65 2834.93
14386 3926.86 747.1
14387 5053.8 3290.25
14388 6250 3782.71
14389 3874.73 3664.41
14390 6066.24 1562.77
14391 918.678 2412.82
14392 264.896 4833.78
14393 4698.8 857.515
14394 582.938 5671.57
14395 830.831 4378.46
14396 6177.91 5000.21
14397 5897.22 931.048
14398 3509.54 2992.54
14399 2242.84 3416.38
14400 1062.12 3777.32
14401 4317.93 5836.66
14402 5749.13 4831.49
14403 4133.84 1859.4
14404 1039.16 5870.92
14405 1748.02 3613.68
14406 794.775 4339.47
14407 309.938 5723.56
14408 6397.13 3484.98
14409 1564.42 2007.58
14410 6108.81 4883.09
14411 4997.55 380.37
14412 3910.49 239.578
14413 2776.76 3300.2
14414 420.161 699.046
14415 2218.61 4848.04
14416 5163.9 960.272
14417 2015.22 1267.83
14418 3464.25 4498.97
14419 3396.56 2008.19
14420 5917.43 1042.69
14421 2121.32 5396.01
14422 6225.89 600.055
14423 175.093 6064.22
14424 4820.39 1864.5
14425 3814.34 5790.23
14426 5991.31 1104.49
14427 743.635 2926.42
14428 3883.16 5355.35
14429 2531.04 6392.37
14430 2149.91 2052.64
14431 1737.32 1891.17
14432 4782.21 1808.51
14433 1129.82 3490.94
14434 521.169 4379.39
14435 1577.45 5102.46
14436 4062.12 560.203
14437 2235.47 6335.32
14438 5730.13 3420.88
14439 1636.36 3955.61
14440 5492.91 5782.36
14441 1511.26 5132.8
14442 528.407 3543.21
14443 5100.28 2158.82
14444 871.36 1438.04
14445 1701.24 1617.71
14446 3266.85 304.094
14447 1984.19 2247.12
14448 670.803 5329.91
14449 5095.73 4580.52
14450 1065.07 3146.6
14451 3391.91 1087.65
14452 504.861 2031.45
14453 692.151 4396.49
14454 3252.71 3115.8
14455 6077.96 5960.22
14456 3073.41 6513.13
14457 2145.67 4684.87
14458 6393.24 1994.67
14459 3540.28 4094.27
14460 3954.22 3951.55
14461 6344.43 755.316
14462 5779.93 5462.62
14463 2857.24 3996.31
14464 4606 4650.72
14465 6430.96 1076.4
14466 5438.24 3538.3
14467 3383.38 1554.84
14468 4786.52 6345.54
14469 2541.07 4301.26
14470 185.698 762.982
14471 6543.73 6058.9
14472 4041.95 2335.34
14473 2987.81 1254.79
14474 3525.67 130.99
14475 3030.7 3821.75
14476 5233.16 5633.09
14477 5915.5 4639.94
14478 2056.67 6543.21
14479 5667.84 5915
14480 6433.42 4573.54
14481 5433.13 400.917
14482 2181.28 3328.03
14483 2111.86 2819.96
14484 3361.53 3123.65
14485 2998.77 1561.97
14486 3175.11 298.678
14487 2553.52 2630.64
14488 4248.11 4002.85
14489 5234.38 5247.75
14490 3852.43 1833.12
14491 6245.61 328.292
14492 3681.03 2829.75
14493 5997.46 3265.01
14494 2948.09 2585.97
14495 6143.67 2331.93
14496 5852.16 1469.21
14497 5784.13 41.085
14498 4599.13 6396.32
14499 4097.54 6119.5
14500 240.361 5231.12
14501 1673.68 2029.14
14502 4852.26 3978.86
14503 4720.14 3745.62
14504 201.775 5326.83
14505 1330.52 2562.76
14506 4326.3 2753.67
14507 4771.52 5199.6
14508 1373.11 2276.98
14509 117.748 3031.62
14510 3599.02 2086.05
14511 4200.82 2642.4
14512 2318.31 4250.67
14513 4193.52 33.3898
14514 4001.72 3769.5
14515 5950.14 6341.05
14516 2200.03 412.725
14517 2374.27 3007.72
14518 6314.35 1069.08
14519 4885.92 570.083
14520 6026.59 2917.85
14521 2764.71 4406.11
14522 3360.31 863.521
14523 5838.11 2824.71
14524 4866.17 6009.97
14525 3533.31 6354.86
14526 5380.46 1448.7
14527 1793.24 5594.17
14528 5792.61 6502.61
14529 861.217 3763.67
14530 1177.31 6216
14531 5010.41 1725.95
14532 1589.22 4939.21
14533 3102.74 6245.74
14534 6404.71 5084.13
14535 5693.97 4833.72
14536 33.925 5441.11
14537 5782.63 1283.01
14538 2579.55 6044.21
14539 4610.28 3540.51
14540 4902.32 5510.46
14541 5663.9 2680.04
14542 3467.1 46.9976
14543 4691.02 2988.98
14544 5819.7 814.333
14545 4829.1 4749.66
14546 3134.7 6306.86
14547 918.388 1814.18
14548 3480.71 5215.31
14549 3611.11 5751.08
14550 2143.66 3700.18
14551 2072.21 331.423
14552 2780.5 6387.13
14553 1030.39 4431.8
14554 5523.84 4127.68
14555 4698.68 6299.31
14556 5663.47 1979.36
14557 5303.85 6543.57
14558 4524.13 4673.06
14559 1680.85 2204.69
14560 2442.72 228.215
14561 3913.54 5121.69
14562 5989.89 3749.04
14563 3786.47 1464.17
14564 3702.74 6087.33
14565 4746.1 760.334
14566 4597.75 5437.95
14567 3922.3 3555.35
14568 753.323 4450.7
14569 2673.95 1483.31
14570 6279.35 5719.15
14571 3485.47 6052.83
14572 6544.76 3521.19
14573 2749.31 2586.29
14574 164.584 712.221
14575 1493.21 3032.27
14576 1209.07 4251.26
14577 882.233 3399.97
14578 2536.5 3594.36
14579 4801.08 2063.15
14580 2405 1072.75
14581 155.8 904.685
14582 1039.14 5983.08
14583 1631.88 983.508
14584 5538.63 3742.62
14585 5590.72 318.121
14586 5546.18 5333
14587 3430.2 4664.47
14588 1553.01 5118.97
14589 2856.95 1340.22
14590 1027.05 1477.83
14591 835.161 1107.09
14592 4499.11 6401.56
14593 3639.06 5609.73
14594 870.446 3738.79
14595 1827.85 3823.44
14596 2008.13 2997.34
14597 4063.98 3841.69
14598 5168.71 513.422
14599 1418.97 1223.39
14600 4050.45 3274.68
14601 2166.66 3756.59
14602 5705.02 3909.53
14603 1389.61 5072.35
14604 3528.95 5770.14
14605 3149.57 4062.43
14606 4880.25 1955.32
14607 2647.83 1346
14608 2826.74 894.618
14609 3257.93 5237.99
14610 6297.45 4588.39
14611 5185.3 5541.88
14612 1355.8 439.073
14613 4167.21 4097.25
14614 4906.61 2854.41
14615 5417.21 2269.67
14616 3623.58 4046.66
14617 5451.18 6430.94
14618 3721.04 1911.57
14619 4831.45 5338.3
14620 417.556 5873.98
14621 1198.8 4859.8
14622 3666.76 6201.86
14623 2572.08 6360.74
14624 212.749 3935.25
14625 4250.46 1228
14626 5705.65 1674.9
14627 5369.67 5538.94
14628 3670.35 6536.25
14629 5758.12 6147.39
14630 1120.81 2530.45
14631 4672.16 5547.51
14632 351.023 5674.63
14633 1332.84 4701.82
14634 6179.26 5364.36
14635 3832.97 5871.18
14636 1965.95 2314.31
14637 3495.88 2229.25
14638 141.268 1049.96
14639 1839.31 5365.78
14640 4239.27 4606.29
14641 6359.96 5652.68
14642 4702.7 6212.85
14643 5983.37 2501.16
14644 4779.06 4272.17
14645 4891.65 5110.06
14646 3982 4696.94
14647 1217.56 4283.86
14648 428.284 4995.73
14649 2107.11 978.704
14650 1658.54 1134.3
14651 4844.96 588.784
14652 1791.82 535.712
14653 2070.37 3819.44
14654 104.844 5656.39
14655 1251.88 5410.22
14656 4443.04 1851.71
14657 2254.51 1440.64
14658 6098.33 1319.36
14659 3190.81 3151.53
14660 3901.63 3119.37
14661 164.346 2251.22
14662 2951.81 3529.92
14663 5898.74 3465.22
14664 6271.89 2573.02
14665 3488.49 2844.31
14666 1864.26 1838.61
14667 435.289 1041.86
14668 5828.48 4194.88
14669 2036.81 5661.92
14670 5976.41 359.451
14671 349.175 886.029
14672 6334.15 4988.58
14673 4471.25 3479.77
14674 5262.98 2344.57
14675 5207.97 6276.07
14676 18.475 949.636
14677 367.437 2942.78
14678 4539.21 4338.79
14679 4660.43 151.634
14680 2389.53 5852.55
14681 5053.5 426.949
14682 4877.24 5162.95
14683 1675.85 2347.74
14684 2637.85 2600.86
14685 2549.8 3410.86
14686 2912.21 2450.95
14687 2015.45 5596.88
14688 3058.43 5320.69
14689 715.114 3150.24
14690 5347.91 4985.66
14691 2944.31 891.629
14692 5942.3 6051.53
14693 6437.26 506.78
14694 1607.45 4193.97
14695 3792.56 1289.92
14696 2213.87 384.767
14697 1936.87 2312.87
14698 1190.45 5815.41
14699 1126.68 985.476
14700 1925.68 2685.8
14701 2998.78 2653.92
14702 156.625 984.54
14703 1575.84 1564.62
14704 1263.52 809.285
14705 5417.65 4447.14
14706 1774.7 192.398
14707 5978.63 5025.97
14708 509.266 4327.61
14709 4548.12 536.815
14710 512.826 1297.46
14711 3253.55 93.6286
14712 5532.67 765.563
14713 2164.59 3355.89
14714 1315.72 2113.18
14715 3801.46 1656.64
14716 387.826 6518.17
14717 3055.62 5476.8
14718 6213.04 675.826
14719 1231.21 6455.33
14720 2246.91 2295.04
14721 4949.4 461.922
14722 3603.15 3122.28
14723 6354.42 804.797
14724 3814.55 2325.39
14725 4364.62 5394.78
14726 4438.53 691.025
14727 2775.59 3953.39
14728 5207.66 3674.14
14729 4373.41 4071.61
14730 5971.51 1817.85
14731 2733.61 5821.52
14732 1473.84 4329.45
14733 4241.41 4665.83
14734 5816.13 5416.41
14735 5855.86 2693.03
14736 139.654 398.183
14737 2703.93 6147.95
14738 4526.97 1709.43
14739 2219.91 3529.48
14740 1458 179.361
14741 5110.61 2674.5
14742 180.833 1925.74
14743 756.872 874.457
14744 2646.55 6025.32
14745 3924.65 4257.65
14746 2509.97 507.903
14747 1322.7 1901.24
14748 2893.7 3095.6
14749 5506.14 4417.42
14750 3995.41 3024.39
14751 775.625 4519.22
14752 1884.87 3625.79
14753 1819.99 4143.21
14754 849.667 2007.16
14755 4696.61 6077.85
14756 1240.57 2028.28
14757 4504.82 3038.09
14758 936.665 3623
14759 2781.18 2943.73
14760 5801.92 4710.67
14761 5438.83 354.451
14762 1667.44 5515.39
14763 2422.45 5260.95
14764 6443.4 5715.61
14765 1093.24 6299.3
14766 2639.48 3368.34
14767 4560.4 360.847
14768 3913.06 1715.76
14769 4414.53 2405.92
14770 6514.53 2213.43
14771 84.836 1374.99
14772 6154.37 4679.14
14773 5825.19 877.68
14774 5108.19 2708.24
14775 5053.95 1622.8
14776 220.919 3753.75
14777 4933.27 2314.66
14778 6176.41 4449.59
14779 5862.98 2159.86
14780 6275.83 316.901
14781 3763.06 6250.92
14782 5659.47 6546.6
14783 1963.83 2584.46
14784 5991.27 5244.25
14785 1926.6 551.771
14786 2124.04 960.761
14787 726.437 4994.44
14788 3148.14 2677.39
14789 5120.03 4962.28
14790 3829.02 4280.08
14791 5621.9 3803.8
14792 3814.51 4096.47
14793 1419.02 763.405
14794 1724.84 1257.91
14795 2733.25 4955.72
14796 3483.92 6133.92
14797 194.896 4446.37
14798 2242.67 3086.88
14799 2275.25 201.743
14800 3493.28 1026.18
14801 3867.38 1939.56
14802 3824.89 2954.78
14803 1143.44 4002.96
14804 3716.35 3281.66
14805 3606.51 3159.2
14806 5359.74 6061.04
14807 2992.59 141.164
14808 775.15 769.438
14809 2586.97 4960.83
14810 654.687 2555.11
14811 1420.43 1325.37
14812 5269.65 4833.58
14813 792.09 79.6
14814 2675.54 2295.28
14815 5790.8 4127.2
14816 2169.79 1522.09
14817 3089.47 2917.01
14818 2659.22 3906.99
14819 5584.29 5209.99
14820 658.679 3272.18
14821 427.464 2944.75
14822 2426.08 120.958
14823 4815.41 5441.16
14824 3073.2 2517.76
14825 5545.11 1806.14
14826 5584.94 5340.84
14827 6495.68 523.056
14828 3060.23 3901.61
14829 2525.3 3437.5
14830 25.0537 5283.11
14831 4568.04 3904.9
14832 3558.13 3712.97
14833 416.079 4154.81
14834 2854.39 102.711
14835 4459.73 25.5517
14836 1133.57 4444.18
14837 4563.77 5753.24
14838 6297.82 3134.84
14839 3874.94 2655.43
14840 4614.41 5377.99
14841 5830.11 112.416
14842 4957.93 5245.26
14843 1372.49 3369.25
14844 1649 1180.49
14845 5398.38 1839.95
14846 4135.68 481.374
14847 5637.55 2733.08
14848 2774.71 3717
14849 383.934 6047.22
14850 2874.19 5404.8
14851 3886.02 4058.02
14852 2915.73 2182.49
14853 5919.74 1997
14854 1837.7 6344.17
14855 3701.81 4624.97
14856 2910.11 1754.59
14857 6542.64 6370.38
14858 1250.84 2611.58
14859 1281.1 5251.27
14860 2345.92 5891.95
14861 3551.96 3224.72
14862 5833.19 3541.57
14863 4894.52 211.063
14864 637.967 5774.7
14865 4640.07 4631.53
14866 4494.36 4425.05
14867 1171.21 4100.73
14868 3794.86 3931.02
14869 3144.89 2435.47
14870 4592.4 338.265
14871 5755.07 1000.85
14872 3655.17 3639.24
14873 1979.23 3215.43
14874 3058.8 427.025
14875 5503.82 2780.49
14876 813.342 5719.98
14877 5699.26 2790.44
14878 6016.32 5692.21
14879 6235.59 4508.95
14880 2910.78 1944.36
14881 3966.54 3339.66
14882 4797.1 5023.9
14883 2014.59 3308.08
14884 3934.44 5768.48
14885 1599.68 4435.62
14886 5863.53 5743.59
14887 1917.5 6040
14888 1029.09 4334.79
14889 2669.42 5082.65
14890 2977.96 3604.55
14891 3071.78 208.978
14892 286.524 882.378
14893 1283.5 3789.54
14894 4644.75 5213.04
14895 3207.11 1304.96
14896 5944.88 4374.8
14897 769.072 2629.51
14898 852.451 6334.6
14899 4111.33 4844.93
14900 1776.34 581.165
14901 2319.77 3285.71
14902 3150.06 5187.57
14903 1563.54 945.971
14904 181.542 1780.72
14905 3981.48 2059.12
14906 2208.84 4800.49
14907 3675.66 5972.02
14908 969.037 6471.95
14909 1032.99 1910.45
14910 5899.55 3726.02
14911 639.128 5563.34
14912 1048.08 3190.05
14913 1303.22 2973.27
14914 4444.92 5366.41
14915 3877.93 4492.25
14916 4797.98 5263.46
14917 3364.19 844.146
14918 1928.7 2184.38
14919 3122.31 3240.62
14920 3861.32 1024.13
14921 2818.62 2725.4
14922 5800.2 6547.48
14923 3955.56 1076.24
14924 180.788 468.436
14925 270.204 1753.71
14926 1980.08 6391.94
14927 5530.22 3333.98
14928 2420.01 6212.65
14929 2925.78 6191.43
14930 697.616 5219.02
14931 2341.83 79.2892
14932 3435.84 5198.63
14933 2574.84 2402.88
14934 808.996 5190.15
14935 5195.61 4927.65
14936 2814.17 5087.41
14937 3258.15 327.332
14938 2496.29 2123.29
14939 3148.03 3776.42
14940 2637.23 5446.85
14941 4195.26 1168.86
14942 3202.9 6474.59
14943 2871.76 5675.54
14944 1248.58 1904.89
14945 429.954 3363.54
14946 1662.3 4765.02
14947 6437.39 142.218
14948 5964.4 3743.28
14949 5804.14 5544.27
14950 1759.62 3739.62
14951 5278.5 5345.8
14952 2630.47 5524.17
14953 5697.65 42.8194
14954 1702.27 3119.07
14955 12.6185 4220.43
14956 3226.37 811.661
14957 6389.36 3244.72
14958 4508.82 6399.53
14959 2768.16 2868.96
14960 5776.72 3816.42
14961 5259.8 3441.76
14962 5643.04 6091.33
14963 490.145 3100.17
14964 5188.07 1406.39
14965 1395.9 5034.88
14966 1905.32 6209.95
14967 2077.95 4817.97
14968 3818.27 885.083
14969 3449.02 2249.19
14970 6097.41 5038.63
14971 1598.04 3584.9
14972 4143.12 4493.19
14973 3149.15 554.481
14974 4932.49 1108.72
14975 3117.06 4467.08
14976 492.385 3664.51
14977 4343.47 212.116
14978 6361.58 3940.57
14979 4242.75 6390.4
14980 5933.03 2237.23
14981 135.877 2037.5
14982 217.68 1522.02
14983 595.109 502.717
14984 1612.85 431.801
14985 5433.37 1704.8
14986 5730.05 220.841
14987 3452.6 1213.32
14988 3849.54 5772.92
14989 6408.72 3907.16
14990 3863.06 1302.5
14991 2196.84 242.106
14992 1565.07 6260.38
14993 2301.26 2392.68
14994 4716.29 2581.52
14995 2280.01 5059.06
14996 586.452 1878.52
14997 2181.21 2844.06
14998 5676.38 1164.56
14999 373.375 6379.51
15000 149.259 679.526
15001 2044.53 2567.54
15002 895.178 1628.52
15003 5293.46 2437.84
15004 1422.27 741.387
15005 4842.42 2295.56
15006 4805.47 6493.26
15007 3296.29 2718.94
15008 6225.67 3594.06
15009 262.914 25.2071
15010 4385.73 5218.79
15011 4875.98 1709.84
15012 1666.9 2992.96
15013 610.757 4129.09
15014 2465.21 5929.76
15015 480.491 2951.09
15016 4011.79 5752.55
15017 5821.79 1726.69
15018 4599.66 1947.5
15019 3307.11 1221.11
15020 1746.33 3591.52
15021 2849.54 2000.35
15022 4132.35 6349.74
15023 326.264 1554.52
15024 3771.23 3270.67
15025 5236.13 1370.46
15026 1284.49 6063.22
15027 2503.92 5745.24
15028 699.535 284.15
15029 6480.73 5539.13
15030 3294.45 4610.97
15031 325.167 3719.9
15032 6269.3 4479.6
15033 4960.83 762.006
15034 5580.11 5013.41
15035 1064.92 4557.51
15036 241.885 8.80869
15037 6106.73 665.706
15038 2525.61 4222.32
15039 4324.41 1777.43
15040 2449.34 5184.42
15041 1417.09 541.566
15042 2628.71 1213.71
15043 3234.88 4740.77
15044 4093.92 1721.31
15045 4686.27 4387.26
15046 6494.82 2500.27
15047 5725.65 6425.2
15048 210.401 4225.33
15049 145.242 2922.21
15050 5281.48 5956.26
15051 1758.77 6530.66
15052 5315.19 5006.3
15053 1383.91 1409.48
15054 6376.02 659.508
15055 935.32 117.151
15056 2438.15 3088.2
15057 4298.58 971.856
15058 895.974 5316.54
15059 4010.14 4589.21
15060 2679.95 4556.08
15061 1847.92 1043.19
15062 3088.17 2736.43
15063 1574.54 2791.32
15064 6466.56 3737.21
15065 5846.66 5250.92
15066 5057.39 2480.36
15067 1031.72 5754.55
15068 5418.76 3240.44
15069 5917.73 1233.52
15070 3935.71 5880.53
15071 966.058 163.649
15072 6538.82 5453.99
15073 531.384 3787.13
15074 376.541 601.592
15075 3803.33 4561.15
15076 3435.94 6024.47
15077 837.974 6463.18
15078 848.191 2772.23
15079 3634.65 2283.13
15080 3399.81 2452.63
15081 4566.89 5553.96
15082 281.778 2327.25
15083 542.085 4706.01
15084 1562.65 1642.78
15085 5314.97 1213.56
15086 1594.85 4513.62
15087 333.483 5183.61
15088 3849.21 1564.55
15089 1304.15 2106.02
15090 2867.97 2561.73
15091 6245.73 4020.84
15092 3692.29 1682.69
15093 644.406 5929.55
15094 5537.56 4154.93
15095 5171.97 4771.58
15096 3805.67 1241.22
15097 3216.26 812.063
15098 6553.32 4712.29
15099 2629.21 2613.02
15100 6034.62 3442.67
15101 4562.97 5010.37
15102 2183.83 1438.45
15103 6031.22 4695.34
15104 4820.22 1982.46
15105 3552.15 2724.69
15106 5710.93 4338.27
15107 32.4523 2503.36
15108 4456.59 6376.37
15109 1470.8 2115.5
15110 4685.2 863.399
15111 55.6787 3057.43
15112 3480.99 6229.07
15113 1159.39 2527.88
15114 5968.32 1752.87
15115 567.087 6020.32
15116 939.007 3705.27
15117 4661.87 2707.01
15118 3312.28 2531.84
15119 2413.39 2078.04
15120 1245.99 5711.14
15121 2380.64 1715.77
15122 4644.76 3422.47
15123 1848.96 1915.4
15124 1031.69 5930.59
15125 4100.33 1246.27
15126 2484.18 1841.38
15127 2184.42 3774.68
15128 5508.9 5029.42
15129 2876.45 1918.15
15130 1795.83 2332.69
15131 1337.08 6089.62
15132 4105.04 1964.12
15133 1092.16 314.842
15134 4033.34 6128.48
15135 4192.22 5033.46
15136 1773.78 2041.64
15137 2686.88 5293.03
15138 2825.63 3148.04
15139 4879.21 2902.65
15140 6517.69 1374.95
15141 760.264 2103.33
15142 4122.86 3652.39
15143 1094.34 5959.07
15144 1371.43 4725.42
15145 6109.62 5866.82
15146 4060.81 1988.54
15147 6146.75 6372.94
15148 3322.81 5795.15
15149 5563.11 4397.56
15150 3538.73 5059.21
15151 3494.66 5233.18
15152 5802.34 3736.32
15153 5533.02 1736.25
15154 5063.53 5631.31
15155 5432.57 2590.35
15156 3313.23 842.165
15157 482.577 5902.65
15158 5478.38 3370.62
15159 5265.76 1700.42
15160 560.154 6294.75
15161 2039.1 5443.35
15162 1510.21 6324.7
15163 1235.91 3212.33
15164 1819.7 5400.14
15165 5102.81 2044.99
15166 200.038 109.073
15167 1378.51 5558.82
15168 1443.42 4727.97
15169 1135.79 3680.62
15170 5349.72 1092.86
15171 2320.77 5753.75
15172 2925.36 4521.73
15173 1526.13 3306.13
15174 6103.91 4627.79
15175 6357.66 154.68
15176 5057.5 4734.04
15177 5596.2 1263.2
15178 103.957 2018.22
15179 4693.82 4208.56
15180 5758.09 3078.61
15181 4070.68 2072.26
15182 6261.02 4817.04
15183 5728.97 4377.1
15184 2096.27 3258.3
15185 21.1393 2812.23
15186 3593.8 6012.56
15187 3711.59 2399.3
15188 3667.76 2722.39
15189 1675.46 3710.07
15190 530.292 3690.25
15191 5827.75 4378.33
15192 4826.74 3590.07
15193 3766.13 1140.89
15194 6363.44 3398.46
15195 1489.25 2588.47
15196 5832.22 1530.49
15197 2363.23 3926.17
15198 4969.45 3929.84
15199 1922.91 5490.05
15200 4601.44 4936.41
15201 2373.35 4932.29
15202 4979.98 5716.87
15203 5618.6 3103.33
15204 2726.75 5057.46
15205 4933.76 861.076
15206 407.885 5486.08
15207 51.7987 3872.9
15208 5275.22 5261.66
15209 5337.86 6535.55
15210 4812.36 2902.51
15211 2088.34 2015.58
15212 2156.13 6469.49
15213 2467.96 2923.75
15214 2638.96 4164.06
15215 1967.05 4757.85
15216 212.104 1877.28
15217 4096.48 4391.23
15218 5933.92 3761.49
15219 1907.09 5618.84
15220 1394.52 462.591
15221 5922.05 6487.34
15222 5211.25 65.4372
15223 3625 1026.59
15224 4651.25 1984.44
15225 5068.72 980.742
15226 4967.28 5.71726
15227 4832.13 4897.82
15228 1156.81 2440.83
15229 5520.98 5177.39
15230 4408.24 1449.3
15231 5240.28 5608.39
15232 5878.6 3276.31
15233 614.352 2140.83
15234 5756 196.388
15235 4185.79 6454.26
15236 486.588 860.966
15237 4189.16 5679.01
15238 6407.82 268.462
15239 6213.47 990.403
15240 5703.75 300.613
15241 6420.09 4599.53
15242 3391.37 1240.24
15243 6333.21 5286.54
15244 1424.7 6021.95
15245 4619.39 4896.92
15246 3425.94 994.365
15247 1001.51 6083.91
15248 5490.14 4331.91
15249 4893.89 4280.91
15250 3938.94 5268.79
15251 3796.94 2239.08
15252 529.082 528.063
15253 6508.54 297.831
15254 2306.13 843.925
15255 405.979 2400.8
15256 2372.01 4916.78
15257 5682.99 4903.33
15258 5776.21 2641.68
15259 5886.02 4619.86
15260 5388.81 106.804
15261 3159.73 1312.2
15262 6163.73 2152.67
15263 5229.53 5397.66
15264 1376.16 1906.47
15265 5560.35 2096.32
15266 2720.72 4190.56
15267 4888.77 5842.31
15268 1751.42 5988.18
15269 1626.06 5410.67
15270 739.716 1154.59
15271 2626.96 961.248
15272 6343.97 2163.14
15273 5155.57 2787.06
15274 5292.01 3372.74
15275 4590.38 5463.98
15276 1794.83 3413.7
15277 4322.73 5681.19
15278 5423.92 6517.63
15279 2913.95 140.537
15280 1234.44 5965.64
15281 186.216 3831.78
15282 184.59 5208.5
15283 3607 3882.95
15284 3974.67 2233.9
15285 5700.34 1579.6
15286 4596.19 330.896
15287 1161.91 5285.29
15288 5736.28 3594.56
15289 4821.48 6391.74
15290 1581.87 778.788
15291 3266.69 4397.64
15292 5800.66 5516.11
15293 6171.41 4031.61
15294 4909.48 1367.67
15295 6329.41 3527.23
15296 4480.6 4975.2
15297 3180.11 252.734
15298 113.743 1606.71
15299 400.227 2396.26
15300 4691.55 1161.62
15301 6170.69 5001.25
15302 5046.34 1917.2
15303 392.649 2196.63
15304 3404.67 2933.74
15305 4430.58 4526.07
15306 2676.51 885.98
15307 3337.46 5894.93
15308 3994.5 1273.68
15309 5602.3 1418.24
15310 4796.34 3288.6
15311 2175.94 1666.05
15312 2184.07 6018.63
15313 6484.13 6347.52
15314 2182.59 6206.49
15315 5111.91 3963.36
15316 5979.01 6179.01
15317 5666.81 868.791
15318 978.379 634.272
15319 3065.61 5002.79
15320 17.0792 2709.16
15321 1990.23 941.395
15322 2824.23 5093.37
15323 840.546 5787.04
15324 4770.32 4946.66
15325 4252.91 4515.85
15326 2506.68 158.303
15327 3304.18 1784.88
15328 6426.54 5337.04
15329 5835.85 6108.58
15330 3582.96 3570.86
15331 3202.69 4976.77
15332 3685.4 4106.01
15333 2822.42 2412
15334 3383.03 2041.71
15335 4415.49 1743.43
15336 368.084 1115.61
15337 5737.6 1040.61
15338 5138.85 5365.28
15339 4221.16 1913.04
15340 6109.66 1092.29
15341 5516.31 1822.85
15342 3877.34 4489.81
15343 5977.83 438.525
15344 2104.5 3571.81
15345 6317.37 1432.5
15346 510.277 861.518
15347 2767.17 2624.23
15348 5435.46 6415.26
15349 6347.6 4040.03
15350 1007.82 5467.55
15351 3088.79 1644.83
15352 3583.06 1917.52
15353 4841.07 4838.79
15354 6081.46 3576.89
15355 2174.86 3239.35
15356 1809.98 1203.03
15357 1881.91 4607.35
15358 4337.78 923.289
15359 4270.85 125.237
15360 3434.61 672.276
15361 6332.06 1192.51
15362 1226.19 5077.49
15363 163.392 3170.25
15364 1604.22 6519.36
15365 2409.01 5595.15
15366 1469.5 340.308
15367 2721.5 2112.87
15368 5073.71 4488
15369 903.39 3260.05
15370 2628.83 3069.99
15371 1405.04 6018.64
15372 2033.76 319.496
15373 2509.44 971.255
15374 5475.24 3149.12
15375 5033.43 3167.49
15376 1536.2 2832.08
15377 2394.96 6552.03
15378 4962.9 2564.12
15379 733.519 2608.1
15380 688.684 2456.21
15381 5167.29 4732.34
15382 3432.22 2592.9
15383 1053.03 3128.71
15384 5551.07 1727.38
15385 2654.17 2000.19
15386 3360.07 854.562
15387 161.876 5664.54
15388 809.21 3346.55
15389 291.411 1225.16
15390 6171.7 5158.78
15391 4239.9 653.47
15392 4219.57 1654.7
15393 2307.96 4140.16
15394 4773.26 4289.67
15395 4404.22 2364.96
15396 2686.17 5017.89
15397 5849.59 3369.01
15398 2610.78 3464.92
15399 6117.57 3570.15
15400 4512.55 4600.44
15401 514.214 3696.16
15402 1439.55 5848.75
15403 3765.46 978.82
15404 607.278 5634.68
15405 5082.36 4600.4
15406 5056.65 2456.72
15407 1739.5 3265.31
15408 4909.62 6341.48
15409 501.336 5428.3
15410 5640.71 844.003
15411 5967.09 4022.3
15412 3315.54 5225.12
15413 3260.67 6356.87
15414 363.067 1133.75
15415 5374.38 3309.7
15416 5672.53 5318.93
15417 3341.07 5112.79
15418 1464.43 2365.69
15419 1546.77 4100.46
15420 4745.73 4923.54
15421 2969.81 5996.37
15422 4425.81 5921.92
15423 2594.06 3464.4
15424 6502.04 2954.1
15425 4015.3 2330.24
15426 5015.94 2088.41
15427 6546.23 5403.61
15428 5263.93 4001.8
15429 1371.3 1440.59
15430 5133.41 4110.62
15431 3644.41 5761.91
15432 3891.94 6004.34
15433 3857.95 4913.8
15434 3083.86 2189.64
15435 4431.41 2722.05
15436 3858.94 3425.44
15437 359.068 4632.77
15438 6370.33 2633.54
15439 2166.8 3879.67
15440 5794.29 4242.12
15441 553.61 5045.73
15442 4344.39 5430.64
15443 3470.97 5011.11
15444 2812.02 2517.75
15445 1561.25 1776.65
15446 6505.75 3806.9
15447 280.884 1129.21
15448 2700.97 4052.3
15449 5772.99 3913.96
15450 625.439 5685.94
15451 6005.55 1275.93
15452 5150.14 1491.44
15453 5640.89 4941.44
15454 2737.39 3854.15
15455 3787.41 6136.87
15456 266.494 711.696
15457 3401.67 187.953
15458 1220.62 2450.55
15459 74.3739 3589.52
15460 3540.8 3863.68
15461 3913.43 3780.76
15462 5283.04 2689.94
15463 5298.16 1042.19
15464 3897.17 4255.71
15465 1765.5 2783.4
15466 3407.96 5109.33
15467 57.2035 2505.12
15468 6439.45 4877.49
15469 5882.38 2495.66
15470 5861.19 1691.53
15471 749.615 5704.15
15472 552.966 590.322
15473 6415.47 4098.25
15474 1484.18 969.858
15475 2879.99 1898.38
15476 1620.05 2280.71
15477 5504.94 539.928
15478 2940.58 2033.53
15479 2232.77 5092.12
15480 4925.52 3875.76
15481 5748.98 5689.98
15482 6127.17 4155.53
15483 2749.45 2661.62
15484 4185.67 499.109
15485 2049.46 792.646
15486 3392.1 2223.64
15487 435.509 5156.06
15488 2549.62 6452.82
15489 3798.27 3204.52
15490 5521.8 809.631
15491 1019.26 2722.07
15492 2956.79 523.438
15493 3092.41 4463.57
15494 2472.26 3002.63
15495 5741.42 2287.17
15496 2239.69 6342.9
15497 2811.01 2374.45
15498 1573.01 4038.8
15499 61.6683 3271.73
15500 4547.36 3698.45
15501 2612.33 3060.36
15502 3426.93 4818.66
15503 4775.66 590.925
15504 2551.07 5629.74
15505 5879.43 5671.87
15506 1512.5 4167.38
15507 2271.75 4438.23
15508 3207.09 2950.31
15509 1383.89 3165.54
15510 4646.84 1743.47
15511 4960.39 2009.75
15512 4051.79 1067.66
15513 4374.36 3661.21
15514 3567.33 2827.15
15515 4193.04 2460.4
15516 1521.73 41.1417
15517 6282.53 5626.48
15518 5908.31 1995.72
15519 5695.33 6164.28
15520 4338.29 2366.28
15521 6293.18 4841.37
15522 1927.02 1453.37
15523 5909.46 799.573
15524 383.351 1221.17
15525 324.498 5984.12
15526 4747.08 5648.07
15527 5486.78 673.015
15528 3421.05 4194.05
15529 5530.62 5589.48
15530 4555.31 717.276
15531 6218.22 111.471
15532 6068.15 3443.95
15533 1127.71 6137
15534 3608.82 6298.14
15535 733.682 3214.44
15536 3606.52 5500.58
15537 2775.68 3622.51
15538 3580.79 562.491
15539 6264 788.134
15540 2476.53 2711.61
15541 5731.43 4108.68
15542 5771.01 2447.53
15543 4808.45 5956.65
15544 4864.69 3776.9
15545 4332.05 4915.63
15546 3881.45 3800.63
15547 996.425 4424.67
15548 2381.39 1182.17
15549 2336.17 4205.63
15550 449.445 2938.83
15551 4751.16 5983.12
15552 6072.1 2333.82
15553 390.851 6435.61
15554 3812.91 4648.07
15555 5340.76 4492.88
15556 3687.59 277.558
15557 3535.23 460.991
15558 1049.39 708.144
15559 1613.48 271.301
15560 1760.45 3543.17
15561 5287.44 3104.31
15562 3442.43 1024.04
15563 344.397 5752.82
15564 409.232 3674.66
15565 1762.07 1686.3
15566 909.76 499.423
15567 5774.14 4655.85
15568 541.413 776.938
15569 5712.92 2887.75
15570 5997.35 4545.1
15571 4948.21 6181.89
15572 5760.72 4024.45
15573 1930.48 5593.28
15574 4504.93 6197.09
15575 1015.01 82.1649
15576 3135.69 910.892
15577 192.908 1626
15578 4409.38 2703.27
15579 1882.08 2292.48
15580 6516.32 1083.54
15581 6036.61 2056.85
15582 1884.55 933.546
15583 2935.08 5710.01
15584 1947.36 6300.33
15585 4092.24 6094.28
15586 5274 653.963
15587 3642.74 1938.35
15588 3626.03 6099.34
15589 6192.51 4740.16
15590 5595.85 943.51
15591 5256.34 3106.39
15592 2335.42 5400.96
15593 5341.99 1043.29
15594 1719.83 6406.05
15595 811.447 509.719
15596 1183.59 6046.32
15597 419.545 5177.08
15598 4817.47 6008.48
15599 302.876 2624.61
15600 1217.73 4189.03
15601 3522.98 2454.19
15602 3308.37 5980.26
15603 2951.87 400.571
15604 5937.28 6085.39
15605 388.891 280.448
15606 5567.98 305.998
15607 65.5963 72.2065
15608 2638.46 389.518
15609 5212.74 4868.69
15610 1368.04 5550.13
15611 2659.76 3079.31
15612 5769.31 1454.33
15613 3048.85 1416.98
15614 4056.4 4064.27
15615 3696.67 6510.89
15616 6287.88 6210.3
15617 3493.38 6520.09
15618 213.912 5912.59
15619 2819.19 5734.92
15620 4595.51 5241.7
15621 88.2 1070.53
15622 4302.82 38.6419
15623 2624.05 5566.3
15624 5854.12 6515.28
15625 4080.55 3826.52
15626 6298.23 1741.79
15627 5238.46 3061.66
15628 865.703 5349.25
15629 1151.48 923.062
15630 1940.73 317.128
15631 543.987 4237.76
15632 5334.36 1424.21
15633 5084.13 1787.66
15634 4510.98 4536.89
15635 1694.7 312.928
15636 92.3886 3127.94
15637 840.259 5455.41
15638 2825.92 4432.53
15639 2571.43 5379.99
15640 1760.3 6122.55
15641 1208.5 4608.52
15642 1035.44 4867.64
15643 2918.93 4699.57
15644 3735.3 2805.73
15645 6405.06 647.357
15646 2438.46 6083.5
15647 2961.5 5561.02
15648 4587.18 4333.13
15649 6029.33 1871.14
15650 2544.19 4778.05
15651 4218.38 412.773
15652 6003.57 5660.52
15653 3271.82 1384.93
15654 5389.65 4007.28
15655 3347.31 5657.44
15656 2151.34 1622.21
15657 1681.35 4297.74
15658 3092.82 54.3716
15659 302.287 3816.76
15660 5578.25 11.93
15661 1999.45 5755.85
15662 1562.94 3433.04
15663 1662.56 5171.07
15664 693.972 2424.08
15665 1900.76 4479.33
15666 9.07616 889.254
15667 1108.58 5554.33
15668 4734.34 5029.49
15669 969.485 2730.8
15670 435.105 1124.5
15671 5912.7 4342.16
15672 1823.64 3490.28
15673 1482.96 5827.71
15674 4711.82 4375.99
15675 5671.64 2155.23
15676 1376.29 3538.12
15677 4768.64 253.731
15678 5528.82 211.025
15679 6217.07 5203.32
15680 6326.85 640.251
15681 5158.96 3023.64
15682 5004.06 2629.03
15683 4325.29 702.981
15684 2490.71 727.592
15685 474.933 6218.89
15686 5718.49 40.0718
15687 2318.13 3310.87
15688 1433.55 1659.26
15689 2577.72 3599.05
15690 4951.38 1078.23
15691 851.644 1722.25
15692 3893.4 3014.25
15693 4381.2 4934.25
15694 3792.11 6140.92
15695 3628.73 2570.2
15696 5494.07 2270.6
15697 2518.1 1327.58
15698 2715.95 683.738
15699 198.298 4355.07
15700 5207.77 2226.57
15701 3258 4427.62
15702 58.7095 2884.16
15703 2800.46 2016.13
15704 428.201 3753.02
15705 6220.44 4450.11
15706 548.597 4118.59
15707 3364.58 4836.56
15708 3202.51 152.478
15709 1276.99 2429.47
15710 3905.56 3840.32
15711 2352.07 132.072
15712 2224.95 4644.37
15713 4180.96 1026.64
15714 3462.96 2234.57
15715 1981.43 6433.36
15716 2958.51 467.577
15717 6308.69 5370.53
15718 2888.6 4310.74
15719 4953.18 4566.33
15720 6163.56 4177.6
15721 3352.47 4177.23
15722 927.976 3333.22
15723 2355.53 5613.34
15724 1197.07 3210.09
15725 5319.04 5791.29
15726 6286.25 5007.02
15727 1393.96 3566.43
15728 342.05 432.143
15729 2785.49 2913.19
15730 4189.41 1686.32
15731 2374.24 6166.55
15732 1771.1 6313.02
15733 5703.52 6263.35
15734 6411.11 5016.17
15735 3707.43 1358.28
15736 12.0381 3595.6
15737 4297.78 690.566
15738 2102.8 5043.89
15739 4184.77 437.521
15740 3589.35 4575.59
15741 2738.59 506.765
15742 5159.78 4958.79
15743 2298.16 4363.34
15744 2628.03 2114.04
15745 1972.14 671.8
15746 3037.22 2805.35
15747 2493.74 5848.74
15748 1020.21 5176.4
15749 1966.43 2963.83
15750 628.93 5042.9
15751 4134.65 4531.37
15752 5623.06 6371.87
15753 5917.55 3295.82
15754 5732.1 2867.78
15755 3249.45 30.4162
15756 4798.57 3411.44
15757 3306.03 56.3832
15758 3879.12 4887.3
15759 649.066 3168.95
15760 1870.65 2072.25
15761 6482.87 2002.62
15762 1418.77 2171.92
15763 1546.47 590.772
15764 6138.91 2244.73
15765 4085.13 4681.24
15766 5730.29 1524.38
15767 3925.51 3904.04
15768 5344.34 3350.05
15769 4454.42 3430.32
15770 2808.49 4100.91
15771 237.881 2639.44
15772 1613.29 869.051
15773 1528.1 4603.16
15774 4517.13 4076.37
15775 3653.11 2514.4
15776 2048.78 6521.92
15777 3475.31 106.13
15778 517.059 3947.95
15779 5891.05 540.881
15780 4670.4 4489.27
15781 3611.06 5561.27
15782 5471.23 1321.66
15783 4417 5033.74
15784 5732.84 260.17
15785 3124.29 3299.69
15786 3776.32 6005.57
15787 1130.56 1160.47
15788 3816.8 2007.68
15789 747.972 4921.64
15790 1548.85 1803.47
15791 933.115 5372.55
15792 659.185 109.374
15793 3682.05 2987.42
15794 1003.14 2711.05
15795 64.9617 5977.24
15796 2719.03 1234.26
15797 6273.23 1245.89
15798 4608.08 4729.44
15799 721.698 6356.68
15800 2716.82 841.271
15801 3032.07 4500.95
15802 6167.58 2492.9
15803 4093.74 5671.7
15804 4298.63 4972.55
15805 756.611 1715.01
15806 4009.32 384.996
15807 3053.15 2311.54
15808 3901.4 621.217
15809 6040.84 1668.93
15810 5252.92 1117.16
15811 2320.05 3537.56
15812 4573.66 2012.13
15813 3054.78 5322.96
15814 4399.36 4192.87
15815 3173.08 5698.02
15816 5542.26 1792.78
15817 4838.07 5402.95
15818 2234.49 4169.06
15819 4663.4 4456.25
15820 4525.83 4758.97
15821 2329.71 6173.04
15822 3573.03 3158.55
15823 1329.82 4114.81
15824 2500.5 1936.85
15825 4376.58 4254.48
15826 166.323 6379.9
15827 218.093 6501.47
15828 3232.3 4725.46
15829 149.452 450.755
15830 848.478 126.382
15831 390.982 3351.56
15832 2457.54 1638.26
15833 760.692 4242.32
15834 178.714 1229.62
15835 3726.59 279.007
15836 3713.87 6220.65
15837 1020.51 48.2804
15838 4697.14 4841.62
15839 681.717 5825.52
15840 410.861 3400.5
15841 5090.51 6519.34
15842 5847.43 2096.89
15843 1297.62 130.989
15844 1676.32 5296.67
15845 2370.62 6064.16
15846 4472.93 1000.45
15847 3052.91 2934.03
15848 4106.49 656.875
15849 571.128 4906.97
15850 1656.73 915.966
15851 2715.81 301.577
15852 3299.51 3341.02
15853 1595.9 537.468
15854 5068.37 1496.05
15855 6369.61 5025.26
15856 4498.83 2856.87
15857 2332.71 6140.83
15858 6217.73 404.951
15859 4134.3 3934.99
15860 5626.45 3723.32
15861 747.379 4075.64
15862 2941.78 3405.48
15863 2849.32 3884.1
15864 1201.45 4296.85
15865 4548.77 1064.27
15866 1981.53 1145.15
15867 4735.01 1343.13
15868 1039.77 4788.72
15869 6426.66 5283.79
15870 4334.52 1127.26
15871 2979.55 4545.75
15872 2613.35 2697.75
15873 1280.82 5470.12
15874 5581.3 3325.88
15875 1936.28 1887.1
15876 2153.18 4837.02
15877 324.511 2370.79
15878 3993.06 4218.16
15879 5724.61 4667.74
15880 1210.4 1880.64
15881 4395.5 5466.65
15882 4187.41 1374.46
15883 283.857 5249.86
15884 4716.28 8.75439
15885 2988.12 3008.82
15886 1661.92 2193.5
15887 4079.1 1111.84
15888 2639.59 801.284
15889 1875.05 5808.51
15890 4697 3099.2
15891 4702.52 1195.92
15892 678.58 3412.91
15893 3085.01 3080.62
15894 2311.88 4345.14
15895 3977.48 4166.28
15896 5727.91 3188.21
15897 2262.39 2710.97
15898 5274.78 3499.15
15899 2720.26 5446.58
15900 3065.47 782.564
15901 2946.67 4045.72
15902 6534.92 1312.31
15903 3022.39 390.36
15904 1590.67 2059.97
15905 1916.11 1068.91
15906 1502.34 3879.89
15907 3739.1 2600.91
15908 6190.14 833.241
15909 2174.48 5743.25
15910 5415.78 2396.79
15911 346.452 1915.84
15912 5943.28 268.396
15913 4743.76 1967.12
15914 245.697 2118.39
15915 4436.83 1804.53
15916 2128.67 5227.12
15917 743.2 4958.95
15918 1023.2 6010.66
15919 4579.61 3152.52
15920 1539.89 584.656
15921 3742.73 5596.95
15922 5113.01 6153.56
15923 6179.15 3841.6
15924 5536.47 5365.96
15925 3379.8 3187.04
15926 912.696 381.27
15927 3018.49 1001.49
15928 4374.98 3909.01
15929 2832.23 5111.17
15930 5818.08 533.414
15931 163.542 902.186
15932 4890.31 4314.07
15933 5728.04 3258.85
15934 6481.78 1023.2
15935 3243.29 464.279
15936 937.088 1365.38
15937 1898.72 6388.24
15938 1991.24 3118.99
15939 2659.34 6189.67
15940 937.133 4997.11
15941 5067.49 3399.45
15942 4828.38 5474.4
15943 1619.1 3545.44
15944 1717.33 5304.16
15945 4431.29 2025.88
15946 2698.24 580.372
15947 1433.6 1995.37
15948 6350.89 3427.42
15949 466.868 4858.64
15950 5305.05 4133.23
15951 4328.96 831.906
15952 1022.53 576.434
15953 4839.34 5785.09
15954 750.763 344.497
15955 5054.94 5538.82
15956 4052.6 2836.61
15957 2822.99 337.366
15958 1726.56 809.727
15959 2025.8 673.459
15960 4253.81 3202.21
15961 5623.7 5166.7
15962 4856.75 4858.49
15963 2162.07 4746.06
15964 6280.32 2795.07
15965 1170.9 733.545
15966 821.472 4526.18
15967 2446.34 4862.95
15968 1255.29 5973.31
15969 828.892 5999.08
15970 1445.07 4208.51
15971 1297.66 5656.37
15972 1339.17 2804.41
15973 2400.48 1539.28
15974 6108.76 5101.68
15975 5369.74 515.716
15976 3091.42 5382.29
15977 387.157 2762.9
15978 699.955 4934.11
15979 3873.59 4097.18
15980 393.119 1305.52
15981 675.166 1680.58
15982 6509.49 2510.18
15983 1198.09 3288.99
15984 2743.1 1422.55
15985 2204.56 2586.33
15986 644.286 6354.59
15987 6435.73 4586.15
15988 4034.13 5408.77
15989 2120.12 3901.64
15990 146.677 2074.8
15991 4457.37 2662.4
15992 3155.44 1658.56
15993 5795.35 1863.57
15994 2449.64 2205.71
15995 3361.81 5462.73
15996 1212.56 6416.49
15997 4980.96 3634.68
15998 4104.78 6291.29
15999 661.2 4804.99
16000 2329.7 2505.76
16001 2376.26 1181.15
16002 5466.33 1842.39
16003 5498.17 2694.82
16004 6019.9 5134.11
16005 1741.69 4449.66
16006 5907.28 674.584
16007 2282.06 765.282
16008 4486.48 5237.09
16009 5815.18 5001.27
16010 1385.63 2506.23
16011 4506.39 1549.97
16012 2365.93 5288.48
16013 2678.4 1028.51
16014 5547.77 2874.76
16015 769.204 4641.01
16016 1138 4290.3
16017 2711.04 3445.96
16018 2016.02 4965.26
16019 5671.58 2290.79
16020 6190.36 5430.41
16021 5925.83 1132.63
16022 1046.38 3712.47
16023 2104.38 5167.86
16024 4150.84 1541.17
16025 5382.44 1582.38
16026 2590.52 2200.35
16027 5192.43 127.994
16028 990.748 2370.01
16029 6008.54 3452.56
16030 5960.76 2282.22
16031 4480.91 1719.19
16032 3380.49 5186.11
16033 2212.88 2093.47
16034 4630.35 6470.16
16035 2496.77 6051.25
16036 5069.96 4817.7
16037 4184.5 101.674
16038 6157.3 4569.15
16039 5028.88 5847.84
16040 4645.82 2836.17
16041 423.943 1970.5
16042 2529.92 3627.76
16043 5494.66 1273.43
16044 1448.37 1612.88
16045 2609.18 557.045
16046 3009.88 6070.18
16047 4850.58 1905.79
16048 2792.27 1577.29
16049 2099.59 2414.25
16050 873.086 1637.53
16051 2997.93 4443.4
16052 2760.15 3832.31
16053 3414.87 5094.03
16054 296.314 4981.39
16055 4232.98 3172.1
16056 5004.33 2227.89
16057 2294.18 3618.08
16058 3387.17 3236.73
16059 6485.86 623.683
16060 2776.51 3068.66
16061 1710.25 3392.07
16062 2275.75 531.78
16063 5293.07 1061.4
16064 5956.77 4168.99
16065 130.224 3363.35
16066 3995.41 848.511
16067 1797.9 813.628
16068 3739.65 2453.61
16069 5876.9 4648.74
16070 805.119 944.106
16071 5602.57 2906.28
16072 3681.69 4052.67
16073 2245.19 4527.67
16074 857.788 4438.93
16075 4791.05 2824.31
16076 2070.53 3633.87
16077 3759.93 4848.32
16078 3403.27 451.963
16079 1485.32 5147.57
16080 1519.82 286.815
16081 1381.33 5258.75
16082 341.8 1223.15
16083 801.889 2971.59
16084 3701.3 1982.55
16085 2437.8 5912.99
16086 1911.11 1920.96
16087 6329.93 4984.12
16088 5639.59 3562.54
16089 3476.79 2910.63
16090 4268.92 3382.63
16091 4829.61 2852.01
16092 3028.55 5680.48
16093 5377.44 255.734
16094 6057.1 5255.21
16095 2434.45 2316.47
16096 3205.96 4003.21
16097 4851.89 5090.56
16098 1401.33 5348.87
16099 4931.27 1727.34
16100 1480.31 4396.7
16101 1702.36 4973.15
16102 4549.11 5303.32
16103 4220.28 6211.82
16104 4483.73 2336.25
16105 560.111 3311.14
16106 2120.48 1403.51
16107 6380.1 3315.87
16108 4891.24 5623.3
16109 4733.16 6345.56
16110 359.363 68.0617
16111 4543.94 3864.4
16112 3587.6 859.992
16113 5625 5137.15
16114 1532.58 120.443
16115 1423.22 4875.6
16116 1339.55 240.771
16117 6262.53 916.829
16118 3723.99 2721.9
16119 2326.7 1620.68
16120 5812.12 1186.85
16121 3452.79 557.489
16122 5324.01 2065.15
16123 3946.64 1809.38
16124 2668.59 5994.35
16125 6437.14 4942.23
16126 973.905 3638.95
16127 1272.56 1555.67
16128 6272.93 3312.73
16129 1335.15 4905.6
16130 4682.76 43.1907
16131 90.9668 5933.49
16132 891.653 3568.84
16133 5011.51 2951.33
16134 132.445 4499.09
16135 3258.43 2755.78
16136 164.049 2586.31
16137 3035.69 5950.31
16138 1930.4 3242.41
16139 125.472 1759.34
16140 64.8721 4375.23
16141 5614.69 3686.38
16142 1481.18 3778.77
16143 2978.73 3360.74
16144 1782.7 4570.02
16145 731.016 1436.37
16146 5997.38 2716.37
16147 1331.97 1985
16148 5888.07 1289.71
16149 3761.36 4969.63
16150 6347.63 2879.37
16151 3812.95 4320.99
16152 3845.3 1392.95
16153 5966.42 3935.19
16154 4315.47 1549.67
16155 4073.66 2207.23
16156 5864.2 1656.6
16157 3558.8 6220.25
16158 593.989 4979.2
16159 5402.1 2397.8
16160 3347.64 4409.44
16161 2048.61 6093.64
16162 4327.2 1733.32
16163 1575.27 5023.48
16164 5838.69 1532.95
16165 3178.31 2794.16
16166 4662.07 3375.17
16167 3369.16 5322.29
16168 1223.23 1823.15
16169 83.3601 2611.62
16170 4089.19 953.125
16171 3487.86 1131.86
16172 6062.14 5594.14
16173 4742.92 3601.64
16174 1543.04 4839.5
16175 5246.72 1726.59
16176 1581.61 2515.17
16177 4059.43 5339.94
16178 497.656 3726.77
16179 2621.69 173.759
16180 5869.45 4908.07
16181 555.783 4626.29
16182 5175.25 3617.12
16183 3776.61 3265.22
16184 4273.37 313.794
16185 648.298 5507.18
16186 3292.71 3168.97
16187 4497.13 1258.59
16188 4763.59 5862.65
16189 2025.98 701.851
16190 2757.37 1217.74
16191 5469.41 2236.49
16192 245.007 4844.45
16193 940.809 3194.62
16194 1033.77 997.596
16195 3877.63 3875.21
16196 2358.88 2734.36
16197 5809.98 5090.59
16198 5595.67 2244.65
16199 845.366 3742.64
16200 3217.98 4512.33
16201 4477.46 2094.36
16202 764.011 1800.83
16203 1247.82 2636.12
16204 4035.76 4869.97
16205 3325.93 4797.11
16206 644.828 2760.98
16207 1006.96 3741.42
16208 1519.48 2955.06
16209 4617.26 262.116
16210 843.09 2158.23
16211 4280.93 1182.62
16212 2847.55 4177.5
16213 4258.2 6370.17
16214 4941.2 4405.39
16215 3323.83 5450.23
16216 2654.96 152.587
16217 4329.98 6198.16
16218 5520.67 5180.52
16219 2087.42 2145.75
16220 6355.77 3005.23
16221 5256.23 56.6563
16222 2663.23 2424.96
16223 4321.48 248.465
16224 5584.53 861.027
16225 6273.39 4762.13
16226 2117.22 1007.11
16227 4940.72 3550.97
16228 3626.32 5437.36
16229 5471.46 5752.62
16230 7.79194 5044.02
16231 190.966 803.102
16232 1869.45 4681.2
16233 937.476 1068.32
16234 4826.45 5548.24
16235 4857.64 3841.48
16236 2209.17 3739.8
16237 3492.87 3667.66
16238 5697.14 4429.2
16239 4566.1 3621.07
16240 5405.42 4280.38
16241 2061 2576.1
16242 3609.61 414.423
16243 5894.32 5881.7
16244 200.675 4074.02
16245 199.224 6450.39
16246 1296.31 3090.11
16247 5305.15 6077.66
16248 2891.94 6291.15
16249 4228.37 1480.96
16250 1326.8 2506.64
16251 5329.04 1396.93
16252 2759.87 6273.14
16253 4449.13 1724.93
16254 4540.8 2464.9
16255 3643.67 6106.06
16256 3582.02 5777.19
16257 4253.38 4305.11
16258 5962.33 1715.99
16259 3783.6 27.3707
16260 4322.83 5222.7
16261 4525.57 6153.68
16262 3710.04 5704.16
16263 5006.88 6464.88
16264 3668.4 1827.34
16265 970.785 3658.64
16266 6305.86 4904.1
16267 6448.18 2117.54
16268 1865.72 3211.01
16269 105.461 3392.72
16270 3302.13 1232.17
16271 5826.98 3926.29
16272 4676.17 3566.61
16273 339.41 2540.14
16274 6084.16 1109.84
16275 489.911 6152.11
16276 3228.54 474.749
16277 1934.3 214.493
16278 5773.22 756.228
16279 3171.52 1094.23
16280 751.819 5612.41
16281 5111.68 5539.8
16282 2171.26 4978.67
16283 3579.84 5032.72
16284 5545.27 1958.63
16285 1017.41 4634.65
16286 3925.83 5783.84
16287 467.042 3462.94
16288 4989.3 816.461
16289 4042.61 5610.85
16290 1469.52 3323.98
16291 5895.86 4073.56
16292 6290.82 3973.72
16293 4141.91 1246.25
16294 6021.39 3254.53
16295 3505.77 732.165
16296 2434.2 2532.86
16297 5432.06 3269.81
16298 1677.81 5975.32
16299 4948.7 4221.15
16300 3229.89 4959.31
16301 1971.26 4637.01
16302 2953.86 3625.02
16303 3728.52 891.453
16304 1152.27 5396.05
16305 2820.99 3590.2
16306 4128.84 3975.61
16307 1403.96 626.67
16308 2138.37 5217.81
16309 1695.94 2979.94
16310 1480.45 351.487
16311 3323.33 4242.15
16312 5039.96 5381.02
16313 5858.71 663.242
16314 4927.32 5071.03
16315 5014.19 504.937
16316 101.498 3801.07
16317 4415.7 6355.2
16318 2900.84 5247.35
16319 4219 1748.5
16320 875.17 3342.52
16321 5751.4 537.421
16322 2664.28 489.664
16323 4569.43 1521.98
16324 4970.61 5125.67
16325 1717.83 344.828
16326 2204.21 1003.4
16327 6489.01 2137.87
16328 100.98 6448.66
16329 2375.4 4112.19
16330 3256.2 6330.92
16331 1875.52 2803.55
16332 3931.87 69.8327
16333 1400.77 215.506
16334 1858.29 4630.1
16335 3555.93 3005.57
16336 2940.26 6153.38
16337 975.686 2711.57
16338 2938.69 4196.17
16339 744.765 4590.13
16340 1749.45 1903.17
16341 126.099 2811.66
16342 1702.27 1983.66
16343 4822.7 2903.41
16344 6496.24 3743.43
16345 399.873 2700.24
16346 3776.83 4211.82
16347 6084.69 663.582
16348 2733.27 2784.56
16349 3983.21 2927.74
16350 667.694 3274
16351 6202.39 3386.6
16352 6256.67 5642.66
16353 4772.66 1780.77
16354 1042.09 5469.27
16355 4877.28 2931.17
16356 1727.69 5289.7
16357 6110.42 2443.8
16358 1037.87 1648.11
16359 1589.12 6520.35
16360 5042.93 5885.75
16361 382.151 3328.51
16362 5228.47 3120.6
16363 2670.68 5437.61
16364 1119.72 6130.94
16365 4625.11 5081.28
16366 2507.31 4915.92
16367 6101.67 1705.08
16368 6099.83 5879.88
16369 3824.49 634.492
16370 6387.99 6208.4
16371 3420.41 2693.9
16372 994.164 81.4951
16373 3352.82 6082.68
16374 5579.92 3660.22
16375 2386.51 1038.39
16376 1202.78 3837.82
16377 1349.95 2974.87
16378 3437.77 2218.48
16379 2406.76 5701.55
16380 2918.35 5719.68
16381 832.201 4622.41
16382 6012.97 4337.1
16383 1191.29 3467.77
16384 571.127 6.34261
16385 6136.63 1875.6
16386 1683.86 5921.65
16387 427.07 5328.1
16388 280.038 3513.21
16389 1475.44 6386.79
16390 2912.89 5546.25
16391 4039.24 2326
16392 2057.7 4833.38
16393 4538.21 5610.03
16394 4924.41 4035.14
16395 5369.45 5873.37
16396 3162.59 1922.47
16397 4485.55 5076.3
16398 4083.52 4254.06
16399 1071.26 1658.44
16400 1402.83 2226.46
16401 3217.36 2078.36
16402 3671.87 4097.6
16403 4072.77 4110.19
16404 72.3653 6181.36
16405 1723.26 1855.66
16406 5345.88 2719.1
16407 4987.23 2945.48
16408 3573.26 4394.08
16409 6365.41 1720.57
16410 4379.95 4472.56
16411 4180.65 2045.82
16412 6334.44 2966.76
16413 6284.54 3032.15
16414 5720.11 3043.18
16415 163.647 2258.53
16416 1067.96 6021.69
16417 3011.01 5169.96
16418 1024.29 6346.9
16419 4434.86 3321.76
16420 3820.87 4504.81
16421 3798.81 6303.15
16422 2968.71 4103.92
16423 408.855 6140.07
16424 3759.67 5092.92
16425 4680.75 3710.46
16426 2186.77 658.443
16427 4829.17 2021.67
16428 3355.82 6340.04
16429 4899.55 1237.58
16430 5326.38 3389.93
16431 3832.7 4918.55
16432 50.5436 2593.75
16433 751.628 3879.99
16434 5980.01 5771.21
16435 1756.16 983.817
16436 2785.49 5050.25
16437 3965.1 1146.67
16438 3090.21 6347.72
16439 434.467 5589.99
16440 6091.85 3054.83
16441 1320.41 6409.14
16442 3744.6 3305.73
16443 219.695 2864.06
16444 2619.08 5128.09
16445 4125.36 960.405
16446 641.914 944.722
16447 3409.85 1386.91
16448 4914.79 5006.24
16449 2784.9 5869.23
16450 535.818 3760.17
16451 2639.68 312.986
16452 5192.45 3457.23
16453 2049.26 6168.54
16454 2478.69 4574.96
16455 1671.57 965.621
16456 4099.41 5545.01
16457 1494.91 1603.8
16458 3925.66 3121.08
16459 6092.65 98.3152
16460 6183.08 4709.74
16461 2381.11 3621.38
16462 636.866 893.368
16463 164.122 2052.09
16464 5835.4 4924.78
16465 17.3876 26.3456
16466 4476.9 1817.63
16467 4708.5 4894.06
16468 1253.86 2554.8
16469 4589.55 2959.66
16470 6222.96 407.599
16471 5380.54 5330.85
16472 639.318 6038.31
16473 3057.24 1828.69
16474 5135.48 1638.05
16475 777.538 247.346
16476 4745.34 4635.04
16477 5698.26 4068.65
16478 5105.24 5066.72
16479 431.792 4543.45
16480 585.791 1780.97
16481 468.603 2602.69
16482 988.462 4122.65
16483 5209.38 6066.98
16484 1469.21 5184.43
16485 518.526 71.2634
16486 5781.98 600.438
16487 84.1014 4544.39
16488 660.656 395.622
16489 4239.03 6077.43
16490 2164.63 5276.44
16491 4388.98 4627.43
16492 5655.66 5297.14
16493 2914.48 5516.05
16494 3101.34 4929.15
16495 6329.59 4943.6
16496 1733.02 1382.13
16497 200.493 1106.91
16498 3209.87 139.212
16499 3606.65 2572.91
16500 215.736 1683.57
16501 2778.7 2769.39
16502 5552.81 1830.31
16503 6352.64 1811.52
16504 4652.48 2948.36
16505 953.703 6442.13
16506 531.487 4673.63
16507 3503.2 3947.26
16508 212.692 4923.06
16509 2770.69 4642.94
16510 483.369 5741.11
16511 1087.3 2270.51
16512 1676.63 843.752
16513 4653.42 2444.72
16514 4258.82 5711.39
16515 923.393 4923.98
16516 1594.13 2777.87
16517 4782.02 3652.07
16518 743.031 4952.71
16519 1170.31 2104.73
16520 4401.28 6382.5
16521 5721.95 4772.55
16522 2806.33 5288.13
16523 1938.91 810.151
16524 2982.11 2184.44
16525 5170.9 1745.65
16526 6386.24 6052.49
16527 5821.64 6196.83
16528 6348.09 4836.21
16529 1001.01 3335.27
16530 925.125 3407.8
16531 3236.9 2037.86
16532 1501.09 1942.16
16533 4255.46 1665.66
16534 1622.09 3325.25
16535 2430.75 4368.85
16536 5134.75 1520.24
16537 5550.49 3566.59
16538 1752.59 5160.14
16539 3077.54 3793.24
16540 5805.53 6472.99
16541 4140.44 308.332
16542 4954.56 4738.66
16543 6020.51 6314.84
16544 6163.75 4113.38
16545 6269.65 5840.81
16546 4364.22 5007.48
16547 2506.43 3038.07
16548 1834.62 2140.89
16549 4361.58 5064.62
16550 1292.23 2985.66
16551 3911.11 6080.62
16552 5298.16 3807.09
16553 5064.91 6513.76
16554 3073.84 134.745
16555 4072.3 2783.96
16556 4907.02 5122.85
16557 2203.8 1620.96
16558 2500.42 4389.94
16559 211.775 1915.4
16560 1737.78 4724.75
16561 6034.33 688.306
16562 4614.56 5033.25
16563 1877.71 6456.01
16564 5851.79 1858.53
16565 1326.28 6498.54
16566 4528.26 4506.74
16567 6074.52 3494.51
16568 5654.47 5253.08
16569 1328.63 6506.12
16570 1081.07 1056.33
16571 1613.64 4937.95
16572 5966.95 4105.91
16573 912.513 212.162
16574 6153.61 407.013
16575 3868.65 1297.31
16576 3195.68 3646.4
16577 738.01 1226.09
16578 5680.45 569.553
16579 5070.12 2919.97
16580 4299.06 2267.66
16581 4775.64 1632.9
16582 1854.17 228.769
16583 72.7128 4648.83
16584 1214.42 4227.74
16585 1281.03 118.378
16586 3381.91 3992.68
16587 912.013 1444
16588 4054.83 3135.19
16589 3736.49 4131.27
16590 3641.14 4942.38
16591 2919.15 4199.38
16592 5574.81 5398.4
16593 5804.83 6322.07
16594 2783.88 2634.88
16595 3403.26 6007.73
16596 3745.52 4010.77
16597 2256.81 5746.85
16598 2873.62 3434.36
16599 3931.69 5794.48
16600 4808.15 2342.38
16601 193.972 2373.81
16602 2358.07 2058.14
16603 1445.95 1194.15
16604 5661.31 3796.78
16605 6471.06 3660.89
16606 6467.53 221.131
16607 1501.21 2188.25
16608 4155.87 4643.59
16609 1560.31 2642.97
16610 182.481 5820.43
16611 4804.39 1775.86
16612 2593.68 4541.77
16613 3809.06 3624.53
16614 5712.3 6097.73
16615 4184.14 2716.03
16616 1057.35 753.451
16617 5037.86 2779.81
16618 3863.73 334.441
16619 2802.6 5810.23
16620 3376.84 2828.23
16621 4216.35 402.058
16622 5634.75 1270.69
16623 4602.66 5768.6
16624 201.067 5797.51
16625 3350.23 4582.47
16626 3375.5 3048.04
16627 6200.52 105.218
16628 5499.46 4203.06
16629 1976.67 529.361
16630 1631.44 1058.9
16631 843.433 1173.3
16632 3048.9 825.365
16633 3414.75 5573.99
16634 6343.01 1047.49
16635 5724.04 5486.25
16636 3949.28 2103.83
16637 5782.9 4704.51
16638 2819.24 4059.6
16639 954.061 1159.4
16640 461.292 6254.06
16641 4497.78 973.881
16642 4980.46 6268.63
16643 6392.54 5196.01
16644 2575.34 4069.95
16645 5890 1140.23
16646 46.5374 665.904
16647 5994.57 4321.38
16648 476.743 6178.53
16649 6396.08 6176.82
16650 3707.4 6368.92
16651 4645.23 4872.46
16652 981.154 760.277
16653 5121.34 19.5034
16654 1144.26 2660.43
16655 5557.52 298.029
16656 5095.47 6097.85
16657 6359.47 6233.43
16658 5773.23 5965.94
16659 1999.41 4658.53
16660 4949.33 4102.98
16661 2975.7 3755.21
16662 6502.31 4381.66
16663 2489.88 5819.2
16664 221.058 141.836
16665 1258.12 2069.02
16666 956.703 383.722
16667 1703.3 1584.89
16668 2850.31 6203.67
16669 3033.99 3354.49
16670 6448.55 3566.93
16671 3967.69 3841.4
16672 4766.72 5043.78
16673 492.207 3416.72
16674 167.865 2628.23
16675 4407.87 5609.69
16676 2541.38 2768.57
16677 4521 1217.34
16678 1284.04 491.355
16679 3120.32 3722.08
16680 2682.05 3895.16
16681 5704.96 6414.54
16682 1306.78 1005.71
16683 368.884 3553.96
16684 6010.53 2198.46
16685 2579.76 3962.23
16686 2205.01 4158.52
16687 5453.96 1267.39
16688 2752.61 13.1785
16689 3623.21 6480.36
16690 1778.23 5019.73
16691 963.119 5303.79
16692 3998.21 5646.65
16693 2198.46 178.655
16694 3988.45 334.999
16695 1660.49 5969.11
16696 3307.6 2465.26
16697 4524.14 3829.58
16698 3495.88 1296.75
16699 2629.87 430.919
16700 2622.28 5441.41
16701 1480.35 1423.58
16702 3683.37 1101.47
16703 4882.19 4339.71
16704 2181.39 1011.14
16705 5831.81 3981.04
16706 1166.11 2940.85
16707 717.045 466.651
16708 5936.81 575.038
16709 3712.19 1712.84
16710 4631.16 5069.61
16711 5030.09 2374.07
16712 1580.7 2334.08
16713 2575.16 1504.84
16714 146.082 6165.91
16715 3216.9 4535.76
16716 1569.71 1583.13
16717 482.141 822.916
16718 193.647 4796.46
16719 5107.68 912.504
16720 2486.96 5829.12
16721 2924.63 599.479
16722 236.824 3405
16723 2330.37 3689.39
16724 89.8509 2031.72
16725 967.946 6219.66
16726 453.56 4476.19
16727 1706.72 1600.67
16728 6406.98 4966.87
16729 4764.39 5853.65
16730 3680.39 172.634
16731 1364.5 4389.52
16732 3895.65 1205.47
16733 6430.77 3517.69
16734 1054.49 2215.48
16735 1601.44 2416.02
16736 3952.39 1811.05
16737 199.116 5998.08
16738 3042.65 2764.07
16739 3542.84 2819.94
16740 2968.43 6100.83
16741 3342.65 3761.11
16742 2428.38 5767.29
16743 4177.6 3438.47
16744 3927.48 2461.03
16745 3240.8 3697.1
16746 1455.26 6129.24
16747 3840.21 5508.11
16748 3065.69 6167.19
16749 6294.22 3234.23
16750 369.616 1210.87
16751 5316.16 1720.5
16752 2691.11 1636.85
16753 2462.33 1073.84
16754 2173.6 821.29
16755 2264.22 1698.73
16756 4617.17 2856.51
16757 5265.48 5636.94
16758 6098.27 4469.35
16759 2238.44 777.597
16760 5096.67 4218.46
16761 6209.8 263.946
16762 1334.46 3917.94
16763 4745.16 5333.07
16764 3208.11 3266.58
16765 4117.02 6234.71
16766 3298.97 1517.04
16767 3255.29 905.283
16768 6000.24 5820.69
16769 5967.4 100.566
16770 3863.36 2284.39
16771 311.628 3461.12
16772 5425.5 5225.94
16773 5343.12 1515.42
16774 3249.93 5001.01
16775 3145.1 6126.76
16776 5182.96 1965.89
16777 2055.6 681.172
16778 2170.9 5733.09
16779 40.7302 2894.25
16780 3658.45 2078.9
16781 642.634 3921.1
16782 3409.64 4916.59
16783 3148.27 4618.89
16784 2405.08 6103.73
16785 3614.96 6275.81
16786 1793.73 4949.91
16787 4706.72 4277.69
16788 2811.42 2033.21
16789 1922.71 4698.46
16790 371.663 5523.22
16791 449.401 2599.75
16792 304.093 3144.75
16793 1263.13 5645.27
16794 2917.15 6114.97
16795 480.462 4788.08
16796 6320.86 4124.74
16797 6004.92 881.609
16798 5401.8 338.574
16799 3580.71 6055.72
16800 961.308 2318.15
16801 6468.28 3472.09
16802 6554.18 3821.88
16803 1559.47 307.971
16804 4530.06 3129.73
16805 6306.5 6324.22
16806 1191.79 3974.52
16807 2533.71 1997.87
16808 4478.39 3887.89
16809 258.304 2435.42
16810 764.026 5237.22
16811 128.298 1581.66
16812 2764.62 3409.46
16813 4984.52 5267.47
16814 1919.48 4081.33
16815 62.9893 6381.65
16816 4286.64 6540.6
16817 6313.58 56.2931
16818 1664.54 1113.16
16819 6347.07 3895.29
16820 1756.46 2456.79
16821 1812.55 910.281
16822 1548.45 1436.37
16823 4568.54 6365.55
16824 1988.56 3320.3
16825 5144.99 1024.82
16826 714.147 3387.45
16827 60.3306 2192.8
16828 2196.74 1875.09
16829 2884.12 3872.4
16830 6222.07 5148.86
16831 1935.07 689.845
16832 95.257 1467.25
16833 1803.87 3991.31
16834 1481.57 1185.04
16835 2054.81 6100.58
16836 2069.12 3194.12
16837 2362.4 6033.17
16838 2423.44 3591.91
16839 5005.35 4516.24
16840 5484.51 3366.4
16841 1266.14 4474.61
16842 1692.4 2233.65
16843 2397.06 5179.74
16844 3972.43 472.594
16845 703.3 494.363
16846 4986.83 2998.48
16847 4147.84 3712.1
16848 4123.75 1974.81
16849 2960.65 4957.78
16850 3124.89 825.452
16851 4179.44 5399.34
16852 2191.37 1089.79
16853 2869.18 4445.75
16854 4529.31 4307.73
16855 5526.05 4114.1
16856 4420.97 2391.78
16857 1993.86 515.518
16858 688.203 472.159
16859 5756.57 4577.64
16860 1194.24 715.495
16861 5554.51 5618.82
16862 4928.41 4685.02
16863 2915.46 314.331
16864 2193.96 3048.47
16865 4486.16 2937.75
16866 2679.82 5876.74
16867 5553.31 4315.3
16868 4134.2 349.055
16869 3440.54 806.14
16870 4649.01 2257.02
16871 4627.68 752.317
16872 1552.94 2546.28
16873 3776.87 199.012
16874 5060.66 1051.51
16875 833.489 5539.69
16876 3347.52 5575.68
16877 1947.36 2215.33
16878 1572.47 5024.29
16879 3571.04 286.199
16880 4975.47 1193.13
16881 5555.3 882.837
16882 2332.99 5713.8
16883 5931.09 3714.41
16884 5159.47 3513.45
16885 6308.19 2663.12
16886 5999.67 4285.28
16887 3774.91 5495.11
16888 2619.7 6112.51
16889 1958.59 4788.38
16890 5445.58 4092.54
16891 943.906 5455.38
16892 6414.24 2323.1
16893 1720.42 1301.05
16894 2765.54 1945.77
16895 6196.12 3912.04
16896 362.396 204.377
16897 6381.21 1114.95
16898 5744.39 3827.23
16899 364.518 812.019
16900 6305.24 6261.81
16901 4557.73 3920.82
16902 6548.1 1091.89
16903 1466.07 1266.35
16904 1288.85 5202.16
16905 1739.91 6412.76
16906 1034.55 609.893
16907 3862.86 2800.19
16908 6453.86 636.385
16909 1373.78 2550.51
16910 790.522 4269.04
16911 1010.31 2650.19
16912 1951.01 4568.53
16913 2114.09 5508.68
16914 1691.99 2812.15
16915 3028.46 4670.48
16916 2667.88 886.671
16917 6066.32 254.27
16918 4879.31 728.094
16919 2570.77 2523.28
16920 4362.92 4835.36
16921 2487.66 6475.55
16922 1499.96 5915.99
16923 2763.99 2422.78
16924 1674.29 5748.98
16925 482.041 0.902388
16926 4611.47 3178.49
16927 149.997 4140.4
16928 4706.9 1053.62
16929 2300.06 6051.02
16930 1392.83 3506.17
16931 1167.08 5557.94
16932 656.692 5910.62
16933 5969.79 159.663
16934 1613.78 4963.51
16935 1161.96 3822.74
16936 3791.88 3174.39
16937 4461.65 2223.51
16938 1187.58 5604
16939 41.5289 6250.21
16940 673.153 4975.77
16941 6448.29 188.284
16942 2718.1 6378.88
16943 4299.36 5404.46
16944 2737.92 722.466
16945 2247.58 2126.28
16946 3765 5265.67
16947 5623.64 4035.54
16948 4718.78 4965.76
16949 4958.92 2367.37
16950 2963.11 1100.25
16951 3919.56 5581.86
16952 2767.84 1287.89
16953 4452.09 1905.57
16954 3496.52 6472.95
16955 1400.2 96.601
16956 3001.5 4927.5
16957 1602.21 3720.83
16958 6030.56 5062.17
16959 750.439 6175.04
16960 4843.83 5285.16
16961 6457.54 3852.03
16962 3180.8 5607.49
16963 5840.42 4037.83
16964 1297.94 3842.76
16965 1439.53 3005.62
16966 6004.84 3518.56
16967 5765.8 1169.99
16968 1084.18 601.762
16969 3184.23 528.713
16970 3129.44 2112.11
16971 2442.36 4906.49
16972 6212 4178
16973 6282.98 3640.65
16974 2172.62 699.176
16975 5493.68 3813.93
16976 6046.43 2249.89
16977 5376.61 2341.64
16978 1365.68 2071.16
16979 1112.25 1370.93
16980 1410.84 1135.87
16981 813.006 1296.31
16982 5397.72 3713.57
16983 5057.02 2450.28
16984 4017.24 4175.78
16985 1187.42 5049.81
16986 1603.3 2083.11
16987 3621.41 4010.96
16988 952.343 4018.05
16989 3000.66 890.975
16990 604 3406.57
16991 4735.98 5495.98
16992 3324.68 2341.42
16993 5054.65 334.946
16994 5223.72 1922.9
16995 5552.91 1382.55
16996 1898.96 498.402
16997 5075.27 5914.14
16998 1569.58 739.235
16999 2065.09 4998.46
17000 3813.28 66.8165
17001 33.7405 1804.27
17002 6060.06 3692.46
17003 3827.08 6071.82
17004 2944.61 424.467
17005 5110.92 4610.58
17006 413.484 4391.13
17007 2478.02 6023.96
17008 4688.55 6408.33
17009 1444.76 6313.29
17010 2915.67 2030.62
17011 6207.46 2317.02
17012 6110.29 4530.39
17013 5211.45 5599.75
17014 1022.42 3792.05
17015 2434.33 5353.69
17016 4222.46 140.917
17017 1669.19 5038.05
17018 3154.24 5116.8
17019 2438.16 3125.23
17020 1593.98 2019.54
17021 977.198 3511.42
17022 1477.66 6384.07
17023 1862.71 2657.6
17024 2820.78 4529.13
17025 702.443 4806.49
17026 4424.33 5876.37
17027 155.299 764.471
17028 4187.79 5444.37
17029 3149.64 3709.89
17030 5910.68 1486.07
17031 4567.46 2263.97
17032 4798.42 2952.44
17033 4129.22 1670.01
17034 3257.01 6521.42
17035 228.373 4631.98
17036 3343.55 5936.45
17037 2954.47 6037.85
17038 283.148 2349.34
17039 2933.77 865.159
17040 3127.55 2497.71
17041 1941.68 498.347
17042 2898.77 108.6
17043 4175.74 2450.25
17044 507.659 5690.82
17045 219.49 5725.35
17046 4317.92 1712.65
17047 3779.17 2517.55
17048 2327.11 3704.89
17049 3936.72 4161.71
17050 5172.16 4714.23
17051 868.847 1802.55
17052 2152.24 4137.7
17053 5330.54 6485.12
17054 5080.43 1301.45
17055 4827.74 5916.51
17056 5165.3 1165.87
17057 3008 232.723
17058 1753.04 1052.55
17059 3528.59 6075.25
17060 3657.96 258.827
17061 3858.6 6275.39
17062 2434.36 2303.63
17063 4482.62 5425.53
17064 1168.48 4376.51
17065 1611.75 6285.87
17066 4249.52 2833.58
17067 6551.48 4575.15
17068 3898.18 5722.5
17069 2110.46 5909.27
17070 4396.93 5699.88
17071 4597.7 4795.43
17072 3367.34 5702.01
17073 3873.9 3992.25
17074 3299.28 4268.7
17075 208.209 3949.28
17076 3666.1 5718.53
17077 6542.92 2943.84
17078 867.971 4656.31
17079 4528.02 401.975
17080 3158.23 6318.85
17081 5095.46 3428.51
17082 4614.96 3294.05
17083 3360.76 5845.21
17084 2581.51 6455.69
17085 4809.51 3626.32
17086 4092.38 1470.33
17087 4288.37 1829.67
17088 631.12 847.189
17089 1355.74 14.5452
17090 2821.53 552.868
17091 3336.53 6034.28
17092 3328.95 5848.65
17093 5579.9 5969.98
17094 5977.42 5180.52
17095 5552.96 4781.75
17096 4297.79 5406.78
17097 1217.71 6418.02
17098 1810.18 386.493
17099 1399.84 5017.76
17100 740.279 2520.06
17101 2500.51 1257.13
17102 4640.46 5801.18
17103 4706.18 1546.7
17104 2413.56 4372.19
17105 2884.72 366.923
17106 1856.36 3920.27
17107 3092.03 4673.37
17108 5004 931.704
17109 2638.2 4559.54
17110 1702 3334.14
17111 6429.52 1268.84
17112 5315.13 5929.14
17113 637.033 3424.79
17114 6507.55 1306.35
17115 3004.94 5791.76
17116 2992.55 3469.61
17117 6327.82 4219.73
17118 2381.95 5518.74
17119 240.172 1830.59
17120 2708.91 5054.91
17121 3658.94 4434.09
17122 1028.33 5833.15
17123 5968.28 4312.21
17124 3349.75 4503.28
17125 3221.51 6370.33
17126 4507.92 1314.87
17127 114.699 1223.59
17128 3605.73 4517.63
17129 1787.75 1970.67
17130 1117.83 2598.94
17131 2748.97 3187.31
17132 4962.86 3932.7
17133 3017.78 1293.27
17134 5570.88 6410.9
17135 6543.51 5403.76
17136 700.42 504.656
17137 5097.49 6194.98
17138 513.585 2324.51
17139 1522.22 4394.36
17140 5266.45 2894.67
17141 1996.32 2815.28
17142 462.364 628.729
17143 4082.85 4493.36
17144 5608.94 4606.01
17145 1001.19 465.379
17146 2432.01 376.292
17147 4419.71 655.685
17148 3153.56 517.804
17149 5956.08 2718.39
17150 5137.27 99.2326
17151 6129.76 3372.9
17152 4023.47 2641.13
17153 2673.14 955.942
17154 5800.18 4964.36
17155 4690.94 4091.32
17156 111.065 5642.53
17157 6434.74 3308.08
17158 5542.52 4111.55
17159 3957.41 6448.41
17160 1773.6 5532.91
17161 885.206 6254.1
17162 6301.68 6327.21
17163 829.337 5407.19
17164 545.475 4268.39
17165 1685.06 2733.3
17166 4844.33 454.446
17167 4489.96 1663.01
17168 4820.3 1679.89
17169 6485.16 5621.63
17170 723.414 2709.89
17171 4471.78 3341.68
17172 2097.09 3387.4
17173 2379.06 928.213
17174 1172.87 4942.07
17175 361.671 4842.02
17176 3175.22 1742.8
17177 6479.09 4076.81
17178 6428.65 5005.69
17179 6201.38 2119.02
17180 4992.28 1955.96
17181 3998.72 2278
17182 4613.77 3572.54
17183 2837.71 5565.55
0 610 28.3192
0 4749 36.1684
0 6359 119.678
0 11883 33.2047
1 11672 49.2053
1 13952 35.4689
1 16510 8.79516
2 4907 108.208
2 9626 85.9832
2 13225 44.4238
3 717 51.8538
3 9148 48.8927
3 13628 57.3144
3 14160 9.22532
4 1480 45.6327
4 6835 156.05
4 14529 62.4157
4 14594 53.0317
5 3153 77.091
5 4133 90.2576
5 15437 56.264
6 5869 42.1301
6 9862 30.8827
6 10028 58.8728
6 15434 45.5844
7 664 54.0646
7 1595 64.2724
7 3445 24.322
7 9380 55.4381
7 14494 74.2413
7 15090 27.9735
8 7454 19.2742
8 12471 50.6987
8 16043 57.7346
9 2576 86.1503
9 11591 43.2539
9 11868 102.433
10 2496 17.5869
10 3875 47.7242
10 6566 128.339
10 8813 81.8298
10 12168 76.5477
10 12719 88.8761
11 767 45.4292
11 9807 22.087
11 12362 24.9483
12 3118 47.802
12 8473 69.863
12 11945 51.6704
12 12454 74.6627
12 15373 23.171
13 4323 54.5588
13 4332 12.0094
13 14244 95.1271
14 4952 84.0339
14 6517 66.4029
14 9638 34.6092
14 11018 19.1139
15 4478 27.7389
15 5484 71.6522
15 8819 72.0129
16 539 59.1483
16 9164 19.1891
16 16169 40.4385
16 16432 37.2503
17 5549 33.274
17 8585 69.5057
17 10290 53.6411
17 15670 78.5633
18 4188 69.0765
18 4710 56.0875
18 10315 84.0271
19 6284 63.1642
19 11023 81.9435
19 13287 65.8894
19 14100 63.4336
20 7065 44.1127
20 11932 54.5862
20 12258 43.5454
21 8434 19.3267
21 12199 67.8294
21 16745 55.5076
22 4753 14.8356
22 14150 71.9227
22 15232 94.7173
22 15397 135.823
23 401 32.1414
23 4411 29.0277
23 8081 11.2057
23 13793 31.6405
23 16011 31.1064
24 3882 36.1583
24 4039 60.5095
24 9150 38.6635
25 6817 86.855
25 6983 77.7692
25 8419 104.042
26 2679 32.5037
26 5554 47.779
26 12758 71.265
26 15260 91.7473
27 4173 42.3359
27 4683 100.081
27 8248 102.96
27 9308 103.921
27 15495 62.1901
28 514 44.524
28 980 66.3672
28 8855 70.6283
28 16259 82.6288
28 17000 58.4465
29 5080 26.1978
29 10031 65.2434
29 11162 34.0364
29 16240 20.5331
30 998 101.542
30 2126 58.1963
30 6264 32.8035
30 15861 74.8062
31 2607 66.5043
31 3086 57.9123
31 4456 50.293
31 8746 49.2456
31 9538 32.871
32 973 162.304
32 12237 97.8448
32 14843 85.2253
33 3955 120.874
33 14790 71.1953
33 16346 92.1496
34 697 50.0011
34 6760 18.0835
34 14701 97.6801
35 11443 12.5905
35 15056 60.4407
35 16547 44.6723
36 8508 52.2898
36 14395 39.6719
36 14406 16.5113
37 5047 27.3159
37 8624 24.4781
37 8958 61.2855
37 10384 36.5477
38 5646 78.6002
38 6103 96.3303
38 8209 30.4726
38 9544 70.312
38 13506 75.1119
39 408 46.6223
39 3964 71.6901
39 6745 48.0933
39 11145 86.1875
40 7233 53.0773
40 15462 29.8019
40 16406 54.0617
41 1204 63.2766
41 3018 63.8266
41 6145 16.7424
41 13876 64.2046
42 1543 78.0652
42 5398 100.136
42 7835 48.5596
42 12704 40.5024
43 4822 38.1046
43 12304 64.9549
43 16434 86.6341
43 16768 43.5512
44 834 34.6984
44 1832 71.9374
44 2137 57.4934
44 8590 65.3665
45 3256 70.8469
45 5790 44.5165
45 8673 75.1574
45 11146 15.4768
46 2368 59.8894
46 7679 43.7995
46 14764 13.829
47 6175 47.5291
47 7976 94.3203
47 16373 10.3286
48 7685 60.0941
48 8283 44.6715
48 9591 49.2126
48 10698 62.2613
49 5272 11.8909
49 5635 68.1164
49 12673 32.9989
49 15582 50.8266
50 1789 119.929
50 9075 47.8972
50 9526 73.2457
51 2903 82.7026
51 3020 27.8437
51 3139 74.1878
51 11775 51.527
51 16482 34.768
52 4357 82.9001
52 14961 56.1937
52 15274 66.1471
52 16430 70.7453
53 4759 16.7924
53 8548 46.2818
53 9121 55.7733
53 14928 61.4591
54 2312 26.9351
54 5126 17.706
54 10719 60.9673
54 14759 27.7917
54 15729 46.9914
55 1959 149.637
55 8695 109.583
55 13268 77.3293
56 374 70.9779
56 1756 34.1663
56 10954 98.607
56 12151 34.9743
56 12718 22.3988
57 7921 73.8567
57 10548 103.134
57 12443 56.2687
57 15219 82.1642
58 2004 34.2635
58 6059 39.5727
58 16072 8.12892
59 7974 144.927
59 14777 34.1643
59 15005 88.0539
60 415 42.7217
60 5283 13.7137
60 7968 96.7828
60 8728 60.375
60 11564 31.249
60 15566 80.8005
61 4661 47.8886
61 11571 35.1945
61 13838 86.4216
61 16020 81.0955
62 1451 47.8214
62 4004 36.2786
62 5017 14.4415
62 8863 69.192
62 10787 86.0649
62 15103 60.8983
63 4003 71.4978
63 6938 51.0945
63 7115 98.0327
64 2019 63.5862
64 10455 62.6061
64 11037 57.9738
64 14281 91.2902
64 16060 84.5635
65 458 51.2096
65 3208 40.8477
65 17094 29.979
66 3896 16.5701
66 9921 78.9892
66 11481 56.5076
67 999 37.0025
67 9251 27.5206
67 9569 23.4213
67 13867 63.2816
67 16348 42.9652
67 16501 52.2688
68 7536 16.4988
68 9524 58.8621
68 13005 23.3602
68 16141 47.5648
68 16374 13.5836
69 613 38.4682
69 4043 75.5673
69 8302 30.8829
69 11159 96.7515
69 15059 25.8467
70 378 30.0977
70 2125 40.3359
70 2130 27.2703
70 5250 74.2789
70 12504 30.1906
70 12578 11.1857
71 962 50.8343
71 1206 107.127
71 12126 64.1784
71 14884 99.9373
71 16286 83.8177
71 16599 65.6809
72 178 18.2657
72 7309 67.0183
72 10240 42.3193
72 14055 64.4966
73 14121 31.4995
73 15069 70.3739
73 15451 74.0724
74 6618 116.259
74 7595 106.386
74 14090 107.444
75 3789 42.7156
75 4558 41.2362
75 11142 12.9197
75 13128 113.945
76 663 86.023
76 3325 34.4396
76 10631 87.5616
77 14004 29.7847
77 14260 42.8572
77 14979 33.3176
78 2681 26.4891
78 5693 51.0291
78 6708 27.88
79 1178 19.5863
79 4009 68.5862
79 7911 91.757
79 9224 48.4676
80 1830 91.0316
80 8709 86.1336
80 14026 79.1273
81 2059 54.2327
81 4250 69.6446
81 12710 39.3405
81 16640 88.3587
82 4168 50.4954
82 8038 88.8056
82 9498 111.924
83 1176 97.2042
83 8023 70.8354
83 8212 78.1971
83 14203 96.5486
84 154 52.9139
84 6624 28.7133
84 16721 98.3252
85 433 37.1893
85 10056 22.3536
85 11442 55.3009
85 12224 94.0414
85 15248 51.2858
86 2250 64.955
86 3027 44.9405
86 16545 37.4674
87 778 44.1463
87 2184 52.8441
87 10253 27.7669
87 10484 57.4092
88 2053 28.0985
88 5717 84.0672
88 12700 57.3511
88 13067 64.1054
89 5144 8.16876
89 13558 61.5742
89 15269 39.8424
90 2066 33.3144
90 2676 51.8476
90 3743 71.6966
90 4343 48.8381
90 4811 52.2116
91 1732 55.4404
91 2783 39.5344
91 11480 26.5297
91 13519 37.3767
91 16821 85.2964
92 5223 82.9037
92 6667 21.3198
92 7843 34.982
93 294 59.2918
93 2572 81.6761
93 3809 12.0095
93 4828 6.23456
94 2633 66.0327
94 4284 46.3266
94 8973 16.4027
94 9756 64.9623
95 6814 36.9652
95 12359 89.059
95 16933 106.834
96 411 44.6476
96 8741 16.4907
96 10091 70.4767
97 1106 43.7729
97 2632 93.6071
97 12436 36.174
97 15991 65.5237
98 7901 35.6724
98 9379 54.6338
98 14845 68.4197
99 2369 64.1773
99 11537 64.5408
99 15109 73.9342
99 15762 95.8821
100 219 61.5151
100 4111 56.2097
100 7238 28.4401
100 7595 76.514
100 14090 25.2555
101 1834 38.0938
101 9456 30.0692
101 11530 90.5366
102 250 86.3819
102 9222 33.4533
102 15763 85.2606
103 1847 54.55
103 5650 37.4696
103 9143 107.527
103 14734 111.896
104 766 33.6645
104 4766 48.7837
104 7666 110.475
104 9034 34.8999
104 14093 93.0882
105 1360 28.2085
105 6322 39.9992
105 7239 54.8013
105 10594 56.0367
105 12389 16.1654
105 12415 73.9831
105 13374 66.0917
106 2485 58.8543
106 5828 111.304
106 9208 54.3755
106 12288 93.7849
107 3373 41.8634
107 3779 32.8387
107 4970 69.1156
108 1679 70.6515
108 6459 90.6232
108 12248 47.2847
109 6743 52.661
109 12742 41.3971
109 12783 78.5874
109 15387 52.8913
110 3269 134.733
110 4301 91.1539
110 8401 100.281
110 11644 87.2292
110 16892 86.0729
111 2608 16.1941
111 6191 40.0621
111 6355 37.8458
111 16386 27.9747
112 466 51.5554
112 621 48.6698
112 3034 90.8702
112 5909 32.0129
112 15018 42.7551
113 2833 63.6714
113 8258 113.547
113 10716 103.562
113 16122 46.4793
114 7314 118.143
114 16629 35.0908
114 16857 44.0905
115 8829 68.5427
115 10909 20.0138
115 11714 40.786
116 793 51.0836
116 3614 78.3632
116 4484 79.9059
117 2943 18.3024
117 6096 92.1233
117 10047 56.1459
118 1561 16.648
118 1653 52.6256
118 7116 85.2804
118 15300 25.3468
118 15891 80.852
119 544 58.007
119 11350 37.7977
119 15240 42.5305
119 15784 28.5092
120 8294 123.043
120 12616 106.62
120 13973 103.776
121 2647 63.1497
121 6297 133.903
121 11012 63.1583
121 16886 55.2156
122 3448 65.0088
122 4868 74.1146
122 4895 76.0556
122 11842 89.6532
123 2442 59.4024
123 7416 89.1228
123 11526 49.0319
124 2656 59.8421
124 6971 84.5801
124 9722 13.7666
124 9972 66.4166
125 8557 109.066
125 10404 61.8247
125 14387 93.9769
126 1571 77.0534
126 10724 43.9286
126 10881 27.7525
126 13378 38.6145
127 9975 71.9888
127 10128 110.371
127 13888 106.405
127 15118 63.2527
128 6909 8.18332
128 9114 7.09806
128 14684 39.0034
129 2488 34.0292
129 4843 69.4148
129 7285 86.0588
129 14059 64.5146
129 15407 90.6932
130 4633 32.488
130 13994 71.9181
130 14394 36.8331
130 15404 37.1855
130 15450 54.1453
131 2693 94.7786
131 12562 87.766
131 14661 103.971
132 953 44.2418
132 5052 79.0042
132 9759 34.8712
133 172 74.3232
133 921 81.0786
133 8259 72.2869
133 9609 16.1962
133 10707 53.9999
133 14514 87.0358
134 9054 30.9474
134 10060 62.0787
134 12251 74.8476
135 12863 19.3012
135 12919 97.5293
135 14420 49.1585
136 6898 97.703
136 15514 32.4545
136 16739 26.0235
137 5895 23.8575
137 7261 62.4992
137 10645 86.4901
137 11844 40.6993
138 1861 77.8276
138 5586 111.687
138 7189 28.7467
138 12095 81.0319
138 13858 33.1008
139 7281 58.5806
139 7514 55.2771
139 16377 92.2996
140 7718 28.5315
140 10977 33.9863
140 13682 65.2251
141 1274 50.0017
141 4770 30.2314
141 11070 38.6489
141 17141 62.3396
142 6781 70.9656
142 11360 75.5371
142 11598 134.272
143 3201 43.4324
143 11631 115.492
143 11804 90.0941
143 17118 56.8888
144 2939 4.12504
144 6435 82.2946
144 15065 69.681
145 1433 59.7836
145 2338 71.06
145 4695 79.8453
145 10035 65.9824
146 1908 47.4928
146 6612 44.7313
146 7131 14.4897
146 13048 80.2771
147 6784 99.9858
147 6830 15.9566
147 11398 73.7164
148 1313 39.6989
148 9429 37.2066
148 13212 37.0531
148 15792 47.0477
149 1070 50.746
149 3336 42.5549
149 5745 72.1633
149 14148 31.7304
149 14791 53.1754
149 16604 26.8729
150 1186 104.858
150 9240 80.3514
150 14110 9.08161
151 637 64.1787
151 4249 62.1971
151 5964 83.453
151 5987 35.755
152 10275 92.4835
152 14724 41.3359
152 15251 90.8199
152 16770 74.4701
153 176 86.0815
153 3747 70.9233
153 11016 82.6699
153 12880 47.0057
154 6624 54.8696
154 8518 54.5861
154 11737 19.2341
154 12930 64.6076
154 16721 36.826
155 1176 87.7351
155 8212 27.822
155 13965 142.893
156 4230 29.1271
156 5603 49.7978
156 10588 61.5027
156 16654 68.4365
157 5707 43.5105
157 6861 70.7224
157 9588 142.251
157 14115 67.9577
157 16859 53.6753
158 4850 83.72
158 5381 87.0254
158 8525 68.6323
158 12825 58.8524
159 345 107.718
159 2316 122.333
159 5527 70.0594
160 8305 44.2603
160 12191 28.5568
160 12219 21.2885
160 16135 26.7462
161 754 39.2907
161 5565 77.0277
161 14964 41.5777
161 15025 57.4883
162 1985 70.4167
162 6089 95.8554
162 9606 114.359
162 13984 40.4227
163 3350 94.5927
163 6754 76.4073
163 7248 97.1922
163 9593 55.8276
163 11703 62.9849
163 14032 88.2849
164 13367 30.6778
164 13722 12.3776
164 15560 50.2241
165 1791 52.2178
165 2538 42.7801
165 8448 66.7085
166 2418 40.3794
166 4093 49.8768
166 12648 91.3977
167 4355 49.5747
167 5198 56.5972
167 5343 20.6759
167 6908 98.2687
167 11816 96.6531
167 16646 178.596
168 6859 79.8473
168 7000 61.5694
168 10199 78.4052
169 4299 111.12
169 13216 31.4802
169 17034 115.597
170 910 38.6057
170 2561 51.6396
170 7603 59.1656
170 15536 43.5369
170 16228 39.9671
171 1850 20.8365
171 4916 110.75
171 13886 116.495
172 7725 91.39
172 8979 49.772
172 10707 27.5736
173 6410 42.9667
173 13641 64.2454
173 14389 6.89932
174 3506 65.4619
174 6261 25.9363
174 7891 53.6534
174 9789 117.508
174 15513 149.496
175 5405 68.8389
175 6070 31.3378
175 7686 44.9044
175 14292 67.71
176 6229 26.2343
176 6332 56.6513
177 1341 132.912
177 4563 99.0245
177 15741 34.6679
178 3541 94.9582
178 10240 64.6985
178 14055 61.7006
179 2928 96.331
179 4008 12.8128
179 5325 62.2329
179 9546 79.4582
180 7698 60.8877
180 10127 63.7002
180 10838 92.6041
180 14057 50.5652
181 2626 15.6538
181 8095 77.5069
181 9967 32.5066
182 1761 75.6971
182 5279 58.4778
182 10223 7.46959
183 2223 111.433
183 3853 72.9414
183 8462 62.9837
183 12170 79.1939
184 2554 46.261
184 8029 53.6132
184 8666 50.2275
184 10584 92.2246
184 15105 40.2386
185 2886 76.6406
185 2960 91.2072
185 8031 46.6777
185 16184 10.5495
186 10320 24.9183
186 10477 52.2291
186 15179 33.6608
187 2494 119.003
187 6020 10.2272
187 10090 78.1436
187 15479 111.155
188 3160 53.3127
188 5968 27.4563
188 10302 28.8704
188 15253 32.4741
189 482 61.6029
189 1738 60.9831
189 15545 44.8499
189 15693 37.1803
190 1694 82.9452
190 2479 102.856
190 8015 70.6503
190 9721 4.99302
190 12411 36.8168
190 14654 29.4842
190 17156 45.8462
191 2583 51.4689
191 4197 33.6367
191 9574 35.6827
191 13917 38.3406
191 16670 46.5901
192 7754 64.5193
192 10519 38.3033
192 12596 53.03
193 5926 102.049
193 9618 57.0004
193 10742 68.7511
194 4555 110.485
194 10157 98.0218
194 10513 26.9225
194 12881 53.0608
195 10474 88.981
195 10516 104.218
195 15942 72.7203
195 16234 119.463
195 16991 87.0064
196 1298 92.5587
196 1897 56.1538
196 5303 51.8941
196 8173 59.7647
197 1290 51.8251
197 3932 73.3942
197 5236 15.1758
198 4889 16.3585
198 7461 54.6879
198 12738 37.1099
199 1934 79.5084
199 2633 98.8538
199 12249 57.6356
200 2409 65.7165
200 13580 66.8824
200 14296 11.8895
200 14621 56.7204
201 927 69.684
201 3490 60.5262
201 6483 74.3145
201 9772 41.7549
201 11917 88.8864
202 1582 46.2578
202 9243 78.8876
202 11093 42.5593
202 14048 5.19472
203 1447 23.6736
203 3670 16.4479
203 3990 30.3658
203 5411 61.4547
204 8403 33.7915
204 8436 46.5439
204 14795 46.1691
205 4267 30.8774
205 10970 25.2689
205 12498 57.0201
206 9463 76.586
206 10457 38.6748
206 11347 39.6772
206 12494 28.5549
207 2579 70.4264
207 6559 67.8318
207 10195 62.3205
208 1799 83.7919
208 3704 43.0221
208 5583 76.4435
208 8051 118.94
208 9673 41.441
209 8633 63.5418
209 14878 81.8506
209 16434 36.6646
210 6394 54.0762
210 15417 102.853
210 16032 38.7492
211 1479 21.1429
211 2104 30.185
211 10349 32.2136
212 2182 55.4654
212 8496 60.4102
212 8562 80.2739
212 14355 36.5939
213 4841 74.4145
213 8503 70.7321
213 15626 55.3679
213 16409 43.2363
214 8806 114.06
214 12903 4.55492
214 14975 83.1028
214 15493 79.8071
214 15801 69.7805
215 783 35.5621
215 1876 34.6773
215 3592 27.7846
215 15078 61.7256
216 908 32.7148
216 12090 86.1381
216 16459 41.7118
217 3397 39.3655
217 6315 41.3828
217 9870 15.47
217 11205 40.0064
218 7728 83.297
218 10358 75.9555
218 16718 70.24
219 7238 47.063
219 7595 82.9887
219 8987 40.1879
220 2995 17.431
220 6799 114.068
220 11448 84.7417
221 4740 93.2044
221 9925 22.728
221 16779 54.737
222 1403 106.669
222 7174 93.4141
222 7209 37.9677
222 7214 109.565
223 849 92.5058
223 2070 31.815
223 3100 45.6532
223 5721 63.6851
224 425 37.748
224 2228 116.566
224 4080 73.7018
224 17021 46.2717
225 8602 36.0506
225 15215 40.7374
225 16889 73.3911
226 3735 67.9782
226 13703 72.8484
226 16748 69.0259
227 3052 34.0771
227 4546 79.1955
227 5859 60.1886
227 7152 21.0346
227 17049 9.34633
228 6770 60.1349
228 8955 69.9189
228 14413 33.9704
229 591 47.6792
229 11892 47.9892
229 15531 45.5808
229 16627 22.5564
230 995 91.8872
230 5542 90.4802
230 6150 24.3226
231 1159 22.1954
231 7057 57.0896
231 11323 69.8398
231 11457 64.2215
232 5550 16.2558
232 6489 39.1044
232 8331 70.9559
233 6317 70.3052
233 9596 72.0844
233 14523 31.4116
234 1203 22.7874
234 3329 21.0443
234 3488 66.7544
234 4591 52.318
235 10004 81.9984
235 10205 26.0553
235 14898 108.505
235 17161 39.8414
236 2929 16.5753
236 4885 69.0255
236 5147 40.7991
236 7040 115.838
237 7489 84.0671
237 8676 47.1908
237 11539 50.3982
238 7035 65.3978
238 9960 55.0277
238 12269 66.9849
239 5115 56.133
239 9890 67.2532
239 11359 86.1827
239 14954 67.4301
240 1287 33.4756
240 10146 61.1029
240 11639 42.0354
241 2288 69.3131
241 5920 49.5327
241 5925 60.459
241 8507 74.426
242 6146 78.3314
242 7246 53.9934
242 11198 53.3837
243 2763 25.0318
243 12126 130.373
243 15070 35.4092
244 5842 82.4235
244 11573 118.701
244 12442 54.3713
245 5375 67.3309
245 9167 41.672
245 15854 57.4335
245 16536 41.7196
246 6627 27.3955
246 15583 38.314
246 16380 47.1212
247 7429 15.463
247 7767 44.9097
247 11463 34.2041
247 15659 53.8235
248 5202 55.1665
248 15902 79.7345
248 17114 49.869
249 6204 122.29
249 7417 43.2549
249 12971 78.5285
249 15369 114.709
249 16193 41.9637
250 3698 61.2962
250 10345 124.436
251 2169 96.6781
251 4576 105.582
251 14676 68.0194
252 7402 101.371
252 9402 90.9425
252 14344 74.9357
253 8207 30.8437
253 14333 51.2859
253 16089 47.9409
254 9276 63.3358
254 12755 81.6773
254 16494 31.4703
255 4791 60.963
255 10573 73.026
255 10629 64.1325
255 13555 72.797
256 2827 97.6744
256 13133 69.0445
256 15717 95.1976
257 2651 47.262
257 6537 34.4645
257 7338 62.9555
257 11749 56.7102
258 7022 13.8674
258 7090 69.6158
258 15860 24.8821
259 12371 58.7523
259 12730 7.72105
259 13968 76.9106
260 4082 26.72
260 6559 82.4321
260 7211 14.9349
260 9778 65.6335
260 15363 48.4191
261 5072 84.7101
261 10082 35.6713
261 13801 30.4899
262 4639 95.4496
262 6426 62.594
262 12292 93.936
263 369 53.3861
263 8655 106.728
263 9951 35.1469
263 11233 35.5917
263 16966 21.3276
264 8582 88.6835
264 11962 82.2375
264 15010 61.7138
265 5846 22.5861
265 9158 50.9675
265 10755 53.7845
265 11077 105.957
265 13332 101.99
266 2217 18.7899
266 3233 29.2641
266 10389 75.8133
267 5265 26.5125
267 9971 34.6894
267 11229 32.6518
267 12409 34.9897
268 7433 107.594
268 10974 81.2092
268 11407 74.8958
268 13377 100.718
269 4809 72.5446
269 9836 31.3912
269 10466 97.6623
269 13176 63.9485
270 4854 56.1923
270 5661 89.906
270 7343 106.297
270 13487 16.5897
270 15074 95.0837
271 8653 52.21
271 11887 67.321
271 16026 79.8417
272 11541 27.702
272 13350 48.1859
272 15000 38.5102
273 698 83.8228
273 8163 33.202
273 16611 62.0567
274 2186 19.0945
274 4820 17.0737
274 9038 34.7926
274 13309 26.4263
274 15112 48.1455
275 3554 48.6728
275 13813 65.754
275 15607 77.1339
276 3287 58.5912
276 10761 63.5034
276 14019 48.5742
277 545 46.7427
277 4933 55.2296
277 6346 56.5811
277 9105 84.888
277 16586 73.048
278 516 42.0466
278 14757 70.0631
278 16804 42.9396
279 9543 47.4217
279 13256 48.2764
279 15754 27.8665
280 766 56.3694
280 1218 107.379
280 7273 57.9299
280 15616 61.0892
281 5136 63.3573
281 5175 28.6665
281 10407 96.0132
281 10811 51.004
281 13729 89.1586
282 676 78.4068
282 1439 72.2503
282 5571 78.9035
282 9710 66.0385
283 10731 54.1273
283 12003 38.8046
283 12804 52.231
284 6326 65.5051
284 11060 52.0758
284 14146 41.7508
285 1652 70.3716
285 8940 98.3658
285 12476 105.181
285 17143 8.19779
286 2729 61.384
286 2919 139.362
286 13063 77.8854
287 1444 67.1886
287 8820 52.7418
287 15352 47.1146
288 4060 58.5876
288 13357 78.484
288 13597 13.1829
288 13639 77.9031
289 565 35.788
289 1122 64.9602
289 15038 4.22171
290 4868 30.5804
290 11842 78.6302
290 14836 71.4373
291 749 63.4447
291 13777 46.864
291 14509 17.4969
292 13770 7.53381
292 16679 74.5045
292 17029 20.289
293 3750 48.1996
293 11512 49.0627
293 12931 55.9645
294 2572 40.9285
294 4828 73.1166
294 5032 111.73
295 928 79.3553
295 13752 33.2473
295 15791 26.226
296 1680 24.0374
296 2272 50.7269
296 3725 78.6106
297 6400 21.594
297 11713 46.8088
297 13171 41.3117
298 8354 31.3062
298 10377 32.816
298 16349 28.3764
299 1061 110.961
299 7537 36.4614
299 10202 71.6451
299 13928 40.9965
300 6300 24.0325
300 10449 23.3883
300 12118 71.787
301 4191 79.0773
301 10889 27.7749
301 16549 79.9775
302 2450 14.8459
302 3498 109.644
302 5246 57.0489
303 5690 61.7313
303 9739 77.9993
303 14352 29.956
303 14997 56.9121
304 2994 87.7452
304 8603 67.936
304 15969 172.834
305 8112 34.9978
305 8208 23.1363
305 8844 69.5099
305 9185 70.3375
306 3697 56.5817
306 10418 79.8118
306 14128 62.3568
306 15787 78.0842
307 1141 98.8771
307 4320 18.3615
307 5152 76.0156
307 6174 86.353
307 7458 82.1315
307 17052 67.8072
308 3176 74.6541
308 4499 29.3108
308 15132 24.7457
308 16848 8.73441
309 330 64.6812
309 3464 59.7097
309 3672 73.8924
309 7762 45.8864
309 9796 42.2529
309 15391 75.3658
310 966 38.8171
310 3339 63.9046
310 8742 81.2758
311 11097 43.0373
311 15001 75.4917
311 16241 59.6596
312 1129 52.2472
312 7150 52.1463
312 7185 16.5092
312 7279 28.7525
312 11629 63.7378
312 15661 36.174
313 4280 90.7567
313 7612 74.2875
313 16117 34.3677
314 9424 48.2789
314 10446 46.4823
314 14307 29.4614
314 16181 34.7814
315 1006 60.6426
315 6789 58.4819
315 15310 114.045
316 1079 52.8442
316 8196 39.7153
316 13303 46.3405
317 4608 12.5361
317 6086 33.65
317 12105 116.425
317 16070 126.149
318 7113 46.7267
318 9810 31.4023
318 11578 32.3277
318 15409 66.0466
319 1351 46.2005
319 1750 110.416
319 5313 46.4968
319 11036 106.953
320 3016 48.5309
320 6486 73.9322
320 6896 37.207
320 7230 73.191
320 7778 25.2902
321 1010 31.2831
321 5053 101.259
321 7832 50.987
321 12588 65.7619
321 16952 49.7354
322 3578 33.8331
322 7860 77.504
322 15126 46.5115
323 3945 27.2356
323 6074 65.5716
323 11447 70.7944
324 2550 97.4429
324 10154 145.65
324 10700 91.1542
325 5639 102.514
325 6916 65.8296
325 8110 60.9058
325 16041 31.3082
326 4830 50.7976
326 9481 17.9595
326 13439 35.9068
326 13889 63.6488
327 8046 53.5838
327 10943 90.0878
327 16488 6.16736
328 1612 27.1289
328 4745 92.8689
328 10723 127.732
328 16182 70.0803
329 1100 69.0075
329 7810 38.2374
329 16973 26.419
330 7762 39.1059
330 9796 29.7738
330 11587 44.8792
331 3278 94.3988
331 3428 50.1424
331 16563 54.7272
332 3734 24.9042
332 7372 124.552
332 16806 114.723
333 9590 45.5099
333 12393 67.9201
333 15295 26.9772
334 5383 52.1059
334 13397 108.427
334 13411 8.79916
335 3907 76.6191
335 8594 114.374
335 9347 88.6717
335 17107 114.212
336 3648 14.2825
336 5132 50.0778
336 14416 73.9463
336 16825 37.8372
337 1373 65.4228
337 7316 63.2991
337 12043 72.8503
338 9735 52.4337
338 14629 53.9424
338 15329 89.7418
338 16527 94.9367
339 4457 21.5166
339 5983 29.9931
339 16149 89.8227
340 6901 55.3298
340 12316 95.4903
340 15707 65.1135
340 16205 65.2149
341 7598 38.802
341 10259 44.7002
341 13970 64.4056
342 4785 8.60163
342 8671 82.4936
342 9954 61.7699
343 844 55.3623
343 4494 52.4118
343 5719 44.3987
343 6950 131.018
343 15899 34.7546
343 16363 28.4418
344 4395 44.1503
344 6516 35.1614
344 7088 66.5104
344 7122 85.2312
344 12604 51.2882
344 14838 54.8489
345 1594 82.9844
345 5527 152.241
345 12518 9.54494
346 483 110.477
346 11972 72.3515
346 15351 55.7915
346 15992 59.3414
347 5643 42.3156
347 9694 12.8193
347 12872 36.7787
348 2043 113.471
348 3914 44.1785
348 6134 51.1051
348 8565 72.5493
349 1854 42.3286
349 4752 52.6359
349 13481 80.3414
350 2847 97.6676
350 10665 72.887
350 11751 57.9057
351 1057 57.8632
351 2282 48.0079
351 3967 24.7212
351 6002 68.0629
352 5093 33.0678
352 8954 53.2898
352 10368 95.8083
352 12723 17.848
353 872 59.9513
353 4201 87.1582
353 6286 40.5758
353 8811 73.8112
353 9388 63.8782
354 8171 70.6479
354 9975 58.6689
354 12059 46.3515
354 15382 61.4555
355 1537 98.9013
355 2749 27.3126
355 12267 22.5197
355 14383 105.969
356 4921 48.317
356 5873 55.5821
356 9194 12.4934
356 9911 30.8694
356 11910 46.0681
357 3356 49.8796
357 10710 109.222
357 14938 16.6357
358 4981 15.7361
358 6535 58.4698
358 16315 17.7609
359 3661 46.9746
359 7300 63.6174
359 11301 96.3689
360 5012 65.8103
360 8137 66.5513
360 12428 28.8841
361 3928 75.5853
361 7322 40.5273
361 11668 56.66
361 15226 138.95
362 1167 85.1521
362 10288 75.8663
362 15154 67.509
363 12241 73.8197
363 14308 41.526
363 15795 6.66888
364 5315 53.9105
364 12115 55.5105
364 16014 39.2906
365 2799 37.6142
365 11321 51.7585
365 11995 37.96
366 2517 51.9504
366 14299 34.2568
366 14779 57.2395
367 3901 55.1444
367 5908 55.8582
367 6050 31.5316
367 6940 43.4213
367 11719 71.7834
368 6171 51.9212
368 6898 49.6386
368 8744 35.6101
369 8932 77.6631
369 10840 44.5179
369 16966 27.2734
370 7078 73.5106
370 9767 127.491
370 10284 47.0449
371 595 141.264
371 4210 51.6939
371 7846 98.8331
371 13534 73.8879
371 16369 102.161
372 2613 113.037
372 8867 63.4454
372 13626 39.0956
372 15083 22.0985
373 4450 70.8826
373 6552 87.1684
373 10149 54.4589
373 11621 41.7268
373 14341 56.1744
374 10954 75.8419
374 12151 25.5592
374 13871 64.5036
375 1826 134.199
375 7672 63.9514
375 10529 15.8265
375 15053 91.7573
376 3032 62.5046
376 4362 59.837
376 6071 96.4766
376 9540 71.3317
377 4557 39.8419
377 8293 42.1608
377 13972 48.2977
378 3559 59.0442
378 7745 25.397
378 12578 32.0308
379 2242 81.223
379 11171 78.8468
379 15432 51.7388
379 16551 89.2162
380 1866 108.515
380 11137 46.4559
380 14304 87.966
381 3530 62.19
381 7347 55.0515
381 7952 19.8477
381 10441 54.2845
382 6874 18.8348
382 10512 29.3976
382 11805 53.9117
383 3707 70.6348
383 9712 90.9745
383 15615 81.6566
384 714 51.7859
384 4742 27.5909
384 5186 17.2375
384 16110 68.0981
385 567 15.7031
385 2222 68.2025
385 10134 8.46069
385 16435 39.6184
386 2358 76.9621
386 4337 48.9983
386 13905 126.824
386 14375 15.9056
387 8455 65.2068
387 8970 38.1015
387 9152 43.7975
387 11687 59.6956
388 876 55.1407
388 3944 49.9138
388 6801 57.0238
389 1618 41.4771
389 2486 64.989
389 10640 22.3108
389 10733 65.032
389 15556 64.8297
389 15835 25.7405
390 4675 89.279
390 5426 12.6749
390 16691 83.8167
391 6859 66.2691
391 11150 67.6216
391 14637 52.1358
392 1743 76.9036
392 2197 79.541
392 15240 90.2115
393 1266 46.1572
393 3149 31.4249
393 11984 90.6506
394 2082 59.4445
394 2942 38.1971
394 7545 47.8901
394 9356 63.5392
394 10002 47.6709
394 14857 58.7991
394 15313 60.3339
395 6099 27.9823
395 8094 47.1774
395 10439 31.9841
395 13254 30.2237
396 2029 79.061
396 11254 44.2898
396 13877 52.2699
397 2235 89.813
397 15021 70.9747
397 16788 69.7207
397 17010 110.899
398 12610 55.5129
398 14722 54.4905
398 14805 29.4515
399 2215 77.2734
399 7776 25.976
399 12540 57.15
399 14422 52.8835
400 4673 96.2997
400 6458 24.6303
400 9896 49.511
401 2247 70.1952
401 4411 23.696
401 8081 13.9585
401 16011 50.9803
402 5317 102.703
402 11878 62.8633
402 16070 28.4407
403 5827 32.8739
403 7496 38.2952
403 12912 35.5413
403 14573 86.0886
404 10599 33.1597
404 15395 64.2173
404 16856 75.2902
405 2581 73.8727
405 5789 19.2253
405 14865 42.6985
406 2377 5.15324
406 3851 32.6523
406 13250 4.78174
406 14815 76.3568
407 7135 30.0775
407 8580 66.3404
407 15873 30.6561
408 4962 80.7945
408 6745 33.6193
408 16827 31.1646
409 2653 63.1936
409 8316 82.0654
409 10637 48.394
410 9565 72.156
410 15213 32.9074
410 15494 88.8341
411 2416 43.9236
411 6671 26.8001
411 8741 53.4995
412 5709 4.77193
412 15159 70.3886
412 16751 85.8564
413 12298 72.4319
413 13452 38.4143
413 15192 71.1256
413 16173 50.4522
414 5320 67.3193
414 8282 40.2237
414 12295 30.7771
414 15088 43.2017
415 5283 42.4638
415 8728 22.8865
415 11564 84.4656
416 1279 64.5598
416 2326 45.4917
416 7922 32.562
416 8612 76.8086
416 12231 13.6875
417 8750 61.1393
417 12097 98.892
417 13465 73.8602
417 14797 85.9982
418 8228 138.11
418 14460 66.7102
418 17073 120.97
419 5035 27.6108
419 6786 82.8795
419 10271 63.5713
419 16050 76.1938
420 7963 47.1297
420 11499 56.5624
420 17170 28.2704
421 5051 20.8332
421 5461 74.3419
421 6691 24.3055
422 6305 88.5657
422 6827 62.2383
422 11239 66.6729
423 6288 55.9423
423 6666 42.4367
423 16623 89.047
424 1931 64.1372
424 2978 61.8517
424 9715 103.947
424 9735 83.7392
424 16527 73.0919
425 7509 31.3784
425 13028 54.7566
425 13251 104.543
425 17021 14.9247
426 1935 41.6929
426 4622 63.8244
426 8508 56.5666
426 11197 50.3803
426 14568 40.0089
427 3635 58.5813
427 7742 87.7757
427 12127 62.2879
427 13185 9.75613
428 1817 41.2044
428 5117 18.6743
428 14714 38.212
428 15089 18.7581
429 1544 39.309
429 6186 17.4097
429 16762 60.1624
430 4749 97.486
430 9612 54.4477
430 13457 33.6443
431 3035 67.9784
431 4106 52.3252
431 10483 41.6617
431 15030 30.9395
432 1328 63.0134
432 3812 102.705
432 9780 105.056
432 10934 122.72
433 10056 20.477
433 11442 80.8764
433 12224 92.0967
433 14705 81.765
434 7738 37.711
434 8133 53.6665
434 10069 56.9087
435 3075 35.4319
435 4314 56.4055
435 7383 10.7498
435 7915 63.4889
435 15557 54.0921
436 5524 51.8882
436 12621 91.4804
436 13766 120.774
437 2513 88.8331
437 7655 24.1486
437 16252 73.5586
438 5980 22.3703
438 7121 105.048
438 8227 26.4902
439 517 62.3228
439 8881 58.6419
439 16362 113.492
440 11682 131.401
440 14965 105.756
440 17099 67.3497
441 5492 64.3899
441 13143 85.2457
441 14034 83.5151
442 4511 44.8668
442 6111 33.3641
442 16782 17.3374
443 3370 48.891
443 8686 51.9549
443 14927 25.2071
444 7539 23.7666
444 14840 68.6802
444 16102 75.6379
445 13323 128.427
445 14079 165.31
445 14099 82.738
446 2006 59.154
446 3650 53.2288
446 8192 51.886
446 9979 34.8747
447 3610 52.389
447 5273 47.8645
447 14202 34.6698
447 16140 49.3453
448 4103 75.3505
448 8408 84.7057
448 16404 29.3737
449 13019 21.2448
449 13904 104.815
449 14757 54.9521
450 1849 78.5725
450 8864 69.1448
450 11475 106.961
450 15072 9.63195
451 522 54.0332
451 1700 8.29177
451 4327 55.5107
451 6248 56.7508
451 11864 40.9899
452 724 95.6141
452 1865 73.3616
452 2321 94.6998
452 4296 58.8042
452 9155 75.1143
452 13832 57.9831
453 2280 52.8403
453 3923 28.8734
453 4032 117.964
453 13349 19.1501
454 1701 84.6181
454 11545 63.4835
454 16318 139.735
455 2105 47.5213
455 2283 59.0637
455 3546 70.0221
455 9764 52.1522
455 10649 25.7058
455 12236 18.8727
456 4914 22.7483
456 8903 64.3403
456 15283 17.227
457 1318 44.2538
457 6047 38.4772
457 7898 63.1207
457 9043 16.4921
457 10258 81.2322
458 10176 57.1309
458 14784 50.0985
458 17094 53.9007
459 1387 10.8095
459 1930 68.7437
459 3862 56.6822
459 9200 75.9401
459 15433 39.1449
460 2682 48.1405
460 4052 64.6077
460 4079 60.996
460 5264 75.332
460 11438 80.0343
461 11260 58.4815
461 12077 87.8263
461 15626 82.0117
461 16503 103.793
462 561 78.9439
462 1669 28.2807
462 8286 57.5931
463 2752 70.8408
463 2819 8.36108
463 15648 88.072
464 5391 96.6529
464 8301 204.347
464 11977 44.3596
464 13267 55.9692
465 3910 77.0391
465 8299 17.4296
465 14853 66.8419
465 15518 52.8345
466 10018 28.1688
466 15018 36.3953
467 499 79.0185
467 1481 21.8282
467 3768 10.15
467 5991 31.2808
468 486 54.5585
468 7466 131.052
468 10806 82.4597
469 2401 36.2015
469 4484 13.6318
469 8791 81.3786
469 16675 139.434
469 17070 78.7309
470 1909 58.6737
470 2001 96.7002
470 3227 69.6325
470 4380 109.898
470 5258 75.7312
470 16772 76.9424
471 11747 3.86927
471 12801 48.321
471 13915 74.0724
471 17051 115.074
472 5782 42.9201
472 12941 61.0555
472 14190 74.4774
473 3395 38.7611
473 3675 126.373
473 9956 54.8091
473 13601 23.4637
473 14107 53.2352
474 4478 45.0161
474 5484 32.5621
474 8819 4.46485
474 15462 43.7494
475 3626 42.6527
475 6169 86.0665
475 11757 59.8884
476 8542 73.7199
476 10098 68.8541
476 10226 52.3921
476 6311 67.4174
477 2781 29.795
477 6693 47.2883
477 12640 47.7736
478 4065 77.6533
478 7485 87.3788
478 15304 116.114
478 16620 75.1984
479 2773 29.2964
479 13660 94.2058
479 15243 68.5321
480 2286 26.2857
480 4454 57.7483
480 10783 65.9554
481 3388 52.3542
481 5937 63.5939
481 9003 83.4582
481 14428 96.0138
482 3003 29.4279
482 8429 46.6527
482 15545 30.7173
482 15804 86.2803
483 6359 59.3958
483 15992 93.6905
484 587 35.7398
484 5564 66.0371
484 11738 65.909
484 13073 37.1001
485 7102 26.079
485 11294 68.1823
485 16926 74.9436
486 7335 139.279
486 10806 72.2618
487 10255 25.9679
487 12189 48.7121
487 15972 56.5677
488 1676 51.1161
488 5322 43.3424
488 17108 40.5399
489 2437 82.0792
489 4081 30.6837
489 4397 27.2379
489 14461 35.7504
489 14723 115.794
490 3192 18.4578
490 8198 31.4002
490 13643 67.0522
491 813 47.3636
491 4092 33.5939
491 6107 28.5603
491 7170 103.243
491 11049 46.6013
491 11975 17.8426
492 8101 52.2206
492 10670 28.8122
492 12460 55.641
493 5759 104.206
493 6787 57.8246
493 8755 69.3139
494 1790 53.5475
494 5775 46.2369
494 7976 20.3117
495 1681 81.9526
495 5171 23.6027
495 6176 37.4705
496 1732 57.389
496 13186 53.9361
496 16821 66.4232
497 5528 75.6514
497 9844 52.8931
497 10224 53.1194
497 15114 35.1853
497 16258 34.5447
498 10836 62.9883
498 11460 51.2038
498 12685 62.6167
499 1953 96.5828
499 5991 66.4048
499 11005 48.3604
499 14750 83.0601
500 1619 47.2262
500 11548 39.3429
500 16279 78.3815
501 7549 67.7988
501 10110 50.2449
501 14631 62.7454
501 16991 62.9117
502 2227 42.5617
502 6376 49.6635
502 8629 63.8344
502 16780 114.219
503 7468 62.3631
503 14076 102.767
503 17130 52.3761
504 7664 49.2216
504 8365 50.1431
504 8877 75.7024
504 14329 45.6915
505 3436 36.3565
505 3551 42.9528
505 5338 50.1773
505 11315 34.0741
506 873 31.1797
506 1740 101.026
506 3879 51.0024
506 5749 33.3496
507 3988 34.0115
507 5508 141.992
507 15808 127.403
508 638 67.4192
508 2261 71.1917
508 6262 56.9825
508 13317 75.2296
509 1663 41.5997
509 2178 40.6488
509 5013 48.4106
509 8035 56.611
509 10961 47.5474
509 16580 48.7078
510 5325 35.7451
510 12666 47.0642
510 14472 63.5088
511 6468 9.2759
511 7658 28.5233
511 8859 68.5022
511 16899 49.1079
512 4200 81.8273
512 12314 46.0009
512 13199 45.9342
513 1155 54.4249
513 2841 134.647
513 3717 125.974
513 14192 78.5828
513 16662 83.2703
514 980 108.091
514 8855 76.0161
514 17000 55.3429
515 4813 41.7159
515 8188 44.6225
515 15085 70.1049
516 13147 51.2926
516 14757 62.4143
517 5585 43.623
517 8338 89.3272
517 10179 96.0182
517 16362 78.264
518 2772 58.9051
518 3516 98.3633
518 7690 54.9048
518 11548 105.817
518 13347 67.8971
518 16279 68.3739
519 2820 12.9798
519 5461 42.0547
519 7677 105.813
519 10706 54.7286
520 5433 35.373
520 8764 61.0303
520 10925 46.4539
521 7507 70.7268
521 9147 46.6108
521 9594 46.2683
521 10184 38.2343
522 6248 20.6715
522 7554 22.7705
522 10611 55.6289
523 1461 99.0276
523 15419 49.6558
523 15498 80.6153
524 727 46.0077
524 5118 48.5637
524 8405 21.5478
525 2302 46.1616
525 7010 31.7148
525 7399 46.1673
526 1484 89.0528
526 5874 57.9511
526 15569 37.8375
527 2375 19.5365
527 4797 22.0589
527 11814 62.4726
527 15359 94.4615
528 9016 87.3128
528 10657 58.3824
528 15074 57.9087
528 17142 65.5821
529 9563 60.6706
529 9752 67.0647
529 12007 92.055
529 16242 52.2419
530 619 89.8006
530 2678 9.57726
530 6404 37.556
530 7754 15.6883
531 9334 52.9038
531 10630 28.4533
531 11047 22.2551
531 14785 48.3024
531 16996 39.8437
531 17041 19.7169
532 3226 100.723
532 5835 44.3473
532 6395 47.6933
532 10303 52.5316
532 12805 58.6477
532 12952 52.802
533 3291 10.1951
533 4937 129.065
533 14008 99.7122
534 2649 93.6648
534 11764 40.8456
534 12253 64.4146
534 14522 60.2497
535 646 62.7847
535 7798 118.716
535 12273 75.1879
536 3875 38.1025
536 7853 103.276
536 8813 104.685
536 17159 47.5682
537 2010 98.2565
537 2301 41.2806
537 8705 119.304
538 5594 38.4757
538 9081 38.8941
538 9426 38.1639
539 4217 75.4887
539 16432 10.1063
540 1080 36.972
540 6149 12.6508
540 8459 35.0763
541 2381 49.4314
541 6499 129.178
541 6847 69.9248
542 976 70.6836
542 3299 62.181
542 8526 29.8385
542 11272 33.1062
543 2511 41.2028
543 3334 86.5104
543 3883 24.3564
543 7334 56.1416
543 9018 25.1477
543 12245 67.5207
544 13926 53.5391
544 14231 8.07366
544 14986 56.0155
544 15784 39.7804
545 6346 61.4585
545 16586 38.6416
546 10167 40.2797
546 10664 45.7943
546 15203 52.0002
547 10566 97.7686
547 11951 29.7575
547 13785 34.4964
548 2309 75.8454
548 9523 58.2003
548 10533 115.769
549 7590 48.4729
549 9294 4.15431
549 10845 37.1701
549 13036 34.7552
549 14186 54.4625
550 4561 9.9083
550 8169 56.1231
550 8641 31.9555
550 16333 9.3768
551 6546 55.5397
551 6970 60.2223
551 11657 78.0682
551 12822 43.1356
551 14994 91.5999
551 15117 71.9671
552 4430 65.316
552 7561 22.0844
552 10334 43.2262
553 4959 62.282
553 6646 40.806
553 14366 80.5343
554 1402 124.544
554 4160 63.7073
554 11132 67.5373
554 15265 98.8433
555 7194 94.5981
555 12341 26.7639
555 14183 27.0604
556 4497 55.017
556 10418 105.72
556 15787 36.279
557 3950 4.51106
557 5857 70.4441
557 13054 68.1177
558 665 33.6407
558 3219 73.1706
558 11958 37.0123
559 4268 88.057
559 4432 18.8109
559 5587 8.00733
559 16111 51.1099
559 16697 33.7577
560 2596 68.243
560 3394 56.3247
560 13222 10.7412
560 14275 6.5879
561 1669 32.7285
561 7837 57.029
561 9566 53.0155
561 16887 56.8373
562 2659 92.8176
562 8090 48.2513
562 13195 105.039
563 2188 27.2755
563 5988 23.911
563 9998 34.3632
564 6199 72.7518
564 7369 71.6195
564 14458 42.2673
565 1804 107.426
565 9881 99.6953
565 15038 69.5207
566 775 77.2619
566 12262 83.4045
566 15712 77.6187
567 10134 24.4424
567 16435 46.7938
568 1118 68.834
568 2346 75.0179
568 2685 40.2002
568 14794 54.7364
569 7763 66.2256
569 9248 102.613
569 16974 78.6771
570 651 30.3988
570 4076 36.9366
570 10374 16.4559
571 13273 47.7537
571 14528 55.9845
571 14922 30.9232
572 3599 35.9282
572 11597 43.4814
572 15930 42.3848
573 3687 82.5333
573 4851 75.8996
573 4881 34.8865
573 15790 93.1985
574 6819 71.5062
574 9160 57.7402
574 13103 32.1543
575 5182 38.3447
575 8061 30.6396
575 12699 51.3923
576 6616 37.687
576 10508 23.8069
576 10639 125.307
576 11983 25.0854
577 8368 94.8238
577 10821 88.7522
577 14224 72.2475
577 16528 142.168
578 8087 38.035
578 9610 20.8278
578 9873 92.4429
579 2555 74.6264
579 2890 105.872
579 11659 31.4496
580 5453 114.911
580 11598 22.9236
580 14315 32.1063
581 10076 20.5029
581 10488 21.4905
581 14302 34.9214
582 2493 54.2942
582 4316 66.0266
582 6344 97.1729
583 3522 58.2183
583 4487 85.0206
583 7736 85.2936
583 12049 68.4554
584 6671 53.5232
584 8256 64.6672
584 13478 16.524
584 15637 51.4058
585 4435 43.0946
585 11436 96.2801
585 14824 57.5668
586 6828 46.1018
586 12868 40.4114
586 16847 53.8879
587 5564 83.9409
587 11738 38.8782
588 1451 62.9901
588 2073 49.592
588 7398 60.2855
588 9184 29.4441
588 11286 78.0454
589 8140 80.559
589 11412 81.8382
589 13997 52.9898
590 2951 94.9251
590 9700 40.8771
590 15308 49.3541
591 2119 83.5142
591 7818 106.595
591 10551 93.7527
591 16627 56.5534
591 908 58.933
592 5593 90.827
592 6428 63.4933
592 11566 61.0801
592 13946 32.5964
592 14598 49.2812
593 6689 99.7021
593 14040 31.3099
593 16112 46.3041
594 13461 23.0386
594 13960 92.418
594 16437 118.558
594 16732 68.0671
595 9728 168.073
595 11832 56.2025
596 8989 109.608
596 14499 40.3619
596 15585 67.3853
597 3090 47.8405
597 7851 64.8818
597 12098 18.7219
598 5308 59.9878
598 15129 57.4675
598 15475 42.1408
599 1245 29.4961
599 7063 71.5593
599 14943 78.4153
599 15619 60.029
600 5260 54.4293
600 9795 122.9
600 11977 61.9867
600 13267 88.0826
601 6407 69.0724
601 10834 28.9843
601 15474 77.5088
602 759 69.6425
602 8554 40.7974
602 10206 52.2086
603 2909 61.9544
603 3860 70.368
603 7744 30.8559
604 4282 86.3055
604 12962 104.665
604 17024 52.2938
605 8578 75.9072
605 8721 73.964
605 10299 79.0287
605 13782 89.618
606 1999 81.4641
606 3206 75.4018
606 5150 57.4559
606 5276 32.4456
606 5411 46.2241
606 16541 43.8517
606 16868 51.9908
607 1848 64.5754
607 5083 68.2282
607 13821 65.0428
607 15956 33.6374
607 16555 63.495
608 1467 70.3172
608 1833 84.2147
608 16918 42.4169
609 2314 78.4534
609 4146 77.6667
609 5121 29.574
609 6403 62.555
609 16475 29.597
610 4749 46.9206
610 11883 50.3113
610 13808 99.1907
611 825 46.7172
611 12001 83.9741
611 14018 81.4028
611 15704 72.5013
612 1628 77.0118
612 9394 78.1788
612 15084 93.0495
613 2379 105.803
613 8302 40.6777
613 15059 56.439
614 1908 46.0304
614 3989 16.3446
614 6972 25.6766
614 14897 46.4837
615 10967 24.6803
615 14711 81.7508
615 16498 93.0593
616 2733 62.0728
616 6816 87.0843
616 8600 14.4493
616 13874 6.40353
617 4865 65.2097
617 7600 77.414
617 16024 74.1595
618 1248 69.2608
618 10339 46.913
618 13136 75.3883
618 14365 14.8871
619 8234 50.0312
619 13762 67.774
620 8131 51.2213
620 10515 73.9412
620 11249 69.4308
620 12312 59.6668
621 3034 64.8837
621 5909 23.2152
622 1314 124.105
622 4626 14.8942
622 6195 56.5711
622 7941 76.561
623 5618 90.4082
623 5953 104.145
623 11032 90.5276
623 11374 64.5428
624 5511 82.3785
624 9079 71.5876
624 11684 60.5922
624 16287 61.9298
625 1811 38.5106
625 2574 90.7249
625 6959 29.951
625 12927 82.1045
626 994 71.7821
626 10071 113.124
626 11495 66.0729
627 4762 75.7146
627 6365 103.587
627 15922 37.3864
628 2107 124.397
628 7073 59.5245
628 8611 74.5366
628 12473 74.4561
629 2116 78.9081
629 10411 17.0073
629 11615 49.0072
629 12030 53.7572
630 3573 98.734
630 4455 66.6387
630 6696 79.7687
630 9607 55.5949
631 4415 70.5182
631 6948 78.3882
631 16118 88.6408
632 5365 91.4998
632 6319 68.7667
632 9331 59.2297
633 3195 132.615
633 3623 119.581
633 12669 65.4436
634 4645 23.565
634 5010 64.3401
634 9246 75.6775
634 9934 34.8454
635 2232 65.9959
635 5694 78.06
635 8695 109.112
635 13578 22.1299
635 14709 27.2264
636 5176 69.4373
636 11418 29.514
636 12766 94.4994
637 4262 71.3836
637 5987 33.0191
638 2261 104.734
638 13575 36.9361
639 3861 36.5352
639 8957 41.5331
639 14847 65.1587
640 738 47.1822
640 9231 80.3336
640 9999 45.9875
640 11323 73.2205
640 11450 79.0305
641 5380 59.8592
641 6772 80.8213
641 10518 41.7271
641 14608 45.8033
642 7598 34.3242
642 11985 62.2605
642 13912 11.7435
643 2512 43.5281
643 6011 91.6542
643 6123 52.9644
643 10832 47.9767
644 7084 52.795
644 7220 113.327
644 9417 38.4859
645 2077 52.3375
645 13190 77.7163
645 14719 123.714
646 7798 60.005
646 12273 36.1215
647 1103 4.47902
647 7896 26.378
647 10456 26.271
647 17025 43.7502
648 2042 46.5228
648 4120 107.565
648 9786 49.6023
648 14558 20.1093
649 11982 6.6907
649 13593 48.2703
649 16075 62.3555
650 11052 71.6652
650 12579 92.756
650 14710 56.1177
651 1163 78.8375
651 4076 32.9777
651 9734 67.0793
651 10374 70.9349
652 828 62.7669
652 10165 48.2007
652 15800 58.5887
652 15888 84.4155
653 3517 72.2036
653 9522 54.4335
653 16371 80.7948
654 11171 50.2548
654 12751 93.3811
654 15432 75.7981
654 16551 111.042
654 17003 87.7558
655 2556 34.2401
655 3033 46.1334
655 16018 48.3953
656 9887 33.6527
656 10778 54.5065
656 11300 62.6877
656 16141 49.8928
657 12144 20.4725
657 13299 88.3894
657 13878 51.691
658 1227 89.1449
658 4192 65.0864
658 9672 42.066
658 14662 86.0919
659 856 101.049
659 3131 79.91
659 14497 54.5118
659 14841 67.8708
660 3956 51.4335
660 9510 32.9813
660 10215 74.6893
661 1074 48.1739
661 3050 32.806
661 9232 64.0764
662 1430 50.1383
662 8616 64.5131
662 11875 53.2551
662 15156 24.5248
663 3325 82.8286
663 9831 30.461
663 10631 72.6942
663 12392 42.6334
663 15893 100.461
664 5670 77.5503
664 9380 66.4474
664 14494 79.544
664 15090 73.9034
665 3219 124.738
665 11958 65.643
666 1359 79.9373
666 4185 92.853
666 16066 87.4874
667 1182 83.8097
667 6932 52.3985
667 10401 103.058
668 5305 40.0082
668 5976 62.0164
668 10734 102.171
668 12649 72.3286
668 13644 74.2338
669 5311 53.323
669 10589 57.0858
669 13054 57.7003
669 14912 71.3745
670 1177 70.4657
670 1548 127.684
670 1759 75.906
670 7771 69.754
671 5282 36.2398
671 6280 72.3201
671 11110 35.2131
671 13126 37.0058
671 14385 49.0441
672 1190 54.416
672 7654 18.373
672 9188 28.8798
672 16100 34.016
673 4155 54.756
673 4516 68.4756
673 8024 17.6819
674 7888 39.4911
674 13011 36.6693
674 16590 131.388
675 1000 19.385
675 5871 60.4007
675 10642 56.225
675 12587 28.648
675 15275 55.1687
676 5885 69.7969
676 16454 116.521
677 742 109.258
677 14000 55.5563
677 16429 108.658
678 754 82.2911
678 5950 65.8753
678 14964 58.2942
679 3478 86.3955
679 12514 51.1476
679 15042 65.9371
680 6508 30.7755
680 7486 64.2664
680 14648 78.0989
681 10167 81.4065
681 10904 20.8531
681 12036 62.4962
682 1342 24.3239
682 5978 33.888
682 6774 51.5617
682 8154 57.263
683 2245 80.1626
683 3763 71.7567
683 8696 37.7247
683 13191 72.2061
684 1016 110.247
684 5965 23.3597
684 15238 32.2236
685 3259 8.51403
685 3637 42.8639
685 6268 78.6465
685 16006 51.0438
686 5032 81.7273
686 9783 73.0793
686 11126 122.859
687 1277 70.2035
687 11685 75.4805
687 12461 64.5737
687 16244 74.2975
687 17075 132.457
688 1973 44.6122
688 5624 18.0396
688 9153 50.0417
688 12303 25.5529
689 842 62.6107
689 3078 29.3621
689 4652 33.1615
690 1414 94.9132
690 9579 28.2019
690 15659 64.4978
691 3638 73.4044
691 9041 73.6408
691 13754 80.5371
692 1456 91.3908
692 9452 62.5733
692 12821 30.2034
693 3571 107.941
693 5394 91.9017
693 5602 84.0992
694 5110 44.4986
694 10540 31.0571
694 15125 74.691
695 3391 66.171
695 11465 139.869
695 13955 45.5892
696 1459 72.7798
696 6267 50.4147
696 6589 54.9155
696 6729 68.813
696 8607 74.5871
696 10964 73.8005
697 4099 60.4299
697 6760 42.6761
697 10095 62.5663
697 14701 61.0766
698 3096 50.273
698 8163 75.3666
698 17168 12.6951
699 1089 64.5401
699 1917 56.9301
699 15175 55.3563
700 920 64.913
700 3958 26.5064
700 12854 98.7629
700 15649 84.4304
701 12223 42.9654
701 12342 27.6032
701 14393 43.3436
701 15110 34.1431
702 6217 58.1542
702 11616 53.384
702 11628 51.1374
703 1666 56.774
703 7683 41.7695
703 14411 42.5042
704 5086 23.1134
704 5604 53.6983
704 13538 75.8592
705 3044 69.3764
705 7692 85.4052
705 12154 58.0722
705 14853 72.2278
706 1355 57.5771
706 5385 55.1298
706 6919 110.635
707 1907 23.3189
707 5074 47.7027
707 8165 27.6665
707 9204 18.7131
707 15278 19.8762
708 11567 121.19
708 14027 30.9911
708 15650 110.92
709 6024 49.2369
709 10685 12.0384
709 10759 12.4014
710 1071 95.9637
710 10057 161.659
710 11388 23.1002
710 13469 4.54941
711 1422 72.6631
711 4966 77.3894
711 7897 77.1697
711 12428 76.3138
712 6291 24.9015
712 10435 40.0742
712 11732 28.6727
712 17157 47.3374
713 13773 46.3304
713 14818 103.199
713 15454 55.198
713 16680 98.2808
714 2036 89.5628
714 4742 57.4727
714 5186 47.4522
714 16896 120.807
715 7312 57.0456
715 14356 100.98
715 14569 42.4979
716 3864 35.9207
716 10413 47.8076
716 11909 78.4832
717 6157 68.215
717 10265 24.2042
717 13628 16.403
717 14160 37.1595
718 5044 65.2574
718 11209 28.6757
718 15463 58.54
718 16063 83.2545
719 7746 73.9029
719 8424 53.7973
719 13901 89.6598
720 6056 67.4205
720 6561 26.0091
720 9229 61.7737
721 4286 41.2441
721 4492 70.0178
721 5479 80.9703
721 14233 82.2642
722 1426 39.3304
722 4491 76.6679
722 13174 111.389
723 2689 55.7226
723 12381 48.7308
723 15163 35.2314
724 12712 78.7083
724 13971 91.1787
725 1353 50.9256
725 2834 47.2896
725 2884 49.4886
725 6022 66.5296
725 12558 70.9315
725 16456 48.2355
726 6641 23.5343
726 8638 53.3453
726 10603 41.6327
727 8405 31.2729
727 10573 63.5613
727 10629 88.3617
728 11266 7.85189
728 12177 36.9057
728 12438 126.35
729 7671 52.6657
729 14238 30.9073
729 16825 52.611
730 5960 32.587
730 9662 51.1279
730 13518 63.4973
731 1536 53.7515
731 1577 89.6319
731 5514 75.2872
732 2514 59.4686
732 9359 47.0353
732 9784 88.1086
732 13330 8.84665
733 1199 56.7971
733 2809 66.0462
733 7087 34.2883
733 10217 72.7952
734 6678 64.2355
734 11213 19.1758
734 14829 123.793
735 6044 32.7285
735 7411 24.7032
735 8193 71.209
736 6567 115.123
736 7226 123.365
736 8643 63.7652
737 6728 42.4169
737 12352 47.8113
737 13341 47.9061
737 14417 30.5326
738 9999 66.6723
738 11323 65.1998
738 11450 41.1022
739 1995 20.9378
739 5812 54.7342
739 10492 35.0375
739 10886 35.8529
739 16485 69.156
740 1943 104.654
740 3189 53.8374
740 10720 90.3291
741 5697 20.479
741 8473 59.523
741 11519 77.4493
741 13507 91.1658
742 5165 39.6372
742 15294 56.5534
743 3613 74.2381
743 7809 133.365
743 11135 77.8097
743 11394 80.2254
744 1988 48.4181
744 3595 111.335
744 3860 46.1835
744 5363 89.2176
745 3307 63.8283
745 5290 7.29499
745 11001 75.9004
745 11154 94.6067
745 14448 56.8626
746 6066 48.1889
746 6538 35.7896
746 7505 83.6049
746 16312 60.5938
747 6102 40.4584
747 6777 72.1799
747 11634 23.3493
748 2632 80.5293
748 13224 55.167
748 14134 20.5775
748 15578 100.497
749 4740 42.8077
749 9984 112.62
749 12280 27.2259
749 13777 70.8442
749 14509 55.4525
749 15111 58.4015
750 7779 33.2793
750 7794 31.6135
750 7930 79.0942
750 14362 69.8118
751 1924 100.118
751 2587 64.2332
751 5821 18.765
752 9410 42.8231
752 15858 85.6844
752 16470 78.7098
753 7769 42.678
753 10825 85.9187
753 12449 41.759
754 5565 35.5305
754 12331 57.041
754 14964 45.0466
755 4943 97.0242
755 6762 91.1093
755 13686 88.2193
756 6891 67.3999
756 9834 23.6683
756 10615 80.2452
756 16379 44.6449
757 4440 70.1467
757 13167 128.819
757 15509 94.5796
758 4295 72.0798
758 6226 58.7234
758 11377 46.2409
759 8554 11.6702
759 10206 107.994
759 11488 40.8771
760 2516 41.4745
760 2646 121.474
760 6299 9.95354
760 14923 106.998
760 15512 75.0561
761 2747 69.1917
761 4836 69.7193
761 6407 18.3534
762 3733 91.6996
762 10798 30.2303
762 12229 68.0343
762 12886 116.687
763 4554 66.1099
763 6692 51.7761
763 8111 53.615
763 14644 27.157
763 15394 73.5874
764 6694 83.6942
764 10923 29.3337
764 13681 27.3691
765 8709 40.0758
765 9584 51.6966
765 15155 83.9451
766 7273 76.3162
766 9034 44.9997
767 4811 47.7888
767 12362 30.4716
768 1415 67.4153
768 10251 22.3325
768 12969 44.6562
769 5344 49.1062
769 6571 72.8866
769 15657 56.398
770 1789 51.8024
770 10030 22.8964
770 13738 52.6596
771 4648 68.764
771 7124 58.9034
771 7296 64.3796
771 15530 57.4156
772 4212 120.921
772 7588 122.37
772 9902 66.2499
773 2670 46.9457
773 5611 19.9147
773 9221 88.9987
773 12729 49.2959
774 1622 28.0861
774 6718 58.4919
774 15854 97.8599
775 2008 64.6545
775 8693 58.8858
775 14457 24.3305
775 15712 70.7186
776 4736 4.04834
776 5363 80.1257
776 10123 81.0346
776 11694 47.8852
776 15793 46.6216
777 2016 128.006
777 10944 44.5244
777 12629 132.284
777 16970 94.8049
778 9797 69.0343
778 16557 60.2357
779 4042 46.9303
779 12404 92.0042
779 16869 86.3658
780 3134 67.0581
780 13550 49.9792
780 16496 43.4466
781 3874 95.716
781 6487 31.3289
781 12503 108.593
781 15143 47.4117
782 3454 60.2116
782 6438 46.8627
782 13823 84.6453
783 1876 49.7804
783 3592 46.8241
784 2167 89.8116
784 3982 64.1795
784 4427 67.7306
784 10066 21.0174
784 16924 104.795
785 4449 41.8243
785 10512 72.5933
785 11805 34.2744
786 1493 89.6377
786 11419 83.8087
786 14172 34.8511
787 6082 36.0972
787 8192 105.849
787 8355 75.9552
787 16555 39.4793
788 3298 24.8284
788 5190 108.088
788 15817 75.0433
789 1471 24.9246
789 2100 48.8643
789 5427 29.7437
789 5428 77.9099
790 4632 59.376
790 6795 72.1887
790 17018 71.2415
791 10575 100.242
791 10875 20.6666
791 13830 73.3872
792 3298 153.93
792 7505 141.49
792 12179 60.6693
793 2025 47.9791
793 3614 63.6818
793 3935 53.2758
794 4027 121.993
794 7680 95.279
794 10593 59.1227
794 12027 126.583
795 4299 121.713
795 4471 94.4983
795 7227 57.7154
795 9110 62.3258
795 13184 71.3181
796 4701 57.5766
796 11153 37.7027
796 12630 37.7552
796 13108 20.8052
797 3043 54.2841
797 4273 81.5782
797 10133 102.386
798 4244 52.0191
798 4677 52.9637
798 7722 52.0582
798 10080 83.4508
799 11011 76.8
799 11164 60.2323
799 14720 84.8014
800 1604 42.3795
800 2742 58.8514
800 3988 128.301
801 2980 99.1446
801 5509 57.5518
801 9692 80.0891
802 2475 45.2327
802 13430 81.4398
802 13561 45.2656
803 5768 57.5601
803 13211 81.6282
803 16420 8.81499
804 3881 87.2262
804 4743 85.9748
804 9015 41.7091
804 15527 62.9082
805 3910 32.591
805 7081 57.0353
805 7841 72.5509
805 9931 47.2046
806 1996 61.2971
806 3514 86.9439
806 12397 72.6779
807 4050 24.2099
807 4718 69.2212
807 5923 60.8424
807 10321 54.2761
808 6918 9.63312
808 8966 52.0919
808 11237 66.6065
808 15812 50.111
809 3135 55.2653
809 11324 30.3059
809 14350 45.7336
810 5039 77.9054
810 6003 114.051
810 16620 69.0455
811 7126 25.8571
811 7557 30.1796
811 12999 10.0815
811 16341 82.1556
812 2910 13.2438
812 9405 114.885
812 13105 26.9004
812 14715 84.2734
813 6107 31.4356
813 7170 28.9943
814 3996 41.218
814 4246 41.4941
814 9219 57.3641
814 11356 54.1569
815 5077 83.292
815 5975 13.5677
815 7802 59.5757
815 9612 27.7803
815 10241 31.8065
815 14485 82.5964
816 6557 34.3466
816 9135 46.9725
816 13663 45.6481
817 3957 45.9597
817 6308 80.4519
817 15935 72.3782
818 5993 35.0922
818 8849 48.2234
818 11563 48.2744
819 5035 107.728
819 6786 58.6138
819 10527 125.82
819 16050 120.236
820 3233 109.423
820 10389 37.3962
820 13759 93.1623
821 3380 54.5857
821 7984 66.785
821 15474 24.9891
822 3818 99.5915
822 10704 66.1264
822 14908 38.3682
822 16505 2.18189
823 1828 59.0347
823 4122 11.2503
823 6843 21.6745
823 9092 104.819
823 13102 46.0789
824 1703 80.9264
824 1784 52.9789
824 5946 71.3363
824 11964 19.7188
824 12148 64.1729
825 14018 52.4574
825 15704 59.9892
826 6946 100.006
826 13138 119.437
826 13476 110.566
827 2071 75.0091
827 7844 36.0593
827 9206 109.497
827 14146 56.7599
828 3133 70.3855
828 10165 32.8222
828 15888 71.0795
829 1295 75.4874
829 6871 46.7632
829 16453 13.6337
830 1177 47.241
830 2331 66.4899
830 7771 93.2496
831 7506 54.4724
831 15009 48.2194
831 15036 28.5826
832 1629 26.8868
832 1992 67.4209
832 2480 42.5004
832 8684 52.4605
833 2806 40.6696
833 8487 28.6063
833 10475 51.4951
833 13193 99.3451
833 16077 140.575
834 2137 89.4612
834 11956 93.1912
835 1337 5.88822
835 2211 34.4693
835 2776 104.111
835 10010 16.3798
835 12987 63.4998
836 6816 79.0582
836 8971 54.3109
836 9020 83.5046
836 14111 73.0116
836 16331 56.5672
837 3941 75.0314
837 11243 60.4224
837 11724 82.5313
837 15075 68.4999
838 1069 65.3723
838 1844 113.323
838 3328 70.6211
838 6445 47.0233
838 8973 82.9603
839 6537 148.739
839 11749 67.9782
839 16244 104.178
840 1719 77.1926
840 4227 57.161
840 4671 72.4672
841 4738 42.0495
841 11745 57.4055
841 15810 104.221
842 860 61.0702
842 3078 65.4847
843 9514 72.3409
843 12752 84.0179
843 14647 60.739
844 5465 59.6507
844 14940 70.7963
844 16363 53.388
845 4126 122.693
845 7161 109.966
845 14295 43.7757
846 2557 42.0487
846 10005 64.6334
846 11850 52.0538
846 13651 35.7372
847 2523 8.59136
847 9317 72.9417
847 10573 51.9212
848 6461 86.8901
848 8091 105.874
848 10007 55.5343
848 12250 44.3512
849 2070 46.4434
849 13943 40.4318
849 15906 24.9637
850 8590 55.8174
850 12037 53.4014
850 13778 19.5452
851 5137 74.7251
851 9011 39.3496
851 15321 63.2927
852 3642 36.6103
852 8639 14.3137
852 10389 60.4092
852 13775 65.4165
853 10791 118.755
853 11009 50.7555
853 12824 54.7506
853 13135 26.1827
853 14149 12.5194
854 7015 7.85289
854 10702 20.1471
854 12801 53.6984
854 13083 18.1655
854 13915 19.2552
855 1590 55.9266
855 6156 49.584
855 11140 85.952
855 11183 54.6218
855 13314 26.1892
856 3131 60.0753
856 14497 8.09621
857 964 11.9597
857 8020 10.9611
857 9812 44.4292
857 12006 72.2292
857 13672 51.0119
858 3218 130.548
858 9771 83.7301
858 16702 54.2363
859 4069 91.6873
859 4803 92.9091
859 15505 58.1428
860 1598 81.1021
860 15629 38.6822
861 6598 71.2207
861 7753 6.47805
861 14444 69.7191
862 7052 97.774
862 14012 101.633
862 14657 47.318
863 2709 45.4038
863 4919 24.7321
863 5758 34.9539
864 2704 30.1705
864 14262 87.288
864 14602 80.1723
865 4424 30.7298
865 6648 34.4946
865 13471 1.21617
865 14065 23.7814
866 5269 15.926
866 6642 55.3307
866 8033 22.3275
867 1416 21.3042
867 2763 146.265
867 5312 91.7756
867 14635 77.8526
868 6416 65.9303
868 9161 105.984
868 9260 90.6945
868 15430 91.0109
869 3041 33.211
869 5286 59.2321
869 5879 9.5224
869 7827 25.0174
870 1558 57.1676
870 2802 24.3629
870 5396 47.668
870 14080 78.41
870 14868 86.9078
871 2018 13.1702
871 7800 39.645
871 13210 42.4385
871 5110 42.5391
872 6286 35.2021
872 9388 64.4089
872 9391 61.5781
873 3740 46.7922
873 5749 17.7016
874 4563 76.021
874 5522 29.774
874 15608 106.773
875 9938 49.411
875 12306 59.6863
875 17145 33.1293
876 3944 32.2493
876 7684 82.3076
877 2461 49.5485
877 10119 102.191
877 15157 89.1703
878 4026 38.2157
878 7259 53.9888
878 13902 42.3587
878 15679 73.7744
878 16830 5.50458
879 2101 66.8129
879 8159 61.8651
879 9195 45.6634
880 8697 33.2484
880 11543 48.8778
880 14200 28.6217
880 16048 48.7635
881 1702 28.2997
881 3976 29.2667
881 8155 65.2931
881 14071 50.7846
882 6024 40.3776
882 8229 56.4534
882 10271 52.1699
882 15691 17.1686
883 6014 33.9031
883 12845 111.218
883 15641 113.794
884 5864 109.091
884 8894 30.0081
884 12344 122.389
884 14643 57.795
885 2257 49.2485
885 12955 52.4603
885 13417 46.6153
885 17023 40.5744
886 3363 102.58
886 4520 68.3138
886 7243 11.7675
886 12947 66.3075
887 4547 66.3194
887 7757 77.4988
887 11731 33.0059
887 14374 60.5329
888 3242 83.3266
888 8164 26.0786
888 9275 79.054
889 7298 9.21093
889 12305 95.1495
889 15814 64.1485
889 15825 33.316
890 2735 46.954
890 3196 67.0225
890 7332 89.0578
891 6211 78.6636
891 10969 73.3802
891 11885 110.455
892 6500 94.2332
892 9799 19.6181
892 17032 52.0295
893 2400 65.9168
893 4964 17.9562
893 11698 84.9036
894 3978 72.6553
894 9360 71.0317
894 10198 72.2312
894 13707 111.893
895 1058 18.8536
895 4737 26.3537
895 10561 59.6124
896 3885 20.6615
896 6253 50.4661
896 10233 50.2351
897 3719 60.6052
897 10409 11.2511
897 12539 85.8927
898 2379 113.362
898 10634 128.513
898 13927 35.4541
899 2097 36.4027
899 2893 53.2872
899 12398 25.8635
899 16185 47.5382
900 4285 31.0897
900 4599 55.6123
900 10810 27.5564
901 4963 51.7864
901 5773 100.09
901 10065 40.6494
901 16423 15.1093
902 11290 29.4138
902 11372 53.4888
902 13953 40.109
902 14890 32.3203
903 3271 130.077
903 5752 34.07
903 6591 90.0049
904 4464 142.613
904 7204 25.1798
904 7375 57.5741
904 13150 64.1579
905 8346 130.198
905 10751 48.3646
905 13655 56.0025
906 1984 75.6479
906 3993 106.217
906 12496 41.4061
907 1015 23.0868
907 3386 98.5165
907 16760 83.6473
908 12090 65.8929
908 16459 50.8329
909 9620 57.3643
909 10567 101.84
909 15473 114.604
909 16796 68.4438
910 6664 77.1435
910 15536 20.7666
911 4345 25.2424
911 14212 35.9503
911 14753 70.6136
912 10753 8.71109
912 15307 70.9846
912 17083 20.1486
912 17092 29.1386
913 9101 50.6668
913 9435 67.9335
913 11901 55.3752
914 9578 82.9539
914 14944 69.0778
914 15880 19.5255
915 7552 66.9957
915 13308 77.3226
915 16979 32.8994
916 1124 36.979
916 1188 51.1713
916 11802 35.3425
916 13696 50.2573
916 15710 36.9971
917 6437 68.5169
917 9724 11.6223
917 15095 90.3807
917 15609 83.8357
918 7130 80.0124
918 9279 129.638
918 13759 73.9855
919 945 91.164
919 2864 27.8866
919 9201 32.4467
920 1534 11.3863
920 2246 13.9253
920 5512 19.1119
920 9323 40.4334
920 15649 32.4618
921 4657 49.7086
921 14514 3.03446
922 1613 45.2007
922 1840 49.3449
922 10633 92.205
922 15288 62.0039
923 8820 86.3792
923 13430 61.3066
923 13561 70.3979
924 2474 60.0717
924 6330 45.0674
924 9948 91.4543
924 16744 79.7106
925 7326 68.9273
925 9927 126.399
925 14056 64.2619
925 16870 45.8628
926 2792 34.4801
926 4427 47.7192
926 9707 26.9366
927 8361 40.7531
927 11917 37.7243
927 12075 65.7279
928 8158 51.0084
928 11365 71.3277
928 12658 31.6856
928 16891 66.3506
929 1949 30.4173
929 9239 80.7625
929 9982 49.5614
929 10616 86.6151
929 16669 70.3332
930 2350 41.8356
930 2382 89.9474
930 8745 33.827
930 16483 60.5341
931 5609 44.6473
931 6460 84.4406
931 10160 53.7513
931 14802 72.4325
932 5134 10.3207
932 11766 66.7022
932 13441 109.838
932 13760 62.0599
932 13872 55.2985
933 2203 95.033
933 3543 35.4006
933 4541 120.558
933 14376 126.199
934 4200 47.4636
934 9577 73.3468
934 12117 76.3508
935 5128 32.0763
935 5266 22.311
935 10915 46.8969
936 1888 52.9928
936 4787 38.8089
936 8598 60.7603
937 1410 29.5069
937 7527 55.3254
937 11545 61.8312
937 16318 19.0483
938 6302 48.7738
938 11516 71.0642
938 16250 38.658
939 4447 76.6104
939 13489 77.944
939 14433 91.3613
940 1724 86.6736
940 2079 137.604
940 7060 102.849
940 7197 57.3208
940 13870 98.3978
941 3429 36.6426
941 3628 95.3304
941 4529 10.6543
941 12739 34.4803
942 8963 43.3805
942 13002 22.5648
942 15053 47.6596
943 4990 39.4467
943 8102 26.1667
943 9030 52.9263
943 13255 13.381
943 14013 42.3344
944 1041 9.93535
944 9976 121.571
944 16227 45.8439
945 2864 81.0962
945 9201 66.2213
945 10877 54.6767
945 12557 53.6966
946 5441 47.3757
946 7301 32.5188
946 9109 26.5193
946 9848 26.6774
947 2656 65.3488
947 6651 23.3948
947 10774 45.4662
948 11084 24.1604
948 11211 42.4749
948 14677 79.9378
948 14821 45.0863
949 2225 49.7362
949 10925 47.7686
949 16472 5.51508
950 2528 53.4028
950 3600 45.5435
950 14605 65.7683
951 1035 46.3042
951 5210 64.4411
951 5667 88.8024
951 8667 56.6727
951 9899 53.3228
952 2810 38.1003
952 4329 39.9523
952 5967 58.5089
952 13153 90.8339
952 16544 26.1604
953 5052 35.5606
953 6769 35.5187
953 9759 61.0991
954 3483 32.3247
954 4139 90.8133
954 6365 59.5524
954 7678 88.6112
954 9727 20.6794
955 3199 71.6667
955 7386 82.41
955 16021 100.84
955 16645 54.1239
956 2822 21.0201
956 2876 49.0506
956 8885 65.7713
956 10198 92.9757
956 14117 45.9221
957 9665 54.037
957 10331 82.4288
957 15643 137.467
958 1093 96.5462
958 5728 45.6951
958 8498 89.328
958 15823 82.5106
959 5936 67.3928
959 8326 47.9084
959 8609 34.1196
960 2065 137.079
960 10459 53.0094
960 10726 138.994
961 3056 82.5849
961 5656 102.919
961 16790 55.3702
962 1206 88.6526
962 11369 62.3327
962 15016 59.5467
963 1778 96.24
963 11077 78.015
963 16261 99.3907
964 2439 49.3908
964 8020 15.0333
964 12006 84.0044
964 13672 46.4608
965 3272 33.6698
965 7076 80.291
965 7460 57.7527
965 9389 81.7151
966 3339 49.6019
966 5508 110.44
967 12832 11.2816
967 15494 55.6647
967 16547 33.5614
968 4994 109.091
968 9835 128.118
968 17138 102.596
969 988 86.7332
969 3604 28.5415
969 8029 4.17747
969 8666 10.4223
969 8952 35.8302
970 4867 56.1815
970 10057 65.2672
970 11402 84.2181
971 1362 47.2877
971 10212 93.5708
971 15410 58.0649
972 14927 42.5307
972 15158 30.2682
972 16840 38.2131
973 13511 96.5618
973 15676 91.2399
973 16930 116.869
974 3427 14.8405
974 3759 75.5153
974 5326 73.8291
974 6789 37.117
974 8893 86.2332
974 12544 33.6956
975 4773 22.1052
975 6155 23.4017
975 8735 30.1826
975 11400 49.2595
975 12328 63.3017
976 6663 59.4449
976 11272 75.6287
977 7980 77.7244
977 13288 81.4721
977 16105 53.1663
978 10616 78.8117
978 15785 105.939
978 16669 98.2612
979 2313 81.7969
979 7325 39.4333
979 7909 104.839
980 2441 91.4606
980 9745 140.683
980 16259 46.756
980 17000 17.0935
981 2239 38.7682
981 9940 71.5518
981 10931 26.6191
982 5900 31.9446
982 6326 31.2611
982 11550 53.0423
982 12002 21.933
983 4815 85.5084
983 13370 41.2088
983 16220 90.0106
984 3646 25.9267
984 9516 113.218
984 15372 108.845
985 4597 42.9667
985 8870 42.7354
985 13448 98.3081
985 15698 71.8417
986 1584 41.0283
986 4968 40.4251
986 12046 77.5084
986 15633 71.3372
987 4428 30.1276
987 5922 70.6379
987 9842 110.49
988 8172 76.6511
988 8952 43.6139
989 2313 16.726
989 4753 69.9939
989 7909 74.9394
989 14150 67.3713
990 2103 40.6727
990 5994 40.8819
990 10025 58.0457
990 10139 44.3252
990 17009 58.9136
991 5867 25.8699
991 10772 16.5351
991 11335 38.5369
991 12266 35.4924
992 3248 50.9237
992 5415 41.6521
992 12661 73.6559
992 12717 40.7429
993 1272 71.428
993 3751 125.036
993 5437 59.8595
993 9446 35.5011
994 1599 60.4497
994 3442 47.1396
994 10071 57.3699
995 6150 64.0102
995 11828 59.9133
995 12826 86.8248
996 4132 55.2076
996 4387 51.3979
996 9827 22.6573
996 13220 49.2608
997 5002 36.6507
997 5090 11.1345
997 15346 19.6786
998 3639 78.5308
998 15861 102.624
999 9251 47.8785
999 9432 63.7482
999 16348 12.8012
999 16501 67.4305
1000 10642 25.5603
1000 12587 40.3025
1001 4741 45.6541
1001 11681 21.743
1001 16749 58.8876
1002 2189 36.855
1002 9853 47.3958
1002 16025 20.5744
1003 2271 69.9409
1003 5089 91.6436
1003 6358 108.067
1003 12683 101.372
1004 5020 53.3877
1004 7172 17.8209
1004 9788 26.8714
1004 10432 72.3028
1004 14384 42.0656
1005 1797 54.9703
1005 3956 87.1821
1005 10132 110.638
1005 10215 27.8893
1006 4874 139.108
1006 15310 104.67
1007 7415 20.8076
1007 8774 67.0748
1007 10917 82.6558
1007 10985 30.277
1008 4545 62.3438
1008 8193 55.8417
1008 12221 42.6462
1009 4475 62.6827
1009 13554 24.1421
1009 14057 45.5165
1009 15870 43.4472
1010 5053 37.7837
1010 16952 34.5546
1011 1587 64.6688
1011 2273 13.8776
1011 2666 61.5585
1012 7125 70.527
1012 7866 76.6452
1012 8059 39.943
1012 13711 28.9966
1013 6013 76.9832
1013 6583 8.415
1013 8717 64.7751
1014 1101 41.6733
1014 7421 11.9704
1014 8216 68.6317
1014 8805 65.7507
1014 16017 57.4526
1015 14176 79.392
1015 16760 51.6332
1016 3160 33.5953
1016 5965 125.685
1016 5968 64.5074
1016 15238 50.0912
1017 4325 67.1764
1017 5139 35.2195
1017 7697 43.7848
1018 1248 73.5059
1018 10339 60.7398
1018 11795 31.9013
1019 1261 25.6994
1019 6258 29.6216
1019 12329 27.807
1020 6012 131.469
1020 15149 77.0331
1020 16867 110.905
1021 3199 91.4012
1021 11874 55.9688
1021 13530 111.736
1021 13713 68.3616
1021 14420 74.1692
1022 2983 59.2841
1022 7723 40.8242
1022 10268 80.2418
1023 1047 63.402
1023 8257 68.8927
1023 8885 93.9941
1023 10933 46.8705
1024 1895 84.9027
1024 7362 77.7161
1024 12142 74.3907
1025 1184 39.6901
1025 2700 57.3396
1025 7117 13.5965
1026 5806 25.5702
1026 12837 91.7921
1026 14437 87.9492
1027 1957 59.4458
1027 5847 57.9648
1027 10507 76.0746
1028 3330 78.5594
1028 3863 40.1007
1028 4779 54.0044
1028 5364 34.3894
1028 6783 38.1704
1029 4434 35.8686
1029 4980 55.2767
1029 10523 80.5009
1030 5631 44.3978
1030 6513 89.8892
1030 7572 38.2112
1030 10468 63.5368
1030 10718 51.9899
1031 6548 70.1196
1031 12062 54.5944
1031 17167 39.1241
1032 1787 4.94626
1032 6457 45.5735
1032 6484 52.6068
1033 8552 77.5932
1033 12888 65.7171
1033 13362 62.1806
1034 2915 6.64292
1034 4238 8.04209
1034 7442 40.7421
1034 7469 8.27679
1035 5667 101.832
1035 10849 60.3369
1035 13242 93.036
1036 4342 102.296
1036 12777 16.6082
1036 12982 52.3932
1037 2589 83.7209
1037 6094 71.2393
1037 11392 81.0472
1037 13796 52.721
1038 2375 79.9182
1038 2849 101.149
1038 7060 94.9802
1039 1309 68.0258
1039 1480 133.419
1039 5713 110.549
1039 5735 72.8165
1039 6835 140.517
1040 9325 25.2674
1040 15336 69.7006
1040 15414 52.5072
1040 15447 91.4271
1041 9534 72.2429
1041 9976 70.7757
1041 15997 94.3016
1041 16227 53.5311
1042 7217 31.5019
1042 11160 65.4374
1042 15057 94.9264
1043 3778 39.5587
1043 6934 55.9431
1043 7440 61.8328
1043 15216 18.7265
1043 16559 31.364
1044 2557 25.9824
1044 12262 52.1962
1044 13651 67.1547
1045 3150 22.0341
1045 8269 24.1017
1045 15431 20.1684
1045 17076 55.3757
1046 1050 69.1004
1046 2009 114.64
1046 3675 146.029
1047 8257 6.38552
1047 10933 60.4305
1047 11857 110.853
1048 5482 79.1856
1048 12275 112.176
1048 13819 97.5083
1049 9543 52.962
1049 13256 67.0429
1049 13584 77.4268
1049 14877 65.4128
1050 5232 87.7583
1050 5647 58.9262
1050 13090 57.6987
1051 2563 41.1987
1051 9749 81.9026
1051 14438 31.3109
1052 2138 84.1798
1052 3254 27.5849
1052 13147 94.2502
1052 14240 102.944
1053 2241 76.2957
1053 9621 76.7501
1053 14213 32.5136
1054 3370 57.1357
1054 9815 16.202
1054 16297 52.944
1055 4922 45.3334
1055 12418 84.3371
1055 12948 97.1915
1056 4503 35.3101
1056 7742 58.8371
1056 15259 61.5219
1057 5148 85.2579
1057 12057 63.0993
1058 4737 34.0427
1058 10561 48.7394
1059 2173 75.3759
1059 2736 32.7686
1059 14006 50.9336
1060 6068 54.8794
1060 10754 24.3193
1060 12277 49.2428
1060 12537 60.2593
1060 15296 7.81661
1061 13928 82.3693
1061 16675 74.5646
1062 4512 37.8688
1062 5573 48.261
1062 13127 42.3101
1062 15584 43.7365
1063 1416 95.375
1063 5296 37.3305
1063 5312 92.4764
1063 13730 90.8189
1063 14635 43.2665
1064 2969 71.905
1064 8279 65.3845
1064 15268 73.4028
1065 6867 77.9882
1065 8783 74.0439
1065 10112 65.5035
1065 10436 63.4684
1066 4272 11.8365
1066 5701 22.8576
1066 8716 55.656
1066 8886 14.1674
1066 14605 40.2737
1067 10859 47.4466
1067 12133 54.0341
1067 14697 17.0816
1068 1748 83.4286
1068 2859 86.5945
1068 5295 103.066
1068 10586 30.5621
1069 1844 123.472
1069 6445 27.4384
1069 14612 79.0419
1069 15220 55.4205
1070 2388 26.0013
1070 7090 49.7636
1070 14148 56.5289
1070 14791 18.2617
1071 3059 43.2906
1071 4250 20.8595
1071 12710 71.7565
1071 13469 78.2933
1072 7942 59.859
1072 15534 39.1916
1072 16157 84.9628
1072 16785 31.2567
1073 1405 51.3704
1073 3702 63.9698
1073 6717 46.1509
1074 1842 89.4734
1074 3050 75.1458
1075 10812 33.667
1075 11302 57.3233
1075 16694 25.349
1076 4223 113.647
1076 10669 144.847
1076 13052 91.0682
1076 14541 33.7011
1076 14847 82.9299
1077 1978 58.756
1077 2615 24.6833
1077 16454 61.8821
1078 5399 12.6348
1078 12743 60.9078
1078 16378 64.779
1079 1198 32.9895
1079 6765 7.98763
1079 8196 30.5055
1079 13303 47.7257
1080 6106 42.2755
1080 6149 54.2633
1080 8459 21.1013
1080 16885 93.845
1081 7468 36.5643
1081 8433 68.6202
1081 8998 68.4219
1082 3330 20.5188
1082 4779 45.1021
1082 11095 103.445
1083 7398 27.4038
1083 9184 50.7769
1083 9472 24.8009
1083 14270 66.4335
1084 8618 76.4298
1084 11166 49.8054
1084 11337 19.5423
1084 13057 66.7959
1085 4553 16.318
1085 6879 70.0854
1085 7690 80.3017
1086 3688 55.7869
1086 8911 56.2979
1086 11453 42.8021
1086 12974 51.7719
1086 14967 79.2837
1086 16392 58.6559
1087 1351 88.3588
1087 7622 101.424
1087 14268 24.9317
1088 2410 113.993
1088 5226 87.2066
1088 11140 97.1558
1089 1957 59.2079
1089 5847 64.9076
1089 15175 19.3614
1090 2320 91.5755
1090 2575 27.493
1090 4948 86.5026
1090 9058 65.6633
1091 2366 65.2778
1091 6430 68.8168
1091 16639 60.5092
1092 12246 94.6526
1092 15900 86.9445
1092 16850 40.1815
1093 5728 57.6207
1093 15823 89.2856
1094 7202 55.3211
1094 7404 17.7582
1094 14939 88.3241
1094 16539 30.8742
1095 2112 20.3486
1095 3163 64.3916
1095 7099 23.0391
1095 11234 73.7005
1096 6856 60.0331
1096 8889 52.7685
1096 14855 56.4896
1097 1197 50.2519
1097 11927 45.3158
1097 12605 40.2823
1097 13419 61.0536
1097 17072 51.3029
1098 5433 70.2905
1098 6088 10.0393
1098 7016 97.3445
1098 8725 98.5433
1098 10983 73.8565
1099 1408 49.8018
1099 3655 80.3469
1099 4756 65.7065
1100 7733 67.8615
1100 7810 38.272
1100 15008 46.6658
1101 1464 68.2368
1101 7421 30.3894
1101 16017 49.053
1101 16812 74.1149
1102 6031 26.9425
1102 10471 36.934
1102 12395 45.6001
1102 13577 68.6229
1102 15523 67.7965
1103 7896 23.7791
1103 10456 40.3896
1103 17025 33.7623
1104 7454 58.1995
1104 7606 26.586
1104 13192 56.1903
1105 5442 142.439
1105 7894 90.4421
1105 9792 146.338
1106 2632 43.5729
1106 12436 57.1555
1107 1254 16.9888
1107 6100 62.4788
1107 6540 49.498
1108 3608 52.8063
1108 3632 36.4845
1108 6636 42.1943
1108 11408 50.7671
1108 14474 65.9977
1109 1659 37.7053
1109 2244 54.2055
1109 5853 102.468
1109 7649 96.3322
1109 17151 19.3834
1110 4347 72.4869
1110 6599 84.0492
1110 15060 38.6884
1111 1804 140.488
1111 4487 77.8996
1111 9881 102.918
1112 12785 58.8744
1112 14262 65.3901
1112 16477 62.8645
1112 16947 63.0692
1113 7213 59.3223
1113 7512 82.1432
1113 14178 80.4579
1113 16034 75.0673
1114 3857 97.3619
1114 4814 77.1721
1114 10216 87.9075
1114 14339 99.9764
1115 3190 67.9916
1115 5742 68.1049
1115 9649 95.2595
1116 7120 89.1778
1116 11160 81.6302
1116 15057 100.095
1117 5181 28.8969
1117 9950 20.4655
1117 14743 24.3346
1118 9407 70.4233
1118 16893 104.837
1119 3577 73.28
1119 6124 54.827
1119 6381 78.9255
1119 7773 20.5441
1119 8241 107.499
1119 9046 36.3092
1120 6911 57.942
1120 7766 22.8669
1120 8639 56.4707
1120 13775 46.9241
1121 2919 121.711
1121 3178 81.5367
1121 3720 102.834
1121 13854 130.45
1122 12202 113.596
1122 14469 111.833
1122 15038 90.9905
1123 4252 36.3266
1123 5673 57.2519
1123 12019 66.3155
1123 12361 74.0397
1123 12966 17.8744
1124 2402 53.247
1124 11802 8.81544
1124 15461 46.5133
1125 2348 13.1848
1125 6645 50.6841
1125 14867 43.0502
1126 8944 61.2577
1126 13402 81.136
1126 14470 40.7154
1126 16231 64.6942
1126 17027 18.4184
1127 3718 73.0551
1127 11152 44.5177
1127 15078 84.2349
1128 2099 72.5981
1128 4702 82.2077
1128 6958 72.1928
1128 8574 15.4169
1129 7150 8.40922
1129 9667 61.5892
1129 14669 68.3431
1130 2694 45.7565
1130 13161 68.7681
1130 14442 63.7946
1131 2693 67.297
1131 5297 59.5923
1131 8915 50.2372
1131 15914 62.6046
1132 7077 54.3883
1132 8217 99.7626
1132 17053 76.603
1133 10219 45.5256
1133 10602 26.5552
1133 16554 46.7422
1134 3257 69.6608
1134 9238 14.1231
1134 11119 56.6153
1134 15221 119.986
1134 15624 54.6214
1135 8712 57.4177
1135 9558 29.3957
1135 10077 3.96105
1135 11715 63.1402
1136 9625 19.9449
1136 14455 90.2471
1136 16368 62.7998
1137 3023 39.7871
1137 4788 82.8878
1137 13331 46.5905
1138 1815 68.9934
1138 14915 46.2104
1138 15342 61.6915
1139 1641 110.474
1139 2980 71.6608
1139 8243 47.1596
1139 13947 96.1781
1140 2396 34.5521
1140 12094 62.716
1140 16398 74.0763
1141 2782 44.7847
1141 6174 36.7813
1141 6810 67.7437
1142 11367 40.3454
1142 14303 105.445
1142 16045 75.0083
1143 2805 126.1
1143 7194 53.1174
1143 8895 28.2063
1143 10287 33.7884
1144 1940 0.341969
1144 6036 106.196
1144 9111 37.2906
1144 14521 69.4971
1144 15638 40.6271
1145 9335 60.1328
1145 11748 61.7974
1145 11976 74.2831
1145 15527 63.8128
1146 7055 26.5058
1146 7067 40.1973
1146 9128 112.183
1147 1758 63.2248
1147 4504 52.1809
1147 8406 121.178
1147 11035 112.299
1148 3388 33.5972
1148 3912 31.4498
1148 5489 79.9096
1149 1225 60.6688
1149 8892 64.6658
1149 9868 60.0291
1149 8824 65.4067
1150 2715 17.5917
1150 6862 55.6223
1150 9528 42.1405
1150 11560 49.3681
1151 9809 53.2642
1151 11851 82.7041
1151 13866 89.0941
1152 5682 56.6325
1152 8041 102.233
1152 15424 34.725
1152 17077 79.7368
1153 8487 49.7964
1153 10475 75.0325
1153 13193 40.0423
1154 1386 69.7033
1154 9514 85.0163
1154 10855 42.6318
1154 11329 97.4198
1154 12752 101.93
1155 5260 87.5212
1155 5958 74.0431
1156 2634 29.7841
1156 8043 64.7105
1156 10318 96.1438
1156 10986 52.9824
1156 17101 73.8434
1157 2514 77.2755
1157 4722 63.1119
1157 9511 41.8613
1157 16227 104.349
1158 2030 72.8647
1158 12349 67.2928
1158 16526 78.5268
1159 7057 48.6166
1159 11457 70.1945
1160 1294 67.868
1160 7534 29.4853
1160 13006 45.1358
1160 13501 39.1506
1160 16296 39.7282
1161 7428 69.0392
1161 12025 34.3591
1161 16769 83.679
1161 16933 23.4178
1162 10653 55.0668
1162 10958 52.089
1162 12779 54.4381
1162 15782 40.5512
1163 7903 79.716
1163 9734 50.5773
1163 11815 73.0018
1163 13541 44.3262
1164 4340 91.4898
1164 8865 95.3337
1164 12119 98.5312
1164 13635 107.871
1165 1174 67.7522
1165 4206 28.1356
1165 7945 52.0212
1165 12051 23.6796
1166 4878 16.9736
1166 5397 100.385
1166 13092 58.1586
1167 2558 29.623
1167 8910 34.5385
1167 10288 82.1785
1168 3112 42.6881
1168 4739 50.8806
1168 5951 25.4241
1168 10042 32.988
1168 13119 27.2041
1168 14490 68.8954
1169 6342 52.6864
1169 13718 65.3963
1169 14133 40.7813
1169 15644 72.1365
1170 1896 135.262
1170 9692 66.8824
1170 13898 83.1205
1170 15086 63.4975
1171 1217 23.8308
1171 6960 49.8154
1171 13580 55.3265
1171 13993 39.9686
1171 14621 73.3104
1172 4024 66.3833
1172 5339 64.9601
1172 10841 75.2789
1172 11472 69.5997
1172 14955 124.664
1173 1938 50.7683
1173 12348 95.6748
1173 14814 22.7212
1174 4206 39.4526
1174 7357 63.3434
1174 12051 52.068
1174 15327 90.011
1175 1578 58.3064
1175 1708 78.9089
1175 5471 109.461
1175 7808 74.9116
1175 10910 52.7013
1176 8212 47.2512
1176 15788 99.6756
1177 2331 126.697
1177 7771 35.772
1178 4009 29.9943
1178 9224 22.7241
1179 9408 38.4813
1179 9628 12.0861
1179 15439 89.5182
1179 15989 70.6984
1180 6324 67.1384
1180 7360 63.6856
1180 7755 69.6123
1180 11473 54.1321
1181 1509 22.1862
1181 9470 79.9407
1181 12379 79.4478
1182 3417 60.5506
1182 6932 77.9351
1183 5676 89.4481
1183 8776 41.0782
1183 13055 70.4044
1183 16582 10.0881
1184 7117 45.04
1184 9629 22.0689
1184 12403 33.0497
1185 1254 54.8345
1185 1906 31.3613
1185 6540 82.1226
1185 11627 49.1216
1186 5249 23.6708
1186 9240 48.2846
1186 11897 84.8483
1186 14110 59.9868
1187 4453 30.53
1187 5734 58.8876
1187 8250 75.0662
1187 13037 39.4852
1188 3924 51.3897
1188 11802 36.1206
1188 13696 33.5985
1188 16671 21.6773
1189 3101 54.352
1189 8530 76.829
1189 12162 47.1165
1190 4281 51.3777
1190 9188 42.1595
1190 10286 94.7889
1190 14732 82.7431
1191 2409 90.9019
1191 6541 57.7969
1191 7828 58.6049
1191 15642 113.979
1192 6637 50.9319
1192 9508 50.4435
1192 12678 57.857
1193 2201 39.5667
1193 13671 95.5359
1193 15939 16.6431
1194 2898 73.8166
1194 7838 20.4711
1194 15811 109.744
1195 3851 34.9327
1195 4256 45.6068
1195 16963 61.4551
1196 4833 123.631
1196 8993 72.6569
1196 12611 97.4313
1197 7849 90.0788
1197 15655 22.0188
1197 17072 50.5109
1198 7496 36.3643
1198 12029 45.4086
1198 13303 29.4358
1199 1553 60.6845
1199 7087 120.104
1200 1502 39.1927
1200 7319 51.953
1200 13329 37.2766
1201 4180 74.6597
1201 5569 53.9691
1201 11980 47.4818
1202 9132 75.7312
1202 11758 91.737
1202 15127 105.898
1203 3329 8.46055
1203 4591 51.0294
1203 13688 48.3884
1204 1397 35.9502
1204 2520 70.5238
1204 3018 69.2107
1205 3440 48.0412
1205 6573 87.3877
1205 9682 46.1503
1205 13808 106.08
1205 16766 60.7986
1206 6936 80.4704
1206 12126 86.7885
1207 3837 68.2692
1207 11264 62.2348
1207 14705 99.1435
1208 2782 75.4706
1208 4776 60.5848
1208 12640 94.609
1209 3245 73.1122
1209 8246 79.2095
1209 13863 78.8055
1210 4027 106.186
1210 8441 34.8608
1210 12027 82.7571
1211 1450 27.5179
1211 4235 52.9129
1211 13936 55.7685
1212 4550 37.2715
1212 8649 66.2776
1212 14690 86.1703
1213 2600 23.2193
1213 5963 16.3044
1213 13604 35.2827
1213 15167 17.2086
1213 15610 24.0927
1214 8910 77.9103
1214 14611 46.7097
1214 17013 28.7565
1215 11328 102.47
1215 12462 127.992
1215 13814 78.4271
1216 2195 55.0046
1216 5261 36.8053
1216 6621 30.3085
1216 7249 26.9035
1216 15955 58.7242
1217 3740 45.3708
1217 6960 43.9616
1218 13357 101.383
1218 16900 70.7942
1219 7849 79.4948
1219 14287 44.2449
1219 15148 62.9949
1220 3784 34.759
1220 9026 40.1007
1220 9765 34.5069
1220 16540 42.458
1221 3714 39.5196
1221 5849 25.8978
1221 6714 37.8913
1222 8758 58.6545
1222 11661 48.0447
1222 14199 4.92255
1223 3054 64.3852
1223 9124 29.4609
1223 10898 45.2174
1223 12031 44.4525
1224 1647 58.3602
1224 7495 85.3777
1224 7775 84.6457
1225 9868 74.3298
1225 13895 60.4549
1226 4485 59.4162
1226 7632 23.9547
1226 8534 35.8839
1226 16982 39.9126
1227 9672 70.1468
1227 11378 63.9088
1228 2527 136.636
1228 6878 98.2521
1228 11958 118.839
1229 1507 48.6287
1229 11479 43.1087
1229 15426 13.4684
1230 9088 59.95
1230 9818 54.7698
1230 16869 83.0605
1231 6132 65.7451
1231 11194 57.4629
1231 12808 63.965
1232 4798 43.5834
1232 6683 58.1058
1232 8803 47.5789
1232 9038 64.8226
1233 13015 78.0265
1233 13913 55.2605
1233 16171 45.6631
1234 13194 75.738
1234 15839 43.4026
1234 16932 88.9142
1235 5620 44.4437
1235 7257 41.3633
1235 12140 50.1649
1236 6736 71.8484
1236 10784 98.0012
1236 16441 48.1984
1237 7480 46.8316
1237 7887 64.1496
1237 10842 65.3682
1237 11389 21.6153
1238 3926 52.1366
1238 6501 27.7738
1238 9651 21.2762
1239 3846 26.4997
1239 8539 51.0157
1239 10170 51.5585
1240 12034 22.3147
1240 13444 121.896
1240 15776 107.551
1241 7898 75.9968
1241 9969 83.8801
1241 10258 67.183
1241 15662 112.699
1242 2181 64.742
1242 7720 90.1777
1242 14138 26.0072
1242 16897 62.0214
1243 6655 48.0236
1243 9650 36.5423
1243 11083 72.5012
1243 11688 62.7845
1243 14360 33.4475
1244 7365 64.2943
1244 12668 30.9083
1244 13610 60.3128
1244 17008 93.3711
1245 4465 67.1812
1245 14943 28.1688
1245 16380 56.2081
1246 1372 61.939
1246 4793 20.9146
1246 5730 26.4571
1246 11390 71.4766
1247 2397 72.3814
1247 4167 57.0178
1247 9586 48.9
1248 10339 94.522
1249 4974 50.5152
1249 5092 89.5976
1249 15515 57.24
1249 17043 85.1151
1250 5626 66.7713
1250 7331 70.361
1250 9149 14.1449
1250 12994 12.0003
1250 14292 45.5555
1251 9381 71.8104
1251 12402 92.3169
1251 12877 87.9414
1251 14560 102.604
1252 2452 17.2322
1252 11416 46.2908
1252 12005 68.3651
1252 16638 53.7062
1253 1929 27.6872
1253 10242 102.363
1253 15556 13.5786
1253 17060 30.2356
1254 2979 81.2541
1254 9503 78.4273
1255 6016 63.2042
1255 10067 44.92
1255 10434 52.9185
1256 4744 50.7777
1256 8170 37.9141
1256 9071 60.2039
1257 5393 66.377
1257 5539 30.8154
1257 7070 84.2923
1257 13516 65.0431
1258 10191 43.6996
1258 10617 71.8596
1258 10867 21.7227
1258 11943 75.0416
1259 5256 41.5833
1259 5572 30.8673
1259 13311 70.5399
1259 16605 87.4986
1260 6809 64.4355
1260 7621 80.8449
1260 8324 54.2513
1260 11259 49.9034
1260 16324 60.7782
1261 6258 36.4704
1261 12329 55.1846
1261 16746 112.375
1262 2248 85.8363
1262 4366 101.235
1262 8503 66.5768
1263 1799 50.6036
1263 6149 109.051
1263 13035 25.5164
1264 4378 67.2573
1264 10180 49.9601
1264 12128 11.3387
1265 3791 60.2533
1265 7261 82.1015
1265 12014 64.9752
1266 3149 30.817
1266 11984 52.9818
1266 12772 67.9919
1267 1946 121.933
1267 9012 5.44411
1267 12674 48.9378
1267 13729 65.8694
1268 2630 93.5233
1268 4100 96.9443
1268 16384 72.2904
1269 6123 81.5563
1269 13208 64.0725
1269 15443 44.5791
1270 2894 80.7928
1270 10063 12.4298
1270 15185 83.9113
1271 9768 51.5175
1271 15607 99.1648
1271 16465 90.3873
1272 1923 47.0539
1272 9446 26.1261
1272 10694 40.3759
1272 12015 50.9918
1273 2055 31.9276
1273 8365 36.5733
1273 12212 21.7873
1273 13425 35.7578
1274 4770 49.3762
1274 11070 63.8629
1274 14483 155.854
1275 3916 11.7007
1275 9418 60.1004
1275 16140 79.4734
1276 2086 78.1249
1276 4585 103.184
1276 7842 87.0879
1276 10952 108.725
1277 10276 98.1298
1277 12407 91.7905
1277 16244 85.4941
1278 2672 25.1172
1278 6498 36.7846
1278 10396 59.0336
1278 14914 27.4214
1278 17063 81.5064
1279 6010 56.15
1279 16355 22.5377
1280 2068 100.485
1280 5204 32.5542
1280 6915 16.3999
1281 3073 78.4721
1281 8786 37.3236
1281 12970 21.7045
1281 16238 126.522
1282 2168 57.8573
1282 3217 75.907
1282 8781 31.9132
1282 13564 15.5599
1282 16339 59.5607
1283 2279 131.284
1283 9213 86.6012
1283 11664 87.9231
1284 1950 12.4468
1284 3002 31.5789
1284 3761 10.4136
1284 13739 36.1715
1285 2233 48.3368
1285 11806 44.8971
1285 13175 93.5787
1286 5747 50.1871
1286 6872 47.9422
1286 15919 75.9038
1286 16804 77.6635
1287 3165 47.861
1287 6434 44.4533
1287 10510 45.2449
1288 5220 79.5167
1288 15561 75.621
1288 15591 86.0928
1288 15627 29.793
1289 1305 50.638
1289 9373 35.2127
1289 11351 34.6178
1289 15173 55.8286
1290 3932 39.4609
1290 5236 22.8837
1290 9894 54.4353
1290 10667 72.4483
1291 7923 33.5611
1291 10865 44.182
1291 11128 61.8382
1291 15136 79.4627
1292 1550 28.395
1292 2098 86.3781
1292 9794 91.2222
1292 10771 114.962
1292 11445 48.7845
1293 3417 45.6151
1293 11110 70.0782
1293 14385 28.5172
1294 7534 37.0171
1294 11167 96.251
1294 13006 19.9506
1294 16296 60.2601
1295 6871 81.8127
1295 10423 54.851
1295 16453 69.8889
1296 15066 36.7541
1296 15406 6.13442
1296 16983 9.32887
1297 1792 121.615
1297 5926 74.2652
1297 10986 45.0666
1298 1897 32.2482
1298 4308 31.8377
1298 15744 82.8471
1299 1393 34.1795
1299 1654 55.7385
1299 5562 34.273
1299 6012 42.6906
1299 9928 66.5739
1300 6398 77.9367
1300 6530 56.351
1300 7888 65.6226
1300 8341 19.168
1300 13618 56.3095
1300 14261 47.2096
1300 16590 52.3741
1301 1964 22.3015
1301 5377 62.2636
1301 9165 29.6539
1301 15250 9.72092
1302 1317 84.38
1302 3447 30.4093
1302 10231 84.5786
1302 12008 80.6872
1302 15478 94.9759
1303 2425 41.3274
1303 7775 71.3898
1303 15450 71.9499
1304 6442 36.7066
1304 11720 45.665
1304 15198 12.5868
1304 17132 18.4008
1305 8532 143.413
1305 9373 37.1292
1305 11351 72.7811
1306 6670 71.1361
1306 12497 70.8193
1306 16483 23.6244
1307 2033 44.6961
1307 13245 76.9996
1307 15367 38.8579
1308 4630 35.1965
1308 7628 26.8453
1308 9927 73.8012
1308 16937 58.2078
1309 6676 57.484
1309 13537 47.9076
1309 17014 69.2491
1310 3071 26.0484
1310 7608 46.0571
1310 10601 48.3844
1311 4376 62.7579
1311 9812 86.6806
1311 12006 99.3389
1311 14817 99.3463
1312 2194 67.2256
1312 10726 97.5625
1312 11790 81.5917
1312 14390 55.5046
1313 9429 28.5973
1313 10502 95.6103
1313 13014 63.157
1314 4626 119.596
1314 7669 59.8312
1314 12288 163.223
1315 6770 42.1481
1315 8955 39.0963
1315 13751 85.739
1316 4295 109.611
1316 7725 126.473
1316 12136 125.712
1317 5031 45.1502
1317 7701 46.4079
1317 12008 83.8616
1318 5341 20.2376
1318 6047 20.0104
1318 9043 33.7188
1318 11155 27.8449
1319 2663 42.7417
1319 2990 38.4699
1319 10387 5.88713
1319 14314 33.254
1320 3041 15.6761
1320 5797 24.1206
1320 5928 34.8264
1321 3591 61.3399
1321 4018 103.356
1321 8157 88.4411
1321 14881 95.3566
1322 10103 32.7918
1322 11540 114.164
1322 11610 81.9047
1322 13560 50.7461
1323 5822 54.0184
1323 6151 25.2834
1323 6410 86.4617
1324 8406 97.5235
1324 8720 119.177
1324 11035 76.7893
1324 17006 63.5963
1325 2436 72.0429
1325 2916 64.1595
1325 13363 144.726
1326 4684 70.2358
1326 11247 85.9585
1326 16160 129.673
1327 4660 46.7253
1327 6711 37.3525
1327 11701 29.2345
1327 16153 27.072
1328 9780 100.221
1328 10934 80.5331
1328 12641 95.2029
1328 16639 65.5159
1329 3439 73.3016
1329 6862 68.1261
1329 10797 102.923
1330 8023 29.0958
1330 14291 67.2171
1330 14905 44.7648
1330 16636 97.502
1331 6179 14.0971
1331 7246 29.3644
1331 8835 20.2597
1331 10081 18.3957
1332 8097 49.6308
1332 8433 42.6671
1332 8998 26.2737
1332 13583 58.5594
1332 16468 21.3833
1333 9677 45.3464
1333 9974 121.527
1333 12918 74.8997
1334 8398 87.5534
1334 11277 69.1476
1334 13931 137.475
1334 16174 100.493
1335 2323 58.5935
1335 12517 16.301
1335 15254 60.4179
1336 3807 69.321
1336 5206 73.4719
1336 8844 142.975
1337 2211 25.5205
1337 2776 70.9224
1337 10010 27.3564
1337 12987 63.3882
1338 2269 35.2202
1338 2863 31.1489
1338 8182 76.6442
1338 14616 84.2247
1339 1630 89.8176
1339 7408 38.0143
1339 14272 100.461
1339 14418 49.8084
1340 2357 37.7279
1340 5801 63.1265
1340 12406 27.4757
1341 5992 68.7747
1341 15741 143.36
1341 17090 41.6764
1342 5978 48.5585
1342 8154 26.7518
1343 2965 52.5911
1343 3606 63.9628
1343 6234 68.6494
1343 15772 59.081
1344 2291 27.9527
1344 3320 63.2191
1344 7449 61.773
1344 14985 63.4991
1345 3265 73.042
1345 4234 51.7454
1345 8809 23.6939
1345 11029 153.418
1346 4751 75.7841
1346 5062 37.6928
1346 11579 66.8861
1346 15660 66.3326
1347 8748 57.7087
1347 9830 47.7606
1347 10988 57.3179
1348 7069 65.0838
1348 8055 44.89
1348 9205 23.1377
1349 4582 37.2588
1349 5226 46.2081
1349 5257 102.655
1350 3270 60.0293
1350 8339 79.8641
1350 10113 21.5146
1350 15076 47.1237
1350 16595 49.7583
1351 5313 31.0712
1351 14268 60.395
1352 6709 65.047
1352 8349 21.6647
1352 16329 98.7538
1353 2104 34.4748
1353 12558 23.7041
1354 8818 77.0592
1354 11024 74.5062
1354 11544 71.1754
1354 16147 61.7879
1355 5114 60.4154
1355 5385 8.9623
1356 1664 80.7133
1356 9865 44.9207
1356 13443 24.2714
1356 14098 53.9658
1356 14429 94.7953
1357 6000 36.5216
1357 9324 61.271
1357 10737 110.366
1358 3792 53.0139
1358 4839 24.1281
1358 9959 52.9341
1358 9961 87.8644
1358 16066 71.1988
1359 12066 71.805
1359 14386 45.4535
1360 7123 85.6788
1360 10594 31.2321
1360 12389 47.4074
1361 2245 109.859
1361 8778 78.2915
1361 8922 15.9624
1362 10212 21.5867
1362 10887 32.4671
1363 2432 86.6964
1363 6811 100.158
1363 9742 67.8392
1364 4696 73.2444
1364 7245 85.4548
1364 12934 47.6174
1365 1540 110.486
1365 6776 65.7952
1365 8668 118.203
1366 4451 51.2528
1366 4606 73.4306
1366 13262 67.8698
1366 14363 19.8097
1366 14561 52.1587
1367 7556 90.4139
1367 8576 71.8911
1367 9205 69.4297
1367 9908 69.8936
1368 4632 72.6051
1368 9156 51.3247
1368 14046 62.8733
1369 12747 15.3558
1369 15032 87.2849
1369 15705 19.5472
1370 1428 70.9609
1370 5058 49.6309
1370 6987 47.4603
1370 10156 36.1435
1370 12447 70.2167
1371 5677 76.2472
1371 7482 47.9007
1371 9865 42.9175
1371 14098 77.5678
1372 1764 30.8518
1372 5730 34.1078
1372 7897 54.5035
1373 2938 77.2995
1373 6449 45.7041
1373 9270 27.6973
1374 3230 83.9949
1374 5642 47.4751
1374 15270 114.6
1375 9273 87.8047
1375 9930 23.052
1375 14571 61.9257
1375 17059 56.2204
1376 4920 41.7268
1376 5220 47.6301
1376 15681 37.4224
1377 3949 76.5012
1377 6322 44.4606
1377 7239 50.7564
1378 7559 51.52
1378 11932 43.0462
1378 13787 48.573
1379 1626 67.7815
1379 3161 37.5195
1379 13524 25.5513
1379 13883 21.4067
1380 2133 138.598
1380 2986 63.7535
1380 4875 50.8156
1381 2067 54.1919
1381 8759 57.4396
1381 9021 46.5833
1382 10547 38.8123
1382 11055 64.7936
1382 15581 37.3727
1383 1814 12.0452
1383 2733 70.3012
1383 8092 86.3338
1383 11269 70.4501
1384 3762 53.4485
1384 4118 87.1564
1384 6454 98.3122
1384 12459 23.2094
1385 3091 41.1187
1385 6837 66.1089
1385 9443 69.9903
1385 12920 41.5951
1386 16731 61.4535
1386 16841 78.6174
1387 3862 42.5302
1387 9200 79.834
1387 15433 30.0213
1387 15758 66.6736
1387 16431 97.2395
1388 2386 52.3438
1388 4433 88.0686
1388 6114 62.1746
1388 8682 49.5409
1388 17055 98.7553
1389 4391 67.0181
1389 9090 47.0469
1389 12851 43.4885
1390 5465 73.4212
1390 6153 77.0903
1390 13894 52.322
1391 4016 86.9548
1391 9958 63.2873
1391 15044 66.7564
1392 7785 54.5299
1392 9551 55.8226
1392 10686 95.0028
1392 11742 59.6182
1393 4587 56.7253
1393 5562 34.4323
1393 6012 54.7856
1393 10197 94.0969
1394 1437 29.6507
1394 4202 11.0445
1394 5962 94.7433
1394 16309 46.1276
1395 6073 55.0285
1395 9235 39.3752
1395 12003 65.6519
1396 8295 83.9983
1396 9262 56.5378
1396 16915 0.79459
1397 2520 45.7955
1397 10595 98.4696
1398 4423 59.4116
1398 4508 44.6348
1398 5731 37.6689
1398 10560 38.7145
1398 13089 37.0059
1398 15853 29.5729
1399 1900 49.4252
1399 3287 110.164
1399 10638 76.0501
1400 2570 141.982
1400 3125 53.2771
1400 5246 100.133
1400 10532 102.446
1400 16263 118.775
1401 10644 82.8593
1401 12705 57.5259
1401 16212 9.05342
1402 11132 27.377
1402 11693 95.4927
1403 1435 100.167
1403 7174 47.567
1403 7209 166.358
1404 2428 44.3274
1404 7371 27.8027
1404 13486 63.3078
1405 3702 56.2238
1405 4021 86.9617
1405 4651 67.1763
1405 12429 51.9659
1406 2077 93.8759
1406 5497 10.3714
1406 13190 118.065
1407 4672 46.3701
1407 6845 90.8452
1407 10965 39.7401
1407 15258 125.262
1408 3655 79.9036
1408 4358 56.4546
1409 8264 41.6136
1409 9798 50.5862
1409 11641 105.748
1410 1701 65.8707
1410 16318 23.682
1411 2564 50.3817
1411 5766 15.2859
1411 8637 68.0113
1411 8816 74.1474
1412 1860 83.4743
1412 10237 32.5638
1412 15459 55.2064
1413 5460 65.7362
1413 6810 97.3773
1413 7982 25.7225
1413 12787 86.4147
1414 3237 17.9525
1414 5094 89.2799
1414 7965 97.1894
1415 7798 85.1882
1415 10251 106.992
1416 14635 54.6701
1417 1704 91.0768
1417 6944 80.1681
1417 10292 71.805
1418 7580 59.8034
1418 7979 40.9777
1418 8596 70.2483
1418 9422 15.6187
1419 2837 42.8443
1419 5228 67.8703
1419 10003 70.9764
1419 12677 70.311
1420 2966 119.467
1420 5476 87.4283
1420 9725 52.4848
1421 1435 47.8052
1421 1440 34.2791
1421 8729 101.707
1421 9247 64.4597
1422 8563 88.1778
1422 11881 26.6037
1423 3437 54.2598
1423 5178 22.1681
1423 6592 51.5311
1423 10978 50.7659
1423 15852 47.4081
1424 1845 138.69
1424 7681 140.473
1424 10300 51.239
1425 5005 140.515
1425 5507 111.549
1425 12855 69.7191
1426 4491 105.02
1426 8063 82.3274
1426 13174 52.9698
1427 2438 24.3473
1427 7075 106.384
1427 7462 89.1129
1427 9985 103.26
1428 8507 50.4297
1428 12447 83.2176
1428 12448 84.8089
1429 5788 57.1795
1429 15095 63.9273
1429 15176 83.1207
1429 15381 90.3736
1430 8616 25.631
1430 11875 10.1379
1430 15156 44.4081
1431 7212 102.836
1431 8901 68.7572
1431 9320 96.9311
1432 3342 30.8024
1432 6239 27.8373
1432 7881 47.9716
1432 10846 114.615
1433 4695 119.559
1433 10605 129.886
1433 15586 72.3224
1434 4037 80.293
1434 5277 57.3987
1434 5440 39.8477
1434 16842 68.1432
1435 1440 37.2408
1435 7174 183.222
1435 8161 59.5552
1436 8699 90.2875
1436 11811 36.6463
1436 14322 44.3861
1436 15689 13.816
1437 4202 52.1324
1437 7476 69.7101
1437 8753 108.172
1437 16309 54.0922
1438 8984 120.046
1438 11037 63.9145
1438 16060 58.8848
1439 2831 101.725
1439 5571 37.6051
1439 11777 71.3775
1440 8161 28.3432
1441 2669 83.3132
1441 5008 65.6669
1441 17181 16.2238
1442 5030 50.7921
1442 5945 25.0367
1442 9226 53.6833
1442 14765 25.3662
1443 8267 61.0411
1443 8581 43.0097
1443 16328 25.9716
1444 2227 28.0887
1444 6376 45.3909
1444 15587 55.2947
1445 5798 84.5961
1445 8219 43.1385
1445 10259 68.7731
1445 15093 83.7414
1446 5711 91.4127
1446 6793 14.613
1446 11610 46.3163
1446 13948 100.466
1447 3670 28.5111
1447 3990 33.4031
1448 2483 91.8481
1448 6450 51.212
1448 12509 95.4991
1449 7067 92.9892
1449 8275 37.6782
1449 16262 118.992
1450 4235 73.5616
1450 14721 41.9374
1451 5017 30.1069
1451 14772 131.321
1452 15132 78.1998
1452 15146 35.0704
1452 15181 112.482
1452 16848 74.9054
1453 9287 39.396
1453 12123 89.156
1453 13727 74.8181
1453 15323 1.8043
1454 2103 104.608
1454 5704 42.5657
1454 13416 64.6019
1454 16746 130.225
1455 4387 87.9048
1455 7273 52.298
1455 12271 41.502
1456 5061 43.5852
1456 5943 81.4071
1456 9452 10.0937
1456 12023 68.8767
1457 5060 36.5377
1457 7169 65.1509
1457 10150 20.7681
1458 4647 51.4438
1458 12046 50.5992
1458 12675 70.4834
1458 13964 93.1454
1459 3021 57.0352
1459 10964 60.3174
1460 1983 45.2731
1460 10378 73.1338
1460 11299 46.3123
1461 12371 75.1952
1461 13968 101.514
1462 2990 51.1122
1462 10387 62.5075
1462 15010 50.3218
1462 16008 136.585
1463 3038 60.8805
1463 4894 41.7807
1463 9463 39.1937
1463 10289 76.1613
1464 9409 55.1694
1464 16017 46.4283
1465 3327 53.71
1465 3542 141.093
1465 5540 49.8169
1465 11853 107.955
1466 4398 76.6752
1466 12863 69.5175
1466 14426 20.5824
1467 2174 105.02
1467 16918 53.6132
1468 4330 72.858
1468 8882 88.4716
1468 11937 61.3756
1468 14599 58.131
1469 2262 79.1218
1469 6850 81.4709
1469 9379 42.8761
1469 9952 86.3976
1469 14845 62.4779
1470 9616 37.5213
1470 12954 85.7197
1470 13440 76.142
1470 15544 55.1631
1470 16235 83.7767
1471 2100 62.3925
1471 9487 50.9889
1472 4172 92.9196
1472 4498 64.8923
1472 7781 52.6063
1472 9168 62.8229
1473 4212 66.0344
1473 9902 71.0185
1473 11112 52.0717
1473 15458 78.1069
1473 15709 76.9491
1474 5955 14.9921
1474 10330 57.561
1474 11383 51.3892
1475 8479 55.721
1475 10984 38.3459
1475 11072 67.0022
1475 13117 54.1275
1475 16203 37.1956
1476 2304 59.1405
1476 4580 48.6938
1476 10013 99.8632
1476 10313 57.4303
1477 4600 17.7788
1477 9898 35.2711
1477 14273 19.4101
1477 16874 93.3212
1478 10186 143.262
1478 11087 74.3679
1478 11997 70.294
1478 12687 5.49169
1479 6154 40.7852
1479 12558 64.346
1480 6835 55.5671
1480 14529 73.3527
1481 3768 26.5784
1481 5991 10.6695
1481 11901 35.9719
1481 16458 15.5766
1482 4596 51.9018
1482 9371 31.5992
1482 12638 49.9861
1482 16684 76.6038
1483 1950 70.6235
1483 10109 25.9848
1483 15614 30.5338
1484 1796 73.2647
1484 5874 69.4864
1484 8941 78.8092
1484 9084 56.6479
1485 3270 55.536
1485 7740 45.9927
1485 10015 17.1269
1485 14571 50.6493
1486 2650 16.4211
1486 2948 37.6895
1486 6493 48.5681
1486 10196 54.3364
1487 5033 74.4664
1487 8573 75.5188
1487 11133 71.3577
1487 15654 40.741
1488 3674 76.0078
1488 4363 56.9448
1488 6250 49.7809
1488 8265 83.8865
1488 13045 99.8151
1489 11189 28.4497
1489 12032 20.8589
1489 15488 22.6357
1490 6465 38.1139
1490 9629 152.352
1490 10309 78.4739
1491 3142 47.5442
1491 4587 74.8938
1491 9928 97.4516
1491 13140 112.586
1492 9080 32.9122
1492 10382 54.1581
1492 15727 108.902
1493 3738 62.2676
1493 11419 63.6366
1493 14172 34.0209
1494 3499 47.1323
1494 3972 67.262
1494 14711 8.08303
1495 2434 91.8373
1495 10047 61.9542
1495 14887 40.9842
1496 4206 56.4098
1496 7357 51.0027
1496 12741 11.2394
1497 5681 66.0505
1497 10422 91.7508
1497 13213 95.9821
1497 14316 35.8718
1498 7726 66.9339
1498 8191 55.9848
1498 15029 52.3104
1499 2835 59.6406
1499 9266 137.624
1499 13926 103.04
1500 3775 56.7658
1500 14321 73.0494
1500 16173 46.2946
1500 16517 70.1079
1501 1749 45.8309
1501 3411 25.1311
1501 3498 62.9959
1501 10610 24.3203
1501 15408 51.4317
1502 6705 69.0345
1502 7319 30.2357
1502 10936 20.8656
1502 13329 81.6901
1502 14512 50.3321
1503 5172 59.2777
1503 5566 35.5666
1503 16180 76.1851
1504 4908 21.7295
1504 5615 32.084
1504 5832 36.1095
1504 10690 31.4333
1505 2602 22.4846
1505 7825 75.9678
1505 16052 74.3773
1506 3474 89.6349
1506 5590 54.1928
1506 10145 22.9025
1507 9701 90.7423
1507 11479 11.6902
1507 15426 60.0763
1508 3209 73.8621
1508 5293 81.4137
1508 11265 83.3044
1508 13481 85.5311
1509 9470 44.8771
1509 10668 133.286
1510 9051 62.3289
1510 9751 31.2245
1510 12709 64.9413
1510 13932 26.8726
1511 2275 19.53
1511 5095 65.842
1511 13843 59.7629
1512 9282 36.5858
1512 10918 63.2761
1512 11677 22.5929
1512 11880 80.8054
1513 3888 28.1813
1513 7529 25.0993
1513 10362 46.6677
1514 6110 125.899
1514 7852 58.5777
1514 11135 39.0573
1515 3657 22.3408
1515 5085 39.0366
1515 9753 85.7353
1515 14850 27.6503
1516 2891 107.944
1516 7240 13.5785
1516 17146 104.425
1517 2907 52.3031
1517 5197 64.9831
1517 7918 51.6563
1517 15050 52.2051
1517 17112 58.3651
1518 11860 29.8866
1518 12546 66.3284
1518 13186 24.211
1518 13474 45.2327
1518 15958 87.9534
1519 1957 56.1921
1519 2702 74.5108
1519 12577 62.0607
1519 12722 29.7174
1520 4482 62.4507
1520 5546 69.8337
1520 9361 41.8979
1521 5336 77.1419
1521 8521 37.8991
1521 12163 43.8624
1521 15480 30.2465
1522 7267 92.2056
1522 11179 53.8026
1522 13710 78.7983
1522 16922 47.9066
1523 3290 57.1054
1523 10324 62.1124
1523 16834 38.9031
1524 3711 70.716
1524 9704 63.4521
1524 11295 64.5079
1525 4866 41.9552
1525 5538 26.5878
1525 10344 82.736
1525 14832 49.512
1526 1760 64.8039
1526 4340 65.6467
1526 6497 23.6472
1526 12541 43.682
1526 13635 70.0792
1526 13692 38.1117
1527 3208 49.1337
1527 4678 3.74264
1527 16004 18.7794
1528 7687 68.326
1528 12836 126.659
1528 14888 49.4859
1529 3886 78.3718
1529 13059 44.6719
1529 13548 3.99158
1529 14088 57.9699
1530 1616 21.8969
1530 4020 36.3821
1530 6249 15.244
1530 8858 45.2911
1530 14792 52.5096
1530 15979 22.6995
1531 5052 58.9218
1531 6505 68.483
1531 9759 57.7511
1532 2248 189.49
1532 4366 82.4366
1532 11524 77.5799
1533 10210 50.4524
1533 13206 38.0031
1533 15364 133.277
1534 2246 21.6665
1534 5689 82.6155
1534 15649 20.8325
1535 3848 61.4146
1535 4652 79.8059
1535 12528 76.825
1536 1577 53.6944
1536 2195 45.3881
1537 2749 84.3509
1537 13324 44.5427
1538 9307 43.9131
1538 10987 13.2719
1538 16914 57.2647
1539 1733 91.7141
1539 5600 81.8177
1539 8431 89.2575
1540 8634 36.3294
1540 8668 4.04812
1540 12022 60.7488
1540 13260 124.21
1541 6234 68.4305
1541 10248 41.8403
1541 14158 85.9484
1541 15958 53.6707
1542 1552 63.421
1542 5591 28.8158
1542 12158 37.5603
1543 4902 61.4548
1543 8134 20.1814
1543 11915 17.5307
1543 14412 10.8675
1544 2532 46.7057
1544 5641 47.6581
1544 6186 38.2539
1544 16762 53.2957
1545 3203 7.12528
1545 11936 67.1747
1545 12018 59.1189
1546 6411 20.2779
1546 8321 10.393
1546 9874 72.5608
1546 15818 74.5921
1546 16686 62.5204
1547 6110 57.3883
1547 7288 51.282
1547 7852 39.1272
1548 7771 180.631
1548 9504 94.6356
1549 2875 13.6843
1549 6008 23.7566
1549 7290 73.1512
1549 16607 8.33626
1550 2098 76.9185
1550 3263 74.4506
1550 11445 28.6273
1551 6949 39.2177
1551 10850 91.8869
1551 15618 89.2707
1552 2889 67.4969
1552 5591 94.355
1552 12158 71.0725
1553 2518 54.98
1553 8845 102.207
1554 4796 84.4672
1554 9346 51.4026
1554 10634 48.5569
1555 2351 38.4131
1555 6633 48.7903
1555 8256 56.5228
1555 11676 19.9674
1556 4903 62.4314
1556 13072 5.5188
1556 13732 46.0326
1556 17155 69.1521
1557 3376 35.4887
1557 6153 42.4043
1557 7895 59.6497
1557 10021 90.9088
1557 12714 35.6878
1558 2802 67.127
1558 5396 28.1814
1558 10972 71.8645
1558 14868 54.4988
1559 1801 106.645
1559 3058 112.073
1559 10511 37.4328
1560 4781 57.2119
1560 8640 30.0147
1560 12247 71.7426
1560 15169 90.5035
1561 1653 42.6073
1561 4545 92.0163
1561 7116 76.7118
1561 15300 51.6558
1561 15891 62.108
1562 4468 45.8964
1562 8767 72.4137
1562 8919 22.8059
1562 13170 85.43
1562 14118 79.4438
1563 1975 30.9505
1563 3830 58.9944
1563 9502 76.5261
1563 11620 91.5881
1564 1779 25.7373
1564 2521 33.1172
1564 6029 10.7024
1564 12745 26.9303
1564 15995 40.3203
1565 4789 79.7335
1565 10462 85.823
1565 11622 75.7908
1565 13173 29.8947
1566 4273 30.3641
1566 9370 24.5348
1566 15154 36.6008
1567 7830 93.3378
1567 10848 57.2919
1567 16612 84.7964
1568 2151 49.8904
1568 6685 36.2986
1568 9948 94.8307
1569 3113 41.8873
1569 13535 43.7479
1569 15555 36.6273
1570 4610 80.0527
1570 9158 98.6893
1570 12819 84.5872
1571 13378 29.2921
1571 15927 40.9562
1572 2545 40.8722
1572 8687 35.6236
1572 10188 70.3273
1572 14257 38.5692
1572 14349 67.5167
1573 1846 46.9599
1573 3064 27.8151
1573 11652 45.0787
1574 1946 86.1472
1574 8393 95.1462
1574 13729 80.8709
1575 3328 20.8095
1575 8754 82.0563
1575 13239 28.9604
1576 11715 114.709
1576 12155 36.3726
1576 16999 41.9418
1577 6519 82.2976
1577 7445 74.0167
1577 8924 13.4747
1577 14540 40.8531
1578 7808 42.5996
1578 16325 95.6026
1579 1585 97.7989
1579 9530 61.9486
1579 11886 59.3041
1580 2759 42.8185
1580 3205 68.8704
1580 9233 41.9679
1580 13300 36.5691
1581 4245 26.1683
1581 11778 7.0869
1581 12896 35.3317
1582 9243 22.5949
1582 11093 17.2033
1582 13477 48.6646
1582 14048 38.6385
1583 10188 51.916
1583 12604 37.4779
1583 14257 52.7694
1584 4968 27.4928
1584 15633 66.182
1585 13724 75.7434
1585 17015 57.1173
1586 7105 57.9659
1586 7375 38.9815
1586 12270 30.8739
1586 13150 72.6125
1586 14309 100.726
1587 2666 37.8402
1587 5485 77.8242
1587 13558 48.6582
1588 7532 71.575
1588 12012 35.6214
1588 16419 152.402
1588 17171 58.4268
1589 1644 43.3459
1589 3182 55.4966
1589 5995 50.0178
1589 14458 37.6042
1590 4818 37.73
1590 11140 62.8273
1590 13314 45.8837
1591 2937 57.3904
1591 14327 106.018
1591 16760 117.333
1592 7581 39.3053
1592 11081 73.1415
1592 16375 57.7751
1593 5852 119.197
1593 13065 26.7444
1593 13470 74.9312
1594 2609 88.3795
1594 12518 78.5682
1595 3445 49.7093
1595 5833 52.0576
1596 3017 95.0902
1596 9369 45.9953
1596 11509 44.7986
1596 11717 44.8471
1597 3869 75.6635
1597 7313 43.5556
1597 15122 50.7716
1598 3504 90.8459
1598 4708 40.2017
1598 11698 76.0707
1598 15629 29.6454
1599 3442 17.9317
1599 5659 51.0982
1599 12114 39.2102
1599 13841 30.4449
1600 7875 32.7081
1600 11263 81.3762
1600 13568 74.7674
1601 4520 34.7319
1601 6046 25.5029
1601 12215 61.3465
1602 3803 120.582
1602 7747 85.4636
1602 9675 86.8573
1602 15080 54.8662
1603 6702 54.2797
1603 9197 81.7923
1603 13392 80.3145
1604 2742 38.3145
1604 4318 101.62
1604 7856 80.1916
1605 7252 48.1226
1605 8316 33.9649
1605 11313 33.6764
1605 13162 28.3542
1605 13517 38.8139
1605 15592 22.9028
1606 4681 109.89
1606 5499 19.6871
1606 6080 35.0887
1606 8951 39.0562
1606 11704 23.3066
1607 4183 176.668
1607 7256 79.6091
1607 17084 200.717
1608 7018 72.9236
1608 10210 89.2139
1608 15051 54.8502
1609 4933 83.1779
1609 6935 24.9211
1609 8550 30.295
1609 9176 71.6565
1610 7749 72.9892
1610 8374 7.77963
1610 8884 68.7657
1610 10843 18.2165
1610 13598 68.7706
1610 14620 99.5456
1611 4647 121.824
1611 7579 15.7217
1611 15165 21.0094
1612 4745 58.8243
1612 8126 83.8834
1612 9102 66.4583
1612 16182 54.9708
1613 5238 81.4221
1613 12172 84.123
1613 13967 39.6341
1613 15288 45.5734
1614 6797 59.7745
1614 9497 37.7328
1614 13313 62.8407
1614 14748 45.8127
1615 8872 53.7382
1615 9527 32.8689
1615 11310 78.5462
1616 6249 55.4165
1616 8858 22.3272
1616 14792 27.7221
1617 3223 62.5021
1617 7799 72.1824
1617 15988 42.1451
1618 2486 54.4822
1618 7777 65.4636
1618 10733 31.6106
1619 1783 52.2943
1619 11548 62.3482
1620 6491 55.3845
1620 8969 28.6831
1620 9567 91.3487
1621 4143 120.496
1621 8789 57.5019
1621 11465 126.975
1622 3487 94.9474
1622 6718 122.712
1622 15854 91.024
1623 2853 83.0884
1623 5087 48.4011
1623 7739 97.4628
1624 2324 89.4697
1624 2387 132.988
1624 10738 146.724
1625 1994 42.3756
1625 3193 76.3345
1625 7927 20.3707
1625 10775 10.5239
1626 3890 61.9992
1626 13524 80.7951
1627 6387 14.9634
1627 12261 43.7491
1627 14535 43.1564
1628 9179 85.2579
1628 9394 60.6493
1628 14703 70.628
1629 1992 56.9875
1629 2480 50.2174
1629 6708 81.2889
1630 7408 37.9786
1630 9082 47.1562
1630 11247 69.9285
1630 13767 75.3177
1631 6140 34.0081
1631 6595 88.4833
1631 11443 71.6363
1631 15056 24.6754
1631 17019 63.9115
1632 9309 34.8294
1632 13399 37.6918
1632 14588 43.3356
1633 15616 114.625
1633 16657 91.5618
1633 16900 18.0731
1634 3093 35.0512
1634 12535 26.543
1634 14650 11.716
1634 14844 56.1318
1634 16818 34.7504
1635 2107 63.883
1635 12340 68.8375
1635 13115 53.5518
1636 3691 33.5309
1636 7663 59.7082
1636 11368 62.9853
1636 16735 25.5536
1637 3674 65.5234
1637 6250 53.6268
1637 16443 52.1312
1638 5501 16.632
1638 10662 38.2005
1638 14127 82.2749
1639 2372 69.5178
1639 8978 96.8008
1639 12322 23.775
1640 4894 51.4972
1640 7874 18.3476
1640 8953 48.5392
1640 15675 57.7245
1641 2980 22.309
1641 5509 34.4879
1642 4005 54.8645
1642 5543 63.0294
1642 9088 114.533
1642 10626 77.7464
1643 3797 45.3686
1643 4349 50.0895
1643 10344 61.5524
1643 13614 68.8075
1644 6199 93.9159
1644 14381 55.7924
1645 1678 95.1629
1645 3665 43.5062
1645 7249 128.788
1645 13822 92.6944
1646 2369 48.4689
1646 3422 32.8957
1646 11537 60.4958
1647 8416 75.1299
1647 15471 74.8603
1648 7444 93.0071
1648 11911 48.1474
1648 14668 23.7969
1649 7397 102.621
1649 10784 49.6704
1649 14062 57.5358
1650 4972 53.2812
1650 13203 43.3827
1650 16031 43.7561
1650 16253 32.3887
1651 3343 63.3579
1651 3367 22.4479
1651 8514 70.4501
1651 11379 40.5461
1651 15599 61.3193
1652 3026 104.512
1652 8940 61.655
1652 14334 45.092
1652 15217 87.8724
1653 7116 26.1303
1653 15300 64.6092
1654 6575 70.3405
1654 9928 17.5051
1655 4337 69.865
1655 9708 52.7992
1655 15926 86.2019
1656 2142 75.5639
1656 8620 19.8371
1656 10687 42.0761
1656 13939 47.2622
1656 17139 30.6671
1657 2492 69.4703
1657 11020 54.7597
1657 12386 59.7423
1657 12427 83.112
1657 14689 71.8352
1658 7955 52.7173
1658 9536 61.9482
1658 12370 92.6939
1659 3897 64.1117
1659 7649 55.1743
1659 17151 15.9087
1660 4971 19.2629
1660 12157 62.4664
1660 12441 36.8792
1661 4340 85.8772
1661 6931 113.552
1661 8977 130.812
1662 3333 62.6496
1662 4322 60.6613
1662 5881 52.3011
1662 7471 48.8393
1663 10961 10.9056
1663 16580 46.4902
1664 11589 28.2155
1664 13443 52.016
1665 4342 126.999
1665 4855 56.944
1665 9451 117.138
1666 7683 19.9788
1666 8242 57.5509
1666 8540 63.4157
1666 9757 48.2474
1667 3377 4.53397
1667 4936 51.0999
1667 13762 56.0598
1667 16444 83.6607
1668 2376 68.7653
1668 2956 70.8103
1668 14354 67.8272
1669 9566 125.356
1670 6397 107.615
1670 7158 81.8435
1670 15014 76.8181
1671 2443 79.1592
1671 4799 22.9387
1671 16535 57.3736
1671 16558 45.6713
1672 8376 5.78118
1672 12226 12.4993
1672 13493 34.0255
1672 15901 77.0359
1673 7173 60.2107
1673 8327 65.3311
1673 8920 38.3479
1673 11249 69.7074
1674 3924 64.8921
1674 4657 86.0739
1674 4717 107.448
1674 10182 20.4238
1674 16671 48.2221
1675 2662 52.4278
1675 6118 35.0153
1675 11692 38.0618
1675 13979 26.4166
1675 16566 70.9407
1676 5322 46.2686
1676 8857 49.2394
1676 11064 10.339
1676 15225 95.4996
1677 3852 91.8652
1677 3923 180.783
1677 11393 107.708
1678 8623 73.9929
1678 14611 128.401
1679 8674 69.7678
1679 9781 73.2115
1679 12248 59.7716
1680 2272 60.9698
1680 3725 117.339
1680 15360 104.858
1681 1785 11.1925
1681 3369 21.85
1681 6176 36.7259
1681 7315 25.5921
1682 2629 90.2127
1682 8505 85.0458
1682 14989 22.7454
1683 7660 38.2246
1683 8564 24.9189
1683 12464 58.75
1683 13955 77.8196
1684 5876 77.7129
1684 6098 69.5477
1684 7272 37.8428
1684 13806 65.4255
1685 4570 72.7765
1685 5665 94.0877
1685 7935 54.4427
1685 9529 41.8957
1685 14828 77.4341
1686 3736 37.4666
1686 5884 66.0832
1686 7223 93.8464
1686 13572 46.5823
1687 4211 102.781
1687 14527 101.161
1687 17160 15.9792
1688 1731 71.665
1688 6582 97.8707
1688 14909 81.632
1689 5421 70.4725
1689 8343 43.2742
1689 8592 43.2995
1689 10862 4.69153
1689 15333 19.8003
1689 15497 50.7876
1690 2518 66.5292
1690 9175 52.5158
1690 11053 94.1601
1690 16036 127.475
1691 3175 30.3314
1691 4760 101.526
1691 7467 78.9684
1691 16679 79.8756
1691 17029 84.026
1692 4441 88.7804
1692 9141 56.6971
1692 10444 68.4218
1693 11370 50.6973
1693 11497 84.0201
1693 14166 39.1649
1694 6101 96.1768
1694 8015 14.6725
1694 8177 94.6987
1694 12411 33.8891
1695 1952 81.6005
1695 4687 79.9296
1695 8986 80.0632
1696 1794 69.0994
1696 5384 50.4869
1696 11021 76.9867
1696 12997 51.5597
1697 3222 103.742
1697 11807 107.479
1697 12315 48.9757
1698 7399 44.2486
1698 9202 28.1602
1698 14338 38.4913
1699 3008 44.681
1699 3194 93.4931
1699 5568 42.1345
1699 6490 54.4768
1699 7629 105.189
1700 4327 41.2786
1700 11864 37.2706
1701 11545 51.0498
1701 16318 76.215
1702 3976 36.5602
1702 10695 75.9366
1703 1784 55.2132
1703 5424 50.7006
1703 10780 69.387
1704 1717 26.9851
1704 6944 14.5819
1704 12613 75.0477
1705 14574 47.9986
1705 15000 62.6119
1705 17027 46.9203
1706 4470 81.261
1706 13284 89.9822
1706 14124 115.289
1707 3499 75.689
1707 8833 49.6764
1707 8842 70.2956
1707 8888 51.911
1708 4649 81.7306
1708 6734 118.728
1709 3408 86.6516
1709 9305 32.5004
1709 10504 25.6377
1710 7364 74.2259
1710 9145 69.7035
1710 9283 83.5029
1710 10785 68.4965
1710 11837 113.522
1711 7094 27.4012
1711 9750 30.7735
1711 11574 97.8156
1712 5302 34.6209
1712 7053 47.0617
1712 7585 39.9723
1713 3039 103.728
1713 11942 48.2954
1713 14704 85.1167
1713 15965 68.258
1714 6990 51.3094
1714 8652 54.2797
1714 13043 85.0754
1714 13504 68.0629
1714 16687 60.1082
1715 5612 86.1897
1715 9521 115.046
1715 16003 18.2749
1716 12607 23.6969
1716 12885 72.3319
1716 13907 59.6575
1717 3612 56.8362
1717 6944 27.6526
1717 12613 81.6047
1718 4926 61.7963
1718 7274 14.9117
1718 10845 28.5343
1718 14444 38.6148
1719 2038 58.5075
1719 4227 32.1219
1719 5065 24.6688
1719 9399 25.1899
1720 1941 8.24021
1720 5672 82.9056
1720 5712 14.3062
1720 7599 48.949
1720 9962 15.4642
1720 12568 73.4517
1721 2372 95.8772
1721 2654 76.1518
1721 15846 77.1582
1721 16641 81.4486
1722 3208 94.545
1722 7811 60.8985
1722 16004 101.889
1723 3154 20.7792
1723 5778 125.432
1723 6317 55.3025
1723 10463 6.31212
1724 2079 46.4634
1724 7836 87.6969
1724 9964 34.6171
1725 2102 60.8682
1725 8183 34.1887
1725 10671 88.0008
1725 16579 67.9028
1726 7905 80.5289
1726 8479 94.0624
1726 11503 60.6764
1727 9329 73.9112
1727 12829 47.7983
1727 14893 11.6322
1728 5778 74.9094
1728 7292 34.7844
1728 8107 65.547
1728 8646 55.5332
1728 14520 47.6388
1729 5851 146.774
1729 8251 80.1758
1729 9518 30.3429
1729 11451 45.1623
1730 9595 25.4402
1730 9873 35.4356
1730 11570 21.7729
1730 13764 38.886
1731 2029 83.2173
1731 8454 65.918
1732 13519 88.7585
1732 16821 21.2967
1733 4516 34.3772
1733 5600 32.7765
1733 10998 33.5939
1733 16832 43.5157
1734 8591 92.4049
1734 10991 73.7751
1734 11648 44.1806
1735 7107 40.1161
1735 13969 23.5511
1735 16158 28.6363
1736 11483 13.0499
1736 12145 31.7013
1736 13118 17.2272
1736 15303 76.7134
1737 3029 50.5211
1737 4082 28.7852
1737 7211 49.7987
1737 7719 55.1806
1738 3304 111.662
1738 15545 84.6352
1738 15693 38.2716
1739 8202 85.592
1739 11014 54.0116
1739 11086 53.9434
1739 13066 11.0285
1739 14543 74.8233
1740 3879 46.5835
1740 16129 65.28
1741 3120 77.8557
1741 5811 34.7208
1741 12708 41.3903
1741 14990 15.2487
1741 16575 37.0526
1742 2511 50.8333
1742 3883 32.1368
1742 8929 81.6142
1742 9018 55.8388
1742 10017 77.3555
1742 15130 31.126
1743 2197 32.7134
1743 7108 98.4233
1743 13387 51.3781
1744 4910 4.23258
1744 7993 56.0749
1744 8959 90.3536
1744 11406 20.9524
1745 5192 11.7599
1745 9359 38.9876
1745 11075 74.768
1745 11973 95.4286
1745 15756 61.4057
1746 5138 8.31415
1746 10024 71.9681
1746 11970 114.457
1746 15863 61.5603
1747 2457 15.7725
1747 4538 53.0448
1747 6115 87.0195
1747 14983 22.1231
1748 2503 62.1961
1748 5295 73.4576
1749 2450 56.3388
1749 3498 56.5732
1749 10610 37.465
1749 11028 133.186
1750 2818 52.514
1750 11036 1.93146
1751 1902 36.4918
1751 11492 23.7991
1751 13394 20.1987
1751 16609 85.4103
1752 7472 37.6499
1752 11165 7.63279
1752 11954 74.3125
1752 15202 84.6657
1753 14819 54.6231
1753 15229 57.7504
1753 16218 36.3914
1754 3127 65.9613
1754 10540 96.0021
1754 15125 40.4918
1754 16293 23.4852
1755 5169 70.7031
1755 8386 42.207
1755 15182 17.2468
1755 15521 93.0279
1756 6951 55.5249
1756 11614 21.7991
1756 12718 34.0176
1757 2865 73.4025
1757 5613 41.5512
1757 9936 39.9146
1758 3756 60.2013
1758 12203 97.4458
1759 2701 73.1326
1759 3414 74.6347
1759 3475 102.333
1759 9073 49.1728
1760 6497 51.0569
1760 9657 107.691
1760 13635 92.6146
1760 13692 67.5481
1761 3000 86.1087
1761 3621 52.4115
1761 10223 60.2407
1762 3940 35.5401
1762 14871 83.5833
1762 15337 112.773
1763 7409 83.1952
1763 9013 66.3786
1763 16974 55.3955
1764 5730 57.0578
1764 7897 102.379
1765 3616 22.5266
1765 7574 42.8475
1765 13559 63.2692
1765 14872 68.3305
1766 6339 102.659
1766 10923 100.399
1766 14479 68.2517
1767 2725 24.6956
1767 9073 55.1112
1767 16509 23.3874
1768 2266 80.2025
1768 3598 45.7219
1768 5298 53.9604
1768 6054 114.021
1768 6488 42.3474
1768 12836 72.0158
1769 5324 15.673
1769 13188 101.245
1769 15798 43.8226
1770 1926 37.0488
1770 7224 48.3599
1770 8846 46.4525
1771 5669 34.1688
1771 11235 33.7682
1771 17035 46.0018
1772 3701 44.3169
1772 12933 34.6627
1772 16321 50.8138
1773 8891 80.4058
1773 12470 64.7809
1773 17066 47.5839
1774 3754 73.6237
1774 8016 47.2258
1774 8417 54.3852
1774 8775 57.9305
1774 12572 68.4263
1775 4847 48.1011
1775 7636 81.8372
1775 8909 41.398
1775 16913 12.5872
1776 6971 85.5652
1776 9461 58.6017
1776 9722 82.7083
1776 9972 78.008
1776 10809 116.804
1776 11586 73.9708
1777 8003 15.6328
1777 12531 40.0941
1777 13243 41.0582
1778 5203 53.0932
1778 13332 91.5969
1778 15574 82.33
1778 16261 17.6958
1779 2521 5.33828
1779 6029 40.7945
1779 12745 30.6747
1780 3899 59.7027
1780 6748 50.3275
1780 11900 39.8794
1781 7487 87.5699
1781 9287 74.544
1781 10356 16.0948
1781 14876 35.5504
1782 2281 61.6903
1782 6424 132.337
1782 10170 53.8754
1782 10622 39.1668
1783 6568 98.0726
1783 11289 67.1168
1784 3713 75.6574
1784 11964 25.97
1785 3369 12.2777
1785 6176 40.192
1785 7315 35.2929
1785 10852 81.1767
1786 3080 30.2151
1786 12378 29.2313
1786 14274 44.507
1787 4238 82.6421
1787 6484 38.7636
1788 2548 42.427
1788 3929 31.3595
1788 5728 60.8466
1789 4204 113.755
1789 10030 32.0158
1790 5775 16.125
1790 8586 18.5951
1790 11333 34.2259
1790 16595 20.2426
1791 3063 97.9181
1791 11711 52.5021
1792 4072 60.146
1792 8441 109.758
1792 10072 87.9827
1792 10318 55.6771
1792 11026 47.5478
1793 6561 85.4132
1793 9229 55.5069
1793 11561 79.4065
1793 14317 53.2951
1794 4103 46.1398
1794 5384 11.2822
1794 5675 65.0979
1794 12997 35.8778
1795 3850 64.4471
1795 5899 54.2719
1795 6813 66.7104
1796 7538 32.7952
1796 12020 48.2852
1796 16071 19.3075
1797 3956 86.9694
1797 10215 32.8399
1798 6141 59.6159
1798 9746 69.3559
1798 13536 56.1435
1798 14773 132.224
1799 13035 78.9244
1800 9161 38.6157
1800 12608 50.7196
1800 15428 78.9859
1801 4597 80.0936
1801 5263 23.8916
1801 10511 47.0731
1802 6500 99.3837
1802 8931 112.683
1802 17032 118.553
1803 3913 125.507
1803 5759 67.6556
1803 5921 92.775
1804 3282 79.7493
1804 9881 14.9146
1805 2569 50.4464
1805 3813 95.9336
1805 4669 198.69
1805 10238 143.129
1805 16146 74.5296
1806 9473 83.2151
1806 12232 41.9818
1806 16385 122.338
1807 1842 94.3493
1807 3050 66.878
1807 9112 53.2236
1808 10439 36.1474
1808 13254 44.1526
1808 13511 42.4692
1809 3912 34.4669
1809 7837 49.2655
1809 9566 64.3389
1810 2945 78.5271
1810 4016 99.0746
1810 8100 60.5946
1810 11089 68.5622
1811 2257 84.4918
1811 6959 67.4644
1812 4221 34.591
1812 8860 21.6201
1812 15191 82.4166
1813 5407 112.527
1813 5741 47.0221
1813 8260 70.1
1813 15938 55.8972
1814 2733 54.2573
1814 8092 64.9186
1815 2379 66.2291
1815 13927 86.0054
1816 3151 64.9551
1816 3507 45.33
1816 9454 132.054
1817 5117 29.83
1817 15089 41.6522
1818 5504 54.9579
1818 6273 29.2998
1818 8934 31.2749
1818 16319 52.523
1819 6103 80.0722
1819 6790 90.8041
1819 10789 93.5915
1820 3970 53.3638
1820 4136 59.0052
1820 11305 56.4641
1820 11812 67.7925
1821 4069 82.4513
1821 4861 38.3593
1821 15481 53.5064
1822 1976 63.5529
1822 2911 53.7349
1822 13989 16.3907
1822 16573 69.0649
1823 4419 25.3876
1823 6884 112.878
1823 11346 37.8789
1823 12917 84.3526
1823 14031 52.6885
1824 5592 41.1471
1824 10023 67.3688
1824 13024 72.6739
1825 8050 58.6986
1825 8201 34.371
1825 14282 29.3955
1825 16928 96.8495
1826 11364 81.149
1826 11689 86.1754
1827 6607 31.6264
1827 11894 44.8545
1827 14542 67.4545
1828 2914 146.776
1828 4122 44.8357
1828 6843 29.645
1828 9092 64.4783
1829 10612 118.673
1829 11435 69.4008
1829 13396 43.8738
1829 13826 84.1078
1829 16761 54.4729
1830 4716 44.613
1830 6126 21.0213
1830 8709 60.727
1830 14026 27.8643
1831 4565 49.6478
1831 9661 30.5793
1831 14666 78.6802
1832 2137 51.4083
1832 11514 85.9321
1832 16254 55.135
1833 12902 83.997
1833 14177 47.9809
1833 16918 98.7342
1834 9456 6.51028
1834 11530 47.7453
1835 2937 72.0806
1835 4416 72.3635
1835 4483 82.1803
1836 2773 59.2937
1836 4157 66.6892
1836 15717 31.2246
1837 3510 106.24
1837 6828 53.3159
1837 10084 31.0003
1837 15142 64.4206
1837 16847 65.9736
1838 3228 31.9598
1838 3430 55.9029
1838 6171 56.8145
1839 2642 72.3624
1839 6570 61.7564
1839 10273 39.3941
1839 12374 34.9461
1839 12879 47.4969
1840 1851 58.0519
1840 10633 33.4027
1841 7266 50.248
1841 8220 17.0128
1841 15012 27.7339
1842 17102 62.8799
1843 4051 74.3315
1843 10675 43.977
1843 13824 83.7143
1843 16985 26.2044
1844 14612 44.3563
1845 4670 49.7051
1845 7011 61.3068
1845 7681 56.4069
1845 10300 96.5187
1846 3064 81.2729
1846 11652 38.5509
1846 15298 20.4167
1846 16811 73.83
1847 5650 39.4086
1847 9143 100.165
1848 13821 56.4137
1848 15956 30.0513
1849 4184 75.0007
1849 8864 11.0749
1849 9462 45.9328
1849 14140 48.7168
1849 15072 44.4728
1849 15427 75.9045
1849 17135 64.1998
1850 2479 140.166
1850 6027 87.883
1851 10633 27.0974
1851 12124 52.1644
1851 13050 113.629
1852 8409 56.466
1852 12445 31.8445
1852 13582 41.4795
1852 14432 27.5021
1853 2649 46.7699
1853 3987 89.3988
1853 4005 115.845
1853 10034 83.4419
1854 3508 74.1013
1854 14737 65.8209
1855 4139 90.617
1855 11632 100.554
1855 16247 56.8111
1855 16483 109.285
1856 8230 98.2778
1856 10980 74.9594
1856 11158 79.674
1856 15239 86.3276
1857 5352 74.151
1857 10818 74.4421
1857 11426 47.1543
1857 12307 79.0666
1857 16358 23.1639
1858 9119 75.0607
1858 10581 69.7989
1858 16156 69.0712
1859 2862 2.64007
1859 5434 110.694
1859 5996 77.3473
1859 7287 45.6755
1860 4243 80.1715
1860 11794 50.3655
1860 12702 41.5854
1861 11471 48.6673
1861 13021 50.053
1862 2710 51.7072
1862 6042 83.8789
1862 9622 31.1124
1862 11691 128.842
1863 5285 61.0589
1863 9787 64.3121
1863 10353 43.9438
1863 13017 39.4845
1864 4205 134.352
1864 5831 131.465
1864 11031 83.9049
1865 9155 46.9952
1865 15140 94.2035
1866 5342 89.5039
1866 6679 49.5914
1866 14304 47.4471
1867 4381 5.959
1867 9775 49.4596
1867 10851 25.8059
1868 7004 36.204
1868 8938 59.3411
1868 16710 74.6054
1869 2840 56.9419
1869 13510 72.7779
1869 16059 67.4816
1870 6195 78.092
1870 9103 21.0966
1870 11466 60.6295
1871 4674 87.382
1871 9106 71.3447
1871 13359 60.6679
1872 3678 58.94
1872 4769 70.7869
1872 8599 57.9379
1872 11826 42.9313
1872 13819 84.4765
1873 14961 43.6928
1873 15898 58.9364
1873 16452 81.0733
1874 1879 40.1654
1874 4505 77.6996
1874 11343 48.9425
1874 15603 62.1612
1875 10580 97.0083
1875 12117 47.3471
1875 12314 58.8929
1876 3592 24.872
1877 11785 21.228
1877 12460 47.7086
1877 13281 76.4215
1878 3697 44.4405
1878 7029 16.7093
1878 8437 44.223
1878 12196 77.1888
1878 14128 55.8764
1878 16570 81.3532
1879 4178 58.1253
1879 4505 20.7364
1879 11187 33.1258
1879 17105 52.3278
1880 4537 70.4964
1880 6952 71.6977
1880 8926 57.4382
1880 11849 51.4463
1880 11950 45.1352
1881 8845 66.9191
1881 9946 38.1835
1881 16448 93.5959
1882 3027 102.293
1882 6303 88.8872
1882 14570 53.074
1883 3357 49.618
1883 4724 78.939
1883 13804 76.1458
1884 2991 62.6924
1884 5834 81.3082
1884 6198 85.8476
1884 14072 118.089
1884 16049 57.713
1885 6023 47.4261
1885 7292 41.7283
1885 13178 43.0689
1885 14208 30.5027
1886 6510 51.2929
1886 10415 23.5791
1886 11424 51.9721
1886 12216 84.8812
1887 8174 59.7814
1887 8917 114.099
1887 11253 48.6286
1888 7892 33.4048
1888 15418 93.1441
1889 2542 87.5465
1889 3027 89.5965
1889 12972 55.1674
1890 5403 88.8315
1890 10929 67.7308
1890 12923 69.342
1890 17016 33.2873
1891 6752 34.3459
1891 12933 22.8856
1891 16321 22.1814
1891 16486 55.0766
1892 3760 55.3098
1892 5307 54.5563
1892 6521 49.4499
1892 9316 23.5771
1892 17100 23.9834
1893 1968 49.3356
1893 6495 17.9168
1893 9265 47.2745
1893 11822 69.1819
1894 7468 95.0387
1894 13117 49.95
1894 14858 33.0667
1894 16203 73.7328
1895 3037 45.3362
1895 8378 69.1076
1895 16410 43.8578
1896 4002 99.2934
1896 7667 68.7669
1897 4308 67.6081
1897 15744 60.2658
1898 3856 75.5833
1898 10087 95.3567
1898 12841 117.771
1898 13512 49.8111
1899 12901 22.0551
1899 14841 77.4201
1899 15234 108.404
1900 10638 31.2059
1900 10761 89.2836
1901 5603 111.789
1901 10588 60.6747
1901 15491 68.5021
1902 6846 27.0213
1902 15195 35.9604
1903 2011 55.2372
1903 4670 57.2411
1903 12227 24.57
1904 2478 67.9033
1904 6034 32.021
1904 8339 44.1682
1904 10864 79.5427
1905 4151 101.547
1905 8241 49.9437
1905 9046 78.1814
1906 2046 63.9424
1906 9503 99.4952
1906 11627 22.4064
1907 5074 44.0908
1907 7083 54.1986
1907 8165 66.5659
1907 9204 39.7832
1907 15278 20.2936
1908 3989 37.3557
1908 6612 40.4492
1908 6972 23.3742
1908 7131 43.5631
1909 5258 39.838
1909 16772 16.2928
1910 2171 90.2894
1910 2218 57.4552
1910 12757 84.3514
1910 15339 93.3429
1911 3247 80.603
1911 12626 65.5324
1911 15161 90.2331
1912 8456 84.967
1912 13612 53.0636
1912 13638 8.93548
1912 14407 49.7356
1913 8096 25.2764
1913 8443 19.6113
1913 8466 46.1681
1914 4655 46.1605
1914 7774 41.9371
1914 9387 50.9436
1914 14894 55.0614
1914 15620 41.7452
1915 3130 112.709
1915 11696 41.4549
1915 13733 137.531
1916 4018 47.4683
1916 8157 61.551
1916 11377 86.9091
1916 14156 116.438
1917 14947 58.8791
1917 16941 81.9038
1918 4651 51.637
1918 7328 37.4516
1918 12429 54.1958
1918 16574 63.3613
1919 6660 74.9151
1919 15389 102.548
1919 15447 68.7059
1920 11191 118.701
1920 12007 104.214
1920 16879 132.202
1921 5351 24.0038
1921 10254 75.8059
1921 11886 76.5443
1921 14763 91.7637
1921 17015 40.6492
1922 2595 18.1018
1922 8995 67.9564
1922 16120 22.0598
1923 5437 18.986
1923 9446 69.2597
1923 11380 60.6141
1924 2587 59.592
1924 5746 85.6335
1925 2904 62.4733
1925 5320 36.5811
1925 9035 49.1839
1925 12295 47.8509
1925 13815 67.2885
1926 7224 75.1967
1926 8846 38.301
1927 2705 66.7312
1927 3294 43.9021
1927 4211 81.0396
1927 11734 89.3188
1927 12383 39.8514
1928 9479 51.4254
1928 11957 45.7135
1928 15096 10.2185
1929 2637 24.2138
1929 17060 15.8002
1930 9200 65.6001
1930 15758 40.3814
1931 2978 77.6402
1931 9004 32.4064
1931 15316 57.4726
1932 6759 47.781
1932 10124 49.9259
1932 14488 21.4326
1933 5026 28.4494
1933 9102 96.4405
1933 9783 83.2507
1934 2624 66.0909
1934 15220 59.0559
1935 4622 59.0717
1935 8920 62.7579
1935 11270 36.1171
1935 14568 13.8293
1936 4395 52.449
1936 4459 97.869
1936 7088 49.2962
1936 7241 42.8091
1937 3921 90.058
1937 6435 61.4918
1937 6791 29.2222
1937 12218 94.0898
1938 3262 52.7595
1938 3743 49.1424
1938 14814 42.6885
1939 6361 59.5782
1939 11712 61.4255
1939 13948 111.984
1940 9111 65.7084
1940 14521 54.631
1940 15638 28.5762
1941 5672 69.5085
1941 5712 9.33756
1941 8030 62.65
1941 9962 18.3417
1942 4119 42.9039
1942 6699 28.7384
1942 13241 13.0263
1942 15969 63.9435
1943 3121 91.8481
1943 3189 94.2942
1943 8596 42.6356
1944 4138 57.0595
1944 8878 61.0918
1944 10100 37.5896
1944 14731 53.5995
1945 6197 72.4245
1945 9362 173.983
1945 10730 93.6916
1946 2347 122.69
1947 9079 66.4923
1947 11919 86.9046
1947 12776 110.969
1947 16388 87.5817
1947 16683 63.4142
1948 5227 65.9107
1948 9552 88.1921
1948 10902 51.9136
1948 14423 37.0995
1949 9982 34.0706
1949 11818 73.7472
1949 14181 118.931
1950 3002 27.0738
1950 3761 29.9146
1950 10109 43.6699
1950 13739 31.2882
1951 3781 35.6096
1951 8069 24.514
1951 11801 44.9081
1951 14447 58.5142
1952 4687 39.9773
1952 8986 35.3459
1953 9097 86.8359
1953 14750 65.2147
1953 15692 52.7681
1954 2005 42.4869
1954 9258 12.5142
1954 9288 90.8561
1954 10846 114.516
1955 3608 64.0834
1955 6119 53.8357
1955 11894 55.3592
1956 7947 128.426
1956 8509 50.6832
1956 9159 118.477
1956 14710 52.9609
1957 5847 89.9427
1957 12577 55.8792
1957 12722 53.1886
1957 15175 71.0251
1958 3563 40.8665
1958 4509 23.9592
1958 13922 30.953
1959 3634 36.8905
1959 12904 30.6888
1959 17147 24.5394
1960 3403 31.0094
1960 3602 62.4017
1960 6885 27.9161
1960 8937 30.4132
1961 13668 34.41
1961 14645 38.9131
1961 14682 26.0281
1961 16556 42.4802
1962 2179 39.3531
1962 3069 49.0727
1962 12010 79.9972
1962 14852 48.5799
1962 16524 69.8424
1963 6584 80.4972
1963 6709 43.3279
1963 8349 83.8396
1963 14007 54.9429
1964 9165 20.2378
1964 15250 46.8221
1965 2547 66.96
1965 5763 99.8298
1965 7920 96.2749
1965 8127 32.803
1966 9690 82.0616
1966 9749 58.8996
1966 13098 86.9056
1967 2891 64.3004
1967 5102 59.8679
1967 5457 105.557
1968 6495 30.9
1968 6955 85.9815
1968 16803 42
1969 7068 15.6253
1969 8337 54.1249
1969 11288 45.3748
1969 16549 56.4912
1970 10548 46.5409
1970 11629 55.1497
1970 15661 62.9812
1971 8981 91.6762
1971 9943 40.8307
1971 10905 53.7058
1972 6443 42.3926
1972 8360 39.4978
1972 12287 35.6682
1972 17166 54.8745
1973 5085 41.6292
1973 5624 16.6818
1973 12303 25.7323
1974 5505 42.7036
1974 5808 28.5785
1974 16967 33.7908
1975 11620 66.3922
1975 12521 39.5151
1976 5823 25.853
1976 8478 15.8666
1976 13989 49.3952
1976 15830 23.7902
1977 4761 56.6543
1977 6043 16.9642
1977 7370 68.2553
1977 9499 11.6487
1978 2615 78.3787
1978 16454 82.7164
1979 2590 99.7408
1979 9858 58.9635
1979 14369 41.8172
1980 3293 105.639
1980 13064 84.5541
1980 16115 80.0015
1981 2941 70.4805
1981 4373 35.195
1981 5848 71.5059
1982 4248 148.677
1982 7385 74.3573
1982 7657 43.3323
1982 9219 78.1154
1983 2371 71.7546
1983 11299 79.0693
1983 13535 65.9676
1983 13587 78.7711
1984 3804 43.4177
1984 12496 39.6222
1984 14771 92.2217
1985 6130 48.5213
1985 7066 49.6778
1985 11242 46.6073
1985 13984 66.1101
1986 3518 17.4977
1986 10583 38.358
1986 16939 49.2413
1987 3957 59.3519
1987 6308 48.0819
1987 16078 58.3114
1988 5363 21.4491
1988 10308 50.7699
1988 11694 33.07
1989 2454 38.729
1989 6659 23.2912
1989 11452 38.9869
1990 6172 50.6616
1990 8654 77.7964
1990 15886 85.7883
1991 4559 59.5824
1991 7743 22.0046
1991 16723 84.9816
1991 17048 51.7657
1992 2249 84.036
1992 3296 88.0976
1993 4522 68.1854
1993 5770 71.9353
1993 14411 92.7608
1993 14681 55.3035
1994 7927 28.9959
1994 10775 44.6483
1994 13410 24.858
1995 2296 55.7686
1995 10492 43.1306
1995 10886 42.6365
1996 3514 23.2088
1996 4768 19.5107
1996 7728 66.4689
1997 12038 21.7504
1997 12095 34.5937
1997 13858 35.2094
1997 14978 24.3881
1998 2374 38.1206
1998 8710 29.2595
1998 12817 36.5336
1999 5150 34.2083
1999 7223 125.361
1999 13013 74.1148
2000 10533 15.3764
2000 12258 41.0339
2000 14627 77.1272
2001 3227 74.5579
2001 12086 115.651
2002 2199 29.713
2002 13475 56.6233
2002 13565 39.05
2002 14962 31.7342
2003 9531 53.1964
2003 9883 11.2265
2003 13515 17.3479
2003 14023 34.8686
2003 15751 94.9182
2004 6059 60.5538
2004 7215 130.797
2004 15332 93.6595
2004 16072 25.1616
2005 4412 44.7924
2005 7602 39.9891
2005 9258 77.197
2005 9288 39.6169
2005 13804 78.503
2006 3650 77.4549
2006 8192 45.487
2006 11953 101.652
2007 4871 64.4193
2007 8708 58.1796
2007 13000 104.775
2007 15285 23.6388
2008 8693 53.0054
2008 14457 42.9123
2009 2306 72.6838
2009 2367 43.3094
2009 7141 95.0721
2009 11971 88.7864
2010 3068 12.131
2010 4835 26.2125
2010 14323 41.4056
2011 4670 43.3927
2011 14351 69.9587
2012 2746 47.5309
2012 4442 78.1128
2012 7824 34.3557
2012 12299 96.181
2012 13702 31.2352
2013 9410 151.21
2013 10022 80.6219
2013 12423 77.1088
2014 10068 56.5008
2014 12789 67.1838
2014 15718 7.25796
2015 3553 49.0585
2015 4686 122.044
2015 14886 106.737
2016 11596 59.0713
2016 15434 51.6032
2016 16970 61.6517
2017 3049 58.8995
2017 9077 66.6788
2017 13991 90.7632
2018 7800 56.7666
2018 13210 47.3696
2019 11037 68.0822
2019 12408 22.8691
2020 5069 54.1366
2020 8489 125.083
2020 16597 76.7058
2020 16882 61.98
2021 4194 38.5658
2021 8749 77.0902
2021 9337 129.128
2021 14971 29.5847
2021 15943 52.2494
2022 2443 79.6287
2022 4979 20.7607
2022 7768 78.812
2022 14469 141.567
2023 2408 52.2698
2023 2839 55.4002
2023 3578 68.4474
2023 7133 18.7781
2024 2392 43.9831
2024 7675 120.888
2024 15913 29.3541
2025 3614 22.5035
2025 9094 109.41
2025 12554 32.7996
2025 16393 15.8104
2026 6375 71.0581
2026 12713 85.7811
2026 14447 117.053
2027 10557 74.8181
2027 11616 83.7155
2027 12735 37.3355
2027 14869 68.5205
2028 10338 38.9034
2028 12941 77.8988
2028 14228 31.1706
2028 14861 71.1991
2029 2277 81.276
2029 5970 70.6946
2029 8454 17.1968
2029 11254 22.8923
2029 13877 24.9933
2030 10120 67.1103
2030 10437 98.6221
2031 3764 99.5164
2031 5472 15.7857
2031 14770 22.8851
2032 10135 46.6551
2032 10419 27.4775
2032 15619 49.8888
2032 16619 64.6576
2033 13245 62.7064
2033 15367 19.7434
2034 2901 114.463
2034 5510 61.6583
2034 15980 70.8439
2035 2629 39.46
2035 4162 88.4205
2035 5727 140.734
2035 13200 71.4296
2035 14989 71.0055
2036 12156 70.8508
2036 13422 109.927
2036 16896 86.5344
2037 6129 52.8281
2037 6222 55.836
2037 9488 123.235
2037 11780 81.0748
2037 13046 50.9925
2037 16917 59.0175
2038 4227 97.7652
2038 9353 30.5328
2039 4036 99.04
2039 8325 85.6047
2039 12509 70.9888
2040 3249 114.647
2040 3444 44.3962
2040 4916 55.465
2040 11338 31.9429
2040 12207 67.2102
2040 13886 86.5443
2041 4960 64.9183
2041 6653 32.3235
2041 6680 32.7205
2041 8743 65.7447
2041 13906 46.6295
2042 14034 29.2288
2042 15820 33.9024
2043 8565 68.7525
2043 12507 54.3131
2044 2618 75.4366
2044 12793 94.29
2044 16644 70.5117
2045 6200 72.3721
2045 6611 45.8936
2045 8138 34.4563
2046 9394 65.9909
2046 11627 30.1427
2047 7756 71.829
2047 9892 57.6533
2047 15702 46.9556
2048 11692 56.7089
2048 12576 15.3102
2048 14866 36.8458
2049 12603 29.9248
2049 16176 123.835
2049 16872 84.6733
2050 12415 51.5062
2050 13374 76.6851
2050 16461 41.3771
2051 2202 50.0613
2051 2399 48.6853
2051 8311 46.0807
2051 15760 37.926
2052 11538 57.491
2052 14163 40.9985
2052 14397 41.6087
2052 14773 71.4821
2053 11345 65.4538
2053 12700 29.4858
2054 5658 38.5551
2054 9742 20.1828
2054 13068 89.7203
2054 16208 68.1063
2055 8365 31.5811
2055 9339 31.5652
2055 14906 56.103
2055 15963 64.6626
2056 4303 30.5301
2056 7694 90.4265
2056 15305 69.6494
2056 15634 99.2053
2057 6942 90.2685
2057 9044 73.3807
2057 15102 23.1513
2057 16106 60.02
2058 7551 69.8053
2058 11882 96.9294
2058 13908 24.1222
2059 12710 78.5413
2059 16640 133.619
2060 2316 70.2482
2060 6832 15.8719
2060 8942 39.9619
2060 10448 77.781
2061 11492 43.618
2061 13394 43.1832
2061 13951 118.307
2061 16176 73.7318
2061 16872 30.6444
2062 2537 64.1079
2062 11757 69.2393
2062 16937 66.9937
2063 4151 39.7606
2063 8065 8.89054
2063 13855 65.666
2064 6412 101.361
2064 14465 61.7813
2064 15580 34.0318
2064 15934 101.416
2064 16902 119.812
2065 2194 38.4947
2065 5646 97.1948
2065 10726 82.4507
2066 2676 72.8691
2066 4343 17.9601
2066 4811 15.692
2067 2446 69.5047
2067 9021 34.2829
2068 6915 83.9888
2068 8659 75.8181
2068 15941 94.8807
2068 17081 70.9983
2069 4059 13.8665
2069 10037 120.42
2069 11417 62.6212
2069 13240 53.3863
2070 2917 65.7922
2071 9206 68.5685
2071 11060 70.719
2071 14146 24.4473
2072 3974 88.257
2072 4538 71.9087
2072 5861 66.1685
2073 8018 104.546
2073 15589 95.1189
2074 4077 26.5505
2074 5536 87.3673
2074 6270 53.1762
2074 7447 38.362
2075 8664 75.023
2075 11647 44.3645
2075 12000 18.3257
2076 7541 51.4974
2076 13296 11.0016
2076 15875 34.5597
2077 5497 121.983
2077 13190 65.7867
2078 7500 28.7899
2078 12391 40.4327
2078 12483 23.8044
2078 13848 28.0749
2079 9964 21.9777
2080 7943 36.6638
2080 11572 28.5522
2080 13312 71.7861
2080 17082 36.3316
2081 4430 40.5678
2081 6241 59.0511
2081 13674 7.90855
2082 8346 35.5013
2082 15313 21.3013
2083 3756 70.3725
2083 13465 110.613
2083 14797 66.9403
2084 6611 51.6237
2084 8138 71.8804
2084 12407 74.402
2084 12512 65.6037
2084 12600 87.9052
2085 7676 84.049
2085 8205 61.2651
2085 12087 63.5603
2086 7615 61.296
2086 10952 33.1939
2086 12671 54.6932
2087 7893 82.4698
2087 9762 28.5427
2087 17172 61.4615
2088 11123 96.7175
2088 12274 66.9326
2088 12883 94.5258
2088 16429 47.2094
2089 4475 69.468
2089 7120 78.0389
2089 15870 73.9196
2090 2789 49.3713
2090 8070 31.5757
2090 15077 32.1954
2091 4046 21.7078
2091 4750 44.6368
2091 12665 53.4423
2092 2166 31.8629
2092 7370 82.6418
2092 9499 54.1027
2093 3794 42.1484
2093 4289 49.0312
2093 6335 118.474
2093 12566 104.524
2094 4123 61.9873
2094 6255 11.2751
2094 7932 39.0368
2094 10155 46.9265
2094 10421 14.8487
2095 11670 98.9072
2095 12797 76.3099
2095 13862 65.4162
2096 4730 79.8591
2096 9284 63.5055
2096 11004 84.7985
2096 15270 60.737
2096 16577 64.8311
2097 2893 35.8797
2097 6677 26.2285
2097 12465 51.4412
2097 16185 24.6042
2098 11445 109.044
2099 3433 42.7837
2099 8574 67.6524
2099 9315 85.2322
2099 13204 44.2995
2099 16278 17.166
2100 5427 42.1199
2100 9487 22.5908
2100 14245 51.2244
2101 3162 54.4721
2101 3963 74.6689
2101 9195 6.14508
2102 11507 60.6929
2102 11602 92.3807
2103 6001 84.1772
2103 10139 68.743
2103 13416 67.0904
2104 3703 39.8443
2104 10349 33.9844
2105 10649 74.2566
2105 12236 35.7442
2105 12317 60.1159
2106 5042 64.6646
2106 6192 82.2915
2106 11772 66.5948
2107 13115 103.262
2108 2171 22.1968
2108 4493 19.6213
2108 4499 54.0665
2108 12775 50.1098
2108 15339 112.067
2109 4186 64.1195
2109 6364 14.3104
2109 8370 91.415
2109 15356 80.8854
2110 2550 55.093
2110 7276 7.80212
2110 10154 57.0756
2111 3048 49.8103
2111 7037 47.7464
2111 7631 97.7488
2111 10228 37.3816
2111 15740 41.5069
2112 7099 60.33
2112 11234 28.8393
2113 3586 57.7556
2113 6452 59.3959
2113 7324 27.8548
2113 8560 30.8142
2113 14675 16.7324
2114 9531 86.8536
2114 11207 61.2894
2114 12548 33.8557
2114 15765 68.4832
2115 2713 21.2358
2115 8520 62.583
2115 13383 21.8845
2116 10411 100.493
2116 13346 17.5171
2117 2603 63.789
2117 3583 29.5589
2117 6922 43.4173
2117 7873 98.0801
2117 8066 94.6582
2117 9367 69.3804
2118 3147 26.6618
2118 11660 99.3439
2118 14220 42.2982
2118 15222 14.7566
2118 16221 82.1257
2119 7818 46.0992
2119 10551 41.2638
2120 3561 121.815
2120 5059 76.4411
2120 6871 103.776
2121 3351 67.9977
2121 7149 60.5776
2121 11127 80.397
2121 14693 94.3654
2121 14827 67.3529
2122 4474 89.1578
2122 8404 70.2158
2122 10098 42.5534
2122 15162 87.02
2122 16389 11.2749
2122 17022 16.6092
2123 2435 93.9886
2123 6388 95.3828
2123 6556 38.1035
2123 13864 44.1878
2124 5016 51.934
2124 12107 69.2992
2124 14086 47.2526
2125 12578 76.281
2125 16757 56.9783
2126 4578 101.622
2126 6264 87.5519
2126 13689 91.6064
2127 7230 55.0255
2127 7778 108.144
2127 10596 71.0015
2127 12886 98.817
2128 2274 87.0302
2128 5070 60.5812
2128 12181 82.7954
2128 15632 58.0271
2129 3259 69.5149
2129 3560 80.4784
2129 8034 96.9985
2129 16006 16.9624
2130 5250 55.0469
2130 12504 8.09503
2130 12578 31.9232
2131 2882 65.5014
2131 8697 82.8341
2131 12522 98.7487
2131 16048 92.2706
2132 9987 51.7044
2132 11723 54.4021
2132 11740 53.9976
2133 6366 45.7096
2133 11829 47.0213
2133 14015 59.0021
2134 4711 26.7114
2134 5976 43.7024
2134 8372 76.2215
2134 10994 39.6652
2134 15866 59.2269
2135 9915 9.71254
2135 10675 64.7094
2135 15362 25.142
2136 6440 39.2669
2136 13910 54.3762
2136 14803 53.8502
2137 8590 29.9046
2137 9895 67.674
2137 12037 52.4046
2137 13778 67.5134
2138 3254 43.8802
2138 4564 58.8408
2138 8675 31.6245
2138 11144 60.9103
2139 2337 61.9612
2139 8932 81.9145
2139 15354 76.8394
2140 4902 85.3565
2140 7835 38.0724
2140 12052 42.5299
2140 12704 28.5631
2141 4030 13.9028
2141 13901 55.5555
2141 16538 38.9115
2142 8620 69.9154
2142 10687 42.0915
2143 3488 53.427
2143 3824 59.3993
2143 5710 63.0034
2143 10740 78.4082
2144 4886 76.8011
2144 8679 70.8486
2144 16273 70.0024
2145 3280 102.914
2145 5854 56.7314
2145 7391 21.9517
2146 9691 34.0393
2146 11565 44.5917
2146 15325 40.2169
2147 2224 50.3867
2147 2946 61.6617
2147 3948 20.3962
2147 12807 79.5197
2148 2205 64.8191
2148 6064 96.6579
2148 8615 85.7648
2148 9800 138.136
2149 3471 45.8136
2149 4975 36.3212
2149 6487 79.3055
2149 7199 64.2673
2150 3876 38.185
2150 11261 67.8704
2150 15385 57.9799
2151 6330 51.2374
2151 6685 81.9527
2152 4751 38.2794
2152 6520 89.5331
2152 11579 54.7636
2152 14953 26.3468
2152 15686 56.1268
2153 2456 94.4599
2153 6719 63.1838
2153 14873 51.316
2153 16138 60.6953
2154 5737 40.7825
2154 9066 21.3947
2154 17035 28.8348
2155 3144 52.4303
2155 8397 64.2396
2155 9297 30.0498
2156 2668 11.3944
2156 6467 56.7584
2156 7156 36.585
2157 4930 84.9164
2157 13456 84.7848
2157 16975 68.9592
2158 3793 62.264
2158 9087 60.7077
2158 12463 76.6444
2158 16635 60.8478
2159 3351 59.8503
2159 8255 52.7378
2159 14827 38.2572
2160 5131 76.2563
2160 5956 4.81041
2160 7004 41.3022
2161 2811 33.9075
2161 11414 56.8243
2161 16642 62.4183
2162 4438 20.6921
2162 16342 38.4057
2162 17129 75.4644
2163 4058 31.537
2163 5901 38.685
2163 7092 32.6139
2163 8000 25.3948
2164 7450 64.55
2164 10257 120.874
2164 11319 80.8882
2165 5957 14.2084
2165 7242 64.4577
2165 7938 43.5955
2165 9318 97.5284
2165 9826 24.4981
2165 13376 16.8367
2166 9499 69.173
2166 11228 84.4964
2167 7949 72.3782
2167 10066 57.1993
2168 3217 71.7313
2168 7173 71.6238
2168 8327 88.3352
2168 16339 54.3168
2169 9554 21.3226
2169 9567 34.24
2169 13850 39.4841
2170 9242 18.7427
2170 11467 116.029
2170 12882 52.816
2170 13458 32.2121
2170 15984 126.077
2171 4493 41.6972
2171 4499 47.6206
2171 15339 94.2738
2172 8815 82.9117
2172 11944 47.1233
2172 12519 60.4148
2172 13154 18.5068
2173 2538 59.4678
2173 2736 65.271
2173 5054 73.1815
2173 7031 38.5889
2174 3977 26.1398
2174 10947 52.5081
2174 14565 64.2479
2175 2874 37.2255
2175 8388 74.6728
2175 16275 92.5248
2176 6850 88.7849
2176 9952 58.2513
2176 11373 52.2458
2177 2731 55.6072
2177 6190 15.5824
2177 12120 40.8239
2177 16838 72.3068
2178 5013 33.5741
2178 8198 46.3428
2178 10961 59.9755
2179 3069 50.0949
2179 12010 47.3309
2179 14852 109.836
2180 4408 87.8863
2180 11553 50.7671
2180 14473 14.3078
2180 17133 86.4113
2181 6834 51.5145
2181 9885 52.464
2181 14138 58.0621
2181 15361 62.2834
2182 3170 93.2362
2182 8085 82.0928
2182 8496 23.5309
2182 12561 58.0496
2183 2417 62.6749
2183 6470 55.8797
2183 11202 48.9583
2184 4381 79.5596
2184 9775 80.7141
2185 3587 65.9993
2185 13625 23.9561
2185 13655 87.8092
2186 4159 50.8478
2186 4820 17.8311
2186 9038 19.7203
2187 2553 33.0911
2187 6688 31.2524
2187 11934 71.2158
2188 5988 22.9267
2188 7712 31.5504
2188 9998 60.2179
2188 14607 23.7824
2189 5854 70.0166
2189 9853 10.6384
2189 11888 16.998
2189 16025 33.9093
2189 16773 103.391
2190 2328 105.644
2190 9088 85.0846
2190 9766 65.5078
2190 9818 74.2747
2191 6314 43.4596
2191 9044 64.7883
2191 14816 41.8573
2191 15102 71.5055
2192 2985 67.8435
2192 9872 53.5137
2192 16417 51.2187
2193 3939 66.8274
2193 7155 28.9299
2193 15451 38.6447
2194 10650 82.8927
2195 15955 64.6294
2196 5887 123.432
2196 14404 96.49
2196 17122 111.924
2197 7108 39.6342
2197 13387 40.9281
2198 6528 79.757
2198 8400 29.333
2198 10948 16.2916
2199 10524 41.2858
2199 13475 26.4863
2199 14962 17.37
2200 5418 41.9801
2200 12644 56.1428
2200 14925 89.1149
2200 17119 44.2777
2201 11511 49.7615
2201 15939 39.7612
2202 2399 39.5537
2202 5292 42.4252
2202 8116 39.4567
2202 8869 50.8143
2203 3543 41.5229
2203 10404 50.671
2203 14387 22.5277
2204 5548 57.7954
2204 6619 15.1509
2204 6727 105.468
2205 6064 79.3519
2205 8615 69.5767
2206 3716 42.4423
2206 15022 58.0701
2206 15998 65.0126
2207 7187 64.6919
2207 10506 59.0426
2207 13176 41.1648
2208 5948 14.3002
2208 7280 29.1569
2208 8763 108.063
2208 13182 73.0065
2209 10730 61.0573
2209 11017 54.0441
2209 13138 137.161
2210 6539 31.2868
2210 8117 52.7198
2210 14910 110.101
2211 2776 79.6838
2211 10010 34.8333
2211 12987 39.184
2212 3513 54.2376
2212 6245 67.668
2212 14252 4.08302
2213 2731 69.5381
2213 10108 66.2803
2213 10839 68.1728
2213 14201 47.897
2214 4400 51.7567
2214 8945 62.1657
2214 14021 57.5001
2215 4045 11.6306
2215 14422 100.732
2216 3490 81.4893
2216 6483 45.9421
2216 9772 83.8699
2217 3233 44.4983
2217 14614 53.8359
2218 4499 54.7486
2218 8141 65.1616
2218 12757 117.422
2219 5955 105.929
2219 10543 37.7712
2219 11383 46.5528
2220 3352 55.6435
2220 3718 62.1956
2220 6039 56.5708
2220 7138 48.0941
2220 10674 40.7084
2220 11658 73.657
2221 10165 67.5808
2221 11068 97.2497
2221 15800 69.3702
2222 10134 84.6349
2222 17058 48
2223 3268 52.6481
2223 8462 54.8025
2223 9172 62.5733
2224 2946 85.7277
2224 3948 63.0202
2224 12807 125.243
2224 13346 134.731
2225 2524 20.7497
2225 10925 27.6959
2225 13106 23.2747
2225 15115 63.8524
2225 16472 70.5865
2226 10390 101.054
2226 11644 56.0716
2226 13560 62.9018
2227 6376 15.6445
2228 4640 29.9697
2228 6380 78.1053
2229 11065 25.7116
2229 12992 28.3995
2229 13466 73.5797
2230 6496 101.425
2230 12377 44.0548
2230 15908 97.9716
2231 4168 91.9839
2231 6067 43.6709
2231 13431 34.4341
2231 13923 92.3994
2232 3892 53.8473
2232 7939 101.595
2232 13578 55.81
2233 7695 45.2274
2233 15229 113.462
2234 3023 39.3923
2234 5495 75.6423
2234 16988 60.296
2235 10231 85.8102
2235 12899 47.1792
2236 14834 57.8003
2236 15279 55.1299
2236 17042 43.7348
2237 3611 35.7596
2237 7400 60.3926
2237 9319 37.3188
2237 13961 54.5619
2238 8916 38.4446
2238 11283 40.9494
2238 13835 20.6832
2239 8232 73.5071
2239 10931 28.3351
2240 2645 60.2412
2240 10019 46.4617
2240 11275 82.7417
2240 11889 40.574
2241 2495 59.5711
2241 5897 66.4035
2241 6072 91.7118
2241 9621 43.035
2242 7882 25.0938
2242 11385 82.2329
2243 9333 75.9581
2243 9731 53.5138
2243 14278 41.7008
2243 15601 45.888
2244 16351 55.3235
2244 17151 71.9131
2245 3763 82.7446
2245 8696 30.8832
2245 8778 90.042
2246 5512 5.70219
2246 9323 16.5909
2246 15649 45.9563
2247 4863 70.3078
2247 4915 76.2528
2247 12795 77.5276
2248 4366 53.4935
2248 4704 106.502
2248 5520 87.4612
2248 7638 61.8129
2249 3296 51.9303
2249 5241 82.4033
2250 3841 154.49
2250 6018 89.9124
2250 16545 105.415
2251 4517 44.5516
2251 13649 59.2962
2251 15519 45.0705
2252 6092 21.6365
2252 9092 165.036
2252 9415 94.4486
2253 6775 66.4037
2253 8570 58.2401
2253 13738 85.9392
2254 8440 25.8751
2254 9449 45.6178
2254 9537 36.0228
2254 15595 43.7868
2255 8114 67.1706
2255 8956 77.2615
2255 12643 78.9581
2255 16280 25.8449
2256 8831 71.4095
2256 9755 35.6522
2256 10227 68.0944
2257 13417 53.7439
2258 5027 114.863
2258 16401 73.7224
2258 16531 39.0924
2259 2878 64.1373
2259 4405 80.4947
2259 4956 60.0421
2259 6866 65.0317
2259 8731 27.9211
2260 3873 78.0346
2260 4348 96.7031
2260 9423 49.342
2261 7759 102.181
2261 13317 116.425
2262 6439 97.3645
2262 9379 89.1904
2263 5830 65.3091
2263 6990 65.014
2263 13504 90.4645
2264 3345 89.4644
2264 4845 78.5497
2264 7522 72.2021
2264 8784 87.2474
2265 5207 54.3789
2265 12937 50.9627
2265 16263 76.3464
2266 3598 120.431
2266 12836 62.8156
2267 5365 28.5505
2267 7226 76.8543
2267 9562 16.9336
2268 4647 51.4929
2268 6899 95.6894
2268 7584 53.5203
2268 12675 54.7026
2269 2863 84.4849
2269 14616 64.872
2270 3302 89.1697
2270 12945 116.919
2270 14837 63.7196
2271 5089 51.4793
2271 6715 51.2613
2271 12683 92.8551
2271 16706 39.6613
2272 3725 138.89
2273 2666 66.7212
2273 6961 68.9411
2274 5565 67.5125
2274 12181 37.1055
2275 5095 38.9548
2275 13843 48.0654
2276 4898 59.0687
2276 13992 65.0236
2276 17067 62.0041
2277 5970 22.4595
2277 8724 34.0535
2278 6206 11.7044
2278 7712 51.9842
2278 8389 49.6394
2279 11664 85.0973
2279 12468 77.2966
2279 14193 94.8037
2280 3923 74.5589
2280 8769 31.9377
2280 10447 55.2719
2280 13349 56.9984
2280 14103 96.7685
2280 14215 49.0157
2281 5996 122.187
2281 10170 26.3262
2281 10622 65.654
2282 3967 63.4688
2282 6002 74.6801
2282 11180 49.5682
2282 13294 57.8757
2283 3546 30.691
2283 4354 146.567
2283 9764 13.5946
2284 6981 71.5461
2284 12240 39.0669
2284 16023 62.1398
2285 7946 17.6329
2285 10714 60.5423
2285 11521 53.1755
2286 4454 58.5547
2286 4844 109.346
2286 10783 43.6631
2287 5020 63.8641
2287 7308 25.1114
2287 12891 53.0516
2288 3845 47.0286
2288 12228 41.2766
2289 3229 31.1602
2289 5716 68.1559
2289 9372 53.6497
2289 16617 45.9444
2290 3219 47.7293
2290 3256 49.6532
2290 5790 64.6579
2290 5820 88.7713
2291 3986 59.892
2291 4401 37.3885
2291 14985 45.3189
2292 7553 49.8116
2292 9811 55.7032
2292 10374 56.3058
2293 5710 61.7807
2293 7289 80.9685
2293 7886 52.0473
2293 8579 76.5573
2293 11395 62.8299
2294 6164 28.636
2294 9372 46.9021
2294 10671 52.3191
2294 12375 103.766
2294 15273 81.2002
2295 7141 124.341
2295 14214 70.5345
2295 15344 77.5039
2296 5432 70.7618
2296 10492 7.62498
2296 10886 58.0634
2296 12426 38.1091
2297 9490 28.8273
2297 9661 53.1351
2297 13849 56.2578
2297 15123 26.9205
2298 3076 38.6202
2298 8818 41.4635
2298 11544 86.3004
2299 5107 95.9401
2299 6037 33.212
2299 8412 60.8075
2300 8433 41.5783
2300 13583 36.1828
2300 15458 68.0484
2301 3068 99.6334
2301 17093 98.1546
2302 2561 37.375
2302 7010 20.5795
2303 6866 76.0405
2303 7013 23.4407
2303 14459 88.5632
2304 4580 56.6503
2304 8960 40.3855
2304 15527 64.9849
2305 11044 97.2669
2305 13522 111.204
2305 14208 90.2835
2306 2367 57.7843
2306 7141 21.206
2306 14198 31.639
2306 17172 56.9029
2307 5781 109.808
2307 8431 104.887
2307 9454 98.7918
2307 10998 85.7038
2307 16832 39.0553
2308 3811 57.8113
2308 7665 82.8441
2308 13109 40.1793
2308 14280 56.406
2308 16271 20.0778
2308 16705 88.3916
2309 9523 77.3892
2309 10533 43.9847
2309 12258 63.8949
2310 3383 56.8961
2310 9028 27.0545
2310 13272 21.2409
2311 3236 75.7242
2311 8298 109.177
2311 10284 99.0187
2312 3826 40.8929
2312 5126 10.5448
2312 10719 52.868
2312 12529 69.7774
2312 14759 22.8684
2313 7909 88.2342
2313 14150 53.7048
2314 4146 58.8239
2314 16475 53.8127
2315 4667 30.3352
2315 5259 76.6876
2315 12936 50.5269
2316 6832 56.7413
2316 10448 108.466
2316 11056 54.5953
2317 11444 112.922
2317 14454 66.6118
2317 14484 82.9953
2318 3250 78.2337
2318 5457 60.5477
2318 13725 43.4816
2319 3525 41.8839
2319 4462 81.6703
2319 4700 39.3053
2320 2575 70.686
2320 7039 90.485
2321 4296 29.6228
2321 11625 103.855
2321 13832 76.8778
2322 3567 60.504
2322 7703 19.2298
2322 13413 32.2245
2322 14452 128.422
2323 8988 50.2238
2323 12517 57.8255
2324 2387 26.5153
2324 8630 37.4909
2324 10738 46.6343
2325 3222 44.6678
2325 3633 37.959
2325 9234 74.5125
2325 9995 17.4422
2325 12890 60.7266
2326 7922 41.5558
2326 8612 15.3263
2327 13145 73.5681
2327 16723 121.22
2327 17048 61.8609
2328 6888 34.988
2328 6982 17.7451
2329 4934 68.3978
2329 12986 41.0858
2329 14781 71.2222
2329 16421 83.0098
2330 8203 57.7999
2330 9354 59.7489
2330 14425 21.754
2330 14988 33.1036
2331 7771 70.13
2332 4190 70.6316
2332 7131 54.0288
2332 10157 90.2081
2332 13353 53.6919
2333 2672 37.3264
2333 6498 33.3533
2333 6602 49.6317
2333 14914 39.5587
2334 4203 62.7357
2334 4765 67.2827
2334 14717 54.1848
2335 5668 53.9883
2335 14581 46.7812
2335 15931 31.1575
2336 3476 60.3336
2336 8490 27.034
2336 8662 41.7295
2337 5201 27.5247
2337 17002 16.1674
2338 2847 59.3491
2338 10035 29.4723
2338 10313 52.1109
2339 4720 30.2977
2339 5649 72.9469
2339 7951 76.4001
2340 3887 72.4358
2340 6337 111.992
2340 12214 55.8021
2341 10486 85.3899
2341 14171 55.0806
2341 15748 25.4045
2342 4783 55.7008
2342 13569 39.7015
2342 14368 43.1423
2342 16817 45.989
2343 4808 19.5069
2343 6842 46.6478
2343 13301 5.35424
2343 15093 60.6913
2344 7145 35.8476
2344 7191 51.4988
2344 13592 66.7514
2345 4569 85.9649
2345 5450 14.9084
2345 7200 10.2159
2346 2685 23.4712
2346 2706 80.9067
2346 8381 42.1463
2346 14116 24.9448
2347 9723 49.1507
2347 12104 18.234
2347 13141 37.0755
2348 6645 36.605
2348 10741 42.9218
2348 14867 53.6396
2349 12282 37.2319
2349 14477 52.643
2349 16069 68.7359
2350 2382 28.1389
2350 8745 4.9074
2351 11676 25.942
2351 12567 73.3586
2351 16280 60.3308
2352 7369 33.068
2352 10280 27.578
2352 15761 18.0432
2353 2525 28.1384
2353 2967 94.6075
2353 7721 35.0543
2353 13293 93.89
2354 7569 46.0313
2354 10635 46.895
2354 12030 24.0168
2355 7565 78.6716
2355 14214 51.1231
2355 15344 60.9892
2356 15249 22.7928
2356 15932 29.1138
2356 16703 65.4457
2357 5801 30.2279
2357 12406 63.6761
2358 14277 83.4193
2358 14375 108.734
2358 15133 87.1305
2359 2730 23.9637
2359 5042 37.5184
2359 11772 39.9592
2360 9940 61.8408
2360 13020 92.4658
2360 14898 125.017
2360 15799 94.9989
2361 6295 29.746
2361 10468 43.0671
2361 11836 26.1597
2362 3059 29.2842
2362 4250 89.4704
2362 8152 25.6943
2362 15685 109.255
2362 16423 86.1154
2363 2522 98.5752
2363 3652 86.3099
2363 7019 107.973
2363 15612 70.1931
2364 5924 31.5201
2364 9752 30.7956
2364 10327 54.942
2364 11961 73.1465
2364 16879 72.2959
2365 12671 58.8301
2365 12886 62.2473
2365 13400 105.728
2366 6430 48.5173
2366 7181 99.5923
2366 16233 36.9242
2367 7141 93.2416
2367 17172 41.2189
2368 7679 2.23026
2368 9683 46.0704
2368 14764 77.265
2369 3422 56.1737
2369 11537 34.8878
2370 6725 53.2698
2370 7464 68.0102
2370 16481 36.1321
2371 2592 103.331
2371 11264 65.5556
2371 13587 25.5042
2372 15358 60.3219
2373 3838 114.563
2373 8733 33.5638
2373 13731 40.8433
2373 13893 52.0994
2374 8710 53.4846
2374 12817 64.3528
2375 4797 21.6248
2376 2956 44.8686
2376 14354 43.1339
2376 15457 58.4396
2377 3851 48.038
2377 13250 7.41606
2377 14815 115.603
2377 15541 65.2786
2378 8217 70.6845
2378 8599 46.3337
2378 9416 18.7364
2378 11826 54.6453
2378 12550 75.9246
2379 13927 64.4864
2380 6930 59.7896
2380 8298 82.0939
2380 13599 42.2658
2381 6499 52.1559
2381 6847 54.1882
2381 6907 122.293
2382 8745 32.9362
2382 10501 109.682
2382 12497 68.4156
2383 9660 61.6382
2383 10866 62.2221
2383 11271 16.6734
2383 14442 57.6077
2384 4990 37.7264
2384 5470 47.5094
2384 14013 61.8198
2385 6340 103.382
2385 7593 68.5947
2385 9539 78.7069
2385 13742 81.7566
2386 3105 66.9399
2386 4433 34.845
2386 6114 96.6794
2387 2643 57.9428
2387 8630 47.7349
2387 8896 47.2438
2388 7090 27.1859
2388 14791 12.2117
2389 7349 110.686
2389 7571 50.8414
2389 13571 61.9392
2389 17121 64.1187
2390 2788 60.2893
2390 3195 73.7793
2390 5422 61.845
2390 9151 29.5546
2390 12944 117.756
2391 4846 8.8545
2391 9278 33.1088
2391 10244 37.3195
2391 14487 45.0889
2392 7675 63.4043
2392 15913 54.229
2393 4193 30.2858
2393 15043 81.5205
2393 15828 51.7112
2394 4946 13.141
2394 9602 13.8621
2394 13599 43.9635
2395 7115 70.8166
2395 7176 29.9297
2395 12570 119.756
2396 12094 95.9997
2396 16398 72.5663
2397 2830 59.3416
2397 6966 23.2453
2397 9586 49.4123
2398 7957 176.791
2398 11069 48.4572
2398 12506 117.408
2398 16796 59.1803
2398 17117 93.197
2399 7288 46.0821
2399 11149 50.8884
2399 15760 41.3939
2400 5784 47.6491
2400 7975 123.56
2401 3302 65.8466
2401 4484 22.5173
2402 11802 61.8153
2402 15461 16.2534
2403 7327 78.3249
2403 7816 67.4366
2403 12953 99.7558
2404 5198 70.0509
2404 6105 88.9682
2404 6643 30.7832
2404 14205 93.7492
2405 2631 91.1476
2405 9061 108.206
2405 10750 85.1107
2406 6740 117.384
2406 6792 21.6969
2406 7156 84.176
2406 8792 80.5202
2406 16849 134.9
2407 7503 76.5254
2407 9173 64.5086
2407 9681 28.1343
2407 16425 65.0521
2408 2839 23.7538
2408 6739 57.6745
2408 7133 42.0463
2409 10601 33.4384
2410 5226 93.2899
2410 5257 47.736
2411 13382 22.8417
2411 14582 34.4657
2411 15143 79.2756
2411 16416 38.704
2412 5309 121.917
2412 5371 31.4754
2412 5813 59.2814
2412 6541 37.2225
2412 10089 89.2485
2412 15868 17.8683
2413 7892 147.984
2413 13521 87.5114
2413 14508 175.03
2413 15418 67.1793
2414 5915 32.473
2414 7708 55.0796
2414 13358 49.9575
2415 3316 39.047
2415 10427 77.457
2415 11353 51.9347
2415 11867 26.2256
2416 6671 41.0841
2416 8256 33.1081
2417 5153 89.3659
2417 5843 53.2202
2417 6470 98.008
2417 12319 66.0149
2418 5125 100.073
2418 12648 47.7195
2419 4117 23.8189
2419 4168 68.2188
2419 8038 58.8016
2419 9498 14.8469
2419 13431 77.9009
2420 4467 8.67393
2420 14976 86.5567
2420 15190 68.4384
2421 4510 64.3237
2421 8609 60.8945
2421 17068 23.5247
2422 3926 43.4831
2422 9731 39.5862
2422 10652 56.4607
2422 14251 98.1243
2422 15601 36.9831
2423 6283 70.2235
2423 10844 46.7583
2423 17126 76.0417
2424 13574 54.7297
2424 13602 67.7148
2424 15757 37.5478
2425 7775 91.4291
2425 12957 64.5801
2426 2578 15.4716
2426 14283 18.0937
2426 16565 30.6546
2426 16569 26.2328
2427 2560 67.3519
2427 3439 61.301
2427 9643 95.7487
2428 5006 49.5941
2428 13486 24.0974
2429 3030 73.1224
2429 3476 109.67
2429 8362 15.4532
2430 5998 100.722
2430 7176 109.536
2430 13949 97.0865
2430 14810 100.748
2431 6998 46.3076
2431 15794 73.4623
2431 16911 18.657
2432 9099 37.5617
2432 12924 50.8441
2432 15376 36.7035
2433 2881 97.1339
2433 7024 45.0676
2433 12320 41.3545
2434 9095 52.0298
2434 10092 93.8707
2434 14887 105.293
2435 9798 43.732
2435 12841 21.1167
2436 2916 29.6052
2436 10552 76.4258
2436 13363 32.6562
2436 14038 71.1842
2437 7186 47.3833
2437 15539 67.2483
2438 7462 74.1507
2438 15884 108.299
2439 8020 27.9193
2439 15893 29.9518
2440 3300 51.731
2440 7243 80.6005
2440 12947 52.9555
2440 14604 48.3836
2441 9745 24.6217
2441 17000 100.642
2442 7416 55.0599
2442 11526 20.0503
2443 4979 109.577
2443 14469 77.027
2443 16558 59.7619
2444 4204 87.087
2444 9040 48.9008
2444 9872 52.6479
2444 16417 46.2429
2445 4679 143.631
2445 9824 130.488
2445 11859 9.4403
2446 6798 42.7002
2446 10521 62.1271
2446 14410 32.0009
2447 3152 46.2354
2447 10394 47.0673
2447 11907 62.1387
2447 15834 9.03892
2448 3007 88.3982
2448 9125 9.78866
2448 16187 50.6558
2448 16677 30.4831
2449 3043 48.2755
2449 5361 34.9782
2449 13891 85.4693
2450 5246 59.937
2451 4255 89.2498
2451 8842 78.3452
2451 8888 38.9766
2451 10164 93.4017
2451 10219 59.303
2451 15658 55.5572
2452 8463 67.9887
2452 11416 36.7743
2452 12005 42.9083
2452 12705 108.88
2452 16638 56.9076
2453 2520 86.4501
2453 5837 55.4373
2453 8488 77.0053
2453 11003 122.039
2454 5580 41.2525
2454 6659 31.9418
2454 11452 14.1533
2455 2691 98.9955
2455 4666 51.7071
2455 5323 54.9159
2455 9659 11.3745
2456 10831 35.0633
2456 14873 41.7635
2457 4538 58.1244
2457 6115 117.418
2457 14983 14.9805
2458 9994 23.5089
2458 10880 56.7676
2458 11814 48.0475
2458 15622 12.1295
2459 9559 65.2508
2459 11423 28.9399
2459 15570 44.1374
2460 5252 67.1034
2460 5981 25.8191
2460 7127 51.168
2461 8219 70.1008
2461 13970 57.1452
2461 15157 65.04
2462 11464 60.3267
2462 15846 96.4206
2462 15865 74.2091
2463 15420 35.2718
2463 16467 44.6396
2463 16948 82.3324
2464 4148 36.379
2464 5942 35.763
2464 9382 63.8636
2464 14560 70.4328
2465 5950 69.8857
2465 9167 67.7412
2465 15452 21.8674
2466 5838 57.8016
2466 6870 92.16
2466 12031 41.9937
2466 13220 88.5911
2467 9318 88.9572
2467 13315 23.7183
2467 13401 77.0448
2467 14530 77.3119
2468 4818 56.8474
2468 5018 56.0064
2468 15728 73.2454
2469 9804 37.8652
2469 12564 81.3267
2469 13539 76.8799
2470 4887 47.3786
2470 5367 82.9704
2470 5383 79.029
2471 4629 15.4924
2471 15227 29.3492
2471 15353 51.6767
2471 15962 33.102
2472 4532 76.1843
2472 9509 32.6584
2472 12656 71.4324
2473 7700 47.1454
2473 8759 31.529
2473 14396 30.7811
2473 15301 34.2266
2474 9948 85.0319
2474 11820 77.3364
2474 16744 70.2097
2475 3045 86.4669
2475 4532 80.0269
2475 11812 85.3282
2476 5169 45.2511
2476 10767 22.183
2476 10777 27.8721
2476 12949 53.0497
2477 2905 63.4454
2477 11645 19.1463
2477 16285 49.2121
2478 9845 111.353
2478 11912 62.451
2478 13847 50.9249
2479 9721 76.3826
2479 17156 88.9193
2480 3284 59.1927
2480 8684 25.8068
2481 3295 34.9465
2481 4047 33.4028
2481 4859 38.1846
2481 5644 30.1712
2482 5110 62.7526
2482 5809 14.0258
2482 11895 37.8982
2483 6450 41.9661
2483 6931 61.5763
2483 12509 75.7468
2484 10938 47.634
2484 11635 46.0498
2484 11768 23.9534
2485 14063 12.1429
2485 15236 35.9002
2485 15346 54.1965
2486 5046 69.5744
2486 6298 54.7714
2487 3634 32.3052
2487 4687 93.5638
2487 8986 80.3269
2487 17147 57.0762
2488 3350 67.0081
2488 11981 83.6052
2488 14059 78.308
2489 6473 53.2415
2489 8007 42.3761
2489 11000 102.922
2489 16201 60.3781
2489 11237 53.8855
2490 3244 79.3719
2490 7989 92.1124
2490 14399 54.9684
2491 2947 43.6418
2491 6636 66.3069
2491 14354 81.1754
2491 14474 57.3901
2492 7302 21.407
2492 11020 34.3588
2492 12386 44.1844
2493 11237 71.783
2493 15812 40.6086
2494 2750 65.3515
2494 10090 76.3565
2494 11195 35.8106
2494 12256 64.6163
2495 2555 18.7424
2495 5897 82.5784
2496 3875 70.1017
2496 12168 88.9051
2496 12719 61.4427
2497 4521 59.0037
2497 10804 55.823
2497 11879 97.5674
2498 7158 81.8734
2498 7597 98.9321
2498 14052 91.4
2499 4038 122.095
2499 4398 122.343
2499 9349 49.4418
2500 3581 86.938
2500 12332 184.851
2500 13669 51.8342
2501 8162 71.965
2501 8753 68.1743
2501 10764 106.038
2502 5852 68.0307
2502 16028 10.8578
2502 16800 87.7641
2503 12146 101.571
2503 15345 124.64
2504 4135 67.9605
2504 5031 34.5904
2504 7701 62.3388
2504 9686 60.8133
2505 4794 50.3963
2505 14210 65.9172
2505 14968 87.6114
2506 5818 38.9243
2506 7627 58.3108
2506 12310 51.3167
2506 12860 77.3651
2507 5143 74.2644
2507 5352 77.8205
2507 16399 74.461
2508 3484 58.3679
2508 7346 39.5608
2508 16123 66.7992
2509 4807 18.9743
2509 6194 23.2812
2509 17134 34.0943
2510 6639 39.9667
2510 12771 103.635
2510 13172 94.4633
2510 16901 84.4046
2511 3883 54.9615
2511 10442 60.4867
2511 12245 14.9877
2512 6123 92.9007
2512 10832 28.5536
2513 3042 66.9126
2513 3286 29.6087
2513 5475 54.8234
2514 9511 60.4386
2515 6852 71.4401
2515 13373 73.8489
2515 13377 106.373
2516 2646 69.7981
2516 6299 46.459
2516 14923 85.1253
2517 3117 39.8578
2517 14299 75.1527
2518 2551 89.3953
2519 2784 52.6035
2519 3637 7.27469
2519 4429 39.7628
2519 6977 40.4991
2521 6029 39.6312
2521 12745 29.5926
2522 4877 21.0702
2522 6163 82.1563
2522 9064 113.963
2522 15612 86.3288
2523 9317 85.0779
2523 10573 32.8372
2524 4001 75.0489
2524 10925 36.8721
2524 13106 41.7617
2524 15115 49.4942
2525 2967 49.6883
2525 4540 94.7676
2525 7721 24.6829
2525 13293 66.7087
2526 5184 10.9691
2526 7699 71.0038
2526 9297 43.4995
2526 13327 77.7999
2526 16065 96.5687
2527 3134 58.2485
2527 6878 101.255
2527 7222 53.2074
2527 13550 93.6699
2528 3600 51.8097
2528 8886 113.985
2529 3258 56.3107
2529 3366 60.5243
2529 3596 14.5712
2529 9642 52.4699
2529 15936 79.9133
2530 11305 21.7017
2530 13229 34.4516
2530 13875 51.5188
2531 4420 107.886
2531 8806 48.2117
2531 11974 89.66
2532 6186 75.714
2532 13077 73.9965
2533 4913 88.7778
2533 8711 45.526
2533 12639 48.9655
2534 5253 61.3459
2534 7198 39.9795
2534 10565 70.4949
2534 12533 163.724
2535 3802 49.8211
2535 8142 53.7115
2535 9094 90.3096
2535 12617 31.2419
2536 8049 44.5329
2536 10016 48.6951
2536 11779 80.3344
2536 12735 92.2412
2537 3626 104.497
2537 4630 51.2974
2537 7628 61.4139
2537 16937 16.3357
2538 8448 32.2808
2539 5704 64.8946
2539 12116 2.75833
2539 13073 54.9741
2540 6535 37.5565
2540 10824 84.0638
2540 11449 33.178
2540 12057 40.777
2541 2716 78.2276
2541 4181 61.6456
2541 4803 59.0738
2542 6211 50.4325
2542 9052 44.4228
2542 12599 36.2498
2542 12972 69.5288
2543 9683 15.8211
2543 12113 40.9194
2543 13079 33.4341
2544 8907 68.8609
2544 10311 85.0661
2544 11859 92.2663
2544 14398 40.0933
2545 4459 88.8718
2545 6963 50.4844
2545 8687 34.0578
2546 5751 45.3135
2546 7860 50.9806
2546 9296 59.6912
2547 7939 77.6317
2547 8127 68.8307
2548 3929 88.7165
2548 15600 107.081
2548 16584 54.9174
2549 2552 72.9235
2549 2955 36.5221
2549 3061 36.2126
2549 10553 79.5927
2549 13540 113.247
2550 7276 99.8601
2550 12839 60.8895
2551 4346 66.8129
2551 12257 39.2795
2552 3061 27.7452
2552 3555 24.8736
2552 15393 24.5486
2553 6688 9.85754
2553 11934 22.9964
2553 16448 58.5724
2554 8318 75.9504
2554 10584 39.3904
2555 2890 74.0107
2555 5897 48.1028
2556 9220 49.1338
2556 16018 107.107
2557 10158 58.9554
2557 12262 43.1176
2557 13651 45.0497
2558 8910 53.6988
2558 10187 63.9487
2558 17013 47.6333
2559 7351 24.3241
2559 8069 104.914
2559 14636 95.4738
2560 9643 14.2651
2560 13451 11.1563
2560 14330 24.6079
2560 14527 17.1331
2561 7010 66.8828
2562 11733 52.8083
2562 12040 84.1947
2562 13685 112.453
2563 3267 96.595
2563 9749 53.0778
2563 14438 72.0415
2564 5766 70.3194
2564 8636 72.0852
2564 8816 28.5626
2564 16632 48.4365
2565 2993 22.0107
2565 9022 81.7865
2565 13981 92.3476
2565 14237 32.0817
2565 15095 43.3283
2565 15381 13.7543
2566 4556 50.996
2566 9254 68.7297
2566 11654 26.9878
2566 15398 10.869
2566 15423 37.7264
2567 5278 60.4834
2567 13502 137.611
2567 16194 102.297
2568 4222 30.9579
2568 5441 51.2005
2568 11367 98.4201
2569 4466 86.8572
2569 16146 63.996
2570 5246 117.677
2570 10532 14.8593
2571 2996 74.1594
2571 8862 50.2116
2571 16226 51.6013
2572 4828 54.2857
2573 6488 151.383
2573 8465 47.7141
2573 11775 55.9362
2574 13977 54.9556
2574 15465 31.8415
2575 4948 35.6723
2576 3451 49.2338
2576 6717 115.501
2576 7865 15.2995
2576 9814 80.7784
2576 11591 90.1914
2577 5807 53.7902
2577 6446 127.229
2577 7807 88.4101
2577 16061 43.3097
2578 7397 40.7569
2578 14062 40.3525
2578 14283 9.55153
2578 16569 25.1747
2579 4082 123.253
2579 10195 53.0429
2580 2719 56.3247
2580 6425 54.9678
2580 7229 116.413
2580 16829 33.0766
2581 3459 112.074
2581 5366 23.1387
2581 5789 36.9153
2581 14022 128.626
2581 16476 39.4938
2582 2864 147.399
2582 8673 89.9523
2582 10877 69.4011
2583 9574 87.785
2583 13917 46.3854
2584 6507 18.1732
2584 6593 70.3292
2584 10589 50.0523
2585 4033 14.1778
2585 6203 112.916
2585 9573 91.7069
2586 3340 74.3583
2586 3431 32.7947
2586 6323 33.2108
2587 5821 64.308
2587 6617 106.177
2587 9689 116.52
2588 3995 37.0482
2588 5241 88.6124
2588 8684 58.6262
2588 15844 31.8
2589 8214 58.1425
2589 15343 35.9028
2590 3997 87.658
2590 11101 19.9273
2591 8210 30.9231
2591 8357 35.3849
2591 16992 91.1938
2592 3357 107.537
2592 4724 33.5449
2593 5831 61.7704
2593 6116 16.6828
2593 11831 29.1266
2593 17106 35.3306
2594 8515 127.205
2594 9743 49.3058
2594 15499 59.0941
2595 8995 49.6062
2595 16120 34.6438
2596 6100 19.5977
2596 13222 77.1491
2596 14275 43.8221
2597 6427 51.8038
2597 7362 42.2374
2597 9000 39.6368
2597 11221 14.8935
2597 12142 54.0179
2598 12788 54.3619
2598 15803 59.2455
2598 16289 60.2051
2599 7584 20.7758
2599 12675 28.6778
2599 16776 15.9624
2600 8873 17.6796
2600 13604 23.8646
2600 15167 40.8555
2601 3679 91.1648
2601 5764 108.5
2601 15288 125.941
2602 3572 150.896
2602 7492 98.5887
2602 11588 96.4197
2603 6922 45.5805
2603 8830 72.577
2603 12906 33.824
2604 3147 49.2068
2604 14220 72.1999
2604 16653 73.1282
2604 17150 96.7608
2605 10997 94.0236
2605 13248 55.775
2605 14169 64.5568
2605 15330 33.6506
2606 6220 37.7181
2606 6956 63.6512
2606 16167 67.7579
2607 8472 44.4234
2607 9538 13.2643
2608 6191 61.6097
2608 6355 63.0629
2608 16386 14.6303
2609 4656 16.6434
2609 8340 101.326
2609 15502 24.3831
2610 5023 32.964
2610 6042 24.8432
2610 12159 55.7582
2611 5803 61.8865
2611 13409 65.8343
2611 13987 69.572
2611 14589 84.1573
2612 6178 113.417
2612 8384 76.9259
2612 17095 81.1329
2613 8322 89.3461
2613 12625 23.699
2614 8022 64.8913
2614 9434 58.2206
2614 16965 38.0408
2615 5885 134.022
2615 16454 86.4985
2616 2777 8.16906
2616 3986 77.2754
2616 4401 1.08094
2616 14985 31.8674
2617 10582 114.993
2617 11268 85.3553
2617 13249 49.2061
2618 12793 69.4654
2618 15448 58.0606
2619 3396 49.2803
2619 6213 49.331
2619 6620 41.2987
2619 8180 48.605
2619 12472 59.3738
2620 7158 70.6245
2620 7597 12.0274
2620 16085 27.1606
2621 9887 76.891
2621 10778 24.538
2621 11300 21.2845
2622 7711 39.0867
2622 7819 6.01631
2622 11006 80.852
2623 4457 61.7723
2623 5983 49.9717
2623 13011 126.756
2623 16077 117.353
2624 15041 98.5211
2624 15220 28.0912
2625 4247 64.2451
2625 7218 45.9343
2625 8284 58.9753
2625 10022 73.0181
2626 8095 72.7328
2626 9967 41.7287
2627 9180 40.3231
2627 9964 77.9991
2627 13261 110.626
2628 11256 57.1418
2628 13837 86.8914
2628 14234 74.4641
2629 14989 52.4479
2630 4100 76.1364
2630 9361 79.3305
2631 5177 46.2552
2631 8108 99.2686
2631 14667 75.553
2632 4616 67.0391
2633 4284 25.2503
2633 8973 44.0054
2634 8043 34.4173
2634 10986 92.7991
2634 17101 27.676
2635 3423 40.2357
2635 10406 92.7111
2635 11396 31.9715
2635 16092 26.5535
2636 4943 92.0267
2636 6762 51.5074
2636 7815 36.9986
2636 9062 4.88736
2636 10746 35.2377
2637 3585 47.6869
2637 7329 39.909
2637 17060 45.1148
2638 7921 67.2612
2638 11558 65.7551
2638 15573 29.0264
2639 10911 60.7977
2639 12201 73.2844
2639 12571 89.9922
2639 16138 83.9111
2639 16268 27.011
2640 3358 12.5599
2640 15884 121.75
2640 16130 17.7451
2641 4385 18.5457
2641 10654 25.8629
2641 15173 34.4568
2642 4287 57.8632
2642 10273 34.0415
2642 15856 75.0598
2643 2860 84.4666
2643 8896 37.145
2644 7434 60.8925
2644 9898 37.2453
2644 11186 61.8376
2644 11643 49.0384
2645 3523 75.5432
2645 10019 43.9895
2645 11889 38.6607
2646 6299 136.278
2647 11012 14.1235
2647 16382 12.5957
2647 16647 28.6302
2648 5532 41.9165
2648 14672 51.8176
2648 15855 42.8049
2648 16728 55.4574
2649 3987 39.4415
2650 2948 54.3256
2650 14944 64.0593
2651 7338 26.6315
2651 8690 66.4467
2651 11749 89.5493
2651 14833 93.3134
2652 6110 47.2681
2652 7288 36.7074
2652 11149 28.1464
2652 11455 54.0622
2653 10637 17.5392
2653 13724 48.3664
2653 17015 58.0206
2654 15846 61.3682
2654 16641 45.6664
2655 5780 51.5971
2655 6581 57.9696
2655 6684 73.4819
2655 10116 50.356
2655 12989 82.9575
2656 6651 49.6229
2656 9645 76.9614
2656 9722 96.5206
2656 12856 58.685
2656 13107 47.5145
2657 7073 86.2781
2657 8611 52.2924
2657 12106 73.7729
2657 16013 38.398
2658 3202 69.8254
2658 6769 25.944
2658 7228 76.4229
2658 16101 85.12
2658 17017 44.8753
2659 5254 47.5299
2659 5681 106.927
2660 3190 101.306
2660 7225 106.211
2660 14162 85.8079
2660 15201 48.1123
2661 3365 82.3225
2661 10789 28.4675
2661 14211 64.3949
2662 6118 34.6309
2662 7694 72.4063
2662 15305 47.198
2663 3235 65.4968
2663 14314 48.6045
2664 6304 63.8012
2664 12542 52.4648
2664 12551 40.2554
2664 14379 50.8067
2665 8394 96.9687
2665 8606 81.2847
2665 10185 60.8266
2667 3275 83.1395
2667 4404 78.8431
2667 10247 62.741
2667 12417 84.3077
2668 6467 38.5428
2668 7156 34.1852
2669 5008 15.6677
2669 8787 61.2636
2669 16391 54.5775
2670 5611 27.6943
2670 9221 72.4554
2671 3355 21.5141
2671 3535 47.8198
2671 12020 76.1996
2671 16071 52.1149
2672 6498 10.4504
2672 6602 34.7678
2672 6722 62.2828
2672 14914 32.7609
2673 4170 43.8709
2673 11151 43.5836
2673 11177 24.4886
2673 11416 27.8996
2673 14463 34.0834
2674 6525 69.6112
2674 13062 16.105
2674 13914 10.2675
2675 7418 110.835
2675 7904 77.8881
2675 8530 31.3668
2675 14503 70.6171
2676 4728 63.7296
2677 3319 36.0328
2677 3816 88.8141
2677 4336 25.0616
2678 6404 30.3167
2678 7754 22.123
2679 5554 30.4015
2679 5765 109.168
2679 7547 55.0917
2679 12758 46.0579
2679 15260 105.969
2680 4392 40.9662
2680 6768 40.8223
2680 11821 45.0924
2680 13346 117.651
2680 12432 62.9366
2681 5693 58.4014
2681 6708 29.4217
2682 4052 17.2456
2682 5264 90.7043
2682 16649 94.3541
2683 4188 25.4094
2683 4710 55.5181
2683 6360 87.1913
2683 10741 45.4799
2683 12835 64.8021
2684 5271 57.5662
2684 9306 63.763
2684 15040 68.7018
2685 14116 40.4688
2686 5791 31.7651
2686 6109 117.332
2686 7358 73.6525
2686 8811 60.0498
2687 4166 49.272
2687 5027 66.8688
2687 8817 51.1711
2687 14250 79.2582
2688 6481 54.7633
2688 10542 4.39519
2688 15529 42.8331
2689 8635 40.6624
2689 12281 59.2513
2689 15163 38.0575
2690 3279 58.8382
2690 7063 95.8584
2690 8128 16.5451
2691 7825 104.17
2691 16052 60.4755
2692 4595 32.8101
2692 7670 23.2558
2692 8027 27.5944
2692 16076 53.4345
2693 5297 38.9316
2693 8915 35.21
2694 2794 77.0366
2694 8353 49.8028
2694 11027 109.708
2694 13161 132.861
2695 2699 84.9953
2695 2754 23.7482
2695 13060 53.1927
2695 13093 31.113
2695 13527 63.2618
2695 15035 68.8564
2696 8125 48.8084
2696 12340 78.7179
2696 15796 39.7514
2696 16190 29.488
2697 5402 36.1341
2697 5757 70.6444
2697 14492 62.7387
2698 10745 30.3615
2698 15517 22.0942
2698 16352 35.2846
2699 13093 58.4107
2699 15035 22.6307
2700 3952 76.7477
2700 7117 40.8332
2701 6729 73.5775
2701 8607 69.4296
2702 2857 76.1412
2702 2936 103.685
2702 6441 50.8009
2703 3110 86.7476
2703 3687 101.824
2703 6529 50.1595
2704 7710 75.7876
2704 8414 53.2028
2704 12785 111.474
2704 14602 74.8191
2705 11734 24.9636
2705 12383 52.5737
2705 15164 51.0141
2706 8836 99.2544
2706 11797 51.8205
2706 14794 44.7233
2707 7188 37.8464
2707 7407 37.7114
2707 8649 62.3371
2707 12609 91.6789
2708 5817 21.8395
2708 5958 60.8545
2708 12317 16.4434
2709 5758 28.4062
2709 9977 64.5332
2710 4974 44.7479
2710 6042 78.4138
2710 9622 76.5486
2711 7336 65.2587
2711 9203 17.2362
2711 11320 75.4103
2711 14813 84.2254
2712 4158 68.0987
2712 9823 12.9868
2712 10921 25.1436
2712 14725 48.9633
2713 8520 40.1471
2713 10722 116.161
2713 13383 46.8018
2714 4409 42.3193
2714 15026 65.5323
2714 15968 44.8654
2715 7624 68.6192
2715 9528 68.126
2715 11560 47.2723
2715 14762 44.3828
2716 4181 6.63072
2716 9087 60.2373
2717 5961 54.4035
2717 8272 76.9496
2717 12189 49.9615
2718 4102 58.8295
2718 4239 58.2226
2718 4983 29.2629
2719 5138 65.6949
2719 6425 32.789
2719 10024 50.6366
2720 3087 15.7718
2720 8273 37.334
2720 8880 41.0165
2721 3280 71.6551
2721 3889 45.7388
2721 13337 49.4028
2721 13339 78.1758
2721 16474 59.6128
2722 5534 58.7558
2722 5570 77.7591
2722 5944 35.966
2723 8151 20.9843
2723 11038 54.9888
2723 11717 30.4602
2724 6185 129.131
2724 11963 79.7115
2724 16809 91.1992
2725 9073 94.0368
2725 16509 17.148
2726 4928 54.6611
2726 7259 53.2142
2726 7424 31.3628
2726 8588 20.4366
2727 2814 56.5827
2727 4714 70.947
2727 11487 25.0535
2727 15411 76.3509
2728 3285 67.5962
2728 3462 100.531
2728 4607 54.2158
2728 7863 62.9934
2728 8238 81.067
2729 5786 59.5475
2729 13063 22.1658
2730 5042 47.7515
2730 5737 65.6464
2731 12120 50.3757
2732 6703 73.5937
2732 7425 104.282
2732 15169 49.7723
2733 8092 42.8337
2733 12487 70.4024
2733 13874 36.8439
2734 3481 60.5959
2734 6152 68.5773
2734 9406 34.4035
2734 14761 72.4457
2734 16798 37.3922
2735 3196 47.0215
2735 16949 56.6655
2736 7031 63.4756
2737 4834 22.5686
2737 7533 37.0828
2737 10676 1.85743
2737 11890 24.0522
2738 5179 24.4864
2738 7202 45.0709
2738 14188 40.5865
2739 15332 33.8605
2739 16072 123.168
2739 16402 35.5921
2740 5007 26.9668
2740 5372 64.1184
2740 10814 44.4698
2740 15575 41.0572
2740 16372 85.6539
2741 2839 52.9103
2741 4370 31.4399
2741 7039 44.91
2741 10105 19.6047
2742 4318 114.48
2743 5688 45.0316
2743 7265 28.7495
2743 13885 38.5791
2743 15419 121.038
2743 15498 58.5745
2744 2952 29.09
2744 3338 23.7766
2744 13631 35.5199
2744 15933 57.6635
2745 8042 35.4155
2745 8413 47.792
2745 15318 60.6062
2746 7824 29.0556
2746 12299 21.8399
2746 13699 103.911
2747 6407 45.4655
2747 6421 68.9282
2747 11437 42.9253
2748 5707 64.9951
2748 6861 39.7412
2748 12563 43.221
2749 12267 53.5327
2749 14087 113.198
2750 3547 53.5311
2750 11195 44.3594
2751 8130 43.0087
2751 14951 106.674
2751 15263 19.3615
2752 2819 99.3511
2752 8843 71.3367
2752 15819 47.6001
2753 4392 41.2639
2753 5135 76.2302
2753 6768 54.8275
2753 12597 15.6218
2753 13137 8.57357
2754 2905 25.4932
2754 10728 38.6454
2754 13093 20.0806
2754 13527 42.0923
2755 12169 41.2263
2755 13743 54.6226
2755 16003 90.3962
2756 3213 7.597
2756 8120 57.9086
2756 13799 130.337
2757 4543 103.999
2757 4637 79.6022
2757 9003 42.5978
2758 6063 49.502
2758 9181 57.4882
2758 11179 61.0993
2759 4887 96.251
2759 9233 43.0537
2759 13300 38.5
2760 6090 83.2325
2760 6587 86.4141
2760 8706 52.39
2760 11134 62.2811
2761 5777 34.9611
2761 6796 56.2484
2761 11609 45.5034
2762 13344 30.8722
2762 14707 65.1038
2762 16958 69.0644
2763 15070 71.5904
2764 5174 46.058
2764 13052 55.8055
2764 14366 47.6687
2765 4621 90.1463
2765 8905 81.3216
2765 10104 113.953
2765 10267 47.0076
2765 10398 12.6334
2766 3664 40.4072
2766 13659 5.31006
2766 14670 7.06166
2767 3821 79.672
2767 5911 119.71
2767 9171 148.581
2768 10048 89.4948
2768 10682 38.6659
2768 16613 4.00041
2769 9082 80.6032
2769 13571 62.0133
2769 13767 25.0721
2769 16408 31.949
2770 3787 27.9236
2770 4140 42.3982
2770 10598 16.999
2771 7840 45.0946
2771 12951 29.275
2771 14916 36.7428
2771 16960 44.9928
2772 8897 56.2138
2772 12667 21.489
2773 15243 67.8114
2774 3174 68.5018
2774 6998 69.5844
2774 10588 74.8631
2774 16911 98.3295
2775 3024 63.3609
2775 5652 31.8273
2775 6193 8.67699
2775 15959 28.0339
2775 16777 42.2305
2777 4401 9.37479
2777 10070 70.3459
2777 13442 86.4947
2777 14985 38.1703
2778 3842 70.3697
2778 7470 99.4139
2778 8921 47.7872
2778 10743 16.4442
2779 6311 70.0203
2779 6980 13.9716
2779 8382 70.037
2780 7262 45.8023
2780 8790 50.4657
2780 16185 51.211
2781 5217 29.5323
2781 6693 50.9779
2782 5467 60.1864
2782 6174 43.5041
2783 10890 44.5633
2783 12673 16.6112
2783 15582 41.1374
2784 4429 10.2307
2784 6977 12.012
2784 8189 51.2304
2785 6485 36.2097
2785 6820 133.83
2785 13656 94.846
2786 3653 40.0507
2786 11267 41.7945
2786 11472 84.0887
2786 16927 85.3125
2787 5493 87.5052
2787 9187 44.7226
2787 10878 47.2147
2787 12624 37.7672
2788 9151 62.5328
2788 10605 82.8677
2788 15586 81.6564
2789 6478 72.7357
2789 8070 57.9396
2789 15077 27.3601
2789 10069 53.3806
2790 4225 60.6418
2790 13623 37.9947
2790 15577 42.4029
2791 5625 129.522
2791 8737 80.3573
2791 11042 99.4351
2792 4427 14.935
2792 7925 30.2236
2792 9707 46.6053
2793 5161 115.36
2793 13484 55.2151
2793 14326 74.3664
2793 15087 91.8353
2794 11114 85.5101
2794 16990 61.6968
2794 17113 50.0222
2795 8501 62.5132
2795 9867 90.9449
2795 10430 64.7908
2796 10380 8.64984
2796 12250 100.204
2796 15422 100.464
2797 2979 45.5611
2797 8736 27.7536
2797 13222 80.0699
2797 16822 64.5838
2798 3629 20.1487
2798 13358 42.4704
2798 15537 23.5052
2799 8602 91.0369
2799 15215 55.7111
2800 5491 12.4342
2800 9557 47.2927
2800 14129 56.4031
2801 5833 100.158
2801 6744 23.6767
2801 14686 55.0673
2802 14080 62.9515
2803 13507 92.7613
2803 15306 71.0743
2803 16916 91.1534
2804 4646 104.653
2804 6654 65.1158
2804 11776 135.085
2804 17030 61.5999
2805 8895 66.2909
2805 10287 54.6062
2806 10172 32.9427
2806 10475 70.9909
2806 13500 75.4694
2807 5876 82.4727
2807 9535 74.4997
2807 13270 90.7094
2808 4011 62.2629
2808 7972 62.2685
2808 10737 57.5952
2808 13654 78.5478
2809 10217 24.8953
2809 14789 20.9597
2809 15742 75.8173
2810 6623 44.8652
2810 11115 36.0945
2810 13153 131.008
2810 16544 43.2408
2811 11414 72.0297
2811 16642 60.4216
2812 4650 38.0917
2812 5021 38.9663
2812 11986 43.6578
2813 15131 44.8207
2813 15244 158.077
2813 15371 82.8286
2814 10963 116.713
2814 16291 59.0519
2814 16963 75.3228
2815 4011 60.0196
2815 12356 23.5446
2815 14018 59.8621
2815 15073 42.3937
2816 5299 108.285
2816 5825 99.8308
2816 16137 108.488
2817 4055 70.6671
2817 8731 145.997
2817 15528 114.92
2818 3977 81.2222
2818 11036 54.7485
2819 15648 56.9431
2820 5461 22.6785
2820 10706 32.3745
2820 13132 43.7589
2821 4094 21.568
2821 8290 34.0645
2821 11451 59.4388
2821 11831 40.0539
2822 2876 19.6963
2822 14117 21.1305
2823 4268 56.3365
2823 7904 96.9933
2823 13632 133.405
2824 15646 77.8752
2824 15845 25.4162
2824 16784 40.4235
2824 16837 55.425
2825 3180 43.1548
2825 6218 65.1055
2825 9613 59.2052
2826 4335 46.1061
2826 6868 13.9395
2826 7254 40.6412
2827 3909 22.6228
2827 11935 66.1487
2827 13133 58.9366
2827 13660 66.401
2827 14634 65.7088
2828 5723 8.15889
2828 8621 44.7905
2828 12192 61.9509
2828 13016 17.8796
2828 15921 19.8145
2829 4869 58.783
2829 5005 65.51
2829 5507 71.3685
2829 11306 40.7664
2829 12440 24.463
2830 6966 48.9029
2830 14342 21.9631
2830 16502 45.2595
2831 5571 53.2737
2831 7850 21.3935
2832 7558 77.6722
2832 8957 45.1623
2832 14847 101.204
2833 8258 77.8116
2833 10716 22.1085
2833 16122 63.7397
2834 2884 3.88771
2834 6022 39.9126
2835 6679 102.639
2835 15678 131.025
2836 3425 38.5651
2836 6598 72.8345
2836 7879 21.0682
2836 9290 47.6986
2837 5696 81.7077
2837 10003 70.619
2837 13728 114.709
2838 4277 36.2894
2838 12122 84.8981
2838 13938 77.7202
2838 14556 10.3639
2839 4370 36.3117
2839 10105 44.5646
2840 13510 86.8115
2840 16059 71.824
2841 14192 38.4164
2841 16662 111.299
2842 4667 36.2214
2842 5259 75.9317
2842 10761 55.9699
2842 12936 66.8436
2843 3705 40.1356
2843 5933 64.9055
2843 13678 10.1455
2843 7547 64.7079
2844 5658 91.2813
2844 6811 50.9231
2844 7266 45.1686
2844 9742 81.1259
2845 5009 21.5235
2845 8960 17.7394
2845 12852 44.7899
2845 14712 58.8042
2846 6401 73.6161
2846 11710 66.8483
2846 12432 79.1097
2846 16678 66.1835
2847 10035 53.3037
2847 10665 63.5963
2847 11751 71.2152
2848 8757 20.3636
2848 11123 94.3463
2848 12520 84.1775
2848 13853 65.3848
2849 6550 50.842
2849 14977 68.1117
2850 6610 58.9392
2850 11301 26.5102
2850 14513 39.184
2851 4600 52.8308
2851 10591 100.449
2851 14273 64.2841
2851 17108 83.0712
2852 4873 78.3157
2852 8897 51.4432
2852 9980 34.9617
2852 12667 58.4439
2853 6055 165.628
2853 6785 70.2491
2854 7845 36.3308
2854 7956 59.1466
2854 10106 49.6799
2854 14951 52.1705
2854 16471 103.677
2855 3465 44.6764
2855 12242 25.7737
2855 14980 42.0538
2855 16030 71.6199
2856 4628 83.2159
2856 6148 63.1156
2856 6979 26.2051
2856 9478 66.6656
2856 12552 81.3737
2856 16144 57.1639
2857 5005 82.1244
2857 12855 91.6764
2857 14947 45.1569
2858 3524 66.0589
2858 11905 31.4688
2858 15682 30.9375
2859 8461 63.4226
2859 10586 44.6872
2860 8896 54.9997
2860 8903 74.158
2860 15460 31.8461
2861 4625 59.5214
2861 10395 16.4472
2861 14639 23.7975
2861 15164 19.7807
2862 5434 77.3429
2862 5996 92.0112
2862 7287 45.8593
2863 8182 21.738
2863 16987 74.1089
2864 10877 72.8272
2865 7196 60.5715
2865 9838 95.2234
2866 4819 64.9371
2866 6806 80.8623
2866 8492 61.5639
2866 13480 65.9469
2866 15613 73.1958
2867 3625 33.5746
2867 7847 69.2457
2867 7937 62.9477
2867 14248 79.3107
2868 5063 57.9429
2868 8226 63.483
2868 9050 53.3426
2869 7643 23.0218
2869 16707 61.2407
2869 16845 2.66313
2869 16858 33.4802
2869 17136 14.8868
2870 5510 55.6487
2870 7870 31.1235
2870 11208 36.8927
2870 15980 45.0941
2871 3801 106.76
2871 6927 64.4673
2871 12628 24.5169
2871 15802 5.11661
2872 3769 20.1202
2872 3941 83.1294
2872 5486 25.2258
2872 15554 32.6858
2873 5614 62.3046
2873 11547 58.5295
2873 12147 43.1143
2873 13617 36.2585
2874 8388 96.6014
2874 9282 124.52
2875 6008 27.6659
2875 7290 52.447
2875 12968 46.1621
2875 16607 17.4552
2876 11257 73.3852
2876 13397 36.8722
2876 14117 24.3967
2877 2883 85.6251
2877 3644 80.353
2877 5529 74.0402
2878 4405 14.7148
2878 4956 52.5583
2878 11441 146.065
2879 4298 81.8903
2879 5682 45.3873
2879 7431 85.5378
2879 15424 46.3524
2880 4394 38.7089
2880 4919 69.3401
2880 16928 100.488
2881 3290 59.8382
2881 4568 43.2463
2881 7032 83.9969
2881 12320 53.3681
2882 5015 60.0037
2882 12522 43.8981
2883 11170 56.787
2883 13652 59.1159
2884 6022 38.5043
2885 5068 34.3319
2885 5370 63.0794
2885 5870 79.5018
2885 12759 95.7316
2886 3612 89.7192
2886 8031 69.2676
2886 16184 59.1372
2887 7114 82.256
2887 9536 132.315
2887 12370 47.1101
2887 13831 83.723
2888 3247 50.9333
2888 8909 68.8032
2888 10496 44.0503
2889 8048 45.4145
2889 11094 73.759
2890 4132 63.0138
2890 11659 77.3887
2891 5102 74.3742
2891 7240 110.175
2891 17146 71.7942
2892 9107 39.0141
2892 10427 67.2394
2892 13659 59.2372
2892 14670 71.1821
2893 6677 47.9012
2893 11001 83.312
2894 10063 69.4502
2894 15185 77.0907
2894 15320 105.604
2895 3314 84.5739
2895 8608 52.1718
2895 12530 73.2812
2895 14613 69.9619
2896 8491 78.4996
2896 10232 28.3102
2896 16955 76.9114
2897 3799 51.8276
2897 6028 72.8441
2897 12462 38.8499
2897 13450 66.068
2898 7838 53.7132
2898 10903 70.8925
2898 15811 17.0512
2899 6584 116.896
2899 9264 56.5351
2899 15197 76.0889
2900 4796 45.3632
2900 9346 23.161
2900 10837 44.6211
2900 11515 44.9722
2900 13230 57.971
2901 6788 79.1436
2901 9670 84.1936
2901 10162 70.7167
2902 4850 30.288
2902 9860 37.862
2902 16935 26.6034
2903 3020 72.7488
2903 5495 54.6184
2904 8280 27.429
2904 13815 41.8218
2905 10728 38.8277
2905 11645 106.368
2905 13093 23.4625
2905 16285 101.935
2906 3715 30.9069
2906 5651 58.1806
2906 5761 56.497
2906 9101 33.0292
2906 9435 90.7687
2906 12569 19.0922
2907 12574 67.5488
2907 15050 60.2373
2907 17112 19.7002
2908 3122 114.804
2908 15559 83.937
2908 15635 59.3466
2909 10660 67.8989
2909 11292 50.9334
2909 16936 56.4764
2910 9405 149.185
2910 13105 20.2573
2910 14715 44.9623
2911 9580 64.269
2911 13989 44.9962
2911 16573 74.1113
2912 6537 67.7484
2912 9717 44.3557
2912 13942 57.7157
2912 14284 47.403
2913 6777 115.863
2913 8538 57.0643
2913 13235 103.412
2914 4074 127.471
2914 5560 83.9965
2915 4238 9.7025
2915 7442 32.6816
2915 7469 13.7474
2916 13363 37.9993
2916 15233 137.588
2917 7707 46.563
2917 15906 59.814
2918 5951 113.186
2918 9253 57.1173
2918 14044 70.2575
2919 3720 61.3647
2919 11523 66.0094
2920 6160 42.6542
2920 9017 40.4821
2920 15302 48.0844
2921 6337 31.6482
2921 8183 71.565
2921 11722 15.5724
2921 16579 42.5098
2922 5752 67.8224
2922 10757 94.9028
2922 13691 101.191
2922 14739 143.693
2922 16057 70.951
2923 4707 64.0262
2923 5350 130.398
2923 11276 68.295
2923 13025 102.058
2923 15500 115.795
2923 16239 56.8595
2924 8827 90.4719
2924 9111 62.7263
2924 12962 118.518
2924 15638 38.3741
2924 16853 25.8146
2925 8307 16.7666
2925 8412 75.3396
2925 13108 76.5081
2926 10420 29.1499
2926 11494 13.5764
2926 12453 46.3778
2927 3719 44.1372
2927 7770 93.7039
2927 9934 89.2651
2928 4008 72.6199
2928 4921 97.6845
2929 4885 58.2503
2929 5147 16.2657
2929 13097 72.9742
2930 4800 47.2393
2930 12618 80.0726
2930 15552 13.3728
2931 4274 41.4789
2931 7165 37.455
2931 8367 68.6058
2931 12594 43.5854
2932 4310 35.6244
2932 4358 64.7483
2932 8309 44.8823
2932 16439 12.385
2933 3872 61.6555
2933 10515 88.0155
2933 11637 22.5081
2934 5473 121.199
2934 10161 68.9878
2934 14151 71.2759
2935 6173 77.9861
2935 15248 66.0724
2935 16867 68.4714
2936 6441 24.1913
2936 12440 63.2794
2937 4483 113.605
2938 6449 24.5688
2938 9270 53.1981
2939 6435 72.4847
2939 15065 106.493
2940 10720 60.2857
2940 11412 73.7434
2940 15542 103.432
2941 4373 49.0985
2941 5848 36.7214
2942 9356 57.7063
2942 10383 53.5478
2943 3095 96.8606
2943 10047 51.9134
2944 4874 85.4253
2944 6097 9.43103
2944 11076 92.6007
2945 3484 33.0356
2945 11999 79.5543
2945 16736 50.7782
2946 3948 31.5292
2946 8748 76.3154
2946 10635 16.4255
2946 14277 71.508
2947 3322 128.95
2947 6636 101.595
2947 14474 85.9637
2948 14944 48.1495
2949 5487 59.4073
2949 12251 65.4543
2949 16831 23.3346
2950 7516 53.9555
2950 8088 46.7885
2950 8228 61.6024
2950 9733 80.9381
2950 12161 47.9357
2951 9700 66.1295
2951 12682 74.4
2951 15308 46.1425
2952 3338 36.3394
2952 13631 27.8599
2952 15896 63.5099
2953 5327 49.6254
2953 9599 65.9789
2953 13677 28.7125
2954 5585 22.3634
2954 6457 24.4416
2954 6484 39.9162
2954 10179 27.3936
2954 10438 58.9155
2955 6709 53.6332
2955 10553 32.6864
2956 14354 25.8661
2957 3857 64.2686
2957 10466 40.3024
2957 14311 81.7694
2958 8062 48.5026
2958 8938 39.459
2958 12216 68.0677
2958 15668 33.3132
2958 16672 39.0977
2959 13649 40.5921
2959 14629 21.59
2959 15519 65.2477
2959 16614 121.668
2960 5403 109.9
2960 8119 44.1434
2960 13237 86.119
2961 5262 56.5607
2961 6923 65.2719
2961 14866 72.4201
2962 5633 118.683
2962 6277 85.5458
2962 10348 72.5024
2962 14950 39.2931
2963 10015 104.305
2963 15186 58.8608
2963 16799 50.2654
2964 3942 63.9124
2964 8788 78.5847
2964 9805 50.541
2964 12023 43.201
2964 12545 11.2079
2964 16206 65.4529
2965 3606 61.5264
2965 15290 37.884
2966 9725 89.0845
2966 16054 59.5931
2967 7721 63.1179
2967 7805 80.2389
2968 10325 78.7673
2968 10624 58.3714
2968 12655 96.7946
2969 7258 4.9225
2969 12870 51.1115
2969 13403 83.7956
2970 4567 101.631
2970 14846 40.3775
2970 15484 70.2889
2971 3311 85.9096
2971 3410 88.6533
2971 4713 17.9344
2971 14159 99.7068
2971 16219 85.5462
2972 9963 115.365
2972 13388 31.3613
2972 14102 3.51807
2973 9241 60.3685
2973 9314 31.266
2973 9847 107.012
2973 9957 35.3452
2973 11484 23.2329
2974 7248 45.7337
2974 11703 54.5684
2974 11925 106.256
2975 5567 16.1041
2975 6341 62.5459
2975 6469 25.4322
2975 11781 102.389
2976 8486 16.0759
2976 8502 41.0439
2976 12510 133.834
2976 14132 33.4804
2977 3106 9.40051
2977 3301 44.5258
2977 3379 16.6832
2977 4668 18.2626
2977 11046 52.8576
2977 16132 63.9656
2978 3082 88.698
2978 9715 66.2994
2979 8736 72.2882
2979 9503 36.7129
2980 5509 46.8359
2981 6189 40.3558
2981 8546 69.7566
2981 12974 45.5993
2982 6680 18.4064
2982 7688 63.9626
2982 11311 40.5167
2983 4281 27.7392
2983 14732 65.9752
2984 5220 77.0432
2984 6318 51.5316
2984 8106 100.577
2984 10163 89.2849
2985 9040 66.7236
2985 16417 46.2662
2986 4875 29.9969
2986 6271 43.2726
2986 8823 44.205
2987 9436 165.553
2987 9634 113.169
2987 15312 103.411
2987 17069 83.961
2988 5111 131.601
2988 8254 79.2972
2988 9929 116.906
2988 11358 69.2531
2988 13139 21.6845
2988 16889 39.3966
2989 5001 84.7464
2989 6701 66.6097
2989 6848 63.5208
2990 10387 45.9858
2990 10926 95.8947
2991 5834 114.31
2991 14072 37.4014
2992 4126 54.5078
2992 7161 66.0537
2992 9249 27.5601
2992 12260 26.5327
2993 9022 47.2256
2993 14237 24.0715
2993 17050 5.01517
2994 4313 105.425
2994 8603 51.339
2995 3264 77.6061
2995 11448 54.1136
2996 7079 30.0973
2996 16852 83.1104
2997 9949 54.9813
2997 11580 27.5167
2997 15568 51.8974
2998 5603 27.9233
2998 10588 84.6682
2998 11258 62.3481
2999 8363 25.8763
2999 16040 26.4768
2999 16756 31.913
3000 6007 57.5899
3000 15957 83.6594
3001 6314 55.8063
3001 10253 40.3282
3001 10484 18.1808
3001 14816 15.2373
3002 3761 9.36495
3002 12161 31.0003
3003 8429 41.5676
3003 8826 28.6768
3003 15804 52.238
3004 5303 37.8136
3004 7044 51.2737
3004 12905 35.1905
3004 14938 118.047
3005 11719 74.919
3005 12831 38.1546
3005 14516 93.326
3006 5722 61.4943
3006 6490 48.2477
3006 6854 92.4836
3006 11740 25.2947
3007 8084 91.8949
3007 17126 52.5205
3008 4101 48.5959
3008 8235 24.7017
3008 12976 12.7769
3008 15510 6.72639
3009 4994 87.0775
3009 9340 30.5572
3009 15255 35.8257
3009 15299 40.4611
3010 6367 37.0316
3010 11422 19.3368
3010 15754 62.9862
3011 5559 63.0199
3011 6563 80.941
3011 11730 48.4166
3012 6437 97.4415
3012 10217 124.318
3012 16036 58.7175
3013 7034 107.427
3013 8396 63.2343
3013 12033 74.557
3013 13307 43.5825
3014 3261 27.0317
3014 12754 91.3402
3014 15031 79.3714
3014 15564 86.7457
3015 3952 69.2884
3015 11903 4.60887
3015 13079 26.5014
3016 4349 62.7068
3016 6896 39.6147
3016 16741 60.4653
3017 8958 116.565
3017 11509 98.0062
3018 6145 36.8801
3018 10595 85.3398
3018 13876 65.0225
3019 14553 68.5619
3019 14836 88.8582
3019 15547 138.002
3020 3051 87.5994
3020 3139 106.419
3020 11775 64.3586
3020 16482 59.5274
3021 10964 69.652
3021 15650 54.06
3022 4526 53.8349
3022 7899 61.7242
3022 14286 67.3092
3023 4788 60.2389
3023 13331 83.7751
3024 5652 21.091
3024 15745 54.5953
3024 15959 18.9223
3025 4200 28.1998
3025 7440 94.0059
3025 13199 65.7425
3026 11565 87.2818
3026 14334 52.4054
3026 14972 43.2449
3027 3450 60.2455
3027 16545 46.8705
3028 4612 72.4261
3028 5645 57.7168
3028 8802 52.0195
3028 16746 83.3018
3029 4082 81.798
3029 7719 83.8057
3029 16792 92.8852
3030 5972 62.1436
3030 8362 42.1243
3030 16888 62.6997
3031 9674 53.7288
3031 11215 74.0091
3031 12978 79.3739
3032 6071 103.445
3032 12840 77.0716
3032 15505 94.7642
3033 7676 44.1701
3033 12087 33.5508
3033 16018 31.7076
3034 5909 45.6418
3034 15224 71.4327
3035 4106 43.848
3035 12495 109.162
3036 8474 61.7077
3036 12615 80.3799
3036 15897 42.1476
3037 6427 29.8485
3037 11221 57.814
3038 4894 24.0408
3038 7874 49.979
3039 11942 49.1232
3039 14704 89.353
3039 16860 76.2589
3040 6506 72.0464
3040 7119 51.9226
3040 8898 47.4518
3040 9666 30.1961
3040 12693 51.4843
3041 5797 48.4663
3041 5879 26.4828
3041 5928 47.6768
3042 3286 59.5979
3042 5475 44.1138
3042 13473 44.0783
3042 16668 20.8243
3043 5361 84.352
3044 4596 58.3693
3044 10547 75.3809
3045 4532 117.581
3045 12464 87.0132
3046 8267 31.729
3046 8581 52.6226
3046 10614 54.947
3046 16328 63.9992
3047 5927 27.859
3047 7155 38.1518
3047 7604 32.1278
3048 7037 22.3164
3048 10181 88.8812
3048 10228 10.9169
3048 13030 41.6303
3049 5446 38.6428
3049 10199 56.6663
3049 13991 50.4098
3049 14510 49.4576
3050 9232 40.7561
3051 7508 22.2626
3051 14155 30.5653
3052 7152 35.9286
3052 13228 79.4693
3052 15895 38.9986
3052 17049 22.3751
3053 5101 9.82093
3053 5401 46.3578
3053 9434 29.7801
3053 13797 93.1973
3053 16377 43.1292
3053 16550 85.1787
3054 9124 32.0512
3054 15616 35.122
3055 6120 63.9644
3055 10885 67.5322
3055 11141 35.8685
3055 11858 10.0304
3055 13087 60.326
3056 3249 51.5653
3056 5656 115.472
3057 11869 14.8766
3057 12028 108.881
3057 14820 36.4407
3057 16105 96.3504
3057 16350 47.8812
3058 3917 77.572
3058 5997 32.1996
3059 4250 17.9175
3059 8152 20.462
3059 12710 41.5084
3060 6146 56.5415
3060 11198 54.9707
3060 16946 87.355
3061 3555 37.2258
3061 16329 73.4335
3062 3394 89.2525
3062 3544 88.1134
3062 8469 74.279
3063 8559 83.4368
3063 11711 12.1575
3063 11728 22.7372
3064 4012 93.769
3064 11652 39.7457
3065 4846 62.8053
3065 6604 80.6781
3065 14684 63.1192
3065 15099 22.3963
3066 4795 7.24689
3066 8099 37.7497
3066 8160 40.0791
3066 15506 67.2503
3066 15970 58.3279
3067 6736 26.141
3067 12173 86.3364
3067 12184 39.2817
3067 16441 69.2108
3068 4835 28.6276
3068 9144 83.3896
3068 14323 63.7579
3069 12010 23.7392
3070 5226 141.916
3070 6156 105.668
3070 13422 17.953
3071 7608 21.4356
3071 10601 51.2126
3072 7680 71.5812
3072 10445 44.1318
3072 10856 84.0407
3072 13690 38.0756
3073 12970 94.6211
3073 16238 43.6378
3074 7517 31.8706
3074 7766 63.514
3074 9633 89.8737
3074 11657 90.3053
3074 13775 58.87
3075 7383 41.8745
3075 7915 27.3159
3076 11872 48.0769
3076 15947 74.5464
3077 5049 62.7785
3077 10897 20.9163
3077 13311 83.81
3078 4652 40.8832
3079 9343 36.5503
3079 10679 102.742
3079 12413 10.8843
3080 8524 72.9194
3080 9042 33.3155
3080 12378 75.0784
3080 13379 69.7753
3081 5267 55.7145
3081 14392 77.1939
3081 16192 105.734
3082 8215 51.4363
3082 9004 83.768
3082 13753 56.2733
3083 6935 50.4703
3083 9176 52.8698
3083 14459 68.5893
3084 10337 16.3934
3084 11709 63.4217
3084 16095 94.231
3084 17062 56.4072
3085 5331 34.8397
3085 8812 69.7731
3085 9485 34.5565
3086 4456 67.768
3086 8746 4.30318
3087 8273 41.056
3087 8880 46.0861
3088 5913 50.7162
3088 8557 69.567
3088 10930 61.7745
3089 8543 28.9707
3089 9663 39.5666
3089 13124 78.2155
3090 12098 49.2158
3090 12381 94.4246
3090 13335 63.1518
3090 15983 41.3066
3091 6837 26.2119
3091 9443 89.4731
3091 12920 88.1822
3092 3855 49.1545
3092 9299 52.7371
3092 9653 56.7365
3093 8381 52.8806
3093 14844 18.8514
3094 6223 74.1017
3094 8493 77.2706
3094 8626 62.1493
3094 9272 62.367
3095 7207 45.8325
3095 12335 75.3386
3095 14219 34.4093
3096 11582 40.7494
3096 12357 101.694
3096 15011 52.4604
3096 17168 64.0847
3097 5564 39.9706
3097 6001 93.7181
3097 12311 32.4149
3098 11387 58.3265
3098 14778 49.273
3098 15705 55.8247
3099 8585 61.007
3099 15524 49.8608
3099 16750 75.2865
3100 4831 30.6124
3100 5721 48.1649
3100 14439 58.6222
3101 7973 58.0033
3101 8530 56.3604
3102 13835 40.9018
3102 13998 13.1334
3102 16951 49.318
3103 3116 43.5264
3103 12393 54.5912
3103 13488 59.3713
3104 10294 12.3562
3104 15916 20.4839
3104 16308 22.0153
3105 4433 85.6735
3105 11916 135.248
3106 3379 34.99
3106 4668 19.4916
3107 3799 29.7828
3107 11557 147.451
3107 12462 40.2239
3107 13450 38.5539
3107 16257 138.258
3108 5824 104.099
3108 11839 32.7834
3108 13740 67.2473
3108 14714 24.0211
3108 15089 19.9731
3109 4999 78.2816
3109 11960 50.3516
3109 14694 48.0182
3110 8906 34.6607
3110 14409 32.4271
3110 17020 22.7738
3111 8726 29.7219
3111 9916 74.9653
3111 9970 38.7577
3111 15511 45.8737
3112 5951 48.476
3112 8054 65.1408
3112 9253 70.1
3113 13535 12.9226
3113 15555 60.8777
3114 4950 16.1763
3114 5660 17.1229
3114 16811 34.0535
3115 3207 53.6715
3115 4614 35.1655
3115 12770 69.0405
3115 13074 51.8358
3115 15764 60.78
3116 6143 40.9183
3116 12393 76.2789
3116 14408 72.1407
3117 3465 52.8831
3117 13120 61.6894
3118 4062 100.615
3118 15373 56.7376
3119 4037 58.0695
3119 5277 57.155
3119 7923 61.168
3119 11128 35.7411
3120 9479 85.4481
3120 14695 45.2759
3121 3361 33.7601
3121 8596 85.0625
3121 12416 38.0219
3121 12768 28.8855
3121 14131 26.2949
3122 4218 92.0971
3122 6863 53.921
3122 15559 24.8557
3123 3649 35.4797
3123 8067 81.3618
3123 8750 67.9677
3123 16134 37.4165
3124 4199 54.2287
3124 5730 69.1913
3124 9924 35.1034
3125 5246 71.1581
3125 16263 67.9967
3126 3446 61.8188
3126 4906 20.1088
3126 5173 42.0165
3126 15309 7.82747
3127 3472 75.8833
3127 11309 60.4038
3127 14941 76.2414
3127 16293 93.6086
3128 9476 10.7846
3128 9986 9.97146
3128 13243 39.2333
3128 15584 78.7609
3129 9931 77.9089
3129 14730 104.06
3129 16564 91.1192
3130 4872 87.0381
3130 6048 51.367
3130 8231 66.7614
3130 11696 69.7911
3131 14497 51.4773
3131 14841 87.8596
3132 3669 69.5161
3132 6672 32.7212
3132 12707 51.7031
3132 13472 79.0244
3133 4690 63.939
3133 9286 66.9581
3133 13026 69.4037
3134 7222 30.0412
3134 13550 49.2141
3135 7855 65.2267
3135 10919 39.4796
3135 11324 55.1707
3136 5795 42.3196
3136 7989 43.7085
3136 12180 44.4642
3136 14399 35.429
3137 10763 29.2764
3137 11054 51.0296
3137 13423 63.8572
3137 13525 26.6373
3137 14466 98.2821
3138 5084 96.0236
3138 11246 55.7861
3138 14545 64.468
3139 16482 32.4708
3140 4216 66.4482
3140 7283 95.1631
3140 7325 88.3764
3140 7909 26.8518
3140 15232 60.3981
3141 9131 72.931
3141 10230 67.9933
3141 15180 32.1968
3142 6575 129.519
3142 13140 50.3333
3143 7256 60.1122
3143 11332 94.8357
3143 12032 61.1014
3143 15488 45.9487
3143 17084 5.4621
3144 7699 6.14084
3144 8136 26.5063
3144 9297 57.1406
3144 9703 35.4961
3145 5599 39.4905
3145 12791 64.0959
3145 14807 32.6937
3146 9890 54.113
3146 10960 21.0437
3146 11359 28.9558
3147 11884 134.335
3147 14220 28.7248
3147 15222 6.9575
3148 4658 26.876
3148 6662 22.6475
3148 13003 59.5218
3149 11984 62.35
3149 12772 74.2218
3150 8269 7.38223
3150 14549 27.9158
3150 15431 15.451
3151 3507 103.826
3151 14771 101.218
3152 11470 101.065
3152 15834 52.0189
3153 9008 83.7683
3153 15437 14.7615
3154 8093 59.8622
3154 10463 28.4117
3155 7770 20.6679
3155 10957 68.5711
3155 15005 60.4858
3155 16600 40.22
3156 5332 66.2784
3156 5939 46.3713
3156 9947 49.9903
3156 13479 24.2686
3157 6062 76.5073
3157 8651 146.23
3157 11404 132.423
3157 12316 49.4728
3158 6690 94.5898
3158 13596 65.1858
3158 13879 74.4144
3159 6574 98.3505
3159 11602 57.0751
3159 13756 60.5359
3160 5968 9.84207
3160 10302 41.5774
3161 13524 38.8694
3161 13883 12.1151
3162 3963 17.7479
3162 9195 66.6697
3162 15574 43.9995
3163 7099 39.7442
3163 9930 54.392
3163 14796 69.199
3164 6393 107.902
3164 9227 81.6807
3164 15735 67.3953
3165 5044 51.1265
3165 6434 1.4734
3165 15593 61.5915
3166 6083 72.8025
3166 10819 61.342
3166 15954 43.737
3167 4877 90.4844
3167 5173 77.7084
3167 8333 14.6913
3167 8657 58.5466
3168 5420 38.7295
3168 10535 126.494
3168 10576 72.1139
3168 16775 99.0251
3169 4310 72.8089
3169 5865 83.4587
3169 8309 66.0836
3169 13196 25.4982
3170 8930 62.2951
3170 12561 48.2746
3171 3344 49.2848
3171 3965 88.8754
3171 6167 98.306
3171 9024 98.5122
3171 12178 112.353
3172 9791 102.709
3172 11010 61.6255
3172 12309 88.0243
3173 3782 45.8291
3173 5081 32.4834
3173 9744 81.6216
3174 6998 90.2688
3174 7034 60.3878
3174 17130 71.8866
3175 7467 47.8718
3175 16679 77.4806
3176 5868 82.4542
3176 15132 25.344
3176 15146 87.5462
3176 16848 75.5172
3177 6465 62.445
3177 9629 42.6114
3177 9680 41.6084
3177 10309 52.1496
3177 11384 63.5705
3177 13556 44.4502
3178 5061 44.1433
3178 9452 115.222
3178 14427 72.8944
3179 11798 64.2798
3179 14903 49.1094
3179 15772 84.3143
3180 6218 82.6518
3180 10597 95.6793
3181 3974 10.6962
3181 5861 86.6663
3181 10545 60.4107
3181 13004 68.3859
3181 15252 89.6015
3182 3253 87.2551
3182 5995 22.9794
3182 14458 69.9069
3183 5160 50.2732
3183 15167 75.4622
3183 15610 47.0096
3184 4560 28.6249
3184 5423 65.272
3184 14440 65.4504
3185 8334 110.876
3185 8800 41.0534
3185 10266 128.655
3185 10621 108.837
3185 12900 114.591
3186 5463 16.8937
3186 10879 35.8311
3186 14362 64.9392
3187 6021 90.197
3187 7848 46.2796
3187 13689 51.1026
3188 3200 25.6619
3188 4435 111.1
3188 14824 31.9256
3189 10720 92.797
3190 5742 66.958
3191 7713 41.3589
3191 10620 14.8014
3191 11205 28.1239
3192 8198 25.7975
3192 13643 43.0191
3193 7927 100.854
3193 10775 77.9334
3193 8346 62.1231
3194 5568 10.8522
3194 6490 26.8693
3195 4525 138.45
3195 12944 14.8037
3195 14598 111.652
3196 14777 102.603
3196 16949 36.078
3197 8715 67.5655
3197 13792 101.723
3197 15436 23.5712
3198 3765 22.3081
3198 9139 105.403
3198 12309 36.8088
3199 7386 19.8804
3199 11874 51.807
3199 13530 92.9495
3200 14824 22.2069
3200 17040 77.4971
3201 7717 81.9562
3201 17118 18.2918
3202 5445 64.5031
3202 7228 97.3879
3202 16101 23.4301
3203 11936 80.2128
3203 12018 58.1056
3204 4372 46.5489
3204 5616 41.5186
3204 7543 35.5233
3204 14235 68.2928
3205 13300 58.1267
3205 15155 51.7086
3206 16541 48.9281
3206 16868 90.6156
3207 4614 85.5645
3207 7333 63.078
3207 13074 36.2499
3207 14249 87.1278
3207 16976 31.5642
3208 4678 50.1585
3208 16004 57.5316
3209 5293 67.891
3209 9702 25.0679
3209 11265 32.7401
3210 4219 35.2419
3210 8678 39.4291
3210 14747 68.314
3211 9430 56.5715
3211 10178 31.4297
3211 10776 36.7
3211 11068 121.033
3212 5261 69.5245
3212 6621 53.8531
3212 9846 29.0879
3212 10270 99.8729
3213 8120 90.9387
3213 13799 107.254
3213 14768 77.1158
3214 3368 22.9969
3214 3839 49.1787
3214 3840 108.657
3215 4578 82.5702
3215 9078 28.4857
3215 15833 65.6255
3215 16910 52.9467
3216 5679 51.9383
3216 9036 85.2468
3216 13275 42.1884
3217 8533 79.4706
3218 6741 94.2315
3218 7912 153.185
3219 3256 17.1873
3219 5790 59.9584
3220 5079 117.97
3220 8191 74.3783
3220 13983 58.695
3221 3685 88.8374
3221 6700 76.0203
3221 9880 86.5108
3222 9995 46.052
3222 11807 55.6045
3223 3748 82.2026
3223 8499 74.9622
3224 10660 97.1218
3224 12963 23.1434
3224 15489 35.4621
3224 16936 37.4435
3225 5491 48.9488
3225 7586 87.1822
3225 9557 22.3676
3225 12385 54.3855
3225 12857 20.7868
3226 3806 112.147
3226 4293 66.4307
3226 11061 120.489
3227 16218 73.232
3228 6171 72.4684
3228 14372 51.0717
3229 5716 39.819
3229 6574 75.5746
3230 5642 37.4724
3230 11562 54.325
3230 14222 97.6483
3231 3451 77.2203
3231 7865 37.7903
3231 7872 102.409
3231 9814 55.221
3232 4602 69.3524
3232 8253 93.8357
3232 9932 64.7298
3232 10484 84.9152
3232 10678 52.5008
3233 10389 58.8784
3234 3816 81.1157
3234 4521 81.3771
3234 4927 61.5099
3234 7269 22.2276
3235 8997 73.2152
3235 11218 71.3628
3235 13528 61.3871
3235 14314 34.2583
3236 8298 18.1464
3236 13599 82.2404
3236 16866 77.3603
3237 5094 49.8109
3237 7965 57.2343
3237 12948 99.4862
3238 9257 71.9161
3238 14035 81.2689
3238 16301 53.9983
3239 8171 41.7643
3239 9975 58.9429
3239 15382 44.9303
3240 12936 112.008
3240 13483 83.631
3240 16993 64.4759
3241 4669 66.7116
3241 10238 90.6733
3241 11939 164.746
3241 12276 129.216
3242 8164 71.7097
3242 8213 93.0405
3242 9275 17.4439
3243 3880 21.2117
3243 7978 78.3495
3243 11695 30.8893
3243 12096 23.5488
3244 7989 116.189
3244 12180 101.165
3244 14335 107.427
3244 14901 95.4111
3244 15687 100.829
3245 6228 43.7481
3245 8246 34.9773
3245 16851 44.2216
3246 3488 42.48
3246 4591 24.084
3246 15280 26.0784
3246 15968 48.8913
3247 4066 52.2978
3247 15161 29.5391
3248 5415 12.6807
3248 12717 32.5308
3248 15596 68.3551
3249 12207 86.9862
3250 13725 52.3377
3250 14991 55.0493
3251 4727 103.618
3251 13280 82.8727
3251 15879 64.159
3252 5553 54.4077
3252 10106 54.649
3252 13069 99.657
3252 15208 35.1063
3253 4061 70.1092
3253 5995 48.9395
3253 9519 119.433
3254 8675 81.5721
3255 4821 46.0333
3255 9516 21.0615
3255 14551 26.3599
3255 15372 28.5789
3256 5790 72.3308
3256 11146 67.2647
3257 4384 89.3944
3257 15221 13.9998
3258 6984 98.7055
3258 9642 37.9325
3258 14590 95.1958
3259 6268 66.5731
3259 16006 65.3421
3260 13703 20.7899
3260 16046 77.1889
3260 16740 19.4406
3261 12754 93.6461
3261 15564 74.3422
3262 3743 36.5586
3262 5691 56.6525
3263 5464 64.8366
3263 11445 28.3532
3263 17061 51.6439
3264 3659 30.8071
3264 4453 51.4385
3264 10901 36.8799
3265 4234 72.1034
3265 6306 95.64
3265 8504 71.3591
3265 8809 48.455
3265 13637 91.4077
3266 6360 58.0399
3266 12835 58.9927
3266 13331 63.4111
3267 9690 97.8257
3267 9749 53.567
3268 5118 49.1651
3268 9172 72.178
3268 12235 42.9444
3269 10390 52.4219
3269 10941 112.236
3270 10113 49.2387
3271 4664 60.7621
3271 5066 24.1855
3271 7565 38.2905
3271 16076 46.4671
3272 3845 46.1578
3272 4195 51.2315
3272 12228 86.0234
3272 14101 40.3704
3273 7181 41.1647
3273 8432 57.5516
3273 9023 63.1007
3274 6580 93.6062
3274 8077 38.0433
3274 14660 60.9131
3275 4404 62.6426
3275 7363 27.6609
3275 16213 67.975
3276 5866 9.98797
3276 6658 32.9586
3276 15940 55.5946
3277 9403 89.7658
3277 10487 45.2191
3277 12809 99.3324
3277 15477 73.7362
3278 3428 27.5048
3278 7018 59.6535
3278 15051 72.0307
3279 8128 73.082
3279 10100 54.6126
3279 10419 75.4534
3279 14731 79.0745
3280 7391 76.3689
3280 12268 88.5781
3281 6578 70.8061
3281 10782 121.494
3281 14388 55.4294
3282 9881 70.3613
3282 15214 102.791
3283 4690 49.5902
3283 8870 42.3217
3283 13325 27.8402
3283 15698 64.4953
3283 16944 12.0037
3284 4806 70.3311
3284 8684 51.7933
3285 7863 21.3455
3285 12592 68.9968
3286 5475 10.3368
3287 14019 43.4735
3288 10137 101.918
3288 13338 43.0981
3288 13616 30.787
3289 4471 106.434
3289 11182 77.9696
3289 13216 94.4919
3289 16428 117.842
3290 7024 70.3302
3291 4937 118.776
3291 14008 137.449
3292 7436 32.1233
3292 11902 60.2318
3292 11993 80.947
3293 11277 114.619
3293 13064 39.9184
3293 13931 66.8644
3293 16174 52.488
3294 4211 40.3546
3294 9513 52.6302
3295 4859 32.6968
3295 5644 84.9559
3295 5769 70.6421
3295 11853 195.377
3296 7025 91.3525
3297 4774 40.2754
3297 4935 49.3182
3297 12594 30.5533
3298 14823 94.8876
3298 15817 54.9398
3299 8156 59.6062
3299 8526 78.3756
3299 17140 58.9817
3300 3363 71.4067
3300 14604 89.0667
3301 4668 81.2468
3301 11046 35.2225
3301 12220 133.118
3302 12945 46.3305
3302 14135 51.2024
3303 6672 65.2944
3303 8140 86.9114
3303 8513 51.9607
3303 11412 26.2993
3304 12731 38.3921
3304 13143 102.946
3305 8644 78.3013
3305 10480 36.2278
3305 12527 48.4551
3305 13295 67.8812
3305 14145 35.3471
3305 16304 73.2128
3306 3380 32.616
3306 14583 61.2882
3306 14903 54.685
3307 5290 55.8892
3307 10091 90.6472
3307 11001 25.5981
3308 4730 155.331
3308 7020 64.6639
3308 8509 169.079
3309 3457 70.2368
3309 4810 26.26
3309 5613 69.3259
3309 13653 58.6701
3310 4855 60.0958
3310 6041 66.4589
3310 9451 87.9715
3310 15374 72.2508
3311 3410 65.1736
3311 4713 67.1515
3311 10803 60.7683
3312 8003 42.8235
3312 12042 12.8516
3312 12531 49.7852
3312 12806 19.8452
3312 14926 49.889
3313 14372 90.2977
3313 15188 19.1895
3313 16118 49.7283
3314 8608 65.319
3314 13814 95.9051
3314 14613 84.4974
3315 6625 61.736
3315 16107 94.056
3315 17157 77.4429
3316 11353 34.5332
3316 11867 20.0825
3317 8762 51.7666
3317 12668 67.1739
3317 13610 36.9031
3317 14073 67.6031
3317 16823 64.5693
3318 8642 61.01
3318 11410 40.4554
3318 14141 73.7908
3318 16608 83.1309
3319 3339 61.5002
3319 4336 69.9787
3319 14161 40.9331
3320 7449 44.1786
3320 14985 102.085
3321 6168 60.9118
3321 10695 31.1795
3321 16447 61.9997
3322 7086 122.605
3322 16730 129.445
3323 3530 38.7538
3323 3553 117.275
3323 6694 65.154
3323 10441 120.127
3323 15481 117.023
3324 11853 98.2252
3324 14269 91.1584
3324 16885 73.3019
3325 10631 79.3524
3326 3415 90.6156
3326 7410 34.8531
3326 8964 64.097
3326 9504 47.5646
3327 3542 42.0548
3327 5540 61.6672
3327 9245 46.6919
3328 13239 49.6798
3329 4591 65.8016
3329 13688 91.4254
3330 4779 39.5273
3331 10937 37.0357
3331 12149 31.9733
3331 14583 24.019
3331 16455 40.4999
3332 6496 100.37
3332 6755 71.6265
3332 8230 61.6219
3332 11158 90.0473
3333 4322 67.4883
3333 5881 69.4371
3333 8314 31.237
3333 15068 30.6581
3334 7334 74.9411
3334 8614 65.8229
3334 9018 70.1998
3335 3405 44.3544
3335 10326 68.7327
3335 11003 73.3914
3335 13283 65.894
3336 5745 23.1035
3336 16604 30.1005
3337 9782 54.1237
3337 10322 60.6722
3337 11363 111.79
3338 13225 99.2932
3338 15933 78.3581
3339 4336 54.7002
3340 3431 63.112
3340 6323 85.7566
3340 9660 56.4877
3341 9228 40.9186
3341 10648 64.5906
3341 13633 41.6119
3342 6239 72.3205
3342 7881 17.9729
3342 12193 79.0952
3343 8514 33.7597
3343 11379 64.4215
3344 3866 67.6464
3344 9024 116.324
3345 3774 94.2545
3345 8798 68.5829
3345 12244 94.0515
3346 5225 16.981
3346 7456 43.7846
3346 8541 68.2066
3346 8883 98.4332
3346 12733 75.3315
3346 16698 42.257
3347 4087 68.7201
3347 13969 76.3529
3347 15849 9.81739
3348 8506 93.4352
3348 10498 71.5747
3348 12486 40.5292
3348 16633 47.6477
3348 16876 48.6057
3349 10013 73.191
3349 12669 63.0646
3349 13165 78.1253
3350 9593 35.0176
3350 14032 65.8013
3351 8255 15.5377
3351 14827 50.1283
3352 3718 39.6571
3352 10674 24.2133
3353 5469 72.5102
3353 8817 52.6782
3353 9686 80.2495
3353 12333 23.1697
3354 5239 122.684
3354 8633 61.7963
3354 10074 51.4246
3354 12205 63.1536
3355 3535 47.2223
3355 16014 69.9515
3356 6713 52.7513
3356 14938 60.8525
3357 13587 56.9283
3357 13804 81.1506
3358 15884 120.786
3358 16130 19.4043
3359 3679 104.179
3359 5764 70.2609
3359 6921 98.6372
3359 14663 106.052
3360 8271 68.1416
3360 14393 51.4534
3360 15110 80.0261
3361 8627 52.2563
3361 12416 7.78946
3361 14131 37.1199
3362 5082 5.5092
3362 7148 21.6531
3362 15737 66.6414
3363 4520 51.8617
3363 11926 91.5187
3364 3931 63.1776
3364 9549 50.2269
3364 15326 25.2653
3365 3939 73.3173
3365 10789 89.2116
3365 14658 24.6588
3366 3596 75.9734
3366 6984 53.9437
3367 11379 60.025
3367 15599 69.7291
3368 3839 71.3358
3368 7002 97.7084
3369 7315 29.6347
3370 9815 51.3427
3370 10711 58.2522
3371 6202 128.207
3371 12914 28.7764
3371 14918 85.8902
3372 12163 95.8865
3372 14041 78.3443
3372 16235 52.1989
3373 4970 49.411
3373 14805 56.1499
3373 15822 58.2289
3374 9860 55.2095
3374 11808 36.7038
3374 16935 77.2205
3375 3790 57.2526
3375 11998 74.0967
3375 15330 93.1322
3376 6153 26.3035
3376 7895 85.6741
3376 8902 58.9412
3377 4936 63.225
3377 13762 67.5943
3377 16444 114.373
3378 6148 26.6109
3378 6979 35.9834
3378 7644 72.9071
3378 16005 108.99
3379 4668 30.3305
3379 11046 73.0744
3379 16132 69.3654
3380 14903 69.6377
3381 4432 75.7696
3381 16697 39.1485
3381 16808 56.3959
3382 5166 89.3526
3382 8601 79.4369
3382 12078 123.937
3383 6416 82.2449
3383 11636 29.8965
3383 13272 49.6482
3383 14242 43.8955
3384 3818 66.5728
3384 12286 29.3262
3384 16505 62.2494
3385 3727 118.185
3385 9851 29.4232
3385 10243 104.449
3385 12873 130.621
3385 14854 44.5845
3385 15732 86.9827
3386 4731 102.279
3386 7610 23.757
3386 16299 66.1096
3387 10995 46.1854
3387 13157 37.4688
3387 14049 28.8579
3388 4637 45.8604
3388 9003 48.6411
3389 4125 175.133
3389 12056 90.6138
3389 16816 17.4297
3390 4790 83.4059
3390 5705 32.1199
3390 16894 50.5224
3391 11465 50.5898
3391 13955 108.859
3392 4969 28.9415
3392 5648 39.6221
3392 7136 54.497
3393 3629 53.5639
3393 12991 83.9625
3393 13358 50.0877
3393 16305 44.7355
3394 13222 102.102
3394 14275 67.9934
3395 13601 22.5016
3395 14107 81.9157
3396 6213 17.6585
3396 8847 47.2828
3397 6315 10.5884
3397 9870 25.6897
3397 13454 32.6993
3397 16581 54.2211
3398 6635 59.6986
3398 11376 85.7068
3398 12973 53.3276
3399 4447 85.9178
3399 6380 81.3984
3399 16529 117.576
3400 4909 33.0655
3400 7537 23.4748
3400 8522 54.5987
3400 14113 42.6574
3401 10847 54.8077
3401 11590 65.9486
3401 13850 48.6762
3401 14638 67.9049
3401 15621 40.0466
3402 6999 27.5823
3402 15476 6.08515
3402 16712 130.504
3403 3602 49.1677
3403 6885 4.09789
3403 8937 48.42
3404 11347 29.4593
3404 12494 65.4756
3404 16198 56.8422
3405 10326 12.9986
3405 11003 63.8335
3405 13283 53.671
3406 4197 18.1832
3406 10261 17.9698
3406 11528 42.6679
3406 16670 12.992
3407 7103 28.5308
3407 7109 54.7061
3407 11213 77.6188
3408 5690 83.8635
3408 10504 60.4269
3409 7858 37.0332
3409 10416 63.0986
3409 12798 65.3082
3409 15206 28.7812
3409 16790 84.9774
3410 11606 77.7704
3410 16033 39.5685
3411 10610 62.6333
3411 15408 20.7088
3412 5565 83.7457
3412 12331 35.6186
3412 15452 104.714
3413 4858 85.2606
3413 7054 94.5784
3413 11865 88.7925
3414 3475 4.51326
3414 9073 40.7026
3414 11216 43.6566
3414 13784 43.9997
3415 8436 62.4873
3415 9504 76.3011
3416 4421 108.919
3416 6404 99.6249
3416 16366 55.9527
3417 6280 74.2696
3418 8482 62.585
3418 10314 25.2705
3418 10849 72.9511
3419 10081 84.6211
3419 11656 114.146
3419 13693 82.0823
3420 4245 52.0201
3420 11838 49.8985
3420 12896 46.0114
3421 8841 61.4554
3421 9401 76.9561
3421 12878 91.5397
3421 13366 16.664
3421 14892 99.5825
3422 15109 87.4629
3422 15947 66.5362
3423 11396 27.2767
3423 16092 47.1737
3424 8779 74.5473
3424 14367 120.152
3424 16722 63.8897
3425 7879 39.4117
3425 9290 33.1548
3425 16145 63.9924
3426 4033 78.7954
3426 7593 60.4874
3426 13386 88.9458
3426 14839 64.3957
3427 6789 33.1713
3427 12544 25.6639
3428 15051 80.6838
3429 4529 70.241
3429 9822 59.6555
3429 12739 38.0541
3430 5402 53.6568
3430 5449 41.189
3430 7966 22.7533
3431 6323 39.2009
3432 4500 59.4866
3432 11486 39.2574
3432 11642 45.8028
3433 3828 62.2461
3433 8574 47.4322
3433 10887 60.3831
3433 13204 58.0472
3434 8430 55.9326
3434 9005 58.8711
3434 15831 68.433
3434 16361 15.3562
3435 6652 82.0592
3435 10739 74.0966
3435 13803 80.7054
3435 14727 98.1911
3436 3551 47.0316
3436 5338 73.1382
3437 6592 60.2928
3437 15852 46.6903
3438 8031 58.7398
3438 9457 13.4888
3438 13903 62.6916
3439 10797 70.2192
3440 6573 50.5113
3440 9682 72.5602
3441 7671 33.4595
3441 14238 55.577
3441 15810 100.037
3442 13841 35.6494
3443 5966 37.1835
3443 5979 46.7268
3443 15750 31.291
3444 4916 19.7019
3444 6027 60.0538
3444 11744 50.8336
3445 9380 37.0161
3445 15090 30.5053
3445 15444 117.434
3446 4906 58.7212
3446 6448 40.2853
3446 15309 37.3298
3447 10231 52.3971
3447 12008 84.5428
3447 15478 93.5468
3448 4895 44.5886
3448 8732 19.985
3448 15641 69.3765
3449 3652 71.5464
3449 3732 104.552
3449 9064 82.7177
3449 9464 74.3617
3449 14537 77.1454
3450 7748 61.6536
3450 10101 71.375
3450 13468 14.3071
3450 16545 30.6401
3451 7865 46.6595
3451 9814 21.6908
3451 12222 69.0586
3452 4225 45.5974
3452 12663 33.0574
3452 13746 46.7249
3452 14982 43.9735
3453 3757 53.237
3453 5756 42.1086
3453 7227 105.894
3453 14525 91.3483
3454 6438 74.3322
3454 15862 85.4654
3454 16143 37.5829
3455 6350 42.4401
3455 13264 39.4486
3455 15116 37.9387
3456 8760 64.9295
3456 10604 55.8022
3456 13175 88.8342
3457 4810 54.7267
3457 13653 25.6812
3457 16019 67.0869
3458 3943 56.5786
3458 6993 72.8458
3458 11163 77.994
3459 5789 97.5293
3459 14022 104.326
3459 14865 86.4524
3460 6883 20.3814
3460 10329 21.053
3460 11297 43.3089
3460 15600 95.735
3461 5237 48.7439
3461 6385 33.4848
3461 16148 31.5996
3462 8238 96.8185
3462 8766 92.3829
3463 9665 71.5177
3463 10971 76.1898
3463 13705 109.879
3464 9796 76.7196
3464 14161 61.7567
3465 12242 46.3497
3465 16684 55.8578
3466 7807 34.1919
3466 16061 71.8113
3466 17110 31.5509
3467 8004 49.6822
3467 13201 29.0106
3467 16598 67.7481
3468 6934 24.8968
3468 7946 47.1571
3468 15216 51.9564
3468 17119 51.3029
3469 6038 126.489
3469 6632 67.0071
3469 7864 106.096
3470 5634 91.1161
3470 6479 72.7696
3470 15490 83.365
3470 16881 48.7482
3471 3874 56.7717
3471 4975 49.0575
3472 8052 121.665
3472 14941 56.2442
3472 16293 57.1205
3473 10822 60.083
3473 11282 34.9949
3473 12444 86.912
3474 10145 79.2566
3474 12636 16.6038
3474 15472 62.4083
3475 9073 22.3146
3475 11216 77.2115
3476 8490 80.7896
3476 8662 66.3616
3476 10240 57.2876
3477 3556 15.6251
3477 5472 76.7991
3477 6361 62.3643
3478 3920 99.4813
3478 7012 59.3894
3479 10683 35.625
3479 11088 34.1338
3479 12672 69.6272
3479 13627 50.1493
3480 5599 201.37
3480 5740 166.784
3480 17042 162.551
3481 7729 70.8859
3481 16093 34.6761
3482 4080 100.157
3482 4229 40.6006
3482 5025 72.7178
3482 5560 43.3322
3482 12233 45.5312
3483 6365 51.9029
3483 9727 27.543
3484 16123 44.0016
3484 16736 29.4373
3485 9636 94.6689
3485 15847 66.1657
3485 15885 94.256
3486 6432 42.2414
3486 13130 100.74
3486 16045 135.309
3487 9167 81.5044
3487 10575 46.8159
3487 15854 64.3015
3488 7886 29.9196
3489 4234 78.2846
3489 7753 140.96
3489 16981 20.6022
3490 9772 78.9841
3490 11462 93.4342
3491 4265 53.9967
3491 7373 59.2921
3491 8286 54.9952
3491 15781 29.7083
3492 9807 37.1989
3492 13694 119.876
3492 14003 35.5836
3492 14933 52.3514
3493 5000 22.0314
3493 12632 78.4347
3493 13365 69.8106
3494 3906 45.0654
3494 6049 63.6798
3494 9801 42.9956
3494 12345 37.9588
3494 13620 22.1401
3495 6577 26.6807
3495 10110 56.8535
3495 16991 127.158
3496 5208 104
3496 6392 90.8047
3496 6943 30.2442
3497 9761 80.5114
3497 11783 28.2608
3497 12152 39.4205
3497 16038 111.396
3498 10610 30.7444
3498 10760 60.4989
3499 3972 8.93762
3500 4127 99.1167
3500 10129 94.2348
3500 14085 19.4415
3500 14755 53.3289
3501 11214 45.2579
3501 14566 21.6698
3501 14840 94.4537
3501 15275 76.9001
3502 7345 46.7185
3502 8315 16.2898
3502 14804 52.2114
3503 8794 33.1212
3503 9670 48.0344
3503 10394 52.7342
3503 10993 53.8316
3503 14066 86.6247
3504 4708 58.5784
3504 11698 58.2694
3504 14699 20.7398
3505 5021 78.1786
3505 6543 24.4659
3505 7726 90.1344
3506 6261 87.8091
3506 13369 17.6451
3507 5781 82.9021
3507 9454 75.7073
3508 7396 115.587
3508 14737 57.0044
3509 10330 56.6587
3509 16115 97.4454
3509 16129 52.6775
3510 6730 50.0766
3510 10869 60.3202
3511 5392 0.874876
3511 8153 59.78
3511 11206 71.5682
3512 4552 77.893
3512 6384 13.6302
3512 10505 47.396
3512 12689 46.7426
3513 5221 48.1404
3513 6245 35.9817
3513 6247 71.7388
3513 14252 88.7409
3514 4768 59.7708
3514 12397 94.5356
3515 9244 47.9465
3515 11718 87.9992
3515 13429 98.0725
3516 5856 7.91532
3516 6879 72.3615
3516 16279 46.7731
3517 6003 34.4828
3517 9522 112.624
3517 15007 44.6119
3518 5608 73.3541
3518 8045 106.933
3518 10583 67.4015
3518 16939 51.5871
3519 6283 71.7478
3519 8084 47.4605
3519 8238 44.7408
3520 5779 22.7806
3520 10587 54.4979
3520 10907 37.7679
3520 15576 64.3554
3520 16850 101.511
3521 11340 40.9634
3521 14880 11.1971
3521 15129 66.1967
3522 3777 63.4635
3522 6135 62.0379
3522 7268 39.6246
3522 7736 20.3142
3522 12049 63.1749
3523 7312 102.145
3523 14569 116.227
3524 6077 40.2725
3524 6574 98.9903
3524 11905 38.6528
3525 4462 30.9165
3525 10107 114.439
3526 5796 45.2991
3526 13136 54.6392
3526 17125 77.6988
3526 17080 48.8376
3527 5887 97.0084
3527 7199 42.8047
3527 13662 47.8494
3527 14698 40.8605
3528 7085 26.7372
3528 8556 18.228
3528 14139 23.8385
3528 14952 15.3129
3528 15623 90.24
3529 5929 83.8097
3529 12079 61.3186
3529 12878 77.9418
3529 14892 54.2883
3530 6694 58.9717
3531 9339 13.1873
3531 13425 47.5372
3531 15963 31.8071
3532 5203 70.285
3532 12646 125.563
3532 13332 102.763
3533 6426 70.1286
3533 10357 88.6811
3533 13164 52.3248
3533 13351 46.864
3534 3913 45.4766
3534 5921 120.065
3534 7389 94.7678
3535 16014 67.7822
3536 5474 23.2894
3536 5917 53.2587
3536 13279 36.2167
3537 3660 38.9941
3537 10246 18.7077
3537 14344 77.1388
3537 14674 77.2546
3538 4821 76.2417
3538 8268 31.6131
3538 11967 53.0362
3539 11787 132.181
3539 15695 66.188
3539 16499 45.0362
3540 3891 52.8759
3540 9524 58.5137
3540 10763 49.7806
3541 11511 61.5691
3541 14055 42.9105
3542 5540 112.031
3542 9245 2.29061
3543 14387 73.5252
3544 14811 97.8204
3544 16903 112.883
3545 4339 82.8109
3545 6572 62.4301
3545 10995 52.0655
3546 4354 117.951
3546 9764 26.998
3547 3550 74.3809
3547 13996 53.1255
3547 16490 48.373
3548 4679 16.4105
3548 12610 59.1668
3548 14722 59.7967
3549 12646 102.142
3549 12973 56.3252
3549 15574 67.424
3550 9206 91.1607
3550 13996 75.3065
3551 3739 53.4478
3551 5338 11.4649
3551 11315 30.822
3551 16986 31.3065
3552 5914 51.3855
3552 13008 28.422
3552 14942 87.3318
3553 6694 134.471
3554 9768 76.2224
3554 13813 95.8817
3554 15607 64.1077
3554 16465 68.1803
3555 11489 32.0413
3555 15393 24.3062
3556 5472 88.9653
3556 6361 65.7958
3557 3865 33.3932
3557 3937 61.6042
3557 5468 45.3733
3557 5799 74.9936
3557 10828 60.7386
3558 9363 65.1245
3558 11048 26.3473
3558 15082 57.8151
3558 16601 128.241
3559 7745 36.8862
3559 12504 82.7396
3560 9353 63.5074
3560 16561 85.9873
3561 9769 64.8969
3561 11630 105.993
3561 12851 52.9127
3562 3777 21.0246
3562 7736 77.3587
3562 11626 9.40985
3562 12101 82.0312
3562 14120 72.1985
3563 7474 57.1577
3563 8923 8.71832
3563 14507 31.8102
3564 3823 74.6341
3564 4038 73.5405
3564 5905 19.3947
3564 6853 11.1905
3564 16021 112.601
3565 11570 86.6811
3565 13272 88.5892
3565 16394 91.7239
3565 16660 21.3576
3566 5530 85.8569
3566 9198 38.8366
3566 14263 105.106
3567 7703 73.2501
3567 10981 69.6363
3567 13413 79.1792
3567 14452 64.7042
3568 4750 59.2752
3568 12665 24.4258
3568 14347 44.9323
3568 16507 52.0217
3569 4448 29.5247
3569 8197 46.972
3569 9515 122.026
3569 16950 55.3925
3570 6614 100.279
3570 8760 81.0929
3570 14305 18.8829
3571 6640 98.633
3571 7706 81.189
3571 12838 90.6611
3572 4488 44.3995
3572 8066 129.873
3573 6696 5.67818
3573 9607 89.763
3574 10572 19.2515
3574 14069 89.5338
3574 16582 81.4033
3575 4581 39.0622
3575 4860 59.9127
3575 6436 40.2966
3575 14716 111.045
3575 15553 69.252
3576 5212 93.6168
3576 5741 101.896
3576 8260 62.5741
3577 6381 61.2706
3577 7773 71.4996
3578 15126 74.463
3579 4857 126.238
3579 8474 87.8037
3579 8572 23.5793
3579 10607 8.74541
3580 3981 72.3896
3580 4010 33.5773
3580 11679 23.9851
3580 12438 100.923
3581 7616 59.2489
3581 11618 54.5247
3581 12332 116.067
3581 13669 75.6245
3582 8386 78.8698
3582 8840 117.006
3582 11255 96.5967
3582 12011 36.4937
3582 12327 86.8439
3582 16225 34.4263
3583 6922 46.3477
3583 7873 74.5119
3583 8066 42.1915
3583 9367 76.931
3584 6508 75.5009
3584 13484 108.397
3584 15487 66.9943
3585 7777 62.8166
3585 10733 33.1919
3585 15556 55.1618
3586 7324 70.6838
3586 8560 19.2744
3587 10041 34.6254
3587 10189 44.263
3587 13625 71.2126
3588 5167 28.5644
3588 13265 39.4029
3588 14758 26.4401
3588 16126 25.9471
3589 4208 25.0396
3589 12469 35.2134
3589 12862 85.1717
3590 5096 95.4573
3590 6420 64.7241
3590 8147 75.4655
3590 10093 50.498
3591 8157 87.5105
3591 14881 57.7033
3593 8036 71.5709
3593 12282 93.1896
3593 12368 78.4939
3594 5570 65.2853
3594 5944 108.37
3594 9541 81.5001
3595 6650 73.9965
3595 14802 60.8174
3596 9642 62.9415
3596 15936 46.1121
3597 4535 61.0146
3597 7110 70.9514
3597 12380 50.5822
3597 12543 22.8048
3597 13509 56.3644
3597 15003 57.2605
3598 5298 79.4849
3598 6488 71.8186
3599 11597 20.8996
3599 15779 63.1705
3599 15930 63.4616
3600 8886 48.7394
3601 8597 61.1166
3601 9714 62.3611
3601 14534 40.7465
3601 15734 58.4538
3602 5887 130.187
3602 6885 58.2757
3603 11227 64.8333
3603 16179 31.0274
3603 16216 35.404
3604 8029 26.1831
3604 8666 21.0194
3605 10397 44.4899
3605 14009 80.9189
3605 15778 13.6069
3606 6234 33.0235
3607 11043 70.1714
3607 11586 78.7967
3607 12167 62.4145
3607 14516 43.5716
3608 3632 43.7844
3608 11408 17.2567
3608 14542 64.4659
3608 15777 58.8768
3609 8762 35.762
3609 12646 129.816
3609 13769 47.95
3609 14555 93.6539
3610 14202 86.7364
3610 15699 100.385
3611 12703 64.4078
3611 13961 16.4154
3612 9457 87.0805
3612 12613 44.8318
3613 7809 33.0131
3613 11394 13.0775
3613 11455 52.9475
3614 12554 49.9995
3614 16393 23.3886
3615 4610 16.2057
3615 5355 32.2278
3615 6716 34.5175
3615 14755 53.2062
3616 7574 47.8301
3616 13559 112.295
3616 14872 42.1532
3617 5638 66.0369
3617 13406 52.0203
3617 15957 51.4802
3618 3749 59.4427
3618 7087 51.3538
3618 7502 33.4147
3618 16478 29.1927
3619 3971 92.677
3619 14717 42.1575
3619 15976 84.1523
3620 5748 26.9413
3620 8796 17.3116
3620 13791 39.1033
3621 3689 68.2942
3621 5279 39.9554
3621 8689 54.797
3622 4164 56.5128
3622 4940 45.8244
3622 6639 100.711
3623 12669 71.9837
3623 13165 76.0902
3623 15975 58.433
3624 6438 33.3211
3624 7555 35.3463
3624 13823 19.1428
3624 15862 77.891
3625 7847 28.2852
3625 7937 65.191
3625 13012 105.319
3625 14609 44.4296
3626 11757 38.8552
3627 10852 67.4218
3627 12929 75.8841
3627 16655 53.3528
3628 3943 75.6882
3628 4529 66.5118
3628 6993 59.4748
3629 4944 64.3453
3629 12372 45.201
3629 15537 15.5343
3629 16305 78.2775
3630 7732 62.3442
3630 7953 59.577
3630 13856 43.6571
3631 6229 49.7073
3631 8862 53.522
3631 9469 75.5642
3631 14239 62.4885
3631 14786 32.4839
3631 16326 87.42
3632 9955 80.4269
3632 12922 33.8973
3633 5164 52.7508
3633 9234 23.8574
3633 9995 53.0227
3633 13310 51.8294
3634 17147 42.0168
3635 12127 88.56
3635 13185 77.6627
3636 4760 36.553
3636 7540 86.9724
3636 12585 30.62
3637 4429 31.9299
3637 6977 45.5498
3638 13247 97.1433
3638 13754 57.9864
3639 7232 71.3425
3639 8821 38.8155
3639 15013 27.1376
3640 4958 32.4096
3640 8871 63.3323
3640 11746 15.3451
3640 16215 61.6687
3641 9744 75.1578
3641 14094 29.1465
3641 15630 62.4556
3641 16277 83.4987
3642 8639 41.0224
3642 13775 59.4372
3643 6269 19.6362
3643 6512 47.7323
3643 12984 46.7818
3644 5529 46.8074
3644 11593 119.58
3645 4571 47.7566
3645 9773 162.692
3645 14157 71.5565
3645 14572 60.6113
3645 16801 82.0333
3646 9516 88.0094
3646 15372 64.6966
3647 15512 123.684
3647 15887 118.212
3647 16437 88.8903
3648 5132 36.1827
3648 14416 53.3483
3648 16825 41.3444
3649 8067 62.8764
3649 8750 55.2683
3649 16134 45.8635
3650 5619 68.1842
3650 9979 97.5242
3651 4996 27.1778
3651 6630 31.6049
3651 14039 75.9203
3652 5237 127.267
3653 11267 79.5624
3653 11472 43.5791
3654 7729 58.2666
3654 8289 42.0954
3654 9137 42.887
3654 16093 49.6407
3655 11312 39.0641
3655 12398 108.792
3656 4260 44.0238
3656 10618 30.8425
3656 12990 48.9902
3657 9153 63.596
3657 14850 49.2992
3658 4709 90.126
3658 8982 14.2336
3658 10245 82.3933
3658 12183 149.683
3658 17001 89.5758
3659 8324 43.1962
3659 10901 17.2484
3660 10246 61.1635
3660 14674 30.3226
3661 7097 78.7102
3661 13253 63.5952
3662 4842 100.893
3662 8925 116.28
3662 11979 42.8038
3662 17115 30.437
3663 5397 47.9914
3663 13049 66.1723
3663 14419 60.537
3664 13566 44.5315
3664 13659 57.5266
3664 13796 38.8188
3664 14670 48.7891
3665 5261 67.9267
3665 7249 36.1898
3666 3882 98.5365
3666 12818 31.4815
3666 14216 37.0232
3667 8039 77.7246
3667 8284 122.077
3667 9907 53.369
3668 9517 72.8099
3668 10976 53.1173
3668 11281 87.1458
3669 4904 95.4233
3669 12707 29.9581
3670 3990 36.5038
3670 5411 39.3798
3671 7592 40.7525
3671 11690 60.9909
3671 13820 69.7805
3671 15636 70.7741
3672 4249 42.7206
3672 5964 37.6424
3673 6947 32.7414
3673 9570 61.3332
3673 15223 24.5917
3674 8265 59.7924
3674 16443 21.662
3675 4748 83.063
3675 11971 93.1078
3676 4985 128.234
3676 7157 124.575
3676 13257 139.395
3677 7829 39.3907
3677 10704 46.3066
3677 11948 70.1115
3677 12589 33.4969
3678 4769 27.2374
3678 12681 77.0115
3678 13819 40.683
3679 5764 44.7579
3679 14862 54.2028
3680 6626 57.9853
3680 8158 27.9603
3680 8211 13.6876
3681 4282 29.7479
3681 6599 63.0263
3681 13160 53.6734
3681 17024 57.5895
3682 8613 87.5139
3682 8850 28.328
3682 11631 43.2828
3683 6408 14.0095
3683 7330 51.1011
3683 13375 47.0355
3683 15128 72.986
3684 13508 67.469
3684 16365 29.7981
3684 16710 41.4363
3685 4068 35.6823
3685 6136 38.6053
3685 6700 91.7103
3685 9880 54.6665
3686 6710 47.098
3686 7426 60.4591
3686 14100 63.6375
3687 5374 105.506
3688 4335 79.0683
3688 7254 82.1158
3689 8689 27.0519
3689 9183 48.0217
3690 4733 84.5593
3690 7295 76.1519
3690 7368 97.4858
3691 12354 45.2395
3691 16735 62.5053
3692 4615 55.9374
3692 10972 64.6935
3692 13589 21.4803
3692 14217 53.6535
3693 4025 65.9009
3693 9117 62.4415
3693 15700 69.1241
3694 6492 87.2365
3694 9852 86.8014
3694 10564 30.3707
3694 13040 48.9273
3695 7943 46.4577
3695 11344 46.6311
3695 17082 28.7356
3696 7836 77.6786
3696 13261 89.8465
3696 14835 16.0385
3697 5274 85.2914
3697 14128 4.01914
3697 16570 42.5354
3698 7878 66.3572
3698 9295 49.7893
3699 3834 56.1449
3699 12009 68.8124
3699 12053 76.274
3700 4110 96.3522
3700 4446 73.8233
3700 11638 15.0961
3700 12932 31.0374
3700 16525 37.0416
3701 11530 86.625
3701 12933 20.8795
3701 16321 22.6192
3702 6717 59.7033
3702 12429 69.2354
3703 9903 41.6096
3703 10349 25.3275
3703 12915 63.6848
3704 5583 58.7983
3704 8051 88.5666
3704 9673 78.3931
3705 3831 69.2636
3705 5933 95.9418
3705 13678 25.4475
3706 5321 19.9865
3706 9404 57.7025
3706 10048 55.8382
3707 3794 61.4417
3707 4289 42.5367
3707 7129 87.4579
3707 15615 29.5463
3708 12176 79.9452
3708 13542 20.8118
3708 14783 16.9872
3709 5134 60.8895
3709 9134 52.018
3709 13760 27.9183
3710 8359 35.1591
3710 13995 71.2683
3710 15747 50.3443
3711 8516 18.6687
3711 9704 34.5378
3711 9792 68.5882
3712 4951 37.554
3712 5388 101.69
3712 8810 96.443
3713 11964 86.1262
3713 14241 77.8796
3714 5849 11.1864
3714 6714 11.7681
3715 5651 13.1981
3715 9101 55.8789
3715 10651 73.6986
3715 12569 75.3509
3716 11082 81.6762
3716 15022 107.643
3716 15998 71.9767
3716 16765 72.8665
3717 5260 165.689
3717 16662 42.7404
3718 10674 79.0571
3719 9934 34.7971
3719 10409 97.1246
3719 10549 47.8233
3720 11523 18.5675
3721 7071 50.2763
3721 7234 51.3493
3721 12661 53.8531
3722 11094 31.0266
3722 16180 9.75532
3722 16464 48.9321
3723 4594 11.2241
3723 6742 10.7084
3723 10496 44.7226
3723 14687 61.5653
3724 7791 44.0665
3724 8096 50.0117
3724 14834 33.528
3725 7990 70.3601
3725 16121 84.1392
3726 6517 34.9328
3726 8200 42.0066
3726 9121 76.217
3726 15821 31.92
3727 12873 5.10953
3727 15732 70.4554
3728 6113 91.1767
3728 6246 84.0593
3728 6579 43.4082
3728 14187 73.2239
3728 16828 19.962
3729 4458 76.0679
3729 4627 23.9915
3729 6265 150.569
3729 12339 18.1254
3730 4184 99.8686
3730 4650 87.6053
3730 6543 65.9041
3731 8328 50.656
3731 8701 88.3929
3731 9341 59.9295
3731 11404 59.939
3731 13811 42.0635
3731 14587 88.7097
3732 9464 81.3742
3732 13234 30.8012
3732 14537 84.5729
3733 3797 37.697
3733 10798 66.0892
3733 16237 42.4928
3734 7372 81.558
3734 16806 61.9292
3735 13726 49.7552
3735 14256 118.417
3735 16748 71.8815
3736 5884 24.7819
3736 8900 129.255
3736 10697 67.1255
3737 7826 48.1282
3737 8672 55.4966
3737 9988 68.7734
3738 10486 101.494
3738 11419 34.4595
3739 5338 58.5634
3739 10213 44.0186
3739 14501 90.2169
3740 5749 87.1768
3740 17174 53.6568
3741 6296 28.3796
3741 14017 109.782
3741 16583 99.8407
3742 8591 6.3859
3742 11648 42.5461
3742 16564 88.6296
3743 14814 103.077
3744 3960 70.587
3744 5462 75.1225
3744 8751 43.0369
3745 7069 59.98
3745 9378 38.997
3745 10403 47.1567
3745 11043 25.9404
3745 12167 61.3963
3746 5244 5.00504
3746 11840 43.2135
3746 13950 63.1877
3747 5919 39.7941
3747 11016 52.1678
3747 11906 49.0893
3747 12880 31.3724
3748 4605 39.1398
3748 9591 53.2743
3748 12272 40.9795
3749 7087 46.5665
3749 7502 29.47
3749 8250 55.4301
3750 6846 52.6502
3750 10679 65.3668
3750 12931 23.8878
3751 6452 62.269
3751 10876 46.7628
3752 7455 80.0786
3752 8124 64.8542
3752 13051 76.6103
3753 4049 55.6819
3753 7271 62.2645
3753 13558 90.6385
3754 8016 56.4807
3754 10298 21.628
3755 7907 61.7759
3755 8722 50.1748
3755 9460 43.1706
3755 12696 14.3227
3756 10868 69.605
3756 15699 91.7407
3757 5756 28.5658
3757 14525 33.6092
3758 11558 65.7727
3758 12813 66.8964
3758 15573 49.9174
3759 8893 34.2792
3759 12475 39.0128
3760 9316 56.6409
3760 12346 60.0584
3760 17100 50.202
3761 8088 29.4706
3761 9973 39.3152
3761 12161 28.3431
3761 13739 58.8702
3762 6454 116.301
3762 10979 42.4758
3762 11490 96.658
3762 15459 83.2365
3762 15736 44.5985
3763 8696 45.7781
3764 5472 100.243
3764 14770 99.3567
3765 9139 80.2168
3765 12309 42.5239
3766 4517 19.5113
3766 7521 14.2977
3766 13649 40.5201
3767 4064 80.5056
3767 6307 50.9154
3767 7355 27.6708
3767 14058 31.896
3767 16069 89.728
3768 5991 38.0239
3768 11901 42.4829
3769 5486 31.5989
3769 15554 26.5161
3770 7821 87.2187
3770 12067 63.2488
3770 13687 30.3697
3770 15314 30.8673
3771 3869 46.1628
3771 12089 76.7328
3771 14539 66.9129
3772 6271 36.831
3772 10117 29.6473
3772 12998 49.8651
3772 13817 78.834
3773 4171 11.0545
3773 4297 25.9397
3773 5744 41.4132
3773 15324 23.0192
3774 8798 15.9428
3774 16405 78.5051
3775 16173 76.8941
3775 16517 74.3045
3776 10130 55.6391
3776 11819 52.9876
3776 15417 62.3056
3776 15466 29.0151
3776 16053 40.0565
3777 7736 52.8184
3777 11626 28.1107
3778 4152 36.0958
3778 15216 50.7655
3779 5100 86.4086
3779 9458 63.3761
3780 6084 103.027
3780 7005 37.0884
3780 7601 74.3293
3780 14038 77.3624
3781 8069 49.8413
3781 14636 11.0978
3781 14697 34.8845
3782 5081 68.0104
3782 9744 63.6614
3783 4116 42.909
3783 7293 27.5698
3783 10646 31.5235
3783 16907 61.4985
3784 5941 27.8611
3784 8103 31.5649
3784 9765 35.3466
3784 14528 33.8261
3784 16540 20.8486
3785 5116 22.4124
3785 6464 82.1061
3785 6857 89.4958
3785 8415 32.0716
3785 13958 15.9538
3785 16717 24.7056
3786 5859 58.6617
3786 9396 29.2678
3786 14745 43.9351
3786 15464 21.5081
3787 10598 6.59494
3787 16438 20.529
3788 6897 100.3
3788 13536 60.1387
3788 15317 78.7588
3789 4558 17.3034
3789 8383 79.158
3789 11142 60.7778
3790 11041 47.4392
3790 11998 20.3389
3791 7261 46.5332
3791 10647 81.4706
3791 11844 58.6223
3791 12014 10.6884
3792 5406 106.924
3792 6545 112.203
3792 16066 37.318
3793 12463 50.4853
3793 16635 85.0411
3794 4289 45.3676
3794 15615 58.3772
3794 16689 86.7195
3795 6886 98.6546
3795 10556 78.0764
3795 13736 68.8501
3795 17026 71.483
3796 10473 113.444
3796 11516 98.1596
3796 16010 103.866
3797 4349 75.8783
3798 6205 120.934
3798 11478 112.945
3798 14178 91.8731
3799 12462 17.6902
3799 13450 34.0991
3800 5685 43.9413
3800 8035 64.2878
3800 9157 42.2204
3800 9193 22.0143
3801 10813 88.0913
3801 16357 31.6357
3802 12617 46.8704
3802 15081 23.6597
3803 7747 86.9663
3803 9747 39.9824
3803 15118 108.794
3803 16696 55.8645
3804 13921 48.6927
3804 14771 36.8768
3805 6162 66.7268
3805 6257 58.9191
3805 13459 98.0538
3806 4293 84.7645
3806 7345 81.6558
3807 5206 43.9871
3807 7489 44.9129
3807 12130 66.9499
3808 6569 53.9282
3808 6822 53.977
3808 9348 14.4101
3809 4828 20.3641
3809 6471 61.2744
3809 11375 99.3412
3810 4684 65.7881
3810 6968 14.8648
3810 12129 43.8599
3810 16160 19.866
3811 11401 26.1829
3811 16705 4.35391
3812 9780 112.307
3812 10793 51.7847
3813 3844 83.1341
3813 12344 46.1437
3814 7731 6.55463
3814 8435 47.2612
3814 14227 49.1974
3814 17071 31.5759
3815 4133 82.0712
3815 5267 65.8423
3815 7867 31.4948
3816 7269 116.618
3817 4991 60.095
3817 5012 66.5711
3817 6747 93.3942
3817 14443 83.485
3818 8070 97.7774
3819 8225 75.777
3819 9726 42.6482
3819 11569 33.1266
3819 12979 20.4917
3820 7420 25.8282
3820 12565 74.7581
3820 15237 25.9636
3821 5724 101.489
3821 5911 33.4492
3822 6379 93.8001
3822 7168 7.36577
3822 9581 23.5371
3822 15351 48.4001
3823 6853 84.0403
3823 8995 67.0118
3823 15069 39.1132
3823 16645 114.665
3824 5710 63.3263
3824 10740 66.6708
3824 11395 73.0116
3825 6256 68.6706
3825 8089 91.1836
3825 8446 52.9048
3825 8977 80.5303
3826 5126 23.2595
3826 14759 4.50969
3826 15729 38.419
3827 7687 74.6008
3827 11117 76.7814
3827 12102 7.99063
3827 16016 28.9556
3828 8574 110.995
3828 10887 109.402
3829 8756 67.6012
3829 9420 47.9603
3829 12676 28.2533
3830 8828 54.1531
3830 9502 52.254
3830 10541 52.2368
3831 5933 65.8868
3831 6520 65.2508
3831 13678 76.1817
3831 15660 94.0303
3832 4086 91.4287
3832 8635 120.732
3832 15509 43.0217
3833 3906 41.5397
3833 6049 58.3581
3833 12345 25.5432
3833 13302 44.3427
3834 5908 72.3402
3834 12053 41.7541
3835 6735 24.129
3835 7441 64.0696
3835 9813 34.3392
3836 5686 83.9772
3836 11362 57.934
3836 15807 64.8374
3837 5244 65.6037
3837 11264 67.172
3838 7635 73.3786
3838 12764 116.101
3839 11413 138.423
3839 13617 70.0638
3840 10195 60.3545
3840 11413 99.5477
3841 4132 169.592
3841 6018 57.4962
3842 8921 81.042
3842 10743 58.6432
3842 14020 95.8319
3843 4443 70.0706
3843 6783 55.6108
3843 14125 48.5856
3844 4466 57.3143
3844 16146 72.0383
3844 17149 102.277
3845 4195 81.5895
3845 12228 24.6256
3845 14101 58.1774
3846 8539 44.5824
3846 14119 63.6352
3847 4604 2.96261
3847 11432 107.993
3847 14995 111.586
3848 4652 90.4507
3848 12528 74.5587
3848 16682 49.702
3849 4460 65.2843
3849 5892 20.7407
3849 6560 26.5679
3849 9351 61.7534
3850 6813 9.41299
3850 9404 37.0529
3851 4256 41.6285
3851 13250 35.9218
3851 15572 54.5637
3852 5060 103.57
3852 6534 28.4288
3852 7169 57.7261
3853 8827 65.7266
3853 12789 45.3368
3854 11574 67.9556
3854 15176 134.025
3854 16542 50.8761
3855 9299 73.6789
3855 9653 63.6979
3855 11697 65.625
3855 14229 49.5841
3856 7497 43.4747
3856 10087 18.6952
3856 13512 51.4154
3857 10466 19.0161
3858 4078 40.6258
3858 10956 114.814
3858 14969 68.3911
3858 15486 63.4289
3859 6276 80.8595
3859 6551 52.6636
3859 6721 114.528
3859 9845 128.194
3860 7744 38.1821
3861 8957 84.4939
3861 14875 86.1994
3861 16003 150.555
3862 15433 64.451
3863 5364 40.087
3863 6783 20.1333
3863 10183 66.4506
3864 9468 84.386
3864 10245 75.4648
3865 5799 60.317
3865 14515 80.467
3866 6436 117.207
3866 14716 105.896
3867 8094 34.5673
3867 9858 70.7805
3867 14369 66.6353
3868 8304 36.2454
3868 10711 77.1683
3868 12036 63.8415
3869 12089 56.6941
3869 14539 76.7021
3870 5523 47.5556
3870 13929 55.8169
3870 14930 60.462
3871 6929 106.173
3871 11786 24.1841
3871 15725 41.1667
3872 10515 76.4773
3872 11637 77.3652
3873 9423 23.8816
3873 12731 61.5591
3873 13143 54.739
3874 6487 46.5757
3874 15143 52.7467
3875 7853 67.2673
3875 8813 77.6462
3875 17159 65.0992
3876 11261 62.7322
3876 13031 66.2804
3876 13434 108.658
3876 15385 58.3541
3877 6224 28.7571
3877 13042 23.6534
3877 13520 87.0067
3877 13539 35.7378
3878 6849 41.1345
3878 10148 104.265
3878 14573 100.738
3879 4584 22.1707
3879 7790 30.2137
3879 9856 55.1499
3880 7978 30.3533
3880 11695 61.1631
3880 12096 37.6082
3881 4743 94.9167
3881 8379 81.0173
3882 4039 78.0526
3882 9150 49.2369
3883 8929 44.3636
3883 9018 20.3064
3883 12245 45.5051
3883 15130 61.2841
3884 4236 82.464
3884 11841 33.2436
3884 16243 104.107
3885 7952 72.1793
3885 10233 80.5837
3886 13059 22.5317
3886 13548 66.1975
3886 14088 60.5683
3886 15773 56.381
3887 4241 106.301
3887 13557 47.6529
3888 6414 62.7605
3888 7529 42.2042
3888 12580 50.1881
3888 16265 42.036
3889 5436 62.9729
3889 12268 50.2007
3889 16474 73.5079
3890 6368 41.2346
3890 7788 61.5125
3890 15435 24.6322
3891 7759 62.4342
3891 10763 28.3923
3891 13525 42.9177
3891 16537 64.3467
3892 13578 68.4946
3892 14709 40.3861
3893 6589 91.2401
3893 6609 86.2338
3893 16612 76.7551
3894 4316 68.0231
3894 6344 17.6669
3894 10503 52.1324
3895 6778 19.3923
3895 7612 51.2107
3895 11496 80.4423
3896 9921 89.2403
3896 16024 56.4237
3897 9100 57.8723
3897 17151 77.0725
3898 14406 76.2598
3898 15833 65.0789
3898 16910 18.589
3899 6712 64.8654
3899 6748 22.1066
3899 11900 52.4915
3900 7645 89.3944
3900 10333 58.7405
3900 13667 78.9499
3901 6050 96.6405
3901 6940 100.556
3902 8126 70.5996
3902 8529 40.284
3902 16884 75.8624
3903 4205 47.2339
3903 4764 50.5625
3903 9240 74.9971
3904 8966 51.7174
3904 10018 48.383
3904 13132 82.8297
3905 4731 104.373
3905 14327 65.2996
3905 16214 111.753
3906 6049 42.5756
3906 12345 39.8856
3907 8752 84.498
3907 11993 29.2486
3907 13426 31.4889
3908 7303 90.1307
3908 12466 59.1348
3908 13903 10.0867
3909 11935 50.4241
3909 13133 61.7149
3909 13660 62.0177
3909 14634 103.599
3910 9931 70.3333
3911 4639 74.5974
3911 7190 11.5641
3911 8519 60.9594
3911 12292 18.2703
3912 5489 72.1556
3913 5921 111.119
3913 14994 48.9469
3914 6134 19.9214
3914 7890 47.1944
3914 10627 64.9972
3915 8065 83.8703
3915 13855 61.594
3915 15052 59.511
3916 9418 65.4182
3916 16140 108.352
3917 5997 91.1412
3917 10040 23.5327
3917 11834 17.3524
3918 6169 26.004
3918 7481 50.5749
3918 10001 62.6325
3919 8452 77.3
3919 8462 88.6563
3919 16051 69.6815
3920 6060 74.8178
3920 7012 33.0238
3921 10176 47.9781
3921 10279 10.6183
3921 14784 49.6632
3922 6471 39.3229
3922 11608 18.719
3922 13553 32.9862
3922 14289 36.1725
3923 11393 53.7029
3923 13349 43.049
3923 13412 59.8721
3924 10182 22.7016
3924 16671 24.1777
3925 8867 98.5645
3925 16181 86.8587
3925 16506 77.5851
3926 9651 57.855
3926 9731 32.3624
3926 15601 45.8259
3927 8621 82.4826
3927 11411 7.23901
3927 16747 88.3282
3927 16887 89.9705
3928 6771 10.632
3928 7322 55.586
3928 16653 27.2324
3929 5728 60.5476
3930 7311 86.6817
3930 14336 46.8769
3930 15281 77.6123
3930 16316 43.8457
3931 9549 32.5628
3931 13667 61.2258
3931 15326 29.9626
3932 4925 54.0506
3932 5236 42.6638
3932 9894 19.3722
3933 4258 36.6952
3933 7286 86.0011
3933 13622 45.4906
3933 13676 93.9981
3934 4496 91.7806
3934 4898 46.0761
3934 13992 49.162
3935 6417 35.3766
3935 8797 25.8827
3935 11050 30.4319
3936 12069 21.945
3936 14087 97.2919
3936 16862 73.446
3937 5799 44.3437
3937 10099 146.916
3937 10828 54.6605
3938 13565 126.07
3938 13789 61.6337
3938 17093 64.5616
3939 14658 56.0338
3940 12631 85.5951
3940 15337 108.851
3941 8583 64.4354
3941 15554 31.7124
3942 5943 64.4457
3942 9805 48.5261
3942 12023 44.6385
3942 16206 65.1171
3943 6993 28.4777
3944 7684 83.1591
3944 15631 78.705
3945 4442 76.1688
3945 11447 75.7354
3946 4089 48.0343
3946 5480 86.9088
3946 11708 57.8395
3946 16128 15.8278
3947 5760 23.9399
3947 5977 36.2048
3947 7704 44.073
3947 12716 50.2313
3947 15719 80.2078
3947 16839 54.1086
3948 10635 37.4016
3949 7873 142.461
3949 9367 80.3831
3950 5311 103.603
3950 5857 42.1112
3950 13054 75.0957
3950 14179 100.679
3951 9971 34.0929
3951 10454 16.5201
3951 12137 50.9129
3951 12198 28.4892
3952 9683 77.4732
3952 11903 55.8657
3953 8808 46.9138
3953 12613 49.1262
3953 13463 17.4747
3954 8262 35.5749
3954 13427 31.0868
3954 15567 39.9234
3954 15879 112.386
3954 16637 28.5706
3955 6301 62.5498
3955 14790 80.5937
3955 16151 13.2329
3956 9510 15.5473
3956 10215 38.9795
3957 6308 31.8754
3958 4096 84.831
3958 12854 77.9148
3958 15649 48.0977
3959 5526 45.8234
3959 7266 34.6425
3959 7653 46.1023
3959 13438 33.7793
3960 7741 63.2592
3960 8751 35.9784
3961 6292 80.7893
3961 7436 52.7537
3961 11397 48.954
3961 15043 50.1003
3962 13654 146.192
3962 16433 95.1408
3962 16781 31.1718
3963 15574 33.0485
3964 6745 129.135
3964 8549 85.6488
3964 15990 92.9645
3965 9024 93.4173
3965 12178 44.039
3966 5004 67.0698
3966 5576 33.2791
3966 13793 24.7017
3966 16323 24.4812
3967 6002 44.9309
3968 9875 47.4723
3968 13629 91.9683
3968 14837 73.5637
3968 16623 42.8674
3968 17102 55.2492
3969 7735 52.1553
3969 10043 87.0072
3969 12482 60.7914
3970 8820 59.0767
3970 15352 90.0782
3971 13022 29.9084
3971 15976 43.344
3972 14711 62.6702
3973 4075 76.6221
3973 4507 65.6696
3973 8391 99.952
3973 12163 52.6033
3974 5861 73.5598
3974 10545 75.6842
3974 13004 78.8308
3975 5284 52.4387
3975 14290 34.4469
3975 14298 12.5642
3976 8155 29.5222
3976 13576 83.0922
3977 10947 73.4859
3977 14565 57.0465
3978 9170 63.7744
3978 9360 78.3621
3978 10198 43.6157
3978 13707 49.4602
3979 4804 97.3833
3979 16345 51.215
3979 16791 139.521
3980 7365 90.4668
3980 10140 87.1068
3980 17008 23.3742
3981 4010 71.661
3981 6858 84.5968
3981 12232 92.3696
3982 14223 33.647
3982 16924 11.528
3983 4353 9.58255
3983 6684 64.4191
3983 13286 55.1617
3984 5604 66.3238
3984 8350 63.8231
3984 13538 22.7941
3984 16055 40.039
3985 5772 37.8315
3985 12742 74.5927
3985 15387 43.4465
3985 17045 85.7975
3986 4401 48.3878
3987 4802 86.3143
3988 15808 121.369
3989 6972 49.676
3990 15806 41.0666
3990 16694 46.4033
3991 4326 97.5125
3991 6214 93.0686
3991 11441 60.2242
3992 7433 40.661
3992 7746 52.2293
3992 8060 69.8952
3992 10974 9.1513
3992 11407 69.309
3992 13901 42.5953
3993 11470 86.1532
3993 12496 65.1538
3993 17127 113.274
3994 9302 21.8965
3994 11511 80.6495
3994 12068 64.6797
3995 5241 47.0605
3995 15844 53.9709
3996 4246 77.0551
3996 9219 66.7326
3996 11356 35.9175
3997 11101 40.4355
3997 16383 60.7163
3998 10558 58.5494
3998 10583 31.672
3998 11103 39.3804
3999 6779 60.5934
3999 8899 100.943
3999 11228 52.1617
3999 13445 25.0144
4000 5447 45.4403
4000 6078 25.9922
4000 12960 65.2159
4001 10259 70.6031
4001 15115 38.6219
4002 10687 79.0153
4002 14885 62.6766
4003 6938 93.6763
4003 17138 112.292
4004 4305 73.4148
4004 5017 66.4461
4004 15103 30.2078
4005 15246 61.5838
4006 10251 66.3112
4006 10317 65.0202
4006 10850 69.9918
4006 11098 65.2497
4006 12623 56.6819
4006 12969 36.9685
4007 4621 34.6284
4007 4884 67.2692
4007 9842 64.5251
4007 14808 76.746
4008 5325 82.5318
4008 9546 71.0017
4009 9224 53.304
4009 12934 99.0647
4010 6199 82.9402
4010 11679 57.8158
4011 15073 101.708
4012 4365 42.1017
4012 4925 68.0477
4013 6692 60.8561
4013 10477 47.4493
4013 11023 68.8574
4014 7709 96.2627
4014 9729 74.0247
4014 12867 50.3317
4014 16267 87.161
4015 10495 42.7319
4015 12983 84.1517
4015 13124 100.678
4016 5982 67.1645
4017 4999 61.5215
4017 6383 63.716
4017 6571 60.4167
4017 6608 22.432
4017 14694 70.8673
4018 8157 20.3055
4019 5157 111.153
4019 7929 14.1281
4019 10095 46.9347
4019 14701 63.0877
4020 6249 47.7809
4020 11847 70.7246
4020 14851 38.4836
4020 15979 21.7389
4021 11591 80.8803
4021 11868 44.3991
4022 5242 85.2853
4022 11095 39.574
4022 14729 64.3095
4023 4544 32.0642
4023 5891 94.3696
4023 6882 99.8773
4024 13757 54.6677
4024 13776 77.4073
4025 10246 52.8748
4025 14344 57.127
4026 13277 69.9705
4026 13636 82.7162
4026 15390 14.1934
4026 15679 86.9491
4026 16830 44.5282
4027 10361 97.9541
4027 13763 98.3997
4028 6059 29.0664
4028 12794 24.1054
4028 16596 22.7057
4029 11796 28.8862
4029 13956 47.9831
4029 16511 49.7208
4030 7433 43.9807
4030 16538 34.1632
4031 7420 81.3944
4031 8121 43.8636
4031 15803 58.4436
4032 13058 59.6682
4032 13349 101.053
4033 13386 84.3649
4034 5369 96.1984
4034 6957 31.5113
4034 7962 46.355
4034 8195 57.8893
4034 8943 84.2569
4035 6112 13.226
4035 11502 77.1068
4035 12283 44.6987
4036 4566 61.5396
4036 11996 89.5446
4036 16127 56.5768
4037 5440 68.6113
4037 11128 31.3902
4038 4398 63.6298
4038 5905 60.8504
4039 13037 65.4249
4040 8348 95.2018
4040 8890 71.3542
4040 12950 33.9067
4040 13533 50.0505
4040 16588 54.403
4041 4309 51.2799
4041 6333 38.977
4041 10369 51.2351
4041 15091 48.5548
4042 8206 102.568
4042 15360 103.88
4042 16869 96.2517
4043 11207 43.1219
4043 15059 37.258
4044 10342 17.3087
4044 13270 88.9612
4044 16920 55.6848
4045 11868 116.128
4045 14422 62.7713
4046 4750 26.37
4046 7264 24.5908
4047 5644 47.2946
4047 7139 67.2427
4048 4228 50.5678
4048 5105 33.3745
4048 11489 40.7585
4048 15549 78.6837
4049 7271 60.106
4049 11560 71.8826
4050 4718 52.8128
4050 7017 57.2337
4050 10321 73.8476
4051 12864 69.3098
4051 17174 78.2335
4052 5264 52.8225
4053 5247 28.3492
4053 16188 14.9485
4053 16729 33.2083
4054 4095 67.0153
4054 7370 74.5882
4054 8332 74.0311
4055 8731 87.391
4055 15528 80.5429
4056 9588 64.3416
4056 13280 68.3609
4056 13816 63.3077
4057 4510 67.1236
4057 8916 48.6437
4057 9118 62.1227
4057 16692 34.5605
4058 5901 38.4171
4058 7092 13.1343
4058 8000 31.4431
4059 11417 89.4258
4059 13240 53.4641
4060 5353 39.5534
4060 15147 48.696
4061 7091 44.3535
4061 10735 24.5498
4061 16267 18.9712
4062 11945 86.8958
4062 12446 86.1269
4062 12454 35.0009
4062 17173 117.735
4063 4098 48.8549
4063 5078 20.9274
4063 10708 61.4468
4063 15826 87.1085
4063 16815 91.7888
4064 6307 52.9333
4064 7355 49.6501
4065 7485 16.7168
4065 10713 31.9401
4065 12080 54.6249
4065 14665 46.0834
4066 6644 35.1244
4066 15161 76.87
4067 9237 31.4516
4067 12564 73.3299
4067 13539 107.341
4068 6136 57.6271
4068 6700 62.0602
4069 4861 29.0874
4069 6673 36.7532
4069 13834 25.3379
4069 14886 39.4997
4070 5787 17.3506
4070 12750 36.1879
4070 14184 118.613
4071 6582 32.0584
4071 13083 32.1483
4071 13924 31.7646
4072 7916 55.3404
4072 10072 60.6796
4072 11026 15.5565
4072 15548 41.2388
4072 16001 49.7645
4073 8347 66.6986
4073 10347 39.6474
4073 13485 50.5099
4074 4619 95.7988
4074 15892 62.7208
4074 16826 56.1562
4075 8391 23.5554
4075 8451 58.7561
4075 14041 139.809
4075 14502 25.9789
4076 10374 30.4289
4076 11815 55.6412
4077 5536 43.6728
4077 6270 26.668
4077 7447 47.4787
4077 14142 50.5771
4078 5427 51.6855
4078 10956 94.5621
4078 15486 32.3693
4079 4896 17.741
4079 11438 104.439
4079 11646 10.8176
4079 16526 41.7254
4080 4259 90.4083
4081 4397 44.5381
4081 14461 9.51413
4081 14723 68.0354
4082 7211 27.359
4083 4924 69.9069
4083 11887 68.5858
4083 12348 58.1545
4083 13368 117.062
4084 5674 55.5393
4084 11508 46.8764
4084 14451 17.3266
4085 15274 56.1822
4085 15768 48.2232
4085 16430 63.9956
4086 6628 102.25
4086 9803 77.8077
4087 15849 73.5444
4087 15949 109.432
4088 5245 41.0271
4088 6405 105.051
4088 10406 38.7818
4088 13794 64.4595
4088 15815 58.6387
4089 4638 86.686
4089 16128 36.8388
4090 8194 68.1117
4090 9251 81.2047
4090 9432 106.176
4090 16348 90.9852
4091 5123 3.43713
4091 9069 17.9487
4091 9453 28.8262
4092 11049 28.6994
4092 11975 16.047
4092 13896 89.7361
4093 8144 52.1286
4093 15168 42.7242
4094 6116 61.3879
4094 11831 35.0971
4095 4531 41.5128
4095 5683 72.0965
4095 7370 59.1963
4096 7764 52.5033
4096 16385 54.362
4097 5670 91.66
4097 11436 130.707
4097 14494 144.192
4098 5078 72.4362
4098 8056 21.657
4098 15826 25.1074
4099 12211 50.8713
4099 15062 90.8778
4100 15792 68.7659
4101 8235 35.5525
4101 12976 52.5575
4102 4983 38.947
4102 12453 40.4688
4102 13291 30.5019
4103 5384 54.8126
4103 5675 58.4273
4103 11021 36.4874
4104 8319 39.2099
4104 10905 53.6283
4104 16248 7.81652
4105 6494 62.9914
4105 6511 38.1041
4105 9065 55.9163
4106 10483 49.3797
4107 7132 20.7707
4107 9123 43.3577
4107 16197 59.7961
4108 6206 80.6779
4108 7111 53.5141
4108 12679 86.1302
4108 15796 40.8539
4109 4145 71.0928
4109 8390 85.1502
4109 14109 55.8057
4109 14740 65.6633
4110 11638 78.7061
4110 16525 73.8924
4111 4325 104.093
4111 10505 21.7604
4111 12689 31.203
4112 8171 111.135
4112 10128 85.1147
4112 13888 48.1011
4113 4153 73.2378
4113 8571 84.9123
4113 15547 49.2315
4114 8742 36.3228
4114 9843 17.1408
4114 12977 71.2427
4114 14161 28.4861
4114 15848 17.3177
4115 12105 57.2905
4115 16462 57.1988
4115 17088 110.362
4116 10646 35.6965
4116 12556 24.8852
4116 13386 68.9219
4117 9498 24.9373
4117 13431 60.6643
4118 9459 85.7191
4118 10806 91.7553
4118 12459 60.0742
4119 6699 75.382
4119 8727 27.6061
4119 13241 35.8852
4119 13462 39.984
4120 5231 76.9591
4120 8799 55.8852
4121 5189 73.8759
4121 6382 34.0674
4121 13395 47.6691
4121 16754 47.0034
4122 6843 19.0933
4122 7167 97.0406
4122 13102 31.7216
4123 7964 75.2539
4123 10155 23.4433
4124 13299 36.4991
4124 13878 22.9849
4124 16883 62.5789
4125 14260 107.292
4125 15235 63.1809
4125 16816 126.289
4126 7161 39.0704
4126 14295 71.0446
4127 10129 58.0551
4127 12652 85.5886
4127 14642 117.261
4128 6158 47.7216
4128 9336 29.655
4128 10627 90.9143
4129 8464 60.0877
4129 8691 74.0523
4129 16209 42.226
4130 5740 66.0033
4130 10136 50.6226
4130 12791 35.4966
4130 13414 5.08635
4131 6166 75.7762
4131 12396 98.5084
4131 12682 33.1229
4131 14301 116.378
4132 4387 112.477
4133 7867 46.7217
4133 15437 78.9619
4134 9599 115.131
4134 16471 72.9658
4134 16772 82.3848
4135 5031 66.9349
4135 8918 93.2453
4135 9482 101.783
4135 9855 122.896
4136 4532 43.4169
4136 11812 27.0044
4137 6795 58.9982
4137 12816 57.1816
4137 17018 62.3981
4138 14731 76.4904
4138 16866 57.8913
4139 7678 39.0514
4139 8204 91.9682
4140 6325 71.8463
4140 10598 62.6728
4141 6209 62.2822
4141 14422 78.8924
4141 14718 97.3146
4142 4186 71.8154
4142 6170 93.4698
4142 8372 47.5807
4142 12796 55.0903
4142 15356 51.2949
4143 11406 130.978
4143 16396 64.2441
4144 6764 41.4949
4144 11890 128.248
4144 16763 15.4843
4145 8390 91.7798
4145 16080 72.8798
4146 10525 59.3254
4146 14082 77.2989
4147 5657 26.5574
4147 8396 75.2337
4147 9312 51.4881
4147 10281 56.3129
4148 5942 58.504
4148 12877 66.754
4148 15326 38.8776
4149 7072 37.0572
4149 14320 82.0013
4149 15160 56.0221
4150 4185 100.403
4150 4927 13.2067
4150 7269 51.0789
4150 9959 74.9699
4151 8065 34.3695
4151 10464 78.359
4151 14935 72.7732
4152 7178 25.8836
4152 8804 34.3222
4153 8571 94.8261
4153 14553 64.2051
4153 15547 66.5332
4154 10996 71.2874
4154 11653 40.186
4154 13733 36.1336
4155 8024 43.7209
4155 11474 42.7981
4156 6190 72.4255
4156 12120 47.2804
4156 16838 32.6055
4157 11986 42.1257
4157 12784 66.2536
4157 15717 58.3439
4158 9901 64.0333
4158 10921 41.2822
4159 4820 63.0231
4159 8618 43.3674
4159 13774 90.3719
4160 11132 149.886
4160 16284 77.1444
4161 8715 54.0477
4161 9713 83.4083
4161 15436 93.0201
4162 8301 125.087
4162 13200 109.552
4162 17177 98.7941
4163 4570 42.7777
4163 9529 83.8492
4163 16096 79.6021
4164 4911 49.8273
4164 4940 47.4852
4164 6639 53.3768
4164 14831 21.2598
4164 16901 45.2489
4165 7362 56.6447
4165 9000 48.1154
4165 12142 55.7981
4166 5194 47.7782
4166 8817 31.296
4166 16396 47.8125
4167 9586 35.0123
4167 14279 59.7617
4168 6067 55.9127
4168 8038 71.8731
4168 9498 56.8991
4169 5888 41.9735
4169 9758 38.8343
4169 10036 42.7572
4169 16957 59.1932
4170 11151 20.4076
4170 11177 48.1863
4171 4297 43.5265
4171 5744 29.9212
4171 15324 31.6227
4172 7781 110.244
4172 14561 84.3549
4173 4683 26.9148
4173 8248 58.7701
4173 9308 56.5753
4173 13833 60.4849
4173 15495 129.777
4174 7910 43.6279
4174 8043 33.6989
4174 9699 32.0309
4175 5483 57.6565
4175 9427 65.1755
4175 12728 41.6171
4176 5917 31.6465
4176 12898 51.8876
4176 16242 47.0297
4177 8052 124.321
4177 10407 96.1429
4177 14625 36.8441
4177 16211 41.4902
4178 4505 28.3557
4178 14039 35.0572
4178 16863 18.8486
4179 6649 43.451
4179 12377 51.9664
4179 15908 50.3777
4180 4402 69.7174
4180 5569 23.41
4180 12016 50.8436
4180 16104 60.45
4181 8875 59.1388
4181 9087 66.6554
4182 7122 65.3366
4182 14353 73.3958
4182 14838 42.9882
4183 5655 131.304
4183 7256 83.7244
4183 8719 105.181
4183 12484 83.7641
4184 8864 69.9431
4184 9462 40.6335
4185 16066 78.1578
4186 6170 54.5914
4186 6364 67.0631
4186 8370 70.9424
4186 15356 61.3844
4187 6790 65.2201
4187 11536 24.8503
4187 12712 93.9523
4188 4710 16.0251
4189 4824 51.8895
4189 4932 16.5265
4189 6320 94.175
4189 9875 12.2929
4189 13629 90.4049
4190 13048 70.7309
4190 13353 106.879
4190 13398 142.637
4191 7310 69.5676
4191 8582 83.3136
4191 11962 36.3045
4192 7555 54.2598
4192 16598 61.6163
4193 15043 39.0738
4193 15828 47.3774
4194 7804 54.2376
4194 14971 80.2334
4195 14101 19.3755
4196 12164 34.8039
4196 14974 51.662
4196 15690 51.6343
4197 10261 13.15
4197 13917 22.6132
4198 9459 65.8347
4198 9598 53.8055
4198 13221 41.3208
4199 9924 5.26914
4199 12263 23.0587
4200 12314 95.7375
4200 13199 92.4493
4201 7025 96.9761
4201 7358 75.5995
4201 16098 31.5355
4202 16309 74.4372
4203 7053 56.1203
4203 7453 121.06
4203 14361 103.547
4204 9526 42.7494
4205 4764 117.778
4205 9240 59.6253
4206 7357 48.6393
4206 12051 34.057
4206 12741 31.2273
4207 7419 41.9901
4207 11583 68.9702
4207 12611 85.841
4208 10169 50.7293
4208 12469 48.0974
4209 6790 110.37
4209 9793 64.7247
4209 10578 41.6274
4209 11536 63.6519
4209 15797 45.8753
4210 13534 4.4916
4210 13810 72.1709
4211 9513 51.1939
4211 17160 84.0508
4212 9902 68.41
4212 10473 93.769
4212 15709 54.44
4213 6009 40.8117
4213 15433 73.4478
4213 16431 31.0553
4214 7889 46.0323
4214 10465 67.4821
4214 11440 78.9985
4214 14849 82.8506
4214 15525 54.9933
4215 7410 41.8552
4215 11871 31.0322
4215 14809 39.4955
4216 7283 105.773
4216 15232 59.58
4216 15753 52.0496
4217 11105 66.3386
4217 16432 77.4872
4218 6863 10.7499
4218 15559 72.2505
4218 16803 62.19
4219 8678 11.8283
4219 14747 84.5911
4220 10214 66.9646
4220 14493 58.0375
4220 16294 57.1058
4221 8860 77.632
4221 12606 50.7678
4222 5441 38.1794
4222 9109 108.682
4223 10669 36.0094
4223 15258 86.7695
4224 8650 63.9247
4224 12645 55.4887
4224 16098 79.2009
4225 7857 29.6416
4225 8011 69.4518
4226 4631 73.3116
4226 6929 103.002
4226 13380 49.6731
4226 16229 67.1902
4227 5065 48.4864
4227 9399 37.6615
4228 5105 19.8827
4228 11489 21.3666
4228 15393 30.8773
4228 15549 48.3708
4229 5560 24.5426
4229 12233 22.5907
4230 10588 44.2393
4230 16654 46.9347
4231 6615 77.6461
4231 10201 38.0656
4231 10920 64.005
4231 13384 103.181
4232 5857 78.5767
4232 8485 75.2678
4232 13335 41.4631
4233 6079 110.415
4233 6313 57.1987
4233 14430 41.2017
4234 8809 45.3379
4235 10824 52.9294
4235 13936 83.2513
4235 14721 80.9222
4236 7047 67.9097
4236 8874 52.058
4236 13114 84.2163
4237 8399 63.8978
4237 8483 29.9727
4237 9501 54.0468
4237 12892 80.472
4238 7442 32.7636
4238 7469 7.52589
4239 4368 60.4047
4239 16155 88.0502
4240 4913 128.448
4240 8711 61.4121
4240 12639 58.6427
4240 15282 78.5977
4241 8881 120.897
4241 12214 130.54
4242 4341 87.4413
4242 9187 46.6345
4242 10878 23.9119
4242 12430 74.5326
4242 12624 40.5524
4243 9572 52.0338
4243 11794 28.9977
4244 4677 26.8873
4244 8147 80.238
4244 10093 67.5983
4245 11778 28.4034
4245 11838 77.5262
4245 12896 56.6382
4245 13749 70.6131
4246 11356 43.2327
4247 5968 36.0382
4247 7218 9.6189
4247 15253 65.0559
4248 6525 93.4954
4248 15513 91.5152
4249 5964 26.1666
4250 8152 45.0846
4250 12710 31.4026
4251 7783 55.9508
4251 12761 137.087
4251 14646 56.1753
4252 5673 81.9729
4252 8179 38.9135
4252 9384 32.6704
4252 12966 46.1005
4253 9439 58.4743
4253 10150 65.147
4253 11522 50.1827
4254 11493 34.5765
4254 13748 19.8052
4254 15274 56.3252
4255 7435 44.3682
4255 10164 17.2441
4255 15658 79.8998
4256 7359 50.2951
4256 15572 41.7276
4257 5323 29.9216
4257 9252 18.3605
4257 9659 76.1235
4258 13622 103.326
4258 13676 32.7384
4259 12233 74.9186
4259 16132 38.6253
4260 8737 57.8357
4260 10618 37.378
4260 11939 175.978
4261 7019 60.6948
4261 12289 73.856
4261 14496 53.6048
4261 15196 82.3548
4261 15612 80.4584
4262 4992 69.8763
4262 9383 42.1473
4262 13268 102.841
4263 11678 35.0278
4263 12595 40.7941
4263 14036 44.4997
4264 5182 37.7349
4264 8061 39.9382
4264 12474 29.1064
4264 12557 53.8534
4265 5014 21.3266
4265 13215 73.6227
4265 15781 59.3401
4266 5780 2.70733
4266 5986 59.0927
4266 6581 41.845
4267 10970 44.793
4267 12498 33.1248
4268 13632 36.5972
4269 7162 44.5914
4269 8551 46.2836
4269 9277 55.7855
4269 9696 72.7317
4270 4676 52.9583
4270 10429 85.9239
4270 10623 50.8305
4270 16154 42.5999
4271 10935 87.3306
4271 11595 53.4678
4271 15207 42.1531
4271 16316 90.6938
4272 5701 39.031
4272 8716 60.6655
4272 8886 5.31803
4272 14605 29.3526
4273 9370 43.3279
4273 15154 36.5184
4274 6749 64.0304
4274 7165 16.1974
4274 13751 54.927
4275 4712 31.2388
4275 11097 42.7405
4275 16241 65.318
4276 8984 54.1717
4276 11104 78.3922
4276 13313 53.5432
4276 14748 50.6835
4277 12122 39.0443
4277 14556 35.925
4278 7337 76.8079
4278 8071 91.2324
4278 10282 70.456
4278 11583 83.7888
4279 6161 11.4416
4279 7414 10.8768
4279 11898 57.9318
4280 6686 67.9675
4280 14011 55.9451
4281 12084 108.158
4281 14732 59.859
4282 6599 77.3171
4282 12962 74.6584
4282 17024 28.3364
4283 5029 9.59262
4283 6315 72.0888
4283 12357 100.781
4283 13454 59.4547
4284 8973 52.9434
4285 5028 42.9822
4285 10810 18.521
4286 4492 16.8399
4286 14863 129.731
4287 10152 55.7309
4287 15856 102.614
4287 16865 45.8762
4288 7290 38.4888
4288 15762 82.374
4288 16400 78.1563
4289 10853 53.3173
4290 4412 57.8299
4290 8384 57.8565
4290 17095 33.2712
4291 7799 70.3192
4291 10892 47.7573
4291 12766 12.5155
4291 16177 33.5105
4292 10623 31.8823
4292 10628 8.68359
4292 16154 60.3919
4293 5918 62.4053
4293 7883 38.7817
4293 11061 43.9388
4294 5544 70.5764
4294 6895 69.3194
4294 7477 46.7964
4295 5815 117.607
4295 6226 103.527
4296 11625 87.3603
4296 13832 59.8172
4296 17111 138.508
4297 15324 4.65186
4297 15420 65.8234
4298 6963 77.5537
4298 7431 48.2545
4299 6818 64.2549
4299 13216 92.3365
4300 6444 43.039
4300 10255 76.4191
4300 12532 10.3097
4301 7709 68.1892
4301 8401 33.1693
4302 5683 48.6416
4302 5701 51.9412
4302 5954 67.2283
4302 13158 39.2179
4302 14077 49.2504
4303 4697 52.6047
4303 15305 53.9509
4304 5588 56.7894
4304 10355 30.9515
4304 12020 61.7572
4305 12282 98.894
4305 15103 116.698
4306 5278 57.2052
4306 7182 69.1867
4306 7382 42.7033
4306 13502 78.3929
4307 11176 66.1687
4307 11529 45.7539
4307 11938 38.61
4308 15744 70.8635
4309 10567 89.8984
4309 13282 65.2048
4309 15349 98.8934
4310 16439 47.6714
4311 4938 70.3253
4311 7587 55.5359
4311 16266 58.8971
4311 16528 129.863
4312 5055 50.3039
4312 6181 67.4635
4312 9142 37.1974
4313 8603 130.084
4313 11759 104.508
4313 13727 85.3851
4313 15323 72.1547
4314 7383 47.5753
4314 12898 48.8039
4314 15557 35.1123
4315 12239 81.9721
4315 12297 83.4247
4315 14243 59.305
4316 6344 53.9552
4317 4790 61.4571
4317 5308 74.969
4317 15129 65.8947
4318 7856 53.0536
4319 11917 84.1375
4319 14437 80.6847
4319 15496 86.6813
4320 5152 37.253
4320 7458 97.1781
4320 17052 59.2073
4321 7615 93.7811
4321 9736 70.9531
4321 12671 124.7
4322 5881 12.9432
4323 4332 52.169
4323 8418 74.1288
4324 6297 93.1757
4324 8115 68.3728
4324 9685 61.0848
4324 13918 61.0466
4325 7697 44.049
4325 12048 49.181
4326 6214 100.206
4326 7349 83.6797
4327 11605 70.8287
4327 11864 13.4857
4328 6423 35.3359
4328 14763 81.1913
4328 16012 23.7666
4329 9345 63.4983
4329 9819 58.1465
4329 16544 21.8515
4330 8882 90.4673
4330 11937 55.659
4331 13726 59.7897
4331 16748 108.78
4331 16775 70.3888
4332 8815 86.1624
4332 14244 97.8137
4333 7964 52.6807
4333 8190 72.7506
4333 9631 49.308
4333 9993 37.6503
4333 14276 69.2441
4334 9144 63.6947
4334 12338 72.6549
4334 12861 64.8739
4335 6868 28.5855
4335 7254 4.8606
4335 11453 43.4504
4337 9708 94.9559
4337 14375 57.9472
4337 16666 49.0684
4338 8244 52.9397
4338 9231 21.7462
4338 14562 16.5901
4338 14948 24.3101
4339 6572 72.6506
4339 9528 101.693
4340 12541 68.8017
4341 9187 70.4652
4341 12430 52.5361
4342 12777 72.37
4342 12982 81.5032
4343 4811 30.6232
4344 6989 39.4019
4344 7483 46.0139
4344 9037 5.73167
4344 12364 50.1107
4345 14212 87.4883
4345 14753 64.0688
4346 12257 98.3034
4346 14108 50.5955
4347 7830 89.9859
4347 7834 43.0648
4347 15060 41.2548
4347 17109 61.5707
4348 10562 19.5132
4348 13188 40.811
4348 14227 23.2094
4348 15820 69.4647
4349 13614 72.4505
4350 9991 48.621
4350 10680 36.6481
4350 14030 83.1325
4350 15522 13.9647
4351 5370 15.4437
4351 7548 44.0438
4351 16847 46.0627
4352 8442 24.388
4352 10550 68.2864
4352 11651 60.0019
4352 11721 19.4125
4352 13812 18.6826
4353 6684 71.1944
4353 13286 74.7503
4354 6297 122.024
4354 9764 109.139
4355 5343 61.0037
4355 11816 28.4952
4356 12423 94.7781
4356 13396 76.1445
4356 14045 44.2746
4356 14780 21.6762
4357 15768 144.338
4357 16430 86.7521
4358 12798 54.3563
4359 4812 65.4147
4359 6616 39.5954
4359 10508 49.3098
4359 11983 22.6161
4360 4888 76.5153
4360 7406 79.1149
4360 9607 52.8575
4360 9942 63.6466
4360 11923 64.983
4360 15503 49.6029
4361 11767 48.877
4361 13091 26.5828
4361 15855 9.57326
4362 7423 51.1662
4362 9540 32.5595
4363 6250 47.0338
4363 14266 69.8337
4364 5445 102.2
4364 6343 26.2049
4364 9086 17.8259
4364 16690 44.9143
4364 16786 88.5758
4365 4925 77.2137
4365 13563 85.4854
4366 11524 116.12
4367 6128 73.1496
4367 6273 72.8923
4367 7137 103.419
4367 14180 48.5986
4367 16162 70.4387
4367 17046 30.593
4368 8787 102.691
4368 16155 40.6854
4369 9922 74.8787
4369 12736 35.5154
4369 16994 58.631
4370 10105 13.1392
4370 11765 32.4045
4371 5814 85.4714
4371 10440 35.2231
4371 15950 70.9601
4372 7543 84.9017
4372 11549 51.7692
4373 5848 31.5426
4374 6259 66.5265
4374 13285 96.0159
4374 14303 27.1578
4374 16045 107.129
4374 16322 125.404
4375 7260 62.7543
4375 13565 64.2862
4375 13789 76.5571
4376 8005 66.6996
4376 9812 55.4384
4376 14817 110.028
4376 15847 58.4661
4377 5170 102.241
4377 6596 82.3793
4377 11846 75.9512
4377 12336 116.458
4378 6278 109.877
4378 12128 38.4498
4379 9332 17.2732
4379 13910 37.2243
4379 14803 42.6541
4379 16806 43.2831
4380 5216 54.0333
4380 5258 68.0546
4381 9775 34.582
4381 10851 20.9061
4382 4771 10.2146
4382 5268 48.996
4382 7995 67.4978
4382 8976 54.0007
4382 15738 9.82002
4383 9085 64.3506
4383 12135 41.1953
4383 14874 27.3436
4384 6553 73.2425
4384 10364 54.2479
4385 6372 48.7418
4385 10654 10.0902
4385 15173 50.8221
4385 16290 52.2487
4386 4519 54.9734
4386 4803 95.0113
4386 14949 19.4353
4386 15292 42.1007
4387 9827 48.4566
4387 12271 30.846
4388 6844 53.0589
4388 8517 44.2563
4388 15002 61.8047
4389 5855 10.8879
4389 12716 40.6083
4389 15368 44.4882
4390 5699 31.9209
4390 7303 71.3564
4390 11244 35.6177
4390 13268 121.902
4391 9090 61.3012
4391 9553 44.7511
4392 6768 35.2329
4392 12597 54.2811
4392 13137 59.726
4393 5379 33.2526
4393 5918 20.3333
4393 7573 50.2286
4394 4919 41.7401
4394 5758 53.2231
4395 6516 32.7898
4395 7088 38.6545
4395 14353 72.3461
4396 11421 97.9059
4396 13277 84.8474
4396 13467 47.3069
4397 14461 59.4126
4397 11774 41.2332
4398 14426 73.4134
4398 16274 66.4019
4399 6231 65.2838
4399 13761 47.4689
4399 14585 98.1526
4400 8945 25.5355
4400 12727 51.5056
4400 13499 32.1977
4401 14985 27.386
4402 12016 9.83687
4402 16104 25.7157
4403 8460 74.5327
4403 9728 105.841
4403 12439 60.0093
4404 10247 51.1593
4404 12635 88.2044
4405 4956 60.2672
4406 7650 47.7165
4406 8702 57.7581
4406 9884 64.9051
4406 10999 33.2643
4407 5366 143.71
4407 7986 49.6972
4407 8394 26.5587
4408 10221 91.4769
4408 13409 39.1833
4409 6533 92.9098
4409 10367 59.1056
4409 11773 66.6309
4409 15026 82.0821
4410 15492 104.856
4410 15716 11.4742
4410 17004 75.9828
4411 8081 38.1441
4411 13793 18.3077
4412 7602 46.5842
4412 9288 22.0903
4413 5458 43.5408
4413 9301 71.5364
4413 13615 13.5403
4413 16904 107.917
4414 8947 25.2197
4414 11769 28.0239
4414 15423 75.8518
4415 6422 70.9889
4415 12110 95.1146
4416 8681 63.7172
4416 11598 112.212
4417 9716 85.841
4417 12118 75.0642
4417 14626 68.0433
4418 7203 49.6754
4418 7332 64.9504
4418 12505 67.3168
4419 6884 74.3191
4419 11346 49.6709
4420 6310 17.4454
4420 9262 63.3764
4420 17107 27.1864
4421 9397 42.943
4421 9997 39.6745
4421 11252 46.9802
4422 11231 35.9379
4422 11282 90.6558
4422 11852 63.7031
4423 5556 45.4394
4423 15853 18.3957
4424 9106 55.5718
4424 13471 31.5153
4424 14065 9.60657
4424 16519 61.691
4425 5695 85.7177
4425 6033 48.2368
4425 7232 37.9113
4425 11825 4.0376
4426 5416 56.2979
4426 7171 61.6236
4426 13639 66.9562
4427 7925 62.7831
4427 9707 36.747
4427 10066 93.3014
4428 4884 61.6963
4428 9842 57.9808
4429 6977 14.1457
4430 7561 79.9608
4430 13674 44.7938
4431 9067 40.1903
4431 12386 22.1999
4431 14689 91.661
4431 15535 12.5398
4432 5587 23.5513
4432 16697 17.3075
4434 4980 65.1728
4434 5936 58.7675
4434 10523 90.6739
4435 11436 54.0652
4435 14824 81.2382
4436 4523 12.0058
4436 6373 75.5573
4436 7354 52.2268
4437 9022 94.8733
4437 9096 52.2368
4437 13981 104.215
4438 6529 102.733
4438 16342 24.1023
4439 5200 75.751
4439 11662 29.2934
4439 16797 77.6882
4440 8022 57.8907
4440 13167 19.7214
4440 14575 45.9866
4441 6040 131.229
4441 10444 24.1642
4442 11447 47.6096
4442 13702 42.4896
4443 6783 73.4239
4443 11095 58.9708
4443 14125 48.7464
4443 14729 29.3202
4444 12868 61.3747
4444 13369 44.5689
4444 14371 23.1746
4445 4772 37.7758
4445 4889 78.5554
4445 14564 135.986
4445 15786 38.9991
4446 11638 69.493
4446 12932 19.2208
4447 13489 98.6301
4447 14179 66.5471
4448 8197 26.5994
4448 15927 86.2581
4448 16950 71.2493
4449 6874 53.7379
4449 10512 55.7045
4450 10149 24.7661
4450 12296 143.056
4450 14341 12.8619
4451 4498 56.7311
4451 4606 57.8029
4451 10051 44.1509
4451 10885 57.2054
4451 14363 42.9854
4452 5394 57.2289
4452 7605 76.1698
4452 14111 98.8922
4452 15749 74.925
4453 10901 76.074
4454 4844 95.5649
4454 9668 145.064
4455 7406 91.8346
4455 9607 94.5875
4456 8746 57.0493
4457 5983 28.6733
4457 7064 78.1354
4457 16149 53.0488
4458 6216 32.9056
4458 9431 52.0328
4459 6963 48.8561
4459 13370 98.7171
4460 5892 91.8411
4460 6560 78.5534
4460 8356 80.6645
4461 7470 65.0623
4461 13342 45.0996
4461 15851 88.1461
4461 16451 50.6458
4462 10107 49.3826
4463 5086 66.5575
4463 6587 44.2603
4463 10319 63.7842
4464 7204 103.047
4464 10932 115.256
4464 12434 89.4318
4465 13328 87.212
4465 14943 39.7337
4466 16146 14.0934
4466 17149 39.8225
4467 14976 80.3459
4467 15190 55.7674
4468 8767 24.9049
4468 8919 15.6209
4468 13576 69.7439
4469 4672 42.9112
4469 8176 37.9646
4469 9191 63.5251
4469 9269 11.8559
4469 12964 58.5298
4470 9035 100.813
4470 13284 55.4181
4471 9110 57.3034
4471 13774 99.2101
4471 16428 42.6391
4472 5850 101.65
4472 10016 112.001
4472 12664 14.409
4473 8636 71.5514
4473 10328 52.8986
4473 12533 87.9703
4473 15900 98.786
4474 8404 12.9744
4474 10784 92.2614
4475 13554 44.8786
4475 15870 48.0239
4475 16211 95.5129
4476 4761 41.4061
4476 6043 37.0516
4476 7323 79.4377
4476 11863 35.8524
4477 7241 58.8119
4477 7906 76.3345
4477 16413 85.3793
4478 5484 20.098
4478 8819 25.1142
4479 4682 37.3143
4479 6240 0.429628
4479 12048 32.4688
4480 7774 90.0759
4480 15620 61.6932
4480 16008 96.057
4480 16102 66.1664
4481 12478 66.9353
4481 12592 29.1937
4481 13862 24.7951
4482 5546 33.6451
4482 9361 4.55611
4482 11320 59.6098
4483 11835 81.7189
4483 13551 95.8858
4483 14327 83.3665
4484 16675 115.128
4484 17070 85.5457
4485 7632 94.2689
4485 8534 97.9038
4486 5589 41.1095
4486 9929 79.8778
4486 10721 73.4755
4486 16232 70.6792
4486 16789 99.197
4487 16644 135.422
4488 10559 65.5832
4488 11588 110.81
4489 7563 30.7646
4489 8281 27.769
4489 10644 65.1041
4489 11122 57.0632
4490 5122 54.1332
4490 6802 91.7824
4490 9614 51.4932
4490 9932 82.3981
4491 10237 128.776
4492 14863 78.4948
4493 4499 51.186
4493 12775 70.576
4494 5719 86.4097
4494 6950 39.0748
4494 15899 47.8189
4495 4655 82.4556
4495 4834 74.8302
4495 5131 99.9157
4495 14894 42.5074
4496 8625 82.4953
4496 15241 64.2224
4496 15987 58.941
4497 8038 73.2467
4497 10418 116.563
4497 12072 89.0357
4498 4606 4.53131
4498 7781 28.1187
4498 10051 70.4747
4499 16848 45.4526
4500 8545 80.6419
4500 11642 56.7261
4500 12511 54.271
4501 4800 48.6672
4501 9177 26.1893
4501 10692 52.2931
4501 14495 92.3711
4502 8861 51.3578
4502 11409 85.4997
4502 14394 52.886
4502 17044 56.0785
4503 15259 80.9238
4503 16069 92.7008
4504 9829 38.8036
4504 11035 57.5523
4505 11187 23.5406
4505 16863 30.7226
4505 17105 56.6281
4506 6657 54.0644
4506 7345 30.3621
4506 14804 83.8762
4506 16442 36.0628
4507 8391 24.482
4507 14502 56.1382
4508 5731 28.0447
4508 12249 28.3378
4508 15853 67.9233
4509 13922 22.3481
4509 14682 67.5387
4510 8916 37.9057
4510 17068 70.6161
4511 6111 11.1485
4511 13712 70.9978
4512 12042 74.6753
4512 13127 59.4731
4513 5466 48.1733
4513 8711 65.5581
4513 12639 77.9098
4514 4864 60.5856
4514 6385 57.203
4514 16148 51.9923
4515 5294 86.7458
4515 10126 13.3791
4515 11940 64.118
4516 5600 13.0318
4516 8024 52.8067
4517 7521 2.89352
4517 13649 32.9441
4518 6932 91.4278
4518 11015 110.207
4518 16626 88.362
4519 9087 60.4366
4519 14949 31.1408
4519 15292 52.0808
4520 6046 55.3055
4520 11926 62.0194
4521 11879 60.734
4522 9757 66.0898
4522 14411 25.4631
4522 14681 114.908
4523 6373 51.5674
4523 7305 62.6711
4523 7354 43.3831
4524 5141 89.3045
4524 5750 105.119
4524 13090 61.2859
4525 11298 78.3917
4525 12944 126.951
4526 6475 83.9431
4526 7899 84.5229
4526 14448 60.8688
4527 5024 92.6706
4527 15357 38.1782
4527 16334 41.7348
4528 5519 38.934
4528 7337 52.7577
4528 10486 63.1488
4528 13829 106.785
4529 12739 47.1986
4530 13227 98.3745
4530 13594 55.0663
4530 15384 68.7364
4531 5683 5.77679
4531 13158 28.8197
4532 9509 110.525
4532 11812 39.8132
4533 4693 50.3096
4533 13673 45.7942
4533 14010 108.048
4534 5162 84.0202
4534 9751 87.9037
4534 12982 79.2203
4535 12543 54.7522
4535 13509 24.9918
4535 16977 86.8169
4536 7203 51.4342
4536 12505 102.2
4536 15378 15.7745
4537 5690 36.617
4537 6952 60.627
4537 7245 78.1717
4537 11849 78.2685
4538 5861 11.0817
4538 13004 65.908
4538 15252 71.478
4539 5252 21.95
4539 5981 77.2991
4539 11521 68.8389
4539 15911 81.2061
4540 7710 117.442
4540 13293 33.0972
4541 5124 103.461
4541 14376 31.3001
4542 5547 57.1841
4542 6236 70.5996
4542 16997 24.539
4543 4637 66.4297
4543 7837 99.8695
4543 9566 51.611
4544 5891 91.2493
4544 15025 78.0417
4545 12221 106.241
4546 5859 71.0031
4546 11348 110.832
4546 13061 70.486
4547 11731 52.4502
4547 14374 67.4463
4548 4986 38.6774
4548 8407 75.1018
4548 9286 64.8389
4548 13026 86.0821
4549 4610 80.7003
4549 13332 76.6489
4549 14755 76.4237
4550 7330 69.0927
4550 8985 48.7489
4550 14690 99.8603
4551 6329 8.9511
4551 12347 72.4601
4551 13207 43.4127
4552 6384 79.4086
4552 7409 105.241
4553 6879 121.187
4553 7690 121.884
4554 6692 62.908
4554 14644 32.9148
4554 15394 63.7812
4554 16787 81.0259
4555 10038 69.4273
4555 14206 5.90746
4555 15078 44.0623
4556 9254 75.0909
4556 14685 104.466
4556 15398 41.7224
4556 15423 34.6188
4557 8293 8.83296
4557 13972 22.9242
4558 11142 41.9691
4559 16723 25.6909
4559 17048 4.36722
4560 5423 43.9385
4560 14440 70.541
4561 8169 30.1533
4561 8641 25.9512
4561 16333 16.8064
4562 5152 35.232
4562 10460 80.1395
4562 12690 63.8186
4563 13406 120.821
4563 15741 117.305
4564 8675 43.1348
4564 10426 86.0042
4564 11144 35.9597
4565 9661 105.242
4565 14666 75.3379
4566 12516 39.757
4566 16127 9.39112
4567 4801 34.487
4567 12749 70.5288
4567 14846 51.0414
4567 15484 7.18526
4568 4836 52.9765
4568 12103 69.7603
4568 12320 69.0998
4569 5450 58.8241
4569 7200 68.1466
4570 7935 67.001
4570 9529 13.1985
4571 14157 61.5751
4571 14572 48.1369
4572 5489 85.3226
4572 9212 114.926
4572 9311 54.6422
4572 10946 51.1089
4573 5159 35.7056
4573 11995 22.6188
4573 14337 30.0434
4574 6018 100.734
4574 13424 44.2682
4574 15145 40.2664
4574 16368 50.6516
4575 8010 40.605
4575 14342 49.5072
4575 16002 42.7301
4576 9554 55.1628
4576 11131 29.9422
4576 14676 6.79489
4577 4892 61.2526
4577 10027 116.612
4577 12940 96.3352
4578 13111 39.736
4579 10074 100.461
4579 11649 105.989
4579 14878 51.3297
4580 10313 76.064
4581 4860 16.984
4581 7868 80.6001
4581 11803 93.1889
4581 13134 30.3677
4581 14999 101.221
4581 15553 35.0028
4582 5226 102.455
4582 5502 53.9924
4582 14324 102.367
4583 5774 51.4342
4583 6850 55.1561
4583 9575 18.1093
4584 7790 48.1249
4584 9856 37.0273
4585 12134 108.83
4585 12805 78.1521
4586 6181 49.566
4586 7061 84.5451
4586 7719 84.4141
4586 9142 64.5155
4586 16792 117.218
4587 12774 56.9135
4587 13788 128.741
4588 7733 99.5002
4588 9507 47.1871
4588 13340 116.128
4589 5764 67.729
4589 12124 60.7006
4589 14862 31.7591
4590 9014 78.5274
4590 10144 27.8478
4590 11561 127.415
4591 15280 58.5034
4592 7041 49.24
4592 7058 72.5913
4592 17127 143.332
4593 5281 68.3498
4593 9630 13.4751
4593 10665 75.2356
4594 5890 50.632
4594 6742 10.1698
4594 10496 72.4449
4595 7670 21.0786
4595 8027 72.5208
4595 16076 21.1959
4596 9371 49.6379
4597 8870 50.6835
4597 9122 67.5706
4597 9326 70.6805
4598 7201 47.6512
4598 8740 27.0057
4598 12052 37.2484
4598 16873 80.149
4599 6707 83.0877
4599 7089 26.6941
4599 8631 54.2796
4600 9898 64.7747
4600 14273 6.81027
4601 7093 24.8535
4601 9131 41.9148
4601 15180 66.294
4602 8253 37.8313
4602 9652 33.793
4603 6974 55.8171
4603 15878 54.5547
4603 16398 81.4699
4604 11432 105.743
4604 14995 103.911
4605 8499 35.4552
4605 12272 24.7548
4606 7781 17.8623
4606 10051 74.1877
4606 14363 38.1346
4607 6822 58.2584
4607 7863 92.6708
4608 6086 19.876
4608 14743 94.4665
4609 4924 102.865
4609 7092 132.463
4609 13368 30.7445
4610 5355 37.2472
4610 6716 49.3144
4610 14755 48.3304
4611 10771 85.3061
4611 10817 52.399
4611 15694 68.6574
4612 5645 48.0523
4612 8802 16.2597
4612 10436 78.941
4613 5334 42.6985
4613 5490 53.7671
4613 7542 32.8706
4613 13645 52.6648
4614 10690 28.3032
4615 7062 31.9191
4615 13589 38.2867
4615 14217 64.7382
4616 9895 116.371
4616 12159 93.0172
4617 7677 31.5911
4617 10018 43.767
4617 12848 26.0113
4618 6025 43.3824
4618 7387 109.454
4618 7657 41.4255
4618 13920 10.3002
4618 15928 61.9233
4619 4720 47.1698
4619 4987 43.3326
4619 12942 52.3344
4619 16826 108.173
4620 6927 92.0536
4620 8330 82.252
4620 11540 76.3333
4620 14269 77.5151
4620 14664 69.6172
4621 10267 52.6045
4621 10398 61.3761
4621 14808 57.3904
4622 14751 46.0282
4623 4838 82.0168
4623 8734 71.2543
4623 16311 63.8634
4623 17074 3.84346
4624 10863 18.609
4624 11188 41.7689
4624 12637 27.7342
4625 14204 58.988
4625 14639 70.7615
4625 15164 94.7682
4626 6195 45.9519
4626 7941 68.7171
4627 7519 50.9584
4627 12339 10.8954
4628 12552 31.8788
4628 15665 76.7246
4629 8320 69.6376
4629 15227 34.7591
4629 15962 31.2697
4630 7628 12.9348
4630 16937 65.3733
4631 9098 30.6954
4631 14440 24.2027
4631 16229 53.4856
4632 9156 51.2427
4632 17018 71.1556
4633 14394 41.5737
4633 15404 44.8033
4633 15450 26.3281
4634 5718 29.554
4634 6780 48.3658
4634 17005 61.0904
4635 9274 29.3045
4635 14114 28.7651
4635 15004 66.8436
4636 5902 16.2958
4636 11589 94.0524
4636 11755 90.8872
4637 9003 43.0825
4638 9104 58.8705
4638 16351 58.3621
4639 8519 29.8141
4639 12292 59.1318
4639 15789 35.5677
4640 6380 44.7975
4640 16530 109.135
4641 6849 49.719
4641 8592 88.5428
4641 9897 77.2784
4641 16923 80.6434
4642 4886 67.2947
4642 8679 63.0209
4642 16273 29.2973
4643 4734 79.6699
4643 6415 61.18
4643 7540 58.479
4643 10989 80.3397
4643 11372 83.5526
4644 12765 30.7005
4644 13302 31.0714
4644 17155 51.4017
4645 5010 39.5666
4645 9246 91.7776
4645 9934 37.3589
4646 5927 71.8001
4646 6654 64.6025
4646 9647 48.3205
4647 7579 77.573
4647 12675 37.097
4647 13964 58.0551
4647 16776 38.8613
4648 7296 117.995
4648 15530 23.5173
4649 6734 13.6135
4649 10910 99.4733
4649 14652 44.6839
4650 5021 92.9818
4650 11986 43.2899
4651 7328 45.5872
4651 12429 44.8068
4651 16574 90.4214
4653 5098 18.0394
4653 9991 63.3673
4653 15522 81.4644
4654 7630 49.9434
4654 11755 38.5762
4654 16921 55.2715
4655 9387 27.9561
4655 14894 36.4509
4656 8340 45.2073
4656 15502 33.6011
4657 14514 66.8313
4658 4867 51.1406
4658 6662 41.2077
4658 11402 41.8524
4659 9941 95.5111
4659 11736 48.0275
4659 12109 83.2225
4659 13861 38.5937
4660 5659 58.951
4660 13974 44.73
4660 16153 58.3887
4661 11571 104.004
4661 13133 73.5638
4661 16020 23.5583
4662 4674 43.4101
4662 7588 119.484
4662 11898 53.9403
4662 13359 67.1243
4663 5888 59.5638
4663 6419 100.725
4663 14106 35.3872
4663 16957 58.1769
4664 6591 81.4841
4664 14550 55.4722
4665 4685 8.47935
4665 7911 41.1899
4665 9350 62.292
4666 9659 45.9366
4666 16829 59.7057
4667 5259 74.6205
4667 12936 39.8082
4669 10238 48.2867
4670 7681 90.5275
4670 12227 39.4443
4671 9353 61.2152
4671 10482 58.3483
4672 10965 51.0031
4673 6458 43.1335
4673 15518 73.7709
4674 13359 24.1911
4675 5426 46.4611
4675 16691 24.8491
4676 6482 35.0852
4676 10623 75.7813
4677 8147 98.0095
4677 10093 67.7861
4678 8738 91.8321
4678 16004 12.4063
4679 11859 138.158
4679 12610 89.2201
4679 14722 66.9289
4680 4694 24.8657
4680 7893 61.3354
4680 10277 26.0749
4680 14482 14.4033
4680 14713 45.3761
4681 6080 70.2823
4681 14840 110.659
4682 6240 34.3036
4682 13218 90.9852
4683 10867 53.5263
4683 13833 25.7871
4684 16160 55.2466
4685 7911 72.4871
4685 9350 66.1983
4685 13839 94.1732
4685 16676 79.5513
4686 4822 127.956
4686 12304 86.6512
4686 14886 110.828
4687 8986 54.4788
4688 4882 38.0197
4688 7162 28.8356
4688 8551 13.5901
4689 10793 104.38
4689 12405 48.5742
4689 16981 81.0496
4690 13325 70.0278
4690 15698 58.1286
4690 16944 35.5766
4691 4838 76.8983
4691 15528 62.5751
4691 15721 120.385
4692 5435 56.4332
4692 7564 46.3058
4692 7671 62.2363
4692 17056 69.5358
4693 13673 28.5039
4693 14010 101.417
4694 10277 6.46916
4694 14482 30.5897
4694 14713 64.0968
4695 4816 67.0884
4695 6287 30.2116
4696 9305 103.504
4696 12934 11.5584
4696 12965 115.023
4697 9654 17.525
4697 10295 27.0864
4697 11784 17.3523
4697 15305 37.7919
4698 4823 40.5119
4698 8498 55.1613
4698 9293 23.6705
4698 12730 100.865
4699 10884 30.4999
4699 13758 44.6034
4699 14194 66.8243
4700 7145 22.3699
4700 7191 60.2411
4701 7531 57.0825
4701 11079 67.3124
4701 12630 15.7593
4701 13108 64.4349
4702 8034 89.7362
4702 12485 50.5938
4703 13408 120.914
4703 14392 93.9555
4703 16192 119.013
4704 4937 138.926
4704 5520 45.2295
4704 14008 124.138
4705 5358 51.6315
4705 13209 24.0669
4705 14781 52.3698
4706 9171 44.3093
4706 14246 56.421
4706 16202 58.0938
4707 5350 142.923
4707 13025 56.261
4708 15629 78.5408
4709 7178 58.9295
4709 8804 55.4986
4709 8982 118.737
4709 10245 47.4101
4711 5976 44.3803
4711 10994 18.5337
4711 15866 30.4406
4712 4901 57.3536
4712 6453 88.5228
4712 11097 51.8924
4713 10803 73.4422
4713 11164 90.6419
4713 14159 99.3382
4713 16219 65.8377
4714 5488 58.8588
4714 6089 80.1347
4714 6711 36.2079
4714 11924 32.1083
4714 15411 23.4219
4715 5235 75.8389
4715 7045 61.7373
4715 14993 47.1936
4716 5243 68.6653
4716 6126 27.1195
4716 9584 64.7942
4716 14026 58.639
4717 7516 19.9884
4717 14597 63.2749
4718 5361 74.4237
4719 11284 90.6675
4719 12150 29.4649
4719 13182 98.7889
4719 15135 104.564
4720 5649 21.5008
4720 7951 40.037
4720 12942 43.4356
4720 15388 35.9835
4721 5073 49.7988
4721 10469 37.5357
4721 10950 15.8736
4721 11169 77.732
4722 9470 83.6032
4722 9511 41.4559
4722 10461 112.065
4722 10668 61.6028
4723 9322 38.2172
4723 11382 126.022
4723 13226 66.4358
4723 13704 21.709
4724 6263 88.8338
4724 14081 129.953
4725 10127 34.268
4725 10838 37.3542
4725 11577 32.1136
4726 6658 39.0225
4726 9941 81.255
4726 16515 12.4308
4727 6356 64.1269
4727 8095 92.7158
4727 9967 51.1524
4728 11823 56.0282
4728 16026 51.0726
4729 7071 13.7982
4729 7234 14.5608
4729 10951 100.34
4729 11100 78.7
4729 15247 43.6474
4730 7546 71.1834
4730 10712 82.2093
4730 15270 94.5244
4730 16577 59.7834
4731 7610 61.8899
4732 9189 31.3312
4732 16464 108.76
4732 17154 106.605
4733 7295 77.3493
4733 7368 46.9309
4733 11460 33.3701
4733 12685 62.9082
4734 6415 45.0355
4734 11372 67.0258
4735 5451 52.8203
4735 6235 44.7769
4735 15271 39.133
4735 17153 24.9491
4736 10123 44.4762
4736 11525 55.0335
4736 11694 49.2488
4736 15793 24.1986
4737 11123 83.3485
4737 13853 44.1253
4738 6763 89.3715
4738 11745 67.9677
4738 15810 47.9847
4739 10042 37.8022
4739 13119 59.0018
4739 14490 49.3644
4740 9925 57.9146
4740 9984 98.4925
4740 12280 28.4918
4741 5625 74.0598
4741 10927 67.8741
4741 11681 36.6912
4741 16749 57.1657
4742 5186 11.9222
4742 12426 26.582
4743 5158 59.3651
4743 8379 103.956
4743 9015 83.8139
4743 13899 47.9891
4744 5594 51.2057
4744 9426 81.0272
4745 16884 27.2675
4746 6285 39.0107
4746 7192 22.451
4746 8291 92.9033
4746 12283 105.548
4747 5598 88.7099
4747 6371 57.6925
4747 8395 75.1499
4747 12194 55.1803
4747 14259 85.0536
4748 9956 83.0986
4748 13513 51.2966
4748 15672 102.963
4749 11883 48.432
4749 12581 65.959
4749 13457 94.5468
4750 7264 17.4268
4750 12665 40.137
4751 5062 44.7774
4751 14953 26.0375
4751 15686 55.6196
4752 13473 55.0105
4752 16668 64.6492
4753 14150 48.056
4754 5537 41.0452
4754 6188 48.0583
4754 13494 44.19
4755 5294 108.14
4755 8680 84.5827
4755 10008 91.0127
4756 8861 74.3695
4756 15404 83.4599
4757 5576 76.061
4757 5663 42.5491
4757 6822 81.9642
4758 8113 66.101
4758 9878 75.6952
4758 10746 61.2948
4759 8548 66.8334
4759 14170 66.6014
4759 14928 61.5005
4760 12585 50.2189
4761 6043 44.6202
4762 15922 50.219
4762 16656 48.2539
4763 6223 74.527
4763 11523 105.447
4763 13854 29.1822
4764 6547 48.7238
4764 14653 70.1661
4765 10647 92.6625
4765 14717 59.9635
4766 9034 49.2989
4766 11078 77.4859
4766 14093 59.0692
4767 4842 57.2084
4767 9039 63.5083
4767 13428 90.1693
4768 5267 79.2571
4768 7728 56.4369
4768 16718 73.0297
4769 8599 55.1827
4769 11826 47.9151
4769 12681 71.7553
4770 11070 26.9714
4770 11279 37.5219
4771 8976 56.2194
4771 12155 51.1016
4771 15738 24.4043
4772 4889 55.243
4772 15786 37.4968
4773 6155 4.2456
4773 8735 69.9428
4774 4935 45.2625
4774 12594 26.5339
4775 11079 72.8598
4775 12534 75.5227
4775 14051 40.5186
4776 5217 36.0569
4776 6693 46.4876
4776 7936 84.492
4776 12640 30.2102
4777 6562 38.0429
4777 8475 48.7517
4777 11599 29.8218
4777 16793 80.1908
4778 5941 117.474
4778 15221 89.0943
4778 15624 63.908
4778 16540 83.8156
4780 5777 66.0639
4780 5990 43.2488
4780 6796 41.9768
4780 17076 56.8913
4781 8640 52.5304
4781 9547 40.7263
4781 12247 12.9238
4781 12627 17.5594
4782 7033 16.2055
4782 12697 45.4668
4782 16621 49.3875
4783 13569 23.7246
4783 16817 59.2332
4784 11172 11.0432
4784 11344 55.2176
4784 11572 28.8512
4785 8019 92.4627
4785 9954 39.2957
4786 7262 93.937
4786 13994 61.7834
4786 14911 51.0048
4786 15404 65.0308
4787 8598 101.574
4787 11368 58.4173
4787 16735 60.9558
4788 9564 65.3561
4789 9197 108.873
4789 13183 82.7923
4790 15703 101.929
4790 16894 60.7723
4791 8734 31.0028
4791 11665 68.9873
4792 5416 142.45
4792 5579 61.8513
4792 7977 16.2187
4793 5730 59.9404
4793 11390 25.3238
4794 5406 50.0448
4794 6545 56.4599
4795 8099 31.0803
4795 8160 50.5479
4795 15506 47.089
4795 15970 56.9428
4796 5393 86.1309
4796 9346 58.6878
4796 10634 88.3248
4796 11515 21.7734
4797 11814 65.8877
4798 6683 23.1934
4798 11234 95.8661
4799 6912 52.4597
4799 16535 31.5517
4799 16558 64.7862
4799 17104 56.6373
4800 9177 51.2759
4800 15552 32.621
4801 5987 98.8611
4801 13630 60.2147
4801 15484 48.6975
4802 9045 64.8739
4802 11019 43.5343
4802 12253 74.6586
4802 16767 76.9157
4803 6071 74.7269
4804 10729 53.9959
4804 16345 57.212
4805 7298 79.591
4805 13318 66.5363
4805 15814 68.1652
4806 15844 61.4913
4806 15944 28.3214
4806 16356 29.7713
4807 6194 69.5773
4807 17134 28.7085
4808 6842 45.1048
4808 13301 34.978
4808 16932 90.2378
4809 9836 32.9885
4809 10112 60.3362
4809 12467 63.3243
4809 13176 44.2969
4810 5613 65.6723
4810 13653 40.7397
4812 6220 107.555
4812 6956 69.4375
4812 11983 99.8294
4812 14338 82.7592
4813 8188 112.809
4813 10263 66.1663
4813 11838 64.9107
4813 15085 37.8982
4814 10216 59.1093
4814 11612 56.1217
4814 14339 25.1857
4814 15640 61.729
4815 5583 72.3366
4815 6431 37.6862
4816 6287 97.465
4816 7170 120.634
4817 6017 45.8924
4817 9414 50.6747
4817 15266 73.5719
4818 5018 56.3372
4819 5077 55.0931
4819 13480 14.2317
4820 9038 26.7706
4820 13309 36.0067
4821 8268 51.8044
4821 9516 51.4653
4821 15372 32.6689
4822 7741 74.4508
4822 12304 17.7425
4822 16768 92.8609
4823 8498 23.6423
4823 9293 46.0241
4824 9875 48.5534
4824 10816 37.9641
4824 11485 65.6671
4824 17102 67.9115
4825 6761 30.7146
4825 11946 45.9453
4825 12850 24.4
4825 13897 27.3926
4826 5930 39.1084
4826 6076 56.406
4826 12338 39.2167
4826 12861 109.806
4827 5295 60.3122
4827 9914 57.7186
4827 10608 21.5356
4829 9006 75.5347
4829 9695 99.7384
4829 11832 85.2601
4829 12480 48.581
4829 14384 66.6152
4830 9481 59.2853
4830 13439 42.8966
4831 5721 80.0339
4831 14439 54.9416
4832 7074 54.7316
4832 12139 54.9805
4832 15974 20.2692
4833 7419 79.7633
4833 12081 29.6926
4833 12611 9.60811
4834 7533 15.2983
4834 10676 27.1655
4834 13219 56.9192
4835 14323 48.7795
4836 12103 51.8283
4837 9349 126.577
4837 15340 80.886
4837 16274 76.5
4838 16311 47.2368
4839 9959 54.2004
4839 9961 28.6715
4840 4915 71.0274
4840 11771 70.5612
4840 12795 38.4238
4840 13959 21.1209
4840 15230 42.3051
4841 12748 103.566
4841 15626 36.309
4842 5825 59.8958
4842 11979 109.78
4843 7285 12.4577
4843 16534 108.831
4843 17110 92.7216
4844 16646 63.0899
4845 7522 53.8338
4845 8784 18.9306
4845 9886 63.0542
4845 13698 73.7508
4846 9278 41.3192
4846 10244 38.8331
4846 14487 31.7501
4847 7636 41.0289
4847 7844 54.6561
4847 16913 55.1969
4848 10006 114.754
4848 15809 81.5401
4848 16367 99.1889
4849 7152 106.138
4849 11847 21.4643
4849 13228 55.8814
4850 9860 26.3818
4850 16935 38.7685
4851 4881 46.766
4851 7589 60.4229
4852 7752 76.8952
4852 12513 59.3738
4852 15546 45.8639
4853 6625 40.2833
4853 10703 14.9479
4853 16107 10.6549
4854 5661 107.179
4854 13487 44.4024
4855 9451 34.6329
4856 13382 43.6275
4856 15918 73.9371
4856 16416 28.9409
4857 10942 65.6473
4857 16196 118.157
4858 8197 79.2066
4858 11865 30.57
4858 12501 94.6206
4858 16950 13.9815
4859 5644 37.6716
4860 8677 114.03
4860 13134 15.5913
4861 13834 69.8685
4862 6095 56.6732
4862 7140 30.8743
4862 10563 47.0902
4862 15683 60.3693
4863 4915 69.0763
4863 6548 77.7256
4864 14121 60.4883
4864 15069 65.6209
4864 16148 43.2815
4865 7151 41.476
4865 13492 80.7902
4865 17033 101.012
4866 5538 26.8607
4866 14832 78.0805
4867 10057 104.417
4867 11402 24.5886
4868 11842 63.2538
4869 11306 68.2745
4869 12440 93.5077
4870 5829 61.8344
4870 6704 51.2019
4870 9506 55.7583
4870 12821 106.513
4871 8276 115.035
4871 8708 49.3219
4871 13000 72.3799
4871 15285 55.3257
4872 8204 74.5465
4872 11696 70.9369
4873 8233 53.7714
4873 9210 22.8397
4873 9980 57.1233
4873 15019 35.1907
4874 5733 110.547
4874 6097 95.4131
4874 8467 65.158
4875 6271 49.7736
4876 6650 36.9443
4876 7744 64.6552
4876 11005 62.7591
4876 15692 70.7609
4877 6163 134.829
4877 15612 88.8754
4878 5397 55.5716
4878 13092 87.1661
4879 12400 22.5149
4879 12563 44.6669
4879 15191 61.8919
4880 10937 77.6083
4880 14583 66.7886
4880 16630 35.9314
4881 15790 56.1061
4882 7162 12.0127
4882 8551 55.8332
4882 11181 15.0653
4883 6413 12.5203
4883 13925 61.1267
4883 14618 99.2872
4884 9842 34.9909
4885 5147 27.3737
4885 5344 54.5751
4885 9127 58.2563
4886 16273 96.5777
4887 5043 76.4048
4888 7406 57.1463
4888 9942 9.61948
4889 7461 39.8301
4889 12738 14.2925
4889 15786 33.0067
4890 8505 62.9484
4890 9601 48.8352
4890 16961 13.3337
4891 10339 33.2725
4891 10576 45.1957
4891 12424 59.9011
4891 14365 84.6904
4892 6751 37.5223
4892 12310 49.1793
4892 12940 29.9915
4893 7862 51.9981
4893 11263 55.5148
4893 13547 76.2706
4894 7874 47.3811
4895 8732 59.8939
4895 13060 76.2153
4895 15641 21.8048
4896 11646 15.8242
4896 16526 40.7858
4897 7128 76.3208
4897 12859 93.5968
4897 16931 14.3611
4897 16938 50.1959
4898 13992 70.9143
4899 8452 43.3508
4899 12642 94.2636
4899 16051 71.8052
4900 7970 30.3273
4900 13436 61.8232
4900 16189 85.4909
4901 6453 28.507
4901 15985 40.6296
4902 14412 49.7846
4902 16618 113.451
4903 10477 63.6586
4903 13072 70.1489
4904 6353 16.3078
4904 9740 27.3553
4904 11062 15.1016
4905 8118 30.1782
4905 9537 68.8236
4905 9813 32.0868
4906 6448 70.7949
4906 15309 34.2269
4906 16995 47.6928
4907 8352 41.7189
4907 9626 69.0994
4907 13225 80.4963
4907 15933 89.9983
4908 5615 35.04
4908 5832 21.242
4908 6860 71.9747
4908 15262 29.6268
4909 7143 24.2871
4909 14043 30.3862
4909 14113 6.13923
4910 11406 19.6496
4910 16473 89.4739
4911 4940 50.0199
4911 14831 28.7426
4912 4983 86.833
4912 9089 64.1522
4912 13320 32.688
4912 15181 80.8723
4913 14309 143.859
4914 8630 36.7009
4914 8903 57.2759
4914 10738 75.1813
4914 15283 45.9903
4915 10429 93.8611
4915 15230 75.6985
4916 6027 73.3702
4916 11744 60.0723
4916 13886 63.488
4917 8664 69.6191
4917 9112 37.8038
4917 12819 50.7587
4918 8939 67.8703
4918 10962 82.1157
4918 13129 104.443
4919 5758 64.3584
4920 12214 76.6052
4920 15681 11.5843
4921 9194 54.7805
4921 9277 73.6323
4921 9911 25.48
4921 12632 57.0437
4922 6726 40.4333
4922 12418 84.8862
4922 12948 87.0292
4923 7462 52.3442
4923 8723 90.9866
4923 12384 57.9743
4924 13368 43.8289
4925 5236 66.6005
4925 9894 34.9689
4926 7274 55.262
4926 10845 49.2899
4926 14186 15.1697
4926 16587 37.3297
4927 7269 77.7022
4928 7424 61.5304
4928 15679 43.8596
4929 10232 105.308
4929 12721 101.636
4929 13432 53.9201
4929 14740 69.6905
4930 5033 54.1864
4930 5211 62.7667
4930 13456 63.3985
4931 5882 54.4938
4931 7511 53.7372
4931 7855 90.282
4931 10919 48.1729
4932 9875 37.8092
4932 10816 69.2244
4932 11485 50.6268
4933 9176 60.9785
4934 5792 7.31624
4934 14781 13.7708
4935 12594 79.1212
4936 8852 70.1885
4936 16444 52.0557
4937 14008 14.6051
4938 5045 58.7512
4938 7587 66.1577
4938 15468 116.207
4939 5419 78.5493
4939 7321 73.9664
4939 16701 57.1322
4940 8700 92.5725
4941 10940 90.9897
4941 15212 53.1438
4941 15776 118.901
4942 6910 89.8753
4942 8082 32.0119
4942 13263 85.616
4942 15986 46.1513
4943 6762 88.008
4943 9062 67.5913
4943 5993 59.0872
4944 6081 30.9887
4944 12372 35.1835
4945 9437 7.95157
4945 10220 73.5576
4945 11075 99.2861
4945 16166 54.0903
4946 9602 10.6357
4946 16866 47.8124
4947 8547 24.6663
4947 11893 85.6255
4947 16566 150.499
4948 11606 105.137
4949 8195 105.399
4949 10858 62.35
4949 13032 74.5641
4950 5660 27.6634
4950 16811 37.0807
4951 5388 70.3005
4951 8810 99.7256
4952 7821 95.7924
4952 10491 106.598
4952 11018 94.1337
4953 4965 59.1873
4953 6173 58.7803
4953 11753 85.4631
4954 8800 101.306
4954 10621 68.0135
4954 13334 116.257
4955 10994 53.1715
4955 11873 28.8412
4955 12780 42.247
4955 13611 63.0798
4955 13882 41.2114
4956 6866 24.7311
4956 7013 65.0682
4956 8731 62.2867
4957 5076 60.9751
4957 5360 62.0247
4957 12323 70.9214
4957 15889 61.6316
4958 11746 16.6252
4958 13391 65.8046
4959 5048 78.985
4959 8240 110.054
4959 13743 97.4993
4960 6653 37.1349
4960 8743 66.6307
4960 11090 138.79
4960 13906 17.2341
4961 7237 28.6215
4961 12131 58.1325
4961 14975 46.2789
4961 15493 33.4616
4961 15801 117.535
4962 11319 23.9557
4962 16827 49.6412
4963 10065 57.5084
4963 10717 116.42
4963 16423 60.687
4964 11698 82.5297
4964 16194 66.1945
4965 11753 57.7796
4965 15248 71.647
4966 7897 59.444
4966 12428 59.3338
4967 6013 47.6399
4967 10239 30.2787
4967 16252 89.0817
4968 15633 54.0713
4969 5648 76.7034
4969 7136 9.04612
4969 12305 77.9564
4970 14805 24.3981
4970 15822 34.0176
4971 10590 42.8245
4971 12441 33.3815
4972 13203 84.291
4972 15335 20.7599
4972 16253 22.2894
4973 7144 98.3787
4973 7208 86.8274
4973 11500 78.2202
4974 5092 45.2162
4974 5455 147.418
4974 15515 74.7855
4975 7199 49.2779
4976 5654 38.2292
4976 6212 28.1903
4976 7056 28.6506
4976 12061 21.4032
4976 15708 34.2697
4976 16498 65.9682
4977 7292 47.9565
4977 8646 39.0322
4977 13178 42.3016
4977 14520 41.6755
4978 5506 20.0912
4978 7366 36.5114
4978 9130 59.8979
4978 10606 91.242
4979 7768 75.4624
4980 6312 81.8453
4981 5770 57.0092
4981 16315 14.4453
4982 6441 57.93
4982 12577 60.8063
4982 12722 71.1677
4983 13291 87.3842
4983 13320 101.912
4984 7450 60.5493
4984 8624 42.0961
4984 10257 59.0811
4984 10384 54.6721
4985 5684 58.7263
4985 6462 26.9517
4985 12092 68.8885
4986 8407 33.608
4986 9286 73.1338
4987 12942 30.6232
4987 15388 57.0381
4988 5984 80.3714
4988 11203 107.503
4988 11431 28.9446
4988 13169 35.6424
4989 6348 53.6743
4989 8480 50.9537
4989 10592 20.1343
4989 14738 37.4911
4990 5470 55.929
4990 9030 57.2811
4990 14013 42.0993
4991 6747 40.1218
4991 13421 65.4572
4991 16056 41.0705
4992 5082 56.2269
4992 9383 19.1595
4993 5398 33.3519
4993 9217 68.3643
4993 13572 51.2219
4994 6938 64.4929
4994 17138 71.6674
4995 8018 36.1324
4995 8386 62.7429
4995 15589 51.7255
4996 6630 78.8832
4996 9183 36.3254
4996 14039 67.0614
4997 6509 47.3313
4997 7533 69.8722
4997 14507 49.8453
4998 9329 57.7154
4998 9603 81.7132
4998 12829 92.4585
4998 14893 52.5892
4998 16964 18.677
4999 6383 53.6349
4999 11960 67.9486
5000 12632 59.3263
5000 13365 102.527
5001 6701 96.0767
5001 6848 73.6987
5001 10827 60.9882
5002 5090 35.9089
5002 12676 24.8847
5003 8071 42.1358
5003 13032 74.4066
5003 15748 78.1869
5004 5576 69.7799
5004 16323 45.3986
5005 5507 13.6721
5005 12440 41.7075
5006 7831 36.6918
5006 8587 31.4451
5006 13486 36.4715
5007 5372 43.3071
5007 10814 42.2886
5007 15071 87.7046
5008 8787 43.9034
5008 15425 58.2868
5008 16391 29.6157
5008 17181 78.1025
5009 8960 23.9864
5009 12852 31.3669
5010 8300 100.333
5010 9934 67.0856
5011 6019 74.7223
5011 7882 148.431
5011 12361 139.584
5012 6747 50.818
5012 8137 32.9951
5012 16056 48.0184
5013 10961 42.3788
5014 10968 43.8603
5014 14593 67.3006
5015 12522 70.8736
5015 13879 68.6109
5015 14297 57.207
5016 8364 86.9468
5016 10585 27.0284
5016 12107 42.1431
5016 13321 57.1483
5017 15103 60.9963
5018 11845 98.9615
5018 12491 77.5758
5018 15728 43.5533
5019 5460 54.1318
5019 12787 29.0099
5019 12908 58.3018
5020 7172 50.4894
5020 7308 33.5182
5020 9788 28.3347
5021 6543 74.911
5022 6899 71.523
5022 14122 91.1077
5022 16122 95.4497
5023 6042 55.5987
5023 12159 35.8603
5024 9478 37.386
5024 16144 62.8378
5025 9935 47.2262
5025 11174 51.3071
5026 9783 87.6082
5026 14728 92.7938
5027 14250 6.19902
5027 16531 77.5612
5028 9699 57.7904
5028 15697 41.9684
5029 7627 88.2971
5029 12860 42.3007
5030 5637 61.6076
5030 11352 67.5726
5030 14765 67.5762
5031 7701 28.7105
5031 11576 93.3991
5032 12732 97.796
5033 5211 67.3964
5034 7499 27.0943
5034 10345 101.54
5034 15290 38.6088
5034 16998 53.0054
5035 6786 49.0677
5035 16050 81.25
5036 9129 17.2584
5036 14595 83.4765
5036 14950 73.0509
5037 7381 59.8388
5037 7996 43.6242
5037 9569 45.4318
5037 14921 61.6726
5038 6238 60.7159
5038 6914 42.7856
5038 10990 78.8427
5038 14530 27.0213
5039 6003 79.2445
5039 12219 61.8385
5040 9019 56.8291
5040 12711 84.4326
5040 15637 58.7304
5040 17163 15.2649
5041 7079 44.5599
5041 13763 91.864
5041 16852 78.7319
5042 9146 45.6057
5042 11772 31.3734
5043 5939 41.3121
5043 9947 80.4414
5043 12633 29.0923
5044 6434 51.6016
5044 11209 77.9487
5044 15593 52.8693
5045 15468 91.9093
5045 16125 85.8993
5045 16728 43.6753
5046 6298 90.23
5046 7856 115.705
5046 14068 95.527
5047 8624 43.1236
5047 8958 22.0223
5047 10257 48.0539
5047 10384 39.7864
5048 5243 69.8923
5048 8240 16.2062
5049 10897 60.694
5049 16605 82.8186
5050 8859 117.728
5050 13080 73.311
5050 14414 79.9401
5051 6691 31.2709
5051 13666 88.0408
5051 16953 53.1655
5052 9759 29.8066
5052 17017 42.2886
5053 16952 42.2437
5054 7031 77.8565
5054 9223 48.9389
5055 8430 20.1144
5055 9632 80.9988
5056 7912 43.075
5056 14364 44.3571
5056 15403 99.9337
5057 7120 107.996
5057 7698 84.756
5057 8851 74.8216
5057 9358 73.6916
5058 5106 40.8275
5058 6987 51.2019
5059 6399 76.537
5059 9769 84.5923
5059 10636 80.111
5060 6534 76.1092
5060 7169 65.1846
5060 10150 43.7851
5061 9452 58.3778
5062 11579 80.8306
5062 14953 49.773
5063 5248 104.807
5063 8226 68.6234
5063 9050 8.27386
5064 8313 62.0029
5064 11672 100.392
5064 14632 93.9657
5065 9207 38.2529
5065 9399 18.4002
5065 13038 35.4594
5066 7565 33.9703
5066 16076 53.8016
5067 7591 45.3005
5067 9824 60.4284
5067 15925 85.2126
5068 5870 60.7843
5068 8419 78.3433
5068 11057 29.256
5068 12431 45.5434
5069 5109 95.9567
5069 13123 49.5981
5070 12896 60.626
5070 13101 35.1303
5070 16251 57.9346
5071 10462 46.1418
5071 11139 51.4348
5071 11622 54.5544
5072 7278 128.613
5072 10082 55.2579
5072 13801 59.1218
5073 10469 24.8799
5073 10950 63.2265
5074 9204 51.9563
5075 6926 23.3642
5075 10351 122.587
5075 11232 91.4445
5075 13526 58.3671
5076 5334 67.6063
5076 15889 32.4531
5077 7802 56.2759
5077 13480 79.818
5077 14485 114.481
5078 5608 91.4926
5078 10708 39.3757
5079 8992 74.9224
5079 13983 34.5045
5079 15029 89.8081
5079 17169 52.7794
5080 10031 42.3176
5080 11162 41.5159
5080 11613 151.209
5080 16240 41.1809
5081 5471 105.937
5082 7148 25.3231
5082 9383 52.0954
5083 7999 51.2217
5083 13821 60.3334
5084 14545 54.4153
5084 15353 55.4494
5085 5302 84.8826
5085 5624 64.9621
5085 12303 20.7594
5086 5604 81.0709
5087 7739 85.1737
5087 13198 47.9891
5087 14736 62.3912
5088 6962 0.482577
5088 10379 89.231
5088 16414 94.4666
5089 6715 22.4961
5089 11761 86.9644
5089 16706 59.7344
5090 15346 40.4605
5091 5119 100.896
5091 5127 85.8371
5091 8342 98.821
5091 16833 67.9381
5092 5455 78.5212
5093 9618 42.6479
5093 10742 61.3071
5093 12723 7.18053
5094 5776 103.926
5094 14284 63.4393
5095 11567 51.902
5096 5400 74.1528
5096 6420 67.6472
5096 13333 73.5745
5097 6347 33.0168
5097 13781 130.979
5097 15446 68.8714
5097 16802 43.6561
5098 9991 67.1382
5098 15522 104.685
5099 8184 19.2831
5099 12412 70.4121
5099 14691 28.6545
5099 16989 57.3145
5099 17039 52.917
5100 5133 66.7799
5100 9458 18.8625
5101 5401 34.64
5101 7514 29.0827
5101 9434 25.3616
5101 16377 47.8445
5102 17146 52.5813
5103 6258 24.5098
5103 7187 24.2506
5103 10506 42.654
5103 12329 44.2786
5103 14992 108.23
5104 6503 47.9972
5104 6945 20.4225
5104 7146 29.7085
5104 13393 63.2572
5105 11489 52.1193
5105 15549 53.7994
5106 6987 18.4681
5106 14754 62.5734
5107 6037 103.361
5107 17155 78.3558
5108 8559 27.9053
5108 10747 50.7555
5108 16622 30.5
5109 6891 35.218
5109 13123 75.9519
5109 15723 60.4585
5110 6975 34.342
5110 8274 27.8481
5111 8254 48.8477
5111 11358 14.4667
5112 5340 94.6511
5112 8336 56.4628
5112 12186 56.0163
5112 12591 75.0998
5113 5792 73.812
5113 10408 62.8326
5113 14622 97.9899
5113 15836 38.476
5114 5385 38.7392
5114 5501 33.2176
5115 10863 104.63
5115 11188 45.7042
5116 9705 21.8481
5116 13958 9.98601
5116 16717 31.5569
5117 6855 55.9796
5117 11839 46.3149
5117 15089 25.1262
5117 16665 79.69
5118 8405 62.5225
5118 9172 74.1769
5118 9317 78.8306
5118 12235 58.4862
5119 5928 89.6702
5119 8453 87.1932
5120 6447 74.7611
5120 7480 40.1815
5120 9604 30.0159
5120 11389 64.6511
5121 6403 17.4072
5121 16475 31.4292
5122 9932 36.6983
5122 10678 41.8559
5123 9069 24.2825
5123 9453 37.563
5123 16978 72.3928
5124 13818 81.065
5124 14376 80.7865
5125 12598 97.3868
5125 13146 63.1698
5126 10719 82.614
5126 14759 21.072
5127 11908 45.2213
5127 12269 61.6665
5128 5266 6.75534
5128 10915 24.4127
5128 11823 60.7787
5129 7823 45.8273
5129 8635 89.2289
5129 12281 48.9716
5129 16246 74.0473
5130 7647 41.1697
5130 12352 60.2412
5130 13341 56.3361
5131 5956 82.9281
5132 14416 59.5936
5132 16825 61.5165
5133 8694 30.2265
5133 9458 76.7212
5133 14804 45.8008
5133 15024 74.2959
5133 16183 54.0943
5134 11766 62.2594
5134 13441 111.309
5134 13760 42.3518
5134 13872 55.4051
5135 13094 104.127
5135 13137 66.5734
5136 5175 49.967
5136 10407 74.1359
5137 6906 80.5303
5137 9011 70.2992
5137 13082 59.8076
5137 15321 27.6095
5138 10024 47.0449
5138 15863 60.1109
5139 7697 90.0409
5139 11729 104.215
5139 12446 74.2815
5140 13798 94.2617
5140 15617 69.1058
5140 16954 12.76
5141 5750 76.5234
5141 15276 26.8883
5142 5250 101.789
5142 11546 51.1693
5142 14236 44.0386
5143 6931 69.1427
5143 9953 65.6692
5143 16399 15.8171
5144 5485 64.4571
5144 13558 41.7942
5144 15269 65.6312
5145 6121 25.9359
5145 8103 66.3416
5145 13273 36.5666
5146 10705 78.3514
5146 11617 104.153
5146 14752 112.21
5148 11449 61.4031
5148 12057 66.2256
5149 10114 43.8321
5149 10596 45.6248
5149 11913 24.5691
5150 13013 82.7078
5150 16541 62.0954
5151 11911 68.9526
5151 13700 29.3301
5151 16064 58.3501
5153 5843 36.5408
5153 8098 42.3665
5153 8563 37.5831
5153 10854 52.2311
5153 14074 47.8991
5154 6512 56.8211
5154 8185 74.2564
5154 8535 84.8124
5155 7672 42.8174
5155 8438 116.757
5155 11415 61.8695
5155 11996 76.1656
5155 15429 69.0075
5156 12724 41.1238
5156 13518 68.7366
5156 13890 23.7178
5157 10579 14.5727
5157 14247 104.522
5158 8379 100.478
5158 13899 71.9723
5159 11995 55.5432
5159 14337 14.3496
5159 16659 32.6605
5160 13827 83.029
5160 15610 52.1717
5161 14326 16.4312
5161 15087 8.06214
5162 9751 32.7484
5162 12709 44.5043
5163 5575 118.147
5163 9343 79.027
5163 10679 60.4735
5163 16609 38.5102
5164 9234 40.2545
5164 11025 105.788
5164 12890 18.4423
5164 13941 69.0218
5165 7801 98.3386
5165 8037 66.0362
5165 15294 44.9678
5166 8601 32.6899
5166 9116 79.9737
5166 10153 73.5016
5167 13265 9.42914
5167 13371 25.3459
5167 14758 62.5268
5167 16126 20.8261
5167 16265 24.5289
5168 5280 37.3175
5168 8068 34.4515
5168 11040 54.1616
5168 11534 37.162
5169 6073 38.3932
5169 10767 48.7929
5169 10777 13.6594
5170 8280 42.3445
5170 12336 20.471
5170 13815 55.7634
5170 14563 57.4608
5171 6176 85.686
5171 7315 65.8196
5172 5566 37.0967
5172 12063 131.325
5172 16180 82.1339
5173 8333 96.9389
5173 8657 22.3507
5173 15309 51.3223
5174 5706 28.8055
5174 10689 45.153
5174 13052 39.4568
5175 10811 44.6323
5176 12753 63.2244
5176 13863 54.1621
5177 12943 67.4713
5177 14667 99.6832
5178 6592 40.6189
5178 10978 47.778
5178 12041 56.3365
5178 15852 63.6291
5179 7935 52.2012
5179 8019 79.5451
5179 12302 67.9431
5180 8159 9.45216
5180 9195 57.6961
5180 13675 64.9588
5180 16217 73.7449
5181 8647 75.6011
5181 9950 50.4835
5181 10807 89.6252
5181 14743 39.8038
5182 8061 24.444
5182 12699 88.321
5183 6374 93.2737
5183 7304 32.7513
5183 8927 22.6854
5183 12351 70.3207
5184 7699 81.4272
5184 13327 72.2783
5185 6303 63.6081
5185 9450 87.5941
5185 14764 112.09
5186 12426 28.1446
5187 10615 35.8434
5187 12593 25.8498
5187 16379 40.4981
5187 16742 84.5211
5188 6016 12.579
5188 6309 45.9302
5188 10067 23.5134
5188 10434 81.8089
5189 8239 61.6735
5189 13395 18.7339
5190 7445 26.5683
5190 8924 66.7285
5190 14540 29.5035
5191 7296 57.8753
5191 10412 84.5332
5191 14167 16.0848
5192 9359 36.0869
5192 11075 78.2798
5192 15756 80.4761
5193 11669 92.4334
5193 12155 90.5754
5193 16282 63.5539
5194 5328 55.074
5194 5469 2.8401
5194 8817 56.8639
5194 12333 42.7436
5194 16396 70.7035
5195 8662 118.79
5195 15646 53.5918
5195 16784 65.3697
5196 6421 25.5346
5196 11437 32.3595
5196 13923 48.3371
5197 7918 20.9612
5197 15050 57.7936
5198 5343 31.9173
5198 6908 74.693
5198 11816 90.4153
5199 7017 25.3195
5199 10888 82.7724
5199 15725 113.378
5200 6755 134.467
5200 11662 57.5675
5200 12452 60.7268
5200 12919 96.1179
5201 8244 107.578
5201 9536 157.77
5201 17002 33.5646
5202 15902 44.6218
5202 17114 56.7025
5203 12646 130.282
5203 15574 107.072
5203 16261 54.6665
5204 6915 35.9015
5204 9976 89.8577
5205 5388 66.2358
5205 8810 53.2415
5205 9578 44.6441
5205 15880 72.3875
5206 16585 59.6994
5207 10694 78.2457
5207 12937 72.8254
5207 16263 79.5481
5208 5435 87.4606
5208 6392 47.3446
5208 6876 101.935
5208 6943 99.9528
5209 7730 67.627
5209 9120 74.3856
5209 13694 46.352
5210 8667 42.9918
5210 9899 32.179
5211 9048 76.1324
5212 5407 67.5917
5212 8426 57.6031
5212 9031 97.5138
5213 8080 56.1717
5213 12524 55.8738
5213 14617 52.6269
5214 9350 128.781
5214 9920 58.1438
5214 15540 19.5957
5215 14936 75.9227
5215 15204 76.8171
5215 16436 56.0026
5216 5258 68.0512
5216 12175 87.3226
5217 12640 45.6234
5217 12908 60.3747
5218 9937 93.535
5218 12195 46.1803
5218 12645 76.0478
5219 7933 66.2908
5219 12636 108.704
5219 14983 101.911
5219 15472 101.159
5220 10163 52.8524
5220 15627 64.4709
5221 6245 41.7267
5221 6247 13.7342
5221 9440 62.6666
5221 11949 127.166
5222 7761 41.7031
5222 12055 66.3874
5222 14195 39.487
5222 15598 51.7011
5223 6667 47.1971
5223 7843 58.9974
5223 15580 80.079
5223 16902 77.7366
5224 12839 52.2574
5224 14446 65.7007
5224 14937 89.9724
5225 7456 36.6839
5225 16698 49.5259
5226 5257 84.1814
5227 9918 84.3132
5227 10902 32.0342
5227 14423 22.5506
5228 6254 62.9052
5228 9949 51.9205
5228 10003 25.7281
5228 11580 45.422
5228 11601 46.6157
5229 5536 92.4912
5229 12560 53.2413
5229 16602 63.9678
5230 5819 6.9744
5230 8063 57.1679
5230 10749 23.0358
5230 11201 71.525
5231 8799 34.5589
5231 16491 44.6386
5232 6719 57.8343
5232 10823 47.8018
5232 13090 119.75
5232 16824 49.5338
5233 8935 62.499
5233 9556 46.1806
5233 11170 50.9806
5233 13652 59.5343
5234 5430 61.5371
5234 8153 87.0626
5234 8692 54.9653
5234 9828 63.3607
5234 11308 70.4614
5235 7096 69.4492
5235 9120 72.1472
5235 10014 64.9974
5237 6385 40.1616
5237 16148 62.3126
5238 5330 107.197
5238 12172 20.9893
5238 13967 38.7378
5239 10074 124.004
5239 15145 136.827
5240 12206 43.1549
5240 14836 68.1791
5240 16841 120.956
5240 17064 76.5579
5241 8593 49.7352
5242 10526 62.3329
5242 11328 91.1865
5243 6126 81.3391
5243 8240 91.4906
5243 14026 68.4197
5244 11840 30.8599
5244 13950 88.3982
5245 7050 81.0422
5245 15815 11.9607
5246 10532 95.6173
5247 9738 67.1494
5247 16188 12.6335
5247 16729 2.3074
5248 8028 26.6847
5248 9050 59.5128
5248 16844 163.086
5249 6547 62.5145
5249 9240 75.8878
5249 11897 48.4961
5250 12504 45.4523
5251 11573 85.8553
5251 13859 63.9285
5251 16861 35.9818
5252 5981 50.6549
5252 15911 51.3606
5253 7198 17.5445
5253 10565 62.8193
5254 13144 54.34
5254 15971 135.823
5255 7077 75.9912
5255 8170 72.4414
5255 10274 85.3402
5256 5572 58.1689
5256 14166 89.2151
5257 7575 128.35
5258 12175 130.525
5258 16772 66.2111
5259 14863 56.3266
5260 5958 35.2763
5261 6621 28.0035
5261 7249 26.8961
5261 9846 55.3469
5262 6923 69.673
5262 14678 33.5944
5262 16854 60.4674
5263 9122 53.541
5263 9326 68.9748
5263 10511 49.267
5264 14471 189.113
5265 10376 75.8081
5265 11229 49.2655
5266 10915 25.905
5266 11823 41.9685
5268 7995 44.1566
5268 15738 36.8582
5269 6642 64.9784
5269 8033 29.817
5269 16484 55.9726
5270 5390 60.3731
5270 12166 59.6558
5270 16567 63.2245
5271 7380 49.3116
5271 11933 120.21
5271 15040 55.284
5271 16843 39.9178
5272 5635 59.0505
5272 12673 45.3095
5273 9418 66.5652
5273 14202 26.1044
5274 10934 129.396
5274 14128 61.5506
5274 16570 78.2811
5275 8345 15.732
5275 15139 26.3044
5275 15210 52.3722
5275 16091 45.963
5275 16343 62.3313
5276 16541 46.8698
5276 16868 11.0649
5277 5440 91.9391
5278 13502 34.2387
5279 10223 77.853
5280 8068 42.4833
5280 11534 45.0417
5280 13865 12.0126
5281 6479 33.3984
5281 14232 36.7382
5281 15490 27.7022
5282 11110 50.8135
5282 13126 11.1396
5283 8728 54.1921
5283 11564 19.9371
5284 14290 58.9937
5284 14298 57.9741
5285 6196 38.9815
5285 10353 29.5029
5285 13017 71.3524
5286 6383 85.7694
5286 7827 46.0187
5287 7207 93.3491
5287 14263 23.2809
5287 15268 107.865
5288 5500 75.3849
5288 6794 25.5474
5288 11992 73.2805
5288 13099 37.0139
5288 15729 58.4763
5289 7787 65.437
5289 9587 20.3117
5289 12021 29.938
5289 12341 59.4356
5290 11001 61.8098
5290 14448 96.7096
5291 7453 14.0953
5291 15647 42.477
5291 16390 38.4874
5291 16493 41.9325
5292 8869 2.14151
5292 9490 52.8407
5293 13481 53.2499
5294 7566 73.2962
5294 8680 17.6717
5294 10008 22.1089
5294 10126 89.492
5294 11940 55.7059
5294 14567 39.1714
5295 10608 65.1849
5295 12146 85.5071
5296 6357 44.9043
5296 11501 37.8305
5297 8915 16.721
5297 12145 39.3677
5298 6054 46.4962
5298 6488 59.616
5298 12836 76.0845
5298 13155 95.4629
5298 14888 105.603
5299 7078 87.3635
5299 9767 49.4694
5299 15421 143.387
5300 7903 42.3746
5300 11789 86.4781
5300 13541 57.0377
5301 6773 49.2992
5301 8837 57.3078
5301 11203 65.326
5302 12303 74.6263
5303 12905 40.1754
5304 10773 76.5823
5304 12955 75.2622
5304 14700 64.5572
5304 17023 29.9509
5305 12649 74.6837
5305 13104 58.1824
5305 13644 39.9353
5306 7532 38.5058
5306 11172 38.0803
5306 11572 27.5799
5306 13312 47.2005
5307 5959 87.6474
5307 13680 29.8387
5307 15380 40.2695
5308 5705 63.1013
5308 15129 68.3973
5308 15475 42.9757
5309 5371 56.4875
5309 10089 71.6824
5309 11990 130.742
5310 5391 53.5991
5310 9620 68.6753
5310 11069 77.2879
5311 13054 72.0372
5312 6357 48.4674
5313 7622 35.4048
5313 9209 48.7093
5314 7623 64.6553
5314 8195 27.9802
5314 10858 60.485
5315 7558 32.7466
5315 12115 30.6544
5315 16071 80.9914
5316 7646 51.3916
5316 11343 71.4476
5316 15903 39.9054
5317 5922 114.124
5317 7727 68.7496
5317 8647 62.1874
5318 7418 85.1625
5318 8530 107.43
5318 12162 38.7142
5319 8122 26.0663
5319 9891 34.1544
5319 14907 101.591
5319 15186 77.8594
5320 12295 38.0128
5321 6151 55.9353
5321 6813 79.3842
5321 9404 46.4907
5321 10048 36.9769
5322 11064 55.011
5322 12862 22.1867
5322 17108 95.1245
5323 9252 20.3091
5323 9659 60.267
5324 13188 76.8345
5324 15798 36.4332
5325 9546 108.651
5325 12666 46.9173
5326 5425 16.9505
5326 9076 78.2038
5326 12544 41.8685
5327 9599 8.44884
5327 13677 66.6085
5328 5469 76.6661
5328 9482 64.1801
5328 16396 90.1704
5329 7583 45.7384
5329 8237 79.6032
5329 9533 68.763
5329 9825 69.1851
5330 12172 82.3367
5330 16088 40.2596
5331 8812 49.5792
5331 9485 49.6787
5332 12279 54.0881
5332 13479 110.38
5333 5631 124.594
5333 6513 33.1432
5333 7985 87.7751
5334 7542 21.1313
5334 9375 56.1819
5335 6744 104.262
5335 12373 14.9574
5335 14686 84.9314
5336 8521 22.6322
5336 9616 75.6504
5336 15480 41.2502
5337 6706 109.251
5337 12799 77.1237
5337 13734 119.247
5338 11315 45.194
5338 12489 40.0051
5338 15904 52.0429
5338 16986 26.2651
5339 10841 47.2529
5339 14955 65.9658
5340 8926 65.3448
5340 14483 73.0623
5341 6047 32.1191
5341 9043 37.2548
5342 6679 34.3855
5342 12929 63.9706
5342 14304 38.4463
5342 15678 26.5595
5343 6908 63.1537
5344 15657 64.0434
5345 6456 47.0706
5345 6807 7.20531
5345 7942 53.09
5346 6531 51.706
5346 9433 6.03045
5346 10874 6.56629
5346 11446 37.9392
5347 6375 57.8842
5347 9790 54.3896
5347 12651 25.4151
5347 12713 42.646
5348 9939 63.7692
5348 11762 63.5792
5348 12995 84.7368
5349 8785 43.3903
5349 12590 30.538
5349 14538 29.1724
5350 12089 75.5953
5350 16239 137.234
5351 10254 62.2234
5351 10637 62.3007
5351 17015 33.45
5352 16358 48.3805
5353 11009 68.2192
5353 15147 11.5379
5354 5794 30.781
5354 11827 87.4759
5354 14475 56.9893
5354 16539 53.4631
5354 16661 63.5545
5355 6716 41.5833
5355 14755 59.2303
5356 5974 81.7879
5356 10510 52.0893
5356 11639 38.9545
5356 12204 115.994
5357 5837 79.486
5357 8488 88.2618
5357 11611 9.7546
5357 15023 60.9367
5358 10792 54.9115
5358 13209 55.2569
5358 16650 52.3341
5359 6424 60.3185
5359 8614 91.6123
5359 11433 79.5549
5360 5525 47.1433
5360 11129 59.0013
5361 13891 35.6927
5362 11124 71.9393
5362 14144 19.8436
5362 14735 26.6789
5363 10308 73.6033
5363 11694 18.6763
5364 6783 59.6173
5364 10183 66.7468
5365 6319 79.5525
5365 9562 31.536
5366 7986 86.5672
5366 16476 54.3583
5367 5383 71.7714
5367 11257 67.4369
5367 13397 39.846
5367 14117 42.3849
5368 9211 27.6457
5368 12420 40.386
5368 14586 38.4238
5368 15924 23.0478
5369 6957 67.076
5369 8943 27.6868
5370 7548 48.2778
5371 5813 71.8623
5371 6541 60.963
5371 10089 78.561
5371 15868 44.0709
5372 8527 102.577
5372 8663 158.851
5372 10814 28.7629
5373 7390 109.92
5373 9806 59.4137
5373 11488 115.068
5374 6953 40.5699
5374 10945 73.3211
5374 11833 24.6579
5375 5436 30.4106
5375 12268 62.11
5375 16536 63.3999
5376 6305 105.125
5376 8978 37.4398
5376 13252 78.567
5376 15951 70.0047
5377 7448 40.9136
5377 15250 48.3224
5378 12875 72.5706
5378 14241 76.8202
5378 15416 83.5629
5379 5918 79.6689
5379 7573 16.4612
5379 8768 78.9701
5379 9713 55.0541
5380 8948 36.0458
5380 14608 27.5282
5381 9564 64.7419
5381 10953 56.3904
5381 12825 61.6925
5382 11478 106.873
5382 13464 96.3575
5382 14070 121.176
5383 13411 74.9964
5384 5675 82.708
5384 12997 46.1234
5386 5804 103.412
5386 8463 70.0322
5386 16338 149.63
5386 16422 59.6394
5387 8324 78.1303
5387 14842 68.0947
5387 16813 43.6042
5388 8810 40.6703
5389 15200 56.8626
5389 15245 25.927
5389 16651 94.5282
5390 15100 46.6076
5390 15532 20.135
5390 16567 67.7643
5391 11977 115.831
5392 8153 56.0457
5392 11206 60.2577
5392 15724 75.7617
5393 13516 60.9485
5394 5602 51.4319
5394 7605 27.2954
5395 7562 36.3482
5395 8848 44.5365
5395 16200 18.2332
5395 16715 78.3647
5396 14868 13.691
5397 7490 58.2836
5397 13049 20.1195
5397 13092 49.0981
5398 9217 28.8491
5399 12743 50.0915
5399 16378 66.1685
5400 7050 90.2035
5400 13333 49.4463
5401 9434 33.9529
5401 13797 38.8955
5402 14492 55.6221
5403 10929 39.9726
5404 16370 53.7657
5404 16649 75.0317
5404 16657 18.9178
5405 7686 63.0235
5405 15950 135.71
5406 6545 32.9843
5407 5741 65.0803
5407 15938 44.36
5408 10006 158.179
5408 10581 112.465
5408 16156 129.958
5409 9011 75.598
5409 10293 25.3078
5409 12318 25.8443
5410 7737 52.1622
5410 8824 16.233
5410 12869 27.7151
5412 8818 28.8289
5412 9069 50.5382
5412 13590 17.0638
5412 15947 53.5301
5413 11649 39.0303
5413 12840 42.2551
5413 14878 48.0535
5413 15652 5.58645
5414 5621 18.1882
5414 6875 82.5893
5414 6925 54.3584
5414 7100 78.952
5414 10992 111.427
5414 17179 50.0193
5415 12717 29.5638
5416 5579 106.835
5417 5535 65.8327
5417 7471 57.9652
5417 15415 17.561
5418 12644 91.4695
5418 17119 36.3217
5419 7321 81.2499
5419 8736 60.9764
5419 16701 76.2862
5419 16822 15.0259
5420 10576 60.7431
5420 11795 61.6717
5421 10862 42.8726
5421 15333 50.076
5422 7457 88.0848
5422 9151 75.7162
5422 11180 69.3353
5422 13294 30.6099
5423 11683 74.794
5423 13859 96.2078
5423 14440 37.4506
5423 16229 65.395
5424 10780 19.6412
5424 13544 67.9361
5425 6391 94.5715
5425 12544 91.0811
5426 16691 54.7775
5427 9992 52.8634
5427 15486 32.3345
5428 9992 56.9491
5428 12743 91.001
5429 9192 25.6023
5429 11782 82.5278
5429 16027 107.942
5430 8692 13.4257
5430 9828 27.387
5430 11761 82.8198
5431 6900 70.7312
5431 8656 82.024
5431 11066 11.5816
5431 15981 96.7709
5432 10492 76.7208
5432 12426 62.0978
5432 16925 106.625
5433 6088 47.4029
5433 8764 48.0487
5434 8539 67.4271
5435 7564 40.9864
5435 17056 84.0954
5436 12268 56.7235
5436 14775 110.503
5437 9446 49.5905
5437 11380 95.9808
5438 5691 89.2091
5438 14933 74.7923
5438 16222 92.4952
5439 7545 32.0614
5439 8703 75.0862
5439 10002 30.2474
5439 10383 42.783
5441 8987 57.0921
5441 9109 46.2024
5442 9712 60.5056
5442 9792 85.744
5442 14285 106.58
5443 10285 70.8252
5443 11781 73.0494
5443 14256 88.7814
5444 6201 60.7136
5444 7625 52.4379
5444 9869 26.4433
5444 16522 83.3175
5445 7494 108.67
5445 16101 42.3396
5446 7000 63.7722
5446 10199 14.1985
5446 14510 84.0562
5447 5916 30.6157
5447 6078 53.462
5447 8707 20.5876
5448 7764 75.1457
5448 8277 39.3836
5448 10414 44.962
5448 13750 134.415
5449 7966 31.6477
5449 11763 48.3163
5450 7200 14.2381
5451 6235 27.4617
5451 17153 22.4016
5452 13391 69.8359
5452 13697 106.2
5452 16215 70.9679
5453 9777 74.1955
5453 11184 32.6047
5453 14315 98.6938
5453 15368 79.5261
5454 10902 45.761
5454 11021 27.8639
5454 16714 90.9131
5455 8470 139.574
5456 6455 70.9806
5456 10695 53.7935
5456 11549 57.8039
5456 14071 47.2856
5457 10756 34.8641
5457 12297 30.6222
5458 5680 92.1629
5458 9301 64.4259
5458 13615 45.6255
5458 14603 97.3312
5459 9232 83.5297
5459 15543 58.4591
5459 15551 26.9228
5460 7982 45.0246
5460 12787 44.1167
5461 6691 31.5412
5461 10706 41.8145
5461 13132 34.9007
5462 8751 73.2142
5462 13842 38.3718
5463 10879 19.7887
5463 14362 82.4594
5464 12986 53.4098
5464 17061 22.999
5465 15639 79.4945
5466 5570 100.863
5466 7816 90.7766
5466 12953 67.5232
5467 6174 88.2212
5467 8669 72.2934
5468 5799 38.2948
5468 6553 103.009
5468 10364 118.085
5468 10828 39.3817
5469 8817 39.4968
5469 12333 46.4772
5470 11514 88.3177
5471 10910 48.7221
5471 17098 25.7287
5472 14770 39.2427
5473 10161 92.1719
5473 11592 54.0508
5473 14097 40.8746
5474 12891 50.1258
5474 13279 34.2749
5475 16668 46.0982
5476 9904 115.228
5476 10826 60.5256
5476 15949 44.7445
5477 7782 48.8326
5477 9256 55.3343
5477 9377 8.61898
5477 15243 74.0236
5478 7576 48.2011
5478 12321 30.5932
5478 14746 58.166
5479 11517 88.5592
5479 14233 10.0663
5480 9763 34.369
5480 16107 89.0577
5481 8458 51.7754
5481 11930 37.19
5481 14751 73.6647
5481 15966 9.61956
5482 11733 95.6132
5482 12275 48.6958
5483 7797 23.3351
5483 12093 14.8578
5483 12728 55.4961
5484 8819 34.03
5485 6969 30.5151
5485 9465 25.5618
5486 15554 62.3388
5487 12251 53.2512
5487 15745 54.6662
5487 16831 44.0652
5488 6089 57.8516
5488 15411 30.1771
5488 16572 71.4133
5489 5937 97.0024
5490 5530 59.4909
5490 7542 50.3826
5490 9375 33.6828
5491 9557 52.2535
5492 14034 40.5669
5492 15820 57.4782
5493 5555 64.8268
5493 12624 51.0933
5494 11030 38.0983
5494 12345 43.0928
5494 12765 53.5574
5494 13302 23.0136
5495 7508 75.633
5495 14155 70.146
5495 16988 31.5408
5496 8968 43.2984
5496 10693 35.6937
5496 13619 20.0276
5496 13978 29.5158
5496 14017 45.2309
5497 13190 77.2607
5498 5926 81.3744
5498 12647 13.7141
5498 15697 48.814
5499 8951 22.0428
5499 11704 37.8268
5500 6794 53.7263
5500 11992 66.2311
5501 10662 47.9263
5502 9974 47.6247
5502 12918 69.4991
5502 14324 89.2507
5502 15166 50.5483
5503 7599 35.9276
5503 8143 65.6266
5503 12568 58.152
5504 6273 31.3309
5504 16319 67.6895
5505 5808 41.296
5505 16967 66.9793
5506 7366 48.0463
5506 9130 89.0489
5507 12440 84.8035
5507 12855 60.4283
5508 6131 78.6825
5508 12367 56.8638
5509 6274 91.355
5510 6788 45.9378
5510 7870 52.8052
5510 11208 47.7932
5511 11684 92.4494
5511 15840 57.8457
5512 9323 26.2771
5513 5952 12.0745
5513 10425 85.8318
5513 14656 40.4928
5513 15915 67.7035
5513 16466 26.1081
5514 12334 62.2454
5514 16108 65.5177
5515 6501 78.1175
5515 10652 55.5314
5515 12634 43.0631
5515 14221 85.3983
5516 6379 56.208
5516 11972 53.1003
5516 15351 83.5953
5517 9841 55.7692
5517 10951 26.7029
5517 12734 56.4851
5518 14258 68.0443
5518 16395 97.4623
5518 17112 104.467
5519 10282 50.2507
5519 13829 85.1428
5520 7638 34.8618
5520 9914 68.3494
5521 9321 113.139
5521 12842 25.7013
5521 15303 47.7922
5522 11240 48.7205
5522 16322 98.3049
5522 16699 44.3183
5523 9483 56.2464
5523 14930 92.8239
5524 12621 63.4869
5524 13766 38.7161
5525 6096 58.7655
5525 9770 57.6272
5525 11129 88.8329
5525 12335 48.7019
5526 7653 12.8819
5526 11925 70.888
5526 13438 62.0997
5527 8351 62.6
5527 8701 123.914
5527 12518 104.989
5528 10006 76.7803
5528 10224 8.34843
5528 15809 78.7106
5529 11593 38.8958
5529 16094 81.313
5530 9198 105.064
5530 9375 58.0106
5530 14223 130.379
5531 6904 14.2503
5531 10298 111.171
5531 12013 43.4512
5531 14679 51.5542
5532 7587 41.5648
5532 14672 58.0616
5532 16087 62.4707
5532 16495 69.2013
5533 8658 47.8214
5533 10493 54.2381
5533 12871 44.771
5534 10347 65.0395
5534 14504 79.6289
5535 7953 54.6553
5535 13856 80.7905
5535 15415 54.3844
5535 15768 57.2726
5536 6270 60.703
5536 16602 60.6669
5537 6188 52.6
5537 13494 24.9769
5538 10344 119.245
5538 11041 44.2851
5538 14832 56.4721
5539 7070 81.4256
5539 12508 120.116
5540 9245 81.1199
5541 10039 87.1773
5541 11360 67.783
5541 14705 108.723
5541 15555 63.4489
5542 6150 63.2925
5542 9278 48.8361
5542 14487 36.1066
5543 7473 73.5097
5543 10626 76.0148
5543 15246 98.8158
5544 6895 43.5661
5544 12536 75.8741
5544 16500 33.0486
5545 5631 83.8091
5545 7572 47.7639
5545 10229 22.4067
5546 9361 36.0909
5546 11320 45.8427
5547 10501 118.581
5547 10883 61.7776
5547 11916 54.1744
5547 16997 22.6669
5548 6619 71.6435
5548 13308 78.0375
5549 8585 97.1277
5549 10290 29.5893
5549 15670 49.9128
5550 6489 67.0782
5550 11258 74.2146
5551 6607 39.4833
5551 14331 4.47298
5551 14542 12.4359
5552 9706 39.7981
5552 11725 22.924
5552 15775 46.3222
5553 11799 23.4346
5553 14489 64.6458
5553 15208 13.202
5554 5765 62.9614
5554 7547 36.2814
5555 10878 81.0896
5555 12624 66.3088
5555 15342 53.0707
5556 12360 16.6972
5556 15763 57.6105
5556 15920 64.1138
5557 6657 37.3938
5557 7535 103.501
5557 13122 60.1525
5558 7277 32.5445
5558 13232 47.7267
5558 14247 54.2781
5558 14788 41.072
5559 8544 61.9634
5559 12132 69.7969
5559 13498 65.055
5560 12233 37.9559
5561 10699 13.1079
5561 11464 45.291
5561 12221 42.4105
5561 12688 92.2467
5561 15865 99.8701
5562 6012 22.5494
5562 15106 46.3941
5563 9729 47.5594
5563 12867 67.3122
5563 14770 70.665
5564 11738 38.6601
5564 12311 106.789
5565 12331 80.6032
5566 16180 36.8028
5567 6341 45.5023
5567 6469 39.9247
5567 10535 99.0943
5567 11781 82.7744
5568 6490 28.6541
5569 16104 69.474
5570 5944 73.0458
5571 7850 108.407
5572 13311 42.2955
5572 15064 90.4731
5572 16605 41.9532
5573 9553 82.0841
5573 12197 8.27172
5573 13127 46.7001
5574 7576 83.7477
5574 12321 68.4161
5574 14746 58.8026
5575 8178 33.6135
5575 16516 75.461
5576 10655 83.9407
5576 16323 21.9115
5577 8144 51.2511
5577 12648 79.062
5577 13257 73.4306
5577 15144 70.9791
5577 15168 48.1815
5578 5910 76.3256
5578 8261 60.5937
5578 11988 42.4261
5578 13900 44.8837
5578 14288 20.9577
5579 7977 79.0803
5579 9877 53.9942
5579 12824 84.4284
5580 7629 65.0833
5580 8409 52.0738
5580 11452 63.9326
5581 5889 65.3517
5581 6052 64.4741
5581 6758 91.4298
5581 15843 101.621
5581 16585 60.3848
5582 9005 63.3105
5582 9693 86.3238
5582 14945 38.3766
5583 6431 25.0765
5583 9673 68.1196
5583 16150 65.7262
5584 6586 45.5239
5584 9632 48.287
5584 13288 132.074
5585 6457 57.5637
5585 10179 37.4863
5585 10438 48.9248
5586 7189 59.7583
5586 9196 141.461
5586 13435 43.474
5587 16111 34.383
5587 16697 30.5395
5588 10355 50.3042
5588 12020 82.237
5589 9929 74.9892
5589 10721 109.745
5589 16232 98.6542
5590 10145 50.1269
5590 15472 62.5289
5590 17142 105.239
5591 12158 78.3411
5592 5771 32.3079
5592 6216 61.6058
5592 9431 37.1788
5593 7214 74.8558
5593 11298 109.336
5593 13946 35.4386
5594 9081 34.8505
5594 9426 29.5838
5595 6127 59.9636
5595 9636 48.723
5595 15885 93.0687
5596 6939 109.286
5596 8571 156.332
5596 13148 155.358
5597 8129 48.8432
5597 9781 107.447
5597 10289 25.899
5597 15265 95.0929
5598 14259 49.3729
5598 14937 85.6989
5599 5740 35.487
5599 12791 36.1416
5599 14807 56.0404
5600 8024 56.4146
5600 10998 69.8703
5601 5811 64.0784
5601 14990 74.1438
5601 16575 80.2599
5602 7605 66.015
5603 10588 60.9552
5603 11258 104.361
5604 13538 72.9533
5605 6334 113.176
5605 13023 43.2041
5605 13238 120.063
5606 7443 32.457
5606 7607 74.9706
5606 9119 35.5986
5607 15845 72.3509
5607 16837 88.0679
5607 16929 56.1041
5608 8045 138.92
5608 10708 44.6262
5609 10160 92.6765
5609 12975 111.54
5609 14802 75.4298
5610 8589 70.4435
5610 10482 54.0533
5610 10860 35.8711
5610 15037 46.9952
5610 16347 47.2412
5611 9221 48.6114
5611 12729 89.3019
5612 9178 57.0717
5612 9521 72.3662
5612 13207 69.5758
5612 16003 94.1792
5613 9936 38.5328
5614 11547 46.7781
5614 12147 29.0692
5614 13617 49.7277
5615 10690 36.9352
5616 6596 128.56
5616 7543 32.7004
5616 14235 44.8848
5617 7707 81.4806
5617 7969 140.668
5617 13085 80.4727
5617 14358 48.909
5617 16142 72.103
5618 10190 102.216
5618 11374 38.298
5618 15006 29.6478
5619 12470 56.6782
5619 14506 160.778
5619 17066 81.4758
5620 7257 90.0305
5620 8685 83.7582
5621 6875 67.2479
5621 6925 41.8026
5621 7100 85.765
5621 10992 57.3521
5621 17179 70.1783
5622 10462 36.4629
5622 11139 49.0786
5622 11622 51.6123
5623 6095 79.2813
5623 8553 106.874
5623 12264 30.6447
5623 15683 115.017
5624 12303 26.57
5625 9163 70.5848
5625 13316 45.3924
5626 6070 60.3937
5626 8681 76.8559
5626 12994 59.8299
5626 14292 25.849
5627 10370 23.0171
5627 13047 7.9393
5627 13936 84.5814
5628 5754 33.4143
5628 9646 71.5192
5628 10987 55.8461
5629 6420 36.1667
5629 9039 28.266
5629 11491 21.5741
5629 13428 20.0731
5630 6635 25.8772
5630 11376 47.161
5630 16317 74.5331
5631 6513 91.0603
5631 7572 28.1361
5632 7501 65.2458
5632 11428 33.8914
5632 13658 63.7692
5632 13962 50.9132
5633 8814 58.7657
5633 9344 51.779
5633 10348 54.6607
5633 11617 62.5562
5633 14405 71.0009
5634 12358 40.2963
5634 16881 74.0067
5635 10890 48.2497
5636 6605 77.701
5636 6706 98.9649
5636 14047 15.794
5636 16766 57.7232
5637 11352 78.2772
5637 16418 59.5634
5638 6007 77.5208
5638 9471 61.4761
5638 15851 50.272
5639 5802 116.736
5639 16041 85.7041
5640 6831 21.4531
5640 10138 13.1045
5640 10681 85.7107
5640 11273 75.8628
5640 14209 40.5196
5641 13714 58.4292
5641 16762 20.3282
5642 11466 113.878
5642 11562 107.239
5643 9694 35.0399
5643 11878 48.8554
5643 12872 58.0723
5643 13258 93.6276
5645 8802 38.7826
5646 9544 48.4153
5646 13506 23.129
5647 9445 41.7968
5647 14883 61.4581
5647 16824 40.739
5648 7136 65.2366
5649 7951 33.4144
5649 14378 90.4642
5649 15388 40.264
5650 9143 26.5092
5651 9101 56.186
5651 10651 65.7923
5652 6193 32.5235
5652 15959 16.6268
5652 16189 40.3551
5653 6021 53.5765
5653 6917 27.7605
5653 11334 35.4747
5654 7056 59.8083
5654 9627 76.2744
5654 12061 53.7467
5655 8771 61.0034
5655 13836 83.0809
5656 9774 118.896
5656 9966 100.951
5657 9312 60.762
5657 10281 55.1738
5657 13398 120.021
5658 9742 26.0416
5658 13438 58.7167
5659 16153 40.5519
5660 15298 43.9814
5660 16811 33.1543
5661 7343 35.2781
5661 10657 55.5611
5662 9060 90.246
5662 12179 63.2707
5662 14842 59.7561
5663 6822 34.796
5663 10655 60.9375
5664 6380 59.9244
5664 13179 33.1896
5664 16529 35.2709
5665 10520 40.985
5665 14828 94.0872
5666 5679 81.9102
5666 9036 37.0527
5666 15199 40.4731
5667 8482 64.8414
5668 7877 44.8186
5668 11581 35.9633
5668 14581 10.6528
5668 15931 10.997
5669 7867 129.81
5669 8912 56.2853
5669 9008 51.2545
5669 11235 38.4497
5670 14494 22.0843
5671 7064 78.4071
5671 12694 34.4622
5671 16424 24.1272
5672 6838 69.5075
5672 8030 90.683
5673 12966 50.5458
5674 5906 45.426
5674 11508 49.9313
5674 14451 49.1985
5676 16277 43.4123
5676 16582 90.9824
5677 7309 14.289
5677 14055 29.4821
5678 8354 55.8261
5678 9097 78.6152
5678 10377 38.6337
5678 14750 116.143
5678 16349 76.0778
5679 9036 38.0441
5679 13275 31.3644
5679 15199 20.2701
5680 9301 55.3166
5680 12921 112.136
5681 11357 52.6568
5681 14316 43.7023
5682 15424 21.2886
5682 17077 85.1975
5683 5954 100.716
5683 13158 29.7548
5684 6462 24.3214
5684 7157 72.4481
5684 8972 42.2324
5684 14621 67.5879
5685 9157 19.4215
5685 9193 35.998
5685 10599 66.6325
5685 11175 58.3847
5686 7304 39.8253
5686 12351 19.0038
5686 13744 48.0015
5686 15807 53.594
5687 9215 95.7791
5687 10242 34.9321
5687 16730 83.8455
5687 16873 60.9164
5688 7265 51.0009
5688 15498 27.778
5689 9844 82.6133
5689 14730 25.2389
5690 14352 42.9191
5691 9897 55.1081
5691 16222 25.1084
5692 11799 78.3692
5692 13069 79.3989
5692 14489 53.7737
5693 6505 63.8
5693 9352 31.9412
5693 15663 51.715
5694 8695 15.1597
5694 10825 51.4554
5695 6125 45.7004
5695 11825 80.9389
5695 16781 122.863
5696 7393 39.9129
5696 13728 46.9602
5697 8473 72.3532
5697 11519 68.2197
5697 11729 79.1941
5697 11945 56.9753
5698 6256 50.203
5698 8446 72.9731
5698 16168 12.7467
5699 7303 51.1514
5699 11244 6.06133
5700 8907 54.3651
5700 12559 59.8831
5700 13142 13.1314
5700 16335 51.102
5701 8716 66.6557
5701 13158 32.9204
5702 6093 84.2665
5702 8148 23.1632
5702 13278 43.8709
5702 16846 53.8548
5703 9605 100.813
5703 13911 66.112
5703 15912 58.2763
5704 12116 38.9431
5704 13416 76.0441
5705 10718 109.441
5705 16894 84.3616
5706 10689 34.1136
5706 14366 34.903
5707 6861 37.4237
5708 8408 18.9972
5708 9493 56.7635
5708 16404 91.2851
5708 16939 50.2671
5709 15159 68.3239
5709 16751 88.3809
5710 11395 38.7868
5711 6933 49.9421
5711 13948 61.3255
5712 7599 38.3285
5712 8632 47.6574
5712 9962 5.09471
5713 5735 52.7149
5713 9475 110.732
5714 5878 69.795
5714 10732 76.5684
5714 11216 31.1516
5714 13784 14.9412
5715 7645 101.228
5715 10715 55.5127
5715 10882 48.4385
5715 12388 30.0138
5716 7988 23.3124
5717 8006 34.8348
5717 12700 42.3264
5718 6780 69.2149
5718 9022 80.923
5718 11354 79.5462
5719 7661 123.222
5719 15899 22.7555
5720 13753 106.884
5720 14515 86.1568
5720 16543 17.4463
5722 11740 51.7794
5722 12976 67.9224
5722 15510 72.7513
5723 8621 51.6208
5723 12192 59.6305
5723 13016 31.7862
5723 15921 27.2306
5724 5911 74.4851
5724 8146 140.833
5725 11030 57.0875
5725 12209 26.6247
5725 13985 82.4757
5726 6518 40.3596
5726 7112 23.099
5726 16319 73.801
5727 13200 60.3769
5727 13781 13.1851
5729 10399 14.3432
5729 11699 32.4529
5729 12828 52.71
5729 13496 59.3257
5731 12249 45.905
5731 13089 85.7251
5732 5736 44.1472
5732 7614 66.2691
5732 12086 36.5464
5732 14586 30.013
5732 14826 48.9273
5733 6391 23.9926
5733 6433 127.605
5733 8467 48.8838
5734 13037 58.3023
5734 16478 57.1317
5735 8525 104.474
5736 7614 61.3239
5736 12086 33.7351
5736 14826 81.0771
5737 9066 22.9608
5738 8400 92.7953
5738 10938 87.5326
5738 11594 19.7895
5739 6982 83.6633
5739 7618 95.4413
5739 12404 23.6246
5739 16295 70.0924
5740 12791 6.87664
5741 15938 16.0459
5742 14995 48.9274
5743 11335 39.8249
5743 12988 95.5308
5743 17124 74.7565
5744 8320 65.0186
5745 16604 33.993
5745 16898 110.573
5746 6617 68.9984
5746 7272 55.9488
5746 13806 26.9677
5747 6872 29.4854
5747 8264 83.2854
5747 11641 37.7371
5748 8796 52.6641
5748 13791 14.3432
5749 13824 78.5397
5750 15276 94.6819
5751 9296 68.0385
5751 10305 48.808
5751 12296 128.554
5752 6591 83.0567
5752 13691 121.192
5753 6331 84.3299
5753 7878 55.5368
5753 9295 63.5641
5753 11034 79.0927
5754 9646 59.1668
5754 12698 83.5371
5755 10924 159.614
5755 12361 115.72
5755 13579 80.9739
5756 14525 30.9674
5757 11224 118.461
5757 12975 82.0484
5757 14492 52.5447
5757 15644 46.6951
5758 9977 61.1918
5759 6787 152.087
5759 9246 66.5866
5760 12716 48.3093
5760 15719 59.3074
5760 16839 58.3983
5761 10770 63.9577
5761 12569 34.5494
5761 14600 51.896
5762 5924 43.5653
5762 10327 36.6149
5762 16879 54.3154
5763 8127 77.1847
5763 13800 89.4926
5764 14862 26.4283
5765 7547 61.3177
5766 8637 43.9681
5766 10040 73.0974
5766 11834 91.2137
5767 8580 95.0703
5767 11148 58.3463
5767 13044 87.6223
5768 14915 32.4599
5768 15342 21.8103
5768 16420 79.4973
5769 8908 21.8575
5769 15964 55.9975
5770 14721 87.7786
5770 16315 62.355
5771 7519 49.5175
5771 9431 37.7877
5772 12742 83.9327
5772 15387 63.3392
5773 8074 33.7627
5773 8149 84.2496
5773 11896 88.7543
5773 14293 74.2285
5774 6850 103.335
5774 9575 53.1877
5775 8586 15.5882
5775 11333 48.2598
5775 16595 21.2798
5776 7965 87.833
5776 8747 70.2708
5777 6796 45.0096
5777 16262 87.4522
5777 17076 79.7713
5778 10463 85.933
5779 10587 43.5635
5779 10907 46.7267
5780 5986 44.7132
5780 6581 40.6521
5781 9454 14.9437
5781 10667 67.8533
5782 6506 56.8764
5782 9666 81.7629
5782 12134 72.0463
5783 8288 18.4251
5783 12985 59.4789
5783 16007 19.7613
5783 16759 64.2777
5784 7975 63.5335
5784 13502 84.7252
5785 6595 116.04
5785 12965 99.713
5785 14517 30.0774
5786 13063 67.3671
5786 14689 47.0359
5786 15759 58.6024
5787 12750 8.12151
5787 14184 96.407
5788 14237 44.8565
5788 15176 82.5548
5788 15381 70.2712
5789 14865 39.1698
5790 11146 32.9504
5791 7358 58.032
5791 8811 44.0787
5791 16081 38.9749
5792 14781 18.6752
5792 15836 79.3728
5793 8506 85.6451
5793 11926 81.6433
5793 12215 22.0993
5793 12486 68.3169
5793 12605 57.8467
5793 16633 118.096
5794 11827 65.7793
5794 16661 65.4713
5795 7989 68.2159
5795 14399 85.4199
5795 14739 109.43
5796 5914 58.4828
5796 17125 28.0377
5797 5928 31.5011
5797 8453 73.4033
5798 8219 87.794
5798 15093 56.5079
5798 16932 58.4974
5799 10828 16.7314
5800 5904 31.9063
5800 8836 89.0564
5800 13113 91.6258
5801 14421 47.8686
5802 10580 81.9651
5802 13118 123.914
5803 13390 115.356
5803 13409 103.077
5803 13987 29.0853
5804 6281 31.6413
5804 6829 85.9199
5804 7806 10.9978
5804 16422 10.9599
5805 5841 3.29883
5805 14402 69.3287
5805 16521 30.9398
5806 8200 71.1759
5806 12837 96.2687
5807 6446 96.8434
5807 13646 103.326
5808 16967 39.1203
5809 6975 46.3302
5809 8274 64.0107
5809 11895 52.0344
5810 9512 132.231
5810 13980 24.9388
5810 15032 77.6785
5811 14990 23.6554
5811 16575 14.0999
5812 9362 73.6542
5812 9863 81.3049
5812 16485 35.3107
5813 6541 48.9734
5813 9867 102.924
5814 10341 78.1153
5814 10440 92.7308
5814 15950 78.3014
5815 11940 76.3642
5815 12786 9.60834
5815 14567 72.2945
5816 8913 92.3884
5816 10930 85.5716
5816 14961 112.374
5816 16452 69.8613
5817 5958 62.8288
5817 12317 38.0736
5818 6751 23.8304
5818 12310 28.3362
5819 10749 23.7392
5819 11201 94.4509
5820 6802 73.148
5820 9614 104.473
5821 8642 91.6184
5821 14733 64.82
5822 6151 38.8337
5822 12513 47.2147
5823 8478 29.8704
5823 9592 26.8092
5823 14813 117.153
5823 15830 15.3624
5824 13740 30.397
5824 14714 67.267
5825 8925 104.985
5826 6499 98.9673
5826 6847 55.5413
5826 6907 99.8459
5827 7496 19.9983
5827 14573 61.6253
5827 15347 34.7069
5827 16594 41.3662
5828 9208 63.0597
5828 14671 95.3646
5828 16899 63.3946
5829 6704 33.6003
5829 8994 40.7869
5829 12958 45.9748
5830 6763 76.8048
5830 15170 26.1741
5831 9129 109.286
5831 11031 40.7668
5831 14595 27.5991
5832 10690 71.5646
5832 15262 65.3895
5833 14686 19.3761
5834 6198 68.6373
5834 16049 41.2303
5835 6395 55.5479
5835 10303 30.8648
5835 10997 117.643
5836 9322 69.6481
5836 13226 44.0343
5836 16329 77.7287
5837 8488 42.5825
5837 11611 89.3689
5838 7430 122.423
5838 12031 105.63
5838 12349 105.367
5838 16526 97.2789
5839 6232 62.0595
5839 7971 75.9145
5839 8270 4.66372
5840 6890 66.282
5840 7939 76.5525
5840 17079 31.5698
5841 14402 76.7227
5841 16521 26.0828
5842 9782 81.5398
5842 11573 70.0682
5843 10854 38.4011
5843 14074 32.3781
5844 8671 35.5378
5844 9148 52.8287
5844 10896 20.797
5845 8872 101.347
5845 11310 15.9979
5845 11750 24.9349
5846 9158 80.4063
5846 10755 70.9021
5848 10192 89.3889
5849 6714 9.66062
5849 14982 40.4536
5850 10128 76.7687
5850 12664 83.158
5851 10094 73.2955
5851 16814 18.9241
5852 13065 105
5852 14391 132.337
5852 16028 105.708
5853 16351 77.8619
5853 17151 99.7667
5854 7391 86.2971
5855 12716 42.2323
5855 15368 63.4581
5856 6879 59.0695
5856 12085 112.94
5856 16279 56.1122
5857 13335 86.775
5857 14179 47.8274
5858 10891 40.9662
5858 15311 77.1834
5858 16755 53.8329
5859 14745 90.2994
5860 14114 109.356
5860 14793 43.7117
5860 15004 77.7298
5862 6723 30.0518
5862 8522 42.3655
5862 12278 25.7151
5863 8766 52.9493
5863 10079 47.5533
5863 12883 80.4409
5863 15867 116.27
5864 11752 37.8577
5864 14643 104.542
5865 8313 63.6371
5865 13196 36.0619
5865 14632 68.353
5866 6658 61.0538
5866 15940 35.4951
5867 7023 34.2728
5867 10772 55.7383
5867 12266 6.0223
5867 14359 24.466
5868 12775 86.8492
5868 14403 64.4934
5869 7231 55.0033
5869 10528 51.4749
5870 12759 28.7385
5871 6417 52.0128
5871 7361 67.2979
5871 15081 48.7437
5872 8772 48.4936
5872 9532 24.4567
5872 12875 101.461
5872 14267 82.1406
5873 7366 77.0306
5873 9194 58.0095
5873 11910 45.0965
5874 15569 35.9578
5875 7647 54.8127
5875 7924 34.6564
5875 13341 39.9025
5875 14417 31.2221
5876 13701 60.9406
5877 6473 16.8951
5877 8007 49.4777
5877 11000 118.072
5877 16201 19.4684
5878 11216 36.6217
5878 15643 65.2882
5879 7827 30.6374
5880 6451 28.1308
5880 10399 39.5101
5880 12828 41.5473
5882 7511 31.1046
5882 10919 65.3629
5883 9888 19.3306
5883 11619 29.4522
5883 14069 51.9489
5884 10697 31.394
5884 11248 80.8609
5884 13572 119.314
5885 16454 39.8038
5886 10033 77.8588
5886 10247 66.0752
5886 12635 30.5766
5888 6419 108.91
5888 16957 41.8017
5889 7489 41.0816
5889 12130 26.6905
5889 15843 32.7118
5889 16585 12.7325
5890 6742 70.1525
5890 8909 74.5965
5891 6882 42.7046
5891 11391 39.1656
5891 11951 66.612
5892 6560 2.42421
5892 9351 21.995
5893 6367 64.7442
5893 10379 82.8335
5893 11422 55.2467
5893 13650 63.2726
5894 10658 11.5123
5894 16022 16.787
5894 16207 61.817
5895 10645 66.173
5895 16962 42.1511
5896 9500 67.5894
5896 14225 70.0377
5896 14942 43.5018
5897 6072 56.3531
5898 7814 105.785
5898 8593 37.2215
5898 15269 112.982
5899 10478 97.8432
5899 14872 58.4195
5900 6326 49.9102
5900 7931 44.6359
5900 12002 33.3574
5901 8000 20.3838
5902 11589 58.5263
5902 11755 48.2739
5903 10073 25.3828
5903 11304 59.5233
5903 11931 40.7667
5903 14928 95.819
5904 8836 136.001
5904 13113 92.6751
5905 6853 22.7541
5906 10034 49.4155
5906 11508 55.7002
5907 8933 61.5346
5907 11477 32.103
5907 13018 90.2284
5907 14203 39.0545
5907 14801 128.451
5908 6050 22.5925
5908 6940 17.42
5909 15224 127.79
5910 15201 42.3431
5910 15256 17.5977
5911 11661 127.537
5912 6482 78.5943
5912 7600 78.4
5912 8104 9.13243
5912 16249 57.5362
5913 8557 25.5052
5913 8777 36.8813
5914 13008 97.4513
5914 17125 63.5075
5915 7708 72.4786
5915 13358 50.8391
5916 8707 11.9708
5916 15746 46.301
5917 12891 50.8813
5917 13279 31.2866
5917 16242 57.4405
5918 7535 68.737
5918 13122 89.1555
5919 11016 39.0148
5919 12880 65.5739
5919 15485 56.0411
5920 5925 25.7647
5920 8507 70.7083
5921 16513 102.988
5922 7727 70.2004
5923 10187 34.3812
5923 10321 31.9604
5923 11331 25.9094
5924 7329 36.9747
5924 9752 55.2717
5924 10327 21.6692
5924 16879 54.2538
5925 8507 24.8219
5925 12448 29.8801
5926 12647 79.2476
5927 7604 27.206
5927 9647 44.9213
5929 12878 5.52232
5929 16231 64.8101
5930 12338 53.2538
5930 13600 61.454
5931 6349 146.739
5931 8881 123.83
5931 15375 22.4376
5932 8761 39.2054
5932 9936 56.9077
5932 15696 6.19573
5933 15660 52.2281
5934 11099 160.819
5934 12659 99.9023
5934 15969 42.2856
5935 6246 54.5993
5935 6563 51.1317
5935 11730 83.4216
5936 8609 81.0903
5937 16946 73.0161
5938 6613 66.1809
5938 9425 49.4847
5938 10316 65.6163
5938 14618 41.8046
5938 16084 46.8325
5939 6800 72.4526
5939 9947 27.9914
5939 12633 23.3021
5939 13479 57.5655
5940 12326 105.201
5940 13708 45.1132
5940 14462 56.2213
5940 15292 43.3862
5941 8103 16.9391
5941 14528 18.8962
5941 16540 24.8232
5942 7961 42.4164
5942 9382 34.4015
5943 7987 55.1296
5944 8064 66.0758
5945 9226 46.4721
5945 11352 66.8659
5945 14765 9.87345
5946 12148 11.1478
5946 15065 19.6787
5947 6227 117.275
5947 10428 57.5917
5947 10966 118.437
5948 7280 69.5244
5948 11284 62.6274
5948 13182 45.6284
5949 6774 67.6941
5949 9506 18.6953
5949 10537 69.4209
5950 15452 58.4379
5951 10042 29.5027
5952 14656 32.1728
5952 15915 35.5641
5952 16466 37.5593
5953 14468 91.4479
5953 15289 69.8274
5954 14077 39.4351
5955 10330 69.6685
5955 11383 63.9701
5955 16115 56.0589
5956 7004 63.1089
5957 9826 12.2563
5957 11168 43.8627
5957 13315 82.1712
5957 13376 31.3259
5959 15380 61.8512
5959 15664 50.5718
5960 6443 108.247
5960 9662 37.1201
5961 7281 58.6416
5961 8272 84.1835
5962 8753 58.8703
5962 9031 134.578
5963 8873 24.7393
5963 13604 6.66844
5963 13827 88.5967
5963 15610 46.9699
5965 15238 31.5266
5966 5979 86.0092
5966 7994 22.7994
5966 15750 102.931
5966 16940 34.96
5967 8484 63.4262
5967 9345 81.0961
5967 15293 68.9141
5968 10302 32.974
5968 15253 54.4504
5969 6916 83.8307
5969 14452 73.5947
5969 16041 90.2802
5970 8454 58.9881
5970 8724 63.0012
5971 12586 80.6954
5971 15034 51.3697
5971 15453 84.3381
5972 13671 54.7134
5972 16888 6.03026
5973 7724 52.7305
5973 15877 41.606
5973 17038 93.6462
5974 10509 119.909
5974 12204 35.8919
5975 7802 91.9776
5975 9612 14.1861
5975 10241 44.8847
5976 15866 44.0166
5977 7094 70.3701
5977 7704 15.6944
5978 6774 35.0838
5979 15750 9.71917
5980 7121 62.7226
5980 8227 32.3581
5981 7127 58.8652
5981 13840 109.929
5982 11999 72.0542
5982 13799 55.8554
5984 8878 55.8225
5984 13169 76.1595
5985 9583 42.8433
5985 12907 42.1993
5985 15023 70.2176
5986 12251 66.5411
5987 13630 93.8757
5988 9641 77.3465
5988 9998 54.4152
5988 13458 39.2246
5989 13323 109.628
5989 14099 99.4885
5989 14821 90.1178
5990 6796 83.0435
5990 10968 44.6105
5991 14660 50.9516
5991 16458 19.4894
5992 9326 63.2268
5992 17090 63.5794
5993 8849 65.2078
5993 11563 16.9262
5994 10025 36.8112
5994 15162 90.1948
5994 17009 34.7245
5995 9519 116.013
5997 8518 104.969
5998 6725 56.2685
5998 10208 53.7265
5998 13949 35.3101
5999 7565 53.5602
5999 14214 58.8679
5999 15344 60.8923
6000 9324 43.1793
6000 9415 60.2572
6000 13909 108.295
6001 10025 59.8862
6001 10139 27.9
6001 12311 100.215
6003 15007 72.5873
6004 11791 68.7466
6004 14524 28.4436
6004 15598 82.4561
6005 6565 83.3555
6005 7550 12.7338
6005 14446 67.6079
6006 7310 51.1015
6006 9072 43.2292
6006 15783 46.8662
6007 9471 36.0205
6008 12849 117.017
6008 16607 16.3155
6009 9168 63.3584
6009 16149 76.3591
6009 16431 99.0906
6010 15139 57.5322
6010 16355 27.4857
6011 6123 62.0599
6011 11819 31.8902
6013 6583 91.6934
6013 8717 35.505
6013 10239 84.8752
6014 12845 81.257
6014 13060 129.266
6015 7114 28.5324
6015 7913 65.8754
6015 13831 40.0807
6015 15354 58.6698
6015 15399 17.3573
6016 6309 83.6669
6016 10067 19.4075
6017 6418 67.9146
6017 7668 61.2504
6017 9414 54.62
6019 7882 113.112
6019 11385 129.219
6019 12361 116.315
6020 10090 59.7318
6020 15479 68.2191
6021 6917 58.3233
6021 7848 35.0969
6021 13689 97.001
6023 8449 51.4455
6023 11044 73.1538
6023 13178 51.0204
6023 14208 66.0603
6024 10271 32.4802
6024 10685 69.8931
6024 10759 85.2802
6024 15691 34.7237
6025 7657 105.338
6025 13920 35.0579
6026 10194 48.0974
6026 11196 44.6705
6026 15315 77.5034
6027 11744 52.5944
6028 10526 86.2689
6028 11328 40.9486
6028 13318 49.7249
6029 8871 94.8663
6029 13697 55.4971
6029 15995 39.4072
6030 7931 44.0125
6030 12575 67.3301
6030 13123 88.3273
6031 6378 26.3076
6031 13577 43.6648
6031 14544 69.3065
6032 9448 62.7073
6032 12134 92.6927
6032 16058 73.6492
6033 7232 69.6399
6033 11825 73.6449
6034 8079 66.9707
6034 8339 60.125
6034 10864 59.9785
6035 7928 90.6207
6035 8229 75.7317
6035 15805 117.622
6035 16202 54.5998
6036 13160 62.0594
6036 14521 119.699
6037 8412 73.4187
6038 6632 8.11522
6038 7864 14.6799
6038 9492 29.0759
6039 7138 31.8957
6039 10674 40.7445
6039 11658 104.788
6039 14427 85.2894
6040 8308 25.9731
6040 8632 81.2127
6040 9141 56.1113
6040 10444 71.7908
6040 11527 95.4252
6041 7195 37.3611
6041 15374 47.8074
6042 9622 77.1413
6043 7370 74.867
6043 9499 17.708
6044 9125 54.7001
6044 16677 16.5752
6045 8981 55.9925
6045 10905 94.1025
6045 14184 43.3768
6046 13419 66.2802
6047 9043 22.5284
6047 11155 31.1703
6047 12237 53.1379
6048 7998 28.4079
6048 8231 46.2787
6048 13600 68.3989
6049 6284 93.4542
6050 6940 28.7225
6051 8889 51.958
6051 11724 44.3445
6051 14855 27.1331
6052 6758 29.8926
6052 10171 98.4871
6053 6899 105.715
6053 7402 83.8586
6053 12493 92.1272
6053 15700 127.196
6054 13155 70.6932
6054 14888 86.2506
6055 7575 31.8359
6055 7739 75.522
6056 7513 125.578
6056 7688 106.206
6056 11311 70.8482
6057 6167 50.3198
6057 12088 55.7729
6057 13263 25.3776
6058 8516 48.4771
6058 9704 32.1351
6058 9792 81.491
6058 11714 33.9012
6058 14285 56.3559
6059 12794 39.9882
6059 16072 74.3557
6059 16596 70.8874
6060 7012 71.9275
6060 15548 113.995
6061 7637 40.9566
6061 8292 96.0213
6061 16836 105.475
6062 10166 126.048
6062 12316 81.354
6063 9181 44.539
6063 11179 102.337
6063 15244 57.0654
6064 12382 60.7142
6064 15680 68.9756
6065 7664 35.8078
6065 8877 34.1087
6065 10174 9.36271
6066 9285 84.9774
6066 16312 46.8751
6067 13923 94.995
6068 8026 38.0473
6068 15296 62.0865
6069 6668 85.5976
6069 7007 47.1971
6069 13992 62.5333
6069 15098 18.6904
6070 7686 68.6532
6070 8681 83.1311
6070 14292 43.7326
6072 11078 63.4179
6073 9235 90.7076
6073 10767 37.3744
6073 12949 18.6273
6074 9228 72.0967
6074 10648 98.2207
6075 8082 102.79
6075 10192 28.3863
6075 12088 58.4045
6075 13263 44.0681
6076 11111 41.1834
6076 12338 81.991
6076 17093 74.8212
6077 6574 51.3316
6077 11905 64.4672
6077 13759 70.9552
6078 12960 43.7625
6078 15746 51.1561
6079 6313 10.4353
6079 10546 116.516
6079 10829 100.467
6079 14430 69.2229
6079 15211 94.4646
6080 7539 72.8398
6080 8951 56.7404
6080 11704 50.2097
6081 12372 52.4298
6081 12706 50.0504
6082 8192 55.488
6082 16555 58.8732
6083 10943 87.259
6083 12935 65.9113
6083 13634 57.6629
6083 15028 34.35
6083 15954 78.241
6084 7005 61.9001
6084 7601 39.2405
6085 7765 55.7813
6085 14197 110.763
6085 16975 14.7397
6086 14743 84.6582
6087 10332 76.0874
6087 11756 58.4395
6087 15653 53.2519
6088 8725 83.8648
6089 15411 56.0669
6090 8706 42.2529
6090 11134 21.9822
6090 14600 23.6725
6091 6178 126.584
6091 7104 52.7046
6091 12586 30.4659
6091 15453 38.3407
6092 9415 51.2883
6092 13102 121.56
6093 6433 75.0513
6093 6576 122.046
6094 6992 35.2649
6094 11392 27.6428
6094 13566 105.891
6094 13796 81.3389
6095 15683 23.2236
6095 15737 54.7903
6096 9770 40.1129
6097 11076 92.3818
6098 6838 53.7545
6098 13701 66.8147
6098 14899 77.517
6099 10439 31.4607
6099 13254 26.5932
6099 15676 88.0496
6099 15727 56.6713
6100 6540 51.7057
6101 6743 82.2005
6101 9057 91.5984
6101 9328 92.9954
6101 11788 43.9271
6102 8179 22.2534
6102 10343 49.1822
6102 11634 57.4654
6103 8209 91.7671
6104 6808 125.123
6104 13845 88.1161
6104 16480 63.6109
6105 6544 68.4209
6105 6643 47.6621
6105 11231 69.9424
6105 14924 29.7922
6105 15829 46.6673
6106 8459 55.3772
6106 12815 60.8638
6106 13735 85.8497
6106 15438 29.5616
6106 16885 76.0116
6107 7170 67.9284
6107 10169 34.3101
6108 8385 62.9762
6108 13021 33.9356
6108 16895 28.4843
6109 7025 76.5719
6109 9214 23.07
6110 7288 57.5488
6110 7852 87.8431
6110 11149 62.4441
6111 13712 60.0392
6111 16782 61.0332
6112 11220 110.281
6112 12283 59.1631
6112 14253 103.097
6113 6579 30.1958
6113 16828 59.3972
6114 11607 124.723
6114 15267 91.023
6114 17055 66.4893
6115 14147 48.4328
6116 11831 12.865
6116 17106 22.7448
6117 10143 40.5368
6117 10479 60.709
6117 16698 26.2071
6118 11692 45.6047
6118 13979 21.9509
6119 11408 79.2368
6119 15777 51.7349
6120 11858 73.2374
6120 13087 55.7577
6120 16424 78.8727
6121 9765 89.807
6121 9857 135.322
6121 10250 129.906
6121 13273 41.5325
6121 14782 131.643
6122 9770 58.6573
6122 10092 59.775
6122 12425 70.6469
6124 9046 57.5322
6124 12823 63.9211
6124 14812 29.3509
6125 10351 103.831
6125 11232 62.8795
6126 8709 48.3491
6126 9584 68.0445
6126 14026 45.4566
6127 9636 14.2846
6127 15885 49.6181
6128 7137 25.3449
6128 10485 118.487
6128 17046 70.8443
6129 6222 59.0133
6129 9488 47.1827
6130 9345 46.4855
6130 13984 70.908
6131 12259 35.9137
6131 12367 88.2088
6131 13298 55.0299
6132 7318 51.8777
6132 7515 18.54
6132 11194 20.0054
6132 12143 61.1332
6132 12894 28.7076
6133 6939 56.8476
6133 12252 30.7495
6133 17078 34.4784
6134 7890 55.245
6134 10627 56.019
6135 7268 23.9559
6135 12049 44.5301
6135 16685 73.9903
6136 9880 28.9409
6136 14633 92.2252
6137 7796 7.67208
6137 8871 96.7464
6137 16876 43.9418
6138 6182 103.624
6138 8925 68.8968
6138 11966 132.98
6139 6327 54.1017
6139 7949 35.487
6139 13195 138.821
6139 13437 51.6709
6139 15402 150.721
6139 15673 54.5467
6140 15056 41.4805
6140 17019 49.4346
6141 9746 89.4515
6141 13713 54.8868
6142 9550 3.33739
6142 9893 57.5577
6142 10312 41.5641
6142 12451 56.6875
6142 15504 72.4271
6143 11528 51.9932
6143 14408 82.6498
6143 16733 52.4695
6144 7803 39.0537
6144 12762 30.3104
6144 13056 29.286
6144 15533 24.7606
6144 16364 6.34712
6145 13876 62.3961
6146 9212 105.225
6146 9311 22.2418
6147 9162 64.1126
6147 9327 21.9565
6147 12827 96.3101
6147 12980 28.6087
6148 6979 15.6195
6149 8459 39.3152
6149 13035 68.405
6151 12513 62.3626
6152 9406 47.5504
6152 10097 73.2341
6152 16798 68.5613
6153 12714 71.1812
6153 15137 78.3691
6154 7143 51.2375
6154 10346 60.5853
6155 8735 47.6652
6156 11140 106.252
6156 13422 87.5555
6156 16896 95.7724
6157 6463 68.5538
6157 10265 38.48
6157 10725 65.1831
6157 13628 48.7555
6158 9336 88.1178
6158 9398 97.689
6158 11554 56.6047
6158 14061 57.2211
6159 8720 49.0042
6159 11106 21.7411
6159 12993 112.347
6159 14434 70.4749
6159 14708 68.5711
6160 9916 65.2147
6160 17180 63.6196
6161 7414 5.39293
6161 11898 86.5159
6162 6257 51.5229
6162 13664 46.6661
6162 15953 88.5933
6163 9064 14.001
6164 6554 46.4097
6164 9372 28.0715
6165 7791 50.0999
6165 8096 65.9418
6165 14020 35.5003
6166 12682 33.3987
6166 16575 51.8844
6167 12088 54.9901
6167 12178 49.9687
6167 13263 51.7881
6168 10143 62.6362
6168 10479 29.745
6168 11870 73.913
6169 7481 69.2485
6169 11757 74.4543
6170 8370 50.283
6171 6898 38.4285
6171 8744 56.8131
6172 6999 98.7385
6172 14559 82.0116
6172 15886 52.6218
6173 16867 57.9937
6175 14271 47.4236
6175 16373 70.1957
6175 17091 35.0265
6176 10852 83.8299
6177 6552 111.095
6177 6976 87.9563
6177 7247 55.7335
6177 9364 111.757
6178 7104 68.5179
6179 8835 14.629
6179 10081 53.0359
6179 13247 65.729
6180 6735 69.3614
6180 9640 69.0613
6180 11604 28.3253
6180 15926 55.8737
6181 7061 28.5173
6181 9142 43.8681
6182 8358 85.3571
6182 10135 79.7707
6182 11966 77.9264
6182 13715 30.3789
6182 16449 93.1409
6183 6298 26.9835
6183 8740 45.2939
6183 15835 64.3873
6184 12769 41.1446
6184 12816 51.7461
6184 14902 40.9859
6185 8679 87.4212
6185 8980 61.6367
6185 11963 13.9858
6186 13077 56.4321
6187 10101 71.9861
6187 12403 55.7085
6187 13556 102.844
6188 9042 33.4823
6188 13494 63.8128
6189 8546 46.2313
6189 8911 54.4685
6189 12974 41.6701
6189 15876 24.1661
6190 12120 28.5387
6190 16838 59.5588
6191 6355 36.5097
6191 16386 58.1479
6192 10790 73.1171
6192 11520 38.1261
6192 11772 45.3479
6192 16487 63.4976
6193 16777 53.5508
6194 17134 56.5951
6195 8698 64.9437
6196 10174 72.5525
6196 10353 75.6852
6197 10730 75.4496
6197 11183 115.448
6197 15605 99.4127
6198 16049 17.0316
6199 14381 31.9405
6199 14458 55.361
6200 6611 59.9374
6200 13957 34.9526
6201 12714 85.5831
6201 15137 70.1922
6202 12914 62.1178
6202 14918 33.4478
6202 16877 27.3584
6203 7999 101.362
6203 8355 93.9081
6203 10781 97.1995
6204 12910 126.95
6204 16193 77.917
6205 7263 80.3341
6205 11478 69.0252
6205 14958 65.3022
6206 8389 54.5847
6207 11981 70.664
6207 14059 112.645
6207 15407 121.809
6208 8057 53.2221
6208 10083 24.6511
6208 11741 38.2045
6208 13039 102.017
6209 10860 71.4083
6209 13562 50.2796
6209 14718 74.7417
6210 8831 77.738
6210 8974 65.1891
6210 11955 78.7413
6210 15949 86.8586
6210 16795 28.1379
6211 9052 26.6406
6211 12599 26.3147
6212 7056 22.5538
6212 15708 36.0665
6212 16498 39.2808
6213 8847 44.3603
6214 7571 74.6102
6214 11441 93.0968
6214 11900 77.6846
6215 6988 101.453
6215 10363 42.1082
6215 15961 84.469
6216 9431 20.5725
6217 8210 105.996
6217 8357 77.9245
6217 11616 69.0673
6218 10975 69.2977
6218 13446 65.8402
6218 16780 84.8593
6219 8034 97.9039
6219 9644 15.3824
6219 13577 76.399
6220 6956 29.3064
6221 6402 100.327
6221 12756 40.3352
6221 13959 85.0393
6222 11780 44.359
6222 13046 79.4225
6222 16761 58.6134
6223 9272 52.0251
6223 13854 43.6615
6224 13042 27.7209
6224 13539 26.1129
6225 8828 83.9615
6225 14691 36.2773
6225 17039 46.8882
6226 6567 95.4036
6227 10428 43.425
6227 10966 49.7445
6227 12799 75.8372
6227 13606 34.7156
6227 14467 73.2493
6228 7356 36.4442
6228 8246 65.5743
6228 16851 36.0003
6229 6332 50.7348
6229 9469 90.8232
6230 6408 57.3525
6230 6757 34.8174
6230 13375 43.4145
6231 9698 116.743
6231 13761 95.751
6232 7757 112.106
6232 8270 54.7209
6233 7203 104.752
6233 9279 77.9274
6233 12505 79.0735
6234 16512 69.8178
6235 15271 54.421
6235 15306 66.7575
6235 16916 76.8124
6235 17153 55.2007
6236 10883 28.0416
6236 11916 83.0195
6236 16039 56.9033
6236 16360 11.0145
6236 16997 34.7636
6237 8573 59.1591
6237 15654 103.082
6237 16890 84.1844
6238 6914 90.0135
6238 9318 97.5285
6238 12173 100.744
6239 7881 73.5865
6239 10846 73.0655
6240 12048 36.4885
6241 11040 73.0722
6241 11456 75.5736
6241 13674 44.5981
6242 12188 73.5416
6242 13407 22.4705
6242 14340 63.0599
6243 8204 55.0661
6243 14806 65.4196
6243 16247 67.5221
6244 8566 33.7014
6244 8856 15.4492
6244 13657 107.316
6244 14029 34.7945
6245 6247 33.6808
6245 14252 68.0155
6246 16828 45.2361
6248 7554 32.5769
6248 9416 99.0769
6249 13061 86.3846
6249 15979 34.2565
6251 8660 77.8323
6251 9179 19.5691
6251 14703 48.1239
6251 15084 79.4845
6251 16716 27.4981
6252 6605 107.458
6252 6706 78.3332
6252 13734 103.444
6253 7952 51.4649
6253 10233 14.6545
6253 10441 38.705
6253 12834 18.0187
6254 11601 30.1395
6254 17088 40.7164
6255 7932 26.6943
6255 8661 40.2806
6255 10155 47.6658
6255 10421 16.2489
6256 8446 41.2184
6256 16168 42.0885
6257 15953 106.095
6258 7187 44.7435
6258 12329 7.54121
6259 8928 76.2089
6259 13285 28.0777
6259 14303 61.3201
6260 7568 95.6141
6260 9257 45.4747
6260 10600 27.7211
6260 11262 54.6267
6260 16912 39.241
6261 7891 22.2022
6262 13098 38.4531
6262 13317 71.5529
6263 6356 100.412
6263 14081 32.7636
6263 17144 83.9288
6264 13111 129.5
6264 13526 43.9891
6264 15861 64.4031
6265 7487 67.4591
6265 12339 110.842
6266 6455 40.2927
6266 11904 24.9041
6266 13606 93.3066
6267 6589 51.559
6267 17109 100.121
6268 12222 22.5702
6268 16708 73.1936
6269 12984 44.8374
6269 15999 68.9854
6270 11765 36.5207
6270 14142 28.2565
6271 12998 75.5028
6272 11162 66.1433
6272 11339 16.8282
6272 16240 49.7492
6273 16319 47.9064
6274 10661 65.7684
6274 14946 45.973
6274 16560 125.903
6275 12090 76.3652
6275 12350 78.8934
6275 12359 79.6194
6275 16459 60.0544
6276 6721 38.0412
6276 8002 88.3109
6276 11735 98.3277
6276 14604 41.3598
6277 8528 107.075
6277 10348 86.7423
6278 7515 55.464
6278 10762 80.1718
6278 12143 46.1196
6278 15261 28.6718
6279 7689 92.1589
6279 13934 63.6267
6279 16264 79.2787
6280 6687 96.8292
6280 15508 69.4165
6281 7806 24.4708
6281 12226 21.3069
6281 13493 19.8991
6281 16422 45.5932
6282 8184 28.4913
6282 8718 32.0327
6282 10131 13.632
6282 14691 53.9444
6283 8084 22.6535
6283 10844 27.8025
6283 17126 49.7582
6284 11023 15.0395
6285 7192 7.746
6285 8291 102.245
6285 10908 46.2172
6286 9388 94.1184
6286 9391 88.6048
6287 7954 103.526
6288 6666 57.0057
6288 7095 82.3295
6288 11647 66.0455
6289 6933 54.2478
6289 11610 51.0626
6289 15046 88.7907
6290 7780 29.7968
6290 10745 52.7419
6290 13795 60.5208
6290 16352 37.9537
6291 7384 45.2386
6291 9074 48.9737
6291 10435 42.8465
6291 11732 19.6927
6292 7436 38.8574
6292 11007 57.177
6292 11397 62.6832
6293 15200 104.799
6293 15245 124.092
6293 16948 75.753
6294 9365 42.8885
6294 13828 30.313
6294 16596 92.5366
6295 10468 37.2497
6295 10718 36.6249
6295 11836 18.3849
6296 10693 46.9065
6296 14017 49.872
6296 16583 97.7779
6298 14068 90.2416
6298 15835 97.469
6299 14923 95.7564
6299 15512 79.0745
6300 9635 36.731
6300 10449 37.7702
6300 11978 65.8982
6301 6881 35.61
6301 9428 51.5756
6301 14790 36.7435
6301 16151 41.381
6302 8097 31.2737
6302 16250 49.1767
6303 9450 95.3622
6304 7031 82.7625
6304 12542 19.5274
6304 12551 70.8362
6305 11640 79.8494
6306 7491 77.4113
6306 8504 10.2802
6306 10306 114.793
6306 13637 76.953
6307 14058 18.2083
6307 14760 31.7752
6308 16078 72.6454
6309 11280 87.9086
6310 9262 61.0011
6310 17107 11.9872
6311 6980 91.1279
6311 8382 41.9876
6312 13963 36.1272
6312 14373 40.6013
6312 15921 98.9838
6313 14430 53.2788
6314 14816 23.6734
6315 9870 26.7178
6315 13454 39.5152
6315 16581 46.1793
6316 7451 23.103
6316 12956 86.8379
6316 14106 52.4074
6317 8093 33.3014
6317 10463 66.5186
6318 8106 67.2488
6318 10163 27.5868
6318 13306 63.4383
6319 7696 109.915
6319 9789 171.934
6320 9875 110.565
6320 13629 20.2633
6321 6575 37.7286
6321 11928 116.263
6321 15094 128.611
6322 7239 6.17337
6322 12389 65.2343
6323 9660 72.5955
6323 16683 90.7931
6324 7360 45.2554
6324 11473 5.54058
6324 16753 81.8003
6325 12058 89.4232
6325 14533 45.5044
6326 7931 83.4604
6326 12575 149.144
6327 11210 92.0875
6327 13437 10.0998
6327 15673 44.873
6328 10518 69.1375
6328 11969 43.8304
6328 12160 52.8412
6328 13205 41.1541
6328 13269 47.9114
6329 11156 93.11
6329 12347 51.6249
6329 13207 45.6673
6330 9948 65.9516
6331 7504 71.1027
6331 11034 74.1182
6332 9469 55.2471
6333 10369 41.9083
6333 10385 9.37379
6333 15091 68.3025
6333 16292 30.924
6334 11862 37.9171
6334 13023 44.4017
6334 13839 44.5063
6334 16676 69.7226
6335 10792 72.8881
6335 10853 91.0912
6335 16650 124.582
6336 6345 39.1504
6336 8992 26.8808
6336 11327 30.4487
6336 12113 33.2532
6336 17169 30.7423
6337 11722 33.0562
6337 16579 55.4203
6338 8866 33.2939
6338 13189 24.4448
6338 14033 56.0435
6339 7526 55.8482
6339 13114 29.6062
6339 16658 33.6414
6340 7001 40.3947
6340 9539 47.8305
6340 12996 18.0169
6340 13742 17.9964
6340 17047 44.323
6341 6469 72.4056
6341 11781 54.2651
6342 6948 88.5734
6342 13718 36.7594
6342 14133 17.0494
6343 9086 3.62398
6343 16690 38.6626
6344 10503 52.2782
6345 8992 75.7253
6345 12113 32.9461
6346 6549 135.745
6346 9105 45.026
6346 13482 135.931
6346 16586 70.7192
6347 15446 37.6574
6347 16802 18.1254
6348 8480 43.8699
6348 14738 92.9362
6349 6576 68.9009
6349 8445 73.6131
6349 13818 27.5775
6349 15375 85.7957
6350 10362 45.3989
6350 13264 33.3197
6350 15116 39.2381
6351 9025 91.6637
6351 12077 21.959
6351 15626 75.7961
6352 8205 54.1324
6352 10175 97.5769
6352 12450 37.2651
6352 12727 39.6241
6353 8176 54.4552
6353 9740 39.2394
6353 11062 4.01144
6353 15542 49.9485
6354 12366 60.4037
6354 13354 70.9278
6354 16166 97.9129
6356 14081 56.1588
6357 11501 28.6693
6358 12683 69.6744
6358 13709 107.968
6359 11883 97.3623
6360 12835 6.90756
6361 11712 76.5249
6362 9990 15.1574
6362 10598 52.9023
6362 16438 48.9546
6363 11446 43.0929
6363 13603 25.6228
6363 14870 50.9167
6363 15286 38.949
6364 8370 63.6834
6365 9727 64.7932
6366 11721 55.9578
6366 13812 36.246
6366 16552 47.671
6367 11422 6.35064
6367 13650 79.2369
6368 7788 31.0204
6368 15435 37.6651
6368 15578 37.6351
6369 13470 74.0436
6369 14076 43.662
6369 14630 54.1299
6369 15113 46.7679
6370 13955 104.286
6370 14419 41.5391
6370 15334 20.4398
6371 8395 68.823
6371 11204 85.0852
6371 12194 73.8017
6371 15935 96.092
6371 16276 66.3925
6372 10654 59.5329
6372 11155 61.9045
6372 12726 98.5849
6373 7305 52.1465
6373 15571 75.2442
6374 7003 18.3865
6374 7304 115.258
6375 9790 104.916
6375 12651 67.467
6375 12713 61.9122
6377 9987 82.4223
6377 11723 74.4975
6377 12050 70.9081
6377 12062 39.0321
6378 13577 24.3677
6378 14544 55.6826
6379 7168 86.3656
6379 9581 58.4127
6380 16529 94.6102
6381 7773 82.0341
6382 8223 23.3549
6382 8988 78.9237
6382 11994 34.5755
6382 16754 16.9868
6383 6571 50.1389
6383 6608 96.5375
6384 10505 43.3276
6384 12689 52.5288
6385 16148 48.0888
6386 13546 66.3399
6386 15445 84.5247
6386 15790 62.4875
6387 12261 87.5953
6387 14535 55.8489
6387 16521 69.7172
6388 6784 46.1381
6388 13864 78.4169
6388 15960 52.9413
6389 8902 55.6435
6389 9530 71.9094
6389 11316 45.6337
6390 8658 35.4566
6390 10373 65.7648
6390 10493 54.9467
6390 12744 53.3881
6390 12871 53.5041
6391 8467 16.2563
6392 6943 102.326
6393 13170 99.1929
6393 15735 31.2869
6394 9650 97.3945
6394 16032 19.2748
6395 10303 38.2981
6395 12805 73.9243
6396 14138 95.8189
6396 14518 27.3763
6396 16634 17.616
6397 7200 74.6847
6397 9190 45.7879
6397 15747 84.1604
6398 6530 56.4753
6398 10335 48.6569
6399 8500 41.1517
6399 10307 68.4983
6399 10636 71.7899
6399 10727 48.6964
6400 11713 71.5443
6400 13171 41.3257
6400 16108 104.481
6401 11710 12.2168
6401 16678 44.5985
6402 9012 97.2231
6402 12674 101.462
6402 12756 71.2321
6403 16475 56.2939
6404 7754 52.3714
6404 14809 83.9564
6405 10406 136.73
6405 15815 126.587
6406 12408 60.8139
6406 13081 70.3234
6406 17131 21.2603
6407 11437 85.6881
6408 7330 37.5788
6408 13375 30.8375
6408 15128 95.6516
6409 8361 96.7486
6409 10940 80.8901
6409 11462 73.2276
6409 12075 27.2993
6410 10048 75.4578
6410 14389 53.1096
6411 8321 33.8872
6411 9874 57.7933
6411 13540 107.289
6412 7720 59.9212
6412 10939 140.32
6412 14465 20.1404
6412 15934 94.6344
6413 9466 81.3898
6413 13925 66.979
6413 14618 93.3588
6414 11002 1.07238
6414 12580 37.1517
6415 7540 62.68
6415 10989 60.818
6416 11636 44.4509
6416 14242 27.4915
6416 15430 117.243
6417 7361 3.52791
6417 8797 20.1892
6417 11050 40.2989
6417 15081 69.0737
6418 7668 93.2341
6418 9414 75.4239
6418 15214 134.98
6419 16957 115.48
6420 9039 60.8167
6420 13428 50.1608
6421 8009 88.2861
6421 11437 41.0993
6421 13923 82.497
6422 8839 22.8773
6422 12110 66.3544
6422 15907 17.6764
6423 7380 72.6883
6423 12790 62.8274
6423 14763 102.754
6423 16012 91.6544
6424 8614 24.519
6425 7229 61.821
6426 6477 100.659
6427 11221 54.4668
6428 13946 72.3594
6428 14598 52.0864
6429 6782 68.6835
6429 8167 68.9056
6429 15837 36.4678
6430 16233 40.8222
6431 16150 86.3244
6432 13130 46.4577
6432 15946 97.4896
6433 6576 79.4
6434 15593 55.2031
6435 12148 65.9673
6435 15065 49.664
6436 14716 39.8965
6436 15553 68.6774
6437 9724 110.917
6438 13823 27.2297
6439 10716 109.322
6439 14122 100.211
6440 13910 55.5164
6440 14803 54.5186
6442 10691 111.443
6442 12767 58.655
6442 15198 31.6622
6442 17132 38.4798
6443 8360 48.019
6443 12287 100.781
6444 11512 89.3347
6444 12532 37.1091
6445 8973 76.7693
6446 10530 36.254
6447 9822 52.4178
6447 12739 63.38
6448 15309 61.8107
6449 9270 50.255
6450 6931 84.0835
6451 11724 58.5396
6451 12828 65.5191
6452 8575 63.0922
6452 10876 65.2004
6452 14675 44.6065
6453 15985 30.3493
6454 10979 114.682
6455 11904 86.9728
6456 6807 45.7081
6456 12566 90.7494
6456 15534 87.7429
6457 6484 37.6223
6457 10179 9.40599
6458 9896 76.6491
6459 7525 1.8481
6459 8674 32.1063
6459 12248 29.714
6460 6542 65.464
6460 16907 84.7624
6461 10007 64.2936
6461 10343 99.3294
6462 7157 66.3134
6462 12092 54.429
6462 14296 75.8286
6463 10725 44.0069
6463 16096 61.8913
6464 9208 51.9382
6464 16717 45.6335
6465 10309 29.6611
6465 10437 70.9987
6466 13175 71.6241
6466 15961 75.9796
6466 16113 51.354
6467 7156 83.2836
6468 7658 38.1962
6468 16899 41.9253
6469 10535 80.0463
6470 12319 58.9782
6471 6753 34.0154
6471 11608 49.8523
6472 8948 44.8329
6472 10541 23.6783
6472 13741 44.6578
6473 8007 53.6123
6473 11000 99.6701
6473 16201 36.9162
6474 8975 9.89475
6474 13007 58.9697
6474 15973 69.1744
6475 10091 44.6614
6475 14286 89.2423
6476 8688 28.0534
6476 10424 43.1371
6476 12365 47.2963
6477 10456 19.2148
6477 11513 18.5988
6477 13351 48.8389
6478 7378 68.4162
6478 7750 66.675
6478 10115 94.5731
6478 15077 71.471
6479 9630 80.4395
6479 10509 69.178
6479 14232 58.0896
6479 15490 49.2281
6480 8863 74.4121
6480 15174 74.3332
6480 16038 59.0355
6481 10542 40.0229
6481 11546 113.688
6481 15529 57.1663
6482 16249 49.303
6483 9772 34.9615
6484 10179 43.1514
6485 10517 82.6759
6485 13656 35.4873
6485 15228 70.3225
6486 6896 45.9037
6486 13881 37.8186
6486 16741 33.7175
6488 8465 110.815
6488 13155 109.426
6489 7862 158.834
6489 8331 90.3402
6491 8969 50.9715
6491 9854 76.67
6492 9852 24.4035
6492 10564 99.5564
6493 10196 33.6806
6493 11024 39.8033
6493 16147 72.994
6494 9065 26.6162
6494 12619 19.0281
6494 13851 70.1944
6495 9265 70.7582
6496 12452 75.5161
6497 12541 30.1558
6497 13692 12.5096
6498 14914 20.3465
6499 6847 70.8773
6499 10214 69.5489
6500 9799 102.779
6500 10032 42.7196
6500 17032 23.0398
6501 9651 40.1149
6501 10652 63.3457
6502 10365 42.6713
6502 12905 71.3292
6502 15824 68.2846
6502 16807 29.7807
6503 6945 42.552
6503 13393 6.72844
6503 16947 85.811
6504 8568 37.4423
6504 13078 81.8007
6504 13159 22.4094
6504 13215 65.1784
6504 15781 42.0922
6505 9352 32.7918
6505 13505 71.8778
6505 15663 80.3336
6506 8898 42.7004
6506 9666 19.0712
6506 12134 65.5469
6507 6593 50.1865
6507 10589 67.294
6507 13179 64.8077
6508 7486 104.475
6508 13484 92.5322
6509 10676 74.0285
6509 14916 56.4374
6510 7474 45.3633
6510 10415 90.0107
6511 9065 85.4749
6511 11716 52.78
6512 12984 76.9523
6514 11120 53.196
6514 12313 37.5884
6514 13343 42.6853
6515 8080 122.104
6515 12524 62.3332
6515 13819 33.4688
6515 15348 40.2676
6516 7088 25.5817
6516 10188 36.3998
6516 12604 55.4251
6517 15821 56.818
6518 6588 83.134
6518 7112 86.4794
6518 17087 74.6402
6519 8924 68.6431
6519 10270 62.2015
6520 6661 88.7326
6520 9266 103.52
6520 11579 26.3581
6521 13680 66.7383
6521 14810 39.3344
6522 7084 74.1991
6522 7586 40.0276
6522 9417 72.5303
6522 14129 19.5337
6523 10769 18.8873
6523 11483 86.2285
6523 13118 104.182
6524 8512 55.9033
6524 12553 96.3491
6524 13622 55.1076
6524 15469 64.4093
6525 12431 56.7658
6525 13062 61.7218
6525 13914 69.303
6525 14105 80.6809
6526 7661 47.4849
6526 9525 51.3416
6526 9568 63.0624
6526 13384 39.0251
6526 17183 101.866
6527 6634 43.9524
6527 9495 48.9436
6527 14191 82.3498
6528 8400 62.6527
6528 10948 68.1147
6528 16507 56.6063
6529 14501 71.2135
6529 16342 45.7683
6530 8341 46.3782
6530 10335 92.6594
6530 14261 33.0042
6531 10372 81.3466
6531 10874 50.9387
6531 11929 64.7523
6532 6937 20.0184
6532 8279 50.9153
6532 10193 27.7484
6532 16298 22.4525
6532 16695 19.455
6533 10367 38.6014
6533 15596 57.597
6534 7169 18.5561
6535 10824 49.2406
6535 16315 60.4127
6536 9134 64.8366
6536 9600 59.8571
6536 11008 43.2965
6536 15715 36.4207
6537 9717 29.6398
6538 6697 62.0337
6538 7505 35.5176
6538 10270 94.9512
6538 10666 61.3642
6539 11495 62.8305
6539 14910 67.8068
6539 15218 72.384
6540 16496 61.2587
6541 7828 33.2463
6541 15868 36.2465
6542 7999 79.7171
6542 10781 28.6569
6544 14924 46.2425
6544 15829 30.1471
6546 6970 26.8736
6546 12822 57.1868
6547 11897 30.7557
6548 10485 56.0727
6549 8523 103.168
6549 16586 73.2834
6550 7006 66.1573
6550 14977 38.7545
6551 6721 85.8402
6551 16256 101.011
6552 7985 102.385
6552 11621 64.8308
6553 10364 22.7268
6553 14175 90.6834
6554 7988 76.4243
6554 11125 11.9031
6554 14741 94.8611
6554 14774 49.7495
6555 6767 34.8022
6555 7205 86.7339
6555 12165 67.8994
6555 13549 25.1889
6555 15713 42.3785
6556 10426 82.2265
6556 13864 46.2624
6556 15960 50.2665
6557 7613 24.0646
6557 9135 32.6594
6557 13663 40.5963
6558 7021 55.4039
6558 10698 86.5194
6558 14428 76.6139
6559 15363 79.0533
6560 9351 20.4338
6561 9229 65.1661
6561 14038 111.312
6561 14317 44.8127
6562 8475 32.4653
6562 11599 28.752
6562 15120 57.2813
6563 11730 13.8648
6563 12083 84.347
6563 12132 43.8297
6564 8558 19.1565
6564 13319 23.4737
6564 16411 96.6022
6565 7550 62.6898
6565 14486 58.268
6565 15297 70.1778
6566 7894 132.522
6566 8813 66.3599
6567 7379 14.8379
6567 8643 19.1952
6567 12043 60.3344
6568 10278 78.7479
6568 11289 43.3284
6568 12650 75.0614
6568 12737 129.409
6569 9348 36.7661
6569 17103 67.0955
6570 12374 40.8678
6570 12879 98.0161
6571 6608 54.9576
6572 6600 71.7855
6573 11904 78.084
6574 13759 69.5577
6575 9928 85.1132
6576 8445 22.9593
6576 13557 117.072
6576 13818 90.3179
6577 10110 98.6215
6577 16991 113.23
6578 9505 90.0361
6578 13435 55.821
6578 14388 77.3785
6578 15923 85.0627
6579 14187 94.0524
6579 16828 24.1994
6580 8077 65.5228
6580 8887 96.5611
6580 12939 154.827
6582 7076 77.8711
6582 9611 41.426
6582 13924 16.8806
6583 8717 44.1524
6583 16942 93.9125
6584 9007 39.6489
6584 14007 47.7631
6584 15197 45.8151
6585 10086 52.4662
6585 11739 35.5496
6585 13609 94.2951
6585 14733 100.154
6586 7980 54.395
6586 13288 82.4515
6587 10319 107.263
6588 7177 32.4593
6588 14403 73.3369
6590 7720 86.3841
6590 11700 101.65
6590 14096 79.2739
6590 16897 66.2646
6591 14550 107.192
6592 6631 103.56
6593 10589 35.5195
6593 16529 71.662
6594 9357 88.8775
6594 10955 38.7824
6594 12187 25.9142
6594 14383 85.1043
6594 15819 37.9627
6595 14517 90.0802
6596 9405 84.8789
6597 6731 32.2597
6597 13408 56.7794
6597 13640 15.8706
6598 7753 65.0422
6598 7879 93.3354
6599 13160 134.976
6600 8090 58.5777
6600 12254 64.8806
6600 13624 85.7973
6601 6864 15.6871
6601 10893 86.55
6601 11295 45.9967
6602 6722 29.9001
6602 15881 91.4708
6602 17063 51.1978
6603 7377 78.709
6603 9091 55.9446
6603 14176 24.4757
6603 16760 67.3789
6604 14684 53.0768
6604 15099 34.7578
6605 14047 77.681
6605 16766 144.012
6606 7255 46.6866
6606 8879 62.7899
6606 10868 43.0664
6606 12203 44.0119
6606 14377 55.9975
6606 15699 115.222
6607 11894 21.8012
6607 14331 61.885
6607 14542 37.289
6609 10848 93.2016
6609 16612 83.8795
6610 11301 97.859
6610 14513 48.5554
6610 16037 73.3278
6611 8138 73.2653
6611 12512 118.762
6612 7131 46.6572
6612 13048 77.6306
6613 10316 14.2392
6613 15587 15.3553
6614 8760 65.5064
6614 10604 103.518
6614 11461 77.5213
6614 14305 111.415
6615 10201 102.582
6615 15623 124.387
6616 10508 21.8482
6616 11983 34.9833
6617 9689 110.276
6617 13806 83.4499
6618 8078 33.2801
6618 12009 65.3008
6618 12053 107.832
6619 6727 72.6555
6619 7880 92.3177
6620 8040 90.2084
6620 8180 63.283
6620 13045 65.4096
6621 7249 29.5964
6622 7925 37.8867
6622 9496 44.2535
6622 12225 16.6792
6623 11115 13.2861
6623 12071 31.5667
6623 15720 17.4759
6623 16972 83.7877
6624 8518 55.3285
6624 16721 40.0972
6625 9763 41.5445
6625 10703 66.339
6625 15194 106.35
6625 16107 31.906
6626 8211 43.148
6626 12527 46.1076
6627 15583 56.4022
6627 16380 61.1291
6628 7413 14.5826
6628 9803 52.2031
6628 14843 112.87
6629 7036 97.7228
6629 10794 78.5972
6629 13271 31.097
6629 16387 86.3259
6630 8796 86.2685
6631 7794 112.621
6631 7842 116.712
6631 7930 89.4715
6632 7864 20.9142
6632 9492 62.4632
6633 8256 50.6766
6633 11676 44.1021
6633 12567 64.7146
6633 16875 64.2718
6634 9495 13.6991
6634 12285 78.0044
6634 14191 75.1427
6635 10033 40.0905
6635 11376 36.2708
6636 14474 20.0398
6637 9508 41.475
6637 11663 39.0099
6637 12678 94.3792
6638 8550 55.3428
6638 8899 84.894
6638 15528 72.2396
6638 15721 72.1088
6639 16901 70.1246
6640 7706 73.8123
6640 9739 56.545
6641 8638 63.9721
6641 10603 48.5104
6641 14659 47.7041
6642 6991 86.3718
6642 8033 51.6372
6643 15829 42.5451
6644 12406 100.378
6644 14421 40.9313
6645 10315 30.4867
6645 10741 1.89587
6646 12707 92.5501
6646 14366 52.3723
6647 6973 48.986
6647 10912 69.9613
6647 14434 66.3465
6648 13471 28.0883
6648 14065 38.7249
6648 16519 45.2759
6649 12377 39.765
6649 15908 24.2429
6650 15692 59.676
6651 10774 29.5761
6652 13803 41.9157
6652 14727 97.4933
6653 8743 63.318
6653 13906 36.4402
6654 12458 92.3184
6654 17030 65.3263
6655 9650 71.9187
6655 11083 35.3454
6655 14932 63.1157
6656 11355 59.7438
6656 12812 36.8701
6656 13498 84.3062
6656 15121 64.619
6656 16119 78.4077
6657 16442 58.7509
6658 15940 52.8027
6658 16515 53.4251
6659 11452 27.2459
6660 9061 122.596
6660 9820 70.0862
6660 15447 27.3578
6661 9266 60.0918
6661 15234 95.6778
6662 10569 58.4463
6662 11402 73.0155
6662 13003 63.236
6663 11272 109.97
6663 11968 88.8853
6664 8568 35.6705
6664 15536 65.9089
6665 10453 35.632
6665 10574 47.6626
6665 13892 28.3996
6665 14433 94.2274
6666 6886 61.9797
6667 7843 14.1725
6668 7007 29.0663
6668 8368 84.2066
6669 10133 43.6256
6669 11165 118.082
6669 11280 84.0173
6669 15202 76.1848
6670 12070 110.369
6670 12497 47.7627
6670 16483 65.988
6671 13478 64.7503
6672 9740 53.0971
6672 11412 53.9368
6672 13472 92.4463
6673 13834 23.101
6673 14886 40.6977
6673 15505 71.7847
6674 7055 121.024
6674 9128 38.2976
6674 14907 118.436
6675 8377 54.7661
6675 12749 66.7264
6675 16868 67.4252
6676 13537 23.2479
6676 16207 25.7524
6676 17014 54.4245
6677 8741 63.8118
6677 16185 43.564
6678 8704 66.7196
6678 9197 87.0509
6679 14304 61.6017
6679 15678 56.7644
6680 7688 61.1964
6680 11311 74.2641
6681 7392 49.0574
6681 8073 42.9592
6681 8567 61.4853
6682 9732 69.0342
6682 10958 29.1794
6682 12779 40.1074
6682 16995 58.869
6683 11234 58.8608
6683 12424 112.265
6684 10116 29.5169
6684 13286 30.6817
6685 16068 33.704
6686 7186 53.2985
6686 14011 53.1387
6686 15539 24.2809
6687 10401 47.8782
6687 15508 3.13577
6688 9455 49.4259
6688 11934 28.6236
6688 16314 35.6959
6688 16448 48.0788
6689 14040 72.7111
6689 16112 94.6535
6690 7985 131.227
6690 13596 39.6289
6690 13879 107.887
6691 16953 44.4905
6693 12640 20.5201
6694 7795 55.9348
6694 13681 39.301
6695 8418 54.3501
6695 8838 69.6223
6695 13404 76.9689
6695 13503 24.1449
6695 16929 73.7776
6696 9607 50.8679
6697 6799 29.8561
6697 10666 19.0332
6698 8116 77.411
6698 15136 44.8671
6698 17129 74.2727
6699 13241 50.053
6701 10888 50.3817
6702 7103 106.166
6702 11213 81.3193
6702 13392 145.38
6703 7425 34.4569
6703 10453 78.318
6703 13892 57.0586
6704 8994 50.8239
6704 12821 92.4676
6705 8669 118.55
6705 10936 42.4388
6705 14512 50.1471
6706 12799 66.8611
6706 13734 90.2159
6706 14467 95.4151
6707 7089 56.227
6707 16713 62.1337
6709 8349 84.4227
6709 14007 51.0034
6710 7426 62.0044
6710 13236 53.1739
6710 16394 76.4302
6711 11701 51.9827
6711 11924 36.4518
6711 12114 36.0447
6712 8428 29.5271
6712 9108 42.3017
6713 11709 85.6782
6713 15994 29.1392
6715 9804 61.0573
6715 16706 59.0528
6716 15551 89.0155
6718 14775 122.418
6719 10823 37.3156
6719 16138 43.0706
6720 8776 64.7602
6720 13055 46.757
6720 13058 58.4494
6721 14604 19.1908
6721 16256 42.7268
6722 17063 27.1137
6723 8522 40.2299
6723 12278 19.5922
6724 6905 15.873
6724 11067 6.02118
6724 15108 47.5524
6725 9741 30.1273
6725 10208 21.6141
6726 11855 89.3641
6726 14218 24.1788
6726 14284 68.4532
6727 7880 53.8725
6727 12072 110.592
6728 10734 68.2899
6728 12352 6.50336
6728 13341 38.1142
6729 8607 9.88597
6730 10869 9.6377
6730 14597 64.1346
6730 15625 44.0297
6731 10959 70.811
6731 13640 49.6436
6731 13783 37.6862
6731 16054 53.5723
6732 7786 60.0884
6732 13208 55.2871
6732 15150 51.0575
6732 15443 50.3011
6733 13140 70.5191
6733 15541 23.3465
6733 16477 51.76
6734 10910 92.2763
6734 14652 51.1123
6735 7441 42.7458
6735 9813 44.1535
6736 12184 27.0987
6736 16441 60.3077
6737 7893 56.0948
6737 7908 122.652
6737 9762 103.455
6737 15184 35.6632
6737 15355 72.4647
6738 7759 95.7951
6738 16088 84.0688
6738 16537 50.8912
6739 12083 51.802
6739 12255 72.9184
6740 6792 89.2885
6740 10971 94.6504
6741 8218 49.413
6741 9298 23.3013
6741 12157 92.3973
6741 14920 65.0347
6742 7714 153.813
6742 14687 44.1209
6743 8015 75.4619
6743 11788 61.7945
6744 12373 99.625
6744 14686 54.4234
6745 12562 126.327
6745 16827 60.7306
6746 11428 45.0514
6746 13423 72.9047
6746 13962 35.8952
6747 16056 6.83886
6748 11900 16.3873
6749 7165 44.5904
6749 13081 29.065
6749 13751 53.5874
6750 7437 28.9478
6750 7589 63.703
6750 11674 45.0974
6750 12916 54.8117
6750 13326 39.7406
6751 12310 44.3423
6751 12940 71.6912
6752 6805 80.184
6752 12933 20.1306
6752 16321 27.4453
6753 9889 36.0734
6753 12732 81.7726
6753 14728 41.5394
6754 11359 112.393
6754 14032 70.0654
6755 8822 128.593
6755 11158 61.6856
6756 7948 63.065
6756 9786 70.3487
6756 14464 29.431
6757 7577 75.4056
6757 8021 68.8746
6757 10029 40.4022
6757 12064 49.1151
6758 10171 130.032
6759 6817 46.436
6759 10124 10.5107
6759 14488 20.8742
6760 14701 67.0695
6761 10578 45.6801
6761 11946 41.5002
6761 12850 24.7227
6761 13897 9.01747
6761 15797 25.423
6762 9062 51.5772
6763 15170 80.042
6763 15810 94.6997
6764 13244 66.2278
6764 14619 74.9616
6764 16763 86.1678
6765 8196 53.0211
6765 13303 36.3742
6766 8775 42.6608
6766 11929 50.1592
6766 12572 61.7091
6767 7205 56.319
6767 13549 66.6953
6767 15713 57.6025
6768 7866 81.6046
6768 11821 29.0438
6769 17017 22.8884
6770 8955 46.7273
6770 11623 118.619
6770 14413 40.4178
6771 7322 41.0271
6771 16653 42.0575
6772 6841 46.5747
6772 15800 75.476
6773 8837 83.9819
6773 14136 43.5976
6773 14382 87.7567
6773 15027 31.9296
6775 7030 69.2874
6775 8793 69.5716
6776 7659 54.9319
6776 14313 96.7382
6777 9384 70.4748
6777 16489 50.4922
6778 7612 51.0345
6778 11496 43.8437
6778 16117 80.7804
6779 11228 33.3086
6779 13445 50.9625
6780 14449 49.5805
6780 15405 59.3853
6780 17005 25.5014
6781 9149 88.5581
6781 12994 81.3023
6782 8167 84.2051
6782 15837 106.466
6784 6826 76.2304
6784 6830 97.5464
6785 7048 158.478
6785 7926 55.9214
6785 14205 134.308
6786 10527 106.432
6787 8755 128
6788 10162 58.2809
6788 10808 26.7993
6788 11208 50.5042
6789 12544 55.1227
6790 11536 66.8316
6791 10279 85.9442
6791 12218 50.285
6792 16849 89.2184
6793 10103 78.9401
6793 11610 45.2967
6794 11992 87.7266
6794 13099 41.7878
6794 15729 54.4592
6795 17018 65.2881
6796 11609 55.7913
6797 9497 44.5067
6797 10631 40.6826
6798 8605 53.2952
6798 10521 21.7724
6798 14410 17.1913
6799 10666 53.9233
6799 16813 31.3916
6800 9947 31.6604
6800 12279 67.2412
6800 13479 53.6941
6801 12573 35.8104
6801 13935 47.3491
6801 15706 54.8568
6802 9614 23.208
6803 7792 76.3274
6803 11237 59.5335
6803 15945 76.2532
6804 7235 48.8374
6804 9732 73.5371
6804 14526 90.6939
6805 7656 79.7769
6805 9385 36.7491
6805 12210 114.544
6805 16578 25.192
6806 8492 10.2988
6806 13166 65.4297
6806 15613 43.4467
6807 7942 41.8741
6808 13845 25.2517
6808 16480 70.6242
6809 7621 65.2596
6809 16324 46.1492
6810 7982 84.95
6810 11245 47.0313
6811 9646 52.3764
6811 9742 73.8882
6812 10811 61.2444
6812 16187 71.6081
6812 17126 98.3423
6813 9404 40.1376
6814 12359 51.8884
6814 16933 68.9712
6815 7775 47.0194
6815 12957 24.8604
6815 13194 35.0246
6815 14864 25.4805
6815 15839 55.7506
6816 8600 68.9616
6816 8971 39.4177
6817 6983 82.9824
6817 10124 48.4145
6818 8369 24.2638
6818 10672 55.0633
6818 13798 87.3247
6819 9160 19.1004
6819 13837 24.9233
6820 10517 88.721
6820 16511 97.3089
6821 8001 17.4479
6821 10151 67.3042
6821 11882 20.2731
6821 13908 98.8752
6821 15501 45.3723
6822 9348 106.057
6823 7629 25.1985
6823 8409 110.481
6823 16353 98.4549
6824 8927 71.3717
6824 10557 50.9277
6824 11362 58.6839
6824 14869 99.0839
6825 11405 8.22688
6825 11675 61.473
6825 14546 39.9505
6825 17080 57.3747
6826 7702 92.8436
6826 11398 56.5199
6827 11239 50.7631
6827 11587 85.177
6828 7548 67.7063
6828 10084 85.2597
6828 15142 59.7463
6828 16847 11.8552
6829 7806 43.785
6829 16422 62.1516
6830 11398 94.332
6831 10138 22.9373
6831 14209 25.3452
6832 8942 33.7407
6832 10448 83.2339
6833 8026 55.384
6833 9072 52.0553
6833 16546 18.3495
6834 9885 65.2229
6834 15361 26.5705
6835 16433 149.862
6836 9849 19.2821
6836 13322 66.3971
6836 14531 46.7321
6837 9443 87.0947
6838 12568 33.6587
6839 11435 56.282
6839 11706 61.5077
6839 14491 49.4078
6839 15858 66.0192
6840 7128 78.9821
6840 11006 82.8277
6840 12364 52.1019
6841 15306 42.5562
6841 16916 75.6133
6842 12044 64.639
6843 9092 78.213
6844 9294 70.586
6844 13036 86.654
6845 14144 65.0247
6845 15258 61.7767
6846 11492 61.6942
6846 12931 52.8254
6846 15195 21.8765
6847 6907 33.8743
6848 10827 42.6051
6848 12070 58.0504
6848 12574 80.3279
6849 10148 86.7836
6850 9575 44.5765
6850 11373 64.5498
6851 10302 86.7131
6851 16606 9.81075
6851 16941 64.2675
6852 13373 57.2245
6852 13377 41.7986
6854 10949 78.0067
6854 11723 54.2258
6855 7820 69.0317
6855 11839 63.5293
6855 14756 88.5256
6855 16665 17.209
6856 7631 35.0943
6856 15740 74.5361
6857 7014 23.6349
6857 8415 31.4333
6858 11260 88.917
6858 11679 75.7646
6858 16503 86.5556
6859 14637 90.0008
6860 15262 24.4219
6860 17179 36.5814
6862 10797 37.0792
6863 15559 36.6542
6863 16803 65.0317
6864 10893 39.8052
6864 11295 43.656
6865 9500 124.91
6865 14225 138.616
6865 14456 92.6206
6866 7013 30.3353
6866 8731 62.5074
6867 10112 30.4845
6867 12467 46.082
6867 12870 66.0958
6868 7254 29.2428
6868 13884 22.7037
6868 14415 81.2401
6869 7756 75.2694
6869 10012 4.83139
6869 15185 32.4614
6870 7430 103.326
6870 9827 70.3053
6870 12349 88.0143
6870 13220 52.7608
6871 10423 104.525
6871 16453 36.3064
6871 16835 46.4767
6872 11641 62.2855
6872 16804 57.4124
6873 7221 32.628
6873 9402 30.4624
6873 13586 45.6874
6874 10512 13.9746
6874 11805 28.6718
6875 17179 72.9368
6876 13027 87.7679
6876 16874 95.6312
6877 9198 105.08
6877 10066 125.547
6877 11210 73.3988
6878 9991 78.1251
6878 15522 69.0711
6879 12085 69.922
6880 10234 73.9056
6880 13096 73.6357
6880 14210 71.5905
6880 16303 48.1885
6881 9428 23.2281
6881 12695 62.4649
6881 16151 63.0342
6882 11391 12.1696
6882 11951 59.6332
6883 10329 5.41232
6883 11297 47.5451
6883 14092 34.4611
6884 12854 43.7876
6885 8937 45.5899
6885 10323 49.1255
6886 12945 75.0602
6887 9921 92.3015
6887 11481 73.2348
6887 17086 48.7162
6888 6982 47.4781
6888 16112 40.0624
6889 11944 85.9155
6889 12846 43.8511
6889 13154 65.3043
6889 15909 111.395
6889 16778 74.3063
6890 7769 92.3842
6890 11446 31.8485
6890 14767 57.328
6890 17079 42.3313
6891 15723 31.5324
6892 11296 82.2853
6892 12081 49.9913
6892 14934 65.0916
6893 8415 44.5325
6893 8756 25.9172
6893 9420 20.6224
6893 15568 19.0741
6894 10597 74.4355
6894 10673 51.3974
6894 11476 67.2452
6894 15251 67.4323
6895 14925 53.0873
6896 7778 94.2741
6896 16741 38.2646
6897 11891 103.979
6897 12740 39.7779
6898 8744 53.3852
6898 15105 46.7968
6900 10595 60.0321
6900 11066 108.44
6901 8340 35.8826
6901 15502 65.6818
6901 15707 38.3876
6902 8468 29.252
6902 10305 74.4318
6902 15121 61.6209
6903 7257 84.8314
6903 12140 69.2046
6903 13407 62.3639
6904 8723 60.5061
6904 12013 44.9331
6904 12384 49.1205
6904 14679 74.0236
6905 11067 11.5067
6905 14958 67.1129
6905 15108 26.0864
6906 10122 115.432
6906 13082 40.6557
6906 15321 87.4489
6909 9114 5.1116
6909 14684 50.7626
6910 7378 68.4888
6910 9624 45.0561
6910 10173 110.674
6911 13274 54.4007
6911 16075 29.5482
6911 16091 50.5327
6912 7352 39.5454
6912 9710 56.4731
6912 17104 53.2883
6913 13163 62.9391
6913 14798 73.1913
6913 16864 43.9834
6914 10990 42.8284
6914 11843 94.0057
6914 14530 68.2042
6916 8110 42.6076
6916 12895 92.2494
6916 16041 53.1421
6917 11334 53.8017
6918 8966 62.519
6918 15018 68.6985
6918 15812 41.5057
6919 14356 52.742
6919 16713 73.271
6920 13180 42.031
6920 13531 100.564
6920 14313 69.389
6920 14659 53.2984
6921 8655 125.317
6921 14663 18.3696
6922 8066 80.5595
6922 12906 65.1933
6922 14818 139.787
6923 11936 45.363
6923 11959 42.7041
6924 9619 131.438
6924 10820 74.7876
6924 12959 45.8535
6924 16303 60.1284
6925 10992 67.3103
6925 17179 24.6517
6926 11232 114.089
6926 13526 56.0476
6927 7871 79.6636
6927 8330 18.0754
6927 12628 52.9331
6927 15802 100.23
6928 8623 78.5018
6928 9281 78.8402
6928 10264 85.0319
6929 8622 66.9832
6929 15725 61.4652
6930 8782 50.5507
6930 10499 33.1862
6930 16124 11.9003
6931 9953 22.7948
6933 15046 68.4038
6933 15982 57.4575
6934 15216 40.0202
6935 8550 58.4056
6935 9176 44.9091
6936 10924 117.115
6936 11369 106.433
6937 8783 83.6057
6937 16298 36.2806
6937 16695 13.995
6938 17138 58.5835
6939 9413 67.7642
6939 12252 34.4397
6939 13148 49.7615
6939 17078 86.1973
6941 10902 95.8589
6941 14294 59.5768
6941 16714 91.7695
6942 8186 60.66
6942 14657 118.509
6942 15102 109.267
6943 17056 85.5925
6944 12613 39.4261
6945 7146 29.8621
6945 11121 84.007
6945 13393 42.0535
6946 8312 30.7981
6946 13138 51
6946 13476 26.6848
6947 9570 14.4169
6947 10820 76.6725
6947 15223 52.2684
6948 6965 53.1234
6949 10850 125.342
6949 15618 35.1469
6950 15899 105.901
6951 10361 44.6005
6951 11614 18.5438
6951 12151 63.6917
6952 11849 15.4324
6952 16196 151.632
6953 10945 41.0371
6953 11833 29.9053
6953 16532 58.8196
6954 7250 105.177
6954 8146 92.6299
6954 12523 86.4274
6954 15141 67.0589
6955 16080 37.0875
6955 16803 50.9285
6957 7962 39.4466
6957 15058 46.3607
6958 7656 60.68
6958 16486 90.0606
6959 12927 44.8974
6959 13977 78.8359
6959 15465 82.3721
6960 7210 78.9428
6960 12355 73.5453
6960 12864 72.184
6960 13993 44.8264
6961 6969 46.401
6961 8410 32.0105
6961 9465 43.9084
6962 10379 62.4627
6962 16414 105.415
6963 7431 75.6432
6963 8687 72.0935
6964 7518 105.965
6964 11226 80.6555
6964 16480 105.401
6965 12556 73.0245
6965 14839 98.4805
6966 9586 56.2999
6967 7030 61.756
6967 7895 76.1292
6967 10021 47.341
6967 11118 40.5528
6968 12129 30.0583
6968 16160 19.3067
6969 8410 39.3792
6969 9465 16.626
6970 12822 33.5397
6971 11586 115.167
6971 13107 53.066
6972 7639 89.2262
6972 14897 53.229
6972 15379 69.4375
6973 11106 62.7732
6973 14434 15.4899
6974 14745 148.618
6974 15878 75.172
6975 8274 14.9303
6976 7247 90.3189
6976 9364 44.0054
6976 15832 104.574
6977 8189 55.0185
6978 9214 61.9494
6978 9864 53.9377
6978 16079 41.3357
6978 16484 26.0422
6979 7644 68.2445
6980 8382 50.9693
6981 10090 63.6356
6981 12240 58.6469
6983 7387 89.1273
6984 9642 84.1259
6984 13308 69.0862
6985 7499 29.5285
6985 10345 51.0614
6985 13545 26.6679
6985 14274 48.8548
6986 10020 30.1827
6986 11312 64.0235
6986 12843 57.1997
6986 15409 59.7341
6987 10156 49.3139
6987 14754 26.7497
6988 10363 66.3291
6988 14819 70.505
6988 16568 38.7673
6989 7483 5.10405
6989 9037 67.8123
6989 13024 68.7606
6989 15667 41.527
6990 13504 20.9663
6991 14859 113.945
6991 16081 86.118
6991 16904 66.3008
6992 11392 29.5344
6992 13796 125.182
6994 9982 116.368
6994 11818 114.37
6994 14181 91.8843
6995 9285 77.663
6995 9882 91.2969
6995 11448 52.4537
6996 10495 89.9891
6996 10577 43.7736
6996 13421 23.4132
6997 11366 82.9373
6997 12168 76.0663
6997 15235 46.8881
6998 16911 31.5285
6999 15476 24.7545
7000 10199 43.8836
7000 10975 44.9053
7001 9539 45.9244
7001 10796 36.5
7001 12996 21.5889
7001 13742 21.4323
7001 17047 63.1254
7002 7884 36.9656
7002 12213 99.6774
7002 15049 34.6521
7003 7304 60.6588
7003 13744 81.9964
7005 14038 95.9592
7006 12082 57.1309
7006 13237 26.9893
7006 16223 16.4246
7007 15098 94.3567
7008 8577 53.8221
7008 11818 117.087
7008 15862 97.8854
7008 17116 56.4404
7009 8098 72.041
7009 9687 64.6598
7009 10744 113.761
7009 11202 35.1331
7010 14164 39.6337
7011 8771 91.4094
7011 12227 84.0699
7014 8415 51.1063
7014 14414 85.1166
7015 9611 25.1062
7015 10702 13.046
7015 13083 5.37898
7015 13915 38.1156
7016 7651 66.8009
7016 10983 26.709
7016 16959 46.344
7017 10888 56.289
7018 15051 34.6629
7019 12458 76.6553
7019 14496 33.6486
7020 8504 107.406
7020 8509 71.3062
7021 11468 109.029
7021 14428 64.0541
7022 15860 11.1396
7022 16141 57.7689
7023 12266 41.9084
7023 14359 19.441
7024 8477 33.8402
7024 12662 99.5438
7025 7358 59.4711
7026 8476 57.2861
7026 10922 44.6263
7026 14451 75.8348
7027 15916 74.5269
7027 16023 55.0103
7027 16308 103.97
7028 9594 17.3909
7028 10184 35.3071
7028 13706 62.6657
7028 15975 57.1693
7029 8437 54.6857
7029 12196 41.7273
7030 8793 13.8615
7030 11118 22.6673
7031 9223 117.079
7032 11899 69.9595
7032 12103 46.5673
7033 12697 39.3711
7033 15651 42.4384
7033 16621 36.2339
7034 17130 53.6669
7035 12269 92.8192
7035 14439 88.7475
7036 10020 86.4239
7036 12843 15.9289
7036 13271 34.1229
7037 7134 62.8685
7037 8351 93.485
7037 10228 16.9759
7038 8875 31.9722
7038 12834 62.5031
7038 13233 23.9024
7039 9058 33.4053
7039 10105 65.5192
7040 11792 43.3396
7040 13097 47.5179
7041 7058 133.938
7041 11590 149.016
7042 10641 80.9697
7042 11217 104.932
7042 11699 87.0844
7042 17121 88.7436
7043 8725 9.47538
7043 8727 60.1591
7043 12044 62.0668
7044 10365 51.5119
7044 12125 29.5041
7044 12905 35.52
7044 16807 75.3804
7045 10999 126.308
7045 14993 44.0325
7046 9280 34.0694
7046 13281 65.3984
7046 15011 73.0852
7047 8874 26.2558
7047 12913 66.5822
7048 7926 98.5431
7048 11816 137.454
7049 7373 56.8128
7049 12192 58.7357
7049 14593 61.5229
7050 15815 58.1297
7051 10731 61.0287
7051 12003 56.6686
7051 12555 19.7841
7052 14012 28.9508
7052 14127 55.6724
7053 7585 32.1472
7054 11865 110.08
7054 12153 56.5205
7055 7067 79.0087
7055 9128 85.0266
7055 13336 91.5053
7057 8366 54.0519
7057 11457 56.6571
7057 12457 91.5193
7058 11470 113.279
7058 17127 63.8559
7059 7509 22.2433
7059 13251 33.304
7059 14042 64.8052
7059 17021 48.4556
7060 7197 79.3266
7060 10292 110.421
7060 13870 26.6676
7061 9142 70.3734
7061 9632 73.6032
7061 16792 119.045
7062 13589 49.6562
7062 16987 48.8241
7063 8128 88.9453
7063 15619 45.2662
7064 9168 60.9917
7064 12694 80.0058
7064 16149 86.8514
7065 10322 56.5155
7065 11363 90.1743
7066 9819 43.3596
7066 11242 53.5279
7066 13100 40.3819
7068 8337 38.336
7068 10889 77.5087
7068 11288 72.4157
7068 16549 49.1519
7069 12167 36.6826
7070 16204 64.9081
7071 7234 4.5773
7071 15247 31.9086
7072 14320 61.883
7072 15160 22.0904
7073 8611 34.786
7073 16013 63.1697
7074 12139 38.8014
7074 14970 66.1991
7074 15974 67.958
7075 9985 37.6148
7075 12013 50.4922
7075 14679 53.4044
7076 7460 62.9225
7076 14909 58.0869
7077 8170 82.4351
7078 9767 63.088
7078 10284 100.885
7079 16852 70.4168
7080 8311 55.4509
7080 10973 35.9379
7080 15760 55.3451
7080 16548 133.175
7081 7154 51.7769
7081 9896 78.3497
7081 13860 67.6947
7082 11458 60.4493
7082 11813 34.3002
7082 12300 80.4367
7083 9330 25.0144
7083 15278 57.8985
7083 14617 59.4763
7084 9417 1.63213
7085 8556 50.5163
7085 14952 16.9191
7086 11230 96.3874
7086 12922 134.668
7086 13491 86.9473
7088 10188 38.4333
7089 8631 50.639
7090 14791 30.4207
7091 9866 85.6507
7091 10735 13.9887
7091 16267 22.6098
7091 16327 48.192
7092 8000 60.1273
7093 7164 73.2153
7093 9131 37.4305
7093 15180 71.6996
7094 7704 69.178
7094 9750 45.6778
7095 10556 57.5004
7095 11647 64.6754
7095 13736 45.7731
7096 10014 31.9924
7096 14720 126.013
7097 13253 37.3206
7097 16037 23.5254
7098 9164 132.844
7098 16136 20.5224
7098 16674 57.4202
7100 10992 107.137
7101 7634 43.7908
7101 13088 58.5198
7101 17165 56.7757
7102 11294 42.2854
7102 16926 52.5927
7103 7109 110.588
7103 11213 79.388
7104 11469 65.3193
7104 15257 111.778
7104 15453 62.3926
7105 12270 12.1349
7105 13150 33.7225
7106 10080 34.8244
7106 14271 47.2426
7106 14325 42.5832
7107 8535 8.65364
7107 13969 55.9992
7107 16158 81.9307
7108 13387 20.3765
7109 11213 78.7435
7110 12543 41.7312
7110 15003 27.3378
7111 12679 37.1155
7111 15042 30.0986
7112 16319 41.3884
7113 9810 108.169
7113 11578 51.9877
7114 13831 2.3938
7114 15399 34.0059
7115 12138 76.5428
7115 12570 22.4742
7118 8230 115.066
7118 10980 81.1312
7118 15239 34.1882
7119 12693 32.9304
7119 14861 21.4644
7120 9358 42.0654
7121 8227 112.184
7121 12313 55.3828
7122 10927 93.2113
7122 14838 33.3816
7123 10594 39.9685
7123 12415 72.6634
7123 12746 151.302
7124 7296 92.1754
7124 14726 71.264
7125 8059 31.764
7125 15041 38.6363
7125 16307 99.1895
7126 7557 28.7927
7126 12999 33.5399
7126 16341 33.2623
7127 13076 49.7305
7128 12364 41.7575
7128 12859 86.6865
7128 15667 66.1546
7128 16931 52.1631
7129 13930 94.0051
7129 14628 24.9601
7129 15615 67.7143
7130 7415 54.3308
7130 9279 104.28
7130 10985 65.1889
7132 9123 47.7218
7132 13544 51.257
7133 14142 39.0691
7134 8351 64.3248
7134 10228 90.9504
7135 7193 63.6188
7135 8580 36.1013
7135 13044 67.685
7135 15873 25.9746
7136 12305 85.0953
7137 10485 77.8666
7137 14180 44.227
7138 14427 49.6307
7139 11091 36.2415
7139 15964 100.547
7140 10563 81.1856
7140 11587 59.1
7140 15683 82.7998
7140 15737 58.3221
7141 14198 35.2852
7142 12074 43.0779
7142 12542 83.4919
7142 14196 67.096
7143 10346 111.542
7143 14043 27.8918
7143 14113 20.4963
7144 7208 14.5207
7144 11500 49.4934
7144 12156 70.4434
7144 16110 44.2682
7145 7191 22.0991
7146 16855 49.1214
7146 17158 51.3556
7147 9617 19.6412
7147 11073 21.5297
7147 15726 41.3818
7148 15391 36.8063
7149 14693 53.8699
7149 14827 28.66
7150 14669 66.6367
7151 13492 31.8739
7151 17033 139.272
7152 11847 64.0538
7152 17049 21.4055
7153 7159 6.70201
7153 10939 109.383
7153 15934 122.406
7154 7841 74.6466
7154 15993 52.0766
7155 7604 78.3408
7155 15451 92.9156
7156 8792 63.8988
7156 12526 124.945
7157 8972 28.9144
7158 7597 82.3949
7158 15014 25.6179
7158 16085 33.7119
7159 10939 142.88
7159 15934 87.8337
7160 8064 88.8423
7160 10141 51.1918
7160 14536 64.3498
7161 7493 69.8932
7161 7669 68.1474
7161 14295 54.3952
7162 8551 28.1357
7162 11181 31.8969
7163 8099 101.419
7163 13968 83.8729
7163 15506 91.0284
7164 9131 117.548
7164 15180 72.4276
7165 8367 61.321
7165 9368 76.3697
7165 13081 53.5089
7166 7557 35.4838
7166 9892 42.1434
7166 12999 59.0599
7167 12220 65.9671
7167 13102 41.5958
7168 9581 16.1408
7168 15351 53.793
7171 9944 68.4257
7171 10041 92.3073
7171 10189 62.0271
7172 9788 18.7934
7172 13810 103.559
7172 14384 52.2086
7173 8327 43.8319
7175 8750 32.4727
7175 11520 11.0906
7175 16134 43.5899
7176 9741 77.4318
7176 13949 43.4429
7177 12775 72.9008
7177 14403 54.6493
7178 8804 8.22688
7178 14904 127.177
7179 7282 81.976
7179 7917 88.6831
7179 16849 51.6201
7180 7544 16.4029
7180 8545 31.5597
7180 12511 25.48
7181 16233 58.4017
7182 7382 17.2625
7182 7727 67.0218
7183 7221 100.795
7183 9166 69.2511
7183 13586 62.6845
7184 8447 94.4206
7184 9373 87.8055
7184 11351 71.7576
7184 13266 22.2282
7184 16534 105.507
7185 7279 21.5952
7185 12846 87.6085
7185 15661 52.0298
7186 15539 12.2137
7187 10506 23.548
7188 7407 66.4313
7188 8649 39.1727
7188 11824 77.5345
7188 12175 111.885
7188 14001 48.1372
7189 16819 60.5135
7190 8185 76.5908
7190 8519 51.675
7190 12292 20.9378
7191 13592 64.51
7192 8291 82.0481
7192 10908 47.8807
7193 14655 70.1759
7193 15873 91.1943
7194 8895 56.411
7194 10287 52.9108
7195 10904 61.3328
7195 11760 83.6692
7195 15374 95.1808
7196 15910 50.5383
7196 16159 92.0513
7196 16977 105.606
7197 10292 33.1598
7197 13870 94.2301
7198 10565 83.2411
7201 9215 27.2423
7201 16873 8.65685
7202 7404 50.0142
7202 14188 12.233
7202 16539 53.7473
7203 12505 18.161
7203 15378 28.6981
7204 7375 63.7617
7205 15713 81.1317
7206 8017 58.2824
7206 10031 71.8836
7206 16628 34.1884
7207 12335 96.0679
7207 14219 45.9505
7207 14263 116.468
7208 11500 43.6287
7208 12156 88.9787
7208 16110 43.7567
7209 7214 131.562
7210 12355 37.9659
7210 12864 68.6391
7210 13829 120.862
7211 9778 62.9421
7211 15363 76.6567
7212 9774 33.4989
7212 9837 76.5002
7213 7512 111.342
7213 10140 64.4548
7213 14178 79.5423
7213 16034 26.9714
7214 11298 111.01
7215 15332 102.448
7215 16589 17.8268
7216 7673 93.434
7216 11199 90.9544
7216 11633 101.954
7217 11160 109.842
7217 11640 83.9806
7218 8284 69.5369
7218 15253 57.8111
7219 9241 87.3264
7219 9847 51.2091
7219 11269 90.4828
7219 14264 76.1631
7220 7792 77.3464
7220 12549 74.7111
7220 13214 73.4905
7220 15945 43.629
7221 9166 40.7447
7221 9402 51.1307
7221 13586 24.8468
7221 14615 64.5382
7222 13550 74.7069
7223 13572 97.0557
7224 8648 65.7062
7224 8703 48.9783
7224 8846 99.1885
7224 10041 59.9672
7225 9997 94.8128
7225 14162 31.775
7225 15201 82.7461
7226 9562 69.9509
7227 13184 29.4342
7228 14532 99.5038
7228 16571 63.5355
7228 16934 66.3583
7229 8765 89.3783
7230 7778 41.1189
7231 10528 26.0439
7231 13034 47.3288
7232 11825 65.1728
7233 11968 56.5128
7233 16406 60.7493
7234 15247 54.4954
7235 7270 56.9518
7235 14526 52.8878
7236 13109 60.0751
7236 14280 62.4736
7236 15449 19.609
7237 8073 59.865
7237 14975 49.4046
7237 15493 24.4966
7238 7705 49.2087
7238 14090 62.1201
7239 12389 40.3863
7240 17146 109.113
7241 16220 63.5048
7242 7938 64.4935
7242 13376 44.3069
7243 12947 30.1775
7244 9935 52.1608
7244 11174 38.5486
7244 14577 33.4936
7244 16530 34.3826
7245 11849 118.137
7246 8835 27.2357
7246 10081 40.4689
7247 11275 57.2458
7247 12387 101.782
7247 16752 91.3913
7248 11703 72.1646
7248 11925 92.7426
7250 8146 14.4778
7250 15141 94.2152
7251 12861 39.7288
7251 14189 39.231
7251 14258 63.4072
7252 11092 42.8049
7252 11313 8.64326
7252 13517 19.2185
7253 10826 35.109
7253 12492 42.3883
7253 13217 72.3033
7253 17175 42.8799
7254 8911 42.596
7254 11453 35.0977
7255 8879 30.0735
7255 12203 42.4672
7256 17084 96.9195
7257 12140 8.70351
7257 13670 25.595
7257 14340 16.7407
7258 12870 31.8776
7258 13403 83.4126
7259 8588 24.4846
7259 10107 77.4201
7259 16830 43.3942
7260 13114 68.1285
7260 16658 71.6773
7261 11844 15.1853
7261 12014 50.3658
7262 8790 14.4277
7262 14911 44.5874
7263 11478 67.7628
7263 14592 24.7548
7263 14958 24.6895
7264 12665 35.5781
7265 13885 23.7754
7265 15498 69.9816
7266 8220 63.4276
7266 13438 7.67975
7267 13710 70.6422
7267 16922 74.0951
7268 7736 36.5774
7268 12049 36.9041
7270 11778 59.4137
7270 13749 87.0079
7270 15632 72.7719
7270 16251 40.2686
7271 11560 58.3966
7271 12961 21.8032
7271 14762 46.6487
7272 13806 32.9243
7272 14899 91.8241
7274 10845 31.8585
7274 14444 67.6428
7275 8628 16.7894
7275 10099 82.7104
7275 14515 55.127
7276 10154 69.3381
7277 13232 61.7983
7277 14788 94.6496
7278 7460 131.927
7278 9389 68.3637
7279 12846 88.0686
7279 12866 79.272
7279 15661 35.5795
7280 8763 110.357
7280 13182 107.303
7281 8272 27.2598
7281 12112 48.7098
7282 7353 58.5828
7282 7917 108.093
7282 15319 28.272
7283 7325 111.363
7284 9304 87.3212
7284 10064 57.7923
7284 12725 58.2111
7285 15407 88.4495
7285 17110 74.6446
7286 8512 81.3714
7286 10965 107.08
7286 13622 59.0567
7286 15469 70.9203
7287 12176 39.6268
7288 11149 31.1765
7289 8579 28.3574
7289 15371 76.0802
7290 14083 113.619
7291 8375 64.7688
7291 9779 87.6271
7291 10225 35.9504
7291 10452 64.2326
7291 15092 114.993
7292 13178 33.4808
7293 10646 20.0395
7293 12556 60.4717
7293 13718 31.5435
7293 14016 31.5084
7293 16907 69.4013
7294 8181 49.5308
7294 14302 74.668
7294 14468 3.71553
7295 7368 48.3892
7296 15530 69.2863
7297 11398 29.0639
7297 12547 49.2783
7297 16090 78.4732
7298 10283 112.243
7298 15814 73.6052
7298 15825 29.4332
7299 9444 50.9276
7299 12583 9.51246
7299 14585 65.2497
7300 10697 49.7554
7300 11248 85.2876
7301 8407 105.877
7301 9109 74.002
7301 9848 6.2529
7302 11020 41.0411
7302 12386 66.6821
7303 11244 24.6178
7303 12466 31.6427
7303 13630 69.6864
7304 8927 37.9181
7304 12351 20.4445
7305 15571 29.4465
7306 8296 54.4849
7306 10857 29.8939
7306 16783 20.7155
7307 10478 34.845
7307 14169 91.0994
7307 14872 60.3566
7308 9788 38.3971
7309 14055 15.7142
7310 11962 58.417
7310 16397 104.875
7311 14336 63.6714
7311 14776 111.054
7311 15281 113.26
7312 14569 8.82382
7313 8683 49.7651
7313 12076 87.8641
7314 9972 133.67
7314 10809 112.089
7316 11322 47.6896
7316 16743 42.0624
7317 8608 54.5457
7317 12530 35.1743
7317 16306 66.4339
7318 7515 33.985
7318 9438 41.7694
7318 12894 14.7277
7319 10936 28.3956
7319 13329 97.0956
7319 14512 36.7351
7320 7853 43.3637
7320 7960 109.263
7320 10893 84.5109
7320 12719 77.2351
7321 7967 74.1991
7323 9317 102.557
7323 11863 58.8316
7324 8560 37.2515
7324 14675 9.44699
7325 7909 78.0497
7326 12319 71.0915
7326 16870 55.2042
7327 7816 45.5651
7327 9541 93.5963
7327 12953 48.2043
7327 14830 68.2691
7328 16574 29.4798
7329 10327 16.4534
7330 8985 66.4994
7330 13375 24.943
7331 9149 78.7168
7331 14292 68.696
7332 15066 119.029
7333 12847 50.3772
7333 14249 50.0543
7333 16976 50.8914
7334 9018 46.69
7334 12354 89.0644
7334 14683 102.615
7335 7466 58.5435
7335 13327 61.4231
7335 16269 71.1329
7336 9203 57.968
7336 9592 170.173
7337 10486 93.9689
7337 15748 63.1121
7338 11749 34.8563
7339 7518 7.22768
7339 10209 77.135
7339 13076 93.9368
7340 7559 11.05
7340 13787 26.1435
7340 14627 64.2662
7341 12343 41.6802
7341 14035 15.8524
7341 16301 43.6858
7341 16659 35.1982
7342 11330 56.3133
7342 12340 93.0802
7342 13115 56.8894
7343 10545 75.0285
7343 10657 43.2843
7344 9484 66.9843
7344 9794 149.312
7344 15134 44.8255
7345 8315 65.4429
7345 14804 67.8826
7345 16442 51.6322
7346 16123 54.2056
7346 16736 53.0715
7347 7795 13.1069
7347 8705 83.2953
7348 10046 23.3209
7348 11538 77.3034
7348 12691 55.9288
7349 7571 36.6544
7350 8306 60.9431
7350 9923 13.0357
7350 16501 67.1592
7351 8069 52.3331
7351 14636 48.9609
7352 9710 58.0831
7352 16535 51.5646
7352 17104 30.7676
7353 8402 71.6642
7353 12755 63.2046
7353 15319 68.1105
7353 16494 99.2757
7354 10476 35.2077
7354 12865 39.3752
7355 14058 79.0264
7356 10346 86.5018
7356 16851 54.6605
7356 17028 25.7021
7357 10835 70.1389
7357 15327 48.1879
7358 8811 34.0735
7358 16081 57.8208
7359 14262 65.0753
7359 15572 14.1078
7360 11473 45.117
7361 8797 20.767
7361 11050 42.7333
7362 12142 18.4801
7363 13940 46.8579
7363 16213 62.3146
7364 9145 42.834
7364 9283 31.1186
7365 12800 42.6493
7365 17008 65.7116
7366 10606 54.1052
7367 9126 24.2003
7367 10358 144.651
7367 12833 48.9253
7368 12879 70.6962
7369 10280 40.7689
7369 15761 24.9074
7370 9499 48.9136
7371 13935 69.2327
7371 15706 47.4844
7372 16806 98.5883
7373 8286 28.3698
7374 7520 54.1383
7374 10609 65.5073
7374 11800 7.26821
7374 15872 68.1849
7375 12270 87.6088
7375 14309 46.5513
7376 8561 19.1194
7376 8843 34.3435
7376 15045 26.3094
7376 15674 58.2353
7377 9091 33.3368
7377 16760 73.2714
7378 9624 61.3966
7378 10173 43.89
7379 8643 45.4417
7379 12043 31.8094
7380 7822 44.4428
7380 16843 40.3961
7381 7996 15.6125
7381 9070 82.906
7381 14921 11.48
7382 7727 76.5672
7383 7915 41.3472
7383 15557 40.8801
7384 9074 18.503
7384 10435 52.545
7385 7657 52.9298
7385 9219 40.6956
7386 11874 75.8287
7386 13530 73.5172
7387 12325 106.713
7387 15928 8.23147
7388 7920 91.7244
7388 10310 88.8162
7388 13800 96.3113
7388 14312 70.793
7389 11514 75.0363
7389 16513 67.7278
7390 8554 44.5544
7390 9806 34.3539
7390 10688 113.108
7390 11488 39.7206
7392 8567 29.5849
7392 10632 48.5762
7393 10267 62.1562
7393 13728 30.8833
7394 10260 21.7325
7394 11042 24.6846
7394 16440 47.0785
7394 8688 49.1224
7395 11148 86.6689
7395 11178 11.8184
7395 13044 121.538
7396 11989 50.6605
7396 13360 46.3441
7396 14744 47.6992
7397 14062 40.4703
7397 14283 42.3733
7398 9184 51.5965
7398 9472 44.5169
7399 9202 103.252
7400 9319 35.1469
7400 13290 33.2401
7400 16254 70.8213
7401 8358 25.2846
7401 10284 50.8371
7401 16449 92.5032
7402 14344 85.2295
7402 15700 62.5929
7403 10739 60.1732
7403 11970 45.9814
7403 13773 51.5656
7404 14939 41.1573
7404 16539 48.6617
7405 11497 87.9141
7405 14345 145.06
7405 15064 125.616
7406 9942 46.2085
7407 8649 64.4934
7407 12609 71.9117
7408 9082 75.5267
7408 11247 92.9783
7408 14418 100.372
7409 9013 58.9372
7409 10774 34.1284
7409 16426 42.8885
7410 8964 45.3961
7410 9504 54.8668
7410 11871 22.4248
7411 8193 23.3586
7411 12688 45.4582
7412 8012 48.9796
7412 10005 39.7016
7412 10158 17.5055
7413 9803 60.7268
7413 14843 103.918
7414 11898 57.4541
7415 8774 74.4236
7415 9548 122.304
7415 10917 116.896
7415 10985 11.8595
7416 7994 82.1859
7416 11526 68.4221
7416 14787 19.2689
7417 15369 41.8993
7417 16193 78.3134
7418 14503 25.1797
7419 12611 59.0129
7420 12565 64.8698
7420 15237 32.3095
7421 8216 61.6639
7421 8805 78.831
7421 16812 62.6828
7422 9737 74.4853
7422 12284 67.9834
7422 15563 28.5777
7423 9267 79.7439
7423 9443 67.3851
7423 9540 41.2267
7424 8588 51.9789
7425 10453 41.0509
7425 11002 60.1232
7425 13892 75.5315
7426 13236 74.8408
7426 14100 64.5482
7427 7789 92.9821
7427 8450 33.0864
7427 11303 66.9804
7428 9825 72.9297
7428 13075 51.8218
7429 7767 43.0772
7429 11463 33.7153
7429 12455 35.983
7429 15659 53.2973
7430 12349 38.0711
7431 13370 70.8916
7432 7486 28.3999
7432 8383 17.1226
7432 12308 89.313
7433 10974 66.1298
7433 16538 19.8328
7434 9898 70.0134
7434 11186 22.7958
7435 10164 51.7136
7435 15658 68.5553
7436 11902 78.8316
7437 7589 68.4893
7437 12244 47.4242
7437 12916 18.6747
7437 13326 46.1596
7438 11025 96.6249
7438 13846 114.044
7438 13941 83.1135
7439 14538 67.0192
7439 16035 43.2639
7439 17007 52.6945
7440 9468 61.2539
7440 14742 32.4514
7440 16559 26.1964
7441 15926 43.1731
7442 10438 55.5777
7443 9119 63.3769
7443 10581 73.8428
7444 10570 92.387
7444 11911 45.5048
7444 13700 90.0996
7445 14540 2.32763
7446 7700 75.6697
7446 14396 77.9143
7446 15301 78.5905
7447 14142 78.5755
7448 9165 130.713
7448 11851 92.4783
7449 14253 102.436
7450 11319 92.7155
7450 16827 78.9544
7451 10036 65.6191
7451 14106 57.2269
7452 8654 46.3264
7452 12849 90.4545
7452 12968 25.0659
7452 16607 69.7837
7453 15647 73.8921
7453 16390 53.9053
7453 16493 32.1342
7454 7606 70.3905
7454 12471 64.4202
7454 16043 82.2445
7455 8124 46.7608
7455 8306 55.1709
7455 13051 14.8333
7456 8883 57.696
7456 14987 90.1569
7457 11049 69.1315
7457 13294 91.6184
7458 17052 33.6693
7459 8013 63.4647
7459 10382 55.3212
7459 10801 23.3925
7459 12500 35.2561
7460 9389 36.2805
7460 14909 86.8333
7461 9965 50.3427
7461 12185 36.3309
7461 12738 22.0754
7462 13040 68.8481
7463 10262 69.6175
7463 15743 52.7322
7463 15894 53.4136
7464 11420 47.3035
7464 16481 51.9918
7464 16791 48.354
7465 11233 60.3841
7465 15100 49.2083
7465 16029 42.547
7466 8515 55.7702
7467 16679 65.7769
7470 8921 87.5489
7471 15415 33.6465
7472 11165 39.8797
7472 11954 52.0433
7472 15202 69.4655
7473 10656 58.3352
7473 14800 32.7957
7473 15562 51.5002
7474 8923 43.6667
7475 9115 57.9911
7475 10873 43.5269
7475 16000 65.8312
7476 10764 79.6369
7476 16309 78.5752
7477 8011 84.5476
7477 9583 116.667
7478 9400 13.0937
7478 10908 27.2386
7478 11502 14.2627
7478 11742 43.8325
7479 9199 40.096
7479 12039 52.5881
7479 16186 44.4861
7480 9730 101.453
7480 11389 40.4811
7481 10001 119.451
7482 9865 82.6593
7482 14098 61.987
7483 9037 40.7154
7483 13024 59.7117
7484 13507 78.4345
7484 14343 48.6776
7484 15271 78.9891
7485 10713 27.2352
7485 14665 51.2833
7486 8383 18.5653
7487 10356 136.084
7488 7524 30.7751
7488 11430 41.1737
7488 11763 60.131
7489 12130 22.5943
7489 16585 50.5488
7490 13049 69.5889
7490 13092 61.0432
7490 15334 118.357
7491 8504 123.347
7491 10306 14.405
7492 10088 43.3754
7492 10559 120.95
7492 11588 12.5235
7492 14848 36.3277
7493 14295 67.1505
7493 15670 47.7844
7494 8329 85.6094
7494 16786 76.2911
7495 11759 42.6854
7495 15839 78.202
7496 15347 54.1047
7497 7696 61.379
7497 10087 84.1161
7498 9906 105.486
7498 10274 101.051
7498 14557 27.037
7498 15209 95.6357
7499 13545 47.7268
7499 14274 21.9311
7500 12391 37.6845
7500 12483 54.6155
7500 12838 83.4727
7500 13848 61.723
7501 9783 53.4085
7501 13658 54.8123
7502 8250 57.4899
7502 16478 35.5801
7503 9681 54.9078
7503 16425 54.3301
7504 13149 44.334
7504 13529 69.4802
7505 10270 33.3014
7506 11500 69.7957
7506 11686 84.253
7506 15009 12.2326
7506 15036 62.0782
7507 10097 102.947
7507 11991 74.3399
7507 14481 37.0333
7508 9475 121.595
7508 14155 29.9296
7509 13028 86.0969
7509 13251 54.3579
7510 8161 82.434
7510 11782 46.017
7510 16027 29.58
7511 10919 63.8779
7512 16034 164.549
7513 7688 83.7764
7513 14123 74.5936
7514 9434 50.852
7514 12112 62.7445
7514 16377 21.8669
7515 11194 44.9882
7515 12143 37.5841
7516 8228 64.904
7517 7766 45.4931
7517 13775 49.4611
7518 10209 45.3518
7519 9431 31.8449
7519 12339 60.4017
7520 8194 44.9804
7520 10609 86.7516
7520 11800 73.4992
7520 15872 73.0373
7521 13649 44.3273
7521 13802 77.5815
7521 15733 45.0392
7522 8784 64.9369
7523 12243 59.5545
7523 15107 45.0195
7523 15467 29.7488
7524 11430 33.2134
7524 16089 60.0057
7525 8674 53.4702
7525 12248 29.8498
7526 13114 71.3536
7526 16658 83.822
7527 12060 51.1672
7527 16522 57.1466
7528 9047 83.8592
7528 10000 13.8226
7528 10004 37.2569
7528 11051 33.2114
7529 10362 37.9424
7529 16265 25.1455
7530 8990 45.0599
7530 13791 67.291
7530 14891 30.7401
7531 11079 22.1217
7531 12630 77.1237
7532 12012 31.8196
7533 10676 29.6781
7534 13006 33.4717
7534 13501 63.9168
7534 16296 19.5435
7535 13122 16.144
7536 9524 46.2854
7536 10391 78.1375
7536 11192 44.7744
7536 16374 13.7215
7537 8522 62.963
7537 10202 42.5477
7537 13928 64.8608
7538 8941 57.4527
7538 9084 62.3959
7538 12020 27.2797
7538 16071 44.4908
7539 8951 97.5065
7539 14840 99.9989
7539 16102 57.8451
7540 10989 49.5314
7541 8673 103.788
7541 12699 78.6069
7541 13296 68.1486
7542 9375 34.8102
7543 14235 31.2204
7544 8545 26.4598
7544 12511 27.1196
7545 10002 20.7288
7546 10712 24.5224
7546 13637 58.2171
7546 16577 43.6695
7548 16847 43.7809
7549 10516 36.6038
7549 16991 74.821
7550 14446 69.4831
7551 11882 66.8622
7551 13908 101.147
7552 8325 68.459
7552 10054 23.646
7552 10701 13.7393
7552 14254 55.5028
7552 16979 100.237
7553 9811 52.3005
7553 12342 52.4705
7554 10611 47.4873
7555 13823 59.2681
7555 15862 39.2875
7555 16598 52.5812
7556 14991 41.7139
7556 16693 61.3444
7557 9892 66.8349
7557 12213 82.0221
7557 12999 17.0359
7558 12115 28.2063
7559 11932 39.5428
7559 13787 21.3981
7559 14627 50.7726
7560 11182 99.7323
7560 12874 23.8855
7560 15413 75.3938
7560 16330 42.4509
7561 10334 45.2833
7562 8665 23.6877
7562 10632 49.1418
7563 8281 59.2158
7563 11122 45.566
7564 7671 60.908
7565 14214 57.2976
7565 15344 26.3967
7566 10008 65.0687
7566 10682 52.0596
7567 8259 45.2231
7567 8979 56.4483
7567 13641 55.1106
7567 14389 76.6182
7568 9257 48.7958
7568 11262 83.3171
7569 12030 44.4163
7569 14277 39.5823
7570 7877 61.0684
7570 9401 48.4629
7570 11581 53.2268
7570 13156 69.4343
7570 14702 46.3187
7572 10229 76.3299
7573 9713 59.018
7574 13559 18.7757
7575 7739 117.893
7576 12321 53.6663
7576 13285 35.2449
7576 14746 19.2959
7577 8021 99.8577
7577 10029 60.532
7578 7630 41.4299
7578 8801 45.9137
7578 10061 67.1215
7579 15165 18.9965
7580 7979 94.2307
7580 9422 30.7564
7580 16030 46.0202
7581 14580 120.14
7581 16375 40.351
7582 10489 29.4339
7582 12928 61.1343
7582 15767 44.3359
7583 8237 56.0115
7583 9533 20.9248
7584 12675 22.7904
7584 14122 131.616
7584 16776 12.0124
7585 9753 97.4765
7585 14361 115.066
7585 14850 50.2893
7586 14129 49.1526
7587 16495 16.8476
7588 11898 103.758
7589 11674 95.98
7590 9294 83.7169
7590 10845 53.2233
7591 9824 73.2717
7591 15925 44.1505
7591 16058 79.7973
7592 9743 87.193
7592 11690 89.5614
7593 14839 50.4594
7594 8940 59.0552
7594 10663 36.4112
7594 12476 62.4977
7595 14090 54.8424
7596 8879 96.6522
7596 13776 54.9916
7596 14377 41.154
7597 16085 37.6512
7598 11985 53.2222
7598 13912 55.471
7599 8632 56.7337
7599 9962 28.9434
7599 12568 48.8498
7600 16024 98.8911
7601 9835 79.4473
7602 13804 61.0289
7603 15536 52.9507
7603 16228 60.0072
7604 8962 84.2828
7604 9647 71.9871
7605 11425 43.4059
7605 14596 74.3297
7605 15749 82.13
7606 12779 81.3373
7607 12238 59.7662
7607 12289 37.2373
7607 15196 44.8692
7607 15766 70.6825
7608 10601 91.7627
7609 10031 66.1884
7609 10218 63.8536
7609 11613 57.3284
7610 16299 54.9608
7611 10946 33.8072
7611 14164 63.3403
7611 16228 68.6788
7612 11496 77.4653
7612 11532 61.0245
7612 16117 44.7879
7613 9135 46.7392
7613 15674 52.2677
7614 14826 27.3297
7615 12671 53.2515
7616 9597 87.5436
7616 11618 41.9014
7616 15869 89.1253
7617 12781 65.2186
7617 14580 55.5138
7617 16753 49.9906
7618 9695 101.897
7618 12404 80.5655
7618 16295 54.6664
7619 8335 43.3133
7619 14820 79.8569
7619 16350 94.6262
7620 11004 130.031
7620 11562 56.7871
7620 14591 38.919
7621 11259 58.4783
7621 16324 17.5942
7622 8123 57.8404
7622 9209 28.4367
7622 14268 78.89
7623 8943 68.4736
7623 14934 89.9728
7624 12961 24.3344
7624 14762 30.1169
7625 8570 81.497
7625 9869 66.4948
7625 16522 12.8352
7626 10256 68.8317
7626 13607 44.8453
7626 15002 59.9085
7627 12860 21.9088
7630 10061 47.8331
7631 15740 81.8319
7632 8534 17.1062
7632 11126 44.6909
7632 16982 50.8815
7633 7822 71.8813
7633 12790 53.1769
7633 16843 55.4219
7634 13088 17.9782
7634 17165 52.7833
7635 12764 58.2447
7635 13042 71.9616
7636 16913 59.7563
7637 8292 88.317
7637 16836 131.395
7638 8461 47.3279
7639 7963 61.6896
7639 14897 28.0922
7639 15379 60.9838
7640 12170 58.8556
7640 16338 51.7671
7640 16591 61.0294
7641 11318 57.1639
7641 11387 44.0506
7641 13125 27.8533
7641 16758 38.8791
7642 9342 34.3687
7642 12946 35.0066
7642 13685 72.7367
7643 9817 24.4084
7643 11575 44.5195
7643 12792 53.4778
7643 13364 81.7029
7643 16845 23.1826
7643 17136 12.9283
7644 7667 110.499
7644 12552 106.228
7644 16005 65.8155
7645 10333 84.1838
7645 12388 76.9278
7646 11343 57.5193
7646 15903 9.62418
7647 7924 67.2077
7647 13341 36.6651
7648 8166 35.439
7648 8946 30.5636
7648 11504 67.468
7648 11605 80.777
7648 13755 60.2275
7649 7662 122.777
7649 17151 80.1674
7650 8702 104.893
7650 9884 46.7336
7650 10999 98.1811
7651 10696 91.2902
7651 16959 19.3159
7652 10431 93.3853
7652 12525 39.4157
7652 16711 74.6208
7653 13438 68.5172
7654 9188 63.7485
7654 16100 34.8335
7655 14552 77.8016
7655 16252 93.6079
7656 9385 68.2401
7656 16486 89.5224
7657 13920 58.4346
7658 8859 55.8557
7658 13080 49.714
7659 13180 93.8092
7659 13531 95.6493
7659 14313 27.4261
7659 14919 58.9149
7660 8564 53.7871
7660 12464 40.9182
7660 13430 65.7688
7660 13561 28.1058
7661 13384 69.9822
7662 9100 124.24
7662 10895 70.7077
7663 11368 54.2773
7663 16712 58.9415
7664 8877 20.7559
7664 10174 49.6704
7664 14329 56.6317
7665 10071 29.0086
7665 16271 58.0022
7666 11287 114.752
7666 14093 34.7287
7667 16005 49.2136
7668 15448 67.3283
7668 15770 119.38
7669 8108 119.603
7670 8027 66.7338
7670 16076 16.0069
7671 14238 65.5773
7672 10529 103.253
7672 15053 97.7664
7672 15429 74.0383
7673 11199 68.6745
7673 11375 79.538
7673 11633 38.8624
7674 9029 96.7666
7674 10443 120.921
7674 16593 105.562
7675 15104 64.103
7675 15913 98.2956
7675 16427 38.9778
7676 12087 14.0059
7677 12848 11.1731
7678 9727 89.2244
7679 9683 52.8166
7679 14764 62.6994
7680 10445 29.5591
7680 14154 87.488
7681 10300 103.524
7682 8200 32.3078
7682 9121 80.147
7682 14170 49.8801
7683 8242 52.7763
7683 9757 75.7217
7684 13745 82.305
7685 8283 23.3027
7685 9591 44.1446
7687 12102 41.3385
7687 16016 51.5429
7688 11311 13.5096
7688 16210 86.9365
7689 7734 91.6827
7689 9425 56.7456
7689 16264 24.5648
7690 13347 27.3826
7690 14126 59.7367
7691 8141 57.9183
7691 9089 56.8682
7691 16411 25.6846
7692 12154 45.1475
7692 14299 89.4721
7692 15842 87.3776
7693 9083 33.7255
7693 12490 24.628
7693 14351 15.5299
7694 15634 36.5985
7694 16566 65.3902
7695 15229 32.4487
7695 16218 43.1487
7696 10087 71.5118
7697 12048 89.9807
7698 9358 40.563
7698 14057 37.4534
7699 8136 24.1288
7699 9297 35.7606
7699 9703 57.322
7700 14396 36.1986
7700 15301 48.9309
7701 11576 66.0567
7702 13512 50.0039
7702 13588 23.7725
7702 16090 56.5857
7703 10981 96.812
7703 13413 23.7816
7705 8323 19.9031
7705 13218 27.2076
7705 15684 70.5548
7706 11317 92.9687
7707 13085 23.645
7707 14358 48.8075
7708 13358 10.8907
7708 15537 49.6377
7709 8401 75.0415
7709 12867 41.316
7709 15272 87.6536
7710 8414 20.9306
7710 14602 101.313
7711 7819 45.0641
7711 11006 50.9198
7712 8389 23.7825
7712 14607 26.6633
7713 10620 45.4469
7713 11205 58.8634
7714 9667 44.8906
7714 14669 101.894
7715 10981 27.6115
7715 13720 76.2405
7715 14996 90.1051
7716 8056 67.0932
7716 10252 88.5386
7716 11402 64.0972
7716 15827 145.711
7716 16245 28.073
7717 8316 69.7107
7717 17118 92.8373
7718 10977 73.5945
7718 13682 37.2592
7718 15151 38.2828
7720 14465 56.0354
7720 16897 22.3298
7722 15602 46.2282
7722 17036 38.6541
7723 8160 23.7782
7723 10268 51.7526
7724 9340 41.2736
7724 15299 49.9034
7724 15877 90.7411
7725 10707 88.1097
7725 12136 11.412
7726 8191 49.8905
7728 16718 35.8922
7729 9137 57.6592
7729 11137 126.268
7729 16093 25.6147
7730 13694 32.7399
7730 16095 67.2304
7731 8435 48.506
7731 17071 25.9568
7732 15158 47.0127
7732 16840 52.0421
7733 13340 46.9727
7733 15008 59.0428
7734 15352 89.7488
7734 16264 88.1691
7735 10043 12.0074
7735 10378 54.0673
7735 12482 31.6036
7737 8824 51.2131
7737 8891 70.4334
7737 11953 137.102
7737 12869 43.783
7738 8133 23.4561
7738 10069 22.5629
7740 10015 41.4132
7740 14571 9.20134
7740 17059 81.4276
7741 8751 102.274
7742 13185 74.5414
7743 11697 33.3403
7743 13385 49.6182
7743 14229 66.79
7745 12504 21.0588
7745 12578 17.4713
7746 8060 23.3562
7746 10974 54.5201
7747 8425 42.5639
7747 9747 18.7762
7747 15080 41.5499
7748 13468 76.9701
7748 16545 54.6817
7749 8374 57.5802
7749 8884 25.8589
7749 10843 80.9608
7749 14620 77.5944
7750 10115 72.6958
7750 10173 134.371
7751 9053 34.6424
7751 9648 38.162
7751 12189 93.092
7751 13591 46.3697
7752 15461 59.9414
7752 15546 6.85971
7753 14444 74.1575
7754 10519 115.378
7755 12106 59.9639
7755 14343 70.0119
7756 10012 80.9716
7756 15702 50.8006
7756 16779 46.9124
7757 14374 43.3131
7757 14856 12.1657
7758 8295 43.728
7758 10331 19.5474
7758 15643 34.6111
7759 16537 5.93531
7760 11327 88.5344
7760 11475 40.7197
7760 15029 57.0791
7761 12055 103.974
7761 12652 87.3865
7762 11587 55.6826
7762 15391 56.3555
7763 9248 61.3904
7763 16974 55.317
7764 9473 86.6448
7764 13750 130.979
7764 16385 41.8971
7765 12817 95.0303
7765 14197 39.6528
7765 14584 50.1999
7765 16975 83.4704
7766 13775 35.6913
7767 10833 98.9621
7767 12455 25.8583
7768 8552 55.3769
7768 13523 63.1251
7769 8808 90.2412
7769 12449 102.795
7770 10957 54.9015
7770 15005 62.3247
7770 16600 62.4033
7772 10500 113.92
7772 10805 66.0372
7772 13420 134.934
7773 9046 64.1656
7773 12193 86.4795
7774 8951 65.9497
7774 15620 42.1766
7775 12957 33.7524
7775 14864 26.1085
7776 12382 57.3418
7776 12540 86.6447
7776 14422 69.3423
7777 10733 61.3072
7779 7794 12.2672
7779 14362 74.5072
7780 10745 36.4037
7780 13795 39.1632
7780 16352 23.7606
7781 14363 54.7448
7782 9377 58.3693
7782 12332 107.826
7782 13592 89.3108
7782 16643 49.3548
7783 12761 69.3379
7783 13516 116.757
7783 14646 59.195
7784 10830 77.4065
7784 13779 99.7198
7784 14511 93.3517
7785 11293 49.1963
7785 11742 77.9902
7786 15150 45.7656
7786 16283 52.7764
7787 9587 66.1551
7787 12626 60.071
7788 15435 55.4992
7788 15991 74.7193
7789 9027 75.9761
7789 13125 52.6379
7790 9856 17.7962
7790 16129 73.212
7791 8096 73.628
7791 11219 103.988
7791 14020 64.1881
7791 16688 75.3277
7792 9063 90.6228
7792 13666 44.417
7792 15945 75.9892
7793 9244 46.2825
7793 11718 58.4565
7793 12844 18.7897
7793 15067 45.7932
7794 7930 106.701
7795 8705 82.8548
7796 8871 56.4964
7796 16876 59.205
7797 8183 75.834
7797 9427 59.9988
7797 12093 31.7511
7798 10465 49.6535
7798 15525 83.191
7799 11468 113.579
7799 12766 62.4364
7799 15988 27.7873
7800 8832 43.2412
7800 9216 56.1469
7800 11743 8.07263
7800 13210 7.42541
7801 8420 77.2962
7801 10027 121.171
7801 12004 48.6316
7801 15294 71.6142
7802 13457 62.6331
7803 15533 50.3262
7803 16364 45.2869
7804 10801 78.2661
7804 12500 59.4716
7805 10405 81.7255
7805 11121 57.3342
7806 16422 22.8619
7807 16061 73.2917
7807 17110 52.518
7808 17098 50.6388
7809 11394 47.2156
7809 15875 64.0724
7810 9590 58.6691
7810 16973 54.6533
7811 11593 71.7274
7811 16094 88.7934
7812 12217 26.9589
7812 14174 82.6336
7812 15148 44.4638
7812 17092 40.7957
7813 9965 39.8674
7813 13336 46.5243
7813 13730 51.4523
7814 10301 107.752
7814 12054 103.436
7815 9062 53.2822
7815 10746 49.3222
7815 11065 56.7409
7816 12953 17.1224
7816 14830 71.9638
7817 9555 77.1284
7817 11454 32.2551
7817 15287 19.6207
7818 10551 10.1018
7819 11006 107.337
7820 14756 47.642
7820 16665 50.2231
7821 10491 38.2867
7821 12067 58.5121
7822 12790 61.9837
7822 16843 46.1752
7823 12281 106.93
7823 16246 30.3288
7824 12299 33.9934
7825 13773 61.4498
7825 15454 55.0753
7825 16052 10.3332
7826 9988 35.3816
7826 14191 70.6795
7826 15993 75.0129
7828 15642 58.5915
7828 15868 61.5427
7829 10704 18.0904
7829 11948 73.3385
7829 12589 48.5234
7830 10848 125.687
7831 8587 19.8819
7831 10386 22.4558
7832 11330 62.2656
7832 12588 93.8082
7832 14589 100.305
7833 8303 73.8519
7833 8421 61.0981
7833 9913 23.9051
7834 15060 66.0583
7834 17109 14.7352
7835 12704 9.5628
7836 13261 41.6005
7836 13870 110.487
7836 14835 123.507
7837 9566 31.0364
7838 15811 49.5386
7839 9943 61.5547
7839 9978 95.0384
7839 14929 63.1324
7840 14916 42.0298
7840 16960 73.958
7841 9931 52.3989
7841 16564 43.2711
7842 7930 79.0284
7844 11060 76.4158
7845 10106 56.2027
7845 16471 72.9204
7846 15808 79.477
7846 16369 40.3615
7847 12769 38.7438
7847 14609 65.5823
7848 13689 51.3447
7849 9754 121.084
7849 15655 61.1815
7850 16073 97.5397
7851 8485 35.342
7851 12098 58.3271
7854 12456 77.9194
7854 14854 101.687
7854 15937 92.1734
7855 10919 52.2901
7857 8011 37.189
7857 13746 85.3466
7858 9966 90.6707
7858 15206 35.3057
7858 16790 57.5942
7859 9152 87.5012
7859 13020 58.5419
7859 13181 25.6388
7859 15799 83.2964
7860 15126 30.8518
7861 9576 27.1303
7861 11157 23.9448
7861 16880 89.1506
7862 10206 90.818
7864 9492 35.1552
7865 9814 42.6226
7866 11821 28.652
7866 13711 85.8031
7868 10569 51.5032
7868 14999 41.6698
7869 14152 55.2181
7869 14353 47.7808
7869 16413 59.349
7870 10808 82.5437
7870 11208 24.2504
7871 8330 53.4794
7871 15802 117.175
7872 15779 79.941
7872 16708 16.0877
7873 9367 6.44246
7874 8953 51.2186
7874 15675 65.3984
7875 13568 88.2451
7875 15491 85.4098
7876 14896 61.7747
7876 15671 61.9471
7876 16647 52.3124
7876 17123 55.4649
7877 8841 48.8726
7877 9401 30.8756
7877 11581 22.8492
7878 8645 122.913
7878 9295 26.3904
7878 11034 82.4891
7878 14158 125.606
7879 9290 38.1696
7879 16145 71.7398
7880 12072 79.3435
7882 11385 81.0238
7883 8768 80.8692
7883 11061 21.4764
7883 12301 52.4354
7884 13777 68.3389
7884 15049 84.6372
7885 8856 74.4221
7885 10791 136.092
7885 13657 39.1877
7885 14175 101.616
7886 15968 57.4446
7887 10842 6.95584
7887 15408 50.2846
7888 13011 62.4482
7889 11440 21.3541
7889 15525 56.6504
7890 7997 55.5406
7890 13015 66.0373
7890 13913 71.069
7891 13369 76.7197
7892 9169 85.1287
7892 15418 60.9072
7893 9762 86.1322
7893 14482 46.973
7893 15184 74.3411
7894 8813 93.0496
7895 10021 40.4619
7896 8322 72.7875
7896 17025 48.3186
7898 10258 11.8316
7899 16810 64.4993
7900 8476 54.3911
7900 9980 80.8548
7900 14053 78.9239
7901 8604 64.8173
7901 9952 40.6231
7901 14845 39.3055
7901 16002 43.4036
7902 13965 104.194
7902 15284 46.4887
7902 17181 115.232
7903 11789 70.1014
7903 13541 26.0525
7904 8530 108.82
7904 14319 64.736
7905 11503 18.108
7905 14332 42.6793
7906 12990 105.216
7906 16220 36.261
7906 16412 65.1348
7907 8722 24.5556
7907 10906 37.1227
7908 12309 130.925
7908 15355 27.1757
7910 9699 31.7163
7910 12514 59.6381
7912 9619 65.4439
7912 14364 35.6938
7912 15403 28.2338
7913 12166 39.1524
7913 16567 37.4958
7914 11623 69.3718
7914 13183 98.7914
7914 14766 76.3877
7915 11307 64.8154
7915 14037 53.3512
7916 10072 83.7631
7916 10361 48.5173
7916 11026 37.5444
7916 15548 21.7253
7916 16001 13.8453
7917 9075 81.1844
7918 11632 75.3032
7919 9421 10.3712
7919 11317 50.6187
7919 12017 23.4233
7919 13345 24.683
7920 13800 11.3954
7921 12443 37.6413
7921 14687 87.3033
7922 8612 62.8739
7922 9419 39.5757
7922 12231 25.2953
7923 10865 58.7169
7923 11128 20.4204
7924 14417 88.9925
7925 7934 54.7336
7925 9496 44.3926
7925 12225 30.6431
7926 14205 41.4883
7926 14736 85.2741
7927 10775 17.3017
7927 13410 29.779
7928 8229 108.247
7928 15805 43.9335
7929 10095 29.9689
7929 14701 79.4225
7931 12575 111.58
7931 13123 47.033
7932 8661 35.6306
7932 10421 33.8663
7932 15579 54.0069
7933 12792 53.216
7933 14983 90.6191
7934 9496 8.17083
7934 12225 37.4181
7935 9529 56.7171
7936 11245 62.3243
7936 12908 38.4152
7937 8356 88.1791
7938 9826 26.9124
7938 11168 18.6172
7938 13376 52.3689
7940 9869 48.7594
7940 12060 66.0143
7940 16522 55.611
7941 16446 53.3991
7942 15534 33.7783
7942 16785 44.8006
7943 17082 20.8913
7944 14345 43.1357
7944 15446 46.2592
7944 16961 90.7862
7945 9912 114.223
7945 15992 100.123
7945 17176 83.121
7946 10714 59.3315
7946 11521 62.7764
7947 8509 84.9967
7947 9159 30.9433
7947 10306 58.2376
7947 14710 101.264
7948 12763 25.4906
7948 14558 59.8994
7948 15400 85.6297
7949 13437 67.611
7950 8032 7.41876
7950 10375 60.1897
7950 15652 55.7574
7951 10011 69.7249
7951 14378 105.742
7952 10441 31.6513
7953 13856 52.2776
7954 11702 129.051
7954 11751 54.8172
7955 12370 37.7146
7955 14318 20.6949
7955 15008 49.2802
7956 9523 73.1995
7956 14951 55.391
7957 12506 50.8728
7957 17117 81.9975
7958 13069 41.5968
7958 13621 79.2346
7958 15263 104.364
7958 15338 111.109
7959 9441 84.4245
7959 12042 48.6625
7959 12806 45.3381
7959 15937 29.6164
7960 10893 102.114
7960 15998 92.9422
7961 9382 38.1519
7961 14822 21.208
7962 15058 39.9055
7962 16691 75.3434
7963 17170 68.1707
7964 8190 38.6581
7964 9993 32.1014
7965 9579 83.6231
7965 14624 143.597
7966 11763 92.3367
7966 15514 71.2561
7967 8660 81.5564
7967 16457 112.794
7968 9640 60.6938
7968 15566 16.1593
7969 13943 56.423
7969 16142 21.4614
7970 12897 72.0947
7970 13436 117.756
7970 15485 36.157
7971 8270 87.8331
7971 14485 67.3645
7972 9324 70.4076
7972 10737 55.2437
7972 13654 35.4381
7972 13909 158.059
7973 8700 62.8333
7973 14319 46.9772
7974 8755 106.831
7974 12174 26.3579
7974 15005 47.2505
7974 16600 55.0408
7975 9412 35.3538
7975 11107 73.9293
7976 11333 69.3661
7976 16373 76.5757
7976 17091 21.8941
7977 8846 95.8716
7977 9877 98.0328
7978 12096 41.5868
7979 9422 34.793
7980 13288 39.0478
7981 8990 63.3501
7981 9697 52.4062
7981 17057 31.6464
7982 11245 56.7912
7983 13399 60.7841
7983 14441 68.6746
7983 14588 63.6967
7984 10834 62.7545
7984 11798 100.309
7984 15474 34.9524
7986 8394 45.9551
7987 10677 128.179
7987 14067 43.3647
7987 16206 101.34
7988 11125 44.8062
7988 11857 60.5872
7989 12180 35.9498
7989 14399 8.45939
7990 9876 66.209
7990 12654 53.4636
7990 16121 13.5638
7991 11788 91.5708
7991 12783 21.8822
7991 16624 75.5849
7992 10758 84.4551
7992 11173 55.0669
7992 14251 56.8754
7993 9912 94.6123
7993 17176 102.171
7994 9442 71.7101
7994 16940 12.7731
7995 15738 67.5782
7996 8306 79.2222
7996 14921 43.7882
7997 13015 54.5954
7997 14137 87.3818
7998 8231 27.1696
7998 11653 76.0955
7998 13600 47.4989
7999 10781 45.2949
8001 11882 55.2155
8001 15501 58.705
8002 11735 20.0808
8002 13847 99.6745
8003 9600 35.1107
8003 12531 42.1233
8003 14926 35.12
8004 8216 38.9423
8004 13201 43.8855
8005 8020 61.3673
8005 9812 26.3946
8006 8245 74.8839
8006 12700 63.1332
8007 16201 23.3889
8008 8931 14.5567
8008 9076 96.8212
8008 11086 61.2918
8008 14543 79.8418
8008 15890 115.494
8009 12528 58.4257
8009 16682 46.3119
8010 8619 63.5839
8010 16002 80.5029
8012 10005 31.9785
8012 10158 73.4855
8013 10266 95.03
8013 10801 57.7712
8013 12500 133.534
8014 8296 73.1702
8014 10857 92.0369
8014 11241 60.3244
8015 8177 115.825
8015 12411 20.4301
8016 8417 41.4795
8016 8464 34.3213
8016 16209 28.4988
8017 11928 69.0581
8017 14089 54.2016
8017 16628 19.0936
8018 15589 6.85743
8018 16460 63.0805
8019 9954 33.2768
8019 12302 21.436
8020 9812 36.7025
8021 10029 39.7883
8021 12064 17.3347
8022 13167 60.8785
8022 14575 93.6821
8022 16965 5.0378
8023 14203 55.6989
8023 14291 114.437
8023 14905 73.439
8025 8529 64.0215
8025 8913 19.8582
8025 10930 51.9793
8026 15783 92.6882
8028 8853 103.92
8028 14436 82.2926
8029 8666 7.68906
8029 8952 51.1235
8030 16204 66.7025
8031 9457 47.3962
8031 16184 48.088
8032 10375 61.5013
8032 16172 84.6776
8034 9644 85.4244
8034 12485 23.6895
8034 16313 60.3214
8035 16580 58.8305
8036 12063 64.5488
8036 12368 4.43975
8037 11670 98.6156
8037 12797 96.4726
8038 9498 36.8923
8039 9907 18.1354
8039 15253 102.927
8040 8180 65.8489
8040 13045 73.1101
8040 16341 40.5699
8041 8051 59.0944
8041 17077 145.745
8042 8413 52.733
8042 15318 108.505
8042 16652 83.3007
8043 17101 25.9688
8044 8185 65.1277
8044 12984 60.0111
8044 15999 47.0206
8045 10708 152.683
8046 16488 57.3647
8046 16858 62.2791
8047 8411 51.0708
8047 10055 86.8682
8047 13372 40.3602
8047 16968 46.4582
8048 11094 19.1644
8048 16180 74.6324
8049 10016 18.645
8049 11102 94.5484
8049 12664 69.1069
8050 12773 72.8297
8050 13289 50.759
8050 14282 15.941
8052 14625 61.6625
8053 8867 55.411
8053 11955 54.4475
8053 15083 61.8052
8054 9466 65.5159
8054 13925 103.69
8054 14490 70.9329
8055 9205 61.9374
8055 9395 5.82942
8055 9688 18.7673
8056 15826 52.526
8056 8267 44.3256
8057 10083 72.5717
8057 11741 30.0005
8057 13039 67.794
8057 16479 51.8864
8058 8683 44.9929
8058 9910 58.1232
8058 12076 38.7175
8059 13711 53.3977
8059 15041 89.9003
8059 16307 95.2453
8060 8424 96.2489
8060 10974 48.7113
8061 12474 33.8581
8062 13010 58.1813
8062 13880 45.867
8062 14882 46.4306
8062 16672 22.4422
8063 11201 41.5402
8063 13174 87.345
8064 10141 40.2727
8064 14536 76.8438
8065 13855 49.0765
8067 16140 119.263
8068 13865 42.2638
8069 14636 61.0238
8070 12589 73.7819
8070 15077 85.1467
8071 13032 63.5937
8072 9127 104.767
8072 10500 43.9368
8072 15657 39.9409
8073 14975 55.1343
8074 11896 81.2745
8074 14293 74.2792
8075 8401 81.642
8075 9519 107.974
8075 15272 62.6921
8076 8154 42.5279
8076 10009 83.3783
8076 15977 21.3204
8076 16345 101.006
8077 14660 42.5485
8078 9645 70.6846
8078 12009 54.2428
8078 12856 73.7605
8078 16062 48.818
8079 10352 28.1679
8079 11314 30.6166
8079 15307 43.3211
8079 17036 36.4349
8080 17134 93.8365
8081 16011 34.6616
8082 15986 28.9324
8083 8629 53.9482
8083 9613 98.0769
8083 16084 36.4872
8084 10844 47.8499
8085 8930 112.35
8085 10447 106.078
8086 14986 20.7521
8086 15234 32.2872
8086 15784 76.1883
8087 9610 16.7549
8087 13944 65.0007
8088 9733 94.6715
8088 9973 22.6462
8088 12161 8.51818
8089 8446 122.553
8089 8977 51.7004
8090 12254 97.3854
8090 13624 71.2471
8091 10142 10.0193
8091 12330 61.9483
8091 13477 54.6288
8091 14401 49.6755
8092 12487 39.001
8093 13650 63.9605
8094 13254 82.0622
8095 9967 42.2723
8095 12261 65.7233
8096 8443 33.0666
8096 8466 76.0195
8096 14834 48.0327
8097 8998 76.9777
8097 14505 86.1852
8097 16250 89.7802
8097 16468 59.3735
8098 8563 26.8624
8098 11202 75.3239
8098 11881 77.5633
8099 15506 34.2278
8100 8933 56.7115
8100 11089 71.8906
8101 9916 68.5401
8101 10670 26.8152
8102 13255 35.5036
8102 14013 29.7721
8103 9765 76.7923
8103 14528 10.1358
8104 13141 65.7695
8104 16249 35.2206
8105 11382 46.8432
8105 13152 7.00413
8105 16535 96.0778
8106 13306 70.6596
8106 17140 57.7393
8107 8646 36.4066
8107 14520 59.5766
8108 12288 58.7054
8108 14667 47.2257
8109 12100 46.1699
8109 13238 58.9954
8109 13790 56.3151
8110 12895 79.9467
8111 14644 83.2785
8111 15394 72.0776
8112 8208 30.0951
8112 8844 49.8361
8112 9185 82.6028
8113 9878 71.3716
8113 9908 89.2759
8113 16693 72.0585
8114 8956 33.6194
8114 13197 83.1805
8115 8713 36.9979
8115 9685 60.6627
8115 13918 38.9184
8115 14075 113.24
8116 8869 56.3324
8116 17129 56.7751
8117 12684 40.0985
8117 13887 60.3492
8117 15152 96.92
8118 9449 34.8602
8118 9537 14.8351
8119 10929 103.406
8119 14370 68.6855
8120 11310 98.1272
8120 12477 63.4337
8120 13492 116.938
8121 8263 65.5751
8121 15803 72.7496
8122 9891 48.5844
8122 14907 103.768
8122 15186 45.0221
8123 9209 51.7131
8123 9811 68.2713
8124 13051 43.5691
8125 12473 51.2626
8125 12679 31.5605
8126 9102 39.2073
8126 15898 98.4403
8129 10289 32.1741
8129 14151 33.3026
8130 8623 127.574
8130 10340 90.4573
8130 15263 22.0048
8131 12312 57.0856
8131 13852 27.3952
8132 12472 84.3724
8132 14266 95.0571
8132 15771 46.9859
8132 16674 66.3549
8133 10069 2.375
8134 11650 22.0968
8134 11915 15.861
8134 14412 20.0229
8135 9711 80.5808
8135 10597 30.9264
8135 11476 94.926
8135 13446 63.0454
8136 9703 42.3254
8137 16056 106.613
8138 12600 78.9365
8139 11680 62.7936
8139 13611 43.5819
8139 15905 60.0101
8140 13997 48.9181
8141 9089 53.5362
8141 16411 64.1827
8142 12617 48.2523
8142 14060 136.072
8142 14631 49.8969
8143 11518 73.4529
8143 11527 101.013
8143 15135 43.9554
8144 15168 2.74472
8145 12182 52.4013
8145 15369 81.8856
8145 15722 48.9541
8146 15141 101.054
8148 13278 38.4923
8148 16133 51.1346
8148 16407 36.0493
8148 16846 77.5947
8149 16275 31.083
8149 16648 37.1779
8150 10413 28.107
8150 11458 52.3495
8150 15178 25.0047
8150 16724 28.9778
8151 11038 65.6066
8151 11717 14.7921
8153 11206 66.6153
8153 11308 51.9882
8154 10729 91.9572
8154 15977 84.883
8155 13576 73.6468
8156 12093 92.6618
8156 17140 71.8782
8158 8211 51.131
8159 9195 57.9334
8160 11792 84.4654
8160 15970 68.4734
8161 11782 47.0861
8161 16027 100.073
8162 8753 82.871
8162 10764 37.136
8163 16611 58.9914
8163 17168 88.4082
8164 9275 76.3214
8165 9330 85.502
8165 15278 24.2482
8166 8946 28.9421
8166 13755 62.9388
8167 9185 102.288
8167 15837 69.7669
8168 14905 97.3695
8168 15181 79.7315
8168 16636 71.7938
8169 8390 84.9003
8169 14109 22.8613
8169 14740 51.6129
8170 9071 75.5619
8171 9975 35.3791
8171 15382 76.8848
8172 10584 90.3679
8172 15382 76.4206
8173 13031 43.1764
8173 15385 36.9115
8174 11011 100.745
8174 11253 49.727
8174 16945 75.36
8175 14992 84.0045
8175 15162 91.8852
8175 17065 40.1324
8176 9269 46.2322
8176 11062 56.5969
8177 9328 123.81
8177 12411 136.941
8178 16516 73.5046
8178 17165 88.9698
8179 9384 76.1871
8179 10343 88.2297
8179 11634 93.9103
8179 12019 72.194
8181 9730 53.2575
8181 10760 102.667
8181 14468 50.9125
8181 15289 103.745
8182 14347 74.7267
8184 10131 36.3512
8184 14691 25.1088
8184 16989 41.5037
8186 10593 66.5088
8186 12027 82.7648
8187 8226 115.556
8187 8730 76.7517
8187 16844 38.4295
8188 13043 77.4024
8189 15779 61.6333
8190 9993 23.5444
8190 10017 51.8156
8190 14276 53.7589
8191 13983 69.2313
8192 9979 42.6098
8193 12221 47.0688
8193 12688 50.176
8194 11800 107.059
8195 10858 23.1628
8196 13303 30.9756
8197 16950 76.8322
8198 13643 73.1464
8199 10202 85.3333
8199 15442 67.1122
8199 15881 31.0588
8200 14170 51.9432
8201 12773 71.0263
8201 14282 32.4424
8202 11014 91.3013
8202 13066 65.1395
8203 9354 27.4523
8203 10779 78.6591
8203 14425 84.6944
8203 14988 41.1418
8205 12727 52.5249
8205 13499 19.9046
8206 10765 97.1746
8206 15360 66.572
8207 14333 66.6436
8207 14398 87.5688
8208 8844 58.8792
8208 9185 62.9755
8209 9544 85.7801
8209 13506 97.0884
8210 8357 41.2684
8213 8778 21.2678
8213 8922 158.474
8213 9275 59.0867
8213 10410 49.6895
8213 13191 123.97
8214 12995 55.6825
8214 15343 50.7168
8215 9004 84.5998
8215 15316 67.913
8216 8805 63.7722
8216 16812 71.318
8217 12550 50.0952
8218 9298 23.779
8218 12157 57.9352
8218 14920 104.535
8220 15012 27.8908
8221 9019 48.2211
8221 15628 33.2576
8221 17163 95.8038
8222 8697 108.775
8222 11543 66.1982
8222 14200 120.39
8223 11994 30.6584
8223 16754 51.8342
8224 12091 93.4234
8224 14308 89.8097
8224 16131 53.7177
8224 16737 78.9195
8225 11569 27.1604
8225 12979 71.428
8226 9050 52.5471
8226 15806 49.4807
8226 16844 162.755
8228 14460 66.5366
8229 15691 54.0331
8230 11158 40.0515
8231 13733 65.7731
8232 10205 80.2184
8232 10696 47.4402
8233 9210 29.9377
8233 13389 57.0465
8233 15019 20.2091
8233 16270 24.9255
8234 8403 50.5528
8234 13762 55.6567
8234 15396 69.1166
8235 12976 18.1709
8235 15510 20.857
8236 9833 30.6862
8236 9886 81.6051
8236 15565 21.1632
8237 9533 62.9177
8239 11016 15.8294
8239 13395 56.4388
8239 15485 90.6008
8241 9046 113.208
8242 8540 36.7846
8242 9662 78.1877
8243 8825 32.4852
8243 13146 49.4769
8244 9231 52.1316
8244 14562 34.2324
8244 17002 93.636
8245 8617 93.35
8245 8834 5.60909
8245 11345 51.5042
8245 12488 27.435
8246 13863 70.3681
8246 16851 52.9884
8247 10181 60.6492
8247 10641 89.2327
8247 17128 47.3162
8248 9308 3.38587
8249 10396 79.2419
8249 11214 61.3368
8249 17063 117.254
8250 13037 90.2102
8251 9518 92.6684
8251 13846 58.848
8252 12325 29.636
8252 12771 59.5655
8252 16808 82.7422
8253 9652 41.2568
8253 12369 76.8269
8254 11358 36.4043
8255 14827 52.6489
8257 10933 48.7446
8258 10716 40.9699
8259 9609 53.2279
8260 12637 126.66
8261 13276 17.9624
8261 13405 134.101
8261 14288 86.2617
8262 13427 8.36034
8262 14760 21.6854
8262 16637 22.772
8263 11987 54.0173
8263 15016 74.0712
8264 11641 68.7001
8265 12213 52.8937
8265 16443 76.3513
8266 10283 28.8975
8266 13131 103.726
8266 13450 120.21
8266 15825 77.5191
8266 16257 146.695
8267 8581 41.7666
8267 16328 44.4068
8268 11967 60.5682
8268 12612 66.6882
8268 13605 101.954
8269 14549 33.9344
8269 15431 28.7884
8271 14393 74.3334
8271 15110 65.2186
8271 16871 90.316
8272 12112 92.9425
8272 12820 80.3632
8273 8880 35.8804
8273 10941 80.2516
8273 14495 57.3531
8273 17011 62.3603
8275 16262 48.5812
8275 17076 75.7377
8276 11220 76.0242
8276 13000 33.3982
8277 10414 47.2607
8277 13750 107.168
8278 9136 84.5086
8278 9552 22.6044
8278 13716 51.4462
8279 10193 48.0605
8279 15268 94.1601
8279 16298 53.7278
8280 12336 62.8462
8280 13815 24.8095
8281 10644 17.5607
8281 11122 19.1351
8282 9035 57.2153
8282 11750 87.3222
8282 15088 16.1041
8283 9591 13.3683
8284 10022 87.1317
8284 11127 78.2459
8285 9263 54.7263
8285 15416 65.0122
8285 16492 26.418
8285 16568 55.187
8286 12192 93.0459
8287 10218 24.562
8287 14089 52.4421
8287 16890 38.3619
8288 16007 31.3708
8288 16759 31.3501
8289 9137 27.3287
8289 9247 90.0805
8290 8342 41.4241
8290 13805 9.81136
8290 16833 50.8338
8292 16836 65.9495
8293 13972 21.0472
8294 10354 76.877
8294 13973 32.6958
8294 14346 77.2682
8294 14707 60.6332
8295 10331 41.1787
8295 16915 77.2319
8296 10857 28.2529
8296 11974 49.63
8297 9413 56.645
8297 16015 61.4959
8297 16381 52.7581
8298 13599 58.8967
8298 16866 58.487
8299 14853 41.6546
8299 15518 42.3723
8300 10549 53.7696
8300 14056 106.595
8301 17177 77.2552
8302 11159 61.4875
8302 15059 76.3013
8303 8421 52.027
8303 9913 77.3278
8303 16703 25.5004
8304 10711 60.1335
8304 12036 86.2704
8305 12191 72.2545
8305 12219 54.1739
8305 14002 55.6882
8305 16135 29.1823
8306 9923 30.8646
8306 13051 92.3365
8307 8412 69.5905
8307 12390 92.7029
8307 15774 80.8596
8308 8632 92.4791
8308 9141 109.685
8308 11527 68.3397
8309 16439 31.3466
8310 10096 101.886
8310 12802 51.0466
8310 15422 112.611
8311 10973 69.7113
8311 15760 55.3953
8311 16548 46.9264
8312 13138 98.5135
8312 13476 40.1315
8312 14147 104.015
8313 8456 57.2917
8313 13196 96.7235
8313 14632 52.7187
8314 9451 90.8872
8314 15068 18.9765
8314 16297 88.9413
8315 14804 27.9795
8316 13162 18.3327
8316 15592 22.3668
8317 8568 111.15
8317 10639 102.706
8317 13078 50.8866
8318 10584 84.9386
8318 16499 106.574
8319 14184 67.6519
8319 16248 22.8544
8320 12981 44.6735
8320 13809 49.6496
8320 15227 57.1107
8321 15818 55.0666
8321 16686 65.783
8322 10456 68.1977
8322 12625 82.8133
8323 13218 36.4762
8323 15684 41.9418
8324 10901 59.0879
8325 10054 37.9313
8325 10701 64.4596
8325 11364 65.2856
8326 10779 82.0143
8326 13963 76.3756
8326 14373 31.677
8328 9341 46.1127
8328 10166 88.7963
8328 11404 71.6808
8328 11866 97.1674
8328 13811 32.586
8329 9996 60.4482
8329 14021 56.3792
8330 12628 71.6062
8331 12683 102.648
8331 13520 29.2357
8332 8716 73.3277
8332 13158 113.805
8333 8657 69.7844
8334 9080 102.027
8334 10382 91.2204
8335 14820 116.877
8335 15759 77.5624
8336 12186 42.5933
8336 12591 20.2175
8336 14264 56.6044
8337 11288 16.9715
8337 12150 80.4484
8338 15561 51.5134
8338 15591 35.1315
8338 16362 38.361
8340 13712 44.3866
8340 15707 47.1066
8341 13618 42.3252
8341 14261 36.5157
8341 16590 51.1868
8342 9960 80.6075
8342 13805 49.9956
8342 16833 41.8325
8343 8592 25.3497
8343 10862 42.0965
8343 16923 42.7396
8344 8595 58.4234
8344 10875 68.7814
8344 13830 62.0201
8344 17054 118.37
8345 14614 73.5294
8345 15139 33.0926
8345 16355 86.2459
8346 13305 70.6977
8346 15313 36.5997
8347 14500 44.4236
8347 15282 46.5572
8347 15883 138.279
8348 8890 21.5854
8348 12950 38.3473
8350 10426 85.3324
8350 15960 54.7645
8350 16055 15.4036
8351 8701 75.7095
8352 9626 87.7484
8352 14150 72.0591
8352 15933 44.3979
8353 11027 58.3534
8353 16673 100.194
8354 9097 64.5489
8354 10377 19.5944
8354 16349 17.5483
8355 16555 107.408
8356 10795 62.2266
8357 11628 57.6975
8357 16992 93.3987
8358 16449 36.1799
8359 13995 64.9181
8359 15014 62.9292
8359 15747 53.7587
8360 12287 68.0165
8360 17166 90.5361
8361 11917 63.5821
8361 12075 46.7696
8361 15212 141.299
8362 13671 59.41
8363 9140 89.8369
8363 12421 78.7151
8363 16040 40.1266
8363 16756 29.392
8364 12202 62.9091
8364 13321 39.0447
8364 13523 107.965
8364 14086 69.5532
8365 12212 57.4933
8365 14906 75.539
8366 11457 85.7273
8366 12457 45.9325
8367 9368 50.1393
8368 10821 48.8478
8368 12108 90.2824
8368 14224 46.8805
8369 10672 54.054
8369 13798 32.3597
8370 9859 72.6202
8371 11108 51.5998
8371 13342 50.2737
8371 15851 64.4985
8372 12796 38.8938
8373 8562 92.0873
8373 12612 85.8342
8373 13605 71.3503
8374 8884 80.9834
8374 10119 80.8039
8374 10843 23.9471
8374 13598 47.7746
8375 9779 133.066
8375 10452 21.5098
8375 13229 67.3428
8376 12226 12.6276
8376 13493 30.0329
8376 15901 87.1639
8377 10102 59.1188
8377 12697 42.1242
8377 12749 52.8427
8377 15739 48.7847
8378 10928 44.7946
8378 14130 81.374
8378 16410 18.1401
8380 9429 30.454
8380 13014 10.0437
8380 14082 47.906
8381 14116 36.5861
8383 12308 57.2273
8384 17095 19.4377
8385 9505 73.9702
8385 15923 46.978
8385 16895 58.4291
8386 12011 39.3211
8386 15182 48.891
8386 16225 50.062
8387 8670 52.7946
8387 9832 56.2252
8387 9839 57.5265
8387 14998 33.296
8388 11896 75.0068
8388 16275 77.1666
8389 14607 38.6524
8391 8451 60.0053
8391 10568 49.136
8391 14502 8.67738
8392 9264 69.0726
8392 9653 88.3711
8392 15197 70.9619
8393 12674 113.695
8393 13729 37.508
8395 12194 65.2278
8396 9312 71.5674
8397 10799 31.1071
8397 10914 33.6042
8397 14367 65.2474
8398 11277 11.5185
8398 13064 62.8512
8399 8483 36.2795
8399 9501 126.338
8399 12892 20.8445
8400 10948 24.7469
8400 11594 81.5888
8401 15272 70.6908
8402 15319 97.0436
8402 16494 68.806
8403 15396 64.905
8404 10784 77.3695
8406 12410 119.758
8408 9493 81.9783
8408 16404 54.247
8408 16939 68.7358
8409 14432 39.5773
8409 16353 26.3359
8410 9465 73.9902
8411 10055 123.667
8411 13372 82.9091
8411 16968 53.2432
8413 15318 92.6057
8413 15558 77.9395
8414 14602 82.721
8416 14876 90.0246
8416 15471 22.2688
8417 8464 67.2575
8417 8775 45.2965
8418 8838 54.0723
8418 13567 66.9339
8419 11057 50.1735
8419 14105 89.402
8420 10027 3.14713
8420 12004 92.5515
8421 9913 86.8011
8421 16703 75.2055
8422 10899 87.384
8422 12987 81.0801
8422 14518 45.7898
8423 11754 63.4236
8423 12826 40.0407
8423 16919 59.7864
8424 14204 80.8274
8425 9333 107.267
8425 9747 58.1863
8425 12059 19.9144
8425 14278 120.877
8426 9031 73.7094
8426 11116 87.9484
8426 11425 100.645
8426 15749 63.8901
8427 12889 64.7442
8427 14053 66.5133
8427 15242 43.1235
8428 8780 39.6712
8428 9108 35.5132
8428 10555 53.504
8429 8826 38.1078
8429 15545 35.769
8429 16920 110.389
8430 9005 59.2765
8430 9693 97.7625
8431 16811 81.2026
8432 9023 37.8185
8432 16194 28.8607
8433 13583 42.8837
8434 11922 60.7682
8434 16745 37.3972
8435 16651 60.142
8436 14795 33.7127
8437 12196 88.1154
8437 14699 81.8614
8437 16570 49.0792
8438 8963 90.9455
8438 15429 72.679
8439 8905 88.7196
8439 10104 124.291
8439 14230 91.5573
8440 11575 31.1579
8440 15595 56.3856
8441 10072 115.289
8442 10550 68.744
8442 11651 53.4859
8442 11721 29.2643
8442 13812 50.3637
8443 8466 43.0264
8444 9280 92.2038
8444 11582 55.162
8444 16099 33.6247
8445 13557 104.72
8445 13818 78.3541
8446 16168 63.8977
8447 13266 106.005
8447 16534 14.1861
8448 12471 111.942
8449 11044 58.5865
8449 14208 109.284
8450 10203 80.866
8450 11303 16.9473
8451 10568 53.8499
8451 14041 92.0984
8451 14502 40.6694
8452 16051 40.5812
8453 11908 80.0065
8453 13885 66.3787
8454 11254 42.4388
8454 13877 35.2341
8455 10918 62.6822
8455 11687 43.3994
8455 12778 48.6018
8456 14632 15.0476
8457 14936 21.0777
8457 15322 27.9483
8457 15929 70.4685
8457 16436 68.7296
8458 11930 34.5497
8458 15966 60.5424
8460 9728 68.3221
8460 10234 97.6869
8460 12439 25.1547
8461 8503 61.0332
8461 10586 66.3582
8461 16409 82.9441
8463 11177 78.7839
8463 15901 54.6091
8464 8691 62.6447
8464 16209 10.8988
8465 11775 104.588
8468 9296 74.3937
8468 10305 47.7218
8468 15121 56.5304
8469 8477 79.4311
8469 12662 106.002
8470 11175 101.848
8470 15520 43.2698
8471 9135 39.5022
8471 9357 72.6814
8471 13663 66.4148
8472 9538 71.939
8472 10149 47.5083
8472 14341 54.6712
8473 11945 51.1202
8473 14343 60.4667
8474 8572 66.3355
8474 15897 121.169
8475 8937 15.99
8475 10323 32.282
8475 11599 34.8175
8476 10922 17.7462
8477 12662 32.5429
8478 9592 35.9667
8478 15830 22.2759
8479 10984 59.3246
8479 11072 18.2466
8480 9987 54.5955
8480 10592 66.5035
8480 14738 48.9651
8481 10762 104.387
8481 12479 81.9995
8481 12581 77.0409
8482 10849 59.0097
8483 9501 81.5761
8483 9779 74.8283
8483 12892 60.2122
8484 9345 81.4115
8484 15293 10.7708
8485 13489 94.4412
8486 8502 25.0096
8486 14132 26.0452
8487 10475 27.7989
8487 13193 72.7031
8489 15171 99.4497
8489 16597 23.3101
8490 8662 33.6462
8490 16035 70.933
8491 10536 44.1014
8491 11539 30.4625
8491 17089 31.6818
8492 13166 71.9681
8492 15613 69.1215
8493 9806 100.157
8493 12141 44.7464
8494 9905 42.7348
8494 9945 18.5855
8494 10531 24.9769
8494 16764 39.8314
8495 14136 44.791
8495 15027 54.7632
8495 16742 49.7299
8496 12561 97.6392
8496 14355 49.3561
8497 9407 48.1183
8497 16496 71.8459
8497 16893 44.004
8498 9293 30.138
8498 15823 41.8479
8499 12272 39.1434
8499 16456 30.1953
8500 10307 79.657
8500 10727 38.7749
8501 10430 56.5706
8501 15642 64.044
8502 12816 26.0947
8502 14132 19.0418
8503 16409 25.6508
8504 13637 37.3031
8505 9601 33.9882
8505 14345 44.1815
8505 14989 58.3824
8506 16633 32.7871
8507 12448 12.4998
8507 13259 54.3123
8508 14395 75.6311
8508 14406 95.4237
8510 9467 39.31
8510 9513 67.614
8510 11558 63.8011
8510 12813 38.4853
8511 9669 73.6159
8511 10214 107.789
8511 13168 52.8127
8512 12553 56.0957
8512 13622 42.2072
8512 15469 23.2557
8513 11412 86.5996
8513 13472 68.5237
8514 11379 67.1099
8515 13327 76.5272
8515 15499 48.0897
8516 9704 19.4692
8516 9792 65.3311
8517 15002 62.3127
8517 16050 68.1018
8518 16721 24.1386
8519 13116 44.976
8519 15789 34.7567
8519 15978 37.7527
8520 10722 78.2887
8520 13383 42.4079
8520 15457 52.159
8521 13440 61.5594
8521 15480 23.5846
8522 12278 57.2332
8523 9105 113.231
8523 13482 50.1464
8524 11798 111.821
8524 13379 73.159
8525 12825 73.056
8525 17014 76.2992
8526 11272 59.4967
8527 13905 31.0645
8527 15071 85.2571
8528 10348 121.181
8528 14752 61.3357
8529 8913 48.2448
8529 16452 42.8984
8529 16884 67.7354
8530 12162 71.3691
8531 8641 66.0847
8531 10171 93.595
8531 16116 45.3088
8531 16333 67.659
8532 15173 120.804
8532 16290 142.455
8533 8781 60.4666
8533 13564 76.9098
8534 11126 43.4784
8534 16982 53.8157
8535 13969 59.5633
8536 9366 30.707
8536 15187 19.0665
8536 16068 71.4816
8537 13757 95.6065
8537 13776 59.4264
8537 15048 38.2103
8538 9821 100.091
8538 13235 42.8502
8538 14095 64.9834
8540 12936 80.9754
8541 11870 51.1329
8541 12733 17.2064
8541 12889 18.0689
8542 10098 95.4704
8542 10226 36.5634
8543 9663 43.7136
8543 13124 86.4189
8544 12132 83.4902
8544 13498 86.8957
8545 12511 11.0099
8546 13884 49.6097
8546 14415 44.2446
8546 14906 44.1174
8547 11893 36.6188
8547 14865 120.179
8548 11304 46.7229
8549 11145 105.742
8549 12300 62.1366
8549 16724 98.1807
8552 13362 52.659
8553 12322 104.499
8553 15951 102.36
8554 10206 116.007
8554 11488 44.5862
8555 12056 74.8563
8555 12701 33.96
8555 13464 42.5582
8556 14139 19.0178
8556 14952 39.4879
8556 15623 51.0922
8557 8777 65.1229
8558 13291 94.0755
8558 13319 31.6062
8559 11728 75.1702
8559 13234 73.1687
8559 16622 72.6458
8560 14675 58.6221
8561 8843 32.1838
8561 15045 7.11638
8561 15674 24.9357
8562 9878 76.6697
8562 14355 52.5436
8563 11881 45.7673
8564 13955 48.6743
8564 14419 64.4683
8565 9398 66.0046
8565 12507 62.7773
8566 8856 52.8489
8566 14029 27.1158
8567 10632 59.0723
8568 13159 48.2184
8569 8576 28.5768
8569 9908 45.9278
8569 12612 61.5172
8570 16522 95.2262
8571 15547 79.6026
8572 10607 26.975
8572 15985 79.8248
8573 15654 37.2539
8575 10611 57.612
8575 11380 35.6727
8576 12612 60.8335
8577 14662 123.905
8577 17116 9.904
8578 11510 73.0112
8578 13276 67.8885
8579 15371 95.5593
8580 11148 27.6826
8580 13044 23.286
8580 15873 58.299
8581 10614 58.0064
8581 16328 38.0058
8582 10121 22.5977
8582 15010 62.2914
8582 16260 81.0828
8583 13747 18.9332
8583 14855 61.3278
8584 9169 28.2621
8584 13595 47.0597
8584 14083 89.771
8584 16712 52.2455
8586 11333 51.3804
8586 16595 5.63655
8587 10386 49.534
8589 15037 20.0413
8589 16347 26.79
8590 9895 23.1179
8590 12037 2.25545
8590 13778 65.8984
8591 11648 45.9653
8591 16564 55.373
8592 16923 64.0902
8593 15269 57.0208
8594 9347 42.3569
8594 9665 104.641
8594 13705 54.1187
8595 13830 42.4963
8595 17054 37.631
8597 13091 70.145
8597 14534 27.3053
8598 16735 108.55
8599 11826 22.8813
8600 13874 19.9389
8600 17141 76.8845
8601 9116 41.6994
8601 10153 58.9822
8602 11505 42.9385
8602 15215 1.97635
8602 16889 32.8051
8604 9952 86.0934
8604 16002 73.5006
8605 10521 47.9526
8605 12949 44.6479
8606 10185 74.7212
8606 10625 54.9488
8606 15838 86.0029
8608 12530 48.7577
8609 17068 76.0434
8610 11133 92.5163
8610 14015 85.2361
8610 15428 71.3503
8611 12106 76.9388
8611 16013 67.5282
8612 11602 71.698
8612 13756 67.0651
8612 14614 76.3652
8613 8850 90.7353
8613 13724 23.185
8615 14693 156.413
8616 11875 18.5555
8616 14956 86.1936
8617 8834 58.5841
8617 12488 75.543
8618 11337 33.2552
8619 11693 43.5099
8619 16284 98.02
8620 10687 55.5217
8620 14885 87.9711
8620 17139 57.7604
8621 11411 58.3316
8621 15921 39.4404
8622 11786 87.0202
8622 16395 20.8788
8623 10340 54.7046
8624 10384 44.5046
8624 14661 89.3004
8624 16415 51.8478
8625 10249 102.653
8625 12926 71.6483
8625 14480 49.2433
8625 15241 67.1223
8625 15987 37.9616
8625 17067 105.823
8626 9272 29.1282
8626 10062 15.9106
8626 16083 42.8333
8627 12416 86.0015
8627 12847 32.3469
8628 10099 115.109
8628 14515 54.0261
8629 9613 35.4376
8629 16084 94.0688
8629 16780 112.594
8630 8896 62.7156
8630 10738 30.3802
8631 8954 62.4524
8631 10368 28.8516
8632 9962 76.2307
8633 12205 18.9747
8633 16768 62.7289
8634 8668 34.2732
8634 12022 23.5635
8634 13260 67.1048
8635 12281 46.889
8636 10328 75.6555
8636 15900 17.9677
8637 17039 65.4837
8638 11444 75.3549
8638 14454 94.4873
8638 14659 21.0109
8639 13775 33.0141
8640 12328 92.4154
8640 12627 35.489
8641 10171 91.37
8641 16116 104.127
8641 16333 14.6648
8642 8807 48.7435
8642 10137 75.5032
8642 14640 63.2136
8642 14733 24.1757
8643 12043 45.1513
8644 12527 51.2857
8644 16354 49.2989
8645 11034 32.8237
8645 14158 79.0707
8646 14520 4.30429
8647 10807 17.789
8648 8703 42.7381
8648 10041 58.8777
8649 11824 81.7683
8649 14001 52.2251
8650 10301 80.6197
8650 12054 38.7409
8651 14587 123.597
8651 15502 165.254
8652 14006 69.7381
8652 16687 73.8188
8653 11887 41.9972
8653 16026 106.637
8654 12968 68.6374
8655 14663 101.076
8656 11066 81.1834
8656 15981 26.9293
8658 10493 34.0109
8658 12871 39.5038
8659 15941 61.9114
8659 17081 14.8749
8660 15084 107.017
8660 16457 40.6176
8660 16716 98.9565
8661 10421 25.1
8661 11801 51.4738
8662 10240 81.4329
8663 8844 155.347
8663 10470 92.4337
8664 10096 92.813
8664 12000 72.8193
8665 10632 42.5206
8665 15701 39.9015
8667 9899 21.8032
8668 12022 62.8581
8669 10936 161.394
8670 9839 91.9224
8670 12631 58.8142
8670 14998 87.8037
8671 9148 33.7991
8671 10896 8.07503
8672 9988 55.9154
8672 13860 42.7985
8673 11146 103.269
8674 11533 37.8285
8674 12248 42.1901
8675 11144 29.5213
8676 10536 52.2102
8676 11539 56.6071
8676 17089 35.7658
8677 13003 113.945
8677 13134 111.926
8678 14747 89.4636
8679 16273 11.4746
8680 10008 29.3808
8680 11940 78.8394
8680 14567 39.2201
8682 11791 47.5383
8682 14524 68.8541
8683 9910 117.525
8683 12076 37.0108
8683 16272 88.4876
8684 15844 59.0335
8685 13190 101.088
8685 14014 18.1984
8686 14927 14.3289
8686 15874 69.9365
8687 10188 63.7543
8688 10424 55.4452
8688 12365 27.3603
8689 9183 49.8091
8690 10386 61.8155
8690 14833 63.6767
8691 16209 66.2671
8692 9828 50.6161
8693 10058 43.8969
8693 14457 41.838
8694 15024 29.8252
8694 16183 52.0795
8695 10825 89.7203
8697 11543 28.7428
8697 14200 26.9912
8698 9249 69.2969
8698 12260 31.088
8699 11811 55.0049
8699 12746 113.939
8699 15689 63.3737
8700 14319 70.3731
8701 14587 78.4847
8702 9884 85.932
8702 10999 79.2649
8704 9197 85.2278
8704 14685 75.9056
8705 14479 87.5309
8706 9270 33.1735
8707 10359 128.821
8707 15746 65.5936
8708 15285 33.1669
8708 15766 132.141
8710 12817 16.1766
8711 12639 6.96255
8712 9558 79.4982
8712 10077 58.8095
8713 9685 50.944
8713 13100 75.8551
8713 13918 57.5996
8713 14075 56.4164
8714 13567 29.3127
8714 14680 65.6243
8714 14860 19.8624
8715 15436 21.4341
8718 10131 38.4662
8718 12521 59.1136
8719 12484 55.0217
8719 16942 55.1739
8720 11106 70.366
8720 17006 40.5652
8721 10299 92.9496
8721 11551 88.9483
8721 13304 95.3064
8721 13782 101.087
8722 10906 73.0633
8722 12696 57.7
8723 12384 91.2817
8723 15677 85.8466
8724 10256 63.5076
8724 13607 84.3244
8725 8727 58.6881
8725 12044 32.0601
8726 9924 48.7725
8726 9970 34.9055
8726 14606 60.7134
8727 12044 35.7149
8727 13241 51.0744
8727 13462 71.0951
8729 9247 53.7961
8729 11660 100.173
8730 10812 111.451
8730 15806 53.2414
8730 16694 82.6331
8732 15641 70.7653
8733 13731 50.5187
8733 13893 21.5158
8734 9560 98.254
8734 11665 70.7428
8734 17074 49.4395
8735 11400 19.9568
8735 14400 61.3325
8736 16822 60.3387
8737 10618 74.763
8737 14152 90.3426
8738 10176 89.4246
8738 17094 53.6137
8739 9904 27.8173
8739 12308 97.0621
8739 14648 83.3489
8740 12052 50.3024
8742 9843 31.9303
8742 15848 43.9592
8744 15105 56.323
8745 10501 132.504
8747 14624 69.8638
8747 17075 55.6324
8748 9830 110.258
8748 10635 113.122
8748 10988 122.655
8748 12807 86.4942
8749 12956 53.9886
8749 14971 60.497
8750 11520 46.9127
8750 16134 14.3719
8752 11993 46.5902
8752 13426 38.7219
8752 15043 82.8456
8754 9756 59.9315
8754 13239 54.6119
8754 15366 11.7589
8754 16310 30.1063
8755 12174 65.7153
8756 9420 14.4723
8756 9705 45.5919
8756 15568 19.7633
8757 11123 48.3508
8757 12520 79.9573
8758 11661 27.2152
8758 12523 105.12
8758 14199 51.2932
8759 9021 105.347
8759 14396 46.0579
8759 15301 36.0951
8760 10604 47.9527
8760 14305 93.8476
8761 11058 30.0257
8761 15696 40.7591
8761 16191 34.2398
8762 13769 41.8919
8762 14555 83.3747
8763 11527 137.902
8764 11880 55.9734
8765 12065 109.194
8765 14475 90.9641
8766 10079 69.9152
8766 15867 109.252
8767 8919 31.9251
8767 11846 120.986
8767 15735 62.1243
8768 12301 96.1371
8769 10447 29.7818
8769 14215 28.6134
8770 10912 41.3074
8770 11624 59.7068
8770 16726 63.9377
8771 12227 78.6084
8771 13836 28.6266
8772 9532 68.5564
8772 12875 34.1499
8772 14241 103.426
8773 11200 115.424
8773 12323 60.2092
8773 13645 47.6911
8773 15889 96.717
8774 9548 71.2704
8774 14994 91.5183
8775 12572 100.563
8776 13055 85.2381
8776 13058 77.5048
8776 16582 66.7727
8777 11493 50.4349
8777 13748 70.0453
8778 8922 90.8031
8778 10410 83.7337
8779 12876 91.4903
8779 16388 55.1964
8780 9108 18.5143
8780 10555 1.09342
8781 12376 55.0491
8781 13564 22.5674
8782 10499 31.0716
8782 14744 29.5063
8782 16124 34.8133
8783 10436 32.0199
8784 9886 37.0394
8784 13698 51.4549
8785 12590 55.9734
8785 14538 43.9528
8785 14744 52.6364
8786 12970 42.856
8786 13816 89.9198
8787 11349 58.3872
8787 16155 80.149
8788 11499 51.2654
8788 16206 13.8639
8789 10835 67.6879
8789 11465 97.1085
8790 14911 70.1366
8791 11278 30.5236
8791 15277 96.5531
8791 17070 20.6338
8792 12526 47.7118
8793 11118 22.0275
8794 9670 46.993
8794 10162 45.3541
8795 11386 38.8693
8795 13213 63.5112
8795 13662 18.3548
8795 14698 47.6417
8796 13791 71.7903
8796 17057 64.2969
8797 11050 34.4264
8798 16405 38.7679
8799 16491 57.4574
8800 10621 40.2087
8800 13334 77.2893
8801 10061 5.53512
8801 11552 41.8262
8801 12760 51.9079
8801 15377 23.289
8803 9038 42.8177
8803 13309 48.4576
8804 14904 118.191
8805 12991 73.3117
8806 12903 112.318
8807 10137 41.4658
8807 14640 57.7995
8808 10372 52.6328
8808 13463 48.9995
8810 10082 70.1168
8811 16081 12.5321
8812 9148 44.6396
8812 11635 73.8238
8814 9344 26.764
8814 12602 14.1857
8814 12893 49.0451
8815 9634 47.0313
8816 16632 44.1239
8819 15462 53.8468
8820 15352 74.0296
8821 12573 74.7585
8821 15013 11.0563
8822 15340 96.3074
8822 16274 96.2405
8823 9261 35.907
8823 11196 80.5831
8823 15315 63.4905
8824 12869 52.4782
8825 12598 97.4456
8825 13146 79.1178
8826 9535 78.0076
8826 11063 56.8192
8826 11138 32.3903
8827 16853 80.8365
8828 14608 85.771
8829 9679 13.7458
8829 10909 43.8124
8829 16421 44.9685
8830 12101 83.0724
8830 12906 88.0384
8830 16685 125.498
8831 9755 63.8896
8831 10227 97.8362
8832 8983 52.729
8832 11743 53.2848
8832 15882 94.0938
8833 13574 105.668
8833 15755 34.9547
8834 12488 33.3336
8835 10081 55.1089
8835 13247 87.2987
8836 11797 90.9093
8836 15356 84.5077
8837 13460 91.3785
8837 14382 32.9984
8838 16837 78.7668
8839 10796 33.9214
8839 12110 86.0959
8839 15907 31.9807
8840 12108 127.93
8840 12327 31.3208
8841 13366 30.9403
8842 8888 65.0766
8843 15045 37.4356
8845 9917 48.6378
8845 13807 44.3841
8847 10059 67.0281
8848 12495 93.3082
8848 16200 10.292
8848 16715 29.1993
8849 11563 49.9892
8850 11631 53.0506
8851 11464 121.946
8851 15846 64.5817
8852 11316 62.6671
8852 16444 91.5034
8853 12977 113.249
8853 14436 64.7278
8854 9056 60.9133
8854 13128 50.3276
8854 15487 107.987
8855 16259 66.7042
8856 13657 73.6492
8856 14029 56.02
8857 11064 60.2588
8857 11326 28.6556
8857 15225 87.3683
8857 16719 23.1236
8858 9365 88.1245
8858 14792 67.8628
8858 14851 82.1184
8858 15979 47.9794
8859 9001 85.6563
8859 13080 19.7673
8860 12563 58.5148
8861 14394 31.286
8862 14649 41.8718
8862 14786 34.0455
8862 16226 29.1562
8862 16704 102.265
8863 10787 42.9421
8863 15174 41.0322
8864 9462 52.726
8864 15072 43.3897
8865 12119 79.5251
8865 12516 128.324
8866 13189 44.4407
8866 15841 30.3632
8866 16553 69.9327
8867 13626 34.2508
8867 15083 47.9981
8867 16506 26.5858
8868 11195 70.3098
8868 12256 60.8654
8868 12790 73.4053
8869 9490 46.1146
8870 13325 82.5652
8872 9527 57.532
8872 13284 73.5266
8873 13604 13.7701
8874 12913 51.3905
8875 12442 118.763
8875 13233 33.5236
8876 12827 75.8611
8876 13533 43.6791
8876 14078 45.4597
8877 10174 44.0131
8878 13169 108.126
8879 14377 63.0151
8879 15048 71.3126
8880 17011 65.0565
8882 11937 38.0599
8882 13954 57.8199
8882 14599 48.0682
8882 14811 118.65
8882 16903 56.4974
8883 9033 114.968
8883 9480 88.0558
8883 14987 38.8764
8885 10933 40.765
8886 14605 19.7037
8887 12963 47.6178
8887 15489 24.9951
8887 16936 48.7439
8889 13747 91.967
8889 14855 22.5559
8890 12950 23.0216
8891 11460 28.6213
8892 9868 30.5367
8892 13433 44.5231
8892 13895 77.494
8893 12475 67.5763
8893 16926 71.0793
8894 12344 92.7736
8894 13676 83.8995
8894 14643 60.2675
8895 10287 12.2744
8897 12667 51.1204
8898 9666 40.1594
8898 12134 85.0771
8899 13445 92.0611
8899 15721 29.3364
8900 11185 75.8412
8900 13013 91.0446
8901 9810 165.869
8901 9966 102.408
8902 11316 50.0631
8902 13894 91.64
8903 10026 46.4253
8903 15460 26.3727
8904 9719 26.7322
8904 10304 48.7568
8904 13945 93.0579
8904 16820 100.519
8905 10104 7.70536
8905 14230 73.127
8906 14409 11.4773
8906 17020 41.8888
8907 10311 74.8629
8907 13142 55.7663
8907 16335 28.7034
8908 11091 78.6747
8908 12276 119.485
8908 15964 34.7973
8909 16913 37.026
8910 10288 61.2239
8910 14611 66.3004
8910 16281 67.7035
8911 11453 6.62391
8911 12974 33.8478
8911 15876 21.5087
8912 9008 18.6252
8912 11212 34.4848
8913 10930 48.8985
8913 16452 39.7807
8914 9369 71.4806
8914 11509 79.6047
8914 12243 90.6742
8915 12145 40.4428
8915 15914 92.7507
8916 16692 61.9996
8917 11011 34.5861
8917 11253 68.0407
8917 14720 68.8723
8918 9855 33.7662
8918 12653 47.7349
8919 13170 115.299
8919 15735 61.9393
8920 11270 52.6298
8921 10743 50.3739
8921 16216 51.5732
8923 14507 23.7362
8925 17115 71.5157
8926 11950 24.7223
8926 12615 67.1932
8926 14352 93.6227
8927 11362 90.5853
8928 12538 56.8344
8928 13737 16.1001
8929 15130 26.4819
8930 10447 75.6273
8930 14103 22.9179
8930 14215 57.8847
8931 11086 48.4087
8931 14543 66.209
8932 10840 97.2554
8932 15354 74.3416
8933 11089 34.2128
8933 11477 55.2956
8934 15730 53.3037
8934 16319 49.2256
8935 9143 54.1421
8935 12218 57.7169
8936 14825 47.6897
8936 15153 32.1117
8936 15816 55.5031
8937 10323 27.6229
8938 15668 53.7838
8939 10451 62.5779
8939 14311 93.6836
8940 10663 67.0464
8940 12476 42.9568
8940 15217 75.2391
8940 17143 76.0635
8941 9084 32.9105
8942 11056 71.578
8944 10783 50.5819
8944 13402 48.4785
8945 12727 16.8341
8945 13499 44.0636
8945 14021 58.56
8946 11504 53.143
8946 13755 23.8291
8947 11769 40.4658
8947 15423 45.8274
8948 10518 80.3943
8948 11969 85.2098
8948 14608 82.3663
8949 9978 13.177
8949 10905 18.3636
8949 16248 63.7138
8950 11199 78.7638
8950 11770 65.0548
8950 12582 68.6899
8951 11704 34.4082
8952 16371 67.5326
8953 16019 65.65
8954 10368 26.271
8954 12723 40.6368
8955 13751 66.4229
8955 14413 58.7079
8956 13197 54.3609
8957 14847 71.1821
8958 10384 85.478
8959 9637 36.6908
8959 16473 46.6127
8961 9384 87.3426
8961 10643 42.6721
8961 16489 71.2394
8962 9647 87.7618
8962 10650 97.941
8962 13071 35.7969
8963 15429 43.8854
8964 11871 72.769
8965 10467 13.3868
8965 11461 50.288
8965 12616 57.764
8965 16197 6.24755
8967 9623 109.608
8967 10053 32.9281
8967 13608 98.0196
8967 15205 73.9876
8967 16288 40.0532
8968 13619 47.7811
8968 13978 43.5335
8969 11131 56.0631
8970 11687 15.3605
8970 14320 52.6015
8971 16331 70.7986
8972 14621 55.9653
8974 11955 48.9128
8974 16795 18.9382
8975 13007 59.8331
8975 15973 34.1154
8976 11669 55.5374
8977 12541 68.0125
8978 12322 80.6729
8978 15358 87.6621
8978 15951 87.88
8979 13641 41.0596
8980 9785 119.497
8980 11963 49.7742
8980 16809 74.6709
8981 14184 74.4392
8982 12183 118.536
8982 17001 91.5125
8983 11743 105.327
8983 15882 24.5447
8984 11104 12.3446
8984 15138 66.1026
8985 13375 45.3562
8987 9109 49.5531
8988 16754 50.3783
8989 11082 67.1769
8989 14328 126.168
8989 16103 133.195
8990 9697 11.2671
8990 14173 57.4443
8990 14891 26.3269
8991 9979 43.9816
8991 13779 25.5593
8991 14511 65.9216
8991 16615 29.6367
8992 11327 53.8865
8992 12113 48.6714
8992 17169 25.2623
8993 15917 112.004
8993 16518 83.1711
8994 12958 48.2446
8994 15015 46.8035
8995 15069 95.6631
8996 12353 11.2155
8996 13198 37.8077
8996 14736 29.0692
8997 11218 106.026
8997 13528 17.7612
8998 16468 1.34876
8999 9615 32.7815
8999 12759 71.1792
8999 15859 40.5477
9000 11221 30.4447
9001 13080 67.361
9001 15456 47.7088
9002 9668 29.0467
9002 9854 30.9015
9002 13986 79.94
9002 15666 54.3466
9004 15316 51.9531
9005 9693 53.5177
9005 16361 62.5562
9006 9695 78.2153
9006 12480 51.2507
9007 10553 108.384
9007 12315 110.186
9007 14007 42.8596
9008 11212 32.6454
9009 12584 37.5452
9009 15788 52.0269
9009 16084 135.776
9010 9542 127.144
9010 11033 103.065
9010 15241 56.2515
9011 12318 39.6421
9011 15321 61.2851
9012 12674 42.8352
9013 16974 79.8827
9014 10144 105.661
9014 11561 89.5545
9014 15664 85.7804
9015 15527 36.2544
9016 14414 77.3293
9016 17142 41.2971
9017 12324 98.7028
9017 15302 24.2255
9019 14286 64.1723
9019 15628 82.8886
9019 17163 59.0881
9020 11279 88.0978
9020 14111 41.0842
9022 9096 54.1
9022 17050 53.9081
9023 16194 85.4663
9023 16570 72.5338
9024 12178 126.06
9025 10414 81.8761
9025 12077 109.78
9025 12748 135.663
9026 9765 60.7664
9026 12394 82.4099
9026 15047 55.9083
9027 10613 61.2938
9027 13723 33.403
9027 16758 62.9776
9028 11636 51.398
9028 13246 67.8348
9028 13272 67.8879
9028 14242 59.2939
9029 9065 50.304
9029 10388 50.3631
9029 13851 57.5248
9030 12614 103.326
9030 13255 73.5097
9030 13825 89.1596
9031 11116 25.3994
9032 9760 28.0559
9032 13768 28.3137
9032 13929 55.8068
9033 9480 6.73405
9033 16171 59.2317
9035 15088 35.1706
9036 13275 64.0753
9036 15199 17.5465
9037 12364 31.6932
9038 13309 37.9076
9039 11491 49.5693
9039 13428 6.03227
9040 16417 29.3168
9041 11083 50.7526
9041 11439 24.942
9041 11688 58.3398
9042 12378 59.2294
9042 13379 53.2932
9043 11155 47.9924
9044 16106 71.728
9045 11019 35.0242
9045 16767 33.2653
9046 14812 72.3927
9047 10211 43.0537
9047 13990 66.649
9048 11829 35.1087
9048 13812 88.9288
9048 14015 55.7447
9049 12853 55.0051
9049 14051 76.4033
9049 16787 50.7178
9051 9751 85.7184
9051 13932 31.6121
9052 12599 20.8107
9053 9648 26.348
9053 13591 43.2163
9053 14207 32.4385
9054 9664 49.9814
9054 10060 56.4949
9055 9253 61.8639
9055 9255 60.7982
9055 16709 99.7969
9056 15487 58.5726
9056 15597 31.5192
9057 9328 38.7387
9057 12091 136.909
9058 10105 86.0672
9058 11765 47.9617
9059 10049 59.8748
9059 11752 64.3608
9059 14643 76.3814
9060 13668 101.417
9060 14842 115.15
9061 9820 57.0426
9061 10750 14.5107
9061 11274 38.0506
9062 10746 35.2326
9063 13666 69.7934
9063 16953 69.1639
9065 12619 33.4407
9066 17035 44.9156
9067 12386 54.0793
9067 14300 62.0114
9067 15535 23.4387
9068 9250 38.9212
9068 10534 97.4873
9068 14984 42.502
9069 13590 67.8787
9069 16147 56.3185
9070 12029 59.8845
9070 14921 67.1923
9071 14033 86.9308
9072 15783 45.6095
9072 16546 59.6018
9072 16549 41.7823
9073 16509 107.244
9074 9186 125.758
9074 9850 124.686
9074 11732 78.5616
9075 9526 41.9136
9075 9872 78.6111
9076 15890 103.725
9077 13092 78.0575
9077 13991 37.7788
9078 15833 97.1554
9078 16910 80.9534
9079 9376 100.692
9079 11684 45.598
9079 16683 79.9033
9080 10382 27.3356
9081 9426 8.93494
9082 13767 24.9986
9083 11161 32.9937
9083 12490 27.2016
9083 14351 77.9991
9083 14552 32.0138
9085 12194 79.7072
9085 12502 70.0151
9085 12620 61.3234
9086 16690 40.4201
9088 9766 96.3009
9088 9818 22.5299
9089 13320 67.0522
9089 15181 102.438
9089 16411 85.1363
9090 9769 71.6828
9090 10307 43.8311
9090 12851 48.428
9090 14966 20.0142
9091 14176 29.8519
9091 16760 29.9358
9093 14445 90.8344
9093 16667 88.8279
9093 16727 78.7441
9094 16393 80.7033
9095 10092 95.277
9095 12425 101.186
9095 13112 42.3539
9096 9182 50.1485
9096 11354 69.1372
9098 14323 49.8564
9098 14440 48.1576
9099 12698 25.4036
9099 13041 61.3409
9100 15100 85.9134
9100 15532 66.2905
9101 9435 43.6316
9102 16182 90.0446
9103 11466 64.8448
9103 12105 77.7286
9103 16446 55.0991
9104 9507 113.009
9104 10766 75.251
9104 12811 94.1386
9105 13482 93.7068
9105 16586 105.798
9106 13359 45.0184
9106 14065 61.1863
9107 10427 120.623
9107 14670 73.2617
9108 10555 19.2266
9109 9848 85.5869
9110 13774 82.1367
9111 15638 30.0299
9112 12000 48.3774
9112 12819 77.6047
9113 10075 70.6456
9113 11535 40.0847
9113 13543 82.8589
9114 13869 38.4033
9114 14684 34.7172
9115 10607 84.3031
9115 10873 43.8107
9116 10153 50.1373
9116 14210 86.0881
9117 12983 75.5798
9117 15700 55.1019
9118 12788 55.8123
9118 16692 56.5238
9120 16095 54.4571
9120 17062 52.4734
9121 14170 38.2174
9122 9326 26.9847
9123 16197 110.135
9124 10898 59.2384
9125 16187 48.5662
9125 16677 20.2055
9126 10358 119.066
9126 12833 55.9753
9127 10500 115.425
9127 15657 81.5385
9129 14595 81.9926
9130 10606 104.909
9130 10830 119.165
9131 15180 58.0445
9132 11758 47.0212
9132 15127 57.2792
9133 9393 47.8182
9133 11190 47.4992
9133 13361 74.2278
9133 15824 72.3314
9134 11008 37.5427
9135 13663 40.6307
9136 11952 47.7429
9136 12997 32.4523
9136 13716 31.4703
9137 9247 74.3656
9138 10724 106.241
9138 12085 40.6016
9138 15576 105.165
9139 9791 90.6283
9139 11010 77.156
9139 14798 64.6664
9140 16040 60.2225
9140 16504 83.9547
9140 16756 63.4237
9144 12338 65.6423
9145 9283 12.5825
9146 14265 50.4283
9146 16583 44.2364
9147 9594 45.1198
9147 10184 25.3775
9148 10896 49.9923
9149 12994 10.3592
9149 14292 58.2832
9150 12818 110.932
9152 13181 59.7823
9152 15986 46.9623
9153 12303 73.9457
9154 12604 52.3485
9154 14957 58.7715
9154 16749 74.7762
9155 15140 69.5093
9156 14046 102.312
9157 9193 22.139
9157 11175 48.4275
9157 15520 98.5018
9159 14710 96.3376
9160 13837 26.2479
9160 14234 57.3648
9161 12608 75.3183
9162 9327 147.873
9162 12827 124.32
9163 9561 33.1251
9163 13316 38.8868
9164 16169 15.2267
9164 16432 38.9511
9165 13262 63.0803
9165 15250 33.2313
9166 13586 29.3114
9166 14615 44.3012
9167 15452 53.7476
9167 15854 50.0619
9167 16536 51.7087
9169 13595 77.3134
9169 14083 103.067
9169 15418 98.394
9170 15066 43.4112
9170 15406 95.0746
9171 14246 55.3073
9171 16202 73.2471
9172 12235 39.2132
9173 9681 39.9547
9173 11276 87.8637
9173 16239 74.5243
9174 9748 41.754
9174 14673 23.1343
9174 15769 56.4865
9175 11053 50.108
9175 16036 90.2715
9176 14459 98.8471
9177 10692 62.5128
9177 12618 59.2697
9177 15552 62.8031
9178 11968 54.4075
9178 16406 115.785
9179 14703 44.3823
9179 15084 90.6824
9179 16716 7.91622
9180 9964 80.7784
9180 13261 86.3263
9181 15244 51.7381
9181 15371 92.5834
9182 9303 56.4856
9182 11354 47.0038
9184 11286 33.5948
9186 9850 20.409
9186 14349 45.03
9187 10878 57.3605
9187 12430 74.2304
9188 10286 71.154
9188 13570 80.0958
9188 16731 116.168
9189 16464 99.1316
9189 17154 51.6141
9190 13995 43.6336
9190 15747 18.1408
9190 16720 56.6462
9191 9269 39.3869
9191 12964 26.3743
9192 14019 62.9052
9192 17150 117.901
9194 9911 25.4728
9194 11910 26.4903
9196 10900 123.575
9196 16819 81.1497
9199 14484 54.1985
9199 15925 38.9121
9199 16186 77.6895
9201 11229 43.4238
9202 14338 49.9218
9203 11320 63.0845
9203 14813 121.162
9204 15278 45.7915
9205 9395 48.8839
9205 9688 72.0635
9205 14991 54.2138
9207 9399 42.9949
9207 12691 31.9297
9207 13038 19.0505
9207 16797 87.4591
9208 14063 69.9569
9209 12223 55.5789
9210 15019 15.4737
9211 12420 82.9491
9211 14586 64.6489
9211 15924 47.1931
9212 9311 69.5338
9213 11664 61.5206
9213 14212 84.1627
9213 14753 79.7815
9214 16484 101.525
9215 16873 18.568
9216 11743 68.7382
9216 13210 49.0784
9217 16332 127.059
9218 14767 86.8063
9218 14870 55.0417
9218 15286 58.0703
9220 14967 55.7587
9220 16392 50.17
9222 15763 93.4218
9222 15920 49.2067
9223 12631 93.2661
9224 9565 96.5751
9224 15213 82.6802
9225 9382 32.0004
9225 10417 72.4992
9225 11250 62.4242
9225 15711 50.1015
9226 11843 62.1465
9226 14765 40.0671
9227 12336 94.9435
9227 14124 115.109
9227 14563 53.2769
9228 10648 25.0588
9228 13633 7.91624
9229 11561 99.3544
9230 11153 39.9963
9230 13356 38.3887
9230 13732 60.6849
9231 9999 48.8746
9231 14562 31.8571
9231 14948 28.9595
9232 12819 88.6188
9233 12380 41.6046
9234 12890 91.7667
9234 13310 74.1745
9235 12949 91.9279
9236 16390 41.0198
9236 16493 105.893
9236 17183 69.4697
9237 13009 77.1736
9237 13539 50.9186
9238 11119 43.7039
9238 15624 81.575
9239 9905 65.4658
9239 15785 65.0698
9240 14110 64.7106
9241 9314 45.5113
9241 9957 49.8462
9242 11467 90.4949
9242 12882 43.657
9242 13458 64.8628
9242 15984 71.5025
9243 11093 36.7394
9244 13355 42.892
9246 16513 149.021
9248 12897 46.7771
9248 16777 58.3606
9249 12260 48.4913
9250 10534 77.6499
9250 14984 88.3835
9251 9569 39.3761
9251 13867 63.5639
9251 16348 48.9143
9252 9659 95.7875
9253 9255 72.7786
9254 9409 74.8217
9254 11654 87.2572
9254 14766 66.9481
9255 13934 57.8326
9256 9377 49.511
9256 15869 16.7886
9257 11850 90.2591
9258 9288 63.8321
9259 11726 53.9113
9259 12622 22.5307
9259 16167 27.6488
9260 9261 79.9384
9260 15315 50.6032
9261 10194 56.2945
9261 15315 27.0186
9262 9347 127.928
9262 16915 52.5053
9262 17107 57.0741
9263 16492 52.9617
9263 16568 47.2146
9264 15197 106.28
9265 11822 35.691
9265 14104 76.6151
9267 9443 69.8625
9267 9556 135.613
9268 13120 42.4758
9268 13966 44.3065
9268 14779 66.2198
9269 12964 79.9499
9271 15564 49.7861
9271 15704 82.9386
9271 16178 57.7388
9272 10062 57.2463
9272 16083 35.861
9273 14796 49.1104
9273 17059 77.3328
9274 11856 49.9322
9274 11921 92.0936
9274 14114 63.7506
9276 11902 99.2625
9276 13705 103.396
9277 9696 65.8565
9277 9911 53.5912
9277 12234 77.6498
9277 12632 87.5112
9278 10244 11.9273
9278 14487 24.1593
9279 15378 94.7602
9280 13281 36.787
9280 16099 40.3072
9281 10264 85.7336
9281 15231 87.1284
9281 16757 52.3155
9282 10918 53.1919
9282 11677 50.8669
9282 11880 59.9646
9284 11004 14.451
9284 16631 60.7388
9285 9882 29.8891
9285 13822 103.422
9285 15338 42.813
9286 15888 31.9049
9287 10356 52.981
9287 13727 67.3746
9287 15323 41.6715
9289 12045 22.1985
9289 12073 73.5483
9289 13592 35.0439
9289 16643 47.2692
9290 16145 48.5723
9290 14010 71.7188
9291 9926 74.3509
9291 14112 46.8318
9291 16403 110.305
9292 12960 52.7046
9292 15746 28.0297
9292 16738 52.2157
9293 15823 44.7159
9294 10845 44.2553
9294 13036 37.0846
9296 10305 14.7506
9296 12255 60.9494
9297 16065 84.1987
9298 12157 74.338
9298 14920 129.943
9299 9653 22.1899
9300 10236 41.2095
9300 13709 92.1611
9300 15383 112.625
9301 9915 66.3022
9301 12921 105.86
9301 13615 119.75
9302 11511 58.8271
9302 12068 48.7778
9303 10043 75.8185
9303 12482 54.6061
9304 10064 47.4665
9304 12725 29.7969
9304 14453 9.1606
9305 9421 68.9947
9305 10504 46.8922
9306 11933 55.5326
9306 12596 57.8638
9306 15040 57.2562
9307 9968 46.9279
9307 16914 77.6458
9307 17165 50.6687
9309 13399 32.3824
9309 14091 20.4254
9309 14435 35.7876
9309 14588 15.7193
9310 9754 72.0382
9310 10118 71.0518
9310 13794 56.1043
9310 16962 40.4433
9312 14391 131.499
9313 10294 72.5074
9313 13996 58.6589
9313 16490 38.2441
9314 9957 14.1255
9314 11484 50.4363
9315 13204 63.7916
9315 16278 46.6829
9316 17100 14.2599
9317 11863 50.358
9318 13376 67.8896
9319 13290 53.3791
9320 11022 91.4317
9320 15883 98.2906
9321 12842 126.571
9321 15303 88.199
9322 13226 47.6203
9322 13704 40.7347
9324 10737 44.8967
9325 15336 75.3539
9325 15414 50.8374
9327 12827 64.7117
9327 12980 8.08992
9329 9603 6.51937
9329 16964 27.7437
9330 15278 68.2262
9331 12547 109.775
9331 16090 76.0109
9332 13937 100.679
9332 14803 65.7311
9332 16806 62.7482
9333 14278 25.4373
9334 10630 34.5496
9334 11603 61.4165
9334 16629 61.5414
9334 16857 50.7649
9334 17041 23.1675
9335 11748 46.6864
9335 12809 78.3657
9336 11554 84.8391
9337 10530 135.883
9337 14971 134.076
9337 15943 43.3595
9338 9698 24.8736
9338 11350 64.3383
9338 15240 81.6164
9339 15963 26.7382
9340 15255 15.681
9340 15299 10.1581
9341 13811 5.79226
9342 12946 8.56167
9342 13685 36.2755
9343 10679 35.6508
9343 12413 62.9188
9344 12602 22.3836
9345 15293 57.9022
9346 10634 89.6339
9346 10837 55.6099
9346 11515 50.1691
9349 14211 66.8601
9350 9920 77.3197
9350 15540 96.0699
9350 16676 55.7844
9352 15663 53.7642
9353 16561 60.3266
9354 14988 48.8618
9355 11876 52.2294
9355 12165 42.932
9355 16445 31.739
9356 13305 73.6941
9356 14857 27.1431
9357 13324 99.019
9357 14383 41.7378
9359 9784 55.6979
9359 10235 73.5592
9359 11973 89.1536
9359 13330 69.8853
9359 15756 36.273
9360 13707 12.8937
9361 11320 68.934
9362 9863 79.9479
9362 10502 66.5624
9363 14661 58.4227
9363 16415 57.3
9363 16601 112.564
9364 11621 65.1499
9365 13828 27.6059
9366 15187 51.2003
9366 16068 58.8223
9368 15138 100.125
9369 11509 17.2953
9369 11717 74.5495
9370 12334 94.1935
9370 15154 59.7371
9371 12638 35.3246
9372 11507 71.5883
9372 16617 40.0246
9373 11351 29.5669
9373 13266 76.0742
9374 11325 16.1081
9374 12567 66.8986
9374 16875 64.4063
9376 11684 79.1247
9376 16771 72.3978
9377 15243 53.2412
9378 10403 24.8627
9378 11043 41.2186
9378 13725 37.1381
9379 14845 53.9557
9380 10269 72.3988
9380 15090 19.2568
9381 12877 80.4539
9381 14560 28.5257
9382 10417 43.1799
9382 14822 44.0415
9384 10643 35.4137
9384 16489 37.1842
9385 16578 28.8554
9386 10855 76.6746
9386 11117 67.557
9386 11329 25.4698
9386 12208 39.4676
9386 15864 33.5699
9387 10493 21.7709
9388 9937 81.8267
9388 13771 72.1318
9390 12396 76.443
9390 12708 42.4284
9390 14124 77.6163
9390 16152 55.9202
9391 14859 65.9719
9392 12389 38.6319
9392 13385 11.4996
9392 13780 28.8454
9393 11190 109.427
9393 15824 32.207
9394 16667 61.8713
9395 9688 12.0102
9396 14790 72.5617
9396 15464 35.5781
9397 9649 95.5976
9397 9997 24.2686
9397 11252 19.2311
9398 14118 111.772
9400 10908 15.3446
9400 11502 22.0494
9401 11581 41.7444
9401 13366 29.4256
9402 13586 90.432
9403 12210 70.0428
9403 12887 100.354
9406 10097 24.6582
9406 16798 28.8485
9407 11797 45.7823
9407 14794 27.8267
9407 16893 26.2515
9408 9628 53.0757
9408 14653 58.2748
9409 14766 61.6604
9410 12423 113.658
9410 14780 116.873
9411 11113 31.1388
9411 11965 82.6321
9411 17180 48.9532
9412 11107 44.2066
9412 12858 85.9568
9413 13148 53.3331
9413 16381 33.2504
9414 15266 36.2221
9415 13909 86.0959
9416 12550 49.9394
9418 14202 55.2867
9418 16140 44.143
9419 12231 53.8335
9419 13278 29.0546
9419 16407 42.0057
9420 15568 5.1308
9421 12017 23.508
9421 13345 41.5426
9423 13143 95.2834
9424 10446 48.0875
9424 14307 48.9614
9425 9466 123.312
9425 10316 85.9082
9425 14618 30.1148
9427 12728 58.1121
9428 12695 52.5191
9429 13014 13.1549
9430 10178 84.0426
9430 10776 56.2739
9432 14959 128.597
9432 16348 42.8318
9433 10874 13.1375
9433 11446 41.233
9434 13797 56.2265
9436 9634 85.5094
9436 17069 36.6076
9437 10220 72.038
9437 16166 74.0577
9438 11553 79.8452
9438 12650 109.271
9438 12894 49.9394
9439 10125 51.0469
9439 11522 57.4736
9439 15516 134.093
9439 16114 34.0876
9440 10765 159.412
9440 11949 59.0743
9440 13231 66.5041
9440 14255 69.3143
9441 12034 176.558
9441 12456 83.0983
9441 16563 41.4025
9442 13116 68.7855
9442 15978 36.1986
9442 16940 55.7232
9444 10539 83.4203
9444 12583 60.8951
9444 14585 40.252
9444 15606 15.3556
9444 16655 31.0493
9445 12657 70.1082
9445 14883 44.2886
9445 16824 46.3044
9446 12015 35.9379
9447 9918 80.5332
9447 11440 90.9736
9447 16737 74.7733
9448 15852 102.753
9448 16058 130.599
9449 9537 23.1871
9450 10800 49.2739
9450 11403 21.5894
9450 14641 58.6595
9452 12023 97.3491
9453 16978 46.4216
9453 11839 49.6572
9454 10667 110.88
9455 11934 58.1567
9455 16314 26.6063
9456 11530 64.3278
9459 9598 78.8384
9459 12459 121.304
9459 13221 46.8624
9460 12373 91.8004
9460 12696 39.1344
9461 10809 29.1862
9461 13497 96.9369
9463 11347 32.458
9463 16198 50.6806
9464 13234 106.166
9464 14537 24.6729
9467 11558 27.2685
9467 12813 24.5851
9467 15219 40.6004
9468 10245 61.5562
9468 14742 37.7103
9471 15851 94.5512
9472 10521 34.9593
9472 14270 87.4252
9473 12232 131.86
9473 16385 77.5112
9474 13112 115.481
9474 13717 78.5909
9474 15312 95.5149
9475 10351 180.332
9476 9986 19.8296
9476 13243 40.2276
9477 12445 56.2116
9477 13582 42.9692
9477 14424 33.3627
9478 16144 44.7986
9479 11957 33.4281
9479 14061 56.2819
9479 14695 55.4642
9479 15096 58.149
9480 16171 56.136
9481 13439 47.1298
9481 13889 60.1823
9482 12653 80.3585
9483 11154 35.0732
9483 13532 83.0738
9484 9794 66.2104
9484 12909 69.9214
9484 15134 65.0589
9485 16741 62.9579
9486 11212 89.0509
9486 12097 64.7919
9486 12410 71.3567
9487 14245 22.9741
9488 12090 47.2443
9489 11843 109.418
9489 12173 92.5481
9489 15996 90.1056
9490 13849 58.5051
9490 15123 69.0513
9490 16086 42.1653
9491 11418 46.32
9491 16851 33.747
9491 17028 33.9577
9492 13721 76.1946
9493 16939 75.2361
9494 16384 50.9932
9494 16485 103.446
9494 16925 111.506
9495 12285 34.6486
9495 14191 73.0347
9496 12225 23.2234
9497 14748 72.046
9500 10297 97.7552
9500 12670 109.489
9500 14225 13.0274
9502 10541 55.0701
9502 13741 22.8763
9505 15923 25.8874
9506 10537 82.2946
9507 12811 158.608
9508 11663 61.3549
9508 12678 48.6298
9509 12656 51.1341
9510 10215 78.1683
9511 10668 83.3445
9512 13980 118.129
9512 14879 46.3409
9512 15032 57.6134
9514 12752 22.988
9515 10278 59.4256
9515 12737 18.2118
9516 11967 51.8117
9516 14551 50.6682
9516 15372 17.4428
9517 9658 83.3717
9517 10976 25.9612
9518 11451 22.4472
9518 13805 81.8111
9519 15272 83.5331
9520 10935 58.5843
9520 11595 51.4366
9520 11685 101.265
9520 13957 69.6392
9521 13207 23.1176
9521 14875 28.6511
9522 16371 116.738
9522 16620 154.558
9523 10340 90.3735
9524 16374 39.2668
9525 9568 72.2924
9525 10920 68.423
9525 11225 68.2522
9525 13384 83.9639
9525 17183 65.4445
9527 9921 130.414
9528 11560 79.9484
9530 13894 87.0115
9531 9883 48.7365
9531 12548 42.8872
9532 12875 131.899
9533 12350 49.9296
9534 11770 60.2814
9534 15997 5.98497
9535 11063 17.4048
9535 11138 40.185
9537 15595 60.9608
9539 13742 21.3558
9541 14830 66.7384
9542 10514 20.9593
9542 11255 59.7355
9542 12327 86.8459
9542 14610 93.2553
9543 13584 18.2427
9543 14877 39.0109
9544 13506 16.3686
9545 10408 20.2503
9545 15455 35.4497
9545 15694 39.3897
9547 11096 40.1342
9547 12247 26.9719
9548 10985 108.887
9549 10715 97.8197
9549 15326 65.0789
9550 9893 46.8674
9550 10312 49.5069
9550 12451 83.0432
9550 15504 79.9869
9551 9732 67.8626
9551 10686 26.2312
9552 13716 70.673
9553 12197 51.3315
9554 9567 60.8812
9554 13850 81.1148
9554 14676 98.7532
9555 11419 81.1207
9555 11454 102.004
9555 15287 68.1455
9556 11170 26.7059
9556 13652 38.1492
9557 12857 40.7929
9558 10077 33.2229
9558 11715 46.9074
9559 11423 55.2586
9559 13723 46.6098
9559 17012 72.7577
9560 11665 46.3318
9560 13555 78.137
9561 9669 72.7989
9561 11169 84.1255
9561 13316 54.202
9563 12898 44.6434
9563 16242 39.2281
9564 10953 42.026
9564 12825 31.6418
9565 11862 73.9801
9565 15213 44.0301
9567 9861 75.4983
9567 13850 72.934
9568 17183 35.9292
9569 13867 50.4927
9570 10820 57.272
9570 15223 69.6398
9571 9678 89.9718
9571 10870 31.3692
9571 11167 94.7334
9571 13033 64.008
9572 10684 127.417
9572 11794 73.2602
9573 9840 101.933
9573 10350 91.912
9573 11920 48.5158
9573 12294 40.1773
9573 17152 80.9385
9574 11528 52.3975
9574 16670 31.2201
9574 16733 74.8467
9576 11157 20.6799
9576 16880 73.9004
9577 12117 27.5305
9577 15914 79.144
9578 15880 31.8999
9579 15659 84.9836
9580 15055 78.0742
9580 15071 60.8892
9580 16573 68.6522
9581 15351 42.7562
9582 10333 163.05
9582 11250 55.9748
9582 12171 102.349
9582 14931 54.5208
9583 10314 69.461
9583 12907 21.4972
9584 12169 135.804
9585 10941 89.858
9585 12770 52.8277
9585 14495 77.2689
9585 15764 85.0181
9586 14279 70.7337
9587 12021 19.3722
9587 12341 72.8888
9587 12626 81.713
9588 14115 101.205
9589 10709 9.33758
9589 10802 27.1448
9589 14050 6.76782
9589 14182 49.3566
9590 12393 93.8239
9590 15295 63.5581
9592 15830 14.4723
9593 11703 77.072
9594 10184 37.0844
9594 13706 80.9225
9595 9873 44.8381
9595 11570 31.169
9595 13764 19.5504
9596 11124 110.037
9596 14523 33.8047
9597 14140 112.794
9597 15328 85.934
9598 11490 73.4108
9598 12702 38.7277
9598 13221 24.3175
9599 16772 60.6196
9600 14926 19.2699
9600 15715 72.8161
9601 14345 18.7747
9601 16961 54.3659
9602 13599 44.9906
9602 16866 33.6324
9603 16964 33.0786
9604 11389 48.0229
9604 12660 83.7495
9604 15571 67.2445
9605 11085 48.4871
9605 13075 51.9208
9605 13911 76.494
9605 16933 76.4876
9606 12457 70.9221
9606 13984 59.8391
9608 9776 82.8562
9608 14692 15.6972
9608 15604 54.0381
9609 10707 42.8792
9610 9873 85.8712
9611 13083 25.8337
9611 13924 11.0801
9612 10241 37.6015
9613 12584 132.711
9615 15859 18.9524
9615 16306 85.767
9616 13440 8.79916
9617 11073 24.9598
9617 13976 43.4841
9617 14672 32.4605
9617 16087 38.901
9618 10742 5.4725
9618 12723 66.3162
9618 14127 81.81
9619 15403 73.207
9620 15473 47.0267
9621 14213 77.1665
9622 11691 74.8926
9623 15033 56.9828
9623 16288 61.6399
9624 10173 59.9103
9625 14455 65.985
9625 16368 75.2942
9626 14438 86.3076
9627 14486 62.8909
9627 15297 35.3279
9628 14653 88.7927
9628 15989 71.5644
9629 9680 40.1809
9629 12403 31.3522
9630 10509 63.4664
9630 10665 45.5214
9631 14276 70.9367
9631 15579 63.0691
9633 11657 63.495
9633 15117 76.078
9634 17069 73.8179
9635 11978 26.4162
9635 15017 71.6183
9636 15885 37.7893
9637 11406 83.9828
9637 16473 7.54647
9638 11018 41.5968
9638 15857 56.6792
9639 10804 31.8436
9639 11640 43.9793
9639 11879 27.7357
9640 11604 54.0035
9640 15566 50.1217
9641 12882 44.3645
9641 13458 63.126
9642 15936 101.212
9643 13451 22.8896
9643 14527 15.7531
9644 13577 65.7929
9645 12856 36.3132
9646 12698 58.2854
9647 13071 74.7651
9648 14207 73.6754
9649 9997 82.2421
9649 11252 61.6305
9650 14932 62.5197
9650 16032 61.4697
9652 12369 110.121
9654 10295 15.8531
9654 11784 15.7959
9654 15305 41.5514
9655 9871 26.3527
9655 10393 25.1362
9655 11371 79.5728
9655 14245 31.8421
9656 10768 16.9453
9656 12290 46.1406
9656 16097 42.8468
9657 10037 64.6121
9657 11585 65.9908
9658 10000 80.6481
9658 10004 41.7154
9658 10976 50.4692
9658 11051 35.2476
9660 11271 80.0535
9661 15123 33.1085
9663 13124 71.7608
9664 13149 68.1875
9664 14900 48.484
9667 14669 57.1636
9668 13986 48.727
9668 15666 82.2339
9669 11169 61.1503
9669 13168 128.04
9670 11474 64.6987
9670 14066 68.727
9671 10152 88.5803
9671 12421 74.8406
9671 15856 107.574
9672 14662 21.3887
9673 16150 59.5129
9674 10122 38.4985
9674 11215 51.8559
9674 16523 103.819
9675 10758 131.516
9675 11173 65.9259
9676 11136 37.9757
9676 13352 69.0344
9676 13916 50.5408
9677 14324 98.9835
9677 15607 59.5697
9678 10870 32.222
9678 13033 45.5343
9678 14003 15.9568
9679 10909 66.2426
9679 16421 54.7644
9680 11384 124.835
9680 12403 48.0951
9680 13556 3.02803
9682 13808 55.6654
9684 9785 86.6691
9684 11379 109.401
9684 15599 59.5055
9684 15771 100.403
9685 15482 63.1525
9686 12333 58.7237
9687 11390 55.6259
9687 14579 13.5749
9689 15765 36.0895
9690 9749 48.5988
9690 13098 44.6678
9691 11565 84.6262
9691 15325 52.578
9692 13898 97.7091
9694 10371 79.8622
9694 12872 30.281
9696 12234 19.9214
9697 10291 67.9726
9697 14173 41.9154
9697 14891 47.5983
9697 17057 107.202
9698 11350 69.9452
9698 15240 79.8971
9700 15308 10.7124
9701 12493 97.6477
9701 14443 30.4805
9702 11265 34.6281
9702 16794 41.9581
9704 14285 110.601
9705 12676 52.7556
9705 13958 40.9029
9706 11725 28.6786
9706 15775 40.1858
9708 14375 153.305
9709 15190 58.0294
9709 15401 48.3844
9709 16178 28.031
9709 16450 82.131
9711 11531 39.7414
9711 13446 90.7644
9711 13449 83.1869
9712 10853 85.2772
9714 13699 83.5217
9714 15734 67.1274
9714 17178 43.4125
9715 16527 124.316
9716 10449 55.1284
9716 12118 15.9941
9716 14626 17.6634
9717 14284 101.083
9718 11166 25.2307
9718 13057 30.5698
9718 15112 74.0409
9718 16157 49.3784
9719 10304 71.3379
9719 11433 92.4459
9719 13945 89.9492
9719 16820 39.9264
9720 12394 31.1043
9720 13851 80.958
9720 14357 69.9364
9720 16681 70.1377
9721 12411 40.4745
9721 14654 15.3478
9721 17156 23.2791
9722 9972 85.4477
9723 12104 34.2869
9723 13141 31.3307
9724 15095 71.7706
9724 15609 113.995
9725 14648 99.5678
9726 11569 60.8506
9726 12833 102.76
9726 12979 74.3835
9728 11832 101.303
9728 12439 65.8056
9729 12867 58.9019
9730 10076 98.9721
9731 15601 27.3238
9733 9973 71.4169
9734 10412 64.0687
9735 15329 103.683
9735 16527 37.8691
9736 10596 84.1417
9736 14362 105.646
9737 10317 103.144
9737 12284 22.7387
9737 14407 40.1694
9737 15563 40.9035
9738 13664 48.1348
9738 16729 81.4259
9739 14997 62.0454
9740 11062 52.2738
9740 15542 72.3517
9741 10208 13.6161
9741 13949 41.0194
9742 16208 72.7324
9743 15499 58.783
9744 14094 67.9289
9744 15630 32.1645
9745 16332 115.346
9746 13536 45.2813
9746 14306 22.206
9746 14871 51.2603
9747 12059 41.6227
9747 15080 49.3774
9748 11600 76.4849
9748 14673 10.0959
9748 15769 101.144
9750 11574 61.2509
9751 12709 31.8309
9751 13932 37.9958
9752 11961 22.3564
9753 14361 104.033
9753 14850 78.0586
9754 10118 14.0625
9755 10227 28.6155
9756 15366 34.3336
9756 16310 25.3953
9757 13483 88.6554
9757 14411 38.2654
9757 16993 75.2107
9758 10036 26.6692
9758 10801 74.5692
9760 13768 77.8315
9760 13929 17.448
9760 14930 42.6927
9761 14879 77.4881
9761 16038 73.6777
9762 17172 61.5164
9763 15194 69.7468
9763 16107 36.2872
9766 10626 22.0575
9767 15421 108.359
9768 15607 56.0498
9768 16465 28.5486
9769 10307 74.1077
9769 14966 40.5196
9770 11129 117.108
9771 10627 62.8836
9771 16702 11.0001
9773 11984 108.461
9773 12772 73.9825
9774 9837 72.6368
9775 10851 52.6248
9776 12913 60.8421
9776 14692 59.5558
9776 15604 78.5606
9777 11184 44.6128
9777 14315 81.733
9778 15363 21.0844
9780 10793 50.9827
9780 12641 46.6976
9781 15265 21.7064
9782 15529 103.376
9784 13330 58.8646
9784 15756 11.4917
9785 16136 75.4917
9786 14558 44.8088
9787 13017 22.7676
9787 13304 37.5055
9789 11600 129.147
9790 12651 32.8721
9791 11010 51.1153
9791 14798 69.6653
9792 17159 72.9593
9793 9885 40.804
9793 10578 54.0943
9793 15797 68.1808
9794 12909 20.1292
9795 11977 94.689
9795 13267 98.7696
9797 10678 72.9033
9797 15656 32.3819
9797 16557 71.6935
9798 12841 55.0109
9798 16419 146.964
9799 17032 77.4836
9800 11830 59.1396
9800 15858 122.397
9800 16470 87.0828
9801 12345 43.3488
9801 13620 41.8794
9802 10304 45.8553
9802 16176 91.8494
9802 16735 106.599
9804 16706 53.615
9805 12023 13.5266
9805 12545 39.4825
9806 11488 59.0271
9807 12362 43.0054
9807 14933 24.3206
9808 11530 99.4029
9808 12210 54.1272
9808 12887 62.2699
9809 13866 21.7925
9809 16177 59.9266
9810 10416 24.2006
9810 15206 40.3857
9814 12222 77.661
9815 16297 66.1299
9816 10147 52.0686
9816 13297 43.2088
9816 16664 45.0397
9817 12792 13.7531
9817 13364 32.4135
9817 17136 21.5759
9819 11242 14.8415
9819 13100 45.6077
9819 15482 74.6013
9820 10750 67.6628
9820 11727 73.3656
9820 14380 64.0068
9820 16497 81.0361
9821 13235 81.2234
9821 14095 26.03
9822 12652 58.0412
9822 12739 79.1361
9823 10921 31.0982
9823 14725 37.2544
9823 15442 47.1112
9823 16943 39.3148
9823 17096 74.7236
9824 12693 83.5801
9825 12025 64.1554
9825 16769 36.3712
9826 11168 23.1934
9827 12271 80.2367
9827 13220 25.1632
9828 11761 47.2876
9829 10785 77.763
9829 11837 34.6453
9830 10470 103.166
9830 10988 108.365
9830 15133 70.0881
9831 12392 22.4034
9831 15893 55.0152
9832 9839 105.538
9832 14998 39.6344
9833 9886 70.9528
9833 15565 36.7825
9834 13460 70.6406
9834 16379 59.0069
9835 17138 64.6485
9836 13176 44.1797
9837 12207 35.5066
9838 10392 42.8987
9838 15910 22.1299
9838 16159 27.7724
9839 11728 90.6573
9839 14998 33.5643
9840 12294 78.6051
9840 17152 25.7303
9841 11143 69.9073
9841 12734 22.7007
9843 12977 68.0268
9843 14161 25.2883
9843 15848 13.1889
9844 14730 49.4772
9844 15114 37.7596
9845 11912 62.8195
9846 13822 40.5063
9846 16312 48.4577
9847 11269 35.1406
9849 13322 51.7088
9849 14531 34.1532
9850 14349 56.5206
9851 12197 64.1781
9851 14854 37.4857
9852 10564 81.7489
9852 13040 67.9816
9853 10044 59.3985
9853 11888 9.27668
9853 16025 39.6854
9853 16773 98.5939
9854 15666 17.3679
9855 12653 120.99
9857 10250 76.2174
9857 14782 77.375
9858 13511 90.1524
9858 14369 14.4069
9859 15061 103
9859 17058 78.3912
9860 11808 44.3165
9860 16376 65.6973
9860 16935 2.68373
9861 13156 101.67
9861 14702 38.8581
9862 10028 65.9597
9862 15434 72.2868
9863 10502 26.1045
9864 14441 38.3295
9864 16079 40.6764
9865 13443 20.814
9865 14098 16.1518
9866 10735 79.4255
9866 16327 59.9197
9867 13861 88.0014
9868 13433 67.1949
9868 13895 33.9922
9870 13454 56.1522
9870 16581 78.8056
9871 10393 40.643
9871 11371 87.9994
9871 14245 56.1034
9872 16417 63.4168
9873 11570 68.0402
9874 17052 61.5904
9875 17102 46.5197
9876 12654 82.2449
9876 12803 62.0508
9876 14037 78.8892
9876 16121 43.3104
9877 12824 58.3552
9878 9908 66.8129
9879 11160 48.9424
9879 14005 35.0182
9879 15057 51.1671
9879 15358 60.6412
9880 12648 42.3022
9882 13621 46.219
9882 15338 21.5563
9883 13515 41.0786
9883 14023 25.8898
9884 14072 78.9459
9885 15361 33.7823
9886 13698 33.9313
9886 15565 62.2946
9887 10778 59.3639
9887 11300 38.478
9888 11619 42.2409
9888 14069 33.7134
9889 12732 52.677
9889 14728 58.6894
9890 10960 37.5556
9890 11359 47.2384
9891 14907 73.9789
9892 15702 46.212
9892 16779 59.1872
9893 11804 61.7047
9893 12451 35.4634
9895 12037 21.4871
9896 13860 30.8229
9897 16222 42.8391
9898 13027 79.9323
9898 14273 49.6172
9898 16874 89.8006
9900 11506 24.5335
9900 13585 45.7508
9900 16774 22.309
9901 16943 35.4453
9901 17096 46.0842
9903 10349 32.8405
9903 12915 56.297
9904 14648 92.2267
9905 9945 29.262
9905 14919 59.9764
9905 15785 40.2043
9906 14557 44.3536
9906 15209 8.35047
9906 17053 70.1892
9907 15253 66.7793
9909 11227 93.3553
9909 12402 95.7765
9909 16179 83.0307
9910 12076 46.3668
9912 12741 86.0103
9912 17176 13.6622
9913 13324 118.308
9914 10608 24.756
9915 10675 103.824
9915 15362 38.7687
9916 17180 61.3265
9917 12981 69.3211
9917 13807 2.51294
9918 10717 64.3785
9919 10366 10.4866
9919 13546 66.6101
9919 15445 108.616
9920 15540 14.622
9921 17086 40.3115
9922 12265 33.1493
9922 12736 53.9701
9922 16994 19.5986
9923 16501 48.5794
9924 12263 28.4364
9925 12280 84.5289
9926 16398 109.326
9926 16984 73.351
9927 17031 93.107
9929 10721 12.7906
9930 14796 49.3247
9932 10678 23.1607
9932 15656 72.5978
9933 11680 92.5294
9933 15061 48.4193
9933 15905 77.3858
9934 10549 67.1245
9935 11174 24.9692
9935 14577 62.3362
9937 12195 107.718
9937 12645 74.0853
9937 13771 118.935
9937 16098 61.5479
9938 11615 51.0006
9938 12306 60.1773
9938 13455 58.6957
9938 13933 101.115
9938 17145 65.0402
9939 11762 11.5409
9939 12995 165.638
9940 10931 75.2258
9940 13020 49.9474
9941 16515 56.3996
9943 9978 75.719
9944 16805 21.0178
9944 17162 30.0194
9945 10531 31.9831
9945 15785 77.5492
9945 16764 53.1023
9946 11934 64.1562
9946 16448 73.7464
9947 12633 39.966
9947 13479 20.4966
9948 11820 54.6958
9949 10003 60.3521
9949 11580 20.9106
9950 14743 44.3205
9951 10840 55.1917
9951 11233 12.0951
9951 16966 34.6121
9952 14845 30.3527
9953 16399 77.6331
9954 12302 59.5356
9954 14939 77.5162
9955 11914 63.9571
9955 13491 53.0888
9956 10705 48.8099
9956 13513 78.6526
9957 11484 41.7798
9958 11109 38.0015
9958 15044 37.572
9960 12269 94.3723
9961 10207 96.1384
9963 11737 120.887
9963 12930 81.8173
9963 14102 87.6382
9963 17090 88.4057
9965 12185 29.7554
9966 15206 86.2233
9968 16914 56.3083
9968 17165 41.4165
9969 10258 137.13
9969 15662 112.535
9970 10670 62.164
9970 14606 29.0302
9971 10454 32.1923
9971 12137 34.0965
9971 12409 23.5946
9973 12161 19.2918
9974 12918 10.9584
9974 15166 27.2949
9975 15118 64.9168
9976 10723 123.882
9977 11815 77.8991
9978 10905 31.1575
9979 13779 35.3393
9979 16615 31.3882
9981 12433 40.7373
9981 12585 49.6724
9981 16576 28.0033
9982 11818 96.545
9982 14181 39.3125
9983 10556 43.5887
9983 12047 30.4656
9983 12802 65.9617
9983 15422 49.6301
9983 17026 39.2658
9984 15111 38.634
9985 12013 43.5191
9985 12384 42.1231
9986 15584 70.7478
9988 15993 25.8878
9989 10450 77.3095
9989 10538 60.5771
9989 12551 62.2408
9989 14379 30.9555
9990 10598 39.2004
9990 16438 60.689
9991 15522 46.6308
9992 12743 76.1718
9992 15486 63.0307
9994 10880 59.2038
9994 11814 46.683
9994 15622 19.047
9995 12690 79.37
9996 11176 27.3904
9996 11529 54.7579
9997 11252 26.4737
9999 11450 90.8146
9999 11495 106.02
10000 10004 36.1438
10000 11051 30.231
10000 16725 88.2444
10001 12549 25.9829
10001 13214 57.557
10002 10383 62.2467
10003 11601 83.4761
10004 10205 56.9163
10004 11051 25.9323
10004 17161 17.0311
10005 11850 85.3034
10006 10224 63.7045
10006 15809 64.7705
10007 11655 99.3431
10007 14401 80.9317
10009 11547 89.9007
10009 15977 46.4252
10011 14378 13.3661
10011 15369 105.749
10012 15185 47.606
10013 13165 86.9748
10014 14993 77.6391
10015 14571 43.3734
10015 17059 49.1471
10016 11102 59.987
10017 14276 7.29188
10018 12848 81.896
10019 11889 5.08994
10019 16048 48.677
10020 12843 68.4303
10022 11127 143.802
10023 13024 36.7792
10023 15350 68.4593
10023 16354 47.9854
10025 10139 37.1921
10025 17009 31.9819
10026 14347 41.7768
10026 15460 83.9888
10027 12004 79.8099
10028 12024 50.7813
10028 15434 44.3078
10029 12064 50.0595
10030 13738 48.9656
10031 11613 104.879
10032 15210 33.7678
10032 16343 50.0382
10032 17032 57.5534
10033 12885 68.6767
10033 16317 61.2156
10034 11508 51.184
10034 14126 89.8364
10036 16957 45.4472
10037 11585 74.1903
10038 11152 76.7767
10038 14206 64.2675
10039 11360 83.4325
10039 14168 95.6008
10040 11834 11.8666
10041 10189 33.9807
10042 14768 68.5695
10043 10378 31.7331
10043 12482 13.6155
10044 11293 43.4828
10044 16025 47.6794
10045 10363 58.8693
10045 15961 48.3189
10045 16113 48.9986
10046 10471 61.327
10046 11538 44.9486
10047 14887 50.6732
10048 16613 74.7057
10049 11752 78.6831
10049 12618 109.452
10050 11777 72.7753
10050 15507 81.2508
10050 16073 54.6408
10052 11663 95.8522
10052 12308 81.5612
10052 15441 3.16033
10053 13608 70.8061
10053 15033 153.409
10053 15205 64.8836
10053 16288 53.1914
10054 10701 16.023
10055 15965 126.057
10056 11442 46.0844
10056 14749 108.254
10057 14294 87.6932
10058 11321 50.6073
10058 14457 72.5328
10059 11105 99.9334
10059 15320 38.3437
10060 12720 60.9432
10061 11552 35.6056
10061 12760 83.9729
10061 15377 31.4548
10062 16083 49.0583
10063 15185 47.5684
10064 11334 64.3087
10064 12725 57.0889
10064 14453 43.2144
10065 14849 53.7739
10065 16423 57.1349
10068 12789 96.9207
10068 15718 75.1448
10070 13227 98.9705
10070 13442 26.0266
10070 14253 62.0079
10070 15153 70.3007
10071 16271 85.1587
10072 11026 32.6408
10073 11304 27.3764
10073 11931 10.8056
10075 11535 39.8681
10075 13873 83.1993
10076 10488 45.9569
10076 14302 86.4254
10077 11715 66.2638
10078 10694 103.56
10078 11028 10.1792
10078 12015 62.6849
10079 12883 107.476
10080 14271 74.1893
10080 14325 54.5871
10080 15602 38.2446
10082 13801 53.0268
10083 11741 41.5643
10084 15142 60.0996
10085 13939 46.3149
10085 16100 36.5835
10085 17139 27.7351
10086 11739 78.3156
10086 13609 65.8259
10087 13512 58.2196
10088 11588 48.0485
10088 14848 12.0326
10089 11990 140.883
10092 12425 11.8595
10094 14028 85.7031
10094 16814 112.515
10096 10755 74.8962
10097 14481 58.525
10097 16798 34.3317
10098 10226 79.1034
10098 16389 30.587
10098 17022 16.5737
10100 14731 35.1353
10101 13468 34.4915
10102 12749 60.487
10102 15651 49.076
10102 15739 45.5532
10103 11610 95.1274
10103 13560 89.5822
10104 14230 68.4982
10106 13677 53.9794
10107 13902 27.4398
10108 11769 54.6283
10108 14201 75.9978
10109 15614 33.9233
10110 14631 113.931
10110 16991 65.0119
10111 11748 62.9433
10111 11976 84.3391
10111 12809 83.2035
10112 12467 36.1233
10113 11912 75.6242
10113 15076 55.7138
10114 11913 66.6971
10114 12199 43.6489
10114 12433 101.539
10114 16745 59.2257
10115 11948 84.3312
10116 12989 112.98
10116 13286 47.349
10117 12998 46.7748
10117 13817 43.8159
10118 16962 104.685
10119 10843 99.0729
10119 13598 50.5411
10120 11438 78.1687
10120 14471 133.737
10121 15010 86.2386
10121 16260 53.3219
10122 11215 113.495
10123 11224 83.6283
10123 11525 83.151
10124 14488 20.1947
10125 11522 48.2936
10125 16114 62.7905
10126 11940 66.1497
10127 10838 21.2654
10127 14057 67.3152
10128 13888 19.6004
10129 12055 41.1464
10129 12652 30.002
10130 11819 57.3946
10130 15417 27.8864
10131 12521 53.5145
10132 11571 63.0961
10132 11885 60.0849
10133 15202 67.8079
10134 16435 17.9263
10134 17058 96.6883
10135 10419 50.0081
10135 11966 30.8885
10135 13715 52.1172
10135 16619 30.9901
10136 13414 45.0317
10136 14807 71.3469
10137 13616 95.8757
10137 14640 30.6467
10138 10681 75.7922
10138 11273 53.0543
10138 14209 42.5945
10140 16034 33.1084
10141 14536 27.423
10142 12330 52.1654
10142 13477 46.2484
10142 14401 75.9974
10143 10479 44.6369
10143 16698 66.5535
10144 12346 68.0404
10145 12636 91.1088
10146 10510 66.3235
10146 11639 35.5513
10146 11702 83.82
10147 11686 56.4114
10147 13297 83.2275
10147 15166 65.0239
10148 10554 56.8361
10148 11754 54.3683
10149 14341 21.4168
10151 15370 26.5203
10151 15501 21.5176
10151 15611 43.343
10152 13019 85.8909
10152 13904 85.9904
10152 16865 21.2334
10154 11191 62.2096
10156 12447 80.6776
10156 12523 65.4291
10156 14754 36.1809
10157 13353 50.5547
10159 14637 61.6254
10159 14969 21.4066
10159 15714 27.0149
10159 16378 80.164
10160 14802 75.9843
10160 15692 69.1612
10161 10617 106.586
10163 13306 75.2239
10165 15800 39.2823
10166 11866 29.1189
10166 16625 56.3932
10167 10664 83.5988
10168 10481 128.884
10168 14185 81.8755
10168 14590 96.1839
10169 13972 35.0687
10170 10622 20.1296
10170 14119 28.5102
10171 16116 18.5038
10172 11056 77.756
10172 13500 29.0953
10175 12450 57.9488
10175 16786 61.1868
10176 10279 48.787
10176 14784 64.8445
10176 17094 41.9624
10177 10207 99.1946
10177 13053 66.2403
10177 16170 52.4529
10178 10776 21.867
10178 11068 117.952
10180 10332 30.6152
10180 12128 59.0808
10180 14895 46.1326
10181 13030 44.4197
10181 17128 68.0332
10182 16671 32.1882
10183 12390 95.9967
10183 15774 92.5798
10185 10625 67.8972
10186 11087 88.6019
10186 13889 121.865
10187 11331 25.1712
10187 14476 45.8974
10188 14257 23.0739
10190 10786 97.1912
10190 15006 90.0859
10191 10867 53.98
10191 15675 85.9175
10192 12088 66.9185
10192 13263 72.7583
10193 15268 135.5
10193 16298 30.229
10194 11196 96.9408
10194 15315 54.5126
10196 11024 50.1318
10196 14747 22.1954
10197 15106 35.277
10197 15183 45.541
10199 10975 101.554
10199 14510 84.4528
10200 10680 92.9881
10200 12369 141.469
10200 13552 50.304
10201 10920 61.974
10201 11225 93.5109
10202 13928 67.0712
10203 11303 38.1777
10203 14896 21.5574
10204 10290 35.4543
10204 12943 49.4401
10204 15336 23.871
10204 15414 27.705
10205 14898 91.2337
10205 17161 70.7937
10207 13053 47.8178
10207 16170 82.3899
10208 13949 43.7088
10209 13076 75.681
10210 13206 45.1504
10210 15364 44.6573
10210 16359 89.9892
10211 13990 19.5127
10211 16725 64.1798
10212 10887 18.7642
10212 13204 86.4866
10213 11315 53.5043
10213 14501 61.8943
10214 13168 51.4836
10216 13403 31.9901
10216 15640 44.9854
10217 14789 68.3076
10218 16890 59.778
10219 10602 67.0581
10220 15122 42.1526
10220 16166 14.5893
10221 12153 46.1419
10221 12501 120.546
10222 11726 82.7663
10222 12622 71.9084
10222 16167 71.4335
10224 16258 50.3464
10225 15092 63.403
10225 16709 52.682
10228 13030 41.4792
10228 15740 47.564
10229 13084 49.717
10229 13642 73.7199
10230 13631 97.7478
10230 15896 49.8368
10231 12899 107.178
10232 16955 48.3065
10233 10441 53.1005
10233 12834 20.5893
10234 16303 149.857
10235 10461 75.806
10235 11973 38.087
10235 13330 93.8974
10236 14450 90.5199
10236 15383 52.5811
10237 11490 70.527
10237 15459 85.0987
10237 15736 64.986
10239 12026 59.7057
10242 15835 84.3104
10242 16730 86.0844
10243 10451 46.7493
10243 15732 89.1248
10244 11828 64.9086
10246 14344 56.0528
10246 14674 71.5307
10247 12635 26.8081
10247 13675 67.2494
10247 16217 83.4918
10248 14158 53.8166
10248 15958 110.769
10249 12200 66.8199
10249 12926 83.2529
10249 14480 71.071
10250 14782 21.0726
10251 12969 19.9775
10251 15618 64.3184
10252 15827 19.4462
10252 16245 55.0414
10253 10484 27.0261
10254 10637 79.9638
10254 17015 60.982
10255 11074 80.427
10255 12532 64.2459
10255 15972 34.0354
10256 13607 22.6091
10257 10384 25.7213
10258 12726 110.503
10258 15662 141.982
10260 11042 26.0772
10260 16440 73.5586
10261 13917 51.7768
10261 16670 47.1181
10262 15743 52.534
10262 15894 18.4108
10263 10566 39.3073
10263 11745 44.7179
10263 13785 50.0587
10264 14627 122.461
10265 11635 69.1239
10265 13628 25.7203
10266 12900 54.5272
10267 10398 37.9744
10267 12677 97.3273
10268 11792 60.4987
10269 12912 28.5285
10269 15444 58.7858
10271 15691 40.1133
10272 11120 98.4067
10272 12655 73.4317
10272 13453 41.2141
10273 12374 93.6414
10274 14557 93.5133
10275 11820 92.2068
10275 14724 41.9926
10276 11267 80.7299
10276 12407 9.94114
10277 14482 44.1032
10278 11289 47.2431
10278 12737 58.8986
10279 14784 58.7114
10280 15761 7.51364
10281 12033 61.3173
10281 13307 68.0998
10282 11583 54.3595
10283 15825 54.7972
10285 13177 67.5998
10285 16137 98.5491
10286 13570 93.5119
10286 16731 47.8151
10288 16281 73.661
10290 15670 31.0642
10291 14173 55.1883
10291 16554 34.7066
10293 12318 47.2384
10293 13611 61.7018
10294 15916 25.8816
10294 16308 29.4463
10295 11784 12.7
10296 11923 29.009
10296 14177 64.0823
10296 14651 67.6735
10296 15503 43.0506
10297 12670 4.92551
10297 14456 70.4898
10298 14679 60.228
10299 11551 24.3793
10301 12054 30.4543
10301 13157 113.223
10302 16606 67.5238
10303 10997 109.032
10303 13400 125.835
10305 12255 51.6893
10307 14966 21.1018
10308 11292 44.3237
10308 13514 81.8568
10309 10437 34.92
10310 12724 48.6738
10310 14312 34.0728
10311 14398 39.6631
10311 16335 55.8759
10312 15504 37.73
10314 10849 97.9946
10315 10741 44.3639
10315 14867 71.224
10316 15587 44.8761
10317 12284 93.5322
10318 10986 63.418
10319 10651 48.2669
10319 16588 57.1546
10320 10477 50.3831
10320 15179 21.278
10322 11363 27.0969
10323 15120 36.6747
10324 16603 32.1334
10324 16834 23.4047
10325 10624 35.4549
10325 12815 43.5443
10325 15438 55.8812
10326 11003 61.5377
10326 13283 36.7703
10328 12533 31.172
10329 11297 32.3847
10329 14092 37.5625
10330 16115 29.5181
10331 15643 34.1328
10332 14895 86.4378
10334 11851 61.0417
10335 14261 91.5968
10336 11801 26.1217
10336 14447 27.1732
10336 16877 25.8899
10337 11709 48.2156
10337 14054 95.399
10337 17062 64.5381
10338 12941 33.2318
10338 14228 65.7828
10339 10576 49.7498
10339 14365 76.0203
10341 11133 87.695
10341 15428 57.984
10342 13270 75.5775
10342 16920 83.6939
10343 11634 80.0737
10344 13614 89.1162
10345 16998 67.9485
10347 13485 50.98
10347 14504 61.7016
10348 11617 83.8274
10350 11920 67.6073
10350 12234 94.2342
10351 11232 78.7895
10351 16433 127.727
10352 11314 11.5124
10352 17036 24.2346
10353 15712 86.7345
10354 12616 52.5935
10354 13973 27.5249
10354 14346 61.1141
10355 11256 100.73
10355 12020 71.6931
10356 13727 47.2503
10356 14876 31.0895
10357 12109 100.862
10357 13164 57.9007
10358 16508 61.1593
10359 15062 103.124
10359 16165 55.4491
10360 14772 105.859
10360 15589 98.8056
10360 16460 87.483
10361 11614 92.4232
10362 13264 31.2282
10362 15116 55.7502
10363 14819 59.6879
10363 15961 37.0073
10365 12125 36.3309
10365 12905 59.943
10366 13546 41.9287
10366 15445 136.217
10367 15596 10.6459
10369 10385 42.6464
10369 11854 58.8918
10369 13282 62.1815
10369 16292 27.5676
10370 13047 13.4663
10370 13936 41.6279
10371 11878 67.6094
10371 12872 33.176
10372 12613 81.1114
10373 12744 60.488
10373 13508 90.5913
10373 16397 72.0534
10375 12920 99.9603
10375 16172 54.505
10376 11229 40.0401
10376 13202 17.234
10376 15311 68.1155
10377 16349 15.4372
10378 11299 103.929
10378 12482 77.3773
10380 12250 80.2012
10380 15422 91.9732
10381 13518 69.2419
10381 13719 88.9901
10381 15677 27.4744
10382 12500 65.9426
10383 11997 45.2865
10385 15091 56.1942
10385 16292 48.4323
10387 14314 66.422
10388 13802 44.3587
10388 15733 38.6185
10390 11644 70.7769
10391 11192 9.31783
10391 16374 41.4615
10392 15910 37.7622
10392 16159 45.7578
10393 11371 44.9621
10394 10993 19.4967
10394 11907 41.835
10394 15834 63.1787
10395 14639 31.8341
10395 15164 42.8285
10396 10926 116.583
10396 14914 99.7351
10396 16102 98.2013
10397 14009 27.1257
10397 15778 58.1512
10399 11699 32.4805
10399 12828 38.0068
10399 13211 64.5929
10399 13496 69.1278
10400 10982 14.5281
10400 11163 85.6319
10400 12190 51.5789
10401 11877 57.7484
10401 15508 66.5575
10402 12182 24.0854
10402 15722 42.9898
10402 16320 57.4045
10403 13725 41.0923
10403 14696 45.9215
10404 14387 67.1632
10405 11121 68.5225
10405 16890 59.8467
10406 15815 122.905
10407 11577 47.5136
10408 15455 59.2594
10408 15694 80.7472
10409 12539 92.4326
10410 13191 42.562
10410 14723 74.3571
10411 11615 65.6315
10411 12030 66.5762
10412 14167 82.3225
10412 16871 73.3986
10413 11458 40.6435
10414 16367 98.5925
10415 11424 37.4506
10415 12216 51.9345
10416 15206 26.7759
10417 15711 85.7712
10418 15787 100.172
10419 16619 23.2598
10420 11494 16.2357
10420 12453 42.8413
10422 13195 77.3536
10422 14316 97.971
10423 10491 117.505
10423 16835 67.9125
10424 12365 26.9072
10425 14656 32.7127
10425 16953 49.319
10427 15912 57.1521
10428 10966 51.4703
10428 12799 53.2455
10429 15230 106.843
10430 16515 119.596
10431 10577 59.681
10431 16711 25.8733
10431 16949 73.4504
10432 12480 77.3498
10432 14384 44.9552
10432 15538 69.0174
10433 12858 57.9626
10433 16616 87.0895
10433 16652 78.2421
10434 13891 50.6753
10435 11732 58.1164
10435 14957 83.4251
10435 17157 39.7635
10439 13254 20.3304
10439 15727 98.6265
10440 15950 17.479
10441 12834 35.2007
10441 15481 124.727
10442 12245 45.6747
10442 14683 92.8887
10443 13851 39.9127
10443 14357 48.2319
10443 16593 24.6054
10445 13690 95.7982
10446 11542 86.2195
10446 12099 31.0826
10446 16181 61.5408
10447 14215 10.1636
10449 12118 36.9951
10450 10538 32.4608
10450 14006 59.8007
10451 15732 51.824
10452 13229 102.944
10453 10574 50.6499
10453 13892 11.2138
10453 14042 66.7907
10454 12137 31.6444
10454 12198 34.3216
10454 12409 20.4904
10455 11139 77.0672
10455 15611 40.7008
10456 11513 27.8925
10456 13351 55.1646
10457 11347 62.9356
10457 12494 16.8603
10458 12347 119.513
10458 12709 96.0813
10458 13581 76.1334
10459 10544 115.407
10459 11810 83.4113
10460 12690 47.182
10460 13310 120.644
10461 10668 27.8568
10461 12379 88.8264
10462 11139 52.1222
10462 11622 30.4236
10464 14935 22.4519
10464 15742 70.886
10465 12273 71.9767
10465 15525 42.3395
10467 11461 36.5465
10467 16197 20.2195
10468 10718 1.24056
10468 11836 52.6856
10469 10950 49.7846
10470 15133 91.1135
10471 11538 32.1214
10471 12395 24.3758
10471 12601 26.5716
10472 10659 79.8063
10472 13173 51.8461
10472 13695 69.8861
10473 11516 129.715
10474 14823 32.393
10474 15817 93.6411
10474 15942 90.2924
10475 13230 76.3147
10476 12865 36.8654
10476 16656 78.436
10477 15179 88.9152
10478 14872 65.7261
10480 11178 134.915
10480 14145 37.9129
10480 16304 55.0544
10481 10701 60.6077
10481 14185 22.4878
10481 14254 24.6244
10481 14590 70.3012
10482 16347 72.0413
10482 16561 40.6407
10483 15030 90.0087
10484 14816 28.551
10487 14143 114.48
10487 15477 91.5669
10488 14302 57.5755
10488 14642 167.856
10489 15767 30.1493
10489 16195 61.8102
10490 14529 42.599
10490 14594 25.6431
10490 16199 32.2638
10492 12426 57.3628
10494 10815 39.8994
10494 13623 42.7076
10494 15577 31.704
10494 16500 64.1414
10495 13421 67.1317
10497 10719 96.5373
10497 14959 38.338
10497 15729 51.2697
10498 12215 48.6362
10498 12486 11.3608
10498 12605 23.2199
10498 15655 75.4
10499 11989 30.5302
10499 13360 41.0797
10499 14744 43.3086
10499 16124 26.5725
10500 15657 72.2823
10503 10744 83.3838
10505 12689 18.0295
10507 12577 37.071
10507 16817 26.5118
10508 11983 14.3431
10509 12204 52.2235
10510 11639 49.8922
10512 11805 43.3572
10512 14200 64.3679
10513 12881 66.5868
10513 15669 75.0928
10514 11255 59.3912
10514 14610 105.053
10515 11637 71.3691
10515 13852 64.2376
10516 16234 117.735
10516 16991 86.624
10517 13656 99.9606
10518 13205 40.4196
10519 12596 72.0686
10520 12065 62.4744
10520 14828 77.3163
10521 14410 47.6368
10522 11691 175.538
10522 13224 137.986
10522 14506 114.857
10523 16951 45.2173
10524 10996 87.2071
10524 13475 22.3935
10524 14962 54.9451
10525 13121 75.1099
10525 14082 28.5545
10526 11328 43.6584
10527 15805 68.2563
10528 13034 96.1319
10528 15807 97.0079
10529 15053 85.8995
10530 15662 96.2941
10531 16764 44.5528
10533 12258 36.4413
10534 14104 55.1636
10534 14984 12.1233
10536 11539 49.5921
10536 17089 13.6677
10537 15015 80.6318
10537 15550 53.1904
10538 14006 71.2104
10539 15606 94.1738
10539 16655 44.9706
10540 15125 40.2901
10541 13741 36.6757
10542 11573 88.6986
10542 15529 45.1547
10543 11383 63.1987
10543 16115 67.8256
10544 11810 16.3868
10544 12748 56.0096
10546 10829 32.2963
10546 15211 117.401
10547 11055 66.796
10547 15581 10.9657
10548 11200 69.4178
10549 16870 73.9883
10550 11126 57.3998
10550 16552 76.8842
10552 13363 66.6422
10552 15233 129.035
10553 13540 111.652
10553 14007 49.1689
10554 11754 8.3715
10554 13869 36.1829
10556 12802 54.8949
10556 13736 19.2583
10556 15422 78.1888
10557 14869 32.7023
10557 17040 57.6192
10558 11103 41.181
10558 16815 35.7662
10559 11588 62.7157
10560 13089 21.485
10560 15853 69.0365
10561 12274 26.7722
10561 16880 74.3856
10562 13188 10.0528
10562 14227 38.2656
10563 13029 52.389
10564 13040 21.44
10565 11666 90.8071
10565 14973 0.977341
10565 16969 64.6808
10565 17148 72.3389
10566 11951 48.878
10566 13785 31.4726
10567 13153 122.254
10567 16796 12.8188
10568 13236 87.374
10568 14502 65.0338
10569 13003 39.1559
10570 13758 56.9121
10570 14194 81.8501
10571 12954 40.4656
10571 13683 88.3856
10571 15544 51.1422
10572 14069 49.4312
10572 14706 69.0385
10573 10629 73.1442
10574 13892 71.7052
10574 14433 90.5051
10575 15854 95.7402
10576 11795 64.7862
10577 13421 69.6595
10577 16711 60.408
10578 12850 47.1178
10578 15797 20.7881
10579 14247 61.3645
10579 14788 71.7645
10580 12117 66.9092
10581 16156 42.0945
10582 10805 111.009
10582 11268 30.0081
10582 12468 63.7059
10582 13420 86.075
10582 14193 55.425
10585 12107 10.9005
10585 12888 52.2466
10585 13362 53.8222
10587 12246 47.6292
10587 14956 81.6335
10587 15097 61.0705
10590 12441 23.0303
10590 14310 51.7767
10590 15193 38.208
10591 13608 86.254
10591 15205 137.418
10592 14738 37.0118
10592 16031 63.1321
10593 12027 58.5458
10596 11913 82.9046
10598 16438 34.477
10599 15395 30.07
10599 16856 50.2344
10600 11262 43.0578
10600 16912 52.087
10602 16554 35.8685
10603 11817 26.4869
10603 14153 40.2977
10605 15586 84.24
10606 17043 104.809
10609 11800 66.4032
10609 15872 55.0549
10612 13396 106.277
10612 13826 23.9478
10613 11318 62.526
10613 13723 32.3582
10613 16758 64.3085
10613 17012 53.5912
10614 11486 96.7204
10615 12593 61.5123
10615 16379 41.8008
10615 16882 71.6977
10616 16669 32.978
10617 10867 105.996
10617 11943 26.6261
10618 14152 37.9775
10618 16413 78.2928
10619 13050 85.0494
10619 13299 75.0631
10619 14910 70.0866
10619 16883 56.6413
10620 11205 18.8497
10621 13334 49.0747
10622 12133 56.844
10622 14119 17.0435
10623 10628 28.0542
10623 16154 58.66
10624 15438 56.4335
10625 15838 29.6876
10627 16702 106.279
10628 16154 83.01
10630 16996 51.1266
10630 17041 21.6428
10631 12392 56.1457
10632 15291 72.5928
10632 15701 41.2357
10634 14646 92.5371
10635 12030 54.1291
10635 14277 78.5969
10636 10727 42.2497
10637 13724 80.1203
10637 17015 37.1448
10638 10761 57.4887
10639 12745 92.0788
10640 15556 46.7031
10640 15835 29.2575
10641 11217 35.671
10641 17121 20.4451
10642 12587 46.1387
10643 16489 21.0329
10644 11122 30.9931
10644 16212 110.346
10645 16962 81.388
10646 12556 25.5295
10646 16907 103.832
10647 14717 89.1178
10648 13633 24.4501
10649 12236 26.47
10650 13071 76.6671
10652 14251 89.8422
10653 15782 29.4212
10653 16687 74.8336
10654 16290 32.8206
10655 10949 47.2329
10656 14800 50.3314
10656 15562 57.0531
10657 15074 95.8069
10658 11400 49.7536
10658 16022 22.6604
10659 13695 23.6828
10659 17019 122.507
10660 11292 59.4878
10661 11938 86.8803
10661 14946 11.1158
10662 15973 29.8869
10663 15217 75.1326
10664 13103 62.3074
10664 15203 21.7801
10666 12179 102.714
10669 15258 103.37
10670 14606 89.4227
10670 16047 84.0477
10671 11507 83.1698
10671 15273 81.6352
10672 12715 32.8352
10672 13798 35.1678
10672 15617 62.324
10673 11476 39.8172
10673 15251 22.6597
10673 16770 153.957
10674 11658 65.8251
10675 15362 65.2046
10675 16985 16.9118
10676 11890 22.1071
10677 13721 52.8604
10677 14067 34.3081
10678 15656 43.3771
10679 12413 103.994
10679 16609 96.7022
10680 14030 54.8897
10680 15522 70.1743
10681 11099 76.3031
10681 11273 64.2164
10682 16613 48.9962
10683 11088 38.2253
10683 13627 55.1291
10684 11556 94.4513
10684 13418 85.3792
10684 14776 60.5664
10685 10759 3.59501
10686 11742 97.2019
10687 14885 35.1984
10688 11488 61.2896
10688 13709 69.5847
10689 14366 34.949
10690 12638 47.2919
10691 11196 55.3995
10691 12767 18.7668
10692 16357 50.3501
10693 11013 42.0062
10693 13978 22.2775
10693 14017 9.31741
10694 12015 95.5111
10696 16959 49.8143
10697 11248 84.5014
10698 11468 120.892
10699 11464 58.6492
10699 12221 28.1327
10700 11191 113.984
10700 16078 76.3166
10701 14254 51.0614
10702 13083 17.6819
10703 14957 97.7039
10703 16107 21.9791
10704 12589 67.3593
10704 14908 64.3945
10704 16505 95.7886
10705 14752 75.3808
10706 13132 5.05815
10707 12136 109.191
10709 10802 39.2987
10709 14050 19.7389
10710 12125 80.9034
10710 14226 14.5283
10710 15119 56.7526
10711 11760 82.4761
10711 15874 85.6509
10712 16577 46.8287
10712 16981 138.545
10713 12080 55.7673
10713 14665 54.8619
10714 15911 46.4451
10715 10882 18.524
10715 14350 48.2608
10716 16122 118.186
10717 11440 98.775
10718 11836 54.3828
10719 12529 57.3719
10720 15542 45.9499
10722 10967 75.8013
10723 13553 110.387
10724 10881 44.6026
10724 13378 81.1695
10725 13628 57.6126
10725 16096 113.647
10726 14390 83.9421
10728 13093 36.4247
10729 13721 64.0585
10730 11017 106.139
10731 12003 45.8889
10731 12804 21.0074
10732 11555 92.1228
10732 13784 92.2556
10734 14154 90.0633
10735 16267 14.2807
10735 16327 48.3876
10736 13016 54.4727
10736 13963 64.6482
10736 15921 98.2664
10737 13654 91.6359
10738 15283 58.8979
10739 14727 31.5574
10740 13688 96.5705
10742 14127 76.7812
10744 11202 93.72
10745 15517 55.3263
10745 16352 22.3431
10747 13192 36.8442
10747 16622 48.5308
10748 12298 96.8647
10748 15192 67.4123
10748 16227 69.4463
10749 11201 54.6788
10750 11274 26.5017
10750 14380 59.5392
10751 13625 69.651
10751 13655 41.8998
10752 14929 76.2858
10752 16336 14.6269
10752 16794 58.0617
10753 17083 12.0005
10753 17092 44.6125
10754 12277 30.885
10754 12537 42.2612
10754 15296 21.9534
10755 11077 94.4718
10756 12239 70.4545
10756 12297 11.5121
10757 10903 14.8797
10757 16057 33.0161
10758 11173 36.4158
10758 15080 73.3606
10760 15289 33.8935
10762 12479 108.779
10762 14895 65.3214
10762 15261 48.4523
10763 13525 19.226
10763 14466 90.3747
10765 13231 42.87
10766 12811 11.0303
10766 15948 67.2939
10767 10777 54.2787
10767 12949 32.5487
10768 12290 52.758
10768 16097 65.2507
10769 11483 123.569
10769 13118 104.618
10770 12569 62.963
10770 12939 115.741
10770 14881 112.191
10771 12909 66.3725
10772 11335 34.0257
10773 14700 22.6792
10773 17023 67.7926
10774 16426 39.8129
10775 13410 54.3268
10778 11300 10.6433
10779 14373 101.063
10780 13544 31.1077
10782 10900 55.5267
10782 13435 84.042
10782 14388 46.4948
10783 13402 66.0914
10783 13986 87.4701
10785 11059 33.5451
10785 11837 57.1015
10786 11032 44.1457
10786 15006 70.606
10787 15103 78.0194
10787 15174 94.8342
10788 11007 59.7548
10788 12401 29.4244
10788 16205 67.0773
10789 14211 62.8459
10789 14658 85.3856
10790 11080 136.935
10790 14265 33.5719
10790 16487 51.9169
10791 14175 41.6527
10792 16650 8.87828
10793 12405 70.715
10793 12641 65.7516
10794 11022 90.4122
10794 16387 49.2511
10795 13679 111.263
10795 14248 111.39
10796 15907 69.7111
10798 12229 38.985
10799 10914 15.402
10799 14367 44.4287
10800 11403 58.5101
10800 14641 3.92975
10801 12500 33.0708
10802 14050 35.2725
10802 14182 55.6366
10803 11164 42.0319
10804 11640 70.7344
10804 11879 44.5928
10805 13420 70.3715
10806 16269 59.2443
10807 14743 76.5107
10808 11208 52.2816
10808 15389 97.705
10809 13497 83.6903
10810 15697 45.71
10812 11302 20.5383
10812 16694 43.8445
10813 12618 49.5132
10813 16357 41.5411
10815 12536 77.924
10815 15577 88.8992
10816 11485 40.023
10817 12751 42.8453
10817 16551 82.9905
10817 17003 49.7203
10818 11426 39.0296
10818 12307 40.0999
10818 16358 74.5306
10819 15954 108.849
10819 16707 79.6905
10820 11584 61.1547
10820 12959 82.0408
10821 12108 50.3863
10821 14224 27.4631
10822 11282 70.4946
10822 13086 37.4932
10822 15456 64.6153
10823 16138 122.648
10825 12449 56.7279
10826 12492 77.9582
10826 15949 66.5099
10827 12070 93.0669
10829 15211 75.6801
10830 14511 42.1571
10831 14873 57.8423
10831 16836 94.4314
10832 11506 108.613
10833 12001 84.782
10833 15659 98.2018
10834 15474 56.1145
10835 11465 87.193
10835 15327 73.7756
10836 12685 40.7196
10836 12879 77.0722
10837 13230 34.1222
10839 14201 47.8683
10839 14829 77.8773
10840 16567 37.9193
10840 16966 67.3839
10841 14955 68.1122
10842 15408 77.2315
10843 14620 98.7934
10844 17126 45.6535
10847 13156 61.9401
10847 14638 22.9758
10848 16612 44.851
10849 12907 75.4294
10849 13242 63.8447
10850 12623 11.524
10850 16610 52.6688
10851 14012 60.0598
10854 12539 61.7237
10854 14074 9.02767
10855 11329 53.4115
10856 13552 127.658
10856 13690 26.6294
10857 11974 56.7296
10857 16783 42.1978
10858 13032 72.2381
10859 14697 31.3743
10859 15579 52.0251
10860 13562 78.0263
10860 15037 76.2721
10861 12481 81.8991
10861 15688 28.1843
10861 16044 23.7836
10862 15333 15.1451
10862 15497 47.6416
10862 16923 84.6533
10863 11188 20.5836
10863 12637 49.2005
10864 13847 55.9245
10865 15136 41.7566
10866 11271 57.3174
10866 16287 62.5638
10867 13833 48.9598
10868 12203 76.0359
10868 15699 37.9163
10869 14597 65.0391
10869 15625 46.5414
10870 13033 44.4703
10871 11238 5.153
10871 11774 58.9121
10871 15054 79.542
10871 15645 48.1185
10872 11405 59.4753
10872 11675 26.3342
10872 17080 57.1896
10873 16000 69.9958
10874 11929 72.6214
10875 13830 50.3025
10876 17137 93.2585
10878 12624 20.4009
10879 14362 80.4835
10880 15622 35.344
10881 13378 74.9294
10882 14350 65.5746
10883 11916 35.8417
10883 16360 25.6321
10883 16997 41.4381
10884 13758 90.7486
10884 14075 80.3242
10884 16064 89.8333
10885 11858 73.9807
10889 16549 30.136
10890 11480 77.846
10890 12673 41.9125
10890 15061 103.625
10891 13202 59.277
10891 15311 23.8885
10892 11468 55.3908
10892 16177 82.2775
10894 11999 52.5634
10894 13799 102.68
10894 16123 44.2806
10894 16736 49.119
10895 12672 40.5685
10895 14493 82.1925
10895 16294 79.6222
10897 13311 85.0065
10897 16344 69.9477
10898 12031 79.9367
10899 11496 80.5117
10899 11532 66.9316
10900 11497 50.7148
10900 14388 80.0854
10902 14423 43.2793
10903 16057 46.3619
10904 12036 74.1442
10905 16248 65.4835
10906 12010 48.275
10907 15576 48.9704
10908 11502 33.6094
10908 12283 30.3386
10910 17098 59.4711
10911 12201 25.4585
10911 16268 67.2862
10912 16726 60.9
10913 12800 29.6651
10913 14302 48.2795
10913 14555 49.8321
10913 16109 17.6187
10914 14367 18.975
10914 16722 94.9731
10915 11823 39.0006
10916 12035 62.9918
10916 12444 28.3227
10916 13086 108.429
10917 10985 87.9625
10918 11677 51.0395
10918 12778 78.2979
10919 11324 39.9047
10920 11225 16.0188
10922 16171 65.989
10923 13681 47.2006
10923 14479 99.9777
10924 11399 150.409
10924 11987 133.432
10924 13579 87.1117
10925 13106 10.6386
10925 16472 37.6875
10926 16008 38.1123
10927 16749 29.8519
10928 12018 50.8605
10928 14130 25.8388
10928 16410 61.5409
10929 12923 89.9629
10929 14370 77.2136
10932 11285 28.8237
10932 16230 62.5648
10935 11595 23.7132
10935 13957 66.3844
10935 15207 39.3735
10936 14512 22.0627
10937 12149 35.4545
10937 13765 25.8962
10937 14583 66.382
10937 16455 27.995
10938 11594 66.1235
10938 11768 55.8606
10939 15934 37.0397
10940 15212 75.619
10941 17011 49.239
10942 15897 107.398
10942 16196 30.6082
10943 12935 53.8292
10943 16488 114.821
10944 12629 60.0477
10944 16401 72.6635
10945 11833 44.0564
10945 14409 45.2597
10946 14164 123.706
10947 14565 11.406
10949 17103 66.6321
10950 11169 67.4201
10951 12734 71.0026
10952 12671 36.1897
10952 13400 74.3332
10953 12825 47.0132
10954 12151 75.4543
10955 12187 8.53766
10955 15780 31.0324
10955 15819 57.972
10956 16992 76.892
10957 12539 46.1678
10958 12779 45.0919
10958 15782 98.132
10959 13783 49.5027
10959 16054 81.3694
10960 11359 48.3391
10961 16580 40.7521
10962 13129 44.8156
10962 15594 53.1092
10962 16905 68.3396
10963 16291 88.1451
10963 16963 74.5771
10966 13606 46.2205
10967 14711 82.2999
10968 11609 44.3022
10969 11885 76.8075
10969 12920 86.3868
10969 13838 46.8901
10970 12498 62.5589
10970 14671 49.2711
10971 16956 98.0569
10972 13589 66.7891
10973 16548 76.5439
10974 11407 57.2036
10974 13901 70.8056
10977 13682 54.6695
10978 11045 85.5237
10978 12041 35.6799
10979 15736 42.5206
10980 15239 37.6724
10981 12895 83.8758
10981 13720 116.065
10982 11163 75.4911
10982 12190 74.4381
10983 16959 74.7217
10984 11072 45.2062
10984 13893 73.6581
10986 12647 65.9731
10987 13041 32.2988
10987 16914 80.2787
10990 14530 40.8703
10991 11648 50.8175
10991 15017 39.7871
10993 11907 44.677
10994 11873 19.6907
10994 12780 45.6559
10994 15866 18.4703
10995 13157 52.3044
10995 14049 27.147
10996 11111 27.9661
10996 13475 94.8442
10998 13921 62.7959
10998 16832 32.2589
11002 12580 54.8286
11004 15270 127.095
11004 16631 48.0873
11005 14660 68.8577
11007 12363 90.9549
11007 12401 79.4891
11008 14478 120.582
11008 15715 62.916
11008 15776 87.6706
11009 13135 24.7734
11009 14149 39.6229
11009 15147 100.129
11011 11253 76.4349
11011 14720 81.2284
11012 16382 28.3942
11012 16647 20.0455
11012 17123 41.7458
11013 12397 41.3939
11013 14017 48.6053
11013 16583 45.4521
11014 13066 48.0183
11014 16469 59.6725
11014 16504 70.5398
11015 14333 89.4846
11015 15304 73.5995
11015 16626 82.5155
11017 13138 85.4313
11018 12067 73.0237
11019 12253 61.8603
11019 15156 45.2338
11019 16767 101.812
11020 12910 61.3961
11021 16714 93.0948
11022 16387 54.5409
11024 11544 70.0975
11024 14747 58.0946
11024 15264 71.7563
11025 13846 53.9433
11025 13941 8.89561
11027 16673 136.579
11027 16990 74.6728
11028 12015 107.433
11029 12121 35.5733
11029 16145 107.373
11030 12209 83.7762
11030 12765 64.8418
11030 13302 70.1292
11030 13985 78.3745
11031 14595 45.7912
11032 15006 69.2985
11033 12200 87.058
11033 14480 65.3119
11033 15241 60.4198
11033 15987 45.5611
11035 17006 74.1012
11037 12408 57.3449
11037 16060 42.8435
11038 11717 96.1591
11039 11956 114.188
11039 12159 81.5464
11039 14769 53.2816
11039 16856 73.8905
11040 11456 95.2491
11041 11998 56.768
11041 16237 23.0498
11042 16440 64.6813
11043 12167 60.715
11043 14696 65.0301
11044 13522 104.015
11045 12039 50.5386
11045 12041 34.8016
11047 12720 102.458
11047 14785 33.4931
11047 16996 76.9175
11047 17041 38.1403
11048 15082 37.8168
11048 16601 102.74
11048 17038 65.1873
11049 11975 51.5188
11049 13896 77.1296
11051 17161 58.3382
11052 12579 7.65809
11052 15980 52.8341
11053 12257 68.6183
11054 13423 60.6771
11054 13525 52.4293
11055 12917 63.8026
11055 15581 50.7788
11056 13500 30.9641
11057 12431 48.6805
11057 14105 81.1408
11058 11533 75.0618
11058 15696 46.0492
11058 16191 8.22522
11059 11837 70.2154
11059 13745 83.6833
11060 14146 33.8897
11061 12301 39.0966
11063 11138 16.1555
11064 11326 54.2535
11064 12862 52.9526
11064 16719 39.4209
11065 11671 81.1003
11065 12992 21.8159
11065 13466 50.5365
11066 15981 102.316
11067 11376 48.9763
11067 15108 45.1012
11069 17117 95.7952
11070 11279 24.4276
11070 17141 15.91
11071 13648 48.0114
11071 15317 80.5568
11071 15410 46.8955
11071 16224 52.6116
11073 13976 19.7983
11073 15726 27.0364
11074 13975 53.0059
11074 15972 67.6982
11075 15310 87.8434
11076 11973 83.9967
11076 12379 48.7886
11078 14213 64.2719
11080 14265 139.956
11080 16487 159.995
11081 12446 88.8114
11081 17173 12.2335
11082 16765 65.8085
11083 11439 100.567
11084 11211 39.5845
11084 14677 28.2923
11085 12901 80.2742
11085 13075 29.3453
11085 13911 74.8417
11086 14543 26.1999
11087 12687 57.0979
11087 13889 65.7283
11088 13627 38.3764
11088 15397 139.956
11089 11477 98.4683
11090 13070 118.744
11090 16734 114.874
11091 15964 44.2613
11092 11313 39.4035
11092 13517 65.2591
11093 14048 30.9963
11094 16180 39.4207
11095 14729 42.8267
11096 12247 57.7564
11096 13334 74.2925
11097 15001 93.7169
11098 16610 65.7445
11098 16624 16.5232
11099 11273 93.3749
11099 12659 51.1807
11100 11281 48.5457
11100 12659 85.5249
11100 15247 67.7328
11101 16383 76.5328
11102 17040 81.8627
11103 16815 44.3114
11104 15138 51.5598
11105 15320 91.8759
11106 14434 37.6831
11107 16616 63.8555
11108 13342 94.0216
11108 16451 26.8393
11109 15044 25.6418
11109 17033 71.6381
11110 13126 37.9493
11110 14385 42.5875
11111 17093 56.0161
11112 15228 68.5456
11112 15458 26.7131
11113 11965 61.3816
11113 15511 91.5302
11113 17180 52.0367
11114 15892 110.817
11114 17113 89.0251
11115 15720 48.4364
11115 16972 51.0739
11116 15749 134.262
11117 17064 31.9429
11119 14922 76.4988
11119 15624 46.2745
11120 12313 55.2988
11120 13343 31.1643
11120 13453 73.1193
11123 13853 31.6485
11124 14144 70.8384
11124 14523 105.808
11124 14735 88.5072
11125 14741 74.8516
11125 14774 43.6003
11130 14115 58.1679
11130 15567 98.7801
11130 16859 39.7511
11131 14676 18.5041
11132 11693 52.3227
11132 16284 75.1888
11133 15428 74.4632
11134 14600 23.3243
11135 15211 49.102
11136 13352 42.4699
11136 13916 40.8244
11137 14304 97.3348
11138 13701 121.438
11140 13314 120.5
11141 11858 40.9246
11141 13087 40.1714
11141 16946 116.273
11142 11663 69.2562
11142 13128 116.214
11143 12734 50.2467
11143 13990 48.4503
11145 12300 118.049
11147 11612 73.0172
11147 11630 80.5094
11147 15640 92.1921
11148 11178 136.154
11148 13044 9.25466
11150 14251 121.355
11150 14637 186.663
11151 11177 27.3343
11152 14206 86.0079
11153 13108 44.4645
11154 13532 108.239
11155 16290 37.7639
11156 12347 73.4179
11156 13581 76.5421
11157 16880 47.4484
11159 12548 81.2092
11159 17143 76.6212
11160 15057 13.2918
11161 12435 38.7616
11161 12490 29.442
11161 14552 10.8072
11162 11339 102.387
11162 14168 108.722
11162 16240 32.9798
11163 12190 21.008
11165 15202 73.3799
11166 11337 54.2695
11166 13057 24.4621
11167 13033 81.4457
11168 11773 46.4805
11170 13652 32.6917
11171 15432 17.2484
11172 11344 41.4239
11172 11572 20.8401
11174 14577 26.8301
11174 16530 62.7864
11175 15520 63.8973
11176 11529 62.2959
11177 11416 41.88
11177 14463 81.7093
11180 13294 36.837
11181 11920 44.406
11181 12294 42.0169
11182 15413 49.2531
11183 13314 32.0579
11183 15605 30.0809
11184 15368 42.4556
11185 12923 51.7026
11185 13013 91.9601
11186 15690 81.6973
11187 17105 16.5309
11188 12637 52.9908
11189 12032 31.0906
11189 15488 30.0407
11189 16921 57.4521
11190 13361 36.9917
11191 12007 69.1846
11192 16374 43.3343
11193 13067 42.6541
11193 15507 102.635
11193 15743 91.7088
11194 12894 57.1269
11195 12256 13.5668
11197 12830 94.374
11197 16074 25.227
11198 13087 65.8114
11199 11633 35.0347
11199 12582 20.8546
11200 13645 77.8897
11201 16316 78.8066
11203 11431 64.3369
11204 15935 81.0089
11204 16276 43.3165
11205 17103 58.9769
11206 11308 110.008
11206 15163 70.7088
11206 15724 41.9378
11207 15059 82.0658
11207 15765 105.775
11209 11702 79.5454
11209 15463 79.5755
11210 13437 76.2347
11210 16922 92.6747
11211 14677 106.9
11211 14821 4.21917
11211 15550 29.3616
11212 12410 69.6286
11214 14566 40.878
11214 14840 105.22
11214 15275 71.6217
11215 12978 20.214
11216 13784 51.5232
11217 17121 30.4275
11218 13528 62.8135
11218 14314 43.7312
11219 14020 110.767
11219 16688 8.1615
11220 12283 80.8907
11222 11427 40.1077
11222 12419 45.6793
11222 15850 78.3162
11223 13613 55.2508
11223 15731 51.124
11223 15821 48.8642
11223 15857 39.9427
11224 12975 105.4
11225 13328 55.0446
11226 14996 103.782
11226 16480 113.991
11227 14350 73.2463
11227 16179 60.7382
11230 11914 142.032
11230 13491 103.132
11231 11852 55.9394
11233 16029 61.5544
11233 16966 51.8363
11235 17035 30.6671
11236 11845 65.7876
11236 12491 93.9916
11236 15728 102.956
11237 15812 100.283
11238 11774 37.5598
11238 15645 60.5005
11239 11587 79.7273
11240 12422 39.3352
11240 12538 73.3037
11240 15608 20.1543
11240 16699 43.907
11241 12903 101.87
11241 14975 98.8961
11242 13100 48.0515
11243 12828 50.5679
11243 13211 26.604
11243 15075 56.2293
11246 12069 112.948
11246 14545 65.1364
11248 16332 141.448
11249 12312 55.4286
11250 14822 50.3038
11251 11567 93.2033
11251 13843 48.4615
11251 16366 55.5121
11254 13877 1.21225
11255 12327 117.195
11256 14234 74.2159
11257 14117 71.0962
11259 16324 63.9068
11260 16503 28.979
11261 15385 99.4765
11262 16912 95.9941
11263 12881 60.4758
11263 13547 9.18659
11263 13568 28.7476
11266 11524 136.786
11266 12177 37.1617
11266 12438 96.0423
11267 12407 76.373
11267 16927 64.5465
11268 13249 110.561
11268 13420 71.298
11268 14193 103.134
11270 14568 55.1548
11273 14209 79.997
11274 14380 95.1845
11275 12387 88.432
11275 16752 119.11
11276 15500 18.7937
11277 13064 81.6661
11278 15277 96.3259
11278 17070 49.7818
11279 17141 46.8397
11280 16039 61.4486
11281 15247 123.38
11282 12444 79.2501
11283 13835 34.3184
11283 16692 57.3657
11284 13182 85.6531
11285 12434 146.309
11285 16230 49.2173
11286 14270 78.1041
11287 13348 62.3811
11287 14093 67.39
11288 15804 74.7505
11288 16546 59.0238
11290 13953 37.3942
11290 14890 23.3075
11291 11918 21.2352
11291 12237 72.1911
11291 13415 54.3952
11292 13514 65.3438
11293 11742 66.2959
11294 11344 52.0905
11296 12081 123.314
11296 14934 61.3304
11297 13937 115.492
11297 14092 48.6527
11297 14867 48.0201
11301 14513 67.5671
11302 16618 101.453
11302 16694 78.4851
11304 11931 32.59
11305 13229 52.3924
11305 13875 63.3309
11306 12440 75.0283
11307 14037 21.2359
11307 15538 54.1869
11309 12515 116.622
11309 15887 64.9603
11310 11750 44.3644
11310 12477 68.1931
11311 13259 57.3117
11311 16210 117.269
11312 12798 106.857
11313 13517 38.7608
11314 17036 34.4469
11317 12017 48.2081
11317 13345 64.4355
11318 16758 50.6258
11319 16827 62.7033
11321 11995 73.4537
11322 12043 55.138
11322 16743 15.2473
11325 12567 71.8542
11325 13197 127.04
11325 16875 70.823
11326 16719 5.78893
11327 17169 51.4935
11329 15864 68.924
11330 16952 83.099
11331 14476 22.8396
11332 14623 47.6893
11332 17084 111.811
11335 11459 82.4847
11335 17124 44.6863
11336 11664 123.357
11336 14028 106.257
11336 14212 100.768
11336 14753 111.088
11338 12207 65.6281
11338 13886 48.8606
11339 16240 61.922
11340 14880 42.3667
11340 15475 70.1331
11341 11606 43.0769
11341 11848 77.9044
11341 12560 82.0579
11341 16033 34.0578
11341 16945 44.5113
11342 12782 42.8505
11342 14629 81.3323
11342 16614 14.4081
11343 15603 46.7391
11345 12488 63.5821
11345 12700 34.8671
11346 14031 59.6056
11347 12494 41.5796
11347 16198 71.2649
11348 13061 31.7961
11348 16346 90.3248
11349 15284 69.0237
11349 17181 56.8646
11350 15240 31.049
11351 13266 50.9798
11352 16418 59.2912
11353 11867 10.1612
11353 15912 51.1862
11355 12812 47.911
11355 16119 100.417
11355 16755 52.9095
11357 11673 41.9168
11357 15120 71.4388
11357 15971 76.249
11359 14954 52.8759
11360 15555 68.1678
11361 11491 64.6225
11361 13177 38.9833
11361 16137 106.212
11364 11689 38.5886
11365 12658 75.462
11365 15350 50.8978
11365 16891 78.1931
11366 12168 89.7706
11366 15235 121.031
11367 16045 76.0642
11368 16712 60.2238
11368 16735 54.596
11369 11987 28.932
11369 15016 69.4997
11370 14166 74.055
11370 16973 63.0681
11371 12629 73.224
11372 14890 107.243
11373 16751 81.3443
11374 15006 32.7735
11375 11608 80.5139
11377 13151 64.5522
11377 14156 36.4873
11378 12686 39.7354
11378 12706 51.3031
11378 14348 41.8408
11379 15599 9.88218
11379 15771 92.3851
11381 12399 42.4409
11381 12508 10.7349
11381 16204 41.1168
11382 13152 31.4125
11384 13556 79.1273
11385 15585 87.2553
11386 13662 46.182
11386 14698 56.9419
11387 13125 78.7957
11387 14778 90.1526
11387 16758 57.904
11388 12710 90.5164
11388 13469 34.1663
11389 12660 64.332
11390 14579 100.768
11390 16427 37.3566
11391 11951 48.4927
11393 13412 99.2243
11394 11455 37.4069
11396 13999 104.596
11396 16092 13.313
11397 15043 80.8454
11398 12547 63.8661
11399 11655 140.231
11399 13579 102.518
11400 14400 80.0422
11400 16022 60.669
11401 16705 36.3104
11401 16963 50.7439
11403 14641 72.513
11404 14587 45.7902
11405 14546 28.8622
11405 17080 38.308
11406 16473 58.4007
11408 15777 32.3288
11409 11672 45.0971
11409 17044 40.1684
11410 14023 50.125
11410 14141 47.2869
11410 16608 57.4767
11411 16747 102.004
11411 16887 80.5716
11413 13323 117.834
11413 14677 103.005
11414 11947 84.4036
11415 11689 64.0035
11415 11996 25.9201
11416 14463 46.7898
11417 13240 16.2007
11418 16851 46.5732
11419 14172 72.8951
11420 16481 67.1958
11420 16791 70.7721
11421 13660 126.647
11421 14634 137.544
11423 13723 63.5869
11423 15570 103.624
11424 12290 54.31
11425 14596 30.371
11425 15749 47.8776
11426 12307 48.7483
11427 12419 84.9434
11427 15850 53.5205
11428 13423 44.5742
11428 13658 117.079
11428 13962 29.3971
11429 11756 70.5955
11429 11793 12.0671
11429 16447 92.3788
11430 16089 53.9056
11431 13169 56.472
11432 13405 74.7336
11433 16820 71.718
11434 11559 72.97
11434 11716 55.9581
11434 15752 48.0008
11435 14491 24.1259
11435 14780 56.3139
11436 14824 84.8943
11437 11899 90.9502
11438 14471 142.692
11439 11688 83.8589
11440 15525 77.492
11442 14749 68.3731
11442 15149 70.2454
11442 15248 74.9378
11443 15056 63.8148
11444 14454 30.3165
11444 16186 63.5445
11446 13603 20.9099
11446 14767 23.8472
11447 13702 28.0187
11448 14216 89.5754
11449 12057 14.6296
11450 13974 75.3845
11453 15876 27.6197
11454 15287 43.1049
11456 11534 60.0732
11456 12753 58.6534
11457 13974 69.6655
11458 11813 74.963
11458 12183 125.529
11459 12988 102.787
11459 16625 94.1641
11459 17124 53.157
11460 12685 55.315
11461 16197 56.1176
11462 12075 93.5824
11463 11556 90.4856
11463 12455 54.2901
11463 13418 42.7029
11464 15865 48.6196
11467 15984 22.1599
11469 14535 36.5403
11469 15257 37.9644
11470 15834 68.68
11470 17127 23.5631
11471 13021 61.4479
11471 16895 75.2328
11472 16927 98.5476
11473 16753 74.4806
11474 14066 71.0812
11475 15072 92.6221
11476 15251 36.5743
11477 13018 95.9616
11477 14203 93.8911
11478 14592 106.931
11479 15165 100.996
11479 15426 58.3675
11480 13519 11.4686
11481 17086 72.2404
11482 12123 40.9094
11482 13429 44.1282
11482 14209 87.0877
11483 12145 39.4748
11483 13118 14.3696
11486 11642 26.5418
11487 12114 61.5094
11487 13841 59.7292
11489 15393 24.6715
11489 16329 82.6764
11490 15459 11.518
11491 13428 37.2818
11492 13394 29.2175
11492 15195 45.8096
11493 13748 9.31475
11494 12453 58.4817
11496 11532 11.5491
11498 12376 48.3128
11498 13564 59.284
11498 16015 34.4594
11499 17170 79.9068
11500 11686 50.6755
11501 14988 69.6619
11502 11742 65.7233
11503 14332 54.4227
11504 11826 82.5123
11505 13139 52.4381
11505 15215 47.5631
11505 16889 26.1928
11506 13585 77.2679
11506 16774 58.5972
11507 16617 66.1331
11508 14451 41.2734
11510 13782 32.9098
11510 14329 57.7442
11512 14332 54.7441
11513 13351 16.4423
11516 15709 78.562
11517 11668 51.6581
11517 14233 51.7596
11517 15226 52.7141
11518 12568 92.1189
11518 15135 127.086
11519 11729 21.4205
11520 16487 69.888
11522 13873 85.9249
11523 13063 56.4958
11525 15793 30.8631
11528 16670 28.7932
11528 16733 58.1227
11529 16560 119.375
11531 13449 114.51
11531 15079 68.1266
11533 16191 61.9737
11534 13865 38.6656
11535 13873 66.3339
11537 16978 49.2747
11538 12395 66.4982
11538 14397 73.4188
11539 17089 35.2134
11540 13560 126.677
11541 13350 49.0996
11541 14574 58.16
11541 15000 20.5498
11542 11624 65.7771
11542 12099 57.1939
11543 14200 26.6943
11544 15264 43.9391
11545 16318 74.73
11546 14236 38.4441
11547 12147 61.0484
11549 14071 46.6291
11550 12002 41.1656
11550 15365 70.5752
11550 15723 60.382
11550 17118 84.5082
11551 13304 109.062
11552 12760 35.1572
11552 15377 58.6672
11553 12650 86.8756
11553 14473 44.8535
11553 17133 50.6049
11554 11957 64.8053
11554 14061 74.1775
11555 12642 97.0918
11555 15172 112.292
11555 15871 93.2171
11556 13418 29.1957
11556 14776 54.8622
11557 12414 109.146
11557 16257 84.7099
11558 12813 10.7998
11558 15219 57.5525
11558 15573 35.179
11559 11716 16.7887
11559 12040 92.0071
11559 15752 11.314
11560 14762 30.6061
11562 14222 83.0782
11562 14591 109.622
11566 13946 59.5632
11566 14681 74.6141
11567 13843 93.7413
11567 14027 96.2465
11567 15650 97.1648
11568 12004 26.9084
11568 14000 73.0787
11568 15294 113.155
11569 12979 57.4102
11570 13764 66.5703
11570 16660 55.7874
11572 13312 53.5552
11573 15529 21.9892
11573 16861 55.6403
11574 16862 82.6694
11575 16707 80.7808
11576 11596 37.0269
11576 16970 63.5215
11577 13554 50.5319
11578 15409 49.5868
11581 15931 56.0819
11582 15011 42.5885
11584 12959 70.2733
11584 14040 53.5532
11585 15264 59.1067
11588 14848 46.0719
11590 13850 130.485
11590 15621 41.6695
11591 11868 55.8531
11592 13938 45.0849
11592 14097 5.64089
11593 16094 48.2832
11595 15207 71.0584
11596 12008 63.2405
11597 15779 30.0313
11597 15930 58.7802
11598 14315 69.8727
11600 14673 81.1926
11601 12677 104.312
11601 17088 93.0218
11602 13756 31.5068
11603 13497 66.0143
11603 16857 59.2333
11604 15926 54.3098
11604 16666 72.9108
11605 11864 64.2979
11606 16033 14.7603
11607 15267 28.4264
11607 15953 146.914
11608 13553 50.1134
11608 14289 42.3194
11609 14593 28.9415
11611 15023 46.757
11612 11630 58.8134
11612 14339 68.1999
11614 12718 43.9445
11616 11628 75.561
11616 12735 46.116
11617 14405 37.3176
11617 15020 58.4735
11618 12332 55.7298
11618 13669 123.605
11619 15635 28.5841
11619 16325 58.2413
11620 12521 65.4314
11622 13173 76.4578
11623 13183 70.5087
11624 13852 70.5531
11625 17111 64.6609
11626 12101 42.6759
11626 14120 37.1405
11629 15661 21.651
11632 14806 75.4462
11632 16247 53.2162
11633 12582 72.9
11635 11768 57.881
11636 13246 69.9042
11636 14242 8.23326
11638 12932 72.5197
11638 16525 20.4463
11640 11879 44.4409
11641 14240 67.1661
11643 14974 85.8283
11643 15690 42.3369
11644 16892 123.398
11645 16285 64.9901
11646 16526 53.8069
11647 12000 77.6623
11649 14878 21.4583
11649 15652 56.1106
11650 11915 28.1424
11650 14412 37.3578
11651 13456 50.6412
11653 13733 12.1538
11654 15398 52.8523
11655 13477 123.909
11655 14401 83.2404
11656 13693 71.7936
11656 14548 87.4673
11656 15151 94.6191
11659 14455 90.3305
11660 16221 103.939
11661 14199 83.0714
11662 12919 76.9891
11663 15441 112.587
11664 14212 85.6258
11664 14753 60.0471
11665 13555 50.1785
11666 12502 32.3926
11666 12620 98.0341
11667 13455 62.8841
11667 15952 48.4824
11667 16906 72.2607
11667 16968 55.1172
11668 15226 79.9587
11669 12155 50.5891
11669 16282 67.1762
11670 12797 24.9321
11670 13862 64.8966
11671 12992 49.0629
11671 14799 65.2284
11671 16693 66.7178
11672 13952 33.3809
11672 16510 76.1708
11672 17044 63.6002
11673 15971 46.452
11673 16793 37.8205
11674 15445 94.4968
11675 16438 68.1604
11676 12567 55.3723
11677 11880 80.8704
11678 12084 105.914
11678 12595 85.8813
11678 14036 21.1908
11678 15970 64.5805
11679 12438 73.9949
11680 13882 42.9471
11680 15905 25.7985
11681 13316 84.7793
11682 14965 60.4353
11682 17099 35.3253
11683 13380 53.3744
11683 16229 24.551
11685 12461 44.4978
11688 14360 20.5695
11689 11996 70.5719
11690 13820 15.6041
11690 15636 50.0099
11691 13224 91.5047
11692 12576 57.7456
11692 13979 31.8072
11695 12096 37.4287
11695 13352 51.0543
11697 14229 14.7803
11698 14699 19.883
11699 13496 67.4738
11700 14096 87.312
11700 17111 121.223
11701 11924 43.555
11704 13219 37.7314
11705 12111 70.369
11705 13110 128.194
11705 14087 10.963
11706 15858 57.1366
11706 16470 62.9483
11707 16603 65.9003
11707 16834 87.0248
11707 16980 37.5388
11708 16128 38.1099
11708 16749 81.1077
11709 14054 52.63
11709 15994 44.9911
11710 12432 53.3836
11710 16678 24.7385
11711 11728 24.8501
11711 16622 75.3166
11712 13948 40.1128
11712 16892 150.645
11713 13171 57.8824
11714 14285 32.1609
11715 16999 49.2394
11716 15752 34.2404
11718 15067 80.1265
11719 12831 50.5788
11720 15198 89.5331
11720 17132 93.5025
11721 13812 3.38287
11721 16552 60.4542
11722 16579 52.1682
11725 15775 12.8218
11726 12622 48.554
11726 15412 128.355
11727 14380 57.0453
11727 16497 49.5417
11730 12083 43.5927
11731 14374 78.9184
11732 17157 69.9855
11733 13685 120.181
11734 12383 70.5916
11734 13275 64.1343
11735 13847 71.3249
11736 12109 79.9583
11736 13861 56.853
11737 12930 53.3356
11737 15492 88.0652
11737 16721 35.928
11739 13609 136.321
11739 14733 57.9043
11741 16479 57.7658
11743 13210 10.1181
11743 15882 132.065
11745 15085 77.6468
11746 13391 83.5575
11747 12801 53.0821
11747 17051 67.1281
11748 11976 36.7578
11748 12809 62.9369
11752 14643 60.1326
11753 15248 17.9044
11754 13869 45.6361
11755 16921 63.8141
11756 11793 66.6289
11756 15653 39.0615
11758 14601 47.4885
11758 15127 21.3579
11758 16236 61.8877
11759 15839 103.726
11760 12036 93.4334
11762 12995 107.926
11764 14522 43.786
11764 14917 54.5292
11764 15386 42.717
11765 14142 49.2186
11766 13441 38.5361
11767 13091 38.8428
11767 15855 39.1347
11770 15997 57.2302
11771 12795 81.4522
11771 13959 36.3127
11773 15026 32.896
11773 15131 84.2018
11774 15054 76.0858
11776 13573 73.3384
11776 17030 83.572
11777 15507 14.6516
11777 16073 110.937
11778 12896 36.3087
11778 13749 60.4203
11779 12735 92.0343
11779 16696 69.3499
11780 16761 71.8978
11782 16027 42.0443
11783 12152 18.3025
11783 16038 93.2915
11784 15305 25.9206
11785 12460 101.513
11785 13322 78.3577
11786 15725 65.338
11786 16395 120.948
11787 15695 44.2281
11787 15775 65.4827
11787 16499 64.5805
11788 12783 57.9327
11789 11815 88.2801
11790 11941 61.4152
11790 13573 101.723
11790 14390 45.2251
11791 14195 49.3448
11791 14524 69.2921
11791 15543 60.837
11791 15598 26.0782
11793 16447 84.3677
11796 13070 30.2355
11796 13956 11.4341
11796 16511 47.853
11796 16734 64.2756
11797 14794 33.7807
11798 14903 64.7934
11799 14489 34.7631
11799 15208 25.5977
11801 14447 41.3481
11803 14999 55.7253
11803 15553 52.0708
11804 15365 49.532
11806 13175 69.6023
11806 15034 74.5325
11807 12315 169.269
11807 15439 60.6248
11807 15989 42.9437
11808 16376 59.522
11808 16935 36.4037
11809 12412 65.724
11809 13844 59.5229
11809 16632 63.216
11810 12748 46.6717
11811 14322 29.8428
11811 15689 14.6394
11811 16042 71.862
11813 12300 42.6854
11814 15359 69.9326
11814 15622 56.8998
11817 11877 67.0048
11817 14153 52.0799
11818 17116 122.426
11819 15417 91.0124
11820 14724 131.007
11822 14104 57.2619
11823 16026 53.3781
11824 14001 20.6446
11827 16661 43.7256
11828 12826 38.5964
11828 16919 104.142
11829 14015 36.2073
11830 15858 83.4161
11830 16470 118.47
11831 17106 13.0552
11833 16532 74.871
11835 13551 20.6793
11835 14165 142.988
11836 13434 119.036
11839 15089 35.0583
11840 13950 50.6694
11841 12304 133.948
11841 16243 36.4187
11842 16841 132.544
11845 15728 48.4325
11846 13576 134.997
11848 12560 66.4517
11848 16945 39.9594
11852 14924 115.788
11854 13282 32.7293
11854 15349 61.4661
11855 13942 66.0473
11855 14009 46.1484
11855 14218 59.7454
11856 11921 50.1039
11856 13094 151.591
11856 14114 62.983
11857 15682 72.4641
11858 13087 58.4976
11860 13474 3.7927
11860 16067 40.9235
11861 14505 63.9308
11861 16010 73.0762
11861 16909 7.47323
11862 13023 73.4105
11862 13839 4.96924
11865 12153 101.16
11865 12501 94.1881
11865 16950 51.1589
11866 15030 65.8176
11866 16625 24.3623
11867 15912 62.6643
11869 14820 44.4174
11869 16350 23.7019
11870 16447 98.4057
11871 14809 81.0949
11872 15947 42.6303
11872 16532 52.8859
11873 13882 48.1498
11873 15866 45.8869
11874 14420 93.3967
11876 16170 37.4761
11876 16445 60.1534
11877 14153 53.0135
11878 12872 77.7918
11878 16070 97.0578
11882 13908 73.5954
11884 15222 116.006
11884 16221 50.1172
11885 13838 106.923
11886 14763 67.8636
11888 16025 37.3652
11888 16773 57.3713
11889 16048 62.3934
11890 13219 35.2422
11890 16763 58.2363
11891 12074 33.0248
11891 12740 28.4863
11891 15590 47.6449
11892 15531 6.10589
11892 16627 19.9103
11893 14464 92.3583
11893 14865 54.7123
11894 14542 36.6164
11895 15308 50.8875
11896 14293 7.57558
11899 16980 92.0302
11901 16458 53.4594
11902 12363 88.0747
11903 13079 21.7823
11904 13606 47.622
11905 15682 80.2416
11906 12880 58.9298
11906 13082 57.5243
11908 14439 107.307
11909 14981 50.257
11909 15178 57.9369
11909 16463 127.596
11911 13700 88.0439
11911 14668 70.8621
11913 16745 70.7216
11914 12922 48.015
11914 13491 5.94031
11915 14412 18.4314
11917 14437 67.6808
11917 15496 82.7758
11918 12237 57.7424
11918 13415 46.2208
11919 12776 111.576
11919 16683 61.1595
11920 12294 39.7139
11921 13094 78.0203
11921 16307 80.361
11922 13881 64.8805
11922 16745 51.1336
11923 15503 22.5831
11924 15411 60.5637
11927 13419 42.9818
11927 17072 42.241
11928 14554 55.6152
11928 15094 8.49851
11930 13148 89.5874
11930 15966 46.9616
11932 14627 72.7096
11933 15040 47.9034
11934 16314 57.5366
11934 16448 38.8155
11935 14634 17.4041
11936 11959 17.8782
11936 12018 45.2244
11938 14946 73.228
11938 16560 110.824
11939 12276 20.7957
11940 12786 111.065
11940 14567 26.6443
11941 13573 68.3725
11941 14390 49.9558
11942 14704 128.553
11942 15965 103.719
11942 16860 73.1986
11943 15842 62.5206
11944 13154 43.3921
11944 15909 70.6138
11944 16778 72.2951
11945 12454 24.4017
11946 13897 49.8118
11947 12865 80.2703
11947 15922 55.931
11947 17137 16.4137
11949 14255 97.2241
11950 12615 110.462
11950 14352 51.2611
11951 13785 61.5482
11952 12997 67.6519
11952 13716 76.1615
11953 12869 102.574
11954 12334 114.439
11954 13490 59.5818
11955 16795 60.9296
11956 13290 108.611
11957 14310 65.8144
11957 15096 47.4423
11959 12018 83.5994
11960 14694 84.0952
11961 16242 87.7828
11963 16809 89.5832
11964 12148 55.1277
11965 15511 20.0569
11966 13715 51.4321
11966 16619 76.0583
11967 15372 42.9225
11968 16406 53.8864
11969 13269 38.9215
11970 15863 74.88
11971 14107 64.9197
11972 15351 22.9035
11974 16783 52.5229
11975 13896 115.268
11976 13165 68.4777
11977 13267 21.3888
11978 15017 30.7963
11978 15470 63.8482
11979 17115 43.5234
11980 12703 44.4546
11980 14056 43.0827
11980 17031 25.2447
11981 14954 107.986
11982 13593 78.0994
11982 16075 46.224
11984 12772 21.0932
11985 13912 55.5648
11985 13970 40.4235
11985 15157 57.3739
11986 12784 101.638
11986 15717 63.3491
11987 15016 99.7101
11988 12230 35.7163
11988 13900 14.4146
11988 14288 63.9548
11988 15967 62.1939
11988 16971 64.3731
11989 13360 31.025
11989 16124 64.035
11990 16285 89.0798
11991 14143 10.0347
11991 14481 69.2075
11992 13099 73.6281
11993 13426 23.8989
11994 16754 36.5583
11994 16759 81.6403
11995 14337 64.886
11997 12687 53.3547
11997 13439 52.1288
11998 12229 61.8198
11998 16237 69.9121
11999 13799 50.2208
11999 16123 65.6368
11999 16736 60.0406
12001 12754 45.66
12001 15704 50.6321
12003 12555 81.159
12003 12804 73.6233
12004 15294 88.993
12005 15770 70.185
12005 16638 7.3552
12006 13672 25.6279
12009 16062 31.8915
12011 16225 21.4685
12012 17171 72.574
12013 12384 20.3415
12016 16104 42.6516
12017 13345 21.3538
12018 14130 32.7419
12019 12361 39.3349
12021 12341 41.4065
12021 14183 108.718
12022 13260 89.072
12023 12545 47.8251
12024 13665 31.5229
12024 13744 60.2742
12024 14025 29.4938
12025 12359 52.9837
12025 16769 34.547
12025 16933 58.2574
12026 14737 32.0172
12026 15939 88.624
12028 16105 129.079
12028 16990 66.4239
12029 13303 43.1133
12029 16594 54.2521
12032 15488 10.5777
12032 17084 48.9598
12033 13307 12.1484
12034 13444 97.4891
12035 12444 66.7309
12035 13487 83.4011
12038 12095 20.5741
12038 14978 18.8192
12038 16819 37.8892
12039 12041 88.7368
12040 12275 64.1706
12040 15752 121.88
12042 12531 34.2828
12042 12806 23.5938
12043 16743 77.3241
12045 12073 36.9731
12045 13592 41.6379
12046 12265 81.3258
12047 12250 77.6368
12047 12330 29.0069
12047 17026 30.8807
12049 16685 131.111
12050 12062 52.3314
12050 16011 94.1429
12054 13157 102.672
12055 12652 107.299
12055 14085 124.687
12056 12701 94.3168
12056 16816 93.4143
12058 14533 36.9478
12058 14546 74.4223
12060 16522 82.4886
12061 15708 51.3969
12062 17167 78.365
12063 12368 48.8925
12065 14828 52.6974
12066 12259 70.4634
12066 14386 25.1754
12067 13687 58.7991
12067 15314 116.76
12068 14623 60.26
12069 16862 49.5018
12070 12497 47.3994
12071 15720 41.1137
12071 16972 60.6719
12073 13592 84.2112
12074 14196 64.505
12074 15590 43.7348
12077 15626 87.8162
12078 12884 42.7982
12078 13661 22.9698
12078 16369 92.8094
12079 14671 65.4534
12079 14892 22.8475
12080 14665 21.198
12080 16739 80.4672
12081 12611 32.1978
12082 13237 66.8924
12082 14977 66.247
12082 16223 38.2069
12084 14036 94.3157
12086 14586 48.0856
12087 16018 59.6579
12088 13263 40.4312
12089 14539 40.9519
12089 17182 68.5587
12090 16459 81.5828
12091 14308 78.6673
12091 16131 30.1825
12092 14296 79.0091
12093 12728 47.438
12094 12414 75.2234
12094 16398 21.2331
12095 14978 29.2917
12095 16819 38.7246
12097 12410 96.3416
12099 16181 101.215
12100 13238 73.7872
12100 13790 10.2016
12101 14120 81.5091
12102 16016 10.5173
12104 13141 13.8867
12105 16446 54.0557
12107 12888 44.601
12107 13362 46.7903
12108 14224 83.5049
12109 13164 102.313
12109 13861 59.3257
12110 15907 66.5021
12111 13110 61.2486
12111 14087 49.0999
12114 13841 23.5928
12115 16014 49.214
12116 13073 67.7295
12118 14626 46.8873
12119 12516 37.7502
12120 16838 60.1133
12121 13876 74.8649
12121 16145 148.646
12122 13938 80.6053
12123 13429 45.8465
12124 13050 92.3296
12124 14862 60.0763
12125 12905 47.6285
12125 14226 92.2675
12126 15070 90.2275
12127 15570 84.5421
12129 16160 20.952
12130 13223 63.4048
12130 15843 30.554
12130 16585 24.0041
12131 15801 47.7172
12131 16051 56.5585
12133 14119 28.2704
12135 14874 42.9201
12135 15903 60.0583
12138 12570 68.4604
12138 15255 60.3803
12138 15299 88.2976
12139 13636 64.5614
12139 14970 102.005
12139 15974 24.9636
12140 13407 62.6505
12140 13670 31.1987
12140 14340 23.8155
12141 12427 42.4787
12141 12910 119.648
12142 13131 112.08
12143 12808 44.0305
12143 15261 41.0191
12144 13299 58.3593
12144 13878 98.2514
12145 13118 39.4985
12146 13971 77.0007
12147 13617 52.101
12148 15065 25.4485
12149 13765 50.3187
12149 14583 53.287
12149 15850 82.8971
12149 16455 19.6606
12150 15804 57.9799
12151 12718 33.2571
12151 13871 71.3344
12152 14610 138.425
12152 16038 91.4824
12154 14853 50.327
12155 16282 108.231
12155 16999 65.0872
12157 13461 83.1456
12158 14402 44.4042
12160 13205 39.5448
12160 13269 31.7811
12163 15480 93.3262
12164 14974 104.006
12164 15690 88.1278
12165 13549 35.6977
12165 16445 18.1539
12166 16567 40.1055
12169 13743 49.44
12170 12789 72.7416
12171 13001 69.7334
12171 14931 41.1187
12171 15711 61.9069
12172 13967 50.3565
12172 16088 77.5036
12174 16600 62.33
12175 12609 113.072
12176 13542 71.7712
12176 14783 78.0617
12177 12438 62.7818
12180 14399 31.0632
12181 16773 114.863
12182 15722 31.649
12182 16320 39.7465
12184 16441 63.0565
12184 17097 117.23
12185 12738 65.9234
12186 12591 27.1678
12187 15780 33.6787
12188 13670 30.5658
12188 14340 36.9497
12188 14908 48.9061
12191 12219 44.4305
12191 16165 76.8954
12193 12823 75.3546
12195 13827 88.7934
12197 13127 51.7039
12197 14854 55.2695
12198 12409 38.3407
12199 13770 66.6702
12199 16576 45.9694
12200 14192 103.155
12201 12571 95.8989
12201 16268 89.9473
12202 15214 116.957
12205 16768 59.1935
12206 14836 32.385
12206 17064 74.6807
12208 14647 38.2034
12208 15864 13.9477
12209 13985 56.3296
12210 12887 91.6966
12210 16578 61.8729
12211 15062 50.9744
12211 16738 27.7668
12212 13425 14.3246
12213 15049 69.0247
12214 15681 67.0152
12215 12486 49.5974
12215 12605 20.1673
12217 13333 113.881
12217 15148 64.9801
12217 17092 83.4719
12219 16135 37.8512
12220 13102 141.318
12223 12342 45.2439
12224 14168 30.429
12226 13493 20.2987
12227 13836 55.6736
12230 13900 46.3782
12230 15967 25.1955
12230 16971 37.4116
12237 14843 44.4087
12238 12289 17.5091
12238 15196 7.03499
12238 16164 12.8869
12239 12297 76.2347
12240 16023 52.6678
12241 14308 54.2936
12241 15795 61.2781
12241 16131 48.0206
12242 13120 59.2399
12242 14980 24.2736
12242 16030 54.2114
12243 15107 21.5065
12243 15467 33.7028
12244 12916 28.7805
12244 13326 58.1234
12246 16850 75.0811
12247 12627 23.5916
12250 12330 80.9632
12252 16381 56.5331
12252 17078 16.2739
12253 14522 35.6023
12253 15156 50.3617
12254 13195 85.3513
12257 14108 57.4186
12259 13298 85.7884
12259 13661 53.7469
12262 13651 46.8682
12263 15104 76.0851
12263 16427 36.8916
12264 12904 74.223
12264 14726 57.5251
12265 12736 75.8474
12265 16994 53.5064
12266 14359 19.536
12267 14383 96.2549
12269 14439 60.5856
12270 13150 43.1133
12272 16456 57.3637
12273 14849 84.4882
12274 16429 96.6858
12277 15296 38.3254
12279 15155 34.6417
12280 15111 122.79
12281 15509 99.0566
12284 14407 64.9962
12284 15563 38.4666
12285 14191 78.5935
12286 16418 70.4492
12286 16505 72.9725
12287 17166 61.2135
12289 15196 18.83
12289 16164 32.4184
12290 16097 32.8258
12291 14889 59.8064
12291 15204 89.524
12291 17120 63.9022
12293 12437 48.3072
12293 13485 52.8733
12293 14504 105.836
12293 15883 78.5519
12294 17152 58.8727
12296 14341 88.9564
12296 15832 102.926
12297 14243 51.1408
12298 13452 22.2672
12298 15192 8.36224
12299 13699 81.4326
12302 14188 37.872
12304 16243 95.4202
12306 13933 39.5819
12306 17145 20.1728
12308 15441 82.5124
12309 15355 81.6806
12310 12940 55.0339
12312 13852 81.6084
12313 13343 74.2739
12314 13199 81.5972
12318 15321 48.1149
12321 14746 46.4959
12323 15889 85.1429
12324 13964 47.0737
12324 15302 87.2492
12325 15928 85.662
12326 14462 40.607
12326 14734 41.7689
12328 15169 49.8862
12330 17026 67.3806
12332 16643 73.5037
12335 14219 34.0261
12336 14563 37.5231
12337 14226 54.806
12337 15119 27.3422
12337 16602 35.5202
12340 13115 35.7306
12340 16190 51.6909
12341 14183 59.1225
12342 15110 50.7268
12343 12925 49.3794
12343 14035 68.5952
12343 16301 22.2555
12345 13620 24.3439
12346 17100 104.56
12348 14814 77.9504
12350 16459 53.6117
12351 13744 53.8885
12352 13341 37.9189
12353 13198 28.738
12353 14736 32.4257
12354 14683 55.3077
12355 12864 44.4373
12356 15073 11.304
12356 16450 54.9221
12357 13454 74.1371
12358 14196 66.114
12358 16881 90.6709
12360 15763 22.7267
12360 15920 41.5001
12363 16300 137.755
12364 15667 38.231
12366 13354 44.5757
12366 17082 70.846
12367 15808 58.4521
12369 13552 110.094
12370 14318 62.9464
12371 12730 81.6239
12371 13077 63.3761
12372 16305 33.2992
12374 12879 34.6974
12375 14774 119.649
12375 15273 77.0572
12376 13564 100.568
12376 16015 80.4329
12377 15908 27.5775
12380 12543 93.2657
12381 15983 93.2681
12382 12540 22.7123
12382 15680 28.3351
12385 12857 50.565
12385 15039 98.2274
12385 17087 12.8933
12386 15535 32.4673
12387 16752 35.0086
12388 13667 62.0883
12389 13780 44.2777
12390 15774 42.1858
12391 12483 79.9306
12393 13488 25.9598
12393 15295 89.6484
12394 15047 69.2867
12394 16681 53.5796
12395 12601 10.6091
12395 15523 42.6752
12396 14301 40.4877
12398 12465 49.7359
12398 16185 63.6551
12399 12508 34.6849
12399 12761 60.1973
12399 14899 93.4114
12400 12563 23.6749
12400 15191 73.5263
12401 15707 100.1
12402 16451 69.6326
12403 13556 41.0358
12404 16295 51.2645
12404 16869 82.1071
12405 16631 93.1904
12406 14421 56.9082
12407 12461 116.729
12408 17131 80.2787
12412 16989 17.9643
12414 16398 81.7116
12415 13374 53.7819
12415 16461 61.5115
12416 12768 63.6966
12416 14131 29.1458
12417 14328 65.8761
12417 16103 45.6881
12418 12948 20.8439
12419 12546 56.6355
12419 16512 41.2511
12420 15924 32.9008
12420 16592 67.9377
12421 16756 64.5045
12422 12538 28.4164
12422 13737 94.4954
12422 15608 58.6655
12423 14045 67.9596
12424 14365 77.8629
12427 12910 59.7668
12431 14105 36.5516
12432 16678 38.6678
12433 16576 55.4955
12434 16230 101.818
12435 12484 91.4403
12435 12490 23.065
12435 14552 40.5066
12435 16942 88.4941
12436 13857 75.475
12436 15991 33.0137
12437 13485 42.1624
12437 14504 47.1615
12441 15193 75.5227
12442 13233 101.237
12443 14669 56.1637
12445 14432 37.9614
12445 16611 66.5502
12446 17173 84.319
12448 13259 49.0064
12450 12727 47.781
12452 16797 54.3371
12453 13291 39.0121
12455 15031 40.7267
12456 15937 65.8455
12456 16563 40.2258
12458 14496 32.8296
12458 17030 47.8228
12462 13450 34.084
12463 16635 45.7693
12464 13561 50.8364
12465 16185 20.6787
12466 13903 40.7864
12468 14193 32.6547
12469 12862 63.1871
12470 17066 30.8304
12471 15177 40.5737
12472 14266 50.2739
12473 12679 84.761
12474 12557 59.1655
12475 15890 53.0344
12477 14768 89.5584
12478 12592 52.3885
12478 13862 36.7591
12478 15867 56.8523
12479 15653 96.4355
12480 14384 70.8726
12480 15538 29.1484
12481 15688 47.4768
12481 16044 140.638
12483 13848 8.00568
12485 16313 47.0409
12486 12605 31.9949
12486 15655 88.4588
12487 13874 56.2379
12487 14700 82.8166
12489 15904 13.5464
12489 16986 37.4148
12490 14351 42.9334
12491 15728 117.353
12492 13217 94.5041
12492 17175 78.6298
12493 12983 53.1508
12493 14443 106.459
12495 16200 64.7787
12495 16715 49.0238
12497 16483 85.0074
12499 15392 14.032
12499 15730 68.9453
12499 16533 33.1238
12501 16950 70.52
12502 12620 63.3398
12503 14582 66.8055
12503 15124 6.56502
12504 12578 27.8253
12505 15378 67.6744
12506 17117 34.4526
12507 16698 75.2963
12508 12761 75.8437
12508 16204 59.0437
12510 14132 146.615
12510 15417 81.4769
12512 12600 37.8307
12514 15042 99.9382
12515 14024 62.4499
12515 14941 44.4624
12516 16127 53.7482
12517 12985 55.827
12517 15254 49.2405
12519 12866 89.321
12519 13154 51.6551
12520 15300 62.9065
12523 14754 82.8252
12524 14617 21.2441
12524 15348 28.0799
12525 16711 102.033
12525 16983 59.2466
12526 14795 102.109
12527 14145 64.2523
12528 13786 75.3915
12528 16682 19.6071
12529 14281 97.7569
12530 16306 54.9833
12534 12853 117.639
12534 15648 23.2191
12535 14650 31.6062
12535 14844 52.869
12535 16818 44.7272
12536 16139 76.1404
12536 16500 78.5197
12537 15296 43.2465
12538 13737 88.0592
12540 15680 73.5541
12541 13692 35.7746
12542 12551 68.1094
12543 13509 27.0559
12543 15003 87.4894
12546 13186 38.3373
12546 15958 53.4316
12546 16512 80.1407
12547 16090 46.2645
12549 13214 26.8756
12551 14379 21.2402
12552 15665 126.863
12553 15469 102.672
12554 16393 25.6531
12555 16266 62.5215
12556 13386 48.7693
12559 13142 80.0803
12559 13514 124.409
12562 14661 116.422
12564 14913 58.2892
12564 16550 56.5426
12565 12915 37.6948
12565 15237 38.9945
12566 16689 128.886
12567 16875 41.9408
12571 16268 28.7763
12573 15013 102.555
12573 15631 125.323
12573 15706 81.4842
12574 15050 50.6996
12576 14866 51.9155
12577 12722 24.9677
12579 15980 46.8121
12581 12967 50.4986
12583 14585 53.2846
12584 15788 43.7685
12586 15034 140.068
12586 15453 44.7385
12587 15275 35.9169
12588 14589 57.0756
12590 14538 39.4765
12591 14264 101.993
12592 13862 43.2502
12593 15171 48.3126
12593 16882 57.4041
12595 14036 81.3985
12595 15970 61.0366
12597 13137 13.7436
12598 13146 13.0808
12598 13947 58.4145
12598 15773 28.5754
12599 12972 67.029
12601 15523 38.3219
12602 12893 62.9333
12602 15189 79.9447
12603 13916 114.104
12603 16609 168.644
12606 14896 107.512
12606 15671 37.5554
12607 12885 55.0648
12607 13907 63.9425
12607 14070 51.1452
12607 16520 50.0983
12608 15430 133.534
12610 13514 74.2742
12610 14722 8.0903
12610 14805 46.9417
12613 13463 86.1843
12614 13292 40.7114
12614 13825 54.1216
12615 15897 74.9099
12616 16009 106.447
12616 16197 104.573
12619 13851 36.6556
12620 14973 69.8556
12620 17148 28.4405
12621 13344 100.55
12621 13766 49.8882
12621 14707 27.846
12622 16167 18.7738
12623 16610 53.7632
12623 16624 69.7571
12625 14307 102.788
12628 15802 23.7979
12630 13108 49.3183
12631 15337 60.847
12632 16744 87.6209
12634 13988 79.5984
12634 14221 23.2806
12634 15187 68.1146
12639 15282 95.5837
12641 16639 68.6115
12642 15172 50.3549
12642 15871 39.0221
12643 13994 95.891
12643 16280 46.5659
12644 13840 90.9451
12644 14925 72.7351
12645 16098 54.9368
12647 15697 44.8024
12649 13104 53.2119
12649 14154 72.2694
12651 12713 90.3753
12654 12803 40.494
12654 16121 40.8665
12655 13453 44.8637
12655 15982 73.4638
12656 13734 121.329
12657 14883 44.4895
12657 16824 63.6121
12658 15791 64.3428
12658 16891 51.0546
12660 16642 55.6464
12661 12762 92.2584
12662 14844 63.6724
12663 13746 27.1515
12663 14982 28.4487
12665 16507 50.6881
12666 14472 16.4451
12666 16391 36.0103
12668 13610 23.8867
12669 13165 41.0696
12670 14456 79.3565
12672 14493 51.2726
12673 15582 39.3183
12674 13729 66.3418
12675 16776 14.891
12677 14808 82.6729
12679 15042 64.7087
12680 14431 42.0682
12680 16340 32.5509
12680 16405 90.6985
12681 15348 85.7015
12682 14301 121.099
12684 13868 71.7386
12684 13887 61.5209
12684 14960 77.1318
12684 15152 51.7225
12686 12706 63.3939
12686 14348 16.9178
12686 16302 40.3756
12691 13038 41.4466
12692 12830 72.0459
12692 13155 124.008
12692 14395 77.1562
12693 14861 58.9566
12694 16424 53.4443
12695 16151 89.9382
12697 15651 44.0419
12697 16621 34.1733
12698 13041 39.4785
12701 13464 28.0784
12701 14070 36.333
12702 13221 46.0665
12703 13961 31.3863
12703 14056 35.6323
12703 17031 86.3555
12705 15770 75.5948
12705 16212 105.528
12708 14990 61.9655
12708 16152 64.746
12709 13581 47.7342
12711 15637 82.3357
12711 17163 88.6277
12712 13971 73.6055
12712 15345 52.4629
12714 15137 54.6952
12715 13798 48.4005
12715 15617 37.4492
12716 16839 51.9861
12720 14785 64.888
12721 13223 68.3892
12721 16955 63.9312
12724 13890 39.1792
12724 14312 53.8203
12725 14453 37.6467
12726 15662 69.7352
12727 13499 22.9729
12729 13999 68.0573
12730 13968 67.5974
12731 13143 72.0391
12732 14728 28.5406
12733 12889 17.5885
12733 14987 82.5439
12736 16994 31.5825
12738 15786 56.0777
12740 15590 72.8913
12741 17176 60.6346
12742 15387 26.9323
12742 17156 66.6718
12744 12871 69.5828
12744 16397 129.79
12746 16042 90.9831
12747 14879 89.267
12747 15032 44.5385
12747 15705 33.4795
12749 15739 24.5925
12750 14184 47.8189
12751 17003 19.7878
12753 13863 34.7414
12754 15031 58.2162
12755 13495 57.4769
12755 16956 55.9998
12756 15230 51.6069
12757 13319 111.107
12758 15260 82.6643
12762 13056 25.1301
12762 16364 38.5793
12763 14558 75.2997
12763 15400 55.4609
12764 13009 53.215
12764 13975 87.9663
12765 13302 21.668
12765 17155 86.7646
12766 15988 99.5791
12766 16177 46.5385
12767 15198 83.942
12768 14131 36.835
12769 14902 77.4548
12770 13074 34.5665
12770 15764 37.817
12771 13172 80.8146
12771 16808 63.574
12773 14282 41.4649
12774 13788 51.3882
12774 15440 74.4245
12775 14403 37.9081
12776 16388 80.2884
12777 12982 83.8079
12778 13181 73.6076
12779 16995 55.5433
12780 13644 22.5061
12780 15866 45.0013
12781 14580 20.5867
12781 16375 74.5434
12782 14629 65.2659
12782 15329 94.6898
12782 16614 75.8889
12783 17045 125.704
12784 15328 95.9986
12785 16947 79.2552
12786 14567 100.613
12788 16289 57.8285
12789 15718 58.0816
12791 13414 65.8601
12791 14807 52.9172
12792 13364 41.199
12793 16644 34.4838
12794 16596 6.52562
12795 13959 42.3511
12796 13882 104.627
12799 14467 18.4558
12800 16109 22.7211
12801 12938 73.2967
12801 13915 33.5396
12801 14547 65.4539
12802 15422 30.262
12803 16121 77.8298
12805 12952 36.7995
12805 14190 79.1453
12806 15937 81.1555
12808 15261 63.5747
12809 15477 46.9427
12810 14940 113.155
12810 15639 81.5767
12810 16700 61.3068
12811 15948 101.319
12812 13498 64.0897
12812 16755 62.673
12813 15219 45.5359
12813 15573 53.0044
12814 13966 24.47
12814 14299 90.692
12814 14779 24.0553
12815 15438 48.956
12816 14132 37.6141
12816 17018 37.2933
12817 14584 68.8491
12818 14216 60.0811
12818 14489 72.2543
12820 13068 40.4995
12820 16208 73.8171
12822 15117 57.5934
12823 13981 96.3344
12823 14812 36.3766
12824 14149 49.2332
12826 16919 42.4427
12827 12980 59.2263
12827 14078 45.3139
12828 13211 39.0669
12829 12900 140.588
12829 14893 26.7962
12830 14395 36.0103
12830 16074 55.8056
12831 14516 67.2207
12832 15494 64.1897
12832 16547 34.3631
12834 13233 88.1329
12837 14437 61.8756
12837 15496 52.6988
12838 16864 50.62
12839 14446 132.135
12840 15652 52.6825
12842 15303 14.6741
12843 13271 65.5526
12844 13355 45.8362
12844 15067 54.258
12844 17122 78.7733
12845 15641 95.2736
12847 14249 59.3929
12849 15109 48.9838
12850 13897 52.8472
12852 14712 63.3245
12853 14051 90.2487
12856 13107 49.2493
12856 16062 68.6622
12857 17087 82.5597
12858 15558 64.4906
12858 16616 9.74852
12858 16652 111.551
12859 16938 25.2386
12861 14189 88.6802
12863 14420 93.3703
12863 14426 92.1164
12864 17174 31.2844
12865 15922 54.1659
12865 16656 77.8661
12865 17137 78.7613
12866 15661 143.892
12868 14371 31.204
12873 14311 126.717
12873 15732 79.117
12874 16330 111.692
12874 16428 68.1262
12875 15416 38.3547
12876 16388 50.2314
12876 16771 51.7436
12877 14560 104.71
12881 13547 74.255
12882 13458 26.3095
12884 13661 25.3704
12884 15808 53.5433
12884 16369 98.3592
12885 13907 20.5542
12885 16520 40.6677
12888 13362 90.8964
12889 15242 65.4831
12893 14950 64.6843
12893 15189 51.2929
12896 13101 29.0769
12896 15025 75.9276
12897 15485 67.6132
12899 13245 118.64
12901 15234 117.948
12902 14177 78.3865
12902 14519 70.1892
12902 14651 64.851
12903 14975 69.6803
12903 15493 74.0633
12904 17147 49.8829
12905 16807 46.2438
12907 13242 79.3681
12909 16551 116.026
12911 14079 43.7189
12911 14099 57.4945
12911 14963 45.5868
12912 15444 85.4553
12913 13842 99.8538
12914 14918 51.4602
12916 13326 20.1616
12917 14031 35.1021
12918 15166 37.6589
12920 16172 57.93
12921 13824 48.0089
12922 13491 54.462
12923 14370 69.7868
12924 15063 80.0687
12924 15376 30.7469
12925 13447 9.27455
12925 16789 33.1707
12926 17067 94.6408
12927 16331 46.3902
12928 14080 32.8372
12928 16195 52.739
12929 14304 80.5069
12929 15678 46.9225
12930 16721 55.3318
12933 16321 8.87422
12935 13634 58.1083
12935 15028 42.9932
12937 15841 87.3986
12937 16553 62.9285
12938 13915 47.6969
12938 14547 34.4985
12939 14881 173.43
12942 15388 40.8014
12943 15336 38.6495
12944 14598 80.6065
12945 14135 12.474
12946 13685 50.5
12947 14604 53.2349
12950 16588 38.8142
12951 13244 56.7866
12951 14619 57.3875
12951 16960 40.6901
12952 14190 57.6626
12954 13683 104.725
12954 15544 35.6366
12955 13417 54.9495
12955 17023 73.7305
12956 14971 105.487
12957 14864 21.5439
12958 15015 16.2071
12959 16303 64.1147
12960 15746 28.018
12961 14762 35.7423
12962 17024 52.0811
12963 15489 22.9054
12965 14517 107.686
12967 13166 95.6448
12967 13457 67.9306
12968 16607 47.9568
12971 14912 102.606
12971 16193 53.0992
12972 14570 126.745
12973 15574 66.0599
12974 15876 25.2085
12976 15510 11.2238
12977 14436 41.1939
12978 13286 65.3712
12981 13807 66.5054
12981 13809 26.9142
12981 13982 62.1496
12984 15999 44.5492
12985 15254 89.7419
12985 16759 60.9774
12986 17061 32.3285
12988 14272 117.919
12988 17124 59.1382
12989 16067 58.2474
12990 16412 70.4643
12991 16305 91.247
12992 13466 70.4289
12993 14708 60.6291
12993 17164 139.827
12994 14292 42.1219
12995 15343 125.673
12995 15779 68.048
12996 13742 33.2147
12996 17047 27.8891
12998 13817 47.6333
13001 13686 38.3732
13001 14931 67.5476
13002 15053 42.961
13002 15429 56.7249
13003 13134 60.0045
13004 15252 15.1453
13005 16141 36.1382
13005 16374 40.8207
13007 15832 104
13007 15973 120.117
13007 16119 73.9661
13008 14942 95.1485
13008 17034 84.776
13009 13975 26.4608
13010 13880 10.8401
13010 15668 59.0602
13010 16948 47.8094
13012 14609 26.8854
13012 15412 84.2461
13013 14370 67.2451
13014 14082 54.0468
13015 13913 23.2945
13015 14137 86.2755
13016 15921 8.04088
13017 13304 113.142
13018 14801 24.3851
13019 13904 62.8234
13019 14757 58.1797
13019 16865 64.1437
13020 15799 71.3229
13021 16895 36.3863
13022 13679 85.8125
13022 14688 101.74
13022 15813 94.1219
13022 15976 27.9223
13025 15500 170.063
13025 15513 139.603
13026 15698 132.468
13027 16874 24.4319
13028 14758 99.0723
13029 13252 12.924
13029 15951 39.5318
13031 15385 18.4553
13032 14171 69.8252
13033 14003 51.0458
13034 16524 70.8009
13039 16479 75.0982
13041 15063 89.0971
13041 16516 59.6481
13042 13520 91.1401
13042 13539 90.4013
13043 16687 79.6022
13046 16917 41.1437
13047 13936 73.9519
13048 13398 72.0599
13052 14541 59.9678
13053 16170 29.959
13056 15533 31.1093
13056 16364 30.2353
13057 16157 79.9948
13059 13548 69.5946
13059 14088 31.7975
13060 13527 30.2411
13060 15641 94.536
13061 16346 135.161
13062 13914 23.9981
13064 16174 90.6344
13065 13470 85.1769
13067 15507 83.1872
13068 16208 52.548
13070 13956 52.3434
13070 16734 31.088
13072 13356 48.1169
13072 13732 38.2316
13074 15764 61.2087
13076 13840 110.035
13078 13215 64.6946
13081 15138 69.2208
13081 17131 62.6986
13084 13642 31.6505
13084 14297 90.8508
13084 14856 94.5312
13085 14358 74.9523
13086 15456 54.6173
13088 17165 53.5856
13091 14534 85.1921
13091 15855 39.3785
13092 13991 52.901
13093 15035 118.009
13095 15101 122.412
13095 16562 37.4808
13095 16710 79.2948
13096 14210 12.7968
13096 14968 37.8917
13097 14694 65.8008
13101 15025 45.3818
13103 15203 46.1022
13104 13644 58.3321
13105 14044 68.9825
13105 14715 41.6191
13107 16062 72.8993
13109 15449 40.3482
13110 15719 81.4962
13111 13526 65.8958
13112 13717 58.3159
13112 16161 86.033
13113 14030 138.785
13114 16658 35.4283
13116 15978 28.2087
13116 16518 58.9668
13117 14858 28.4537
13117 16203 11.1872
13119 14490 32.6074
13120 14980 32.3648
13121 13212 85.1894
13121 14082 72.9839
13125 16758 29.0337
13126 16165 65.3585
13129 15594 49.0299
13129 16905 58.4926
13130 13448 69.1002
13130 15946 66.7535
13131 16257 38.8675
13133 16020 86.0217
13135 14149 33.7482
13136 15413 82.6592
13136 16330 30.8699
13138 13476 60.475
13138 14147 78.9998
13139 16889 22.0459
13141 16249 61.0514
13142 16335 19.7162
13144 15971 57.7705
13144 16793 55.7331
13145 16057 69.5458
13145 16723 88.4815
13146 15773 38.6502
13147 14240 89.5457
13147 14757 52.0262
13149 13529 18.8107
13149 14900 49.7359
13151 13792 76.6955
13151 14156 17.5213
13152 16535 141.628
13156 14638 101.334
13156 14702 33.3652
13157 14049 44.7709
13159 15781 54.2807
13161 14442 58.9116
13162 15592 15.2341
13163 14798 56.0432
13163 16864 19.6068
13166 15613 43.5108
13167 14575 55.243
13167 16965 47.4788
13170 14118 32.8955
13171 13490 79.4446
13171 16108 75.9859
13172 14831 63.5232
13172 16901 34.3825
13175 16113 46.3132
13177 16137 66.6363
13179 16529 29.1588
13180 14313 81.6621
13180 14919 98.8017
13182 15135 72.4111
13184 16954 95.9735
13187 13459 32.6746
13187 14060 69.4178
13187 15526 23.184
13188 14227 49.4928
13188 15798 37.1443
13189 14033 46.3575
13190 14014 84.9104
13190 14719 92.8809
13192 15177 47.9338
13192 16622 51.5131
13193 16077 92.5317
13194 14864 72.8189
13194 15839 33.8957
13198 14736 17.6923
13199 16559 82.0161
13200 13781 97.848
13201 16598 84.5455
13202 15311 57.4314
13203 15335 78.2702
13204 16278 76.5961
13206 15364 64.0193
13206 16359 66.5171
13207 14875 37.5379
13208 15443 22.8625
13209 14781 107.102
13211 15075 49.7843
13211 16420 49.3951
13212 15792 52.3418
13213 15120 113.991
13217 17175 51.2537
13218 15684 42.4554
13222 14275 13.5346
13223 15843 83.28
13224 14084 52.1927
13224 14134 60.0043
13227 13594 81.0432
13227 14253 66.2368
13228 15895 56.1486
13229 13875 17.9077
13231 14255 118.38
13232 14247 53.1835
13232 14788 41.2464
13235 14095 46.5694
13236 16394 99.1246
13237 16223 44.4138
13238 13790 66.4593
13241 13462 47.8136
13241 15969 113.741
13244 14619 8.89563
13244 16960 87.8833
13245 15367 76.7994
13246 14242 58.587
13246 15430 117.078
13248 14169 47.6168
13248 15330 41.9455
13249 15665 90.9704
13252 15951 16.1716
13253 16037 43.7639
13255 13292 67.916
13255 14013 47.7096
13256 15754 62.3678
13257 14633 36.9573
13257 15144 36.4963
13258 14222 96.4643
13258 14591 89.9561
13259 16210 92.4687
13261 14835 101.285
13262 14363 86.5144
13264 15116 5.02827
13265 13371 28.5557
13265 16126 19.9612
13265 16265 16.6208
13271 13532 96.2019
13272 16660 84.2641
13273 14922 76.9223
13274 13593 52.7392
13274 16075 55.3436
13275 15199 58.6834
13276 14288 56.7802
13277 13467 32.7685
13277 15390 89.971
13278 16133 50.4144
13278 16407 5.27259
13280 17144 51.5857
13281 16099 48.8962
13282 15349 23.2767
13285 14303 37.049
13286 16523 90.8496
13287 13944 17.9183
13287 14100 19.5413
13289 14282 68.5776
13289 16928 66.9413
13290 16254 48.732
13292 13857 49.9622
13295 14145 80.9247
13295 16304 97.9482
13296 14666 53.7689
13296 15875 74.7223
13297 15166 42.6725
13297 16664 30.7302
13298 14386 47.8134
13299 13878 61.4932
13299 16883 47.5131
13301 15093 58.2713
13305 14857 25.5558
13308 16979 61.0873
13309 15112 38.8443
13311 15064 62.4046
13311 16605 24.8724
13313 14748 72.2942
13314 15605 56.7038
13315 13401 68.239
13318 15814 71.7583
13319 16411 57.7623
13321 13523 47.1709
13322 14531 110.253
13325 16944 51.7903
13327 15499 68.3313
13328 14943 74.1493
13335 15983 99.1299
13336 13730 90.7922
13337 13339 15.1388
13337 16474 66.9263
13338 13616 102.437
13338 16491 63.7002
13339 16474 82.3342
13340 14318 97.281
13340 15008 48.7356
13341 14417 60.5492
13342 15851 30.884
13342 16451 109.585
13344 14707 60.214
13344 16958 43.9552
13347 14126 88.9089
13348 14029 61.7494
13348 16543 100.163
13350 15000 29.3086
13350 16646 133.86
13352 13417 62.2705
13352 13916 69.0497
13354 17082 73.2576
13355 17122 41.9753
13356 13732 22.6271
13357 13597 53.1774
13357 13639 44.8673
13357 16805 67.9448
13357 17162 89.0187
13358 15537 30.7537
13360 14744 31.5195
13361 15126 41.1769
13363 15233 92.7597
13365 14472 97.7426
13365 15425 47.646
13367 13722 10.592
13367 15020 45.9389
13367 15560 56.5046
13369 14371 62.2381
13371 14758 53.2411
13371 16265 37.2773
13372 16968 98.296
13373 13377 67.2249
13374 13780 28.3006
13378 15927 49.3903
13380 14236 73.9644
13380 16229 65.5054
13381 13899 78.2118
13381 14232 88.6878
13381 14712 40.7832
13382 14582 47.4525
13382 15918 73.7762
13382 16416 9.80013
13385 13780 25.8274
13388 14102 33.1426
13388 17105 127.317
13389 15019 32.5943
13389 16270 21.0287
13390 13987 105.9
13390 14589 92.2698
13391 16215 54.9311
13392 14901 137.469
13393 16947 74.1605
13394 16872 41.5856
13396 13826 67.0431
13396 16761 80.3471
13397 13411 95.5869
13397 14117 23.6216
13399 14441 43.5897
13399 14588 27.7172
13401 15533 43.5265
13401 16364 42.6407
13403 15640 20.6325
13404 13503 122.091
13404 15312 54.2146
13405 14415 89.5538
13406 15957 119.073
13407 14340 63.7227
13408 13640 40.695
13408 16508 53.4562
13412 14103 88.1891
13414 15279 51.2501
13415 16930 81.8981
13418 14776 57.9014
13424 15145 3.09254
13424 16368 19.8447
13427 14760 17.4312
13427 16637 11.3496
13430 13561 25.4617
13431 13786 82.4172
13432 14740 107.564
13432 15516 100.584
13432 16114 55.317
13433 13895 81.6394
13434 16894 83.773
13436 16523 68.3103
13437 15402 118.862
13437 15673 41.7551
13442 15153 46.2106
13443 14098 22.9713
13444 14478 15.151
13444 15776 25.206
13447 15357 99.3021
13447 16232 68.1834
13447 16789 43.8977
13448 15946 55.0703
13449 15079 62.2803
13451 14330 13.7418
13451 14527 17.7814
13452 15192 27.7138
13452 17085 44.5263
13455 15952 62.5402
13459 15526 91.6627
13460 14382 97.0739
13461 13960 105.743
13461 16437 111.457
13461 16732 95.4173
13464 14070 66.5918
13465 14797 24.6038
13465 16134 106.88
13466 14799 115.776
13467 15390 87.9952
13468 16545 61.1831
13471 14065 26.8878
13473 16668 18.0759
13474 16067 52.9966
13475 14962 66.9121
13477 14401 51.4688
13478 15637 49.8655
13483 14411 98.3471
13483 16993 21.3588
13485 14504 54.5833
13488 14166 84.7592
13489 16383 71.0624
13490 16108 62.5478
13495 13705 86.1081
13495 16956 66.8983
13498 16755 35.6332
13501 16000 80.0112
13503 16929 62.7594
13505 13772 27.062
13505 17017 63.8494
13508 15101 61.2682
13508 16365 50.0807
13508 16562 42.6593
13508 16710 87.4945
13510 16059 75.0327
13510 16908 114.481
13511 14369 78.0384
13512 13588 72.993
13513 15672 37.3926
13515 15751 50.1428
13518 15677 92.0117
13521 14508 51.9387
13521 16400 129.417
13522 17149 56.6793
13524 13883 38.9377
13525 14466 87.4322
13526 15861 69.8376
13528 16260 65.8711
13529 14900 76.8886
13531 14313 36.1613
13533 14078 107.874
13534 13810 62.5829
13536 14306 57.1475
13537 16207 56.4169
13537 17014 78.8038
13541 14167 76.3074
13542 14783 9.19342
13543 14069 116.925
13543 14706 54.8485
13545 14274 37.6291
13546 15445 60.0669
13547 13568 21.9841
13550 16496 82.761
13551 14165 88.6794
13553 14289 30.2478
13554 15870 34.4512
13555 15291 87.734
13562 14718 45.0582
13563 16139 72.7715
13563 17001 77.974
13564 16015 90.7948
13564 16339 53.0907
13565 13789 83.4463
13566 13796 36.1488
13566 16917 122.116
13567 14244 94.6267
13567 14860 34.1975
13569 14368 62.7035
13569 16817 29.6942
13570 16731 109.324
13571 16408 39.2875
13574 13602 7.61149
13574 14711 90.7644
13574 15755 65.1302
13574 15757 54.5849
13575 15158 53.8073
13575 16840 89.7244
13577 14544 44.0549
13578 14709 11.7628
13580 13993 34.5679
13582 14424 31.5726
13584 14877 35.4974
13585 16774 95.2995
13586 14615 69.5305
13588 16090 22.5016
13589 14217 50.0364
13590 15947 52.5677
13591 14207 21.3807
13592 16643 26.2562
13594 15153 29.1504
13594 15384 22.1479
13595 16712 29.5116
13596 13879 49.7497
13597 13639 43.7975
13601 14107 56.9844
13602 14711 65.4322
13602 15755 64.1784
13602 15757 45.3464
13603 14767 28.7161
13603 14870 38.1158
13603 15286 49.744
13604 13827 89.9383
13605 16277 62.2479
13608 15205 10.7312
13610 14498 72.1312
13612 13638 35.8225
13612 14407 53.7165
13612 17045 105.092
13613 15731 23.4798
13613 15857 67.2842
13616 15325 58.2959
13618 16590 70.2483
13619 13978 53.5708
13621 15338 32.0508
13622 15469 40.5241
13623 15577 23.0816
13623 16500 82.7001
13624 14049 78.2003
13625 13655 82.2695
13626 15083 30.8396
13626 16506 24.4065
13627 15397 92.6205
13627 15753 44.8921
13628 14160 62.4357
13631 15896 31.8562
13632 15500 85.1316
13634 15028 15.6121
13636 15390 47.3715
13638 14407 36.7761
13640 16508 57.3365
13641 14389 63.6865
13642 14297 36.9303
13644 15866 67.0551
13645 15889 78.7695
13646 15276 105.626
13646 15672 62.9795
13647 13951 67.7353
13647 15195 118.962
13647 16010 71.0929
13648 15410 72.5403
13648 16224 37.5388
13649 14629 85.7261
13649 15519 65.2138
13654 16781 165.504
13656 15228 67.5034
13659 14670 8.62425
13661 15808 58.2707
13662 14698 8.50511
13664 15953 78.7454
13665 13744 43.9669
13665 14025 27.4113
13668 13922 51.9451
13668 14682 12.1083
13670 14340 11.7886
13671 15939 76.9154
13671 16888 73.8787
13673 14010 84.6265
13675 16217 19.246
13677 15208 49.2434
13679 14688 18.6826
13679 15813 22.0817
13679 15976 95.8381
13680 14810 127.645
13680 15380 42.266
13682 14548 62.2181
13682 15151 27.6756
13683 16517 120.011
13684 13696 58.4576
13684 15710 62.906
13684 16195 29.1502
13686 14931 114.602
13687 15314 16.7746
13691 14739 61.8663
13693 15151 89.3308
13695 17019 70.0372
13696 15710 33.3233
13696 15767 82.5472
13697 15995 10.1445
13697 16215 50.8606
13700 16064 42.5909
13700 16572 109.793
13703 16046 51.6109
13703 16740 34.3946
13704 15549 106.093
13706 15975 41.7893
13707 16983 102.82
13708 14949 92.5177
13708 15292 76.767
13710 16922 13.5294
13712 16782 24.779
13713 14163 68.021
13714 16762 51.3618
13714 16964 91.6839
13715 16619 39.5609
13717 16161 54.5042
13717 16835 86.8459
13718 14016 26.782
13718 14133 23.6535
13719 14863 91.1289
13719 15677 143.251
13720 14996 46.8175
13721 14067 82.1371
13722 15560 37.6719
13723 17012 55.1324
13726 16775 68.0644
13727 14876 89.6852
13727 15323 57.6969
13730 14635 59.5213
13731 13893 69.9129
13735 14664 139.396
13735 15438 65.1564
13735 16885 67.1014
13738 15929 44.5098
13739 15614 47.0684
13740 14714 53.4722
13744 14025 79.7712
13745 14833 81.5703
13746 14982 68.4952
13747 14855 99.5706
13752 15058 81.0124
13752 15791 21.9039
13753 14515 55.9967
13754 15150 53.1496
13754 16283 48.0498
13757 13776 55.5934
13758 14194 16.6189
13758 16886 36.4339
13760 13872 34.6203
13761 14585 64.8467
13763 13871 112.316
13764 16299 106.59
13765 16455 23.0031
13766 14707 74.0712
13767 16408 48.6943
13768 13929 60.7659
13769 14555 25.2766
13770 17029 31.5621
13771 14655 108.334
13772 14091 67.0689
13772 14435 86.6706
13772 16163 122.651
13772 16878 116.785
13773 15454 11.546
13773 16052 72.4615
13773 16680 76.2929
13774 16428 70.1942
13776 15048 39.3352
13777 14509 37.6693
13779 16615 22.7757
13782 14329 84.7332
13783 16054 21.3418
13786 16682 91.0895
13788 15440 21.3696
13792 15436 59.0811
13794 15815 93.6501
13794 16962 54.6264
13795 14570 58.5968
13797 16246 109.099
13798 15617 46.4483
13798 16954 66.2035
13802 15733 8.9148
13803 15448 84.9073
13805 16833 23.0033
13809 13982 36.7199
13812 16552 48.064
13813 14324 104.366
13814 14613 48.1758
13816 17144 64.5198
13818 15375 95.8719
13820 15636 52.7151
13821 15956 36.4812
13822 16312 79.4034
13825 15117 87.1188
13828 17073 92.891
13830 17054 66.3122
13831 15399 51.292
13832 15140 62.3187
13834 14886 31.9633
13834 15505 63.2345
13835 13998 37.7843
13837 14234 30.0652
13842 14692 89.2904
13843 16366 76.6439
13844 16632 110.54
13844 16850 87.6302
13845 16480 48.0591
13846 13941 30.078
13849 16086 38.1027
13850 15621 80.3519
13855 15052 99.2626
13857 15991 87.8992
13858 16292 52.3832
13859 16861 132.891
13864 15960 33.1027
13866 16177 49.9378
13867 15483 80.95
13868 14960 105.935
13868 15152 88.5219
13871 16852 84.3121
13880 14882 84.2439
13880 15668 40.3674
13881 16741 52.455
13882 15905 73.7008
13884 14415 54.7628
13884 15876 32.9502
13887 14960 66.5734
13887 16898 74.3238
13890 14312 40.1702
13892 14042 72.6374
13897 15797 34.2628
13898 13947 53.4967
13898 15086 74.4243
13898 15773 86.6734
13899 14712 70.6952
13900 14288 61.1021
13900 15967 25.9256
13902 16830 36.2911
13904 16469 81.6106
13905 14375 138.014
13910 14803 17.9194
13915 14547 63.2589
13916 13945 62.8256
13919 14564 38.5397
13919 15588 50.2925
13919 16255 59.9255
13921 14771 58.2491
13922 14682 42.8648
13926 14231 50.3156
13929 14930 39.7636
13930 14628 56.3702
13930 16689 76.2049
13931 16174 5.71737
13933 17145 51.0247
13934 16709 70.6592
13935 15706 59.5198
13936 14519 86.9117
13937 14092 74.8152
13938 14097 55.4906
13938 14556 87.5437
13939 17139 17.6036
13940 14979 60.2656
13940 16213 21.8115
13942 14218 70.1638
13943 15906 78.2508
13943 16142 76.0703
13944 14100 54.4161
13947 15773 45.0742
13950 14749 106.904
13950 15149 86.0634
13951 16872 108.807
13952 16510 41.5147
13952 17044 81.356
13953 14662 93.3791
13953 14890 45.9722
13954 14811 47.856
13954 16903 77.7659
13956 16511 37.4651
13956 16734 70.7581
13958 16717 30.874
13960 16732 33.6094
13963 14373 49.0777
13965 16636 121.901
13966 14299 76.7597
13966 14779 12.862
13967 15288 62.894
13969 15849 68.5984
13969 16158 41.4116
13970 15157 34.0861
13971 15345 107.684
13973 14346 80.4946
13976 15726 19.4187
13977 15465 33.3986
13978 14017 18.3175
13980 15032 63.6844
13981 15095 107.514
13982 16448 71.6919
13988 14221 52.3825
13988 15079 93.3638
13990 16725 47.6574
13992 15098 58.7694
13994 15450 103.006
13995 15747 17.7503
13995 16663 44.6027
13995 16720 34.6624
13996 16490 52.8889
13997 16019 53.5223
13998 16951 48.459
13999 16092 67.5737
14000 16429 85.7742
14002 15007 51.5272
14002 16135 80.9917
14003 14933 69.7227
14004 14260 40.8774
14004 14979 50.0984
14004 15235 94.3336
14005 15057 88.4728
14005 15358 19.1946
14009 15778 90.97
14011 15539 43.792
14012 14127 71.4924
14014 15996 105.549
14016 14133 45.8154
14020 16688 106.808
14022 16476 63.5246
14024 14941 109.04
14024 15713 94.3205
14027 15650 111.382
14028 16814 66.9113
14029 16543 60.1118
14032 14954 101.647
14034 15820 74.2867
14035 16301 32.3845
14035 16659 29.9019
14038 14317 42.139
14039 16863 38.5135
14040 16112 86.2582
14043 14113 34.1064
14044 14715 29.9065
14045 14780 52.6902
14046 15331 28.2852
14046 16300 92.0948
14047 16766 51.107
14048 14135 60.6158
14050 14077 89.593
14050 14182 54.9376
14051 16787 93.1902
14052 15845 76.4053
14052 16837 39.8968
14053 15242 37.6277
14054 15994 69.9174
14056 17031 69.1716
14058 14760 46.8942
14059 15407 56.7962
14060 15526 51.2112
14062 16565 28.1513
14062 16569 19.9971
14063 15236 33.0021
14063 16717 76.7753
14064 14244 103.958
14064 14680 64.1934
14064 15171 88.8457
14065 16519 81.2113
14068 16618 26.7429
14069 14706 56.8519
14073 14498 83.8194
14073 16823 21.5673
14076 14630 31.6063
14076 15113 27.9859
14079 14099 39.9453
14079 14963 20.9022
14080 16195 57.4153
14081 17144 52.3792
14084 14134 60.5331
14084 14506 98.7855
14084 15578 47.0232
14085 14755 94.3699
14086 15266 49.6569
14088 15086 113.559
14089 14554 51.2763
14089 16628 60.7854
14091 14435 13.6375
14091 14588 25.9312
14094 15630 71.373
14096 17111 125.675
14099 14963 55.4679
14103 14215 94.1839
14106 15189 53.4013
14106 16957 49.9296
14108 16542 46.174
14109 14740 24.1413
14112 14613 77.7915
14112 16403 56.67
14114 14793 51.2889
14114 15004 11.013
14115 16859 22.0264
14121 15069 56.5347
14122 16994 109.559
14123 16028 153.905
14123 16800 65.9187
14124 16152 47.7876
14125 14729 91.4231
14128 16570 36.5048
14134 15578 36.7079
14136 15027 16.4845
14137 15223 89.0613
14138 14518 63.3973
14138 16634 109.302
14139 14952 49.9042
14140 15427 19.8366
14140 17135 25.0854
14141 16608 17.9039
14143 14481 110.67
14144 14735 8.81153
14145 16304 34.1635
14148 16604 76.1034
14151 15675 76.0621
14152 16413 30.0511
14153 14454 100.09
14155 16988 57.0224
14157 14572 69.4539
14157 16801 35.7469
14159 16219 21.5836
14161 15848 9.05097
14162 15201 36.137
14162 15256 46.7367
14163 14397 30.5888
14164 16228 36.4383
14165 16214 93.9583
14165 16839 89.0437
14169 15330 24.9982
14171 15748 59.1585
14174 14287 104.966
14174 15148 62.7813
14174 17083 92.086
14176 16760 37.6186
14177 14651 84.5417
14180 16533 40.4132
14184 16248 43.606
14185 14254 56.8659
14186 16587 22.0187
14187 16828 93.8226
14189 14258 27.3696
14192 16662 78.1287
14194 16886 33.9656
14194 17123 57.5097
14195 15551 98.4073
14195 15598 48.8449
14196 15590 59.934
14197 14584 34.0179
14197 16975 94.8019
14198 17172 54.4798
14199 14246 98.1472
14201 14829 100.878
14202 16140 52.2495
14203 14801 117.495
14204 14639 43.9248
14205 15829 101.511
14206 15078 34.0377
14210 14968 13.4548
14212 14753 18.9069
14214 15344 30.7464
14218 14284 37.9017
14220 15222 28.2552
14223 16924 44.0651
14225 14942 104.324
14226 15119 30.5968
14227 17071 40.9263
14228 14861 76.675
14231 14986 43.0591
14231 15234 72.2367
14231 15784 40.3226
14232 15490 12.0241
14237 15381 15.9992
14237 17050 23.513
14239 16326 39.5716
14239 16704 40.5504
14243 14799 47.722
14244 14860 90.7065
14247 14788 4.00576
14248 14902 80.5777
14249 16684 61.7502
14249 16976 40.793
14250 16531 46.6092
14255 14956 89.937
14255 15097 107.8
14256 16046 61.0291
14259 14937 90.3523
14260 14979 12.3418
14260 16213 57.5149
14262 15572 65.377
14263 16386 149.933
14265 16487 55.6599
14267 15924 117.879
14267 16592 56.5617
14269 14664 27.049
14271 14325 56.9677
14271 15602 59.2493
14271 17091 53.347
14272 14418 45.7626
14273 15225 77.1651
14277 15133 105.977
14279 14825 122.168
14280 15449 60.921
14280 16271 61.4458
14281 15611 84.2855
14283 16569 20.205
14287 15148 43.2987
14290 14298 17.3892
14290 15277 87.2416
14290 16514 121.779
14291 14905 100.473
14294 16714 146.861
14298 16514 101.436
14299 14779 47.4062
14299 15842 70.0875
14300 15535 96.9552
14300 16350 84.488
14302 14468 68.9765
14302 16109 42.4726
14306 14871 46.8604
14307 16181 60.5448
14308 15795 38.8642
14308 16131 42.8323
14310 15193 68.3712
14311 17065 114.841
14318 15008 46.1041
14320 15160 38.8277
14321 16173 59.3928
14321 16272 78.7445
14322 14578 25.8498
14322 15689 41.5548
14322 16042 34.5392
14326 15087 23.7038
14326 15597 129.216
14328 16103 7.41723
14330 14527 27.6315
14331 14542 22.8615
14333 15304 34.1053
14334 14972 60.9231
14335 14901 44.7565
14335 15687 8.92586
14336 15281 52.2161
14337 16659 52.2036
14342 15341 48.6114
14342 16502 34.8068
14343 15373 71.7258
14345 16961 58.453
14346 16009 78.0191
14347 16507 54.0974
14348 16302 41.0939
14352 14997 71.9455
14353 14838 50.407
14354 15457 115.495
14356 16713 71.3517
14357 16593 72.3526
14358 15906 38.3756
14360 15466 31.0622
14360 16053 52.1472
14363 14561 50.9669
14364 15403 61.4678
14367 16722 57.1274
14368 16817 59.8253
14372 14492 68.0271
14372 15188 97.985
14374 14856 56.7848
14380 16497 81.6711
14381 14458 63.7831
14391 16028 89.2681
14392 16192 34.9215
14393 15110 23.2632
14394 15404 44.7629
14395 14406 83.5968
14395 16074 103.627
14396 15301 13.2543
14400 17014 80.0158
14404 15124 87.6036
14404 17122 48.5
14405 15020 28.3519
14408 16733 84.7394
14409 17020 35.8863
14419 15334 65.735
14423 16737 124.916
14424 16047 65.3163
14425 14988 59.9713
14429 14623 93.928
14429 15488 106.613
14431 16340 28.3937
14431 16405 68.2944
14432 16353 57.0387
14432 16611 76.4162
14434 14708 77.5154
14435 14588 44.3018
14437 15496 11.7158
14440 16229 70.5017
14441 16079 45.4691
14444 16587 55.0897
14445 16667 51.1019
14445 16727 24.0966
14446 14937 37.1934
14449 15405 44.678
14449 17005 51.2685
14450 14912 49.7423
14450 15383 33.9849
14460 15767 67.7344
14461 14723 67.9013
14462 14734 93.839
14462 15292 80.072
14464 14865 49.9993
14470 16231 44.141
14470 17027 32.7947
14472 15425 48.6704
14472 16391 18.648
14473 17133 64.8591
14475 16539 96.8844
14476 15231 31.4086
14476 16757 39.3958
14476 17013 41.1603
14477 15259 62.7174
14477 16069 47.4173
14478 15776 30.266
14480 15241 51.3289
14480 15987 22.9837
14481 14761 47.9384
14482 14713 40.4668
14483 14997 96.5566
14484 15925 92.6139
14484 16626 87.1654
14486 15297 51.4621
14491 14780 63.2936
14492 15644 70.6089
14493 16294 46.3245
14498 16823 70.3456
14499 15134 111.241
14499 15585 28.552
14500 15282 63.6373
14500 15883 61.9361
14501 16342 69.2429
14503 16425 103.429
14505 16909 55.2835
14508 16400 58.7755
14516 14696 38.8617
14518 16634 65.7042
14519 14651 80.6373
14521 15638 88.7947
14522 14917 31.8527
14522 15386 16.618
14526 15632 87.9966
14527 17160 123.573
14529 14594 26.5385
14529 16199 30.3844
14532 16571 25.059
14532 16934 35.9623
14533 14546 110.125
14539 17182 51.0237
14541 14847 96.2169
14543 16504 81.915
14544 14773 83.2753
14546 17080 30.6104
14547 17051 73.5072
14548 14932 71.5109
14548 15151 42.5595
14549 15431 60.7075
14549 16256 46.3245
14550 14601 101.763
14551 15372 49.7608
14553 15547 68.7314
14554 15094 52.5041
14554 16855 19.6896
14554 17158 37.7483
14555 14642 137.087
14557 15209 52.1042
14559 15886 31.6972
14559 16842 45.2414
14562 14948 35.7375
14564 16255 109.426
14566 15275 39.7812
14573 15347 51.8383
14574 15000 57.3361
14576 14647 54.6898
14576 15864 87.2983
14576 16584 39.1517
14577 16530 61.1167
14578 15689 74.3151
14578 16042 46.2778
14579 16427 65.3434
14580 16375 43.9251
14581 15931 10.4115
14582 15124 92.2168
14582 15918 49.1219
14583 16630 116.095
14585 15606 40.4665
14585 16655 63.9304
14586 14826 45.0347
14586 15924 55.6014
14591 16631 83.9395
14592 14958 15.656
14592 15108 82.7307
14594 16199 46.3994
14596 15749 71.7083
14597 15625 42.1867
14599 16603 46.9914
14599 16903 77.3335
14601 15127 42.1644
14601 16236 59.2614
14603 14965 49.9633
14603 17099 92.314
14604 16256 98.0534
14606 16047 106.87
14609 15412 111.017
14611 17013 107.911
14612 15220 80.8744
14616 16987 38.1589
14617 15348 42.771
14622 15836 77.3526
14622 16785 157.123
14624 17075 24.172
14625 16211 95.2513
14628 15615 64.3982
14630 15113 44.3611
14633 15144 68.8342
14636 14697 36.3198
14637 15714 65.3469
14639 15164 78.8097
14644 15394 22.7964
14645 16097 74.2309
14645 16556 26.7047
14647 15864 37.8487
14649 14786 46.7557
14649 16226 59.9738
14650 16818 38.0188
14652 14900 84.2026
14654 17156 22.886
14655 15873 84.1983
14657 15102 88.8259
14660 16458 38.9095
14661 16415 13.9924
14668 15440 101.562
14672 16087 6.71143
14673 15769 60.7191
14678 15648 62.5749
14678 16854 37.4943
14680 14860 90.5712
14682 16556 73.226
14684 15099 25.5549
14685 14829 39.325
14688 15813 4.92516
14689 15759 121.235
14690 15052 46.3053
14691 17039 40.0687
14692 15604 47.2431
14693 14827 63.795
14695 15096 78.9107
14703 16716 30.2886
14707 16958 70.8011
14708 17164 115.017
14714 15089 19.0179
14719 15996 64.8361
14719 17097 69.1256
14722 14805 52.201
14724 16770 64.9312
14725 15442 80.401
14726 17147 68.7027
14741 14774 39.9981
14742 16559 39.9677
14745 15464 31.0478
14749 15149 87.0778
14751 15966 52.7688
14756 16665 64.4008
14759 15729 57.8977
14760 16637 36.7204
14761 16798 75.2343
14763 16012 109.32
14767 17079 57.2288
14769 15395 72.8887
14769 16856 20.948
14772 16460 52.1038
14775 16474 116.074
14777 16949 78.6135
14778 15705 50.265
14787 15917 71.1713
14787 16518 71.067
14789 15742 43.5063
14790 16151 58.9682
14793 15004 30.0962
14794 16893 76.7618
14800 15562 82.6298
14804 16442 68.0967
14805 15822 64.3046
14806 16247 71.7854
14815 15541 109.592
14817 15847 68.2767
14818 16680 49.1807
14820 16350 14.2943
14821 15550 34.2838
14823 15817 51.3112
14823 15942 54.5667
14825 15341 57.9441
14825 15816 14.421
14825 16502 37.1631
14831 16901 27.0108
14834 17042 65.3416
14837 16623 59.7449
14842 16813 37.4315
14846 15484 70.5301
14851 15979 56.1976
14851 17073 83.1498
14852 16524 91.3965
14853 15518 12.253
14858 16203 30.7374
14859 16904 98.8283
14870 15286 15.3426
14871 15337 71.0244
14874 15903 68.7007
14876 15471 127.051
14878 15652 63.437
14879 15032 78.9724
14880 15129 79.4407
14882 16672 48.8102
14883 16824 44.1989
14884 16286 23.9589
14884 16599 30.0269
14889 15204 81.1926
14889 17120 88.5233
14890 16302 41.1502
14895 15261 50.1834
14896 15671 79.4021
14897 15379 64.8499
14901 15687 34.2048
14904 16139 106.718
14905 16636 58.5947
14908 16505 42.3816
14910 15218 55.3589
14910 16883 38.9281
14912 15383 82.6042
14913 16377 83.6163
14913 16550 28.6883
14915 15342 4.41657
14917 15386 11.9283
14918 16877 56.6319
14924 15829 58.4206
14926 15715 74.0476
14927 15874 75.929
14929 16336 59.7715
14930 16810 130.007
14934 16810 90.7398
14935 15609 93.4199
14935 15742 69.9689
14936 15322 22.1328
14936 15929 40.3891
14936 16436 75.8472
14940 16363 45.3722
14940 16700 29.0212
14942 17034 135.007
14945 15831 55.0731
14945 15840 46.922
14947 16941 48.4778
14948 15218 43.7635
14949 15292 38.485
14952 15623 59.7212
14953 15686 31.8496
14956 15097 12.0562
14959 15729 93.2901
14960 16898 47.1152
14961 15898 66.8472
14965 17099 35
14967 16392 29.7217
14969 15714 33.7725
14969 16378 46.2849
14970 15974 103.482
14971 15943 51.9326
14972 15751 75.7871
14973 16969 73.6471
14973 17148 62.4534
14974 15690 63.38
14975 15493 27.4891
14976 15190 52.0924
14976 15401 55.2784
14977 16223 66.4418
14979 16213 46.9423
14981 15178 59.0692
14981 15990 41.0576
14981 16463 42.217
14981 16724 79.2791
14986 15234 55.3901
14990 16575 12.3376
14992 17065 104.572
14995 15479 66.5101
15001 16241 28.4099
15002 16050 35.3351
15009 15036 49.6935
15012 16309 45.4011
15014 16085 52.1181
15015 15550 44.9983
15017 15470 100.187
15018 15224 63.4898
15019 16270 12.9468
15021 15703 58.21
15021 16788 81.0526
15021 17010 95.7858
15022 15998 91.524
15024 16183 8.49854
15024 16442 72.27
15026 15131 74.0679
15033 16288 106.505
15034 15128 113.486
15037 16347 22.4055
15039 16162 76.4461
15039 17087 77.6174
15043 15828 22.6308
15044 17033 120.47
15045 15674 49.7542
15046 15982 34.0432
15047 16681 24.3719
15050 17112 66.7096
15053 15429 43.0359
15054 15645 59.2322
15055 15071 77.162
15055 16372 107.473
15056 17019 57.6855
15058 15628 76.0636
15060 17109 79.1728
15062 16738 82.8269
15063 15376 83.0879
15063 16516 36.1625
15064 16344 48.4146
15066 15406 23.7297
15066 16983 41.1068
15068 16297 56.9287
15073 16450 49.2046
15076 16595 45.905
15082 17038 40.8406
15083 16506 34.6591
15092 16709 52.9752
15093 16932 28.3308
15094 16855 83.8241
15095 15381 76.9842
15100 15532 59.9111
15100 16029 29.7821
15101 16562 88.5892
15102 16106 94.5857
15104 16427 67.1689
15106 15183 50.2459
15107 15467 35.6329
15114 16258 53.9115
15118 16696 101.261
15122 16166 91.0293
15125 16293 72.0288
15127 16236 79.4055
15129 15475 34.3647
15132 15146 83.7487
15132 16848 39.4873
15139 16355 40.2629
15140 15902 102.467
15145 16368 32.0241
15150 16283 94.5825
15153 15384 36.0259
15158 16840 7.8936
15159 16175 32.5417
15159 16751 81.0608
15162 17009 106.416
15163 15724 69.8305
15166 16664 67.3999
15167 15610 22.6523
15170 15593 76.6068
15171 16597 97.4663
15171 16882 70.4812
15172 15871 86.0936
15177 16622 55.9789
15178 16724 29.2117
15180 16414 98.6911
15182 15521 41.4985
15183 16238 74.7835
15184 16836 86.475
15186 16799 72.826
15188 16118 71.5488
15190 15401 29.5545
15190 16178 93.3553
15192 17085 78.1376
15194 15948 53.663
15196 16164 12.1964
15198 17132 12.5312
15200 15245 48.0082
15201 15256 23.5432
15204 17120 21.3824
15209 17053 79.9185
15210 16343 18.0969
15218 16883 54.0077
15222 16221 76.8623
15229 16218 3.44216
15231 16757 48.4157
15231 17013 48.0559
15232 15753 75.653
15236 15346 33.4299
15241 15987 34.6083
15244 15371 21.9873
15245 16651 50.855
15246 15562 55.1327
15249 15932 50.5199
15249 16703 97.8986
15255 15299 13.0441
15257 15453 78.119
15259 16069 48.4009
15267 15953 79.5814
15271 17153 84.9795
15274 16430 54.5936
15277 16514 129.706
15279 17042 46.01
15280 15968 34.162
15284 17181 90.2995
15285 15766 100.024
15290 16998 61.5529
15291 15701 37.7113
15298 16811 52.206
15300 15891 52.3314
15306 16916 9.74431
15307 17036 46.3479
15317 15410 54.1779
15322 15929 38.0311
15324 15420 50.7525
15328 15869 55.7788
15331 16300 45.6778
15331 16774 54.5674
15332 16402 30.4906
15332 16589 65.0724
15333 15497 49.1123
15335 16253 55.1911
15336 15414 25.0476
15340 16274 48.0861
15341 16502 61.8003
15347 15483 65.5067
15347 16594 35.9603
15350 16354 52.5839
15353 15962 32.3819
15354 15399 48.88
15357 16334 45.429
15359 17016 94.0005
15362 16985 84.3491
15364 16359 29.5196
15365 15723 90.0169
15366 16310 29.414
15370 15501 22.6849
15370 15611 41.3992
15380 15664 33.7961
15381 17050 25.7338
15389 16082 73.4637
15392 15730 54.6188
15392 16533 37.7602
15395 16856 43.6147
15396 17120 59.1537
15398 15423 19.8739
15400 15634 86.3543
15401 16178 66.9723
15402 15673 49.7464
15405 17005 33.4061
15406 16983 8.26661
15413 16330 41.4219
15413 17125 72.4232
15416 16492 27.8358
15419 15498 89.3124
15420 16467 77.8513
15420 16948 86.5106
15421 17037 86.7225
15424 17077 42.212
15425 16391 35.7439
15427 17135 4.31324
15433 15758 51.3253
15433 16431 31.8093
15435 15578 57.6664
15439 15989 92.7092
15442 15881 120.766
15445 15790 57.0983
15446 16344 122.016
15446 16802 92.3338
15452 16536 57.959
15454 16052 59.3617
15455 15694 12.1823
15461 15546 68.1216
15463 15593 58.5322
15463 16063 33.2606
15466 16053 30.0859
15468 16125 119.227
15470 16156 49.5869
15473 17177 73.9679
15476 16712 110.244
15478 17010 26.3597
15482 15720 72.6963
15483 16594 68.4461
15487 15597 48.572
15488 17084 52.6175
15489 16936 38.9817
15491 15669 53.8564
15491 15794 27.9678
15491 16337 87.0415
15492 15716 83.5482
15494 16547 55.4949
15495 16019 105.999
15512 15887 100.64
15514 16739 50.2283
15515 17043 22.3435
15516 16114 132.451
15517 16352 34.7979
15521 16528 105.304
15524 16082 50.4659
15524 16750 33.7859
15529 16861 41.8958
15530 16871 140.097
15531 16627 20.9225
15533 16364 19.6132
15534 16785 42.0278
15541 16477 90.021
15543 15598 68.7621
15543 17055 72.7703
15544 16235 94.3048
15545 15693 95.1034
15548 16001 10.2325
15556 15835 72.7954
15558 16616 81.2264
15561 15591 61.3416
15567 15879 97.8532
15567 16637 50.7344
15569 15754 42.6007
15574 16261 72.4065
15575 15837 48.1954
15575 16372 33.6137
15580 16902 42.2758
15583 16380 21.498
15588 16255 30.0353
15588 16799 94.4237
15589 16460 56.2785
15591 15627 84.1925
15591 16362 56.9728
15593 16063 52.1979
15594 16905 33.9764
15600 16584 70.6752
15603 17004 27.0972
15606 16655 17.7802
15608 16699 45.8014
15614 16403 86.384
15616 16900 103.474
15617 16954 50.5041
15631 17164 53.3288
15632 16251 44.9645
15634 16566 53.8227
15635 16325 42.5998
15637 17163 60.0246
15638 16853 52.4202
15639 16700 136.333
15645 16908 88.028
15646 16784 71.7446
15646 17007 84.9245
15647 16390 93.556
15648 16854 63.6113
15651 16621 11.7291
15656 16557 100.059
15668 16672 51.0616
15669 15794 76.9206
15669 16337 36.4357
15676 15727 65.7337
15676 16930 68.7547
15683 15737 53.9702
15685 16640 66.2884
15685 16648 47.6309
15688 16044 78.3268
15695 16499 30.831
15698 16944 48.0867
15702 16779 21.4838
15703 16788 32.7574
15707 16205 88.8744
15708 16498 26.8717
15714 16378 41.857
15716 17004 80.9139
15722 16320 75.2672
15727 16930 83.0857
15731 15821 62.8833
15734 17178 28.4782
15740 17128 70.7981
15743 15894 32.5779
15745 16831 49.7278
15746 16738 70.1399
15747 16663 38.2493
15747 16720 21.5034
15762 16400 70.712
15763 15920 13.8276
15768 16430 64.0942
15770 16638 66.3337
15772 15850 96.4913
15779 16708 112.062
15780 15819 62.9617
15789 15917 67.1688
15789 16518 50.1947
15794 16337 32.647
15796 16190 74.3984
15809 16367 115.701
15816 16502 75.3236
15818 16686 48.1643
15821 15857 44.0037
15827 16245 83.6122
15831 15840 72.516
15831 16361 43.4867
15833 16910 48.2622
15837 16372 71.9896
15838 16467 106.763
15841 16553 40.9566
15843 16585 37.1004
15844 15944 74.4433
15844 16356 58.8016
15845 16837 35.4784
15846 16641 40.4299
15858 16470 10.0022
15859 16306 57.9054
15860 16141 70.3229
15862 16143 95.4345
15863 16829 66.6835
15875 16086 53.3853
15877 17038 81.5182
15878 16984 58.5746
15884 16130 80.7035
15886 16842 72.1336
15892 16826 51.2366
15892 17113 69.657
15895 16984 64.4008
15900 16632 79.2828
15902 17114 32.9703
15904 16986 29.6295
15909 16778 12.2797
15910 16159 17.555
15915 16466 71.7817
15916 16308 13.9294
15917 16518 6.51504
15919 16804 97.8451
15919 16926 80.9275
15922 17137 61.516
15924 16592 93.6575
15925 16058 92.314
15926 16666 52.383
15932 16703 34.9157
15935 16276 35.5892
15941 17081 73.5905
15942 16234 102.539
15944 16356 19.2488
15952 16906 44.004
15955 16281 95.3838
15959 16189 28.7813
15959 16777 34.793
15960 16055 40.3218
15961 16113 55.7842
15965 16860 45.7078
15967 16971 54.6004
15971 16793 53.9391
15990 16463 48.812
15995 16215 65.9307
15996 17097 5.55859
15998 16765 100.385
15999 17025 75.3503
16006 16313 71.2103
16007 16759 85.111
16009 17154 41.514
16010 16250 68.9137
16010 16909 73.3154
16018 16999 59.2462
16021 16645 58.9189
16027 17150 95.6206
16028 16800 80.6418
16031 16253 47.2589
16031 17167 107.261
16033 16945 89.2097
16035 17007 55.3342
16037 17016 76.2185
16039 16360 42.2027
16040 16756 50.8465
16043 16687 76.1642
16044 16457 53.5137
16046 16740 67.4798
16046 17037 124.723
16059 16908 58.3653
16064 16572 66.3872
16065 16269 68.5833
16072 16402 82.1819
16075 16091 53.672
16079 16484 54.5114
16080 16803 82.3909
16082 16750 57.2977
16087 16495 48.4166
16095 17062 16.4474
16111 16697 74.4239
16120 16967 53.2421
16123 16736 9.49962
16125 16728 75.5251
16125 17178 72.5253
16126 16265 34.4546
16133 16407 25.0248
16136 16674 81.1326
16143 16669 58.7254
16146 17149 81.3541
16159 16977 80.411
16161 16835 14.1724
16162 17046 24.9803
16163 16878 3.64945
16163 16934 121.157
16169 16432 67.4777
16170 16445 53.8372
16175 16525 135.251
16175 16751 134.565
16176 16872 69.3128
16179 16216 76.7369
16180 16464 71.7851
16187 16677 90.3978
16188 16729 14.4548
16189 16777 55.0304
16200 16715 29.9806
16212 16591 100.167
16214 16703 156.739
16220 16412 50.9345
16224 16881 58.4207
16231 17027 90.3902
16232 16334 63.2762
16232 16789 57.4948
16239 17182 90.451
16259 17000 66.1809
16262 17076 46.7428
16266 16495 72.2721
16272 17182 89.2706
16275 16648 42.3852
16286 16599 15.2086
16287 16673 58.182
16289 16692 85.7761
16291 16963 115.291
16298 16695 31.5238
16300 16774 71.6391
16311 17074 58.7785
16317 16520 37.9355
16322 16699 109.856
16326 16704 34.0527
16336 16794 87.6814
16338 16591 28.2192
16340 16405 60.9929
16347 16561 61.0448
16353 16611 37.1406
16358 16399 44.1937
16363 16700 71.0256
16365 16710 14.8948
16370 16649 50.3925
16370 16657 64.9644
16376 16935 71.1034
16379 16742 82.2107
16382 16647 48.0445
16384 16485 108.791
16388 16771 77.2011
16389 17022 3.82113
16390 16493 54.3604
16401 16531 52.2081
16402 16589 74.6233
16407 16846 54.2142
16419 17171 63.0415
16426 16974 57.3986
16434 16768 61.734
16446 16462 69.8767
16461 16838 94.0933
16462 17088 66.3432
16464 17154 89.772
16469 16504 116.676
16479 16726 119.669
16481 16791 21.0185
16485 16925 143.624
16492 16568 76.5411
16517 17085 50.4289
16535 17104 22.0566
16541 16868 72.1125
16542 16862 75.2349
16562 16710 48.5498
16565 16569 14.6316
16571 16934 29.5425
16603 16834 46.325
16603 16980 74.4786
16606 16941 70.4715
16610 16624 30.1395
16612 17109 60.5772
16623 17102 99.1529
16629 16857 31.8831
16630 16818 82.5657
16647 17123 32.0915
16654 17130 121.479
16663 16720 11.1029
16667 16727 26.7794
16679 17029 44.5893
16701 16822 118.045
16707 16845 59.3123
16707 16858 44.4074
16723 17048 16.32
16728 17178 47.8366
16733 16801 99.2511
16740 17037 108.794
16747 16887 101.513
16799 17059 110.241
16805 17162 6.52508
16845 16858 40.7978
16845 17136 16.2617
16849 16956 75.5166
16851 17028 52.6138
16855 17158 16.7983
16878 16934 138.756
16906 16968 58.0013
16931 16938 92.3396
16943 17096 4.00502
16969 17148 43.3723
16990 17113 41.4539
17083 17092 44.5725
