8592 16046
0 3795.67 2328.48
1 1558.36 2001.22
2 3814.83 2407.48
3 4213.59 1325.66
4 275.673 1110.12
5 3760.74 3193.95
6 3222.67 3623.98
7 2168.76 4625.97
8 412.565 4180.05
9 3566.6 3374.35
10 2607.64 1915.19
11 1913.74 1306.76
12 19.601 154.083
13 1274 4614.13
14 1615.77 4052.14
15 1775 3107.33
16 773.618 1407.26
17 2594.96 2558.94
18 348.139 3912.21
19 2837.56 333.281
20 1037.79 1953.37
21 2858.91 2345.67
22 3200.57 1107.1
23 3133.1 606.107
24 168.359 3479.46
25 4155.18 4087.24
26 2165.72 1654.98
27 253.602 4168.01
28 2394.12 4585.37
29 667.156 946.777
30 4611.79 3704.97
31 472.035 2423.48
32 969.067 3845.29
33 4412.66 4234.26
34 3443.13 1449.35
35 4329.82 1222.61
36 1598.75 3807.64
37 4332.68 4331.83
38 2329.99 2177.87
39 4560.2 1555.84
40 842.238 3619.76
41 1642.47 4022.99
42 270.288 663.431
43 3785.94 3974.71
44 3634.07 3090.4
45 690.203 2650.72
46 303.719 4318.85
47 1831.2 3184.29
48 2646.07 1955.76
49 3369.9 3141.63
50 423.446 2968.46
51 679.166 1153.15
52 2204.1 4443.77
53 2041.98 1701.97
54 1802.94 3939.86
55 2159.38 175.275
56 125.019 1176.8
57 890.844 1247.96
58 1517.95 3105.27
59 2352.35 257.902
60 1928.73 699.595
61 1610.45 4489.38
62 2531.94 2519.24
63 1357.97 2331.01
64 3794.41 1855.35
65 502.321 4567.35
66 3442.52 744.935
67 512.644 4476.5
68 1863.66 4589.7
69 205.128 1208.17
70 180.765 4454.18
71 3295.19 41.3277
72 3308.3 2745.47
73 2260.92 1421.28
74 2946.46 4578.77
75 1844.07 1852.04
76 955.866 303.279
77 4242.83 4521.86
78 1496.78 638.748
79 4525.27 4242.43
80 309.849 2161.9
81 472.898 1876.4
82 2915.78 936.797
83 2835.17 1107.51
84 2772.42 3761.45
85 1792.34 4117.53
86 2539.03 1087.95
87 2377.51 230.407
88 4029.01 1419.23
89 1975.74 494.967
90 2090.91 4376.7
91 418.081 2098.35
92 3603.61 2022.21
93 4461.51 2367.22
94 2329.82 2486.04
95 2765.03 3039.35
96 2907.38 639.068
97 4276.49 2863.36
98 3675.4 4557.82
99 2312.24 2464.63
100 1447.9 1044.5
101 690.218 1212.71
102 358.548 1427.19
103 2931.56 3829.31
104 248.198 3438.26
105 3485.13 4359.08
106 1075.79 1699.52
107 3200.25 4017.74
108 2171.87 1503.83
109 117.253 942.687
110 3835.77 1366.99
111 1509.95 3193.82
112 400.425 1147.92
113 2726.05 1324.38
114 3922.2 1555.01
115 3259.93 609.876
116 1905.33 370.794
117 1487.18 3552.91
118 3780.18 4353.83
119 973.712 641.737
120 1154.13 2876.88
121 3998.42 2956.26
122 2507.24 1313.31
123 1500.16 2482.93
124 2625.35 4266.33
125 2765.97 122.125
126 4398.14 587.666
127 2533.67 1718.58
128 8.97464 2817.25
129 3692.79 418.331
130 686.229 4183.06
131 1947.33 3977.17
132 2661.36 2418.91
133 92.1534 2905.52
134 816.814 812.705
135 3414.9 2942.52
136 2102.86 2183.35
137 3203.52 315.727
138 3581.91 2862.24
139 3331.76 4109.74
140 3899.22 1919.2
141 4414.71 1976.57
142 2371.03 486.602
143 1733.14 925.685
144 1733.92 3058.96
145 364.217 4609.77
146 549.609 2076.31
147 1451.51 2145.63
148 3445.08 1852.61
149 4024.26 1104.82
150 4298.13 1014.82
151 2969.6 4165.28
152 76.9551 3445.41
153 3217.01 420.651
154 2579.71 2565.97
155 2118.33 1475.27
156 2236.58 798.438
157 2858.64 3535.79
158 2577.97 2603.89
159 2229.16 3320.96
160 2935.91 193.452
161 3751.33 781.842
162 4061.09 4487.45
163 2173.84 3439.03
164 3362.48 3155.49
165 2477.95 3782.55
166 1711.52 885.534
167 2646.96 2456.08
168 3506.23 472.258
169 4546.72 2877.01
170 2478.74 3660.64
171 1218.99 656.091
172 1974.89 3986.66
173 4153.09 3105.54
174 4118.77 702.443
175 2024.4 3696.07
176 722.608 3060.76
177 2778.01 2986.91
178 2881.25 3665.82
179 1604.77 3307.15
180 226.369 4531.59
181 2526.69 940.558
182 2327.36 2365.62
183 1623.2 1061.18
184 1720.81 2521.33
185 361.955 578.265
186 1311.38 15.2296
187 2071.95 696.735
188 141.539 47.2644
189 2810.5 1980.2
190 165.787 1384.51
191 2124.43 2613.34
192 35.5037 1240.58
193 3330.88 773.467
194 1053.41 4481.65
195 1440.51 1024.75
196 4585.04 3454.09
197 1471.11 33.7698
198 202.938 3960.54
199 840.345 3970.08
200 3827.08 39.4563
201 3006.26 4083.31
202 2067.88 4153.74
203 1833.19 2189.52
204 4075.75 2511.45
205 1039.97 1909.72
206 94.8358 3941.62
207 1588.82 1457.12
208 3766.83 2461.11
209 2259.34 2299.77
210 1145.99 792.291
211 599.132 529.29
212 1975.03 3662.64
213 4390.48 275.626
214 1118.1 1259.61
215 2903.82 3915.75
216 4057.96 3218.04
217 1075.28 1436.26
218 1299.92 2223.59
219 2037.93 4529.06
220 3415.22 3776.17
221 3537.19 1634.2
222 2512.38 3092.03
223 4510.56 896.702
224 4421.18 3721.17
225 841.111 29.6516
226 3145.49 3328.2
227 2966.63 1589.15
228 2783.85 2928.94
229 4010.75 832.366
230 1242.11 255.738
231 3974.72 2883.05
232 3234.48 1821.17
233 2123.25 4229.35
234 3451.82 818.686
235 3674.27 1581.64
236 770.884 2968.49
237 2998.75 3356.58
238 3416.27 357.839
239 1396.23 4429.21
240 97.5443 4334.51
241 4275.85 3995.89
242 2990.62 563.149
243 2403.19 3893.85
244 1362.51 1837.86
245 1011.18 4227.31
246 1664.52 370.263
247 2080.99 2213.09
248 1693.83 765.343
249 1494.95 3976.8
250 4454.33 972.561
251 4038.66 1855.42
252 2892.67 447.398
253 839.214 4382.32
254 2565.89 3097.95
255 3099.46 4067.39
256 1341.06 3187.85
257 1642.63 783.451
258 1674.06 522.853
259 3415.5 708.984
260 855.839 4121.14
261 2217.1 377.116
262 1993.39 791.427
263 3486.56 258.876
264 902.897 4422.57
265 1970.24 1714.35
266 4130.28 3398.96
267 1921.71 1549.24
268 627.187 4233.1
269 3036.61 2941.99
270 1747.23 2826.92
271 1450.05 1806.57
272 624.775 3082.03
273 4408.48 3689.44
274 2756.75 631.11
275 3344.95 832.182
276 1229.54 478.819
277 319.578 3942.22
278 2313.99 2088.71
279 170.875 1060.19
280 1256.66 2737.61
281 2557.59 3359.47
282 2885.9 2422.84
283 2202.44 4028.83
284 198.373 1916.97
285 356.78 4166.89
286 3760.18 1669.2
287 3911.14 3313.18
288 1099.13 1316.25
289 4129.39 1529.24
290 3234.1 3010.57
291 1116.09 71.4545
292 904.634 2479.78
293 2449.91 2524.47
294 4577.02 1853.55
295 789.432 3247.66
296 2542.42 2931.95
297 2800.86 390.028
298 3085.99 3259.02
299 3151.53 3553.92
300 3401.11 3936.23
301 2829.43 816.322
302 3527.98 4455.32
303 4349.85 3628.55
304 2673.29 1202.47
305 81.7701 2431.92
306 1068.96 956.874
307 1237.19 4125.81
308 2728.57 1717.49
309 1916.61 2752.86
310 3139.63 3295.6
311 4427.64 2336.39
312 3361.09 12.6737
313 643.178 3320.93
314 3459.81 260.814
315 953.258 3815.04
316 3280.43 739.488
317 455.723 2779.58
318 3410.11 3682.76
319 3572.84 3579.4
320 1837.18 14.3366
321 2285.55 3145.59
322 1087.91 674.409
323 318.152 3680.14
324 3194.62 85.4535
325 1162.2 100.567
326 3451.6 2728.72
327 1481.73 634.52
328 3898.38 3450.67
329 1850.3 2018.21
330 4195.86 3563.9
331 3083.87 2445.22
332 3947.07 2467.81
333 4351.46 3250.27
334 2180.71 1835.15
335 3279.11 3153.35
336 373.122 2862.58
337 3121.1 2812.55
338 2770.9 3430.13
339 3405.89 2997.02
340 4534.76 2852.65
341 3983.43 3781.99
342 2267.07 150.302
343 4242.8 3575.77
344 940.847 2360.51
345 2559.72 2131.28
346 744.964 3617.44
347 674.862 3874.2
348 2846.26 2211.08
349 2738.34 1117.57
350 1889.32 482.126
351 1363.3 63.0877
352 3656.64 2763.03
353 3220.84 416.583
354 1078.35 4070.44
355 1313.94 3682.12
356 2183.99 3135.75
357 96.3769 4010.3
358 4107.21 804.737
359 1953.9 1510.05
360 4352.13 3236.81
361 537.156 340.903
362 3134.14 2278.5
363 296.614 2068.04
364 3925.26 3253.89
365 908.626 2415.51
366 4269.42 4120.14
367 1343.44 2192.55
368 567.738 1162.65
369 3771.26 2945.19
370 3088.88 1323.24
371 4435.12 4346.16
372 3681.47 1214.25
373 3376.64 179.259
374 2798.5 1603.6
375 1405.85 1222.84
376 665.204 1314.99
377 3447.72 2729.64
378 2811.08 4532.79
379 3291.87 4289.08
380 94.2152 37.6494
381 1875.94 2574.63
382 2760.89 2983.28
383 4491.22 4588.23
384 1709.23 3977.49
385 4559 2177.91
386 464.424 1647.66
387 647.587 4361.78
388 2533.23 2428.54
389 1205.86 2677.79
390 4026.42 2546.27
391 1316.54 27.9941
392 1151.52 4160
393 4112.19 3036.47
394 1685.46 3369.94
395 938.657 1561.23
396 2828.94 2773.74
397 481.145 4382.22
398 3552.99 1982.67
399 194.449 4153.36
400 2181.08 3224.85
401 1671.68 1657.21
402 3237.38 3105.4
403 2367.92 1822.48
404 3375.09 280.162
405 357.332 112.161
406 2002.25 4532.87
407 4546.64 1258.21
408 2083.21 2140.36
409 1781.76 4042.82
410 3681.07 3926.94
411 2468.34 2978.38
412 2326.08 249.811
413 1669.38 389.36
414 1318.07 4245.21
415 1487.87 1308.24
416 133.696 924.366
417 2379.2 356.52
418 2006.7 568.026
419 1903.63 1999.87
420 3499.86 1659.12
421 4133.73 1915.3
422 4140.04 3368.8
423 4292.43 199.459
424 4209.25 968.273
425 4239.85 4622.11
426 570.951 1764.41
427 370.148 1125.39
428 1510.97 3533.31
429 4093.56 1894.91
430 6.44564 587.216
431 4522.93 3354.91
432 4617.08 2461.92
433 4206.18 1331.58
434 1916.42 4454.06
435 1761.76 2809.54
436 1152.59 3586.43
437 2758.68 1811.18
438 3095.65 48.6747
439 2666.89 2187.12
440 1143.03 4289.16
441 1186.45 2412.44
442 2304.28 863.725
443 1808.32 634.235
444 4029.09 3730.77
445 1356.84 1761.26
446 2107.23 706.511
447 765.032 3303.99
448 3612.59 1697.49
449 1417.02 2977.46
450 3948.13 4465.14
451 2342.14 3713.84
452 1203.71 282.614
453 2604.75 2199.04
454 3079.96 370.224
455 1627.42 2410.41
456 4534.14 1069.53
457 2313.23 3025.19
458 1630.31 2739.82
459 768.465 670.675
460 1346.06 4611.32
461 3086.28 4056.95
462 155.973 779.177
463 3588.48 3640.21
464 3129.73 3443.39
465 2797.72 3506.23
466 3793.15 4264.55
467 2300.62 786.105
468 2695.87 4588.27
469 3096.92 4243.3
470 221.598 3895.19
471 2846.64 2938.36
472 61.9572 3618.55
473 2117.63 4093.35
474 4099.85 2206.32
475 4175.38 2777.15
476 4090.83 3128.93
477 3453.44 1208.87
478 1370.84 3008.74
479 1645.1 3487.53
480 2007.93 4619.86
481 3519.92 2645.69
482 3343.27 2053.14
483 2813.15 4178.94
484 861.779 3752.01
485 2371.93 1246.92
486 3756.09 1543.69
487 3839.39 4336.94
488 1409.9 2500.88
489 1547.81 1885.81
490 1627.48 4117.48
491 87.6765 4328
492 698.54 2777.34
493 4274.42 1349.17
494 613.065 3121.4
495 3184.83 473.591
496 2039.84 3241.27
497 1800.64 2382.82
498 1740.69 3572.9
499 486.461 1203.65
500 1401.8 2183.3
501 586.085 2619.87
502 2659.47 59.7369
503 2996.63 2752.2
504 4293.66 2115.56
505 2445.99 159.047
506 664.555 3941.28
507 1296.94 3826.41
508 4229.53 909.522
509 1488.88 2498.71
510 3364.24 703.439
511 2479.63 3241.27
512 2555.5 4159.02
513 4596.25 4081.98
514 2627.29 2284.35
515 4034.76 3739.67
516 3105.48 787.695
517 3058.37 3577.49
518 4221.74 4163.9
519 2550.47 948.932
520 1736.51 4334.88
521 3023.78 3953.46
522 3676.96 2214.05
523 2807 1483.66
524 4005.78 2144.32
525 4074.09 3971.39
526 1365.73 4374.19
527 1312.53 2727.5
528 1358.46 888.573
529 3345.22 1366.23
530 2083.15 299.862
531 1126.25 3472.26
532 4296.15 541.294
533 898.687 900.589
534 2689.31 2246.55
535 4146.71 961.069
536 654.842 2252.29
537 3203.34 2545.54
538 1357.46 626.53
539 4080.05 3933.57
540 4188.84 653.494
541 2136.57 4088.6
542 3760.92 1771.63
543 1412.61 4345.24
544 1226.25 1593.17
545 1199.96 133.846
546 1448.34 544.714
547 4373.85 459.492
548 4068.09 2884.28
549 936.396 4606.69
550 2905.22 968.52
551 2438.91 1226.92
552 239.023 1367.91
553 141.466 1800.04
554 733.403 1582.78
555 2819.14 883.784
556 2266.37 2153.34
557 4630.93 981.214
558 1346.48 3344.98
559 2006.12 210.397
560 3814.86 3953.65
561 38.265 1604.93
562 225.558 4520.23
563 2408.6 1307.72
564 2609.95 3101.7
565 3145.05 2883.16
566 4252.29 1098.8
567 3502.58 2030.86
568 878.15 4166.14
569 1600.51 3001.47
570 1117.77 86.093
571 1163.58 349.184
572 3571.49 3444.98
573 1380.16 1041.39
574 244.705 120.603
575 3677.71 2849.64
576 1665.52 1995.33
577 23.3829 4610.36
578 1308.84 3715.69
579 2839.75 2732.99
580 2714.02 2872.08
581 704.402 2290.49
582 452.592 1796.7
583 2221.24 3238.12
584 107.818 521.473
585 3409.46 3337.81
586 2060.04 1542.18
587 495.218 952.259
588 1452.88 2028.58
589 2582.32 2739.13
590 3465.59 3696.18
591 1187.96 100.353
592 4075.34 1105.84
593 1167.09 4533.05
594 4205.51 3767.24
595 235.129 2528.9
596 1836.68 3055.25
597 4112.46 2664.37
598 3221.26 1719.33
599 1499.24 1928.97
600 1923.18 1759.15
601 1312.77 3572.17
602 2013.6 2265.23
603 457.257 1359.87
604 1182 603.284
605 2898.68 1350.52
606 987.142 3182.9
607 3512.65 1786.69
608 193.543 2359.45
609 1171.15 3684.95
610 1081.78 3070.76
611 1233.1 4273.18
612 918.659 7.76297
613 4157.43 1294.02
614 1875.53 706.764
615 2879.42 297.174
616 2840.04 2854.99
617 4601.28 2422.13
618 1112.93 3359.1
619 107.159 3662.17
620 2283.02 3217.54
621 3915.74 4343.25
622 1680.81 4468.26
623 1890.06 4351.11
624 3085.13 3481.94
625 1969.24 527.171
626 3184.45 488.603
627 1218.96 1015.02
628 3542.68 3581.07
629 910.16 1101.66
630 1059.76 4398.89
631 956.311 434.726
632 2714.64 1959.59
633 208.928 3998.04
634 130.848 4422.69
635 9.26214 1426.26
636 1814.55 2492.03
637 4324.82 1458.45
638 1036.8 1391.04
639 4608.15 3246.57
640 2914.87 4298.18
641 4387.7 2392.03
642 1178.13 1147.29
643 2879.73 2447.83
644 2943.06 719.236
645 1278.63 1914.48
646 91.4047 150.179
647 1535.07 666.302
648 4523.25 770.303
649 624.547 1642.9
650 18.9619 1923.28
651 339.398 3451.66
652 2252.46 4295.23
653 978.978 3472.56
654 429.896 733.711
655 3201.32 902.61
656 2452.12 847.098
657 2155.68 805.201
658 4515.33 195.116
659 2511.34 3926.26
660 4439 78.4495
661 1453.88 467.689
662 97.9571 1802.64
663 4193.58 2063.28
664 1547.07 0.669408
665 4554.42 1698.03
666 2406.51 997.672
667 2572.33 679.138
668 383.636 1391.37
669 4145.66 4600.58
670 3416.32 3167.8
671 765.517 2742.28
672 816.927 1861.33
673 4577.78 3396.08
674 3851.89 765.857
675 4500.42 4201.54
676 4460.68 3164.54
677 3973.53 521.52
678 655.315 2538.33
679 465.891 628.783
680 4609.19 3680.05
681 2330.42 1560.41
682 4600.74 437.93
683 1093.3 1117.32
684 3190.94 3962.8
685 2895.84 1791
686 605.829 3163.13
687 1241.56 3768.75
688 3459.64 3724.28
689 657.854 122.44
690 1392.01 564.195
691 4347.46 1823.43
692 834.341 1374.49
693 3937.99 690.686
694 4057.66 3107.42
695 3171.86 218.494
696 777.09 491.63
697 1584.43 1470.62
698 2876.57 1587.98
699 1778.54 2328.87
700 2588.82 4233.31
701 2735.29 1656.47
702 3291.26 575.06
703 4000.04 2071.39
704 2228.77 3850.21
705 119.648 723.652
706 3513.43 933.236
707 2119.8 991.142
708 1946.79 1750.03
709 533.634 1553.86
710 412.457 3407.68
711 3370.26 893.212
712 17.3057 4069
713 1232.55 4028.38
714 3789.69 1944.1
715 641.808 858.703
716 3571.53 3785.83
717 1692.64 1291.33
718 3014.56 3350.64
719 2627.37 2685.13
720 728.574 4086.07
721 1297.96 663.108
722 3395.43 4111.48
723 3309.41 1041
724 905.236 1769.11
725 3734.49 2825.1
726 2211.8 3690.73
727 4419 26.1819
728 3866.84 2238.67
729 3202.66 2243.61
730 337.554 3457.31
731 1061.83 2474.66
732 3524.77 2373.17
733 3483.08 1178.47
734 3274.77 2258.43
735 3940.43 2250.55
736 594.432 3624.49
737 148.742 3962.68
738 2604.34 577.544
739 3376.92 319.07
740 995.899 1229.68
741 837.318 549.335
742 199.842 3447.33
743 1260.16 2827.98
744 3822.06 1397.78
745 2756.98 1783.65
746 747.837 733.1
747 2639.78 2379.1
748 2805.27 2716.44
749 2260.49 4299.72
750 1493.58 2881.93
751 4302.17 387.872
752 267.163 2002.95
753 2559.86 1662.01
754 1884.19 1163.7
755 1519.8 1285.31
756 3441.26 2277.77
757 2871.59 3101.95
758 4144.54 1757.46
759 263.193 777.658
760 3361.1 2152.96
761 3467.73 1788.23
762 2569.94 3048.84
763 2340.81 4598.33
764 492.948 3962.6
765 264.067 4314.6
766 379.96 547.838
767 2441.65 4130.08
768 4630.05 3426.17
769 3293.35 2441.55
770 2096.9 1777.27
771 1344.41 503.058
772 4604.63 2476.81
773 374.629 1567.97
774 260.244 2756.32
775 2915.06 222.631
776 3950.89 2956.44
777 2912.44 347.488
778 2207.56 2669.81
779 4117.02 2068.57
780 1876.13 149.892
781 1821.29 3013.82
782 2815.11 4360.45
783 2898.46 1617.37
784 3574.13 2075.82
785 4420.61 2982.26
786 4202.2 2598.56
787 333.067 136.918
788 4624.66 521.614
789 4429.11 333.747
790 2894.32 3564.39
791 1378.55 3295.96
792 64.7653 2520.53
793 3736.63 575.218
794 1509.6 1398.72
795 2453.11 1898.13
796 4532.56 365.937
797 1149.31 2027.04
798 2739.74 1674.32
799 4037.59 671.361
800 4240.4 2658.27
801 4519.82 2572.12
802 485.146 2097.33
803 3294.65 3063.75
804 4492.1 1214.69
805 3953.54 3435.58
806 3594.01 3263.93
807 3360.55 2191.61
808 1922.55 1677.53
809 4634.27 1204.47
810 345.22 3756.18
811 4607.81 981.068
812 4231.41 1998.06
813 4124.04 3876.94
814 3186.22 506.08
815 2041.89 3175.65
816 3510.54 3674.96
817 120.38 1114.52
818 3927.74 2380.03
819 4486.89 3407.57
820 4423.62 3824.25
821 3951.52 2594.56
822 880.017 29.9946
823 2347.62 3836.45
824 2208.75 3818.08
825 773.623 1264.66
826 1552.38 238.739
827 3269.11 4483.22
828 2161.4 3462.21
829 147.696 591.806
830 2253.8 2891.44
831 4523.01 2527.6
832 1958.39 1579.03
833 4623.43 1336.41
834 169.343 3153.29
835 2915.74 222.815
836 2509.03 1308.24
837 1066.85 20.9058
838 3640.62 40.4218
839 4376.27 459.648
840 4063.4 4304.18
841 3653.25 4627.68
842 1912.72 826.554
843 3191.73 466.19
844 3622.22 3421.05
845 3575.08 1549.82
846 119.989 952.592
847 606.945 3108.22
848 3255.53 4528.15
849 1869.15 2903.09
850 1618.33 4142.99
851 354.35 1243.98
852 978.017 2815.11
853 1132.86 1884.49
854 4535.64 2913.63
855 3800.94 4193.13
856 4384.73 152.748
857 654.164 2334.5
858 3351.12 1594.87
859 447.515 3964.78
860 868.574 1226.18
861 1716.18 733.605
862 4623.65 1530.31
863 741.799 4503.73
864 3536.53 2928.32
865 3289.4 4344.02
866 2350.79 4084.1
867 3784.12 285.498
868 3175.37 3373.65
869 405.094 2940.51
870 1975.67 2868.21
871 225.296 1902.11
872 3415.88 3666.72
873 2862.45 3046.35
874 4567.35 4403.4
875 1838.57 4080.37
876 1380.13 2009.97
877 1982.33 726.893
878 16.7146 364.405
879 1050.88 3838.72
880 1553.27 3661.91
881 669.295 3051.15
882 2951.33 4561.78
883 1203.88 1288.95
884 1518.44 1112.06
885 4123.44 3193.23
886 1955.36 2752.89
887 2070.47 321.697
888 3645.8 3167.93
889 4352.32 4083.48
890 84.5008 305.297
891 1623.05 2498.61
892 2793.45 1145.75
893 3363.53 451.719
894 3209.85 672.866
895 4634.26 4611.06
896 4391.41 1737
897 2188.35 2793.11
898 602.345 2294.43
899 1966.46 3698.92
900 1390.69 1391.03
901 4511.19 2059.34
902 1412.22 1076.96
903 3174.36 1296.36
904 384.256 4232.84
905 4200.04 1065.01
906 1236.38 1614.43
907 1011.49 3388.85
908 2442.75 3689.08
909 2944.45 641.819
910 3637.53 3076.66
911 1666.32 2412.42
912 1044.3 332.31
913 676.04 4605.48
914 214.687 418.507
915 827.686 4167.34
916 2833.01 1971.04
917 2965.51 2702.24
918 3449.98 2311.33
919 989.079 328.686
920 2318.26 4313.3
921 3248.77 3686.65
922 665.551 4281.1
923 1006.06 994.514
924 2571.92 2493.07
925 193.399 1456.57
926 672.081 1343.33
927 63.6245 530.921
928 412.349 2696.93
929 4245.8 3310.54
930 2510.39 438.698
931 1584.06 1690.96
932 219.203 2131.56
933 3983.92 1472.5
934 3870.66 4575.09
935 2685.44 1450.68
936 2948.89 274.898
937 1301.37 3765.83
938 391.655 2956.05
939 1274.37 3123.45
940 3444.75 412.347
941 4030.47 3767.69
942 521.453 3129.71
943 3547.67 3643.12
944 1219.26 4357.05
945 2317.66 2611.4
946 4557.53 2662.5
947 2420.1 4503.64
948 4315.87 2086.26
949 3718.53 2375.6
950 3280.3 2956.01
951 1432.87 4578.33
952 3425.87 1117.57
953 3561.43 2930.35
954 1574.06 1062.42
955 4449.16 3367.22
956 3300.6 711.193
957 2164.06 3475.08
958 2899.35 1394.56
959 3517.65 62.3618
960 3359.51 2781.73
961 329.619 4190.41
962 4154.28 4250.12
963 3901.67 3268.33
964 225.859 1373.65
965 4186.66 3054.31
966 1839.28 2991.09
967 3880.29 186.628
968 3726.23 428.709
969 1402.14 1272.2
970 2998.39 2446.42
971 2802.68 1071.11
972 3804.69 697.426
973 4139.23 2702.41
974 1961.52 2659.28
975 3443.43 4478.04
976 479.621 1589.93
977 2200.39 2153.55
978 1900.6 3187.52
979 2310.55 4086.14
980 3168.67 2182.1
981 4366.08 2841.27
982 2865.17 691.711
983 4431.38 1772.36
984 1294.98 1176.47
985 413.458 208.625
986 4315.3 87.7678
987 3228.05 4184.54
988 1422.66 2071.69
989 655.106 3718.18
990 1178.29 3329.47
991 1415.55 354.833
992 2843.94 3465.08
993 1473.25 3525.32
994 699.094 1777.03
995 894.308 345.563
996 2201.42 585.938
997 2336.26 1328.36
998 1489.47 3402.99
999 3775.44 657.118
1000 4535.75 946.179
1001 3104.38 2277.06
1002 245.577 1940.09
1003 1903.8 4387.2
1004 3023.21 1931.07
1005 2276.22 1359.03
1006 133.743 2805.28
1007 2880.21 2739.52
1008 3787.12 12.2171
1009 1567.02 823.757
1010 3777.59 2662.33
1011 2564.67 2319.72
1012 3486.91 3129.64
1013 369.922 379.08
1014 4597.38 2077.08
1015 1260.92 2312.72
1016 3816.27 2832.35
1017 335.788 1028.36
1018 3551.46 3927.65
1019 2487.68 1650.86
1020 964.057 2492.3
1021 3500.16 4306.11
1022 1811.36 4492.34
1023 3704.24 2303.78
1024 2737.47 3408.49
1025 4301.97 1189.63
1026 2444.81 1355.32
1027 295.147 2251.1
1028 4107.31 1121.96
1029 4011.18 2033.5
1030 1310.7 1280.97
1031 2352.01 2505.48
1032 1925.58 1142.5
1033 128.759 988.228
1034 4102.7 3517.66
1035 3985.13 4049.61
1036 2389.05 2900.37
1037 3063.51 1711.44
1038 2750.69 2351.3
1039 889.156 255.964
1040 774.986 4216.27
1041 285.198 1372.65
1042 2540.87 3430.48
1043 1369.13 4391.64
1044 2275.82 1506.95
1045 3773.98 3429.25
1046 2637.36 2755.18
1047 3386.6 1410.07
1048 3987.35 2111.3
1049 3505.97 4476.26
1050 705.609 3071.05
1051 3452.76 3322.09
1052 3687.71 1864.65
1053 4494.42 4596.3
1054 586.098 4199.88
1055 1994.71 2467.5
1056 394.369 1251.17
1057 1006.87 2354.48
1058 3451.6 398.756
1059 2724.64 2621.59
1060 3833.09 2751.29
1061 1323.75 2126.95
1062 374.888 2278.54
1063 1547.7 1698.24
1064 3178.13 548.767
1065 298.566 3347.54
1066 2157.23 1885.4
1067 62.2445 223
1068 2906.78 3631.76
1069 1356.09 4243.77
1070 2555.77 1047.38
1071 931.946 1579.13
1072 1885.06 3480.16
1073 2171.26 387.796
1074 3193.86 2619.55
1075 2017.75 3289.82
1076 261.047 3973.32
1077 1041.03 1265.33
1078 3090.7 2627.76
1079 4.33084 933.442
1080 3507.84 632.35
1081 4377.89 2117.24
1082 2548.58 3191.35
1083 3320.42 167.104
1084 4056.28 3116.87
1085 1619.14 1453.71
1086 428.333 2332.97
1087 823.725 1920.3
1088 1549.16 1554.01
1089 338.864 4172.51
1090 1525 3799.83
1091 149.009 4410.59
1092 3828.18 1309.76
1093 1159.04 2450.52
1094 4529.6 4223.36
1095 2322.71 2902.95
1096 4150.74 4453.11
1097 1289.22 3819.7
1098 2681.35 1791.34
1099 3648.54 2092.17
1100 4357.93 1150.36
1101 798.391 232.216
1102 4242.14 4290.63
1103 136.551 4610.39
1104 804.956 2764.67
1105 4514.72 4274.7
1106 3505.32 3438.91
1107 4384.26 1714.26
1108 2433.09 2836.45
1109 3710.97 531.301
1110 2413.89 4370.52
1111 2681.61 1298.37
1112 3723.94 2119.54
1113 64.39 3093.69
1114 3582.14 2482.82
1115 3122.76 345.876
1116 278.942 3065.17
1117 3095.5 2496.42
1118 4354.31 3495.59
1119 4553.48 952.4
1120 4389.06 4056.45
1121 4373.95 102.013
1122 3914.4 411.41
1123 1511.94 680.415
1124 4480.72 87.1132
1125 1288.45 4296.48
1126 198.446 58.8036
1127 3519.74 3295.94
1128 742.301 339.801
1129 4047.23 2219.53
1130 3777.98 2941.34
1131 2634.8 797.547
1132 4240.73 1524.61
1133 3444.42 177.117
1134 810.585 2759.54
1135 1158.41 2381.91
1136 1196.44 3044.88
1137 2541.78 617.555
1138 1419.85 768.094
1139 1860.36 3570.75
1140 1244.55 3841.23
1141 4503.77 957.371
1142 164.256 398.609
1143 1137.15 428.783
1144 3715.66 473.397
1145 4517.12 2864.05
1146 2674.46 3183.75
1147 1520.36 3408.15
1148 3427.5 2177.17
1149 3048.75 4223.37
1150 872.938 3602.11
1151 3869.26 1130.24
1152 4181.16 3595.82
1153 1541.83 338.268
1154 595.286 2305.85
1155 4374.67 127.559
1156 2603.25 199.454
1157 4263.99 3444.29
1158 2022.53 1568.87
1159 4116.68 2834.1
1160 887.832 3828.71
1161 2175.92 3421.05
1162 4238.41 2205.96
1163 1211.18 3829.59
1164 4030.67 4459.7
1165 4179.91 1933.08
1166 3973.81 4453.49
1167 4256.07 2258.25
1168 3774.09 4220.3
1169 723.069 4152.1
1170 1917.03 1068.4
1171 2453.47 4620.57
1172 2547.33 1565.8
1173 1955.7 3754.08
1174 1837.4 3815.14
1175 3369.52 960.957
1176 3507.48 1966.52
1177 4539.14 156.185
1178 159.712 359.379
1179 1982.77 1542.88
1180 4288.41 3678.38
1181 4068.38 758.804
1182 129.696 3490.87
1183 3189.6 421.637
1184 3808.89 2250.55
1185 4418.43 3458.08
1186 4511.33 137.041
1187 2768.52 2723.33
1188 1665.4 2483.45
1189 3117.79 4417.01
1190 1591.01 2526.72
1191 2424.41 4333.59
1192 4215.7 948.442
1193 417.734 4020.08
1194 566.765 3597.31
1195 540.908 3879.99
1196 1389.72 2667.44
1197 2861.38 42.5801
1198 2359.64 3982.86
1199 1292.92 4388.28
1200 1425.3 89.4413
1201 2459.65 1486.12
1202 2167.8 3087.37
1203 1459.05 2172.69
1204 24.5011 2200.03
1205 3132.23 48.4624
1206 1399.55 3015.55
1207 1484.95 1200.67
1208 2973.12 429.685
1209 167.917 1963.09
1210 1619.58 301.515
1211 2806.82 3060.24
1212 1021.02 1903.09
1213 1976.87 2558.22
1214 3697.39 444.074
1215 960.241 232.892
1216 2373.13 121.616
1217 21.1552 4027.53
1218 1605.86 4324.46
1219 2084.2 1139
1220 3394.26 3788.06
1221 3240.64 252.93
1222 4179.96 4263.16
1223 2709.79 871.61
1224 1776.94 1074.37
1225 2767.16 1972.6
1226 511.624 36.1471
1227 2568.48 3050.75
1228 3090.77 4608.47
1229 3833.41 3791.3
1230 1363.69 4129.47
1231 925.515 3058.82
1232 4614.22 3119.8
1233 99.5504 307.529
1234 3100.18 864.268
1235 46.5673 1158.49
1236 1629.73 4454.15
1237 4269 581.691
1238 4285.47 1586.86
1239 642.811 1183.62
1240 2894.86 1002.32
1241 3201.36 3109.92
1242 937.658 2420.58
1243 3901.75 1717.57
1244 3186.95 2429.29
1245 4295.87 2109.73
1246 2998.68 745.606
1247 201.444 1735.57
1248 4490.28 2810.06
1249 3075.87 2499.06
1250 1809.15 3297.14
1251 4155.2 4231.27
1252 2516.88 3025.74
1253 531.942 2717.05
1254 3972.37 1221.46
1255 3490.29 2814.62
1256 3709.26 3754.82
1257 2445.11 2179.36
1258 3482.66 199.651
1259 4302.82 4512.44
1260 4133.56 3349.95
1261 1189.8 215.447
1262 2451.5 2169.68
1263 4081.06 677.329
1264 1110.44 3187.99
1265 3459.56 2250.36
1266 1514.82 1620.72
1267 2480.64 3680.03
1268 4338.95 237.697
1269 3812.19 3964.73
1270 3807.91 2526.65
1271 3368.99 1362.41
1272 3033.03 1507.67
1273 3181.35 4607.78
1274 1028.73 4465.02
1275 3663.93 2908.26
1276 2568.45 2940.8
1277 492.164 3350.96
1278 2237.06 3701.64
1279 47.0108 2440.3
1280 1050.31 1646.97
1281 950.805 1829.55
1282 2873.5 3332.25
1283 2646.1 55.8365
1284 1981.95 4151.53
1285 4420.77 512.331
1286 2594.48 1700.7
1287 4487.51 1924.13
1288 1160.11 3467.56
1289 1056.25 3948.88
1290 2615.33 2617.43
1291 2818.66 835.135
1292 3439.33 3986.49
1293 3807.79 4161.99
1294 3764.84 2311.68
1295 2679.47 1950.58
1296 1928.2 1760.98
1297 1188.38 1218.85
1298 1088.91 1016.49
1299 3483.36 873.849
1300 3717.27 3240.93
1301 3439.64 1002.98
1302 3957.8 2599.5
1303 1656.57 2597.03
1304 1583.78 1552.54
1305 3407.39 3347.94
1306 2333.04 3185.8
1307 2343.82 3655.91
1308 3920.73 2140.18
1309 3438.15 152.207
1310 2106.93 150.002
1311 1858.63 1345.7
1312 3300.83 1428.94
1313 2445.44 2913.27
1314 16.4507 1651.11
1315 1465.14 4345.24
1316 2429.03 1480.98
1317 3819.9 3938.57
1318 1868.39 2169.51
1319 1471.18 3857.82
1320 1304.48 2004.45
1321 2864.2 308.989
1322 1405.66 2613.23
1323 2452.34 272.695
1324 1112.08 970.301
1325 2136.23 3005.36
1326 1454.11 552.122
1327 353.994 1290.68
1328 1002.31 3162.76
1329 2756.7 1.61804
1330 386.806 3520.01
1331 1900.04 2310.79
1332 1146.92 3898.05
1333 4206.08 1255.67
1334 1642.07 3460.29
1335 71.8018 2395.24
1336 3334.2 1385.98
1337 3605.77 570.265
1338 2551.96 2634.25
1339 4192.62 1501.07
1340 1044.88 917.097
1341 3145.53 3375.49
1342 561.296 3670.96
1343 3863.91 4485.2
1344 207.943 3924.08
1345 682.531 2512.63
1346 41.5015 3082.44
1347 2963.47 1299.18
1348 2161.12 2123.75
1349 4009.08 1143.86
1350 2700.25 608.82
1351 4289.92 1306.67
1352 4511.23 4424.87
1353 2743.07 4138.98
1354 4052.46 4320.56
1355 1821.73 2007.52
1356 1627.99 4089.82
1357 4175.23 303.776
1358 3480.58 3980.53
1359 4144.44 3209.19
1360 976.3 4477.71
1361 2564.71 3049.69
1362 1230.84 364.736
1363 3118.16 3816.07
1364 2773.37 974.885
1365 716.908 4607.41
1366 1930.46 4105.37
1367 3942.56 2242.8
1368 1592.43 4174.94
1369 2163.68 1142.63
1370 1200.99 1285.91
1371 916.395 3883.16
1372 2033.47 2751.4
1373 3221.48 4350.9
1374 2347.27 4156.47
1375 2863.36 1410.49
1376 2620.42 2680.37
1377 988.609 1583.22
1378 2438.03 452.218
1379 707.293 2231.75
1380 478.546 824.005
1381 390.058 3414.92
1382 3140.1 3854.57
1383 3138.02 3214.37
1384 3744.13 309.801
1385 3023.09 2357.22
1386 2869.05 785.74
1387 2878.22 31.7863
1388 1224.77 2076.19
1389 371.466 3217.95
1390 226.441 2145.14
1391 3148.27 2686.56
1392 1490.71 1545.96
1393 3188.03 3779.08
1394 3981.75 1687.03
1395 1276.4 3500.09
1396 16.1353 1676.02
1397 5.91307 1505.84
1398 1581 3910.08
1399 3124.3 2384.29
1400 2531.28 3513.64
1401 186.828 1271.7
1402 3819.65 2055.21
1403 2066.1 1616.07
1404 1598.13 1822.07
1405 2977.3 1484.08
1406 302.789 401.899
1407 2598.06 4005.79
1408 724.771 2159.04
1409 3368.78 3597.63
1410 1412.16 4385.82
1411 3403.43 3236.28
1412 203.463 4458
1413 1453.47 615.371
1414 2537.31 3902.01
1415 1461.44 1877.34
1416 3279.15 3991.96
1417 1169.71 4030.55
1418 422.123 1811.98
1419 3240.2 2834.04
1420 1621.83 3527.83
1421 2353.79 1813.09
1422 3276.86 3937.97
1423 3566.47 805.07
1424 3241.5 4103.07
1425 1093.51 1744.13
1426 4464.78 1350.36
1427 2681.68 4465.82
1428 179.5 4133.59
1429 551.308 3976.28
1430 2958.48 524.593
1431 702.233 3908.47
1432 223.869 1358.24
1433 2862.95 1383.72
1434 1067.49 4591.38
1435 4392.62 1671.68
1436 1428.86 4489.65
1437 4061.24 2620.55
1438 3217.17 3064.79
1439 3219.67 2450.85
1440 3917.2 2134.16
1441 4630.74 1428.97
1442 2352.48 2651.66
1443 1265.79 1132.92
1444 3293.26 2078.93
1445 2353.08 81.0192
1446 4280 427.649
1447 3965.61 1395.63
1448 4606.45 3289.47
1449 2380.67 172.765
1450 2524.81 3635.21
1451 700.207 2641.15
1452 4144.55 3237.18
1453 1155.19 2896.62
1454 2506.42 424.517
1455 1455.68 262.962
1456 1020.99 3182.9
1457 4129.95 4196.3
1458 2486.1 4519.54
1459 4043.6 1344.94
1460 3248.46 4137.18
1461 304.767 2928.99
1462 4101.52 2164.53
1463 2747.34 3623.96
1464 3364.02 4003.08
1465 3885.53 2538.86
1466 2826.55 44.8461
1467 2103.58 2298.63
1468 4553.73 3575.41
1469 928.073 292.905
1470 907.875 776.128
1471 2810.18 3447.7
1472 841.586 4307.03
1473 660.335 4390.07
1474 2490.81 1098.08
1475 2703.06 910.958
1476 3573.22 3915.49
1477 694.704 4052.79
1478 2203.37 324.095
1479 3319.83 258.157
1480 3611.3 1596.98
1481 150.967 1820.23
1482 3557.85 3890.63
1483 2781.63 3308.06
1484 77.5693 517.696
1485 4355.49 1588.95
1486 4551.25 1756.51
1487 4062.59 3174.6
1488 695.675 4566.04
1489 945.626 1708.77
1490 1304.9 898.598
1491 977.399 1039.63
1492 3016.66 3795.09
1493 508.515 911.514
1494 795.315 724.222
1495 3494.06 2960.97
1496 243.193 1822.96
1497 279.125 3941.76
1498 1021.12 509.847
1499 3604.01 3466.89
1500 2767.83 808.207
1501 4341.44 2253.36
1502 3586.92 2618.52
1503 3779.32 780.341
1504 2969.95 4313.81
1505 3590.09 3155.67
1506 3243.48 4191.05
1507 1449.83 1673.06
1508 1787.12 1553.44
1509 3595.89 2112.47
1510 1386.26 3862.41
1511 1441.96 4225.33
1512 2952.82 1429.74
1513 4138.89 2914.18
1514 3939.01 3524.4
1515 385.619 2685.93
1516 377.005 3344.7
1517 3435.44 2952.95
1518 3395.35 2505.91
1519 527.759 746.748
1520 1111.93 1342.72
1521 3894.94 4012.35
1522 3302.3 3761.11
1523 3097.36 146.512
1524 298.398 1713.9
1525 2496.01 2399.4
1526 4004.34 516.512
1527 3981.66 612.857
1528 2039.26 2361.65
1529 1903.67 2303.2
1530 1362.42 1418.51
1531 1608.17 2066.6
1532 2409.2 3250.09
1533 3226.14 3150.95
1534 1938.63 798.62
1535 3680.35 1200.77
1536 654.108 3201.55
1537 3990.34 3306.81
1538 3744.65 1612.39
1539 2661.73 4155.81
1540 2400.63 1958.72
1541 2841.65 3458.37
1542 375.95 420.861
1543 1397.97 3238.03
1544 1423.64 2618.71
1545 3081.33 1461.55
1546 1615.3 3750.21
1547 3984.06 3849.74
1548 3280.46 4508.52
1549 3514.35 2768.96
1550 2577.86 776.211
1551 3215.47 808.986
1552 3641.12 1714.35
1553 848.722 1903.83
1554 595.731 1187.25
1555 851.927 540.236
1556 1527.49 2575.98
1557 4482.95 2640.72
1558 896.509 1252.65
1559 3752.28 3154.55
1560 283.632 1759.08
1561 4121.34 3959.02
1562 3836.34 2799.11
1563 2700.71 4462.81
1564 3566.82 4301.28
1565 1517.08 1047.62
1566 3144.48 3082.92
1567 2354.01 1364.54
1568 566.386 3935.25
1569 969.241 287.925
1570 1654.59 141.162
1571 3976.35 3963.3
1572 600.431 1330.48
1573 109.824 2965.56
1574 1636.37 3300.52
1575 1679.55 3568.5
1576 1120.9 2090.18
1577 34.1629 1550.63
1578 2296.69 3072.01
1579 1973.01 470.032
1580 3169.12 1722.53
1581 1735.22 2966.58
1582 1002.11 163.233
1583 809.846 2411.35
1584 4208.42 449.13
1585 4240.24 1695.24
1586 3503.55 3697.96
1587 4488.11 3095.51
1588 4289.93 3403.36
1589 1716.62 1811.4
1590 3812.95 1634.94
1591 129.741 2835.56
1592 967.147 1247.57
1593 2196.9 3557.36
1594 870.608 3726.25
1595 138.977 278.993
1596 1176.31 1233.42
1597 522.823 3612.32
1598 479.247 481.092
1599 1709.44 1028.39
1600 3586.77 2658.41
1601 2127.62 1936.49
1602 2871.39 3310.4
1603 4505.15 3334.27
1604 3679.4 1835.18
1605 1680.74 1869.52
1606 4147.37 93.2068
1607 1968.04 2851.21
1608 4589.01 3711.71
1609 1501.29 3017.59
1610 3439.01 3377
1611 434.669 4188.64
1612 1554.72 2585.6
1613 4418.81 3891.59
1614 2855.94 4120.2
1615 1281.81 3717.68
1616 2673.07 3781.09
1617 2526.37 2880.54
1618 3387.12 2283.1
1619 1748.29 4114.86
1620 1267.57 339.963
1621 2920.92 916.723
1622 1496.19 2760.6
1623 2219.29 3440.37
1624 3062.87 4132.16
1625 1754.75 3983.47
1626 2665.9 2573.28
1627 2919.47 2901.8
1628 1458.21 344.568
1629 1862.16 2192.84
1630 2425.07 3767.62
1631 610.377 1572.13
1632 4134.6 850.906
1633 538.534 3617.47
1634 2241.06 2488.19
1635 2580.63 1600.73
1636 572.822 2921.06
1637 2936.92 1879.95
1638 3409.03 892.065
1639 1026.28 1610.39
1640 3446.55 786.018
1641 64.9132 3324.57
1642 1846.3 2463.78
1643 3199.11 1998.01
1644 590.81 2810.99
1645 4344.87 199.213
1646 3581.5 3769.84
1647 621.712 3767.74
1648 74.698 3169.27
1649 1157.5 2329.65
1650 3709.61 4185.33
1651 3311.15 1827.99
1652 2039.04 1811.77
1653 3226 3004.31
1654 1658.04 2170.67
1655 3930.72 3342.43
1656 2407.03 4544.42
1657 3255.76 848.915
1658 3617.79 651.025
1659 762.968 790.842
1660 621.099 3884.25
1661 1190.3 1659.31
1662 921.453 1418.81
1663 1745.54 1822.17
1664 1408.02 1942.72
1665 2488.77 804.758
1666 1598.12 2637.22
1667 1024.4 324.237
1668 2629.77 2878.45
1669 1150.9 2822.74
1670 857.738 4367.67
1671 848.333 2146.92
1672 248.468 3415.36
1673 3608.47 2808.81
1674 3265.95 1805.45
1675 2977.28 1368.85
1676 763.469 1437.11
1677 2010.5 26.2601
1678 1949.53 266.721
1679 2177.98 1715.12
1680 1630.98 2925.49
1681 3967.72 1627.36
1682 3227.21 1544.8
1683 792.444 2061.79
1684 3717.47 3074.47
1685 3396.12 214.459
1686 2537.42 1670.84
1687 401.651 1917.38
1688 1166.04 1763.84
1689 188.567 1940.44
1690 361.107 2982.58
1691 5.68989 2693.8
1692 3589.35 1087.4
1693 4482.59 2904.08
1694 3463.51 3673.1
1695 800.475 1652.68
1696 1787.12 4186.49
1697 2741.92 4256.43
1698 4033.92 2551.66
1699 222.575 4125.62
1700 3944.14 977.787
1701 3714.52 4534.45
1702 1470.18 1014.15
1703 4523.2 4353.14
1704 1013.08 683.261
1705 3907.72 3798.04
1706 1651.09 3993.14
1707 2101.52 2227.68
1708 1256.44 980.154
1709 1932.93 3273.85
1710 1320.66 2873.01
1711 4144.67 581.955
1712 3079.43 597.08
1713 1755.39 2452.9
1714 3582.92 630.798
1715 4198 1971.02
1716 1929.69 4441.8
1717 3004.99 2643.26
1718 2483.45 4059.99
1719 735.126 4543.66
1720 2256.65 2726.04
1721 3555.67 495.01
1722 1801.96 3240
1723 1043.79 2105.44
1724 4089.53 577.091
1725 905.525 4366.24
1726 546.66 3916
1727 470.315 3572.16
1728 4183.77 287.04
1729 3526.25 3449.99
1730 1776.81 1676.68
1731 2861.99 4065.45
1732 1308.02 4318.61
1733 2537.94 1683.69
1734 3651.95 4587.88
1735 3849.28 4588.06
1736 3967.87 1572.3
1737 670.919 4130.83
1738 3271.23 2013.14
1739 3033.3 1941.4
1740 2875.39 1467.15
1741 589.263 123.477
1742 3329.52 1119.7
1743 3582.39 3732.47
1744 2131.47 3586.28
1745 1823.24 3988.29
1746 2896.66 3814.86
1747 3301.73 3623.89
1748 3940.82 214.799
1749 3161.75 2064.15
1750 1072.33 2559.19
1751 253.547 1141.51
1752 4284.25 2290.64
1753 3857.21 4556.87
1754 3089.5 941.175
1755 3900.48 88.663
1756 3110.39 778.993
1757 3264.03 3855.5
1758 2704.03 2087.24
1759 3657.54 1012.42
1760 1730.68 2752.41
1761 3871.42 2942.7
1762 3660.11 2745.97
1763 398.605 403.901
1764 457.632 265.672
1765 3801.58 742.129
1766 2806.82 3817.54
1767 655.669 1795.89
1768 1134.04 4099.66
1769 2049.91 2090.8
1770 3797.98 1953.35
1771 3484.93 2739
1772 3551.77 4248.06
1773 1546.44 3527.4
1774 2451.99 1771.39
1775 2200.23 3769.22
1776 511.326 4462.91
1777 2659.07 4046.59
1778 2313.68 2982.04
1779 1644.03 3760
1780 4534.54 4273.12
1781 744.065 2792.75
1782 3628.7 3348.69
1783 2491.52 3890.61
1784 76.752 119.2
1785 2449.03 2419.48
1786 4285.81 4026.6
1787 4187.54 2289.12
1788 4120.04 1418.5
1789 2604.03 1389.06
1790 4567.42 848.329
1791 667.577 3961.04
1792 899.339 3769.14
1793 1034.92 4041.03
1794 815.518 1116.14
1795 3966.24 2688.89
1796 2861.44 4251.37
1797 2310.28 3919.56
1798 4462.62 877.603
1799 320.589 2189.53
1800 2681.93 21.5686
1801 4127 36.4358
1802 3885.45 324.519
1803 766.416 4484.14
1804 3824.34 2366.35
1805 473.315 626.663
1806 2968.97 4252.76
1807 716.593 3746.32
1808 1649.33 4160.11
1809 4311.37 353.955
1810 2010.29 3163.71
1811 3903.21 1204.85
1812 2378.06 1694.78
1813 547.825 1082.89
1814 49.9161 4403.2
1815 1939.41 1678.19
1816 178.196 287.168
1817 1328.23 1469.46
1818 4447.53 872.965
1819 4384.33 2051.9
1820 957.866 492.157
1821 4178.14 2860.17
1822 650.07 2905.53
1823 2122.85 97.2377
1824 40.9581 1239.24
1825 3162.21 168.866
1826 4064.07 3994.44
1827 398.253 1348.7
1828 1010.33 1221.36
1829 1214.91 3060.03
1830 1778.7 3632.49
1831 3314.49 186.713
1832 3790.61 2850.37
1833 679.833 4278.77
1834 42.6549 3659.86
1835 917.111 2506.92
1836 2894.43 3590.38
1837 4406.45 1802.19
1838 4020.11 1389.16
1839 1260.15 2752.15
1840 3767.11 1016.86
1841 4479.83 2831.13
1842 278.061 2738.95
1843 3621.74 3070.02
1844 4097.7 3848.64
1845 1714.17 2395.82
1846 3806.86 2167.57
1847 1760.1 2537.77
1848 709.402 3764.02
1849 1726.44 2767.98
1850 1569.47 192.08
1851 2869.9 1036.81
1852 1940.23 995.952
1853 2072.14 3160.93
1854 2246.5 3656.97
1855 4177.57 517.903
1856 102.877 1616.54
1857 3971.86 4446.33
1858 4495.17 4047.4
1859 652.916 3038.66
1860 3057.3 548.166
1861 1370.16 855.432
1862 3878.49 3019.45
1863 3098.79 1400.72
1864 3510.8 3181.23
1865 3830.11 3506.35
1866 3727.58 3415.02
1867 1874.4 2861.03
1868 3084.66 3864.01
1869 1211.16 440.818
1870 4154.14 2709.26
1871 4332.86 1405.75
1872 2122.55 1496.34
1873 953.497 1173.19
1874 806.295 3908.14
1875 2245.95 3300.69
1876 2462.02 4022.69
1877 1127.1 741.671
1878 569.775 1897
1879 3116.13 3618.51
1880 4378.93 3612.78
1881 3046.48 1430.29
1882 1198.4 958.553
1883 3358.53 2624.23
1884 2838.11 2573.72
1885 2996 533.777
1886 2675.35 2621.27
1887 347.466 1468.86
1888 2933.57 498.586
1889 2092.81 3422.49
1890 812.86 1522.32
1891 682.862 443.094
1892 2147.14 2218.42
1893 482.82 311.341
1894 3155.34 4185.49
1895 1766.68 4330.37
1896 631.575 863.336
1897 1651.03 1385.94
1898 2812.96 1971.32
1899 2573.43 1278.37
1900 426.479 1460.4
1901 4573.65 1176.68
1902 665.627 3152.18
1903 3341.69 3836.33
1904 479.033 567.561
1905 3668.84 3657.39
1906 3422.15 2063.4
1907 1459.73 3778.33
1908 1820.66 2025.34
1909 421.969 3679.92
1910 451.942 1783.93
1911 1770.04 2409.61
1912 3208.66 3255.34
1913 3215.28 435.887
1914 979.938 3252.25
1915 4482.88 2290.9
1916 4238.69 2568.14
1917 2297.59 1684.82
1918 124.269 3337.86
1919 3602.52 2064.48
1920 2852.14 402.358
1921 1345.84 3572.8
1922 3269.19 4427.76
1923 2993.79 1872.82
1924 840.035 2239.65
1925 1950.57 1373.71
1926 823.999 4630.98
1927 3376.13 4479.25
1928 3328.49 1935.86
1929 2385.54 2613.51
1930 520.943 357.425
1931 1627.85 3594.03
1932 288.417 4099.49
1933 2870.97 296.939
1934 2916.5 3155.12
1935 2112.72 1605.33
1936 2789.98 1823.07
1937 2220.67 3795.21
1938 318.095 868.597
1939 2945.58 4083.76
1940 2018.85 4589.39
1941 1132.01 2069.01
1942 1136.35 2946.86
1943 3159.61 2643.81
1944 3699.73 4313.32
1945 618.709 2232.26
1946 1591.37 2895.92
1947 286.689 4141.14
1948 2390.72 3706.95
1949 637.276 1420.22
1950 77.7407 3027.76
1951 941.786 3494.65
1952 1645.58 617.731
1953 535.286 1536.81
1954 1906.54 296.499
1955 2100.26 211.053
1956 250.377 3943.65
1957 1318.41 3381.94
1958 4508.15 3320.06
1959 2640.66 2747.86
1960 486.245 784.817
1961 163.438 1800.19
1962 3825.23 1102.62
1963 1409.83 2188.01
1964 3844.7 1153.38
1965 4229.46 3828.59
1966 4108.58 1965.32
1967 3539.29 953.633
1968 1632.29 1259.7
1969 3442.27 4426.49
1970 151.257 852.209
1971 3861.34 47.5731
1972 1052.64 3176.05
1973 988.93 4305.22
1974 3154.74 2675.25
1975 4532.13 2667.53
1976 3352.38 3668.81
1977 994.892 4220.47
1978 342.743 895.47
1979 2305.98 2180.07
1980 410.769 4494.79
1981 1684.24 2577.23
1982 1716.47 4436.95
1983 4515.77 2353.45
1984 4560.59 1672.03
1985 598.692 1198.13
1986 1741.84 2724.12
1987 2300.61 2556.91
1988 2110.31 4076.66
1989 139.512 1069.96
1990 1721.63 3383.01
1991 4233.21 850.726
1992 3574.1 430.476
1993 2982.1 4434.01
1994 2947.12 346.493
1995 526.334 2961.25
1996 600.148 1626.56
1997 3456.19 1199.22
1998 2744.14 1401.56
1999 1495.57 4391.17
2000 562.318 4008.79
2001 1235.47 1188.57
2002 3021.58 233.934
2003 3197.25 2764.18
2004 2428.47 1355.25
2005 3023.04 239.63
2006 26.5706 3272.33
2007 1969.36 1397.51
2008 4004.41 2975.32
2009 3653.54 3788.29
2010 1344.4 2736.25
2011 4599.97 188.683
2012 2356.82 2157.86
2013 1790.9 3178.75
2014 464.488 941.828
2015 497.863 4622.18
2016 78.3838 1407.1
2017 2877.55 4217.54
2018 4438.11 3731.44
2019 248.294 1967.56
2020 901.694 1565.7
2021 3447.89 2115.07
2022 748.264 2252.01
2023 4235.24 1639.55
2024 1296.17 2011.86
2025 237.747 557.723
2026 1392.22 4550.32
2027 3561.55 4628.61
2028 2708.66 1206.67
2029 151.631 1073.54
2030 698.841 2627.48
2031 3714.18 2307.56
2032 2482.07 838.036
2033 1259.06 3387.28
2034 1076.1 42.0517
2035 4224.61 2349.62
2036 3328.03 4027.64
2037 1198.23 2598.14
2038 4629.99 3690.38
2039 226.515 1905.31
2040 2968.77 425.545
2041 4358.45 2451.22
2042 2986.85 1380.22
2043 4112.05 2923.69
2044 1126.34 1226.07
2045 4407.15 1096.42
2046 762.354 164.396
2047 3076.05 237.793
2048 3350.07 595.793
2049 1140.15 3883.11
2050 2004.64 757.882
2051 1607.71 4044.8
2052 3652.48 2024.28
2053 1962.04 3802.06
2054 3996.73 4614.64
2055 3241.32 2768.99
2056 1270.67 1845.27
2057 3574.16 2928.27
2058 44.7642 4218.67
2059 3449.77 2597.09
2060 2796.59 4059.72
2061 2570.54 4097.21
2062 624.152 4063.57
2063 3129.93 318.387
2064 3699.92 1685.15
2065 3997.24 524.241
2066 3263.32 4411.22
2067 4340.12 4016.58
2068 643.962 577.963
2069 4033.55 4435.55
2070 236.114 656.502
2071 4135.54 4216.08
2072 1770.42 3801.1
2073 4528.39 4568.78
2074 358.63 1502.36
2075 3008.36 2618.69
2076 1775.96 3594.06
2077 3694.13 3024.86
2078 3418.97 1394.85
2079 3362.6 1862.73
2080 2518.41 579.058
2081 571.299 2033.8
2082 4139.8 4086.26
2083 3542.11 4561.18
2084 158.625 1088.34
2085 3344.15 4167.61
2086 4413.42 2570.4
2087 780.766 2621.9
2088 1253.22 3185.28
2089 2733.66 3881.53
2090 4112.13 2667.93
2091 2039.79 741
2092 645.785 4246.38
2093 615.173 2496.38
2094 4265.44 4376.46
2095 565.454 2172
2096 2602.94 4592.57
2097 1901.83 4435.9
2098 845.784 536.293
2099 3317.1 4541.1
2100 3974.69 132.008
2101 2450.91 1782
2102 3312.34 3373.28
2103 2060.19 541.005
2104 398.522 929.773
2105 4148.49 3107.22
2106 3344.86 94.396
2107 4150.98 3476.98
2108 1517.72 1504.39
2109 4496.93 3202.1
2110 1663.62 1287.44
2111 3564.78 2739.43
2112 884.32 3580.35
2113 4505.4 3885.51
2114 1611.4 4043.8
2115 1383.54 523.936
2116 4360.14 411.119
2117 850.065 3374.54
2118 2172.17 973.282
2119 3717.88 502.53
2120 2396.22 3299.66
2121 1327.62 1807.17
2122 4018.66 3375.04
2123 3186.87 4599.12
2124 4078.17 474.324
2125 4620.18 3980.13
2126 3952.84 4029.22
2127 1858.27 1169.53
2128 3286.7 4566.44
2129 1839.27 3964.19
2130 4160.92 2779.68
2131 2617.47 3379.7
2132 4397.67 4163.04
2133 1889.92 888.731
2134 1314.4 3170.87
2135 1623.34 811.845
2136 4544.52 3931.57
2137 2225.38 3187.12
2138 977.507 4003.84
2139 1999.12 2467.97
2140 4180.75 2145.26
2141 3649.48 1341.61
2142 3465.85 1582.13
2143 3379.01 2379.75
2144 2769.49 4276
2145 1551.84 517.536
2146 874.953 3601.77
2147 4127.97 1010.08
2148 3006.47 1536.27
2149 2513 3367.5
2150 2641.44 3827.09
2151 763.574 2830.87
2152 1962.73 458.806
2153 1237.94 2436.95
2154 2174.26 516.583
2155 2209.37 2579.65
2156 1339.18 4056.18
2157 3378.82 1847.39
2158 3337.74 2184.21
2159 3754.86 1864.3
2160 2200.97 4571.54
2161 3004.92 1410.94
2162 1186.6 2796.28
2163 1685.85 947.869
2164 2012.62 3490.2
2165 362.256 3574.94
2166 2520.09 1206.35
2167 4049.85 3630.8
2168 3517.89 2970.01
2169 2364 3581.22
2170 3218.33 4490.46
2171 149.181 3483.78
2172 4419.39 1691.53
2173 3643.47 3679.53
2174 2609.27 956.474
2175 1515.18 4619.92
2176 2488.98 2060.98
2177 1983.37 1305.61
2178 2288.12 4146.45
2179 4597.45 1542.56
2180 268.982 3693.21
2181 3043.24 1826.37
2182 724.054 4488.12
2183 821.076 3510.08
2184 2963.29 1080.52
2185 4452.51 3471.49
2186 1479.87 3403.08
2187 2569.38 2650.21
2188 3145.63 1369.78
2189 2995.35 4567.75
2190 2339.72 4233.18
2191 227.375 3694.04
2192 377.355 35.8993
2193 2132.55 1790.9
2194 4050.83 1052.11
2195 2111.1 4240.57
2196 3039.14 1835.16
2197 589.488 2715.3
2198 2629.92 2942.22
2199 4496.71 774.906
2200 1159.31 2228.59
2201 189.756 3582.66
2202 412.785 1231.73
2203 3030.27 3943.29
2204 3728.36 4397.75
2205 4574.11 507.596
2206 645.658 2989.96
2207 2872.99 2097.71
2208 2599.13 2593.09
2209 2557.65 1937.88
2210 3584.67 3073.94
2211 3030.56 3678.83
2212 927.979 3010.12
2213 3699.55 1427.2
2214 2722.3 4072.4
2215 319.204 3848.72
2216 333.743 1635.06
2217 217.535 204.355
2218 1482.7 2125.53
2219 1394.09 1556.96
2220 3076.77 43.4868
2221 737.042 80.9498
2222 1605.69 1056.54
2223 669.454 1881.56
2224 1696.78 466.862
2225 4362.48 351.351
2226 3495.86 4179.07
2227 4264.75 2536.29
2228 1999.71 3065.77
2229 2745.77 2658.99
2230 519.981 1110.88
2231 3964.59 866.808
2232 3728.96 1528.13
2233 3473.79 2617.16
2234 286.132 2642.74
2235 3472.9 2673.76
2236 1058.78 3342.77
2237 2018.79 1600.24
2238 3707.81 3221.68
2239 3798.59 2069.95
2240 2917.86 52.6795
2241 4351.32 1799.71
2242 1580.1 762.976
2243 403.532 259.014
2244 4555.16 1001.77
2245 4067.95 2368.8
2246 384.851 1717.23
2247 2726.52 3641.08
2248 4151.29 2559.37
2249 1249.74 3036.72
2250 814.357 989.998
2251 4476.07 3482.79
2252 966.496 1865.37
2253 633.621 1592.55
2254 3635.9 1812.15
2255 3061.75 1299.87
2256 1565.8 4022.75
2257 2807.86 4272.41
2258 381.129 2628.93
2259 1181.27 4599.26
2260 2249.69 664.7
2261 2632.67 2950.55
2262 1401.94 1184.51
2263 942.818 506.646
2264 2371.01 3024.56
2265 1208.6 3193.3
2266 238.961 182.091
2267 2959.67 3261.92
2268 2835.59 3661.75
2269 397.876 4444.19
2270 3098.85 3057.89
2271 2248.93 1022.39
2272 1606.69 4138.29
2273 1905 2889.65
2274 579.082 949.58
2275 509.147 116.028
2276 2065.25 3328.77
2277 2323.06 1555.45
2278 2326.36 3919.44
2279 4558.97 3058.87
2280 4213.65 2997.78
2281 2075.58 2846.91
2282 2179.29 2750.75
2283 1577.06 2895.3
2284 175.971 1328.4
2285 1486.74 2455.52
2286 2689.98 754.824
2287 3243.07 669.045
2288 835.483 4091.95
2289 786.6 1694.12
2290 436.4 3176.86
2291 4024.44 92.3995
2292 874.792 2500.24
2293 2667.81 1302.31
2294 2455.33 3029.47
2295 4406.39 1447.98
2296 349.62 774.424
2297 3119.8 4252.78
2298 2429.98 4406.23
2299 4512.82 1161.09
2300 4120.61 3027.01
2301 992.935 58.2953
2302 1924.75 3291.37
2303 2529.78 2754.8
2304 3222.94 1186.36
2305 1581.86 3056.41
2306 4122.09 1738.73
2307 3139.69 1103.35
2308 1909.77 153.498
2309 4343.91 3931.39
2310 2952.88 2317.77
2311 859.194 3605.62
2312 4618.04 1245.92
2313 158.833 4266.76
2314 4629.83 386.704
2315 3088.84 2996.58
2316 3147.63 1022.93
2317 1975.94 3230.12
2318 1836.62 3693.12
2319 1165.2 3154.31
2320 142.28 3216.71
2321 4008.72 3679.04
2322 3104.1 2285.45
2323 817.689 438.465
2324 4176.01 2363.77
2325 2180.33 178.059
2326 1688.35 3174.74
2327 8.11465 2624.73
2328 3460.91 1101.05
2329 2174.23 3321.58
2330 2137.18 3852.99
2331 2859.5 2788.27
2332 892.365 3179.29
2333 137.238 242.809
2334 1391.95 82.8712
2335 1194.45 390.258
2336 3597.29 3620.87
2337 4110.3 3469.02
2338 2832.4 1380.76
2339 4133.86 3958.44
2340 1605.44 560.597
2341 1529.63 831.567
2342 1929.97 1047.01
2343 1599.74 3083.5
2344 2598.22 65.6335
2345 633.658 4519.76
2346 4456 1453.84
2347 3956.99 3416.59
2348 3815.02 3162.75
2349 1600.52 4540.11
2350 3568.05 810.161
2351 86.9783 2886.54
2352 2617.27 2401.26
2353 3942.78 2469.22
2354 2636.83 2468.03
2355 2158.36 1621.04
2356 2416.54 2886.37
2357 3405.21 507.983
2358 210.832 2799.01
2359 2321.64 3748.3
2360 2378.16 2379.33
2361 2.68464 2079.41
2362 4152.16 510.385
2363 729.107 2821.01
2364 2624.04 4051.99
2365 2239.5 1801.44
2366 224.226 2152.69
2367 4572.14 3045.93
2368 64.3538 544.757
2369 808.526 2916.15
2370 1666.65 1218.94
2371 4632.32 459.022
2372 2570.59 3949.52
2373 4347.89 2009.18
2374 4605.02 1374.45
2375 3812.79 2677.21
2376 1361.24 2265.72
2377 4087.28 2799.04
2378 2205.97 785.944
2379 830.125 988.439
2380 874.863 2017.47
2381 2099.89 99.1404
2382 4384.46 3574.22
2383 3802.74 4454.23
2384 296.368 4411.86
2385 3381 1357
2386 2389.44 1362.45
2387 551.986 1585.32
2388 3623.42 1957.38
2389 2034.19 757.685
2390 1857.76 3513.11
2391 3114.34 1908.6
2392 2641.45 248.859
2393 30.6802 4063.91
2394 2918.15 472.626
2395 3784.22 165.792
2396 2709.16 2998.89
2397 4146.23 4351.07
2398 116.648 4069.28
2399 401.667 3334.02
2400 512.185 1056.57
2401 2344.48 4347.54
2402 2729.55 3896.63
2403 3549.57 1720.85
2404 1233.33 3473.52
2405 3480.06 3503.84
2406 943.566 2106.49
2407 2546.53 644.64
2408 353.062 1174.27
2409 98.5272 3794.62
2410 1296.62 1618.49
2411 1920.23 8.90843
2412 924.374 1767
2413 3780.86 104.504
2414 3425.9 3167.45
2415 3992.44 314.797
2416 594.686 4199.74
2417 689.087 4061.28
2418 2013.09 4473.28
2419 4550.32 1360.3
2420 3777.7 880.775
2421 2487.78 3245.4
2422 1377.91 3483.08
2423 1122.81 3815.85
2424 3659.03 837.331
2425 4112.11 4159.93
2426 1185.33 2589.04
2427 3211.05 1915.01
2428 4466.52 3166.9
2429 3837.59 2438.8
2430 2787.04 931.522
2431 1889.6 1120.44
2432 899.928 2304.8
2433 411.743 2640.28
2434 3103.61 2525.24
2435 1107.71 2941.82
2436 502.336 2891.17
2437 2531.64 656.311
2438 2014.71 1218.24
2439 1415.83 3088.17
2440 2658.22 3930.1
2441 4455.85 3225.78
2442 1135.19 4444.78
2443 1088.31 2861.13
2444 1761.7 4439.29
2445 232.042 3690.47
2446 1996.34 4484.5
2447 3069.98 3779.77
2448 2804.49 3583.03
2449 1942.2 2077.77
2450 3737.28 1061.48
2451 4046.27 3370.55
2452 1458.3 163.549
2453 1655.01 227.653
2454 1302.06 2232.67
2455 2077.06 943.835
2456 3915.52 4312.46
2457 584.489 2939.93
2458 3181.13 322.847
2459 974.163 851.276
2460 2908.44 4139.1
2461 1526.69 2375.44
2462 2242 3037.69
2463 2092.84 1575.89
2464 3788.01 3845.76
2465 2669.02 1203.99
2466 2468.36 2242.41
2467 3857.96 1124.58
2468 2904.66 1767.51
2469 195.84 2634.32
2470 3575.73 3205.16
2471 3162.59 1165.93
2472 745.39 3393.94
2473 1883.49 501.066
2474 4087.29 100.653
2475 944.558 3551.44
2476 3722.24 1536.51
2477 463.857 1046.06
2478 4102.87 2349.99
2479 4011.29 1821.56
2480 2955.35 64.7167
2481 1781.05 3330.73
2482 2411.75 2232.04
2483 659.763 1943.26
2484 2011.93 3021.27
2485 3012.42 506.681
2486 4546.21 4122
2487 3630.3 2697.61
2488 1117.16 2549.62
2489 4600.07 523.542
2490 513.143 1317.22
2491 1986.1 2819.04
2492 1032.74 493.597
2493 2266.9 4634.37
2494 760.274 544.569
2495 3689.48 3792.79
2496 254.412 2390.94
2497 505.731 1519.98
2498 157.397 1021.15
2499 183.04 2075.83
2500 765.44 3886.9
2501 4098.48 2775.18
2502 4482.61 254.509
2503 1963.88 3471.5
2504 953.092 3856.57
2505 2000.06 3865.43
2506 1036.82 2899.85
2507 4000.25 4232.83
2508 4619.26 2660.95
2509 3940.69 3448.58
2510 2720 179.207
2511 146.767 553.235
2512 918.127 4359.34
2513 3778.44 3108.21
2514 1489.42 2524.96
2515 3236.69 3241.21
2516 3373.35 639.294
2517 561.964 2603.88
2518 2121.98 3862.4
2519 4343.62 3080.91
2520 4513.39 3488.53
2521 3012.41 791.09
2522 2810.09 3133.94
2523 3383.28 3079.91
2524 3302.14 241.989
2525 4633.33 512.692
2526 2259.79 3055.85
2527 2552.5 2570.23
2528 20.868 726.663
2529 50.702 1710.96
2530 2367.65 2550.05
2531 1919.55 3315.09
2532 1759.77 2619.97
2533 1731.75 3658.92
2534 202.145 841.22
2535 4482.2 264.512
2536 883.641 2237.95
2537 1110.57 3030.78
2538 737.658 1771.82
2539 1393.05 4020.67
2540 3220.97 3643.61
2541 4369.43 402.24
2542 1669.94 4208.05
2543 993.606 1130.98
2544 952.308 1233.3
2545 774.929 1435.83
2546 1208.17 3902.55
2547 2482.55 3736.1
2548 3127.65 2924.62
2549 1136.82 2304.98
2550 2120 2559.27
2551 589.933 3582.91
2552 2715.66 4580.37
2553 3936.01 3353.96
2554 3008.9 2418.74
2555 4472.65 2968.45
2556 1143.28 498.17
2557 1091.28 2495.73
2558 3511.64 2075.46
2559 3621.98 1302
2560 3561.32 1172.93
2561 4240.89 3599.11
2562 2981.75 4173.56
2563 3770.34 3695.23
2564 4438.62 3420.46
2565 2849.56 1824.14
2566 2224.28 2230.9
2567 33.975 1215.5
2568 1054.51 3461.22
2569 1609.1 995.674
2570 1117.78 2468.36
2571 1405.56 3694.06
2572 4285.09 3245.24
2573 4359.45 3416.47
2574 3427.81 737.559
2575 1237.83 2044.13
2576 4145.81 2765.45
2577 3280.69 4097.81
2578 127.612 1581.8
2579 3969.71 4552.41
2580 3499.73 4346.49
2581 3761.14 2877.76
2582 3375.06 2160.43
2583 2630.87 4287.77
2584 1050.63 3215.54
2585 65.9841 2074.77
2586 152.469 763.594
2587 2615.15 1401.48
2588 2685.33 2406.37
2589 2374.95 980.887
2590 2038.51 3767.63
2591 250.735 4070.97
2592 4464.14 1748.75
2593 561.816 4381.28
2594 875.303 4507.73
2595 486.736 3740.78
2596 1844.02 2179.54
2597 1812.76 2325.7
2598 3237.43 523.716
2599 3931.37 4076.92
2600 2834.08 4184.99
2601 2107.82 1439.01
2602 4494.95 4060.82
2603 3591.04 1588.13
2604 168.416 1258.6
2605 1770.51 4426.3
2606 2607.27 4482.78
2607 4404.5 4110.27
2608 3828.62 2446.98
2609 3386.69 2457.63
2610 4233.52 1153.56
2611 2321.02 3440.77
2612 1730.16 3657.86
2613 4012.24 3056.94
2614 2433.5 3899.29
2615 374.969 3964
2616 1470.23 2730.28
2617 608.806 1661.14
2618 1654.31 3381.85
2619 1423.45 1631.25
2620 2346.77 598.928
2621 2259 2316.95
2622 2097.02 572.416
2623 3773.09 636.187
2624 409.162 3988.65
2625 4431.88 921.673
2626 1028.88 1520.86
2627 1274.26 4349.41
2628 26.4261 2188.37
2629 3015.62 1607.32
2630 2903.86 197.873
2631 2380.22 3098.35
2632 613.476 2303.89
2633 1515.62 1655.47
2634 710.883 2662.46
2635 3425.47 4367.2
2636 739.517 957.914
2637 562.699 4488.69
2638 3554.92 3819.45
2639 1348.01 1428.07
2640 2954.17 3823.86
2641 525.711 1253.6
2642 3350.25 30.0602
2643 78.3903 2909.75
2644 3637.68 4150
2645 3363.02 4387.02
2646 2309.34 1399.18
2647 2383.9 2741.65
2648 1231.55 670.804
2649 3374.75 4098.72
2650 1552.65 1369.64
2651 725.891 4090.38
2652 383.976 435.947
2653 2274.81 1435.7
2654 2853.32 1467.86
2655 1927.26 2250.59
2656 3736.71 1711.71
2657 4203.12 3197.78
2658 276.185 2172.7
2659 2477.36 3775.87
2660 3737.17 962.949
2661 4305.04 742.877
2662 1034.61 817.944
2663 1409.53 2054.53
2664 2152.46 4469.08
2665 2857.93 3768.33
2666 2531 4237.54
2667 1109.31 2327.62
2668 2610.47 4405.23
2669 3953.67 2330.14
2670 4547.18 2865.72
2671 4180.57 1143.14
2672 803.251 2433.12
2673 997.278 237.589
2674 903.771 1256.12
2675 2942.2 3522.56
2676 2044.15 708.218
2677 3790.37 1673.92
2678 3237.12 1464.52
2679 3772.25 3290.65
2680 4377.5 725.23
2681 10.4016 2940.32
2682 1542.85 331.255
2683 959.334 1487.5
2684 165.041 2435.63
2685 4135.38 2589.15
2686 3904.54 684.086
2687 3650.14 138.485
2688 1273.61 2727.83
2689 1226.71 2936.21
2690 2217.71 1608.45
2691 465.993 3965.51
2692 1097.44 2299.03
2693 4080.24 2023.79
2694 1736.22 3748.31
2695 641.671 4090.61
2696 3149.76 3879.78
2697 2967.59 691.636
2698 2671.69 4290.05
2699 963.597 4596.2
2700 1117.15 3980.43
2701 4433.39 2762.28
2702 472.404 3431.83
2703 4501.55 790.871
2704 3443.16 3405.27
2705 1967.7 1055.9
2706 3861.89 1570.53
2707 3970.53 1324.8
2708 2539.45 4581.49
2709 4136.95 1442.17
2710 3957.09 2479.73
2711 4155.26 55.722
2712 1236.07 1958.23
2713 3326.8 1757.26
2714 4366.28 2581.87
2715 3124.6 4475.22
2716 1071.41 2672.12
2717 4046.78 3452.57
2718 406.623 2853.28
2719 3257.55 2901.52
2720 588.238 3770.96
2721 2336.32 302.217
2722 607.317 356.953
2723 628.782 949.338
2724 3307.46 1282.46
2725 954.664 3498.58
2726 3163.26 697.137
2727 1642.37 720.991
2728 2097.29 1181.85
2729 2337 2449.31
2730 2321.31 3732.68
2731 3900.95 165.669
2732 1431.39 1378.36
2733 3292.14 2404.29
2734 4024.01 1619.81
2735 3708.24 3294.18
2736 3334.13 4375.68
2737 1504.09 1765
2738 3964.65 3678.5
2739 2920.8 3687.32
2740 3856.17 2805.5
2741 140.137 448.455
2742 3427.75 3344.64
2743 611.584 4569.35
2744 937.608 2343.36
2745 3741.34 2519.51
2746 2717.14 3079.25
2747 893.047 3439.73
2748 3064.53 497.402
2749 1536.64 343.125
2750 1967.84 234.983
2751 1731.51 2809.43
2752 2040.62 3377.16
2753 2985.79 4063.81
2754 555.62 1115.23
2755 3477.31 616.427
2756 783.301 1495.6
2757 566.302 3302.1
2758 529.234 737.096
2759 3666.84 4169.62
2760 2973.38 3051.08
2761 3726.17 4354.05
2762 4564.83 1360.65
2763 2465.02 2700.2
2764 3271.44 1925.69
2765 1566.91 1216.79
2766 2642.09 4326.13
2767 2107.55 1379.98
2768 782.702 1149.73
2769 391.495 3783.92
2770 1264.55 3863.95
2771 810.912 1911.54
2772 3259.14 3396.38
2773 2534.95 2477.23
2774 18.833 2759.97
2775 4455.16 2514.9
2776 2663.13 866.252
2777 4459.7 1283.66
2778 337.516 3533
2779 2989.42 713.592
2780 1465.8 3136.78
2781 2559.86 1507.1
2782 2317.22 2762.34
2783 2378.15 2417.09
2784 986.899 1633.94
2785 655.701 3878.29
2786 2769.32 3521.59
2787 2030.89 1696.34
2788 2574.51 4307.67
2789 1455.15 2072.62
2790 1259.71 1266.21
2791 1253.13 2012.37
2792 4607.43 1290.91
2793 3615.48 2880.8
2794 3975.73 3319.98
2795 1173.53 2592.3
2796 1801.15 4192.19
2797 813.857 3767.71
2798 1147.61 1689.75
2799 1845.49 2490.37
2800 692.621 783.117
2801 973.373 4428.58
2802 3127.33 245.443
2803 2041.66 3844.05
2804 102.601 1025.82
2805 3231.97 3604.44
2806 4159.68 2180.79
2807 3620.92 1783
2808 3108.13 2744.06
2809 2153.77 3373.9
2810 3018.77 4631.47
2811 3170.07 2392.49
2812 236.87 1785.62
2813 3490.71 357.243
2814 2157.45 1317.67
2815 3908.13 4484.81
2816 2510.65 2103.44
2817 3792.57 4254.19
2818 4521.75 268.553
2819 3666.25 275.152
2820 1870.57 4422.09
2821 1993.49 4131.41
2822 2376.66 3318.46
2823 3408.84 3109.86
2824 1953.97 2495.35
2825 2762.38 2976.55
2826 4585.09 2033.46
2827 348.834 1428.53
2828 4324.74 2071.51
2829 4022.17 2347.71
2830 1998.81 3677.26
2831 639.932 2682.02
2832 1831.06 1253.43
2833 2245.3 1313.64
2834 4046.33 1832.08
2835 1756.97 2072.47
2836 708.289 3505.61
2837 2751.65 766.888
2838 3681.58 4471.18
2839 4528.74 80.1345
2840 1572.13 2643.95
2841 2354.75 1437.77
2842 3590.07 3186.18
2843 1169.15 1172.71
2844 2313.35 1061.41
2845 1437.85 2635.27
2846 1708.36 748.654
2847 2747.68 1847.58
2848 1914.74 3711.58
2849 2127.32 226.007
2850 3800.37 4218.37
2851 3020.86 763.327
2852 4175.09 1541.18
2853 413.8 3602.66
2854 2699 1406.54
2855 2383.52 2304.57
2856 4535.02 204.41
2857 2491.79 150.719
2858 2002.8 815.237
2859 3315.29 1122.41
2860 2649.21 1047.76
2861 4363.01 4125.91
2862 3317.62 1720.63
2863 1394.8 2497.56
2864 3594.91 4031.21
2865 2474.78 2116.7
2866 4294.02 862.396
2867 1283.76 3374.31
2868 2426.46 1007.79
2869 3764.72 2904.9
2870 739.723 732.015
2871 2697.97 4101.62
2872 3393.93 2609.79
2873 4324.85 214.653
2874 1336.81 438.038
2875 3998.66 880.959
2876 3373.62 3067.44
2877 433.9 2448.99
2878 1136.3 2508.77
2879 1163.18 436.094
2880 1477.28 1626.76
2881 206.099 1207.34
2882 3372.75 1403.97
2883 611.672 1874.22
2884 3996.99 3018.94
2885 2822.01 1785.07
2886 4190.44 3771.97
2887 2885.89 2515.04
2888 599.8 807.783
2889 335.964 46.9188
2890 4577.64 2467.16
2891 3305.24 1105.61
2892 911.584 2222.81
2893 859.284 2381.46
2894 650.253 163.858
2895 239.804 2092.97
2896 179.702 2576.13
2897 1257.92 4050.28
2898 4593.02 4111.32
2899 562.283 1157.99
2900 4505.36 4027.63
2901 433.431 2018.7
2902 406.152 3193.3
2903 3727.08 3012.23
2904 2805.92 2609.16
2905 1451.46 2793.52
2906 1008.19 3453.79
2907 1368.13 3940.14
2908 842.753 3895.35
2909 340.175 2864.15
2910 2401.77 1482.44
2911 921.627 3378.86
2912 3442.68 1734.99
2913 2019.36 981.297
2914 2810.39 679.366
2915 612.683 3998.56
2916 2270.07 1940.48
2917 1534.33 3418.8
2918 3993.23 525.523
2919 3834.42 2426.35
2920 1396.09 25.6101
2921 350.223 2821.45
2922 4631.75 2733.5
2923 487.037 453.305
2924 3626.58 609.756
2925 4343.4 2720.72
2926 2027.47 1841.55
2927 3794.39 1020.21
2928 4329.73 1044.54
2929 4015.39 594.386
2930 3882.5 2512.98
2931 2289.84 3082.55
2932 4279.63 4283.14
2933 4389.22 3832.13
2934 3550.84 2681.76
2935 2588.63 2882.46
2936 2102.78 443.438
2937 2933.18 1195.2
2938 1932.21 474.221
2939 2510.34 3725.51
2940 2125.33 4200.3
2941 1034.87 2365.93
2942 1876.27 2964.42
2943 1549.64 2603.78
2944 1403.48 4188.32
2945 3876.67 2018.63
2946 2056.94 955.414
2947 4563.5 4602.25
2948 1302.25 1505.99
2949 1667.52 954.557
2950 2266.85 328.014
2951 2351.28 434.835
2952 3145.8 254.194
2953 560.713 91.4879
2954 1478.86 3737.17
2955 2897.09 2331.75
2956 2748.7 2577.01
2957 352.786 3492.85
2958 4608.47 3076.05
2959 315.299 1446.05
2960 2862.9 682.692
2961 174.76 2888.16
2962 1348.8 1160.09
2963 4521.66 2696.23
2964 1323.98 3904.19
2965 380.098 3429.46
2966 2910.74 3120.25
2967 1471.21 1285.29
2968 3135.69 959.011
2969 1290.17 2481.56
2970 505.979 4503.59
2971 515.806 2964.21
2972 3348.37 2048.67
2973 1784.46 263.675
2974 687.357 4362.19
2975 571.322 2441.27
2976 2639.59 4056.5
2977 2453.72 1901.71
2978 1840.37 290.956
2979 634.769 2251.71
2980 2756.24 3448.01
2981 1883.85 4489.73
2982 4271.77 3570.86
2983 3825.3 938.48
2984 3479.73 3798.9
2985 3596.24 3038.46
2986 443.036 1179.32
2987 2468.55 2110.32
2988 3533.97 1758.73
2989 606.843 2532.96
2990 4348.6 2746.23
2991 1038.77 1810.84
2992 242.916 2759.16
2993 2539.28 1340.68
2994 3571.75 4143.8
2995 4145.8 3999.26
2996 2772.73 1394.42
2997 1582.53 204.042
2998 1057.78 956.51
2999 3909.7 2865.29
3000 2279.3 1753.33
3001 3063.11 302.783
3002 2978.7 3567.11
3003 965.48 3029.97
3004 1754.03 2835.26
3005 4338.63 1598.17
3006 4075.04 3091.98
3007 2086.27 1050.32
3008 3810.02 2171.66
3009 2385.93 1605.25
3010 261.636 4069.08
3011 1441.65 3628.26
3012 2112.71 919.575
3013 2720.44 4075.78
3014 2688.45 2714.04
3015 4135.61 3121.06
3016 4324.86 3875.47
3017 1528.72 1802.43
3018 3188.32 4555.12
3019 327.815 137.591
3020 4598.11 2561.94
3021 2074.11 2234.37
3022 23.7117 4359.77
3023 4204.02 3845.62
3024 2038.91 2808.97
3025 2356 3173.88
3026 513.098 4030.28
3027 1653.7 236.113
3028 2612.37 510.105
3029 2523.44 1994.09
3030 4546.43 539.361
3031 3905.78 1785.37
3032 2038.57 2700.53
3033 875.95 2934.21
3034 2345.37 1027.04
3035 126.645 936.06
3036 2962.13 2696.14
3037 2968.43 1096.14
3038 3087.24 3233.22
3039 2799.89 4334.31
3040 366.516 2330.69
3041 2392.79 3442.37
3042 277.259 532.817
3043 2344.12 451.008
3044 2240.75 1537.76
3045 3776.61 858.794
3046 3681.34 3129.89
3047 990.715 3456.31
3048 2788.37 4171.02
3049 402.497 4191.58
3050 715.559 2341.4
3051 4402.68 2775.85
3052 3810.98 835.271
3053 2405.21 1741.42
3054 631.813 2358.3
3055 1328.94 1169.2
3056 1127.82 2628.58
3057 4055.74 1807.66
3058 2583.8 3539.03
3059 909.95 478.712
3060 1544.38 2416.94
3061 2502.43 2093.2
3062 3142.24 146.541
3063 2543.75 622.312
3064 299.81 539.459
3065 1963.41 3233.69
3066 43.9895 3241.25
3067 999.621 1784.7
3068 4394.59 77.7071
3069 801.211 2373.74
3070 1071.24 994.91
3071 3625.68 643
3072 579.167 4319.79
3073 796.921 3546.32
3074 1255.84 1406.23
3075 2822.61 275.666
3076 2648.57 3756.69
3077 2567.78 469.395
3078 2783.84 3327.48
3079 3208.95 2359.86
3080 507.141 1099.13
3081 1280.83 1218.46
3082 3004.95 386.603
3083 1670.68 879.533
3084 1103.46 4.62976
3085 92.136 385.419
3086 1637.66 652.823
3087 2230.89 2591.56
3088 430.694 4413.15
3089 574.872 738.941
3090 2571.33 3694.25
3091 2320 1880.85
3092 537.544 870.011
3093 2582.39 3725.73
3094 2718.7 1419.94
3095 2063.78 4571.85
3096 1731.97 3222.4
3097 370.618 4455.13
3098 3498.4 39.8471
3099 1152.95 4543.51
3100 3294.13 1067.69
3101 3703.87 2306.6
3102 746.163 2253.44
3103 2606.03 2419.4
3104 2923.27 1810.02
3105 1530.43 3279.08
3106 2349.32 799.344
3107 2108.66 550.473
3108 1522.11 2212.32
3109 2756.39 2296.04
3110 676.267 2954.44
3111 1091.38 3395.94
3112 2093.88 1270.09
3113 4062.83 3220.51
3114 2459.48 1493.34
3115 3096.76 1653.26
3116 3357.11 4557.6
3117 13.0293 3882.54
3118 547.859 2095.17
3119 604.934 2758.19
3120 1486.54 2475.36
3121 445.701 2583.74
3122 2643.77 521.496
3123 3672.94 3106.52
3124 2580.3 666.62
3125 3417.93 1985.96
3126 2527.29 522.524
3127 1178.69 2575.5
3128 3767.02 1957.05
3129 4237.74 4080.98
3130 4493.1 4340.87
3131 4260.21 4055.4
3132 4592.07 1389.46
3133 1920.68 2862.49
3134 362.935 3344.36
3135 4157.96 2849.36
3136 3772.2 1984.06
3137 1656.73 1698.87
3138 2181.02 3416.23
3139 1407.52 1950.74
3140 381.696 2511.9
3141 4073.05 1946.31
3142 536.727 3853.95
3143 1367.6 982.624
3144 2362.48 2679.92
3145 372.445 49.5623
3146 2883.29 3639.81
3147 4615.5 4065.9
3148 2414.97 3036.69
3149 3935.34 3064.62
3150 2325.98 2001.97
3151 1576.41 2999.68
3152 532.109 3729.53
3153 3017.78 4455.81
3154 1204.5 2376.65
3155 3210.63 2909.57
3156 3425.43 3071.48
3157 2550.82 4099.89
3158 2044.35 3734.48
3159 2839.12 4360.43
3160 377.228 2188.26
3161 772.481 3974.72
3162 3392.85 191.785
3163 3732.15 1385.55
3164 2893.05 1992.74
3165 3294.95 3088.59
3166 2205.06 1441.69
3167 3912.15 3345.21
3168 3059.29 1841.41
3169 610.613 2626.04
3170 3634.21 427.089
3171 3068.46 2976.34
3172 2702.46 1322.71
3173 1652.84 4428.38
3174 3241.5 2716.36
3175 4364.78 2417.56
3176 317.457 874.753
3177 27.2114 2398.49
3178 1092 3603.74
3179 2055.87 4101.34
3180 2927.74 213.51
3181 4098.92 189.993
3182 4192.48 1125.32
3183 2289.64 52.2602
3184 801.289 1096.54
3185 1458.45 3631.95
3186 4189.93 586.011
3187 4139.04 932.665
3188 1090.33 316.271
3189 1734.89 4480.74
3190 884.645 3377.65
3191 1646.05 3664.11
3192 3254.55 1775.34
3193 4111.84 241.162
3194 162.839 2967.37
3195 1987.81 3281.16
3196 4406.94 1426.39
3197 3178.95 119.883
3198 2902.16 4477.41
3199 198.279 810.238
3200 4270.61 2123.74
3201 3071.4 4360.61
3202 2071.3 2867.13
3203 2323.58 2343.3
3204 960.423 1406.12
3205 4451.86 3128.5
3206 2417.76 179.105
3207 1585.17 3205.21
3208 1848.81 4452.67
3209 2627.09 2841.23
3210 3068.3 3248.93
3211 989.824 84.1935
3212 1075.14 3155.34
3213 397.485 3963.22
3214 1490.95 4003.04
3215 2640.98 2727.11
3216 1959.62 4051.93
3217 34.1114 4563.64
3218 1319.09 2766.65
3219 2593.97 1518.44
3220 491.648 2765.62
3221 4416.61 4120.29
3222 1020.46 1597.43
3223 972.766 1329.76
3224 619.608 1151.57
3225 668.904 926.105
3226 2288.02 2038.33
3227 2579.47 2946.88
3228 3376.18 1030.59
3229 345.271 4284.9
3230 946.089 4355.98
3231 1852.74 1150.03
3232 393.539 2122.87
3233 1582.29 3695.32
3234 4518.63 1934.01
3235 3137.89 2747.62
3236 3971.31 3797.71
3237 1301.69 890.491
3238 2392.41 1784.84
3239 154.481 425.298
3240 4391.4 3210.83
3241 2428.7 1776.19
3242 4238.24 1209.64
3243 3797.34 3334.61
3244 282.13 3004.24
3245 1838.12 2102.03
3246 2844.09 3344.28
3247 3077.63 2452.06
3248 4398.09 4405.68
3249 2315.13 1867.33
3250 2559.19 209.27
3251 2718.58 810.446
3252 4530.93 3714.01
3253 1777.71 4097.02
3254 3267.04 1771.44
3255 1657.32 2452.44
3256 1319.58 1372.27
3257 2304.43 4424.89
3258 2561.83 3519.68
3259 3137.99 3871.43
3260 2496.84 3374.12
3261 4397.41 4580.54
3262 1501.66 353.371
3263 1481.69 636.994
3264 4018.69 3711.76
3265 72.2793 3565.99
3266 3411.26 2661.8
3267 130.434 4096.16
3268 967.24 1818.66
3269 1577.07 3590.75
3270 2262.42 1910.11
3271 2258.79 1167.73
3272 616.441 3953.46
3273 3451.34 3116.62
3274 2486.86 3909.2
3275 415.531 1631.84
3276 1754.48 296.451
3277 986.935 3391.7
3278 3606.35 1334.92
3279 576.479 940.21
3280 3259.04 4415.98
3281 805.958 4554.34
3282 1604.17 132.485
3283 2870.63 3404.28
3284 2689.03 2889.93
3285 2889.01 603.666
3286 2237.03 2589.91
3287 2585.05 1743.49
3288 614.546 3139.5
3289 2629.44 2058.71
3290 1337.63 803.435
3291 3885.96 4399.59
3292 2622.66 1931.38
3293 911.251 4486.17
3294 4364.87 3813.83
3295 545.492 2645.43
3296 1590.34 360.483
3297 4533.44 2364.62
3298 2731.61 3495.02
3299 1811.79 2030.01
3300 3479.05 3270.98
3301 2929.2 4053.57
3302 4015.47 2952.95
3303 4034.72 3761.18
3304 4094.62 473.507
3305 2346.02 3067.56
3306 2237.93 1480.99
3307 1532.5 237.204
3308 1200.1 3352.64
3309 2037.94 3990.13
3310 460.73 3097.75
3311 3595.64 758.372
3312 4477.03 51.0685
3313 4079.76 3227.93
3314 401.281 3517.63
3315 1319.09 336.335
3316 2780.7 421.614
3317 2711.21 875.113
3318 234.306 2218.75
3319 3371.03 3417.08
3320 2830.79 347.286
3321 4404.11 1690.88
3322 3070.28 902.704
3323 3567.03 3797.23
3324 3853.97 908.568
3325 4245.96 1304.21
3326 2740.44 4280.84
3327 3797.74 2363.68
3328 948.626 2228.53
3329 692.093 1542.75
3330 330.221 4237.99
3331 2882.4 2173.02
3332 182.229 3220.54
3333 2347.84 62.9608
3334 2064.4 3412.37
3335 1394.04 1586.05
3336 1585.15 4207.48
3337 1674.92 3059.68
3338 4367.74 781.519
3339 2345.29 1461.34
3340 135.578 1888.72
3341 411.522 607.682
3342 3412.68 2838.68
3343 794.29 3052.83
3344 439.768 2337.74
3345 1598.99 402.316
3346 1753.52 3257.44
3347 3579.11 2411.96
3348 39.5669 3464.87
3349 1484.23 3253.19
3350 101.285 1805.94
3351 81.272 417.433
3352 541.914 2126.43
3353 2303.36 3936.08
3354 1020.88 2974.72
3355 2692.8 1826.23
3356 2531.13 2507.82
3357 3518.18 647.301
3358 1031.01 933.621
3359 1007.64 578.214
3360 2050.2 937.413
3361 2789.31 2171.58
3362 972.069 2353.75
3363 1411.56 2937.86
3364 164.241 3806.66
3365 1299.49 4429.3
3366 80.8347 3616.19
3367 95.2499 481.928
3368 2275.12 3861.5
3369 973.678 2277.4
3370 892.83 1364.31
3371 2477.57 1052.52
3372 1416.26 725.818
3373 4586.27 3056.59
3374 2374.3 2871.72
3375 2080.57 3646.6
3376 1534.94 820.766
3377 3301.47 102.164
3378 4242.82 3589.88
3379 4573.54 3888.63
3380 2773.98 4215.34
3381 3366.25 3720.44
3382 2623.54 1600.01
3383 1888.66 2960.89
3384 2105.69 1341.75
3385 2522.96 3820.36
3386 2637.1 2026.17
3387 3444.8 1124.39
3388 4386.61 687.23
3389 242.701 3106.2
3390 3809.21 3920.62
3391 3048 2452.62
3392 4357.68 212.29
3393 2156.99 596.487
3394 4383.55 1113.98
3395 3365.36 1771.75
3396 3134.35 2975.85
3397 1356.17 3475.22
3398 3329.88 2825.05
3399 860.185 4176.06
3400 3886.55 3258.73
3401 4623.78 525.413
3402 1910.02 2494.47
3403 2226.23 2575.49
3404 3563.09 2920.18
3405 773.747 1564.9
3406 3949.82 3156.49
3407 935.995 112.213
3408 4452.86 633.366
3409 4189.37 410.94
3410 3090.44 2168.39
3411 138.095 142.518
3412 538.875 2007.62
3413 1428.61 568.274
3414 1544.77 4121.28
3415 4373.34 23.7105
3416 30.0589 4604.94
3417 2212.82 371.41
3418 4139.1 1195.36
3419 1970.82 3359.97
3420 388.782 2034.88
3421 2845.7 753.99
3422 2568.33 4481.07
3423 3037.92 2776.95
3424 2771.65 2483.96
3425 4262.71 1881.58
3426 1615.94 2105.71
3427 3652 4017.65
3428 2885.84 3786.37
3429 935.971 3421.35
3430 1764.48 298.115
3431 1996.05 3652.36
3432 910.982 2336.1
3433 2401.6 948.829
3434 3836.07 4602.45
3435 392.332 4076.23
3436 2803.35 1465.52
3437 3506.52 3405.41
3438 3012.23 1939.67
3439 3381.92 1421.61
3440 938.03 4396.71
3441 252.065 3859.61
3442 1892.28 4525.8
3443 2908.64 3357.34
3444 2161.47 1645.6
3445 1835.13 1756.25
3446 742.782 3994.63
3447 2938.91 4162.68
3448 271.98 128.324
3449 3274.29 4325.64
3450 162.268 3924.95
3451 593.658 3213.65
3452 2034.03 2815.41
3453 2026.73 2425.57
3454 3118.21 886.913
3455 1995.35 2038.43
3456 3545.77 3419.32
3457 1890.14 1446.93
3458 556.136 350.537
3459 4347.3 1957.72
3460 4334.56 2308.63
3461 4057.61 4202.15
3462 4512.22 3727.81
3463 1000.79 2357.89
3464 3925.46 1011.71
3465 1048.07 1875.1
3466 74.6515 3417.7
3467 2599.37 1724.16
3468 4126.85 622.033
3469 1386.42 1111.07
3470 492.025 3082.83
3471 4501.25 4392.66
3472 3995.36 19.5624
3473 556.188 3861.64
3474 2199.05 2412.48
3475 3597.36 1071.16
3476 3260.61 4015.45
3477 3324.16 1695.85
3478 4263.35 3904.54
3479 2025.94 4575.5
3480 1525.46 2379.64
3481 299.772 2683.8
3482 12.1375 3426.95
3483 2621.43 2045.18
3484 3010.07 2579.08
3485 2331.66 708.063
3486 2536.21 3840.07
3487 2492.89 4052.76
3488 3125.96 3277.54
3489 3400.18 4099.67
3490 1442.7 3364.62
3491 2997.78 2653.74
3492 275.77 3176.05
3493 275.036 4209.58
3494 2536.9 1804.92
3495 3911.59 1709.03
3496 2399.17 4110.12
3497 102.114 435.216
3498 4380.14 346.08
3499 1583.54 1461.38
3500 849.67 1583.14
3501 768.051 2025.62
3502 1612.71 1239.59
3503 3780.21 3675.19
3504 1141.86 2272.96
3505 1219.45 1264.29
3506 3814.61 4077.67
3507 1366.39 3226.91
3508 3107.99 1577.7
3509 3390.28 567.046
3510 4597.51 4416.83
3511 1364.8 1345.02
3512 2963.41 1487.02
3513 2380.01 4111.32
3514 511.956 4624.01
3515 1933.46 2639.35
3516 3188.18 2814
3517 2028.17 4040.83
3518 2973.79 1812.98
3519 3359.79 4507.33
3520 4389.71 1861.39
3521 864.624 4246.59
3522 700.314 1010.9
3523 4585 197.419
3524 4403.04 2084.79
3525 1554.23 1597.91
3526 3823.77 3922.72
3527 2119.5 3911.92
3528 143.25 2627.25
3529 1257.63 4606.87
3530 1031.44 4415.41
3531 1536.62 1453.21
3532 2458.73 1534.25
3533 3390.35 3147.48
3534 3782.43 3416.39
3535 840.096 3360.96
3536 938.895 2348.48
3537 4518.19 4259.46
3538 1335.84 2929.06
3539 798.92 3524.6
3540 3190.35 1340.85
3541 2577.29 120.571
3542 920.091 2914.91
3543 3677.83 2799.52
3544 2718.72 1165.36
3545 3268.03 1297.53
3546 1059.65 4605.48
3547 1842.98 3542.09
3548 663.391 2076.31
3549 4117.72 3610.63
3550 440.625 3072.62
3551 4269.78 3655.62
3552 1490.07 97.1009
3553 3229.89 4089.47
3554 1484.35 4610.75
3555 2317.24 2784.2
3556 4551.64 3383.31
3557 4578.49 2150.54
3558 412.271 2759.9
3559 2356.71 4219.67
3560 2027.06 1242.85
3561 851.214 2169.99
3562 306.823 4375.7
3563 1950.39 3254.17
3564 8.78595 1342.4
3565 1625.24 2912.77
3566 3320.87 3775.04
3567 1607.44 683.486
3568 4503.47 3317.16
3569 994.176 1959.79
3570 673.201 3481.57
3571 358.767 4404.16
3572 779.989 256.365
3573 2410.98 3210.93
3574 3482.27 331.346
3575 56.4503 4559.42
3576 3264.74 4347.44
3577 2663.1 1088.77
3578 2102.76 3908.14
3579 3736.18 1310.13
3580 3385.02 3916.73
3581 4629.25 4488.14
3582 2044.38 3657.28
3583 4485.87 3126.71
3584 1692.86 4370.86
3585 1171.85 39.3531
3586 1315.74 2096.59
3587 1921.28 548.665
3588 1139.83 2773.73
3589 2997.26 1219.55
3590 696.941 3527.34
3591 3008.48 651.175
3592 2391.98 777.368
3593 972.636 1263.22
3594 3018.7 2212.23
3595 3485.79 577.062
3596 2758.96 1445.02
3597 4264.92 4355.17
3598 4076.49 12.0025
3599 3193.97 1495.82
3600 942.064 4020.83
3601 121.3 1187.55
3602 3570.43 1793.67
3603 3319.91 3043.49
3604 954.013 989.348
3605 1072.6 3470.19
3606 2582.75 1660.96
3607 2530.31 3421.88
3608 2131.42 2922.45
3609 433.483 3973.03
3610 3557.66 920.79
3611 1413.6 2334.73
3612 4039.24 1462.17
3613 2783.96 4414.49
3614 1788.24 4583.16
3615 1547.6 1609.19
3616 2611.31 3671.92
3617 238.813 2144.79
3618 3664.04 2696.76
3619 3767.34 3002.96
3620 2908.62 1252.92
3621 4236.37 4053.71
3622 2751.41 2406.96
3623 4064.08 104.072
3624 3686.63 595.601
3625 3454.99 1884.25
3626 3327.02 427.544
3627 1682.15 2218.28
3628 1321.83 2393.95
3629 3356.55 2870.32
3630 1788.89 3604.41
3631 53.9991 3254.94
3632 643.202 4455.37
3633 2586.08 848.629
3634 2027.7 1340.3
3635 4288.12 1752.54
3636 1572.86 2399.56
3637 1715.39 2751.08
3638 382.394 3345.84
3639 3324.24 4178.05
3640 1345.73 2574.58
3641 4246.66 4444.78
3642 3411.83 1303.46
3643 2361.95 1622.44
3644 2600.46 3213.93
3645 2969.92 1435.02
3646 2638.67 3700.28
3647 452.246 3497.28
3648 1118.53 1154.97
3649 2392.23 3521.64
3650 1795.1 1887.04
3651 11.2663 1655.01
3652 2074.15 3251.4
3653 4237.15 1521.39
3654 2214.45 188.316
3655 783.472 3722.85
3656 4399.61 1593.15
3657 590.536 2063.62
3658 1319.14 38.9655
3659 4121.48 1978.01
3660 741.768 2376.23
3661 1082.36 2758.19
3662 781.682 1367.96
3663 735.411 1723.83
3664 3574.7 2856.54
3665 4241.8 3020.04
3666 465.384 2253.41
3667 2902.55 3799.11
3668 2267.6 4087.91
3669 4609.37 4428.8
3670 2873.48 2091.1
3671 1873.83 2546.81
3672 1319.89 2662.27
3673 2184.88 1080.11
3674 1357.12 1456.91
3675 2506.55 2258.63
3676 3745.37 2156.69
3677 4568.83 3938.71
3678 2786.14 2496.26
3679 1701.43 682.579
3680 3122.6 3179.47
3681 4357.87 2636.75
3682 2774.74 2102.57
3683 3690.42 4401.69
3684 2362.48 872.1
3685 2227.47 3897.13
3686 1335.32 3251.52
3687 1497.81 1879.46
3688 1054.75 4320.08
3689 1840.95 1274.59
3690 4382.26 3625.32
3691 1405.94 2757.68
3692 3742.35 352.094
3693 1738.52 4345.62
3694 196.395 489.634
3695 4480.19 1157.51
3696 4165.27 4048.4
3697 4543.5 382.335
3698 541.773 2100.61
3699 1609.23 939.244
3700 135.569 563.277
3701 3472.85 1321.49
3702 477.158 3644.17
3703 4239.59 2390.36
3704 914.091 1962.09
3705 715.718 2636.75
3706 1672.64 2745.88
3707 427.468 641.002
3708 1982.67 2082.51
3709 236.07 2869.49
3710 3619.24 740.68
3711 2877.52 1393.51
3712 3340.56 2664.85
3713 3684.94 3589.06
3714 396.454 194.201
3715 2019.62 2402.76
3716 3405.43 3837.5
3717 679.732 215.105
3718 3356.54 2086.17
3719 1848.21 1973.16
3720 978.784 2168.84
3721 2701.13 93.3708
3722 4542.13 3285.4
3723 4539.29 4085.29
3724 553.818 1189.14
3725 2104.5 2062.58
3726 2047.73 4064.56
3727 2649.15 1930.29
3728 1166.02 4263.34
3729 687.455 2.69076
3730 3169.89 2583.18
3731 611.019 422.351
3732 3364.62 4391.61
3733 2757.91 3713.32
3734 4377.09 86.2492
3735 4628.99 2927.54
3736 2764.02 1043.01
3737 1587.07 1380.79
3738 2045.59 1247.08
3739 1954.76 538.573
3740 534.482 3747.55
3741 1936.17 3497.02
3742 2436.32 1464.49
3743 4219.09 4416.72
3744 1506.6 3372.29
3745 4271.31 905.316
3746 4099.13 2237.65
3747 4486.79 3548.53
3748 3251.14 3800.67
3749 4113.94 1933.39
3750 2345.66 1990.85
3751 2285.76 3937.19
3752 474.178 80.5829
3753 2424.3 337.135
3754 666.563 4197.26
3755 548.398 4307.09
3756 2018.68 2780.24
3757 4022.26 3353.66
3758 3295.89 2564.01
3759 1280.95 3762.66
3760 3060.03 242.219
3761 4008.24 98.7986
3762 3239.73 1766.93
3763 527.925 727.01
3764 2621.66 73.2629
3765 1196.73 652.504
3766 3124.12 1597.58
3767 520.52 1895.66
3768 3829.45 2819.69
3769 1120.97 3895.45
3770 3214.68 3462.41
3771 1696.64 2476.59
3772 2382.3 1162.58
3773 2347.17 3712.05
3774 2374.35 2749.82
3775 915.304 680.46
3776 2281.12 2851.91
3777 1374.57 3192.35
3778 2673.14 803.784
3779 4569.44 2710.7
3780 2959.04 3551.85
3781 2668.55 3157.78
3782 1169.53 2768.15
3783 4252.87 1681.22
3784 2740.85 2440.24
3785 4021.85 3697.54
3786 3492.83 2076.77
3787 998.234 1169.97
3788 3253.17 1847.92
3789 4442.12 3941.36
3790 3857.29 219.846
3791 4424.95 3425.04
3792 3417.81 1436.26
3793 1037.38 630.05
3794 2101.81 3386.01
3795 3843.85 2358.72
3796 593.61 2960.91
3797 2975.76 1329.42
3798 968.812 1727.04
3799 1072.54 3343.62
3800 3622.21 3485.06
3801 2938.5 2273.15
3802 2608.3 1477.44
3803 2413.38 436.482
3804 2284.24 3121.33
3805 1841.86 2284.91
3806 155.993 3113.25
3807 1336.65 755.723
3808 2116.49 2229.67
3809 4558.79 3735.14
3810 2536.75 1263.29
3811 1753.34 468.11
3812 2112.29 1122.37
3813 1162.29 808.001
3814 3005.99 2282.42
3815 2967.43 2323.84
3816 3315.7 3693.47
3817 969.605 509.826
3818 1749.46 1732.76
3819 2313.59 214.853
3820 1628.69 3140.64
3821 2901.85 674.436
3822 2462.96 442.177
3823 510.471 2897.94
3824 2808.94 2659.75
3825 3399.64 1275.71
3826 2913.15 3179.33
3827 2437 2373.53
3828 3052.57 3138.19
3829 291.853 749.542
3830 2328.78 2169.88
3831 2157.6 4334.92
3832 1761.02 4295.04
3833 2708.72 510.564
3834 2735.96 885.676
3835 4596.06 4573.26
3836 2481.45 3028.48
3837 1557.35 1539.88
3838 2165.76 2951.68
3839 3186.92 3561.58
3840 1457.5 972.917
3841 628.727 1450.42
3842 4057.19 1693.03
3843 2498.27 3669.92
3844 3709.48 637.275
3845 1354.83 3420.93
3846 4292.08 3554.76
3847 608.651 1697.6
3848 2233.2 2404.06
3849 3519.87 3592.71
3850 365.856 684.85
3851 1567.75 479.425
3852 874.538 4076.71
3853 838.909 2563.89
3854 2447.64 432.737
3855 3043.18 2997.39
3856 3373.79 3906.73
3857 2587.68 2996.6
3858 1732.59 260.145
3859 1631.08 970.564
3860 1216.54 2911.2
3861 191.424 1978.83
3862 359.409 2837.02
3863 4601.77 3682.63
3864 4148.87 3259.21
3865 4453.55 1632.84
3866 2807.73 925.452
3867 4097.89 1265.48
3868 1738.2 4516.45
3869 1712.55 992.876
3870 562.883 3053.17
3871 1859.44 2715.25
3872 2934.06 1791.63
3873 696.581 2600.77
3874 556.228 3090.91
3875 2147.62 3867.19
3876 1850.09 2489.97
3877 1915.98 3050.69
3878 3705.81 3853.27
3879 1194.01 4630.39
3880 2054.27 2435.72
3881 3201.9 278.661
3882 3328.9 4004.33
3883 804.072 4417.43
3884 3485.94 685.774
3885 1597.31 140.166
3886 2192.94 2291.87
3887 82.3173 1898.85
3888 3301.43 3535.71
3889 4100.98 3195.3
3890 598.654 1100.79
3891 3393.08 359.168
3892 2754.89 537.797
3893 3290.46 2912.97
3894 3707.07 473.044
3895 484.196 3308.41
3896 1614.86 662.469
3897 2585.83 3364.58
3898 3484.36 2433.18
3899 1844.97 4567.07
3900 3388.49 4480.36
3901 1958.55 1557.85
3902 4427.76 802.811
3903 390.482 2167.99
3904 1158.85 2396.3
3905 404.096 3544.6
3906 2348.24 435.017
3907 1113 2680.76
3908 1722.37 2885.05
3909 2411.49 1699.68
3910 1930.2 4388.15
3911 2530.53 130.97
3912 1700.56 2203.85
3913 1000.7 3480.97
3914 498.342 503.393
3915 1436.73 2671.46
3916 301.587 4273.24
3917 2195.47 3518.02
3918 1883.87 247.012
3919 915.994 3157.02
3920 3636.72 1999.55
3921 2507.04 4440.76
3922 1122.12 3761.87
3923 4368.57 856.913
3924 3658.65 2443.54
3925 3157.32 884.293
3926 468.636 854.141
3927 1974.12 3869.8
3928 2627.54 171.332
3929 4292.8 1623.93
3930 2174.82 2162.17
3931 2780.82 1825.3
3932 3067.8 3829.97
3933 3005.97 4549.84
3934 1229.42 4262.26
3935 883.275 1230.68
3936 2037 3487.25
3937 2609.63 968.633
3938 346.719 2021.52
3939 1489.98 4367.77
3940 677.244 2157.37
3941 3465.49 4418.8
3942 273.005 3857.83
3943 1676.46 4118
3944 2497.47 2513.99
3945 2274.52 374.624
3946 1426.93 383.483
3947 1877.34 2236.75
3948 1200.42 2960.91
3949 414.734 3854.22
3950 1718.46 2173.36
3951 224.678 1557.09
3952 2832.67 1313.01
3953 763.777 1214.11
3954 2861.21 4271.17
3955 2043 2063.61
3956 3279.29 1880.15
3957 210.336 3857.64
3958 271.983 1258.92
3959 746.531 1369.86
3960 1256.58 1907.81
3961 1264 1069.21
3962 513.873 499.559
3963 2344.38 3731.16
3964 2246.36 3955.58
3965 364.914 1194.03
3966 1493.62 703.158
3967 210.017 1381.93
3968 1153.41 1207.94
3969 2464.17 4539.48
3970 1191.12 3877.52
3971 2863.63 4468.85
3972 2572.68 3381.62
3973 2133.59 4561.14
3974 297.294 3704.92
3975 2462.07 3326.33
3976 1064.95 4369.94
3977 3418.75 2048.74
3978 3513.93 1405.21
3979 1009.84 3568.15
3980 1137.76 697.719
3981 465.044 2061.91
3982 1812.67 2276.8
3983 4531.27 4316.86
3984 1839.03 1763.44
3985 12.1268 2540.16
3986 1883.18 2357.51
3987 3183.73 4536.47
3988 240.522 940.623
3989 1553.94 3385.54
3990 4111.04 160.26
3991 1847.36 2264.12
3992 613.422 3179.4
3993 2846.98 2274.68
3994 1697.84 11.1132
3995 2837.16 499.846
3996 1182.23 364.712
3997 3551.8 355.864
3998 2872.29 679.13
3999 1000.64 1200.07
4000 1845.95 1677.16
4001 3541.4 4078.75
4002 2231.19 1249.71
4003 486.63 3253.28
4004 3905.88 4011.58
4005 576.484 891.14
4006 2893.67 1749.17
4007 3370.59 4195.83
4008 2473.64 2526.01
4009 3004.95 1163.56
4010 2567.96 3693.06
4011 2065.5 4560.46
4012 2538.94 1046.23
4013 4138.04 4159.24
4014 2202.92 847.814
4015 3519.5 2127.36
4016 4414.8 992.201
4017 2079.78 3838.51
4018 1899.13 4150.23
4019 4297.77 3439.7
4020 1770.41 3741.98
4021 3792.67 1971.36
4022 1607.63 988.117
4023 3657.77 2900.59
4024 1719.55 893.418
4025 1123.47 1075.84
4026 44.0877 3239.94
4027 1710.58 2730.01
4028 1818.88 738.202
4029 3544.12 126.138
4030 501.389 1028.7
4031 4166.54 2170.24
4032 859.459 2904.98
4033 131.013 1386.86
4034 2824.34 2968.07
4035 4111.61 1813.5
4036 3047.08 755.893
4037 2897.9 4026.79
4038 4469.49 4336.68
4039 421.099 3401.46
4040 3155.81 3827.08
4041 3286.89 3936.44
4042 521.925 1073.49
4043 558.704 330.838
4044 4364.69 3973.08
4045 1943.99 244.921
4046 2657.53 375.413
4047 3102.98 2209.89
4048 2738.93 4500.9
4049 877.002 4488.97
4050 2660.75 3534.12
4051 3674.87 4136.93
4052 3577.59 4405.51
4053 2531.71 2390.36
4054 593.64 1258.72
4055 151.561 3441.55
4056 982.405 4305.33
4057 526.817 893.707
4058 3639.58 2663.78
4059 293.59 491.558
4060 3249.88 3624.27
4061 261.417 4085.69
4062 3388.6 2368.69
4063 3964.46 4562.49
4064 2385.08 2357.84
4065 3070.62 493.574
4066 2814.92 2168.53
4067 3879.01 2926.46
4068 3796.47 4414.36
4069 4403.84 660.463
4070 1059.65 3216.07
4071 2083.45 914.606
4072 43.6279 1031.41
4073 839.842 2299.95
4074 143.053 4257.62
4075 4597.51 4556.37
4076 1658.42 3969.39
4077 2756.85 4495.06
4078 3976.07 818.4
4079 971.949 3351.25
4080 997.903 4551.42
4081 1660.33 1497.59
4082 136.217 3556.2
4083 4078.36 4395.25
4084 960.271 2455.33
4085 933.627 3161.15
4086 4177.52 2137.31
4087 2045.72 1616.23
4088 3456.43 2151.68
4089 1366 755.158
4090 4147.95 1910.26
4091 916.782 4575.65
4092 185.155 618.634
4093 3868.05 122.756
4094 1448.06 3187.19
4095 3968.49 2766.23
4096 660.371 1901.99
4097 4244.85 3852.95
4098 1060.17 3085.54
4099 3072.03 2221.18
4100 2383.29 1111.21
4101 2424.63 1938.03
4102 4473.17 1993.6
4103 4118.93 3165.51
4104 4387.99 3650.46
4105 2836.74 172.091
4106 2170.13 409.275
4107 262.661 2139.35
4108 3859.56 821.543
4109 451.767 4026.69
4110 2828.29 671.127
4111 3374.91 3796.74
4112 1005.68 3166.15
4113 2060.62 76.7789
4114 2923.19 123.883
4115 2581.42 249.389
4116 431.78 3115.83
4117 2543.13 270.152
4118 450.399 497.516
4119 1325.24 373.081
4120 2794.35 750.807
4121 4201.77 4587.16
4122 1546.93 2702.52
4123 656.393 197.787
4124 1414.42 844.929
4125 759.591 4339.15
4126 2524.67 1236.36
4127 2238.77 989.649
4128 584.293 997.78
4129 173.856 3418.76
4130 164.771 3435.49
4131 3932.67 705.454
4132 2183.58 1963.2
4133 1410.5 939.397
4134 1768.41 4042.46
4135 1372.64 2290.23
4136 3958.1 3448.74
4137 4368.92 3621.13
4138 1007.15 1517.35
4139 3917.99 3830.97
4140 1696.61 82.4506
4141 3000.07 3460.19
4142 409.691 4088.71
4143 4449.34 1210.27
4144 1467.66 4529.76
4145 558.33 1043.14
4146 1586.7 2303.42
4147 534.122 3709.81
4148 4122.06 103.548
4149 141.046 118.779
4150 510.569 885.433
4151 724.624 1106.44
4152 4231.62 1638.9
4153 2541.75 186.225
4154 428.008 3636.26
4155 4072.57 1557.56
4156 2189.55 1799.19
4157 3251.37 1439.16
4158 1144.6 2930.84
4159 4400.47 2001.05
4160 2229.85 1935.42
4161 4401.87 3026.07
4162 968.225 3047.07
4163 1655.17 3715.03
4164 3799.92 3294.72
4165 255.679 886.357
4166 1373.83 4212.06
4167 3878.6 3102.91
4168 3056.89 3402.54
4169 1574.09 3539.63
4170 1467.83 2523.12
4171 29.6079 2681.62
4172 1771.52 2906.93
4173 4374.48 2835.23
4174 350.889 2459.06
4175 1730.97 268.384
4176 1378.13 2519.2
4177 2270.11 3950
4178 823.501 2283.57
4179 2117.27 3451.24
4180 1297.92 2526.67
4181 3545.36 2000.92
4182 86.1719 2321.48
4183 3451.55 344.976
4184 1672.77 131.31
4185 3456.9 4263.15
4186 3903.26 3220.55
4187 224.419 3668.83
4188 1632.75 3673.2
4189 4543.66 1224.78
4190 4434.59 867.126
4191 2896.42 3964.95
4192 1440.57 2106.29
4193 3475.36 61.1399
4194 415.551 2739.56
4195 2164.26 266.068
4196 1096.3 3348.46
4197 3200.61 1050.7
4198 4375.08 3482.48
4199 2564.23 2176.52
4200 1179.86 1128.96
4201 1467.22 4125.7
4202 522.087 689.759
4203 4260.85 708.228
4204 2441.73 981.672
4205 1490.6 1159.18
4206 1741.23 4005.38
4207 577.582 2410.37
4208 4572.35 605.178
4209 252.778 1423.73
4210 2346.43 1534.01
4211 308.419 3335.53
4212 3658.59 3722.04
4213 3578.67 835.712
4214 4406.37 3706.65
4215 1179.65 664.2
4216 531.71 1233.56
4217 686.325 2673.22
4218 1780.69 773.965
4219 2319.43 4479.84
4220 347.44 2085.46
4221 3047.75 3798.47
4222 3213.91 1505.49
4223 4375.55 939.171
4224 1566.01 1107.75
4225 2544.46 4016.19
4226 2881.76 4304.86
4227 1743.98 2567.13
4228 3585.3 2240.93
4229 849.136 2827.66
4230 1635.83 1399.19
4231 1587.18 3385.63
4232 4416.92 1999.99
4233 316.825 2920.42
4234 435.803 3016.36
4235 250.444 19.5185
4236 2540.53 2612.66
4237 4505.02 2160.39
4238 3720.18 479.94
4239 3639.85 2963.17
4240 2479.16 3048.2
4241 2776.43 806.364
4242 3804.26 4467.79
4243 3119.46 1043.85
4244 2663.2 3168.81
4245 3224.81 1925.41
4246 1342.92 1979.8
4247 4271.8 431.559
4248 206.823 2224.1
4249 1090.24 352.046
4250 4216.22 3808.31
4251 3863.18 2596.38
4252 2094.07 4607.26
4253 3539.45 3039.67
4254 248.853 4571.95
4255 2483.97 1362.17
4256 4029.03 1674.73
4257 400.126 3951.54
4258 943.872 873.108
4259 2746.57 3355.68
4260 2916.11 233.463
4261 3433.48 905.283
4262 3325.22 2941.99
4263 4593.87 2926.89
4264 3411.9 68.7253
4265 2857.14 371.741
4266 4629.89 1945.64
4267 1195.2 1779.95
4268 2272.55 3428.97
4269 3979.73 3955.51
4270 634.235 1215.82
4271 697.213 3578.56
4272 1271.04 1675.71
4273 4625.55 642.459
4274 323.536 2678.25
4275 613.338 16.7187
4276 2929.74 4315.98
4277 1896.27 1490.15
4278 2376.92 3364.02
4279 3541.41 3670.29
4280 3240.05 2975.02
4281 2648.54 753.436
4282 2370.46 965.62
4283 2790.68 706.026
4284 1658.95 1367
4285 1407 3036.63
4286 3917.45 2134.08
4287 673.348 3643.6
4288 2127.92 1807.46
4289 2308.28 3318.55
4290 1996.67 2742.96
4291 3945.05 994.675
4292 764.474 201.704
4293 2212.89 4568.81
4294 3532.3 4486.16
4295 2732.04 1403.44
4296 3574.04 4380.57
4297 2139.18 3029.02
4298 513.483 497.943
4299 920.45 1066.67
4300 4086.71 2724.21
4301 791.949 2168.42
4302 2142.05 2414.42
4303 918.276 2052.65
4304 2668.76 1728.29
4305 2347.86 4180.47
4306 1560.94 1737.3
4307 1544.48 3107.64
4308 1540.03 4413.96
4309 2076.14 1035.08
4310 3392.73 1226.03
4311 4100.08 550.518
4312 3828.24 2482.98
4313 4562.68 2060.59
4314 3996.35 2192.84
4315 701.161 3941.89
4316 712.569 3906.03
4317 1674.11 1356.45
4318 1710.08 2839.28
4319 1439.43 1571.53
4320 3507.97 4565.95
4321 1986.69 3759.69
4322 857.062 4275.57
4323 294.41 3265.28
4324 764.339 4607.65
4325 854.18 3641.39
4326 939.009 1115.21
4327 4013.46 3534.3
4328 2800.42 161.107
4329 881.679 1000.06
4330 3886.79 4626.27
4331 3664.59 4609.68
4332 3608.68 267.284
4333 1357.1 597.366
4334 1734.96 4469.75
4335 2873.6 2044.49
4336 2932.03 1559.43
4337 877.334 2958.53
4338 3020.18 267.316
4339 2458.09 3617.3
4340 1678.71 1641.4
4341 1681.6 1840.32
4342 19.2158 3984.42
4343 4362.25 4057.06
4344 1445.31 2296.64
4345 117.36 3135.38
4346 1766.76 60.0738
4347 1884.58 1846.56
4348 2825.87 2768.49
4349 2065.07 2754.55
4350 4036.12 2225.81
4351 2337.82 2703.35
4352 401.79 4148.66
4353 1876.78 3890.46
4354 1791.84 1309.71
4355 594.525 1257.59
4356 142.938 1924.97
4357 1632.48 208.801
4358 1697.8 3265.32
4359 4347 340.941
4360 1165.34 3012.06
4361 1010.03 1440.38
4362 344.202 23.4312
4363 964.653 4434.54
4364 136.559 4419.95
4365 1217.38 4196.81
4366 822.939 3918.48
4367 541.751 4068.1
4368 892.45 230.474
4369 3044.53 3815.09
4370 503.443 3853.21
4371 2204.67 3824.2
4372 1481.35 4230.5
4373 434.832 1777.5
4374 991.045 2186.74
4375 3345.41 3829.8
4376 593.161 4315.92
4377 2004.83 1475.98
4378 997.903 2967.42
4379 1027.68 3047.76
4380 4232.25 3033.87
4381 3906.31 3371.38
4382 1505.53 2303.82
4383 3294.61 2342.66
4384 4185.97 2539.11
4385 2964.3 1134.81
4386 16.2435 2423.36
4387 2671.16 3440.07
4388 3040.05 3506.18
4389 1269.18 817.225
4390 560.908 4566.76
4391 2259.15 2719.53
4392 2131.55 3073.45
4393 394.181 4257.57
4394 2781.43 1351.42
4395 828.285 1926.86
4396 930.011 4539.49
4397 3571.84 2322.45
4398 1665.22 596.421
4399 995.081 2252.88
4400 3880 4549.79
4401 980.631 2517.26
4402 3459.41 277.919
4403 2523.81 163.756
4404 3764.27 39.8308
4405 3951.82 2860.17
4406 2973.9 4528.07
4407 4608.86 143.639
4408 4201.15 2633.99
4409 116.951 3577.44
4410 1458.04 4183.58
4411 1531.62 1161.63
4412 2075.56 4323.43
4413 2861.99 3498.84
4414 1503.5 2133.69
4415 4174.76 1151.75
4416 453.192 4012.47
4417 261.651 406.953
4418 2899.28 2989.8
4419 2742.49 1878.21
4420 4230.43 2718.66
4421 260.832 1686.86
4422 3440.47 3579.14
4423 1594.2 4429.08
4424 182.205 251.077
4425 3365.44 526.472
4426 3301.52 1821.05
4427 968.567 2235.81
4428 1207.33 130.662
4429 43.4721 130.564
4430 1301.6 3528.23
4431 3532.34 2253.45
4432 37.5816 453.866
4433 4396.12 2859.77
4434 2873.98 895.817
4435 891.343 3990.9
4436 3181.26 83.3199
4437 50.3898 153.665
4438 3648.82 971.869
4439 3925.28 3184
4440 1562.65 3665.78
4441 2921.88 500.316
4442 2695.47 1175.79
4443 3156 941.779
4444 3950.5 4506.6
4445 4479.96 4400.03
4446 3627.71 438.033
4447 3382.88 3348.65
4448 311.265 1693.6
4449 257.523 2805.74
4450 2078.12 4296.21
4451 4222.04 1068.99
4452 3287.24 4177.1
4453 1686.32 2139.35
4454 4361.5 3861.65
4455 2093.61 2732.15
4456 4421.37 3565.76
4457 3566.6 3663.17
4458 3452.22 3439.93
4459 3552.24 602.025
4460 2904.63 2547.74
4461 3114.81 2269.71
4462 2260.32 2358.81
4463 1560.11 341.18
4464 700.11 4427.38
4465 1347.41 666.595
4466 2597.41 616.981
4467 2002.29 1889.17
4468 2754.35 65.7676
4469 3383.67 2696.97
4470 835.546 77.2788
4471 2727.17 157.863
4472 356.34 2030.95
4473 3856.8 1440.66
4474 1761.02 3275.61
4475 3824.24 4027.35
4476 1259.5 1430.09
4477 1460.31 2947.18
4478 507.597 4585.85
4479 1401.95 2783.63
4480 3499.87 2593.91
4481 968.354 337.966
4482 239.187 3520.18
4483 1289.12 3335.15
4484 2221.78 730.918
4485 581.326 350.028
4486 3933.18 3240.31
4487 3355.45 203.906
4488 776.629 3014.82
4489 2077.83 1949.05
4490 951.54 2475.92
4491 4020.15 1257.8
4492 4251.73 3190.59
4493 2770.56 3759.12
4494 1187.11 1773.9
4495 522.065 3049.57
4496 1636.78 3224.95
4497 941.273 1447.1
4498 3304.26 3498.11
4499 2598.52 1839.96
4500 1004.17 2147.35
4501 4286.77 1392.6
4502 668.734 1332.96
4503 85.3543 4326.59
4504 4275.99 367.095
4505 3310.66 1575.05
4506 4272.74 1260.2
4507 3458.8 2307.17
4508 63.7115 1431.93
4509 4404.26 4310.75
4510 259.134 3934.34
4511 2941.5 4449.29
4512 34.2696 4551.01
4513 1731.58 3693.38
4514 1368.81 2845.38
4515 3122.68 722.162
4516 2175.14 4200.24
4517 2434.93 1123.93
4518 1536.07 3276.26
4519 3829.56 197.327
4520 3891.32 868.177
4521 4082.81 2592.14
4522 1326.2 554.983
4523 2157.72 2917.24
4524 1929.03 2660.25
4525 486.846 354.93
4526 1861.48 2871.06
4527 380.162 2834.65
4528 3513.84 1069.71
4529 1015.42 2785.23
4530 4169.43 221.572
4531 565.526 2269.57
4532 4023.94 4516.79
4533 1340.69 3309.65
4534 3530.52 3971.47
4535 3225.77 3233.69
4536 1889.1 126.239
4537 3934.42 3717.35
4538 477.988 563.073
4539 1047.73 4387.03
4540 199.012 2066.22
4541 4540.82 2017.11
4542 3575.34 2078.26
4543 2111.72 2220.2
4544 2505.41 1494.88
4545 3641.44 2992.93
4546 115.094 4156.93
4547 3302.5 1881.48
4548 4395.98 4033.89
4549 15.4383 597.818
4550 3643.55 1179.49
4551 265.364 3356.36
4552 4594.65 3946.6
4553 1719.89 591.984
4554 3570.59 613.088
4555 3728.35 1878.63
4556 1808.98 3192.54
4557 3979.39 1523.76
4558 1537.12 365.438
4559 1778.86 2389.59
4560 4088.22 209.247
4561 1005.65 4158.18
4562 4621.63 4627.28
4563 1657.86 3696.1
4564 412.399 1153.98
4565 2261.91 860.627
4566 81.6461 201.789
4567 899.363 3612.03
4568 2093.62 527.049
4569 651.849 1649.44
4570 2300.55 3291.06
4571 1709.14 2314.59
4572 552.67 3402.45
4573 3741.86 2933.03
4574 3301.46 4435.61
4575 853.257 3540.9
4576 3437.22 4559.9
4577 3130.08 2386.53
4578 2366.63 4377.81
4579 1261.61 1050.04
4580 2789.89 3802.33
4581 81.9156 912.565
4582 1175.3 4349.61
4583 1848.31 45.1167
4584 654.349 1992.49
4585 3187.88 1950.14
4586 2771.29 895.786
4587 4500.54 397.862
4588 30.6647 2471.1
4589 2388.13 3374.38
4590 2086.46 2803.19
4591 2039.64 1509.93
4592 2205.4 2027.65
4593 2621.42 4486.73
4594 29.48 8.56798
4595 1016.14 3032.85
4596 4143.04 4399.09
4597 788.194 4600.59
4598 3237.61 692.78
4599 47.1701 1970.75
4600 1489.44 988.367
4601 4177.56 940.168
4602 591.044 3109.35
4603 4613.44 2266.2
4604 951.839 2000.1
4605 946.292 2309.95
4606 1838.62 377.717
4607 1752.77 1333.47
4608 1229.4 3782.87
4609 1016.11 904.995
4610 1603.41 86.9257
4611 3754.22 3703.38
4612 2905.61 2215.36
4613 1367.11 2039.08
4614 2371.55 4627.31
4615 2231.06 2256.68
4616 922.842 2813.24
4617 2227.82 2253.92
4618 633.883 1328.68
4619 3165.65 1604.55
4620 2161.62 1983.71
4621 4042.74 147.399
4622 2343.14 694.736
4623 2370.27 193.551
4624 3798.34 2823.37
4625 4473.25 2048.66
4626 2951.76 349.013
4627 4023.74 4562.55
4628 3114.34 551.671
4629 3045.19 3377.25
4630 3465.48 4.15614
4631 914.804 1003.99
4632 3623.03 436.882
4633 769.685 2027.12
4634 51.2697 3196.44
4635 2595.18 2129.56
4636 2636.75 1508.99
4637 396.437 3202.32
4638 4058 4446.81
4639 432.199 3253.17
4640 3989.66 4375.03
4641 2735.32 4061.02
4642 3667.04 1550.93
4643 442.016 2015.99
4644 759.879 937.615
4645 35.5869 2211.21
4646 698.8 1859.46
4647 2336.84 2705.45
4648 2281.02 1277.76
4649 3553.18 1260.33
4650 1132.1 4452.05
4651 804.854 1230.41
4652 2917.2 1790.92
4653 2791.78 90.7968
4654 3781.8 2422.94
4655 811.497 3105.74
4656 3125.54 2894.05
4657 567.606 2951.92
4658 895.975 3056.66
4659 2944.89 3857.82
4660 4462.48 3166.04
4661 3804.4 4118.56
4662 534.477 2788.94
4663 1168.78 4253.21
4664 1443.82 27.3798
4665 1887.43 3782.41
4666 1045.17 403.54
4667 1923.82 521.237
4668 1424.74 901.41
4669 193.93 4237.6
4670 816.069 2940.77
4671 2556.72 2729.97
4672 2829.51 3059.67
4673 1935.06 158.666
4674 2209.79 2737.24
4675 1868.68 4412.23
4676 2575.97 378.315
4677 61.2709 4610.24
4678 688.094 1370.91
4679 2948.83 3889.42
4680 525.501 1381.51
4681 1413.33 385.744
4682 2506.78 598.733
4683 1042.28 775.387
4684 967.828 4462.09
4685 3783.46 1071.61
4686 3763.93 1687.7
4687 593.757 2190.29
4688 376.804 684.31
4689 64.5908 4353.02
4690 2703.78 2575.26
4691 558.081 3908.99
4692 2277.75 4483.78
4693 4481.13 2218.94
4694 2707.79 1567.98
4695 1701.52 1477.46
4696 4523.67 4481.59
4697 697.403 4032.43
4698 1479.39 3907.63
4699 4372.08 4306.76
4700 1062.23 1000.7
4701 4107.45 821.78
4702 4383.15 3202.12
4703 3590.98 136.379
4704 2961.98 1498.44
4705 2981.75 1115.59
4706 4442.85 3529.85
4707 2837.46 1798.74
4708 697.395 1284.35
4709 2830.09 2328.31
4710 2524.82 4447.84
4711 460.032 3794.27
4712 676.561 661.86
4713 2859.83 1855.52
4714 2530.38 3872.53
4715 1366.23 2453.49
4716 3589.91 3962.36
4717 3659.59 915.034
4718 1335.25 2101.43
4719 1833.55 448.406
4720 343.622 62.2928
4721 262.611 3028.01
4722 2082 2252.43
4723 4591.93 1363.16
4724 3704.63 4321.7
4725 4149.78 3953.55
4726 2874.1 593.367
4727 1864.65 1580.99
4728 2134.47 2212.1
4729 2527.79 2269.02
4730 373.593 2476.47
4731 3458.95 2739.43
4732 799.45 4285.32
4733 1866.33 2108.17
4734 1000.56 1006.14
4735 4139.49 868.007
4736 219.966 4167.79
4737 3614.49 2126.15
4738 2509.75 314.974
4739 4423.35 2884.73
4740 1907.64 1091.74
4741 1720.28 1147.7
4742 4497.9 27.2361
4743 3270.7 4218.93
4744 804.217 2499.43
4745 3205.8 3268.72
4746 2367.71 3288.69
4747 84.3182 3834.25
4748 3660.47 1610.93
4749 825.146 4260.88
4750 1905.26 165.149
4751 2604.97 4184.35
4752 476.214 928.882
4753 4584.97 2432.76
4754 599.852 1765.67
4755 1888.61 3239.89
4756 1690.51 2789.47
4757 2256.39 32.4986
4758 1073.83 1902.32
4759 2460.93 2799.65
4760 1190.09 1724.83
4761 3721.03 819.472
4762 3611.88 3633.15
4763 2037.75 2018.53
4764 3100.93 4476.95
4765 941.592 3221.8
4766 5.0539 2186.87
4767 2479.57 31.0595
4768 1768.78 1917.92
4769 113.113 2397.1
4770 4524.13 2673.12
4771 285.792 166.774
4772 1801.41 1924.01
4773 3690.55 2747.32
4774 2129.23 1569.04
4775 3250.91 2286.91
4776 2488.95 2877.55
4777 663.749 2288.1
4778 631.167 1826.26
4779 130.526 62.0789
4780 1676.16 4107.75
4781 1616.08 1818.44
4782 218.428 1840.51
4783 2796.92 1290.5
4784 3915.25 2664.38
4785 2130.21 2426.2
4786 3895.56 2464.96
4787 947.761 3812.97
4788 2835.79 4037.84
4789 3165.33 712.255
4790 1454.81 2911.32
4791 3500.24 1350.77
4792 421.537 1454.72
4793 2833.47 1000.23
4794 3931.03 1182.03
4795 3682.14 1486.7
4796 2176.69 410.907
4797 547.414 3460.7
4798 1051.59 4220.09
4799 1222.83 1417.92
4800 814.754 3915.48
4801 2674.36 2068.67
4802 1765.67 475.455
4803 4266.69 3786.75
4804 1408.16 2317.86
4805 1503.71 855.304
4806 1113.5 2857.69
4807 3406.57 450.977
4808 821.088 938.144
4809 2199.97 972.965
4810 3857.1 2100.16
4811 3709.85 1389.15
4812 3991.29 2796.04
4813 345.882 81.7662
4814 52.6258 187.664
4815 467.984 3736.11
4816 298.258 3421.03
4817 164.501 1594.61
4818 1941.33 3573.35
4819 1915.41 1451.06
4820 691.842 493.784
4821 930.505 4153.43
4822 3496.2 4038.22
4823 616.466 643.569
4824 3641.57 1189.27
4825 3347.69 2710.56
4826 1795 4190.96
4827 4264.98 187.214
4828 2571.26 2157.3
4829 4227.79 3398.04
4830 334.17 3025
4831 2145.72 1187.64
4832 4260.47 1023.54
4833 3588.06 2636.03
4834 4035.61 1332.15
4835 1991.81 4373.37
4836 3451.24 3655.74
4837 4439.73 3349.07
4838 3430.3 712.426
4839 3617.84 694.389
4840 3711.93 1265.42
4841 3597.48 108.569
4842 2973.83 2357.26
4843 1011.18 2718.15
4844 1573.38 1683.75
4845 1703.22 1032.31
4846 917.109 337.739
4847 3405.42 3864.44
4848 1169 915.039
4849 1388.51 3531.89
4850 470.912 678.026
4851 4335.2 3182.33
4852 3404.1 4292.44
4853 3247.01 3094.82
4854 2433.25 2246.27
4855 1803.82 2143.85
4856 3603.44 2576.95
4857 2547.27 450.633
4858 2481.87 1010.31
4859 4134.41 3248.63
4860 3106.75 1765.83
4861 48.6865 3419.33
4862 2814.65 3829.27
4863 2744.29 2530.14
4864 3010.83 4448.88
4865 3948.97 2090.58
4866 4506.47 1670.24
4867 1194.61 2164.57
4868 2694.92 70.2401
4869 1741.64 2186.83
4870 3614.19 3355.46
4871 2006.46 1210.58
4872 1664.49 2339.05
4873 3544.18 3063.5
4874 1712.32 694.408
4875 3089.3 2447.31
4876 113.547 3110
4877 94.2631 4313.51
4878 504.473 4336.07
4879 4090.56 3851.04
4880 2625 1111.22
4881 3994.27 4158.28
4882 644.311 3292.39
4883 1080.02 2284.49
4884 2929.65 3288.16
4885 2676.19 4386.89
4886 3106.92 846.99
4887 3934.72 3218.46
4888 2730.38 656.344
4889 2170.56 2007.22
4890 431.29 3616.66
4891 4206.02 2117.98
4892 1484.57 1937.91
4893 346.124 3092.55
4894 1416.75 349.084
4895 3705.65 961.61
4896 3442.32 1380.55
4897 2377.56 3161.99
4898 3759.86 1481.28
4899 2627.46 3008.5
4900 2081.31 4236.59
4901 2567.5 4563.58
4902 1875.83 856.344
4903 2955.26 2702.84
4904 1773.6 3224.65
4905 2770.74 177.985
4906 4181.14 1638.33
4907 2716.12 4440.05
4908 457.468 2197.1
4909 1126.12 4362.84
4910 474.113 4568.84
4911 1544.41 363.155
4912 428.979 2474.24
4913 1043.87 2435.46
4914 2773.74 1294.73
4915 501.126 2580.91
4916 894.012 3677.18
4917 3810.35 4057.77
4918 732.153 2079.51
4919 4148.3 3087.68
4920 620.572 573.746
4921 875.954 4559.5
4922 3321.18 1959.81
4923 2549.17 4581.3
4924 906.874 2328.59
4925 3907.11 2958.1
4926 3221.76 459.14
4927 1515.17 2229.74
4928 1872.41 536.592
4929 2423.03 592.976
4930 2011.17 1704.38
4931 465.829 2744.37
4932 818.064 1070.66
4933 3708.79 545.773
4934 3263.5 4054.31
4935 1492.36 4333.78
4936 694.477 4412.1
4937 4159.24 3904.21
4938 2752.07 1068.43
4939 1703.32 2366.12
4940 2302.43 3947.52
4941 3170.72 4089.61
4942 773.019 1860.52
4943 4531.64 1437.95
4944 1199.14 127.973
4945 2790.22 855.249
4946 1793.01 1408.67
4947 2885.29 2321.2
4948 4133.32 550.424
4949 3827.61 3619.2
4950 1579.8 2353.48
4951 2375.19 3653.77
4952 1359.96 179.217
4953 4510.06 1729.54
4954 32.276 1892.91
4955 4523.69 3752.24
4956 1415.54 557.115
4957 1776.26 60.6511
4958 3120.01 1005.85
4959 936.237 2044.75
4960 4532.32 44.0838
4961 251.816 214.132
4962 3896.1 4334.27
4963 1628.18 3218.24
4964 554.284 3359.77
4965 3885.12 2285.65
4966 3059.04 4474.75
4967 327.994 1308.25
4968 2753.42 3733.84
4969 1850.8 1825.56
4970 3803.05 1729.74
4971 2876.92 2238.68
4972 1809.84 2841.08
4973 4572.44 2037.3
4974 2150.04 2712.58
4975 1509.25 3783.93
4976 1265.76 3254.65
4977 511.694 76.6013
4978 3302.9 4066.66
4979 1759.87 1834.6
4980 1725.61 49.5118
4981 1688.11 34.1408
4982 3445.1 1583.19
4983 1408.36 1359.84
4984 4441.86 3864.74
4985 1068.43 1399.09
4986 2699.67 3627.68
4987 1744.56 4323.96
4988 1428.68 917.787
4989 4490.47 168.536
4990 2110.36 3181.05
4991 3246.47 400.592
4992 213.492 726.897
4993 38.4314 2895.4
4994 2280.84 2143.88
4995 1710.94 1061.12
4996 3463.66 3801.4
4997 3963.73 3709.62
4998 939.091 2738.6
4999 1669.95 490.494
5000 2069.34 1316.82
5001 2189.3 1544.97
5002 854.971 2466.33
5003 1146.3 2225.69
5004 158.778 2181.74
5005 1229.37 4089.71
5006 2088.68 3680.47
5007 3250.26 697.928
5008 738.597 122.401
5009 1740.16 3860.3
5010 1847.87 3594.46
5011 2127.95 2899.65
5012 2102.75 3595.5
5013 4495.44 563.468
5014 3.25962 1925.37
5015 2705.29 1970.86
5016 507.565 3416.35
5017 4218.34 809.503
5018 945.141 1104.36
5019 3701.15 1379.34
5020 4002.71 2020.33
5021 3800.5 746.888
5022 20.2075 2201.85
5023 1846.35 478.453
5024 727.048 679.751
5025 2696.49 3983.41
5026 2838.14 765.909
5027 1721.14 3402.92
5028 463.072 397.937
5029 837.117 129.317
5030 1160.47 2603.98
5031 1525.33 1913.72
5032 2496.64 2639.63
5033 810.099 1625.84
5034 4261.41 620.022
5035 2457.66 2448.42
5036 1920.92 2607.69
5037 298.557 2398.74
5038 2590.28 1391.28
5039 4345.61 1323.18
5040 4166 3431.63
5041 869.427 2637.24
5042 2384.12 1065.48
5043 1441.29 4398.94
5044 713.502 1230.12
5045 3385.16 3391.57
5046 1528.29 3100.55
5047 3658.8 1067.59
5048 1157.33 3882.02
5049 1876.25 4360.79
5050 1141.31 1195.8
5051 770.755 632.135
5052 1122.22 279.857
5053 3245.59 871.398
5054 2861.26 3061.06
5055 3436 570.434
5056 2022.42 2198.99
5057 4078.44 2849.21
5058 2921.79 3335.21
5059 633.809 3678.66
5060 2726.37 2290.47
5061 1485.15 411.18
5062 4517.37 620.947
5063 1324.49 3535.85
5064 3423.4 3149.36
5065 4460.47 3950.01
5066 1846.81 1985.73
5067 1810.72 882.6
5068 1333.61 847.189
5069 1308.11 2285.88
5070 2383.01 3554.69
5071 592.376 1835.48
5072 4317.45 158.548
5073 3437.16 2814.93
5074 1173.33 3396.39
5075 4243.75 3164.92
5076 4078.54 2505.13
5077 710.044 3475.31
5078 734.233 779.423
5079 3091.31 2866.03
5080 3215.45 895.812
5081 341.641 3454.41
5082 3932.21 37.7669
5083 3954.2 861.152
5084 3492.1 1602.95
5085 3385.57 3832.15
5086 769.81 4446.21
5087 4037.39 3814.06
5088 4131.89 416.712
5089 4497.46 2501.33
5090 738.153 548.179
5091 3518.14 3027.69
5092 276.45 2998.01
5093 2429.32 1489.6
5094 3804.18 3143.03
5095 4045.96 3336.78
5096 3937.84 1802.21
5097 3446.53 1349.42
5098 4526.65 218.892
5099 1613.85 3769.52
5100 1777.73 2421.71
5101 2063.81 4382.98
5102 2194.08 2131.63
5103 561.889 3162.43
5104 2600.13 3359.23
5105 3413 1132.29
5106 871.218 3799.18
5107 2269.96 3163.9
5108 1179.78 3527.39
5109 2083.94 4317.84
5110 3033.47 3562.32
5111 3648.77 3820.6
5112 252.468 1758.92
5113 2715.02 1449.78
5114 2522.74 414.152
5115 2626.32 4289.88
5116 3777.15 2363.11
5117 1324.12 1547.95
5118 3848.9 808.47
5119 4006.93 3058.74
5120 3695.45 1618.27
5121 1280.67 1203.31
5122 1845.63 390.752
5123 2968.72 2425.29
5124 3035.79 709.429
5125 2784.68 2027.51
5126 4229.66 2252
5127 4007.13 77.3154
5128 3743.3 861.619
5129 3501.77 3364.33
5130 3841.06 2715.65
5131 157.956 2282.38
5132 3990.18 2132.7
5133 1994.43 2971.49
5134 515.211 1413.09
5135 4629.54 1760.39
5136 483.201 2491.04
5137 3068.92 2304.9
5138 1127.16 2152.99
5139 3044.49 3349.47
5140 367.128 667.511
5141 3458.94 786.578
5142 3526.78 767.492
5143 2077.95 1418.01
5144 2880.9 315.567
5145 1240.26 1125.23
5146 3762.6 3326.51
5147 4121.87 4231.19
5148 1730.01 2167.52
5149 207.727 2598.24
5150 3766.91 4590.27
5151 3746.87 2534.51
5152 1599.45 1370.79
5153 198.017 3222.84
5154 14.9609 3756.78
5155 4017.99 2715.16
5156 1475.49 622.985
5157 4328.23 2914.67
5158 3698.3 1403.47
5159 3174.96 3387.33
5160 657.04 4175.81
5161 1856.71 2665.63
5162 2528.34 3949.06
5163 4589.14 1060.72
5164 431.468 1604.86
5165 934.565 1135.23
5166 2560.17 1823.76
5167 2387.1 3221.68
5168 4379.38 4006.52
5169 3231.33 1564.29
5170 2133.56 3516.68
5171 1604.47 1818.38
5172 877.923 876.055
5173 1967.58 1862.28
5174 4343.18 3304.54
5175 2202.47 3916.79
5176 3102.89 2158.27
5177 3676.21 3894.37
5178 2782.53 4270.1
5179 1869.4 2604.72
5180 3444.63 4327.73
5181 3308.42 4508.64
5182 2415.31 3035.55
5183 287.46 2841.74
5184 1864.24 3318.75
5185 3230.96 4383.6
5186 4541.64 952.005
5187 2648.48 3490.14
5188 4129.8 4338.89
5189 1004.76 2260.18
5190 261.218 3755.89
5191 1460.53 3532.5
5192 1078.71 723.527
5193 4253.5 1099.61
5194 203.265 438.304
5195 1819.77 382.342
5196 3724.34 4398.74
5197 2457.62 1715.63
5198 1332.19 2357.53
5199 484.721 2726.63
5200 442.742 962.258
5201 3250.98 4142.75
5202 2217.43 4463.24
5203 695.23 534.715
5204 773.704 643.995
5205 494.843 4471.05
5206 994.654 4226.71
5207 1424.04 283.661
5208 4299.14 2100.76
5209 2718.65 2598.66
5210 4620.65 2458.75
5211 4513.97 3360.41
5212 3260.47 2307.08
5213 3236.87 709.297
5214 2220.77 2073.29
5215 1345.04 1164.52
5216 4479.04 2930.4
5217 3429 1121.21
5218 1091.49 1880.52
5219 1999.66 1120.39
5220 2811.97 319.829
5221 2584.35 1031.16
5222 3800.48 1242.37
5223 2120.44 3081.28
5224 270.627 3728.92
5225 3701.84 3731.27
5226 1496.05 1340.03
5227 1426.48 4457.83
5228 4458.25 2669.65
5229 1224.28 831.591
5230 3349.5 228.498
5231 1450.55 1370.81
5232 1149.84 888.88
5233 2157.79 531.992
5234 3645.4 615.363
5235 2841.53 366.959
5236 291.428 2362.54
5237 1749.87 3698.62
5238 2732.27 1521.76
5239 4475.75 1153.38
5240 3757.4 472.813
5241 417.822 1498.76
5242 971.646 4107.92
5243 1003.49 1556.8
5244 2751.06 3362.31
5245 4515.94 4577.28
5246 3293.01 4537.59
5247 608.205 785.697
5248 855.191 3415.97
5249 4341.46 3571.48
5250 2943.61 2645
5251 1359.61 4064.92
5252 193.585 2895.55
5253 2964.84 521.233
5254 244.022 2525.1
5255 1900.88 3250.76
5256 3961.19 3659.01
5257 285.904 1854.13
5258 4083.25 4328.06
5259 3110.04 1381.15
5260 2979.63 4561.13
5261 1123.91 678.463
5262 776.725 2174.48
5263 442.204 785.496
5264 1878.15 1937.37
5265 4516.94 1464.41
5266 2728.28 4444.51
5267 2342.5 630.462
5268 2889.95 1657.3
5269 4628.07 4564.6
5270 3283.23 2416.01
5271 1460.41 4164.2
5272 3435.98 649.56
5273 3690.37 1923.19
5274 3761.21 2369.75
5275 4509.51 4488.93
5276 3466.66 2419.34
5277 2881.52 3694.67
5278 2835.12 4318.45
5279 432.369 3471.61
5280 462.488 2736.12
5281 1276.34 4139.15
5282 2900.77 1150.13
5283 3219.72 4503.37
5284 669.059 2249.73
5285 3272.99 1161.91
5286 1518.77 2788.87
5287 1143.21 3922.01
5288 3151.06 3613.03
5289 2358.93 3176.2
5290 944.739 3695.42
5291 4570.82 2677.98
5292 3176.53 2979.11
5293 4509.5 2253.8
5294 2528.78 2434.39
5295 3743.37 3538.82
5296 2507.39 869.123
5297 442.648 1802.7
5298 4351.14 3562.78
5299 1347.4 2857.67
5300 3851.9 617.489
5301 3128.64 2771.68
5302 1362.06 1455.84
5303 1.01724 1469.94
5304 356.492 1297.83
5305 951.651 4617.38
5306 3218.08 3343.66
5307 1486.23 1720.81
5308 286.892 432.387
5309 2117.83 594.141
5310 3212.79 2001.2
5311 1294.11 628.372
5312 763.051 939.257
5313 3379.79 2911.53
5314 1283.25 3558.1
5315 237.117 1970.74
5316 1556.22 4529.48
5317 254.609 733.529
5318 1419.37 4028.83
5319 2152.26 4048.3
5320 3614.06 1389.16
5321 2644.49 4476.03
5322 3072.08 2991.68
5323 1423.1 4549.63
5324 2163.49 949.453
5325 419.486 2485.71
5326 3942.11 271.425
5327 3143.69 1450.37
5328 4284.43 4440.5
5329 2742.83 2007.3
5330 704.21 2692.97
5331 516.853 2391.72
5332 2884.9 4354.36
5333 168.795 1990.72
5334 1944.78 2259.32
5335 4310.6 4467.18
5336 2899.64 4544.17
5337 3941.93 3205.42
5338 1565.7 2410.24
5339 904.428 1334.39
5340 3312.94 2646.01
5341 2802.57 1562.33
5342 1711.96 3221.68
5343 2582.02 4179.02
5344 1033.47 2405.91
5345 2032.6 1110.72
5346 1979.72 3210.55
5347 1621.34 4526.71
5348 3462.91 174.024
5349 3770.91 3370.4
5350 988.081 1006.12
5351 3397.68 219.758
5352 15.3297 2132.62
5353 4160.31 3294.39
5354 2380.07 2461.06
5355 559.03 3280.91
5356 3155.88 4192.38
5357 3555.35 1241.71
5358 2973.44 1229.73
5359 1971.72 3315.23
5360 2856.1 3362.38
5361 1130.98 1641.03
5362 2537.49 2387.87
5363 1433.15 4110.22
5364 3116.34 3251.79
5365 701.138 2574.87
5366 1663.38 3386.1
5367 502.883 4144.73
5368 3586.42 4238.81
5369 3640.18 2565.23
5370 4127.68 2192.37
5371 2655.18 1699.3
5372 3626.43 4044.04
5373 2364.26 1157.7
5374 4576.77 356.411
5375 550.882 569.904
5376 1537.72 2787.03
5377 1681.95 2091.8
5378 32.1163 2550.82
5379 1769.25 3954.31
5380 401.176 66.3298
5381 3986.7 768.042
5382 2602.75 1235.91
5383 2345.12 1813.02
5384 4044.78 85.6565
5385 3156.03 4079.23
5386 3020.82 4420.91
5387 1104.93 2945.18
5388 602.584 4268.85
5389 715.115 2439.32
5390 759.23 1382.59
5391 3416.44 1529.75
5392 2435.76 1653.15
5393 2607.75 1.9321
5394 3939.88 2242.23
5395 2523.4 2115.26
5396 4609.88 2583.88
5397 1366.44 4477.28
5398 3334.82 4595.54
5399 2661.47 1711.42
5400 2622.21 14.0499
5401 4218.4 2295.92
5402 4329.78 1512.22
5403 1269.49 3670.53
5404 2938.78 3463.68
5405 582.344 1837.91
5406 2914.52 3930.12
5407 3944.95 3187.66
5408 3145.08 2482.44
5409 2387.45 758.859
5410 1914.42 3775.84
5411 1201.28 1495.95
5412 4173.03 3054.98
5413 1675.05 1502.35
5414 2882.5 4429.04
5415 924.624 3903.83
5416 1422.19 2946.17
5417 2833.08 3528.66
5418 275.513 47.5478
5419 1227.3 2396.88
5420 1464.77 4170.92
5421 1436.8 3052.95
5422 1997.98 4293.48
5423 2633.93 3456.26
5424 299.425 1625.88
5425 877.804 4376.31
5426 665.545 4172.66
5427 4440.33 1399.84
5428 1072.5 2734.73
5429 858.815 2828.86
5430 4304.35 1464.24
5431 2307.64 1259.55
5432 3327.81 1487.41
5433 4021.05 844.632
5434 207.14 2441.93
5435 8.6345 3424.38
5436 2965.64 2113.79
5437 3445.87 3951.51
5438 925.872 1386.56
5439 2476.52 2127.35
5440 1041.48 3600.17
5441 3525.81 956.696
5442 1794.63 83.8807
5443 1532.14 2653.02
5444 3598.93 3566.95
5445 629.623 1245.11
5446 1476.21 507.831
5447 1929.05 577.738
5448 3312.4 3561.37
5449 2300.52 3949.05
5450 333.259 2208.88
5451 1466.14 2617.36
5452 2043.42 1777.33
5453 4497.23 1174.48
5454 4044.27 3366.53
5455 3378.68 2665.61
5456 1180.58 4191.45
5457 1761.65 252.6
5458 922.63 1540.74
5459 56.4834 732.236
5460 3369.27 4380.21
5461 2256.3 1563.02
5462 1174.17 1502.75
5463 2062.88 334.452
5464 1016.74 3331.05
5465 4211.12 2160.09
5466 1301.72 2798.57
5467 624.293 4435.3
5468 2561.15 4322.2
5469 3249.97 1229.03
5470 1016.58 4412.38
5471 4267.41 2212.68
5472 2407.15 2588.41
5473 177.055 1403.9
5474 2794.47 4475.93
5475 3215.91 1875.96
5476 2224.09 506.456
5477 1948.83 1308.87
5478 3834.44 1709.18
5479 17.0207 1535.16
5480 1043.68 3765.52
5481 3413.59 1818.24
5482 553.109 4162.25
5483 4439.86 4155.81
5484 395.389 913.427
5485 742.382 614.347
5486 2057.25 1480.36
5487 2666.34 505.813
5488 2740.25 2580.34
5489 3991.82 2534.66
5490 2370.54 2203.55
5491 4141.7 1497.02
5492 531.101 1972.33
5493 2951.69 2928.98
5494 58.4418 3555.27
5495 2610.81 2758.47
5496 702.713 3626.19
5497 2003.01 3948.16
5498 2893.4 1352.22
5499 1285.09 2430.57
5500 600.097 2985.88
5501 3259.91 2356.46
5502 85.266 48.1062
5503 733.776 3078.98
5504 814.875 1941.93
5505 1272.87 4349.81
5506 2760.42 4574.03
5507 3486.33 2016.28
5508 721.026 774.917
5509 1089.49 1230.51
5510 1434.17 1611.13
5511 346.379 3261.68
5512 4120.24 1682.21
5513 2547.11 2185.69
5514 812.468 2677.65
5515 497.513 2474.88
5516 56.3907 813.523
5517 1894.48 3509.97
5518 1216.71 2045.79
5519 2853.07 3901.96
5520 630.926 2245.39
5521 2393.69 1424.33
5522 4141.81 3075.06
5523 2064.66 2427.41
5524 3332.19 1756.72
5525 3808.47 1021.63
5526 279.454 1216.56
5527 3545.11 227.143
5528 4059.25 4597.71
5529 318.899 1146.51
5530 2180.51 1127.64
5531 2831.54 2470.8
5532 280.146 1806.09
5533 2543.92 4020.82
5534 3772.86 2713.02
5535 4011.63 25.0974
5536 423.124 4403.73
5537 2108.69 178.288
5538 4520.29 4510.54
5539 285.117 1531.26
5540 543.312 2204.15
5541 2189.11 1388.16
5542 4083.39 1916.57
5543 361.803 1922.51
5544 1255.33 557.149
5545 916.251 388.384
5546 2036.06 2609.72
5547 3258.24 1170.12
5548 4410.95 3703.53
5549 572.909 3950.43
5550 204.904 1673.48
5551 1071.57 953.577
5552 555.882 30.6835
5553 440.4 677.268
5554 2720.82 2180
5555 2898.69 108.662
5556 2131.24 1782.24
5557 1201.19 3333.83
5558 466.412 3613.01
5559 1888.09 1376.97
5560 2894.12 52.7607
5561 3038.15 2005.02
5562 217.447 2798.75
5563 2192.62 4307.9
5564 2286.6 367.479
5565 538.643 3910.76
5566 693.55 77.9103
5567 3614.14 2984.63
5568 3711.07 2073.32
5569 3441.05 1329.94
5570 958.489 1326.94
5571 2451.03 2241.65
5572 3793.69 643.318
5573 4165.46 381.802
5574 4486.41 2330.52
5575 711.122 359.885
5576 913.69 2700.07
5577 4254.8 2918.85
5578 3471.39 3346.43
5579 4255.79 4067.6
5580 1564.14 1370.69
5581 1849.57 3340.81
5582 68.3943 1247.42
5583 3413.71 4491.72
5584 4565.98 1646.56
5585 309.108 1912.43
5586 1005.76 1159.65
5587 2672.77 3419.84
5588 220.42 1752.62
5589 1648.52 2616.44
5590 323.239 1830.43
5591 3230.32 4301.81
5592 4072.71 2325.73
5593 3296.75 11.5233
5594 1853.37 4297.42
5595 3646.05 1815.07
5596 4152.03 1730.22
5597 109.129 1502
5598 4351.3 1895.81
5599 2156.77 1136.1
5600 4069.32 1126.62
5601 2555.28 2212.57
5602 2793.6 717.321
5603 234.185 207.511
5604 3231.38 3000.22
5605 150.68 2792.32
5606 2358.41 1265.86
5607 3525.89 2734.93
5608 4241.95 4455.44
5609 3583.61 71.2158
5610 1250.82 3184.38
5611 2789.47 4235.37
5612 1536.21 0.274366
5613 4294.14 2849.11
5614 3063.85 1423.73
5615 3751.54 2722.1
5616 2572.6 3056.39
5617 63.0083 4242.09
5618 947.01 2405.92
5619 3110.62 1166.04
5620 3815.42 355.435
5621 1296.57 1478.14
5622 2398.89 3184.39
5623 1305.14 2514.49
5624 3087.08 4576.54
5625 1636.96 644.058
5626 156.979 663.88
5627 1251.13 226.392
5628 3101.41 910.513
5629 4433.15 3636.85
5630 990.377 2554.23
5631 1509.89 2083.62
5632 2922.66 932.628
5633 2409.94 3631.29
5634 2187.5 2534.98
5635 2569.69 4448.49
5636 4374.18 2693.27
5637 1873.03 3741.68
5638 24.9068 607.148
5639 2063.85 746.524
5640 3387.13 2613.59
5641 2060.31 1854.16
5642 3359.51 3700.25
5643 4247.57 3286.83
5644 905.398 3458.72
5645 4535.2 3892.11
5646 1125.68 2790.21
5647 2696.87 4312.15
5648 3853.92 1131
5649 2986.83 4115.71
5650 911.698 3793.55
5651 4062.43 2004.15
5652 2045.07 3683.4
5653 410.911 2459.26
5654 4065.62 2005.36
5655 4530 3155.21
5656 3562.48 492.25
5657 2466.72 769.422
5658 81.486 4068.74
5659 2183.73 3512.55
5660 425.768 2774.56
5661 2434.96 1506.97
5662 3328.44 1972.38
5663 1431.6 1579.85
5664 1968.52 4013.27
5665 1511.69 1155.62
5666 1107.46 1360.06
5667 2452.79 1595.96
5668 167.035 4081.85
5669 847.695 4237.61
5670 1259.59 3853.91
5671 2949.2 3338.45
5672 3829.03 2123.15
5673 4207.13 1696.68
5674 1993.43 4508.24
5675 934.589 3393.61
5676 2016.86 3490.98
5677 1108.31 4088.79
5678 831.127 952.536
5679 1629.37 4308.16
5680 35.6477 2769.14
5681 2469.62 1985.78
5682 3865.04 3902
5683 1812.78 1836.85
5684 3226.85 3184.02
5685 279.016 1198.94
5686 329.019 660.499
5687 1558.51 976.275
5688 1048.33 438.123
5689 3570.22 3965.69
5690 454.006 2657.56
5691 1369.87 1101.43
5692 1107.83 2080.23
5693 2122.21 1602.17
5694 2545.29 4625.38
5695 4043.46 3158.69
5696 2247.11 2292.26
5697 3967.14 3067.13
5698 332.652 1290.76
5699 4595.15 2311.49
5700 2742.18 1086.28
5701 2515.01 865.811
5702 454.396 1181.57
5703 3024.21 4528.71
5704 2213.28 2336.16
5705 3198.56 4322.43
5706 428.576 1559.2
5707 1890.52 805.445
5708 4392.75 4170.64
5709 1593.3 2307.66
5710 1729.63 405.168
5711 3627.93 2133.45
5712 1731 1164.57
5713 3322.91 3646.4
5714 2542.96 2717.22
5715 1022.09 3831.48
5716 3485.55 86.162
5717 3053.72 3952.68
5718 4159.03 984.515
5719 420.304 4037.7
5720 109.409 910.5
5721 2749.88 2317.29
5722 1217.21 640.046
5723 16.5187 602.378
5724 2518 515.528
5725 3070.3 3630.3
5726 1209.64 3774.31
5727 4480.85 3645.11
5728 2922.6 1657.9
5729 1419.97 2061.69
5730 2825.6 4512.57
5731 423.685 3553.79
5732 1895.07 2030.21
5733 2564.94 998.115
5734 2890.51 2216.53
5735 999.249 2814.28
5736 2537.03 1643.5
5737 1537.25 1943.02
5738 2803.39 2887.16
5739 1417.45 715.646
5740 2547.05 2385.37
5741 271.848 1997.19
5742 786.782 1254.65
5743 2226.87 2727.09
5744 108.639 390.141
5745 289.758 66.6237
5746 821.042 4340.97
5747 4533.74 2661.09
5748 3708.47 1298.75
5749 1578.92 609.184
5750 2002.53 3664.57
5751 2554.08 3137.06
5752 814.361 908.807
5753 1410.25 2259.38
5754 1460.89 3047.92
5755 218.592 3004.03
5756 3020.93 3188.22
5757 4301.1 3183.05
5758 2966.37 1579.72
5759 4243.66 606.816
5760 4069.33 3200.75
5761 1068.57 620.754
5762 1999.11 2914.61
5763 3090.04 164.505
5764 2557.27 4176.55
5765 2739.13 1554.48
5766 1396.71 1069.72
5767 694.445 2336.88
5768 3925.6 507.353
5769 631.155 2135.22
5770 829.579 2836.51
5771 2241.49 290.87
5772 693.4 3227.06
5773 3858.92 1038.37
5774 3309.97 1977.45
5775 3491.31 633.832
5776 1562.95 1196.03
5777 2422.58 4281.05
5778 4514.97 1607.91
5779 4295.75 684.813
5780 3173.03 4187.42
5781 1876.01 2306.18
5782 1386.44 165.224
5783 2539.45 1454.71
5784 1939.28 4198.87
5785 215.882 3610.12
5786 227.362 2407.89
5787 1461.02 176.527
5788 4468.35 4402.43
5789 4397.43 4423.15
5790 570.95 2723.1
5791 3173.36 2149.98
5792 1446.39 1437.76
5793 3702.77 2911.58
5794 1709.13 4041.18
5795 2307.45 3848.6
5796 3563.15 3956.6
5797 1238.25 2987.48
5798 1717.38 2081.81
5799 291.451 2250.65
5800 2362.34 1677.42
5801 1267.87 1800.49
5802 2914.51 465.83
5803 967.533 2091.66
5804 2580.61 232.81
5805 3121.71 3832.41
5806 3676.6 1230.91
5807 2370.43 3264.8
5808 3304.56 1991.49
5809 2210.66 2355.89
5810 1575.24 3429.56
5811 1328.65 1135.09
5812 818.062 2658.91
5813 3116.43 170.773
5814 2348.8 475.183
5815 2327.78 2605.32
5816 641.919 3097.71
5817 4532.49 2779.12
5818 1205.79 704.36
5819 1227.12 872.874
5820 800.238 1467
5821 355.304 2105.02
5822 2620.14 4589.76
5823 1616.14 1916.56
5824 131.325 2544.41
5825 3849.92 1217.06
5826 2752.25 1870.11
5827 1770.87 1158.21
5828 4384.45 2611.42
5829 1552.85 4020.36
5830 1100.85 1347.13
5831 3396.33 2511.29
5832 4510.73 1265
5833 2975.38 1480.01
5834 3869.63 2275.09
5835 2723.46 3760.16
5836 587.249 761.651
5837 3545.19 2874.03
5838 914.607 2845.76
5839 1729.01 263.781
5840 2170.6 3099.94
5841 3266.78 2259.12
5842 251.257 2665.8
5843 2917.63 1803.98
5844 3052.49 1974.87
5845 2908.59 1061.49
5846 798.496 439.616
5847 555.883 1363.09
5848 440.319 2780.79
5849 2917.99 3624.42
5850 2643.91 2666.5
5851 515.633 2675.15
5852 1844.14 1148.66
5853 2994.05 2770.68
5854 2519.26 564.288
5855 3020.21 3432.03
5856 1044.41 1718.97
5857 4164.38 4448.27
5858 1912.22 2936.65
5859 2536.47 2925.27
5860 643.95 1293.84
5861 2580.54 381.191
5862 356.518 2066.36
5863 482.483 1667.31
5864 4626.55 3521.56
5865 5.06896 4611.18
5866 1745.51 3360.23
5867 51.5769 1200.44
5868 51.2564 3581.05
5869 735.704 583.609
5870 4309.7 2184.77
5871 4288.19 2000.83
5872 3622.66 1473.9
5873 3057.35 3186.14
5874 855.21 2119.2
5875 3968.05 2754.07
5876 858.202 1401.2
5877 262.339 1471.99
5878 2649.13 2698.44
5879 2677.64 4511.21
5880 1091.3 2107.65
5881 1212.63 339.031
5882 3134.58 2052.32
5883 1001.09 4438.73
5884 1149.04 4039.24
5885 3729.84 1852.92
5886 3513.71 2124.23
5887 3779.41 1891.13
5888 4134.84 1331.95
5889 1010.67 1074.59
5890 1981.65 4370.21
5891 1861.84 3678.07
5892 2247.16 4308.47
5893 221.053 2892.96
5894 2024.32 3039.37
5895 1279.66 860.951
5896 2224.85 373.291
5897 504.058 4594.32
5898 2276.57 3417.54
5899 2728.75 3913.2
5900 2680.88 1947.07
5901 2852.39 610.812
5902 3617.48 1560.64
5903 4332.78 1610.19
5904 3093.22 4456.06
5905 4312.48 3019.3
5906 746.673 3058.06
5907 1596.8 816.563
5908 420.938 728.128
5909 1344.6 449.546
5910 2055.49 738.417
5911 3617.49 1369.49
5912 3113.55 3641.86
5913 901.888 1518.29
5914 1386.18 944.696
5915 1611.29 3549.05
5916 161.72 1583.19
5917 4152.84 122.059
5918 244.167 361.271
5919 1649.35 4083.88
5920 164.719 3539.87
5921 1670.88 2449.39
5922 342.422 1941.23
5923 3661.65 3311.82
5924 1596.51 3676.72
5925 1966.46 394.244
5926 2916.66 2443.02
5927 3757.17 2907.78
5928 2366.69 1848.41
5929 228.013 1698.57
5930 2648.72 2149.31
5931 3960.69 2806.41
5932 727.946 2389.9
5933 2186.35 3643.07
5934 3130.84 2629.72
5935 1307.56 3261.31
5936 1757.22 1435.86
5937 1125 3113.21
5938 1254.03 2222.04
5939 3365.75 405.543
5940 2414.34 4509.39
5941 1489.59 3934.01
5942 2370.54 4119.15
5943 3689.5 3820.25
5944 3473.22 1657.84
5945 2222.25 3355.3
5946 3169.08 1956.33
5947 2013.66 2169.03
5948 429.767 1782.87
5949 2439.99 1049.92
5950 4024.57 3503.85
5951 2870.08 2346.09
5952 4391.32 4577.54
5953 2580.81 2804.21
5954 508.283 4013.56
5955 2734.79 2292.35
5956 2153 3184.42
5957 1411.31 1171.61
5958 4194.45 259.923
5959 665.347 3035.76
5960 2678.24 1838.94
5961 4486 635.883
5962 558.34 188.224
5963 1479.92 2549.28
5964 4105.45 319.603
5965 286.823 4187.28
5966 954.649 3292.22
5967 4366.42 3787.69
5968 3748.03 4578.87
5969 1809.5 1055.84
5970 3604.54 3940.96
5971 2061.51 3200.11
5972 4232.79 1786.36
5973 1659.8 3423.9
5974 4065.09 213.82
5975 1747.67 2522.52
5976 2453.2 621.649
5977 1089.42 1961.07
5978 3519.16 2374.6
5979 563.186 4413.4
5980 2567.39 3533.19
5981 658.423 2571.52
5982 3879.52 2179.11
5983 885.294 345.881
5984 506.777 1623.12
5985 4425.7 952.01
5986 350.659 3499.41
5987 2799.43 3774.51
5988 2431.25 2794.73
5989 1654.76 2062.49
5990 132.352 2470.33
5991 1317.74 2213.51
5992 1826.31 1325.77
5993 4306 3211.15
5994 2278.21 2748.01
5995 4269.45 836.836
5996 2895.78 3839.04
5997 1107.98 3919.05
5998 2304.07 4387.4
5999 1625.99 3026.1
6000 2061.22 757.538
6001 1411.43 3755.48
6002 1681.39 4594.75
6003 2544.58 1749.11
6004 3424.6 3820.5
6005 51.0056 952.94
6006 873.02 2266.78
6007 1361.5 2858.71
6008 2512.13 1287.85
6009 3468.23 2361.63
6010 1306.86 709.775
6011 2924.89 1818.14
6012 1687.69 950.131
6013 2796.15 1538.61
6014 44.4376 4085.52
6015 4467.33 3523.78
6016 3988.05 2175.56
6017 309.531 878.81
6018 987.051 3652.68
6019 3570.08 2970.52
6020 451.669 4025.69
6021 1217.26 816.267
6022 3551.26 4385.66
6023 2452.54 2652.46
6024 4257.74 2527.48
6025 1164.96 3452.95
6026 2687.61 2905.89
6027 2680.79 4602.44
6028 2844.26 3603.39
6029 2365.45 1153.13
6030 912.555 1108.83
6031 1191.95 1954.92
6032 2960.96 2179.16
6033 3703.5 1085.42
6034 837.728 2235.87
6035 2423.13 3469.03
6036 754.818 4121.45
6037 1336.72 2377.9
6038 1263.01 4.19546
6039 3512.21 3782.41
6040 3638.97 1267.25
6041 3589.19 4596.68
6042 2932.89 1851.27
6043 554.262 1648.28
6044 389.445 543.762
6045 1635.16 2027.67
6046 573.122 3079.18
6047 2693.68 1748.99
6048 2933.64 2554.78
6049 4510.24 2830.83
6050 4245.6 4133.82
6051 3969.44 2386.03
6052 4182.07 49.2233
6053 2624.76 1992.6
6054 4080.7 4605.61
6055 3041.86 3207.85
6056 2419.99 1748.76
6057 701.778 1164.38
6058 2301.76 494.312
6059 3906.4 3536.73
6060 4240.97 461.601
6061 630.798 734.415
6062 4425.5 209.498
6063 879.321 36.7621
6064 1880.01 2902.4
6065 4395.21 2778.05
6066 4038 4533.6
6067 695.179 2858.62
6068 4441.24 3834.98
6069 1839.6 2557.9
6070 2299.96 2405.26
6071 3358.17 2190.86
6072 1269.05 3199.47
6073 4214.13 1733.9
6074 3168.08 1121.3
6075 1308.97 593.94
6076 3247.46 694.254
6077 2517.1 227.768
6078 154.788 3940.36
6079 4547.53 3730.57
6080 1508.54 2371.55
6081 3916.59 4019.07
6082 57.9062 4372.25
6083 2765.03 62.1951
6084 356.256 4006.2
6085 197.419 1213.34
6086 3848.44 144.986
6087 283.67 2433.44
6088 3417.78 3765.42
6089 1434.86 1734.44
6090 2987.02 59.7576
6091 779.065 2664.96
6092 1787.5 2179.41
6093 714.498 3490.97
6094 1498.78 3319.59
6095 1852.79 3365.46
6096 4234.9 255.176
6097 2297.56 2196.78
6098 153.885 676.611
6099 139.906 3760.23
6100 2162.83 3713.24
6101 4060.33 2821.98
6102 4424.34 3938.83
6103 3166.55 4315.13
6104 2356.43 2425.78
6105 4283.47 2259.77
6106 4193.9 401.79
6107 2928.08 928.737
6108 4566.68 834.996
6109 2991.14 2185.63
6110 4540.39 2426.11
6111 2069.66 4010.15
6112 3484.54 1527.97
6113 3668.58 1907.17
6114 70.7671 341.565
6115 2876.76 72.8191
6116 2389.69 1252
6117 2921.16 3652.95
6118 1337.15 3381.73
6119 29.145 1948.32
6120 3178.06 975.008
6121 1563.5 3716.98
6122 2014.3 3754.04
6123 1581.89 2405.74
6124 448.998 476.152
6125 173.446 3040.34
6126 631.081 4496.25
6127 2496.73 2588.78
6128 4524.36 1403.11
6129 1689.4 2724.09
6130 1722.08 4122.14
6131 3092.27 523.757
6132 570.582 1419.11
6133 4470.54 2493.33
6134 738.474 4414.01
6135 1340.37 2365.09
6136 1014.19 3956.3
6137 912.448 144.152
6138 4099.94 4319.83
6139 3220.11 2634.21
6140 578.579 1922.28
6141 3972.8 4259.98
6142 2354.08 1419.38
6143 1478.76 2793.47
6144 349.152 3054.84
6145 3589.51 3960.21
6146 3920.53 3459.86
6147 3452.95 1106.33
6148 3135.54 1219.73
6149 4534.03 3253.99
6150 978.324 1090.02
6151 4524.85 2173.61
6152 2967.44 2347.95
6153 4540.56 2777.72
6154 4608.05 4459.62
6155 4591.32 3871.62
6156 3154.65 4152.39
6157 1245.26 4460.01
6158 3691.08 1338.82
6159 648.022 1675.33
6160 2203.67 3643.96
6161 1592.46 686.299
6162 3601.04 1664.44
6163 1115.19 706.971
6164 3968.53 2828.29
6165 1208.82 4024.9
6166 1456.82 1397.77
6167 1932.84 1069.13
6168 1928.37 2848.83
6169 328.668 2315.73
6170 579.459 1833.36
6171 2168.78 3656.03
6172 2279.37 2230.7
6173 3116.84 1454.03
6174 2485.24 2797.92
6175 3692.87 391.656
6176 2889.1 466.824
6177 168.49 3138.14
6178 3452.84 1278.98
6179 4027.54 3972.47
6180 3352.16 527.328
6181 2417.69 558.857
6182 4279.3 2354.25
6183 1071.78 3757.62
6184 3320.99 226.544
6185 831.709 2727.01
6186 2055.55 2539.17
6187 596.412 128.429
6188 3064.68 67.4719
6189 3755.6 4402.42
6190 2380.1 3489.25
6191 220.565 3647.32
6192 4106.19 3191.52
6193 4044.41 1366.72
6194 4127.99 2876.94
6195 1504.83 4290.56
6196 4386.82 3786.87
6197 2870.16 3178.48
6198 944.593 2038.47
6199 3474.56 3637.89
6200 3402.12 2601.98
6201 1292.12 140.364
6202 999.967 3510.27
6203 85.8272 1020.34
6204 285.866 927.21
6205 3853.48 2550.32
6206 1197.14 1750.53
6207 1035.78 3228.74
6208 4165.25 2746.83
6209 1582.1 2558.83
6210 1141.05 2243.65
6211 1622.33 1127.9
6212 677.332 2393.39
6213 4437.11 4331.71
6214 3361.87 1846.27
6215 3996.16 1303.26
6216 1486.12 3195.61
6217 3390.2 4153.92
6218 1284.05 2356.01
6219 3107.17 1904.51
6220 3033.43 3289.86
6221 4361.83 498.331
6222 139.213 1951.17
6223 2008.75 2650.48
6224 4321.68 3603.73
6225 2782.03 3821.8
6226 2427.44 2865.18
6227 2381.15 517.948
6228 3771.83 3305.12
6229 3241.34 384.678
6230 924.102 4423.8
6231 1986.84 1035.65
6232 2005.99 3480.37
6233 2830.6 2436.63
6234 3968.73 1484.15
6235 3641.13 1668.4
6236 4260.35 2852.36
6237 4559.71 1493.62
6238 31.2748 1278.69
6239 1397.23 3595.49
6240 1810.33 4259.94
6241 1455.22 1522.07
6242 3344.55 3481.25
6243 4159.19 3271.21
6244 597.415 3658.31
6245 2157.92 470.04
6246 3577.5 360.62
6247 2290.46 2917.8
6248 4378.49 940.024
6249 3134.85 2973.38
6250 1236.52 2881.14
6251 4305.37 3164.79
6252 1421.57 365.912
6253 4372.85 2992.49
6254 1085.24 822.666
6255 1047.98 1196.51
6256 1283.09 3437.84
6257 4308.05 347.849
6258 1647.52 4061.64
6259 2485.75 2199.83
6260 3298.91 1020.06
6261 4195.24 2604.68
6262 2854.3 2479.72
6263 3331.3 4514.98
6264 1253.6 4241.67
6265 1864.45 4098.72
6266 163.077 2421.14
6267 3927.89 171.351
6268 3724.43 2237.01
6269 2436.6 2636.67
6270 4522.19 3075.79
6271 2603.77 4385.53
6272 687.704 3192.62
6273 1900.03 989.602
6274 404.456 1193.79
6275 4633.56 3071.21
6276 3013.42 192.097
6277 2975.04 1775.5
6278 1554.45 1556.9
6279 2186.06 3491.48
6280 3486.5 3241.33
6281 364.67 4149.98
6282 1247.52 1990.1
6283 394.793 2101.84
6284 2395.67 25.2419
6285 1944.04 1378.07
6286 3654.07 1845.4
6287 4031.21 1239.05
6288 4279.17 4248.03
6289 1430.43 2946.55
6290 2323.59 356.451
6291 4475.49 2841.96
6292 4495.87 733.27
6293 557.536 345.34
6294 2442.34 4499.96
6295 1681.26 3487.67
6296 53.1582 891.435
6297 2641.82 4113.21
6298 1041.96 1573.21
6299 1372.88 996.343
6300 1239.85 1983.33
6301 2656.8 1693.49
6302 3921.92 709.223
6303 493.574 1505.48
6304 4162.95 874.642
6305 128.699 2667.59
6306 762.033 595.997
6307 1349.36 2677.86
6308 1987.9 4036.42
6309 777.624 2656.74
6310 677.849 3330.81
6311 3983.08 2948.21
6312 3376.17 2862.84
6313 2917.17 4608.57
6314 1432.72 570.287
6315 2765.89 4557.27
6316 4509.61 3858.3
6317 4537.98 2347.43
6318 881.337 3159.4
6319 2243.86 3420.74
6320 3055.08 29.0416
6321 2345.65 4524.16
6322 414.892 145.206
6323 3371.99 1093.18
6324 661.221 2194.3
6325 3472.47 2345.04
6326 3906.83 2768.83
6327 15.8091 3612.56
6328 1956.68 294.777
6329 2529.72 3722.57
6330 2963.25 2079.12
6331 3503.16 2109.4
6332 2981.17 3114
6333 1403.79 4247.4
6334 1754.16 88.8991
6335 2639.87 428.76
6336 2203.03 129.756
6337 2128.69 3282.29
6338 2802.67 4473.14
6339 1757.12 3411.39
6340 1291.08 1738.61
6341 1440.3 1520.85
6342 1939.91 4083.11
6343 2796.98 3577.07
6344 2182.99 3405.04
6345 4421.75 3878.97
6346 3122.5 2773.62
6347 2697.9 1999.28
6348 2567.69 1416.3
6349 3250.98 1133.21
6350 3159.44 3147.63
6351 2166.56 2724.13
6352 4546.07 500.959
6353 1792.86 2834.69
6354 382.598 2736.78
6355 519.14 2455.96
6356 160.591 2042.53
6357 2980.77 2782.23
6358 3880.98 3694.02
6359 3798.69 2755.58
6360 2915.02 3923.42
6361 187.786 4620.23
6362 3053.02 3790.39
6363 4207.42 3073.75
6364 4170.08 3188.15
6365 1225.23 3048.09
6366 3291.43 3695.87
6367 1061.73 3138.43
6368 427.64 4444.73
6369 4034.97 2716.09
6370 819.69 4169.02
6371 1969.71 1031.02
6372 3451.28 1176.82
6373 3645.3 2758.4
6374 1605.91 579.739
6375 1877.02 4119.79
6376 749.404 273.612
6377 3498.27 1632.18
6378 1229.73 3773.48
6379 3695.41 2854.98
6380 4003.29 1232.96
6381 4341.81 1946.24
6382 2583.51 3129.12
6383 3844.09 418.325
6384 3742.96 4229.7
6385 2916.73 2670.37
6386 1440.98 4528.15
6387 1681.79 4541.36
6388 3000.97 4433.82
6389 4119.88 4464.73
6390 3503.69 593.392
6391 3460.19 624.533
6392 979.004 4317.73
6393 3294 1421.55
6394 1289.59 2917.99
6395 864.869 398.325
6396 3413.63 3836.48
6397 1732.03 3484.3
6398 1656.36 1335.47
6399 3311.62 316.024
6400 499.279 1399.54
6401 2124.16 554.616
6402 2371.2 1640.1
6403 1153.03 3126.77
6404 1115.13 425.956
6405 2026.8 2552.46
6406 4242.65 3638.2
6407 3279.31 124.378
6408 4151.56 4504.46
6409 3550.22 2871.45
6410 312.702 2004.74
6411 639.845 1261.26
6412 43.2329 838.327
6413 3897.1 2969.43
6414 1600.54 4165.22
6415 227.63 254.045
6416 629.755 3956.93
6417 2836.54 3872.31
6418 4399.66 1628.99
6419 3551.25 293.255
6420 2909.41 4196.35
6421 4563.16 910.205
6422 2632.24 4032.72
6423 716.83 3285.18
6424 258.436 2683.84
6425 4164.43 216.807
6426 2645.34 629.46
6427 2598.09 87.5526
6428 760.578 2841.28
6429 1624.1 2773.57
6430 2823.95 1371.68
6431 3697.8 4385.28
6432 1207.28 3400.59
6433 778.068 2109.31
6434 2140.16 936.849
6435 1778.5 3831.82
6436 1633.94 327.093
6437 4079.05 2067.89
6438 2788.21 3595.33
6439 4534.07 1996.36
6440 4352.41 3924.94
6441 2635.22 3829.02
6442 1650.41 4023.72
6443 164.243 3809.67
6444 1755.59 4093.13
6445 3344.17 650.81
6446 4286.1 3632.39
6447 2738.5 1937.85
6448 2275.83 1458.26
6449 2617.14 1525.38
6450 3.83709 3978.19
6451 4568.67 1748.7
6452 3193.88 3033.43
6453 798.227 4227.83
6454 81.4877 2934.27
6455 768.592 303.133
6456 1846.18 2581.11
6457 1421.74 3079.57
6458 4286.75 3852.28
6459 855.951 3166.26
6460 4196.41 3617.67
6461 1436.15 2339.45
6462 3267.31 134.064
6463 1908.83 3838.14
6464 2866.75 3691.9
6465 2330.07 1461.42
6466 3779.95 124.454
6467 2334.03 4579.01
6468 3621.94 756.286
6469 3307.87 2217.14
6470 123.698 3332.06
6471 1397.24 915.377
6472 1000.02 3426.64
6473 3805.7 1945.48
6474 2899.17 1145.22
6475 3465.61 2510.66
6476 2000.89 4613.08
6477 624.006 1517.79
6478 4499.15 2248.19
6479 1123.48 2436.7
6480 158.986 4349.13
6481 4218.47 3407.17
6482 3843.74 3799.83
6483 3363.99 4117.15
6484 3759.71 4400.32
6485 2178.7 655.728
6486 1188.8 456.71
6487 3284.44 2013.39
6488 2256.06 109.027
6489 945.203 77.5635
6490 1496.54 590.211
6491 15.1252 388.608
6492 180.725 442.473
6493 4171.34 1184.47
6494 2416.65 1495.6
6495 1791.76 2519.77
6496 127.685 109.601
6497 2746.46 1441.8
6498 1870.95 4098.69
6499 171.371 1641.43
6500 4420.67 854.068
6501 2938.97 1283.87
6502 3654.6 1722.18
6503 1998.77 4115.84
6504 17.515 1836.99
6505 1992.19 3818.21
6506 2255.74 2238.8
6507 4258.8 4262.51
6508 4055.62 2672.05
6509 3826.36 371.298
6510 2231.85 1262.87
6511 4423.94 4083.8
6512 907.308 3153.68
6513 4627.89 1948.47
6514 703.743 3917.37
6515 3049.52 395.055
6516 4020.07 1562.55
6517 898.598 736.968
6518 3273.93 1729.64
6519 4128.92 1683.9
6520 3658.85 3048.2
6521 4314.25 4164.41
6522 1105.67 2454.66
6523 3073.49 2215.83
6524 2743.16 3665.72
6525 2204.28 1627.13
6526 2437.97 2547.15
6527 2940.25 1567.38
6528 3903.91 3251.46
6529 2080.12 3740.18
6530 4411.5 3140.58
6531 3392.27 2785.9
6532 1917.04 2600.61
6533 2818.33 2922.8
6534 1068.74 4540.75
6535 1414.32 2786.85
6536 3814.67 3319.48
6537 856.011 475.914
6538 4520.23 1056.3
6539 3724.27 685.029
6540 4576.12 3015.16
6541 4167.36 2470.67
6542 3749.83 105.462
6543 4503.47 4480.44
6544 1457.06 1924.22
6545 3377 3240.76
6546 2826 1332.42
6547 1902.3 2166.64
6548 1207.62 4249.16
6549 2736.81 444.045
6550 2508.49 3560.8
6551 844.912 537.537
6552 2043.9 2136.73
6553 2482.95 3123.02
6554 1136.66 265.451
6555 4306.63 3418.64
6556 4289.52 1838.7
6557 2740.76 4077.18
6558 4334.52 3285.49
6559 3708.36 3166.46
6560 3670.44 1415.32
6561 1129.05 788.79
6562 4244.67 4080.19
6563 22.4805 2434.78
6564 3744.31 121.767
6565 3483.29 3964.88
6566 4524.1 4461.89
6567 424.801 414.759
6568 109.229 1821.71
6569 1855.13 1073.6
6570 792.32 1277.73
6571 2610.59 3822.96
6572 956.659 848.25
6573 413.841 1770.66
6574 3568.45 2746.79
6575 1885.01 2010.64
6576 4190.32 3832.36
6577 4503.92 191.785
6578 4149.33 3613.74
6579 1614.57 4370.71
6580 3995.94 2632.16
6581 2524.06 2801.34
6582 878.371 3189.83
6583 435.242 4069.59
6584 1876.6 1267.93
6585 3757.59 215.903
6586 1933.29 414.211
6587 3283.44 3289.8
6588 2002.79 4062.49
6589 134.362 2143.04
6590 1551.33 2670.53
6591 1919.05 1631.85
6592 3239.14 3042.4
6593 4253.99 2939.36
6594 715.256 1836.65
6595 1488.54 1692.83
6596 4301.5 496.152
6597 1669.71 2649.21
6598 226.948 97.9058
6599 1508.58 2186.64
6600 3850.99 3883.69
6601 4469.15 2057.11
6602 3866.15 3362.39
6603 3418.6 505.244
6604 2687.3 4019.55
6605 4158.57 1893.04
6606 751.644 2954.1
6607 3578.54 1837.23
6608 4614.19 361.06
6609 2.91099 3570.75
6610 2170.24 707.866
6611 3899.29 2995.83
6612 2256.39 363.114
6613 4591.85 984.547
6614 4213.3 3451.79
6615 727.578 884.808
6616 312.885 1079.92
6617 3953.88 4618.45
6618 2577.03 4293.58
6619 3548.75 831.636
6620 2914.37 2916.22
6621 3735.2 40.7142
6622 3075.22 2959.58
6623 3844.82 1458.24
6624 4477.06 3016.93
6625 2118.76 817.525
6626 4016.36 1750.67
6627 686.6 83.9978
6628 972.151 2936.7
6629 2566.39 2450.86
6630 703.367 3987.69
6631 3617.58 4507.15
6632 4207.77 1593.22
6633 2495.72 1813.41
6634 1468.9 1328.26
6635 2476.61 934.418
6636 4634.08 3169.51
6637 307.763 2875.4
6638 1612.44 4414.4
6639 691.757 3255.66
6640 1937 1201.77
6641 2685.51 4316.36
6642 1976.75 450.044
6643 2014.65 918.566
6644 4479.67 3668.61
6645 4483.85 2695.6
6646 1303.45 756.63
6647 3046.45 3270.91
6648 1334.4 1953.47
6649 1546.59 3456.43
6650 4139.54 1287.8
6651 4391.23 477.72
6652 1755.83 36.5037
6653 1682.11 1352.94
6654 4305.28 2325.39
6655 1738.75 1480.38
6656 4458.27 3092.86
6657 650.925 2413.17
6658 3680.72 1415.16
6659 3335.92 789.77
6660 135.881 838.05
6661 359.785 1900.91
6662 1625.8 3338.66
6663 1818.46 2333.37
6664 3834 4251.37
6665 566.899 2121.14
6666 2493.02 4248.15
6667 1834.29 1309.03
6668 2182.74 964.587
6669 1029.38 3084.54
6670 168.125 2187.3
6671 2657.94 2680.13
6672 911.61 2205.71
6673 1582.54 4490.08
6674 3042.17 4468.39
6675 1972.14 747.376
6676 1619.33 388.157
6677 4545.85 443.667
6678 2710.16 2669.24
6679 2048.33 474.074
6680 2871.7 3487.25
6681 362.697 2072.65
6682 4223.92 2724.74
6683 157.504 1095.07
6684 4197.01 2010.26
6685 3409.33 2580.52
6686 1201.06 219.096
6687 3087.82 1696.56
6688 1408.54 2146.2
6689 3484.96 1293.58
6690 3533.09 1597.98
6691 3136.53 69.0563
6692 252.144 3207.42
6693 3962.56 166.914
6694 747.267 794.525
6695 2817.32 930.847
6696 3858.57 764.012
6697 3483.14 4084.78
6698 1134.3 2670.29
6699 3922.98 4167.18
6700 3761.43 3590.11
6701 737.296 3523.35
6702 2044.79 4257.04
6703 2.54279 1170.79
6704 2610.72 3645.51
6705 4539.62 1484.98
6706 4310.82 3554.54
6707 2546.52 3821.66
6708 4581.34 772.815
6709 201.43 2125.33
6710 516.091 1510.64
6711 4158.54 212.859
6712 1098.81 2327.16
6713 3111.98 3543.52
6714 2011.14 3229.82
6715 3905.11 974.455
6716 2846.18 2881.12
6717 4070.37 3196.68
6718 2413.79 2244.23
6719 1903.18 3414.31
6720 2140.36 3672.09
6721 519.204 3371.03
6722 3833.95 165.84
6723 3029.6 649.994
6724 1621.91 784.427
6725 2556.4 3192.27
6726 1956.24 3894.53
6727 850.499 2094.79
6728 1654.92 3704.4
6729 134.827 2973.42
6730 4106.49 1446.84
6731 4450.02 3855.69
6732 3259.65 2384.83
6733 4078.23 2779.25
6734 3865 1773.76
6735 1824.75 4081.15
6736 329.308 944.652
6737 3610.63 3249.88
6738 2007.82 1137.38
6739 3525.02 2149.28
6740 959.505 2271.29
6741 2176.83 4192.58
6742 62.9088 3911.58
6743 1664.29 3709.37
6744 4085.27 2509.29
6745 3074.19 3468.24
6746 2951.62 3013.75
6747 3326.91 364.722
6748 2080.64 180.445
6749 3573.78 3461.88
6750 1453.41 4370.72
6751 4113.97 2640.4
6752 1231.05 461.714
6753 1762.41 1605.82
6754 2376.19 2953.2
6755 1289.55 2831.17
6756 4053.61 4.63891
6757 3037.63 3980.16
6758 4241.73 1842.48
6759 3033.69 2578.97
6760 2601.06 482.481
6761 3368.89 891.817
6762 1273.1 1488.6
6763 3299.52 3214.67
6764 270.379 2845.54
6765 3827.46 1923.98
6766 1629.76 2267.27
6767 3795.17 4303.81
6768 83.5031 1829.03
6769 1404.17 3081.02
6770 4080.28 1897.82
6771 3467.82 1432.39
6772 4102.82 3954.58
6773 3290.47 2441.73
6774 3500.69 2343.16
6775 50.6424 3383.81
6776 4579.08 2220.38
6777 539.832 3908.68
6778 935.642 1184.24
6779 2184.47 1718.97
6780 2545.06 4330.5
6781 2837.23 1327.81
6782 909.383 982.955
6783 2034.53 3090.58
6784 2647.32 1585.45
6785 4331.88 3213.94
6786 3880.53 851.057
6787 1200.62 1276.76
6788 127.639 2020.69
6789 4574.53 4284.25
6790 3986.62 505.162
6791 208.661 3387.85
6792 3687.94 3592.61
6793 2994.07 3906.41
6794 3565.53 580.781
6795 2125.21 2240.25
6796 546.375 1887.54
6797 619.602 420.048
6798 3579.14 1173.98
6799 1183.93 2340.1
6800 1550.6 1759.36
6801 2595.41 2258.84
6802 2712.84 2008.18
6803 1736.69 155.476
6804 2728.28 1859.43
6805 2651.24 1410.52
6806 689.051 2280.77
6807 748.96 4282.31
6808 2514.47 1664.62
6809 4401.64 441.603
6810 2129 901.38
6811 449.258 2627.47
6812 2971.45 3184.23
6813 182.778 1046.6
6814 2088.8 4017.96
6815 1808.67 3796.93
6816 308.451 2642.46
6817 3688.16 661.201
6818 846.767 436.38
6819 761.057 1215.24
6820 1063.85 3971.8
6821 3992.62 2320.09
6822 4280.24 3124.41
6823 3205.97 1535.15
6824 4588.73 2773.64
6825 3708.94 3518.14
6826 1101.44 1653.46
6827 233.64 97.8674
6828 3236.39 1831.46
6829 4283.66 3815.23
6830 1623.12 1158.16
6831 2977.75 3188.16
6832 2268.43 190.624
6833 3429.55 4521.34
6834 1099.52 1856.45
6835 373.084 3827.82
6836 4531.21 2937.94
6837 4595.67 3425.41
6838 3302.69 1837.32
6839 3696.42 564.364
6840 1086.17 2026.34
6841 1915.03 1740.96
6842 3785.46 4454.63
6843 875.354 889.779
6844 160.674 2712.12
6845 1285.91 1894.26
6846 1161.59 4011.84
6847 1593.49 66.856
6848 1924.92 2432.2
6849 200.893 1552.96
6850 2384.23 1189.16
6851 4056.77 1963.67
6852 2713.32 3466.19
6853 2279.88 2045.66
6854 1387.21 2521.63
6855 3081.52 1027.47
6856 1322.9 2020.42
6857 198.722 2420.22
6858 1569.14 2203.33
6859 3114.77 3706.54
6860 2376.8 3973.78
6861 1605.8 4247.49
6862 316.913 3935.61
6863 3532.59 2019.44
6864 1460.79 2713.14
6865 558.694 3473.54
6866 3721.39 1398.54
6867 601.738 1450.59
6868 1076.24 3036.14
6869 1186.81 3341.53
6870 735.788 4057.96
6871 1385.66 1045.66
6872 310.121 882.841
6873 1300.25 3521.97
6874 3371.19 3653.91
6875 1443.24 3251.36
6876 4435.16 4561.37
6877 211.113 4378.97
6878 1961.92 3705.84
6879 1084.19 2229.47
6880 309.527 758.264
6881 1113.75 2345.39
6882 1139.48 285.288
6883 4364.93 4289.07
6884 60.116 4023.97
6885 2373.78 3693.33
6886 3545.44 2052.25
6887 2930.73 1575.22
6888 3982.41 2573.93
6889 2644.8 3842.83
6890 4473.36 593.989
6891 393.41 910.843
6892 3921.22 4331.5
6893 39.3299 1041.2
6894 3996.74 3946.66
6895 1380.79 588.894
6896 4481.6 748.573
6897 27.6196 3102.34
6898 242.235 1745.66
6899 614.701 2762.43
6900 4278.46 1061.71
6901 1944.13 1175.13
6902 2127.81 1964.08
6903 3775.88 3467.87
6904 4518.39 752.685
6905 4504.68 2751.78
6906 590.752 1088.34
6907 2015.53 2821.64
6908 675.917 239.854
6909 3428.37 1665.69
6910 3671.5 1084.11
6911 4408.57 2501.05
6912 2474.21 3512.02
6913 3408.44 1998.24
6914 1264.2 3157.83
6915 2811.28 4106.46
6916 1405.85 149.198
6917 1389.75 615.681
6918 3191.95 2276.99
6919 1022.77 2626.29
6920 2230.34 4444.99
6921 3673.37 1865.19
6922 3296.17 1040.96
6923 1562.16 2987.69
6924 2258.3 3864.22
6925 1182.99 3192.06
6926 4404.73 2254.25
6927 3052.75 2570.49
6928 1136.02 3510.87
6929 394.27 70.9107
6930 1977.82 2243.91
6931 1446.46 2287.72
6932 1114.17 3087.8
6933 3062.56 2762.99
6934 27.2186 1317.87
6935 3988.89 1060.86
6936 3880.03 780.028
6937 4367.48 3281.54
6938 564.598 3310.68
6939 781.646 2667.24
6940 1317.71 2890.35
6941 3119.57 3226.38
6942 458.458 4031.99
6943 1947.83 1626.58
6944 3152.2 1652.14
6945 3462.15 117.16
6946 413.322 3008.93
6947 945.207 4190.14
6948 2833.67 139.666
6949 3112.94 2441.43
6950 409.33 545.819
6951 2437.01 4245.88
6952 3486.81 2043.02
6953 2843.84 1521.96
6954 3905.38 2113.74
6955 2634.15 3688.28
6956 512.764 554.322
6957 3403.4 4469.44
6958 1565.78 2294.86
6959 941.534 3573.52
6960 2665.25 3871.5
6961 896.866 4558.71
6962 61.0039 2388.9
6963 2668.14 2026.82
6964 4263.32 4289.26
6965 2906.61 3708.34
6966 1402.37 290.474
6967 4490.79 1372.28
6968 1053.72 2624.72
6969 1291.81 4218.25
6970 798.539 1739.82
6971 1435.63 754.858
6972 1472.32 2182.05
6973 4357.59 2260.57
6974 1021.43 3241.89
6975 2550.02 289.562
6976 4504.95 2540.49
6977 2066.87 345.398
6978 2593.13 3801.44
6979 310.312 227.933
6980 3846.89 3688.38
6981 3301.96 4062.36
6982 2812.54 232.149
6983 3868.12 699.777
6984 733.68 108.199
6985 2662.35 3887.53
6986 626.32 2910.33
6987 466.611 1258.47
6988 1088.1 2851.55
6989 4207.4 1426.61
6990 1897.62 1493.94
6991 3203.12 2386.28
6992 4600.02 982.088
6993 3829.52 3030.2
6994 3192.2 388.275
6995 4116.35 1176.08
6996 3045.03 2908.11
6997 4051.67 1122.7
6998 2562.79 387.308
6999 689.54 2751.77
7000 1918.54 3733.57
7001 1904.45 1597.54
7002 1705.15 1438.47
7003 139.039 3127.8
7004 145.21 3804.1
7005 1725.86 3910.6
7006 2802.83 899.23
7007 107.012 3456.04
7008 4469.25 4329.82
7009 1129.52 48.6827
7010 2017.53 1860.74
7011 2595.98 2754.85
7012 2338.32 1521.65
7013 77.5078 418.626
7014 3891.02 2154.07
7015 1820.12 2139
7016 533.52 838.947
7017 1062.3 4542.33
7018 246.382 4429.6
7019 540.971 3931.56
7020 2112.61 502.387
7021 2701.82 2388.93
7022 70.6932 2357.33
7023 1044.14 2004.64
7024 2845.16 3041.26
7025 1073.04 3863.42
7026 1320.52 258.073
7027 1799 2708.01
7028 2101.92 1489.71
7029 937.216 2817.66
7030 3384.21 905.227
7031 3428.61 2165.07
7032 3404.09 1900.14
7033 3740.58 1217.96
7034 2343.27 602.257
7035 1636.86 62.376
7036 876.924 2787.96
7037 2984.21 838.207
7038 3038.32 806.943
7039 909.932 916.973
7040 3907.45 1076.28
7041 1012.9 2752.8
7042 3173.92 4088.4
7043 953.324 4332.01
7044 3428.13 924.367
7045 2875.68 3326.58
7046 629.849 2867.06
7047 1488.9 364.722
7048 25.5455 4625.1
7049 505.274 223.346
7050 2690.32 231.901
7051 1870.48 1636.01
7052 4136.98 1382.39
7053 2895.84 4298.02
7054 3929.35 3628.9
7055 3778.62 4348.42
7056 4518.81 1942.58
7057 4581.45 1711.56
7058 2637.34 1648.11
7059 3556.56 966.545
7060 4061.99 1538.04
7061 30.2492 1969.17
7062 623.074 1982.5
7063 1908.58 2328.33
7064 324.986 1320.71
7065 1996.2 4195.34
7066 868.63 1959
7067 2858.21 4325.05
7068 681.633 2301.28
7069 1484.84 4349.3
7070 4459.66 1280.38
7071 3841.59 1811.65
7072 2118.11 1877.67
7073 548.296 1593.07
7074 2779.68 1951.22
7075 4335.82 3066.43
7076 4315.6 754.716
7077 1286.83 3169.85
7078 3749.57 715.373
7079 896.036 852.156
7080 1282.92 8.64358
7081 3886.08 1990.32
7082 1364.47 4628.99
7083 883.458 2883.59
7084 4222.98 1853.87
7085 3337.27 3709.37
7086 1759.63 3141.71
7087 2472.22 124.992
7088 3627.48 4374.42
7089 1406.84 3543
7090 2294.49 718.557
7091 3579.92 2994.79
7092 2599.17 1758.4
7093 859.85 2617.17
7094 2056.37 4120.94
7095 1748.61 3897.13
7096 2068.55 1892.93
7097 2723.9 999.176
7098 2219.02 1672.1
7099 4051.21 4579.07
7100 504.898 4308.25
7101 2856.22 4536.46
7102 3808.03 1590.38
7103 2680.17 1489.66
7104 4217.49 792.213
7105 4217.62 2906.01
7106 685.829 1868.66
7107 753.786 3008.88
7108 3299.93 2308.02
7109 54.0958 2570.05
7110 4242.23 1830.62
7111 4042.45 2779.91
7112 4284.01 4261.98
7113 563.1 250.544
7114 221.842 3279.16
7115 2309.44 1014.81
7116 3757.38 2603.97
7117 3427.28 1085.26
7118 515.293 143.74
7119 1896 3933.08
7120 1968.17 2172.22
7121 4070.22 965.074
7122 306.17 3071.39
7123 1837.49 635.634
7124 3559.7 249.625
7125 4285.42 1519.71
7126 1436.28 4448
7127 507.576 3955.12
7128 1433.56 2435.79
7129 4322.98 3937.87
7130 220.659 937.606
7131 2754.72 1221.71
7132 2953.79 4487.18
7133 3004.62 2283.11
7134 320.456 4415.27
7135 844.978 1383.24
7136 3064.56 596.596
7137 2009 2481.44
7138 543.937 3390.49
7139 2745.92 1126.99
7140 2552.63 3367.02
7141 4248.2 2031.57
7142 1280.11 212.883
7143 4052.83 4168.49
7144 1510.02 1339.1
7145 3829.29 138.313
7146 1609.55 1689.54
7147 1332.33 3504.63
7148 518.849 3651.68
7149 474.843 4126.18
7150 1545.63 4343.17
7151 3808.5 2456.37
7152 105.465 3648.73
7153 358.8 3547.51
7154 492.106 1128.7
7155 2750.51 3883.6
7156 482.545 1220.87
7157 522.714 4278.89
7158 1078.64 994.082
7159 2459.61 2422.84
7160 4339.45 170.716
7161 1573.07 1880.63
7162 1434.03 4411.09
7163 826.418 3702.51
7164 3339.84 362.457
7165 1971.2 3335.67
7166 2750.56 1164.93
7167 735.103 2860.94
7168 2429.9 1614.59
7169 644.361 4062.78
7170 3535.77 1644.24
7171 2355.32 214.116
7172 1501.63 970.678
7173 746.955 3215.04
7174 89.6437 2464
7175 140.401 3980.04
7176 3659.91 1044.02
7177 2174.65 2181.59
7178 3266.44 182.945
7179 437.042 1657.41
7180 1397.22 2471.24
7181 2466.54 3100.64
7182 4316.67 2572.04
7183 3685.61 2052.43
7184 4604.23 3229.29
7185 144.378 4166.22
7186 3184.93 334.831
7187 3807.52 2241.76
7188 449.282 2803.55
7189 2460.5 1256.93
7190 3411.75 3508.69
7191 4194.67 1850
7192 1937.33 2561.47
7193 3285.94 1564.06
7194 1060.11 3119.32
7195 3088.33 1597.36
7196 3607.56 229.971
7197 1340.34 2955.19
7198 1250.39 1602.46
7199 1846.23 3780.98
7200 1903.38 3615.2
7201 2889.77 3809.98
7202 1879.6 2785.52
7203 4237.75 2123.38
7204 4160.3 4134.25
7205 1693.66 1399.81
7206 4550.29 4486.08
7207 2719.11 3039.75
7208 1058.35 4446.58
7209 3444.35 4342.32
7210 25.2739 79.3352
7211 840.228 3666.33
7212 1576.96 795.723
7213 1437.88 2816.41
7214 2458.78 2631.64
7215 137.611 2798.81
7216 2713.41 999.209
7217 2760.28 2445.63
7218 3585.1 3711.9
7219 1158.44 3016.01
7220 3205.91 4230.87
7221 893.48 615.993
7222 689.582 461.489
7223 2753.77 317.525
7224 425.352 2295.86
7225 1555.53 1978.67
7226 227.485 1284.25
7227 4017.15 3314.93
7228 3019.55 1393.99
7229 317.852 1202.1
7230 2936.96 4523.66
7231 4222.72 4467.16
7232 1986.1 2006.99
7233 37.4012 1147.66
7234 2153.09 4336.32
7235 4353.51 1396.74
7236 2121.97 55.6398
7237 216.977 1555.44
7238 2785.14 1611.31
7239 4545.08 2587.19
7240 2784.06 2398.26
7241 1347.8 2044.63
7242 4428.4 2122.11
7243 1788.16 3613.4
7244 2501.44 1511.85
7245 3236.09 4582.44
7246 3269.8 752.33
7247 2247.3 1692.93
7248 1615.97 1295.15
7249 3762.74 3285.41
7250 590.788 2330.85
7251 679.456 11.1485
7252 4149.5 3319.23
7253 43.1912 3694.73
7254 1283.47 2168.46
7255 392.843 1564.87
7256 2898.02 2341.78
7257 209.788 1271.92
7258 3577.64 3788.21
7259 3694.05 1796.34
7260 3337.23 1205.69
7261 392.784 3331.6
7262 1413.99 32.1694
7263 1604.56 2669.55
7264 2725.75 778.661
7265 3218.21 3843.88
7266 2176.49 774.78
7267 288.524 4329.2
7268 442.7 3710.02
7269 401.759 3573.15
7270 2989.38 3944.88
7271 3645.35 3728.54
7272 2609.86 378.834
7273 1684.91 4399.44
7274 3613.69 2919.36
7275 428.91 2759.7
7276 644.683 2284.53
7277 961.673 2880.62
7278 4112.11 1138.22
7279 1730.66 1104.74
7280 4538.01 2134.66
7281 2787.67 3205.14
7282 2379.31 437.753
7283 587.432 66.7387
7284 4167.85 1287.91
7285 2151.84 268.955
7286 451.925 3296.09
7287 3280.58 3225.29
7288 3248.43 4031.18
7289 2529.04 1421.88
7290 1609.46 4047.64
7291 1852.48 4046.03
7292 3147.38 323.623
7293 993.993 3997.34
7294 2202.77 1909.65
7295 3335.2 363.082
7296 2488.93 2857.54
7297 2989.17 1127.42
7298 2866.86 3080.47
7299 400.73 4162.78
7300 758.565 820.172
7301 3299.73 2215.62
7302 2477.2 3724.99
7303 2627.84 1446.51
7304 4626.63 4096.03
7305 4068.31 2632.19
7306 1692.47 2272.68
7307 3540.48 776.189
7308 932.491 123.044
7309 118.967 2383.22
7310 4078.21 4049.8
7311 2487.26 3537.39
7312 1248.18 1445.26
7313 1798.98 154.476
7314 3931.51 86.8527
7315 958.217 1827.6
7316 1767.47 4350.46
7317 2980.76 3249.75
7318 355.698 1942.29
7319 4512.74 1780.85
7320 2133.65 3274.71
7321 800.23 3963.55
7322 3200.61 1722.89
7323 3856.8 168.727
7324 2787.32 2948.58
7325 1333.65 2074.31
7326 2471.3 1959.52
7327 1621.21 3600.08
7328 3610.57 1165.76
7329 1129.4 2422.28
7330 1243.38 2444.76
7331 2179.74 278.743
7332 4451.19 403.219
7333 1910.77 3233.82
7334 3095.37 3034.8
7335 729.78 2197.87
7336 2735.05 767.846
7337 1220.2 3297.1
7338 2290.05 217.911
7339 3833.28 2454.65
7340 2352.06 3099.53
7341 3736.26 3869.05
7342 356.468 3540.57
7343 840.51 3333.06
7344 1376.74 3964.33
7345 2548.74 2239.85
7346 2744.23 1284.8
7347 1873.02 4207.34
7348 1093.82 2964.98
7349 3901.71 495.236
7350 1799.34 248.975
7351 2494.83 3692.39
7352 2298.4 1528.03
7353 3859.64 1615.62
7354 396.626 431.354
7355 408.875 2396.85
7356 4440.36 3446.3
7357 3250.02 250.7
7358 1525.35 2241.35
7359 863.436 2929.98
7360 2973.82 2348.08
7361 1538.51 1522.15
7362 1573.65 2880.83
7363 3269.33 1012.87
7364 404.594 1493.86
7365 2399.07 154.914
7366 4293.24 1330.08
7367 174.884 979.796
7368 334.445 3763.1
7369 1802.11 1481.37
7370 3397.7 2812.74
7371 3761.31 2971.95
7372 3682.86 3579.79
7373 2520.7 1912.91
7374 1817.97 355.716
7375 3000.25 138.711
7376 1619.32 4424.21
7377 1965.82 1520.18
7378 2843.79 2010.89
7379 4357.1 3502.47
7380 4211.42 967.656
7381 2531.37 872.507
7382 2710.95 1852.52
7383 2262.25 4505.26
7384 294.422 3827.46
7385 2781.07 100.483
7386 3902.71 550.87
7387 3518.16 9.90695
7388 2740.5 386.103
7389 3093.22 3809.95
7390 3350.13 1543.57
7391 1311.17 3594.26
7392 2221.83 3988.63
7393 706.525 4162.87
7394 2895.48 960.948
7395 3836.18 1376.23
7396 3317.89 2338.63
7397 933.098 3012.98
7398 3860.49 2742.21
7399 2030.64 2563.82
7400 342.637 4046.83
7401 2450.85 2355.63
7402 3037.27 2875.61
7403 2192.12 2631.02
7404 2555.16 2980.97
7405 1318.63 2094.72
7406 3969.37 3497.97
7407 4513.01 3804.66
7408 3505.08 1459.84
7409 2842.51 1123.49
7410 2216.72 3878.42
7411 485.753 4421.93
7412 3647.89 1880.71
7413 4067.99 2501.26
7414 738.446 1849.25
7415 1413.11 2471.74
7416 1153.89 385.988
7417 4440.81 686.126
7418 1726.43 3904.07
7419 4163.66 958.685
7420 2071.67 1664.72
7421 3858.75 1657.62
7422 2221.1 3933.84
7423 4543.29 2326.25
7424 4293.32 1154.69
7425 1326.05 446.911
7426 2270.69 3533.28
7427 760.05 909.718
7428 4292.31 3226.77
7429 449.886 2727.51
7430 1728.94 2676.88
7431 2057.61 678.821
7432 3777.16 2111.48
7433 4328.84 1597.9
7434 3842.27 3915.6
7435 905.835 2208.67
7436 3898.3 277.199
7437 2734.35 1922.8
7438 4040.72 2952.33
7439 911.5 1232.65
7440 3804.4 3690.21
7441 2872.7 2838.99
7442 2153.5 3076.03
7443 1599.82 1335.38
7444 2728.97 1927.3
7445 4260.88 1618.26
7446 664.428 2477.81
7447 3004.94 3026.82
7448 1208.21 3249.99
7449 1715.5 370.95
7450 2538.74 4203.69
7451 2581.01 560.804
7452 900.757 2203.2
7453 3292.92 862.035
7454 272.952 3979
7455 3721.62 3064.14
7456 4181.5 682.354
7457 477.315 2717.5
7458 1277.12 3397.27
7459 2897.28 1376.46
7460 188.918 4188.38
7461 3930.34 147.564
7462 3112.52 2176.21
7463 953.598 136.258
7464 1255.45 2402.63
7465 1530.47 2971.64
7466 942.582 967.683
7467 2419.7 2606.3
7468 3550.25 3929.11
7469 181.332 1457.2
7470 642.003 3385.4
7471 3405.03 1827.74
7472 4172.42 1096.62
7473 2583.55 1115.1
7474 2541.01 364.755
7475 88.1765 4246.23
7476 1771.75 203.357
7477 2560.86 418.051
7478 591.7 1396.9
7479 2591.76 1066.64
7480 1977.2 3181.12
7481 2495.24 1257.49
7482 3526.55 1523.97
7483 599.352 1129.52
7484 2914.12 522.156
7485 2722.33 370.59
7486 212.983 3978.31
7487 4255.21 3183.98
7488 3029.2 3181.04
7489 3909.72 2621.77
7490 4128.77 2394.75
7491 2310.82 547.003
7492 3108.56 311.103
7493 4198.53 2903.4
7494 3969.67 1101.28
7495 210.045 1343.99
7496 4520.99 3043.6
7497 3349.37 1513.25
7498 2597.04 3923.12
7499 1456.45 2400.24
7500 3341.12 3927.12
7501 2599.43 2174.52
7502 4326.95 4028.43
7503 463.017 1655.42
7504 2342.95 4100.81
7505 1038.46 2418.08
7506 1287.64 1695.5
7507 1623.1 3922.93
7508 2274.56 1346.13
7509 160.353 720.068
7510 299.108 4264.61
7511 3293.67 4444.86
7512 33.8542 713.593
7513 3131.07 3859.67
7514 1178.46 4013.11
7515 3932.4 1695.2
7516 3931.18 2534.51
7517 3336.26 182.535
7518 2307.13 1458.45
7519 4330.61 373.727
7520 4409.14 483.593
7521 3347.09 1563.6
7522 670.11 104.824
7523 3463.51 1245.62
7524 221.323 3145.36
7525 2684.47 1225.19
7526 772.883 4340.6
7527 285.155 1792.21
7528 104.08 3579.63
7529 2292.56 730.62
7530 2767.69 2202.47
7531 3471.54 1444.88
7532 936.601 2320.26
7533 1188.34 2776.88
7534 3912.01 3559.79
7535 1182.6 3613.19
7536 2296.24 1487.37
7537 3077.21 3965.57
7538 3244.24 3571.63
7539 3829.96 1907.64
7540 1689.64 2547.88
7541 1796.61 2773.04
7542 3010.49 805.901
7543 573.667 1442.01
7544 1521.18 3203.29
7545 3935.01 3858.34
7546 2474.35 3977.13
7547 3803.82 2421.6
7548 941.189 840.774
7549 636.128 1873.66
7550 3579.15 2385
7551 2468.94 2769.84
7552 3748.54 1046.48
7553 1769.79 3529.35
7554 4359.82 663.39
7555 3881.22 2562.35
7556 28.9391 3064.44
7557 1201.85 899.176
7558 3865.1 4014.92
7559 2678.45 466.953
7560 704.814 1960.75
7561 4408.39 4335.81
7562 2893.92 175.533
7563 1215.02 1360.3
7564 1821.14 3012.14
7565 744.41 3625.34
7566 4238.77 120.647
7567 4347.54 3022.74
7568 339.12 1781.69
7569 3124 1868.58
7570 844.136 4442.65
7571 841.368 192.741
7572 1150.19 2486.52
7573 4317.72 397.634
7574 1497.92 2082.16
7575 4632.46 698.196
7576 2751.3 744.935
7577 3210.04 3770.23
7578 3501.89 4452.36
7579 4477.76 674.006
7580 2419.04 4309.97
7581 3766.52 2403.94
7582 3336.57 2400.44
7583 1087.18 3620.9
7584 2541.13 3228.14
7585 1671.9 3595.67
7586 2858.66 915.287
7587 3088.39 2105.93
7588 3206.62 2455.99
7589 415.328 2794.48
7590 2494.75 2196.77
7591 2774.09 4084.13
7592 3120.24 3983.82
7593 2834.65 755.394
7594 4194.21 4394.59
7595 604.05 3502.29
7596 3816.32 1954.96
7597 2633.75 1000.09
7598 3609.43 823.2
7599 688.178 2389.9
7600 3360.02 3274
7601 1375.35 4466.51
7602 3133.64 814.631
7603 541.23 4389.2
7604 1853.95 1530.3
7605 326.587 4199.65
7606 737.918 2961.47
7607 314.018 2806.21
7608 306.311 2017.31
7609 2270.23 2805.54
7610 1102.34 2836.69
7611 3476.63 1118
7612 172.749 3658.51
7613 4379.15 2302.49
7614 1059.46 4413.33
7615 848.627 1087.79
7616 791.858 711.906
7617 2919.44 4312.59
7618 2879.2 280.577
7619 3122.4 3713.43
7620 4239.59 1166.75
7621 2191.6 1105.6
7622 634.396 1363.73
7623 2183.72 153.383
7624 1544.93 3776.49
7625 2374.91 637.178
7626 1292.59 429.67
7627 4116.84 2273.56
7628 2048.62 2040.71
7629 3471.29 769.766
7630 3670.93 1893.69
7631 2968.31 4126.45
7632 2854.46 837.915
7633 1135.88 2669.93
7634 987.744 1009.01
7635 3834.9 3284.76
7636 2274.63 206.121
7637 3283.58 4464.98
7638 927.274 3193.6
7639 4074.55 746.416
7640 3205.56 4144.01
7641 4597.3 1686.69
7642 1987.91 2810.32
7643 3189.63 656.58
7644 2823.02 353.945
7645 4458.39 2867.2
7646 3117.21 1695.72
7647 2289.93 479.559
7648 1739.24 1540.71
7649 214.52 3481.82
7650 4554.36 1112.42
7651 2631.3 2833.95
7652 4432.74 1429.18
7653 4178.24 3134.2
7654 2807.47 3409.55
7655 544.566 1765.89
7656 457.501 583.78
7657 3589.89 3268.46
7658 148.268 439.633
7659 2942.55 1097.39
7660 2165.83 2748.75
7661 2233.56 4452.18
7662 4074.11 3969.06
7663 1764.19 3829.12
7664 970.693 1347.73
7665 739.665 3669.21
7666 298.211 2301.17
7667 211.341 4411.64
7668 3994.98 2631.49
7669 3233.6 1333.29
7670 1312.16 3669.24
7671 2802.59 3249.84
7672 3117.26 3965.25
7673 2779.82 2028.38
7674 1640.73 3255.92
7675 1780.31 2326.72
7676 2201.71 1426.06
7677 1538.33 1876.26
7678 3584.85 1806.75
7679 2941.6 237.979
7680 2899.65 1348.83
7681 3852.94 4377.45
7682 2349.33 1923.7
7683 2606.94 3381
7684 4177.57 36.6499
7685 3049.98 2225.94
7686 906.335 1217
7687 20.3636 4284.2
7688 4209.35 2794.72
7689 185.732 285.172
7690 4096.37 478.398
7691 2915.55 3523.48
7692 988.883 1129.46
7693 4469.47 1405.91
7694 671.814 2074.68
7695 1034.44 2110.93
7696 3009.63 1600.12
7697 4284.78 3578.75
7698 1521.09 1252.37
7699 1176.71 2559.74
7700 4354.96 3031.93
7701 4376.22 3056.73
7702 4561.43 355.265
7703 4437.85 1388.8
7704 4626.74 886.854
7705 3473.11 1053.71
7706 2844.02 2316.8
7707 4370.21 4110.78
7708 2605.59 2739.02
7709 2999.44 1207
7710 1553.36 4025.3
7711 76.5684 2620.34
7712 737.075 1368.63
7713 3348.63 2441.06
7714 4428.11 2948.35
7715 440.117 784.728
7716 583.432 3818.88
7717 3317.89 3270.97
7718 3234.68 1491.32
7719 2573.42 563.927
7720 3987.9 6.24844
7721 953.203 3815.18
7722 3832.47 4300.55
7723 3890.09 898.113
7724 589.094 2640.89
7725 4498.94 2919.9
7726 1212.14 2285.14
7727 3970.18 1141.82
7728 1286 4437.44
7729 2111.19 1316.24
7730 3486.88 2685.8
7731 3714.51 4379.51
7732 2903.9 4206.06
7733 3216.08 1655.96
7734 3152.96 4240.66
7735 543.028 92.3229
7736 531.98 4189.71
7737 4376.83 1236.7
7738 3285.5 4250.96
7739 4458.4 1358
7740 1714.59 595.206
7741 4424.31 3341.54
7742 759.035 1659.09
7743 285.043 954.173
7744 3678.34 28.2161
7745 512.771 2749.17
7746 4311.12 4323.24
7747 3744.6 2416.96
7748 1596.23 822.567
7749 4601.75 476.13
7750 1287.82 2123.69
7751 3765.07 3613.9
7752 1017.26 1102
7753 2460.51 2842.13
7754 3959.09 2647.07
7755 2988.58 213.687
7756 1093.33 796.795
7757 959.57 4306.42
7758 602.716 1552.21
7759 2457.33 795.181
7760 1368.85 3487.74
7761 2008.7 3058.27
7762 582.537 4212.61
7763 612.291 4470.84
7764 2979.92 2597.73
7765 636.757 2968.14
7766 1240.58 989.306
7767 2422.78 3828.43
7768 963.455 73.4555
7769 1974.52 74.1751
7770 2354.47 323.561
7771 1022.7 1055.7
7772 1070.23 4485.57
7773 1462.81 139.64
7774 2105.67 3752.27
7775 1680.74 912.395
7776 966.704 4228.44
7777 4360.79 1984.5
7778 2726.62 3355.68
7779 1266.97 2761.65
7780 4085.13 413.671
7781 504.459 4292.14
7782 1573.35 2395.02
7783 2356.17 2268.33
7784 2192.01 1704.42
7785 2416.54 1449.49
7786 3969.65 2635.49
7787 13.4199 1626.32
7788 2078.78 4348.56
7789 3135.58 2422.96
7790 1264.35 1331.65
7791 2124.03 2213.96
7792 2029.83 767.563
7793 4630.27 4417.41
7794 3862.83 933.38
7795 1387.45 399.711
7796 2496.61 99.9138
7797 2499.27 519.977
7798 1313.9 4616.91
7799 3737.3 3929.25
7800 978.152 434.774
7801 4325.59 1206.81
7802 3063.69 406.105
7803 450.451 3953.82
7804 3834.68 4272.75
7805 362.09 855.832
7806 669.891 2106.89
7807 4284.25 1843.05
7808 1450.82 1536.69
7809 395.796 2220.27
7810 3406.44 1214.36
7811 4454.7 2512.46
7812 297.326 2000.91
7813 1558.06 2380
7814 3855.25 4536.05
7815 3487.41 1516.75
7816 1920.29 1136.52
7817 2861.85 4494.12
7818 3249.49 1644.23
7819 4308.44 4453.48
7820 3393.59 245.918
7821 2292.05 3965.69
7822 3958.66 85.9599
7823 3287.29 2497.68
7824 2936.66 3685.54
7825 3340.41 2662.37
7826 4171.67 117.742
7827 2781.99 3169.14
7828 552.285 3031.26
7829 1363.76 1575.48
7830 428.994 372.328
7831 1528.06 3370.07
7832 2516.63 520.299
7833 493.699 4314.56
7834 1109.34 4396.52
7835 3976.7 1020.97
7836 2522.51 1006.78
7837 810.196 3489.43
7838 4545.41 664.963
7839 4084.22 3577.43
7840 1566.06 1961.42
7841 1733.9 4540.88
7842 1726.07 3756.14
7843 542.044 702.543
7844 2761.56 532.57
7845 3939.82 1889.48
7846 2411.05 344.829
7847 3360.28 3326.69
7848 1396.09 2139.99
7849 2198.36 3989.01
7850 4568.53 3727.18
7851 3540.56 1008.71
7852 1219.08 3397.44
7853 3393.34 2548.88
7854 1497.32 2711.64
7855 1337.24 588.049
7856 944.571 2073.78
7857 2061 3534.38
7858 3241.7 852.812
7859 1439.41 1627.04
7860 2139.68 3372.99
7861 2291.11 1355.55
7862 2268.48 4181.35
7863 2800.42 2718.74
7864 4363.09 1684.54
7865 255.764 489.285
7866 4261.27 706.774
7867 3936.97 3684.97
7868 1474.12 847.328
7869 4627.56 2663.22
7870 770.537 4432.05
7871 3198.72 156.882
7872 4238.48 3084.34
7873 4146.3 2646.35
7874 1550.44 1268.37
7875 1611.47 2480.39
7876 3447.09 1364.39
7877 211.125 656.639
7878 1771.94 2231.53
7879 2712.22 650.234
7880 1491.17 443.048
7881 1325.89 3129.51
7882 3971.75 4019.41
7883 270.359 6.22977
7884 2415.98 1045.62
7885 2887.42 933.229
7886 4625.95 1722.41
7887 1114.94 3894.67
7888 4055.15 1108.94
7889 745.723 418.959
7890 4146.65 1796.89
7891 367.881 2278.97
7892 3491.09 1002.31
7893 4313.86 1037.44
7894 3659.36 281.268
7895 3317.97 1845.22
7896 4408.01 1272.28
7897 4063.56 2778.6
7898 2093.59 4301.44
7899 4164.19 1523.47
7900 2938.71 879.827
7901 1838.57 513.875
7902 2902.09 4208.42
7903 280.494 2282.67
7904 3512 2473.48
7905 4597.54 250.954
7906 4254.11 3683.15
7907 1089.67 3129.91
7908 4421.73 682.534
7909 1349.92 3474.76
7910 3228.57 4201.87
7911 4079.03 1223.61
7912 3791.59 184.027
7913 2606.06 374.826
7914 2497.75 3646.45
7915 2198.12 3572.19
7916 3275.14 3182.38
7917 967.03 4536.22
7918 499.354 912.356
7919 4466.48 2024.38
7920 3525.31 3380.92
7921 426.554 2797.61
7922 1373.2 128.489
7923 627.472 3336.21
7924 346.162 2824.88
7925 27.9677 210.515
7926 4550.32 304.64
7927 2974.51 1824.3
7928 3991.8 3723.7
7929 3056.04 2015.93
7930 327.636 2434.37
7931 2470.64 1354.76
7932 1260.91 1120.19
7933 1357.28 2352.81
7934 4370.9 3657.63
7935 2770.15 1176.3
7936 293.49 1166.7
7937 2710.23 297.954
7938 2878.05 903.788
7939 1695.5 1266.18
7940 4573.83 3786.41
7941 1272.09 2660.24
7942 1050.23 1171.76
7943 4090.81 2063.25
7944 1309.93 1611.61
7945 4562.86 1898.55
7946 484.44 729.367
7947 2913.91 4062.58
7948 1079.84 2859.56
7949 1276.54 220.24
7950 1110.52 1972.72
7951 2758.36 2653.96
7952 582.074 2940.49
7953 599.517 1470.85
7954 3521.46 339.627
7955 3444.94 1719.68
7956 914.695 414.016
7957 425.49 2451.84
7958 3406.72 3918.06
7959 905.865 1398.85
7960 2682 1532.94
7961 2800.52 4464.8
7962 4579.41 3136.73
7963 3133.85 2000.85
7964 1714.49 3072.36
7965 3188.7 3994.83
7966 3057.27 1039.29
7967 1270.53 783.292
7968 3365.63 3133.96
7969 4415.96 1903.11
7970 2059.88 4060.1
7971 4534.02 2986.87
7972 310.306 2721.17
7973 2300.04 2680.73
7974 2341.29 4358.72
7975 3800.82 2125.89
7976 1531.6 2745.99
7977 42.9979 2031.12
7978 595.325 2238.39
7979 1529.84 3066.47
7980 2147.63 3558.59
7981 4120.05 1925.35
7982 4508.14 3508.19
7983 4071.98 832.748
7984 800.887 4130.22
7985 2616.99 4177.99
7986 541.238 65.3254
7987 3124.6 1777.86
7988 1272.38 2605.74
7989 3909.29 866.949
7990 2063.4 3100.1
7991 3790.83 672.088
7992 1372.33 2720.92
7993 1078.03 1127.72
7994 1722.81 2410.56
7995 3014.19 3438.79
7996 17.7042 2677.37
7997 665.34 1743.36
7998 4487.34 1694.1
7999 2748.94 440.658
8000 1147.5 1649.29
8001 1665.34 3999.12
8002 4389.25 628.535
8003 1275 3080.06
8004 2103.83 2845.86
8005 534.86 3063.14
8006 2477.81 2043.96
8007 2488.5 50.3105
8008 211.494 3074.03
8009 4347.34 2804.18
8010 813.89 1495.23
8011 2821.43 4493.19
8012 3844.4 4001.35
8013 2847.23 2851.36
8014 3801.77 3908.21
8015 3235.7 3928.65
8016 3271.72 3597.42
8017 2339.48 3236.02
8018 1258.99 1091.59
8019 3132.02 3169.76
8020 3207.03 3486.92
8021 660.327 4373.84
8022 4499.95 1937.02
8023 1444.09 2361.33
8024 3007.93 756.729
8025 3249.21 829.063
8026 2859.81 1210.95
8027 688.199 156.804
8028 2061.59 1498.97
8029 3943.9 4057.47
8030 3696.46 2893.43
8031 850.747 3288.46
8032 1963.73 3578.16
8033 398.775 228.975
8034 3119.05 4595.64
8035 4082.54 1103.02
8036 1111.89 1623.04
8037 618.86 2015.05
8038 825.17 2392.81
8039 3964.49 120.707
8040 1197.82 1682.08
8041 3836.13 3730.96
8042 3547.45 3240.59
8043 765.313 2449.64
8044 3634.29 4433.17
8045 1964.13 3951.24
8046 3950.09 4204.23
8047 3255.94 526.682
8048 4196.02 3528.08
8049 4268.44 1193.28
8050 4328.96 1742.97
8051 3925.01 2998.9
8052 3646.74 2827.74
8053 2812.27 1861.32
8054 3802.35 4323.95
8055 2168.61 774.465
8056 2728.57 1196.42
8057 3458.82 612.314
8058 1040.97 1479.99
8059 1007.86 920.337
8060 3113.64 4050.52
8061 2791.66 154.619
8062 3403.67 4440.25
8063 1208.01 103.076
8064 2781.38 299.173
8065 347.404 2588.29
8066 3108.38 531.157
8067 161.634 2813.42
8068 393.338 3975.11
8069 1344.35 1060.13
8070 1802.56 3063.22
8071 1277.93 24.3317
8072 1028.27 1205.65
8073 578.575 972.924
8074 3456.56 2025.85
8075 2026.7 4573.66
8076 3422.51 4010.12
8077 4206.58 4098.91
8078 819.24 4249.02
8079 2121.9 1812.09
8080 3120.75 862.781
8081 1592.36 649.403
8082 834.021 2354.75
8083 4213.88 3520.66
8084 2546.72 4600.64
8085 3467.35 1283.04
8086 1077.11 727.292
8087 2821.54 1767.74
8088 3881.04 1290.13
8089 3609.38 1908.59
8090 4178.87 4328.76
8091 1154.51 1602.22
8092 1590.3 917.292
8093 4516.38 1042.82
8094 3164.78 1622.84
8095 1315.54 4150.39
8096 2506.52 1262.82
8097 761.978 869.76
8098 1332 1270.35
8099 4243.04 1947.52
8100 3901.89 1968.84
8101 1023.04 3293.57
8102 39.9406 3817.31
8103 255.04 1433.95
8104 3677.85 3531.6
8105 2604.49 3477.98
8106 2487.87 2892.32
8107 4212.59 2802.15
8108 86.4199 4471.5
8109 1840.64 590.047
8110 2357.9 1037.85
8111 3845.91 3068.16
8112 1318.43 647.431
8113 4308.15 3083.84
8114 594.019 1756.88
8115 2398.63 1819.21
8116 4134.76 3030.47
8117 3434.8 3580.24
8118 2685.57 3384.96
8119 186.692 969.539
8120 82.2189 1644.2
8121 3455.95 3647.28
8122 3594.88 1657.21
8123 3444.93 1197.31
8124 4611.95 2499.56
8125 963.883 1255.55
8126 1979.04 2619.79
8127 1784.33 47.9939
8128 2525.46 4327.27
8129 3968.5 2340.33
8130 3805.55 4308.43
8131 2338.54 1324.65
8132 1798.3 2893.5
8133 4498.8 2333.77
8134 1132.61 3585.04
8135 643.939 3845.39
8136 1280.93 2439.78
8137 1000.46 1744.01
8138 530.186 3303.24
8139 178.228 2767.41
8140 3264.42 1400.15
8141 3130.47 516.041
8142 234.251 805.372
8143 1838.31 1905.49
8144 246.469 656.516
8145 3321.22 3815.02
8146 1039.41 1170.76
8147 717.987 3639.39
8148 1324.12 1019.24
8149 1470.42 3160.66
8150 1570.57 320.449
8151 3721.09 1519.34
8152 1352.06 46.2837
8153 455.017 157.686
8154 3244.24 544.435
8155 1600.26 3588.3
8156 4151.69 2049.61
8157 635.038 2524.58
8158 833.772 10.7422
8159 2725.52 1588.93
8160 2890.5 4036.8
8161 4278.61 468.477
8162 70.3991 13.2605
8163 3071.2 536.089
8164 322.717 1038.52
8165 2801.03 1349.62
8166 1010.13 1569.3
8167 796.958 4032.93
8168 1522.24 4212.27
8169 3445.02 2884.72
8170 3289.2 4466.36
8171 2930.23 1122.94
8172 461.058 1878.04
8173 42.1109 2746.52
8174 4538.3 3357.22
8175 1739.99 1694.61
8176 4515.99 1198.99
8177 489.817 1489.38
8178 1305.96 3759.99
8179 1473.71 1090.69
8180 3594.8 583.875
8181 4063.49 868.238
8182 1021.66 2302.98
8183 826.061 2681.7
8184 3636.93 905.358
8185 459.427 610.03
8186 3372.78 3103.94
8187 2719.45 3505.87
8188 413.141 3999.99
8189 4219.64 1500.8
8190 1404.66 2258.26
8191 2633.73 217.552
8192 2707.41 4073.2
8193 2485.94 2211.36
8194 64.7682 860.431
8195 2457.25 3108.9
8196 2446.68 4432.59
8197 2258.01 2064.68
8198 2112.33 4242.8
8199 3548.23 3231.64
8200 2368.06 2121.72
8201 2949.45 704.87
8202 2654.4 819.226
8203 3523.96 2186.24
8204 915.648 875.799
8205 2437.37 1174.4
8206 3325.48 635.016
8207 3413.35 743.915
8208 3965.75 3995.96
8209 250.69 4428.35
8210 3029.82 577.734
8211 2688.8 409.215
8212 2557.96 2490.14
8213 3822.23 963.476
8214 3957.9 3458.91
8215 4081.84 710.287
8216 1718.39 3552.32
8217 1570.81 447.626
8218 4156.89 2158.09
8219 3839.12 1781.67
8220 2425.98 3712.31
8221 813.568 3581.64
8222 210.035 608.308
8223 3577.38 3887.01
8224 2353.89 2972.04
8225 1180.04 2282.67
8226 4434.04 970.754
8227 4614.21 795.239
8228 1109.69 4074.27
8229 1588.96 4354.04
8230 3534.59 1401.92
8231 712.796 3422.61
8232 2299.74 2944.17
8233 752.623 2333.99
8234 3175.01 969.274
8235 1659.47 15.5044
8236 238.172 1955.91
8237 1617.77 375.089
8238 847.964 3354.93
8239 3186.96 380.906
8240 2661.27 2601.31
8241 4236.44 2737.05
8242 2457.12 2821.47
8243 1779 2539.8
8244 3666.4 3710.48
8245 3783.54 2246.19
8246 2513.97 1286.16
8247 3626.76 1463.06
8248 1510.37 2562.24
8249 1031.64 1047.38
8250 3590.94 4460.94
8251 39.978 3530.5
8252 646.667 387.619
8253 2089.33 1852
8254 2302.86 1112.3
8255 1465.14 641.199
8256 1865.11 1335.79
8257 4554.4 1213.29
8258 2610.91 140.73
8259 3268.33 3954.63
8260 93.0346 4326.49
8261 2387.2 4465.07
8262 2011.71 1100.65
8263 2677.38 1198.59
8264 2654.69 1762.97
8265 1719.21 799.502
8266 814.294 497.69
8267 3911.94 2586.52
8268 773.816 2885.94
8269 701.372 3529.02
8270 3249.54 2411.05
8271 2529.59 276.676
8272 1702.72 3382.83
8273 1576.58 715.324
8274 4306.58 1030.07
8275 2544.93 4021.09
8276 378.342 841.28
8277 2322.25 2097.99
8278 1139.34 4152.98
8279 18.711 4503.7
8280 1743.83 1090.11
8281 4020.77 2901.82
8282 3663.78 4285.59
8283 521.14 1537.41
8284 1868.26 1259.1
8285 1493.08 3737.6
8286 1512.64 3486.62
8287 151.009 776.566
8288 2027.8 2352.75
8289 1522.74 3621.24
8290 151.152 2225.38
8291 3651.02 3665.93
8292 1450.07 1865.89
8293 1416.92 3521.48
8294 584.893 4230.97
8295 3858.29 1745.41
8296 4109.05 3776.96
8297 1866.13 3266.78
8298 2120.92 1544.09
8299 4501.05 3289.97
8300 4164.69 4079.92
8301 2934.87 2551.76
8302 3830.52 2549.63
8303 2144.23 1343.81
8304 3562.34 795.493
8305 2370.43 2343.17
8306 3264.68 1452.22
8307 4315.46 1686.34
8308 2890.1 2138.59
8309 3171.55 2622.06
8310 3554.71 1122.23
8311 3712.73 1180.46
8312 3668.33 765.39
8313 47.9576 1508.5
8314 1297.3 503.686
8315 2054.33 2711.86
8316 4336.78 3483.08
8317 1776.93 3700.78
8318 3753.06 4107.55
8319 3325.9 4322.28
8320 2670.58 548.866
8321 1703.29 2037.75
8322 4429.16 2839.39
8323 4465.33 3471.98
8324 1458.59 1689.79
8325 1899.22 4259.01
8326 3179.75 3305.81
8327 318.491 1759.67
8328 1417.5 3974.48
8329 4018.14 3029.91
8330 3008.54 4259.27
8331 1983.14 2445.13
8332 3325.7 4320.44
8333 1823.47 3168.98
8334 4157.63 2969.82
8335 2936.75 4012.33
8336 454.846 569.898
8337 118.628 79.4746
8338 4406.93 2818.49
8339 840.967 1778.47
8340 2330.59 1777.21
8341 4467.87 4017.08
8342 328.318 2033.85
8343 3518.4 52.4756
8344 3020.91 3240.16
8345 2144.47 2479.17
8346 4370.53 3536
8347 4086.85 3141.38
8348 3968.65 3758.21
8349 391.768 1507.68
8350 2580.37 1915.84
8351 2144.26 4238.15
8352 1233.57 2497.65
8353 2869.31 1525.06
8354 2725.48 4548.51
8355 998.388 2744.12
8356 4035.67 1543.14
8357 450.421 893.258
8358 1495.84 1270.67
8359 1364.16 1089.02
8360 113.662 988.732
8361 2803.88 3024.97
8362 620.096 598.555
8363 1342.52 1817.05
8364 2052.85 2818.29
8365 4051.75 564.5
8366 1951.39 165.826
8367 1036.68 1439.01
8368 2695.88 3223.73
8369 218.212 3561.58
8370 246.687 3507.49
8371 1358.64 2697.56
8372 2259.75 2784.88
8373 3622.86 1444.09
8374 2770.9 1563.15
8375 1911.13 1915.69
8376 2742 2798.54
8377 4246.31 4214.52
8378 4224.6 4112.78
8379 4425.37 679.74
8380 2244.45 3973.37
8381 3920.66 3343.01
8382 576.546 1171.17
8383 3521.42 362.534
8384 143.128 1148.57
8385 803.158 2748.17
8386 3727.26 4379.34
8387 2037.97 4356.89
8388 222.122 3196.65
8389 269.391 2441.74
8390 1264.02 2351.13
8391 590.026 4525.96
8392 2611.46 4027.71
8393 2075.61 4009
8394 1923.42 2045.68
8395 4595.53 3108.84
8396 3618.03 4278.4
8397 1525.44 1523.82
8398 2031.94 2929.94
8399 4619.89 297.368
8400 4072.67 1400.74
8401 4417.95 899.928
8402 3801.96 3483.19
8403 3139.69 4278.3
8404 4514.16 3140.7
8405 3112.22 4555.43
8406 2804.73 1248.95
8407 17.4591 232.166
8408 1846.8 2538.45
8409 2469.2 4412.08
8410 2570.87 299.03
8411 2664.3 1279.01
8412 1463.37 3927.29
8413 1575.66 387.425
8414 2124.15 2674.6
8415 4584.19 4010.19
8416 241.555 2308.35
8417 846.213 1838.1
8418 3254.69 3985.31
8419 38.5188 2900.89
8420 1391.4 3443.07
8421 2933.7 4041.99
8422 1931.45 4245.99
8423 4319.78 285.83
8424 3394.97 4610.81
8425 1450.83 2434.66
8426 466.001 2570
8427 4330.95 4035.86
8428 4138.82 2545.85
8429 1059.09 103.169
8430 1915.08 1226.68
8431 2372.22 2669.58
8432 521.998 3097.31
8433 3455.41 2354.28
8434 3482.92 1957.95
8435 3346.37 571.172
8436 4622.48 1205.81
8437 2735.97 3904.2
8438 2043.76 479.053
8439 2323.88 2742.58
8440 1398.43 1664.24
8441 1631.73 1560.51
8442 225.475 1418.64
8443 4165.12 2715.21
8444 1237 3755.64
8445 2702.35 1069.91
8446 2932.63 757.692
8447 4003.43 636.406
8448 3568.98 2913.09
8449 1364.5 1934.02
8450 183.502 875.909
8451 2431.42 4029.06
8452 2995.19 4419.11
8453 3052.82 4478.34
8454 3832.9 3379.08
8455 2237 1897.61
8456 3254.41 421.11
8457 909.86 2419.71
8458 237.921 951.032
8459 257.401 679.095
8460 2322.55 183.759
8461 1829.15 1496.09
8462 2449.59 364.481
8463 3086.75 2605.57
8464 2437.95 4320.62
8465 4312.41 723.139
8466 2773.9 2935.42
8467 4346.76 2955.3
8468 2656.56 2117.82
8469 1809.54 1984.08
8470 3641.41 1116.77
8471 1069.05 2390.89
8472 1721.2 556.895
8473 3807.61 4166.43
8474 3745.93 3452.29
8475 1334.01 1154.06
8476 4309.32 4209.3
8477 4526.24 3238.25
8478 2086.13 1263.68
8479 4605.4 2236.76
8480 3102.18 2657.29
8481 3394.15 1260.19
8482 1995.48 661.788
8483 173.826 110.708
8484 2326.97 3040.64
8485 3659.23 2757.44
8486 4438.91 2516.88
8487 4154 4443.28
8488 3233.19 2755.8
8489 939.596 3271.25
8490 1575.47 3976.97
8491 2843.53 428.795
8492 224.484 3322.76
8493 1567.9 4362.18
8494 3365.97 3030.95
8495 4453.14 2100.09
8496 2437.44 1456.12
8497 3859.57 479.962
8498 1518.03 3683.66
8499 1199.74 1682.12
8500 1016.05 2438.15
8501 4004.42 4160.85
8502 1649.21 2579.9
8503 3031.85 746.971
8504 1831.75 142.262
8505 4053.33 2438.86
8506 1380.87 3492.63
8507 3265.36 3360.07
8508 488.032 437.402
8509 3465.02 3033
8510 2229.29 4456.53
8511 424.334 1339.92
8512 1633.12 811.935
8513 3190.71 625.929
8514 2888.04 90.7079
8515 2797.07 2297.33
8516 608.625 1735.81
8517 1710.01 649.068
8518 770.481 4607.43
8519 3740.9 1837.48
8520 4412.3 278.669
8521 3184.62 507.297
8522 2178.73 4605.74
8523 3179.56 37.3672
8524 3811.18 996.836
8525 4307.26 4084.53
8526 1773.05 2145.02
8527 1784.77 4273.16
8528 2984.48 1040.33
8529 2402.65 407.215
8530 1140.05 4047.89
8531 3358.5 574.463
8532 4012.83 3949.51
8533 2239.19 348.942
8534 1290.49 3407.48
8535 1748.22 3547.54
8536 2456.38 1623.92
8537 761.887 906.063
8538 3975.88 2321.59
8539 282.58 1890.65
8540 902.599 1211.53
8541 373.817 2171.77
8542 3382.17 3344.88
8543 3115.11 4164.95
8544 47.0159 3595.79
8545 898.409 4197.54
8546 4425.39 2767.54
8547 1972.96 383.099
8548 3756.52 3369.31
8549 555.177 3000.75
8550 1660.21 3901.51
8551 2313.95 387.905
8552 337.731 260.078
8553 2716.92 2237.75
8554 271.871 4083.6
8555 4340.7 2130.3
8556 2062.44 2278.86
8557 2902.27 1769.57
8558 173.396 4110.57
8559 3872.93 2735.52
8560 3988.86 1887.25
8561 3399.57 2258.21
8562 1768.96 3369.19
8563 1336.72 347.131
8564 3906.37 3086.77
8565 580.115 1621.69
8566 3699.26 3034.12
8567 3593.85 4036.22
8568 258.997 4362.85
8569 3696.95 3480.62
8570 3665.47 1121.07
8571 4460.86 3002.74
8572 1383.09 1756.12
8573 1271.68 1955.44
8574 1954.68 2679.57
8575 715.936 1575.31
8576 274.741 426.371
8577 1529.97 4089.1
8578 3738.98 2136.51
8579 4284.9 3759.28
8580 606.556 3526.9
8581 1645.39 263.705
8582 2124.71 2970.85
8583 3237.03 2226.9
8584 3568.91 1459.37
8585 787.077 2049.68
8586 4065.17 2566.81
8587 3512.49 3440.11
8588 3531.97 388.946
8589 4122.25 2693.62
8590 415.236 4573.73
8591 3407.51 3122.55
0 1294 57.3113
0 3327 39.7174
0 5116 63.0529
1 5737 63.7197
1 7225 41.6898
1 7840 53.8297
2 1804 80.3416
2 2919 46.4243
2 3795 113.088
2 4654 58.895
2 7547 25.4071
3 433 11.2643
3 3325 75.425
3 7284 111.589
4 1751 49.4185
4 5529 70.4325
4 6616 55.2499
4 8164 110.942
5 1559 77.9562
5 2238 79.4295
5 2348 80.1913
5 6559 98.0797
6 2540 30.6292
6 2805 33.453
6 4060 30.5378
7 2160 73.1632
7 4293 109.253
7 8522 30.4292
8 1611 47.4223
8 3049 24.7737
8 4352 48.1056
8 7299 37.7499
9 1782 130.777
9 3456 63.598
9 4870 55
9 7920 49.8851
10 2209 90.9282
10 3292 36.4182
10 3727 80.2051
10 4499 117.513
10 8350 32.6237
11 2177 106.086
11 5477 66.2225
11 6584 75.6448
11 8256 60.5675
12 4429 61.1879
12 4437 52.8449
12 4814 75.4501
13 460 112.721
13 3529 31.1343
13 3879 104.675
13 7798 70.914
14 2051 21.0326
14 2114 12.8343
14 6258 64.105
14 7290 10.0218
15 144 119.419
15 7086 55.9045
15 7964 71.4608
15 8070 69.0354
16 1676 53.8408
16 2545 53.0218
16 3662 67.0311
16 5390 45.7195
17 154 23.8686
17 2208 43.8531
17 2527 71.3615
18 277 52.2625
18 2615 111.284
18 6862 69.3263
19 3320 27.3485
19 5220 38.1992
19 7644 42.9551
20 205 81.9924
20 3569 47.1454
20 5977 67.8125
20 7023 92.4487
21 4709 35.1689
21 5951 14.8958
21 7706 63.5419
22 2307 103.43
22 4197 79.0051
22 6074 66.1211
22 6349 107.808
23 1712 92.6923
23 4628 75.8714
23 8513 87.2925
24 1182 62.0482
24 2171 28.5951
24 4055 71.7826
25 2082 20.2678
25 3696 45.8363
25 7204 52.4284
25 8300 12.6693
26 2355 37.931
26 3444 12.4534
26 6525 65.2798
27 1947 83.4816
27 3493 53.5575
27 4736 66.4775
27 5965 38.7968
28 763 77.1484
28 1171 88.0007
28 1656 49.5644
28 4614 82.1524
28 6467 64.9919
29 2723 39.6449
29 3225 41.4624
29 3522 112.179
30 680 33.2044
30 1608 24.6053
30 2038 31.6036
30 3863 47.455
31 2877 60.7523
31 5331 108.822
31 5515 73.7601
31 7957 73.4932
32 315 66.2208
32 2504 24.2861
32 4787 68.4483
32 5415 98.496
32 5715 79.264
32 7721 63.5851
33 2132 132.402
33 5708 98.9992
33 6883 97.0335
34 3792 47.6831
34 6771 42.9741
34 7531 41.7439
35 1025 68.4888
35 7737 52.0229
35 7801 16.7017
36 1546 68.513
36 5099 77.8387
36 7624 62.2476
37 4699 59.5231
37 6883 82.8635
37 7746 45.023
38 1979 25.8211
38 2012 51.3362
38 3830 8.50244
38 5490 53.882
38 6097 47.7543
39 862 118.049
39 2179 65.3025
39 6237 66.6905
40 1150 36.8823
40 2311 43.6209
40 4325 41.2472
40 7211 74.0041
40 8221 66.4427
41 1706 38.0137
41 6442 15.4998
41 8001 54.6905
42 2070 51.6248
42 8144 47.1557
42 8459 31.8016
42 5686 58.804
43 560 70.7144
43 1269 47.7536
43 1317 57.3978
43 7799 106.583
44 910 25.8641
44 1843 25.1139
44 3123 78.8668
45 1451 15.4941
45 2030 25.0283
45 2634 41.3761
45 2831 91.085
45 4217 35.4842
45 5330 50.4254
46 765 62.0104
46 3916 73.7158
46 7267 23.4775
47 2013 74.0632
47 4556 37.1992
47 8333 23.3037
48 1295 63.3114
48 3292 57.441
48 3727 34.4383
48 5900 45.0734
48 6053 57.8512
49 164 25.8027
49 3533 31.8322
49 7968 16.4863
50 869 65.9577
50 938 48.804
50 4234 91.8906
50 6946 70.2569
51 1239 73.7741
51 3224 97.5629
51 4151 122.197
51 6057 32.7858
52 2664 71.4563
52 5202 28.1382
52 6920 32.3037
52 8510 29.3
53 2787 20.5515
53 4930 54.2192
53 7420 74.5181
54 1745 71.9794
54 2129 78.3158
54 5379 59.9366
55 2325 40.273
55 5537 92.3274
55 7623 62.5972
56 817 112.275
56 3601 15.6573
56 8384 53.387
57 860 54.4006
57 1558 11.1931
57 2674 29.4428
57 3935 32.6304
58 2780 102.145
58 4307 35.9256
58 5046 14.9149
58 7979 73.8233
59 87 65.4329
59 412 44.5329
59 2721 58.494
59 7171 44.1093
60 614 94.6434
60 877 111.723
60 6675 85.059
61 1236 69.0819
61 2349 99.2604
61 5347 58.3017
61 6673 49.8153
62 3356 15.7959
62 3944 55.204
62 8212 45.4051
63 4135 74.5192
63 5198 45.7965
63 6135 61.2669
63 7933 40.6078
64 2159 48.2968
64 5887 50.5279
64 7071 76.2794
64 8519 78.2238
65 4478 20.2183
65 4910 38.5073
65 5897 51.508
66 2574 32.4547
66 4838 36.2705
66 7629 54.9918
66 8207 48.7412
67 1776 17.3857
67 2637 70.1025
67 2970 55.5919
67 5205 35.1226
68 3442 111.865
68 3614 78.3239
68 3899 48.8629
69 2604 116.579
69 2881 1.35937
69 6085 17.8642
70 634 115.932
70 1091 77.964
70 1412 45.8446
70 4364 56.7462
70 7667 97.7122
71 312 104.099
71 2642 93.1136
71 3377 69.885
71 5593 32.6865
72 960 123.269
72 2055 124.552
72 4825 92.2258
73 2646 78.4426
73 2653 37.066
73 6448 69.9654
73 7676 106.477
74 882 25.4188
74 5260 44.7243
74 6313 67.4274
75 4347 69.075
75 4969 41.9794
75 5683 63.586
76 919 76.0919
76 1469 40.2072
76 1569 29.4378
76 4481 67.8304
77 425 180.923
77 1259 62.9491
77 4121 91.9148
77 5608 102.549
77 7231 64.8159
78 327 28.7992
78 647 86.6635
78 1123 86.2134
78 3263 25.9189
78 3966 114.722
78 5156 36.9826
78 6490 48.9001
79 675 57.6679
79 1094 23.7312
79 1105 66.951
79 1780 42.5403
79 3537 21.3221
80 1799 52.652
80 2658 54.3661
80 4107 68.8867
80 5450 63.5392
81 3767 90.1349
81 6796 92.4548
81 8172 17.5913
82 550 40.528
82 1621 28.3694
82 5632 11.9116
82 6107 26.4455
82 7394 39.9179
82 7885 40.5631
83 892 95.9008
83 971 93.6592
83 7409 24.7224
84 4493 3.36705
84 4968 63.8959
84 5835 93.0044
84 5987 54.8213
85 1619 57.5744
85 1696 108.736
85 3253 39.5993
85 6444 55.5207
86 1070 73.697
86 1474 57.0309
86 4012 52.0348
86 7473 82.6395
87 4623 46.2157
87 7171 50.3736
88 1447 134.011
88 1838 56.4271
88 3612 74.0583
88 8400 78.0088
89 625 63.9829
89 1579 40.6127
89 2152 57.3256
89 6642 65.304
90 4412 84.0826
90 5101 37.1848
90 7788 59.1516
91 3232 67.5431
91 3981 65.8824
91 6283 27.0528
92 1919 53.7875
92 2052 58.3152
92 3920 46.4009
93 311 61.9321
93 5574 70.236
93 8133 82.8469
94 99 54.928
94 1031 58.774
94 2729 42.1898
95 1211 77.9042
95 2746 72.7726
95 7207 46.2367
95 8361 75.3096
96 909 53.4076
96 3285 51.3559
96 3821 57.2437
96 4726 64.2218
96 5901 95.1535
97 5157 96.5628
97 5577 103.162
97 5613 36.4279
97 6236 24.1197
98 1701 88.3522
98 1734 39.6171
98 4331 80.6844
98 5968 100.726
99 1031 111.511
99 1634 144.979
99 2729 50.3988
100 195 29.8646
100 902 65.8978
100 1702 59.9626
100 8179 82.5356
101 1239 74.5396
101 5044 55.2505
101 6057 93.5877
102 668 49.4071
102 1887 83.5279
102 2827 16.743
102 2959 54.2536
103 2640 35.7319
103 4659 32.1849
103 5996 71.4174
104 742 80.8493
104 1672 38.5766
104 4816 70.2013
105 1021 81.6599
105 2580 30.5163
105 3941 93.0075
105 5180 60.3878
105 7209 83.2328
106 1425 91.9986
106 5856 48.4791
106 6826 62.7949
107 684 68.8384
107 7288 52.6147
107 7965 48.5367
108 155 81.0561
108 1872 76.0368
108 5001 70.2798
109 416 38.3168
109 846 10.7311
109 3035 22.8922
109 4581 53.812
110 744 43.4941
110 1092 97.053
110 7395 13.1924
111 6216 31.0778
111 7544 21.2169
111 8149 84.3044
112 427 39.8224
112 4564 21.9806
112 6274 82.8679
113 1111 58.1619
113 3172 43.619
113 7346 54.1958
114 1736 53.4775
114 2706 102.884
114 4557 87.3461
115 702 64.341
115 2287 116.122
115 8154 117.158
116 5122 103.456
116 5925 103.595
116 6586 84.1734
117 428 47.2008
117 993 40.9441
117 5191 54.6402
118 6484 89.9184
118 7055 9.42502
118 8054 54.3831
119 1704 74.0785
119 3359 122.324
119 3775 100.646
119 3793 66.9258
119 7221 105.087
120 1453 27.8074
120 1669 77.2352
120 4806 56.8964
121 776 62.8202
121 2008 38.5986
121 3302 18.0145
121 6311 27.1067
121 7438 76.4656
122 836 8.4516
122 2993 52.3577
122 4255 96.5388
122 6008 34.4032
122 8246 38.1214
123 509 36.2926
123 2285 43.2619
123 3120 28.7557
124 700 56.2166
124 2583 25.1915
124 5115 29.6541
125 4471 89.9391
125 4653 66.3625
125 7385 49.7169
125 8061 62.1224
126 3408 127.388
126 4069 144.299
126 8002 57.5598
127 1686 75.6016
127 1733 66.4583
127 6003 33.9524
128 2774 115.733
128 5680 72.9017
128 8173 149.835
129 968 56.5221
129 1214 28.9583
129 3170 71.7002
129 6175 47.8698
130 1169 64.1714
130 3754 35.117
130 5160 52.9615
130 5426 38.9441
130 7393 55.8576
131 172 41.5134
131 5664 83.0218
131 7119 134.335
131 8045 56.7862
132 167 65.1634
132 747 62.3747
132 2352 90.9428
132 2354 104.478
132 2588 31.7509
132 7021 76.0793
133 2351 28.7603
133 2643 16.7866
133 6454 56.0167
134 1659 84.6934
134 6694 130.848
134 7300 102.872
135 339 109.68
135 1517 39.9531
135 5313 52.8651
135 8169 86.1136
136 247 72.5105
136 408 52.6162
136 4543 69.5366
136 7791 66.089
137 2458 36.3572
137 3881 37.4773
137 7186 33.786
138 1673 74.6288
138 2793 63.217
138 3664 12.4494
138 5837 52.1902
138 6409 41.0475
139 2649 62.1113
139 4978 73.7263
139 6483 62.4232
140 7081 73.9373
140 7539 82.0989
140 7845 76.9938
140 8100 71.5991
141 4159 43.9172
141 4232 27.5807
141 7777 88.18
141 7969 141.602
142 3043 75.8805
142 5814 33.7066
142 6227 33.1428
143 166 70.6837
143 4024 64.5889
143 5067 107.72
143 6012 77.5247
144 1581 156.885
144 3337 67.1335
144 7964 36.5831
145 4254 176.47
145 4910 119.869
145 8590 73.9706
146 2081 92.8666
146 3118 24.6688
146 3412 115.242
146 3657 73.1896
146 3698 43.6066
147 1203 44.9842
147 2218 51.2213
147 4192 46.7526
147 6972 81.6524
147 6688 42.9698
148 3625 39.3243
148 5481 91.6014
148 7471 89.194
149 1349 42.143
149 2194 71.9059
149 6935 104.335
149 6997 62.975
149 7494 62.7104
149 7888 40.679
150 2928 47.3134
150 4832 66.0667
150 7893 51.6271
150 8274 32.6206
151 2562 19.8027
151 3447 58.1013
151 7631 64.9177
152 3348 77.0329
152 3466 32.5375
152 4861 72.4056
152 7007 35.6418
153 353 10.5881
153 1183 52.1346
153 1913 21.128
153 4926 68.2938
153 8456 72.0708
154 158 70.9351
154 2208 62.0896
154 2527 52.2794
155 1872 40.4714
155 2601 50.5389
155 7028 26.5206
156 467 121.26
156 2378 46.0849
156 4014 66.376
156 4565 103.478
156 7266 128.356
157 790 67.4122
157 4413 53.502
157 5417 48.2563
158 1290 70.4459
158 1338 54.4139
158 2187 83.2475
158 2208 39.3494
158 2527 44.7805
158 4236 76.1462
159 1875 38.5334
159 2329 84.8082
159 5945 59.1097
160 835 48.1955
160 2630 39.6574
160 3180 22.6073
160 7562 61.5094
161 1503 54.4945
161 4761 75.1299
161 5021 112.633
162 1164 81.864
162 2069 65.9401
162 4532 71.2664
162 4638 55.6701
163 828 27.8532
163 957 65.3202
163 1161 18.5442
163 1623 55.8662
163 3138 41.5353
163 6344 68.7571
164 3533 48.8531
164 7968 39.8613
165 1630 92.1011
165 2547 70.3089
165 2659 12.8239
166 3083 63.4281
166 4024 12.8973
166 7775 76.7478
167 2354 18.9442
167 3103 97.9752
168 1721 102.34
168 1992 144.833
168 5656 65.9953
169 340 29.2949
169 854 52.8383
169 1145 54.3455
169 2670 17.4779
169 3735 96.6069
170 908 66.7265
170 1267 26.4681
170 1450 77.4987
170 3843 29.4703
170 4339 67.9949
170 7351 45.2066
170 7914 36.72
171 2648 20.2766
171 3765 39.3701
171 4215 67.406
171 5722 19.5439
171 5818 85.1266
172 5497 66.5443
172 5664 50.0726
172 8045 56.7872
173 2105 7.76745
173 3015 42.7358
173 4919 31.5395
173 5522 62.3932
173 7653 58.6097
174 1263 82.0517
174 7456 95.9947
174 7639 92.4371
174 8215 47.1255
175 2830 61.6313
175 5652 29.1143
175 5750 52.5616
176 1050 34.8347
176 5503 27.3165
176 5906 44.2032
177 382 18.9405
177 2825 32.5061
177 7324 72.3242
178 2268 59.2697
178 3146 35.372
178 5277 40.2746
178 6464 44.8885
179 1574 56.8234
179 6662 61.3979
179 7674 82.0856
180 562 21.4665
180 1412 111.761
180 4254 51.1395
180 6361 138.463
181 519 28.5563
181 6635 74.689
181 7836 89.4462
182 3203 40.6166
182 6070 74.4362
182 8305 74.0471
183 954 75.5144
183 2222 24.8781
183 6211 121.472
184 1847 52.3836
184 5975 39.4421
184 7540 72.2885
185 766 63.4901
185 6044 69.7933
185 6950 85.4198
186 391 22.8507
186 3658 26.8098
186 6038 55.9504
186 7080 52.9838
186 8071 35.0787
187 446 40.7066
187 2676 45.8594
187 7431 23.6401
188 380 90.5441
188 4779 20.4663
188 8337 57.0128
189 916 43.7862
189 1225 72.717
189 1898 11.0682
189 5125 107.73
189 7074 50.8504
189 7378 67.6314
189 7673 97.4949
190 2284 65.8746
190 3967 59.4465
190 4033 34.8913
190 5473 30.5852
191 2550 71.8075
191 7403 124.611
191 8414 81.7878
192 1824 7.24937
192 2567 38.8544
192 5582 63.6979
192 6238 46.7898
192 6934 90.1425
193 275 79.2882
193 316 91.8412
193 6659 24.2028
194 1274 56.8661
194 7208 64.5801
194 7772 18.2495
195 1702 32.3098
195 3840 72.8432
196 673 116.3
196 768 66.9292
196 5864 139.437
196 6837 58.8515
197 664 150.452
197 3552 126.161
197 4664 48.5445
197 5612 85.3746
197 7262 67.8311
198 633 57.1022
198 1344 59.351
198 7486 26.6603
199 4366 82.664
199 4435 93.2986
199 7321 75.1474
200 1008 77.0403
200 1971 55.2963
200 4404 90.9055
201 1624 99.9938
201 2753 47.7786
201 5649 44.0637
201 7631 91.341
202 2940 144.233
202 3179 70.006
202 7094 41.2541
203 1318 41.0882
203 1629 37.5488
203 2596 24.3473
204 5076 9.64841
204 6744 18.2992
204 7413 24.8882
205 1212 38.9164
205 3465 44.4184
205 4758 47.6916
206 737 115.434
206 6742 69.6242
206 7175 89.9172
207 697 24.4261
207 1085 33.3881
207 3499 11.3411
207 3531 89.4418
208 2745 89.3299
208 4654 41.8858
208 7151 49.9878
208 7747 62.58
209 2621 22.1315
209 4615 71.5756
209 5696 23.5189
210 3813 29.9967
210 6561 34.5868
210 7756 58.1871
211 2068 94.086
211 4920 89.3288
211 5375 86.4686
212 899 37.6484
212 2830 52.8028
212 3431 25.4992
212 5750 41.6947
212 6878 77.7708
213 789 110.419
213 1268 94.2434
213 8520 40.9931
214 288 118.747
214 2044 66.0196
214 5509 43.3798
215 4191 90.5157
215 5406 18.973
215 5519 93.5068
215 6360 17.0191
216 3113 7.1036
216 3313 25.6541
216 5760 31.3587
216 6717 42.1945
217 4985 71.9282
217 8058 80.8941
217 8367 45.0437
218 367 82.1201
218 2454 17.4007
218 5938 89.3157
218 5991 32.9415
218 7254 90.1362
219 406 48.3508
219 4011 43.9952
219 8075 68.1904
220 1220 27.607
220 4111 90.0333
220 6088 11.3214
221 6377 62.194
221 6690 40.8941
221 7170 16.2748
222 254 90.0033
222 6553 56.2475
222 7181 91.8587
222 8195 68.2539
223 1000 86.0619
223 1798 100.232
223 6421 103.167
224 273 60.9919
224 2018 27.9583
224 4214 31.2794
224 5548 28.3635
225 822 58.4746
225 4470 57.946
225 6063 45.6735
225 8158 35.4195
226 310 61.3005
226 1341 88.5669
226 8326 47.2104
227 2629 83.0426
227 5728 119.732
227 5758 11.5871
227 6527 39.667
227 6887 53.5718
227 7696 81.9169
228 5738 86.0895
228 6533 40.6822
228 7324 29.8821
228 8466 22.5306
229 2875 78.5655
229 4078 47.1987
229 5381 86.2618
229 5433 26.1509
229 8181 110.728
230 452 66.3673
230 1261 130.858
230 5627 41.1537
230 6686 101.517
230 7142 63.614
230 7949 71.9074
231 2999 105.405
231 4405 35.5784
231 6164 87.0403
231 8281 61.2448
232 1674 51.4856
232 3788 56.1141
232 6828 11.7686
233 2195 25.3082
233 2940 33.4154
233 8198 23.7741
233 8351 27.6956
234 1299 91.2353
234 1640 58.1625
234 5141 55.1321
234 7629 66.6442
235 4642 61.9989
235 4748 39.1151
235 5120 73.394
236 4488 59.968
236 4670 59.887
236 6606 29.8808
236 7107 65.5816
236 7606 36.9173
237 718 29.4658
237 4629 93.2201
237 5139 78.9862
237 5671 65.9738
238 739 89.0986
238 940 100.302
238 1058 74.5105
238 3891 33.7903
238 4183 59.5703
239 1043 84.1348
239 5227 55.3662
239 5397 58.0966
239 7162 81.7828
239 7601 68.4221
240 491 18.187
240 4503 24.6035
240 6480 70.8668
240 8260 11.577
241 1786 37.8331
241 3131 81.4593
241 7502 115.946
242 1885 52.0014
242 5253 65.6355
242 8210 49.7089
243 823 90.2392
243 2614 31.2229
243 7767 68.5647
244 445 144.126
244 2121 66.2772
244 8363 36.564
245 1977 28.7184
245 4798 74.4357
245 5206 21.7116
246 413 19.7187
246 6436 88.3279
246 6676 60.3262
246 7449 99.5182
246 8237 72.9271
247 1707 41.2592
247 3021 42.9336
247 4543 51.94
247 5056 106.677
248 861 41.7712
248 2846 39.6524
248 8265 77.5835
249 3214 45.6004
249 5941 64.7038
249 8412 90.9378
250 4016 44.1998
250 5985 43.5649
250 8226 31.0384
251 2479 58.7183
251 2834 35.3755
251 3057 51.2052
251 8560 91.2973
252 2394 70.8346
252 3995 111.229
252 5802 47.2753
252 6176 27.8783
252 8491 55.3571
253 1670 37.1684
253 5425 44.4303
253 5746 73.332
253 7570 116.64
254 564 54.2471
254 5616 49.0503
254 5751 75.5358
254 6382 41.3062
255 461 26.2465
255 1624 86.219
255 5385 77.6294
255 8060 40.0085
256 2134 34.596
256 3507 70.1902
256 3777 59.1175
257 2135 51.4411
257 2727 105.289
257 6724 36.0001
257 8512 56.9611
258 2224 105.476
258 4999 38.7765
258 8472 64.0538
259 510 54.9506
259 2574 39.5059
259 4838 25.1849
259 8207 67.0981
260 568 90.8845
260 2288 67.0669
260 3852 79.0861
261 3417 10.414
261 4106 81.5305
261 4796 102.414
261 5896 15.9257
261 8533 53.6737
262 1534 77.9766
262 2050 51.6789
262 2858 27.7311
262 6675 63.3492
262 7792 68.9736
263 314 44.9962
263 1258 66.8655
263 4402 52.3112
264 3440 44.8989
264 5425 101.336
264 6230 34.3154
265 708 56.3433
265 1815 68.2482
265 4930 58.8146
266 422 41.0502
266 1260 58.8356
266 5040 59.4903
267 359 70.4485
267 832 79.2988
267 3901 51.9612
267 7001 57.9998
268 922 70.9738
268 2092 23.4737
268 5388 71.4262
268 8294 68.251
269 3171 71.4576
269 6622 72.7249
269 6996 42.2205
269 7402 69.7721
270 435 44.1905
270 2751 41.6105
270 3004 18.2381
270 4318 64.9076
271 1415 115.302
271 2737 134.864
271 8292 68.08
272 494 43.0087
272 847 55.6907
272 5816 40.2026
273 4214 25.4887
273 5548 22.1286
273 5727 96.1243
274 1350 103.694
274 4888 66.5533
274 7879 86.3639
275 6659 55.7264
275 7453 70.5421
276 1869 61.6032
276 6486 64.2515
276 6752 19.6912
277 1497 43.4306
277 6862 10.6639
278 3226 62.2858
278 6853 73.467
278 8277 16.3515
279 2029 34.5358
279 2084 50.446
279 2498 81.7025
279 6813 30.0854
280 1839 28.7689
280 2688 36.1019
280 7779 51.5722
281 2149 55.6924
281 3897 30.4615
281 3972 34.7762
281 7140 15.8405
282 643 30.9142
282 5926 53.9762
282 6233 88.1042
283 5319 67.9086
283 7392 65.2428
283 7849 66.2209
284 871 51.9618
284 1689 39.711
284 2039 55.9882
285 961 54.5221
285 1089 33.6358
285 6281 30.1801
286 1538 110.424
286 2656 95.6631
286 2677 53.3211
286 4686 23.1059
287 1655 66.8653
287 3167 43.8951
287 8381 57.0524
288 1520 44.0632
288 5666 49.856
288 5830 60.8882
289 2852 75.6073
289 5491 64.2841
289 7899 68.7522
290 1653 12.1894
290 4280 60.9765
290 5604 14.1968
290 6592 48.4875
291 570 15.143
291 2034 51.0817
291 7009 29.9123
291 8429 123.472
292 1835 48.477
292 2292 67.8946
292 4490 64.7194
292 5002 54.3462
293 3944 85.9358
293 4008 26.3998
293 6526 45.7206
294 3234 117.566
294 7319 167.158
294 7945 58.546
295 447 102.045
295 7173 61.0954
295 8031 76.1932
296 1276 35.9196
296 3227 69.6139
296 5859 15.925
297 3316 44.0875
297 5235 49.7606
297 7644 78.8688
297 8491 70.803
298 3038 26.6636
298 3210 39.6085
298 3488 86.2599
298 5364 40.5235
299 3839 50.8599
299 5288 64.5548
299 6713 52.3809
299 8020 132.96
300 3580 37.1124
300 3856 63.2753
300 7958 28.9193
301 1291 28.4668
301 1386 51.4322
301 7632 54.676
302 1049 54.4881
302 4294 31.8364
302 7578 44.9412
303 1880 48.8492
303 3690 42.5742
303 4137 36.7222
303 6224 58.0395
303 7934 70.6337
304 2465 8.30649
304 7525 47.3392
304 8263 9.75768
305 1279 42.359
305 1335 70.5169
305 4769 67.0122
305 7174 56.6885
306 1324 46.1175
306 2998 22.181
306 3070 59.7159
306 5551 7.58966
307 4365 113.849
307 5005 72.8683
307 5281 74.7869
308 701 86.5389
308 798 83.2952
308 4304 60.8046
308 6047 86.158
309 886 71.6472
309 3871 70.2048
309 7202 64.336
310 3488 33.6677
310 8326 57.4237
311 641 93.098
311 5574 76.6038
311 7613 69.4234
312 2642 30.4159
312 5593 70.597
313 4882 54.2641
313 6310 67.4407
313 7470 82.6116
313 7923 37.3538
314 1258 128.297
314 4402 20.2017
315 2504 63.0823
315 4787 8.18905
315 7721 0.191178
316 956 47.213
316 5007 63.2373
316 6659 79.1113
316 7246 24.6175
317 3220 49.9512
317 5660 53.3339
317 5848 24.3837
317 7188 37.8659
318 872 18.7064
318 4836 50.6424
318 6874 50.6602
319 628 46.7182
319 2336 58.6409
319 3849 70.0402
319 5444 32.1911
320 2411 148.916
320 4583 35.3686
320 4957 113.435
320 8127 125.227
321 1306 70.877
321 3804 39.0645
321 5107 29.0541
322 1704 142.435
322 5192 50.7493
322 5261 67.3712
322 5761 75.992
322 6163 69.0033
323 2180 100.027
323 3974 42.0295
323 5224 114.993
324 3197 45.3104
324 4436 14.4293
324 8523 76.4853
325 570 77.5254
325 591 44.9186
325 3585 89.2873
325 4944 65.9054
325 8063 86.1649
326 377 5.73891
326 1771 61.1024
326 4731 22.1637
327 1413 48.9306
327 3263 2.81539
327 5156 21.2999
327 6490 73.2729
327 8255 31.2768
328 805 74.8376
328 2509 55.6932
328 6146 31.5917
329 1355 48.4871
329 1908 45.5083
329 3299 59.7927
329 5066 57.9732
329 6575 68.6113
330 1152 43.1968
330 8048 67.5402
330 8083 91.1939
331 3247 15.1842
331 3391 64.4127
331 4875 8.16412
331 6949 43.4504
332 2353 6.69221
332 2710 28.7681
332 4786 86.8441
333 360 26.8564
333 3240 73.7591
333 5174 64.31
333 6558 47.8138
333 6937 40.2573
334 1066 103.417
334 2365 99.1246
334 4156 45.6067
334 4288 74.7964
335 1533 73.8239
335 5684 114.515
335 7916 52.9344
336 2718 42.496
336 2909 58.5884
336 3862 44.5192
336 4527 54.3669
337 3516 118.804
337 5079 121.058
337 5301 57.5309
337 6346 69.1769
338 1024 44.7489
338 2980 25.8798
338 7654 55.5592
339 1517 63.2268
339 8494 79.098
339 8509 121.037
340 1145 35.6964
340 2670 28.2917
340 6049 41.517
341 941 91.0963
341 3236 39.446
341 5087 114.691
341 8348 43.2307
342 6488 67.4732
342 6832 44.9324
342 7636 61.9539
343 2561 30.3678
343 2982 46.0432
343 3378 27.3416
343 8048 102.798
343 8083 66.6995
344 2744 33.5442
344 3362 58.3124
344 3536 17.4101
345 4635 59.4755
345 4828 51.0369
345 5395 50.3518
346 5496 72.7871
346 7565 14.3918
346 7665 95.7212
346 8147 40.3626
347 1431 43.9559
347 1660 61.6706
347 2785 30.7547
347 8135 57.0754
348 3331 68.8482
348 4066 90.5638
348 4971 80.6728
348 5734 50.4705
349 5700 50.8691
349 7139 16.9964
349 7166 93.1112
350 2473 25.8235
350 2938 83.7924
350 4719 107.213
350 5023 64.7699
351 2334 53.6285
351 2920 83.9095
351 8152 26.8374
352 1762 29.7836
352 3543 58.0368
352 4773 39.8538
352 6373 17.2978
352 8485 10.5318
353 1183 53.5484
353 1913 20.177
353 4991 52.9677
353 6229 71.4372
353 6994 73.5369
353 8456 53.7275
354 1793 53.4163
354 5677 47.8346
354 8228 50.0218
355 578 40.7488
355 1615 84.9418
355 5403 73.3748
355 7670 16.5479
356 1202 64.5856
356 5840 44.1525
356 5956 105.161
357 5658 110.623
357 6884 40.5511
357 7175 77.6795
358 1181 75.0099
358 1632 66.1766
358 4701 24.6787
358 7983 57.1832
359 1179 75.8609
359 3901 72.9494
359 7377 25.9685
360 3240 92.3755
360 4702 73.9505
360 6785 47.586
361 1930 28.4635
361 3458 41.7171
361 4043 28.3848
361 6293 29.037
362 1001 45.2946
362 2322 50.0863
362 4461 30.6144
362 6918 112.699
363 4220 53.8551
363 7608 67.648
363 8342 54.9562
364 963 41.5925
364 3400 77.1007
364 4486 29.9561
364 6528 31.8059
365 1242 33.3535
365 5618 51.9963
365 8457 6.25249
366 6050 34.696
366 6521 83.0576
366 6562 79.1403
366 8378 72.8642
366 8525 69.097
367 2454 93.1487
367 5991 42.4238
368 1554 48.5228
368 2899 8.69093
368 3724 45.0597
368 8382 18.1003
369 1130 11.3156
369 3619 84.1474
369 4573 50.8125
369 7371 47.8131
370 2188 117.935
370 2255 45.1447
370 5259 72.502
371 3248 111.665
371 4038 61.1848
371 6213 15.2056
371 7561 45.0801
372 1535 24.2161
372 5806 29.3024
372 6040 73.4834
372 7033 63.1161
372 8311 61.8551
373 1685 70.5315
373 3162 24.8141
373 4487 61.3574
374 5341 49.3612
374 7238 28.0363
374 8374 77.2177
375 969 72.7201
375 2262 48.3688
375 5957 60.0666
376 926 39.1511
376 4502 31.2391
376 4618 38.7121
376 4708 79.7887
376 5860 42.3686
377 1771 73.6829
377 4731 24.128
378 5730 40.666
378 6315 86.025
378 7101 84.0785
378 8011 79.2257
379 3449 42.7101
379 7738 57.3737
379 8319 61.1738
379 8332 53.6591
380 4779 82.403
380 5502 16.4248
380 8162 50.2334
381 3671 33.7802
381 5179 35.0722
381 6456 50.4173
382 2396 65.1344
382 2825 11.107
382 7324 73.3949
383 1053 16.6178
383 2073 71.846
383 3261 165.687
383 5245 45.612
383 5952 120.331
383 6876 95.3642
384 1625 68.7093
384 4076 65.9711
384 4206 52.5673
384 8001 73.93
385 3557 55.737
385 4237 112.28
385 6151 47.6031
385 6776 80.6965
385 8479 92.4695
386 3275 55.4305
386 5863 35.6332
386 5984 74.0422
386 7179 46.018
386 7503 14.4885
387 1473 45.9478
387 2974 72.4164
387 8021 34.1878
388 4053 73.8741
388 5294 9.88221
388 5362 47.4362
388 5740 85.3857
388 6629 67.4923
389 6698 104.821
389 7633 88.229
389 7941 81.6463
390 1698 16.285
390 5489 45.8979
390 8586 64.3705
391 3658 18.3208
391 8071 71.4815
391 8152 51.5424
392 1768 76.2015
392 5456 63.2865
392 8278 19.8111
393 2300 19.3598
393 5522 82.6994
393 8116 30.699
394 2618 37.7135
394 5366 46.2296
394 8272 26.0661
395 1071 36.37
395 2020 51.556
395 5458 26.6678
395 5913 99.2187
396 579 80.9464
396 2331 53.7061
396 4348 6.83494
397 3088 94.7106
397 4878 56.3913
397 7411 44.8734
397 7603 75.3054
398 1176 92.1552
398 4181 25.3049
398 6863 56.464
399 1428 37.2781
399 1699 42.859
399 4736 51.1839
399 7460 68.9685
400 583 72.1915
400 2137 105.284
400 5956 72.603
401 3137 63.0909
401 4340 18.2763
401 7146 116.638
401 8175 80.5142
402 1241 40.9716
402 1438 55.3086
402 1533 69.5458
402 4853 20.4203
403 1421 17.89
403 3238 57.6614
403 5383 42.2252
403 5928 28.5181
403 8115 52.8418
404 739 47.6199
404 5230 80.9176
404 7820 46.7708
405 787 45.5699
405 3019 41.5029
405 4813 37.5788
406 2418 91.7152
406 2446 69.3417
406 5674 38.0936
406 8075 55.2026
407 2792 71.8625
407 4189 41.7027
407 5832 61.0557
407 8257 90.4377
408 1769 75.4555
408 6552 70.7256
409 3253 104.988
409 4134 23.7386
409 4206 92.661
410 3878 109.799
410 5177 53.0775
410 7799 84.5146
411 1252 85.7516
411 2294 68.2668
411 3836 101.285
412 2721 98.9483
412 3819 72.7776
412 7171 73.8996
413 5710 74.1776
413 6676 56.5354
413 7449 73.5086
414 1069 67.0316
414 1125 60.8695
414 6969 43.8829
415 2967 34.7084
415 5226 55.5361
415 6634 44.2661
415 7144 42.8088
416 846 52.548
416 3035 23.5296
416 5720 40.9348
417 3753 94.582
417 7770 73.6532
417 7846 57.4866
418 625 86.5009
418 2103 82.1651
418 3739 111.428
419 5732 42.3059
419 6575 33.0726
419 8394 63.9289
420 5944 51.2559
420 6377 28.215
420 7170 59.7224
421 3749 40.9117
421 4090 27.6666
421 6605 60.1448
421 7981 30.2705
422 1260 23.4164
422 7252 76.829
423 2873 35.9381
423 4827 55.3984
423 5072 67.7246
424 1192 29.7902
424 4601 82.6147
424 7380 2.64522
425 669 148.118
425 4121 96.7593
426 4754 46.1788
426 7655 44.3869
426 8114 33.3562
427 2408 54.8421
427 4564 64.8999
427 5529 100.613
428 993 45.5741
428 1773 54.2703
428 8286 85.6457
429 5542 30.3007
429 6770 19.4861
429 7981 75.017
430 4549 24.1969
430 5638 51.8629
430 5723 35.7708
430 2368 71.806
431 1603 49.1779
431 3556 46.7158
431 5211 15.0636
431 8174 29.4956
432 617 60.8369
432 772 29.2766
432 2890 40.3146
432 4753 47.9171
432 5210 7.95144
432 8124 69.0457
433 3325 57.011
433 7284 64.2229
434 1716 33.4445
434 2097 27.248
434 2981 86.3616
435 2751 58.2162
435 3004 52.4375
435 6353 52.4929
435 7541 63.2966
436 3178 82.8778
436 5108 94.02
436 7535 56.8091
436 8134 35.4296
437 745 46.3576
437 1936 49.4311
437 3931 29.0588
438 1205 49.619
438 2220 29.9015
438 6188 59.9382
438 6320 78.3575
438 6691 80.6967
439 453 93.1358
439 534 124.393
439 5554 80.6065
439 5930 81.7427
440 3728 68.5562
440 4582 120.337
440 4663 82.659
441 1135 63.7223
441 3154 53.8682
441 3904 43.7047
442 467 102.744
442 3684 82.2609
442 4565 71.65
443 4553 176.549
443 7123 53.9884
443 8109 70.5236
444 515 20.1155
444 941 47.4394
444 3264 27.8654
444 3303 61.1442
444 3785 58.0713
444 7928 62.785
445 2121 74.5007
445 8363 96.2435
445 8572 35.332
446 5639 93.185
446 6610 77.4041
446 7431 102.94
447 2472 101.508
447 6423 71.9218
447 7343 97.6835
448 1552 65.1788
448 2403 126.022
448 6162 45.5748
448 6235 53.0489
448 6502 92.7772
448 8122 72.3538
449 478 106.314
449 1206 41.9394
449 3363 42.5154
449 5416 54.7172
449 6289 55.6533
450 1166 42.2135
450 1857 34.8201
450 2815 52.6767
450 4444 62.6364
451 2359 73.9597
451 2730 40.4762
451 3773 8.79985
451 3963 33.4977
451 6885 47.4037
452 5881 75.4982
452 6686 84.817
453 4199 77.108
453 5601 59.9095
453 6801 108.276
453 7501 34.4241
454 1115 94.0779
454 6515 69.2997
454 7802 49.1404
455 911 73.3922
455 3255 94.3788
455 6123 88.9694
456 5163 107.518
456 6538 33.9353
456 7650 73.194
456 8093 51.406
457 1578 66.8622
457 1778 46.6174
457 8484 21.8868
458 3706 83.6036
458 6129 87.6355
458 6429 37.5719
459 5024 58.5048
459 5051 43.8636
459 5204 51.4846
459 7616 77.4682
460 7082 28.1293
460 7798 48.1486
461 5385 128.846
461 8060 47.965
462 2586 18.0436
462 3199 90.4161
462 6660 74.086
462 8287 8.50275
463 943 65.1767
463 2336 35.2977
463 4457 47.814
463 4762 34.1792
464 624 89.4822
464 1341 135.914
464 6745 90.1173
465 1471 89.3957
465 2786 49.4383
465 5417 56.5825
466 2817 14.1122
466 6664 53.5918
466 6767 71.0275
466 7804 65.251
467 3106 82.2485
467 7529 57.8421
468 2552 33.8469
468 6027 29.275
468 8354 75.5557
469 1149 61.9893
469 2297 32.69
469 8403 107.384
470 1344 51.5869
470 3441 82.7144
470 3957 55.0064
471 4034 55.4865
471 4418 114.074
471 6533 63.9226
471 6620 101.971
471 6716 61.4314
472 619 75.6272
472 1834 86.986
472 3366 19.7428
472 5868 43.5019
472 6327 46.7476
472 7152 65.258
472 8544 50.2564
473 541 36.8706
473 1988 19.5373
473 5319 76.6587
474 1129 99.623
474 1462 45.5147
474 3746 45.5676
474 5370 32.1488
474 7627 132.169
475 2130 28.7054
475 2576 51.8164
475 6208 47.9608
475 7688 44.2748
475 8107 77.3365
476 694 74.1983
476 1084 52.6074
476 3006 49.458
476 8347 14.961
477 733 44.725
477 1997 11.3038
477 6372 59.5863
477 7523 65.0267
477 7810 50.2373
477 8123 28.1269
478 1206 38.7432
478 4285 59.4214
478 7197 73.0822
479 1334 38.6074
479 1420 57.3969
479 6295 59.6141
480 1940 34.5224
480 3479 71.7335
480 6476 10.6507
481 2233 75.7511
481 2235 61.0946
481 2934 63.4365
481 4480 60.9059
481 7730 53.6723
482 1444 112.425
482 2972 9.55558
482 3718 58.8769
483 2600 39.6605
483 3048 39.2594
483 3380 65.3239
484 1594 48.4291
484 1792 41.85
484 2797 76.1196
484 5106 52.0413
485 5431 89.8726
485 5606 38.847
485 6116 20.1184
485 6850 68.4236
486 2232 47.9647
486 2476 62.4286
486 4898 98.2318
486 8151 60.3624
487 7681 79.7528
487 7722 70.5701
487 8054 67.1382
488 2863 15.7373
488 4176 61.6882
488 6854 57.7418
488 7180 39.2448
488 7415 47.2921
489 5031 49.2079
489 5823 141.478
489 7161 35.3373
489 7677 24.9325
490 850 33.3194
490 1356 53.3121
490 1808 50.7702
490 2272 58.165
491 4503 3.55157
491 4689 65.536
491 4877 16.4974
491 8260 7.49484
492 1781 57.2906
492 2363 79.9685
492 6999 49.4362
493 1351 80.806
493 4501 86.1879
493 7366 47.6976
494 686 48.3543
494 847 16.585
494 3288 26.0426
494 4602 48.3349
494 5816 37.9115
495 626 18.6093
495 814 34.0635
495 843 12.1315
495 8521 60.5047
496 1075 105.633
496 3652 55.6158
496 5971 80.668
496 6714 33.7098
497 1911 41.8083
497 4559 31.1823
497 5100 69.2854
498 2076 45.9684
498 7553 68.6637
498 8216 32.2922
498 8535 40.8299
499 2986 62.6304
499 5702 39.3084
499 6987 105.7
499 7156 28.6585
500 1963 17.4082
500 6688 50.9625
500 7848 53.9818
501 2517 43.8682
501 3169 26.5631
501 7724 39.3611
502 1283 20.0507
502 1800 79.4348
502 3721 79.7845
502 3764 64.3041
502 4868 47.826
503 3423 65.8006
503 5853 31.3582
503 6357 37.2682
503 917 58.859
504 1245 10.1373
504 3200 42.8332
504 5208 25.0722
504 5870 101.675
504 8555 67.6403
505 2857 64.3793
505 3206 36.6125
505 7087 64.407
506 1791 34.3165
506 4315 57.9992
506 6416 56.1095
507 1097 20.4297
507 2770 74.9744
507 5670 48.2675
508 1192 50.5684
508 1991 95.2997
508 3745 58.624
509 2514 48.7921
509 3120 33.011
509 4170 63.1289
510 6445 108.284
510 8207 123.176
511 1532 116.86
511 2421 16.2648
511 7584 70.4099
512 2061 115.777
512 3157 83.1413
512 5343 60.2385
512 5764 20.1288
512 7450 91.4796
513 2486 120.613
513 2898 50.6185
513 3147 30.6505
513 3723 57.9293
513 7304 35.4457
514 534 116.072
514 1011 81.7784
514 6801 58.5708
515 941 36.7983
515 3303 25.7158
516 1756 18.4778
516 4886 59.7802
516 7602 41.3915
517 5110 35.4714
517 5725 57.0779
517 6713 74.5655
518 6050 73.0534
518 8377 85.6859
518 8378 95.3115
519 2174 68.4899
519 5733 101.536
520 1895 46.4923
520 3584 97.1087
520 3693 12.9069
520 4987 13.6755
520 7316 38.1646
521 2203 19.6607
521 5717 50.3222
521 6757 57.2378
521 7270 54.6459
522 1023 139.331
522 3676 122.439
522 6268 76.6213
523 2654 91.4623
523 3436 24.8693
523 6953 64.1151
524 1048 40.7084
524 4314 97.6394
524 5132 24.1612
524 6016 39.6781
525 539 50.5994
525 1826 44.6753
525 6772 59.7872
525 7310 142.359
525 7662 4.55955
526 543 88.8319
526 1043 20.8533
526 1410 82.3755
527 2010 57.5964
527 2688 74.2326
527 3218 51.743
528 1490 55.0634
528 1861 50.1851
528 5068 78.9451
528 6471 59.8731
529 1271 47.2968
529 1336 33.7809
529 2385 40.6555
530 887 48.7382
530 5463 50.7863
530 6977 87.3847
530 7285 75.3229
531 1288 63.9468
531 3605 77.0753
531 6025 61.8269
531 6928 71.8968
532 1237 94.773
532 6596 53.6563
532 8161 142.937
533 5172 40.9836
533 6843 41.7848
533 7039 25.5766
533 8204 38.2972
534 5060 88.8567
534 8553 40.7648
535 2147 94.0843
535 3187 55.2378
535 4601 67.0656
535 5718 33.81
535 7121 101.035
535 7419 17.9727
536 2979 34.2553
536 5284 24.4519
536 5520 31.3112
536 7276 62.7989
537 1074 114.828
537 3730 96.8115
537 8309 151.618
538 4333 36.8482
538 4465 55.6594
538 6917 42.7821
539 6772 33.5249
539 7662 45.7038
540 3186 69.5921
540 3468 128.418
540 7456 58.0775
541 1988 36.133
541 5319 73.4558
542 2656 73.1697
542 4970 118.815
542 8519 116.93
543 1315 104.878
543 1410 49.7266
543 6750 60.0998
544 906 28.6466
544 7198 33.1735
544 8091 128.338
545 4428 8.11542
545 4944 9.1436
545 8063 50.3669
546 1326 17.0212
546 3413 37.7708
546 5446 66.4973
546 6314 51.1637
547 839 4.57153
547 6221 44.8517
547 6651 43.0938
547 6809 57.5411
548 2043 73.1699
548 5057 69.8552
548 8281 89.8127
549 2699 38.374
549 4091 45.9653
549 5305 27.3235
550 1240 63.0802
550 7394 19.2117
551 6116 79.2091
551 7189 67.3647
551 8205 97.4367
552 964 14.9202
552 1041 83.885
552 1432 29.3705
552 3967 60.5261
553 1481 37.9658
553 1961 36.482
553 6568 58.9159
554 3329 109.184
554 3405 67.992
554 8575 26.4692
555 3866 77.8092
555 4945 68.3226
555 7006 24.1664
556 1979 71.409
556 4994 24.9855
556 6097 58.2135
557 811 33.8725
557 6613 74.0345
557 6992 39.2585
558 791 98.7906
558 1957 86.1633
558 4533 60.6912
558 6118 47.2768
559 2750 63.2929
559 4045 83.035
559 8366 120.575
560 1269 16.4749
560 1317 24.064
560 3526 55.7069
561 1314 95.1816
561 1577 102.591
561 7787 61.9616
561 8120 116.486
562 1412 119.193
562 4254 72.3558
563 2004 79.0824
563 2386 99.8175
563 6116 99.4419
564 5616 116.415
564 6382 59.4561
565 2548 74.589
565 3155 108.845
565 4656 36.4169
565 5079 110.04
566 4451 73.2118
566 5193 1.47717
566 6900 54.8092
567 5507 27.8969
567 6863 58.0796
567 6952 34.8828
568 3399 40.5788
568 4821 106.846
568 8545 72.1865
569 3151 39.798
569 5999 69.7148
569 6923 75.9143
570 7009 69.693
570 8429 105.89
571 3996 47.3499
571 5881 89.953
571 7416 57.6431
572 844 110.491
572 1499 39.9403
572 3456 58.1686
572 6749 19.5228
573 5766 48.5838
573 6299 71.7577
573 6871 9.41698
573 8069 71.9808
574 3448 32.5276
574 6598 56.9213
574 6827 28.5712
575 6379 33.0526
575 8030 68.2402
575 8052 40.6429
576 5989 73.0714
576 6045 65.1275
576 8321 65.5212
577 3416 9.51291
577 4677 52.4682
577 5865 35.0154
577 7048 22.7756
578 937 96.4468
578 1615 40.0642
578 7670 71.4092
578 8178 53.4242
579 748 57.1726
579 1007 71.6627
579 4348 71.6129
579 7863 47.5409
580 3284 58.2183
580 6026 76.7428
580 8376 144.242
581 3102 91.9852
581 4777 60.8544
581 6806 28.4625
581 7068 32.259
582 1418 49.4996
582 1910 22.5043
582 4373 48.8737
582 5297 19.4855
583 620 118.337
583 2137 71.877
584 927 52.7703
584 1484 58.4296
584 2368 67.52
584 2511 99.6485
584 3367 62.4786
584 3700 86.216
585 1051 89.1796
585 1305 14.5187
585 2742 30.8037
585 4447 43.9927
585 7847 69.5829
585 8542 35.31
586 1158 54.2748
586 4591 59.652
586 8028 51.9016
587 2014 55.5019
587 4752 57.7785
587 5200 103.607
587 7918 40.1504
588 2663 51.6616
588 2789 85.8778
588 5729 74.8839
589 4671 49.7953
589 5714 75.5374
589 7011 27.1258
589 7708 46.5247
590 688 29.4093
590 1586 42.5512
590 1694 33.1105
591 3585 119.287
591 4944 45.5618
591 8063 21.7698
592 1028 60.293
592 2194 72.5915
592 5600 25.3091
592 6997 50.2909
592 7888 35.4978
592 8035 14.1508
593 2259 134.624
593 3099 23.1917
593 4650 163.166
594 2886 27.3662
594 4250 56.2891
594 4803 97.2738
594 8579 83.2463
595 2896 86.94
595 5149 110.822
595 5254 17.2527
596 781 62.0531
596 3877 127.64
596 7564 67.1707
596 8070 45.9378
597 2090 5.80983
597 6751 32.1927
597 7873 69.358
597 8589 48.9707
598 1580 52.2897
598 3762 72.4285
598 7322 27.9344
598 7733 126.846
598 7818 114.53
599 4892 21.0304
599 5031 46.9931
599 5737 66.8693
599 6544 77.5561
600 708 33.3514
600 1296 6.40864
600 6841 21.8974
601 1921 53.8349
601 5314 35.2744
601 7391 27.4218
602 5056 114.374
602 6930 43.5389
602 8556 54.4998
603 1827 67.2963
603 6400 77.7369
603 8511 69.296
604 3765 84.1825
604 4215 73.174
604 5722 52.2887
605 5498 5.97277
605 7459 35.5355
605 7680 3.3734
606 1328 34.4145
606 1456 50.8717
606 4112 31.5901
607 761 70.5253
607 2403 87.4039
607 2988 64.0471
607 3602 72.7616
608 2496 109.033
608 5786 66.1902
608 6857 92.4888
608 8416 105.466
609 3922 93.7878
609 7535 118.232
609 8444 147.972
610 2537 67.5263
610 4098 26.3267
610 6868 45.5812
610 6932 71.9599
611 3934 22.9968
611 6264 55.245
611 6548 37.5702
612 822 58.3777
612 6063 62.9843
612 6489 79.7162
613 1333 78.0053
613 3867 97.5288
613 5888 85.4369
613 6650 23.3078
613 7284 17.3046
614 4028 114.612
614 7123 110.625
615 1321 33.7264
615 1933 15.4595
615 5144 29.1194
615 7618 18.369
616 6716 43.8189
616 7441 56.6125
616 8013 10.303
617 4753 34.8478
617 5210 58.1005
617 6110 101.003
618 3111 61.1656
618 3799 76.6575
618 4196 24.5621
619 3366 101.13
619 7152 16.7241
619 7253 115.176
620 1306 112.527
620 5107 85.5864
620 8017 84.2626
621 2456 61.5675
621 3291 69.2507
621 4962 33.2642
621 6892 21.2916
622 1236 67.4122
622 1982 90.3683
622 3173 76.2324
623 1003 55.6745
623 3910 101.057
623 5049 25.1736
623 5594 68.2717
624 4388 82.3224
624 6713 89.9465
624 6745 26.1004
625 3739 35.9528
625 4667 89.4697
626 814 17.5809
626 843 43.2421
626 8521 32.2621
627 1708 74.9432
627 4579 94.8744
627 7766 45.5227
628 3849 49.1446
628 5444 80.2861
629 4299 37.8559
629 4326 43.2665
629 5018 58.6026
629 6030 7.69817
630 3976 35.2952
630 4539 31.4037
630 7614 28.0269
630 7834 86.7027
631 1820 62.9762
631 7800 43.223
631 7956 69.1011
632 5015 20.1764
632 6447 34.0542
632 7437 42.1514
632 7444 64.8695
633 1076 72.9058
633 7486 36.0131
634 1091 24.9304
634 4364 7.98787
634 8108 111.406
635 2016 131.823
635 3564 162.093
635 4508 63.2403
635 5303 46.0445
636 1642 72.9222
636 2799 57.1889
636 3876 54.8666
636 6495 49.4593
637 1871 57.2421
637 5402 61.1906
637 5430 39.4848
638 4361 93.7872
638 4985 59.0349
638 8367 50.6886
639 1448 54.2217
639 6149 112.164
639 7184 23.1089
640 1504 91.3728
640 1806 133.588
640 4226 34.1362
640 4276 36.7021
640 7053 32.4033
640 7617 26.6019
641 2041 123.179
641 3175 62.3295
642 2843 27.2366
642 3648 88.9245
642 4200 36.6411
643 5926 61.507
643 6233 75.8233
643 6262 78.2168
644 2697 59.4621
644 8201 18.6894
644 8446 51.6661
645 3960 37.185
645 6845 26.6641
645 8573 82.0641
646 1784 50.0017
646 3411 75.0053
646 4437 64.5464
646 4566 77.2118
647 1123 27.383
647 3966 110.623
648 2199 42.0131
648 2703 58.2633
648 6708 115.208
648 6904 27.5251
649 1996 39.8739
649 2617 44.6319
649 4569 32.8435
649 6159 42.1149
650 4599 60.768
650 4954 60.4542
650 5014 23.0917
650 6119 36.6164
650 6504 142.307
650 7061 50.6719
651 730 8.0766
651 2957 86.5236
651 4816 93.6061
651 5081 4.1069
652 749 13.4716
652 5563 82.7563
652 5892 20.3786
653 1951 70.0307
653 2725 42.5941
653 2906 60.986
653 3047 26.2841
653 3913 46.098
653 6202 61.3697
654 5263 80.735
654 5908 14.7512
654 7715 64.0495
655 3925 70.5465
655 5053 64.9331
655 5080 26.6048
656 1665 110.022
656 2032 44.9214
656 7759 53.9737
657 6625 58.2573
657 7266 53.4796
657 8055 58.2559
658 1177 64.4488
658 2856 41.3774
658 4989 72.0876
658 5098 33.8325
658 6577 17.4375
659 1414 36.7364
659 1783 66.881
659 3274 40.0553
659 5162 51.7688
659 7546 94.98
660 727 102.528
660 1124 60.8059
660 3068 77.8253
660 3312 78.2239
661 5061 113.185
661 5446 82.4928
661 7880 85.582
662 3350 8.63391
662 6568 24.1298
662 6768 37.2693
663 4891 103.48
663 6684 89.0795
663 8156 56.105
664 5612 19.0463
664 6847 159.306
665 1984 52.7313
665 4866 97.1716
665 5584 67.1032
665 6451 104.907
665 7057 59.741
665 7641 61.6432
666 2589 58.2069
666 2868 30.2614
666 3433 72.5146
666 4204 51.7839
666 4282 90.8271
667 2407 51.2375
667 2437 82.0441
667 3124 17.6616
668 1827 51.2905
668 2827 76.3494
668 8511 110.612
669 4121 95.0937
669 5528 88.5385
669 6054 76.3137
670 1411 83.6875
670 2414 14.8487
670 3533 41.8006
670 5064 29.1101
671 1104 52.413
671 1134 71.1429
671 8385 52.9397
672 2771 65.6383
672 4942 70.1886
672 8417 74.6723
673 768 96.4244
673 3556 39.0054
673 6837 57.173
673 8174 82.891
674 5118 60.8029
674 6696 12.2322
674 6936 46.3388
675 1094 47.1392
675 3537 111.444
676 2428 10.7354
676 3205 71.366
676 4660 4.06911
676 6530 101.968
677 2065 23.9345
677 2918 27.0439
677 5768 67.302
677 6790 34.9742
677 7386 101.799
678 1345 65.5719
678 2989 59.4838
678 5981 43.0437
678 8157 29.9608
679 1805 13.0118
679 3707 64.8224
679 4850 50.3102
679 8185 20.6752
680 2038 37.0938
680 3863 12.9776
681 2277 9.44353
681 4210 39.6074
681 7012 55.527
682 2314 65.8637
682 2371 41.6141
682 6677 85.9233
682 7749 48.5901
683 3648 51.5667
683 4025 80.882
683 7993 23.3799
684 7965 47.2889
684 8015 102.257
685 2468 48.3538
685 4006 46.0906
685 4652 24.8124
685 8557 29.6531
686 3288 36.2185
686 3451 70.3842
686 3992 34.9738
686 5103 74.4402
687 3759 70.9759
687 4608 32.3696
687 5726 55.5984
687 6378 15.5519
687 8444 17.6133
688 1586 62.9543
688 1694 74.8593
689 2894 56.8358
689 6187 117.093
689 6627 60.5731
689 7522 35.8633
689 8027 46.2324
690 2115 69.0844
690 3413 42.4246
690 4956 34.8275
690 6895 34.641
691 2241 47.9031
691 3520 58.7052
691 6556 82.7094
692 3662 84.8558
692 5876 58.532
692 7135 27.044
693 2686 62.5306
693 4131 25.6504
693 6302 25.3968
694 1084 17.4412
694 3006 27.9475
695 1825 73.6005
695 2802 77.2163
695 2952 52.0212
696 2494 94.0225
696 5846 82.4807
696 8266 54.5577
697 1085 60.9306
697 3499 15.5197
697 3531 58.3906
698 783 69.3555
698 4336 81.3912
698 5268 129.806
698 6887 92.4243
699 2597 44.9129
699 6663 46.8209
699 7675 3.99403
700 2666 104.923
700 4751 84.0734
700 5343 80.5805
701 798 29.8727
701 7238 84.5189
702 8047 90.4385
702 8154 105.286
702 8435 106.621
703 1029 40.0531
703 1048 70.5326
703 5020 70.7891
704 824 74.8424
704 3368 70.3085
704 4371 70.7199
704 6924 41.0855
704 7410 39.321
705 2586 93.6206
705 5459 122.474
705 6098 81.8099
705 7509 44.243
705 7512 102.946
706 1299 67.3433
706 1967 37.0185
706 3610 70.7031
706 5441 27.0899
707 2118 77.5804
707 3007 111.375
707 4309 108.185
707 5324 115.708
707 6434 70.3053
708 1296 23.2918
708 6841 41.638
709 1953 28.97
709 2387 67.6877
709 7073 66.4677
709 8283 24.3814
710 1381 27.5776
710 2965 59.5888
710 4039 13.4758
711 1175 105.066
711 1638 68.5339
711 6761 2.46066
711 7030 21.1619
712 1217 46.4788
712 2393 22.1175
712 6014 51.5795
713 2897 35.357
713 5005 91.273
713 6165 35.8711
713 7514 92.6148
714 1770 21.1401
714 3128 43.9597
714 4021 51.9829
714 6473 16.8727
714 7596 38.0716
715 1896 15.4678
715 2888 79.8425
715 3225 72.69
716 1646 19.5907
716 1743 79.1235
716 2638 60.441
716 3323 23.5143
716 7258 8.7189
717 2110 40.9702
717 4607 109.616
717 6398 86.5364
717 7939 41.4339
718 4629 58.1648
718 5139 39.128
719 1376 11.7927
719 5850 26.5698
719 5878 28.4796
719 6671 61.2825
720 2651 8.51442
720 6036 47.0287
720 6870 30.8603
721 4465 53.9106
721 5311 49.5315
721 6010 60.815
721 8112 41.9516
722 2649 27.4394
722 3489 21.8676
722 6217 63.9741
722 6483 51.3533
723 3100 50.7723
723 3228 83.5407
723 6260 40.8233
723 6922 21.914
723 7363 86.8128
724 1489 114.808
724 2412 34.7562
724 8339 99.0515
725 1832 82.8293
725 2581 106.392
725 6379 52.6842
726 1278 30.6273
726 1854 54.4286
726 5933 72.225
726 6100 77.9291
726 6160 84.631
727 3068 63.4541
727 3415 86.2876
728 1184 100.454
728 4965 74.7746
728 5834 48.1617
728 7187 75.971
729 4775 70.0785
729 6918 65.0132
729 8583 74.3632
730 2957 51.2877
730 5081 9.19957
731 2557 60.4593
731 4913 54.9959
731 6522 90.5045
732 3347 96.1906
732 4397 101.939
732 5978 11.3012
732 6774 72.4896
732 7550 82.4936
733 1997 63.4173
733 6372 48.8592
734 4775 70.6545
734 5841 9.43913
734 6469 81.9169
734 7301 59.1292
734 8583 96.459
735 1367 13.3799
735 4965 101.999
735 5394 15.3489
736 1194 47.888
736 2551 74.3678
736 6244 49.4441
737 3450 46.1547
737 6078 24.7611
737 7175 35.1362
738 4466 44.6671
738 6426 80.9988
738 7451 32.9704
738 7719 62
739 3891 69.2351
740 1077 77.8138
740 1592 54.748
740 1828 21.7101
740 3999 52.2865
741 1555 24.0229
741 2098 20.2294
741 6551 20.862
742 4129 42.8245
742 4130 49.7598
742 6791 97.31
742 7649 67.5538
743 5466 100.927
743 6250 76.3264
743 6755 32.9054
744 4473 59.0318
744 6623 116.321
744 7395 30.3171
745 1936 102.742
745 3931 75.9046
746 1494 64.8956
746 2870 13.3856
746 5078 51.2745
746 7616 86.9403
747 2352 60.3257
747 2588 86.0668
747 3103 77.659
748 1187 43.1249
748 3824 113.159
748 7863 5.97137
749 920 101.907
749 5892 18.4568
750 4477 137.212
750 4790 60.582
750 7362 98.6837
751 1446 47.7499
751 1809 54.6319
751 4504 49.4964
751 7519 63.3114
751 7573 30.776
752 2019 42.245
752 5741 9.97418
752 7812 37.2957
753 1686 30.4116
753 1733 45.7474
753 3606 28.2394
753 5736 36.398
754 2127 28.0154
754 3231 60.616
754 5852 42.9914
754 7816 76.3664
755 7698 41.3519
755 7874 58.8754
755 8358 35.0289
756 918 34.6985
756 1265 46.1936
756 1618 65.6799
756 4507 64.0557
756 8561 52.6503
757 2522 84.2047
757 2966 69.392
757 5054 66.5057
757 7298 40.1535
758 2306 52.8707
758 4035 103.566
758 5596 49.5705
758 7890 55.7813
759 3829 52.4979
759 5317 85.3625
759 6880 64.9471
759 8142 45.7958
760 807 65.8586
760 2158 45.0922
760 2582 22.1245
760 6071 60.5828
761 2912 60.8804
761 5481 75.3765
762 1227 2.96198
762 1361 7.64383
762 5616 13.3846
763 2493 145.292
763 4614 42.5697
763 6467 25.0957
764 2691 28.803
764 5954 63.0442
764 7127 29.2458
764 7803 75.6549
765 7267 33.6186
765 8568 54.7535
766 6044 20.5908
766 6950 33.3361
767 3496 71.0579
767 3513 111.641
767 5942 121.745
767 1718 81.6103
768 5864 143.422
768 6837 56.4654
769 2733 47.0436
769 5270 35.7427
769 6773 5.46735
769 7713 92.849
769 7823 111.779
770 2193 38.7722
770 5452 82.0181
770 5556 36.3918
770 8079 79.5333
771 2115 63.528
771 5909 90.203
771 8314 56.6367
772 2890 48.9549
772 5210 35.9056
772 8124 39.2454
773 2216 141.443
773 5706 78.0051
773 7255 24.4637
773 8349 104.581
774 1842 27.4127
774 2992 30.6007
774 4449 86.0344
775 835 1.23425
775 2630 36.3749
775 3180 25.7268
775 4260 17.4335
776 4925 44.9101
776 6311 47.327
777 1994 43.2426
777 4626 55.5029
777 5144 80.6326
778 4674 74.9778
778 5743 65.9237
778 7403 47.6506
779 6437 62.3656
779 7943 48.7591
779 8156 77.9674
780 2308 61.5176
780 4536 32.1829
780 4750 52.1963
780 8504 84.4108
781 966 37.6842
781 7564 2.10814
781 8070 78.3215
782 3039 44.7197
782 3159 29.3986
782 5278 83.1705
783 5268 41.9158
783 5728 86.3586
784 1919 32.1777
784 4542 5.16686
784 6886 52.9171
785 4161 95.0563
785 7714 61.1814
785 8571 89.3654
786 1916 90.9493
786 4408 59.3706
786 6261 18.4448
787 3019 10.4441
787 4771 83.6172
788 2489 35.4629
788 2525 22.6072
788 3401 6.8533
789 2225 72.8588
789 3498 58.249
789 7332 122.458
789 8520 113.698
790 1836 45.6416
790 7691 70.9754
791 1543 65.4883
791 4533 62.5155
792 3985 63.9568
792 5378 72.7023
792 5824 89.1671
792 7109 89.9722
793 1109 82.1438
793 4933 45.9104
793 6839 75.5582
794 2650 64.1221
794 6166 67.4724
794 7144 81.9854
795 2977 4.18776
795 4101 69.1161
795 7326 109.742
796 3697 36.804
796 4587 63.3666
796 7702 60.7376
797 1941 69.4444
797 6840 113.246
797 7950 96.2573
798 7238 85.2064
799 1263 73.7837
799 1527 150.592
799 8215 103.821
799 8447 92.948
800 4408 65.6673
800 4420 90.5215
800 6682 96.4707
801 831 82.0133
801 6976 59.4886
801 7239 57.1848
802 3118 78.8191
802 3698 56.9711
802 3981 72.6203
803 3165 25.6099
803 3603 39.5435
803 4853 68.909
804 4143 83.4011
804 5453 77.7504
804 8176 40.4169
805 2347 22.7128
805 2509 27.234
805 4136 17.18
805 8214 41.5623
806 6737 30.2347
806 7657 11.98
806 8042 82.6572
807 2158 27.6086
807 2582 67.9619
807 6071 3.82748
808 1815 30.2331
808 4000 106.92
808 6591 63.6829
808 6943 98.7796
809 1901 129.935
809 2312 88.3486
809 8436 12.0259
810 2769 78.7764
810 3974 98.5207
810 7368 22.5789
811 6613 22.0903
811 6992 10.2172
812 1715 81.1206
812 5871 60.685
812 6684 40.5054
812 7141 61.1205
812 8099 60.01
813 1844 66.9494
813 4879 71.3893
813 4937 46.3369
814 1064 49.7232
814 2598 84.503
814 8521 2.1732
815 1810 35.4261
815 1853 66.6989
815 5971 41.0643
816 1586 32.3517
816 1694 69.8935
816 4279 54.7448
817 2084 69.16
817 6683 55.4844
817 8384 79.3285
818 2669 96.2776
818 6051 44.7256
818 8129 84.9875
819 955 95.6535
819 2564 96.9184
819 5211 92.8586
820 2933 62.2816
820 6068 36.8773
820 6731 42.7045
821 1302 14.6571
821 6888 60.323
821 7489 73.3872
821 8267 51.0559
822 6063 11.7925
822 8158 72.622
823 3368 143.644
823 5795 67.5106
823 7767 88.9189
824 1775 97.1871
824 1937 33.5893
824 4371 9.13631
825 4651 58.3545
825 5742 29.3955
825 6570 23.6988
826 1850 61.0952
826 2997 74.4729
826 3307 23.5184
827 1548 36.9696
827 2170 101.107
827 7637 45.4762
827 8170 46.7667
828 957 20.2373
828 4179 62.5084
828 6279 69.3574
829 2511 46.6708
829 3700 41.0717
829 4092 73.9052
830 1095 126.939
830 3776 75.4377
830 6247 81.5395
831 5089 68.8065
831 6976 31.1105
832 1179 68.0289
832 3901 22.3959
832 6943 66.3093
833 2374 70.1293
833 2792 64.5489
833 4723 72.0715
834 2320 132.623
834 3806 74.7403
834 6177 20.6007
834 7003 45.5347
834 7524 63.1641
835 936 70.5387
835 2630 41.589
835 3180 29.0569
835 4260 14.8536
835 7679 47.1953
836 2993 47.8787
836 6008 34.5574
836 8246 39.0958
837 2034 35.3686
837 3084 79.1614
837 7009 127.257
838 4841 89.5778
838 5609 92.6879
838 7744 68.2381
839 6221 63.8884
839 6651 24.3346
839 6809 62.2293
839 7520 63.0824
840 1354 25.2874
840 5258 47.773
840 6138 59.4028
841 1734 68.6234
841 4331 30.1832
841 6041 114.006
842 1534 41.54
842 2133 112.401
842 4902 85.7
842 5707 36.165
843 4926 35.5809
844 1499 60.4511
844 3800 68.1504
844 6749 72.1957
845 2603 71.2806
845 5902 76.3089
845 7482 109.673
846 1033 71.2144
846 3035 28.9442
846 8360 72.2548
847 3288 63.9698
847 4602 25.3619
847 5816 41.6447
848 1548 51.2958
848 2128 82.3927
848 2170 92.1766
848 5246 73.484
848 5283 56.4759
849 2273 54.5416
849 4526 39.8061
849 6064 21.7069
850 1808 48.4293
850 2272 14.9222
850 6414 51.4641
851 1056 57.791
851 1327 49.9338
851 2202 80.2539
851 3965 86.4208
852 4529 68.309
852 5735 36.955
852 7029 53.9298
853 4758 78.5153
853 5218 56.2472
853 6834 44.6355
854 3735 105.27
854 4263 72.8498
854 6836 37.1872
854 7725 52.0851
855 1168 48.6043
855 1293 48.8672
855 2850 29.2207
855 8473 46.0535
856 1121 67.9783
856 1155 42.3057
856 6062 121.195
856 7160 69.2361
857 3054 40.2844
857 5767 43.9385
857 7068 69.3489
858 4505 86.138
858 7390 89.5935
858 7521 60.1229
859 2691 36.8984
859 3609 23.828
859 7803 17.1555
860 3935 17.6166
860 8540 69.3382
861 2846 32.0326
861 3679 53.9078
861 4218 146.901
861 4874 69.7294
861 8265 107.318
862 2179 31.9387
862 6237 108.267
863 1719 48.4219
863 1803 32.6863
863 2182 45.2173
864 953 39.0119
864 1495 105.791
864 2168 67.5526
864 3404 34.138
864 8448 41.8838
865 3449 31.9126
865 3576 26.1752
865 8319 61.2077
865 8332 83.3218
866 979 54.0055
866 3513 60.8342
866 5942 76.8912
866 7504 32.0648
867 1384 66.1538
867 5620 141.52
867 6585 131.553
868 1341 41.1545
868 5159 22.217
868 5306 85.8396
869 938 40.1052
869 1690 73.1022
870 1607 32.3287
870 2491 64.8875
870 5762 77.1948
870 6168 91.0958
871 1002 60.2015
871 2039 4.57959
871 4782 106.287
872 4836 53.612
872 6874 76.4141
872 8121 75.4422
873 4418 113.556
873 5054 23.2447
873 7024 18.4563
873 7298 51.9756
874 1352 111.086
874 3510 44.4498
874 3669 90.9006
875 6265 40.6802
875 6498 57.4846
875 6735 18.2581
875 7291 44.6101
876 4246 54.1622
876 4613 44.0423
876 7241 88.4273
877 2050 52.8889
877 2091 106.715
877 6675 41.9938
877 8482 107.769
878 3085 149.45
878 6114 88.4461
878 6491 30.9651
879 5480 81.2193
879 5715 37.8772
879 7025 50.6326
880 3233 59.5312
880 4440 17.9258
880 8289 84.2952
880 8498 78.5283
881 1050 58.2641
881 1859 33.2687
881 5959 16.7664
882 2189 78.5653
882 4406 43.5581
882 5260 44.3549
882 5336 98.2943
882 6313 97.2012
882 7230 77.6616
883 1370 7.79868
883 3505 52.8087
883 6787 20.4376
884 4224 62.2719
884 5665 81.9137
884 8179 87.5019
885 1359 34.9099
885 3889 36.0604
885 4103 47.188
885 6192 27.5164
885 6364 65.2532
886 4290 53.5111
886 7642 84.3703
887 5463 20.506
887 6977 45.4112
888 1505 84.2033
888 2842 95.4821
888 3046 103.389
889 2861 78.3357
889 4343 48.9402
889 7707 39.3757
889 8525 83.6608
890 1233 15.8486
890 1595 90.1411
890 6114 68.7399
891 1188 57.9821
891 1190 70.8744
891 7875 24.5655
892 7139 82.1667
892 7166 71.0118
892 7409 64.084
892 7935 58.474
893 3626 53.8679
893 4807 44.1259
893 5939 57.2411
894 2287 58.2525
894 4598 58.3232
894 4789 107.128
894 7643 44.0433
894 8513 96.3759
895 3835 88.6089
895 4562 29.8151
895 5269 54.675
896 983 77.196
896 1107 24.5326
896 3321 63.3546
897 2282 51.8853
897 4674 76.6033
897 7660 85.9638
898 1154 21.1304
898 2632 24.8856
898 4531 72.7657
898 7250 47.1362
899 2830 54.5277
899 6878 8.7013
900 1530 43.512
900 2732 65.6932
900 3511 65.1011
900 4983 68.0724
901 4313 99.3309
901 4625 44.0873
901 6601 68.9946
902 3469 47.7772
902 5766 26.5096
902 6871 43.3337
903 2188 155.227
903 3540 92.8902
903 6148 93.6983
903 7669 136.084
904 3049 77.5749
904 3330 98.6492
904 4393 51.3761
905 3182 76.6431
905 4451 39.2014
905 7472 42.1269
906 2410 106.714
906 7198 29.4793
907 3277 45.7416
907 4079 65.6383
907 6472 47.0776
908 1267 69.1718
908 5633 89.0303
908 8220 35.1271
909 2697 99.9719
909 3821 98.2486
910 1843 24.8155
910 3123 67.8048
910 6520 36.5274
911 1845 60.2642
911 3255 43.786
911 5921 71.7331
912 1667 31.7241
912 3188 72.5471
912 4249 85.7779
912 4666 107.737
913 1365 68.4274
913 1488 67.5145
913 2743 118.434
914 4417 60.0366
914 5194 42.19
914 5918 98.4698
914 6492 81.0933
915 3399 44.8907
915 6370 11.7314
915 7984 79.7014
916 1898 21.1884
916 3164 101.01
916 7378 45.3863
917 3036 8.06175
917 3491 91.6384
917 4903 11.165
918 1618 91.1863
918 4507 15.4165
918 6325 76.9881
918 8433 67.5872
919 1569 85.9105
919 1667 53.2883
919 4481 35.4733
920 2401 46.013
920 7974 84.904
921 2540 86.7751
921 4060 123.432
921 6366 82.9941
922 1833 21.1066
922 2092 69.5426
923 4734 21.2179
923 5350 22.6217
923 7634 27.4448
924 2773 62.8625
924 6629 64.6356
924 8212 26.4546
925 5473 97.3938
925 7469 18.8368
925 8442 54.0881
926 4502 21.5916
926 4678 38.3086
926 7622 76.4447
927 1484 22.7268
927 2368 20.9219
928 1515 32.3586
928 4194 58.1014
928 5690 88.0953
928 6354 52.5014
928 7429 62.3874
929 2572 79.7111
929 5353 129.854
929 5643 30.0698
930 1454 16.8011
930 4857 53.2079
930 5114 36.784
931 1063 38.686
931 4306 88.2587
931 4844 20.16
931 7146 41.2025
932 1390 25.1991
932 2366 24.0288
932 2895 83.7408
932 3617 23.6629
932 6709 28.0284
933 3612 72.1123
933 4557 66.856
933 6234 22.1745
934 1735 43.1721
934 1753 43.0181
934 3434 73.6464
934 4330 69.2525
934 4400 41.1699
934 7814 53.3629
935 3094 83.6629
935 5113 53.249
935 7103 55.3841
936 4260 93.7091
936 7679 65.8439
937 3759 25.5779
937 8178 7.71263
938 1690 63.1685
938 6946 110.55
939 6914 50.3837
939 7077 55.5611
939 7881 71.9027
939 8003 64.0727
940 1058 19.8635
940 4807 87.7105
941 3303 9.21096
941 5087 83.6438
942 3874 80.6829
942 5103 94.7954
942 8432 42.574
943 3849 66.4992
943 4279 40.3552
943 4457 39.0887
944 2627 90.2483
944 4582 68.9699
944 5505 91.8224
945 1442 64.1964
945 1987 63.8034
945 5815 14.6617
946 1975 33.5473
946 2508 104.681
946 3779 71.4014
946 5291 33.5237
946 5747 32.6075
946 7869 71.9123
947 1458 73.5331
947 1656 52.6804
947 3969 64.5874
947 5940 9.5841
947 6294 29.0546
947 8261 68.6297
948 1245 56.7851
948 2828 21.9193
948 5208 32.1033
949 5274 81.6384
949 7581 107.027
949 7747 90.6284
950 2719 94.1316
950 3893 57.5088
950 4262 87.5077
950 4280 63.2685
951 2026 91.2256
951 2175 109.692
951 3554 78.2146
951 5323 31.5076
951 6386 98.7889
952 3387 37.6091
952 5105 26.4984
952 5217 9.53838
952 7117 54.7981
953 2057 22.4032
953 3404 13.6051
953 6019 69.2239
953 8448 37.6578
954 1565 109.872
954 2222 37.5111
954 4224 80.6762
955 2564 56.5634
955 4837 22.7641
955 7741 43.0166
956 5007 62.1432
956 7246 97.5355
957 4179 61.9196
957 5170 73.893
957 5659 67.7095
957 6279 42.673
958 1375 56.5798
958 1433 68.9122
958 3711 23.4895
958 7459 35.8447
959 3098 47.0379
959 4193 43.6429
959 5716 76.0227
959 7387 81.9471
959 8343 10.6021
960 3398 86.6501
960 6531 59.7458
960 7370 88.9612
961 1089 40.2507
961 7605 15.0825
962 1222 56.5665
962 1251 36.4145
962 5147 43.4595
963 3400 25.0748
963 6528 21.2168
964 1041 85.9115
964 1432 18.5392
964 3967 32.0755
964 7495 38.9133
965 5412 17.3864
965 5522 87.5877
965 6363 52.5421
966 2942 47.873
966 3383 86.4368
966 7564 38.3431
967 2731 39.8416
967 3790 57.0609
967 7323 35.6147
968 1144 48.883
968 1214 42.4621
968 6175 79.5949
969 2967 98.0075
969 8098 113.464
970 2554 57.7815
970 3391 57.4967
970 5123 50.464
971 3736 73.5415
971 4938 100.718
972 1765 45.0312
972 5021 61.5238
972 6983 120.633
972 7078 70.985
972 7991 52.6173
973 1870 17.7682
973 8443 48.591
973 8589 22.9815
974 3515 44.1234
974 4524 46.9403
974 6223 85.33
974 8126 43.8523
974 8574 30.2756
975 1969 65.3545
975 5583 49.6739
975 6833 45.6811
975 6957 47.0947
976 5164 70.9163
976 5706 100.487
976 5984 47.509
977 1348 89.9195
977 3930 51.6032
977 5102 42.925
977 7177 41.5832
978 4755 80.1776
978 5255 120.168
978 7333 61.4298
979 3668 52.6986
979 7504 52.125
980 5176 70.3703
980 5791 44.2849
980 7462 81.511
981 4173 13.0946
981 4433 61.9974
981 8009 61.3812
982 2960 14.4176
982 3821 51.0683
982 3998 14.542
982 4110 63.5301
983 1837 70.5607
983 2592 66.0064
984 3055 56.6984
984 3081 76.7855
984 5121 35.8789
985 2243 61.7009
985 3714 40.507
985 6322 121.246
985 8033 29.8204
985 8153 128.172
986 1121 106.922
986 3734 87.078
986 5072 122.258
986 7566 138.33
987 1506 18.3674
987 7220 94.5861
987 7640 89.216
987 7910 19.4041
988 2663 28.3387
988 2789 38.3496
988 4192 74.1249
988 5729 19.133
989 1647 77.1355
989 1807 81.1223
989 1848 109.14
989 5059 59.6999
990 3308 50.9118
990 5557 44.0416
990 6869 27.1765
990 7337 84.8775
991 3946 38.2156
991 4894 10.4694
991 6252 15.5036
992 1471 52.2487
992 1541 10.9627
992 4413 42.0474
992 6680 58.3436
993 5191 24.7319
994 1767 60.5768
994 2538 59.9548
994 3663 66.2842
994 7997 56.4525
995 4846 33.235
995 5545 64.7618
995 5983 16.5644
996 3393 85.2021
996 5233 136.588
996 6485 103.228
997 1567 47.9933
997 7861 103.933
997 8131 5.18946
998 1147 53.3577
998 2186 11.2599
998 3490 75.7108
998 3744 51.8514
999 2623 34.5247
999 5572 36.9342
999 7991 28.6579
1000 1119 30.3644
1000 1141 37.1626
1000 5186 9.8397
1000 6421 64.5102
1001 2322 16.0665
1001 4461 21.7719
1001 5137 53.5895
1002 2019 39.7019
1002 2039 66.1443
1002 5315 41.3027
1002 8236 26.6193
1003 3910 26.8814
1003 4675 72.7768
1003 5049 72.6309
1004 1739 15.1809
1004 3438 19.4908
1004 5844 72.0795
1004 1923 65.2626
1005 2646 94.1996
1005 7508 20.3224
1005 7861 26.4672
1006 1591 57.0145
1006 5605 38.6094
1006 7215 14.7069
1006 8067 51.347
1007 2331 74.4141
1007 4348 100.61
1008 4404 38.4324
1008 6621 65.6984
1009 2341 53.4443
1009 3376 55.7709
1009 5907 41.7207
1009 7212 32.9436
1009 7748 51.938
1010 2375 56.5503
1010 5534 94.773
1010 5615 93.2896
1010 7116 88.8938
1011 4729 107.025
1011 5740 127.601
1011 6801 130.454
1012 1864 64.2622
1012 3273 61.3485
1012 5064 70.9303
1013 1542 62.2063
1013 1763 38.8583
1013 2652 83.7913
1014 2826 62.8265
1014 4313 67.2181
1014 4973 63.4033
1015 5069 64.4139
1015 6218 72.9664
1015 7726 70.8129
1015 8390 45.3272
1016 1562 52.3624
1016 1832 57.8209
1016 2740 53.4989
1016 3768 24.9496
1016 4624 21.2707
1017 6616 109.664
1017 6736 88.9578
1017 8164 17.7699
1018 1476 40.0843
1018 1482 44.7267
1018 5796 50.668
1018 7468 3.11345
1018 8223 67.3984
1019 5392 63.6918
1019 5736 95.1324
1019 6808 43.886
1019 8536 77.9641
1020 4084 47.9568
1020 4401 36.1499
1020 4490 23.0195
1020 5630 70.8023
1021 2580 59.0154
1021 4185 96.1495
1021 5180 112.582
1022 2444 86.2259
1022 2981 134.105
1022 3208 70.7762
1023 1294 94.4846
1023 2031 18.8528
1023 3101 5.60352
1023 6268 137.436
1024 2980 56.0698
1024 5244 72.8337
1025 7424 49.0021
1025 7801 37.6778
1025 8049 57.4617
1026 2004 18.9956
1026 2386 94.1383
1026 4255 74.7814
1026 7931 28.2115
1027 5799 7.39422
1027 7666 57.6587
1027 7903 36.0662
1028 6995 59.079
1028 7278 26.1361
1028 8035 58.0364
1029 5020 23.5346
1029 5651 91.6391
1030 2790 61.1023
1030 7790 71.404
1030 8098 30.6047
1031 2530 54.1271
1031 5354 99.1543
1032 2431 52.7666
1032 6640 72.2279
1032 6901 45.7234
1032 7816 11.2779
1033 2498 84.6131
1033 2804 77.1936
1033 7367 65.9991
1033 8360 17.5473
1034 2107 90.4028
1034 2337 94.0417
1034 7839 106.207
1035 2126 50.5997
1035 7882 58.143
1035 8029 53.1902
1036 2356 39.6802
1036 3374 40.6347
1036 6226 68.494
1036 6754 75.2454
1037 3115 101.152
1037 4860 84.804
1037 6687 31.7402
1037 7646 64.2449
1038 3109 85.0151
1038 3622 108.478
1038 5721 42.8013
1038 7240 75.3395
1039 1215 135.668
1039 1469 97.6179
1039 4368 31.6559
1040 6370 104.465
1040 6453 34.5179
1040 8078 74.1344
1041 4209 77.4796
1042 3607 15.6127
1042 3972 62.0024
1042 7140 98.4573
1043 1410 68.4114
1044 3044 89.3514
1044 3306 62.3303
1044 5461 95.8892
1044 7352 48.3759
1044 7536 53.8407
1045 1866 92.332
1045 3534 15.9059
1045 6903 47.0126
1045 8402 118.684
1045 8474 40.8703
1046 1959 10.4487
1046 3215 47.6633
1046 5495 43.199
1047 2078 45.3141
1047 2882 21.8363
1047 3439 13.1031
1047 3792 69.4162
1048 4865 57.1474
1048 5132 35.8385
1049 4294 47.289
1049 7578 33.3661
1050 5503 30.7961
1050 5906 72.9876
1051 2742 64.6876
1051 3300 103.958
1051 5578 37.2872
1052 1604 47.3062
1052 4555 69.6055
1052 6921 14.4567
1052 7630 57.167
1053 2073 82.9518
1053 5245 49.6714
1054 2416 16.1075
1054 5482 73.4534
1054 7736 101.795
1054 7762 25.9615
1054 8294 56.4236
1055 2139 8.69998
1055 2824 98.4108
1055 7137 32.9288
1055 8331 42.9588
1056 1327 59.0624
1056 2202 27.1667
1057 2941 49.7669
1057 3362 34.8318
1057 3463 7.58899
1057 8182 83.6656
1058 4183 62.0671
1059 2229 43.7811
1059 5209 34.5711
1059 5488 49.7936
1059 6678 82.3875
1059 7951 91.6634
1060 5130 54.828
1060 6359 42.4117
1060 7398 41.5942
1060 8559 70.5197
1061 3586 46.7706
1061 4718 44.6696
1061 7405 60.2675
1061 7750 66.8557
1062 3040 62.8132
1062 7224 71.5063
1062 7891 11.6823
1063 4306 72.3228
1063 4844 40.7303
1064 8141 68.1956
1064 8521 68.0031
1065 3134 85.3334
1065 4211 19.967
1065 4551 55.1366
1066 7072 51.3942
1066 7294 91.3328
1067 4566 38.2881
1067 4814 40.9053
1067 7925 63.1319
1067 8407 57.7404
1068 1836 45.4189
1068 3146 44.3173
1068 5849 23.5102
1068 6117 47.2396
1069 4166 42.1638
1069 6333 94.6952
1069 6969 72.4941
1070 4012 29.0024
1070 5221 36.7993
1070 5733 68.0056
1070 7479 51.7648
1071 2020 35.5456
1071 5458 66.191
1072 2390 66.0876
1072 3741 90.026
1072 5517 57.1334
1072 6719 99.3654
1073 3417 83.8563
1073 4106 28.642
1073 4796 26.2
1074 1943 80.205
1074 3730 50.7962
1074 6139 49.4654
1074 8309 41.7742
1075 2276 63.4954
1075 3195 53.1766
1075 5359 93.2304
1076 1497 70.5761
1076 1956 59.4201
1076 4510 47.9045
1076 7454 15.7263
1076 7486 79.2342
1077 1828 61.1888
1077 5509 112.135
1078 5934 41.7958
1078 8463 33.3971
1078 8480 49.1947
1079 4581 139.426
1079 6005 88.029
1079 6296 107.076
1080 2755 63.2554
1080 3357 33.3257
1080 3884 105.621
1080 5775 17.2134
1080 6390 58.4931
1081 3524 66.4853
1081 7242 89.1163
1081 8555 51.6189
1082 3644 103.393
1082 5751 98.8331
1082 6725 13.6962
1082 7584 53.5913
1083 1831 29.6543
1083 4487 58.0967
1083 6407 59.9509
1083 7178 73.5889
1083 7517 42.4698
1084 3006 49.6395
1084 5695 67.5326
1084 8347 56.4603
1085 3499 44.0386
1085 4081 108.999
1086 3040 67.6326
1086 3344 20.0097
1086 7224 71.8702
1087 1553 56.6852
1087 2771 25.5709
1087 4395 15.5862
1087 5504 32.453
1088 1304 51.9649
1088 3525 66.9459
1088 3837 31.9254
1088 6278 11.7134
1088 7361 45.8064
1089 6281 40.3482
1089 7605 44.8545
1090 1907 93.2519
1090 4975 26.8884
1090 7624 61.186
1091 4364 27.7191
1091 6480 121.831
1092 5222 117.952
1092 7395 127.18
1092 8088 93.5273
1093 6479 71.6681
1093 7329 54.0866
1093 7572 60.6693
1094 3537 64.3238
1095 3374 80.3148
1095 3776 86.5546
1095 6247 61.6554
1095 8232 79.0429
1096 5857 16.3523
1096 6389 58.3538
1096 6408 65.6692
1096 8487 12.1832
1097 1140 61.9501
1097 5670 81.5541
1098 3355 55.8466
1098 5960 77.5679
1098 6047 61.503
1098 8264 72.1344
1099 1919 66.5077
1099 4737 92.5881
1099 5568 65.3279
1099 5711 52.0553
1099 7183 78.1913
1100 2045 96.9578
1100 3394 47.5298
1100 7424 117.491
1100 7801 105.595
1101 3572 30.7044
1101 4292 87.563
1101 6376 66.1551
1101 7571 101.792
1102 2932 46.7556
1102 6507 50.0404
1102 6964 35.3151
1103 3575 135.241
1103 4677 114.214
1103 6361 65.695
1104 1134 14.4718
1104 8385 22.11
1105 1780 32.9041
1105 3537 16.8166
1105 6789 119.247
1106 1729 29.2193
1106 2405 115.301
1106 3437 39.6769
1106 4458 94.9124
1106 8587 12.1989
1107 2172 62.6765
1107 3321 60.7946
1107 7864 47.2836
1108 5988 77.009
1108 6226 46.9592
1108 7753 31.0547
1108 8242 30.3367
1109 2119 48.9167
1109 4933 18.1434
1109 6839 66.0983
1110 1191 68.5878
1110 2298 63.8594
1110 4578 71.5934
1111 2293 23.191
1111 3172 56.5659
1111 8411 33.1515
1112 3676 47.4902
1112 5568 78.8416
1112 8578 29.9879
1113 1346 34.7969
1113 1950 79.3879
1113 6897 46.8738
1113 7556 64.4948
1113 4876 51.7939
1114 3347 101.629
1114 3924 132.283
1114 7904 88.7953
1115 2063 46.7559
1115 7292 60.585
1115 7492 73.1179
1116 3389 83.8805
1116 4721 60.9039
1116 7122 42.8192
1117 1249 34.5563
1117 2434 51.3183
1117 3247 75.6516
1117 5408 72.2374
1118 4198 25.6984
1118 7379 9.94178
1118 8316 29.1438
1119 1141 80.1239
1119 2244 81.781
1119 5186 17.3742
1119 6421 69.3291
1120 4343 28.9895
1120 4548 46.7279
1120 6511 67.92
1121 1155 31.2785
1121 3068 43.4955
1121 3734 19.839
1122 6383 119.454
1122 7349 119.077
1122 8497 149.589
1123 3966 48.5663
1124 2839 49.6747
1124 3312 46.1502
1125 1732 30.8454
1125 2627 97.4559
1125 5505 80.3512
1126 6598 51.3237
1126 6827 62.7453
1126 8483 74.1193
1127 3300 84.6176
1127 6280 71.5254
1127 8042 73.0889
1128 5575 64.8502
1128 6376 96.3887
1128 6455 87.0866
1129 3746 77.3011
1129 4350 20.4337
1130 4573 50.9446
1130 7371 57.5191
1131 1550 70.4191
1131 3633 136.932
1131 3778 41.0576
1131 4281 87.9381
1131 8202 42.4094
1132 3653 6.33167
1132 7125 76.2082
1132 8189 43.6428
1133 1258 46.676
1133 1309 37.1988
1133 5348 34.4223
1134 6185 60.3531
1134 8385 15.459
1135 3154 49.8828
1135 3904 20.4386
1135 6799 53.2383
1136 1829 29.311
1136 4360 68.9935
1136 6365 37.8157
1136 7219 64.3841
1137 2080 88.1246
1137 2407 28.3733
1137 2437 40.3887
1137 3063 9.64908
1137 4682 74.69
1138 3372 66.4066
1138 4089 108.698
1138 5739 58.9256
1138 6971 25.0115
1139 2390 70.5827
1139 3547 59.7286
1139 5010 36.1009
1139 7200 62.8839
1140 1163 37.4313
1140 2770 49.1029
1140 5670 27.2997
1141 5186 51.096
1142 1178 53.6135
1142 3239 41.2231
1142 7658 45.4233
1143 2556 99.5427
1143 2879 34.362
1143 6404 36.7501
1143 7416 61.3956
1144 2119 55.2479
1144 3894 11.253
1144 4238 11.9488
1144 5240 47.7133
1145 2670 59.4404
1146 3781 42.7554
1146 4244 22.7445
1146 8368 60.6344
1147 2186 51.2795
1147 2917 33.5375
1147 3744 59.3293
1147 7831 40.2559
1148 2582 60.296
1148 4088 57.2047
1148 7031 23.357
1149 2297 113.186
1149 8330 90.7516
1150 2112 26.1305
1150 2146 2.54959
1150 2311 16.1779
1150 4567 48.8947
1151 1962 81.0822
1151 1964 57.8161
1151 2467 13.481
1151 5648 26.1285
1151 7040 127.645
1152 3549 99.7659
1152 6460 35.86
1152 6578 66.4893
1153 2682 7.76153
1153 2749 9.61103
1153 4463 25.1564
1153 4558 38.6529
1153 4911 31.4649
1153 8150 67.4734
1154 2632 23.5393
1154 4531 67.3706
1154 7250 47.7759
1155 3734 56.058
1156 3250 71.1824
1156 3928 53.1628
1156 5804 50.6563
1156 8191 40.5039
1157 1588 78.9389
1157 4019 67.3734
1157 4829 84.7197
1157 6555 59.201
1157 6614 93.592
1158 1179 50.538
1158 2237 42.4883
1158 4087 55.2463
1159 3135 83.6975
1159 5057 45.557
1159 6194 48.9749
1160 1371 87.8751
1160 1792 109.844
1160 5106 49.5519
1160 5650 74.9549
1161 3138 9.7041
1161 6344 21.9137
1162 5126 65.9534
1162 5465 101.14
1162 5471 45.553
1163 3970 81.6791
1163 4608 62.7744
1164 1166 103.044
1164 1857 85.0592
1164 2069 46.6576
1164 4638 40.7372
1165 1715 46.651
1165 4090 63.7914
1165 6605 86.1982
1165 8099 111.867
1166 1857 11.018
1166 4640 138.977
1167 1752 56.4263
1167 5126 44.3127
1167 5401 57.35
1167 5471 61.821
1167 6105 29.7402
1168 2817 60.1697
1168 2850 51.5232
1168 6384 53.9041
1169 6036 50.8787
1169 7393 35.8958
1170 2342 44.8512
1170 4740 49.8421
1170 6167 24.3241
1170 6273 116.347
1171 3969 136.034
1171 4614 145.602
1172 1635 87.3262
1172 2781 93.746
1172 3219 83.1988
1173 2053 90.1418
1173 4321 52.6398
1173 5410 71.2216
1173 7000 51.4074
1174 4665 77.0191
1174 6815 66.9817
1174 7199 64.1807
1175 7030 86.8262
1175 7044 69.993
1176 4181 85.223
1176 8434 28.6732
1177 1186 39.5422
1177 2856 53.9529
1177 4407 85.5
1178 3239 121.478
1178 5744 115.59
1179 3901 37.6489
1179 7377 36.1482
1180 3551 55.882
1180 6446 56.8065
1180 7906 66.2982
1181 5381 130.418
1181 7639 20.1752
1181 8215 73.7506
1182 2171 25.723
1182 7007 49.0739
1183 1913 38.7464
1183 6994 64.679
1183 8239 53.5175
1184 5834 102.262
1184 7187 17.5097
1184 8245 26.6221
1185 2185 51.4437
1185 2564 78.5231
1185 3791 65.1662
1185 7356 49.1397
1186 4989 61.9635
1186 6577 69.2485
1187 2229 111.705
1187 7863 51.1342
1187 8376 149.293
1188 3255 43.9409
1188 3771 61.102
1188 5921 36.3535
1189 2715 81.5217
1189 3201 101.22
1189 4764 117.301
1189 5904 86.2176
1190 6209 51.5913
1190 7875 88.9422
1191 7580 24.5689
1191 8464 29.1098
1192 4601 50.2901
1192 7380 38.8337
1193 2624 61.5104
1193 5719 34.7401
1193 8188 40.7467
1194 1597 75.245
1194 1633 65.9967
1194 2551 46.8221
1195 3142 32.0161
1195 3473 35.6019
1195 4370 47.8581
1195 6777 52.302
1196 1322 69.222
1196 3915 71.9149
1196 6307 75.6532
1196 8371 70
1197 1387 23.2033
1197 1466 58.152
1197 5560 51.0724
1197 6115 45.5546
1198 4940 91.193
1198 5449 128.338
1198 6860 27.9876
1199 2627 68.4163
1199 3365 72.7766
1199 5505 49.3059
1199 6157 139.469
1199 7728 65.0811
1200 2334 51.8542
1200 3552 75.5922
1200 7262 104.783
1200 7773 65.7424
1201 1316 35.692
1201 3114 14.2294
1201 3532 91.7647
1201 4544 91.388
1201 5093 38.7505
1202 4392 52.7969
1202 5223 52.0556
1202 5840 17.598
1202 7442 18.9434
1203 6599 61.7625
1203 6972 24.45
1204 2628 21.3658
1204 4645 22.7048
1204 4766 40.0447
1204 5022 6.89667
1205 6691 30.0843
1205 8523 74.5558
1206 4285 40.2096
1207 4205 68.4512
1207 4411 115.577
1207 5665 97.5886
1208 2040 7.50651
1208 3082 101.089
1208 5802 130.966
1209 1689 41.6583
1209 3861 44.687
1209 4356 86.9379
1209 5333 49.2503
1209 6222 44.0648
1209 6788 91.4705
1210 6436 40.8946
1210 8150 98.9117
1210 8581 61.7353
1211 2522 89.5146
1211 4672 40.9536
1211 7024 76.1013
1211 8361 38.8157
1212 3465 45.0696
1212 3569 118.278
1212 4758 63.6198
1213 6405 90.8382
1213 7192 60.2956
1213 7399 99.4588
1214 3894 57.504
1214 6175 88.6368
1215 1569 79.1049
1215 2673 41.3828
1215 4368 91.9429
1216 1445 83.9515
1216 1449 65.8936
1216 7365 80.7552
1217 2393 67.0367
1217 4342 64.8646
1217 6450 66.7483
1217 6884 59.8072
1218 5679 41.078
1218 6579 69.2739
1218 8229 67.1876
1219 2728 82.5242
1219 3812 49.5364
1219 5345 79.753
1220 4111 22.6707
1220 6088 56.6235
1221 2524 66.5058
1221 3881 60.7764
1221 7357 12.7353
1222 1251 61.6626
1222 2071 90.6499
1222 8090 126.351
1223 1475 55.7818
1223 2776 82.502
1223 3317 4.06506
1223 3834 32.3598
1224 5969 49.1691
1224 7279 67.8789
1224 8280 54.9553
1225 5329 80.4379
1225 7074 31.9134
1226 3752 61.8255
1226 4977 51.3158
1226 5552 73.4771
1226 7986 81.4171
1227 1361 4.80955
1227 5616 9.81137
1228 2810 150.406
1228 5624 37.383
1228 8034 33.2303
1228 8405 89.7329
1229 2464 104.679
1229 6482 18.0012
1229 8041 95.821
1230 2156 77.7865
1230 2944 79.898
1230 5251 84.247
1230 8095 75.669
1231 2212 62.5891
1231 4162 45.6826
1231 4658 53.5899
1231 7397 50.8863
1232 2958 66.6298
1232 6275 81.4366
1232 6636 79.9656
1232 7962 74.6701
1232 8395 33.5399
1233 1595 84.4415
1233 6114 88.4316
1234 3322 62.8748
1234 3454 36.3798
1234 4886 19.1645
1234 8080 24.0027
1235 5867 63.4417
1235 6703 58.4125
1235 7233 20.4047
1236 3173 39.8128
1236 4423 81.8035
1236 7376 39.4674
1237 5034 72.2651
1237 5759 51.5724
1238 3929 71.7351
1238 7433 77.1489
1238 7445 69.3422
1239 1985 88.8242
1239 3224 59.7439
1239 4270 35.7834
1239 6057 96.2883
1240 1851 58.9411
1240 4793 80.3596
1240 7394 50.2457
1241 1438 67.6304
1241 1533 77.3787
1241 1566 93.6862
1241 4853 63.7681
1241 6350 95.186
1242 4084 46.8937
1242 5618 33.731
1242 8457 35.9649
1243 3495 23.1025
1243 7515 38.0404
1243 8295 97.2886
1244 1439 64.0191
1244 2811 41.3915
1244 6991 52.0966
1244 7588 62.4906
1245 2828 91.658
1245 3200 49.168
1245 5208 15.0832
1245 8555 67.8931
1246 2779 64.2218
1246 2851 46.6139
1246 8024 21.6514
1246 8446 126.765
1246 8503 42.4358
1247 5588 27.0934
1247 5929 76.0631
1247 6898 83.7529
1248 1841 36.0734
1248 5817 83.2308
1248 6049 36.4677
1248 6291 43.3575
1249 2434 64.1459
1249 3247 48.6594
1250 1722 109.765
1250 2481 50.915
1250 4474 96.3498
1250 5581 115.147
1251 2071 35.2026
1251 5147 64.3408
1252 1361 78.7886
1252 3836 40.8385
1252 4240 62.352
1253 5790 43.6722
1253 5851 66.9477
1253 7745 65.6162
1254 1811 84.2325
1254 4491 88.9953
1254 4794 62.7267
1254 6380 61.6483
1255 1549 92.5668
1255 1771 138.194
1255 5073 81.5091
1256 2495 65.8036
1256 4212 74.1299
1256 5225 29.4342
1257 1262 16.8703
1257 6259 47.0641
1257 8193 76.0637
1258 5348 34.6264
1259 5335 66.0717
1259 7819 67.7305
1260 7252 43.0154
1261 5627 109.263
1261 6686 20.7259
1262 5439 80.7546
1262 6259 79.4133
1262 7590 69.8301
1263 8215 43.8318
1264 1972 104.058
1264 3212 69.4892
1264 4070 59.8436
1265 4431 73.7144
1265 4507 69.3127
1265 8561 106.593
1266 2633 67.5551
1266 2880 72.6221
1266 3615 56.4331
1267 3843 39.6398
1267 7351 31.7229
1268 1645 68.3323
1268 2873 34.3788
1268 3392 61.0379
1268 8423 72.033
1269 1317 54.2735
1269 8012 54.6996
1270 2745 107.957
1270 4312 73.894
1270 5151 120.014
1270 6205 82.1041
1270 8302 44.8875
1271 1336 68.8339
1271 2385 24.1711
1271 2882 52.8403
1272 1405 82.4932
1272 2148 72.5736
1272 5833 94.1742
1273 2123 20.3172
1273 3018 90.8094
1273 7245 112.776
1274 5883 43.1649
1274 7208 52.5076
1274 7772 91.5723
1275 4023 12.6194
1275 5793 48.9117
1275 8030 46.5626
1276 2198 88.8376
1276 2935 95.5437
1276 3227 22.5732
1276 5859 42.7589
1276 7404 72.877
1277 3895 59.3021
1277 6721 44.1663
1277 8138 81.3968
1278 1854 47.5235
1278 6160 122.961
1279 4386 69.4343
1279 4588 44.8116
1279 6563 39.6815
1279 7174 80.9522
1280 1639 70.2045
1280 3222 104.706
1280 6826 81.1285
1281 2252 44.2017
1281 3268 27.4668
1281 7315 9.90957
1282 1602 37.5655
1282 3246 54.3607
1282 3443 72.6026
1282 5360 50.0572
1282 7045 6.11526
1283 1800 58.2179
1283 2344 50.1174
1283 3764 56.5616
1283 5393 86.9517
1283 5400 86.9483
1284 2821 32.5217
1284 6503 51.764
1284 7065 59.0388
1285 6221 106.046
1285 6651 78.134
1285 7520 40.1649
1286 3287 59.4676
1286 3467 33.0403
1286 3606 77.959
1287 3234 43.7128
1287 7056 51.5472
1287 8022 28.1891
1288 5108 68.2706
1288 6025 20.6215
1288 6928 94.9177
1289 5997 76.5279
1289 6136 50.7584
1289 6820 38.1747
1290 2208 56.069
1290 8240 89.9108
1291 4945 43.6949
1291 7632 38.07
1292 1358 62.2851
1292 5437 60.99
1292 8076 38.7807
1293 4661 59.9368
1293 8473 5.46465
1294 2031 52.2399
1294 3101 102.99
1294 5116 58.2581
1295 5015 46.1066
1295 5900 5.54003
1296 6841 47.137
1297 1596 25.5258
1297 2001 96.4913
1297 2843 66.4513
1297 3968 52.4257
1298 3070 50.963
1298 4025 93.4568
1298 4700 35.5641
1298 7158 30.2206
1299 4261 91.5187
1300 2238 29.9221
1300 2735 73.8744
1300 7249 78.003
1301 3228 85.4936
1301 7705 102.106
1301 7892 88.3141
1302 6888 53.4926
1302 7786 50.3724
1303 1981 35.9091
1303 5589 25.1768
1303 6597 58.6034
1303 8502 28.8654
1304 3837 45.8807
1304 6278 52.5261
1304 8441 81.9323
1305 1610 54.4769
1305 2742 37.1818
1305 4447 42.6785
1305 8542 25.6048
1306 3025 50.9646
1306 4897 74.5291
1306 5289 51.5449
1306 8017 57.2122
1307 3773 65.5601
1307 4951 44.351
1307 6885 58.1785
1308 1440 7.74222
1308 4286 12.4037
1308 5982 97.6376
1308 6954 46.7514
1308 7014 38.443
1309 5348 49.8882
1309 6945 67.1128
1310 1823 76.4322
1310 2381 89.9121
1310 5537 49.1801
1310 6748 61.5125
1311 5559 71.3492
1311 5992 63.1026
1311 8256 13.9826
1312 5432 70.7391
1312 6393 16.3147
1312 8140 66.7518
1312 8306 48.9999
1313 2356 76.7218
1313 6226 55.4284
1313 8106 49.0592
1314 1396 36.3156
1314 2529 129.508
1314 3651 7.30766
1314 7787 35.4704
1314 8120 71.3706
1315 3939 41.2285
1315 4935 58.412
1315 6750 29.8782
1315 7069 39.6778
1316 2910 45.0231
1316 3742 33.9852
1316 5093 14.9306
1316 5661 46.3656
1316 6494 36.8662
1316 7785 55.4866
1316 8496 41.1725
1317 3390 24.8501
1317 3526 18.9477
1317 7434 43.583
1317 8014 56.6699
1318 1629 43.9878
1318 2596 38.0571
1318 4733 96.309
1318 6547 49.9699
1319 1510 106.817
1319 4698 90.9058
1319 5941 117.09
1319 8412 127.459
1320 2024 19.0908
1320 4246 55.9763
1320 6648 102.823
1320 6856 34.709
1321 1933 23.5952
1321 5144 35.7075
1321 7618 52.2082
1322 1544 32.6281
1322 2845 52.8204
1322 5451 72.2269
1323 3753 92.9882
1323 4738 111.725
1323 8271 107.999
1324 5551 49.5323
1324 7158 73.8968
1325 3838 98.0706
1325 4297 31.116
1325 8582 48.676
1326 3413 36.4027
1326 5446 92.8368
1326 6314 50.488
1327 4967 51.0474
1327 5304 12.1748
1327 5698 34.6929
1328 1456 47.4983
1328 4112 8.37331
1329 1800 144.578
1329 4468 87.833
1329 6083 83.147
1330 3314 23.0573
1330 3905 43.751
1330 7342 36.6775
1331 1529 8.88293
1331 3986 66.1513
1331 5781 46.8199
1331 7063 29.2365
1332 2049 20.7767
1332 2546 96.9682
1332 3769 33.471
1332 3970 64.6196
1332 5048 19.293
1332 5287 32.7913
1333 3242 64.8378
1333 7284 64.7732
1334 5973 79.9656
1334 6295 80.8203
1335 4769 78.2219
1335 6962 13.5493
1335 7022 57.5177
1335 7309 63.4579
1336 2882 73.1848
1337 2924 64.4825
1337 6794 69.91
1337 8180 32.802
1338 2187 40.22
1338 4236 34.0704
1339 2852 73.6892
1339 5491 97.1457
1339 6989 80.1069
1339 7899 68.7725
1339 8189 50.0027
1340 3358 28.5716
1340 4609 55.0021
1340 8059 48.6983
1341 5159 43.1475
1342 4147 79.0703
1342 6244 51.3254
1342 7148 52.3814
1343 2815 79.7208
1343 4242 78.3914
1343 7814 51.6482
1344 3450 63.5553
1345 7446 77.1929
1345 8157 68.4604
1346 1950 115.761
1346 6897 24.592
1346 7556 24.7754
1347 3797 59.6425
1347 5358 114.913
1347 6501 52.0704
1348 3930 54.9694
1348 5102 63.591
1349 6997 52.2266
1349 7727 52.4995
1350 4888 76.8165
1350 6426 83.399
1350 7879 64.3578
1351 3325 72.3668
1351 4506 69.7892
1351 5039 79.3864
1351 7366 39.6723
1352 3471 66.9543
1352 4445 41.4105
1352 5788 61.2544
1352 6566 72.8525
1353 2871 60.8951
1353 3048 90.1796
1353 6557 78.5382
1354 5258 63.0514
1354 6138 64.8797
1355 1908 25.8849
1355 3299 29.6096
1355 3719 54.2765
1355 5066 56.54
1355 8469 33.3733
1356 5919 24.1765
1356 6258 64.3029
1357 1728 19.1233
1357 5958 91.2541
1357 5964 82.313
1358 4822 62.4278
1358 5437 74.8658
1358 6565 16.4064
1359 1452 37.4436
1359 6364 39.7822
1360 4363 55.8762
1360 4684 21.4853
1360 5883 89.0443
1360 7917 78.509
1361 5616 18.9592
1362 1620 63.7184
1362 2335 65.8498
1362 5881 58.6997
1363 4040 76.5725
1363 5805 23.6575
1363 7389 44.3045
1364 2430 74.9626
1364 3866 109.487
1364 4793 101.019
1364 7097 68.8581
1364 7216 104.105
1365 1488 55.5447
1365 4324 85.8272
1365 8518 62.7511
1366 4018 80.2414
1366 6342 48.3061
1366 6375 64.6341
1367 4965 119.484
1367 5394 2.97431
1368 2272 55.7993
1368 3336 49.2772
1368 6414 23.396
1368 6861 121.962
1369 3812 58.6054
1369 4831 87.4185
1369 5530 38.0545
1369 5599 16.8481
1369 7621 70.7109
1370 3505 34.4079
1370 6787 11.4714
1371 2504 77.0832
1371 5415 27.708
1372 3032 70.8325
1372 3756 37.7685
1372 4290 69.9024
1372 4349 34.3373
1373 3576 45.3937
1373 5185 41.8376
1373 5591 95.8663
1373 5705 68.6188
1374 2178 101.067
1374 2190 94.3007
1374 3513 69.8713
1374 3559 64.01
1374 4305 26.9313
1374 5942 46.349
1374 7862 120.534
1375 1433 44.9178
1375 1740 88.4114
1375 2338 60.5474
1375 3711 43.2585
1376 5850 52.2397
1376 5878 51.8686
1377 2784 52.5622
1377 3222 57.0573
1377 5243 32.2567
1377 8166 43.7205
1378 3803 32.2843
1378 3822 50.4019
1378 3854 33.6227
1379 2022 45.9717
1379 3102 88.0128
1379 5284 69.6489
1379 7335 65.021
1380 1960 42.5825
1380 3926 41.8919
1380 5263 61.5886
1381 2965 34.3805
1381 4039 46.9228
1382 2696 33.8195
1382 3259 25.0466
1382 4040 60.403
1382 5805 50.1293
1382 7513 17.3636
1383 3680 50.3239
1383 5364 85.8556
1383 6941 23.3659
1383 8019 88.8218
1384 3692 62.114
1384 5620 161.274
1385 4842 85.6261
1385 6152 86.8494
1385 7360 77.4509
1386 3421 61.0691
1386 5026 56.4495
1386 7593 57.5037
1386 7632 56.1511
1387 1466 77.4243
1387 2240 84.3587
1387 5560 46.9454
1387 6115 48.6503
1388 2575 53.6045
1388 2791 77.7771
1388 5518 41.9388
1389 2902 78.7447
1389 4637 53.9615
1389 5511 66.3352
1390 2366 9.84893
1390 3617 18.7621
1390 4107 61.0287
1390 6709 35.0574
1391 1943 66.1523
1391 1974 24.9343
1391 8480 56.8413
1392 2108 57.7723
1392 6241 76.1714
1392 7808 44.3883
1392 8397 48.8006
1393 3748 69.6182
1393 4040 87.0534
1393 7577 36.8108
1394 1681 98.9586
1394 4256 75.3011
1394 7515 72.6229
1395 2404 87.5247
1395 4430 41.914
1395 6873 50.2648
1396 2529 93.9152
1396 3651 40.0707
1397 1577 68.0594
1397 5303 56.7198
1397 5479 55.8119
1397 8313 72.3022
1398 7507 71.2931
1398 8490 104.434
1398 8550 121.213
1399 2811 81.7354
1399 4577 10.9358
1399 7789 53.2949
1400 3058 76.4404
1400 3258 36.171
1400 5980 55.6357
1400 6550 69.882
1400 6912 79.5575
1400 7311 58.644
1401 2604 45.0644
1401 7226 78.835
1401 7257 27.3644
1402 2239 35.3318
1402 2945 119.679
1402 4810 63.4556
1403 1935 48.4268
1403 2237 68.6018
1403 2463 81.9427
1403 4087 36.0568
1403 7420 83.643
1404 3017 118.332
1404 4781 28.8778
1404 5171 11.5975
1404 7161 102.565
1405 3512 23.661
1405 4704 33.7379
1405 5833 8.6623
1406 4417 72.0064
1406 5308 42.2243
1406 5918 120.147
1406 8576 73.9909
1407 2364 105.656
1407 4225 73.3406
1407 5533 103.628
1407 6422 58.2056
1407 8275 65.9917
1407 8392 46.9959
1408 3940 68.2148
1408 5262 104.163
1408 7335 64.5113
1409 5448 110.487
1409 5713 116.891
1409 6874 90.6154
1409 8117 129.751
1410 5043 41.1559
1410 7162 47.9932
1411 6545 29.2439
1411 7600 83.7498
1412 7018 77.814
1412 7667 49.9413
1413 5156 46.034
1413 8255 41.6999
1413 6314 49.6304
1414 1783 79.6377
1414 2372 75.1444
1414 3274 89.0697
1414 4714 48.2869
1414 5162 80.0375
1414 7498 105.977
1415 3687 70.8697
1415 6544 75.3724
1415 8292 19.2301
1416 3476 57.033
1416 3882 98.1412
1416 8259 50.0999
1416 8418 44.3445
1417 5884 43.8488
1417 6165 75.3034
1417 6846 26.723
1417 7514 31.8449
1417 8530 60.4787
1418 5297 36.9432
1418 5948 55.0637
1419 2055 98.853
1419 2719 101.605
1419 3516 68.2653
1420 4169 88.7053
1420 5915 46.0491
1421 5383 9.14901
1421 5928 54.0609
1421 8340 45.2799
1422 4041 13.0222
1422 8015 47.9556
1422 8259 26.5304
1423 2350 7.09488
1423 4213 39.8552
1423 5142 68.8669
1423 6619 45.2948
1423 7307 40.1092
1423 7598 66.3701
1423 8304 12.2387
1424 1460 49.664
1424 2577 62.7135
1424 3553 25.3863
1424 5201 67.2044
1425 1688 135.641
1425 5856 64.9312
1426 6967 49.273
1426 7703 76.835
1426 7739 13.9009
1427 1563 26.785
1427 4907 75.3298
1427 5266 58.3727
1427 5321 58.8294
1427 5879 52.6769
1428 1699 82.4009
1428 4546 128.001
1428 7185 54.945
1428 8558 39.7662
1429 1568 63.7144
1429 2000 34.4189
1429 5549 62.3407
1430 1885 40.0947
1430 1888 52.1316
1430 5253 7.37246
1430 7484 71.311
1431 4315 61.6445
1431 4316 11.0833
1431 6514 13.4497
1432 2284 67.5595
1432 3967 49.5479
1432 7495 25.1673
1433 2338 52.3769
1433 3711 25.4995
1434 3546 22.8616
1434 6534 54.5522
1434 7017 97.9585
1435 2172 50.953
1435 3321 24.8224
1435 6418 81.6723
1435 7864 55.0172
1436 4144 71.8327
1436 5227 62.8289
1436 6386 63.5121
1436 7126 82.6233
1437 4521 59.9634
1437 6508 78.5438
1437 7305 20.7311
1438 4853 61.5498
1438 6452 61.7048
1438 6592 36.8873
1439 7588 27.8197
1439 8270 70.2908
1440 4286 0.321495
1440 5982 77.6333
1440 6954 23.8793
1440 7014 49.2193
1441 2374 101.582
1441 3132 56.4533
1441 4723 148.058
1442 1929 88.3263
1442 3144 47.0282
1442 5815 62.4838
1442 8431 48.2562
1443 5145 43.3593
1443 7932 23.8485
1443 8018 73.3061
1444 2972 118.705
1444 3718 110.808
1444 6487 66.1282
1445 3183 135.672
1445 3333 20.2765
1445 6284 101.769
1446 4247 12.7243
1446 8161 60.5156
1447 1838 74.3941
1447 2707 133.165
1448 3722 92.7153
1448 7184 60.9983
1449 3206 40.9917
1449 4623 27.9372
1449 7365 39.002
1450 3843 55.5043
1450 7914 30.3548
1451 2030 21.2152
1451 2634 36.7934
1451 3705 17.9673
1451 3873 48.7969
1452 3864 42.7473
1452 4859 25.9384
1453 1942 69.7791
1453 4158 43.343
1454 3822 84.7708
1454 5114 19.6465
1455 3307 91.3691
1455 5207 49.4656
1455 6966 97.2938
1456 1972 61.1879
1456 4112 34.9992
1457 2071 28.2758
1457 2425 72.4174
1457 4013 53.1852
1457 5147 63.0003
1458 3969 33.3643
1458 6294 65.1223
1459 1838 59.2577
1459 4834 28.16
1459 6193 26.2584
1460 3553 61.473
1460 5201 10.0709
1460 7640 80.4627
1461 2909 98.1136
1461 4233 24.1646
1461 6637 92.276
1462 5370 60.9686
1462 8218 71.3676
1463 2247 30.2159
1463 4986 49.5194
1463 6438 65.3462
1463 6524 71.4842
1464 2036 52.3369
1464 3882 56.4208
1464 8076 61.8203
1465 2930 28.4865
1465 6205 55.483
1465 7516 90.4476
1465 7555 34.0147
1466 6115 87.097
1467 4722 80.7403
1467 6795 73.9163
1467 8556 81.039
1468 3747 118.849
1468 5864 118.192
1468 7982 106.6
1469 1569 73.3115
1469 4846 50.0731
1470 6517 59.3434
1470 7079 102.983
1470 7548 94.8446
1471 1541 62.5103
1471 7654 75.7604
1472 4322 68.1308
1472 4732 49.37
1472 5746 79.2575
1473 2974 49.5953
1473 4464 100.26
1473 4936 52.6497
1473 5467 71.8817
1473 8021 31.6045
1474 3371 92.46
1474 4517 87.4325
1475 3317 55.6526
1475 3834 75.6133
1476 1482 39.7204
1476 5970 47.8338
1476 7468 45.2566
1476 8223 32.9067
1477 2417 17.8011
1477 4697 25.4809
1477 6870 57.6275
1478 3417 54.0958
1478 5771 88.0367
1478 7331 83.9842
1478 8533 78.3104
1479 2524 34.6227
1479 5230 75.0009
1479 6184 48.8704
1480 2603 36.5689
1480 4748 52.538
1480 5902 62.595
1481 1961 46.6059
1481 6568 53.0265
1482 8223 26.3664
1483 3078 20.6962
1483 4259 104.59
1483 7671 96.7382
1484 2368 56.3529
1484 3367 59.2572
1485 3005 37.3172
1485 3656 79.561
1485 5903 52.2719
1485 7433 29.028
1486 4953 90.9672
1486 6451 32.4892
1486 7319 60.8655
1487 5695 36.1704
1487 5760 30.9483
1487 6717 42.6256
1488 1719 54.4996
1489 2412 98.5476
1489 3798 30.827
1489 8137 114.828
1490 3237 16.7088
1490 5895 53.1282
1491 4734 52.005
1491 5350 46.2341
1491 7634 37.5095
1492 4221 45.62
1492 4369 62.7465
1492 6362 71.9635
1493 4057 50.1869
1493 4150 49.9375
1493 7918 17.3131
1494 2870 87.814
1494 6517 196.346
1494 7616 22.5029
1495 1517 91.0715
1495 2168 27.5059
1496 2812 45.5578
1496 4782 47.1343
1496 5532 73.9854
1497 1956 49.8814
1497 4510 21.9661
1497 6862 55.0548
1497 7454 62.156
1498 1820 126.288
1498 2492 39.0301
1498 3359 80.0705
1498 3817 83.0504
1499 3800 42.1223
1499 6749 44.2113
1500 2837 44.9599
1500 3251 95.3895
1500 4241 10.1446
1501 3460 69.8294
1501 6105 97.5149
1501 6926 110.859
1501 6973 30.4053
1502 1600 79.0818
1502 4833 19.8883
1502 4856 57.0826
1502 5369 139.168
1503 1765 48.0326
1503 5021 64.053
1504 1806 89.7537
1504 4276 60.5316
1504 7617 85.1579
1504 8330 78.1324
1505 2470 64.6965
1505 2842 40.2837
1506 4452 80.7001
1506 4743 45.7032
1506 7738 96.6256
1506 7910 30.9872
1507 6595 82.546
1507 7859 73.3495
1507 8324 19.2482
1507 8440 87.3708
1508 6753 89.9888
1508 7604 105.937
1508 7648 85.1344
1509 4542 56.5454
1509 4737 45.5828
1509 5711 62.394
1510 2907 92.5359
1510 2964 118.677
1511 2944 98.9009
1511 4372 75.385
1511 4410 84.4415
1511 6333 88.0016
1512 2161 72.5478
1512 3645 35.5317
1512 5833 95.2679
1513 2043 56.0779
1513 6194 64.3402
1513 8334 59.7587
1514 4327 142.865
1514 6059 36.2623
1514 7406 74.2827
1514 7534 73.6686
1515 2258 111.845
1515 2433 76.819
1515 6354 54.2833
1516 2399 40.9691
1516 3134 24.7167
1516 3638 6.47663
1516 7261 27.7519
1517 8169 128.739
1518 2609 58.3312
1518 5831 9.97884
1518 6475 76.0753
1518 7853 69.8031
1519 2758 15.6661
1519 3089 51.3186
1519 3763 28.6331
1519 7843 82.7105
1519 7946 61.5176
1520 5666 25.1334
1520 5830 15.3201
1521 4004 16.3933
1521 6081 34.0959
1521 7558 34.5331
1522 3566 40.9129
1522 7085 94.2913
1522 8145 76.1728
1523 3062 80.6358
1523 5763 34.4064
1523 5813 42.6314
1524 1560 60.9286
1524 4421 77.6322
1524 4448 34.8065
1525 4053 43.193
1525 5035 97.9196
1525 5362 83.2673
1525 7159 79.5271
1525 7401 74.062
1526 2065 14.8349
1526 2918 17.4219
1526 6790 21.9892
1527 2929 66.5964
1527 8447 39.1975
1528 3453 114.241
1528 3715 77.9078
1528 8288 26.5607
1529 5334 89.2334
1529 5781 46.1555
1529 7063 49.1974
1530 2639 26.0424
1530 3256 123.722
1530 3674 69.2996
1530 5302 59.602
1531 3426 51.8129
1531 5989 64.4836
1531 6045 87.8955
1532 2421 78.9171
1532 3573 48.3993
1532 5167 57.029
1532 5807 57.1493
1533 5684 48.2016
1534 5707 69.049
1535 4550 44.7608
1535 4824 44.7741
1535 5806 45.9589
1535 8311 60.9342
1536 1902 88.9449
1536 3992 59.6278
1536 5772 73.6786
1536 6272 57.6915
1537 2794 22.6848
1537 3757 82.9379
1537 7227 52.9176
1538 5120 63.729
1538 7102 126.995
1539 4751 65.9355
1539 6297 69.3872
1539 7985 76.5242
1540 3750 76.096
1540 4101 61.7534
1540 7682 111.068
1541 3283 95.4617
1541 6680 51.8993
1541 7654 77.4524
1542 1763 52.0835
1542 2652 27.9545
1542 7354 26.6166
1543 3507 46.8729
1543 3777 80.7702
1543 6875 84.1967
1544 2845 31.2214
1544 5451 68.854
1545 1881 90.036
1545 5327 71.3074
1545 5614 66.8081
1545 6173 64.8106
1546 1779 59.9248
1546 4163 65.4756
1546 5099 20.6895
1547 3236 62.2084
1547 5087 96.0436
1547 7545 91.0831
1548 5181 50.6006
1548 5246 56.1106
1549 1771 52.3312
1549 2111 72.7649
1549 5607 62.344
1549 6574 100.215
1550 3633 140.759
1550 4281 93.0122
1551 1657 78.1149
1551 7858 100.007
1551 8025 43.8536
1552 6235 59.5817
1552 6502 19.162
1553 2771 61.6495
1553 4395 38.28
1553 8417 83.6459
1554 1985 13.4596
1554 3224 81.6459
1554 8382 28.6134
1555 2098 10.6713
1555 6551 8.47183
1555 7221 152.548
1556 1612 36.6647
1556 2943 40.5148
1556 8248 27.6248
1557 4770 61.9527
1557 5228 64.5223
1557 5747 80.8171
1558 2674 15.163
1558 3935 47.953
1558 7439 26.4768
1559 2348 108.089
1559 2513 99.8247
1559 5094 80.6803
1559 6559 87.5067
1560 5112 55.2065
1560 5532 69.2493
1560 7527 36.1516
1560 8327 54.4303
1561 2339 12.7687
1561 2995 62.3335
1561 4725 55.6457
1561 6772 37.7944
1562 2740 29.1746
1562 3768 24.1814
1562 6359 89.7992
1563 4048 102.73
1563 4907 37.3753
1563 5266 45.7342
1563 5879 61.2501
1564 1772 87.27
1564 5368 88.1401
1564 8396 79.0111
1565 1702 90.5726
1565 8179 99.7041
1566 2270 58.2996
1566 6350 128.412
1567 2386 44.2496
1567 8131 64.5302
1568 4691 29.3818
1568 5549 24.6634
1568 7019 40.0406
1569 2673 103.423
1569 4481 86.806
1570 3282 77.5501
1570 3885 72.4502
1570 4184 24.6663
1571 4269 10.196
1571 6894 41.8688
1571 8208 56.5282
1572 4618 65.5703
1572 5847 84.287
1572 7622 82.6739
1573 3194 80.5422
1573 6454 84.178
1573 6729 26.5429
1574 6662 68.1823
1574 7674 72.7672
1575 1931 109.99
1575 7585 46.108
1575 8216 53.4078
1576 1941 30.5899
1576 5138 74.2349
1576 5692 19.9128
1576 5880 45.704
1577 5479 44.3644
1577 8313 87.5105
1578 2462 112.762
1578 2526 47.6034
1578 2931 24.6254
1578 7340 99.6585
1578 8484 49.4932
1579 2152 28.5748
1579 2938 53.5824
1579 6642 21.3773
1580 7322 55.2054
1580 7646 104.173
1580 7987 74.404
1581 3908 96.754
1581 4172 114.372
1582 2673 104.333
1582 3211 139.822
1582 7463 93.0065
1583 2672 27.0434
1583 2893 64.9134
1583 3069 70.3687
1583 8038 24.4645
1583 8043 115.273
1584 3409 54.9892
1584 6060 61.5936
1584 6106 97.1188
1585 3783 35.5807
1585 5673 48.2886
1585 6073 64.1859
1586 4279 89.2904
1587 3583 34.3349
1587 6270 53.7856
1587 6656 31.5305
1587 8404 63.4506
1588 4019 54.3581
1588 6555 45.1201
1589 1605 69.8358
1589 1663 32.3531
1589 3818 142.987
1589 4341 65.6626
1589 4979 91.1166
1590 2677 49.3417
1590 7102 66.2409
1590 7353 67.7334
1590 7421 102.095
1591 7215 67.3131
1591 8067 52.5197
1592 2544 38.9371
1592 3593 23.7511
1592 8125 14.1156
1593 3917 44.9615
1593 5659 81.4097
1593 7426 78.1373
1593 7915 17.066
1593 7980 93.1004
1594 1792 69.0457
1594 4916 58.2802
1594 5290 137.678
1594 7163 53.7546
1595 1816 49.25
1595 2333 54.1111
1595 7689 71.4225
1596 3968 37.9708
1596 6787 57.1637
1597 1633 22.6495
1597 7148 66.4651
1598 2923 39.7013
1598 3914 32.4267
1598 3962 54.9931
1598 4118 39.2313
1598 4298 61.0597
1598 6124 35.496
1598 8508 72.729
1599 3869 65.6169
1599 4845 12.381
1599 4995 47.5063
1600 2934 78.0189
1600 4058 66.1259
1600 4833 38.3858
1601 4489 74.2763
1601 4620 61.7197
1601 6902 37.2173
1602 3246 57.3384
1602 7045 21.0466
1603 1958 24.2145
1603 3568 17.8094
1603 4837 85.38
1603 5211 41.9941
1604 5595 59.4058
1604 6286 40.382
1604 6921 50.9453
1604 7259 74.3566
1605 4341 58.1751
1605 5823 97.8232
1606 4148 47.8992
1606 5917 47.2437
1606 6052 96.8115
1606 7826 40.4972
1607 2491 41.9989
1607 6168 74.9709
1608 3863 36.9682
1608 7850 33.8068
1609 5754 53.4611
1609 7465 85.6375
1609 7979 90.9889
1610 2704 40.8218
1610 2742 39.5715
1611 3049 40.635
1611 7149 107.179
1611 7299 77.6022
1612 2943 19.1831
1612 6209 63.9444
1613 3789 55.4511
1613 4984 56.7956
1613 6102 76.7284
1613 6345 13.3202
1614 1731 62.4927
1614 2460 56.318
1614 6915 69.2322
1615 3759 86.8449
1615 5403 93.2034
1616 2150 85.7807
1616 3076 67.1622
1616 5835 66.9051
1617 4776 48.2048
1617 5859 56.3272
1617 7296 75.3226
1617 8106 45.0143
1618 8561 37.5525
1619 3253 34.5549
1619 6130 40.5211
1619 6444 41.4049
1620 3315 79.3158
1620 5881 95.8853
1620 8563 126.17
1621 5632 27.2833
1621 6107 23.6801
1621 7900 81.891
1622 2616 47.5106
1622 5286 42.983
1622 5376 50.9739
1622 6143 54.8664
1622 7976 51.2249
1623 3138 49.2941
1623 6319 50.2122
1624 8543 103.096
1625 4206 47.7437
1625 5379 33.3278
1626 1886 50.4186
1626 4690 43.5892
1626 8240 42.4676
1627 5493 51.654
1627 6620 18.8247
1627 6716 80.9596
1628 4894 52.7265
1628 6252 54.6401
1628 7047 37.4383
1629 2596 32.6692
1629 3947 50.8494
1629 6547 93.4317
1630 2659 73.6612
1630 7767 65.664
1630 8220 70.9089
1631 1996 91.6224
1631 2253 52.0771
1631 6477 99.3109
1631 7758 40.7266
1632 4701 72.0548
1632 4735 33.0156
1632 6304 57.0891
1633 7148 76.4566
1634 3848 129.117
1634 5634 127.849
1635 3382 56.2842
1635 3606 95.5668
1636 2457 23.8742
1636 4657 51.1026
1636 7952 35.9839
1637 1923 88.1965
1637 6011 95.6361
1637 6042 50.0128
1638 4261 42.3728
1638 6761 49.2172
1638 7030 51.1936
1638 7044 74.0378
1639 2784 67.5557
1639 3222 16.8751
1639 6298 66.4873
1640 5141 22.5083
1640 7629 35.9945
1641 1918 120.303
1641 6470 69.5372
1641 6775 93.3247
1642 2799 28.1245
1642 3876 31.2599
1643 1749 139.526
1643 4585 90.2075
1643 5310 14.872
1643 5946 60.4126
1643 7963 104.353
1644 3119 72.5968
1644 4662 118.963
1644 6899 104.918
1645 2873 37.3058
1645 3392 27.1106
1645 5072 77.3826
1645 7160 31.6463
1646 1743 59.321
1646 3323 45.5186
1646 7218 80.6767
1646 7258 19.1821
1647 2720 44.4889
1647 7716 111.613
1648 4345 60.8061
1648 4634 58.4526
1648 4876 138.436
1649 2549 41.5132
1649 6799 49.8907
1649 6881 66.5512
1650 2759 87.0255
1650 4051 108.997
1650 6384 107.435
1651 4426 19.0688
1651 6838 18.3598
1651 7895 28.9169
1652 2926 35.316
1652 5452 52.8572
1652 5641 78.434
1653 4280 40.8975
1653 5292 101.428
1653 5604 12.9727
1653 6452 81.9985
1653 6592 46.3619
1654 3627 57.2778
1654 3912 81.7531
1654 4453 45.8424
1655 2553 13.6201
1655 2794 99.3314
1655 3167 36.6351
1655 8381 11.448
1656 5940 47.9754
1656 6321 73.0371
1657 5053 44.2295
1657 7453 50.8517
1657 7858 18.331
1657 8025 23.3306
1658 1714 67.6617
1658 2924 81.3576
1658 3071 19.3649
1658 4839 53.5933
1658 5234 48.2547
1659 5078 34.461
1659 6694 17.3538
1659 7300 38.4433
1660 2785 59.0748
1660 8135 80.1135
1661 8000 51.9977
1661 8040 37.7829
1661 8499 29.6362
1662 3204 59.5533
1662 4497 49.8734
1662 5438 49.1104
1662 7959 47.0747
1663 4341 112.777
1663 4979 26.47
1664 3139 9.34528
1664 6544 98.79
1664 8449 63.1044
1665 2032 64.1517
1665 5657 54.2105
1665 7759 61.1972
1666 2840 42.4716
1666 5589 100.273
1666 7263 64.0573
1667 4481 113.057
1668 2935 62.9757
1668 3209 44.841
1668 3284 77.7891
1668 6026 103.409
1668 7651 71.5794
1669 2162 64.7085
1669 3588 97.8239
1669 5646 71.9425
1670 5425 34.1923
1670 5746 74.3471
1671 3561 33.1254
1671 4301 116.234
1671 5874 39.6423
1671 6727 94.1381
1672 4816 71.4729
1672 6791 79.8096
1673 3664 73.6792
1673 8052 71.4641
1674 3192 37.7405
1674 3254 59.0815
1674 3762 75.6083
1674 6828 42.2602
1675 2042 15.7273
1675 3797 60.6535
1675 7228 56.8966
1676 2545 15.6661
1676 5820 81.6665
1677 2411 144.28
1677 4113 131.56
1677 7769 83.3063
1678 1954 93.5012
1678 2750 47.193
1678 4045 32.1567
1678 6328 50.266
1679 6779 8.7335
1679 7098 96.6607
1679 7784 22.3311
1680 1946 53.3168
1680 2283 78.1699
1680 3565 23.2427
1681 1736 86.9578
1681 2734 105.294
1682 4222 50.4828
1682 5169 24.3116
1682 6823 23.6902
1683 3501 61.1773
1683 4633 51.5041
1683 6433 61.7588
1683 6727 74.6001
1683 8585 21.45
1684 2077 66.0837
1684 7455 16.7045
1684 8566 63.0614
1685 3162 31.3116
1685 5351 7.4614
1685 7820 47.4823
1686 1733 20.3825
1686 3606 69.6489
1686 5736 30.5123
1686 6808 35.6561
1687 5543 77.3488
1687 6661 84.3702
1687 7318 95.6839
1687 8172 93.8637
1688 4267 53.477
1688 4494 39.9906
1688 6206 39.0652
1689 3861 73.4966
1690 4830 50.986
1690 6946 116.568
1691 4171 41.9129
1691 7996 22.3213
1691 8173 70.4035
1692 3475 23.5927
1692 8310 73.8752
1692 8470 102.951
1693 5216 46.4623
1693 7645 58.8886
1693 7725 32.4186
1694 4836 25.8807
1694 6199 53.7759
1694 8121 38.1317
1695 2289 59.6297
1695 5033 29.6447
1695 7742 74.2818
1696 2796 22.3994
1696 4826 9.69886
1697 2144 63.7522
1697 3326 34.9179
1697 3380 84.0056
1697 5178 76.0177
1698 5489 73.7357
1698 8586 52.5099
1699 4736 64.4343
1700 3464 73.5373
1700 4291 30.687
1700 6715 60.7478
1701 2838 92.705
1701 5150 132.755
1701 5968 103.096
1702 3840 73.6323
1702 4600 32.3824
1702 7172 89.1169
1703 3130 36.3545
1703 3471 73.6926
1703 3983 73.7973
1704 3793 76.0707
1705 3236 116.623
1705 4139 65.0614
1705 6482 93.9442
1705 7545 120.1
1706 4076 49.1507
1706 6442 31.7803
1706 8001 27.1361
1707 3021 54.9441
1707 3808 17.4602
1707 4543 16.8519
1707 4722 41.0153
1708 1882 107.443
1708 7766 21.9983
1709 2302 30.2025
1709 2531 74.0394
1709 3563 37.0659
1709 5255 72.0059
1710 4514 81.7253
1710 5299 34.5792
1710 6007 70.1775
1710 6394 81.6981
1710 6755 65.5056
1710 6940 22.399
1711 3186 82.3093
1711 3468 78.0763
1711 4948 35.2635
1712 1860 98.8802
1712 7136 29.2355
1712 8210 88.0288
1713 1911 48.3615
1713 5100 61.002
1713 7994 59.8391
1714 4459 82.9957
1714 4554 36.7603
1715 6684 47.5435
1715 8099 92.6183
1716 2097 40.7127
1716 3910 82.1325
1717 2075 44.7274
1717 3491 23.6003
1717 7764 96.4726
1718 1876 82.2831
1718 3487 22.4673
1718 8451 65.6638
1719 2182 74.6953
1720 4391 10.3889
1720 5743 31.2667
1720 5994 35.3755
1721 1992 113.965
1721 5656 10.7242
1722 3346 79.6266
1722 4556 86.7389
1722 4904 44.064
1723 4500 87.8717
1723 5880 85.0455
1723 7695 13.4859
1724 3468 108.845
1724 4311 47.7555
1724 4948 68.5476
1724 8365 45.3387
1725 2512 17.4075
1725 3230 83.5599
1725 5425 36.4676
1726 4691 19.1506
1726 5565 17.5523
1726 6777 14.8609
1726 7019 25.6186
1727 4890 82.6385
1727 5558 52.5046
1727 5731 63.0043
1728 5958 45.3908
1728 5964 144.889
1728 6096 98.1782
1729 3456 37.3321
1729 6749 62.4448
1729 8587 21.9199
1730 3818 74.9028
1730 4000 83.4851
1730 6753 121.079
1730 8175 63.6582
1731 4788 44.5535
1731 7947 90.6046
1731 8160 63.7931
1732 2627 49.6596
1732 5505 80.6494
1733 6808 47.6394
1734 4331 43.2169
1734 6041 106.277
1735 1753 39.5329
1735 3434 22.1176
1735 4330 103.514
1736 4557 71.5546
1736 6516 65.1239
1737 2695 70.0435
1737 5160 55.878
1737 5426 60.4755
1737 7393 86.8455
1738 5310 67.1224
1738 5774 85.4161
1738 5808 68.5835
1738 6487 19.3939
1739 3438 22.6173
1739 5561 125.134
1739 5844 49.1734
1739 7929 136.814
1740 2654 38.0402
1740 8353 92.4972
1741 2953 64.3452
1741 6187 10.9796
1741 7735 92.4959
1742 2859 21.1004
1742 2891 44.7403
1742 6323 91.4242
1743 7218 30.3151
1744 5012 41.4681
1744 7915 116.05
1744 7980 36.3639
1745 2129 51.8888
1745 5379 96.8244
1746 3428 40.9785
1746 3667 24.0113
1746 5996 32.2695
1746 7201 12.4074
1747 4060 67.735
1747 5448 114.013
1747 5713 50.7999
1747 8016 45.6932
1748 5326 96.4977
1748 6267 54.3101
1748 6693 96.5129
1749 5882 52.9501
1749 7963 85.9956
1750 2488 81.1985
1750 2557 107.587
1750 6968 129.47
1751 5685 81.3046
1751 7936 55.6287
1752 6105 42.0575
1752 6654 41.9963
1753 3434 89.9712
1753 4400 47.6058
1753 7814 28.6082
1754 2968 93.7305
1754 3322 71.1956
1754 5628 44.7235
1755 1971 59.4994
1755 4093 91.0537
1755 5082 80.3125
1755 7314 36.8711
1756 4515 108.196
1756 7602 79.9032
1757 3748 81.8463
1757 7265 59.741
1757 8145 131.641
1758 3682 119.326
1758 4801 42.0315
1758 6963 71.8722
1758 8468 75.9673
1759 4438 74.3401
1759 5047 80.7239
1759 7176 36.9197
1760 1849 17.0157
1760 1986 58.218
1760 3637 19.3041
1760 4027 42.3123
1761 4067 32.2431
1761 4925 70.3829
1761 6413 65.3992
1762 2487 109.466
1762 3618 91.1427
1762 4773 44.1329
1762 6373 34.1457
1762 8485 19.0789
1763 2652 53.3952
1763 6567 40.1198
1763 7354 40.2205
1763 7830 69.5859
1764 1893 87.5063
1764 2243 69.4472
1764 7049 116.593
1765 5021 8.45227
1765 7078 111.322
1766 4580 37.6018
1766 4862 23.5657
1766 6225 25.9383
1766 6417 101.465
1767 4778 66.9431
1767 7997 106.297
1768 5677 35.1524
1768 8228 60.9842
1768 8278 86.8232
1768 8530 88.8945
1769 3725 109.94
1769 3955 39.0984
1769 6552 47.5962
1769 7628 54.0837
1770 3136 59.588
1770 4021 31.3317
1770 6473 12.1424
1770 7596 36.3085
1771 4731 27.4424
1771 5607 55.0787
1771 7730 83.1732
1772 2226 143.086
1772 5368 42.8146
1772 8396 85.4595
1773 4169 59.482
1773 8286 67.1449
1774 2101 16.9597
1774 3241 26.4011
1774 5197 72.9904
1774 6056 60.6695
1774 6633 70.5599
1775 1937 56.8928
1775 4371 109.394
1776 2970 76.9948
1776 5205 30.0764
1776 7411 67.9067
1777 2364 48.1822
1777 2976 25.0937
1777 5025 104.792
1777 6422 33.8714
1777 6604 61.3584
1778 6754 109.496
1778 8224 41.528
1778 8232 43.4611
1779 4163 77.9388
1779 5099 60.2021
1780 3537 37.8149
1780 3983 50.7126
1780 6789 67.2354
1781 2151 65.6086
1781 2363 32.8562
1781 6999 126.537
1782 4870 30.3038
1782 5923 93.374
1783 2614 109.857
1783 3274 23.6174
1783 4714 81.7462
1784 4429 45.4648
1784 4437 84.3231
1784 7210 67.8784
1785 3827 73.5623
1785 5035 40.0597
1785 7159 11.931
1785 7401 67.9896
1786 3131 67.1765
1786 7502 63.3584
1787 2035 126.882
1787 5126 62.4841
1787 5401 49.8137
1788 2709 41.8934
1788 6730 52.3836
1788 7052 46.555
1788 8400 91.3061
1789 2587 22.1735
1789 5038 24.4694
1789 6348 60.7135
1790 6108 23.8395
1790 6421 91.3346
1790 7704 113.456
1790 8227 85.6254
1791 4315 72.5757
1791 6416 63.4758
1791 6630 57.4176
1792 5106 67.8541
1792 5650 50.7044
1793 2138 87.953
1793 7293 80.6133
1794 2768 60.179
1794 3184 26.6107
1794 4932 50.5011
1794 7615 48.3369
1795 4784 107.831
1795 5155 85.788
1795 7754 70.9688
1795 7786 60.9119
1796 2017 65.2981
1796 3954 39.2218
1796 4226 63.4813
1797 2278 31.4787
1797 3353 24.6373
1797 4940 54.2723
1798 1818 27.5896
1798 4190 30.397
1798 6500 67.9375
1799 2658 48.1181
1799 5450 36.3697
1800 4868 88.7475
1801 2711 47.6076
1801 3598 79.6488
1801 7684 65.6842
1802 2415 174.908
1802 5620 110.18
1802 6509 128.379
1802 7436 65.9589
1803 2182 69.1309
1803 5086 65.7039
1804 3327 38.9956
1804 3795 38.6239
1805 4850 67.4947
1805 7656 47.3916
1805 8185 24.7372
1806 8330 70.2481
1807 1848 25.9136
1807 3655 102.924
1808 2272 79.5543
1808 2542 52.4897
1809 4504 52.7493
1809 6257 9.6332
1809 7519 39.0771
1809 7573 47.241
1810 5346 100.073
1810 7480 74.3365
1811 4794 71.2166
1811 5825 86.3744
1811 8088 162.418
1812 3053 87.3372
1812 3909 36.1081
1812 5800 32.1576
1813 2230 76.0893
1813 2754 39.2174
1813 4042 30.3528
1813 4145 52.9343
1813 6906 47.2166
1814 3022 80.1799
1814 4689 70.9821
1814 6082 43.7889
1815 6591 93.6278
1816 2333 119.792
1816 4424 40.7962
1816 7689 9.96813
1817 2948 50.4972
1817 3674 39.9701
1817 5302 46.2947
1817 5621 53.0916
1818 4190 27.1574
1818 6500 33.4913
1818 8401 48.3338
1819 2373 101.493
1819 3524 74.1818
1819 4159 102.218
1820 2263 26.7941
1820 3059 50.0322
1820 3817 39.3119
1820 7800 90.9647
1821 3135 40.3885
1821 6194 93.3499
1821 7493 72.6273
1822 3110 94.2569
1822 6067 91.0264
1822 6986 40.2081
1822 7046 80.9403
1823 2381 42.9478
1823 4113 101.607
1823 7236 50.3781
1824 2567 42.7496
1824 5582 50.4511
1824 5867 50.0697
1824 6238 49.5273
1825 3062 36.8172
1825 5813 59.3905
1825 7871 62.4348
1826 6179 45.0682
1826 7310 96.0799
1826 7662 28.2862
1827 8511 32.3184
1828 3999 34.6983
1828 8072 42.2906
1829 2249 67.8219
1829 6365 27.5346
1830 2076 57.8621
1830 3630 33.6592
1830 7243 26.6818
1831 6184 74.0482
1831 7178 61.4752
1831 7517 36.3504
1832 2581 52.8344
1832 4624 50.7129
1833 2092 92.3755
1833 6807 93.502
1834 6327 77.9303
1834 7253 65.0681
1835 2292 79.27
1835 4490 75.9881
1836 5849 42.897
1836 6028 89.1366
1837 2241 89.3634
1837 3520 76.5147
1838 6193 40.9894
1839 2688 44.1143
1839 7779 21.9063
1840 2660 78.3421
1840 2927 49.0884
1840 5525 64.3786
1840 7552 64.8758
1841 6049 43.8221
1841 6291 23.3356
1842 2992 67.2541
1842 7972 53.9417
1843 2210 68.6269
1843 2985 75.008
1844 4879 14.8597
1844 5087 72.3908
1844 8296 100.66
1845 4939 53.1642
1845 7994 20.6401
1846 3008 7.94915
1846 5672 57.9787
1846 7975 78.6864
1847 2532 84.7046
1847 4227 35.5866
1847 5975 33.5119
1847 6495 68.3874
1847 8243 37.0783
1848 3655 148.932
1849 3637 37.8945
1849 4027 60.4552
1849 4756 58.1781
1850 2997 19.7635
1850 3307 100.907
1851 4793 72.8267
1851 5845 49.6041
1852 2342 73.8143
1852 6273 40.8764
1852 6371 48.8373
1853 4990 70.4352
1853 5971 72.8167
1853 7990 98.6056
1854 6160 83.1999
1855 2362 38.9648
1855 3186 74.5033
1855 4948 84.9494
1856 2578 56.1679
1856 4817 126.894
1856 8120 34.8353
1857 4640 97.8378
1858 2602 21.0109
1858 2900 24.0176
1858 8341 76.8035
1859 2206 70.7592
1859 5959 16.4904
1860 6131 81.4467
1860 7136 60.8991
1860 8163 23.9704
1860 8210 42.1936
1861 4124 90.0708
1861 5068 46.7961
1862 6611 59.2606
1862 6993 88.3559
1862 8051 59.9002
1862 8111 95.73
1863 2188 81.3757
1863 5259 24.2693
1863 5327 76.4448
1863 5614 56.5457
1863 6173 71.8326
1864 6280 122.514
1864 8199 74.4965
1865 6059 118.773
1865 6903 99.3242
1865 8402 49.3265
1866 8474 82.0344
1866 8548 90.9973
1867 2273 51.1655
1867 3133 67.5308
1867 4526 20.3728
1867 6064 43.5993
1867 7202 128.11
1868 3932 57.8532
1868 5805 65.6539
1868 7513 92.4781
1869 2879 60.2643
1869 6486 46.0954
1869 6752 51.5133
1870 8443 20.8658
1870 8589 59.3251
1871 4501 91.9162
1871 7235 22.6496
1872 7028 24.792
1872 8298 69.9752
1873 3787 73.4335
1873 5165 72.7748
1873 6778 23.5157
1874 2500 71.4634
1874 2908 62.4145
1874 4366 36.144
1874 4800 20.146
1875 4289 95.3992
1875 4570 96.3022
1875 5945 91.3797
1876 3487 64.9068
1876 7546 69.2036
1876 8451 54.6846
1877 3980 45.801
1877 6163 54.8027
1877 6561 74.8339
1877 8086 85.789
1878 2883 67.0007
1878 3767 49.6681
1878 6140 52.9425
1878 6796 49.7756
1879 5288 65.014
1879 5725 59.648
1879 5912 39.2584
1880 2382 46.9451
1880 3690 13.2682
1880 4137 21.2414
1881 2161 47.8869
1881 5614 32.0994
1881 7228 48.2988
1882 4848 87.6589
1882 7557 116.834
1882 7766 89.9777
1883 2872 72.024
1883 3758 107.261
1883 5340 84.4772
1883 5640 41.414
1883 7825 83.6808
1884 2887 144.498
1884 2904 88.4629
1884 4460 79.6804
1885 2485 62.4731
1885 5253 48.3505
1886 5209 67.4005
1886 8240 31.7079
1887 2074 45.8906
1887 2827 47.3534
1887 2959 62.3259
1888 2394 56.4797
1888 4441 21.7957
1888 5253 73.0962
1888 7484 46.7514
1889 3334 55.0268
1889 3794 70.4406
1889 4179 70.8703
1890 2756 76.8575
1890 3405 71.6236
1890 3500 95.8485
1890 5820 63.3931
1890 8010 27.1499
1891 4820 79.0387
1891 7222 26.9371
1891 7889 84.2922
1891 8252 116.146
1892 4728 27.943
1892 6795 57.9577
1892 7177 52.3
1892 7791 30.7235
1893 1930 111.321
1893 4525 73.6344
1894 5356 11.8574
1894 5780 32.1561
1894 6156 40.4121
1894 8543 81.8856
1895 3832 36.9098
1895 4987 42.3743
1895 7316 35.4667
1895 8527 98.7591
1896 2888 95.3547
1896 4005 61.9243
1897 4230 35.5277
1897 4284 34.276
1897 4317 59.916
1897 7205 51.4263
1898 7074 62.1278
1899 3810 72.235
1899 5382 71.9597
1899 8246 119.483
1900 4792 13.0803
1900 5241 71.1164
1900 7364 76.3716
1901 4189 89.9355
1901 8257 81.9632
1901 8436 109.171
1902 3288 96.3642
1902 6272 72.7816
1903 4375 10.2787
1903 5085 51.1486
1903 8145 44.2576
1904 4538 6.21698
1904 6956 48.4897
1904 7656 33.4423
1904 8336 24.9108
1905 2173 51.5648
1905 8244 63.4157
1905 8291 34.2032
1906 2021 63.5852
1906 3977 28.8037
1906 8074 92.4778
1907 2954 90.3461
1907 4975 83.0361
1907 6001 66.2754
1907 8285 91.9479
1908 3299 13.8585
1909 4154 77.5988
1909 4890 123.296
1909 7268 47.7982
1910 4373 20.5196
1910 5297 23.0752
1910 5948 40.6985
1910 6573 63.5006
1911 4559 38.6531
1911 5100 17.313
1911 7994 53.8177
1912 2515 41.8196
1912 4535 45.3036
1912 4745 15.2152
1913 4926 31.8211
1914 4765 61.2738
1914 5966 60.692
1914 6974 49.2702
1914 8101 64.1861
1914 8489 64.9524
1915 5293 86.0921
1915 5574 60.166
1915 6478 67.772
1916 2227 51.1689
1916 4384 82.5199
1916 6024 86.4623
1916 6261 58.6667
1917 3000 71.9733
1917 5800 78.9185
1917 7247 72.6057
1918 6470 8.30022
1918 6775 173.36
1919 4542 42.4188
1920 4265 33.2034
1920 5235 49.1138
1920 8491 34.2844
1921 5063 62.3813
1921 6239 79.7067
1921 7391 53.572
1922 2066 21.2114
1922 3280 26.7518
1922 4574 42.6306
1922 7511 39.3456
1923 2181 130.872
1923 2196 98.4461
1923 7927 93.3313
1924 2536 49.1869
1924 4178 76.8898
1924 6006 66.4953
1924 6034 4.49325
1925 2007 37.4244
1925 5477 120.488
1925 5559 112.849
1925 6285 14.6686
1926 4324 122.696
1926 4597 52.9459
1926 8518 78.1971
1927 3519 37.8923
1927 3900 13.9706
1927 6957 56.4594
1928 4922 39.674
1928 5662 59.667
1928 5774 48.6121
1929 2530 93.464
1929 5472 36.754
1929 7467 38.4285
1930 3458 41.1549
1930 4525 55.7941
1931 3269 85.4173
1931 7327 12.3024
1931 7585 52.6439
1931 8155 42.3845
1932 1947 51.2528
1932 3010 79.753
1932 4061 53.2422
1932 7400 128.579
1932 8554 28.3055
1933 5144 24.4451
1933 7618 25.6025
1934 2966 48.9184
1934 3826 40.6789
1934 6197 80.0583
1935 2463 48.9495
1935 4774 68.6338
1935 5693 10.0973
1936 3931 18.2382
1936 8053 70.4421
1937 4371 42.7603
1938 1978 49.6324
1938 3176 11.1804
1938 6017 23.0691
1938 6872 25.6089
1938 7805 62.2498
1938 8276 84.9281
1939 2753 66.7046
1939 3301 68.1204
1939 7947 61.2625
1939 8421 52.3116
1940 3479 26.9198
1940 6476 40.0915
1940 8075 31.6566
1941 5692 29.6822
1942 2435 41.7612
1942 4158 22.713
1942 5387 54.0138
1942 7348 84.0513
1943 1974 33.5385
1943 5934 45.3496
1943 6139 99.4616
1943 8309 40.2783
1944 2761 82.8217
1944 4724 17.8438
1944 8282 58.0531
1945 2979 46.331
1945 4687 52.5976
1945 5520 31.878
1945 6324 107.449
1945 7978 46.5548
1946 2283 24.1096
1946 3565 60.926
1946 7362 40.5707
1947 5965 59.5267
1948 3773 70.8656
1948 6885 29.4234
1948 8220 40.801
1949 3841 45.9701
1949 6867 86.6246
1949 7478 59.701
1950 7556 92.2756
1951 2475 94.546
1951 2725 14.6198
1951 5644 91.2096
1952 3086 62.2292
1952 4398 57.3805
1952 5625 44.02
1952 6374 104.145
1953 6710 36.4077
1953 8283 25.817
1954 3918 102.705
1954 6328 79.5714
1955 2849 35.2123
1955 5537 47.4723
1955 6748 49.7044
1956 4510 15.1893
1956 7454 58.9575
1957 2867 53.8224
1957 3845 58.9493
1957 4483 61.773
1957 6118 31.0951
1957 8534 64.8711
1958 3568 8.86356
1958 3722 90.158
1958 8299 49.4315
1959 3215 38.6224
1959 5495 55.3285
1960 5263 71.1885
1960 7715 63.5051
1961 6568 64.6189
1962 2467 62.2501
1962 4685 72.5429
1962 5648 67.8044
1963 6688 63.1397
1963 7848 85.4344
1964 2467 60.8434
1964 5648 35.8764
1964 5825 120.937
1965 3023 34.9205
1965 4097 41.5356
1965 4250 41.6147
1965 6576 53.5496
1966 3141 72.1986
1966 3659 35.9508
1966 3749 63.2555
1967 3610 70.7309
1967 5441 26.3408
1967 7059 22.9222
1968 2110 79.6412
1968 2370 87.4682
1968 3502 37.9061
1968 7248 42.4256
1969 3941 40.277
1969 8062 81.5267
1970 2534 82.0972
1970 6660 25.723
1970 8450 67.7573
1971 5082 94.398
1972 3212 30.5761
1972 4070 73.0631
1972 6367 74.5825
1973 3688 109.167
1973 4056 12.6136
1973 6392 28.4347
1973 7757 40.5138
1974 5934 74.133
1975 2963 52.0475
1975 4770 16.8065
1975 5291 44.8684
1975 5747 12.7699
1976 3381 99.5781
1976 3816 54.5432
1976 5642 47.7008
1976 5713 65.8891
1976 6874 44.5376
1977 4561 100.312
1977 4798 79.131
1977 5206 9.36754
1977 7776 56.2292
1978 3176 53.0902
1978 5484 66.7197
1978 6736 63.7282
1978 6872 36.9194
1978 6891 102.052
1978 7805 44.2622
1978 8276 103.718
1979 3830 25.1951
1979 4994 65.7414
1979 6097 29.9845
1980 2269 100.994
1980 3097 91.5623
1980 6368 98.3392
1980 8590 124.766
1981 7540 31.4145
1981 8502 44.5207
1982 2444 59.8461
1982 2605 70.6066
1982 3189 81.7016
1982 4334 51.8004
1982 7273 74.8098
1983 3297 34.3413
1983 5574 40.8844
1983 6317 33.4859
1983 7423 44.3177
1983 8133 48.1964
1984 4866 75.4283
1984 5584 43.839
1984 7641 75.6406
1985 4270 55.6245
1985 8382 37.7618
1986 3637 60.4228
1986 4027 36.6791
1986 7027 99.7222
1986 7430 67.0135
1987 2530 68.1492
1987 5815 84.9641
1988 5319 84.7515
1989 2029 13.9093
1989 2084 49.8197
1989 6683 51.8265
1990 5027 35.0193
1990 5866 60.9402
1990 6339 90.0502
1990 8272 28.8411
1991 2866 104.564
1991 3745 80.889
1991 5017 56.016
1991 5995 64.9131
1991 7104 93.2433
1992 4446 63.4377
1992 4632 58.9689
1992 5656 98.3199
1992 8588 80.0665
1993 4511 48.4224
1993 4864 59.5594
1993 6388 29.1978
1993 8452 28.334
1994 3082 82.0366
1994 4626 10.2184
1995 2436 144.825
1995 2971 16.9381
1995 3823 110.927
1995 4657 64.2356
1995 8549 72.373
1996 2253 56.2361
1996 2617 44.5559
1996 6043 87.2293
1996 8565 36.532
1997 6372 33.9566
1997 8123 20.7064
1998 2854 67.0668
1998 2996 40.6768
1998 3094 36.8434
1998 3596 66.9988
1998 4295 23.0813
1999 3939 32.0269
1999 4308 88.869
1999 6750 84.2201
1999 7069 77.3486
2000 2915 55.26
2000 3026 58.6579
2000 4367 81.9686
2001 3081 61.7795
2001 5121 77.0528
2002 2005 10.3911
2002 3760 39.3404
2002 4338 46.0027
2002 6276 59.5246
2002 7755 72.2246
2003 2055 80.8723
2003 3174 110.403
2003 3516 50.9041
2003 8488 66.0545
2004 2386 77.1103
2004 7931 63.1357
2005 2047 59.751
2005 3760 48.3633
2005 4338 31.6053
2005 6276 83.4693
2005 7755 67.5158
2006 3066 59.9885
2006 3631 41.374
2006 4026 66.0993
2007 4819 146.817
2007 6285 57.4257
2008 3302 29.9155
2008 6311 64.6053
2008 7438 75.2276
2009 2495 50.3217
2009 5111 56.1465
2009 5943 73.8922
2010 3218 75.1467
2010 7992 51.8822
2010 8371 60.5956
2011 3523 30.8935
2011 4407 63.183
2011 7905 92.0226
2012 3830 42.9933
2012 5490 58.7906
2012 8200 70.8887
2013 4556 45.0686
2013 7086 64.2236
2013 8333 49.53
2014 4752 30.1658
2014 5200 59.6636
2014 8357 81.0348
2015 3514 23.7335
2015 4478 54.4381
2015 5897 40.1848
2016 4033 59.0662
2016 4508 55.5028
2017 2600 62.1793
2017 6420 58.2395
2017 7732 33.7321
2017 7902 48.3486
2018 4214 61.5006
2018 5548 41.9814
2019 5315 19.3081
2019 5741 70.879
2019 8236 28.5692
2020 3500 58.465
2020 5458 59.7594
2020 5913 60.1951
2021 4088 67.401
2021 6331 109.145
2021 7031 67.2704
2022 3102 3.07643
2022 7335 92.6208
2023 3783 56.5711
2023 4152 5.8477
2023 4906 89.9095
2023 6632 100.57
2023 7445 36.601
2024 2791 82.9354
2024 6856 36.88
2025 3042 91.9219
2025 3064 69.0278
2025 8222 67.7393
2026 5323 57.3275
2026 6386 87.1324
2026 7082 93.0044
2027 2083 138.113
2027 4320 119.484
2027 6041 46.8594
2028 4442 41.7822
2028 7131 69.5198
2028 7525 60.3012
2028 8056 42.7856
2028 8263 41.0079
2029 2084 23.6478
2029 6683 24.0241
2029 6813 54.8266
2030 3705 34.559
2030 3873 39.7277
2030 5365 61.0356
2031 3101 11.3967
2032 5296 63.829
2032 5657 117.511
2032 5701 51.0802
2032 7759 98.8118
2033 2867 55.5366
2033 6256 77.9423
2033 7458 34.7837
2033 7852 62.3364
2033 8534 67.3962
2034 3084 90.6462
2034 8429 112.442
2035 2324 84.4367
2035 3703 63.6562
2035 5401 58.1293
2035 6182 64.1696
2036 3882 38.4122
2036 6981 83.4108
2037 2426 21.1668
2037 2795 34.2612
2037 3127 32.1915
2037 7988 126.73
2038 3863 50.425
2039 8539 97.7391
2040 3082 75.4082
2040 5802 107.799
2041 3175 50.289
2041 6911 77.4808
2042 2161 38.5472
2042 3797 76.7914
2042 7228 62.8171
2043 6194 82.7519
2044 3968 61.4258
2044 5050 64.7264
2044 5509 48.7085
2045 3394 42.9831
2045 5239 130.912
2046 4292 39.5045
2046 5008 82.9927
2046 6984 85.8263
2047 2802 102.35
2047 3760 30.5949
2048 2516 88.2262
2048 6445 103.81
2048 8206 51.7237
2048 8435 35.2103
2048 8531 28.3764
2049 2423 79.209
2049 3769 33.0441
2049 5048 30.9353
2049 7887 49.9308
2050 2389 36.4579
2050 2858 102.106
2050 6675 44.2221
2050 7792 50.7307
2051 2114 6.96142
2051 7290 6.54044
2052 3920 30.6109
2052 7183 60.237
2053 4321 54.2242
2053 6505 40.2506
2054 4063 111.473
2054 4627 101.813
2054 6617 79.694
2055 3174 100.844
2055 8488 23.3063
2056 3960 90.9477
2056 5801 64.3842
2056 6845 94.8771
2057 3404 23.9518
2057 6019 43.2735
2057 7274 73.9897
2057 8448 29.4228
2058 5617 46.4289
2058 7475 87.8515
2058 7687 132.285
2059 2233 53.5128
2059 4480 50.7194
2059 6200 50.7877
2059 6685 72.4477
2060 4788 53.0722
2060 6915 96.379
2060 7591 52.3545
2061 2364 102.368
2061 3157 37.6107
2062 2417 114.964
2062 2695 49.0304
2062 7169 34.6405
2063 7292 32.4543
2063 7492 23.3982
2064 2656 88.9277
2064 6235 115.964
2064 6502 60.635
2065 2918 7.91976
2065 6790 35.3601
2066 3280 12.2159
2066 5185 81.6681
2067 5168 74.2562
2067 7502 29.7933
2067 8427 34.7648
2068 4920 31.8882
2068 8362 59.7948
2069 4083 94.5497
2069 4638 42.1796
2069 4640 146.611
2070 7877 39.6364
2070 8144 20.5929
2070 8222 100.51
2070 8459 38.6109
2071 5147 28.3923
2072 6435 57.4841
2072 6815 58.668
2072 7663 34.6303
2073 2947 59.6582
2073 5245 18.3871
2073 5538 58.8072
2074 7364 55.0758
2074 8349 39.2211
2075 3484 51.1459
2075 3491 38.2268
2075 6759 55.1417
2075 7764 39.19
2076 3630 22.0175
2076 7243 33.0246
2077 2903 49.4313
2077 6520 61.6224
2077 7455 67.6635
2077 8566 18.6058
2078 3792 81.2732
2078 4896 42.7028
2079 2157 28.8243
2079 6214 17.1393
2079 7032 70.6634
2079 7895 51.4955
2080 4682 45.4061
2080 5854 19.2025
2081 3412 63.2936
2081 3657 53.8477
2081 5492 146.598
2081 8037 84.5562
2082 3696 85.0908
2082 7204 61.2674
2082 7310 92.3671
2082 8300 32.1377
2083 4320 58.244
2083 6041 90.9888
2084 6683 7.43421
2085 3639 28.7395
2085 4007 64.2232
2085 6217 50.5846
2086 2714 65.0063
2086 5828 70.5249
2086 8486 89.5953
2087 6091 44.5223
2087 6309 65.4782
2087 6939 79.1873
2088 2265 80.6313
2088 5610 3.10344
2088 6072 29.9001
2088 6914 29.8409
2089 2402 16.7612
2089 5899 60.7557
2089 7155 21.2705
2089 8437 38.6543
2090 6751 55.0633
2090 7873 41.2656
2090 8589 44.3063
2091 2389 30.6907
2091 5639 43.7869
2091 5910 16.4269
2091 7792 44.4584
2093 2975 88.7214
2093 2989 74.007
2093 7446 76.9447
2093 8157 36.0175
2094 3597 41.53
2094 3743 119.885
2094 5328 102.553
2095 4687 41.79
2095 5540 45.6961
2095 6665 58.2621
2096 4901 83.1465
2096 4923 98.0111
2096 5822 34.5082
2097 2820 57.0582
2097 4675 47.6838
2098 6551 1.74775
2098 8266 60.2759
2099 2128 77.6639
2099 3116 48.5124
2099 5181 38.5957
2099 5246 45.9283
2099 5398 94.0191
2099 6263 55.8496
2100 6693 49.9509
2100 7461 77.5247
2100 7822 60.7972
2100 8039 28.8713
2101 3241 45.6991
2101 6056 78.0208
2101 6633 97.4121
2102 2772 71.3207
2102 7847 112.256
2102 8507 71.4022
2103 2622 65.4405
2103 3107 98.5049
2103 4568 44.499
2103 6679 135.203
2103 8438 95.7193
2104 5200 84.1282
2104 5484 31.6765
2104 6891 36.0964
2105 3015 24.2486
2105 4919 29.5586
2105 5522 53.9637
2105 7653 72.9159
2106 2642 90.2976
2106 3377 64.8198
2106 4264 81.4222
2107 2337 67.8349
2107 5040 85.1978
2108 7361 43.3196
2108 8397 22.5704
2109 2428 81.2395
2109 2441 62.0999
2109 8477 49.0183
2110 7248 60.4236
2110 7939 44.2811
2111 5607 50.6761
2111 6574 8.46747
2112 2146 27.7469
2112 4567 69.3257
2112 4575 93.6444
2112 6959 69.267
2113 2136 62.424
2113 5645 43.4972
2113 6316 47.3726
2114 7290 6.74106
2115 4956 51.0241
2116 2541 24.5086
2116 7519 64.247
2116 7573 66.652
2117 3190 35.0119
2117 3535 32.6002
2117 5248 59.1692
2117 7343 69.5983
2117 8238 35.8549
2118 4809 44.3706
2118 5324 35.9788
2118 6668 24.3763
2119 4238 25.9256
2119 5240 51.6338
2120 2822 35.1384
2120 3975 124.151
2120 4278 67.2933
2120 4746 42.103
2120 5807 77.4975
2121 5801 109.923
2121 8363 19.2481
2122 2451 36.159
2122 3757 24.7783
2122 5454 46.7339
2123 3018 72.5045
2123 7245 95.7953
2124 3304 22.6909
2124 7690 34.2367
2124 7780 101.746
2125 3677 128.72
2125 4552 51.2349
2125 8415 60.4659
2126 2599 87.2145
2126 6081 38.7366
2126 7882 42.4004
2126 8029 49.2517
2126 8208 64.3368
2127 3231 26.7713
2127 5852 48.2602
2128 5246 43.0295
2128 5398 68.66
2128 7245 82.1988
2129 7119 71.7582
2130 2576 38.9644
2130 6208 44.3139
2130 7688 80.0082
2130 8107 67.4426
2131 3897 67.661
2131 5104 43.297
2131 7683 14.3733
2132 3221 62.8689
2132 5483 77.7007
2132 5708 16.1386
2133 4902 40.8703
2133 5067 156.091
2134 7077 43.8265
2134 7881 46.6917
2135 5907 33.861
2135 6724 36.3477
2135 7748 35.7415
2135 8512 14.4184
2136 3379 56.7142
2136 3677 47.1988
2136 4552 95.7975
2136 5645 79.5185
2137 5107 54.3802
2138 3600 57.6522
2138 4435 110.319
2138 6136 97.0212
2138 7293 33.1986
2139 2824 75.6734
2139 7137 32.6084
2139 8331 29.7976
2140 4031 29.9492
2140 4086 13.7557
2140 4891 38.4058
2140 5465 36.2872
2140 8218 30.201
2141 2559 63.0562
2141 3278 79.6437
2141 5911 53.3069
2141 6158 58.0759
2142 4982 23.169
2142 5084 37.5676
2142 6112 106.37
2143 4062 28.1309
2143 7582 56.1313
2143 7713 93.7863
2144 2257 62.7113
2144 3326 39.8588
2144 5178 26.1561
2145 2340 79.018
2145 3851 74.276
2145 8217 127.194
2146 2311 26.233
2146 4567 41.2703
2147 5718 56.7822
2147 7121 123.716
2147 7419 64.8466
2148 4704 116.589
2148 5758 99.1758
2149 3260 20.188
2149 3607 91.3022
2149 3975 115.426
2149 7140 77.1557
2150 6441 8.87937
2150 6571 56.5493
2150 6889 17.0018
2150 6960 72.0662
2151 2363 66.846
2151 5770 108.783
2151 6428 15.5753
2151 7167 56.2946
2152 2938 48.6565
2152 6642 22.7993
2153 5419 59.087
2153 7330 12.053
2153 7464 41.6918
2153 8352 117.572
2154 5233 36.6427
2154 5476 65.188
2154 6245 78.6516
2155 3087 31.4552
2155 3286 35.8511
2155 3403 29.4807
2155 5634 97.7572
2155 7403 82.9188
2156 2539 107.155
2156 5251 33.7443
2157 5481 53.8834
2157 6214 27.7837
2157 7032 60.8473
2157 7471 65.457
2158 6071 38.5576
2158 6469 61.5533
2158 7301 93.014
2159 4555 33.5584
2159 5885 44.262
2159 5887 48.659
2159 8519 46.1854
2160 4293 12.8116
2160 8522 51.3254
2161 3645 77.5778
2161 7228 28.113
2162 3782 61.4402
2162 7533 32.4899
2163 2949 26.7537
2163 6012 3.97339
2163 7775 43.059
2164 2503 76.28
2164 3936 37.6478
2164 5676 6.46033
2164 6232 21.8864
2164 7857 85.769
2165 7153 35.7038
2165 7269 54.8772
2165 7342 64.827
2166 4126 38.8327
2166 7481 74.0616
2166 8096 76.5991
2167 2321 99.0979
2167 3549 137.511
2167 7839 88.3345
2168 6019 57.8678
2169 3649 123.873
2169 5070 41.3086
2169 5633 108.337
2170 3987 60.6696
2170 5283 16.3705
2171 4055 55.7752
2172 3321 22.1931
2173 7271 57.1001
2173 8244 61.548
2173 8291 25.0142
2174 3937 12.8214
2174 7597 95.036
2175 3554 63.7209
2175 5316 102.322
2176 2816 74.0849
2176 3061 48.5154
2176 8006 32.2616
2177 3634 76.7708
2177 5477 54.6252
2178 3668 86.7213
2178 7862 52.9757
2179 6237 67.5706
2180 2191 79.7713
2180 2445 37.2286
2180 3974 47.5313
2180 5190 87.7266
2180 5224 43.4511
2181 2196 17.2346
2181 3168 37.2478
2183 3073 68.9413
2183 3539 41.2284
2183 4575 74.0877
2183 7837 40.4693
2184 3037 21.5882
2184 4705 44.8738
2184 5845 85.8662
2184 7659 34.2813
2184 8528 63.1147
2185 2251 37.5181
2185 7356 45.1461
2185 8323 18.0213
2186 3490 102.087
2186 3744 71.0356
2187 4236 85.7669
2188 3540 69.958
2188 5259 61.4347
2189 2810 120.637
2189 3933 37.0843
2189 5260 21.923
2189 5703 67.2714
2190 3559 41.4349
2190 4305 101.765
2191 2445 11.0463
2191 4187 34.4796
2192 3145 19.037
2192 4362 46.3788
2192 5380 46.577
2192 6929 73.0264
2193 4156 111.254
2193 4288 22.4445
2193 5556 17.3293
2193 8079 45.3003
2194 7888 66.1396
2195 2940 53.032
2195 4900 51.6636
2195 8198 2.55281
2195 8351 48.3223
2196 3168 34.5428
2197 2831 66.8283
2197 3119 51.6458
2197 5790 38.7922
2197 6899 91.2366
2198 2261 16.7275
2198 3227 92.6362
2198 4899 79.7777
2199 2703 31.2043
2199 6292 49.4517
2199 6896 53.4977
2199 6904 36.7772
2200 3504 89.9617
2200 4867 97.2848
2200 5003 26.6478
2200 6210 25.3667
2201 5785 73.0249
2201 5920 96.1063
2201 8369 52.7209
2202 6274 73.7842
2203 5717 43.8408
2203 6757 60.4007
2203 6793 67.1291
2203 7270 51.7078
2204 5196 4.72978
2204 6189 53.8324
2204 6484 37.2819
2204 7731 38.6992
2204 8386 21.2788
2205 2489 42.11
2205 3030 58.5022
2205 6352 30.0818
2205 7749 78.7938
2206 3110 75.606
2206 5500 84.2291
2206 5959 50.5115
2206 7765 33.3228
2207 3670 12.8326
2207 4335 55.4251
2207 6330 113.437
2207 8308 50.3302
2209 3029 123.056
2209 7373 63.8
2209 8350 37.7087
2210 2985 47.6017
2210 4253 59.4019
2210 4873 52.0942
2211 5725 74.1002
2211 5912 151.177
2211 6859 88.653
2212 3003 73.6766
2212 4658 59.9857
2212 7397 7.53682
2213 5158 43.9035
2213 6560 35.3723
2213 6658 26.3587
2214 2871 53.811
2214 3013 4.9191
2214 4641 29.66
2214 6557 32.2694
2214 8192 18.9752
2215 3942 59.9418
2215 6835 75.94
2215 7384 55.212
2216 4448 81.5468
2216 5424 70.6003
2217 2266 40.6736
2217 4961 69.9945
2217 5603 30.4823
2218 4414 34.1681
2218 5631 79.9615
2218 7574 89.7835
2219 3335 44.2442
2219 5663 46.0001
2219 7829 39.1268
2220 6188 39.8687
2220 6320 34.2037
2221 5008 53.1832
2221 5566 65.592
2221 6984 42.2038
2222 2569 67.6908
2223 4096 40.1378
2223 4646 64.5245
2223 7106 27.7474
2223 7549 50.862
2224 3811 104.988
2224 4802 103.807
2224 4999 40.3989
2225 3498 30.0941
2225 4359 33.4759
2225 7519 57.1712
2226 2994 118.719
2226 4185 137.242
2227 6024 12.427
2227 7182 76.4058
2228 2484 46.6165
2228 3877 104.246
2228 5894 47.1865
2228 6783 43.8064
2228 7761 19.9891
2229 6678 56.1227
2229 7951 24.5824
2230 2754 61.4882
2230 3080 31.3421
2230 7154 51.0977
2231 2875 41.9929
2231 4078 53.8206
2231 5083 13.2524
2232 2476 19.956
2232 4898 61.8888
2232 8151 23.231
2233 2235 96.8946
2233 4480 64.345
2234 3481 62.9773
2234 5842 65.4805
2234 6424 80.5576
2234 6816 44.3324
2234 8065 151.993
2235 7730 20.5904
2236 3799 27.2286
2236 4196 58.5911
2236 5464 77.3467
2237 4087 43.5465
2238 6559 107.073
2239 7432 71.7117
2239 7975 70.7383
2240 2480 63.9908
2240 5560 43.7842
2240 6090 83.4605
2241 8050 120.449
2242 6724 80.0347
2242 7212 35.6229
2242 8273 74.1258
2243 8033 38.5562
2243 8552 109.504
2244 5163 100.973
2244 6538 68.6912
2244 6613 56.9765
2244 6992 92.4597
2244 8093 80.6008
2245 2478 45.7062
2245 2829 87.9545
2245 5592 48.9894
2245 7490 68.7351
2245 8505 120.415
2246 4373 128.505
2246 4448 128.063
2246 6573 60.95
2247 4986 36.0294
2247 6524 51.8056
2248 2685 42.1785
2248 4384 76.6975
2248 8428 27.9257
2249 5797 62.3152
2249 6365 34.3291
2249 8003 99.7022
2250 2379 24.4228
2250 4808 75.6608
2250 5678 59.3357
2251 2520 53.3398
2251 6015 82.8903
2251 7982 41.7545
2251 8323 15.2763
2252 3268 59.0068
2252 7315 72.4115
2253 7758 95.8295
2254 2807 58.8937
2254 5595 13.9755
2254 6286 43.9871
2254 6607 65.927
2254 7259 104.759
2255 3797 106.878
2255 5259 167.56
2256 5829 25.9508
2256 7710 23.4645
2256 8490 86.2847
2257 5178 37.225
2257 5611 77.6274
2258 2433 51.6463
2258 8065 74.8424
2259 3099 105.596
2259 3879 35.2891
2260 4484 110.763
2260 6485 93.9523
2260 7090 79.9808
2261 3227 101.477
2261 4899 65.4815
2262 2962 96.246
2262 5957 29.3099
2263 3059 43.5941
2263 3817 35.8622
2264 3148 70.9647
2264 5182 65.6196
2264 8224 87.6013
2264 8484 86.7626
2265 5610 58.8014
2265 6925 40.5994
2265 7448 61.5815
2266 4771 63.1353
2266 4961 58.584
2266 5603 45.9654
2267 4884 75.682
2267 7317 39.4505
2267 8344 125.898
2268 3146 95.8609
2268 6464 50.9069
2269 3088 77.2798
2269 3097 37.8124
2269 3571 56.3552
2269 5536 56.1199
2269 6368 53.5851
2270 2315 107.194
2270 7334 28.2989
2271 4127 40.6689
2271 4809 85.5934
2271 7115 63.5248
2272 3414 125.549
2272 6414 41.1522
2273 3133 33.7725
2273 6064 29.0235
2273 6168 71.8061
2274 2723 73.9378
2274 3279 10.2369
2274 4128 50.085
2274 8073 37.5661
2275 3752 56.4748
2275 4977 69.2826
2275 7118 48.6471
2275 7735 47.889
2276 2752 87.4116
2276 3794 98.7981
2277 4210 56.6916
2277 7012 45.3003
2277 7352 54.8977
2278 3353 35.4975
2278 4940 69.9717
2278 6860 106.478
2279 2367 19.2118
2279 3373 42.6614
2279 6270 51.1686
2279 6540 62.8726
2279 7496 44.2764
2280 3665 62.1879
2280 4380 53.3094
2280 8334 102.651
2281 3202 39.0377
2281 4590 74.5549
2281 8004 28.8155
2281 8364 37.2521
2282 4674 65.6778
2282 6351 32.9398
2282 7660 15.1996
2283 3565 53.7584
2283 7362 18.5819
2284 7495 47.8554
2285 3120 24.8538
2285 8425 64.7557
2286 4281 48.5482
2286 7264 57.8623
2286 7336 78.8914
2287 4598 43.7384
2287 5007 34.5237
2287 6076 48.1087
2288 3852 56.9691
2288 7984 86.4828
2289 3663 77.1614
2289 6970 56.1157
2289 7742 57.054
2290 2902 62.3031
2290 4116 95.5319
2290 4637 61.7794
2291 3623 79.197
2291 3761 18.1732
2291 4621 82.7059
2291 5127 29.084
2291 5384 34.2263
2292 3853 142.178
2292 5002 60.2417
2293 3172 59.8106
2293 8411 41.5962
2294 3148 65.5231
2294 3836 41.2167
2294 4240 44.4367
2294 5182 72.0824
2295 2346 66.956
2295 3196 33.0396
2295 7652 58.4533
2296 3829 80.7894
2296 6880 45.5823
2296 8276 116.876
2297 7734 46.8575
2297 8403 45.5838
2298 8196 58.0226
2298 8409 44.0453
2299 3695 56.2266
2299 5239 52.6073
2299 5453 39.7545
2299 7650 124.146
2300 5522 67.0078
2300 8116 26.2668
2301 3211 36.8839
2301 6489 86.5777
2301 7768 66.2734
2302 2531 39.1737
2302 3563 51.7811
2303 4671 61.8948
2303 5714 78.4969
2303 6581 89.5144
2304 5285 81.2268
2304 5469 77.8105
2304 5547 74.3596
2305 2343 51.2006
2305 5999 85.9593
2305 7979 94.2407
2306 5512 62.7895
2306 5596 42.5156
2306 6519 81.5233
2306 7890 93.2129
2307 4243 93.1779
2307 5619 103.838
2307 6074 53.3463
2308 4536 42.9031
2308 4673 40.3978
2308 4750 13.4364
2308 8366 55.3982
2309 4044 67.452
2309 6440 20.2312
2309 7129 31.3634
2310 3801 58.8015
2310 3814 85.1984
2310 3815 26.3585
2310 6152 66.2484
2310 7133 98.8591
2310 7360 37.5523
2311 4325 54.7845
2311 8221 86.2268
2312 2792 72.8411
2312 8436 72.9783
2313 4074 34.5931
2313 4669 52.5013
2313 7475 99.4305
2314 5374 111.802
2314 6608 43.5336
2315 3171 29.8273
2315 3396 81.3761
2315 3855 85.9224
2315 5322 25.5796
2315 6622 76.1675
2315 7334 74.3172
2316 4197 83.9797
2316 4243 52.0532
2316 4958 40.0301
2316 6120 84.5693
2317 3065 21.83
2317 3563 57.5513
2317 5346 21.2275
2317 6714 36.5096
2317 7480 75.9967
2318 5637 92.9429
2318 5891 50.2999
2318 8317 103.637
2319 5937 62.5122
2319 6403 39.7114
2319 6925 82.6722
2320 3332 40.6708
2320 5153 82.8761
2321 2738 48.4409
2321 3264 56.6513
2321 3785 38.8788
2322 4461 22.3868
2322 5137 57.6772
2323 5846 27.4328
2323 6537 106.837
2323 6818 53.865
2324 3703 99.7939
2324 7490 59.4611
2325 3654 56.0728
2325 6336 92.8602
2325 7623 32.143
2326 3096 100.298
2326 3820 70.2656
2326 5342 100.931
2327 4171 73.7656
2327 7711 129.029
2327 7996 53.8751
2328 3387 54.2806
2328 4528 62.1058
2328 6147 15.3149
2328 7611 40.4613
2328 7705 84.1475
2329 2809 67.788
2329 5945 70.1442
2329 6337 64.7565
2329 7320 97.0199
2330 2518 25.2457
2330 3875 31.7955
2330 4017 80.1437
2331 4348 76.5138
2331 7441 59.8185
2332 3919 39.5591
2332 6318 24.1021
2332 6459 75.5281
2332 6512 31.7463
2332 6582 22.6796
2332 7638 69.6999
2333 4424 68.1891
2334 7262 90.5099
2334 7922 52.5939
2335 3996 52.2769
2335 7416 42.3674
2336 4762 29.5458
2336 5444 78.7166
2337 2717 108.024
2338 6430 21.1144
2339 2995 65.9247
2339 4725 29.0253
2339 4937 60.9605
2339 6772 37.699
2340 5749 81.3914
2340 6374 34.1645
2341 3376 23.3515
2341 4805 65.0113
2341 7868 84.8639
2342 2705 51.0209
2342 6167 26.5132
2342 6231 62.8262
2342 6273 104.841
2342 6371 55.3449
2343 3820 88.7065
2343 4307 101.636
2343 5999 88.5126
2344 3764 29.1568
2344 5393 68.4212
2344 5400 73.9264
2344 6427 36.9154
2345 2743 104.522
2345 6126 28.7676
2345 7763 84.4533
2345 8391 61.1242
2346 7652 66.7326
2346 7693 69.2614
2347 2509 70.3835
2347 4136 63.189
2348 2513 83.1463
2348 5094 44.552
2349 5316 65.2464
2349 5347 47.7702
2349 6673 97.5341
2350 4213 39.8068
2350 6619 46.1453
2350 7598 58.1079
2350 8304 17.8231
2351 2643 25.3164
2351 4993 87.5231
2351 6454 79.0531
2352 3103 33.5052
2353 2710 23.2346
2353 4786 52.9622
2354 3103 68.4801
2355 2690 96.1727
2355 3444 30.0224
2355 5693 59.7807
2355 6525 62.5503
2356 3374 62.7856
2356 6226 32.9008
2357 4425 45.6474
2357 6180 101.854
2357 6603 17.3581
2358 4449 86.9274
2358 5562 9.3422
2358 8139 70.4646
2359 2730 15.9187
2359 3963 29.5987
2360 2783 53.9622
2360 4064 27.9491
2360 8305 56.8323
2361 2585 114.451
2361 5352 85.9126
2361 7977 73.7114
2362 4948 57.3829
2362 7690 81.4496
2363 6067 79.5178
2363 6428 53.8057
2363 7167 47.0646
2364 2976 28.7458
2364 6422 29.6302
2364 8392 39.6557
2365 3000 99.4122
2365 4156 58.9319
2366 3617 27.0422
2366 6709 45.369
2367 3373 21.4764
2367 6540 42.0896
2367 7496 101.775
2369 4032 74.7388
2369 4670 28.8564
2369 8268 75.5655
2370 3502 71.1784
2370 6830 109.786
2370 7939 61.8834
2371 2525 106.117
2371 7749 43.2803
2372 5162 69.6626
2372 7498 49.8227
2373 3459 57.7396
2373 4159 83.2656
2373 5871 74.6016
2373 7777 29.9255
2374 3132 32.1229
2374 4723 19.669
2375 5130 86.8055
2375 5534 70.7153
2376 4135 51.2761
2376 5069 59.3406
2376 5753 64.2416
2376 8190 57.1429
2377 2501 51.7042
2377 6101 62.3136
2377 6733 35.6128
2377 7897 59.8826
2378 4014 111.306
2378 4484 95.8128
2378 7266 35.013
2378 8055 58.5124
2379 4329 82.2803
2379 4808 66.5255
2379 5678 48.223
2380 3704 75.8261
2380 4303 111.071
2380 4959 103.701
2380 7066 81.7826
2381 4113 83.4142
2381 7236 83.596
2382 4456 38.6926
2382 5298 46.1415
2382 8346 65.9376
2383 4068 50.6434
2383 4242 16.9831
2383 6842 17.3872
2384 3562 42.3797
2384 7134 27.2713
2384 8209 95.3795
2385 2882 83.4984
2387 7073 11.9118
2387 8565 76.3763
2388 3920 77.5573
2388 6113 95.0048
2388 8089 62.1525
2389 6000 51.1943
2389 7792 12.8279
2390 3547 58.6886
2390 5517 64.1699
2391 5946 77.262
2391 6219 15.0418
2391 7569 60.9917
2392 4115 116.553
2392 7050 60.7394
2392 8191 48.4209
2393 6014 30.2065
2394 4441 36.0105
2394 5802 13.963
2394 6176 33.4786
2395 6466 60.5693
2395 6585 67.3205
2395 6722 82.5279
2395 7912 34.8065
2396 2746 90.6912
2396 2825 78.5575
2396 7207 79.5331
2397 4596 62.2819
2397 5188 38.9433
2397 8090 48.8102
2398 3267 48.9053
2398 5658 41.677
2398 5668 68.8554
2399 3638 44.8004
2399 7261 9.31218
2400 2477 74.3925
2400 3080 71.4001
2400 4030 33.381
2400 4042 36.4924
2400 4145 95.3584
2401 4578 58.5064
2401 5998 64.2271
2401 7974 21.3433
2402 5899 24.4471
2402 7155 28.8576
2402 8437 12.3316
2402 6985 67.8082
2403 2988 43.3017
2404 6025 91.6024
2404 6256 110.158
2405 4458 89.6235
2405 7190 108.765
2406 4303 97.7208
2406 5803 48.1591
2406 7856 34.6152
2407 2437 19.8724
2407 3063 40.2217
2407 3124 76.2877
2408 3965 28.7749
2408 5529 75.2185
2408 7229 64.7353
2409 4747 43.2408
2409 5154 171.783
2409 6099 91.7641
2409 7004 50.9279
2409 8102 75.1055
2410 4272 118.993
2410 7198 61.1846
2410 7506 137.731
2410 7944 24.0616
2411 4583 129.595
2411 7769 86.3017
2412 3798 109.326
2413 6466 23.0353
2413 6542 43.7367
2413 6564 59.8303
2414 3533 63.9336
2414 5064 32.0681
2415 5326 113.089
2415 7436 158.976
2416 7762 20.9532
2416 8294 53.7164
2417 4697 36.4237
2417 7169 81.8435
2418 2446 25.4114
2418 5674 78.8432
2419 2762 22.2828
2419 4723 76.5636
2419 6128 86.1623
2420 3045 23.8135
2420 3052 96.7368
2420 5128 52.5658
2421 7584 105.419
2422 3397 23.9436
2422 7760 17.7548
2422 7909 38.4307
2422 8420 58.7903
2422 8506 19.4754
2423 3922 85.963
2423 6183 94.8899
2423 7025 108.374
2424 4761 100.843
2424 7598 64.0704
2424 8184 74.5377
2424 8312 82.3448
2425 4013 36.49
2425 7204 94.4572
2426 2795 19.1938
2426 3127 15.4166
2426 5030 51.8313
2426 7699 40.1894
2427 4245 17.556
2427 4585 74.1998
2427 5475 47.0686
2428 2441 115.871
2428 3205 44.4085
2428 4660 5.59505
2429 2608 23.2108
2429 2919 16.1345
2429 7339 24.2539
2430 3866 36.013
2430 4586 45.548
2430 6695 30.6398
2430 7006 56.2706
2431 4740 38.9112
2431 6569 96.0402
2431 7816 44.4567
2432 3432 60.8762
2432 4924 28.7873
2432 6006 84.8282
2432 7532 59.4408
2433 5690 54.9138
2433 6811 77.0439
2434 5408 96.7801
2435 4158 54.8544
2435 5387 6.92058
2435 7348 52.0915
2436 2971 146.298
2436 3823 14.6978
2437 3063 49.2503
2437 3124 82.9175
2438 3560 45.6583
2438 3738 45.6158
2438 4871 20.4036
2439 5421 65.5655
2439 6457 13.8892
2439 6769 21.9794
2440 5025 66.6148
2440 6960 65.5018
2440 6985 51.0957
2440 7498 78.8852
2441 4660 87.8689
2442 4650 14.0622
2442 7772 83.9823
2442 7834 74.7262
2443 2506 111.952
2443 4806 27.6665
2443 6988 13.7879
2443 7610 49.75
2443 7948 16.4986
2444 2605 24.4938
2444 4334 75.0947
2445 4187 25.1599
2445 6191 47.8088
2446 5674 32.0679
2447 4221 46.2692
2447 6362 20.3226
2447 6859 168.087
2447 7389 57.1363
2447 7619 103.212
2448 6028 84.1115
2448 6343 11.0692
2448 6438 26.6282
2449 3455 91.5261
2449 3708 63.7593
2449 8394 63.4181
2450 4685 65.759
2450 6033 73.138
2450 7552 33.9832
2451 2717 129.549
2451 3757 42.671
2451 5095 40.4467
2451 5454 8.24654
2452 5787 14.6649
2452 6916 108.501
2452 7773 40.3974
2453 3027 13.0726
2453 4357 38.7664
2453 8581 68.6503
2454 5069 94.0925
2454 5938 80.4008
2454 5991 35.1393
2455 2946 30.4066
2455 3360 40.1323
2455 4071 57.7094
2456 4962 57.2122
2456 6141 129.436
2456 6892 28.0537
2457 3796 41.7258
2457 4657 39.7733
2457 6986 78.793
2457 7952 4.6617
2458 3881 58.9009
2458 7186 13.6438
2458 7292 37.8962
2459 4258 62.1613
2459 6572 25.5718
2459 7548 37.0366
2460 3447 52.8821
2460 6420 109.298
2461 3480 6.15495
2461 6080 34.6548
2461 7813 49.1557
2462 2526 28.424
2462 2931 71.4874
2463 4774 49.2719
2463 5693 70.6006
2463 8298 43.4314
2464 7341 111.243
2464 8014 100.031
2465 5382 119.612
2465 7525 38.3938
2465 8263 16.4272
2466 3675 72.9821
2466 4854 66.9925
2466 5571 31.7157
2466 8193 54.7284
2467 5648 12.6238
2468 4006 34.6648
2468 8557 4.46522
2469 2896 83.6407
2469 3528 96.6127
2469 5149 61.0791
2470 2842 43.3961
2470 6737 66.2278
2470 8042 67.315
2470 8199 54.1492
2471 5619 66.6439
2471 6074 69.687
2471 6148 111.326
2472 5077 131.093
2472 8231 74.3734
2473 4667 70.6816
2473 4928 65.363
2473 5023 50.315
2473 7901 62.0808
2474 3623 25.806
2474 4148 49.4046
2474 5384 83.5854
2475 2725 67.1099
2475 3979 83.677
2475 6959 38.0736
2476 4642 58.525
2476 8151 30.4245
2477 4030 64.3448
2477 4042 113.167
2478 5592 61.1958
2478 7490 97.8195
2479 2834 45.1626
2479 3057 73.0288
2479 5096 137.184
2479 6626 77.3337
2479 8560 99.5871
2480 5560 94.9304
2480 6090 57.9473
2481 5866 70.1996
2481 8562 71.3651
2482 4854 44.7117
2482 5490 98.4896
2482 5571 49.0756
2482 6718 13.5281
2483 4096 65.1576
2483 4584 51.0323
2483 7062 63.7029
2483 7560 77.786
2484 5133 96.253
2484 5894 43.2
2484 7761 46.7826
2485 2748 87.0075
2485 5253 55.5364
2486 2898 78.1622
2486 3723 58.286
2487 3618 46.9043
2487 4058 53.3529
2488 2557 67.0134
2488 2878 54.9665
2489 2525 46.2881
2489 3030 68.8773
2489 3401 40.5804
2490 2641 96.9666
2490 4680 114.027
2490 5847 124.495
2491 6907 44.3861
2491 7642 14.9584
2492 3817 93.8798
2492 5688 61.528
2493 4293 155.913
2493 6467 113.992
2494 5090 31.7925
2494 5869 81.3072
2494 6306 58.8822
2495 5111 84.1719
2495 5943 50.066
2496 5037 83.4825
2496 5236 52.4191
2496 5786 44.126
2496 8389 93.8535
2497 6303 28.1877
2497 6710 23.3196
2497 8177 62.5053
2497 8283 33.3343
2498 6813 51.699
2498 7367 67.0515
2499 4540 32.5036
2499 6356 46.9854
2499 6709 81.8678
2500 4316 93.9057
2500 4800 75.4641
2501 4300 55.9255
2501 6733 23.8239
2501 7897 54.304
2502 2535 15.1168
2502 2818 75.388
2502 5098 80.6752
2503 3741 71.5524
2503 6232 63.8009
2503 6719 147.789
2504 5415 109.696
2504 7721 51.9507
2505 2803 90.1307
2505 3927 41.7121
2505 6505 66.367
2505 6726 96.2827
2506 6988 109.488
2506 7948 59.235
2507 3461 70.3094
2507 6141 59.2069
2507 8046 97.3808
2508 5291 87.351
2508 5396 78.3063
2508 7869 14.3391
2509 4136 21.1946
2509 6146 31.4458
2509 8214 38.1051
2510 4471 33.2529
2510 4905 71.0866
2510 7050 67.5421
2511 3700 24.1792
2512 3230 43.5541
2512 3440 49.7918
2513 5094 64.2098
2514 4170 31.2825
2514 5963 41.5908
2514 8248 78.0629
2515 4535 15.0875
2515 4745 75.8797
2515 6587 83.2424
2515 7287 86.9462
2516 6445 50.2154
2516 8206 61.4381
2517 3169 94.8846
2517 3295 52.2031
2517 4915 65.8023
2517 7724 85.3742
2518 3527 67.212
2518 3578 87.213
2518 3875 30.7888
2518 4017 84.2697
2519 7075 21.4405
2519 7701 69.655
2519 8113 38.6912
2520 7982 32.6727
2520 8323 58.5207
2521 2851 52.9513
2521 7037 102.152
2521 7038 58.9975
2521 7542 20.5587
2522 7281 81.7525
2522 7827 59.1264
2523 2823 63.9254
2523 2876 28.0109
2523 3156 69.5023
2523 8186 48.1576
2523 8494 92.0571
2524 5230 73.0937
2524 6184 27.2999
2524 7357 103.474
2525 3401 24.9993
2526 2931 57.5118
2527 4236 79.8649
2528 5459 71.7233
2528 5516 110.838
2528 7512 20.2516
2529 3651 115.411
2530 5472 66.267
2531 3419 125.411
2531 5359 83.6323
2531 7165 77.4944
2532 4227 97.3562
2532 7430 85.3584
2533 2612 3.49692
2533 4513 60.1489
2533 5237 77.5701
2534 3199 38.2317
2534 8142 74.4238
2534 8450 39.7474
2535 2818 40.5696
2535 5098 85.3504
2536 2892 51.2818
2536 6006 38.2133
2536 6034 81.6746
2536 7435 70.0688
2537 4360 88.7731
2537 6868 51.7296
2537 7219 87.3226
2538 3663 93.6394
2538 6594 89.1618
2539 5251 93.2071
2539 5318 54.7148
2539 7344 70.8908
2539 8328 102.682
2540 2805 45.1435
2540 4060 45.21
2541 6809 75.2245
2541 7519 55.9359
2542 6414 148.433
2542 6861 130.686
2543 3787 55.6978
2543 5586 51.2242
2543 7692 6.20246
2543 7752 56.2801
2544 3593 51.2525
2544 8125 47.0112
2545 5820 64.3317
2546 3970 59.5365
2546 5048 105.544
2547 2659 60.6012
2547 2939 58.8756
2547 7302 19.9516
2548 4656 47.9581
2548 6249 81.5484
2549 2667 53.4868
2549 3504 58.7177
2549 8225 88.5965
2550 5634 89.0022
2550 6186 94.9802
2551 8580 78.2329
2552 5506 63.5988
2552 6027 54.3644
2552 8354 34.9627
2553 3167 41.2887
2553 4381 42.3801
2553 8381 37.2906
2554 3391 90.1321
2554 5123 53.1433
2555 5216 55.013
2555 6624 56.3922
2555 7714 66.5652
2555 8571 38.5932
2556 2879 90.6496
2556 6486 81.5624
2557 2570 45.7862
2557 6522 79.8623
2558 3786 36.0618
2558 6331 48.7549
2558 6952 78.7766
2559 3278 69.5429
2559 4649 84.7071
2559 6040 61.0115
2560 5357 79.831
2560 6798 22.3734
2560 7328 93.5535
2560 8310 80.3001
2561 3378 12.5134
2561 6406 66.9258
2561 6460 84.0679
2562 3447 51.5474
2562 7631 58.3591
2563 3503 44.4748
2563 4611 28.0628
2563 7440 50.9063
2564 3791 20.6642
2564 7356 32.8446
2564 7741 85.9936
2565 2885 91.4726
2565 4707 49.9954
2565 4713 37.3794
2565 8087 65.1961
2566 4615 40.8796
2566 4617 28.3279
2566 6506 62.9661
2567 5582 80.2066
2567 5867 24.6333
2567 6703 76.9278
2568 2906 48.714
2568 3605 22.7777
2568 3913 99.2973
2569 3859 35.9453
2569 4022 12.6256
2569 5687 69.968
2570 2878 85.4463
2570 6479 63.9138
2570 6522 26.6695
2570 7572 72.2915
2571 3011 118.097
2571 3185 91.5006
2571 6001 94.6635
2572 5643 60.5859
2572 5993 55.4734
2572 7428 36.7571
2573 3791 69.086
2573 4019 117.2
2573 6555 94.1089
2574 4838 31.3367
2574 8207 23.4827
2575 2791 53.8419
2575 5518 32.1743
2576 6208 44.2256
2577 4978 69.047
2577 6981 52.0923
2578 4817 71.7286
2578 5597 155.226
2578 5916 68.1688
2579 4063 18.1309
2579 4444 90.7711
2579 4627 73.9532
2580 6022 96.9517
2580 7209 92.3522
2581 2869 31.3144
2581 5927 32.8758
2582 6071 62.3049
2583 2698 75.6656
2583 2766 53.2889
2583 5115 7.7219
2584 4070 17.2921
2584 6207 25.9373
2584 6974 66.4863
2585 5352 148.615
2585 7977 63.7204
2586 7509 61.4963
2586 8287 13.9622
2587 5038 51.2667
2587 6805 52.5469
2587 7303 83.2073
2588 7021 36.5925
2589 3433 63.9109
2589 4282 16.626
2590 3158 45.6205
2590 6122 47.4663
2590 6529 68.3597
2590 7774 74.4338
2591 3010 11.1117
2591 4061 35.8795
2591 8554 44.546
2592 4953 78.8167
2592 7319 79.9841
2592 7998 67.8563
2593 3072 64.6034
2593 5979 38.824
2593 7603 43.9461
2594 3293 43.8132
2594 4049 26.2449
2594 4921 88.5987
2595 3152 75.9401
2595 3740 78.5868
2595 4711 95.5553
2595 4815 35.6524
2595 7268 93.6371
2596 6547 93.4591
2596 7015 70.6976
2597 3982 93.392
2597 6663 14.7524
2597 7675 58.6357
2598 8047 30.7824
2598 8154 39.502
2599 6081 111.865
2599 8029 33.5399
2600 3048 71.4304
2601 5143 41.4142
2601 7028 98.0522
2602 2900 55.6662
2602 3723 71.2147
2602 8341 57.1288
2603 5902 75.9839
2604 2881 73.901
2604 6085 62.2322
2604 7257 80.6244
2605 4334 71.8791
2606 3422 52.7469
2606 4593 20.7408
2606 5321 58.8138
2606 5635 87.9512
2607 2861 67.1373
2607 3221 16.7645
2607 6511 54.1208
2607 7707 55.9891
2608 2919 41.5294
2608 4312 59.454
2608 7151 27.5717
2608 7339 14.6172
2609 5831 89.0358
2609 7713 70.369
2610 3182 89.0835
2610 7620 27.8228
2610 8049 84.9639
2611 3041 99.4781
2611 4268 90.204
2611 5898 89.3595
2612 4513 41.9153
2612 5237 88.4628
2613 2884 52.1721
2613 5119 10.3092
2613 5697 67.5873
2613 8329 37.8434
2614 3274 105.786
2614 7767 124.514
2615 3213 30.3285
2615 4257 50.5147
2615 6084 65.4453
2615 8068 31.9862
2616 6864 29.1493
2616 7854 63.1741
2617 3847 69.3084
2617 4569 73.8395
2617 6159 42.3652
2618 5366 16.7165
2618 5973 43.685
2618 6662 57.8104
2619 5510 38.8264
2619 7859 32.7768
2619 8440 67.0598
2620 5267 56.124
2620 7034 9.55389
2620 7491 69.7228
2620 7625 83.6152
2621 4462 71.6377
2621 5696 29.3491
2621 5704 77.9536
2622 3107 43.8516
2622 5309 37.6794
2622 6401 64.4753
2623 5300 126.533
2623 5572 32.6321
2623 7991 63.7877
2624 3213 46.7867
2624 3609 46.0758
2624 8068 39.1126
2624 8188 14.5946
2625 5985 50.5415
2625 8226 81.9453
2625 8401 43.2121
2626 4138 31.3159
2626 5243 56.7737
2626 8058 49.5752
2627 5505 1.54518
2628 4645 34.3845
2628 4766 30.959
2628 5022 22.7789
2628 5352 97.9279
2629 5758 86.3953
2629 7696 12.9828
2630 7562 28.374
2631 3305 76.8643
2631 4897 119.531
2631 7340 48.5107
2632 3054 110.504
2632 7250 53.6171
2633 2880 92.7528
2633 6595 66.4195
2634 3705 49.6704
2634 4217 32.0229
2634 5330 52.1519
2635 5180 71.3126
2635 5460 64.3079
2635 7209 60.2013
2636 3522 96.7285
2636 4644 39.952
2636 5312 40.1973
2636 7427 79.7924
2637 7763 102.493
2637 8391 46.4147
2638 3323 41.7669
2638 6039 74.0305
2638 7258 58.6384
2639 3256 119.214
2639 3674 55.4372
2639 5302 49.4762
2640 3667 80.6341
2640 4659 66.0226
2641 4216 37.6649
2641 6987 91.377
2641 7156 80.6146
2642 5593 69.2104
2643 4993 65.4822
2643 6454 43.3932
2643 8419 75.1767
2644 2759 64.1531
2644 2994 103.525
2644 4051 51.3323
2645 2736 49.6298
2645 3732 8.34593
2645 5460 12.4187
2646 2653 90.0019
2646 6142 60.4958
2646 7861 91.2632
2647 3774 22.4815
2647 4351 69.2956
2647 4647 60.6357
2648 3765 42.2254
2648 5722 65.0589
2648 5818 42.6459
2649 3489 31.1002
2649 6483 27.9273
2650 3737 39.0897
2650 5152 54.1826
2650 5580 13.836
2651 6036 52.5366
2651 6870 55.0396
2652 7354 21.311
2653 6448 40.8364
2653 7518 46.4647
2654 3436 56.6002
2654 8353 69.6139
2655 3947 61.9747
2655 5334 19.9375
2655 6930 54.5806
2656 4686 47.5172
2657 4492 80.0408
2657 5075 103.505
2657 6364 46.5474
2658 3318 81.4164
2658 3617 64.2599
2658 4107 49.06
2659 7302 82.718
2660 2927 85.2164
2660 4895 48.0563
2661 4203 61.3913
2661 7076 29.9649
2661 8465 36.4217
2662 4683 70.7478
2662 6254 79.9308
2662 7756 76.5592
2663 4613 55.5439
2663 5729 16.9356
2664 5202 68.7105
2664 8510 140.315
2665 3428 53.5707
2665 3667 93.5559
2665 7201 96.7284
2666 6666 69.2253
2666 7450 49.1606
2667 2692 58.1151
2667 4883 92.4711
2667 6712 20.0612
2667 6881 18.4125
2668 4885 128.204
2668 5635 102.819
2668 6271 21.1951
2669 6051 82.2644
2669 6821 78.3968
2669 8129 28.5895
2669 8538 45.0195
2671 3182 31.6765
2671 4415 15.6953
2671 6493 51.0532
2671 7472 80.5347
2672 4744 70.7663
2672 8038 57.093
2672 8043 71.2781
2674 7439 45.264
2675 3002 67.6935
2675 3780 40.0626
2675 5404 101.856
2675 7691 41.3799
2676 5910 63.7521
2676 7431 53.7647
2676 8482 74.9587
2677 4686 43.4112
2677 4970 64.8406
2677 5478 107.922
2678 4157 50.1971
2678 7718 42.426
2678 8306 52.8685
2679 4164 45.1517
2679 5146 55.3819
2679 6228 22.9147
2679 7249 16.3502
2680 3338 78.0123
2680 3388 76.613
2680 7908 66.0631
2681 4993 73.7363
2681 6454 100.128
2681 8419 59.4658
2682 2749 14.2692
2682 4463 26.8732
2682 8150 59.2182
2683 4138 86.6966
2683 4497 49.5463
2683 5458 124.939
2684 5434 64.5849
2684 5990 61.1944
2684 6266 21.7084
2684 6857 47.9572
2685 4521 63.4208
2685 8428 50.2254
2686 4131 50.2152
2686 6302 58.065
2686 6983 58.71
2687 4703 85.6329
2687 4841 103.1
2687 5609 145.008
2688 7779 51.7994
2688 7941 103.728
2689 3860 29.0206
2689 3948 57.4112
2689 5797 66.0482
2689 6250 74.6649
2690 5461 111.03
2690 6525 30.9668
2691 7127 74.4802
2691 7803 24.1664
2692 4883 25.7499
2692 6712 39.3012
2693 5651 41.9733
2693 5654 44.5036
2693 6437 69.9259
2693 7943 50.4024
2694 4020 53.0343
2694 5237 54.5898
2694 7842 13.9639
2695 7169 44.2227
2696 3259 27.2679
2696 7513 31.4486
2697 2779 45.9909
2697 3591 74.9952
2697 8201 38.0616
2698 5647 37.9809
2698 6641 42.5087
2699 4080 100.909
2699 4091 99.8391
2699 5305 43.7964
2700 5997 117.497
2700 6820 103.858
2700 6846 76.8564
2701 3051 42.9311
2701 6065 44.0407
2701 8546 14.5907
2702 4039 88.8825
2702 5016 47.8496
2702 5279 58.514
2703 6904 42.9163
2704 4458 44.4873
2704 5045 111.357
2705 6167 43.6759
2705 6231 39.1037
2705 6371 29.4943
2706 7102 94.1409
2706 7353 62.251
2707 4834 128.427
2707 6215 59.038
2708 4901 54.688
2708 4923 11.9339
2708 5694 82.5573
2708 8084 34.1885
2709 5491 56.9293
2709 6730 39.6873
2709 6989 135.045
2709 7052 65.5136
2710 7516 100.808
2711 6052 49.2186
2711 7684 54.1397
2712 6031 66.5634
2712 6282 49.0549
2712 6300 31.9494
2712 8573 61.7554
2713 2862 49.2059
2713 3395 76.5125
2713 5524 9.97682
2714 3681 61.6301
2714 5828 68.9337
2714 7182 67.9332
2715 4764 46.2201
2715 5904 43.6618
2716 3907 82.3644
2716 5428 115.951
2716 6919 130.92
2716 6968 51.0762
2717 5950 61.5063
2718 3862 85.1276
2718 4527 61.6037
2719 3155 84.2287
2719 3893 66.3413
2720 3740 68.6121
2720 7716 95.6593
2721 7770 50.6943
2722 3731 80.4574
2722 4485 30.4448
2722 6293 75.0177
2722 6797 110.039
2722 8252 91.8259
2723 3225 52.6641
2724 3545 59.9263
2724 5469 118.777
2724 7260 87.1201
2725 6202 48.3804
2726 4515 79.6929
2726 4789 19.2051
2726 7643 93.3795
2727 3567 86.5851
2727 6161 71.8198
2728 3812 64.2161
2728 4831 78.7928
2729 5354 85.526
2729 6070 70.6221
2729 6104 38.6193
2730 3963 28.4068
2731 6267 32.5045
2731 7461 45.7811
2732 4983 31.6983
2732 5231 38.3429
2732 5792 80.1535
2732 6166 45.4247
2733 5270 20.408
2733 6732 62.826
2733 6773 72.8199
2733 7582 87.5637
2733 8270 55.4097
2734 4256 55.4644
2734 6516 66.3979
2735 5923 54.8628
2735 7249 83.6354
2736 3732 39.4991
2736 5460 56.6893
2737 3017 51.4711
2737 5307 72.9186
2737 6800 78.5473
2738 4537 86.9037
2738 4997 57.9736
2738 5256 26.545
2738 7054 81.7324
2738 7867 43.0349
2739 6117 46.9942
2739 6965 36.1355
2739 7824 17.528
2740 3768 47.7792
2741 3239 34.4545
2741 3497 44.6083
2741 7658 15.5882
2742 5578 48.8158
2743 4390 74.4386
2743 8391 96.2057
2744 3432 49.7923
2744 3536 9.97048
2744 4605 38.41
2744 7532 28.8451
2745 5151 30.9654
2745 7116 146.049
2746 7207 56.6655
2747 3429 81.4014
2747 5248 81.3149
2747 5644 27.7968
2748 4065 11.9789
2748 6131 61.9787
2748 8163 59.7061
2749 3262 48.8794
2749 4558 41.933
2749 4911 25.8405
2750 4045 44.5906
2751 3004 65.6948
2751 4318 62.1001
2751 4756 61.8466
2752 3334 78.8234
2752 3794 103.574
2753 5649 94.1597
2754 2899 54.4677
2754 3890 67.7973
2755 3595 71.898
2755 5272 104.098
2755 5775 42.1639
2755 6390 46.1598
2755 6391 37.4875
2755 8057 20.462
2756 5820 36.6396
2756 8010 53.4666
2757 5355 34.6117
2757 6938 12.7523
2757 8138 70.7531
2758 3089 62.358
2758 3763 18.1696
2758 4202 71.6252
2758 7843 65.699
2758 7946 77.2704
2759 4051 60.9442
2760 6332 89.8355
2760 6746 73.9593
2760 7447 39.9746
2761 4724 74.34
2761 7731 47.9118
2761 8386 35.4771
2762 3132 47.4275
2762 4723 39.1782
2763 5032 96.5001
2763 6023 67.423
2763 7214 107.26
2764 3956 76.8589
2764 4245 52.4426
2764 4547 84.0623
2765 3502 64.8212
2765 5776 24.0997
2765 7874 59.5006
2766 4885 113.236
2766 5115 40.4654
2766 6271 91.9418
2766 6641 61.5087
2767 3384 54.5426
2767 5143 92.6733
2767 8303 70.5583
2768 3184 104.469
2768 3953 87.2834
2768 4151 122.018
2769 3949 76.6584
2769 4711 106.356
2769 6835 83.914
2769 7368 75.2561
2770 2964 133.923
2770 5670 22.1409
2771 4395 24.1165
2771 5504 37.8862
2772 3770 140.74
2772 5306 119.997
2772 8507 72.201
2773 3356 52.1091
2773 5294 82.843
2773 6629 49.7772
2773 8212 28.2338
2774 5680 20.4615
2774 8173 48.7178
2775 6133 50.0769
2775 6911 82.0797
2775 7811 2.57272
2775 8486 25.3139
2776 3317 70.9313
2776 8202 49.0029
2777 5832 89.3356
2777 7070 6.1189
2777 7896 103.469
2778 5986 40.6953
2778 7153 28.5463
2778 7342 31.2395
2779 5124 73.2657
2779 8201 55.3841
2780 4094 99.0975
2780 8149 28.6092
2781 3219 41.5995
2781 4544 100.638
2781 5783 72.5356
2782 3555 35.6243
2782 5994 71.9286
2782 8439 24.4365
2783 5354 53.8389
2783 6104 45.1532
2784 3222 50.7644
2785 8135 64.2861
2786 3298 72.1385
2786 8187 91.7235
2787 4930 38.6105
2787 7420 55.5304
2788 5468 34.3898
2788 6618 17.7552
2788 6780 41.8374
2788 8128 53.7531
2789 4192 47.7497
2789 5729 68.8036
2789 7574 47.8002
2790 3081 91.2927
2790 3505 57.9143
2790 7790 89.8833
2790 8098 99.9789
2791 5518 65.0816
2791 6282 29.0942
2791 6300 47.6527
2793 4023 72.0468
2793 7274 47.5078
2794 7227 70.7257
2795 3127 30.2461
2795 5030 18.4358
2795 7699 41.2288
2796 4826 11.282
2796 6240 128.396
2797 3655 87.7935
2797 5106 119.681
2798 5361 57.731
2798 8000 42.6621
2798 8040 83.2629
2799 3876 6.81533
2800 5078 57.8242
2800 5508 36.1086
2800 6694 101.485
2801 4363 14.1718
2801 4684 39.9373
2801 5883 41.0283
2802 2952 37.6209
2803 4017 40.0775
2803 6505 66.3645
2804 4072 97.5371
2804 6203 26.8207
2804 6893 82.9508
2804 8360 60.9503
2805 3839 64.2591
2805 4060 31.5752
2805 7538 59.8338
2806 4031 17.2671
2806 5370 39.2342
2806 8218 35.1248
2807 5595 55.606
2807 7678 69.3398
2808 3235 32.7592
2808 5301 59.55
2808 6346 43.8764
2808 6933 75.3848
2809 3138 55.3613
2809 6344 52.3394
2809 7860 23.8747
2810 5260 131.158
2811 3079 62.8091
2811 4577 49.1596
2811 6991 64.8017
2812 4782 100.269
2812 5112 48.8815
2812 5588 56.4887
2812 6898 79.7305
2813 3574 53.8452
2813 4183 55.7712
2813 7954 70.8072
2813 8383 33.0495
2814 3384 109.147
2814 7729 84.8791
2814 8303 32.4097
2815 4444 58.0179
2816 2865 55.0872
2816 3061 16.9586
2816 5395 21.046
2816 5439 71.7268
2817 2850 72.9597
2817 6384 90.9634
2817 6664 62.5878
2818 7926 62.7452
2819 4332 91.4482
2819 7196 100.045
2819 7894 12.943
2820 3208 45.6027
2820 4675 17.4596
2821 6503 29.9026
2821 7065 90.4154
2821 7094 67.9399
2822 4278 60.4835
2822 4589 103.505
2822 4746 36.6146
2823 3156 65.9038
2823 3273 85.9747
2823 8186 43.4618
2823 8591 25.2872
2824 3402 70.1626
2824 6848 112.131
2825 7324 42.813
2825 8466 76.247
2826 4266 173.995
2826 4313 36.0814
2826 4541 55.7629
2826 4973 22.6131
2826 6513 154.187
2827 2959 53.7255
2828 5208 46.3359
2829 5592 56.495
2829 6821 73.9212
2829 8538 98.4936
2830 3431 29.487
2830 5750 25.6843
2830 6878 90.082
2831 4217 69.2008
2832 3689 26.791
2832 6584 71.5882
2832 8284 38.9173
2833 4002 69.0794
2833 4648 78.7752
2833 6510 55.5488
2833 7508 61.2354
2834 3057 47.8829
2835 3299 82.5632
2835 5798 48.7381
2835 8321 65.2737
2836 3570 54.1085
2836 3590 34.5433
2836 5077 40.0794
2836 6093 31.6755
2836 6701 52.1758
2836 8269 43.7785
2837 4241 89.5397
2837 7264 29.0547
2837 7336 31.1775
2837 7576 42.5731
2838 3683 125.884
2838 6631 135.479
2838 8044 65.2962
2839 3312 109.769
2839 4742 116.321
2839 4960 61.6885
2840 2943 91.198
2840 5443 76.468
2840 6590 61.6056
2840 7263 63.6515
2841 3339 42.13
2841 5521 76.1777
2841 6142 20.5387
2841 6465 57.3599
2843 3968 58.2162
2843 4200 69.8558
2843 5050 48.8129
2844 3034 77.3647
2844 7115 78.9369
2844 8110 63.2638
2844 8254 60.6994
2845 3915 42.0017
2845 5451 39.1917
2846 8265 86.6622
2847 3931 56.115
2847 4419 33.2609
2847 5826 31.3431
2847 6804 23.2751
2848 5637 68.6497
2848 5891 62.8834
2848 6878 94.113
2848 7000 39.0328
2849 4195 68.2617
2849 5537 86.9852
2849 7285 90.0826
2851 4036 35.9563
2851 7038 48.7738
2851 8024 17.7044
2851 8503 38.3099
2852 7899 30.5739
2853 4154 49.3671
2853 4890 28.8357
2853 7269 62.8329
2854 3094 31.3738
2854 4295 65.4507
2854 6805 60.2866
2855 4064 59.9963
2855 7783 69.0612
2855 8305 79.6538
2856 3523 50.8742
2856 5098 30.7635
2856 6577 44.4273
2857 3911 61.9194
2857 4403 41.1217
2857 7087 58.1065
2858 7792 58.4475
2859 2891 21.8804
2859 5285 57.9693
2860 3577 56.6696
2860 7597 55.0086
2860 8445 95.1729
2861 5708 94.6419
2861 6521 118.372
2861 7707 21.8345
2862 3477 41.6616
2862 5524 41.0303
2862 6518 68.7879
2863 4176 52.6513
2863 4715 79.5697
2863 6854 43.6296
2863 7180 37.2066
2863 7415 58.5172
2864 3427 61.1632
2864 5372 48.7653
2864 8567 8.46199
2865 2987 13.3981
2865 3061 71.6138
2865 5439 15.4366
2866 3745 79.8122
2866 5995 42.0445
2867 4483 74.3341
2867 7458 31.5838
2867 8534 67.208
2868 4204 46.6539
2868 5949 66.6229
2868 7884 49.5492
2869 4573 72.3182
2869 5927 15.5827
2870 5024 105.475
2870 5078 85.3767
2870 5508 67.7642
2871 3013 59.4484
2871 6297 102.668
2871 8192 53.2382
2872 5640 13.4366
2872 6200 17.5535
2872 6685 60.7529
2873 3392 45.4482
2873 4827 104.685
2874 5909 15.4411
2874 7425 23.6256
2874 7626 47.6031
2875 5083 87.2368
2875 5433 53.2702
2876 3156 80.7243
2876 8186 61.15
2876 8494 46.6224
2877 4912 26.8252
2877 5653 27.8237
2877 7355 85.0585
2877 7957 10.0234
2878 7572 28.8736
2879 6404 89.0433
2879 6486 61.4524
2880 5510 83.1272
2880 7859 57.8845
2881 6085 21.075
2882 3439 39.0261
2883 5071 72.0747
2883 5405 71.2751
2883 6140 70.3355
2883 6170 73.8004
2883 7549 37.5016
2884 5119 51.6148
2884 8329 24.607
2885 4707 21.0683
2885 8087 26.087
2886 4250 47.0627
2886 6576 101.048
2887 4460 44.1896
2887 6048 74.1372
2887 6262 67.7222
2887 8301 85.5276
2888 5247 43.752
2888 5836 79.0278
2889 4362 41.9092
2889 4720 20.4881
2889 4813 43.1702
2889 5745 66.626
2890 4753 38.332
2890 6110 92.1737
2891 3100 48.2891
2892 3328 62.4721
2892 6672 17.6541
2892 7435 16.8778
2892 7452 32.1025
2893 8038 47.5425
2893 8082 62.6943
2894 4123 59.3416
2894 6908 154.346
2894 8027 38.8323
2895 4540 57.9993
2895 6709 80.3844
2896 3528 92.303
2896 5149 59.3257
2896 5254 88.1112
2896 5824 109.925
2897 5005 95.2924
2897 6165 103.185
2898 3147 97.4053
2898 7304 72.532
2899 3724 64.4393
2899 8382 19.652
2900 8341 68.0948
2901 3420 94.452
2901 3981 100.105
2901 4643 11.6739
2902 4637 23.0488
2903 3619 75.7119
2903 8566 51.5447
2904 3824 101.207
2904 7951 108.479
2905 6143 42.9588
2905 6535 58.3622
2905 7213 43.7336
2906 3047 20.2732
2906 3605 127.706
2906 3913 36.208
2906 6472 39.333
2907 2964 98.7391
2907 7344 48.2824
2907 8328 106.99
2908 4366 58.8162
2908 4800 62.9394
2909 3862 52.19
2909 4233 113.365
2909 6637 55.8149
2910 5093 56.2558
2910 6494 27.0204
2911 3190 56.1152
2911 3429 86.3609
2911 5675 33.7012
2912 6909 126.823
2912 7955 17.7417
2913 2946 54.3496
2913 3360 101.138
2913 4309 95.3989
2913 6643 73.1431
2914 4110 31.231
2914 4283 35.8731
2914 5602 47.9947
2915 3272 85.2569
2915 6416 79.9948
2916 3270 32.606
2916 4160 43.3631
2916 8455 64.8856
2917 3989 76.4433
2917 5810 82.6759
2917 6649 63.2363
2918 6790 26.6847
2919 7547 51.7947
2920 4664 53.4433
2920 7262 32.5417
2920 8152 85.754
2921 3862 25.2148
2921 4527 62.7475
2921 7607 69.3419
2921 7924 10.3644
2922 3779 105.194
2922 6824 96.6421
2922 7869 129.721
2923 6124 50.838
2923 8508 21.9933
2924 3071 36.2956
2924 5234 32.157
2924 8180 56.8522
2925 2990 51.0673
2925 5636 48.9931
2925 6065 77.6591
2926 4467 74.8764
2926 5173 80.9831
2926 5452 127.434
2926 5641 64.7287
2926 7010 32.3101
2927 5525 18.716
2927 8524 35.0977
2928 3394 129.639
2928 7893 31.7888
2928 8274 38.6862
2929 8365 59.9825
2929 8447 79.6658
2930 4786 89.8556
2930 6205 79.8101
2930 7516 78.1735
2930 7555 80.9888
2931 3804 44.5503
2932 6288 52.2527
2932 6507 44.9989
2932 6964 31.9624
2932 7112 30.1141
2932 7746 73.5747
2933 3294 41.6601
2933 4454 79.22
2933 5967 70.987
2933 6196 85.9413
2934 5607 98.1622
2935 3209 100.499
2936 6245 82.0945
2936 6679 94.1378
2936 7020 88.4779
2936 8438 125.964
2937 3620 87.0697
2937 5282 66.6021
2937 5358 64.8456
2937 6474 66.9713
2939 6329 21.6405
2939 7302 46.6398
2940 4516 87.7213
2940 6741 58.266
2940 8351 62.6147
2941 3463 62.8253
2941 5344 65.1222
2941 8471 62.7591
2942 3383 21.1186
2942 5858 65.7666
2943 6209 65.8223
2944 4166 38.3501
2944 4410 88.2597
2945 7081 38.0126
2945 8100 106.902
2946 3360 35.9601
2946 6643 93.6675
2947 3835 55.0766
2947 4075 112.576
2947 5245 104.1
2948 5117 69.9747
2948 5621 53.9915
2948 6762 48.4062
2949 3859 51.0279
2949 6012 32.8585
2950 5564 71.1095
2950 5771 51.3876
2950 6612 61.774
2950 8533 56.6672
2951 3043 23.4959
2951 3906 5.82664
2951 7282 34.7883
2952 3881 89.194
2953 6187 82.0386
2953 7283 64.9184
2953 7735 26.898
2953 7986 42.4373
2954 4975 64.8657
2954 6001 124.259
2954 8285 27.139
2955 4947 21.2714
2955 5951 42.788
2955 7256 10.552
2956 4690 58.2024
2956 4863 60.5172
2956 5209 52.0322
2956 5488 17.9345
2957 5081 58.342
2957 5986 9.5589
2958 3373 49.1724
2958 6275 28.2129
2958 8395 40.508
2959 5877 79.1472
2960 3821 59.2248
2960 3998 13.7287
2960 4110 59.6933
2961 3709 109.006
2961 5252 33.7821
2961 5893 69.265
2962 3055 41.4854
2962 5215 9.80911
2962 5811 54.5197
2962 5957 103.686
2962 8475 23.4269
2963 3779 55.2139
2963 4770 38.4196
2963 5747 52.9645
2963 6645 65.8368
2963 6905 64.0021
2965 4039 79.7213
2965 5081 54.2531
2966 3826 62.2654
2966 6197 110.531
2966 6332 137.557
2967 6634 82.414
2967 8358 34.8443
2968 4443 50.3195
2968 6120 47.7638
2968 8234 54.89
2969 4180 71.785
2969 5623 67.4532
2969 8136 75.3104
2969 8352 67.9026
2970 5205 44.5312
2971 3823 126.461
2971 4657 96.2382
2971 8549 97.4802
2972 3718 72.6322
2973 2978 71.6269
2973 3430 42.0437
2973 5457 30.1089
2973 7350 25.5556
2974 8021 40.7816
2975 4207 45.1331
2975 6355 59.5953
2976 6297 73.0124
2976 6422 32.3893
2977 4101 48.7436
2977 7326 67.4529
2977 7373 132.824
2978 3918 110.522
2978 7350 110.986
2979 5284 68.2099
2979 5520 14.6584
2979 7276 41.5726
2979 7978 53.7214
2980 6852 68.2408
2981 3208 58.0267
2981 3442 55.9079
2982 3378 63.5366
2982 3846 44.8825
2982 7697 27.7264
2983 3324 64.0855
2983 7794 56.413
2983 8213 35.628
2984 4996 26.2808
2984 6004 79.1038
2984 6039 69.7431
2985 7091 76.124
2986 4564 65.688
2986 5702 15.425
2986 6274 70.5842
2987 3061 56.8285
2987 5439 30.8496
2988 3602 81.0413
2989 8157 34.9355
2990 5636 102.473
2990 6065 71.2977
2990 8009 114.162
2991 3067 54.7617
2991 3268 124.016
2991 3465 127.343
2992 5562 74.6797
2993 4255 70.0633
2994 4001 74.6135
2995 4725 62.9828
2996 4295 43.5123
2996 4394 53.2475
2997 3307 111.959
2997 4357 94.7274
2998 3358 56.5202
2998 5551 18.7994
2999 4067 77.8206
2999 4405 54.4362
3000 7247 114.692
3000 8340 75.8465
3001 3760 77.4313
3001 4338 93.9779
3001 7492 76.1875
3002 3780 32.9375
3002 5110 77.2824
3003 4162 26.7083
3003 4595 98.2199
3003 7397 64.7027
3004 3908 86.3836
3004 4318 50.6546
3004 4972 73.4908
3004 6353 63.9002
3005 3656 74.2927
3005 5903 16.0996
3005 7433 19.2057
3007 3812 96.7665
3007 4309 25.5661
3008 5672 64.2162
3008 7975 74.6358
3009 3643 49.9897
3009 6402 48.6865
3009 7168 78.2689
3010 4061 26.8834
3010 8554 19.8521
3011 3185 32.5946
3011 6239 81.5276
3012 4071 45.4481
3012 6434 45.4118
3012 6810 32.1577
3013 4641 31.5043
3013 6557 27.4999
3013 8192 17.9122
3014 3215 61.781
3014 5878 55.2573
3014 6671 58.5414
3014 6678 75.83
3015 4919 46.9381
3015 7653 71.2025
3016 3478 122.907
3016 4454 60.8551
3016 6440 62.8345
3016 6458 46.7685
3017 6800 80.0548
3018 3987 25.2492
3018 7245 71.0143
3019 4771 85.2951
3020 5396 33.8508
3020 7239 109.131
3020 8124 83.9193
3021 4722 21.7919
3021 8556 55.9715
3022 4689 80.5225
3022 6082 38.5786
3022 7687 132.098
3023 4097 52.0454
3023 4250 75.3547
3023 6576 27.7556
3024 3452 11.5073
3024 3756 64.9574
3024 6907 27.6615
3024 8364 32.0116
3025 4897 42.1111
3025 5289 6.67881
3026 4367 89.231
3026 5954 27.8046
3027 4357 38.1583
3027 8581 42.9783
3028 3122 42.1586
3028 5487 84.3106
3028 6760 35.3953
3029 5681 92.7292
3029 7326 111.792
3030 5013 78.4506
3030 6352 73.2499
3031 5096 60.0238
3031 6734 42.7349
3031 8295 80.8893
3032 6223 72.9064
3032 8315 24.9495
3033 3542 78.4197
3033 4032 52.7443
3033 4337 40.814
3033 7359 26.2307
3034 7115 54.3397
3034 8110 23.2398
3035 5720 39.6823
3036 4903 16.8481
3036 5250 74.5681
3036 6385 96.8083
3037 4705 38.8515
3037 7297 62.8151
3037 7659 32.9649
3037 8528 114.485
3038 3210 44.6744
3038 6941 43.5848
3039 3159 82.9338
3039 5278 71.6844
3040 6169 70.5203
3040 7891 76.9337
3041 4589 78.4645
3041 6035 57.5918
3041 6190 93.7863
3042 3064 43.4061
3042 4059 81.7612
3042 7865 58.4504
3043 3906 20.4957
3043 5814 33.4505
3043 7647 113.711
3044 5001 61.516
3044 5461 43.2645
3045 3052 80.0908
3045 5128 35.843
3046 3123 40.4705
3046 6559 76.4968
3047 3913 47.9231
3047 6472 59.4152
3048 3380 87.35
3049 4393 106.967
3049 7299 54.097
3050 3660 43.7023
3050 5767 36.0686
3050 5932 65.5151
3050 8233 42.0281
3051 6065 9.56376
3051 8546 24.5962
3052 4108 90.671
3052 5118 90.0909
3053 3241 44.4484
3053 3909 65.3344
3053 6056 22.9489
3054 6657 104.045
3054 7250 67.5775
3055 5215 24.6316
3055 8475 30.2916
3056 5030 58.1842
3056 6698 56.6284
3056 7633 46.7979
3057 4035 92.7196
3057 6626 122.956
3058 3258 30.3425
3058 4050 111.256
3058 5980 19.0096
3059 6537 72.9574
3060 3636 52.6334
3060 5338 41.1775
3060 7782 40.9212
3061 5395 51.8391
3061 8006 105.531
3062 5763 82.8008
3062 5813 47.8138
3062 7871 74.4885
3064 4059 85.0106
3065 3563 46.7318
3065 5346 48.9511
3066 3631 17.8388
3066 4026 1.94686
3066 4634 46.5322
3067 3268 55.1172
3067 8137 71.4491
3068 3415 115.691
3068 3734 22.2919
3069 8038 44.2608
3069 8082 55.1419
3070 4700 14.7841
3070 7158 13.3921
3071 4839 79.4542
3071 5234 57.0626
3072 3755 61.3026
3072 4376 18.4118
3072 5388 77.733
3073 3539 34.8135
3073 4575 81.9573
3073 7837 113.99
3073 8221 58.153
3074 4476 25.4634
3074 4799 48.8457
3074 7312 47.6333
3074 7563 88.8155
3075 5220 87.7114
3075 6982 87.5708
3075 8064 69.0959
3076 3646 79.485
3076 6955 82.3857
3077 4857 36.6003
3077 6760 47.3781
3077 7477 53.8289
3078 4259 46.8767
3078 5244 60.5128
3078 7671 92.4295
3079 5501 84.922
3079 6991 33.0619
3080 4042 41.7518
3080 7154 44.0562
3081 5121 16.8997
3082 4626 77.3967
3082 6515 62.8337
3082 7802 76.7337
3083 4024 75.603
3083 7775 52.0766
3084 7009 76.5676
3085 3351 42.4927
3085 5744 24.4267
3085 6114 81.3404
3085 7013 47.2362
3086 3896 25.3549
3086 5625 9.50888
3087 3286 10.2822
3087 3403 22.9723
3087 7403 90.649
3088 5536 15.1203
3088 6368 63.0878
3089 5836 31.7666
3089 6061 80.4191
3090 3093 57.8172
3090 3616 66.2775
3090 4010 6.07865
3091 3249 15.9633
3091 5928 87.7728
3091 7682 87.1104
3092 4005 75.8072
3092 4057 46.0191
3092 4150 61.3875
3092 7016 39.4857
3093 4010 40.1911
3093 6329 58.769
3094 4295 36.0382
3094 5113 56.5196
3094 6497 55.0254
3095 3479 43.2739
3095 4011 19.063
3095 4252 62.3016
3095 8075 56.4227
3096 3346 66.7753
3096 4358 55.017
3096 4904 59.4512
3096 5342 31.4455
3097 3571 57.7688
3098 4193 49.9313
3098 4630 85.0025
3098 7387 46.0346
3098 8343 29.9765
3099 6534 104.894
3100 6922 38.6398
3103 6629 55.2504
3104 3872 39.0566
3104 4652 26.9122
3104 5843 11.2505
3104 6011 13.6949
3104 6042 62.6531
3105 3349 91.1983
3105 4518 6.52153
3105 6094 74.4466
3106 3592 53.4545
3106 3684 108.481
3106 5409 71.0618
3107 4568 27.9467
3107 5233 99.2199
3107 6401 27.7999
3107 7020 70.0694
3108 4927 31.9324
3108 6599 30.4611
3108 6858 63.988
3108 7358 46.9139
3109 5060 60.6168
3109 5721 34.4062
3109 5955 25.8624
3109 8515 58.8445
3110 7765 50.121
3111 3799 64.154
3111 4196 63.7874
3112 5000 73.8625
3112 7729 95.1484
3112 8478 12.194
3113 3313 24.8074
3113 5760 26.2344
3114 3532 55.1058
3114 4544 50.3655
3114 5093 46.5605
3114 5661 32.3033
3114 7244 63.6948
3115 6687 61.6463
3115 6944 83.9989
3115 7195 59.4316
3115 7646 91.4605
3116 5398 44.4379
3116 6263 97.6388
3116 8424 102.691
3117 4747 97.1765
3117 6742 65.5658
3117 8102 123.046
3118 3352 39.0791
3118 3657 90.562
3118 3698 12.4699
3118 6665 32.3681
3119 5790 71.5605
3119 6899 20.0119
3121 4915 80.5432
3121 6811 48.6973
3121 8426 38.1185
3122 5487 33.3468
3122 6760 77.0946
3122 8320 47.4003
3124 4466 77.7791
3125 3977 77.9739
3125 6913 22.283
3125 8074 72.8908
3125 8434 79.4647
3126 5724 16.291
3126 5854 83.8165
3126 7797 55.3237
3126 7832 10.9148
3127 5030 55.1235
3127 7699 17.5031
3128 3136 45.6672
3128 4021 54.7061
3129 3621 41.7445
3129 5579 26.5212
3129 6562 11.6289
3129 8077 62.783
3129 8378 49.1783
3130 3983 75.775
3130 4038 32.3864
3130 7008 42.1982
3131 3621 37.0726
3131 5579 13.1088
3131 6562 52.4082
3132 4723 51.8747
3133 6168 30.0423
3134 3638 21.8454
3134 4211 104.451
3134 7261 50.7624
3135 6194 68.2591
3136 4021 27.2592
3137 4340 117.892
3137 7146 61.5993
3138 6344 15.9864
3139 6544 69.2572
3139 8449 66.2336
3140 4730 40.5859
3140 5325 52.4042
3140 5653 108.408
3141 5542 47.639
3141 6851 27.2689
3142 3473 36.4014
3142 4370 51.8619
3142 7716 65.447
3143 5914 63.0236
3143 6299 18.4304
3143 8148 106.665
3144 4351 49.0668
3144 4647 71.3057
3144 8431 25.2282
3145 4362 40.4979
3145 4720 42.4675
3145 5380 52.5144
3145 6929 60.9181
3146 5849 50.5833
3146 6028 60.7584
3147 7304 49.2253
3147 8415 126.678
3148 5182 2.22327
3149 4167 78.8576
3149 5697 48.5578
3149 8051 88.0338
3149 8564 51.3733
3150 3226 86.475
3150 3750 38.3349
3150 6853 116.017
3151 5999 88.4449
3151 6923 24.6617
3151 7465 70.7471
3152 3740 23.2491
3152 4147 29.0983
3153 4864 18.7782
3153 6388 44.9757
3153 6674 49.5629
3153 8453 43.6839
3154 5419 39.4572
3154 6799 73.7033
3155 4280 101.592
3156 8509 92.6205
3157 3487 108.279
3158 6122 68.0618
3158 6529 39.0411
3158 7774 72.96
3159 5278 57.1346
3159 5332 60.4773
3159 7067 66.5836
3160 3903 29.522
3160 5450 56.0206
3160 7809 64.0913
3160 8541 30.6769
3161 3446 57.8884
3161 7321 33.3626
3161 8167 108.886
3162 5351 47.8206
3163 4811 37.6389
3163 5019 46.8556
3163 6866 25.0514
3164 4335 70.1127
3164 7378 103.051
3165 3603 102.73
3165 4853 70.7488
3166 3306 100.795
3166 5541 94.1831
3166 7676 16.6488
3167 4381 28.9365
3167 6602 56.4458
3167 8381 15.9742
3168 6219 109.355
3168 7569 136.506
3169 7724 50.7909
3170 4446 16.5736
3170 4632 16.4396
3171 3855 36.4408
3171 5322 25.4763
3171 6622 30.0676
3173 6638 48.3162
3173 7273 80.8421
3173 7376 59.4352
3174 8488 52.8434
3175 6911 188.129
3176 6017 9.19732
3176 6872 11.5957
3177 4386 44.22
3177 6563 57.5685
3177 6962 57.3733
3178 5440 75.9295
3178 7583 22.3415
3178 8134 65.8276
3179 3726 56.4298
3179 7094 35.294
3179 7970 77.3698
3180 4260 26.5785
3180 7562 81.8704
3180 7679 39.9416
3181 3193 57.9135
3181 3990 34.9541
3181 4560 43.121
3181 5974 45.6375
3182 4415 40.1396
3182 7472 35.5112
3183 3333 69.3095
3183 4757 60.974
3183 6488 97.1857
3184 4932 40.1433
3184 7615 90.8056
3185 6239 141.749
3185 8289 110.605
3186 4948 105.305
3186 5759 69.9007
3187 4601 58.285
3187 6304 118.82
3187 7121 98.2686
3187 7419 35.9355
3188 4249 46.7152
3188 5052 77.2034
3188 6554 132.114
3188 6882 93.2451
3189 3868 59.7726
3189 4334 18.3958
3189 7841 77.0571
3190 5248 70.4675
3190 8238 70.6265
3191 4188 24.2615
3191 4563 37.8645
3191 6728 66.3065
3192 3254 20.1211
3192 3762 32.3363
3192 6518 59.1918
3193 4560 59.0059
3193 5964 104.568
3193 5974 58.1574
3193 6711 87.0254
3194 5755 72.3424
3194 6125 92.7868
3194 6729 56.6478
3195 3563 47.7495
3195 5359 61.1455
3196 5427 65.0021
3196 7235 68.3927
3196 7652 45.3208
3197 4436 56.2527
3197 7871 51.5567
3198 3971 66.4723
3198 4511 62.8817
3198 5414 85.1316
3198 7817 74.4385
3199 8142 71.2395
3200 7203 42.1106
3201 5386 115.864
3201 8452 144.172
3202 8004 72.2945
3202 8364 60.6979
3202 8398 136.997
3203 4064 77.9292
3203 8305 82.9662
3204 4497 58.6088
3204 5438 59.3718
3204 7664 73.9432
3205 3583 51.5338
3205 4660 74.2557
3205 6530 67.0842
3205 6656 42.9568
3206 7365 37.2678
3207 4496 63.6072
3207 4963 69.2817
3207 7544 65.5175
3208 4675 52.6925
3209 7651 13.0354
3210 6220 63.796
3210 6647 44.0647
3211 6489 82.0883
3211 7768 54.3825
3211 8429 71.8164
3212 6367 42.7349
3212 7907 32.5163
3213 4257 14.7732
3213 8068 14.5763
3214 5829 115.959
3214 7710 80.8442
3215 5878 44.2101
3216 5664 75.4044
3216 6308 40.2961
3216 6342 48.5968
3216 6588 87.0658
3217 3416 47.5924
3217 3575 32.7056
3217 4512 23.6489
3217 8279 66.5336
3218 5466 58.9979
3219 3802 79.4237
3219 4636 44.2441
3219 6449 28.4769
3220 4662 63.9333
3220 4931 48.5102
3220 7745 33.7279
3221 5483 43.7974
3221 6511 54.0566
3222 6298 58.0384
3222 8166 54.0875
3223 3593 124.323
3223 5570 21.8438
3223 7664 28.5256
3224 7483 55.0359
3225 3522 122.488
3225 6615 83.5819
3226 6853 17.4237
3226 8197 79.5642
3227 3857 66.8134
3227 7404 53.9048
3228 6323 125.132
3229 3330 97.2823
3229 3916 81.9492
3229 4393 71.379
3229 7510 61.8215
3230 3440 78.7869
3230 7043 48.3172
3231 5852 12.7219
3232 3903 78.0803
3232 5821 45.8946
3232 6283 28.5711
3232 8541 97.9368
3233 4440 39.4703
3233 5924 26.1589
3233 6121 47.1492
3234 7056 16.9345
3234 7945 76.8382
3234 8022 31.9732
3235 5301 38.4022
3235 6346 59.2576
3236 4139 71.5864
3236 8348 75.6202
3237 5068 88.3455
3237 5895 57.3842
3238 3241 54.6808
3238 8115 57.9661
3239 5194 99.6758
3239 6492 58.8126
3239 7658 28.1983
3240 4702 17.4999
3241 6056 43.9214
3242 4506 64.7126
3242 7620 83.8674
3242 8049 58.9332
3243 5146 41.557
3243 5349 60.0362
3243 6228 63.0015
3243 6536 39.2494
3243 8454 107.158
3243 8548 100.217
3244 4721 45.6475
3244 4830 103.565
3244 5092 8.91301
3245 4733 35.1939
3245 4855 102.932
3245 7015 82.1549
3246 5360 25.8253
3246 7045 61.1838
3247 3391 29.693
3247 4875 25.0437
3248 5788 103.976
3248 5789 22.9156
3249 5383 110.215
3249 5928 90.1852
3249 7682 125.314
3250 4115 54.5691
3250 4153 53.4249
3250 5804 41.6021
3250 6077 75.4723
3251 3778 57.1768
3251 7264 38.7285
3251 7336 80.5786
3252 3462 33.4311
3252 3809 54.1659
3252 4955 52.2989
3252 6079 45.5498
3253 6444 33.5833
3254 3762 34.9328
3254 6518 54.1501
3255 3771 47.6653
3255 5921 25.5426
3255 7875 88.5942
3256 3511 97.712
3256 7790 129.044
3257 4219 85.8595
3257 4692 110.271
3257 5998 66.0616
3258 5980 17.1336
3258 8105 97.2309
3259 7513 22.9889
3260 3607 79.181
3260 3975 98.8767
3260 7140 74.2402
3261 5952 10.2918
3261 6876 81.9806
3262 4558 69.8528
3262 5061 114.876
3262 7047 20.811
3263 5156 28.7252
3263 8255 18.6022
3264 3785 21.8856
3264 7928 55.3437
3265 4409 49.3769
3265 5494 34.2354
3265 5868 29.7952
3265 7528 35.8997
3265 8251 60.1854
3266 4469 55.7849
3266 5455 35.5611
3266 5640 63.9659
3267 4546 93.5252
3267 5668 74.5182
3267 8558 76.1557
3268 7315 18.6525
3269 7327 54.0618
3269 8155 41.7365
3269 8289 73.6508
3270 4160 69.9574
3270 8455 30.7756
3271 4002 87.114
3271 5530 97.6166
3271 8254 84.0718
3272 5549 57.7772
3272 6416 18.3202
3273 5064 81.283
3275 5164 58.3317
3275 7179 36.7587
3276 3430 13.2975
3276 4175 63.4852
3276 5839 49.5808
3277 4079 74.3937
3277 5675 55.5733
3277 6472 47.4399
3278 5320 92.2728
3278 5911 64.514
3279 4005 70.6388
3279 8073 53.6063
3280 5185 57.3495
3281 4324 103.918
3281 4597 80.6732
3281 8518 103.509
3282 3885 18.5005
3282 4610 87.4405
3282 6847 95.2381
3283 3443 113.47
3283 5360 72.7199
3284 6026 20.2158
3285 4726 28.7545
3285 5901 59.9167
3286 3403 33.2453
3287 3467 42.0905
3287 6003 69.838
3287 7092 24.7976
3288 3992 58.1521
3289 3386 33.5633
3289 3483 21.3238
3289 4801 74.967
3290 3807 90.6895
3290 4089 68.6811
3290 5068 67.9574
3291 4962 78.7196
3291 7681 66.9255
3292 3727 30.1277
3292 8350 49.0561
3293 4049 36.1855
3293 4396 103.894
3294 4454 48.9182
3294 5967 33.3809
3294 6196 49.6325
3295 5851 80.8167
3295 7724 76.5037
3296 4463 71.6692
3296 6676 60.9993
3296 8237 38.7308
3296 8413 45.2617
3297 6317 21.9736
3297 7423 62.0368
3298 6852 44.9349
3298 8187 19.4089
3300 6280 34.7728
3301 7947 34.9851
3301 8335 61.1374
3301 8421 21.8753
3302 6311 65.0986
3302 7438 37.0093
3302 8281 71.7675
3303 5087 102.71
3303 8296 106.236
3304 7690 7.62887
3304 7780 87.4024
3305 7340 43.6894
3305 8484 51.7645
3306 6448 81.1178
3308 5074 64.4805
3308 5557 36.4829
3308 6432 76.0568
3308 6869 34.0475
3309 3517 95.8987
3309 5497 70.523
3309 6111 40.4435
3309 8393 78.1145
3310 3470 62.1547
3310 3550 50.9034
3310 4116 50.5483
3311 3710 40.0513
3311 6468 44.5922
3311 8304 53.6589
3312 4742 40.406
3312 4960 57.2501
3313 5760 40.4583
3314 3647 103.587
3314 3905 29.0074
3314 5279 68.2296
3314 5731 51.2131
3315 4119 38.5956
3315 8563 39.9896
3316 6549 49.8634
3316 7388 104.59
3316 7999 68.829
3317 3834 41.1391
3318 4248 38.8027
3318 5799 108.76
3319 4447 135.903
3319 5045 56.3801
3319 6242 83.9633
3320 4265 70.827
3320 5220 65.6579
3320 5235 34.1682
3320 7644 11.3076
3321 7864 59.5918
3322 5628 34.5884
3323 7258 24.5297
3324 7723 60.2586
3324 7794 42.4095
3325 4506 60.0878
3326 5178 66.5136
3326 5647 92.4214
3327 3795 54.8077
3327 5116 30.7457
3327 5274 44.1238
3328 3720 89.8951
3328 4427 30.4481
3328 6672 69.4188
3329 6477 127.285
3329 8575 69.4409
3330 3916 68.9015
3330 7510 70.1683
3330 7605 39.6221
3331 4612 49.7874
3331 5734 61.716
3331 8308 61.2874
3332 5153 24.2737
3332 7114 82.7662
3332 8388 53.138
3333 4757 165.95
3333 6284 64.9943
3334 3794 52.3468
3335 5663 41.5055
3335 7829 57.7363
3336 6414 68.6646
3336 6861 54.4768
3336 8168 81.8384
3337 5999 103.447
3337 7964 69.2111
3338 3902 90.2514
3338 7076 87.8734
3339 6142 48.7206
3339 6465 19.3851
3339 7518 69.9139
3340 3887 82.9831
3340 4356 38.6311
3340 6222 115.004
3341 3707 72.5924
3341 7656 61.9331
3341 8185 90.2463
3342 5073 66.1436
3342 6312 76.3243
3342 7370 37.4318
3342 8169 90.5712
3343 4488 77.8187
3343 4655 85.3094
3343 5906 53.3889
3344 7224 57.7126
3344 7355 123.821
3345 3851 114.025
3345 6676 45.6405
3345 8217 57.365
3345 8237 50.8375
3345 8413 34.9837
3346 4358 94.366
3346 4474 22.8308
3346 4904 52.5581
3347 3924 107.25
3347 5978 132.77
3347 7550 32.0647
3348 3482 72.2245
3348 4861 82.926
3348 5435 87.5094
3349 4518 66.731
3349 6875 44.049
3349 7544 90.4259
3350 6568 34.8434
3350 6768 45.6154
3351 3497 46.662
3351 4432 72.1046
3351 5744 65.6548
3351 7013 6.21217
3352 3698 38.1948
3352 6665 36.2693
3353 3751 18.5869
3353 4940 16.6504
3353 5449 19.7545
3354 4378 39.7235
3354 4595 60.6196
3354 6628 90.188
3355 5960 33.4011
3355 7382 44.1314
3356 3944 52.3767
3356 8212 47.7072
3357 3884 70.0609
3357 5775 44.4438
3358 4609 51.3182
3358 8059 38.0025
3359 3793 83.7005
3359 5761 124.047
3360 4071 43.4557
3360 6643 71.0417
3361 3682 115.478
3361 4066 42.8144
3361 5554 112.236
3361 7530 47.4694
3362 3463 44.0884
3362 3536 38.0983
3363 5416 21.4819
3363 6289 29.3318
3364 6099 78.6536
3364 6443 5.86269
3364 7004 22.8837
3365 6157 101
3365 7728 31.0776
3366 7152 75.4427
3366 8544 68.6012
3367 3497 60.4493
3367 4432 108.132
3368 5795 41.4718
3368 6924 21.5519
3369 4399 54.0744
3369 5189 44.2291
3369 6740 20.9658
3369 8182 54.4375
3370 5339 57.5625
3370 5438 42.4092
3370 7135 94.2246
3370 7959 63.7695
3371 4858 62.972
3371 5949 50.6281
3372 5739 12.2379
3372 6971 43.5123
3373 6275 94.2383
3373 6540 59.5777
3374 6226 67.6227
3375 3582 58.534
3375 5006 56.4563
3375 5012 74.1174
3375 5652 95.4164
3376 4805 91.03
3377 6407 33.5275
3377 6462 55.1233
3379 3677 83.886
3379 5645 50.9391
3379 6155 41.5575
3380 5611 46.0913
3381 5642 33.3466
3381 7085 51.7151
3382 6784 37.1085
3382 7058 72.6109
3383 5858 53.0988
3384 3634 95.3098
3384 5000 67.2014
3384 7729 32.7368
3384 8303 41.2499
3385 3486 36.2152
3385 4714 90.7392
3385 6707 45.2554
3386 3483 44.375
3386 6053 41.0069
3386 6963 46.131
3387 5105 48.3654
3387 5217 27.3534
3387 6147 32.6375
3387 7611 57.7419
3388 4069 38.7466
3388 7554 52.7276
3388 7908 62.888
3389 7524 88.7585
3389 8008 87.6329
3390 3526 19.3219
3390 8014 19.3468
3391 4875 66.225
3392 6062 102.144
3392 7160 83.985
3393 5309 40.9157
3393 6401 62.0866
3393 6485 116.713
3395 5481 83.918
3395 5524 67.4151
3396 5292 68.4206
3396 6249 3.87892
3397 7760 24.5702
3397 7909 7.84228
3397 8420 65.7621
3397 8506 46.9512
3398 3629 73.0839
3398 6312 117.841
3399 6370 66.5136
3399 8545 55.1511
3400 6528 26.6778
3400 7635 64.88
3402 3671 72.9691
3402 3876 77.1019
3402 6848 85.5544
3403 5634 88.2676
3404 8448 10.1353
3405 8575 67.2276
3406 4439 64.233
3406 5337 92.9872
3406 5407 50.2368
3407 6137 69.3595
3407 6489 56.7794
3407 7308 17.4666
3407 7463 31.5939
3408 5961 66.0641
3408 6890 82.5425
3408 7579 61.3405
3409 5088 67.7766
3409 5573 46.8511
3409 6106 13.8124
3410 4047 63.5515
3410 5176 27.6193
3410 7462 40.8138
3410 7587 113.723
3411 4149 34.2666
3411 6496 39.4159
3411 8483 85.0365
3412 5492 44.2971
3413 4956 23.5419
3413 6314 7.04148
3414 6414 104.203
3414 8577 66.5254
3415 3734 102.045
3416 4677 39.5312
3416 5865 42.0702
3416 7048 20.821
3417 5896 16.1352
3417 8533 36.4271
3418 4415 105.94
3418 6493 36.4073
3418 6995 58.9163
3419 5359 83.2728
3419 7165 30.4013
3420 3938 53.7598
3420 4472 60.2538
3420 4643 86.5124
3420 5862 67.9084
3421 5026 26.3895
3421 7593 16.9219
3422 4593 98.624
3422 4710 75.2727
3422 5635 64.9519
3423 5853 50.6695
3423 6357 85.8084
3423 6933 52.441
3424 3678 23.6704
3424 3784 58.7083
3424 4863 73.1821
3424 7217 63.1443
3425 6758 79.6037
3425 7084 70.9797
3425 7807 87.3258
3426 5377 105.985
3426 5989 76.9669
3427 5372 39.6204
3427 8567 80.728
3428 3667 21.7888
3428 7201 44.8963
3429 5644 93.2878
3429 5675 34.436
3430 4175 85.6197
3431 5750 25.8931
3431 8032 153.505
3432 4924 12.6881
3432 7532 52.7803
3433 3684 123.058
3433 4282 37.1004
3434 4330 57.2132
3434 5150 117.347
3435 4142 26.966
3435 5719 84.7303
3435 6583 86.0141
3435 7400 71.1545
3436 3596 95.4117
3437 5129 68.1664
3437 7920 51.9407
3437 8587 38.2712
3438 5844 80.9773
3439 3792 47.9967
3440 6230 44.5125
3441 3942 27.4821
3441 3957 81.8534
3441 7384 96.2624
3442 3899 113.505
3443 5058 47.42
3443 5671 45.3865
3444 6525 93.2467
3445 3984 10.2864
3445 4000 93.6221
3445 4969 129.133
3446 4697 116.833
3446 6630 75.6835
3446 8167 114.022
3447 7631 85.4906
3448 4771 44.2791
3448 6827 72.3939
3449 3576 29.7627
3449 5591 99.812
3450 6078 27.6684
3451 3992 62.2676
3451 5103 80.4214
3452 3756 65.2774
3452 6907 31.8741
3452 8364 34.358
3453 3715 46.4288
3453 3880 44.9823
3453 5523 39.1274
3453 8288 91.4457
3454 3925 60.9766
3454 4886 45.4919
3454 5628 38.5175
3454 8080 31.5564
3455 3708 81.4104
3455 4763 90.7249
3455 7232 39.2399
3456 8587 74.2143
3457 4277 80.4487
3457 4819 41.7448
3457 6990 88.6896
3458 4043 31.2742
3458 4485 49.67
3458 6293 8.2459
3459 5598 70.7713
3459 6381 18.4872
3459 7777 44.5451
3460 6654 61.2358
3460 6973 57.3208
3460 7613 86.8055
3461 7143 48.3608
3461 8501 105.908
3462 4955 52.7417
3462 6079 46.7859
3462 6644 117.901
3464 4291 41.1703
3464 6715 59.8704
3464 7040 132.664
3464 7835 80.157
3465 4758 42.0028
3466 4861 32.9444
3466 6775 67.1933
3467 7092 58.9052
3468 7456 114.038
3469 5691 30.9418
3469 5766 73.8249
3469 8359 42.2105
3470 3550 94.406
3470 4495 57.2302
3470 8432 43.876
3471 4445 28.097
3471 5788 60.4491
3472 5127 115.147
3472 5535 21.4437
3472 6756 95.9643
3472 7720 17.8618
3473 4370 62.6522
3473 4691 73.3105
3473 7716 64.246
3474 3848 51.8498
3474 4302 68.1195
3474 5809 72.8236
3475 5047 67.9618
3475 8470 72.2104
3476 4934 59.8866
3476 7288 29.2871
3476 8418 59.0768
3477 5524 81.3008
3477 6518 84.0268
3478 4097 57.237
3478 6458 84.9494
3479 6476 86.5524
3479 8075 2.5295
3480 6080 23.2326
3480 7813 50.2036
3481 4274 46.5544
3481 5842 51.9051
3481 6424 71.2068
3481 6816 56.0425
3481 7972 45.5572
3482 4861 46.4621
3482 5435 8.55998
3482 6775 88.049
3483 6053 63.3289
3483 6963 76.7431
3484 6759 29.6357
3484 6927 58.3064
3484 7764 60.1732
3485 4622 23.6876
3485 5409 90.6694
3485 7090 70.6978
3485 7529 68.2998
3486 4714 57.8935
3486 6707 32.4381
3487 5533 98.042
3487 8451 72.4857
3488 5364 51.4259
3489 6483 72.082
3489 6697 93.1503
3490 3744 94.6447
3491 5250 75.0706
3492 6692 65.9896
3492 7524 122.517
3492 8388 103.742
3493 5965 33.4155
3493 7605 57.6558
3494 4499 127.064
3494 5166 57.9033
3494 6003 78.6667
3494 6633 69.0508
3495 7515 47.8631
3495 8295 128.078
3496 3513 27.5648
3496 5942 34.6744
3497 7013 41.7208
3498 4359 48.2121
3499 3531 75.679
3500 5033 90.5125
3501 4633 2.66955
3501 8585 41.8059
3502 7248 82.9856
3503 4611 71.0461
3503 7440 40.059
3503 7751 115.838
3504 5003 50.4084
3504 6210 45.3846
3504 8225 75.8531
3505 6787 34.9058
3506 4475 70.1396
3506 4661 52.0929
3506 4917 36.1454
3506 8318 118.45
3507 3686 56.3036
3507 3777 38.087
3508 3766 49.4926
3508 4619 82.8623
3508 7195 29.5877
3509 4425 84.8418
3509 5055 47.4887
3509 8435 49.9134
3509 8531 49.9052
3510 3669 33.4897
3510 6154 69.5983
3510 7793 53.811
3511 4983 57.3492
3512 4704 15.6005
3512 5833 21.0378
3513 5942 13.1522
3513 7504 71.3745
3514 4478 60.3281
3514 5897 46.1192
3515 4524 21.6657
3515 5036 56.6998
3515 6532 65.8854
3515 8126 89.0664
3515 8574 64.1619
3517 3726 46.3949
3517 6588 65.1628
3517 7970 62.5394
3518 3872 52.3134
3518 6277 54.699
3518 7927 22.338
3519 3900 55.8078
3519 6263 30.5299
3520 5598 76.2954
3520 7969 90.7243
3521 4322 31.6807
3521 4749 49.026
3521 5669 27.7413
3523 4407 67.6623
3523 7905 94.0722
3524 7242 88.5999
3524 8495 55.8754
3525 3615 14.7794
3525 6278 47.5897
3526 5682 85.8287
3526 6600 66.7065
3526 7434 31.8281
3526 8014 50.5861
3527 3578 21.6093
3527 3875 58.018
3528 5149 134.065
3528 6305 77.9629
3528 7711 75.2359
3529 3879 79.3028
3529 7798 112.946
3530 4539 36.0507
3530 5470 23.0351
3530 7614 35.5093
3532 5661 66.0511
3532 7244 71.3311
3533 7968 54.6225
3533 8591 50.3325
3534 5349 86.0873
3534 8474 52.4802
3535 7343 45.7998
3535 8031 89.6767
3535 8238 15.3442
3536 4605 53.9818
3536 7532 34.1329
3538 6394 54.3211
3538 6940 83.0052
3538 7197 36.2929
3539 7837 42.9271
3540 7669 55.9022
3541 3911 60.6342
3541 6427 66.8198
3541 8258 53.8237
3542 6628 91.4895
3542 7083 90.9128
3542 7277 54.5253
3543 8052 63.4588
3543 8485 74.5085
3544 4442 39.4562
3544 7166 53.9692
3544 8056 38.2046
3545 5469 96.3269
3545 7669 56.4243
3546 6534 116.981
3546 7017 110.005
3547 5010 63.6178
3548 5769 82.5059
3548 7694 16.3282
3548 7806 32.2091
3549 6578 42.8361
3549 7839 76.224
3550 4116 61.7043
3550 4234 94.6008
3551 6406 57.8861
3551 6446 33.2698
3551 7906 40.9784
3552 7773 70.6409
3553 4934 76.6704
3553 4941 100.77
3553 7042 66.5669
3554 4144 117.724
3555 7609 57.8665
3555 8372 77.0632
3555 8439 44.5663
3556 8174 56.3376
3557 6151 107.256
3557 7280 65.2302
3558 4194 25.9085
3558 5660 22.9609
3558 6354 51.3349
3558 7275 18.8036
3559 4305 74.3112
3560 3738 21.5429
3560 4871 43.1418
3561 4301 117.637
3561 5874 52.6944
3562 7134 68.6737
3562 8568 71.7857
3563 7333 76.0458
3564 6238 98.1399
3564 6934 60.4998
3565 7362 68.0704
3566 4111 73.5801
3566 8145 73.9894
3567 3896 26.0246
3567 6161 27.5618
3567 8081 72.5965
3567 8273 73.9
3568 8299 47.2183
3569 4604 70.2112
3570 5077 42.2016
3570 6093 74.6864
3571 7134 69.5588
3572 4292 104.114
3572 6376 46.3692
3572 6455 89.7065
3573 5167 46.7514
3573 5622 42.723
3574 4183 48.7562
3574 4402 97.4718
3574 7954 67.9435
3575 4512 25.1309
3575 4677 70.9562
3575 8279 126.116
3577 4880 60.0067
3577 8445 46.6009
3578 3875 89.3018
3579 4840 92.3962
3579 5748 46.2667
3579 6158 78.4911
3580 3856 23.0859
3580 7500 49.1991
3580 7958 34.4215
3581 3669 69.1351
3581 6154 54.7458
3581 7793 139.054
3582 5006 68.5884
3582 5652 51.5131
3582 5750 72.0097
3583 5655 90.3798
3583 6656 63.0522
3583 8404 57.6823
3584 3693 55.8886
3584 7273 46.9816
3585 7009 81.6901
3586 4718 31.865
3586 7325 31.162
3586 7405 5.07033
3586 7750 51.3649
3587 3739 63.895
3587 4667 54.6039
3587 4928 70.1275
3587 5447 37.8185
3588 3661 100.998
3588 3782 42.2361
3588 5646 30.428
3588 7533 50.7815
3589 4009 96.4401
3589 5358 32.5473
3589 7709 13.0538
3590 4271 90.7545
3590 6093 65.4058
3590 8269 9.21798
3591 5124 85.6826
3591 6723 32.7688
3592 5409 21.4056
3592 7759 130.579
3593 8125 22.9406
3594 4099 91.0652
3594 6109 50.3742
3594 7685 34.8829
3595 5055 57.1038
3595 6390 24.5313
3595 8057 65.8901
3596 5113 44.7685
3596 6497 23.3028
3597 6964 98.9341
3597 7746 98.8588
3598 5535 67.5467
3598 6756 39.7604
3599 4222 37.9161
3599 6823 57.1225
3599 7718 53.4833
3600 4435 109.76
3600 7293 71.0322
3601 5867 122.047
3601 8384 59.0078
3602 6607 67.6164
3602 7678 27.1947
3603 8494 68.8536
3604 4631 69.2035
3604 5350 56.1682
3604 7466 41.2955
3604 7634 40.7692
3608 3838 48.0267
3608 4523 52.1382
3608 5011 27.789
3608 8582 92.5474
3609 7803 50.7464
3610 7059 91.2848
3611 4804 34.8006
3611 6461 42.5723
3611 8023 57.7583
3612 6234 121.72
3612 6730 131.056
3613 5474 120.122
3613 6338 85.1332
3613 7961 72.3837
3614 3899 74.8894
3614 7841 137.493
3615 6278 68.3834
3616 3646 76.3086
3616 4010 60.7496
3616 6704 48.3314
3616 6955 48.6969
3617 4107 43.4136
3618 4058 61.1821
3619 6993 79.5201
3619 7371 40.1577
3620 6501 50.3697
3620 8026 98.6765
3621 5579 29.8466
3621 6562 49.8064
3622 3784 38.7912
3622 7021 64.8922
3622 7217 51.5885
3622 7240 55.2207
3623 4621 77.8864
3623 5384 28.2805
3624 3844 79.7104
3624 5234 48.9798
3624 6839 33.3804
3625 7032 58.6228
3625 7471 120.948
3626 5939 57.7024
3626 6747 114.789
3627 3912 35.0541
3627 7306 95.9877
3628 5198 52.0642
3628 6037 27.055
3628 6135 49.9458
3629 5313 65.7169
3629 6312 33.8813
3630 7243 10.9693
3631 4026 25.5176
3632 5467 47.684
3632 6126 63.3459
3632 7763 66.4872
3633 7381 115.202
3634 5000 49.7702
3635 5972 98.0526
3635 8050 72.44
3635 8307 79.0989
3636 4950 79.9377
3636 5338 24.7979
3636 6123 16.9334
3636 7782 8.90022
3636 7813 29.4117
3637 4027 41.2373
3637 4756 81.381
3637 6129 65.9978
3638 7261 31.3649
3639 4007 57.5537
3639 4452 56.7442
3640 4176 100.881
3640 4180 90.112
3640 5623 105.058
3640 6854 85.9946
3641 3743 54.6551
3641 5328 66.0558
3641 5608 21.9863
3641 7231 62.5809
3642 3825 51.2149
3642 5569 55.7834
3642 8481 60.9909
3643 5800 96.9737
3643 6402 20.1325
3644 6725 72.6873
3644 7584 73.8781
3644 4244 77.2761
3645 5833 73.4028
3646 6704 122.674
3646 6955 17.2596
3647 5279 34.712
3647 5731 80.9439
3648 5050 92.0274
3648 7993 94.0803
3649 5070 43.4026
3649 6035 105.296
3649 6190 51.2622
3650 4768 75.666
3650 4772 71.8813
3650 8143 89.3009
3651 7787 43.6781
3652 5971 59.1442
3652 6337 109.087
3652 7320 120.411
3653 7125 73.7457
3653 8189 45.1842
3654 6832 73.7249
3654 7623 53.1444
3655 7163 52.8672
3655 7665 93.4231
3656 6418 42.0739
3658 8152 58.1693
3659 3749 65.4777
3659 7981 73.6328
3660 5932 37.7543
3660 8233 47.631
3661 5428 34.4737
3661 5646 59.491
3662 3959 37.5033
3662 5390 26.8282
3662 7712 86.1299
3663 6970 103.246
3664 5837 57.7823
3664 6409 55.0795
3665 4380 30.5859
3665 6363 68.1608
3666 4908 72.3217
3666 7224 105.276
3666 7809 109.891
3667 7201 31.4433
3668 7504 96.3381
3669 6154 50.8302
3669 7793 36.2682
3670 4335 70.8333
3670 6330 91.8257
3670 8308 63.6069
3671 6069 51.2451
3671 8408 31.1065
3672 6307 34.1397
3672 7941 55.8146
3672 7988 95.1475
3672 8371 76.793
3673 5530 72.3887
3673 5599 116.853
3673 7621 35.3816
3674 5302 5.69627
3675 4729 33.8709
3675 7345 78.4725
3676 7432 97.6917
3676 8578 41.7502
3677 4552 44.2669
3677 6155 82.6984
3678 4863 98.0847
3678 5531 71.177
3679 4874 22.7258
3679 8517 55.1297
3680 6350 57.0034
3680 6941 50.817
3680 8019 13.8122
3681 5636 88.7974
3681 5828 40.3659
3682 7673 127.833
3683 5196 59.1381
3683 6431 19.3708
3683 7731 36.0328
3685 5175 36.7262
3685 7410 28.0703
3685 7422 38.6589
3686 4533 74.9693
3686 5935 38.583
3687 5031 51.7782
3687 7677 59.8773
3687 8292 54.4698
3688 3976 72.4477
3688 4539 109.254
3689 6584 48.0433
3689 6667 46.166
3689 8284 57.9207
3690 4104 48.7013
3690 4137 16.0562
3690 5629 98.9958
3690 7934 38.3393
3691 4479 47.6835
3691 6535 45.6092
3691 7992 50.2032
3692 5620 113.618
3692 6175 106.07
3693 4987 24.7842
3693 7316 44.2314
3694 5194 95.1712
3694 6492 60.4105
3694 7865 71.3746
3695 4143 85.827
3695 5239 10.8043
3695 5453 42.022
3696 8300 32.1633
3697 4587 84.7257
3697 5374 73.5716
3697 6677 71.5781
3697 7702 54.303
3698 6665 49.7855
3699 3859 74.1088
3699 4022 75.3316
3699 8092 54.9887
3701 4791 62.6359
3701 5097 42.9266
3701 5569 51.9364
3701 6689 41.728
3702 4154 59.9231
3702 5558 44.5661
3702 7148 49.6292
3703 6182 102.305
3704 4604 83.3295
3704 7066 83.8528
3706 4027 61.9734
3706 6129 50.8658
3706 6429 74.3855
3707 5553 60.1259
3708 3955 83.4263
3709 5252 62.775
3709 5893 51.9847
3709 6764 73.2826
3710 4839 73.5323
3710 6468 16.9798
3710 8312 91.7652
3712 4825 88.6254
3712 5340 57.1255
3712 5455 67.0349
3712 7825 2.58526
3713 6792 4.84015
3713 7372 15.4015
3713 8104 66.6131
3714 6322 81.2637
3714 8033 48.176
3715 3880 84.9856
3715 5523 58.8667
3715 8288 52.972
3716 4847 42.6417
3716 5085 28.7982
3716 6004 43.2269
3716 6396 16.1974
3717 4123 30.6934
3717 6908 49.9946
3717 8027 79.5643
3719 5066 23.2787
3719 5264 77.846
3719 8469 65.6228
3720 4374 28.9952
3720 4500 51.0145
3721 4468 117.489
3721 4868 24.7651
3722 6149 62.425
3722 8299 72.1578
3722 8477 57.4333
3724 4216 66.7843
3724 8382 45.5166
3725 3955 114.724
3725 7628 113.569
3726 7094 112.878
3726 7970 23.6289
3727 5900 64.4233
3728 4663 11.9728
3728 6548 49.1456
3729 4275 147.965
3729 5566 80.1519
3729 7251 17.4927
3730 8309 66.727
3731 6797 10.5566
3731 8252 71.3081
3732 5460 14.1134
3733 4493 68.4111
3733 4968 33.189
3733 6524 68.1319
3735 4263 60.1299
3736 4938 38.0769
3736 5700 53.6181
3736 7097 68.5245
3736 7216 89.9229
3737 5152 22.9565
3737 5580 28.4748
3737 7443 54.2186
3738 4871 105.338
3738 8478 59.4032
3739 4667 56.4857
3739 5447 48.5246
3740 4147 43.224
3741 4818 136.773
3741 5517 83.3913
3742 7785 26.0764
3742 8496 11.0048
3743 5608 67.5773
3743 7231 92.2884
3743 7594 42.3555
3744 6094 71.478
3744 7831 40.0094
3746 4350 83.9012
3746 5370 54.3594
3746 7627 50.7018
3747 4706 73.4342
3747 6015 36.9134
3747 7982 67.4006
3748 7265 90.984
3748 7577 83.9709
3749 7981 20.1199
3750 7682 69.6795
3751 4177 38.8294
3751 4940 35.9544
3751 5449 37.8438
3752 4977 47.9328
3753 7846 17.661
3753 8462 49.4817
3754 5160 25.2282
3754 5426 38.9142
3755 4376 52.9666
3755 7100 77.5537
3755 7157 56.1572
3756 4290 71.15
3756 7642 53.2998
3757 5095 36.9091
3757 5454 39.1904
3757 7227 67.996
3758 5340 123.545
3758 7823 71.9297
3759 8178 44.4398
3760 4338 52.2536
3761 4621 69.104
3761 5127 40.1699
3761 5384 57.9183
3762 7322 103.785
3763 4202 64.5314
3763 7843 46.5743
3763 7946 78.9978
3764 6427 37.9676
3765 4215 33.3032
3765 5722 24.7166
3766 4619 57.1783
3766 7195 61.9489
3766 8094 57.4312
3767 6796 45.0525
3767 8172 71.741
3768 4624 61.1618
3769 5287 41.7573
3769 5997 36.9521
3769 7025 92.6179
3769 7887 10.5673
3770 5159 121.192
3770 8020 29.0243
3771 5921 49.5123
3772 5373 24.7366
3772 6029 19.4639
3772 6850 32.1526
3773 3963 23.8317
3773 6885 40.7149
3774 4647 58.7338
3774 8439 67.5239
3775 6517 96.8648
3775 7221 95.9257
3776 7609 51.497
3778 4281 77.672
3778 8202 45.4397
3779 5291 43.914
3780 7691 79.7467
3781 4244 23.3114
3781 8368 81.4129
3782 5646 71.1054
3782 7533 28.6226
3783 4152 62.3895
3783 5673 75.1879
3783 8307 95.4734
3784 7217 31.8626
3786 6331 46.3779
3786 6952 64.5659
3787 3999 34.7845
3787 5586 25.0663
3788 3956 62.1837
3788 5475 52.3154
3788 6828 45.6709
3789 5065 38.469
3789 6102 32.3061
3790 4519 68.8058
3790 7323 75.7883
3790 7436 116.246
3791 7356 38.2828
3793 5761 50.7224
3794 7860 64.0448
3796 4657 48.5075
3796 5500 49.4009
3796 7952 36.2575
3797 6501 61.8659
3798 8137 41.7205
3799 4196 47.7088
3800 6749 54.4326
3801 3815 106.153
3801 4612 98.48
3802 4636 51.822
3802 6449 72.582
3802 7303 70.8825
3803 3854 55.6603
3803 7282 61.6631
3803 8529 37.9164
3804 5107 45.7509
3805 3982 54.0319
3805 3991 42.5988
3805 5781 41.6315
3806 4345 62.9293
3806 4876 78.6726
3806 6177 49.9959
3806 7003 25.7207
3806 8008 128.258
3807 4089 46.9678
3807 6010 96.3714
3807 6646 55.3844
3808 4543 19.7429
3808 6795 15.9918
3808 7791 31.1497
3809 6079 19.6123
3809 7850 16.9744
3809 7940 84.1005
3810 4126 46.8436
3810 5382 121.149
3810 8096 34.6785
3810 8246 59.6605
3811 4802 21.5492
3811 5710 75.1435
3812 5599 81.0896
3813 6021 81.9162
3813 6561 43.4755
3814 3815 63.535
3814 7133 2.48482
3815 4842 66.8458
3815 6152 44.1418
3815 7133 63.2184
3815 7360 36.999
3816 5713 89.3861
3816 6366 33.2345
3816 7085 37.4253
3818 8175 62.1732
3819 7171 44.3542
3819 7338 37.6519
3819 7636 61.9957
3819 8460 47.2182
3820 4963 112.234
3821 3998 58.0585
3822 3854 26.0347
3824 7951 61.0611
3825 4310 82.5415
3825 8481 30.4238
3826 6197 45.3142
3826 6812 65.9158
3827 7159 69.3217
3827 7401 34.2786
3828 5756 74.7001
3828 5873 76.1866
3828 7488 75.6261
3829 5317 72.2311
3829 6880 20.7139
3830 4994 70.098
3830 8200 67.4908
3831 5563 50.9403
3831 7234 9.1367
3831 7898 119.181
3832 4987 40.5719
3832 6240 116.562
3832 8527 48.8521
3833 3892 70.8892
3833 5487 56.0028
3833 7559 82.3417
3833 7844 82.5699
3833 8320 99.4867
3834 4586 45.3425
3835 4075 19.3016
3835 4562 60.9855
3835 5269 41.4051
3836 4240 37.9705
3837 6278 19.9856
3837 7361 25.9217
3837 8397 61.0557
3838 4523 36.9622
3838 8582 48.045
3839 7538 115.959
3839 8020 135.271
3840 4600 37.0066
3840 7172 51.2827
3841 6867 35.1991
3841 7953 65.9666
3842 4256 34.8745
3842 5512 84.3551
3842 6626 119.975
3843 7351 26.4994
3843 7914 26.4694
3844 6539 66.121
3844 6817 39.2869
3845 6118 76.73
3845 8420 44.4194
3846 6706 36.9621
3846 7697 32.627
3847 6159 51.756
3847 8516 62.0894
3848 4462 80.675
3848 5809 61.7753
3850 4688 14.2273
3850 5140 19.0482
3850 5686 73.0518
3851 8217 59.0818
3852 4435 149.487
3853 4744 99.302
3853 7093 109.046
3854 8529 52.4374
3855 5322 45.7458
3855 7447 88.8322
3856 7500 70.2896
3856 7958 53.2047
3857 4899 47.7783
3857 7404 61.1196
3858 4175 11.9318
3858 5457 42.0716
3858 5839 9.5378
3859 4022 34.3968
3859 8092 68.4543
3860 3948 95.5613
3860 6250 63.7483
3861 5333 40.7299
3862 4527 31.2925
3862 7924 26.96
3864 4859 30.7941
3864 5353 68.2924
3864 6243 22.5612
3865 4866 115.579
3865 5778 78.4058
3865 6418 59.6157
3866 6695 17.2409
3866 7006 46.3955
3867 6650 88.9004
3867 7911 68.1989
3868 4334 51.6442
3868 6387 82.5782
3868 7841 28.5797
3869 4845 45.1926
3869 6012 97.0358
3870 4495 58.4714
3870 6046 42.1043
3870 7828 47.4702
3870 8005 59.227
3871 5161 80.333
3871 7027 85.7836
3871 7202 96.4475
3872 4652 29.1041
3872 5843 33.6529
3872 6011 45.7506
3872 6277 53.4469
3873 5365 27.1638
3873 5981 87.7819
3874 6046 39.5999
3874 8005 38.9461
3874 8432 51.1928
3877 7761 114.79
3878 5177 55.9798
3878 5943 63.8763
3878 7341 52.0854
3880 5523 19.207
3881 7357 60.9242
3883 5086 51.0794
3883 7570 58.3918
3883 7870 38.9504
3884 5775 88.9675
3885 4610 75.3467
3886 4615 62.5476
3886 4617 87.7652
3886 5704 53.9528
3887 4356 85.4095
3887 4954 56.1419
3888 4498 65.7311
3888 5448 37.8066
3888 6242 121.812
3888 7538 73.7604
3889 4103 68.8902
3889 6192 7.32883
3889 6717 56.1352
3890 6906 25.5721
3890 7483 48.3323
3891 7164 59.7635
3892 7844 16.925
3892 8320 153.416
3893 4262 89.3119
3894 4238 19.9069
3895 4003 94.4104
3895 7286 53.4342
3895 8138 49.6073
3896 5625 49.2077
3896 6161 64.5525
3896 8081 28.0079
3897 3972 41.6103
3897 5104 23.3573
3897 7140 52.9287
3897 7683 48.8846
3898 5276 24.1763
3898 5978 123.324
3898 7904 55.1548
3900 5583 48.0342
3900 6957 25.733
3900 8062 60.7741
3901 7377 63.8865
3902 4190 79.3118
3902 6500 52.812
3903 4908 114.313
3903 7809 72.4662
3903 8541 18.7935
3904 7329 71.812
3905 5731 22.0754
3905 7269 44.763
3906 5814 78.9681
3906 7282 54.8522
3907 6698 28.3844
3907 7633 36.6418
3908 4172 70.7503
3908 4318 70.6057
3909 5197 51.7821
3909 5800 62.6922
3910 4835 117.681
3910 5890 94.8404
3911 4403 66.792
3911 7796 90.0735
3912 3950 46.3013
3912 4869 67.4606
3912 5148 50.6566
3913 6202 37.4341
3914 3962 17.3167
3914 4118 80.1397
3914 4298 28.9721
3915 6864 59.576
3916 7510 17.8247
3917 5659 21.7561
3917 6279 45.3807
3917 7426 125.557
3917 7915 103.294
3918 4045 91.936
3919 4085 25.4528
3919 6512 11.1306
3921 4710 23.1413
3921 8196 110.199
3921 8409 71.8553
3922 5480 81.7159
3922 6183 78.0139
3923 4190 103.253
3923 6500 67.3145
3923 8401 124.557
3924 7747 125.722
3925 8080 75.8533
3926 4150 75.4179
3926 8357 61.2363
3927 6505 58.4281
3927 6726 35.6013
3928 8191 75.6776
3928 8258 56.2285
3929 5903 80.6996
3929 7445 34.3543
3930 5102 43.8534
3930 7177 32.8889
3931 8053 89.438
3932 4221 60.626
3932 4369 38.2314
3932 7389 34.0862
3933 4406 53.9888
3933 5260 38.3706
3933 5703 45.1544
3934 6264 55.6663
3934 6548 37.7212
3935 7686 29.3225
3935 8540 35.1684
3936 5676 36.7786
3936 6232 49.2535
3936 7857 93.2698
3937 5733 85.2341
3937 7597 73.8257
3938 4472 15.1044
3938 6410 61.6576
3938 8342 22.964
3939 4935 67.9598
3939 6750 71.4786
3939 7069 34.618
3940 5769 97.7367
3940 6324 75.216
3940 7806 71.2695
3941 7578 83.0299
3942 3957 104.703
3942 7384 50.9819
3943 4780 17.9723
3943 5919 78.5525
3943 6130 61.9774
3944 4008 30.3312
3945 5564 15.6151
3945 6612 38.5224
3945 8551 50.966
3946 4681 18.5085
3946 4894 49.8309
3946 6252 34.2635
3946 7795 45.5491
3947 3991 65.2143
3948 5797 55.9569
3949 4711 136.567
3949 6835 54.3455
3950 4453 62.9638
3950 4869 44.4229
3950 5148 18.4297
3951 5539 70.17
3951 6849 26.4342
3951 7237 9.91293
3952 4783 68.0258
3952 6546 38.9445
3952 6781 18.2881
3953 4651 54.9298
3953 5044 54.0871
3953 5742 55.8773
3953 6819 4.93913
3954 4226 53.6467
3954 7053 45.5014
3955 4763 64.3817
3955 7628 40.874
3956 4547 45.2337
3958 5526 85.6038
3958 5685 93.1543
3958 7226 59.9794
3959 5390 30.8749
3959 7712 12.785
3960 6845 44.4252
3960 8573 52.6116
3961 4579 33.2918
3961 7932 76.3917
3961 8018 34.1576
3962 4298 1.93619
3964 4177 46.8011
3964 7392 41.2417
3964 7422 33.3654
3964 8380 25.5287
3965 6274 39.9527
3965 7229 72.5351
3967 5473 78.2503
3967 8442 47.0902
3968 5050 30.0632
3969 6294 58.9132
3970 5048 61.4154
3971 5414 63.4479
3971 7817 41.6942
3972 7140 49.1866
3973 4011 110.279
3973 4252 88.5868
3973 8522 111.295
3974 5190 69.0398
3974 5224 61.2115
3974 7368 93.3427
3976 4539 39.0262
3976 4909 76.5117
3976 7614 70.0181
3976 7834 54.0638
3977 6913 100.269
3977 8074 70.4428
3978 6771 85.9977
3978 7408 84.7717
3978 8230 30.6623
3979 5440 64.9766
3979 6018 147.519
3979 6202 64.8949
3980 5261 44.1915
3980 6163 35.7444
3980 4215 53.6454
3981 4643 60.1687
3982 3991 63.5262
3982 7878 73.7901
3983 6789 61.1782
3984 4969 122.406
3984 5683 135.527
3985 5378 27.161
3985 7109 90.2668
3986 5781 65.5376
3986 7063 41.8057
3987 5283 52.659
3988 6204 82.9523
3988 7130 36.7646
3988 7743 84.0216
3988 8458 14.6367
3989 4231 53.6163
3989 7831 40.9852
3990 4560 97.7533
3990 5917 98.7521
3992 5103 59.4952
3993 4971 68.0976
3993 7706 59.2707
3993 8515 78.26
3994 4980 86.1346
3994 4981 46.1857
3994 8235 55.2419
3995 6176 106.184
3995 7844 151.012
3995 8491 141.157
3996 5881 46.6191
3996 7416 48.956
3997 6246 39.4697
3997 6419 85.5116
3997 7954 60.9195
3997 8383 31.3135
3997 8588 39.4716
3999 8072 32.7876
4000 7051 67.8103
4001 4822 117.927
4001 6697 85.9002
4001 8567 97.7884
4002 4648 97.0577
4002 6510 13.519
4003 4639 76.4216
4003 7286 103.699
4004 6081 23.3876
4004 7558 81.8195
4005 4057 50.3601
4006 8557 22.9081
4007 6217 83.2134
4008 6526 43.644
4009 4385 57.0222
4009 7297 74.1184
4009 7709 67.203
4010 6329 93.1438
4011 4252 65.2836
4011 8075 67.4935
4012 7836 51.9893
4013 7204 44.5422
4014 4565 91.1999
4015 5886 10.0732
4015 6331 37.3819
4015 6739 27.4261
4015 8203 115.482
4016 5985 55.3622
4016 8226 41.4563
4018 5784 120.886
4018 6375 69.9318
4018 6498 85.6325
4018 7347 84.3593
4019 6555 36.513
4020 7842 62.8742
4020 8317 81.0401
4022 5687 67.8563
4023 5793 47.1738
4023 8030 57.2234
4024 7775 49.5578
4025 7993 128.598
4026 4634 76.9769
4027 6129 33.1884
4027 7430 102.956
4028 4218 83.8726
4028 5707 144.784
4029 4703 55.4997
4029 4841 83.7805
4029 5609 126.257
4030 4042 70.1689
4031 8218 15.7765
4032 4337 94.4629
4032 7083 32.7296
4032 7359 42.3192
4033 5473 75.1645
4034 6533 50.2468
4034 7324 75.5587
4035 7890 73.7767
4036 5124 59.2519
4036 8024 42.0285
4036 8503 29.486
4037 7947 46.9537
4037 8160 24.7163
4037 8335 65.8322
4037 8421 45.6907
4038 6213 43.7097
4038 7008 11.8749
4040 5805 60.8947
4040 7265 121.123
4041 7500 75.5102
4041 8015 56.5875
4041 8259 37.0175
4042 4145 54.2366
4042 7154 119.381
4043 6293 22.9148
4043 7113 118.223
4044 5168 59.55
4044 6440 72.0118
4044 7129 94.7407
4045 6328 58.6125
4046 6335 60.8972
4046 7272 91.055
4046 7913 97.7015
4046 8211 51.7545
4047 4099 40.0266
4047 5176 55.0875
4047 6523 51.6916
4047 7462 39.3893
4048 4077 24.7885
4048 8354 68.7312
4049 7570 81.1465
4050 5187 69.4308
4050 8187 76.7986
4052 4296 26.666
4052 6022 61.1433
4052 7088 88.1417
4052 8250 57.6273
4053 5362 7.66412
4053 5740 23.9714
4054 4355 1.57528
4054 5445 57.7758
4054 6411 50.2467
4055 4129 39.378
4055 4130 23.0735
4055 7007 56.607
4056 6392 14.9332
4056 7757 43.3516
4057 4150 30.1771
4057 7016 63.288
4058 4833 84.6545
4059 7865 69.1853
4060 7538 103.913
4060 8016 50.7244
4061 8554 14.8807
4062 7582 89.8114
4062 8433 120.256
4063 4444 61.5375
4063 6617 109.187
4064 8305 34.4067
4065 6131 41.5852
4065 8163 47.7583
4066 7530 82.0999
4067 4925 75.2738
4067 6413 47.197
4068 4242 94.323
4068 6484 52.2044
4068 6842 48.3608
4069 7554 48.4686
4069 7908 49.7725
4069 8002 35.3397
4069 8379 45.4333
4070 6207 43.6192
4071 6810 93.204
4072 6203 74.5025
4072 6893 12.4121
4073 4178 34.6914
4073 6006 86.0902
4073 8082 105.274
4074 4669 92.7021
4074 7475 64.9554
4075 5269 59.8136
4076 7507 79.9857
4076 8001 56.502
4077 5474 80.7458
4077 6338 76.0183
4078 5083 83.2099
4078 5381 61.1242
4079 5464 88.1178
4079 5966 71.6108
4080 7017 91.8432
4080 7917 46.9088
4081 4695 73.9975
4081 5413 16.9802
4081 8441 134.843
4082 4409 47.2372
4082 5920 36.2936
4082 7528 54.5786
4083 4596 101.416
4083 4638 59.6566
4084 4490 23.5918
4085 6512 50.2185
4085 7638 38.9077
4086 4891 60.8844
4086 5465 61.6323
4086 8218 37.3929
4088 7031 42.3631
4090 6605 30.2757
4090 7981 61.4929
4091 4396 51.5475
4091 4921 83.4182
4091 5305 67.1419
4091 6961 41.0064
4092 5626 79.3148
4092 7877 46.7974
4092 8222 52.2323
4093 6086 42.5575
4093 7145 68.3297
4094 6216 51.9292
4094 6875 118.85
4094 8149 59.0877
4095 4812 65.6707
4095 5875 23.4741
4095 5931 71.2255
4095 6326 62.8996
4096 7106 54.585
4096 7549 44.406
4096 7560 123.907
4097 6458 78.8521
4097 6829 77.4106
4098 4379 73.1857
4098 6669 51.8528
4098 7194 37.3042
4099 6523 7.79853
4099 7685 26.651
4100 4517 70.9041
4100 5042 84.6932
4100 5373 83.1245
4100 6029 49.5918
4101 7326 101.534
4102 4232 110.468
4102 4625 61.4387
4102 7919 32.8612
4103 6192 33.0178
4103 8347 52.4912
4104 4137 68.0654
4104 5629 72.3525
4104 7934 32.6534
4105 4328 72.5481
4105 6948 63.8954
4105 6982 87.1521
4105 8061 75.4479
4106 4796 9.72865
4108 5118 27.8247
4108 6786 61.9724
4108 6936 79.8083
4109 4416 21.5729
4109 5719 57.0393
4109 6020 1.93262
4109 6942 12.5657
4111 4375 48.6657
4111 5085 43.9398
4111 6088 83.5218
4113 7236 89.1014
4113 7769 137.728
4114 5555 53.3029
4114 7375 115.539
4114 7562 116.471
4114 8514 89.1252
4115 4117 60.5383
4115 5804 20.5469
4117 4738 95.4388
4117 6077 97.5084
4117 6975 31.2679
4117 8271 23.0015
4117 8410 75.8987
4118 6124 29.4536
4119 7626 113.572
4119 8563 37.3486
4120 4283 77.1255
4120 5602 64.93
4120 7576 59.3351
4120 7593 80.888
4122 5443 55.7714
4122 6590 42.9241
4122 7854 86.2188
4122 7976 50.3968
4123 6908 63.3679
4123 8027 79.1341
4124 4668 103.28
4124 7868 93.9675
4125 5746 76.5024
4125 6807 83.5614
4125 7526 20.8788
4126 8096 36.8678
4127 4809 57.57
4127 6668 91.9786
4128 4145 60.8051
4128 8073 29.9704
4129 4130 37.3428
4129 6791 69.2312
4131 6302 13.3198
4132 4160 73.0443
4132 4620 54.857
4132 4889 50.0003
4133 4668 74.0501
4133 4988 55.6459
4133 5914 42.7541
4133 6471 37.0081
4134 4206 73.1973
4134 5794 98.7202
4134 6444 85.9449
4135 4804 71.1908
4135 5753 94.3003
4135 8190 51.667
4136 7406 64.6518
4136 8214 10.9238
4138 5243 56.3515
4138 8058 95.999
4139 7545 55.5232
4140 4184 81.4243
4140 4980 51.4272
4140 4981 73.7811
4141 4388 69.846
4141 5404 71.829
4141 5855 69.1303
4141 7995 49.028
4142 5719 103.983
4142 6583 36.1252
4143 5453 110.738
4144 5323 88.6153
4144 6386 52.1613
4146 4950 57.4553
4146 5709 11.2525
4146 6766 97.0591
4146 6958 29.3868
4148 5917 41.9143
4148 7826 85.092
4149 6496 25.8039
4149 8483 65.9306
4150 7016 90.5838
4150 7918 30.8235
4151 6057 116.35
4152 4906 61.0838
4152 6632 58.4057
4152 7445 54.7986
4153 4403 32.2525
4153 6077 76.5713
4154 4890 34.1016
4155 6516 88.2166
4155 7060 37.4252
4155 8356 70.5342
4157 8140 62.4364
4157 8306 29.9522
4159 4232 21.4147
4159 7777 68.444
4160 7294 74.0326
4160 8455 74.5208
4161 6253 87.0758
4161 7700 57.6822
4161 7701 78.1077
4162 4595 85.0871
4162 7397 65.4416
4163 4563 33.4963
4163 6728 15.3001
4163 6743 21.1166
4164 6228 32.9462
4164 6536 37.4167
4164 7249 64.8683
4164 7635 46.7547
4165 6017 74.9612
4165 6204 73.6478
4165 6872 59.4551
4166 6333 76.9124
4167 8111 73.8462
4167 8564 39.244
4168 4629 32.7826
4168 5139 106.566
4168 5855 49.7153
4168 7995 89.6397
4169 5915 50.2296
4170 5963 44.5238
4171 7996 19.335
4172 8132 40.5965
4173 4433 42.747
4173 8009 58.1728
4173 8338 61.6751
4174 4730 56.4546
4174 5653 96.2566
4174 7930 46.1301
4175 5457 38.7369
4175 5839 5.31943
4176 6854 10.8211
4177 7821 48.1523
4177 8380 65.0809
4178 6034 76.9447
4180 5623 14.5617
4181 6863 30.5257
4182 5131 149.119
4182 6962 130.564
4182 7022 69.6116
4182 7309 138.308
4184 6803 70.2966
4185 4852 100.969
4185 5180 91.0546
4186 4486 68.8384
4186 4887 47.9541
4186 6528 44.097
4187 6191 32.8961
4187 7612 95.2554
4188 4563 38.0264
4188 5924 47.8997
4189 5832 75.2917
4189 8176 61.7236
4189 8257 24.1537
4190 6500 28.4126
4190 8401 41.4476
4191 5406 66.7667
4191 6360 73.0771
4193 4264 79.5105
4193 4630 57.8437
4193 5716 43.9141
4194 6354 65.4683
4194 7275 34.7071
4195 7285 24.2232
4195 7331 34.8773
4197 6074 84.6477
4198 7379 28.6059
4198 8316 59.6514
4199 4828 30.4372
4199 5513 29.0255
4199 5601 37.8373
4199 7501 53.1922
4200 5145 91.8603
4201 5271 40.2356
4201 5363 43.4375
4201 5420 53.0136
4202 7843 27.3864
4203 5779 48.5094
4203 7866 2.43758
4203 8465 105.839
4204 4858 84.8508
4204 6635 83.8903
4205 4411 58.2404
4205 5665 27.3675
4206 5379 61.2514
4206 5794 95.0388
4207 5331 80.8728
4207 6657 103.467
4208 4273 94.1168
4208 5062 64.9865
4208 7838 80.9242
4209 5877 59.9987
4209 8103 19.5912
4209 8442 50.7406
4210 7012 23.0796
4211 4323 93.9049
4211 4551 63.3807
4212 5225 59.211
4212 7271 24.646
4212 8244 14.0889
4213 6619 33.5021
4213 7598 55.0516
4214 5548 10.818
4215 5722 48.8569
4215 5818 86.6469
4216 7156 64.0574
4217 5330 42.4278
4218 8265 100.897
4219 4692 42.4715
4219 6321 59.3664
4220 5821 28.1323
4220 5862 23.9228
4220 6681 20.3221
4221 4369 28.9232
4221 6362 18.2399
4222 6823 31.8425
4222 7718 27.1923
4223 5985 53.7622
4223 6248 3.76179
4223 8401 93.9854
4224 6211 99.6546
4225 5533 8.08913
4225 8275 7.25403
4226 5332 97.8895
4226 7053 28.6448
4226 7067 54.2482
4227 5975 68.8307
4227 8243 72.9153
4228 4397 159.449
4228 4431 85.2265
4228 8203 146.358
4229 5429 10.6167
4229 5770 29.6751
4229 7036 57.8074
4230 4284 59.7386
4230 5152 90.8357
4231 5810 46.8823
4231 6662 60.9106
4232 7919 95.1264
4233 6637 67.594
4234 6946 27.6634
4235 5418 62.4148
4235 5745 122.022
4235 7883 26.7019
4236 6127 89.2314
4237 6151 32.9558
4237 7280 65.5479
4238 5240 55.8409
4239 4545 49.2766
4239 5567 34.0895
4239 7274 58.6887
4241 4945 62.9914
4242 6842 40.6234
4243 4958 48.9406
4243 6855 71.8719
4243 7966 118.596
4244 8368 101.577
4245 4585 83.2765
4246 6648 34.2305
4246 6856 62.8116
4247 6060 77.2448
4247 8161 66.8036
4248 5131 95.9263
4248 6670 59.1313
4248 8290 110.884
4249 4666 82.4891
4250 4803 109.108
4250 6576 47.7453
4251 6205 51.6788
4251 7555 76.0528
4251 8267 49.8895
4253 4873 29.2764
4253 5091 38.4824
4254 6361 108.028
4255 7931 28.2186
4257 8068 46.6389
4258 6572 43.2258
4258 7548 47.9482
4258 8204 37.369
4259 5244 9.39168
4259 7778 39.7378
4260 7679 38.0913
4261 7030 72.9539
4261 7044 23.5716
4262 5313 68.5663
4263 6836 120.378
4264 6945 120.889
4265 5235 18.9217
4266 6513 5.18203
4266 7945 140.896
4267 4494 19.3382
4267 6206 56.6257
4268 5898 16.1754
4268 6319 37.0592
4269 6894 25.1018
4269 8532 33.8931
4270 5445 48.2401
4271 5496 54.6207
4271 8269 71.7534
4272 6340 124.849
4272 7506 27.1057
4273 7575 105.622
4273 7838 138.939
4274 6816 62.8047
4274 7972 54.9089
4275 5552 63.2627
4275 7251 77.6955
4275 7283 109.211
4276 7053 63.7299
4276 7617 12.3994
4277 4819 77.6495
4277 6990 5.71027
4277 8461 134.62
4278 4589 17.1032
4279 4457 30.7087
4280 5604 41.4981
4283 5602 21.2772
4284 4317 30.1756
4284 6398 58.872
4284 6653 31.8046
4285 5421 36.5609
4285 6769 58.6974
4286 4865 82.9487
4286 6954 43.0048
4287 5059 56.9051
4287 5496 35.4342
4287 8147 69.384
4288 5556 27.9643
4288 8079 9.64746
4289 4570 34.5532
4289 4746 117.18
4291 6715 49.0112
4291 7835 68.9595
4293 8522 75.643
4294 7578 61.3658
4296 6022 38.0426
4296 7088 91.6005
4297 4392 68.2465
4297 7442 62.7194
4299 5018 51.8086
4299 6030 50.7044
4300 6369 53.079
4300 8589 47.8211
4301 5262 20.5028
4302 4785 19.9237
4302 8345 121.701
4303 4959 32.5026
4303 6198 41.7095
4303 7856 42.8782
4304 5371 56.8747
4304 5399 29.9794
4304 6047 54.1193
4304 6301 66.6926
4304 8264 50.0227
4305 7862 145.309
4306 6800 36.5043
4307 5046 32.5904
4307 7979 54.9111
4308 4423 110.522
4308 8493 99.1657
4310 7260 113.009
4310 7810 23.2361
4310 8481 46.3417
4311 4948 33.7783
4311 8365 64.9029
4312 7151 33.8359
4312 7339 34.6823
4313 4973 36.5237
4314 4350 101.491
4314 6016 22.6378
4315 4316 40.0087
4315 6514 49.162
4316 6514 19.1904
4317 6398 40.2377
4317 6653 17.252
4317 7205 63.962
4319 5510 56.1107
4319 5663 15.5645
4319 6341 78.5887
4319 7808 60.144
4320 4576 141.343
4321 6122 41.8224
4322 4749 59.9546
4323 5511 90.9741
4323 6692 99.7449
4324 4597 49.3652
4324 8518 10.2356
4325 4916 71.6717
4325 7211 40.2705
4326 5018 24.7636
4326 5165 25.816
4326 6030 40.7672
4327 5950 40.7508
4327 7406 62.988
4328 4905 58.5543
4328 6948 56.7642
4328 8061 18.4434
4329 4631 49.8369
4329 6782 40.4775
4330 6617 109.49
4332 7124 71.641
4332 7196 53.825
4332 7894 96.4021
4333 4522 58.9715
4333 6895 44.2828
4333 6917 69.7441
4333 7855 32.3148
4335 7378 69.4328
4336 5758 73.1505
4336 6527 19.3109
4336 6887 30.846
4337 7359 49.0307
4339 5633 51.7932
4339 7914 93.487
4340 8175 88.2879
4341 4781 101.289
4342 6450 29.6539
4342 6884 99.7881
4343 4548 59.1593
4343 8427 71.1824
4344 4382 89.3774
4344 4804 49.491
4344 6461 49.2881
4344 6931 17.1688
4345 4876 36.2402
4345 7003 24.6893
4346 4957 17.6105
4346 4980 79.7244
4346 5442 49.8312
4346 6334 60.56
4346 6652 41.1651
4346 8127 28.2233
4347 4969 41.8568
4347 5683 108.362
4347 8375 139.954
4348 8376 156.492
4349 4455 66.4969
4349 8315 72.071
4351 4647 2.53547
4351 7973 66.7635
4351 8431 57.0762
4351 8439 68.3897
4352 6281 59.6592
4352 7299 14.8878
4353 6463 62.0971
4353 6726 104.224
4353 7119 92.7968
4354 4607 84.8555
4354 5992 67.2218
4354 6667 63.4317
4355 5445 38.9597
4355 6411 51.0671
4356 6222 48.4846
4358 5342 61.463
4359 7519 37.6852
4359 8423 68.6148
4360 7219 8.84235
4361 8058 86.7402
4361 8367 49.682
4363 4684 54.992
4363 5883 59.3468
4363 6230 66.0481
4364 8108 123.885
4365 5456 44.4127
4365 6264 82.9044
4365 6548 62.3367
4366 4800 14.1761
4367 5954 107.124
4368 7571 67.3908
4369 6362 46.4632
4372 4410 92.2887
4372 6195 74.1806
4372 8168 44.8997
4373 5948 10.3901
4373 6573 39.385
4374 4427 97.074
4374 4500 57.6197
4375 5085 68.3707
4375 8145 41.0192
4376 5388 69.6488
4377 4591 70.6926
4377 5486 85.9514
4377 7377 93.6968
4378 4595 133.123
4378 6628 73.057
4379 4595 20.8156
4379 6669 68.365
4379 6868 60.9373
4380 6363 48.2861
4380 7872 94.9732
4381 6602 64.292
4381 8381 44.7091
4382 6931 80.1568
4382 6958 94.6187
4383 5501 40.3638
4383 7108 47.0819
4383 7396 43.9632
4384 6024 120.472
4384 6541 130.961
4384 8428 82.7735
4385 4705 51.1493
4385 7297 40.684
4385 8171 41.7695
4386 4588 53.8922
4386 6563 13.0755
4387 5423 41.9618
4387 5587 29.0353
4387 6852 69.2416
4387 8118 91.2596
4388 5110 92.4703
4388 6745 70.0992
4389 5229 84.3575
4389 5895 57.5027
4389 6021 83.4922
4389 7967 57.5064
4390 4478 68.0135
4390 8391 54.4316
4391 5743 55.9621
4391 5994 45.3501
4391 7973 102.427
4392 5223 19.2538
4392 7442 29.1155
4394 6430 61.0508
4394 8165 26.2281
4395 5504 25.439
4395 7066 64.5301
4396 6961 61.4364
4396 7917 54.2076
4397 6774 118.583
4397 7550 92.56
4398 4553 80.9114
4398 7740 50.0584
4399 4427 37.9001
4399 5189 22.2439
4399 6740 40.6317
4400 7814 51.2604
4401 4490 92.6113
4401 5630 46.1849
4404 6621 37.2988
4404 7744 137.501
4405 6164 47.1942
4406 5260 40.5214
4406 5703 54.4682
4406 7132 62.3364
4406 7230 41.5717
4408 6261 49.4318
4409 7528 14.9882
4410 5271 24.6376
4410 5420 21.267
4410 8168 109.02
4411 5665 27.4355
4411 5776 53.1901
4412 4450 39.6467
4412 5109 10.5843
4412 7788 26.4056
4412 7898 34.0014
4413 5417 71.1507
4413 6680 26.6009
4414 5631 67.6716
4414 7574 65.0037
4415 6493 49.5917
4416 6020 22.7232
4416 6942 39.6412
4417 5308 44.5424
4417 5918 93.4134
4417 8576 46.2953
4418 5493 134.04
4418 6746 92.0162
4419 5826 16.5138
4419 6804 33.9488
4420 6682 9.5191
4420 8241 36.1083
4421 4448 80.9417
4421 5424 126.415
4421 5550 59.5321
4421 5929 58.6349
4422 6199 97.614
4422 8117 8.1113
4422 8121 110.584
4423 6638 23.9945
4423 7376 47.9649
4424 6415 48.8238
4424 7689 65.0567
4425 6180 22.8475
4425 6603 93.6232
4426 6838 29.552
4426 7895 38.9151
4427 5189 60.8346
4427 6740 45.6581
4428 4944 16.0846
4428 8063 31.0636
4429 4437 26.0797
4429 7210 75.7638
4430 5063 33.035
4430 5314 47.1942
4430 6873 8.79648
4431 8203 92.1758
4432 6491 137.413
4432 7013 89.2793
4433 4739 39.688
4433 8322 60.1637
4434 7586 45.4332
4434 7885 61.5083
4434 7938 13.7532
4436 6691 89.0525
4436 8523 67.8989
4437 4814 67.5413
4438 4717 71.1911
4438 4895 81.0637
4438 8184 129.919
4439 4887 57.8684
4439 5337 44.5546
4439 5407 20.5342
4440 5924 67.1225
4440 6121 85.7543
4440 8289 95.887
4440 8498 62.323
4441 7484 23.3577
4442 8263 57.5588
4443 6120 51.3748
4443 8234 39.9578
4445 5788 19.6258
4445 5789 170.171
4446 4632 5.53052
4447 5045 76.4058
4447 7847 50.2821
4447 8542 7.62741
4448 5424 109.812
4449 5183 47.2918
4449 5562 57.6084
4449 6764 49.7547
4450 5109 34.2926
4450 6702 100.625
4450 7898 32.0372
4451 5193 83.3209
4452 4743 49.4286
4453 5377 73.9711
4455 4974 110.384
4455 8315 78.9163
4455 8414 129.169
4456 4706 80.1335
4456 8346 95.8064
4457 7218 52.8494
4458 8587 90.8446
4459 4554 41.8796
4459 6794 34.7614
4460 6048 42.482
4460 8301 54.9728
4461 5137 105.936
4462 5704 95.1805
4462 5809 93.8677
4463 8150 27.2487
4464 4936 20.4079
4464 6134 61.8333
4465 8112 49.0542
4466 6426 82.4759
4466 7451 100.532
4467 5173 52.3174
4467 7010 45.1863
4468 4653 51.4119
4468 6083 16.8999
4468 7385 55.5122
4469 4825 62.6268
4469 5455 33.0291
4470 5029 82.5585
4470 6063 73.8299
4471 4905 95.5766
4472 5862 62.8015
4472 8342 34.5173
4473 6623 38.6632
4473 7395 74.6355
4474 4904 64.4159
4475 4917 64.2757
4475 7558 49.7841
4475 8012 40.8883
4476 4799 74.6187
4476 7312 32.51
4477 4790 71.3058
4477 5416 43.1637
4477 6289 35.3788
4478 4910 70.539
4478 5897 12.1335
4479 6535 21.5627
4479 7213 93.5419
4482 7649 63.1199
4482 8369 54.2254
4482 8370 21.4169
4483 4533 101.427
4484 6610 100.583
4484 7266 112.481
4485 6293 26.0145
4486 4887 23.1262
4486 6528 31.9812
4487 5230 44.1261
4487 7517 47.3539
4488 7107 46.8769
4489 6902 78.7523
4489 7096 111.897
4491 6215 96.3894
4491 6287 40.593
4491 6380 43.2901
4492 5075 35.1683
4492 7487 14.912
4493 4968 49.1359
4493 5835 61.1443
4493 5987 58.5296
4494 6206 40.1517
4495 7828 47.4054
4495 8005 21.6819
4496 4963 16.6609
4496 7674 33.7041
4498 5448 79.5916
4498 6242 61.9878
4499 5166 67.8422
4500 7695 74.369
4501 7235 128.725
4501 7366 78.1756
4502 4618 44.3517
4502 4678 46.0848
4502 4708 94.177
4502 7622 65.0614
4503 4689 34.4302
4503 4877 31.0904
4503 8260 8.61981
4504 6257 41.0124
4505 7193 28.8331
4505 7390 89.7297
4505 7521 50.3075
4507 6325 41.7489
4508 5303 139.585
4508 5597 131.083
4509 4699 51.326
4509 6213 54.4897
4509 6883 55.4649
4509 7561 50.7843
4511 5414 73.1523
4511 7132 69.9795
4512 8279 86.8257
4513 5237 25.342
4513 8317 47.2693
4514 5299 42.0572
4514 6007 22.2727
4515 4789 44.9216
4516 6741 13.4965
4516 8351 59.3599
4517 8205 99.0981
4518 6094 93.1847
4519 6585 139.959
4519 6722 45.6381
4519 7323 58.016
4519 7912 46.0888
4520 6786 35.672
4520 7723 34.6808
4520 7989 19.5512
4521 7305 72.2423
4521 8586 57.1644
4522 5544 91.7603
4522 6075 73.7891
4522 7855 46.5629
4522 8314 63.8647
4523 5011 35.2475
4524 8574 40.9483
4525 5028 66.3459
4526 6064 49.0293
4527 7924 52.7077
4528 7611 119.325
4528 7705 63.3823
4529 5735 42.8112
4529 7041 36.1767
4529 8355 78.8489
4530 5958 69.8907
4530 6096 83.0624
4530 6425 8.43768
4530 6711 19.897
4531 7978 60.9127
4532 4627 52.2487
4532 6066 30.1687
4533 5935 86.8011
4534 5689 75.5191
4534 5796 49.3799
4534 6565 54.1378
4534 7468 51.7064
4535 4745 77.7031
4535 5684 62.4444
4536 4750 42.1504
4536 8504 117.453
4537 4997 46.9582
4537 7867 45.3737
4538 6956 70.559
4538 7656 34.658
4538 8336 28.6504
4539 5470 74.5433
4539 7614 51.8181
4540 6356 77.4024
4541 4973 46.7169
4541 6439 31.5394
4542 6886 68.283
4543 4728 43.9421
4543 6795 44.6727
4543 7791 27.2004
4544 5783 66.0893
4544 7244 28.1719
4545 5567 35.8762
4545 6520 73.765
4546 7185 37.3616
4547 6838 72.9212
4547 7895 40.3977
4548 5168 41.6662
4549 5638 24.4471
4549 5723 8.26134
4550 4824 19.6357
4550 7328 42.6785
4551 8492 58.8465
4552 8415 107.296
4553 7740 7.24283
4553 8472 67.1582
4554 6794 48.9454
4554 8180 53.2536
4555 5273 115.847
4555 5885 39.2768
4555 5887 69.5157
4555 8519 45.0293
4556 8333 40.7859
4557 6234 59.3164
4558 4911 8.08656
4559 5100 35.4415
4560 5974 30.9826
4561 5242 96.7074
4561 6947 120.208
4562 5269 67.9457
4563 6728 13.5276
4563 6743 28.8596
4564 6274 43.1274
4566 4814 60.8987
4567 6959 78.4054
4568 7020 35.8141
4569 6159 38.7844
4570 4746 122.806
4571 4872 56.1266
4571 4939 86.7192
4571 7306 48.3732
4572 4797 92.5478
4572 4964 82.4765
4572 6721 84.7008
4572 6865 140.038
4572 7138 27.6191
4573 5793 78.8451
4573 5927 35.9528
4574 7511 12.1138
4574 8170 42.5845
4576 6833 54.0616
4576 8424 90.268
4577 7789 73.0022
4578 7974 45.9329
4579 8018 81.7611
4580 4862 46.8299
4580 5987 45.9619
4580 6225 36.844
4581 5720 45.2758
4581 6005 84.5943
4581 6296 53.2698
4582 4909 65.9641
4583 5442 131.349
4583 8127 83.7186
4584 7062 53.7594
4584 7560 69.7817
4584 8037 57.4159
4585 5310 113.546
4585 5946 27.8981
4586 4945 72.0576
4586 7006 39.7816
4587 7332 85.3824
4588 6563 49.4951
4590 8004 72.9643
4590 8364 70.2663
4591 5486 57.5066
4591 8028 48.5743
4592 4620 107.399
4592 4889 72.6969
4592 5214 95.9925
4593 5321 30.7721
4594 5502 96.7981
4594 7210 88.3166
4594 8162 54.8639
4596 7594 63.6983
4596 8487 56.4278
4597 8518 34.5851
4598 5007 22.4908
4598 5213 27.6348
4598 6076 13.5246
4599 6119 46.6143
4599 7061 31.4593
4599 7977 106.664
4600 7172 30.6027
4601 7380 82.0209
4601 7419 32.825
4602 6046 37.7691
4603 5699 72.1875
4603 6776 110.585
4603 8479 47.4237
4604 4959 68.49
4604 6198 40.5793
4605 7532 24.9639
4606 5122 15.2108
4606 5195 30.8109
4606 7374 54.0513
4607 4946 133.411
4607 6653 89.6484
4608 5726 30.0683
4608 6378 18.3996
4608 8444 48.5666
4609 8059 18.0746
4610 6847 34.5087
4610 7035 58.4171
4611 7440 81.9518
4612 4971 46.5864
4612 5734 24.3791
4612 6032 99.317
4613 7241 32.3461
4614 6467 85.5094
4615 4617 4.60951
4615 5696 39.9423
4615 6172 70.5217
4615 6506 48.3476
4616 5838 40.1231
4616 7029 22.8802
4616 7036 103.953
4617 6506 48.4916
4618 5860 51.8348
4618 7622 35.2258
4619 6944 82.3895
4619 8094 32.3732
4620 4889 44.5585
4620 6902 46.1686
4622 7090 92.8673
4622 7529 96.4927
4623 7171 48.4682
4625 6601 18.3139
4625 7919 31.8629
4627 5528 89.679
4627 6066 60.9752
4627 7099 50.078
4628 6131 54.3076
4628 8066 23.0136
4628 8141 42.0515
4629 5139 40.9317
4630 7387 76.7687
4631 6782 34.545
4631 7466 57.982
4633 8585 31.9506
4635 4828 69.4278
4635 7501 79.986
4636 6449 28.6882
4636 7103 81.011
4636 7960 58.5809
4637 4639 109.543
4637 5511 147.634
4639 7286 90.0109
4641 6557 30.017
4642 5902 53.3194
4644 5312 6.92302
4644 7427 52.6547
4644 8537 47.2478
4645 5022 19.8051
4646 6594 32.6465
4646 7106 20.3431
4646 7414 52.3718
4647 7973 57.7946
4647 8439 49.575
4648 5431 39.4362
4648 6510 95.1969
4649 5357 33.1978
4649 6689 103.735
4650 7772 95.4926
4650 7834 114.289
4651 5742 37.0553
4651 6570 91.7628
4651 6819 58.7193
4652 5843 22.2348
4653 6083 43.6929
4653 7385 16.6567
4654 7547 25.8639
4654 7581 31.2204
4654 7747 50.7511
4655 5906 107.402
4655 6459 119.491
4656 5079 51.4224
4657 7952 26.6829
4658 7397 86.5709
4659 4679 31.9016
4660 6530 68.7817
4661 4917 95.1021
4661 8318 63.879
4661 8473 91.5591
4662 7745 54.9651
4663 6548 77.8002
4664 7262 52.5539
4665 5410 52.9414
4665 5637 50.1067
4665 6463 97.3483
4665 7199 75.6037
4666 5688 48.3012
4667 5447 57.6034
4668 4988 17.0102
4668 6471 34.926
4669 7460 66.0835
4670 7359 59.4085
4671 5714 25.1416
4672 5054 32.4001
4672 7024 45.7233
4672 8361 72.9074
4673 4750 52.4554
4673 8366 23.3268
4674 5743 25.0466
4674 6351 82.9625
4675 5049 103.068
4676 5861 6.45147
4676 6998 17.8237
4676 7272 54.7347
4676 7474 63.9853
4676 7913 30.9574
4677 7048 60.1457
4678 7712 56.3208
4679 6360 67.6053
4679 6793 69.3679
4680 5134 52.0296
4680 5847 40.454
4680 6400 47.5907
4681 6252 36.3516
4681 7795 39.8931
4682 5854 48.3335
4682 5976 65.2601
4683 7756 68.301
4683 8086 83.5053
4685 7552 57.0281
4687 5540 87.0755
4687 7978 75.5876
4688 5140 29.4921
4688 5686 81.6347
4689 6082 31.1016
4690 5209 44.9755
4690 5488 65.0271
4691 5565 19.8317
4691 6777 26.9124
4692 7383 35.9535
4692 7661 86.8667
4693 5293 83.1807
4693 6151 66.5307
4693 6478 42.964
4694 5238 83.5791
4694 5765 65.0816
4694 6784 85.6028
4694 7960 81.0915
4694 8159 42.8852
4695 5413 50.2883
4695 6655 53.0669
4695 7002 50.1797
4696 5275 28.9979
4696 5538 36.4037
4696 6543 38.353
4696 6566 30.628
4696 7206 41.162
4697 6630 70.9081
4698 5941 37.4363
4698 8412 43.856
4699 6883 22.0362
4699 7561 64.9119
4700 7158 25.5311
4701 4735 71.8247
4701 7983 37.3991
4702 4851 84.1607
4703 4841 47.8416
4703 5609 100.902
4704 5833 29.1421
4705 7297 17.0399
4706 6015 34.2726
4707 4713 81.9431
4707 8087 57.4535
4708 5860 76.1879
4709 5951 62.8697
4709 7706 18.4898
4709 8515 73.914
4710 5635 54.7735
4711 4815 73.1404
4712 4823 110.673
4712 5024 61.2497
4712 5485 126.599
4713 8053 62.7809
4715 7180 43.3659
4715 7415 79.3947
4716 5689 32.5373
4716 5796 47.604
4716 5970 36.1188
4716 6145 2.7488
4717 4895 82.2197
4717 8184 29.428
4718 7325 30.3577
4718 7405 22.4779
4719 4802 137.019
4719 5023 58.5312
4719 5122 74.6267
4720 4813 24.6785
4720 5745 102.597
4721 5092 63.6905
4721 5755 86.4054
4722 8556 41.9965
4724 8282 98.6503
4725 4937 74.9976
4726 5901 37.434
4727 7001 48.6113
4727 7051 89.5114
4727 7604 66.1774
4728 7791 11.2351
4729 7345 45.3414
4730 5653 81.5314
4732 4749 70.6973
4732 6807 81.3017
4732 7526 94.6528
4732 8078 65.3954
4733 7015 75.1867
4734 5350 19.2713
4734 7634 16.3072
4734 8249 102.797
4735 6304 26.1427
4736 7460 67.0293
4737 5711 21.4439
4738 6975 66.1899
4738 8271 73.9397
4739 7645 71.4225
4739 8322 65.0471
4740 6167 35.9612
4740 6569 92.0362
4741 5712 25.3465
4741 5827 55.2835
4741 7279 60.0367
4742 4960 64.2512
4743 7738 39.0753
4744 5002 75.3517
4744 8043 125.073
4745 8326 50.1579
4746 5807 42.3946
4747 6742 122.635
4747 7004 126.206
4747 8102 61.5987
4748 5120 46.6957
4749 5669 38.6122
4749 6453 47.9566
4749 8078 18.4852
4750 8366 63.3509
4751 5343 28.4329
4751 5764 67.0289
4751 7985 21.918
4752 5200 78.3809
4752 7918 49.8357
4752 8357 54.1007
4753 6110 80.192
4754 7655 76.0004
4754 8114 13.1548
4754 8516 49.7151
4755 5255 30.3785
4755 7333 32.2023
4755 8297 40.507
4756 6429 90.5041
4757 6488 150.199
4758 5218 42.1522
4758 5977 77.9279
4758 6834 103.158
4759 5988 44.1467
4759 6174 25.2505
4759 7551 52.8092
4759 8242 38.2965
4760 6206 33.8509
4760 8040 80.0543
4760 8499 86.015
4761 5128 77.2083
4762 8291 53.4885
4763 7232 80.6418
4763 7628 34.7219
4764 4966 54.1704
4764 5904 33.3083
4765 7638 55.4769
4765 8489 85.2955
4766 5022 32.6771
4766 5352 101.879
4767 6284 119.855
4767 7796 114.112
4767 8007 21.7943
4768 4772 61.2212
4768 8143 89.3228
4769 7309 22.713
4770 5228 90.4069
4770 5747 16.6087
4770 6645 91.5264
4771 6979 74.2504
4772 8143 48.2329
4773 8485 63.7561
4774 5001 126.27
4774 5693 36.2523
4774 8298 44.6182
4775 5212 38.0211
4775 5841 51.4953
4775 6918 94.665
4776 7296 28.8016
4776 8106 15.6605
4777 6806 41.465
4777 7068 33.146
4777 7276 24.0494
4778 5071 54.7495
4778 7549 72.8864
4779 8337 32.5252
4780 5919 69.3721
4780 6130 75.2329
4781 5171 17.7299
4783 4914 33.3904
4783 7346 90.6251
4783 8406 76.6339
4784 7489 77.9769
4784 7754 80.648
4785 5523 131.097
4785 8345 106.107
4787 5650 72.4598
4787 7721 10.3252
4788 8160 88.0368
4790 5416 82.6664
4790 6289 57.1595
4791 5097 67.2612
4791 7876 68.8517
4791 8230 110.498
4792 5241 65.1798
4792 7364 71.4687
4794 7727 74.3641
4795 5872 87.3131
4795 8151 52.5283
4795 8247 88.9545
4797 5016 86.6409
4797 6865 31.3214
4797 7595 95.9558
4798 5206 68.947
4799 5462 124.019
4799 7312 63.3783
4799 7563 97.133
4800 7321 68.516
4801 6963 63.5183
4801 8468 82.5717
4803 6829 59.922
4803 8579 62.3878
4804 6461 43.9654
4804 6931 56.8741
4805 7868 57.852
4806 6988 41.6729
4806 7610 36.9271
4807 6603 56.2288
4808 5678 31.1822
4808 5752 52.9443
4809 6668 29.0806
4810 5672 45.682
4810 6954 64.6499
4811 5019 16.7241
4811 5158 23.7709
4811 6866 24.9762
4812 5875 69.1676
4812 5931 40.0478
4812 6164 52.1724
4814 7925 45.4036
4814 8407 83.2499
4815 7268 48.6501
4817 5916 18.2167
4817 6499 70.7468
4818 7200 73.1631
4818 8032 44.7192
4819 6990 59.9999
4820 5203 58.5868
4820 7222 64.3953
4821 5242 109.104
4821 6947 77.3859
4821 8545 69.7588
4822 6697 72.5696
4823 4920 126.218
4823 8362 56.181
4824 7328 65.9462
4825 7825 86.8365
4826 6240 108.751
4827 5072 64.3831
4827 7566 113.977
4828 5513 62.7294
4828 7501 37.9503
4829 6481 25.2421
4829 6614 105.636
4830 4893 133.77
4830 6144 59.0993
4830 7122 74.0972
4831 5599 68.8176
4832 6900 49.317
4832 8274 52.4914
4833 4856 108.319
4833 5369 147.853
4834 6193 59.3742
4834 6215 84.3366
4835 5890 10.8059
4835 8387 87.7482
4836 6199 42.4716
4836 8121 11.4711
4837 7741 32.6245
4840 5748 50.8851
4840 5806 65.3429
4840 7033 69.6367
4841 5609 57.7545
4842 6152 17.3898
4842 7360 13.6848
4843 4998 130.856
4843 5428 113.296
4843 7041 56.2928
4843 8355 35.711
4844 7146 65.6614
4845 4995 35.9144
4846 5545 78.1918
4846 5983 47.918
4847 5085 42.4356
4847 6396 31.1493
4848 5232 42.6119
4848 7557 61.4494
4849 7089 21.6718
4849 8293 56.4313
4849 8506 51.336
4850 5553 32.257
4851 5757 54.5619
4851 6251 47.4256
4851 6785 46.7911
4852 5180 82.7632
4852 7209 74.7904
4854 5571 26.6636
4854 6718 22.6206
4855 6092 71.4662
4855 7015 29.1281
4855 8526 52.0708
4856 5369 56.9384
4857 7477 53.1088
4858 7836 71.7431
4859 6243 48.0305
4860 7646 126.819
4860 7987 28.1783
4861 5435 54.5989
4861 6775 56.2091
4862 6225 36.7181
4862 6417 94.1433
4863 5488 88.9967
4864 5386 45.6675
4864 6388 22.6913
4865 6954 72.0612
4866 5778 72.5434
4866 7998 53.6102
4867 5003 84.9861
4867 5138 101.804
4869 5148 31.4407
4869 6092 61.8811
4869 7878 107.872
4870 5923 108.231
4872 4939 63.8939
4872 7306 98.6323
4873 5091 59.3909
4874 8517 83.0538
4875 6949 40.0468
4876 7003 57.3795
4877 8260 13.7567
4878 7100 52.9266
4878 7781 68.3566
4878 7833 29.0898
4879 5087 78.4246
4879 8296 90.5279
4880 7473 44.8559
4880 7479 82.1663
4881 6699 97.5961
4881 7143 113.748
4881 8046 64.3233
4881 8501 15.4731
4882 6310 68.5116
4882 6639 108.947
4882 7923 73.1885
4883 6712 76.2726
4883 6879 57.3969
4884 5058 61.1268
4884 5671 65.2886
4885 4907 117.21
4886 7602 68.2075
4886 8080 22.7714
4887 5337 21.8272
4888 7879 30.2257
4890 5558 55.1352
4891 5465 44.9669
4891 7203 55.0033
4892 5031 55.853
4892 6544 41.7492
4893 6144 66.4895
4893 7122 65.1745
4894 5207 128.077
4894 6252 18.9673
4894 6966 71.9151
4896 5097 47.4117
4896 7876 20.8081
4897 5289 39.6885
4897 5622 55.3012
4898 8151 89.6107
4900 6702 44.7744
4900 8198 35.6942
4901 4923 28.3376
4901 5822 67.447
4901 8084 62.5601
4902 5067 127.385
4902 5707 72.7719
4903 6385 82.9063
4905 6982 70.785
4905 8061 34.0124
4906 6632 53.7337
4907 5266 14.515
4908 7809 99.3671
4909 7834 43.7293
4910 5897 78.585
4910 8590 106.284
4911 8413 67.3443
4912 5136 95.2191
4912 5325 27.5522
4912 5653 28.1762
4912 7957 36.1403
4913 5344 60.6605
4913 7505 20.7016
4913 8500 36.3805
4914 7346 47.9952
4914 8406 65.4028
4915 8426 61.0189
4916 5290 96.8991
4917 8318 130.853
4918 6433 55.1053
4918 7694 94.508
4918 8585 65.211
4919 5522 16.0615
4920 5375 71.2417
4920 8362 44.7472
4921 6961 25.301
4922 5662 21.1301
4922 5774 24.5998
4923 5694 48.5132
4923 8084 26.9839
4924 7532 41.9349
4925 6413 28.9476
4925 6611 40.2054
4925 8051 73.2635
4927 6599 76.0546
4927 6858 106.928
4927 7358 30.7318
4928 7901 58.7388
4928 8109 68.4873
4929 5976 61.2127
4929 6181 59.6306
4929 7625 65.78
4931 5199 48.0557
4931 5280 12.4118
4931 7429 28.4549
4932 7615 56.5103
4933 6839 31.566
4934 4978 61.3374
4934 6981 57.4705
4934 7288 30.837
4935 6195 50.3411
4935 7069 30.0895
4935 7150 81.6717
4936 6134 54.9686
4938 5700 29.2638
4938 8445 59.0268
4939 7994 72.327
4940 5449 3.89699
4940 7821 23.1811
4941 5385 26.8567
4941 7042 5.93913
4942 6594 72.0264
4942 7414 53.1997
4943 5265 48.6381
4943 6128 41.0043
4943 6705 52.3158
4944 8063 39.6384
4946 5936 47.8937
4946 7369 86.9464
4947 5951 51.0891
4947 7256 32.2409
4949 6700 84.692
4949 6980 112.595
4949 7751 84.8851
4950 5709 50.3726
4950 6958 106.878
4950 7782 56.6595
4950 7813 43.2634
4951 5633 79.3143
4951 6885 53.7658
4952 5782 33.8166
4952 6201 121.988
4952 6916 89.0076
4952 7922 92.6752
4953 7319 73.824
4953 7998 82.8844
4954 5014 51.8416
4954 6504 91.4335
4955 6079 45.0917
4955 7407 99.0346
4955 7940 99.0795
4956 6314 41.3753
4957 5442 53.9098
4957 6334 49.5915
4957 6652 35.8659
4957 8127 18.5275
4958 6855 87.0191
4958 7966 101.015
4959 5803 109.839
4959 6198 19.3333
4959 7856 38.619
4961 5603 19.1762
4961 6415 75.6421
4961 6979 81.2114
4962 6892 45.4488
4962 7681 72.0773
4963 7674 59.6065
4964 6721 42.748
4964 7138 45.722
4965 5394 96.6707
4965 5834 25.4399
4966 5904 77.7472
4966 6674 35.5844
4966 8453 10.3314
4967 5304 55.9585
4967 5698 23.8909
4967 7064 24.5389
4968 5835 70.1784
4969 5683 65.7599
4970 5478 55.1225
4970 8295 102.493
4971 5734 37.3639
4972 6353 28.4365
4972 8132 64.9097
4973 6439 67.5983
4974 6351 34.0218
4974 7660 75.2663
4974 8414 65.5212
4975 7624 54.5333
4975 8285 88.3939
4976 5935 52.6409
4976 6072 82.6122
4976 7448 86.7675
4977 7735 52.3345
4977 7986 49.4646
4978 6981 7.04007
4979 5683 91.9112
4980 4981 52.301
4980 6652 56.807
4981 8235 65.2688
4982 5084 69.1671
4982 5391 107.777
4983 5231 66.7808
4984 6068 53.5091
4984 6345 30.1014
4984 6731 19.8432
4985 8367 79.0533
4986 6524 64.877
4988 6471 56.4029
4989 6577 44.2509
4990 5956 57.1447
4990 5971 85.4813
4991 6229 23.3941
4991 8456 27.6374
4992 5317 69.7224
4992 7509 88.3336
4992 8459 89.8508
4993 8419 9.19198
4994 8277 101.542
4995 7279 57.1278
4995 8280 52.396
4996 6004 74.323
4996 6039 90.9336
4997 7928 40.958
4998 5576 58.5479
4998 8355 62.1784
4999 8472 162.305
5000 7729 59.4715
5000 8478 67.507
5003 6210 21.9758
5003 6879 88.1709
5004 6589 77.4321
5004 6670 14.1415
5004 8290 66.0772
5005 5281 119.179
5006 5652 54.9823
5006 6720 87.2082
5007 5213 31.9872
5007 6076 8.50971
5008 6984 20.0532
5009 7005 98.4852
5009 7095 50.0554
5009 7418 81.0333
5009 7663 59.4808
5010 7200 87.7411
5011 8004 68.5051
5012 7980 115.276
5013 5062 103.723
5013 6890 72.5383
5014 6119 53.5185
5015 5900 64.9074
5015 6347 53.3644
5015 6802 46.444
5016 6721 91.3966
5016 7138 70.3769
5017 5995 103.7
5017 7104 31.2547
5018 5165 54.329
5018 6030 40.9013
5018 6150 44.2563
5019 5158 42.9826
5019 6158 77.7359
5019 6866 30.3396
5020 5651 78.3233
5023 7901 41.5141
5025 6604 50.8535
5026 7593 16.1832
5027 6339 43.8472
5027 8272 29.5413
5028 6567 59.2556
5028 7830 83.5697
5028 8508 72.7414
5029 6137 92.6439
5029 7571 69.7265
5031 5737 58.1234
5031 7677 65.3322
5032 6023 87.182
5032 6127 86.3545
5032 7214 55.5464
5033 7742 85.7859
5034 5759 29.9439
5034 5779 117.248
5035 7159 50.8722
5036 6532 11.2224
5036 7192 50.972
5037 5236 45.2651
5037 6087 47.7065
5037 7930 55.0472
5037 8389 97.1627
5038 6348 61.663
5038 7289 114.382
5039 7235 82.676
5039 7366 60.1129
5040 6481 72.5893
5040 6614 59.3828
5041 5576 94.62
5041 5812 89.9658
5041 7093 35.3512
5041 8183 109.782
5042 7884 61.0682
5042 8110 56.5128
5043 6750 42.1449
5043 7162 21.4735
5044 6819 53.6633
5045 8542 77.1443
5046 7979 35.8417
5047 6033 94.9584
5047 6910 41.1631
5047 7176 34.9058
5047 8470 73.5298
5051 5204 17.3094
5051 5485 60.7067
5051 6306 66.7912
5052 6554 33.8426
5052 6882 24.0128
5053 5080 53.4291
5053 7453 57.7269
5053 7858 33.0791
5054 7024 50.4251
5054 7298 24.364
5055 8057 91.0165
5056 5947 37.7973
5056 7120 87.6151
5057 6101 59.0531
5058 5671 50.0984
5058 7045 61.1759
5059 6244 75.5604
5060 5721 52.493
5060 5955 8.84491
5060 8553 88.0102
5061 7047 87.0979
5061 7880 35.7839
5062 5961 59.4504
5062 6890 81.1393
5062 7838 75.4905
5063 6873 41.9594
5063 7147 56.3091
5064 8591 42.4492
5065 6102 41.0923
5065 8341 85.5777
5066 8469 54.9572
5070 6190 79.8381
5071 5405 20.3039
5071 6170 17.0232
5072 7160 34.9455
5073 6531 88.5819
5073 7370 76.7984
5074 6025 63.2745
5074 6432 44.2261
5074 7852 68.6666
5075 6822 68.4525
5075 7487 33.8877
5076 6744 15.0796
5076 7413 13.9589
5076 8505 137.966
5077 6093 19.8277
5077 8231 75.371
5078 5508 26.1484
5078 6694 27.7453
5078 7300 85.5265
5079 7402 79.0845
5080 7858 78.3028
5082 7314 57.2976
5082 7720 85.6836
5082 7822 72.0253
5083 7989 55.6735
5084 6377 56.1024
5084 6690 78.6719
5085 6004 66.5198
5085 6396 35.6569
5086 7870 18.7149
5088 5573 49.25
5088 7780 47.1009
5089 6133 42.8043
5089 6976 40.0424
5090 5203 81.5099
5090 5869 66.5001
5091 8509 70.5654
5092 5755 77.5871
5093 5661 20.9291
5093 6494 26.5822
5095 5454 51.0051
5095 7227 67.1405
5096 6734 110.008
5096 7845 113.151
5097 5569 30.6845
5097 7876 25.8126
5098 6577 69.7699
5101 7788 37.7923
5101 8387 54.0228
5102 5214 94.5751
5104 7683 24.181
5105 5217 29.5135
5105 6323 72.2292
5106 5650 52.2607
5108 6928 61.2242
5109 7788 54.5042
5109 7898 34.5721
5111 5943 74.9621
5112 5588 45.5619
5112 6898 24.3849
5113 6497 55.0983
5114 7477 52.2086
5115 6618 49.425
5116 5274 20.1873
5117 7829 74.3975
5117 7944 112.029
5118 6696 76.1565
5118 6936 80.3986
5119 5697 77.9212
5119 8329 44.6848
5122 5195 28.6299
5122 7374 84.6151
5123 5926 85.2497
5124 6723 74.4541
5124 8503 45.2079
5125 5329 77.9223
5125 7673 5.36615
5126 5401 72.2763
5127 5384 56.6667
5129 5578 36.5207
5129 7920 31.6789
5130 7398 44.2903
5130 8559 43.1787
5131 8290 109.222
5132 6016 56.9325
5133 5762 79.1273
5133 8398 98.1273
5134 6132 85.2304
5134 6400 23.5385
5135 6451 79.1015
5135 7057 87.789
5135 7886 55.9184
5136 5515 34.6636
5136 6355 73.167
5138 5880 64.6253
5140 5686 76.7698
5141 7629 29.1023
5142 7307 26.9594
5142 8304 59.3176
5143 5486 89.3727
5145 7932 36.4579
5145 8018 76.0502
5146 5349 85.5953
5146 6228 32.9739
5146 8548 63.9296
5149 5254 117.141
5150 5968 28.2125
5151 7116 135.834
5152 5580 39.4582
5152 7443 36.7136
5153 6692 80.2894
5153 7114 108.744
5153 8388 41.998
5154 7253 87.6028
5154 8102 89.7244
5155 6369 18.3512
5155 6508 87.4022
5156 6490 45.6078
5156 8255 24.2118
5157 5577 93.3681
5157 8467 88.387
5158 6560 56.8325
5158 6658 29.348
5158 6866 38.4853
5159 5306 77.3491
5160 5426 12.7596
5161 5179 121.834
5161 7027 92.2165
5162 7546 119.584
5163 7650 82.0767
5164 5706 57.7055
5164 7255 81.9379
5165 6030 58.682
5166 6633 79.3642
5167 5622 67.9031
5167 8017 85.6501
5169 6823 58.674
5169 7193 74.403
5169 7818 92.9154
5170 5659 69.028
5170 7980 78.0566
5171 7161 126.198
5172 6843 15.7395
5172 7079 54.0609
5173 7010 84.9627
5174 6558 28.8531
5174 6937 57.5737
5175 7410 52.5589
5175 7422 41.5608
5176 5791 101.136
5176 7462 34.9547
5176 7587 90.0238
5177 7341 114.914
5178 5611 69.9046
5179 6456 63.167
5179 6532 86.7859
5180 7209 18.4959
5181 5246 55.9654
5181 6263 37.8046
5183 6637 54.6981
5183 6764 33.0073
5183 7607 62.2479
5184 5581 35.9859
5184 6095 68.4131
5184 8297 99.6235
5186 6421 63.902
5187 5423 48.4732
5187 8105 83.3065
5188 5258 69.8422
5188 6138 48.5542
5188 8090 77.0918
5189 8182 72.5948
5190 5224 34.3651
5191 8293 54.3239
5192 6163 78.1485
5192 8086 6.66213
5193 6900 77.175
5194 6492 39.5231
5195 7374 35.0741
5196 6189 32.6558
5196 6431 48.5946
5196 6484 68.9189
5196 7731 37.1059
5196 8386 34.0525
5197 6056 69.3679
5198 6037 38.3148
5198 6135 21.4842
5198 6218 94.2525
5198 7933 36.3487
5199 5280 47.8275
5199 7457 17.0111
5199 7745 67.8961
5201 7640 45.7137
5202 6920 35.193
5202 7661 23.8664
5202 8510 21.3649
5203 5869 84.3994
5204 5485 73.4175
5205 7411 88.0534
5206 7776 47.0337
5207 6966 40.1894
5209 5488 56.4977
5210 8124 82.1524
5211 8174 47.7565
5212 5501 55.7251
5212 5841 65.8821
5212 7108 58.8551
5213 6076 19.3667
5213 7246 62.4017
5214 8197 43.1477
5215 5811 36.9379
5215 8475 25.2412
5216 7714 78.153
5216 7725 24.7368
5217 7117 66.5458
5218 6834 47.7335
5219 5345 65.2776
5219 6738 25.6211
5219 8262 24.4665
5220 7223 92.203
5220 7644 69.725
5220 8064 53.6849
5221 5733 68.926
5221 7479 45.5675
5222 5825 89.9426
5222 7033 120.066
5223 7442 55.1973
5223 7990 73.9856
5225 8244 72.4592
5226 6634 30.534
5226 7144 27.7655
5227 5397 98.2626
5227 7126 22.0634
5227 7601 88.7567
5228 6645 39.238
5229 5819 62.1854
5229 6021 29.4962
5230 6184 31.4415
5231 5792 99.6014
5231 6166 49.8585
5232 5819 105.15
5232 7557 97.3502
5233 5476 116.447
5233 6401 77.2627
5234 6817 100.074
5235 7644 41.7839
5236 6169 114.462
5237 7842 107.192
5237 8317 49.2033
5238 5765 46.366
5238 7960 56.2528
5239 5453 51.7365
5241 7364 15.7196
5241 8349 47.4641
5242 6947 95.4742
5243 8166 27.375
5244 7778 29.7867
5247 5836 47.2771
5247 6061 107.874
5249 5298 21.4511
5249 6224 57.111
5249 6706 45.9207
5250 6385 71.4303
5251 5318 87.6858
5252 5893 47.6812
5255 7333 36.7364
5255 8297 58.7401
5256 7054 59.209
5256 7867 70.5424
5257 5532 78.2467
5257 5590 57.9557
5257 8539 69.7725
5258 6138 31.1691
5261 6163 45.4382
5262 7335 72.8414
5263 7715 4.01654
5264 8143 69.3125
5264 8375 67.8135
5265 6237 56.8192
5265 6705 48.4715
5267 7034 37.9611
5267 7625 60.3442
5268 5728 56.7072
5270 6773 41.8204
5270 8270 61.072
5271 5363 120.48
5271 5420 10.7922
5272 6391 54.0678
5272 8057 55.9862
5273 6113 32.8691
5273 7630 55.8316
5274 7581 62.1537
5275 5538 25.6932
5275 6543 12.3621
5275 6566 37.509
5276 6009 82.7186
5276 7904 124.241
5276 8433 96.6225
5277 6464 26.0403
5277 6965 38.9098
5278 7067 45.5672
5280 7429 26.2319
5280 7457 28.0189
5281 8095 80.0755
5282 6474 9.26511
5282 8026 135.881
5282 8171 65.3867
5284 6324 88.9623
5284 6806 65.0429
5285 5547 25.6056
5285 6349 41.062
5285 7260 149.683
5286 5376 22.841
5286 6143 71.2348
5286 7976 74.3711
5287 5997 41.5805
5288 5912 94.581
5290 6018 106.201
5291 7869 68.1583
5292 6249 65.429
5293 6478 17.5052
5294 6629 46.4314
5295 6700 60.993
5295 6825 54.5487
5295 8104 88.1646
5296 5701 13.6295
5296 6635 103.485
5296 7381 38.12
5298 8346 33.6751
5299 6007 25.9403
5300 5572 80.7981
5300 7991 146.666
5301 6346 8.78119
5303 8313 119.749
5304 5698 30.9475
5304 7064 71.3161
5306 8326 80.3657
5306 8507 71.0683
5307 6089 80.6494
5307 6595 36.3246
5307 8324 79.031
5308 8576 27.0274
5309 6401 69.9769
5311 6075 66.8547
5311 8112 33.1876
5312 7427 35.4631
5312 8537 50.0178
5313 6312 51.7972
5314 6873 44.808
5314 7391 49.8554
5315 8236 25.6746
5316 5347 97.5065
5316 6673 74.0628
5318 8328 56.3606
5320 5911 33.1696
5320 8373 59.4312
5321 5879 91.6007
5322 6622 43.848
5322 7334 84.0304
5323 6386 40.5738
5324 6434 42.181
5324 6668 37.0534
5325 5653 50.6103
5325 7957 46.6265
5326 7436 75.8098
5327 6173 36.6009
5328 5335 54.0316
5328 7819 38.6895
5329 6802 30.8118
5329 7673 50.5245
5330 6999 92.6337
5331 6355 94.4437
5332 7067 52.004
5333 6222 60.9571
5333 6788 51.2969
5334 6930 49.749
5335 7819 23.4639
5336 6313 112.486
5336 7101 66.8947
5336 7230 51.8132
5337 5407 24.9373
5338 6123 30.5413
5338 7782 29.3649
5338 7813 37.0472
5339 5438 65.8355
5339 5570 82.6231
5340 7825 58.2048
5341 6013 32.3444
5341 7238 63.6211
5341 8374 51.1395
5343 5764 28.1427
5343 7985 50.5826
5344 7505 13.4706
5344 8471 68.4503
5344 8500 65.3567
5345 6738 46.7447
5345 8262 31.385
5346 6714 66.3343
5346 7480 48.5007
5347 6002 157.678
5347 6673 73.6346
5348 6945 60.5186
5349 8548 28.1236
5350 7634 4.73817
5351 7820 51.5374
5353 6243 39.7806
5353 7252 37.9383
5354 6104 80.2257
5355 6938 41.717
5355 8138 61.1555
5356 5780 18.9305
5356 6156 70.5858
5356 7734 86.7973
5356 8543 75.8155
5357 6798 118.214
5358 7709 45.4949
5359 7165 37.6693
5360 7045 74.0958
5361 6826 49.2997
5361 8000 33.2389
5361 8036 47.5722
5361 8091 74.6244
5362 5740 19.6903
5363 5420 103.462
5364 6941 39.772
5365 5981 77.0926
5366 5973 53.2607
5367 5482 85.8646
5367 7149 49.6547
5367 7736 98.8977
5368 8396 70.9912
5371 5399 19.3309
5371 6301 10.9011
5371 7058 94.234
5372 8567 56.7107
5373 6029 5.11417
5373 6850 67.4571
5374 6608 41.0944
5374 7702 23.2251
5374 7926 81.6223
5375 6956 74.8253
5376 7976 49.4461
5377 5798 40.2514
5377 5989 59.2991
5378 7109 35.4808
5380 6929 12.8691
5383 5928 46.177
5383 8340 38.8681
5385 7042 34.9632
5385 8060 63.7957
5386 6388 44.6266
5386 8452 48.8763
5387 7348 41.8504
5388 8294 51.265
5389 5932 64.1159
5389 7599 95.8254
5389 8043 78.5542
5390 7712 46.5154
5391 6112 121.594
5391 7390 118.466
5392 5667 61.7474
5392 7168 49.7391
5392 8536 65.5777
5393 5400 32.819
5396 7239 99.6312
5397 7601 21.0536
5398 8424 71.382
5399 6301 26.6244
5402 5430 59.8937
5402 7125 77.3666
5403 7670 47.1296
5404 7691 80.2551
5405 6170 5.82702
5406 6360 9.87331
5408 6949 101.221
5410 6463 81.4298
5410 7000 54.9491
5411 5462 49.3874
5411 6762 105.669
5411 7312 98.4659
5412 5522 42.6458
5412 6363 72.9861
5413 6655 72.3216
5413 8441 93.196
5416 6289 13.0679
5418 5745 27.8207
5418 7883 58.6809
5419 7464 32.1055
5421 5754 42.709
5421 6457 58.5489
5421 6769 84.5403
5422 5890 83.4079
5422 6702 84.4756
5422 8387 96.4113
5423 5587 105.344
5423 8105 55.324
5426 7393 57.4205
5427 7652 41.4724
5427 7693 45.3622
5427 7703 12.4507
5428 7041 74.4047
5429 5770 52.3757
5429 7036 56.161
5430 7125 64.5569
5431 5606 81.0754
5432 7390 69.645
5432 7497 50.7526
5433 8181 60.3022
5434 5786 45.4577
5434 6266 74.9698
5434 6857 34.7327
5436 6032 83.9373
5436 6109 107.782
5436 6330 58.9239
5437 6565 61.2682
5437 8076 104.866
5438 7959 27.8368
5440 6018 84.2327
5440 7583 69.3525
5441 7059 57.5118
5441 7851 72.2772
5442 6334 68.5846
5442 8127 49.5936
5443 6590 39.6395
5445 6411 27.5594
5446 7880 104.98
5448 8016 82.5615
5449 7821 36.8604
5453 8176 41.5909
5455 7825 70.6093
5456 8278 97.1085
5457 5839 57.2912
5457 7350 73.9451
5457 7476 85.7688
5458 5913 42.0017
5459 7512 56.3101
5461 7352 72.3711
5462 7312 123.91
5463 6977 11.9691
5464 8101 55.1296
5465 7203 58.1657
5466 6755 60.3993
5466 7779 53.4094
5467 5979 127.499
5467 7763 41.2022
5468 6618 57.8227
5468 6780 28.853
5468 8128 61.8162
5469 5547 96.4674
5470 5883 52.3803
5471 5870 94.8324
5471 6105 65.796
5472 6526 88.1613
5472 7467 22.7618
5473 7469 83.764
5474 6338 12.8283
5474 7961 23.9634
5474 8011 55.4532
5475 6828 49.5122
5476 7647 100.129
5478 7421 65.0278
5478 8295 57.4028
5479 8313 71.6538
5480 5715 113.272
5480 6183 47.6962
5481 7471 16.2082
5482 7736 46.6531
5483 5708 71.2215
5484 6891 3.69711
5485 5869 34.9448
5485 6306 27.9585
5486 7028 70.4646
5486 8028 36.8842
5487 7559 57.9356
5487 8320 71.8539
5489 6888 71.643
5490 7783 102.422
5491 7899 63.7125
5492 6140 134.765
5493 6620 67.148
5494 5868 43.5799
5494 8251 57.7349
5495 5953 55.6426
5495 7011 29.2313
5495 7708 32.2585
5496 7565 43.345
5496 8147 29.2544
5497 8045 63.2464
5498 7459 40.2489
5498 7680 11.3016
5499 7330 67.034
5499 7464 71.0118
5499 8136 13.9704
5500 7765 59.478
5500 8549 50.8369
5501 6732 46.6143
5501 7396 64.5271
5502 7210 124.371
5502 8162 73.3191
5502 8337 74.105
5503 5906 30.7093
5504 7066 109.289
5506 6315 23.3644
5506 8354 45.5553
5507 6952 48.9981
5507 8074 36.8464
5507 8434 90.8754
5508 6694 40.2684
5509 6255 102.172
5510 5663 59.9125
5510 7859 23.6852
5512 5596 94.0683
5512 6519 14.7248
5513 5601 54.244
5514 5812 24.3819
5514 6091 39.8451
5514 6939 36.3641
5514 8183 19.2104
5515 6355 31.5952
5516 6296 142.056
5516 6412 29.6547
5516 8194 68.7265
5519 6360 106.809
5519 6417 36.3125
5520 7978 45.299
5521 6142 78.0453
5521 7785 43.5495
5522 8116 45.6439
5525 5773 75.3108
5525 8524 42.2127
5526 5685 27.1384
5526 7229 69.864
5527 6419 113.713
5527 7124 49.0669
5527 7196 121.879
5528 6054 25.7306
5528 7099 33.7239
5529 7936 33.9866
5530 5599 49.4686
5530 7621 29.1501
5531 6233 52.2664
5531 6262 46.1015
5532 5590 66.859
5532 7527 22.3538
5533 8275 1.61957
5534 5615 41.3308
5534 6359 70.21
5535 6756 90.603
5535 7720 52.6652
5536 6368 62.95
5537 6748 28.9985
5538 6543 35.3649
5538 7206 44.7956
5539 5877 106.298
5539 7237 79.4567
5540 7978 72.2081
5541 7676 42.4029
5541 8303 119.977
5542 6770 20.5246
5543 5922 44.2909
5543 6661 26.1491
5543 7318 22.6908
5544 6075 100.874
5544 8314 83.1603
5545 5983 72.9328
5545 6395 92.5512
5545 7956 34.1502
5546 6223 86.3295
5546 7399 48.5147
5546 8126 68.5395
5547 6349 43.493
5549 7019 50.3533
5550 5929 57.6351
5550 6499 66.0951
5551 7158 66.854
5552 7283 55.1967
5552 7986 62.1141
5553 5908 61.0199
5554 7530 87.2866
5554 8553 88.3956
5555 6115 46.9457
5555 8514 32.9203
5556 8079 52.642
5557 6869 20.0962
5557 7337 72.4856
5559 6285 69.6285
5559 8256 67.5774
5560 6115 43.6545
5560 8514 39.5628
5561 5844 62.5253
5561 7929 33.8483
5563 5892 103.604
5563 7234 77.1236
5564 6290 42.3312
5564 6612 59.2349
5564 8551 51.6028
5565 6777 3.50478
5565 7019 31.8746
5566 6627 13.2246
5566 6984 68.1633
5566 7251 111.244
5566 7522 68.9268
5567 7091 43.4167
5568 7183 60.6511
5569 7876 38.8625
5570 7664 29.6526
5571 6718 73.4736
5572 7991 42.566
5573 6106 35.5693
5574 8133 18.4334
5575 7889 77.4182
5575 8252 86.7634
5576 6185 101.803
5577 6236 120.004
5577 6593 25.5485
5577 7105 59.5605
5577 7493 107.548
5579 6562 27.6119
5581 6095 34.7856
5583 6833 57.8378
5583 6957 45.3359
5584 5778 90.7158
5584 7641 91.3575
5585 5922 78.3203
5585 6661 72.2146
5585 8539 63.3331
5586 7692 67.3651
5586 8146 48.6854
5587 8118 68.1633
5588 6898 23.9243
5589 6597 70.7118
5589 8502 56.5951
5590 7568 83.5825
5591 5705 65.9422
5591 6103 127.074
5592 7627 105.066
5594 6240 74.4223
5594 8325 110.936
5595 6286 39.0107
5595 7259 65.5098
5596 6519 57.956
5597 8313 73.8222
5598 6381 91.6429
5598 7969 82.5063
5599 7621 56.956
5600 6997 29.2016
5600 7278 54.8455
5600 7888 26.6965
5600 8035 47.9425
5601 7345 55.8686
5603 6415 87.8166
5605 6844 125.537
5605 7215 19.0166
5605 8067 32.3774
5605 8139 61.0783
5606 6116 60.593
5607 6574 67.8416
5608 7231 37.1317
5610 6072 37.2157
5610 6914 34.308
5612 6847 166.227
5613 6236 49.0278
5613 8009 136.843
5615 6359 76.9359
5617 7475 42.9463
5617 7687 74.2219
5618 8457 57.1823
5619 6148 116.868
5620 6383 110.319
5620 6509 27.1195
5621 6762 49.8748
5624 8034 66.4495
5624 8405 51.8492
5626 6098 16.7866
5626 7877 71.3786
5627 6686 53.6477
5627 7026 139.317
5627 7142 32.2867
5627 7949 44.0127
5629 5727 61.91
5629 6644 75.8299
5630 6919 136.259
5631 7574 19.9961
5632 6107 11.0603
5632 7900 101.372
5634 8345 111.78
5635 6271 86.7617
5637 5891 76.9114
5637 7000 73.6591
5637 7199 63.1124
5638 5723 10.7366
5639 5910 19.1848
5639 6000 19.4897
5640 6200 19.4538
5641 7010 81.149
5641 7096 73.6583
5641 8253 48.5818
5642 6874 81.2198
5642 7085 38.0876
5643 7428 117.826
5645 6155 94.4034
5645 6316 63.0215
5647 6641 14.9458
5649 7631 22.78
5651 5654 5.05163
5651 6851 49.4608
5653 7355 122.408
5653 7957 19.6364
5654 6851 79.5061
5655 7962 76.5028
5655 8404 34.4864
5657 7759 52.4307
5658 6014 66.587
5658 6884 64.9649
5659 6279 34.779
5660 5848 24.2849
5660 7275 29.795
5660 7589 30.6805
5660 7921 40.0748
5661 6494 35.9052
5662 5774 31.3734
5662 5808 48.5729
5664 6308 58.262
5665 5776 72.5912
5666 5830 20.6251
5667 7168 39.3493
5667 8536 42.3224
5668 8558 57.5016
5669 8078 55.1604
5672 7975 31.245
5673 6073 47.9713
5676 6232 16.78
5676 7857 114.124
5677 8228 20.4793
5678 5752 68.6662
5679 6579 124.725
5679 6861 123.733
5679 8229 91.8939
5680 8173 36.1983
5681 7326 47.4052
5681 8006 64.4368
5682 6600 24.5306
5682 7434 43.4395
5684 7916 52.0445
5685 7229 43.9257
5685 7936 42.9332
5687 7172 68.8869
5687 8092 122.101
5688 6404 129.023
5689 5796 20.4715
5689 6145 30.2293
5690 6811 53.353
5691 5766 49.2252
5691 8359 15.5256
5692 5880 40.4661
5692 6840 103.465
5694 8084 30.3453
5695 6717 91.4583
5698 7064 36.3091
5699 6317 95.0361
5699 7423 58.5051
5700 7139 72.0071
5700 8445 65.0166
5701 7381 21.8705
5702 7156 85.3125
5704 5809 37.7105
5705 6103 36.8624
5706 7255 64.7112
5709 6766 70.4751
5709 6958 37.4871
5710 7449 37.4447
5712 5827 47.8205
5712 7279 68.9213
5715 7025 101.876
5716 6945 72.8437
5717 6757 59.6781
5717 7537 30.4718
5717 7672 71.1656
5718 7419 51.3332
5719 6020 34.5674
5719 6583 46.3362
5721 5955 48.2607
5724 7797 21.2017
5724 7832 6.76965
5725 5912 69.6502
5726 6378 20.6618
5727 6644 38.9657
5730 7101 57.9132
5730 7817 57.7498
5730 8011 21.0796
5731 7269 54.2372
5732 6575 39.1465
5732 8394 50.2724
5733 7836 62.8774
5735 7029 78.5287
5736 6808 34.2008
5737 7225 74.0988
5737 7840 48.0241
5738 6533 47.5114
5738 6716 82.9251
5739 6971 43.5454
5741 7812 40.316
5742 6570 35.117
5742 6819 73.5521
5744 7013 65.3081
5745 7883 88.5637
5746 7526 84.7477
5748 6158 60.9546
5749 6374 52.9389
5749 8081 61.9578
5751 6382 51.9224
5752 8537 71.7587
5753 6931 47.102
5753 8190 8.00903
5754 6457 52.9811
5755 6125 65.6417
5756 5873 39.5657
5756 6055 34.0824
5756 6812 68.6883
5756 6831 67.8172
5756 7488 11.3587
5757 5993 50.187
5757 6251 21.2989
5757 7487 91.5818
5758 6527 55.1748
5758 6887 39.8057
5758 7696 82.9209
5760 6717 6.91117
5762 8398 66.756
5763 5813 49.2996
5764 7450 64.9785
5765 8159 42.1127
5765 8374 52.5999
5766 6871 28.0797
5767 7068 58.6011
5767 8233 96.4651
5768 7349 29.7444
5768 7386 58.6311
5768 8497 120.582
5769 6665 109.647
5769 7806 85.2843
5771 8533 114.128
5772 6272 52.021
5772 6639 56.0033
5772 7173 63.2185
5773 7040 62.1025
5773 8524 113.276
5774 5808 22.6976
5774 6487 69.3434
5775 6391 41.6923
5775 8057 76.0686
5776 6830 88.2973
5777 6951 53.6627
5777 7580 53.9189
5777 8464 54.9954
5779 7866 80.1652
5779 8465 44.1395
5780 6156 74.9679
5781 7063 55.4803
5782 6916 43.0671
5782 7922 49.1736
5783 6348 67.1665
5783 7289 34.8783
5784 7065 75.6263
5784 7347 121.048
5784 8422 72.5571
5785 6191 44.5576
5785 7612 125.798
5785 8369 66.9494
5786 6857 37.9262
5787 6916 71.3717
5787 7773 60.7286
5788 5789 90.3397
5791 7462 129.995
5792 6166 50.0633
5793 8030 32.8553
5794 8001 100.441
5795 6924 79.7233
5796 6145 37.997
5796 7468 50.399
5798 8321 64.5939
5799 7666 61.5072
5799 7903 64.8849
5800 6402 45.0599
5801 6340 128.016
5802 6176 28.8958
5803 7856 57.3104
5805 7389 38.4436
5805 7513 47.2678
5806 6040 101.802
5807 8017 56.0914
5808 6487 54.5373
5810 6649 58.2143
5811 8475 32.2646
5812 6939 61.8177
5812 7093 68.9449
5812 8183 38.7827
5814 6058 89.0036
5814 6227 82.4542
5814 7647 82.7663
5817 6153 14.3048
5817 6824 61.4024
5817 6905 74.9131
5819 5895 63.4177
5819 7557 67.7845
5820 8010 51.4077
5821 5862 55.794
5821 6283 54.4786
5821 6681 36.2944
5822 6027 91.9603
5823 7161 95.9969
5823 7840 127.739
5824 5990 134.406
5825 8088 108.558
5826 6804 31.5657
5827 7279 96.9036
5829 7710 9.05083
5829 8490 91.2486
5829 8577 126.746
5831 6475 134.977
5831 7853 70.138
5832 7070 87.4351
5836 6061 82.9872
5837 6409 6.06878
5838 7029 43.2219
5838 7083 70.9026
5838 7277 70.5707
5840 7442 35.1072
5841 8583 63.7631
5842 6424 31.8951
5843 6011 30.9824
5844 7929 48.6935
5845 7659 51.6381
5846 6818 73.7705
5846 7889 86.8186
5847 7478 77.8378
5848 7188 41.4955
5848 7275 33.5831
5848 7589 36.4899
5848 7921 38.0725
5849 6117 51.007
5850 6671 34.8145
5851 7457 108.838
5853 6357 18.0185
5854 7719 62.2096
5855 7995 10.1741
5856 8137 88.334
5857 6389 92.2988
5857 6408 66.4805
5857 7594 67.7237
5857 8487 13.9935
5858 6064 93.3045
5860 6411 41.3911
5861 6998 35.4297
5861 7272 52.5567
5861 7474 46.7285
5861 7913 41.1467
5862 6681 12.7298
5863 5984 73.8658
5863 7179 90.7205
5863 7503 27.8259
5865 7048 44.4406
5866 8562 32.9831
5867 7233 82.2314
5868 6609 73.8376
5868 8251 72.7381
5868 8544 26.6179
5869 6306 36.2067
5870 8555 96.9482
5871 7141 76.1668
5872 8247 16.2622
5872 8373 40.5533
5872 8584 74.3924
5873 6055 46.0902
5873 7488 56.179
5874 6727 26.0908
5875 5931 91.7586
5876 7135 43.0542
5876 7959 82.2302
5877 8103 73.342
5878 6671 34.3521
5880 7695 110.313
5882 7587 104.097
5882 7963 99.4032
5884 6846 40.2652
5884 8530 12.6196
5885 8519 24.3913
5886 6331 23.6555
5886 6739 33.1404
5886 8203 115.364
5888 6650 61.5957
5888 7052 88.5999
5889 6150 41.5019
5889 7752 38.9296
5889 7771 40.8334
5889 8249 57.5136
5890 8387 100.959
5894 7761 31.466
5896 8533 32.6231
5898 6319 44.2756
5899 8437 18.5136
5903 7433 20.5862
5905 7075 77.7618
5905 7567 51.4968
5905 7700 63.2563
5906 7107 61.5543
5907 7212 31.8954
5907 7748 6.1567
5908 7715 84.9333
5909 7425 28.7329
5909 7626 74.1432
5910 6000 34.383
5912 6859 105.848
5912 7619 106.798
5914 6471 53.3414
5915 8155 47.2912
5916 6499 75.2835
5916 6849 73.4448
5916 7237 70.653
5917 7826 26.4762
5919 6258 28.5034
5920 8369 99.9571
5922 6661 46.5516
5922 7318 25.6321
5924 6121 82.4597
5925 6586 64.8477
5925 6642 84.6005
5925 8547 19.6051
5928 8115 48.0936
5930 7501 77.522
5930 8468 63.2919
5931 6164 28.1825
5932 6212 100.445
5932 7599 75.5426
5933 6160 31.677
5933 6171 25.7154
5934 8463 88.4407
5934 8480 56.4036
5936 6655 88.4499
5936 7002 59.7755
5936 7369 117.443
5937 6403 62.2193
5937 6932 48.0335
5937 7907 47.9005
5938 7254 62.4574
5939 7164 72.6278
5939 7295 80.2933
5940 6294 58.9307
5940 8261 85.6506
5941 8412 48.7176
5942 7504 49.2429
5944 6377 42.5427
5944 6909 48.1312
5944 7955 76.6109
5946 7963 98.7465
5947 6552 45.966
5947 7120 84.3317
5948 6573 23.7841
5949 7884 43.4244
5950 7406 78.8036
5951 7256 33.5423
5951 7706 70.551
5952 6876 70.6119
5953 6581 96.716
5953 7011 58.4549
5953 7651 104.603
5954 6942 69.0073
5955 8553 103.335
5958 6096 79.5992
5958 6425 73.8955
5960 7382 61.4228
5961 6890 80.9419
5961 7579 45.0335
5961 7838 90.0387
5962 7049 93.8205
5962 7113 97.0841
5962 7118 66.6517
5963 8248 55.7302
5965 7605 69.2557
5966 8489 27.2285
5967 6196 23.4165
5969 6569 76.7031
5969 8280 111.151
5970 6145 34.6292
5972 6073 83.9345
5972 6758 88.7949
5972 7110 49.5098
5975 8243 42.2084
5976 6181 100.981
5977 7023 118.564
5977 7950 28.8441
5978 6009 65.5133
5978 6774 58.3139
5978 7550 105.814
5979 7603 51.1245
5982 7014 47.8009
5984 6043 101.872
5985 6248 76.2353
5985 8226 35.6651
5986 7342 74.0308
5988 7551 86.459
5988 8242 61.9389
5989 6045 54.9153
5989 8321 62.8915
5990 6266 65.508
5990 7174 72.4022
5991 7254 58.4056
5992 6667 28.3974
5992 8256 55.5527
5993 6251 79.1996
5993 6785 30.1686
5993 7428 40.1332
5994 8372 59.6451
5995 7104 70.0712
5996 7201 54.0289
5997 7887 50.5394
5998 7974 52.0101
6002 6387 59.9958
6002 7841 84.3205
6003 7092 88.9904
6004 6396 31.1242
6005 6296 106.035
6006 6034 74.8346
6008 7481 59.2493
6008 8096 36.3649
6008 8246 4.47744
6009 6325 21.3708
6009 6774 57.3492
6009 8433 14.9563
6010 6646 58.5837
6011 6042 66.0851
6012 7775 40.5521
6013 6953 73.108
6013 8374 67.9563
6015 7982 85.2716
6017 6872 4.45775
6019 7091 40.0398
6020 6942 17.9908
6021 7967 91.4127
6023 6269 27.7246
6023 7214 37.6305
6024 7182 74.7498
6028 6343 98.5093
6029 6850 70.3966
6029 8254 86.2229
6031 6282 113.001
6031 6300 85.0349
6032 6109 60.2498
6033 6910 32.6326
6033 8570 85.6159
6035 6190 70.0129
6036 7984 90.1516
6037 6135 20.7774
6038 7080 39.4556
6038 8071 35.5022
6042 7927 94.8311
6043 8565 37.8796
6044 6950 22.6386
6047 8264 55.2329
6048 8301 4.41796
6050 8378 31.5493
6051 8129 66.6411
6052 7684 17.4276
6054 7099 46.1493
6055 7488 35.5333
6055 8344 70.7725
6058 7491 93.434
6058 7647 26.2906
6059 7406 105.196
6059 7534 34.1838
6060 8161 64.7606
6062 8520 137.078
6063 8158 58.6306
6065 8009 95.902
6065 8338 56.1642
6065 8546 56.9978
6066 7099 70.2696
6067 7046 101.2
6067 7167 72.3549
6068 6731 39.7019
6069 6456 43.4339
6069 8408 35.4916
6070 6104 99.6689
6072 7077 60.4631
6075 7855 44.4714
6078 7175 70.9755
6079 7850 31.5858
6080 7813 78.9234
6083 7385 67.637
6084 7400 61.2071
6084 8068 81.6615
6086 6722 36.2176
6086 7145 31.2206
6086 7323 38.9996
6087 7930 53.2698
6087 8389 32.4551
6089 8324 98.4459
6089 8572 74.0386
6090 6320 92.6682
6091 6309 9.25751
6091 6939 6.11062
6092 7878 79.5853
6092 8526 71.4079
6093 6701 63.9424
6093 8231 125.027
6095 6719 100.02
6097 6172 48.8022
6098 7509 74.6166
6099 6443 91.2887
6099 7004 59.9663
6100 6171 92.7192
6100 6720 56.7363
6101 7111 54.7749
6101 7897 71.5797
6103 8403 82.5563
6107 7900 50.0905
6108 6708 115.035
6108 7704 156.262
6108 8227 74.3744
6109 7685 133.045
6111 6814 26.3935
6111 8393 6.85074
6112 7482 68.621
6112 7815 15.164
6113 7412 58.0326
6113 7630 25.221
6113 8089 79.2681
6115 8514 26.8616
6117 7824 61.4079
6119 7061 39.1276
6120 8234 7.06986
6121 8498 72.4063
6123 7782 15.5552
6125 8008 96.8496
6126 7763 51.8053
6127 7214 86.2303
6128 6967 79.0183
6129 7430 72.5362
6130 6444 46.1975
6131 8066 29.8067
6131 8141 76.0857
6131 8163 27.7675
6132 6867 58.932
6132 7478 53.7777
6132 7543 24.5164
6133 7811 42.0353
6134 7870 51.5456
6135 7933 22.8995
6136 6820 68.3085
6136 7293 51.5577
6137 7308 29.8967
6137 7463 58.5309
6139 8309 62.5389
6140 6796 49.612
6141 8046 100.302
6143 7213 86.9006
6144 7122 49.1129
6146 8214 62.8503
6147 7117 52.1394
6147 7611 52.5242
6149 8299 52.8564
6149 8477 31.8247
6150 7752 59.8412
6151 7280 56.8103
6152 7360 9.63095
6153 6824 86.4031
6153 6905 55.5483
6154 7793 59.1491
6156 8543 66.6891
6157 7728 71.1303
6160 6171 51.9644
6161 8081 50.9741
6161 8273 33.1286
6162 6235 59.7064
6162 8122 10.5192
6163 8086 69.0927
6165 7514 38.0934
6169 7666 47.3941
6169 7891 57.5317
6171 6720 38.0118
6172 6506 41.1106
6174 6581 48.7104
6174 7551 49.5215
6174 8242 46.1768
6177 7003 35.1698
6178 6689 56.7645
6178 7523 63.7932
6178 8085 23.0497
6179 6894 45.7867
6179 8532 28.9193
6180 8435 53.8434
6180 8531 75.3972
6181 6227 104.89
6182 6654 57.0601
6185 8183 59.7743
6185 8385 71.0328
6186 6405 38.8115
6186 7399 54.3457
6188 6320 64.9635
6189 6484 5.22329
6191 7612 87.8482
6193 8400 59.1921
6195 7069 111.876
6198 7856 53.2915
6199 8117 92.7678
6199 8121 31.9409
6200 6685 35.7966
6201 7142 76.1263
6201 7949 86.2548
6203 6893 95.6838
6203 8360 59.0491
6204 6736 87.1322
6204 7743 32.8272
6205 7555 34.7616
6205 8302 31.6657
6207 6974 30.4167
6208 8443 58.6304
6210 6879 117.003
6211 6830 59.7098
6212 6657 43.1749
6212 7599 17.5253
6213 7008 55.6026
6213 7561 38.8792
6214 7471 62.2996
6214 7895 46.8261
6216 7544 68.5689
6216 8149 66.0937
6217 6483 88.4164
6218 8390 36.7164
6219 7569 56.6712
6220 6647 30.5608
6220 8344 99.1172
6221 6596 120.076
6221 6651 52.2714
6223 8126 47.1968
6224 6446 79.788
6224 7697 76.0945
6226 7753 66.2813
6228 7249 24.1747
6229 8456 63.5027
6231 6371 24.3482
6233 6262 89.6864
6235 6502 83.6472
6235 8122 68.5932
6237 6705 24.921
6238 6934 41.586
6239 7089 93.178
6240 8527 41.0791
6241 6341 29.3322
6241 7808 30.2803
6242 7190 76.6333
6243 7252 74.9995
6245 7020 103.06
6246 8383 92.4702
6246 8588 64.2089
6247 8232 36.5143
6248 8401 86.6515
6251 6822 59.4841
6252 7795 71.3753
6253 7567 49.3518
6253 7700 50.2352
6253 8467 68.568
6254 6561 69.7451
6254 7756 34.4645
6255 7942 28.0154
6255 8072 22.9403
6255 8146 32.448
6256 7458 54.9694
6256 8534 43.1521
6257 7519 67.5494
6257 8423 103.613
6259 7590 18.0829
6259 8193 19.8369
6260 6922 37.3452
6260 7363 44.0995
6264 6969 81.4323
6265 6375 39.6071
6265 6498 12.3813
6265 6735 46.7474
6265 7291 89.5204
6266 6857 46.9195
6267 6693 58.7039
6267 7461 37.3306
6268 8245 70.321
6269 7214 36.8695
6269 7467 59.8687
6270 7496 33.565
6272 7173 73.7542
6276 7375 75.2368
6276 7755 61.7456
6277 7927 71.0914
6280 8042 79.5889
6280 8199 84.7795
6282 6300 19.196
6282 8573 74.6736
6286 6921 32.721
6287 6380 54.9228
6287 7911 87.4293
6288 6507 36.0813
6288 7112 26.294
6288 8377 88.2814
6288 8476 55.4886
6290 7770 57.3794
6290 8551 48.1566
6291 7645 49.9596
6292 6896 39.0711
6292 6904 47.4763
6294 8261 107.046
6295 6397 74.9702
6296 6412 70.4306
6296 8194 40.1603
6298 8166 53.8518
6299 6871 65.7832
6299 8148 71.8626
6301 7058 96.3031
6302 6983 92.3998
6303 6710 38.3218
6303 8177 17.13
6305 6844 104.709
6305 7711 86.3078
6307 7992 82.0502
6307 8371 31.4243
6308 6588 31.6244
6309 6939 14.2737
6310 6423 97.8046
6310 7470 94.6895
6310 7923 56.5964
6315 8354 68.6052
6316 7407 67.2401
6317 7423 41.7536
6317 8133 65.2756
6318 6459 37.9681
6318 6512 47.8387
6318 6582 54.3335
6321 6467 70.9892
6322 8153 78.6031
6323 7117 98.2776
6325 6774 40.5606
6325 8433 31.6683
6326 7398 88.6631
6326 8559 55.3303
6327 6609 66.1617
6327 8544 65.2673
6329 7351 61.3245
6332 6812 128.157
6335 7559 66.9654
6335 8211 105.041
6336 6488 103.464
6336 7623 51.8747
6337 7320 16.2455
6338 7961 16.3746
6338 8011 39.4388
6339 8562 66.3872
6340 7506 74.4717
6341 7808 26.2713
6342 6588 91.2363
6343 6438 25.4295
6344 7860 83.3219
6345 6731 40.7618
6346 6933 90.9952
6347 6802 29.7478
6347 6963 55.4003
6348 7289 76.4776
6350 8019 48.4652
6351 7660 43.9696
6352 6677 76.393
6353 7541 76.3189
6353 8132 114.646
6356 6788 78.1644
6358 6980 44.5215
6358 7867 63.1696
6358 8041 110.145
6363 7872 36.8821
6365 8003 113.058
6366 7085 95.4821
6367 7194 37.5685
6367 7907 39.5186
6369 6508 71.5121
6370 7984 64.9213
6372 8123 33.1919
6373 8485 26.1684
6375 6498 28.751
6376 6455 37.2133
6377 7170 61.2518
6378 8444 31.6457
6379 8030 72.5468
6381 7777 63.0427
6383 6509 98.4853
6383 8497 96.7553
6387 7841 97.0262
6388 8452 26.1947
6389 6408 83.0502
6389 8487 64.2117
6391 8057 16.8241
6392 7043 46.3194
6392 7757 42.2715
6393 8140 53.9014
6393 8306 51.8656
6394 6940 44.3411
6394 7197 90.9538
6395 6818 74.9604
6395 7956 77.5372
6397 7553 102.008
6397 8535 111.305
6398 6653 45.2364
6399 6747 78.3594
6399 7164 75.4967
6399 7295 68.5917
6401 7020 80.3418
6403 6932 82.9203
6404 7416 93.3228
6405 7399 13.7006
6406 6446 55.0405
6406 7906 57.0266
6407 6462 28.5124
6410 7608 24.7079
6410 7812 23.0471
6410 8342 55.1997
6412 8194 32.5434
6413 6611 46.1777
6413 8051 75.6276
6419 7124 71.442
6419 7954 102.752
6420 7732 17.2961
6420 7902 27.3575
6421 7704 77.1349
6422 6604 87.507
6422 8392 35.4968
6423 6639 71.0568
6425 6711 14.0339
6427 8258 55.4184
6428 7167 42.6725
6428 8268 81.6527
6430 6546 41.0087
6430 8165 42.7864
6431 7731 26.9886
6432 7852 23.7505
6433 8585 106.303
6434 6810 64.4678
6435 6815 76.2794
6435 7663 20.5348
6436 8237 98.6704
6437 7943 20.5464
6439 7056 80.3955
6440 7129 48.6518
6441 6571 34.6228
6441 6889 32.8432
6441 6978 51.1099
6442 8001 55.3204
6443 7004 39.14
6445 8206 44.8351
6447 7437 22.7109
6447 7444 27.1722
6448 7518 61.0733
6448 7536 50.2164
6450 6884 89.8164
6451 7057 67.369
6452 6592 56.4499
6453 8078 36.9311
6454 6729 83.6995
6456 8408 60.0403
6457 6769 27.8383
6458 6829 50.9727
6459 6582 60.615
6460 6578 85.2869
6461 8023 39.0991
6462 7178 75.8559
6464 6965 59.9708
6465 7518 34.3069
6466 6542 59.0169
6466 6564 70.9912
6468 8312 85.2293
6469 7301 10.4593
6470 6775 119.591
6473 6765 49.1893
6473 7539 80.4027
6473 7596 22.3466
6474 7409 64.3866
6474 8171 75.0287
6475 7904 88.8373
6477 7758 48.5795
6477 7953 94.3747
6479 6522 36.913
6479 7329 23.1553
6480 6877 89.7993
6481 6614 65.4583
6482 8041 80.7734
6485 6610 62.5465
6486 6752 73.3943
6489 7768 21.6536
6491 7013 106.773
6492 7658 48.472
6495 8243 37.1233
6496 8337 49.5445
6496 8483 51.9516
6500 8401 63.2529
6503 6588 83.0558
6504 6768 111.983
6507 6964 33.8626
6507 7112 33.087
6507 8377 81.1783
6508 7305 52.4576
6513 7945 106.333
6515 7802 27.5427
6516 7060 64.7805
6516 8356 28.2173
6520 8566 58.7205
6521 8476 80.9124
6522 7329 56.9078
6523 7685 26.3752
6525 7098 88.7183
6527 6887 17.3154
6529 7774 44.3757
6531 7370 49.39
6532 7192 75.3019
6534 7017 7.33159
6534 7772 62.2264
6535 7213 64.9974
6536 7635 80.1231
6536 8454 122.343
6537 6818 54.5137
6537 8266 89.5469
6538 8093 26.0831
6539 6817 55.6703
6539 7078 55.6201
6540 7971 95.4697
6541 7490 92.5056
6541 8428 83.46
6542 6564 21.1003
6543 6566 28.1745
6544 8292 66.2568
6545 7600 37.8223
6545 7717 118.678
6546 6781 12.4097
6546 8165 54.4987
6547 7120 121.226
6549 7388 106.957
6549 7999 23.7657
6550 6912 105.824
6550 7311 31.8263
6553 7181 36.7263
6553 8195 39.0647
6554 6882 20.0814
6556 6758 54.5095
6556 7110 75.8172
6556 7807 9.72251
6557 7591 38.0814
6558 6937 49.6112
6560 6658 20.461
6560 8373 70.5618
6561 7756 55.093
6562 8077 75.7879
6566 7206 47.9416
6567 7354 54.1405
6567 7830 59.5802
6568 6768 40.2125
6571 6978 48.172
6572 7548 26.8659
6579 6638 75.5015
6579 8229 41.4342
6579 8493 67.9371
6580 7668 1.94906
6580 7754 60.5233
6580 7786 39.0318
6583 7149 123.125
6584 8284 20.1196
6584 8430 62.9679
6585 7912 67.4251
6586 8547 77.1387
6587 7287 124.472
6587 7717 58.9231
6589 6670 80.7304
6589 6709 137.278
6590 7263 80.1075
6591 6943 57.3456
6591 7001 57.1994
6591 7051 69.2931
6593 7105 68.9149
6593 7493 99.2636
6594 7106 72.7029
6594 7414 29.4269
6595 8324 34.459
6596 8161 68.1716
6597 7430 109.545
6598 6827 9.32023
6599 6972 72.0323
6599 7358 102.584
6600 7434 54.4445
6601 7919 62.4939
6601 8495 59.3402
6602 8454 64.1771
6606 7107 106.019
6606 7606 21.9262
6607 7678 61.3396
6608 7702 63.2749
6608 8399 123.599
6609 8544 64.4122
6611 8051 40.7674
6612 8533 44.3435
6613 6992 15.2591
6615 7427 81.8333
6615 8097 72.2089
6615 8537 61.5107
6616 8164 60.5796
6618 6780 63.5019
6621 7744 108.077
6622 6996 87.4402
6623 7395 128.405
6624 7496 88.7784
6624 8571 21.6753
6625 7266 98.7317
6625 8055 106.936
6627 7522 42.4476
6628 7277 79.5665
6629 8212 76.9398
6631 8044 80.0545
6631 8250 76.5835
6634 7144 77.373
6636 7184 110.45
6636 7962 80.1687
6638 7376 23.2511
6640 6901 38.3655
6640 8430 35.6853
6642 8547 85.122
6646 7967 62.6991
6647 8344 46.5724
6648 8449 39.4479
6649 8286 85.0142
6650 7284 38.557
6651 6809 62.8277
6651 7520 26.2627
6652 8127 50.5295
6655 7002 60.8307
6655 7369 76.6521
6655 7648 82.0375
6657 7599 56.4604
6660 8450 84.9645
6661 7318 70.3988
6663 7675 45.418
6664 7804 26.2622
6666 6951 94.3795
6666 7450 121.618
6667 8256 79.6264
6669 7194 51.5054
6670 8290 52.8689
6672 7435 9.13487
6672 7452 22.1621
6674 8453 28.8745
6676 8237 19.276
6678 7951 66.7249
6679 8438 11.1241
6682 8241 22.0139
6682 8443 62.0471
6684 7141 81.6647
6684 8156 76.8712
6685 7853 45.4863
6687 7646 31.1799
6688 7848 15.6904
6689 8085 39.8412
6690 7170 87.0134
6692 8388 47.042
6693 7461 47.5478
6694 7300 32.9966
6695 7006 51.2112
6696 6936 43.557
6698 7633 1.77989
6699 8046 73.5541
6699 8501 101.557
6700 7751 24.8729
6701 8269 36.5453
6703 7233 56.8815
6704 6955 73.0935
6706 7697 48.3368
6707 6978 89.2259
6708 7575 136.79
6708 8227 71.9143
6710 8177 38.3316
6710 8283 36.4252
6712 6881 36.7416
6716 7441 88.0189
6716 8013 56.7195
6718 7783 104.122
6721 7138 36.0329
6722 7145 48.3646
6722 7323 25.5705
6722 7912 88.2855
6723 7136 92.2612
6724 8512 31.5161
6725 7584 70.3703
6726 8045 80.2811
6728 6743 10.9742
6730 8400 88.5281
6732 8270 29.8183
6733 7111 50.3577
6733 7897 16.7342
6734 7071 83.5124
6734 8219 33.1386
6734 8295 37.4284
6735 7291 88.7808
6736 7743 47.2621
6737 7657 30.2152
6738 8262 40.9487
6739 8203 71.2384
6741 8351 92.9694
6744 7413 30.1342
6746 7447 56.5474
6747 7164 20.4671
6747 7295 12.6553
6751 7873 52.822
6753 7648 97.1758
6754 8224 53.8159
6757 7537 79.1218
6758 7084 31.5692
6758 7110 23.3189
6758 7191 61.7775
6758 7807 72.3141
6759 6927 36.0133
6761 7030 35.2431
6762 7312 57.5998
6763 7287 25.3795
6763 7717 93.6168
6763 7916 41.1891
6765 7539 23.4099
6765 7596 35.6912
6766 7306 84.238
6767 7055 66.1861
6767 7722 60.456
6767 8054 40.5762
6767 8130 21.5948
6770 7981 87.7183
6771 7408 53.7138
6771 7531 14.3102
6772 7662 42.9461
6773 7823 104.722
6776 8479 50.1495
6777 7019 39.0952
6778 7686 51.8434
6778 8540 44.6993
6779 7098 91.0235
6779 7784 28.5647
6780 8128 29.9118
6781 8165 49.2336
6782 7466 46.3256
6783 7761 80.451
6783 7990 48.4043
6784 7960 109.6
6785 7428 64.1684
6786 7989 37.1627
6791 8492 118.61
6792 7372 15.1725
6792 8104 113.672
6793 7270 54.9863
6794 8180 52.8214
6795 7791 45.5972
6797 8252 60.7508
6798 7328 35.3969
6798 8310 101.977
6799 7726 94.1165
6801 7345 51.874
6803 7313 64.4491
6803 7476 77.319
6804 7382 24.2345
6805 7303 77.9671
6806 7068 26.6295
6807 7526 87.2659
6809 7332 121.483
6811 8426 87.0542
6812 6831 10.6749
6812 7488 91.3196
6814 7970 64.6896
6814 8393 31.8817
6815 7199 52.151
6816 8065 74.4065
6821 8129 53.2157
6821 8538 25.8817
6822 7872 82.6744
6822 8113 94.5917
6825 8104 44.0624
6825 8569 41.8312
6826 8000 83.4477
6826 8036 50.8401
6829 8579 105.272
6831 7317 116.861
6831 7488 84.0555
6832 7338 51.4187
6832 7636 23.1655
6836 7725 70.4642
6836 7971 97.6246
6838 7895 19.3407
6840 7023 68.775
6840 7950 94.8115
6843 7039 56.9551
6843 7079 60.5916
6843 8204 45.2054
6844 8139 85.9299
6846 7514 24.3012
6847 7035 77.9089
6848 8331 61.8025
6849 7237 32.2553
6850 8205 67.0129
6852 8187 79.2856
6853 8197 56.3359
6855 7966 50.8258
6856 7241 35.6967
6858 7358 93.2739
6859 7619 14.5133
6860 8451 120.869
6863 6886 42.9668
6864 7854 41.719
6865 7595 75.5013
6865 8580 106.901
6867 7543 39.5936
6867 7953 20.7793
6870 8167 69.2294
6871 8069 86.3333
6873 7147 48.7031
6877 7667 51.5972
6877 8568 80.8946
6889 6960 63.8066
6889 6985 65.3715
6894 8532 31.3395
6895 6917 56.0804
6896 6904 38.8653
6897 7556 65.3149
6900 7893 79.2256
6900 8274 78.9636
6901 7816 75.7269
6903 8402 52.4501
6903 8474 62.816
6906 7483 47.2062
6907 7642 52.7807
6909 7955 69.8992
6910 7176 53.8998
6910 8470 74.0521
6910 8570 44.9964
6911 7811 70.3389
6911 8486 37.0371
6912 7311 40.9813
6913 8074 57.4767
6914 7077 46.9911
6915 7591 84.2555
6916 7922 77.0888
6919 6968 60.2597
6920 7661 11.0952
6920 8510 19.5086
6921 7412 51.9995
6921 7630 40.0151
6922 7363 59.019
6923 7465 54.1839
6924 7410 76.6429
6925 7448 93.1552
6926 6973 90.4045
6926 7613 79.2459
6927 8463 92.134
6932 7907 76.8051
6935 7494 70.4024
6935 7835 49.8044
6938 8138 48.0834
6943 7001 81.9472
6944 7646 59.6455
6944 8094 47.3168
6947 7776 72.8664
6947 8545 53.4582
6948 8061 64.6273
6949 7789 30.763
6950 8336 90.9909
6951 7580 81.006
6952 8074 60.11
6953 8353 37.1289
6957 8062 52.145
6960 6985 24.1681
6962 7022 45.7785
6965 7824 56.3803
6967 7693 61.7196
6967 7739 60.1636
6969 8095 92.7895
6970 8339 99.5612
6973 7613 93.5987
6974 8101 91.112
6975 8271 40.2377
6975 8410 27.1992
6976 7239 90.5902
6979 8552 53.3573
6980 7440 53.3786
6980 8041 63.4466
6986 7046 70.0267
6987 7156 53.1258
6988 7610 24.5399
6988 7948 13.6208
6989 8189 136
6990 7604 96.914
6993 8111 42.3107
6994 8239 16.6024
6995 7278 54.9837
6995 7911 84.4601
6996 7402 52.3216
6997 7888 18.1895
6998 7474 51.9708
6998 7477 39.9212
7001 7051 98.5259
7002 7205 64.5046
7005 7095 37.7516
7005 7418 12.7702
7005 8550 68.6016
7011 7708 36.5482
7012 7352 46.9092
7015 8526 90.2424
7017 7772 99.1336
7018 7667 50.4391
7018 8209 7.32927
7019 7127 65.4877
7022 7309 65.5388
7025 7887 95.1281
7026 7142 63.4368
7026 7949 69.4119
7027 7541 86.0245
7028 8028 58.5493
7030 7044 74.4565
7033 8311 69.2875
7034 7491 84.0087
7034 7625 67.0128
7035 8235 99.017
7037 7542 71.2882
7037 7900 114.51
7038 7542 40.9499
7039 8204 56.2289
7041 8355 17.6815
7043 7757 51.5991
7049 7113 69.6879
7050 7937 81.6838
7050 8191 100.113
7053 7617 35.3068
7054 7534 117.872
7054 7867 72.2692
7055 8054 55.7064
7056 7945 112.472
7056 8022 37.6222
7057 7641 51.924
7057 7886 71.7953
7059 7851 73.5458
7060 8356 45.336
7062 8037 34.7742
7070 7896 59.2127
7071 8219 54.9347
7072 7096 54.9379
7072 8253 54.6883
7073 8565 57.9442
7075 7700 69.3087
7075 8113 57.2201
7076 8465 54.1282
7077 7881 57.3017
7079 8204 46.7744
7080 8071 32.2064
7081 8100 52.282
7082 7798 56.0533
7084 7110 36.4208
7084 7191 51.0565
7086 8333 98.0187
7087 7796 51.6769
7087 8007 104.616
7088 8044 105.048
7089 8293 46.4254
7090 7529 23.6022
7095 7418 30.3268
7096 8253 87.7638
7097 7216 12.1865
7098 7247 43.1476
7098 7784 76.9779
7100 7157 45.4526
7100 7781 26.1606
7100 7833 23.3355
7101 7817 81.6127
7102 7353 90.2355
7103 7960 48.9268
7105 7493 29.0312
7107 7606 88.0981
7108 7396 63.1798
7109 7711 107.526
7110 7191 90.5959
7110 7807 80.8674
7111 7897 33.9167
7112 8476 108.507
7114 8492 66.093
7115 8110 95.2247
7118 7735 62.5032
7118 8153 71.482
7123 8109 87.7605
7124 7196 60.5903
7126 7162 55.9693
7128 7415 66.511
7128 7499 65.3474
7128 8425 21.4192
7130 8119 56.9296
7130 8458 41.2121
7131 7935 86.5291
7131 8056 66.0237
7131 8406 112.77
7132 7230 69.4524
7136 8210 56.7649
7137 8331 66.9716
7139 7166 49.5006
7142 7949 14.5743
7143 8501 67.1148
7145 7323 59.5413
7147 7909 43.4891
7150 8229 79.1956
7150 8493 54.4889
7151 7339 48.7643
7153 7342 11.6113
7155 8437 42.9795
7157 7781 22.8398
7161 7677 54.5474
7163 7211 53.4465
7164 7295 8.16003
7166 7935 26.8291
7167 8268 60.5991
7168 8536 42.1296
7171 8460 63.7481
7179 7503 49.7683
7180 7415 23.8746
7181 8195 12.4889
7185 7460 55.2499
7186 7292 39.8109
7186 8239 79.1189
7187 8245 43.7125
7188 7921 44.8187
7189 7481 38.8254
7189 8096 62.8493
7190 8117 94.7242
7193 7521 74.1265
7194 7907 55.9535
7196 7894 116.293
7198 7944 114.937
7200 8032 133.224
7208 7614 41.6497
7208 7772 80.6996
7215 8067 31.0883
7217 7240 97.7949
7220 7734 87.857
7220 7910 55.6567
7222 7889 125.889
7223 7485 102.28
7223 7937 66.9672
7223 8064 48.7385
7225 7840 27.8523
7226 7257 34.4762
7229 7936 60.446
7232 7628 113.894
7234 7898 95.3892
7238 8374 61.2003
7241 7325 63.2498
7242 8495 54.6316
7247 7784 63.9047
7248 7443 65.8131
7254 7750 85.1715
7260 7810 83.2552
7264 7336 24.0804
7264 7576 81.584
7265 7577 118.231
7266 8055 9.76226
7267 8568 69.8462
7271 8244 50.7805
7272 7913 9.61806
7274 8448 72.9558
7279 8280 33.1588
7281 7671 82.244
7281 7827 51.3578
7282 8529 51.871
7283 7986 48.1977
7285 7331 37.9484
7287 7717 72.8104
7287 7916 64.5206
7288 8418 77.2375
7292 7492 59.9957
7294 8455 46.4598
7296 7753 47.5967
7296 8106 53.5874
7302 7351 62.3733
7302 8220 85.3114
7307 8304 41.0859
7308 7463 29.2557
7313 7476 70.2273
7313 8504 59.0691
7314 7822 50.1868
7314 8039 63.2076
7317 8344 58.3557
7324 8466 25.6456
7325 7405 41.7465
7327 7585 58.5557
7327 8155 46.1841
7330 7464 63.6486
7330 8136 68.8022
7330 8352 99.4896
7336 7576 28.1267
7337 7448 63.4578
7338 7636 22.5791
7338 8460 60.1379
7341 7799 85.0318
7343 8031 74.3926
7343 8238 31.0539
7344 8328 77.6084
7347 8325 110.359
7347 8422 91.9793
7349 7386 106.353
7349 8497 78.8816
7350 7476 76.5459
7353 7421 45.1777
7355 7957 97.7135
7356 8323 52.5915
7361 8397 15.3603
7364 8349 23.272
7367 8119 24.8182
7369 8461 32.9817
7372 8104 69.1195
7373 8350 93.3149
7375 7755 130.518
7379 8316 39.4288
7379 8346 53.0945
7383 7661 109.157
7383 8510 65.4639
7387 8343 84.7458
7388 7485 38.42
7388 7999 75.3946
7390 7497 51.1725
7390 7521 28.1194
7392 7849 24.9635
7392 8380 43.2222
7394 7885 44.1677
7398 8559 16.3187
7405 7750 54.5691
7406 8214 56.5458
7407 7940 70.2403
7408 7531 50.4771
7408 7815 94.4551
7408 8230 83.8261
7412 7630 40.5213
7412 8089 48.9117
7413 8505 89.34
7417 7579 64.5116
7417 7908 27.0803
7417 8379 29.8448
7418 8550 123.364
7424 7620 90.0724
7424 8049 89.0713
7425 7626 63.9574
7425 8314 78.3854
7426 7915 161.578
7427 8097 49.8518
7427 8537 7.80827
7429 7457 43.0567
7431 8482 114.144
7432 7975 48.8685
7432 8578 65.0508
7435 7452 14.6277
7437 7444 12.7907
7439 7686 26.4649
7439 8540 36.6348
7440 8041 64.1198
7441 8013 44.2732
7446 8157 95.8896
7451 7719 11.7085
7453 7858 93.7168
7455 8566 40.232
7458 8534 30.4447
7459 7680 43.0927
7461 8039 80.7743
7464 8390 56.6945
7469 8442 95.2136
7470 7923 95.8298
7473 7479 79.5861
7478 7543 64.3965
7481 8096 22.0779
7481 8246 38.3059
7482 7815 57.5762
7485 8211 88.0468
7489 8267 66.3649
7494 7727 78.4492
7496 7971 96.3888
7497 7521 64.5901
7499 8023 55.8682
7499 8425 45.5169
7502 8427 10.5972
7505 8471 64.3628
7505 8500 55.2045
7507 8550 68.3359
7508 7861 22.6945
7509 8287 102.953
7511 7637 41.43
7511 8170 34.0139
7516 8267 61.4678
7518 7536 57.9292
7519 7573 40.1742
7523 8085 55.1873
7524 8388 76.9378
7525 8263 53.2226
7525 8411 60.5086
7527 7568 98.8502
7527 8327 77.0023
7535 8134 111.458
7537 7592 60.8235
7537 7672 69.3392
7538 8016 49.9391
7539 7596 53.9661
7540 8502 90.653
7543 7953 53.0491
7553 8216 96.8132
7553 8535 55.6804
7554 8002 64.9674
7555 8267 68.265
7555 8302 66.2541
7558 8012 30.4888
7563 7790 73.7747
7565 7665 47.0433
7565 8147 53.7181
7566 7826 90.0326
7567 7700 13.7978
7567 8467 121.425
7568 8327 37.218
7575 7838 180.512
7580 8464 22.8887
7581 7747 42.305
7582 7713 44.6089
7583 8134 73.265
7586 7885 37.5362
7586 7938 35.4333
7588 8270 102.053
7589 7921 20.6195
7590 8193 23.3865
7592 7672 25.5896
7592 8060 119.83
7595 8580 30.4225
7600 7717 53.63
7600 7847 103.665
7604 8461 48.8016
7607 7924 43.8608
7608 7812 34.6905
7608 8342 37.4839
7609 8372 26.3735
7610 7948 52.5683
7620 8049 52.6174
7637 8170 10.1443
7639 8215 40.7613
7641 7886 67.9073
7643 8513 59.6865
7645 8322 45.0927
7646 7987 101.094
7649 8370 72.6063
7655 8114 91.8978
7656 8185 45.2356
7656 8336 26.9961
7657 8042 69.821
7657 8199 77.0561
7659 8171 34.6037
7659 8528 110.567
7661 8510 7.94221
7665 8147 51.7687
7666 7903 33.4431
7666 8416 101.235
7667 8209 57.7913
7668 7754 42.88
7668 7786 32.665
7671 7827 117.977
7686 8540 11.8859
7688 8107 10.6824
7688 8241 93.6345
7692 7752 48.3599
7693 7703 40.443
7694 7806 57.2466
7698 7874 52.0408
7698 8358 34.4512
7700 7701 36.7103
7702 7926 88.615
7703 7739 60.4562
7705 7892 81.1032
7706 8515 68.5217
7710 8490 87.1232
7710 8577 97.8307
7722 7804 52.622
7722 8130 35.6814
7723 7794 55.094
7723 7989 52.4472
7726 8225 63.1087
7729 8303 58.9815
7731 8386 17.2856
7732 7902 4.38313
7733 7818 50.8634
7733 8094 101.872
7734 8403 75.0867
7735 7986 42.1909
7737 7801 96.6467
7737 7896 78.8223
7740 8472 39.9067
7740 8517 57.8271
7743 8458 67.2443
7752 7771 71.1029
7753 8242 33.343
7754 7786 24.6381
7760 7909 23.0088
7760 8506 15.468
7762 8294 28.3808
7771 8249 12.4421
7778 8118 66.7934
7781 7833 48.0264
7782 7813 31.0182
7785 8496 33.3902
7788 8387 72.9806
7794 8213 68.9903
7796 8007 86.8457
7797 7832 31.8063
7800 7956 78.3208
7801 8049 88.8874
7805 8276 40.3229
7809 8541 67.7903
7810 8123 72.1441
7811 8486 26.6056
7817 8011 66.2064
7822 8039 45.7767
7828 8549 61.1708
7829 7944 116.852
7845 8560 54.0944
7846 8462 54.5806
7847 8542 38.9082
7849 8380 79.4332
7850 7940 87.6643
7851 7892 70.0005
7854 7976 60.124
7858 8025 48.9297
7859 8440 107.335
7861 8131 78.4002
7864 8307 84.9588
7866 8465 105.429
7877 8144 58.9011
7877 8222 70.0436
7882 8208 38.0282
7885 7938 37.1223
7888 8035 52.4232
7893 8274 10.4104
7903 8416 57.5555
7905 8399 66.4716
7908 8379 8.96035
7915 7980 66.5777
7925 8407 36.6118
7926 8399 93.8677
7928 8348 52.6773
7932 8018 48.1142
7935 8056 48.5418
7937 8064 89.937
7941 7988 73.0685
7942 7993 67.3491
7942 8072 67.3439
7942 8146 20.2602
7947 8160 56.7772
7947 8421 45.6453
7954 8383 35.0019
7954 8588 50.6477
7961 8011 46.0337
7962 8395 43.2482
7965 8418 94.6824
7968 8186 42.229
7983 8181 38.2494
7992 8371 52.5201
7997 8516 64.0563
8000 8036 77.2932
8000 8091 75.3988
8015 8259 71.9769
8024 8503 27.8884
8026 8406 117.232
8031 8238 101.612
8033 8552 129.628
8034 8405 46.6599
8036 8091 74.7882
8038 8082 73.8415
8040 8499 2.34487
8042 8199 15.535
8044 8250 56.1814
8047 8154 42.1711
8048 8083 36.7968
8050 8307 111.506
8054 8130 29.4182
8058 8367 64.1925
8066 8141 50.7559
8066 8163 70.525
8067 8139 63.7324
8068 8188 60.6258
8069 8148 46.8288
8069 8359 57.382
8077 8378 39.628
8096 8246 45.6591
8097 8537 59.5402
8103 8442 63.1573
8104 8569 84.6454
8108 8279 121.177
8111 8564 126.011
8114 8516 29.7449
8116 8334 93.4283
8119 8458 76.0509
8129 8538 22.6583
8143 8375 102.854
8144 8459 44.309
8159 8374 64.3244
8176 8257 59.0076
8196 8409 39.0142
8198 8351 58.1593
8200 8277 73.177
8201 8446 65.7276
8213 8524 38.8017
8216 8535 32.3255
8217 8413 90.4565
8219 8295 78.2393
8228 8530 46.7592
8229 8493 22.7988
8244 8291 74.731
8247 8373 36.4477
8247 8584 67.6942
8259 8418 33.7333
8271 8410 68.8555
8282 8396 68.1926
8284 8430 67.1298
8319 8332 2.71202
8322 8338 51.7093
8325 8422 55.5537
8335 8421 42.978
8339 8417 105.079
8363 8572 143.129
8369 8370 87.7294
8373 8584 100.635
8383 8588 36.6688
8427 8525 105.107
8435 8531 15.5998
8462 8529 64.6742
8463 8480 60.1336
8470 8570 25.8249
8474 8569 91.6339
